headword,source_headword_line,pdf_page,printed_page,anchor,head_confidence,persian_ocr_confidence
Sabaean,Sabaean,393,392,sabaean,92.2,0
Sabaism,Sabaism,393,392,sabaism,91.2,0
Sabaist,Sabaist,393,392,sabaist,91.9,0
Sabbatarian,Sabbatarian,393,392,sabbatarian,91.8,0
Sabbatarianism,Sabbatarianism,393,392,sabbatarianism,92.0,0
sabbatic(-al),sabbatic(-al),393,392,sabbatic-al,92.5,73.6
"sabbatical leavedWlbo..:;....,)(o~b ;.))","sabbatical leavedWlbo..:;....,)(o~b ;.))",393,392,sabbatical-leavedwlbo-o-b,58.3,0
Sabbatical year ee (o9@2 cs,Sabbatical year ee (o9@2 cs,393,392,sabbatical-year-ee-o9-2-cs,55.4,69.8
Sabellianlsm,Sabellianlsm,393,392,sabellianlsm,46.4,66.6
sabotage,sabotage,393,392,sabotage,58.7,89.5
saboteur,saboteur,393,392,saboteur,92.2,72.4
sacerdotal als.),sacerdotal als.),393,392,sacerdotal-als,59.3,68.8
sacerdotallsm,sacerdotallsm,393,392,sacerdotallsm,42.3,66.2
sacral,sacral,393,392,sacral,96.4,83.7
sacralization,sacralization,393,392,sacralization,65.1,76.8
sacralization,sacralization,393,392,sacralization-2,65.1,66.1
Sacrament,Sacrament,393,392,sacrament,86.7,49.9
sacramental,sacramental,393,392,sacramental,46.2,67.9
sacramentalism,sacramentalism,393,392,sacramentalism,79.9,86.7
sacramentalism,sacramentalism,393,392,sacramentalism-2,79.9,82.3
sacramentarlan,sacramentarlan,393,392,sacramentarlan,16.6,75.1
sacramentarianlsm,sacramentarianlsm,393,392,sacramentarianlsm,52.3,77.1
Sacra privata (L),Sacra privata (L),393,392,sacra-privata-l,77.5,85.3
Sacra publica (L.),Sacra publica (L.),393,392,sacra-publica-l,81.7,77.6
sacrarlum,sacrarlum,393,392,sacrarlum,36.1,53.9
sacred,sacred,393,392,sacred,27.0,58.8
Sacred College,Sacred College = College of Cardinals,393,392,sacred-college,89.7,0
Sacred College,Sacred College,393,392,sacred-college-2,91.0,72.8
sacredness,sacredness,393,392,sacredness,19.0,3.7
sacred phallus edie,sacred phallus edie,393,392,sacred-phallus-edie,72.6,74.6
sacred society,sacred society,393,392,sacred-society,37.6,44.6
sacred void,sacred void,393,392,sacred-void,52.2,85.8
sacrifice,sacrifice,393,392,sacrifice,14.1,64.0
sacrificial,sacrificial,394,393,sacrificial,48.3,49.1
sacrilege,sacrilege,394,393,sacrilege,32.1,77.6
sacrilegious,sacrilegious,394,393,sacrilegious,42.6,43.9
sacrlleglousness,sacrlleglousness = sacrilege,394,393,sacrlleglousness,91.7,0
sacrosanct,sacrosanct,394,393,sacrosanct,91.7,62.3
sacrosanctity,sacrosanctity,394,393,sacrosanctity,30.7,41.2
sadism,sadism,394,393,sadism,36.1,86.3
sadist N35)...,sadist N35)...,394,393,sadist-n35,58.4,77.6
sadistic,sadistic,394,393,sadistic,19.3,57.9
sadomasochism,sadomasochism,394,393,sadomasochism,47.6,0
sadomasochist,sadomasochist,394,393,sadomasochist,91.4,0
sadomasochist,sadomasochist,394,393,sadomasochist-2,91.4,88.7
Safar (Ar.),Safar (Ar.),394,393,safar-ar,65.7,45.1
safe-conduct,safe-conduct,394,393,safe-conduct,48.3,59.4
safety,safety,394,393,safety,38.7,89.8
safety training,safety training,394,393,safety-training,57.4,75.7
sagacious,sagacious,394,393,sagacious,45.7,89.9
sagaciousness,sagaciousness,394,393,sagaciousness,91.6,0.0
sagacity,sagacity,394,393,sagacity,92.2,91.9
sage,sage,394,393,sage,96.8,68.0
sagehood,sagehood,394,393,sagehood,92.7,71.2
sageness,sageness,394,393,sageness,91.9,91.1
sahib (Ar.),sahib (Ar.),394,393,sahib-ar,33.2,83.0
sailing,sailing,394,393,sailing,32.0,26.7
sailor,sailor,394,393,sailor,56.2,61.2
saint,saint,394,393,saint,45.4,59.8
saintdom,saintdom,394,393,saintdom,45.4,73.9
sainted,sainted,394,393,sainted,43.4,84.0
sainthood,sainthood,394,393,sainthood,54.6,74.0
saintliness,saintliness,394,393,saintliness,33.8,68.8
saintly ily,saintly ily,394,393,saintly-ily,60.4,85.5
salntship,salntship = sainthood,394,393,salntship,96.5,0
Saiva,Saiva,394,393,saiva,0.0,57.9
salability,salability,394,393,salability,41.2,90.2
Salaflsm,Salaflsm,394,393,salaflsm,32.9,66.7
salable,salable,394,393,salable,48.8,74.5
salaried,salaried,394,393,salaried,48.8,44.7
salary,salary,394,393,salary,93.0,51.4
salary scale,salary scale,394,393,salary-scale,51.2,52.9
sale,sale,394,393,sale,41.8,81.8
saleable,saleable = salable,394,393,saleable,96.9,0
Sales attendant Kitty,Sales attendant Kitty,394,393,sales-attendant-kitty,59.0,88.9
salesman,salesman,394,393,salesman,44.0,91.2
salesmanshlp,salesmanshlp,394,393,salesmanshlp,44.0,91.3
salespeople,salespeople,394,393,salespeople,30.1,73.7
saleswoman,saleswoman,394,393,saleswoman,75.3,85.2
Salish,Salish,394,393,salish,75.3,69.2
Sallshan,Sallshan = Salish,394,393,sallshan,62.7,0
salon,salon,394,393,salon,47.2,52.7
salvable Los,salvable Los,394,393,salvable-los,79.4,51.9
Salvadorian,Salvadorian,394,393,salvadorian,79.4,65.5
salvage,salvage,394,393,salvage,64.9,66.1
salvageable,salvageable,394,393,salvageable,14.1,71.4
salvager,salvager,394,393,salvager,26.7,91.3
salvation,salvation,394,393,salvation,26.7,65.3
salvational,salvational,394,393,salvational,75.1,60.7
"Salvation Army GBs, cls","Salvation Army GBs, cls",394,393,salvation-army-gbs-cls,56.7,91.5
salvationlsm,salvationlsm,394,393,salvationlsm,56.7,86.3
salvationlst,salvationlst,394,393,salvationlst,33.6,72.4
sameness,sameness,395,394,sameness,37.6,90.0
"same-sex ~~ ,~","same-sex ~~ ,~",395,394,same-sex,37.6,90.7
same-sex burial,same-sex burial,395,394,same-sex-burial,95.3,86.8
same-sex couples,same-sex couples,395,394,same-sex-couples,48.1,45.8
same-sex marriage,same-sex marriage,395,394,same-sex-marriage,49.5,89.9
samizdat (R.),samizdat (R.),395,394,samizdat-r,90.1,73.1
Samoyed,Samoyed,395,394,samoyed,47.2,79.5
Samoyede,Samoyede = Samoyed,395,394,samoyede,92.7,0
Samoyed,Samoyed,395,394,samoyed-2,96.5,91.7
sample,sample,395,394,sample,49.1,92.0
sample bias,sample bias,395,394,sample-bias,49.1,91.5
sampler,sampler,395,394,sampler,48.3,61.5
sample survey,sample survey,395,394,sample-survey,41.2,69.9
sampling,sampling,395,394,sampling,48.1,50.0
sampling survey,sampling survey,395,394,sampling-survey,49.9,84.9
sampling unit,sampling unit,395,394,sampling-unit,50.3,74.3
samsara,samsara,395,394,samsara,48.8,75.3
samurai,samurai,395,394,samurai,69.0,71.9
sanatarium,sanatarium = sanatorium,395,394,sanatarium,96.4,0
sanatorium (L.) oki),sanatorium (L.) oki),395,394,sanatorium-l-oki,61.4,70.1
sanbenito (Sp.),sanbenito (Sp.),395,394,sanbenito-sp,75.7,76.7
sanctification,sanctification,395,394,sanctification,34.8,29.9
sanctifier,sanctifier,395,394,sanctifier,38.7,76.4
"sanctimonious ...,, i..'-""'~","sanctimonious ...,, i..'-""'~",395,394,sanctimonious-i,33.2,39.6
sanctimoniousness,sanctimoniousness,395,394,sanctimoniousness,91.5,43.3
sanctimony,sanctimony,395,394,sanctimony,35.2,86.5
sanction,sanction,395,394,sanction,59.2,66.2
sanctioned,sanctioned,395,394,sanctioned,39.1,67.6
sanctity,sanctity,395,394,sanctity,28.0,80.1
sanctuary,sanctuary,395,394,sanctuary,96.2,69.0
sanctum,sanctum,395,394,sanctum,44.8,68.8
sanctum sanctorum (L.),sanctum sanctorum (L.),395,394,sanctum-sanctorum-l,92.1,57.8
sandhi (Skt.),sandhi (Skt.),395,394,sandhi-skt,37.4,87.7
sane,sane,395,394,sane,76.6,78.9
sanguinary,sanguinary,395,394,sanguinary,32.5,77.8
sanguine,sanguine,395,394,sanguine,50.0,68.3
sanguineness .r,sanguineness .r,395,394,sanguineness-r,52.9,86.7
sanitarian,sanitarian,395,394,sanitarian,27.3,90.1
sanitarium (L.),sanitarium (L.),395,394,sanitarium-l,49.4,89.5
sanitary,sanitary,395,394,sanitary,44.3,92.0
sanitary engineer,sanitary engineer,395,394,sanitary-engineer,38.2,91.5
sanitary engineering,sanitary engineering,395,394,sanitary-engineering,49.5,87.0
Sanitation,Sanitation,395,394,sanitation,89.4,0
sanitized,sanitized,395,394,sanitized,96.9,0
sanitizing,sanitizing,395,394,sanitizing,33.1,92.1
sanity,sanity,395,394,sanity,31.9,82.3
sansculotte,sansculotte,395,394,sansculotte,43.4,71.6
sansculottlc,sansculottlc,395,394,sansculottlc,15.9,75.1
sansculottlsm,sansculottlsm,395,394,sansculottlsm,42.6,65.7
Sanskritic,Sanskritic,396,395,sanskritic,40.9,90.7
Sanskritist,Sanskritist,396,395,sanskritist,48.3,88.8
Sapphic,Sapphic,396,395,sapphic,26.7,52.1
Sapphism,Sapphism,396,395,sapphism,26.7,33.5
Saracen,Saracen,396,395,saracen,40.7,62.7
Sarcasm,Sarcasm,396,395,sarcasm,56.3,59.3
sarcastic,sarcastic,396,395,sarcastic,56.3,43.3
sardonic,sardonic,396,395,sardonic,46.0,65.2
sardonicism,sardonicism,396,395,sardonicism,37.1,74.0
Sassanian,Sassanian,396,395,sassanian,91.6,0
"Sassanid ll,","Sassanid ll,",396,395,sassanid-ll,64.4,51.9
Sassanide,Sassanide = Sassanid,396,395,sassanide,64.4,0
Satan,Satan,396,395,satan,60.7,81.9
Satanic(-al),Satanic(-al),396,395,satanic-al,29.8,89.3
satanic cult Spolat,satanic cult Spolat,396,395,satanic-cult-spolat,69.7,63.8
satanic image,satanic image,396,395,satanic-image,60.8,62.1
Satanism,Satanism,396,395,satanism,96.4,62.2
Satanist,Satanist,396,395,satanist,31.0,90.0
satellite,satellite,396,395,satellite,31.0,76.8
Satellite town athe Se,Satellite town athe Se,396,395,satellite-town-athe-se,64.2,69.4
satem,satem,396,395,satem,45.1,57.0
satiate,satiate,396,395,satiate,47.8,76.7
Satiation,Satiation,396,395,satiation,92.5,67.9
satiety,satiety,396,395,satiety,48.3,69.0
satire,satire,396,395,satire,39.2,50.8
satiric(-al),satiric(-al),396,395,satiric-al,90.5,74.3
satirist '<..r!.~~~,satirist '<..r!.~~~,396,395,satirist-r,22.1,67.1
satirizing GSS,satirizing GSS,396,395,satirizing-gss,58.6,51.4
satisfaction,satisfaction,396,395,satisfaction,31.8,86.4
satisfying,satisfying,396,395,satisfying,34.4,89.0
"satori •,sJ,;L., .;.,l.9 r","satori •,sJ,;L., .;.,l.9 r",396,395,satori-sj-l-l-9-r,61.5,0
satrap,satrap,396,395,satrap,39.2,71.5
satrapy,satrapy,396,395,satrapy,74.9,85.0
saturated,saturated,396,395,saturated,43.4,57.9
saturating,saturating,396,395,saturating,33.8,29.9
saturation,saturation,396,395,saturation,33.8,57.9
saturnalia,saturnalia,396,395,saturnalia,43.1,70.3
saturnalian,saturnalian,396,395,saturnalian,13.5,64.2
Saturnian,Saturnian,396,395,saturnian,43.7,82.2
satyagraha (Skt.),satyagraha (Skt.),396,395,satyagraha-skt,53.0,71.8
satyr,satyr,396,395,satyr,34.4,78.8
satyriasis,satyriasis,396,395,satyriasis,25.3,80.2
satyric,satyric,396,395,satyric,18.8,86.4
satyr play,satyr play,396,395,satyr-play,36.7,81.3
savage,savage,396,395,savage,20.0,71.4
savagery,savagery,396,395,savagery,44.3,76.0
savant,savant,396,395,savant,12.4,90.6
savings,savings,396,395,savings,46.7,66.2
savings bank jlul~ Gl,savings bank jlul~ Gl,397,396,savings-bank-jlul-gl,67.4,61.8
savings ratio,savings ratio,397,396,savings-ratio,57.5,69.2
savior [S-) .r,savior [S-) .r,397,396,savior-s-r,37.4,56.4
saviour,saviour = savior,397,396,saviour,96.4,0
Saxon,Saxon,397,396,saxon,78.2,76.9
Saxonlsm,Saxonlsm,397,396,saxonlsm,28.1,68.7
scab,scab,397,396,scab,21.3,69.6
scalability Gres,scalability Gres,397,396,scalability-gres,67.9,70.0
scalable pies,scalable pies,397,396,scalable-pies,72.1,75.1
scalar,scalar,397,396,scalar,67.2,40.1
scalar analysis,scalar analysis,397,396,scalar-analysis,71.1,67.2
scale,scale,397,396,scale,38.7,88.3
scale of measurement,scale of measurement,397,396,scale-of-measurement,96.5,84.2
scale value Glare,scale value Glare,397,396,scale-value-glare,68.6,76.1
scaling,scaling,397,396,scaling,47.6,60.7
scandal,scandal,397,396,scandal,37.1,75.0
scandalization,scandalization,397,396,scandalization,92.0,59.7
scandalous,scandalous,397,396,scandalous,92.0,55.3
scandalousness,scandalousness,397,396,scandalousness,15.8,79.9
"scandal sheet aslglw,","scandal sheet aslglw,",397,396,scandal-sheet-aslglw,74.5,82.6
Scandlan,Scandlan,397,396,scandlan,33.8,86.2
Scandinavian,Scandinavian,397,396,scandinavian,26.3,62.2
scansion,scansion,397,396,scansion,57.2,84.4
scapegoat,scapegoat,397,396,scapegoat,48.4,40.6
scarcity,scarcity,397,396,scarcity,54.6,89.4
scarcity value,scarcity value,397,396,scarcity-value,52.7,90.3
scatter,scatter,397,396,scatter,96.2,0
scatterbrain,scatterbrain,397,396,scatterbrain,46.2,7.8
scatter diagram,scatter diagram,397,396,scatter-diagram,90.5,0
scenario,scenario,397,396,scenario,45.8,72.3
scenarist,scenarist,397,396,scenarist,45.8,69.3
scene,scene,397,396,scene,35.9,76.1
scenery,scenery,397,396,scenery,14.2,75.3
scepter,scepter,397,396,scepter,14.2,80.1
sceptic,sceptic,397,396,sceptic,47.4,77.9
sceptical,sceptical,397,396,sceptical,30.9,74.4
scepticism,scepticism,397,396,scepticism,20.6,90.5
sceptre,sceptre = scepter,397,396,sceptre,94.7,77.5
scheduled,scheduled,397,396,scheduled,77.9,56.4
scheduling,scheduling,397,396,scheduling,20.1,61.0
schema,schema,397,396,schema,28.7,74.6
schematic,schematic,397,396,schematic,20.9,66.9
schematism,schematism,397,396,schematism,73.3,82.4
schematlzatlon,schematlzatlon,397,396,schematlzatlon,34.0,74.2
scheme,scheme,397,396,scheme,85.6,80.7
schism,schism,397,396,schism,46.5,55.3
schismatic,schismatic,397,396,schismatic,46.5,90.8
schizoaffective disorder,schizoaffective disorder,397,396,schizoaffective-disorder,92.3,77.8
schizoid,schizoid,397,396,schizoid,26.0,73.5
schizophrene,schizophrene,397,396,schizophrene,26.4,76.7
schizophrenia,schizophrenia,397,396,schizophrenia,70.3,77.9
schizophrenic,schizophrenic,397,396,schizophrenic,32.4,56.8
schizophrenic reaction,schizophrenic reaction,397,396,schizophrenic-reaction,96.7,76.3
schizophreniform,schizophreniform,398,397,schizophreniform,53.8,77.7
schizophrenogenic,schizophrenogenic,398,397,schizophrenogenic,36.3,74.1
schizophrenogenic parent,schizophrenogenic parent,398,397,schizophrenogenic-parent,94.5,76.0
schlzothymla,schlzothymla,398,397,schlzothymla,42.9,43.0
schizothymlc,schizothymlc,398,397,schizothymlc,50.6,90.6
schizotypal,schizotypal,398,397,schizotypal,33.8,83.8
schlzotype,schlzotype,398,397,schlzotype,53.9,85.4
schizotypy,schizotypy,398,397,schizotypy,53.9,57.3
scholar,scholar,398,397,scholar,26.4,53.9
scholarshlp,scholarshlp,398,397,scholarshlp,19.3,78.9
scholastic,scholastic,398,397,scholastic,40.7,58.5
scholastic aptitude,scholastic aptitude,398,397,scholastic-aptitude,59.6,86.9
scholastlclsm,scholastlclsm,398,397,scholastlclsm,40.4,71.0
scholastic theology AW ele,scholastic theology AW ele,398,397,scholastic-theology-aw-ele,79.6,86.1
scholiast [ r.,scholiast [ r.,398,397,scholiast-r,7.7,79.6
scholium (Gr.),scholium (Gr.),398,397,scholium-gr,7.7,63.5
school,school,398,397,school,37.8,80.4
school age,school age,398,397,school-age,54.5,79.8
school age population,school age population,398,397,school-age-population,58.7,63.8
school board (lA.),school board (lA.),398,397,school-board-la,51.7,78.3
schoolbook,schoolbook,398,397,schoolbook,51.7,43.0
schoolboy,schoolboy,398,397,schoolboy,35.4,83.4
schoolchild,schoolchild,398,397,schoolchild,42.8,71.9
school committee oS2jgc),school committee oS2jgc),398,397,school-committee-os2jgc,63.3,70.0
schooldays,schooldays,398,397,schooldays,96.3,77.7
school edition,school edition,398,397,school-edition,89.8,83.8
schoolfellow,schoolfellow,398,397,schoolfellow,17.3,90.4
schoolglrl,schoolglrl,398,397,schoolglrl,45.3,73.9
schoolhouse,schoolhouse,398,397,schoolhouse,45.3,89.9
"schooling ,....,J.l.o","schooling ,....,J.l.o",398,397,schooling-j-l-o,44.8,68.6
schoolman,schoolman,398,397,schoolman,54.2,73.8
schoolmaster ples,schoolmaster ples,398,397,schoolmaster-ples,64.5,59.7
schoolmate,schoolmate,398,397,schoolmate,42.5,88.5
schoolmlstress .r,schoolmlstress .r,398,397,schoolmlstress-r,49.6,39.7
schoolphobla,schoolphobla,398,397,schoolphobla,37.2,91.4
school psychology,school psychology,398,397,school-psychology,41.2,79.2
school refusal,school refusal,398,397,school-refusal,45.3,63.4
schoolroom,schoolroom,398,397,schoolroom,34.2,11.0
schoolteacher,schoolteacher,398,397,schoolteacher,34.2,79.5
schoolwork,schoolwork,398,397,schoolwork,44.4,84.2
school year,school year,398,397,school-year,60.0,89.6
science we,science we,398,397,science-we,83.7,0.0
science education,science education,398,397,science-education,31.8,63.2
science fiction,science fiction,398,397,science-fiction,50.8,87.9
science of man,science of man,398,397,science-of-man,61.2,76.4
science of nature orek ple,science of nature orek ple,398,397,science-of-nature-orek-ple,75.5,88.2
science of society ancl> ple,science of society ancl> ple,398,397,science-of-society-ancl-ple,69.2,91.7
sclentlal,sclentlal,398,397,sclentlal,23.5,80.3
scientific,scientific,398,397,scientific,29.8,86.9
scientlficallsm,scientlficallsm,398,397,scientlficallsm,29.8,75.9
scientific attitude,scientific attitude,398,397,scientific-attitude,49.6,91.5
scientific cognition lees,scientific cognition lees,398,397,scientific-cognition-lees,60.8,72.3
scientific empiricism,scientific empiricism,398,397,scientific-empiricism,47.7,76.2
scientific humanism,scientific humanism,398,397,scientific-humanism,53.2,80.2
scientific Induction,scientific Induction,398,397,scientific-induction,49.7,73.5
scientific knowledge,scientific knowledge,398,397,scientific-knowledge,54.2,90.7
scientific law,scientific law,399,398,scientific-law,96.2,0
scientific management,scientific management,399,398,scientific-management,96.5,0
scientific manpower ~,scientific manpower ~,399,398,scientific-manpower,43.0,55.6
"scientific method “Gale cg,","scientific method “Gale cg,",399,398,scientific-method-gale-cg,68.7,50.3
scientific rmsconduct,scientific rmsconduct,399,398,scientific-rmsconduct,34.9,64.2
scientific naturalism,scientific naturalism,399,398,scientific-naturalism,96.7,88.4
scientific nescience cele a>,scientific nescience cele a>,399,398,scientific-nescience-cele-a,73.0,86.6
scientific outlook gales,scientific outlook gales,399,398,scientific-outlook-gales,68.2,34.2
scientific prevision cole Geuty,scientific prevision cole Geuty,399,398,scientific-prevision-cole-geuty,62.6,76.2
scientific register cele plisyl;,scientific register cele plisyl;,399,398,scientific-register-cele-plisyl,59.9,85.2
scientific socialism,scientific socialism,399,398,scientific-socialism,64.4,0.0
scientlsm,scientlsm,399,398,scientlsm,45.5,42.2
scientist,scientist,399,398,scientist,45.5,57.4
scientlstic,scientlstic,399,398,scientlstic,51.8,20.3
sclollsm,sclollsm,399,398,sclollsm,44.8,90.6
sclolist,sclolist,399,398,sclolist,47.6,87.7
sclolistic,sclolistic,399,398,sclolistic,47.6,58.0
scion,scion,399,398,scion,33.3,89.1
sclosophy,sclosophy,399,398,sclosophy,30.5,66.6
scope,scope,399,398,scope,34.5,84.2
scopophlle,scopophlle,399,398,scopophlle,34.5,91.1
scopophllia,scopophllia,399,398,scopophllia,41.1,69.0
scopophillac,scopophillac,399,398,scopophillac,41.1,90.6
scopophlllc,scopophlllc,399,398,scopophlllc,30.9,47.2
scopophillst,scopophillst,399,398,scopophillst,57.0,75.5
scopophobia,scopophobia,399,398,scopophobia,45.6,71.1
scorched earth policy,scorched earth policy,399,398,scorched-earth-policy,96.4,67.8
Scot,Scot,399,398,scot,41.2,88.1
Scotch,Scotch,399,398,scotch,48.2,90.9
Scotch-lrlsh,Scotch-lrlsh,399,398,scotch-lrlsh,48.2,73.6
Scotchman,Scotchman,399,398,scotchman,48.1,90.7
Scotlsm,Scotlsm,399,398,scotlsm,48.1,51.2
scotomization,scotomization,399,398,scotomization,85.9,51.0
scotophobla,scotophobla,399,398,scotophobla,43.4,56.3
Scotsman,Scotsman,399,398,scotsman,96.7,90.8
Scotticism,Scotticism,399,398,scotticism,30.8,78.7
Scottish,Scottish,399,398,scottish,47.3,92.1
scout,scout,399,398,scout,21.4,70.9
scouting,scouting,399,398,scouting,21.4,88.4
scoutmaster,scoutmaster,399,398,scoutmaster,34.3,0
screening,screening,399,398,screening,50.3,53.3
screen memory,screen memory,399,398,screen-memory,43.4,62.3
screenplay,screenplay,399,398,screenplay,95.2,48.6
screenwriter,screenwriter,399,398,screenwriter,95.2,88.1
scribe,scribe,399,398,scribe,21.6,65.1
scrip,scrip,399,398,scrip,26.0,92.0
scripophilist,scripophilist,399,398,scripophilist,33.7,91.4
scripophily,scripophily,399,398,scripophily,29.6,88.8
script,script,399,398,script,29.6,78.7
scriptible text,scriptible text,399,398,scriptible-text,40.4,89.0
scriptor,scriptor,399,398,scriptor,33.2,72.2
scriptorial,scriptorial,399,398,scriptorial,34.0,90.6
scriptorium (L.),scriptorium (L.),399,398,scriptorium-l,44.4,91.0
scriptural,scriptural,399,398,scriptural,50.5,58.0
Scripture,Scripture,399,398,scripture,31.9,64.2
scriptwriter,scriptwriter,399,398,scriptwriter,35.0,88.9
scrivener,scrivener,399,398,scrivener,20.3,47.0
scrutiny,scrutiny,399,398,scrutiny,20.3,68.5
Sculptor,Sculptor,399,398,sculptor,76.5,39.7
sculptress,sculptress,399,398,sculptress,36.2,62.1
sculptural,sculptural,399,398,sculptural,36.2,89.5
sculptural decoration ei ys],sculptural decoration ei ys],400,399,sculptural-decoration-ei-ys,73.6,71.7
sculpture,sculpture,400,399,sculpture,45.4,65.1
sculpture in the round,sculpture in the round,400,399,sculpture-in-the-round,95.8,77.9
Scythlan,Scythlan,400,399,scythlan,70.2,84.8
Scytho-Dravidian,Scytho-Dravidian,400,399,scytho-dravidian,46.1,79.4
"seaborne sjk,>","seaborne sjk,>",400,399,seaborne-sjk,55.7,60.0
seafarer,seafarer,400,399,seafarer,44.5,38.4
seafaring,seafaring,400,399,seafaring,47.2,86.8
seaman,seaman,400,399,seaman,48.2,88.9
seamanship 3b.,seamanship 3b.,400,399,seamanship-3b,56.1,91.1
"seasonal employment _..a3.5,3,15(31_","seasonal employment _..a3.5,3,15(31_",400,399,seasonal-employment-a3-5-3-15-31,62.1,67.7
seasonal migration laicjeke,seasonal migration laicjeke,400,399,seasonal-migration-laicjeke,66.8,62.6
seasonal nomadism chai gS,seasonal nomadism chai gS,400,399,seasonal-nomadism-chai-gs,58.0,90.4
seasonal unemployment,seasonal unemployment,400,399,seasonal-unemployment,40.8,85.3
seasonal variations,seasonal variations,400,399,seasonal-variations,90.6,66.4
seat,seat,400,399,seat,43.1,75.3
secession,secession,400,399,secession,43.8,4.0
"secondary 0:,-; ,u,,-4;.:> .\","secondary 0:,-; ,u,,-4;.:> .\",400,399,secondary-0-u-4,37.0,61.4
secondary data,secondary data,400,399,secondary-data,62.5,78.5
secondary education,secondary education,400,399,secondary-education,88.9,63.8
secondary elaboration il>yjb (ly,secondary elaboration il>yjb (ly,400,399,secondary-elaboration-il-yjb-ly,61.8,82.7
secondary gain,secondary gain,400,399,secondary-gain,67.4,81.1
secondary group e899,secondary group e899,400,399,secondary-group-e899,61.0,72.8
secondary needs,secondary needs,400,399,secondary-needs,55.7,73.9
secondary personality,secondary personality,400,399,secondary-personality,82.1,0
secondary process,secondary process,400,399,secondary-process,50.7,68.1
secondary quality,secondary quality,400,399,secondary-quality,49.3,46.6
secondary reinforcement,secondary reinforcement,400,399,secondary-reinforcement,82.3,89.2
secondary relatives,secondary relatives,400,399,secondary-relatives,79.9,69.3
secondary school bass,secondary school bass,400,399,secondary-school-bass,61.3,89.1
Secondary sex characteristics,Secondary sex characteristics,400,399,secondary-sex-characteristics,79.3,70.3
second childhood,second childhood,400,399,second-childhood,35.5,67.1
Second Coming,Second Coming,400,399,second-coming,93.7,65.0
second language,second language,400,399,second-language,40.5,68.6
second nature ggecak,second nature ggecak,400,399,second-nature-ggecak,64.0,35.1
second secretary,second secretary,400,399,second-secretary,95.1,81.4
second thought,second thought,400,399,second-thought,52.6,67.8
secretariat,secretariat,400,399,secretariat,51.6,85.5
secretary met,secretary met,400,399,secretary-met,57.5,78.9
secretary-general,secretary-general,400,399,secretary-general,37.8,78.7
"secret ballot wie gl,","secret ballot wie gl,",400,399,secret-ballot-wie-gl,72.0,77.6
secretiveness,secretiveness,400,399,secretiveness,36.1,90.7
Secret partner hy Ss,Secret partner hy Ss,400,399,secret-partner-hy-ss,56.9,54.9
"secret police ite gal,","secret police ite gal,",400,399,secret-police-ite-gal,63.1,86.3
secret service,secret service,400,399,secret-service,60.7,77.6
secret society ley geal,secret society ley geal,400,399,secret-society-ley-geal,67.3,67.8
sectarian,sectarian,401,400,sectarian,33.0,69.2
sectarianism,sectarianism,401,400,sectarianism,81.4,87.1
sectary,sectary,401,400,sectary,49.0,84.4
section,section,401,400,section,32.4,82.1
sectional,sectional,401,400,sectional,51.0,62.7
sectionalism,sectionalism,401,400,sectionalism,25.3,76.3
sectlonallst,sectlonallst,401,400,sectlonallst,53.2,75.9
sectionalizatlon,sectionalizatlon,401,400,sectionalizatlon,53.2,59.8
"section head oyl ous,","section head oyl ous,",401,400,section-head-oyl-ous,61.5,66.3
sector,sector,401,400,sector,37.0,67.4
sector la I,sector la I,401,400,sector-la-i,37.0,90.6
sectorial economy,sectorial economy,401,400,sectorial-economy,31.0,67.0
sector plan,sector plan,401,400,sector-plan,95.5,0
secular,secular,401,400,secular,96.6,73.9
secular humanism,secular humanism,401,400,secular-humanism,96.6,53.6
secular humanist olj>-la>-,secular humanist olj>-la>-,401,400,secular-humanist-olj-la,57.1,68.4
secularism,secularism,401,400,secularism,72.3,70.9
secularlst,secularlst,401,400,secularlst,49.0,69.5
secularlstlc,secularlstlc,401,400,secularlstlc,39.5,71.3
secularity,secularity,401,400,secularity,70.8,47.0
secularizatlon,secularizatlon,401,400,secularizatlon,35.6,54.0
secular mysticism,secular mysticism,401,400,secular-mysticism,96.3,0
secular trend,secular trend,401,400,secular-trend,62.5,70.1
secundum quid (L.) slo:,secundum quid (L.) slo:,401,400,secundum-quid-l-slo,72.5,84.0
secure,secure,401,400,secure,36.7,65.0
securities,securities,401,400,securities,48.0,88.4
security,security,401,400,security,48.0,68.5
Security Council,Security Council,401,400,security-council,51.7,57.4
security guard elo,security guard elo,401,400,security-guard-elo,75.4,65.6
securocrat,securocrat,401,400,securocrat,72.4,42.2
sedentarlness,sedentarlness,401,400,sedentarlness,35.0,36.9
sedentary,sedentary,401,400,sedentary,48.0,69.2
sedentary job,sedentary job,401,400,sedentary-job,47.1,70.9
sedition,sedition,401,400,sedition,65.7,89.2
"sedltionlst J,-.:,","sedltionlst J,-.:,",401,400,sedltionlst-j,38.6,88.5
seditious,seditious,401,400,seditious,45.5,62.7
seditiousness,seditiousness,401,400,seditiousness,22.7,82.1
seducement,seducement,401,400,seducement,67.5,79.9
seducer,seducer,401,400,seducer,67.5,56.8
seduction,seduction,401,400,seduction,20.2,90.7
seductive,seductive,401,400,seductive,,0
seductiveness,seductiveness,401,400,seductiveness,,0
see,see,401,400,see,89.5,0
seeming,seeming,401,400,seeming,96.4,9.2
seeress,seeress,402,401,seeress,43.2,91.0
segment .r ~,segment .r ~,402,401,segment-r,52.9,36.2
segmental,segmental,402,401,segmental,34.8,68.3
segmental phonology,segmental phonology,402,401,segmental-phonology,95.5,63.4
segmentary,segmentary = segmental,402,401,segmentary,88.0,0
segmentation,segmentation,402,401,segmentation,46.3,54.1
segmented,segmented,402,401,segmented,96.3,80.4
segregation,segregation,402,401,segregation,48.0,60.1
segregationist,segregationist,402,401,segregationist,18.1,61.9
segregative,segregative,402,401,segregative,92.8,55.3
seicento (ltal.),seicento (ltal.),402,401,seicento-ltal,61.7,74.1
seigneur,seigneur = seignior,402,401,seigneur,91.3,0
seignior,seignior,402,401,seignior,32.8,63.2
"seigniorage ol)! se,","seigniorage ol)! se,",402,401,seigniorage-ol-se,67.1,52.2
seigniorial,seigniorial,402,401,seigniorial,67.1,86.0
seigniory,seigniory,402,401,seigniory,30.1,70.8
seizure,seizure,402,401,seizure,48.3,69.3
select,select,402,401,select,45.7,47.3
selectee,selectee,402,401,selectee,49.2,54.7
selecting,selecting,402,401,selecting,32.3,68.0
selection,selection,402,401,selection,54.5,59.0
selective,selective,402,401,selective,96.9,0
selective adaptation,selective adaptation,402,401,selective-adaptation,89.6,86.4
selective attention,selective attention,402,401,selective-attention,49.4,87.8
selective learning Aa snd,selective learning Aa snd,402,401,selective-learning-aa-snd,56.1,82.8
selective mutism,selective mutism,402,401,selective-mutism,49.5,64.3
selectiveness,selectiveness,402,401,selectiveness,46.5,23.8
selectivity ray,selectivity ray,402,401,selectivity-ray,60.1,79.3
selectness,selectness,402,401,selectness,60.1,27.4
selector sas,selector sas,402,401,selector-sas,77.4,51.0
self,self,402,401,self,46.8,61.5
self-abandoned,self-abandoned,402,401,self-abandoned,43.4,31.6
self-abandonment,self-abandonment,402,401,self-abandonment,23.6,38.0
self-abasement,self-abasement,402,401,self-abasement,4.3,40.0
self-abnegating,self-abnegating,402,401,self-abnegating,50.9,29.0
"self-abnegation ~~-.),,.._)","self-abnegation ~~-.),,.._)",402,401,self-abnegation,50.9,83.1
self-absorbed,self-absorbed,402,401,self-absorbed,33.6,71.5
self-absorption,self-absorption,402,401,self-absorption,90.3,74.3
self-abuse,self-abuse,402,401,self-abuse,44.7,89.5
self-acceptance,self-acceptance,402,401,self-acceptance,49.4,27.3
self-accusation,self-accusation,402,401,self-accusation,44.8,85.9
Self-active,Self-active,402,401,self-active,82.7,89.6
self-activity,self-activity,402,401,self-activity,49.8,91.2
self-actualization,self-actualization,402,401,self-actualization,25.9,90.9
self-affirmation,self-affirmation,402,401,self-affirmation,28.4,52.9
self-aggrandizement,self-aggrandizement,402,401,self-aggrandizement,25.7,73.3
Self-aggrandizing MEAS),Self-aggrandizing MEAS),402,401,self-aggrandizing-meas,58.6,33.5
self-alienation,self-alienation,402,401,self-alienation,48.0,54.1
self-analysis,self-analysis,402,401,self-analysis,43.2,89.5
self-analytic(-al),self-analytic(-al),402,401,self-analytic-al,36.3,50.8
self-annlhilatlon,self-annlhilatlon,402,401,self-annlhilatlon,31.5,68.1
self-apotheosis,self-apotheosis,402,401,self-apotheosis,31.5,29.4
self-appointed,self-appointed,402,401,self-appointed,50.8,0
self-appraisal,self-appraisal,402,401,self-appraisal,49.7,81.9
self-asserting,self-asserting,402,401,self-asserting,46.1,62.1
self-assertion,self-assertion,402,401,self-assertion,44.8,66.0
self-assertive .r,self-assertive .r,402,401,self-assertive-r,40.3,71.1
selt-asslstance,selt-asslstance,402,401,selt-asslstance,10.3,91.3
self-assurance,self-assurance,403,402,self-assurance,43.9,84.1
self-assured,self-assured,403,402,self-assured,69.1,69.4
self-aware,self-aware,403,402,self-aware,50.2,62.3
self-awareness,self-awareness,403,402,self-awareness,34.4,82.0
self-censorship,self-censorship,403,402,self-censorship,95.2,79.7
self-centered,self-centered,403,402,self-centered,32.1,70.1
self-centeredness,self-centeredness,403,402,self-centeredness,35.1,63.9
self-clarification Gigs,self-clarification Gigs,403,402,self-clarification-gigs,55.3,79.9
self-command,self-command,403,402,self-command,43.6,89.9
self-competition,self-competition,403,402,self-competition,44.9,88.9
self-complacency,self-complacency,403,402,self-complacency,46.0,2.8
self-complacent,self-complacent,403,402,self-complacent,40.7,46.8
self-concentration,self-concentration,403,402,self-concentration,48.4,55.6
self-concept,self-concept,403,402,self-concept,48.3,16.2
self-conception,self-conception,403,402,self-conception,48.3,40.1
self-concern,self-concern,403,402,self-concern,26.1,87.9
self-concerned,self-concerned,403,402,self-concerned,91.4,45.7
self-confessed,self-confessed,403,402,self-confessed,48.1,65.3
self-confidence ol s,self-confidence ol s,403,402,self-confidence-ol-s,59.9,45.7
self-confident asl,self-confident asl,403,402,self-confident-asl,72.5,91.8
self-conscious,self-conscious,403,402,self-conscious,41.4,47.3
self-consciousness,self-consciousness,403,402,self-consciousness,45.6,74.5
self-consistency,self-consistency,403,402,self-consistency,83.0,92.5
Self-consistent,Self-consistent,403,402,self-consistent,94.0,84.0
self-constituted,self-constituted,403,402,self-constituted,92.5,89.7
"self-constituting jlo,","self-constituting jlo,",403,402,self-constituting-jlo,55.1,66.6
self-consumption,self-consumption,403,402,self-consumption,91.7,71.5
self-contained,self-contained,403,402,self-contained,43.6,69.2
self-containment,self-containment,403,402,self-containment,8.9,89.9
self-contemplation,self-contemplation,403,402,self-contemplation,57.5,83.7
self-contemplatlve,self-contemplatlve,403,402,self-contemplatlve,31.6,81.9
self-content,self-content,403,402,self-content,45.6,68.8
self-contentment,self-contentment,403,402,self-contentment,8.0,11.3
"self-contradlctlon..sµ.:,s>","self-contradlctlon..sµ.:,s>",403,402,self-contradlctlon-s-s,8.3,92.3
self-contradictory,self-contradictory,403,402,self-contradictory,45.2,68.0
self-control,self-control,403,402,self-control,28.6,88.4
self-controlled,self-controlled,403,402,self-controlled,11.9,87.9
self-convinced,self-convinced,403,402,self-convinced,19.7,91.5
self-created,self-created,403,402,self-created,18.8,85.4
self-creating,self-creating,403,402,self-creating,26.8,60.7
self-creation,self-creation,403,402,self-creation,12.3,90.6
self-crltlcal,self-crltlcal,403,402,self-crltlcal,41.2,60.7
self-criticism,self-criticism,403,402,self-criticism,57.3,85.4
self-cultlvatlon,self-cultlvatlon,403,402,self-cultlvatlon,32.7,50.7
self-deceit,self-deceit,403,402,self-deceit,24.3,91.1
self-deceiving,self-deceiving,403,402,self-deceiving,23.0,63.0
self-deception,self-deception,403,402,self-deception,32.5,91.4
self-deceptive,self-deceptive,403,402,self-deceptive,7.6,83.9
self-defeating,self-defeating,403,402,self-defeating,15.1,88.3
self-defense,self-defense,403,402,self-defense,81.9,91.9
self-defining,self-defining,403,402,self-defining,81.9,72.5
self-delight,self-delight,403,402,self-delight,27.5,62.1
self-deliberation,self-deliberation,403,402,self-deliberation,30.1,79.3
self-denial,self-denial,403,402,self-denial,79.1,59.1
"self-denying ,J-5.::.....;,4)","self-denying ,J-5.::.....;,4)",403,402,self-denying-j-5-4,42.9,86.9
self-dependence,self-dependence,403,402,self-dependence,4.6,75.4
self-dependent,self-dependent,403,402,self-dependent,45.1,40.6
self-deprecating,self-deprecating,403,402,self-deprecating,48.0,50.9
Self-deprecatory,Self-deprecatory,403,402,self-deprecatory,74.1,76.6
self-depreciation,self-depreciation,404,403,self-depreciation,33.7,78.7
self-description,self-description,404,403,self-description,87.2,75.4
self-desensitization,self-desensitization,404,403,self-desensitization,91.8,80.8
self-destruction,self-destruction,404,403,self-destruction,45.5,66.5
self-destructive Sysop.),self-destructive Sysop.),404,403,self-destructive-sysop,57.6,43.7
self-destructiveness,self-destructiveness,404,403,self-destructiveness,90.6,0
self-determination,self-determination,404,403,self-determination,90.8,72.2
self-determined,self-determined,404,403,self-determined,32.4,75.7
self-development,self-development,404,403,self-development,91.0,0
"self-devotedness J.) r.->J.) ,J.) ~;-:,","self-devotedness J.) r.->J.) ,J.) ~;-:,",404,403,self-devotedness-j-r-j-j,11.3,0
self-devotion,self-devotion,404,403,self-devotion,29.7,89.3
self-directed,self-directed,404,403,self-directed,34.8,54.8
self-directing Ghd,self-directing Ghd,404,403,self-directing-ghd,59.1,90.9
self-directing Ghd,self-directing Ghd,404,403,self-directing-ghd-2,59.1,91.7
self-discipline,self-discipline,404,403,self-discipline,96.3,84.4
self-discovery,self-discovery,404,403,self-discovery,35.2,87.8
self-distrust,self-distrust,404,403,self-distrust,44.9,77.7
self-distrustful,self-distrustful,404,403,self-distrustful,45.1,80.7
self-doubt,self-doubt,404,403,self-doubt,48.4,62.2
self-doubting,self-doubting,404,403,self-doubting,90.6,43.4
self-dynamism,self-dynamism,404,403,self-dynamism,90.1,0
self-edification,self-edification,404,403,self-edification,92.3,0
self-educated,self-educated,404,403,self-educated,91.6,0
self-education,self-education,404,403,self-education,96.2,0
self-effacement,self-effacement,404,403,self-effacement,92.4,0
self-effacing,self-effacing,404,403,self-effacing,96.1,0
self-employed,self-employed,404,403,self-employed,95.7,0
self-employed,self-employed,404,403,self-employed-2,95.7,57.6
self-enclosed,self-enclosed,404,403,self-enclosed,18.3,85.7
self-enhancement,self-enhancement,404,403,self-enhancement,91.7,87.4
self-enrichment,self-enrichment,404,403,self-enrichment,25.2,85.8
self-esteem,self-esteem,404,403,self-esteem,45.5,78.2
self-estrangement,self-estrangement,404,403,self-estrangement,49.7,53.4
self-evaluation,self-evaluation,404,403,self-evaluation,28.3,84.8
self-evidence,self-evidence,404,403,self-evidence,42.6,42.9
self-evident,self-evident,404,403,self-evident,2.0,89.3
Self-examination,Self-examination,404,403,self-examination,90.5,73.4
self-exhibition,self-exhibition,404,403,self-exhibition,53.0,91.3
self-exile,self-exile,404,403,self-exile,41.7,47.4
self-existence,self-existence,404,403,self-existence,28.8,62.4
self-existent,self-existent,404,403,self-existent,28.8,46.3
self-existing,self-existing,404,403,self-existing,38.9,25.3
self-expansion,self-expansion,404,403,self-expansion,6.6,70.9
self-explanatory,self-explanatory,404,403,self-explanatory,79.3,0
self-exploration,self-exploration,404,403,self-exploration,41.7,0
Self-expression,Self-expression,404,403,self-expression,68.6,0
Self-expressive,Self-expressive,404,403,self-expressive,72.0,0
self-extension,self-extension,404,403,self-extension,31.5,0
self-fashioning,self-fashioning,404,403,self-fashioning,41.1,0
Self-financing,Self-financing,404,403,self-financing,69.6,0
self-forgetful,self-forgetful,404,403,self-forgetful,47.0,0
self-forgetfulness,self-forgetfulness,404,403,self-forgetfulness,47.0,46.9
self-fulfilling,self-fulfilling,404,403,self-fulfilling,0.0,67.7
self-fulfillment,self-fulfillment,404,403,self-fulfillment,8.7,66.1
self-generating,self-generating,404,403,self-generating,92.5,74.1
self-given,self-given,404,403,self-given,92.5,74.9
self-giving,self-giving,404,403,self-giving,42.3,90.5
self-glorification,self-glorification,404,403,self-glorification,87.4,0
self-governed,self-governed,404,403,self-governed,42.9,89.9
self-governing,self-governing,404,403,self-governing,95.5,0
self-government tevlw DI.),self-government tevlw DI.),405,404,self-government-tevlw-di,55.5,73.5
self-gratification,self-gratification,405,404,self-gratification,88.3,89.7
self-hatred,self-hatred,405,404,self-hatred,46.4,81.7
self-healing .r,self-healing .r,405,404,self-healing-r,46.4,53.7
self-help,self-help,405,404,self-help,38.4,84.4
selfhood,selfhood,405,404,selfhood,96.1,59.7
self-humiliation,self-humiliation,405,404,self-humiliation,40.6,60.4
self-hypnosis,self-hypnosis,405,404,self-hypnosis,73.2,70.8
self-identical,self-identical,405,404,self-identical,91.6,45.8
self-identification,self-identification,405,404,self-identification,93.0,68.9
self-identity,self-identity,405,404,self-identity,49.0,68.4
self-illumination,self-illumination,405,404,self-illumination,52.0,25.8
self-image,self-image,405,404,self-image,47.9,26.5
self-imitation,self-imitation,405,404,self-imitation,92.0,74.7
Self-immolation,Self-immolation,405,404,self-immolation,86.1,72.1
self-importance,self-importance,405,404,self-importance,36.5,51.3
self-important,self-important,405,404,self-important,43.1,80.6
self-improvement,self-improvement,405,404,self-improvement,43.8,40.4
self-lncluslve,self-lncluslve,405,404,self-lncluslve,40.3,71.9
self-induced,self-induced,405,404,self-induced,41.2,9.7
self-indulgence,self-indulgence,405,404,self-indulgence,40.7,86.0
self-initiated,self-initiated,405,404,self-initiated,29.1,83.5
self-instructed,self-instructed,405,404,self-instructed,35.6,89.8
self-instruction,self-instruction,405,404,self-instruction,46.1,92.4
self-instructlonal,self-instructlonal,405,404,self-instructlonal,38.6,69.8
self-Insurance,self-Insurance,405,404,self-insurance,47.5,76.5
self-interest,self-interest,405,404,self-interest,73.2,81.4
self-interested,self-interested,405,404,self-interested,41.3,86.0
self-inventory,self-inventory,405,404,self-inventory,91.4,62.3
self-Involved,self-Involved,405,404,self-involved,45.9,88.8
selfish,selfish,405,404,selfish,24.4,68.0
selfish gene,selfish gene,405,404,selfish-gene,54.5,78.3
selfishness,selfishness,405,404,selfishness,44.8,82.8
self-judgement,self-judgement,405,404,self-judgement,61.9,88.4
self-justification,self-justification,405,404,self-justification,26.8,68.2
self-justifying,self-justifying,405,404,self-justifying,26.3,65.2
self-knowledge,self-knowledge,405,404,self-knowledge,38.3,84.8
selfless,selfless,405,404,selfless,44.2,52.3
selflessness,selflessness,405,404,selflessness,24.5,51.9
self-liberation,self-liberation,405,404,self-liberation,36.8,87.1
self-life,self-life,405,404,self-life,29.2,89.9
self-limitation,self-limitation,405,404,self-limitation,48.9,29.0
self-limiting,self-limiting,405,404,self-limiting,6.2,87.2
self-liquidatlng,self-liquidatlng,405,404,self-liquidatlng,33.5,90.5
self-love,self-love,405,404,self-love,27.8,91.3
self-lovlng,self-lovlng,405,404,self-lovlng,39.7,89.3
self-made,self-made,405,404,self-made,22.5,87.0
self-maintaining,self-maintaining,405,404,self-maintaining,15.4,93.0
self-maintenance,self-maintenance,405,404,self-maintenance,5.4,91.4
self-making,self-making,405,404,self-making,27.2,91.8
self-managed,self-managed,405,404,self-managed,0.0,76.3
self-management,self-management,405,404,self-management,37.8,62.1
self-manifestation,self-manifestation,405,404,self-manifestation,53.7,85.3
self-mastery,self-mastery,405,404,self-mastery,32.0,0
self-mortification,self-mortification,405,404,self-mortification,52.5,0
self-motion,self-motion,405,404,self-motion,68.9,0
self-motivated,self-motivated,405,404,self-motivated,21.4,0
Self-motivation,Self-motivation,405,404,self-motivation,77.3,0
self-movement,self-movement,405,404,self-movement,92.1,0
self-narration,self-narration,405,404,self-narration,18.4,76.1
selfness,selfness,406,405,selfness,30.6,57.8
self-object,self-object,406,405,self-object,47.5,72.3
self-objectification,self-objectification,406,405,self-objectification,42.7,60.4
self-observation,self-observation,406,405,self-observation,89.3,0
self-opinion,self-opinion,406,405,self-opinion,41.3,3.8
self-opinionated,self-opinionated,406,405,self-opinionated,10.0,75.4
self-organization,self-organization,406,405,self-organization,91.6,85.4
self-organized,self-organized,406,405,self-organized,96.5,73.4
self-organized,self-organized,406,405,self-organized-2,96.5,64.2
self-originating,self-originating,406,405,self-originating,45.1,68.7
self-perception,self-perception,406,405,self-perception,50.7,60.0
self-perpetuating,self-perpetuating,406,405,self-perpetuating,46.4,50.6
self-perpetuation,self-perpetuation,406,405,self-perpetuation,44.8,86.9
self-pity,self-pity,406,405,self-pity,35.1,68.1
self-portrait,self-portrait,406,405,self-portrait,35.1,51.5
self-positing,self-positing,406,405,self-positing,29.8,60.2
self-possessed,self-possessed,406,405,self-possessed,44.9,87.8
self-possession,self-possession,406,405,self-possession,45.7,87.1
self-presence,self-presence,406,405,self-presence,39.8,46.1
self-preservation brs thos,self-preservation brs thos,406,405,self-preservation-brs-thos,55.4,71.2
self-propagation,self-propagation,406,405,self-propagation,45.9,73.2
self-propagative,self-propagative,406,405,self-propagative,45.8,79.0
self-protection,self-protection,406,405,self-protection,54.8,78.0
self psychology,self psychology,406,405,self-psychology,55.2,49.2
self-punishment,self-punishment,406,405,self-punishment,46.7,39.8
self-purification,self-purification,406,405,self-purification,45.2,65.6
self-questioning Lujogs,self-questioning Lujogs,406,405,self-questioning-lujogs,72.9,32.8
self-rating,self-rating,406,405,self-rating,33.5,57.3
self-realization,self-realization,406,405,self-realization,33.5,34.4
self-recrimination,self-recrimination,406,405,self-recrimination,47.8,84.8
self-reference,self-reference,406,405,self-reference,71.6,52.0
self-reference,self-reference,406,405,self-reference-2,71.6,43.0
self-referentiality,self-referentiality,406,405,self-referentiality,44.0,39.8
self-reflection,self-reflection,406,405,self-reflection,39.2,63.8
self-reflective,self-reflective,406,405,self-reflective,39.6,82.7
self-reflexive,self-reflexive,406,405,self-reflexive,39.6,15.5
self-regard,self-regard,406,405,self-regard,30.9,58.2
self-regulatlon,self-regulatlon,406,405,self-regulatlon,41.8,75.0
"self-regulator Ob),","self-regulator Ob),",406,405,self-regulator-ob,62.8,87.5
self-reliance,self-reliance,406,405,self-reliance,25.9,20.4
self-reliant,self-reliant,406,405,self-reliant,92.8,0
Self-renunciation,Self-renunciation,406,405,self-renunciation,71.5,0
self-report inventory,self-report inventory,406,405,self-report-inventory,82.0,67.2
self-reproach,self-reproach,406,405,self-reproach,37.2,81.0
self-reproachful,self-reproachful,406,405,self-reproachful,1.4,55.8
self-respect,self-respect,406,405,self-respect,36.0,86.5
self-respecting,self-respecting,406,405,self-respecting,36.0,83.0
self-restraint,self-restraint,406,405,self-restraint,25.6,89.4
self-revealing,self-revealing,406,405,self-revealing,25.4,58.7
self-revelation,self-revelation,406,405,self-revelation,37.1,57.7
Self-righteous ile,Self-righteous ile,406,405,self-righteous-ile,55.1,67.8
self-righteousness,self-righteousness,406,405,self-righteousness,26.8,41.3
self-rule,self-rule,406,405,self-rule,12.4,91.6
self-sacrifice,self-sacrifice,406,405,self-sacrifice,40.6,78.1
self-sacrificing,self-sacrificing,406,405,self-sacrificing,40.6,77.8
selfsame,selfsame,406,405,selfsame,43.1,88.4
selfsameness,selfsameness,406,405,selfsameness,57.1,87.5
Self-satisfaction,Self-satisfaction,406,405,self-satisfaction,62.2,87.5
self-scrutiny,self-scrutiny,406,405,self-scrutiny,42.3,89.1
self-seeing,self-seeing,406,405,self-seeing,37.3,91.7
self-seeking,self-seeking,406,405,self-seeking,37.3,92.3
self-select Ion,self-select Ion,406,405,self-select-ion,37.4,90.6
self-sentiment,self-sentiment,407,406,self-sentiment,89.3,76.0
self-service,self-service,407,406,self-service,43.3,60.0
self-slaughter,self-slaughter,407,406,self-slaughter,45.5,49.3
self-stimulation,self-stimulation,407,406,self-stimulation,45.4,77.0
self-study,self-study,407,406,self-study,48.3,60.1
self-subsistence,self-subsistence,407,406,self-subsistence,45.0,26.0
self-subsistent,self-subsistent,407,406,self-subsistent,91.5,68.3
self-sufficiency,self-sufficiency,407,406,self-sufficiency,50.2,0.0
self-sufficient,self-sufficient,407,406,self-sufficient,91.8,0
self-suggestion,self-suggestion,407,406,self-suggestion,91.7,0
self-support,self-support,407,406,self-support,91.3,0
self-supporting,self-supporting,407,406,self-supporting,96.3,0
self-sustained,self-sustained,407,406,self-sustained,96.2,0
self-sustained,self-sustained,407,406,self-sustained-2,96.2,57.8
self-taught,self-taught,407,406,self-taught,48.4,89.4
self-teaching,self-teaching,407,406,self-teaching,45.4,92.3
self-test,self-test,407,406,self-test,47.0,87.8
self-testing,self-testing,407,406,self-testing,56.9,91.5
self-thinking,self-thinking,407,406,self-thinking,45.7,71.8
self-training,self-training,407,406,self-training,91.9,88.4
self-transcendence,self-transcendence,407,406,self-transcendence,89.5,36.0
self-transcending,self-transcending,407,406,self-transcending,84.7,25.0
self-treatment,self-treatment,407,406,self-treatment,92.1,74.7
self-trust,self-trust,407,406,self-trust,43.5,76.0
self-understanding,self-understanding,407,406,self-understanding,91.1,81.5
self-will,self-will,407,406,self-will,37.0,66.2
self-willed,self-willed,407,406,self-willed,46.2,78.1
self-willing,self-willing,407,406,self-willing,46.2,89.5
seller,seller,407,406,seller,51.5,91.2
sellers' monopoly,sellers' monopoly,407,406,sellers-monopoly,36.4,67.3
selling,selling,407,406,selling,36.6,91.0
selling price,selling price,407,406,selling-price,50.2,73.9
sell-off,sell-off,407,406,sell-off,48.4,68.9
Semanteme,Semanteme,407,406,semanteme,65.4,52.5
semantic category,semantic category,407,406,semantic-category,50.8,87.0
semantic change,semantic change,407,406,semantic-change,39.2,77.8
semantic compatibility,semantic compatibility,407,406,semantic-compatibility,47.8,91.3
semantic complex,semantic complex,407,406,semantic-complex,58.6,84.5
semantic component,semantic component,407,406,semantic-component,33.3,70.7
semantic constituent,semantic constituent,407,406,semantic-constituent,48.0,62.6
semantic criterion,semantic criterion,407,406,semantic-criterion,50.6,71.0
semantic deviation,semantic deviation,407,406,semantic-deviation,55.5,73.1
semantic distinction,semantic distinction,407,406,semantic-distinction,35.5,86.4
Semantic externalism,Semantic externalism,407,406,semantic-externalism,90.5,90.8
semantic feature,semantic feature,407,406,semantic-feature,32.3,88.6
semantic fleld,semantic fleld,407,406,semantic-fleld,34.9,82.3
semantlcian,semantlcian,407,406,semantlcian,37.6,90.9
semantic indeterminacy,semantic indeterminacy,407,406,semantic-indeterminacy,93.9,70.9
semantic ingredients,semantic ingredients,407,406,semantic-ingredients,91.6,76.7
semantic interpretation,semantic interpretation,407,406,semantic-interpretation,96.8,74.6
semanticist,semanticist,407,406,semanticist,18.4,88.7
semanticlty,semanticlty,407,406,semanticlty,56.8,59.8
semantic load,semantic load,407,406,semantic-load,41.3,70.0
semantic paraphasia las,semantic paraphasia las,407,406,semantic-paraphasia-las,68.0,58.4
semantic relations,semantic relations,407,406,semantic-relations,52.9,90.0
Semantic representation oles o5.5;L (L;,Semantic representation oles o5.5;L (L;,407,406,semantic-representation-oles-o5-5-l-l,57.5,81.7
semantics,semantics,407,406,semantics,52.7,91.6
semaphore,semaphore,407,406,semaphore,24.0,91.1
semaphorlc,semaphorlc,408,407,semaphorlc,46.1,35.8
"semasiologlcal ci->L.:, !'~","semasiologlcal ci->L.:, !'~",408,407,semasiologlcal-ci-l,24.9,0
semasiologist,semasiologist,408,407,semasiologist,45.8,91.8
semasiology,semasiology,408,407,semasiology,47.1,90.1
sematic,sematic,408,407,sematic,92.5,57.6
semblable,semblable,408,407,semblable,57.2,78.7
"semblance .r ,),.._;","semblance .r ,),.._;",408,407,semblance-r,24.4,70.3
semanteme,semanteme,408,407,semanteme-2,92.1,0
semeiology,semeiology = semiology,408,407,semeiology,76.0,0
semeiotic,semeiotic = semiotic,408,407,semeiotic,76.0,0
semeiotics,semeiotics = semiotics,408,407,semeiotics,92.8,0
sememe obs,sememe obs,408,407,sememe-obs,76.0,58.7
semester,semester,408,407,semester,76.0,63.1
semiabstract,semiabstract,408,407,semiabstract,30.7,60.9
semlabstractlon,semlabstractlon,408,407,semlabstractlon,62.1,38.4
semiannual,semiannual,408,407,semiannual,96.3,64.7
semiaquatic,semiaquatic,408,407,semiaquatic,91.9,0
semiarid,semiarid,408,407,semiarid,91.9,75.0
semiaridity,semiaridity,408,407,semiaridity,28.5,54.1
semiautomated,semiautomated,408,407,semiautomated,48.1,90.6
semiautomatic,semiautomatic,408,407,semiautomatic,50.0,53.3
semiautonomous,semiautonomous,408,407,semiautonomous,45.2,89.8
semlcapltalist,semlcapltalist,408,407,semlcapltalist,48.5,30.5
semicentennlal,semicentennlal,408,407,semicentennlal,49.1,79.0
semi civilized,semi civilized,408,407,semi-civilized,46.1,25.9
semiclassical,semiclassical,408,407,semiclassical,47.9,66.8
semlcolony,semlcolony,408,407,semlcolony,47.9,35.2
semiconscious,semiconscious,408,407,semiconscious,45.5,42.2
semiconsclousness,semiconsclousness,408,407,semiconsclousness,44.6,29.0
semiconsonant,semiconsonant,408,407,semiconsonant,61.7,77.8
semidesert,semidesert,408,407,semidesert,60.0,85.8
semidiurnal,semidiurnal,408,407,semidiurnal,60.0,79.2
semidivlne,semidivlne,408,407,semidivlne,46.3,84.3
semldocumentary,semldocumentary,408,407,semldocumentary,31.9,64.2
semidynamic Ligaei,semidynamic Ligaei,408,407,semidynamic-ligaei,74.2,82.0
semlemployment,semlemployment,408,407,semlemployment,46.2,80.9
semiflnlshed,semiflnlshed,408,407,semiflnlshed,26.6,68.5
semiformal,semiformal,408,407,semiformal,25.3,62.9
semi-heavy industry,semi-heavy industry,408,407,semi-heavy-industry,71.2,70.3
semilinguallsm,semilinguallsm,408,407,semilinguallsm,47.6,91.3
semllingulstlc,semllingulstlc,408,407,semllingulstlc,23.3,83.0
semi literate,semi literate,408,407,semi-literate,37.3,90.0
semimercantlle,semimercantlle,408,407,semimercantlle,46.1,91.2
semlmonthly,semlmonthly,408,407,semlmonthly,45.8,64.1
seminar,seminar,408,407,seminar,49.7,50.2
seminarian,seminarian,408,407,seminarian,49.7,88.9
seminary,seminary,408,407,seminary,58.6,81.1
semlnomad_,semlnomad_,408,407,semlnomad,42.7,55.5
semlnomadlc,semlnomadlc,408,407,semlnomadlc,59.4,74.7
semiofficial,semiofficial,408,407,semiofficial,30.5,21.0
semlology,semlology,408,407,semlology,29.7,82.4
semlosls,semlosls,408,407,semlosls,60.6,0
semiotlc(-al),semiotlc(-al),408,407,semiotlc-al,34.9,73.1
semiotic language,semiotic language,408,407,semiotic-language,54.8,41.3
semiotics,semiotics,408,407,semiotics,54.8,42.9
semlpathologlcal,semlpathologlcal,408,407,semlpathologlcal,37.8,45.9
semlpolltlcal,semlpolltlcal,408,407,semlpolltlcal,33.4,55.0
semiprofesslonal,semiprofesslonal,408,407,semiprofesslonal,30.5,81.7
semlrent,semlrent,408,407,semlrent,35.3,56.6
semis killed,semis killed,408,407,semis-killed,32.4,81.7
semlstable,semlstable,408,407,semlstable,30.1,86.9
semistatlc,semistatlc,408,407,semistatlc,39.1,48.7
Semite,Semite,408,407,semite,39.1,76.8
Semitic,Semitic,408,407,semitic,55.1,78.7
Semitic,Semitic,408,407,semitic-2,35.8,92.6
Semitics,Semitics,408,407,semitics,30.6,90.7
Semitism,Semitism,409,408,semitism,30.8,67.0
semitropical,semitropical,409,408,semitropical,46.3,52.8
semi-vowel,semi-vowel,409,408,semi-vowel,33.7,79.3
semiweekly,semiweekly,409,408,semiweekly,46.3,80.7
semiyearly,semiyearly,409,408,semiyearly,49.6,74.2
sempiternal,sempiternal,409,408,sempiternal,42.1,62.9
sempiternity,sempiternity,409,408,sempiternity,46.1,64.6
senate,senate,409,408,senate,44.9,83.2
senator vgs,senator vgs,409,408,senator-vgs,71.7,89.0
senatorlal,senatorlal,409,408,senatorlal,71.7,89.9
senatorial district,senatorial district,409,408,senatorial-district,53.0,87.5
senectitude,senectitude,409,408,senectitude,91.7,36.8
senescence,senescence,409,408,senescence,48.3,45.7
senescent Sg,senescent Sg,409,408,senescent-sg,74.1,30.8
senile,senile,409,408,senile,39.5,44.9
senile dementia She ye (ly,senile dementia She ye (ly,409,408,senile-dementia-she-ye-ly,56.1,70.8
senile psychosis alike,senile psychosis alike,409,408,senile-psychosis-alike,60.7,89.7
senility,senility,409,408,senility,48.4,52.1
senior,senior,409,408,senior,28.0,85.6
senior citizen,senior citizen,409,408,senior-citizen,96.6,86.1
senior high school,senior high school,409,408,senior-high-school,57.1,48.4
seniority,seniority,409,408,seniority,46.0,32.0
senior year,senior year,409,408,senior-year,31.7,71.4
sensate,sensate,409,408,sensate,46.2,66.8
sensated,sensated,409,408,sensated,46.1,57.0
sensation,sensation,409,408,sensation,33.5,63.9
sensation al,sensation al,409,408,sensation-al,37.0,72.1
sensationalism,sensationalism,409,408,sensationalism,53.1,88.6
sensationalist,sensationalist,409,408,sensationalist,29.5,85.2
sensationalistic,sensationalistic,409,408,sensationalistic,27.5,75.1
sense,sense,409,408,sense,26.7,60.6
sense cognition wir sks,sense cognition wir sks,409,408,sense-cognition-wir-sks,62.4,28.6
sense data,sense data,409,408,sense-data,45.8,80.9
sense datum,sense datum,409,408,sense-datum,41.2,71.4
sense group,sense group,409,408,sense-group,50.2,74.2
sense impression,sense impression,409,408,sense-impression,85.1,45.6
sense intuition,sense intuition,409,408,sense-intuition,91.5,53.5
sense knowledge,sense knowledge,409,408,sense-knowledge,94.6,81.5
senseless,senseless,409,408,senseless,25.0,63.3
senselessness,senselessness,409,408,senselessness,34.4,75.2
sense-object,sense-object,409,408,sense-object,46.6,57.2
sense of guilt oS a>,sense of guilt oS a>,409,408,sense-of-guilt-os-a,56.4,41.3
sense of humor tbe,sense of humor tbe,409,408,sense-of-humor-tbe,67.9,90.3
sense of justice Shae jam,sense of justice Shae jam,409,408,sense-of-justice-shae-jam,72.8,54.0
sense organ,sense organ,409,408,sense-organ,66.5,52.5
sense perception,sense perception,409,408,sense-perception,74.8,48.0
sense-world i> Glee,sense-world i> Glee,409,408,sense-world-i-glee,66.7,58.2
senslbllia,senslbllia,409,408,senslbllia,27.6,0.0
sensibility,sensibility,409,408,sensibility,19.6,79.8
sensible,sensible,409,408,sensible,0.0,69.3
sensible form,sensible form,409,408,sensible-form,55.5,76.0
sensibleness,sensibleness = sensibility,409,408,sensibleness,96.9,0
senslble object,senslble object,409,408,senslble-object,48.5,60.7
senslble world,senslble world,409,408,senslble-world,60.7,81.8
sensitive knowledge,sensitive knowledge,410,409,sensitive-knowledge,87.6,36.0
sensitivity,sensitivity,410,409,sensitivity,96.3,56.4
sensitizer Sula,sensitizer Sula,410,409,sensitizer-sula,64.6,75.6
sensorimotor,sensorimotor,410,409,sensorimotor,47.4,56.1
sensorineural,sensorineural,410,409,sensorineural,53.1,56.8
sensorium (L.) él:.),sensorium (L.) él:.),410,409,sensorium-l-l,66.8,72.8
sensory adaptation,sensory adaptation,410,409,sensory-adaptation,89.8,51.2
sensory ataxia,sensory ataxia,410,409,sensory-ataxia,96.4,60.2
sensory automatism,sensory automatism,410,409,sensory-automatism,81.0,49.0
sensory center,sensory center,410,409,sensory-center,96.6,72.3
sensory deprivation,sensory deprivation,410,409,sensory-deprivation,47.7,85.7
sensory discrimination,sensory discrimination,410,409,sensory-discrimination,96.7,73.7
sensory experience,sensory experience,410,409,sensory-experience,96.3,0
sensory handicap,sensory handicap,410,409,sensory-handicap,96.6,0
sensory input,sensory input,410,409,sensory-input,96.6,44.1
sensory insight,sensory insight,410,409,sensory-insight,96.1,80.4
sensory memory,sensory memory,410,409,sensory-memory,49.9,55.9
sensory-motor,sensory-motor,410,409,sensory-motor,44.9,88.1
sensory-motor intelligence,sensory-motor intelligence,410,409,sensory-motor-intelligence,96.2,84.2
sensory organ,sensory organ,410,409,sensory-organ,96.9,67.9
sensory organization,sensory organization,410,409,sensory-organization,76.5,84.2
sensory process,sensory process,410,409,sensory-process,55.5,46.9
sensory register i>,sensory register i>,410,409,sensory-register-i,79.3,67.7
sensory stimulus,sensory stimulus,410,409,sensory-stimulus,96.6,57.1
Sensual Sy,Sensual Sy,410,409,sensual-sy,63.5,47.2
Sensuality,Sensuality,410,409,sensuality,67.6,55.5
sensualization,sensualization,410,409,sensualization,37.1,69.9
sensual soul,sensual soul,410,409,sensual-soul,44.8,16.6
sensuous,sensuous,410,409,sensuous,42.6,59.4
Sensuous consciousness,Sensuous consciousness,410,409,sensuous-consciousness,80.4,48.7
sensuous representation,sensuous representation,410,409,sensuous-representation,95.8,48.5
SENSus communis (L.),SENSus communis (L.),410,409,sensus-communis-l,55.2,66.6
sentence,sentence,410,409,sentence,36.2,86.3
sentence accent aed,sentence accent aed,410,409,sentence-accent-aed,74.0,75.1
sentence stress,sentence stress,410,409,sentence-stress,54.5,78.1
sententiousness,sententiousness,410,409,sententiousness,92.0,65.0
sentience,sentience,411,410,sentience,32.3,51.3
sentient ~,sentient ~,411,410,sentient,40.1,64.1
sentient being,sentient being,411,410,sentient-being,52.3,89.7
sentiment,sentiment,411,410,sentiment,43.9,56.2
sentimental,sentimental,411,410,sentimental,95.1,49.1
sentimentalism elec,sentimentalism elec,411,410,sentimentalism-elec,64.6,55.6
sentimentalist,sentimentalist,411,410,sentimentalist,76.4,79.2
sentimentalist,sentimentalist,411,410,sentimentalist-2,76.4,73.2
sentimentalization,sentimentalization,411,410,sentimentalization,91.6,80.7
separability rhe,separability rhe,411,410,separability-rhe,61.8,83.6
separable,separable,411,410,separable,61.8,0.0
separate,separate,411,410,separate,56.3,72.2
separateness,separateness,411,410,separateness,38.2,70.3
separation,separation,411,410,separation,77.9,85.4
separation anxiety,separation anxiety,411,410,separation-anxiety,82.8,86.3
separationlst,separationlst,411,410,separationlst,82.8,86.1
separation of powers,separation of powers,411,410,separation-of-powers,87.4,41.4
separatism,separatism,411,410,separatism,87.4,76.3
separatist,separatist,411,410,separatist,31.6,54.3
separatistic,separatistic,411,410,separatistic,30.0,52.7
separative,separative,411,410,separative,49.2,22.0
separator Sls,separator Sls,411,410,separator-sls,60.9,91.7
seppukar,seppukar,411,410,seppukar,60.9,60.6
sept,sept,411,410,sept,79.7,0
Septembrist,Septembrist,411,410,septembrist,37.0,0
septennial,septennial,411,410,septennial,47.1,0
septentrion,septentrion,411,410,septentrion,60.9,0
septentrion,septentrion,411,410,septentrion-2,60.9,91.8
septuagenarian(s),septuagenarian(s),411,410,septuagenarian-s,55.8,70.9
septuagenary,septuagenary = septuagenarian,411,410,septuagenary,93.1,0
Septuagint ~,Septuagint ~,411,410,septuagint,93.1,58.6
sepulcher,sepulcher,411,410,sepulcher,10.6,82.8
sepulchral,sepulchral,411,410,sepulchral,29.8,75.8
sepulchre,sepulchre = sepulcher,411,410,sepulchre,93.1,0
sepulture,sepulture,411,410,sepulture,93.1,78.3
sequacious,sequacious,411,410,sequacious,26.1,71.7
sequacity,sequacity,411,410,sequacity,22.3,70.9
sequel,sequel,411,410,sequel,50.1,77.2
sequence,sequence,411,410,sequence,10.3,79.9
sequence of tenses,sequence of tenses,411,410,sequence-of-tenses,85.1,81.9
sequence of vowels,sequence of vowels,411,410,sequence-of-vowels,68.5,73.6
sequencing,sequencing,411,410,sequencing,17.5,69.2
sequent,sequent,411,410,sequent,41.4,65.6
sequential,sequential,411,410,sequential,85.7,83.1
"sequentlal constraint ~W.:, ~bl","sequentlal constraint ~W.:, ~bl",411,410,sequentlal-constraint-w-bl,51.1,86.5
Sequentiality,Sequentiality,411,410,sequentiality,83.6,86.8
seragilo (Ital.<Turk),seragilo (Ital.<Turk),411,410,seragilo-ital-turk,70.1,61.3
seraph,seraph,412,411,seraph,51.0,42.0
seraphim,seraphim,412,411,seraphim,35.8,53.4
Serbian,Serbian,412,411,serbian,27.5,90.1
Serbo-Croatian,Serbo-Croatian,412,411,serbo-croatian,26.2,87.6
serendipitous,serendipitous,412,411,serendipitous,44.5,68.4
serendipity sles,serendipity sles,412,411,serendipity-sles,65.0,0.0
serf o~,serf o~,412,411,serf-o,17.7,79.7
serfdom,serfdom,412,411,serfdom,63.5,65.9
serfdom system GibGy el,serfdom system GibGy el,412,411,serfdom-system-gibgy-el,63.2,61.5
serial,serial,412,411,serial,81.3,71.1
serial number,serial number,412,411,serial-number,96.7,70.1
serial polygamy ile dj-42,serial polygamy ile dj-42,412,411,serial-polygamy-ile-dj-42,59.2,37.2
serial time,serial time,412,411,serial-time,55.7,49.8
seriatlon,seriatlon,412,411,seriatlon,44.0,67.6
series,series,412,411,series,96.1,0
sermon,sermon,412,411,sermon,96.6,60.9
sermonical ),sermonical ),412,411,sermonical,34.1,72.5
sermonizer,sermonizer,412,411,sermonizer,92.1,86.6
servant,servant,412,411,servant,92.1,83.4
service xg,service xg,412,411,service-xg,66.4,76.0
service charge,service charge,412,411,service-charge,62.4,83.8
service industry,service industry,412,411,service-industry,66.4,78.0
serviceman,serviceman,412,411,serviceman,81.5,78.5
"service occupations sls cleai,>","service occupations sls cleai,>",412,411,service-occupations-sls-cleai,56.5,83.4
service rating,service rating,412,411,service-rating,50.6,87.0
services,services,412,411,services,51.9,88.2
service sector,service sector,412,411,service-sector,53.6,88.3
servicing,servicing,412,411,servicing,44.4,82.3
servile,servile,412,411,servile,72.7,66.7
servility,servility,412,411,servility,32.8,78.4
servitor,servitor,412,411,servitor,34.6,89.3
servitude,servitude,412,411,servitude,34.6,62.6
Sesquicentennial,Sesquicentennial,412,411,sesquicentennial,67.8,44.3
sesquipedal,sesquipedal = sesquipedalian,412,411,sesquipedal,92.1,0
sesquipedalian,sesquipedalian,412,411,sesquipedalian,92.1,80.1
sesqulpedalianism,sesqulpedalianism,412,411,sesqulpedalianism,4.3,23.3
session,session,412,411,session,33.1,68.8
sessional,sessional,412,411,sessional,22.8,81.3
set,set,412,411,set,24.2,90.2
setting,setting,412,411,setting,40.9,74.5
settlement,settlement,412,411,settlement,0.0,72.8
settler,settler,412,411,settler,2.4,0
sevlleness,sevlleness = servility,412,411,sevlleness,91.1,0
sex,sex,412,411,sex,82.8,0
"sex-abuse . ~.,","sex-abuse . ~.,",412,411,sex-abuse,0.0,0
sexagenarian,sexagenarian,412,411,sexagenarian,39.0,37.1
sexagenary,sexagenary,412,411,sexagenary,29.5,80.3
sex appeal,sex appeal,412,411,sex-appeal,47.7,91.3
sexcentenary r,sexcentenary r,412,411,sexcentenary-r,37.3,71.6
sex distribution,sex distribution,413,412,sex-distribution,96.9,0
sexennial,sexennial,413,412,sexennial,91.3,0
sex impulse,sex impulse,413,412,sex-impulse,96.8,0
sex industry,sex industry,413,412,sex-industry,96.0,0
sexiness,sexiness,413,412,sexiness,96.9,0
sex intercourse,sex intercourse,413,412,sex-intercourse,96.0,0
sexism,sexism,413,412,sexism,95.2,0
sexist,sexist,413,412,sexist,96.5,0
sexist language,sexist language,413,412,sexist-language,95.9,0
sexless,sexless,413,412,sexless,94.7,0
sexlessness,sexlessness,413,412,sexlessness,46.3,60.7
sex object,sex object,413,412,sex-object,49.3,59.9
"sex offender ork Ihe},","sex offender ork Ihe},",413,412,sex-offender-ork-ihe,56.9,88.1
sexologlc(-al),sexologlc(-al),413,412,sexologlc-al,30.8,74.7
sexologist ia.,sexologist ia.,413,412,sexologist-ia,62.6,88.2
sexology,sexology,413,412,sexology,34.9,81.8
sex ratio,sex ratio,413,412,sex-ratio,95.6,72.7
sex reassignment,sex reassignment,413,412,sex-reassignment,96.3,69.5
sex role,sex role,413,412,sex-role,63.8,87.3
sex-role stereotype,sex-role stereotype,413,412,sex-role-stereotype,94.4,66.5
sex therapy,sex therapy,413,412,sex-therapy,42.5,74.9
sex traffic,sex traffic,413,412,sex-traffic,44.9,58.7
sexual ee,sexual ee,413,412,sexual-ee,69.3,69.4
"sexual anesthesia %b.0,5","sexual anesthesia %b.0,5",413,412,sexual-anesthesia-b-0-5,64.6,65.6
sexual anomaly,sexual anomaly,413,412,sexual-anomaly,62.8,67.2
sexual apathy,sexual apathy,413,412,sexual-apathy,51.7,83.4
"sexual arousal o> SSK,","sexual arousal o> SSK,",413,412,sexual-arousal-o-ssk,73.6,83.6
sexual assault,sexual assault,413,412,sexual-assault,74.3,87.2
sexual communism,sexual communism,413,412,sexual-communism,53.4,0.0
sexual conduct Shue jb5,sexual conduct Shue jb5,413,412,sexual-conduct-shue-jb5,58.6,61.2
sexual desire,sexual desire,413,412,sexual-desire,55.8,66.5
sexual dimorphism ~,sexual dimorphism ~,413,412,sexual-dimorphism,49.0,52.4
sexual discrimination,sexual discrimination,413,412,sexual-discrimination,85.9,0
sexual drive,sexual drive,413,412,sexual-drive,71.5,78.7
sexual frustration gute Sl,sexual frustration gute Sl,413,412,sexual-frustration-gute-sl,71.7,80.4
sexual identity,sexual identity,413,412,sexual-identity,64.5,53.7
sexual instinct,sexual instinct,413,412,sexual-instinct,94.6,90.0
sexual intercourse,sexual intercourse,413,412,sexual-intercourse,96.2,90.5
sexual involution,sexual involution,413,412,sexual-involution,87.5,54.6
sexuality,sexuality,413,412,sexuality,45.9,64.9
sexual maturation,sexual maturation,413,412,sexual-maturation,58.2,91.1
sexual object,sexual object,413,412,sexual-object,54.7,55.5
sexual orientation,sexual orientation,413,412,sexual-orientation,96.8,0
sexual partner,sexual partner,413,412,sexual-partner,88.0,0
sexual preference,sexual preference,413,412,sexual-preference,88.4,0
sexual promiscuity,sexual promiscuity,413,412,sexual-promiscuity,96.8,0
sexual selection,sexual selection,413,412,sexual-selection,92.2,0
sexual trauma,sexual trauma,413,412,sexual-trauma,45.6,91.3
shadow,shadow,413,412,shadow,68.3,79.0
shadow cabinet,shadow cabinet,413,412,shadow-cabinet,61.7,80.7
shadow play,shadow play,413,412,shadow-play,66.5,88.2
shadow price,shadow price,413,412,shadow-price,92.5,43.8
shadow theatre,shadow theatre,413,412,shadow-theatre,90.4,0.0
Shaitan (Ar.),Shaitan (Ar.),413,412,shaitan-ar,70.5,0
Shallow living,Shallow living,413,412,shallow-living,80.2,0
shaman,shaman,413,412,shaman,84.2,0
shamanic,shamanic,413,412,shamanic,91.7,0
shamanism,shamanism,413,412,shamanism,96.7,0
shaman 1st,shaman 1st,413,412,shaman-1st,0.0,0
Shamanistic,Shamanistic,413,412,shamanistic,90.0,0
shame,shame,413,412,shame,90.0,80.3
shanty,shanty,413,412,shanty,0.0,0
shantyman,shantyman,414,413,shantyman,28.5,79.4
shanty town,shanty town,414,413,shanty-town,51.8,62.3
shaping,shaping,414,413,shaping,64.9,64.7
share ee,share ee,414,413,share-ee,82.7,90.4
share cropper,share cropper,414,413,share-cropper,82.7,65.0
shareholder,shareholder,414,413,shareholder,96.6,68.2
share tenant,share tenant,414,413,share-tenant,34.1,65.4
sharif,sharif = sherif,414,413,sharif,94.7,57.0
sharing,sharing,414,413,sharing,70.8,31.0
Shawwal (Ar.) Jip (le),Shawwal (Ar.) Jip (le),414,413,shawwal-ar-jip-le,59.1,50.7
sheepherder,sheepherder,414,413,sheepherder,55.9,87.8
sheik (Ar.),sheik (Ar.),414,413,sheik-ar,92.3,75.6
sheikdom,sheikdom,414,413,sheikdom,57.9,84.2
sheikh,sheikh = sheik,414,413,sheikh,96.4,0
shepherd,shepherd,414,413,shepherd,34.3,84.2
sherlf (Ar.),sherlf (Ar.),414,413,sherlf-ar,75.6,82.4
Shia,Shia = Shlah,414,413,shia,92.9,0
Shiah (Ar.) ax.,Shiah (Ar.) ax.,414,413,shiah-ar-ax,73.7,74.6
shift,shift,414,413,shift,96.8,0
shifting agriculture,shifting agriculture = shifting cultivation,414,413,shifting-agriculture,93.6,0
Shifting cultivation,Shifting cultivation,414,413,shifting-cultivation,73.7,0
shifting group,shifting group,414,413,shifting-group,96.7,0
shift pay,shift pay,414,413,shift-pay,96.4,0
shift system,shift system,414,413,shift-system,96.7,0
shift work,shift work,414,413,shift-work,96.3,0
shift worker,shift worker,414,413,shift-worker,96.4,0
Shiism,Shiism,414,413,shiism,42.6,78.4
Shiite,Shiite,414,413,shiite,93.5,84.0
Shiitic,Shiitic,414,413,shiitic,93.5,68.0
Shinto,Shinto,414,413,shinto,96.6,0
Shintoism,Shintoism,414,413,shintoism,92.7,0
Shintoist,Shintoist,414,413,shintoist,91.2,0
Shintoistic,Shintoistic,414,413,shintoistic,92.0,0
shipman,shipman,414,413,shipman,90.1,0
shipment,shipment,414,413,shipment,34.7,79.6
shipper,shipper,414,413,shipper,45.0,78.3
shipping,shipping,414,413,shipping,48.0,80.8
shipping document dom slau!,shipping document dom slau!,414,413,shipping-document-dom-slau,70.4,78.9
shipyard,shipyard,414,413,shipyard,43.3,66.9
shock,shock,414,413,shock,74.8,83.3
shocker,shocker,414,413,shocker,31.9,50.0
shocking,shocking,414,413,shocking,49.4,66.1
shock therapy (pile.,shock therapy (pile.,414,413,shock-therapy-pile,58.7,87.3
shock treatment,shock treatment = shock therapy,414,413,shock-treatment,58.7,0
shock troops,shock troops,414,413,shock-troops,51.7,88.2
shogunate,shogunate,414,413,shogunate,28.0,59.7
shop,shop,414,413,shop,28.7,76.8
shophouse,shophouse,414,413,shophouse,46.4,35.8
shopkeeper,shopkeeper,414,413,shopkeeper,42.8,81.7
shoplifter,shoplifter,414,413,shoplifter,48.0,50.4
shoplifting,shoplifting,414,413,shoplifting,48.1,56.8
shopper,shopper,414,413,shopper,68.7,58.6
shopping WS,shopping WS,414,413,shopping-ws,72.5,86.8
shopping center,shopping center,414,413,shopping-center,96.6,85.2
shopping mall aayhl,shopping mall aayhl,414,413,shopping-mall-aayhl,59.6,87.5
shopworn,shopworn,414,413,shopworn,45.7,58.4
shoreline,shoreline,414,413,shoreline,86.2,89.7
shore patrol,shore patrol,414,413,shore-patrol,54.4,92.7
shortage,shortage,414,413,shortage,33.8,89.4
shortcoming,shortcoming,414,413,shortcoming,33.8,56.7
short credit,short credit,414,413,short-credit,40.0,43.0
shortcut wile,shortcut wile,414,413,shortcut-wile,56.3,48.2
shorthand BDO 9s,shorthand BDO 9s,414,413,shorthand-bdo-9s,60.2,81.7
short range,short range,414,413,short-range,64.4,8.8
short run,short run,414,413,short-run,48.2,8.6
shortsighted,shortsighted,414,413,shortsighted,48.2,53.8
short story,short story,415,414,short-story,69.5,89.3
short-tempered,short-tempered,415,414,short-tempered,49.5,54.0
short-term,short-term,415,414,short-term,26.7,50.6
"short-term planning ,s- 9 .... l.i x","short-term planning ,s- 9 .... l.i x",415,414,short-term-planning-s-9-l-i-x,45.7,0
shoulds,shoulds,415,414,shoulds,54.0,80.1
show,show,415,414,show,47.9,61.3
show business,show business,415,414,show-business,64.4,64.0
showcase,showcase,415,414,showcase,48.0,84.0
showdown,showdown,415,414,showdown,52.7,85.9
showman,showman,415,414,showman,36.8,34.5
showmanship,showmanship,415,414,showmanship,96.7,52.6
show trials,show trials,415,414,show-trials,40.7,77.5
shrine,shrine,415,414,shrine,48.9,71.1
shut-in personality,shut-in personality,415,414,shut-in-personality,65.8,0
shuttle diplomacy,shuttle diplomacy,415,414,shuttle-diplomacy,96.5,0
shy,shy,415,414,shy,96.8,0
shyness,shyness,415,414,shyness,96.5,0
Siamese,Siamese,415,414,siamese,96.5,0
sib,sib,415,414,sib,31.9,62.6
sibling,sibling,415,414,sibling,43.0,63.5
slbshlp,slbshlp,415,414,slbshlp,33.6,56.4
sibyl,sibyl,415,414,sibyl,36.8,81.4
sibyllne,sibyllne,415,414,sibyllne,17.5,63.7
sickliness,sickliness,415,414,sickliness,46.1,91.7
sick pay,sick pay,415,414,sick-pay,54.7,47.3
side effect uae!,side effect uae!,415,414,side-effect-uae,74.8,44.1
sldereal,sldereal,415,414,sldereal,37.1,82.5
sidereal day,sidereal day,415,414,sidereal-day,64.6,58.6
sidereal time,sidereal time,415,414,sidereal-time,95.1,0
sidereal year,sidereal year,415,414,sidereal-year,93.9,0
sight bill,sight bill,415,414,sight-bill,44.4,47.2
sight deposit GIS,sight deposit GIS,415,414,sight-deposit-gis,66.6,91.2
sight draft,sight draft,415,414,sight-draft,66.6,67.0
sightseeing g,sightseeing g,415,414,sightseeing-g,56.9,22.4
sightseer,sightseer,415,414,sightseer,89.5,0
slgil .r ~i.:>,slgil .r ~i.:>,415,414,slgil-r-i,89.5,0
sign,sign,415,414,sign,66.6,72.1
signal,signal,415,414,signal,54.6,66.0
signal anxiety,signal anxiety,415,414,signal-anxiety,75.4,75.1
signalization,signalization,415,414,signalization,85.5,66.2
signal learning,signal learning,415,414,signal-learning,41.9,91.3
signalling,signalling,415,414,signalling,25.3,91.7
signalling reflexes,signalling reflexes,415,414,signalling-reflexes,42.7,78.6
signed language,signed language = sign language,415,414,signed-language,96.6,0
signet,signet,415,414,signet,96.9,0
signifiable,signifiable,415,414,signifiable,92.3,0
signifiable,signifiable,415,414,signifiable-2,92.3,75.3
signlficancy,signlficancy = significance,415,414,signlficancy,96.1,0
significance,significance,415,414,significance,96.1,70.0
signlficatio,signlficatio,415,414,signlficatio,69.9,89.3
signification .r,signification .r,415,414,signification-r,69.9,67.8
significatlve,significatlve,415,414,significatlve,47.9,82.4
signlficativeness,signlficativeness,415,414,signlficativeness,52.3,82.0
signlfics,signlfics,415,414,signlfics,26.5,83.9
signified,signified,415,414,signified,26.5,87.2
signifier,signifier,415,414,signifier,49.5,65.5
Signifying,Signifying,415,414,signifying,90.3,83.3
signifying system,signifying system,415,414,signifying-system,90.3,89.4
sign language,sign language,415,414,sign-language,62.3,69.7
sign learning,sign learning,416,415,sign-learning,61.9,83.6
sign stimulus,sign stimulus,416,415,sign-stimulus,43.8,83.2
Sikh,Sikh,416,415,sikh,53.1,90.7
Sikhism,Sikhism,416,415,sikhism,53.1,74.9
silent pause,silent pause,416,415,silent-pause,46.0,58.6
silent speech,silent speech,416,415,silent-speech,42.1,70.0
silent trade,silent trade,416,415,silent-trade,48.4,51.1
silent way,silent way,416,415,silent-way,43.7,66.6
silhouette,silhouette,416,415,silhouette,58.1,65.6
silver age,silver age,416,415,silver-age,96.4,0
silvicolous,silvicolous,416,415,silvicolous,90.5,0
silviculture,silviculture,416,415,silviculture,95.8,0
silviculturist,silviculturist,416,415,silviculturist,92.2,0
SIMIAN,SIMIAN,416,415,simian,71.1,76.4
similar,similar,416,415,similar,71.1,59.7
slmilarity,slmilarity,416,415,slmilarity,59.9,86.0
slmile,slmile,416,415,slmile,40.6,87.5
similia similibus percipiuntur (L.),similia similibus percipiuntur (L.),416,415,similia-similibus-percipiuntur-l,92.2,88.9
similitude,similitude,416,415,similitude,45.5,83.4
slmllitudo (L.),slmllitudo (L.),416,415,slmllitudo-l,45.7,67.3
slmonic(-al),slmonic(-al),416,415,slmonic-al,35.6,70.2
simonist a8,simonist a8,416,415,simonist-a8,56.8,67.1
simony,simony,416,415,simony,36.2,69.8
slmple,slmple,416,415,slmple,38.6,76.4
simple causation odlw cals,simple causation odlw cals,416,415,simple-causation-odlw-cals,63.8,72.0
slmple element,slmple element,416,415,slmple-element,73.9,89.2
simple interest cols,simple interest cols,416,415,simple-interest-cols,80.5,35.2
simple labor oslw lf,simple labor oslw lf,416,415,simple-labor-oslw-lf,68.3,86.5
simple-minded,simple-minded,416,415,simple-minded,48.2,70.1
slmple sentence,slmple sentence,416,415,slmple-sentence,51.8,90.6
Simple substance dee,Simple substance dee,416,415,simple-substance-dee,74.2,61.1
simple vowel,simple vowel,416,415,simple-vowel,54.5,85.2
simpliclty,simpliclty,416,415,simpliclty,22.2,73.0
simplification,simplification,416,415,simplification,27.1,89.1
simplified,simplified,416,415,simplified,10.2,92.2
simplifier,simplifier,416,415,simplifier,39.8,59.6
simplism,simplism,416,415,simplism,13.2,76.7
simplistic,simplistic,416,415,simplistic,13.2,71.7
simulacra (L.),simulacra (L.),416,415,simulacra-l,59.7,93.0
simulacrum (L.) Aiaile,simulacrum (L.) Aiaile,416,415,simulacrum-l-aiaile,60.0,89.9
simulant,simulant,416,415,simulant,41.5,91.3
slmulatlon,slmulatlon,416,415,slmulatlon,47.6,83.6
simulatlve,simulatlve,416,415,simulatlve,30.1,91.8
simulator,simulator,416,415,simulator,41.7,80.0
simultaneous interpretation,simultaneous interpretation,416,415,simultaneous-interpretation,82.8,62.8
simultaneousness,simultaneousness = simultaneity,416,415,simultaneousness,58.4,0.0
simultaneous translation,simultaneous translation,416,415,simultaneous-translation,86.6,91.9
sin,sin,416,415,sin,48.9,57.8
Sinanthropus,Sinanthropus,416,415,sinanthropus,51.7,52.7
Sindhi,Sindhi,416,415,sindhi,44.9,91.5
sinecure,sinecure,416,415,sinecure,45.2,51.8
sinecurist,sinecurist,416,415,sinecurist,36.7,91.5
sine qua Non (Li),sine qua Non (Li),416,415,sine-qua-non-li,64.0,79.8
sinful,sinful,416,415,sinful,64.0,65.7
slnfulness,slnfulness,416,415,slnfulness,25.8,82.4
Slnghalese,Slnghalese,416,415,slnghalese,48.9,88.4
single,single,416,415,single,48.9,72.8
single cause alt cle,single cause alt cle,417,416,single-cause-alt-cle,80.4,51.8
single combat oegiSi>,single combat oegiSi>,417,416,single-combat-oegisi,67.7,91.4
single entry,single entry,417,416,single-entry,96.8,16.7
single hermeneutic,single hermeneutic,417,416,single-hermeneutic,96.4,71.4
singleness,singleness,417,416,singleness,33.9,69.8
single party ies,single party ies,417,416,single-party-ies,77.9,53.3
single tax,single tax,417,416,single-tax,77.9,78.2
singular ok.,singular ok.,417,416,singular-ok,77.7,73.1
singularism,singularism,417,416,singularism,47.5,69.4
singularity,singularity,417,416,singularity,45.2,79.8
singularization,singularization,417,416,singularization,91.5,0
singularness,singularness = singularity,417,416,singularness,91.5,0
Sinhalese,Sinhalese = Singhalese,417,416,sinhalese,92.6,0
Sinicism,Sinicism,417,416,sinicism,42.1,58.8
Sinicized,Sinicized,417,416,sinicized,46.6,75.9
sinister tog,sinister tog,417,416,sinister-tog,62.3,80.5
sinisterness,sinisterness,417,416,sinisterness,35.9,65.2
sinistral,sinistral,417,416,sinistral,95.9,0
sinistral,sinistral,417,416,sinistral-2,95.9,83.6
Sinitic,Sinitic,417,416,sinitic,28.8,55.8
sinking fund,sinking fund,417,416,sinking-fund,54.3,80.9
sinless,sinless,417,416,sinless,55.4,85.9
sinlessness,sinlessness,417,416,sinlessness,55.4,80.4
sinner,sinner,417,416,sinner,50.6,47.7
Slnolog,Slnolog = Sinologue,417,416,slnolog,92.4,0
Sinologist who.»,Sinologist who.»,417,416,sinologist-who,59.1,89.8
Slnologue,Slnologue,417,416,slnologue,48.8,89.6
Sinology,Sinology,417,416,sinology,75.5,0
Sinophile,Sinophile,417,416,sinophile,75.6,0
Sino-Tibetan,Sino-Tibetan,417,416,sino-tibetan,18.2,0
sire,sire,417,416,sire,48.5,0.0
sister,sister,417,416,sister,48.5,74.0
sisterhood,sisterhood,417,416,sisterhood,15.7,68.4
sister-in-law,sister-in-law,417,416,sister-in-law,28.6,65.4
sister language(s),sister language(s),417,416,sister-language-s,78.8,69.9
site,site,417,416,site,78.8,75.5
sit-in,sit-in,417,416,sit-in,39.4,44.3
sit-in strike Cent,sit-in strike Cent,417,416,sit-in-strike-cent,69.5,70.4
sitology,sitology,417,416,sitology,43.0,92.0
Sittllchkelt (G.) _))G.I ~;,Sittllchkelt (G.) _))G.I ~;,417,416,sittllchkelt-g-g-i,33.8,90.2
situated,situated,417,416,situated,96.9,74.7
situatedness,situatedness,417,416,situatedness,47.4,88.2
situation,situation,417,416,situation,35.4,61.4
situational,situational,417,416,situational,48.0,84.2
Situational analysis,Situational analysis,417,416,situational-analysis,88.8,74.5
situational approach,situational approach,417,416,situational-approach,93.1,73.7
situational context,situational context,417,416,situational-context,52.8,79.1
situational feature,situational feature,417,416,situational-feature,50.7,86.9
sltuatlonallsm,sltuatlonallsm,417,416,sltuatlonallsm,53.4,90.9
situational neurosis,situational neurosis,417,416,situational-neurosis,57.4,88.0
situational psychosis,situational psychosis,417,416,situational-psychosis,63.1,83.5
sltuatlonal test,sltuatlonal test,417,416,sltuatlonal-test,53.7,49.0
"situation ethics ~',S'""""'L::,J)G.I","situation ethics ~',S'""""'L::,J)G.I",417,416,situation-ethics-s-l-j-g-i,34.1,92.7
situatlonlsm,situatlonlsm = situationallsm,417,416,situatlonlsm,92.9,0
situationist,situationist,417,416,situationist,52.6,77.7
size,size,417,416,size,48.2,88.0
skeptic,skeptic = sceptic,417,416,skeptic,92.8,0
skepticism,skepticism = scepticism,417,416,skepticism,96.6,0
sketch,sketch,418,417,sketch,42.3,76.8
skew,skew,418,417,skew,34.8,83.4
skewness,skewness,418,417,skewness,25.0,88.3
skill,skill,418,417,skill,37.4,91.4
skilled,skilled,418,417,skilled,96.3,41.9
skilled labor,skilled labor,418,417,skilled-labor,80.4,92.2
skilled worker Wott,skilled worker Wott,418,417,skilled-worker-wott,64.4,90.1
skillful,skillful,418,417,skillful,25.7,84.3
slang,slang,418,417,slang,34.6,58.7
slant,slant,418,417,slant,37.7,65.3
slaughter,slaughter,418,417,slaughter,37.7,65.0
slaughterhouse,slaughterhouse,418,417,slaughterhouse,47.7,46.5
slave,slave,418,417,slave,52.3,63.8
slave morality,slave morality,418,417,slave-morality,24.9,78.5
slave owner,slave owner,418,417,slave-owner,96.4,60.7
slaver,slaver,418,417,slaver,88.1,45.5
slaver,slaver,418,417,slaver-2,88.1,64.7
slave ship,slave ship,418,417,slave-ship,96.4,59.3
slave society,slave society,418,417,slave-society,96.4,71.9
slave system,slave system,418,417,slave-system,95.9,89.4
slave trade,slave trade,418,417,slave-trade,96.6,55.3
Slavic,Slavic,418,417,slavic,41.5,73.8
slavlsh,slavlsh,418,417,slavlsh,69.8,56.3
slavlshness,slavlshness,418,417,slavlshness,39.4,51.5
Slavicist ls.),Slavicist ls.),418,417,slavicist-ls,66.8,89.9
Slavism,Slavism,418,417,slavism,92.4,0
Slavist,Slavist,418,417,slavist,92.8,0
Slavonic,Slavonic,418,417,slavonic,96.1,18.3
Slavophil,Slavophil = Slavophile,418,417,slavophil,92.7,0
Slavophile,Slavophile,418,417,slavophile,92.7,59.7
Slavophilism,Slavophilism,418,417,slavophilism,46.2,77.4
sleepwalker,sleepwalker,418,417,sleepwalker,91.5,44.1
sleepwalker,sleepwalker,418,417,sleepwalker-2,91.5,91.9
slippery slope,slippery slope,418,417,slippery-slope,53.7,87.8
slogan,slogan,418,417,slogan,56.3,62.9
sloganeering,sloganeering,418,417,sloganeering,65.7,86.5
sloganistic,sloganistic,418,417,sloganistic,29.6,74.7
sloganlzing,sloganlzing,418,417,sloganlzing,42.1,84.4
Slovak,Slovak,418,417,slovak,35.6,91.4
Slovaklan,Slovaklan = Slovak,418,417,slovaklan,78.0,53.7
Slovene,Slovene,418,417,slovene,47.9,91.3
slowdown,slowdown,418,417,slowdown,17.9,71.3
slow-witted,slow-witted,418,417,slow-witted,14.6,41.0
slow-wittedness ees,slow-wittedness ees,418,417,slow-wittedness-ees,64.4,41.2
slum,slum,418,417,slum,30.4,88.6
slum area,slum area,418,417,slum-area,42.6,89.3
slum clearance,slum clearance,418,417,slum-clearance,45.5,33.7
slum dweller,slum dweller,418,417,slum-dweller,59.9,85.2
slummer,slummer,418,417,slummer,34.2,78.2
slumming,slumming,418,417,slumming,88.7,83.6
slump,slump,418,417,slump,88.7,85.7
smallholder,smallholder,418,417,smallholder,1.8,33.1
smallholdlng,smallholdlng,418,417,smallholdlng,37.8,10.8
small-scale,small-scale,418,417,small-scale,40.4,77.1
smuggler,smuggler,418,417,smuggler,35.5,55.0
smuggling,smuggling,418,417,smuggling,33.4,46.9
snob,snob,418,417,snob,35.8,87.1
snobbery,snobbery,418,417,snobbery,36.2,85.2
snobbish,snobbish,418,417,snobbish,29.2,91.2
snobbishness,snobbishness = snobblsm,418,417,snobbishness,92.4,0
snobbism,snobbism,418,417,snobbism,80.5,0
soberiety,soberiety,418,417,soberiety,92.9,0
socage,socage,418,417,socage,91.0,80.6
sociability,sociability,418,417,sociability,39.7,52.9
sociable,sociable,418,417,sociable,5.7,74.3
soclableness,soclableness = sociability,418,417,soclableness,95.3,0
soclal,soclal,418,417,soclal,0.0,74.9
social abnormality,social abnormality,419,418,social-abnormality,78.9,39.2
social acceptance cslcel,social acceptance cslcel,419,418,social-acceptance-cslcel,64.2,87.1
soclal accounting,soclal accounting,419,418,soclal-accounting,60.9,73.2
social achievement,social achievement,419,418,social-achievement,89.1,71.0
social acquisitiveness _.cl.->\,social acquisitiveness _.cl.->\,419,418,social-acquisitiveness-cl,59.8,76.2
soclal act,soclal act,419,418,soclal-act,58.2,77.7
soclal action,soclal action,419,418,soclal-action,55.9,10.6
soclal adaptation,soclal adaptation,419,418,soclal-adaptation,59.1,85.4
social adaptativeness,social adaptativeness,419,418,social-adaptativeness,92.7,80.5
social adjustment,social adjustment,419,418,social-adjustment,64.0,65.7
social affairs,social affairs,419,418,social-affairs,96.2,64.9
social age,social age,419,418,social-age,48.3,88.7
soclal aggregate,soclal aggregate,419,418,soclal-aggregate,48.4,64.3
soclal amenities,soclal amenities,419,418,soclal-amenities,32.6,67.8
soclal anabolism,soclal anabolism,419,418,soclal-anabolism,55.1,81.4
soclal analysls,soclal analysls,419,418,soclal-analysls,72.9,75.1
soclal anatomy,soclal anatomy,419,418,soclal-anatomy,54.5,90.2
soclal anchoring,soclal anchoring,419,418,soclal-anchoring,55.0,50.3
social animal,social animal,419,418,social-animal,47.1,62.6
soclal anomie,soclal anomie,419,418,soclal-anomie,51.8,78.7
"social anthropology clz>!_,.i,L.1","social anthropology clz>!_,.i,L.1",419,418,social-anthropology-clz-i-l-1,61.9,90.6
social anthropometry,social anthropometry,419,418,social-anthropometry,48.8,86.5
social anxiety,social anxiety,419,418,social-anxiety,64.1,91.1
social arrangement,social arrangement,419,418,social-arrangement,61.7,67.4
social arts,social arts,419,418,social-arts,61.7,83.1
soclal ascending,soclal ascending,419,418,soclal-ascending,64.2,91.7
social ascent,social ascent,419,418,social-ascent,48.1,90.4
"social asslmllatlon ~I .,,~","social asslmllatlon ~I .,,~",419,418,social-asslmllatlon-i,44.8,74.7
social atom,social atom,419,418,social-atom,64.5,60.5
social attitude,social attitude,419,418,social-attitude,61.8,91.2
social attraction sla! acs,social attraction sla! acs,419,418,social-attraction-sla-acs,57.5,89.2
social authority,social authority,419,418,social-authority,57.5,44.6
social background,social background,419,418,social-background,96.1,77.0
soclal behavior,soclal behavior,419,418,soclal-behavior,59.0,91.5
soclal being,soclal being,419,418,soclal-being,60.7,72.3
soclal bond,soclal bond,419,418,soclal-bond,47.1,88.5
soclal boundary,soclal boundary,419,418,soclal-boundary,48.8,58.3
social cadre,social cadre,419,418,social-cadre,62.4,83.4
social capital,social capital,419,418,social-capital,62.4,88.7
soclal casework,soclal casework,419,418,soclal-casework,64.5,60.8
social caseworker sla! Sua,social caseworker sla! Sua,419,418,social-caseworker-sla-sua,59.6,68.8
soclal category,soclal category,419,418,soclal-category,58.5,91.1
social causation,social causation,419,418,social-causation,49.2,63.2
soclal cause,soclal cause,419,418,soclal-cause,61.8,50.8
soclal change,soclal change,419,418,soclal-change,67.0,80.9
social chaos,social chaos,419,418,social-chaos,67.0,90.0
social character,social character,419,418,social-character,53.5,62.4
social choice olacal,social choice olacal,419,418,social-choice-olacal,64.6,67.5
social clrculatlon,social clrculatlon,419,418,social-clrculatlon,50.4,73.2
soclal class,soclal class,419,418,soclal-class,59.0,91.0
social climate,social climate,419,418,social-climate,47.5,88.6
soclal climber,soclal climber,419,418,soclal-climber,47.5,91.4
soclal climbing,soclal climbing,419,418,soclal-climbing,48.8,85.9
social clique,social clique,419,418,social-clique,96.6,0
social code,social code,419,418,social-code,90.9,0
social coherence,social coherence,419,418,social-coherence,70.0,0
social cohesion,social cohesion,419,418,social-cohesion,94.4,0
soclal communication,soclal communication,419,418,soclal-communication,58.6,90.4
soclal comparison,soclal comparison,419,418,soclal-comparison,46.0,87.8
social configuration,social configuration,419,418,social-configuration,39.5,69.9
soclal conflict,soclal conflict,419,418,soclal-conflict,47.7,89.0
soclal conscience,soclal conscience,419,418,soclal-conscience,47.7,91.3
social consciousness,social consciousness,419,418,social-consciousness,85.4,74.4
social constitution,social constitution,419,418,social-constitution,85.4,52.3
social constraint,social constraint,419,418,social-constraint,42.6,89.6
social constructionism,social constructionism,419,418,social-constructionism,85.0,60.6
social contact,social contact,419,418,social-contact,48.8,85.9
social context,social context,420,419,social-context,48.2,55.4
social contract,social contract,420,419,social-contract,48.2,69.1
soclal control,soclal control,420,419,soclal-control,48.1,71.9
social cost,social cost,420,419,social-cost,48.4,89.6
soclal craze,soclal craze,420,419,soclal-craze,66.9,91.9
soclal creativity,soclal creativity,420,419,soclal-creativity,64.3,74.1
soclal credit,soclal credit,420,419,soclal-credit,49.0,59.3
soclal crisis,soclal crisis,420,419,soclal-crisis,48.6,83.4
social Darwinism,social Darwinism,420,419,social-darwinism,38.6,41.5
soclal deficiency,soclal deficiency,420,419,soclal-deficiency,64.2,87.4
social democracy,social democracy,420,419,social-democracy,39.9,63.5
soclal demography,soclal demography,420,419,soclal-demography,47.5,83.3
social depletion lis!,social depletion lis!,420,419,social-depletion-lis,62.9,85.3
social deprivation,social deprivation,420,419,social-deprivation,51.2,87.0
social deslrabllity,social deslrabllity,420,419,social-deslrabllity,64.3,0.0
social determinism,social determinism,420,419,social-determinism,89.5,67.6
social deterrence,social deterrence,420,419,social-deterrence,62.1,88.4
social development,social development,420,419,social-development,48.7,91.9
social dialectology,social dialectology,420,419,social-dialectology,46.2,89.3
social differentiation,social differentiation,420,419,social-differentiation,96.7,52.5
social dilemma,social dilemma,420,419,social-dilemma,54.8,61.2
soclal direction,soclal direction,420,419,soclal-direction,54.7,83.0
social discontinuity,social discontinuity,420,419,social-discontinuity,51.6,77.4
social disease,social disease,420,419,social-disease,65.9,89.8
social disintegration,social disintegration,420,419,social-disintegration,88.2,84.1
soclal disorder,soclal disorder,420,419,soclal-disorder,48.3,68.4
social disorderliness,social disorderliness,420,419,social-disorderliness,47.8,69.1
social disorganization,social disorganization,420,419,social-disorganization,94.8,75.8
soclal disparity,soclal disparity,420,419,soclal-disparity,51.1,91.0
soclal distance,soclal distance,420,419,soclal-distance,51.2,56.9
soclal drive,soclal drive,420,419,soclal-drive,67.9,79.5
soclal dynamics,soclal dynamics,420,419,soclal-dynamics,54.2,45.8
social dynamism,social dynamism,420,419,social-dynamism,90.2,80.4
social ecology,social ecology,420,419,social-ecology,90.8,77.3
social engineer (slice! te,social engineer (slice! te,420,419,social-engineer-slice-te,58.0,60.8
social engineer (slice! te,social engineer (slice! te,420,419,social-engineer-slice-te-2,58.0,90.3
soclal entity,soclal entity,420,419,soclal-entity,40.2,67.9
social entropy,social entropy,420,419,social-entropy,90.7,70.9
social environment,social environment,420,419,social-environment,54.8,24.5
soclal equilibrium,soclal equilibrium,420,419,soclal-equilibrium,47.9,78.9
social evil place!,social evil place!,420,419,social-evil-place,75.3,65.6
Social evolution,Social evolution,420,419,social-evolution,75.2,71.7
social evolutionism,social evolutionism,420,419,social-evolutionism,48.0,88.3
social existence,social existence,420,419,social-existence,94.2,91.1
social expectation,social expectation,420,419,social-expectation,49.6,60.4
soclal expenditure,soclal expenditure,420,419,soclal-expenditure,50.5,88.2
social facilitation pslezal,social facilitation pslezal,420,419,social-facilitation-pslezal,64.5,88.4
social fact,social fact,420,419,social-fact,89.9,4.1
social factor,social factor,420,419,social-factor,50.7,90.3
social feeling,social feeling,420,419,social-feeling,40.1,71.3
social fermentation,social fermentation,420,419,social-fermentation,30.8,90.6
social fleld,social fleld,420,419,social-fleld,48.2,81.0
social fission,social fission,420,419,social-fission,48.2,79.9
social flxism,social flxism,420,419,social-flxism,43.1,82.1
social formation,social formation,420,419,social-formation,43.1,88.0
social function clare!,social function clare!,420,419,social-function-clare,63.7,59.4
social function clare!,social function clare!,420,419,social-function-clare-2,63.7,91.3
social geography,social geography,420,419,social-geography,48.3,89.2
soclal gesture,soclal gesture,420,419,soclal-gesture,44.1,90.8
soclal good,soclal good,420,419,soclal-good,51.4,71.3
social gradation,social gradation,420,419,social-gradation,51.4,90.8
social gravitation,social gravitation,420,419,social-gravitation,55.4,67.6
social group,social group,420,419,social-group,62.1,71.8
social growth,social growth,421,420,social-growth,64.3,84.9
social habituation cathetel,social habituation cathetel,421,420,social-habituation-cathetel,64.4,68.3
soclal heredity,soclal heredity,421,420,soclal-heredity,48.5,54.7
soclal heritage,soclal heritage,421,420,soclal-heritage,64.4,64.8
social heterogeneity,social heterogeneity,421,420,social-heterogeneity,86.0,78.9
social hierarchy else! ol&l,social hierarchy else! ol&l,421,420,social-hierarchy-else-ol-l,66.2,87.9
social homogeneity,social homogeneity,421,420,social-homogeneity,48.2,91.3
social hygiene,social hygiene,421,420,social-hygiene,65.0,74.7
soclal Ideal,soclal Ideal,421,420,soclal-ideal,66.2,86.7
soclal identity,soclal identity,421,420,soclal-identity,66.4,44.9
social imaginary,social imaginary,421,420,social-imaginary,50.2,86.7
social Immobility,social Immobility,421,420,social-immobility,48.1,53.1
soclal Imperative,soclal Imperative,421,420,soclal-imperative,47.2,52.3
soclal lmperlalism,soclal lmperlalism,421,420,soclal-lmperlalism,49.4,88.8
soclal Indicator,soclal Indicator,421,420,soclal-indicator,54.5,87.3
social-industrial complex,social-industrial complex,421,420,social-industrial-complex,92.9,65.2
soclal Inheritance,soclal Inheritance,421,420,soclal-inheritance,55.7,83.9
soclal Inhibition,soclal Inhibition,421,420,soclal-inhibition,48.6,87.1
social insight,social insight,421,420,social-insight,54.2,86.5
social Instability,social Instability,421,420,social-instability,54.2,85.1
soclal Instinct,soclal Instinct,421,420,soclal-instinct,57.1,72.8
social institution islets,social institution islets,421,420,social-institution-islets,71.4,67.3
social Insurance,social Insurance,421,420,social-insurance,48.3,85.0
soclal Integration,soclal Integration,421,420,soclal-integration,48.2,78.9
soclal Interaction,soclal Interaction,421,420,soclal-interaction,56.5,81.1
soclal Investment,soclal Investment,421,420,soclal-investment,45.4,76.5
socialism,socialism,421,420,socialism,47.7,87.5
social isolate,social isolate,421,420,social-isolate,85.2,84.1
social isolate,social isolate,421,420,social-isolate-2,85.2,83.2
soclalistlc,soclalistlc,421,420,soclalistlc,48.3,89.3
socialist realism,socialist realism,421,420,socialist-realism,54.6,88.7
socialite,socialite,421,420,socialite,54.6,55.9
soclality,soclality,421,420,soclality,30.0,87.2
socialization,socialization,421,420,socialization,48.8,70.8
socialized,socialized,421,420,socialized,82.5,73.4
socialized drive,socialized drive,421,420,socialized-drive,55.3,84.8
soclallzed medicine,soclallzed medicine,421,420,soclallzed-medicine,48.2,87.4
socializer,socializer,421,420,socializer,17.4,0.0
social katabolism,social katabolism,421,420,social-katabolism,53.8,89.4
social lag,social lag,421,420,social-lag,55.8,57.9
social layer,social layer,421,420,social-layer,55.9,90.6
social learning,social learning,421,420,social-learning,42.8,77.0
social life,social life,421,420,social-life,57.6,91.0
social maladjustment,social maladjustment,421,420,social-maladjustment,40.8,86.4
social man,social man,421,420,social-man,44.0,85.6
social mania,social mania,421,420,social-mania,44.0,82.6
social manners,social manners,421,420,social-manners,62.5,69.0
social maturity,social maturity,421,420,social-maturity,51.7,81.2
social meaning,social meaning,421,420,social-meaning,51.7,92.0
"social metabolism JL..,_","social metabolism JL..,_",421,420,social-metabolism-jl,37.5,71.5
social mind,social mind,421,420,social-mind,51.7,91.1
soclal-mlndedness,soclal-mlndedness,421,420,soclal-mlndedness,41.6,56.8
social mobility,social mobility,421,420,social-mobility,52.6,79.4
social monism,social monism,421,420,social-monism,46.0,70.0
social morals else! ae!,social morals else! ae!,421,420,social-morals-else-ae,60.1,69.2
social movement,social movement,421,420,social-movement,48.0,76.6
social mutation,social mutation,421,420,social-mutation,92.7,90.3
soclal necessity,soclal necessity,421,420,soclal-necessity,38.8,79.1
soclal need,soclal need,421,420,soclal-need,54.3,84.8
soclal nexus,soclal nexus,421,420,soclal-nexus,53.1,50.7
social nomlnallsm,social nomlnallsm,421,420,social-nomlnallsm,55.1,91.4
social norm,social norm,421,420,social-norm,47.2,56.8
soclal normlessness,soclal normlessness,421,420,soclal-normlessness,38.3,88.3
social nucleus.,social nucleus.,421,420,social-nucleus,47.9,92.1
soclal object,soclal object,422,421,soclal-object,54.7,52.8
social opposition,social opposition,422,421,social-opposition,96.4,87.9
social optimum,social optimum,422,421,social-optimum,52.5,54.7
social order,social order,422,421,social-order,29.0,66.3
social orderliness,social orderliness,422,421,social-orderliness,83.4,66.6
soclal organ,soclal organ,422,421,soclal-organ,70.3,73.8
social organism,social organism,422,421,social-organism,70.3,91.5
social orientation,social orientation,422,421,social-orientation,38.6,78.4
social origin,social origin,422,421,social-origin,64.1,91.1
social ossification,social ossification,422,421,social-ossification,50.5,79.0
social ownership,social ownership,422,421,social-ownership,53.4,56.6
soclal panic,soclal panic,422,421,soclal-panic,48.8,57.8
social parasite,social parasite,422,421,social-parasite,48.8,74.8
social parasitism sel SJ&i,social parasitism sel SJ&i,422,421,social-parasitism-sel-sj-i,60.5,59.9
soclal partner,soclal partner,422,421,soclal-partner,57.4,74.6
soclal pathology,soclal pathology,422,421,soclal-pathology,55.4,85.1
soclal perception,soclal perception,422,421,soclal-perception,64.6,68.2
soclal phenomena,soclal phenomena,422,421,soclal-phenomena,49.4,58.8
soclal phobia,soclal phobia,422,421,soclal-phobia,54.9,91.9
social physics,social physics,422,421,social-physics,53.5,87.9
"social planner else! pac,","social planner else! pac,",422,421,social-planner-else-pac,55.7,81.0
soclal planning,soclal planning,422,421,soclal-planning,55.7,66.3
social polarity,social polarity,422,421,social-polarity,48.3,90.9
soclal policy,soclal policy,422,421,soclal-policy,63.7,62.0
social politesse theta,social politesse theta,422,421,social-politesse-theta,72.8,83.3
social potential else! ily,social potential else! ily,422,421,social-potential-else-ily,68.9,91.6
social power,social power,422,421,social-power,64.3,62.0
soclal pressure,soclal pressure,422,421,soclal-pressure,61.1,91.2
soclal prestige,soclal prestige,422,421,soclal-prestige,54.3,81.0
social problem,social problem,422,421,social-problem,96.1,74.3
social process,social process,422,421,social-process,96.2,62.3
social product celal,social product celal,422,421,social-product-celal,64.0,86.5
social propagation slsal sly,social propagation slsal sly,422,421,social-propagation-slsal-sly,58.3,54.9
soclal provision,soclal provision,422,421,soclal-provision,60.2,89.3
social psychiatry,social psychiatry,422,421,social-psychiatry,30.5,57.3
soclal-psychological,soclal-psychological,422,421,soclal-psychological,30.6,91.0
social psychologist,social psychologist,422,421,social-psychologist,50.2,89.1
social psychology,social psychology,422,421,social-psychology,83.2,88.7
social psychopathology,social psychopathology,422,421,social-psychopathology,95.8,74.9
social pyramid,social pyramid,422,421,social-pyramid,95.9,60.8
social qualification,social qualification,422,421,social-qualification,45.8,30.5
social ranking use,social ranking use,422,421,social-ranking-use,55.6,91.9
social realism,social realism,422,421,social-realism,44.8,64.0
soclal reality,soclal reality,422,421,soclal-reality,53.6,69.0
social recognition plaza! lols,social recognition plaza! lols,422,421,social-recognition-plaza-lols,56.8,90.0
social recreations,social recreations,422,421,social-recreations,77.2,88.3
social reform,social reform,422,421,social-reform,91.3,73.8
social regulation lace! lg,social regulation lace! lg,422,421,social-regulation-lace-lg,57.3,59.1
social reinforcement,social reinforcement,422,421,social-reinforcement,85.7,69.3
social rejection,social rejection,422,421,social-rejection,85.7,82.4
social relation,social relation,422,421,social-relation,45.6,89.1
social relationship,social relationship,422,421,social-relationship,95.3,90.1
social reorganization,social reorganization,422,421,social-reorganization,90.6,89.3
social repression,social repression,422,421,social-repression,48.6,69.3
social reputation,social reputation,422,421,social-reputation,94.5,76.8
social research,social research,422,421,social-research,37.0,78.0
social resource,social resource,422,421,social-resource,64.3,91.7
social restraint,social restraint,422,421,social-restraint,64.3,90.2
social retrogression,social retrogression,422,421,social-retrogression,41.8,53.6
social revolution,social revolution,422,421,social-revolution,50.4,81.4
social rhythm place!,social rhythm place!,422,421,social-rhythm-place,74.7,91.3
social rite (s),social rite (s),422,421,social-rite-s,74.7,76.5
social rituals,social rituals,423,422,social-rituals,96.4,77.0
social role,social role,423,422,social-role,96.5,0
social sanction,social sanction,423,422,social-sanction,96.7,0
social satisfaction,social satisfaction,423,422,social-satisfaction,96.7,0
social scale,social scale,423,422,social-scale,96.3,0
social science,social science,423,422,social-science,96.5,0
social sciences,social sciences,423,422,social-sciences,96.6,0
social sector,social sector,423,422,social-sector,96.5,0
social security,social security,423,422,social-security,96.5,0
social selection,social selection,423,422,social-selection,96.8,0
social self,social self,423,422,social-self,96.8,0
social sense,social sense,423,422,social-sense,96.5,0
social sensitivity,social sensitivity,423,422,social-sensitivity,95.8,0
social service,social service,423,422,social-service,96.6,0
social solidarity,social solidarity,423,422,social-solidarity,96.3,0
social space,social space,423,422,social-space,96.5,0
social staticism,social staticism,423,422,social-staticism,93.2,0
social statics,social statics,423,422,social-statics,95.8,0
social statics,social statics,423,422,social-statics-2,95.8,91.8
soclal status,soclal status,423,422,soclal-status,52.9,85.7
soclal stlmulation,soclal stlmulation,423,422,soclal-stlmulation,63.7,81.8
social strata,social strata,423,422,social-strata,48.5,85.1
soclal stratification,soclal stratification,423,422,soclal-stratification,52.9,90.5
soclal stratum,soclal stratum,423,422,soclal-stratum,57.7,90.4
social strictures,social strictures,423,422,social-strictures,84.2,61.0
social strictures,social strictures,423,422,social-strictures-2,84.2,52.8
social studies,social studies,423,422,social-studies,65.7,73.9
soclal surplus,soclal surplus,423,422,soclal-surplus,51.2,82.0
soclal survey,soclal survey,423,422,soclal-survey,56.0,76.7
soclal survival,soclal survival,423,422,soclal-survival,56.0,85.2
soclal synthesis,soclal synthesis,423,422,soclal-synthesis,47.6,55.0
soclal system,soclal system,423,422,soclal-system,58.3,85.9
soclal technique,soclal technique,423,422,soclal-technique,54.3,57.3
social technology,social technology,423,422,social-technology,48.3,89.0
social telesls,social telesls,423,422,social-telesls,57.8,82.2
social telics,social telics,423,422,social-telics,47.4,84.2
social temper i,social temper i,423,422,social-temper-i,84.9,14.8
social tension,social tension,423,422,social-tension,52.7,87.2
social theory,social theory,423,422,social-theory,60.1,86.1
social thought tlc! atl,social thought tlc! atl,423,422,social-thought-tlc-atl,67.3,86.0
social time,social time,423,422,social-time,63.0,69.1
social transmission,social transmission,423,422,social-transmission,48.1,77.7
social trends,social trends,423,422,social-trends,48.0,91.1
social type,social type,423,422,social-type,46.1,90.8
social understanding,social understanding,423,422,social-understanding,57.0,86.5
social union,social union,423,422,social-union,61.6,84.4
social unit,social unit,423,422,social-unit,53.5,80.2
social unrest,social unrest,423,422,social-unrest,53.5,79.9
soclal valuatlon,soclal valuatlon,423,422,soclal-valuatlon,64.1,76.9
social value,social value,423,422,social-value,64.4,87.5
social wage,social wage,423,422,social-wage,64.4,88.8
soclal welfare,soclal welfare,423,422,soclal-welfare,53.5,85.8
social wholes,social wholes,423,422,social-wholes,53.5,49.5
social will,social will,423,422,social-will,47.5,88.2
soclal work,soclal work,423,422,soclal-work,50.5,84.7
soclal worker,soclal worker,423,422,soclal-worker,50.5,86.7
soclation,soclation,423,422,soclation,48.4,44.4
societal,societal,423,422,societal,22.3,89.8
socletal forces,socletal forces,423,422,socletal-forces,22.3,82.5
societal pattern,societal pattern,423,422,societal-pattern,53.6,68.6
societal phenomena,societal phenomena,423,422,societal-phenomena,47.2,87.5
societal process,societal process,423,422,societal-process,47.6,59.4
societal wholes,societal wholes,423,422,societal-wholes,46.5,46.3
societary,societary = socletal,423,422,societary,46.5,0
society,society,423,422,society,27.8,0
"Socinian d,-, <~","Socinian d,-, <~",423,422,socinian-d,39.3,83.7
Socinianism,Socinianism,423,422,socinianism,91.8,83.9
socioanalysls,socioanalysls,423,422,socioanalysls,23.3,65.0
sociobiology,sociobiology,424,423,sociobiology,38.0,79.3
sociocenter,sociocenter,424,423,sociocenter,30.6,88.8
soclocentric,soclocentric,424,423,soclocentric,44.5,69.6
soclocentrlcity,soclocentrlcity,424,423,soclocentrlcity,45.2,22.0
soclocentrism,soclocentrism,424,423,soclocentrism,45.9,62.7
socio-cultural,socio-cultural,424,423,socio-cultural,48.0,75.3
sociodrama,sociodrama,424,423,sociodrama,45.8,59.7
soclodynamics,soclodynamics,424,423,soclodynamics,45.8,90.2
soclodynamism,soclodynamism,424,423,soclodynamism,41.7,75.7
socio-economic,socio-economic,424,423,socio-economic,30.6,49.5
sociofugal,sociofugal,424,423,sociofugal,36.6,87.3
soclogenetlc,soclogenetlc,424,423,soclogenetlc,45.6,72.1
soclogenic,soclogenic,424,423,soclogenic,50.3,76.5
soclogeny,soclogeny,424,423,soclogeny,52.0,84.7
sociogram,sociogram,424,423,sociogram,46.2,69.3
soclographer,soclographer,424,423,soclographer,45.8,81.2
soclography,soclography,424,423,soclography,30.4,72.4
sociohistorical,sociohistorical,424,423,sociohistorical,45.2,63.0
soclolatry,soclolatry,424,423,soclolatry,46.5,87.6
sociolect,sociolect,424,423,sociolect,36.7,59.8
socio-legal,socio-legal,424,423,socio-legal,46.1,81.2
soclollnguist,soclollnguist,424,423,soclollnguist,33.9,67.8
soclolinguistic,soclolinguistic,424,423,soclolinguistic,44.3,67.3
soclolinguistics,soclolinguistics,424,423,soclolinguistics,44.3,46.2
sociologlcal,sociologlcal,424,423,sociologlcal,38.9,60.7
sociological determinism,sociological determinism,424,423,sociological-determinism,96.6,71.2
sociological law,sociological law,424,423,sociological-law,96.5,48.2
sociological norms,sociological norms,424,423,sociological-norms,96.6,56.9
sociological trends,sociological trends,424,423,sociological-trends,96.2,39.2
sociological units,sociological units,424,423,sociological-units,96.8,41.8
sociologism,sociologism,424,423,sociologism,35.1,90.4
sociologist,sociologist,424,423,sociologist,48.0,90.7
sociology,sociology,424,423,sociology,31.6,86.9
sociology of education,sociology of education,424,423,sociology-of-education,92.9,60.6
SOCIOiogy of family,SOCIOiogy of family,424,423,socioiogy-of-family,55.2,82.0
sociology of knowledge,sociology of knowledge,424,423,sociology-of-knowledge,93.8,89.2
sociology of law,sociology of law,424,423,sociology-of-law,57.8,79.0
sociology of poverty ii _plteul,sociology of poverty ii _plteul,424,423,sociology-of-poverty-ii-plteul,63.4,49.6
sociology of religion,sociology of religion,424,423,sociology-of-religion,87.7,31.4
sociometric,sociometric,424,423,sociometric,87.7,40.7
sociometrlcs,sociometrlcs,424,423,sociometrlcs,22.8,0
Sociometric test,Sociometric test,424,423,sociometric-test,75.8,0
soclometry,soclometry,424,423,soclometry,74.6,0
sociopath,sociopath,424,423,sociopath,84.1,0
sociopathic,sociopathic,424,423,sociopathic,82.0,0
sociopathy,sociopathy,424,423,sociopathy,67.6,0
sociopetal,sociopetal,424,423,sociopetal,25.7,0
socio-political,socio-political,424,423,socio-political,69.0,0
soclo-rellglous,soclo-rellglous,424,423,soclo-rellglous,48.8,0
sociosphere,sociosphere,424,423,sociosphere,48.8,77.5
soclotherapy,soclotherapy,424,423,soclotherapy,16.2,83.0
soclous,soclous,424,423,soclous,48.4,80.1
Socratic,Socratic,424,423,socratic,67.1,73.3
Socratic Irony,Socratic Irony,424,423,socratic-irony,49.4,82.4
Socratic method,Socratic method,424,423,socratic-method,59.2,75.4
sodality,sodality,424,423,sodality,91.4,60.3
sodom,sodom,424,423,sodom,14.4,43.8
sodomy,sodomy,424,423,sodomy,48.4,68.9
soft determinism,soft determinism,424,423,soft-determinism,45.6,67.8
soft drug,soft drug,424,423,soft-drug,62.8,23.3
soft orientation “sje,soft orientation “sje,425,424,soft-orientation-sje,70.6,43.5
soft science,soft science,425,424,soft-science,66.9,75.4
software,software,425,424,software,68.0,31.0
"solar day jg 4S,","solar day jg 4S,",425,424,solar-day-jg-4s,74.8,82.0
solar month,solar month,425,424,solar-month,48.3,92.2
solar system,solar system,425,424,solar-system,51.7,86.2
solar year,solar year,425,424,solar-year,67.6,78.3
soldan,soldan,425,424,soldan,43.8,74.8
soleclsm,soleclsm,425,424,soleclsm,43.8,82.5
soleclst,soleclst,425,424,soleclst,37.6,78.1
solecistic,solecistic,425,424,solecistic,28.2,83.0
solidarity,solidarity,425,424,solidarity,49.1,23.8
sollloqulst,sollloqulst,425,424,sollloqulst,68.0,54.4
soliloquy,soliloquy,425,424,soliloquy,48.0,83.5
SOlipsisM,SOlipsisM,425,424,solipsism,84.7,90.1
SOlipsisM,SOlipsisM,425,424,solipsism-2,84.7,70.9
sollpsistic,sollpsistic,425,424,sollpsistic,68.7,72.7
solitariness,solitariness,425,424,solitariness,80.0,78.1
solitary,solitary,425,424,solitary,80.0,77.6
solitary confinement old gis;,solitary confinement old gis;,425,424,solitary-confinement-old-gis,60.3,72.9
solitude,solitude,425,424,solitude,94.5,65.3
solitudinarian,solitudinarian,425,424,solitudinarian,92.8,68.0
Solutrean,Solutrean,425,424,solutrean,93.3,74.8
Solutrlan,Solutrlan = Solutrean,425,424,solutrlan,92.6,0
solvency,solvency,425,424,solvency,96.4,0
solvent,solvent,425,424,solvent,95.7,0
soma,soma,425,424,soma,96.4,0
Somali,Somali,425,424,somali,96.5,0
somatic,somatic,425,424,somatic,96.4,0
Somatic anthropology,Somatic anthropology,425,424,somatic-anthropology,68.8,68.9
somatic datum,somatic datum,425,424,somatic-datum,74.2,66.3
somatic disorder AS SLLL,somatic disorder AS SLLL,425,424,somatic-disorder-as-slll,66.4,68.1
somatic therapy la et,somatic therapy la et,425,424,somatic-therapy-la-et,61.5,42.9
somatogenetic shes,somatogenetic shes,425,424,somatogenetic-shes,55.1,91.3
somatogenic,somatogenic = somatogenetlc,425,424,somatogenic,55.1,0
somatological,somatological,425,424,somatological,41.0,0
somatology,somatology,425,424,somatology,68.8,0
somatopsychic,somatopsychic,425,424,somatopsychic,14.1,0
somatotonia,somatotonia,425,424,somatotonia,72.8,0
somatotonic,somatotonic,425,424,somatotonic,83.6,0
somatotype,somatotype,425,424,somatotype,90.4,0
somatotypic,somatotypic,425,424,somatotypic,65.1,0
somatotypology,somatotypology,425,424,somatotypology,62.6,0
somesthesia,somesthesia,425,424,somesthesia,9.3,0
somnambular,somnambular,425,424,somnambular,51.0,0
somnambulism,somnambulism,425,424,somnambulism,44.9,0
somnambulist,somnambulist,425,424,somnambulist,54.6,0
somnambulistic,somnambulistic,425,424,somnambulistic,39.1,0
somnifacient,somnifacient,425,424,somnifacient,78.8,0
somniferous,somniferous,425,424,somniferous,47.0,0
somnlfic,somnlfic = somniferous,425,424,somnlfic,92.4,0
somniloquence,somniloquence,425,424,somniloquence,18.0,50.4
somniloquy,somniloquy = somnlloquence,425,424,somniloquy,91.9,0
somniloquence,somniloquence,425,424,somniloquence-2,91.9,91.2
somnolent,somnolent,425,424,somnolent,23.0,91.0
son et lumiére (Fr) laos,son et lumiére (Fr) laos,425,424,son-et-lumi-re-fr-laos,57.0,56.4
song,song,425,424,song,57.8,86.4
songfest,songfest,425,424,songfest,87.7,75.0
songsmith,songsmith,425,424,songsmith,87.7,75.1
songster,songster,425,424,songster,26.1,62.5
songwriter,songwriter,425,424,songwriter,25.9,91.6
son-in-law obs,son-in-law obs,425,424,son-in-law-obs,62.0,96.7
sonnet,sonnet,425,424,sonnet,32.0,40.8
sonneteer,sonneteer,425,424,sonneteer,39.6,77.4
sonorant,sonorant,426,425,sonorant,87.4,68.4
sonority,sonority,426,425,sonority,87.4,65.0
sonorous,sonorous,426,425,sonorous,95.3,0
sonorousness,sonorousness,426,425,sonorousness,91.7,0
sooth,sooth,426,425,sooth,31.7,62.1
soothfast,soothfast,426,425,soothfast,46.1,72.1
soothsayer,soothsayer,426,425,soothsayer,49.2,80.5
soothsaying,soothsaying,426,425,soothsaying,38.8,87.6
sophia (Gr.),sophia (Gr.),426,425,sophia-gr,90.5,75.2
sophism,sophism,426,425,sophism,43.8,68.8
sophist,sophist,426,425,sophist,43.8,71.5
sophistlc(-al),sophistlc(-al),426,425,sophistlc-al,36.8,76.4
sophisticate,sophisticate,426,425,sophisticate,36.8,39.8
sophisticated,sophisticated,426,425,sophisticated,29.0,60.9
"sophistication c?lfa ,J~","sophistication c?lfa ,J~",426,425,sophistication-c-lfa-j,12.7,81.6
sophistry,sophistry,426,425,sophistry,48.7,63.4
sop hoc racy,sop hoc racy,426,425,sop-hoc-racy,44.7,54.0
soporlferous,soporlferous,426,425,soporlferous,46.1,49.9
soporiferousness,soporiferousness,426,425,soporiferousness,46.0,91.3
soporific,soporific,426,425,soporific,31.6,81.2
Sorbonlst,Sorbonlst,426,425,sorbonlst,40.5,45.6
sorcerer,sorcerer,426,425,sorcerer,48.3,86.7
sorceress,sorceress,426,425,sorceress,48.3,92.4
sorcerous,sorcerous,426,425,sorcerous,48.3,76.8
sorcery,sorcery,426,425,sorcery,48.1,91.5
sorites,sorites,426,425,sorites,53.8,70.6
sororal,sororal,426,425,sororal,53.8,91.2
sororal polygyny,sororal polygyny,426,425,sororal-polygyny,61.2,88.0
sororate,sororate,426,425,sororate,34.8,67.5
sororicide,sororicide,426,425,sororicide,50.9,23.4
sorority,sorority,426,425,sorority,40.2,27.1
sorter,sorter,426,425,sorter,21.6,8.6
sortilege,sortilege,426,425,sortilege,48.9,70.2
sorting ye,sorting ye,426,425,sorting-ye,57.0,86.5
soteriologic(-al),soteriologic(-al),426,425,soteriologic-al,44.2,0
soterlology,soterlology,426,425,soterlology,41.2,49.9
Sotho,Sotho,426,425,sotho,27.6,83.5
soul,soul,426,425,soul,28.0,88.7
soul-image,soul-image,426,425,soul-image,40.6,88.4
soul loss,soul loss,426,425,soul-loss,29.5,87.4
soul-stuff,soul-stuff,426,425,soul-stuff,19.2,84.1
soul substance,soul substance,426,425,soul-substance,19.2,88.7
sound,sound,426,425,sound,27.3,75.0
sound,sound,426,425,sound-2,43.3,53.8
sound bite,sound bite,426,425,sound-bite,78.9,62.4
sound change,sound change,426,425,sound-change,45.8,65.6
sound law,sound law,426,425,sound-law,38.2,79.2
soundness,soundness,426,425,soundness,35.9,82.9
sound organs,sound organs,426,425,sound-organs,46.5,85.5
sound shift,sound shift,426,425,sound-shift,52.7,81.2
sound symbolism,sound symbolism,426,425,sound-symbolism,34.3,79.2
sound system,sound system,426,425,sound-system,53.5,87.4
source,source,426,425,source,8.2,71.0
source book,source book,426,425,source-book,34.1,65.2
source document,source document,426,425,source-document,86.1,0
source language,source language,426,425,source-language,88.5,77.5
source material Lol cabo,source material Lol cabo,426,425,source-material-lol-cabo,66.8,67.9
souteneur jul,souteneur jul,427,426,souteneur-jul,75.3,81.9
southern,southern,427,426,southern,75.3,91.6
southerner,southerner,427,426,southerner,43.0,76.2
Southern Hemisphere,Southern Hemisphere,427,426,southern-hemisphere,81.3,28.6
Southernism,Southernism,427,426,southernism,91.2,75.3
souvenir,souvenir,427,426,souvenir,29.6,70.5
sovereign,sovereign,427,426,sovereign,25.3,70.3
sovereign affairs,sovereign affairs,427,426,sovereign-affairs,96.4,77.0
sovereign state,sovereign state,427,426,sovereign-state,48.2,53.5
sovereign-subordinate relationship,sovereign-subordinate relationship,427,426,sovereign-subordinate-relationship,93.8,67.0
sovereignty,sovereignty,427,426,sovereignty,42.7,87.1
soviet,soviet,427,426,soviet,32.1,52.6
sovletlzatlon,sovletlzatlon,427,426,sovletlzatlon,91.5,86.9
sovkhoz (R.) SIRI,sovkhoz (R.) SIRI,427,426,sovkhoz-r-siri,68.1,67.9
space,space,427,426,space,47.9,76.0
space blology,space blology = exoblology,427,426,space-blology,96.7,0
spaceborne,spaceborne,427,426,spaceborne,32.4,88.2
spaceborne satellite,spaceborne satellite,427,426,spaceborne-satellite,54.3,86.8
space-bound,space-bound,427,426,space-bound,91.8,0
spacecraft,spacecraft,427,426,spacecraft,96.4,0
space flight,space flight,427,426,space-flight,96.8,0
space law,space law,427,426,space-law,96.5,0
space-like,space-like,427,426,space-like,92.1,0
spaceman,spaceman,427,426,spaceman,91.5,0
space medicine,space medicine,427,426,space-medicine,96.6,0
space opera,space opera,427,426,space-opera,47.7,70.5
Space perception,Space perception,427,426,space-perception,83.6,70.9
space planning,space planning,427,426,space-planning,58.9,74.4
spaceport,spaceport,427,426,spaceport,11.8,66.4
space probe,space probe,427,426,space-probe,11.8,87.5
space psychology,space psychology,427,426,space-psychology,50.5,69.8
space science,space science,427,426,space-science,59.0,90.1
spaceship; space ship,spaceship; space ship,427,426,spaceship-space-ship,51.6,42.5
space shuttle,space shuttle,427,426,space-shuttle,47.0,68.2
space sickness 5d5-Lad,space sickness 5d5-Lad,427,426,space-sickness-5d5-lad,63.6,86.0
space station,space station,427,426,space-station,51.8,83.3
space-time,space-time,427,426,space-time,31.4,43.7
space vehicle,space vehicle,427,426,space-vehicle,31.4,60.9
space walk,space walk,427,426,space-walk,48.4,90.5
space walker,space walker,427,426,space-walker,62.2,92.6
spaceward,spaceward,427,426,spaceward,32.2,92.0
spacial,spacial = spatlal,427,426,spacial,32.2,0
spaclallty,spaclallty = spatlallty,427,426,spaclallty,91.1,0
spagyrlc(-al),spagyrlc(-al),427,426,spagyrlc-al,33.9,79.7
span,span,427,426,span,33.9,70.6
Spaniard,Spaniard,427,426,spaniard,38.2,88.3
Spanish,Spanish,427,426,spanish,26.8,91.8
Spanish-American,Spanish-American,427,426,spanish-american,30.7,26.2
span of apprehension,span of apprehension,427,426,span-of-apprehension,53.6,80.1
"span of consciousness _,al51 sl+1,5","span of consciousness _,al51 sl+1,5",427,426,span-of-consciousness-al51-sl-1-5,64.2,78.1
span of control,span of control,427,426,span-of-control,57.3,82.0
Spartan,Spartan,427,426,spartan,53.2,72.2
Spartanlsm,Spartanlsm,427,426,spartanlsm,60.5,81.4
spatlal,spatlal,427,426,spatlal,62.2,75.5
spatlal abllitles,spatlal abllitles,427,426,spatlal-abllitles,56.1,89.8
spatial distribution Se lady,spatial distribution Se lady,427,426,spatial-distribution-se-lady,61.8,70.5
spatiallzatlon,spatiallzatlon,428,427,spatiallzatlon,50.9,61.6
spatialized,spatialized,428,427,spatialized,46.4,77.5
spatializing,spatializing,428,427,spatializing,45.9,49.9
spatial mobility wlslb,spatial mobility wlslb,428,427,spatial-mobility-wlslb,70.4,91.1
"spatial order lai kl,","spatial order lai kl,",428,427,spatial-order-lai-kl,73.2,86.7
spatial orientation,spatial orientation,428,427,spatial-orientation,54.2,68.3
spatial planning,spatial planning,428,427,spatial-planning,58.1,72.4
spatial relation olic.i,spatial relation olic.i,428,427,spatial-relation-olic-i,63.1,58.5
spatio-temporal,spatio-temporal,428,427,spatio-temporal,10.3,49.9
speaker,speaker,428,427,speaker,60.5,54.8
special,special,428,427,special,48.3,72.2
special act,special act,428,427,special-act,64.8,80.1
special case,special case,428,427,special-case,96.5,9.6
special education,special education,428,427,special-education,96.3,69.9
spec la envoy,spec la envoy,428,427,spec-la-envoy,61.6,82.2
special fund og Gite,special fund og Gite,428,427,special-fund-og-gite,72.7,85.8
specialism,specialism,428,427,specialism,72.7,68.9
specialist,specialist,428,427,specialist,56.4,59.6
specialistic,specialistic,428,427,specialistic,25.6,68.2
speciality,speciality = specialty,428,427,speciality,95.9,0
specializatlon,specializatlon,428,427,specializatlon,95.9,65.0
specialized,specialized,428,427,specialized,26.6,66.2
specialized training,specialized training,428,427,specialized-training,96.8,79.5
special jury O29,special jury O29,428,427,special-jury-o29,70.7,87.0
special school,special school,428,427,special-school,48.3,86.9
special stock,special stock,428,427,special-stock,52.9,76.7
specialty,specialty,428,427,specialty,96.1,0
speciating hes,speciating hes,428,427,speciating-hes,71.1,82.1
speclation,speclation,428,427,speclation,72.8,82.1
species,species,428,427,species,50.4,79.9
specieslsm,specieslsm,428,427,specieslsm,50.4,86.4
species-specific,species-specific,428,427,species-specific,96.7,49.5
species-typical,species-typical,428,427,species-typical,6.1,53.4
specific,specific,428,427,specific,22.6,66.2
specific ability,specific ability,428,427,specific-ability,46.6,79.3
specification,specification,428,427,specification,46.6,45.3
specificative lad Sg,specificative lad Sg,428,427,specificative-lad-sg,58.9,57.3
specificity,specificity,428,427,specificity,58.9,67.6
specifier,specifier,428,427,specifier,29.3,28.3
specimen,specimen,428,427,specimen,41.8,86.6
specious,specious,428,427,specious,41.8,73.9
speciousness,speciousness,428,427,speciousness,23.6,84.3
specious present od,specious present od,428,427,specious-present-od,67.8,69.2
spectacle,spectacle,428,427,spectacle,41.0,68.5
spectacular,spectacular,428,427,spectacular,33.5,70.8
spectator,spectator,428,427,spectator,45.5,84.9
specter,specter,428,427,specter,45.5,41.7
spectral,spectral,428,427,spectral,43.9,44.0
spectrality,spectrality,428,427,spectrality,29.7,47.8
spectralness,spectralness = spectrality,428,427,spectralness,92.7,0
spectre,spectre = specter,428,427,spectre,92.7,0
speculation,speculation,428,427,speculation,96.0,75.3
speculative,speculative,428,427,speculative,18.4,73.2
speculative argument,speculative argument,428,427,speculative-argument,47.7,82.5
speculative cosmology,speculative cosmology,428,427,speculative-cosmology,84.1,71.4
speculative grammar |x: one),speculative grammar |x: one),428,427,speculative-grammar-x-one,58.9,89.9
speculatlve idealism,speculatlve idealism,428,427,speculatlve-idealism,46.5,78.5
speculative metaphysics,speculative metaphysics,429,428,speculative-metaphysics,96.5,83.6
speculatlveness,speculatlveness,429,428,speculatlveness,50.3,59.5
speculative philosophy sls cai.li,speculative philosophy sls cai.li,429,428,speculative-philosophy-sls-cai-li,58.9,87.7
speculative reason Gy Jie,speculative reason Gy Jie,429,428,speculative-reason-gy-jie,76.4,83.7
speculative science Si gle,speculative science Si gle,429,428,speculative-science-si-gle,74.3,91.2
speculative theism,speculative theism,429,428,speculative-theism,76.7,81.7
speculator,speculator,429,428,speculator,31.9,73.1
speech,speech,429,428,speech,48.1,86.1
speech-act,speech-act,429,428,speech-act,53.2,53.4
speech-act theory,speech-act theory,429,428,speech-act-theory,50.6,37.1
speech and hearing science,speech and hearing science,429,428,speech-and-hearing-science,96.1,32.7
speech apparatus,speech apparatus,429,428,speech-apparatus,65.4,90.4
speech area JLAS,speech area JLAS,429,428,speech-area-jlas,72.0,49.9
speech block GLY,speech block GLY,429,428,speech-block-gly,86.0,92.1
speech center,speech center,429,428,speech-center,50.6,86.7
speech chain E85,speech chain E85,429,428,speech-chain-e85,66.6,85.5
speech community,speech community,429,428,speech-community,54.5,59.5
speech defect,speech defect,429,428,speech-defect,54.0,69.4
speech disguise,speech disguise,429,428,speech-disguise,96.3,55.0
speech disorder,speech disorder,429,428,speech-disorder,52.5,72.0
"speech event “oh; hug,","speech event “oh; hug,",429,428,speech-event-oh-hug,74.4,30.7
speech genre bas 3h,speech genre bas 3h,429,428,speech-genre-bas-3h,74.7,46.5
speech guise,speech guise,429,428,speech-guise,64.4,71.4
speech habits,speech habits,429,428,speech-habits,64.4,90.0
speech Island,speech Island,429,428,speech-island,37.6,88.7
speechless bj SVS,speechless bj SVS,429,428,speechless-bj-svs,55.9,71.4
speechlessness,speechlessness,429,428,speechlessness,35.5,80.4
speechmaker oboe,speechmaker oboe,429,428,speechmaker-oboe,64.6,67.5
speechmaking hess,speechmaking hess,429,428,speechmaking-hess,64.4,38.6
speech organs,speech organs,429,428,speech-organs,64.4,0.0
speech pathology SEAS cack,speech pathology SEAS cack,429,428,speech-pathology-seas-cack,55.8,87.7
speech production Gee,speech production Gee,429,428,speech-production-gee,73.0,5.7
‘speech reading he,‘speech reading he,429,428,speech-reading-he,55.7,69.8
speech-retarded child,speech-retarded child,429,428,speech-retarded-child,47.6,71.0
speech science Ja ple (L5,speech science Ja ple (L5,429,428,speech-science-ja-ple-l5,59.2,89.7
speech signal Gs ee,speech signal Gs ee,429,428,speech-signal-gs-ee,56.9,67.0
speech sound,speech sound,429,428,speech-sound,88.4,80.0
speech surrogate,speech surrogate,429,428,speech-surrogate,44.2,83.0
speech therapist Silos. Lat,speech therapist Silos. Lat,429,428,speech-therapist-silos-lat,58.5,77.7
speech therapy,speech therapy,429,428,speech-therapy,64.8,81.9
speech writer,speech writer,429,428,speech-writer,56.8,73.1
speed-reading,speed-reading,429,428,speed-reading,28.9,92.2
speleologlcal,speleologlcal,429,428,speleologlcal,38.0,59.9
speleology,speleology,429,428,speleology,45.7,92.3
spell,spell,429,428,spell,45.7,67.7
spellbinder,spellbinder,429,428,spellbinder,18.8,89.8
spellbound,spellbound,429,428,spellbound,63.4,88.8
spelling,spelling,429,428,spelling,62.2,78.4
spelunker Se,spelunker Se,429,428,spelunker-se,65.4,90.4
spelunking,spelunking,429,428,spelunking,44.2,39.9
Spencerian,Spencerian,429,428,spencerian,42.3,17.5
Spencerianism,Spencerianism,429,428,spencerianism,86.1,58.7
Spencerism,Spencerism,429,428,spencerism,92.5,91.2
sphere,sphere,429,428,sphere,43.8,74.8
sphere of aether,sphere of aether,429,428,sphere-of-aether,58.3,77.4
sphere of influence Sofi,sphere of influence Sofi,429,428,sphere-of-influence-sofi,85.4,86.9
Sphinx,Sphinx,429,428,sphinx,35.6,91.9
sphragistics,sphragistics,429,428,sphragistics,16.8,27.1
Splnozlsm,Splnozlsm,429,428,splnozlsm,30.3,89.0
Splnozist,Splnozist,429,428,splnozist,50.6,90.1
spiral,spiral,430,429,spiral,54.1,48.4
spiral dynamics,spiral dynamics,430,429,spiral-dynamics,69.7,55.8
spiral progress,spiral progress,430,429,spiral-progress,50.1,47.8
spirant,spirant,430,429,spirant,28.7,88.0
spirit,spirit,430,429,spirit,34.9,75.4
splrltism,splrltism = spiritualism,430,429,splrltism,96.3,0
splritlst,splritlst = spiritualist,430,429,splritlst,96.6,0
spirit mediumshlp,spirit mediumshlp,430,429,spirit-mediumshlp,46.2,84.2
spiritual,spiritual,430,429,spiritual,36.0,60.6
splritual culture,splritual culture,430,429,splritual-culture,43.9,89.2
spiritual development Sse t9,spiritual development Sse t9,430,429,spiritual-development-sse-t9,59.8,78.4
Spiritual director,Spiritual director,430,429,spiritual-director,82.1,60.4
spiritual directorship,spiritual directorship,430,429,spiritual-directorship,96.6,76.1
spiritual emancipation,spiritual emancipation,430,429,spiritual-emancipation,81.7,48.4
splrltual growth,splrltual growth,430,429,splrltual-growth,85.6,90.1
spiritual heritage ge cle,spiritual heritage ge cle,430,429,spiritual-heritage-ge-cle,57.8,61.3
spiritualism,spiritualism,430,429,spiritualism,57.8,68.1
spiritualist,spiritualist,430,429,spiritualist,17.5,68.7
spiritualistic,spiritualistic,430,429,spiritualistic,17.5,83.1
spirituality,spirituality,430,429,spirituality,17.6,44.9
spirltualization,spirltualization,430,429,spirltualization,44.7,50.7
splritualizer,splritualizer,430,429,splritualizer,30.4,38.5
"spiritual marriage «sb5,¢\%","spiritual marriage «sb5,¢\%",430,429,spiritual-marriage-sb5,63.1,40.5
"spiritual presence bg, ypt>","spiritual presence bg, ypt>",430,429,spiritual-presence-bg-ypt,61.2,69.7
"spiritual principle «sb3, Le)","spiritual principle «sb3, Le)",430,429,spiritual-principle-sb3-le,69.4,81.7
spiritual son,spiritual son,430,429,spiritual-son,70.4,83.6
"spiritual state by, We","spiritual state by, We",430,429,spiritual-state-by-we,71.3,55.9
splritualty,splritualty = splrituality,430,429,splritualty,95.7,0
spiritual vision Spee tt,spiritual vision Spee tt,430,429,spiritual-vision-spee-tt,66.9,80.9
spirltuel (Fr.),spirltuel (Fr.),430,429,spirltuel-fr,64.7,73.5
spirit world,spirit world,430,429,spirit-world,81.7,89.9
splendorous,splendorous,430,429,splendorous,20.5,0
splendour,splendour = splendor,430,429,splendour,90.5,0
split,split,430,429,split,96.5,74.8
split-half method Seed,split-half method Seed,430,429,split-half-method-seed,55.8,82.2
split personality,split personality,430,429,split-personality,34.6,76.0
split subject,split subject,430,429,split-subject,52.4,88.2
splitting,splitting,430,429,splitting,30.0,90.9
spoil,spoil,430,429,spoil,33.5,77.6
spoil system,spoil system,430,429,spoil-system,53.7,86.3
spoken language jis by,spoken language jis by,430,429,spoken-language-jis-by,59.7,66.3
spokesman,spokesman,430,429,spokesman,59.7,76.1
Spontanelty,Spontanelty,430,429,spontanelty,66.8,63.3
spontaneity therapy,spontaneity therapy,430,429,spontaneity-therapy,87.6,69.5
Spontaneous concept,Spontaneous concept,430,429,spontaneous-concept,65.3,90.2
spontaneous generation,spontaneous generation = abiogenesis,430,429,spontaneous-generation,45.7,29.2
spontaneous Interaction,spontaneous Interaction,430,429,spontaneous-interaction,54.2,63.2
spontaneousness,spontaneousness = spontaneity,430,429,spontaneousness,84.2,0
spontaneous recovery,spontaneous recovery,430,429,spontaneous-recovery,92.9,64.9
spontaneous remission,spontaneous remission,430,429,spontaneous-remission,95.9,67.4
spoonerism,spoonerism,430,429,spoonerism,21.1,66.2
sporadic,sporadic,431,430,sporadic,47.7,54.7
sporadic capitalism,sporadic capitalism,431,430,sporadic-capitalism,43.9,32.9
spot check,spot check,431,430,spot-check,57.2,65.4
spot price,spot price,431,430,spot-price,61.2,67.8
spousal,spousal,431,430,spousal,32.1,68.6
spouse,spouse,431,430,spouse,32.1,88.7
Sprachbund (G.),Sprachbund (G.),431,430,sprachbund-g,63.1,81.8
Sprachgefuhl (G.),Sprachgefuhl (G.),431,430,sprachgefuhl-g,48.3,64.1
spread,spread,431,430,spread,96.1,58.7
spread eagle,spread eagle,431,430,spread-eagle,36.2,54.5
spread effect,spread effect,431,430,spread-effect,53.3,55.4
spreading activation,spreading activation,431,430,spreading-activation,92.1,62.2
spread vowel,spread vowel,431,430,spread-vowel,92.1,53.8
spurious,spurious,431,430,spurious,42.3,70.5
spurious money,spurious money,431,430,spurious-money,96.4,90.8
spurious money,spurious money,431,430,spurious-money-2,96.4,84.9
spy,spy,431,430,spy,36.0,88.2
spying,spying,431,430,spying,32.2,91.2
squad,squad,431,430,squad,40.4,35.8
square dance side,square dance side,431,430,square-dance-side,69.4,57.9
squat,squat,431,430,squat,5.7,48.2
squatter,squatter,431,430,squatter,52.2,82.4
squatter’s right Sajal,squatter’s right Sajal,431,430,squatter-s-right-sajal,71.2,52.9
squire,squire,431,430,squire,39.2,72.3
squirearch,squirearch,431,430,squirearch,92.3,0
squirearchical,squirearchical,431,430,squirearchical,92.1,0
squirearchy,squirearchy,431,430,squirearchy,41.2,73.3
squiredom,squiredom,431,430,squiredom,72.7,54.3
stability,stability,431,430,stability,17.5,73.0
stabilization ._;.;l::.....;.l,stabilization ._;.;l::.....;.l,431,430,stabilization-l-l,15.0,82.5
stabilized,stabilized,431,430,stabilized,28.3,17.2
stabilizer,stabilizer,431,430,stabilizer,15.0,84.7
stable,stable,431,430,stable,15.0,86.4
stable population ghub cdeee,stable population ghub cdeee,431,430,stable-population-ghub-cdeee,58.5,59.9
staff,staff,431,430,staff,17.2,86.9
staff college,staff college,431,430,staff-college,48.7,77.2
staffing,staffing,431,430,staffing,30.4,76.7
staff organization,staff organization,431,430,staff-organization,80.2,70.6
stage,stage,431,430,stage,13.4,75.6
stagecraft,stagecraft,431,430,stagecraft,96.9,0
stage direction,stage direction,431,430,stage-direction,52.4,66.3
stage effect,stage effect,431,430,stage-effect,22.4,69.8
stagehand,stagehand,431,430,stagehand,32.2,82.4
stage management,stage management,431,430,stage-management,32.9,27.8
stage manager,stage manager,431,430,stage-manager,40.0,62.9
stage play,stage play,431,430,stage-play,56.9,82.2
stage whisper,stage whisper,431,430,stage-whisper,56.9,77.0
stagflation lel,stagflation lel,431,430,stagflation-lel,72.0,50.4
staging,staging,431,430,staging,72.0,69.7
stagnancy,stagnancy,431,430,stagnancy,90.9,35.4
stagnant,stagnant,431,430,stagnant,25.7,51.1
"stagnant economy ASI, glass)","stagnant economy ASI, glass)",432,431,stagnant-economy-asi-glass,56.8,65.0
stagnation,stagnation,432,431,stagnation,33.4,85.3
stained glass,stained glass,432,431,stained-glass,58.3,50.5
Stakhanovlte,Stakhanovlte,432,431,stakhanovlte,38.0,68.8
stake,stake,432,431,stake,57.3,79.0
stakeholder,stakeholder,432,431,stakeholder,57.3,78.3
stalemate,stalemate,432,431,stalemate,50.2,61.2
Stallnlsm,Stallnlsm,432,431,stallnlsm,48.2,50.1
Stalinist,Stalinist,432,431,stalinist,48.2,86.0
stance,stance,432,431,stance,32.0,60.4
standard,standard,432,431,standard,32.0,68.8
standard-bearer Solin,standard-bearer Solin,432,431,standard-bearer-solin,81.4,83.0
standardization oo,standardization oo,432,431,standardization-oo,61.4,91.5
standardized oad luk!,standardized oad luk!,432,431,standardized-oad-luk,55.5,90.5
standardizing,standardizing,432,431,standardizing,32.2,91.2
standard language sail ol;,standard language sail ol;,432,431,standard-language-sail-ol,58.6,75.3
standard of living,standard of living,432,431,standard-of-living,96.9,82.8
standard of measurement,standard of measurement,432,431,standard-of-measurement,96.6,81.8
standard of price ca5 gaun,standard of price ca5 gaun,432,431,standard-of-price-ca5-gaun,57.7,66.2
standard pronunciation,standard pronunciation,432,431,standard-pronunciation,96.7,81.0
standard rate ould,standard rate ould,432,431,standard-rate-ould,70.6,88.8
standards of judgement,standards of judgement,432,431,standards-of-judgement,95.6,90.9
standard time,standard time,432,431,standard-time,64.1,57.5
standing,standing,432,431,standing,60.7,76.6
"standing army cvs 4s,]","standing army cvs 4s,]",432,431,standing-army-cvs-4s,58.0,90.8
standing stone csi»,standing stone csi»,432,431,standing-stone-csi,73.0,89.3
standpoint,standpoint,432,431,standpoint,47.9,88.9
stanza (Ital.) Sgpw,stanza (Ital.) Sgpw,432,431,stanza-ital-sgpw,59.3,46.9
stanzalc,stanzalc,432,431,stanzalc,54.5,47.3
staple .r,staple .r,432,431,staple-r,31.9,70.4
stardom Ww,stardom Ww,432,431,stardom-ww,62.5,71.1
stare decisis (L.),stare decisis (L.),432,431,stare-decisis-l,52.3,92.6
starred form,starred form = asterisked form,432,431,starred-form,94.7,0
starting point,starting point,432,431,starting-point,35.3,67.8
start-up,start-up,432,431,start-up,25.7,66.1
start-up capital,start-up capital,432,431,start-up-capital,37.3,78.0
stasis,stasis,432,431,stasis,38.4,69.4
state,state,432,431,state,38.4,77.4
state capitalism,state capitalism,432,431,state-capitalism,53.1,88.8
state council go hg,state council go hg,432,431,state-council-go-hg,63.5,89.6
statecraft,statecraft,432,431,statecraft,45.4,91.1
"state enterprise ogo lS,","state enterprise ogo lS,",432,431,state-enterprise-ogo-ls,70.5,71.5
state farm,state farm,432,431,state-farm,53.5,84.7
state farming,state farming,432,431,state-farming,66.6,77.0
State-General,State-General,432,431,state-general,76.0,83.5
state government ~I;.,state government ~I;.,432,431,state-government-i,47.3,69.8
statehood,statehood,432,431,statehood,32.7,62.7
state house,state house,432,431,state-house,32.7,58.4
stateless,stateless,432,431,stateless,30.3,80.6
stateless nation Np be,stateless nation Np be,432,431,stateless-nation-np-be,56.2,35.5
statelessness,statelessness,432,431,statelessness,54.4,89.7
statement,statement,432,431,statement,48.1,80.8
State monopoly,State monopoly,432,431,state-monopoly,66.3,0
state of nature,state of nature,432,431,state-of-nature,88.7,0
state of necessity,state of necessity,432,431,state-of-necessity,91.7,0
state-of-the-art,state-of-the-art,432,431,state-of-the-art,40.9,69.6
state ownership ists CEL,state ownership ists CEL,432,431,state-ownership-ists-cel,57.5,61.5
state planning go sx 4b,state planning go sx 4b,433,432,state-planning-go-sx-4b,57.1,76.3
state police,state police,433,432,state-police,97.0,72.8
States’ rights; State rights,States’ rights; State rights,433,432,states-rights-state-rights,95.4,68.6
state school,state school,433,432,state-school,56.8,86.3
statesman,statesman,433,432,statesman,46.6,52.4
statesmanlike,statesmanlike,433,432,statesmanlike,46.6,49.5
statesmanly,statesmanly = statesmanlike,433,432,statesmanly,92.3,0
statesmanship,statesmanship,433,432,statesmanship,92.3,79.1
state socialism,state socialism,433,432,state-socialism,62.2,89.2
state treasury Gbaihs,state treasury Gbaihs,433,432,state-treasury-gbaihs,79.9,77.4
state university,state university,433,432,state-university,95.9,69.2
static(-al},static(-al},433,432,static-al,45.5,61.5
"static culture tu) Sia,3","static culture tu) Sia,3",433,432,static-culture-tu-sia-3,57.5,53.4
static equilibrlum,static equilibrlum,433,432,static-equilibrlum,59.6,75.8
static ism,static ism,433,432,static-ism,46.2,76.2
statics,statics,433,432,statics,46.2,87.4
station,station,433,432,station,48.2,71.6
stationary,stationary,433,432,stationary,25.7,77.5
stationary equilibrium Lui cuiejls,stationary equilibrium Lui cuiejls,433,432,stationary-equilibrium-lui-cuiejls,59.3,73.2
stationary society Lu) saasle,stationary society Lu) saasle,433,432,stationary-society-lu-saasle,55.4,79.4
stationary state pity) Gd,stationary state pity) Gd,433,432,stationary-state-pity-gd,66.2,49.9
statlsm,statlsm,433,432,statlsm,49.5,83.8
statlst,statlst,433,432,statlst,49.5,46.7
statistic,statistic,433,432,statistic,48.0,91.5
statistical Gul,statistical Gul,433,432,statistical-gul,77.6,90.9
statistical clerk,statistical clerk,433,432,statistical-clerk,96.5,82.1
statistical frequency Gila,statistical frequency Gila,433,432,statistical-frequency-gila,64.8,67.2
statistical inference,statistical inference,433,432,statistical-inference,85.2,61.5
Statistical linguistics,Statistical linguistics,433,432,statistical-linguistics,89.1,84.6
statlstlcal sylloglsm,statlstlcal sylloglsm,433,432,statlstlcal-sylloglsm,55.5,30.4
statistical uniformity oll es,statistical uniformity oll es,433,432,statistical-uniformity-oll-es,62.6,78.5
"Statistical unit yd sol,","Statistical unit yd sol,",433,432,statistical-unit-yd-sol,70.1,64.0
"Statistical unit yd sol,","Statistical unit yd sol,",433,432,statistical-unit-yd-sol-2,70.1,90.0
Statistical universe chill,Statistical universe chill,433,432,statistical-universe-chill,65.0,69.3
statistician,statistician,433,432,statistician,48.3,92.7
statistic index,statistic index,433,432,statistic-index,36.1,73.4
statistics,statistics,433,432,statistics,34.9,90.6
statuary,statuary,433,432,statuary,20.2,81.0
statue,statue,433,432,statue,39.6,81.4
statuette (Fr.),statuette (Fr.),433,432,statuette-fr,44.8,0
status,status,433,432,status,22.8,84.1
status group,status group,433,432,status-group,48.8,69.9
status grouping,status grouping,433,432,status-grouping,48.8,82.6
"status hierarchy laos, GIRL","status hierarchy laos, GIRL",433,432,status-hierarchy-laos-girl,68.9,88.9
status honor,status honor,433,432,status-honor,71.7,63.0
status need,status need,433,432,status-need,58.9,83.8
status prlvlleges,status prlvlleges,433,432,status-prlvlleges,44.8,78.9
status que (L.) SS Eo3,status que (L.) SS Eo3,433,432,status-que-l-ss-eo3,56.9,86.4
status que ante (L.) ont,status que ante (L.) ont,433,432,status-que-ante-l-ont,79.4,89.3
status situation S35 Gaby,status situation S35 Gaby,433,432,status-situation-s35-gaby,60.8,90.8
status study,status study,433,432,status-study,43.0,84.8
Status symbol,Status symbol,433,432,status-symbol,80.0,72.4
statute,statute,433,432,statute,20.2,83.8
statute law,statute law,433,432,statute-law,38.5,65.5
statutory,statutory,433,432,statutory,38.5,84.6
statutory offense,statutory offense,433,432,statutory-offense,53.5,19.2
steadiness,steadiness,433,432,steadiness,43.5,90.9
steady,steady,433,432,steady,40.4,84.0
steady market,steady market,433,432,steady-market,45.0,62.0
steady state,steady state,433,432,steady-state,53.2,69.5
stele,stele,433,432,stele,42.0,63.5
stem,stem,433,432,stem,41.7,66.9
stencil art,stencil art,434,433,stencil-art,96.5,62.9
stenography,stenography,434,433,stenography,92.4,0
stenotype,stenotype,434,433,stenotype,92.1,0
step,step,434,433,step,97.0,0
stepbrother,stepbrother,434,433,stepbrother,32.2,66.9
stepchild 5b,stepchild 5b,434,433,stepchild-5b,79.4,51.7
stepdaughter,stepdaughter,434,433,stepdaughter,31.9,68.6
stepfather,stepfather,434,433,stepfather,55.0,55.5
stepmother GPE,stepmother GPE,434,433,stepmother-gpe,61.3,85.4
stepparent,stepparent,434,433,stepparent,61.3,71.3
stepsister,stepsister,434,433,stepsister,48.3,87.8
stepson,stepson,434,433,stepson,51.2,84.1
stepwise,stepwise,434,433,stepwise,48.5,26.5
stereotype,stereotype,434,433,stereotype,95.4,58.2
stereotype,stereotype,434,433,stereotype-2,95.4,82.1
"stereotyped behavior aE b3,","stereotyped behavior aE b3,",434,433,stereotyped-behavior-ae-b3,62.1,91.0
stereotypy,stereotypy,434,433,stereotypy,42.8,61.8
sterile,sterile,434,433,sterile,96.5,0
sterility,sterility,434,433,sterility,95.6,0
sterilization,sterilization,434,433,sterilization,96.8,0
sterilizer,sterilizer,434,433,sterilizer,96.9,0
steward,steward,434,433,steward,96.9,79.5
stewardship,stewardship,434,433,stewardship,39.5,85.8
sthenia,sthenia,434,433,sthenia,92.2,0
sthenlc,sthenlc,434,433,sthenlc,92.2,50.1
stigma,stigma,434,433,stigma,64.4,57.7
stillbirth,stillbirth,434,433,stillbirth,47.5,0.7
stillborn,stillborn,434,433,stillborn,56.6,0.0
still life,still life,434,433,still-life,52.7,62.9
stimulant,stimulant,434,433,stimulant,48.3,59.6
stlmulatlon,stlmulatlon,434,433,stlmulatlon,48.3,64.2
stimulator,stimulator,434,433,stimulator,48.4,68.9
stimulus,stimulus,434,433,stimulus,48.4,83.1
stimulus-bound,stimulus-bound,434,433,stimulus-bound,15.9,87.5
stimulus discrimination,stimulus discrimination,434,433,stimulus-discrimination,84.0,88.8
stimulus field,stimulus field,434,433,stimulus-field,55.2,83.7
stimulus generalization,stimulus generalization,434,433,stimulus-generalization,85.6,46.1
stimulus-response,stimulus-response,434,433,stimulus-response,40.5,61.4
stimulus-response psychology,stimulus-response psychology,434,433,stimulus-response-psychology,93.7,59.8
stipend ub,stipend ub,434,433,stipend-ub,72.1,63.8
stipendiary,stipendiary,434,433,stipendiary,15.6,54.5
stipulatlon,stipulatlon,434,433,stipulatlon,31.9,44.7
stochastic,stochastic,434,433,stochastic,26.3,74.8
stock,stock,434,433,stock,16.5,76.0
stockbreeder,stockbreeder,434,433,stockbreeder,40.4,76.7
stockbreedlng,stockbreedlng,434,433,stockbreedlng,40.4,86.9
stockbroker,stockbroker,434,433,stockbroker,49.5,86.4
stockbrokerage,stockbrokerage,434,433,stockbrokerage,71.4,73.3
stock certificate,stock certificate,434,433,stock-certificate,52.8,10.9
stock company qlwess,stock company qlwess,434,433,stock-company-qlwess,69.8,79.0
stock-dividend,stock-dividend,434,433,stock-dividend,40.9,90.5
stock exchange eae,stock exchange eae,434,433,stock-exchange-eae,67.9,17.3
stockholder,stockholder,434,433,stockholder,9.1,65.5
stockjobber,stockjobber,434,433,stockjobber,23.4,74.2
stockjobbery,stockjobbery,434,433,stockjobbery,20.0,82.0
stockman,stockman,435,434,stockman,30.6,91.6
stock market,stock market,435,434,stock-market,55.8,78.6
stock of knowledge sk gale,stock of knowledge sk gale,435,434,stock-of-knowledge-sk-gale,81.3,72.1
stoic,stoic,435,434,stoic,64.8,76.0
stoical,stoical,435,434,stoical,29.9,52.3
stoicalness,stoicalness,435,434,stoicalness,75.6,83.6
stoicism,stoicism,435,434,stoicism,75.6,81.7
Stone Age,Stone Age,435,434,stone-age,69.9,55.8
storage,storage,435,434,storage,69.9,32.2
storage capacity,storage capacity,435,434,storage-capacity,96.3,74.5
store,store,435,434,store,62.3,68.4
store's stock,store's stock,435,434,store-s-stock,56.9,75.8
storehouse,storehouse,435,434,storehouse,47.4,75.6
storekeeper,storekeeper,435,434,storekeeper,47.4,57.8
story,story,435,434,story,44.9,50.4
story book oul ks,story book oul ks,435,434,story-book-oul-ks,58.9,90.7
"story line; storyline otuls sul,","story line; storyline otuls sul,",435,434,story-line-storyline-otuls-sul,72.1,92.2
storyteller,storyteller,435,434,storyteller,41.0,67.6
straight,straight,435,434,straight,25.3,72.0
straight-line processing,straight-line processing,435,434,straight-line-processing,47.1,81.2
straightness,straightness,435,434,straightness,45.9,79.7
strain,strain,435,434,strain,24.2,82.5
stranger,stranger,435,434,stranger,49.5,76.3
strata,strata,435,434,strata,49.6,77.7
Stratagem,Stratagem,435,434,stratagem,74.1,76.7
strategic(-al),strategic(-al),435,434,strategic-al,79.6,30.7
strategics,strategics,435,434,strategics,27.9,51.3
strategic zone,strategic zone,435,434,strategic-zone,27.9,90.6
strategist,strategist,435,434,strategist,32.9,25.2
strategy,strategy,435,434,strategy,26.2,64.0
stratification gonad,stratification gonad,435,434,stratification-gonad,59.6,90.6
stratification gonad,stratification gonad,435,434,stratification-gonad-2,59.6,86.8
Stratificational grammar,Stratificational grammar,435,434,stratificational-grammar,86.6,75.8
stratified sampling LY,stratified sampling LY,435,434,stratified-sampling-ly,83.5,89.5
stratigraphy,stratigraphy,435,434,stratigraphy,25.4,57.1
stratocracy,stratocracy,435,434,stratocracy,36.4,87.3
stratocratlc,stratocratlc,435,434,stratocratlc,36.4,85.5
stratum,stratum,435,434,stratum,29.8,79.0
stream of action,stream of action,435,434,stream-of-action,92.4,86.1
stream of consciousness,stream of consciousness,435,434,stream-of-consciousness,49.9,86.0
street children,street children,435,434,street-children,55.0,88.2
street credlbllity,street credlbllity,435,434,street-credlbllity,39.6,89.0
street entertainer,street entertainer,435,434,street-entertainer,92.5,87.3
street entertainment,street entertainment,435,434,street-entertainment,43.7,73.4
street people,street people,435,434,street-people,36.8,83.1
street smart,street smart = streetwise,435,434,street-smart,89.1,0
street theater GlLS sls,street theater GlLS sls,435,434,street-theater-glls-sls,60.5,52.1
street urchin,street urchin,435,434,street-urchin,43.6,44.1
street walker,street walker,435,434,street-walker,51.7,4.6
streetwise,streetwise,435,434,streetwise,51.7,53.2
stress,stress,435,434,stress,32.2,81.4
"stressful 43g),","stressful 43g),",436,435,stressful-43g,60.0,78.9
stress interview,stress interview,436,435,stress-interview,48.3,65.7
stress language,stress language,436,435,stress-language,67.6,81.3
stressor,stressor,436,435,stressor,53.0,90.6
stress reaction,stress reaction,436,435,stress-reaction,48.1,91.9
stress-timed Bip,stress-timed Bip,436,435,stress-timed-bip,74.1,62.1
"stress tolerance Gres (I,","stress tolerance Gres (I,",436,435,stress-tolerance-gres-i,55.7,48.5
strict,strict,436,435,strict,38.9,76.5
strict implication ul pw lj.,strict implication ul pw lj.,436,435,strict-implication-ul-pw-lj,67.3,53.8
Strict liability,Strict liability,436,435,strict-liability,96.0,63.7
strictness tegen,strictness tegen,436,435,strictness-tegen,58.0,73.0
strict proportion lw ni,strict proportion lw ni,436,435,strict-proportion-lw-ni,67.3,68.2
Stricture,Stricture,436,435,stricture,69.4,56.0
strife,strife,436,435,strife,43.5,60.7
strike,strike,436,435,strike,67.5,91.9
strike-breaker,strike-breaker,436,435,strike-breaker,45.9,88.8
striker las!,striker las!,436,435,striker-las,80.0,57.7
stroboscope,stroboscope,436,435,stroboscope,30.3,63.3
stroboscopic,stroboscopic,436,435,stroboscopic,61.3,50.2
structural,structural,436,435,structural,40.7,92.3
"structural analysis •..s,lS')t:.;;.L,","structural analysis •..s,lS')t:.;;.L,",436,435,structural-analysis-s-ls-t-l,49.7,0
structural change SbSlo,structural change SbSlo,436,435,structural-change-sbslo,64.6,57.9
structural-functional,structural-functional,436,435,structural-functional,44.4,45.8
structural grammar,structural grammar,436,435,structural-grammar,49.2,74.8
structuralism,structuralism,436,435,structuralism,25.3,89.5
structuralist,structuralist,436,435,structuralist,35.4,88.0
structuralization,structuralization,436,435,structuralization,48.6,88.1
structuralized,structuralized,436,435,structuralized,46.2,61.5
"structural linguistics (¢:>ls...L,l)","structural linguistics (¢:>ls...L,l)",436,435,structural-linguistics-ls-l-l,60.8,73.4
structural properties,structural properties,436,435,structural-properties,43.8,86.7
"structural psychology <.5)1:;_;;..L,","structural psychology <.5)1:;_;;..L,",436,435,structural-psychology-5-1-l,44.7,90.5
Structural semantics,Structural semantics,436,435,structural-semantics,89.1,91.1
structural unemployment,structural unemployment,436,435,structural-unemployment,95.6,76.1
structuration,structuration,436,435,structuration,29.6,76.9
structure,structure,436,435,structure,34.0,76.1
structured,structured,436,435,structured,18.9,60.1
structured stimulus,structured stimulus,436,435,structured-stimulus,38.6,72.8
structure-function,structure-function,436,435,structure-function,24.0,60.1
structureless,structureless,436,435,structureless,41.3,61.0
structuring,structuring,436,435,structuring,48.3,67.1
struggle,struggle,436,435,struggle,50.0,75.2
struggle for existence,struggle for existence,436,435,struggle-for-existence,86.4,72.0
Struggle of life @ehizayg,Struggle of life @ehizayg,436,435,struggle-of-life-ehizayg,60.7,54.4
student,student,436,435,student,36.3,63.8
student life,student life,436,435,student-life,45.2,90.3
study,study,436,435,study,25.1,84.6
stupefacient,stupefacient,436,435,stupefacient,32.7,51.4
stupefaction,stupefaction,436,435,stupefaction,46.0,65.5
stupefactive,stupefactive,436,435,stupefactive,28.7,53.6
stupor,stupor,436,435,stupor,36.1,76.5
style,style,436,435,style,34.2,74.1
style book,style book,436,435,style-book,51.1,77.6
style of life,style of life,436,435,style-of-life,95.2,71.8
stylish,stylish,436,435,stylish,95.2,45.0
stylishness,stylishness,436,435,stylishness,46.2,6.2
stylist,stylist,437,436,stylist,19.3,68.0
stylistic,stylistic,437,436,stylistic,31.1,45.4
stylistic register,stylistic register,437,436,stylistic-register,38.5,51.0
stylistics ln,stylistics ln,437,436,stylistics-ln,71.0,56.0
stylite,stylite,437,436,stylite,71.0,75.9
stylitism,stylitism,437,436,stylitism,92.7,0
stylization,stylization,437,436,stylization,52.7,63.9
stylized,stylized,437,436,stylized,48.2,66.9
stylometry SEL;,stylometry SEL;,437,436,stylometry-sel,63.5,57.4
stylostatistlcs,stylostatistlcs,437,436,stylostatistlcs,47.7,73.4
subaltern,subaltern,437,436,subaltern,46.8,44.7
subalternate,subalternate,437,436,subalternate,44.6,68.7
subalternatlon,subalternatlon,437,436,subalternatlon,45.1,57.7
subalternlty,subalternlty,437,436,subalternlty,46.1,34.4
subapical,subapical,437,436,subapical,96.6,0
subarctic,subarctic,437,436,subarctic,95.6,0
subarea,subarea,437,436,subarea,96.6,0
subarid,subarid,437,436,subarid,91.5,0
subaudition,subaudition,437,436,subaudition,92.4,0
subcelestial,subcelestial,437,436,subcelestial,92.1,0
subception ob,subception ob,437,436,subception-ob,55.8,32.3
"subclass aib,;","subclass aib,;",437,436,subclass-aib,86.8,68.5
subclinical,subclinical,437,436,subclinical,86.8,75.8
subcommittee,subcommittee,437,436,subcommittee,52.7,67.7
"subcomponent ab,","subcomponent ab,",437,436,subcomponent-ab,76.5,82.7
subconscious,subconscious,437,436,subconscious,48.1,74.9
subconsciousness,subconsciousness,437,436,subconsciousness,42.6,82.8
subconscious self,subconscious self,437,436,subconscious-self,59.9,74.7
subcontinent,subcontinent,437,436,subcontinent,96.3,59.4
subculture,subculture,437,436,subculture,48.0,27.7
subdlalect,subdlalect,437,436,subdlalect,44.8,37.8
subdlalectal,subdlalectal,437,436,subdlalectal,51.6,54.0
subequatorial,subequatorial,437,436,subequatorial,63.3,0
subfamily,subfamily,437,436,subfamily,58.2,0
subfunctlon,subfunctlon,437,436,subfunctlon,36.6,0
subgoal,subgoal,437,436,subgoal,91.3,0
subgroup,subgroup,437,436,subgroup,80.5,0
subhuman,subhuman,437,436,subhuman,37.9,63.0
subject,subject,437,436,subject,86.2,76.0
subject bibliography,subject bibliography,437,436,subject-bibliography,69.4,76.6
subject-centered,subject-centered,437,436,subject-centered,26.3,45.8
Subject index,Subject index,437,436,subject-index,64.3,30.0
Subject index,Subject index,437,436,subject-index-2,64.3,72.9
subjective attitude (eadess,subjective attitude (eadess,437,436,subjective-attitude-eadess,64.4,89.5
subjective case eld Ie,subjective case eld Ie,437,436,subjective-case-eld-ie,72.8,77.3
subjective idea,subjective idea,437,436,subjective-idea,96.7,69.9
Subjective Idealism i225,Subjective Idealism i225,437,436,subjective-idealism-i225,66.2,69.5
Subjective Idealism i225,Subjective Idealism i225,437,436,subjective-idealism-i225-2,66.2,67.2
subjectiveness,subjectiveness = subjectivity,437,436,subjectiveness,92.0,0
subjective probability,subjective probability,437,436,subjective-probability,89.9,68.8
subjective psychology,subjective psychology,437,436,subjective-psychology,87.9,76.8
Subjective reality,Subjective reality,437,436,subjective-reality,82.2,50.9
subjective sensation,subjective sensation,437,436,subjective-sensation,79.2,90.9
subjective spirit,subjective spirit,437,436,subjective-spirit,47.8,88.3
Subjective stress,Subjective stress,437,436,subjective-stress,90.9,0
subjectivism,subjectivism,438,437,subjectivism,27.8,69.4
subjectivist,subjectivist,438,437,subjectivist,45.1,88.6
su bjectivistic,su bjectivistic,438,437,su-bjectivistic,45.1,66.6
subjectivity,subjectivity,438,437,subjectivity,46.8,55.0
subjectivization,subjectivization,438,437,subjectivization,83.9,67.3
subject matter,subject matter,438,437,subject-matter,96.0,52.7
subject-object differentiation,subject-object differentiation,438,437,subject-object-differentiation,94.3,75.5
subjolnder,subjolnder,438,437,subjolnder,25.6,0.0
subjugation,subjugation,438,437,subjugation,48.4,81.5
subjunctive,subjunctive,438,437,subjunctive,96.7,89.4
sublimated,sublimated,438,437,sublimated,96.7,73.1
sublimation,sublimation,438,437,sublimation,48.7,61.8
sublime,sublime,438,437,sublime,26.4,56.8
sublimeness,sublimeness = sublimity,438,437,sublimeness,92.7,0
sublimlnal,sublimlnal,438,437,sublimlnal,53.9,56.2
subliminal learning,subliminal learning,438,437,subliminal-learning,82.6,7.2
subliminal perception,subliminal perception,438,437,subliminal-perception,96.7,60.0
subliminal stimulus,subliminal stimulus,438,437,subliminal-stimulus,95.9,55.5
sublimity tu,sublimity tu,438,437,sublimity-tu,66.5,64.4
sublunar,sublunar = sublunary,438,437,sublunar,74.3,0
sublunary,sublunary,438,437,sublunary,74.3,62.6
subman,subman,438,437,subman,92.3,0.0
submarginal,submarginal,438,437,submarginal,91.5,64.0
submeaning,submeaning,438,437,submeaning,51.1,64.0
submission,submission,438,437,submission,25.3,74.9
submissiveness,submissiveness,438,437,submissiveness,30.2,72.5
submlttal,submlttal,438,437,submlttal,33.2,89.9
subnormal,subnormal,438,437,subnormal,31.2,61.1
subnormality,subnormality,438,437,subnormality,35.6,38.1
subordinate,subordinate,438,437,subordinate,36.3,79.0
subordinate clause,subordinate clause,438,437,subordinate-clause,53.4,70.8
subordinating,subordinating,438,437,subordinating,46.7,76.2
subordinating conjunction,subordinating conjunction,438,437,subordinating-conjunction,74.6,72.0
subordination,subordination,438,437,subordination,25.8,84.9
subordinationism,subordinationism,438,437,subordinationism,92.7,61.9
Subordinationist,Subordinationist,438,437,subordinationist,57.9,65.7
subordinative,subordinative,438,437,subordinative,50.6,58.9
subordinator,subordinator,438,437,subordinator,42.8,82.6
suborganization,suborganization,438,437,suborganization,73.1,57.6
subpopulation,subpopulation,438,437,subpopulation,16.0,44.4
subproblem,subproblem,438,437,subproblem,46.0,48.3
subprogram,subprogram,438,437,subprogram,29.3,0
subratlonal,subratlonal,438,437,subratlonal,31.1,0
subregion,subregion,438,437,subregion,29.5,0
subregional,subregional,438,437,subregional,80.5,0
sub-Saharan,sub-Saharan,439,438,sub-saharan,96.8,78.9
subsample,subsample,439,438,subsample,50.3,49.8
subsection,subsection,439,438,subsection,96.1,0
subsector,subsector,439,438,subsector,96.7,0
subsequence,subsequence,439,438,subsequence,96.8,0
subsequent,subsequent,439,438,subsequent,96.7,0
subset,subset,439,438,subset,96.6,0
subsidiary,subsidiary,439,438,subsidiary,96.6,55.7
subsidiary company Artly BS,subsidiary company Artly BS,439,438,subsidiary-company-artly-bs,56.5,55.7
"subsidization ral,","subsidization ral,",439,438,subsidization-ral,64.2,61.9
subsidized,subsidized,439,438,subsidized,51.8,39.7
"subsidy ai,","subsidy ai,",439,438,subsidy-ai,57.5,0.0
subsistence 19S,subsistence 19S,439,438,subsistence-19s,61.8,85.8
subsistence economy,subsistence economy,439,438,subsistence-economy,87.0,76.6
"subsistence farm Slayer,","subsistence farm Slayer,",439,438,subsistence-farm-slayer,65.6,81.0
"subsistence farm Slayer,","subsistence farm Slayer,",439,438,subsistence-farm-slayer-2,65.6,83.3
subsistence farming,subsistence farming,439,438,subsistence-farming,96.1,71.0
subsistence level abcess,subsistence level abcess,439,438,subsistence-level-abcess,75.1,83.8
subsistence production «lc; Js,subsistence production «lc; Js,439,438,subsistence-production-lc-js,60.5,73.4
subsistence wage,subsistence wage,439,438,subsistence-wage,48.3,85.1
subsistent,subsistent,439,438,subsistent,45.5,63.4
subsisting,subsisting,439,438,subsisting,48.1,80.3
subsocial,subsocial,439,438,subsocial,46.0,84.9
subspecies es},subspecies es},439,438,subspecies-es,63.3,66.6
substance .r ~,substance .r ~,439,438,substance-r,63.3,64.1
substance abuse,substance abuse,439,438,substance-abuse,96.5,57.1
Substance dependence,Substance dependence,439,438,substance-dependence,89.1,62.0
substance-induced disorders,substance-induced disorders,439,438,substance-induced-disorders,94.0,70.4
substance-use disorders,substance-use disorders,439,438,substance-use-disorders,88.6,84.6
substandard,substandard,439,438,substandard,27.6,84.9
substantial,substantial,439,438,substantial,85.3,75.5
substantial form,substantial form,439,438,substantial-form,35.6,61.0
substantlalism,substantlalism,439,438,substantlalism,32.5,91.2
Substantialist 2g,Substantialist 2g,439,438,substantialist-2g,64.7,87.2
Substantialist 2g,Substantialist 2g,439,438,substantialist-2g-2,64.7,53.4
substantiation,substantiation,439,438,substantiation,19.0,78.4
substantlval,substantlval,439,438,substantlval,44.6,89.6
substantive,substantive,439,438,substantive,44.6,75.1
substantiveness,substantiveness,439,438,substantiveness,28.3,66.3
substantive right oh eS,substantive right oh eS,439,438,substantive-right-oh-es,64.2,44.2
substantive universals,substantive universals,439,438,substantive-universals,88.0,52.1
substitutable,substitutable,439,438,substitutable,19.3,84.3
substitute,substitute,439,438,substitute,19.3,87.2
substitute goods,substitute goods,440,439,substitute-goods,48.3,69.3
substitute stimulus ~1,substitute stimulus ~1,440,439,substitute-stimulus-1,43.4,49.9
substitution,substitution,440,439,substitution,31.5,70.1
substitutional,substitutional,440,439,substitutional,32.0,87.1
substitution class <4.i,substitution class <4.i,440,439,substitution-class-4-i,50.7,0
substitution frame,substitution frame,440,439,substitution-frame,47.4,81.3
substitutive,substitutive,440,439,substitutive,45.9,0.0
substrate,substrate = substratum,440,439,substrate,96.7,0
substrate language aYpjol),substrate language aYpjol),440,439,substrate-language-aypjol,63.9,84.4
substratum,substratum,440,439,substratum,63.9,70.2
substruction,substruction,440,439,substruction,21.4,82.9
substructural,substructural,440,439,substructural,37.3,81.6
substructure,substructure,440,439,substructure,37.3,85.6
subsumable,subsumable,440,439,subsumable,92.8,0
subsumed,subsumed,440,439,subsumed,96.5,0
subsuming,subsuming,440,439,subsuming,91.3,0
subsumption SAY,subsumption SAY,440,439,subsumption-say,58.2,80.4
subsumptive,subsumptive,440,439,subsumptive,54.7,59.2
subsystem,subsystem,440,439,subsystem,54.7,65.5
subtest,subtest,440,439,subtest,51.9,34.6
subtext,subtext,440,439,subtext,48.0,85.4
subtopia,subtopia,440,439,subtopia,48.0,41.4
subtopian,subtopian,440,439,subtopian,31.1,27.3
subtopic (ote,subtopic (ote,440,439,subtopic-ote,64.9,23.7
subtropical,subtropical,440,439,subtropical,47.8,33.9
subtropics,subtropics,440,439,subtropics,92.2,0
suburb,suburb,440,439,suburb,95.3,0
suburb,suburb,440,439,suburb-2,95.3,56.4
suburbanite,suburbanite,440,439,suburbanite,32.8,83.7
suburbanization,suburbanization,440,439,suburbanization,36.8,84.4
suburbia,suburbia,440,439,suburbia,96.0,0
subvention,subvention,440,439,subvention,49.9,68.4
subventionary,subventionary,440,439,subventionary,43.7,36.1
subversion,subversion,440,439,subversion,40.3,89.8
subversive,subversive,440,439,subversive,27.8,59.3
succession,succession,440,439,succession,27.8,76.6
successional,successional,440,439,successional,30.5,78.4
succession states ~~,succession states ~~,440,439,succession-states,37.9,73.6
succession tax Sp olde,succession tax Sp olde,440,439,succession-tax-sp-olde,63.5,87.7
successive ~~,successive ~~,440,439,successive,40.6,81.9
successive association .L...lst,successive association .L...lst,440,439,successive-association-l-lst,61.3,78.1
successive induction lo (Ea),successive induction lo (Ea),440,439,successive-induction-lo-ea,58.1,25.1
successiveness,successiveness,440,439,successiveness,78.5,88.0
successor,successor,440,439,successor,36.7,71.6
succorance need erry,succorance need erry,440,439,succorance-need-erry,60.0,88.1
succuba (L.),succuba (L.),440,439,succuba-l,45.7,70.7
succubus (L.),succubus (L.),440,439,succubus-l,55.0,42.5
sufferance OST,sufferance OST,440,439,sufferance-ost,69.8,84.6
sufferer,sufferer,440,439,sufferer,12.1,63.9
suffering,suffering,440,439,suffering,27.0,75.8
"Sufficiency bs,","Sufficiency bs,",440,439,sufficiency-bs,56.7,84.9
"Sufficiency bs,","Sufficiency bs,",440,439,sufficiency-bs-2,56.7,80.4
Sufficient condition Bobs,Sufficient condition Bobs,440,439,sufficient-condition-bobs,64.4,91.0
Sufficient reason,Sufficient reason,440,439,sufficient-reason,63.8,74.5
suffix,suffix,440,439,suffix,45.9,0
suffixal,suffixal,440,439,suffixal,90.0,0
suftixation,suftixation,440,439,suftixation,86.2,0
suffragan,suffragan,440,439,suffragan,45.2,0
suffrage,suffrage,440,439,suffrage,79.2,74.3
suffragette,suffragette,440,439,suffragette,53.6,64.3
suffragettism,suffragettism,440,439,suffragettism,55.1,77.4
Sufi,Sufi,440,439,sufi,26.6,14.9
Suflc,Suflc,441,440,suflc,59.8,82.3
Sufism,Sufism,441,440,sufism,32.1,73.6
suggestlbllity,suggestlbllity,441,440,suggestlbllity,39.9,85.0
suggestlble,suggestlble,441,440,suggestlble,54.4,86.6
suggestion,suggestion,441,440,suggestion,54.4,76.6
suggestive,suggestive,441,440,suggestive,32.2,80.6
suggestiveness,suggestiveness,441,440,suggestiveness,45.7,73.0
sulcldal,sulcldal,441,440,sulcldal,48.5,55.5
sulcldallty,sulcldallty,441,440,sulcldallty,60.2,50.8
suicide,suicide,441,440,suicide,96.6,68.3
suicide bomber,suicide bomber,441,440,suicide-bomber,92.9,56.7
sulcldologlst,sulcldologlst,441,440,sulcldologlst,33.1,31.1
sulcldology,sulcldology,441,440,sulcldology,44.7,20.5
sul generls (L.),sul generls (L.),441,440,sul-generls-l,44.7,79.5
sul Juris (L.),sul Juris (L.),441,440,sul-juris-l,56.5,77.1
sultan (Ar.),sultan (Ar.),441,440,sultan-ar,71.0,66.4
sultana (Ar.),sultana (Ar.),441,440,sultana-ar,71.0,74.2
sultanate,sultanate,441,440,sultanate,67.5,75.4
sultanlc,sultanlc,441,440,sultanlc,46.4,44.6
sultan Ism,sultan Ism,441,440,sultan-ism,46.4,91.4
sultanry,sultanry,441,440,sultanry,44.6,81.6
sultanshlp,sultanshlp,441,440,sultanshlp,44.7,84.3
Sumerian,Sumerian,441,440,sumerian,36.6,84.5
summa (L.),summa (L.),441,440,summa-l,57.6,76.9
summarlness,summarlness,441,440,summarlness,45.3,72.2
summarization,summarization,441,440,summarization,96.3,74.7
summation,summation,441,440,summation,52.4,72.0
summation reflex,summation reflex,441,440,summation-reflex,42.4,64.9
summatlve,summatlve,441,440,summatlve,32.4,88.9
summative evaluation,summative evaluation,441,440,summative-evaluation,77.6,50.2
summer school,summer school,441,440,summer-school,40.6,71.8
summit !.Y .r,summit !.Y .r,441,440,summit-y-r,33.3,75.8
summit conference,summit conference,441,440,summit-conference,79.1,73.6
summit dlplomacy,summit dlplomacy,441,440,summit-dlplomacy,52.9,74.3
summons,summons,441,440,summons,24.3,0
Summum bonum (L.),Summum bonum (L.),441,440,summum-bonum-l,81.6,0
Summum genus (L.),Summum genus (L.),441,440,summum-genus-l,90.2,0
sumptuary,sumptuary,441,440,sumptuary,46.2,0
sumptuary laws,sumptuary laws,441,440,sumptuary-laws,46.2,66.9
Sunna (Ar.) ~ ~,Sunna (Ar.) ~ ~,441,440,sunna-ar,17.6,70.7
Sunnah,Sunnah = Sunna,441,440,sunnah,94.7,0
Sunni (Ar.),Sunni (Ar.),441,440,sunni-ar,46.4,61.7
Sunnism ..s~,Sunnism ..s~,441,440,sunnism-s,19.2,82.4
Sunnite,Sunnite,441,440,sunnite,19.2,53.9
superannuated,superannuated,441,440,superannuated,38.7,60.7
superannuation .r .)L...~.I,superannuation .r .)L...~.I,441,440,superannuation-r-l-i,6.0,83.8
supercity,supercity,441,440,supercity,45.1,90.5
superego,superego,441,440,superego,54.7,44.3
superego lacuna,superego lacuna,441,440,superego-lacuna,40.6,54.6
supererogation,supererogation,441,440,supererogation,23.6,62.5
superfamlly,superfamlly,441,440,superfamlly,42.8,90.3
superhuman,superhuman,441,440,superhuman,52.5,0.0
superhumanity ee,superhumanity ee,441,440,superhumanity-ee,65.4,52.3
super-lmperlallsm,super-lmperlallsm,441,440,super-lmperlallsm,40.8,0
superimposition,superimposition,442,441,superimposition,46.3,49.9
superindividual,superindividual,442,441,superindividual,91.1,4.4
superindividual,superindividual,442,441,superindividual-2,91.1,91.6
super intelligence Fy,super intelligence Fy,442,441,super-intelligence-fy,79.5,89.8
superintendence,superintendence,442,441,superintendence,79.5,83.9
superintendent,superintendent,442,441,superintendent,46.0,55.6
superior,superior,442,441,superior,30.7,67.2
"superiority ,._5.r","superiority ,._5.r",442,441,superiority-5-r,29.9,78.6
"superiority complex Sy Gosie(ls,","superiority complex Sy Gosie(ls,",442,441,superiority-complex-sy-gosie-ls,59.4,82.5
superiority feeling,superiority feeling,442,441,superiority-feeling,48.3,90.9
superior knowledge,superior knowledge,442,441,superior-knowledge,96.2,0
superior office,superior office,442,441,superior-office,95.8,0
superior position,superior position,442,441,superior-position,96.7,0
superlative,superlative,442,441,superlative,96.2,75.4
superman,superman,442,441,superman,30.1,47.0
supermarket,supermarket,442,441,supermarket,49.8,89.8
supermundane,supermundane,442,441,supermundane,52.7,6.5
supernal,supernal,442,441,supernal,58.2,89.8
supernatlonal,supernatlonal = supranational,442,441,supernatlonal,96.2,0
Supernatural,Supernatural,442,441,supernatural,92.0,64.2
supernaturalism,supernaturalism,442,441,supernaturalism,46.4,48.6
supernaturalist,supernaturalist,442,441,supernaturalist,46.1,2.6
supernaturalistic,supernaturalistic,442,441,supernaturalistic,93.0,0
supernormal,supernormal,442,441,supernormal,91.6,0
superorder,superorder,442,441,superorder,91.8,0
superordinate,superordinate,442,441,superordinate,89.8,0
superordination,superordination,442,441,superordination,92.1,0
superorganic,superorganic,442,441,superorganic,70.1,17.7
superphysical,superphysical,442,441,superphysical,37.7,37.4
superpower,superpower,442,441,superpower,65.4,0
super-rational,super-rational,442,441,super-rational,41.9,0
superscription,superscription,442,441,superscription,58.1,0
supersensible,supersensible,442,441,supersensible,64.4,0
supersensory,supersensory,442,441,supersensory,70.7,0
supersensual,supersensual,442,441,supersensual,82.4,0
supersensuous,supersensuous,442,441,supersensuous,0.0,0.0
supersocial,supersocial,442,441,supersocial,23.1,25.4
superstate,superstate,442,441,superstate,40.3,30.4
superstition,superstition,442,441,superstition,26.9,89.8
superstitious,superstitious,442,441,superstitious,51.6,91.4
superstitious behavior t.s (13,superstitious behavior t.s (13,442,441,superstitious-behavior-t-s-13,48.6,0
Superstitiousness,Superstitiousness,442,441,superstitiousness,58.0,90.8
superstrate,superstrate,442,441,superstrate,90.5,0
superstratum L,superstratum L,442,441,superstratum-l,77.5,40.7
superstructure,superstructure,442,441,superstructure,47.8,15.6
supertemporal le,supertemporal le,442,441,supertemporal-le,65.3,37.6
superterrestrial,superterrestrial,442,441,superterrestrial,22.0,60.0
supervision ne,supervision ne,442,441,supervision-ne,64.1,91.4
supervisor,supervisor,442,441,supervisor,53.0,64.7
supervisory,supervisory,442,441,supervisory,53.0,90.9
supervisory board sees ole,supervisory board sees ole,442,441,supervisory-board-sees-ole,76.6,53.8
supplement,supplement,442,441,supplement,95.6,79.3
supplemental ples,supplemental ples,442,441,supplemental-ples,63.2,90.3
supplementary,supplementary = supplemental,442,441,supplementary,63.2,72.7
supplier,supplier,442,441,supplier,91.6,89.2
supplimentarity ty Che,supplimentarity ty Che,442,441,supplimentarity-ty-che,58.9,78.4
supplimentation,supplimentation,442,441,supplimentation,90.2,82.2
supply,supply,442,441,supply,96.7,83.4
supply rootes,supply rootes,442,441,supply-rootes,46.2,90.0
supply-side,supply-side,442,441,supply-side,32.2,66.4
supply-sider,supply-sider,442,441,supply-sider,32.2,62.6
supporter,supporter,443,442,supporter,96.7,0
supportive,supportive,443,442,supportive,96.7,0
supposable,supposable,443,442,supposable,45.6,0.3
suppositio (L.),suppositio (L.),443,442,suppositio-l,45.6,87.5
supposition,supposition,443,442,supposition,58.6,52.3
suppositional,suppositional,443,442,suppositional,91.5,91.2
supposititious,supposititious,443,442,supposititious,47.5,76.5
suppositive,suppositive,443,442,suppositive,31.0,69.6
suppressed,suppressed,443,442,suppressed,96.6,78.9
suppressed desire,suppressed desire,443,442,suppressed-desire,83.5,86.9
suppression,suppression,443,442,suppression,41.7,77.0
suppressive o..v;b.i4-Y,suppressive o..v;b.i4-Y,443,442,suppressive-o-v-b-i4-y,53.4,11.5
supracausal,supracausal,443,442,supracausal,91.8,22.4
supraconscious,supraconscious,443,442,supraconscious,91.3,0
supradisciplinary,supradisciplinary,443,442,supradisciplinary,91.6,0
supraethnic,supraethnic,443,442,supraethnic,91.7,0
suprahistorical,suprahistorical,443,442,suprahistorical,91.4,0
supraindividual,supraindividual,443,442,supraindividual,79.5,41.4
supralapsarian,supralapsarian,443,442,supralapsarian,92.1,82.1
supralapsarianism,supralapsarianism,443,442,supralapsarianism,92.0,72.1
suprallminal,suprallminal,443,442,suprallminal,49.4,44.3
supralingulstic,supralingulstic,443,442,supralingulstic,45.6,39.5
supralogical,supralogical,443,442,supralogical,50.1,9.1
supramundane,supramundane,443,442,supramundane,23.0,47.7
supranational,supranational,443,442,supranational,88.6,0
supraordinate,supraordinate,443,442,supraordinate,51.1,49.5
supraorganic,supraorganic = superorganic,443,442,supraorganic,91.9,0
supra-personal ath.,supra-personal ath.,443,442,supra-personal-ath,67.1,38.7
suprasegmental ae,suprasegmental ae,443,442,suprasegmental-ae,63.8,17.0
suprasegmental phonology,suprasegmental phonology,443,442,suprasegmental-phonology,74.3,40.5
suprasensible,suprasensible,443,442,suprasensible,85.8,0
suprasensory,suprasensory,443,442,suprasensory,50.1,0
supratemporal,supratemporal,443,442,supratemporal,56.4,0
supremacism,supremacism,443,442,supremacism,54.9,92.3
supremacist Sy,supremacist Sy,443,442,supremacist-sy,60.2,92.5
supremacist Sy,supremacist Sy,443,442,supremacist-sy-2,60.2,68.9
supreme,supreme,443,442,supreme,43.8,74.1
Supreme Being,Supreme Being,443,442,supreme-being,69.3,58.6
Supreme cause cop ele,Supreme cause cop ele,443,442,supreme-cause-cop-ele,67.8,40.2
supreme court,supreme court,443,442,supreme-court,85.6,78.7
Supreme genus,Supreme genus,443,442,supreme-genus,89.7,56.9
Supreme Good,Supreme Good,443,442,supreme-good,94.3,0
supreme intelligence,supreme intelligence,443,442,supreme-intelligence,96.3,0
supremely perfect being,supremely perfect being,443,442,supremely-perfect-being,96.5,75.8
supremeness,supremeness,443,442,supremeness,21.5,45.4
sura (Ar.),sura (Ar.),443,442,sura-ar,79.9,90.9
surcharge,surcharge,443,442,surcharge,35.0,73.0
surety,surety,443,442,surety,23.6,83.4
suretyship,suretyship,443,442,suretyship,32.1,84.0
surface,surface,443,442,surface,44.8,76.3
surface behavior,surface behavior,443,442,surface-behavior,89.3,76.8
"surface ornament custo,","surface ornament custo,",443,442,surface-ornament-custo,66.9,71.9
surface structure thong (ly,surface structure thong (ly,444,443,surface-structure-thong-ly,68.8,79.3
surgency,surgency,444,443,surgency,41.1,63.7
surmise o>,surmise o>,444,443,surmise-o,68.5,83.7
surplus,surplus,444,443,surplus,68.5,65.8
surplusage,surplusage,444,443,surplusage,30.7,84.3
surplus economy,surplus economy,444,443,surplus-economy,49.6,81.6
surplus labor,surplus labor,444,443,surplus-labor,64.2,26.7
surplus population,surplus population,444,443,surplus-population,48.1,55.2
surplus production 4ig5)aJg,surplus production 4ig5)aJg,444,443,surplus-production-4ig5-ajg,67.4,75.7
surplus value,surplus value,444,443,surplus-value,96.2,88.5
surreal,surreal,444,443,surreal,48.1,53.1
"surrealism db,","surrealism db,",444,443,surrealism-db,57.6,87.0
"surrealism db,","surrealism db,",444,443,surrealism-db-2,57.6,77.9
surrealistic,surrealistic,444,443,surrealistic,50.5,52.6
surrogacy,surrogacy,444,443,surrogacy,25.4,52.5
surrogate,surrogate,444,443,surrogate,27.2,45.1
surrogate mother yl. Ji,surrogate mother yl. Ji,444,443,surrogate-mother-yl-ji,70.5,46.9
surround,surround,444,443,surround,91.4,0
surroundings,surroundings,444,443,surroundings,96.8,0
surtax,surtax,444,443,surtax,91.7,0
surveillance,surveillance,444,443,surveillance,97.0,67.6
surveillant,surveillant,444,443,surveillant,92.5,0
survey,survey,444,443,survey,96.0,60.5
survey certificate Lo;,survey certificate Lo;,444,443,survey-certificate-lo,64.3,72.6
survey fee,survey fee,444,443,survey-fee,67.7,88.0
surveying procedure ls ei,surveying procedure ls ei,444,443,surveying-procedure-ls-ei,72.2,54.0
surveyor,surveyor,444,443,surveyor,48.6,37.1
survey research,survey research,444,443,survey-research,52.7,44.7
survivability,survivability,444,443,survivability,37.5,82.3
survivable,survivable,444,443,survivable,96.2,0
survival,survival,444,443,survival,95.3,0
survivallsm,survivallsm,444,443,survivallsm,15.1,60.5
survivalist,survivalist,444,443,survivalist,16.5,77.5
Survival of the fittest,Survival of the fittest,444,443,survival-of-the-fittest,82.5,73.9
Survival rate,Survival rate,444,443,survival-rate,65.0,83.7
survival table,survival table,444,443,survival-table,89.8,85.3
survival value G315sbe,survival value G315sbe,444,443,survival-value-g315sbe,58.0,86.9
survivance,survivance = survival,444,443,survivance,65.8,0
surviving,surviving,444,443,surviving,38.5,93.2
survivor,survivor,444,443,survivor,38.5,77.2
survivor guilt,survivor guilt,444,443,survivor-guilt,45.8,72.5
survivorship,survivorship,444,443,survivorship,26.8,77.2
susceptibility,susceptibility,444,443,susceptibility,27.8,58.9
suspended,suspended,444,443,suspended,37.5,61.1
suspending,suspending,444,443,suspending,61.0,81.6
suspense,suspense,444,443,suspense,29.6,82.5
suspenseful,suspenseful,444,443,suspenseful,48.0,53.1
suspension,suspension,444,443,suspension,54.6,73.2
suspensive,suspensive,444,443,suspensive,16.4,24.6
suspensiveness,suspensiveness,444,443,suspensiveness,41.9,62.0
suspicion,suspicion,444,443,suspicion,44.3,85.8
suspicious,suspicious,444,443,suspicious,29.0,71.4
suspiciousness,suspiciousness,444,443,suspiciousness,83.0,81.6
sustainability,sustainability,445,444,sustainability,36.3,89.4
sustainable,sustainable,445,444,sustainable,36.3,87.3
"sustainable growth ean a,","sustainable growth ean a,",445,444,sustainable-growth-ean-a,60.8,76.2
sustainable yield,sustainable yield,445,444,sustainable-yield,51.1,71.6
sustenance,sustenance,445,444,sustenance,64.6,79.2
sustentatlon,sustentatlon,445,444,sustentatlon,52.8,70.3
sutra (Skt.),sutra (Skt.),445,444,sutra-skt,92.9,84.6
suttee,suttee,445,444,suttee,91.4,69.2
suzerain,suzerain,445,444,suzerain,45.4,78.4
suzerainty,suzerainty,445,444,suzerainty,39.7,75.2
Swahili,Swahili,445,444,swahili,35.7,74.9
Swahllian,Swahllian,445,444,swahllian,59.0,72.3
Swede,Swede,445,444,swede,48.4,42.9
Swedenborgian,Swedenborgian,445,444,swedenborgian,92.6,82.6
Swedenborgianism,Swedenborgianism,445,444,swedenborgianism,91.7,65.5
Swedish,Swedish,445,444,swedish,50.3,72.5
Swiss,Swiss,445,444,swiss,96.8,72.5
syllabic,syllabic,445,444,syllabic,41.4,65.1
syllabication,syllabication,445,444,syllabication,51.4,47.5
syllablflcatlon,syllablflcatlon = syllablcatlon,445,444,syllablflcatlon,51.4,0
syllablsm,syllablsm,445,444,syllablsm,91.3,70.9
syllable,syllable,445,444,syllable,48.2,72.0
syllable arrangement whe uli,syllable arrangement whe uli,445,444,syllable-arrangement-whe-uli,70.0,45.0
syllable-timed,syllable-timed,445,444,syllable-timed,46.7,77.0
syllabus,syllabus,445,444,syllabus,64.5,73.8
syllogist,syllogist,445,444,syllogist,42.0,72.5
syllogistic ols ee,syllogistic ols ee,445,444,syllogistic-ols-ee,56.8,90.7
syllogistic inference,syllogistic inference,445,444,syllogistic-inference,80.0,0
syllogistics,syllogistics,445,444,syllogistics,8.3,0
syllogization,syllogization,445,444,syllogization,74.9,0
sylvan,sylvan,445,444,sylvan,8.3,0
sylvatic,sylvatic,445,444,sylvatic,91.0,0
sylviculture,sylviculture,445,444,sylviculture,19.7,0
symbiont,symbiont,445,444,symbiont,5.4,0
symbiosis,symbiosis,445,444,symbiosis,43.9,0
symblotlc(-al),symblotlc(-al),445,444,symblotlc-al,0.0,0
symbol,symbol,445,444,symbol,32.6,0
symbol formation,symbol formation,445,444,symbol-formation,53.5,80.6
symbollc(-al),symbollc(-al),445,444,symbollc-al,48.0,69.4
symbolicalness,symbolicalness,445,444,symbolicalness,33.6,75.0
symbolic capltal,symbolic capltal,445,444,symbolic-capltal,45.1,83.8
symbolic exchange,symbolic exchange,445,444,symbolic-exchange,38.5,70.5
symbolic knowledge goles silo,symbolic knowledge goles silo,445,444,symbolic-knowledge-goles-silo,73.6,91.9
symbolic loglc,symbolic loglc,445,444,symbolic-loglc,36.5,58.9
symbolic phalus cles,symbolic phalus cles,445,444,symbolic-phalus-cles,69.6,83.0
symboling,symboling = symbolizing,445,444,symboling,96.5,0
symbolism,symbolism,445,444,symbolism,70.6,78.6
symbolist jl~~l,symbolist jl~~l,445,444,symbolist-jl-l,36.6,76.3
symbollstlc(-al),symbollstlc(-al),445,444,symbollstlc-al,49.7,80.2
symbolization,symbolization,445,444,symbolization,40.9,74.5
symbolizer S55,symbolizer S55,446,445,symbolizer-s55,57.9,92.2
symbolizing,symbolizing,446,445,symbolizing,57.9,74.6
symbology,symbology,446,445,symbology,48.2,73.5
"symbolophobia le-sli(l,","symbolophobia le-sli(l,",446,445,symbolophobia-le-sli-l,59.3,83.2
symmetric(-al),symmetric(-al),446,445,symmetric-al,59.3,80.5
symmetrical arrangement cla,symmetrical arrangement cla,446,445,symmetrical-arrangement-cla,62.9,79.7
symmetrlcal relationship,symmetrlcal relationship,446,445,symmetrlcal-relationship,44.7,60.6
symmetrization,symmetrization,446,445,symmetrization,48.3,70.3
symmetry,symmetry,446,445,symmetry,40.4,76.5
sympathetic,sympathetic,446,445,sympathetic,40.4,64.1
sympathetic induction _Ji.0,sympathetic induction _Ji.0,446,445,sympathetic-induction-ji-0,61.6,0
sympathizer,sympathizer,446,445,sympathizer,24.1,65.9
sympathy,sympathy,446,445,sympathy,94.9,76.2
sympathy strike,sympathy strike,446,445,sympathy-strike,51.8,41.8
sympatric,sympatric,446,445,sympatric,46.8,85.9
sympatry yee,sympatry yee,446,445,sympatry-yee,57.9,56.6
symposiac,symposiac,446,445,symposiac,57.9,68.5
symposiarch,symposiarch,446,445,symposiarch,32.7,65.5
symposium,symposium,446,445,symposium,30.3,74.6
symptom,symptom,446,445,symptom,71.0,79.5
symptomatic,symptomatic,446,445,symptomatic,33.5,83.4
"symptomatology Li,._; 0,.._;.)","symptomatology Li,._; 0,.._;.)",446,445,symptomatology-li-0,19.4,0
"symptom bearer shogei(l,","symptom bearer shogei(l,",446,445,symptom-bearer-shogei-l,64.6,89.9
"symptom wearer hosel,","symptom wearer hosel,",446,445,symptom-wearer-hosel,65.2,73.4
synagog,synagog = synagogue,446,445,synagog,96.4,0
synagogal,synagogal = synagogical,446,445,synagogal,88.7,68.5
synagogue,synagogue,446,445,synagogue,46.1,65.9
synalepha,synalepha,446,445,synalepha,41.7,89.9
synaloephea,synaloephea = synalepha,446,445,synaloephea,54.6,0
synarchic,synarchic,446,445,synarchic,91.6,83.6
synarchy,synarchy,446,445,synarchy,44.3,89.5
synchronlc,synchronlc,446,445,synchronlc,44.3,89.2
synchronicity,synchronicity,446,445,synchronicity,27.5,87.4
"synchronlc linguistics ..;Lo_,-","synchronlc linguistics ..;Lo_,-",446,445,synchronlc-linguistics-lo,40.9,65.2
synchronism,synchronism,446,445,synchronism,37.8,76.6
synchronlstic(-al),synchronlstic(-al),446,445,synchronlstic-al,37.8,84.9
synchronization,synchronization,446,445,synchronization,44.6,80.8
synchronized,synchronized,446,445,synchronized,32.1,91.6
synchronizer,synchronizer,446,445,synchronizer,37.4,71.8
synchronous,synchronous,446,445,synchronous,37.4,77.1
"synchronousnessLS""l>lL,..i,, ,~Lo 3~","synchronousnessLS""l>lL,..i,, ,~Lo 3~",446,445,synchronousnessls-l-ll-i-lo-3,30.7,68.1
synchrony,synchrony,446,445,synchrony,38.5,81.9
syncretlc,syncretlc,446,445,syncretlc,38.5,54.3
syncretism,syncretism,446,445,syncretism,14.6,66.9
syncretist,syncretist,446,445,syncretist,15.4,46.8
syncretistlc,syncretistlc,446,445,syncretistlc,17.4,28.4
syncretlzation,syncretlzation,446,445,syncretlzation,52.2,63.3
syndetic,syndetic,446,445,syndetic,29.3,56.4
syndic,syndic,446,445,syndic,29.3,90.6
syndicalism,syndicalism,446,445,syndicalism,29.3,88.4
syndlcalist,syndlcalist,446,445,syndlcalist,22.3,85.1
syndicallstic,syndicallstic,446,445,syndicallstic,18.4,85.8
syndicate,syndicate,446,445,syndicate,27.8,80.3
syndrome,syndrome,447,446,syndrome,48.1,86.9
syndromic,syndromic,447,446,syndromic,45.1,90.7
synecologic(-al),synecologic(-al),447,446,synecologic-al,90.4,49.8
synecology,synecology,447,446,synecology,45.2,72.8
synergic,synergic = synergetic,447,446,synergic,96.7,0
synergic,synergic,447,446,synergic-2,96.7,83.7
synergist,synergist,447,446,synergist,45.3,62.7
synergy,synergy,447,446,synergy,47.9,76.3
synesthesia,synesthesia,447,446,synesthesia,47.9,54.7
synizesis,synizesis,447,446,synizesis,89.6,62.8
synodic(-al) «og,synodic(-al) «og,447,446,synodic-al-og,58.7,90.5
synonymic(-al),synonymic(-al),447,446,synonymic-al,90.1,57.6
synonymity,synonymity,447,446,synonymity,90.1,80.7
synopsis oA S>,synopsis oA S>,447,446,synopsis-oa-s,55.2,87.1
Synoptic Gospels,Synoptic Gospels,447,446,synoptic-gospels,57.4,89.1
syntactic(-al),syntactic(-al),447,446,syntactic-al,50.1,85.6
syntactic component,syntactic component,447,446,syntactic-component,92.9,50.0
syntactic deviation,syntactic deviation,447,446,syntactic-deviation,89.9,91.0
syntactic feature ag glaw(lj,syntactic feature ag glaw(lj,447,446,syntactic-feature-ag-glaw-lj,56.0,60.0
syntactic structure,syntactic structure,447,446,syntactic-structure,94.9,65.7
syntagma,syntagma,447,446,syntagma,90.8,71.0
syntagmatic relation,syntagmatic relation,447,446,syntagmatic-relation,83.7,0
synthesizing,synthesizing,447,446,synthesizing,36.8,69.0
synthetic judgement,synthetic judgement,447,446,synthetic-judgement,76.6,70.0
synthetic language SASF Gkj,synthetic language SASF Gkj,447,446,synthetic-language-sasf-gkj,58.0,68.4
synthetic planning,synthetic planning,447,446,synthetic-planning,51.4,79.6
synthetism,synthetism,447,446,synthetism,91.6,0
synthetization,synthetization,447,446,synthetization,91.6,44.9
Syriac,Syriac,447,446,syriac,45.1,67.1
Syrian,Syrian,447,446,syrian,49.3,56.2
system,system,447,446,system,85.6,89.4
systematic,systematic,447,446,systematic,85.6,85.9
systematic desensitization,systematic desensitization,447,446,systematic-desensitization,85.9,25.3
systematicity,systematicity,447,446,systematicity,48.2,31.8
systematics ..s~~,systematics ..s~~,447,446,systematics-s,48.2,89.1
system of nature,system of nature,447,446,system-of-nature,66.1,85.9
system of values,system of values,447,446,system-of-values,68.0,66.9
