term,normalized_term,entry_id,entry_heading,pos_context,docx_paragraph,file,anchor
بته,بته,366,گیاهان,اسم,3478,entries/0302-0437.md,entry-0366
بتهوون,بتهوون,413,موسیقی‌دان,اسم,3842,entries/0302-0437.md,entry-0413
بته‌جقه ◄ نگار,بته‌جقه ◄ نگار,252,کره . کروی بودن,اسم,2418,entries/0194-0301.md,entry-0252
بته‌جقه‌ای,بته‌جقه‌ای,252,کره . کروی بودن,صفت,2419,entries/0194-0301.md,entry-0252
بتون,بتون,47,پیوند: وسیلۀ اتصال,اسم,489,entries/0001-0090.md,entry-0047
بتون,بتون,631,مواد,اسم,5940,entries/0544-0650.md,entry-0631
بتونه,بتونه,47,پیوند: وسیلۀ اتصال,اسم,489,entries/0001-0090.md,entry-0047
بتونه,بتونه,327,نرمی . انعطاف,اسم,3157,entries/0302-0437.md,entry-0327
بتونه,بتونه,356,خمیر,اسم,3363,entries/0302-0437.md,entry-0356
بتونه‌کاری,بتونه‌کاری,656,بازسازی,اسم,6198,entries/0651-0741.md,entry-0656
بتونه‌کاری (زیاده‌روی در آرایش),بتونه‌کاری (زیاده‌روی در آرایش),843,زیباسازی . آرایش,اسم,8000,entries/0742-0850.md,entry-0843
بتونیر,بتونیر,630,ابزار 630#,اسم,5928,entries/0544-0650.md,entry-0630
بتون‌آرمه,بتون‌آرمه,631,مواد,اسم,5940,entries/0544-0650.md,entry-0631
بتکده,بتکده,990,معبد,اسم,9354,entries/0970-0991.md,entry-0990
بت‌سازی,بت‌سازی,982,بت‌پرستی,اسم,9288,entries/0970-0991.md,entry-0982
بت‌پرست,بت‌پرست,491,جهل . نادانی,صفت,4598,entries/0438-0543.md,entry-0491
بت‌پرست,بت‌پرست,887,عشق,صفت,8437,entries/0851-0969.md,entry-0887
بت‌پرست,بت‌پرست,967,بُت,اسم,9154,entries/0851-0969.md,entry-0967
بت‌پرست,بت‌پرست,974,لامذهبی,صفت,9207,entries/0970-0991.md,entry-0974
بت‌پرست,بت‌پرست,982,بت‌پرستی,صفت,9290,entries/0970-0991.md,entry-0982
بت‌پرستی,بت‌پرستی,491,جهل . نادانی,اسم,4595,entries/0438-0543.md,entry-0491
بت‌پرستی,بت‌پرستی,967,بُت,اسم,9154,entries/0851-0969.md,entry-0967
بت‌پرستی,بت‌پرستی,973,دین . دینداری,اسم,9190,entries/0970-0991.md,entry-0973
بت‌پرستی,بت‌پرستی,974,لامذهبی,اسم,9204,entries/0970-0991.md,entry-0974
بت‌پرستی,بت‌پرستی,982,بت‌پرستی,اسم,9287,entries/0970-0991.md,entry-0982
بثورات جلدی,بثورات جلدی,651,بیماری . ضعف جسمانی,اسم,6137,entries/0651-0741.md,entry-0651
بجا,بجا,913,حق . راستی,صفت,8670,entries/0851-0969.md,entry-0913
بجار,بجار,370,کشاورزی 370#,اسم,3514,entries/0302-0437.md,entry-0370
بجارکاری,بجارکاری,370,کشاورزی 370#,اسم,3513,entries/0302-0437.md,entry-0370
بجول,بجول,837,سرگرمی,اسم,7935,entries/0742-0850.md,entry-0837
بحبوحه,بحبوحه,70,وسط 70#,اسم,710,entries/0001-0090.md,entry-0070
بحبوحه,بحبوحه,137,سرموقع,اسم,1262,entries/0091-0193.md,entry-0137
بحث,بحث,475,استدلال . تعقل,اسم,4423,entries/0438-0543.md,entry-0475
بحث,بحث,584,محاوره,اسم,5429,entries/0544-0650.md,entry-0584
بحث,بحث,709,مناقشه,اسم,6702,entries/0651-0741.md,entry-0709
بحث آزاد,بحث آزاد,528,نشر,اسم,4972,entries/0438-0543.md,entry-0528
بحث انحرافی,بحث انحرافی,72,عدم تداوم,اسم,726,entries/0001-0090.md,entry-0072
بحث برسر مفاد,بحث برسر مفاد,766,مفاد,اسم,7257,entries/0742-0850.md,entry-0766
بحث ظاهراً موجه,بحث ظاهراً موجه,477,سفسطه . تناقض,اسم,4444,entries/0438-0543.md,entry-0477
بحث و گفتگو,بحث و گفتگو,400,صدای بلند 400#,اسم,3755,entries/0302-0437.md,entry-0400
بحث کردن,بحث کردن,25,ناسازگاری,فعل,251,entries/0001-0090.md,entry-0025
بحث کردن,بحث کردن,459,پرسش,فعل,4256,entries/0438-0543.md,entry-0459
بحث کردن,بحث کردن,475,استدلال . تعقل,فعل,4430,entries/0438-0543.md,entry-0475
بحث کردن,بحث کردن,512,تصور . خاطر,فعل,4798,entries/0438-0543.md,entry-0512
بحث کردن,بحث کردن,584,محاوره,فعل,5434,entries/0544-0650.md,entry-0584
بحث کردن,بحث کردن,766,مفاد,فعل,7260,entries/0742-0850.md,entry-0766
بحث کردن,بحث کردن,862,مشکل‌پسندی,فعل,8187,entries/0851-0969.md,entry-0862
بحث‌انگیز,بحث‌انگیز,766,مفاد,صفت,7258,entries/0742-0850.md,entry-0766
بحث‌ناپذیر,بحث‌ناپذیر,153,پایداری (تغییرناپذیری),صفت,1416,entries/0091-0193.md,entry-0153
بحث‌کننده,بحث‌کننده,475,استدلال . تعقل,صفت,4428,entries/0438-0543.md,entry-0475
بحر,بحر,343,دریا . اقیانوس,اسم,3278,entries/0302-0437.md,entry-0343
بحر,بحر,593,شعر و نثر,اسم,5516,entries/0544-0650.md,entry-0593
بحران,بحران,8,شرایط: وضعیت نسبی,اسم,94,entries/0001-0090.md,entry-0008
بحران,بحران,137,سرموقع,اسم,1262,entries/0091-0193.md,entry-0137
بحران,بحران,154,رویداد 154#,اسم,1423,entries/0091-0193.md,entry-0154
بحران,بحران,286,پسروی . پسرفت,اسم,2744,entries/0194-0301.md,entry-0286
بحران,بحران,318,تلاطم: حرکت نامنظم,اسم,3048,entries/0302-0437.md,entry-0318
بحران,بحران,627,نیاز,اسم,5900,entries/0544-0650.md,entry-0627
بحران,بحران,638,اهمیت,اسم,5999,entries/0544-0650.md,entry-0638
بحران,بحران,661,خطر,اسم,6266,entries/0651-0741.md,entry-0661
بحران,بحران,700,دشواری 700#,اسم,6616,entries/0651-0741.md,entry-0700
بحرانی,بحرانی,154,رویداد 154#,صفت,1428,entries/0091-0193.md,entry-0154
بحرانی,بحرانی,661,خطر,صفت,6269,entries/0651-0741.md,entry-0661
بحرطویل,بحرطویل,593,شعر و نثر,اسم,5515,entries/0544-0650.md,entry-0593
بحری,بحری,269,مسافرت دریایی,صفت,2598,entries/0194-0301.md,entry-0269
بحری,بحری,343,دریا . اقیانوس,صفت,3279,entries/0302-0437.md,entry-0343
بحمدالله,بحمدالله,907,حق‌شناسی . شُکر,قید,8623,entries/0851-0969.md,entry-0907
بخار,بخار,4,بی‌جوهری,اسم,59,entries/0001-0090.md,entry-0004
بخار,بخار,160,توان 160#,اسم,1496,entries/0091-0193.md,entry-0160
بخار,بخار,180,استعداد 180#,اسم,1704,entries/0091-0193.md,entry-0180
بخار,بخار,275,ناو (کِشتی),صفت,2653,entries/0194-0301.md,entry-0275
بخار,بخار,287,رانش,اسم,2752,entries/0194-0301.md,entry-0287
بخار,بخار,336,گاز,اسم,3219,entries/0302-0437.md,entry-0336
بخار,بخار,338,تبخیر,اسم,3233,entries/0302-0437.md,entry-0338
بخار,بخار,355,حباب . ابر: مخلوط هوا و آب 355#,اسم,3355,entries/0302-0437.md,entry-0355
بخار,بخار,379,گرما,اسم,3600,entries/0302-0437.md,entry-0379
بخار دادن,بخار دادن,300,دفع . طرد 300#,فعل,2868,entries/0194-0301.md,entry-0300
بخار دادن,بخار دادن,338,تبخیر,اسم,3233,entries/0302-0437.md,entry-0338
بخار داشتن,بخار داشتن,160,توان 160#,فعل,1505,entries/0091-0193.md,entry-0160
بخار شدن,بخار شدن,2,عدم (نیستی),فعل,44,entries/0001-0090.md,entry-0002
بخار[ی] ازکسی بلند نشدن,بخار[ی] ازکسی بلند نشدن,161,ناتوانی,فعل,1514,entries/0091-0193.md,entry-0161
بخارزا,بخارزا,338,تبخیر,صفت,3235,entries/0302-0437.md,entry-0338
بخارمانند,بخارمانند,338,تبخیر,صفت,3235,entries/0302-0437.md,entry-0338
بخارپز,بخارپز,194,ظرف,اسم,1859,entries/0194-0301.md,entry-0194
بخارپز,بخارپز,301,غذا: خوردن و نوشیدن,صفت,2905,entries/0194-0301.md,entry-0301
بخاری,بخاری,194,ظرف,اسم,1851,entries/0194-0301.md,entry-0194
بخاری,بخاری,218,پایه . تکیه‌گاه,اسم,2098,entries/0194-0301.md,entry-0218
بخاری,بخاری,342,خشکی,اسم,3271,entries/0302-0437.md,entry-0342
بخاری,بخاری,379,گرما,اسم,3601,entries/0302-0437.md,entry-0379
بخاری,بخاری,381,گرمایش,اسم,3620,entries/0302-0437.md,entry-0381
بخاری,بخاری,383,گرم‌کننده: کوره، بخاری,اسم,3645,entries/0302-0437.md,entry-0383
بخاری دیواری,بخاری دیواری,383,گرم‌کننده: کوره، بخاری,اسم,3645,entries/0302-0437.md,entry-0383
بخت,بخت,124,آینده,اسم,1138,entries/0091-0193.md,entry-0124
بخت,بخت,159,شانس: فقدان علت 159#,اسم,1485,entries/0091-0193.md,entry-0159
بخت,بخت,596,جبر . وجوب,اسم,5589,entries/0544-0650.md,entry-0596
بخت,بخت,615,خِیر . سعادت,اسم,5771,entries/0544-0650.md,entry-0615
بخت,بخت,618,اتفاق . قمار,اسم,5807,entries/0544-0650.md,entry-0618
بخت با کسی یار بودن,بخت با کسی یار بودن,730,خوشبختی 730#,فعل,6935,entries/0651-0741.md,entry-0730
بخت درِ ِخانۀ کسی را زدن,بخت درِ ِخانۀ کسی را زدن,730,خوشبختی 730#,فعل,6935,entries/0651-0741.md,entry-0730
بخت شوم,بخت شوم,511,پیش‌بینی . فال,اسم,4776,entries/0438-0543.md,entry-0511
بختش (اقبالش) بلند بودن (شدن),بختش (اقبالش) بلند بودن (شدن),730,خوشبختی 730#,فعل,6935,entries/0651-0741.md,entry-0730
بختش باز شدن,بختش باز شدن,894,ازدواج,فعل,8512,entries/0851-0969.md,entry-0894
بختش بسته (کور) بودن,بختش بسته (کور) بودن,895,تجرد,اسم,8516,entries/0851-0969.md,entry-0895
بختش بیدار بودن,بختش بیدار بودن,730,خوشبختی 730#,فعل,6935,entries/0651-0741.md,entry-0730
بختش زدن,بختش زدن,730,خوشبختی 730#,فعل,6935,entries/0651-0741.md,entry-0730
بختش یار بودن,بختش یار بودن,730,خوشبختی 730#,فعل,6935,entries/0651-0741.md,entry-0730
بختک,بختک,513,تخیل,اسم,4806,entries/0438-0543.md,entry-0513
بختک,بختک,970,جن و پری 970#,اسم,9172,entries/0970-0991.md,entry-0970
بختیاری,بختیاری,191,مقیم,اسم,1810,entries/0091-0193.md,entry-0191
بختیاری,بختیاری,301,غذا: خوردن و نوشیدن,اسم,2886,entries/0194-0301.md,entry-0301
بخت‌آزمایی,بخت‌آزمایی,159,شانس: فقدان علت 159#,اسم,1487,entries/0091-0193.md,entry-0159
بخت‌آزمایی,بخت‌آزمایی,618,اتفاق . قمار,اسم,5808,entries/0544-0650.md,entry-0618
بخت‌برگشته,بخت‌برگشته,731,فلاکت,صفت,6945,entries/0651-0741.md,entry-0731
بخت‌واقبال,بخت‌واقبال,152,تغییرپذیری,اسم,1402,entries/0091-0193.md,entry-0152
بخت‌وبالین,بخت‌وبالین,894,ازدواج,اسم,8505,entries/0851-0969.md,entry-0894
بخت‌یار,بخت‌یار,730,خوشبختی 730#,صفت,6932,entries/0651-0741.md,entry-0730
بخرد,بخرد,490,دانش . دانایی 490#,صفت,4586,entries/0438-0543.md,entry-0490
بخرد,بخرد,498,هوش . فراست,صفت,4656,entries/0438-0543.md,entry-0498
بخرد,بخرد,502,عقل . سلامت عقل,صفت,4683,entries/0438-0543.md,entry-0502
بخش,بخش,53,جزء,اسم,538,entries/0001-0090.md,entry-0053
بخش,بخش,55,ناقص . نقصان (کامل نبودن),اسم,561,entries/0001-0090.md,entry-0055
بخش,بخش,77,طبقه‌بندی . تعیین,اسم,773,entries/0001-0090.md,entry-0077
بخش,بخش,85,عدد 85#,اسم,862,entries/0001-0090.md,entry-0085
بخش,بخش,86,شمارش,اسم,870,entries/0001-0090.md,entry-0086
بخش,بخش,88,وحدت,اسم,892,entries/0001-0090.md,entry-0088
بخش,بخش,102,کسر,اسم,965,entries/0091-0193.md,entry-0102
بخش,بخش,124,آینده,اسم,1138,entries/0091-0193.md,entry-0124
بخش,بخش,184,منطقه: فضای معین,اسم,1748,entries/0091-0193.md,entry-0184
بخش,بخش,192,منزل: محل سکنا یا زندگی,اسم,1822,entries/0091-0193.md,entry-0192
بخش,بخش,359,کانیها . معدن,اسم,3398,entries/0302-0437.md,entry-0359
بخش,بخش,398,صدا,اسم,3741,entries/0302-0437.md,entry-0398
بخش,بخش,452,موضوع,اسم,4172,entries/0438-0543.md,entry-0452
بخش,بخش,577,ندا: صدای انسان,اسم,5379,entries/0544-0650.md,entry-0577
بخش,بخش,589,کتاب,اسم,5472,entries/0544-0650.md,entry-0589
بخش,بخش,687,کارگاه: محل کار,اسم,6510,entries/0651-0741.md,entry-0687
بخش,بخش,783,تسهیم,اسم,7425,entries/0742-0850.md,entry-0783
بخش (قسمت),بخش (قسمت),56,دربر گرفتن,صفت,571,entries/0001-0090.md,entry-0056
بخش (قسمت),بخش (قسمت),783,تسهیم,اسم,7426,entries/0742-0850.md,entry-0783
بخش اداره,بخش اداره,687,کارگاه: محل کار,اسم,6510,entries/0651-0741.md,entry-0687
بخش اصلی,بخش اصلی,1,وجود (هستی),اسم,28,entries/0001-0090.md,entry-0001
بخش اصلی,بخش اصلی,32,بزرگی,اسم,322,entries/0001-0090.md,entry-0032
بخش جمله,بخش جمله,40,متمّم 40#,اسم,399,entries/0001-0090.md,entry-0040
بخش جمله,بخش جمله,564,دستور زبان,اسم,5297,entries/0544-0650.md,entry-0564
بخش خصوصی,بخش خصوصی,622,اشتغال,اسم,5849,entries/0544-0650.md,entry-0622
بخش خصوصی,بخش خصوصی,791,تجارت . تهاتر,اسم,7499,entries/0742-0850.md,entry-0791
بخش دریافت و پرداخت,بخش دریافت و پرداخت,806,خرج,اسم,7616,entries/0742-0850.md,entry-0806
بخش دولتی,بخش دولتی,622,اشتغال,اسم,5849,entries/0544-0650.md,entry-0622
بخش دولتی,بخش دولتی,791,تجارت . تهاتر,اسم,7499,entries/0742-0850.md,entry-0791
بخش عملیات,بخش عملیات,687,کارگاه: محل کار,اسم,6510,entries/0651-0741.md,entry-0687
بخش مؤسسه,بخش مؤسسه,687,کارگاه: محل کار,اسم,6510,entries/0651-0741.md,entry-0687
بخش مراقبت‌های ویژه,بخش مراقبت‌های ویژه,658,درمان,اسم,6229,entries/0651-0741.md,entry-0658
بخش کردن,بخش کردن,46,عدم اتحاد . گسیختگی,فعل,473,entries/0001-0090.md,entry-0046
بخش کردن,بخش کردن,86,شمارش,فعل,880,entries/0001-0090.md,entry-0086
بخش کردن,بخش کردن,92,یک‌دوم,فعل,926,entries/0091-0193.md,entry-0092
بخش کردن,بخش کردن,558,حرف,فعل,5254,entries/0544-0650.md,entry-0558
بخش کردن,بخش کردن,564,دستور زبان,فعل,5299,entries/0544-0650.md,entry-0564
بخش کردن,بخش کردن,783,تسهیم,فعل,7428,entries/0742-0850.md,entry-0783
بخشایش,بخشایش,781,دهش,اسم,7406,entries/0742-0850.md,entry-0781
بخشایش,بخشایش,909,عفو . بخشش,اسم,8634,entries/0851-0969.md,entry-0909
بخشایشگر,بخشایشگر,781,دهش,صفت,7410,entries/0742-0850.md,entry-0781
بخشایشگر,بخشایشگر,909,عفو . بخشش,صفت,8635,entries/0851-0969.md,entry-0909
بخشایشگر,بخشایشگر,965,ذات خداوندی,اسم,9138,entries/0851-0969.md,entry-0965
بخشاینده,بخشاینده,781,دهش,صفت,7410,entries/0742-0850.md,entry-0781
بخشاینده,بخشاینده,909,عفو . بخشش,صفت,8635,entries/0851-0969.md,entry-0909
بخشاینده,بخشاینده,965,ذات خداوندی,اسم,9138,entries/0851-0969.md,entry-0965
بخشاییدن,بخشاییدن,909,عفو . بخشش,فعل,8637,entries/0851-0969.md,entry-0909
بخشدار,بخشدار,690,مدیر . رهبر 690#,اسم,6535,entries/0651-0741.md,entry-0690
بخشداری,بخشداری,687,کارگاه: محل کار,اسم,6510,entries/0651-0741.md,entry-0687
بخشش,بخشش,506,فراموشی,اسم,4733,entries/0438-0543.md,entry-0506
بخشش,بخشش,644,خوبی: صفات خوب انسان,اسم,6051,entries/0544-0650.md,entry-0644
بخشش,بخشش,703,کمک,اسم,6650,entries/0651-0741.md,entry-0703
بخشش,بخشش,781,دهش,اسم,7406,entries/0742-0850.md,entry-0781
بخشش,بخشش,813,سخاوت,اسم,7678,entries/0742-0850.md,entry-0813
بخشش,بخشش,897,نیکخواهی,اسم,8530,entries/0851-0969.md,entry-0897
بخشش,بخشش,909,عفو . بخشش,اسم,8634,entries/0851-0969.md,entry-0909
بخشش,بخشش,962,پاداش,اسم,9099,entries/0851-0969.md,entry-0962
بخشش خواستن (طلبیدن),بخشش خواستن (طلبیدن),941,دلجویی . پوزش,فعل,8932,entries/0851-0969.md,entry-0941
بخشش خواستن ◄ دلجویی کردن,بخشش خواستن ◄ دلجویی کردن,909,عفو . بخشش,فعل,8638,entries/0851-0969.md,entry-0909
بخشش عمومی,بخشش عمومی,506,فراموشی,اسم,4733,entries/0438-0543.md,entry-0506
بخشش کردن,بخشش کردن,673,استفاده,فعل,6384,entries/0651-0741.md,entry-0673
بخشنامه,بخشنامه,529,خبر,اسم,4989,entries/0438-0543.md,entry-0529
بخشنامه دریافت کردن,بخشنامه دریافت کردن,524,اطلاع . آگاهی,فعل,4931,entries/0438-0543.md,entry-0524
بخشنامۀ دولتی,بخشنامۀ دولتی,953,قانونیت,اسم,9026,entries/0851-0969.md,entry-0953
بخشنده,بخشنده,506,فراموشی,صفت,4736,entries/0438-0543.md,entry-0506
بخشنده,بخشنده,781,دهش,صفت,7410,entries/0742-0850.md,entry-0781
بخشنده,بخشنده,813,سخاوت,صفت,7680,entries/0742-0850.md,entry-0813
بخشنده,بخشنده,897,نیکخواهی,صفت,8533,entries/0851-0969.md,entry-0897
بخشنده,بخشنده,903,نیکوکار,اسم,8588,entries/0851-0969.md,entry-0903
بخشنده,بخشنده,905,دلسوزی . ترحم,صفت,8603,entries/0851-0969.md,entry-0905
بخشنده,بخشنده,909,عفو . بخشش,صفت,8635,entries/0851-0969.md,entry-0909
بخشندگی,بخشندگی,813,سخاوت,اسم,7678,entries/0742-0850.md,entry-0813
بخشهای خانه ◄ اتاق,بخشهای خانه ◄ اتاق,192,منزل: محل سکنا یا زندگی,اسم,1820,entries/0091-0193.md,entry-0192
بخشودن,بخشودن,905,دلسوزی . ترحم,فعل,8605,entries/0851-0969.md,entry-0905
بخشودن,بخشودن,909,عفو . بخشش,فعل,8637,entries/0851-0969.md,entry-0909
بخشودن,بخشودن,919,معافیت,فعل,8731,entries/0851-0969.md,entry-0919
بخشودنی,بخشودنی,935,بی‌گناهی,صفت,8889,entries/0851-0969.md,entry-0935
بخشوده,بخشوده,909,عفو . بخشش,صفت,8636,entries/0851-0969.md,entry-0909
بخشوده,بخشوده,919,معافیت,صفت,8730,entries/0851-0969.md,entry-0919
بخشودگی,بخشودگی,779,عدم نگهداری,اسم,7386,entries/0742-0850.md,entry-0779
بخشودگی,بخشودگی,909,عفو . بخشش,اسم,8634,entries/0851-0969.md,entry-0909
بخشودگی,بخشودگی,919,معافیت,اسم,8729,entries/0851-0969.md,entry-0919
بخشی,بخشی,55,ناقص . نقصان (کامل نبودن),صفت,562,entries/0001-0090.md,entry-0055
بخشی,بخشی,85,عدد 85#,اسم,861,entries/0001-0090.md,entry-0085
بخشی ازجنگ,بخشی ازجنگ,716,ستیز . مبارزه,اسم,6771,entries/0651-0741.md,entry-0716
بخشی ازجنگ,بخشی ازجنگ,718,جنگ,اسم,6801,entries/0651-0741.md,entry-0718
بخشی ازفیلم,بخشی ازفیلم,445,پدیداری . ظاهر,اسم,4096,entries/0438-0543.md,entry-0445
بخشی ازکار,بخشی ازکار,55,ناقص . نقصان (کامل نبودن),اسم,561,entries/0001-0090.md,entry-0055
بخشیاب,بخشیاب,85,عدد 85#,اسم,861,entries/0001-0090.md,entry-0085
بخشیدن,بخشیدن,506,فراموشی,فعل,4738,entries/0438-0543.md,entry-0506
بخشیدن,بخشیدن,746,آزادسازی,فعل,7106,entries/0742-0850.md,entry-0746
بخشیدن,بخشیدن,777,دارایی . مِلک 777#,فعل,7373,entries/0742-0850.md,entry-0777
بخشیدن,بخشیدن,781,دهش,فعل,7412,entries/0742-0850.md,entry-0781
بخشیدن,بخشیدن,897,نیکخواهی,فعل,8534,entries/0851-0969.md,entry-0897
بخشیدن,بخشیدن,905,دلسوزی . ترحم,فعل,8605,entries/0851-0969.md,entry-0905
بخشیدن,بخشیدن,909,عفو . بخشش,فعل,8637,entries/0851-0969.md,entry-0909
بخشیدن,بخشیدن,919,معافیت,فعل,8731,entries/0851-0969.md,entry-0919
بخشیدن,بخشیدن,927,حمایت,فعل,8820,entries/0851-0969.md,entry-0927
بخشیدن,بخشیدن,960,تبرئه 960#,فعل,9089,entries/0851-0969.md,entry-0960
بخشیدنی,بخشیدنی,781,دهش,صفت,7411,entries/0742-0850.md,entry-0781
بخشیده‌شده,بخشیده‌شده,909,عفو . بخشش,صفت,8636,entries/0851-0969.md,entry-0909
بخش‌اصلی,بخش‌اصلی,52,کل - بخش اصلی,اسم,527,entries/0001-0090.md,entry-0052
بخش‌شده,بخش‌شده,46,عدم اتحاد . گسیختگی,صفت,466,entries/0001-0090.md,entry-0046
بخش‌نامه,بخش‌نامه,953,قانونیت,اسم,9026,entries/0851-0969.md,entry-0953
بخش‌ناپذیر,بخش‌ناپذیر,52,کل - بخش اصلی,صفت,528,entries/0001-0090.md,entry-0052
بخش‌ناپذیر,بخش‌ناپذیر,53,جزء,صفت,544,entries/0001-0090.md,entry-0053
بخش‌ناپذیر,بخش‌ناپذیر,56,دربر گرفتن,صفت,570,entries/0001-0090.md,entry-0056
بخش‌های بیمارستان,بخش‌های بیمارستان,658,درمان,اسم,6229,entries/0651-0741.md,entry-0658
بخش‌پذیر,بخش‌پذیر,85,عدد 85#,صفت,865,entries/0001-0090.md,entry-0085
بخل,بخل,816,خست,اسم,7698,entries/0742-0850.md,entry-0816
بخلوق,بخلوق,273,حمل‌کننده,اسم,2632,entries/0194-0301.md,entry-0273
بخو,بخو,47,پیوند: وسیلۀ اتصال,اسم,486,entries/0001-0090.md,entry-0047
بخو کردن (زدن),بخو کردن (زدن),747,تحدید . خودداری,فعل,7119,entries/0742-0850.md,entry-0747
بخواب [صندلی],بخواب [صندلی],274,وسیلۀ نقلیه,اسم,2647,entries/0194-0301.md,entry-0274
بخوبُر,بخوبُر,542,فریب,صفت,5104,entries/0438-0543.md,entry-0542
بخودآمدن,بخودآمدن,656,بازسازی,فعل,6203,entries/0651-0741.md,entry-0656
بخور,بخور,394,بو,اسم,3713,entries/0302-0437.md,entry-0394
بخور,بخور,396,عطر,اسم,3725,entries/0302-0437.md,entry-0396
بخور,بخور,658,درمان,اسم,6218,entries/0651-0741.md,entry-0658
بخور,بخور,947,پُرخوری,صفت,8970,entries/0851-0969.md,entry-0947
بخور دادن,بخور دادن,648,پاکیزگی,فعل,6101,entries/0544-0650.md,entry-0648
بخوربخور,بخوربخور,788,دزدی,اسم,7475,entries/0742-0850.md,entry-0788
بخوربخور,بخوربخور,947,پُرخوری,اسم,8969,entries/0851-0969.md,entry-0947
بخوروبخواب,بخوروبخواب,679,عدم فعالیت . خواب,صفت,6446,entries/0651-0741.md,entry-0679
بخوروبچاپ,بخوروبچاپ,788,دزدی,اسم,7475,entries/0742-0850.md,entry-0788
بخورونمیر,بخورونمیر,105,قلت,صفت,987,entries/0091-0193.md,entry-0105
بخولق ◄ اسب,بخولق ◄ اسب,365,حیوانات,اسم,3469,entries/0302-0437.md,entry-0365
بخچه,بخچه,194,ظرف,اسم,1852,entries/0194-0301.md,entry-0194
بخیل,بخیل,816,خست,صفت,7700,entries/0742-0850.md,entry-0816
بخیل,بخیل,930,نادرستی 930#,صفت,8848,entries/0851-0969.md,entry-0930
بخیلانه,بخیلانه,105,قلت,صفت,987,entries/0091-0193.md,entry-0105
بخیلانه,بخیلانه,816,خست,قید,7704,entries/0742-0850.md,entry-0816
بخیه,بخیه,228,پوشاک . پوشیدن,اسم,2212,entries/0194-0301.md,entry-0228
بخیه,بخیه,658,درمان,اسم,6227,entries/0651-0741.md,entry-0658
بخیه به آب‌دوغ زدن,بخیه به آب‌دوغ زدن,641,بی‌فایده بودن,فعل,6034,entries/0544-0650.md,entry-0641
بخیه زدن (کردن,بخیه زدن (کردن,658,درمان,اسم,6227,entries/0651-0741.md,entry-0658
بد,بد,25,ناسازگاری,صفت,250,entries/0001-0090.md,entry-0025
بد,بد,259,زبری,صفت,2483,entries/0194-0301.md,entry-0259
بد,بد,616,شرّ,صفت,5784,entries/0544-0650.md,entry-0616
بد,بد,645,بدی: صفات بد انسان,صفت,6065,entries/0544-0650.md,entry-0645
بد,بد,661,خطر,صفت,6269,entries/0651-0741.md,entry-0661
بد,بد,700,دشواری 700#,صفت,6617,entries/0651-0741.md,entry-0700
بد,بد,885,بی‌ادبی,صفت,8418,entries/0851-0969.md,entry-0885
بد,بد,888,نفرت,صفت,8451,entries/0851-0969.md,entry-0888
بد آمدن,بد آمدن,511,پیش‌بینی . فال,فعل,4784,entries/0438-0543.md,entry-0511
بد آوردن,بد آوردن,728,شکست: عجز درانجام,فعل,6919,entries/0651-0741.md,entry-0728
بد آوردن,بد آوردن,731,فلاکت,فعل,6946,entries/0651-0741.md,entry-0731
بد به‌دل ِخود آوردن (راه دادن),بد به‌دل ِخود آوردن (راه دادن),825,رنج . غم,فعل,7805,entries/0742-0850.md,entry-0825
بد به‌کار بردن,بد به‌کار بردن,675,سوءاستفاده,فعل,6397,entries/0651-0741.md,entry-0675
بد بودن,بد بودن,645,بدی: صفات بد انسان,فعل,6069,entries/0544-0650.md,entry-0645
بد بودن,بد بودن,914,ناحق . ناراستی,فعل,8682,entries/0851-0969.md,entry-0914
بد بودن برای کسی,بد بودن برای کسی,25,ناسازگاری,فعل,252,entries/0001-0090.md,entry-0025
بد بودن برای کسی,بد بودن برای کسی,645,بدی: صفات بد انسان,فعل,6068,entries/0544-0650.md,entry-0645
بد تعبیر کردن,بد تعبیر کردن,481,عدم تشخیص . تعصب,فعل,4493,entries/0438-0543.md,entry-0481
بد تعبیر کردن,بد تعبیر کردن,495,خطا,فعل,4635,entries/0438-0543.md,entry-0495
بد تعبیرکردن,بد تعبیرکردن,495,خطا,فعل,4634,entries/0438-0543.md,entry-0495
بد دانستن,بد دانستن,760,امتناع 760#,اسم,7210,entries/0742-0850.md,entry-0760
بد دانستن,بد دانستن,762,اعتراض . نهی,اسم,7226,entries/0742-0850.md,entry-0762
بد دانستن,بد دانستن,888,نفرت,فعل,8455,entries/0851-0969.md,entry-0888
بد دیدن,بد دیدن,731,فلاکت,فعل,6946,entries/0651-0741.md,entry-0731
بد رفتار کردن,بد رفتار کردن,688,رفتار,فعل,6518,entries/0651-0741.md,entry-0688
بد فهمیدن,بد فهمیدن,495,خطا,فعل,4634,entries/0438-0543.md,entry-0495
بد کردن,بد کردن,645,بدی: صفات بد انسان,فعل,6068,entries/0544-0650.md,entry-0645
بد کردن به‌کسی,بد کردن به‌کسی,645,بدی: صفات بد انسان,فعل,6068,entries/0544-0650.md,entry-0645
بد گفتن ازکسی,بد گفتن ازکسی,926,بدگویی . افترا,فعل,8808,entries/0851-0969.md,entry-0926
بدآمد,بدآمد,645,بدی: صفات بد انسان,اسم,6064,entries/0544-0650.md,entry-0645
بدآموز,بدآموز,535,بدآموزی,صفت,5045,entries/0438-0543.md,entry-0535
بدآموزی,بدآموزی,303,فروکنش,اسم,2924,entries/0302-0437.md,entry-0303
بدآموزی,بدآموزی,495,خطا,اسم,4628,entries/0438-0543.md,entry-0495
بدآموزی,بدآموزی,535,بدآموزی,اسم,5044,entries/0438-0543.md,entry-0535
بدآموزی,بدآموزی,543,غیرحقیقت,اسم,5115,entries/0438-0543.md,entry-0543
بدآموزی,بدآموزی,552,تجسم غیرواقعی,اسم,5208,entries/0544-0650.md,entry-0552
بدآموزی,بدآموزی,612,انگیختن . تحریک,اسم,5734,entries/0544-0650.md,entry-0612
بدآموزی,بدآموزی,977,بدعت,اسم,9230,entries/0970-0991.md,entry-0977
بدآموزی,بدآموزی,980,بی‌تقوایی 980#,اسم,9264,entries/0970-0991.md,entry-0980
بدآموزی داشتن,بدآموزی داشتن,535,بدآموزی,فعل,5046,entries/0438-0543.md,entry-0535
بدآموزی کردن,بدآموزی کردن,303,فروکنش,فعل,2926,entries/0302-0437.md,entry-0303
بدآموزی کردن,بدآموزی کردن,477,سفسطه . تناقض,فعل,4449,entries/0438-0543.md,entry-0477
بدآموزی کردن,بدآموزی کردن,495,خطا,فعل,4636,entries/0438-0543.md,entry-0495
بدآموزی کردن,بدآموزی کردن,535,بدآموزی,فعل,5046,entries/0438-0543.md,entry-0535
بدآموزی کردن,بدآموزی کردن,542,فریب,فعل,5107,entries/0438-0543.md,entry-0542
بدآموزی کردن,بدآموزی کردن,552,تجسم غیرواقعی,فعل,5210,entries/0544-0650.md,entry-0552
بدآموزی کردن,بدآموزی کردن,655,زوال . فرسایش,فعل,6190,entries/0651-0741.md,entry-0655
بدآموزی کردن,بدآموزی کردن,951,بی‌عفتی,فعل,9013,entries/0851-0969.md,entry-0951
بدا,بدا,830,تأسف 830#,فعل,7854,entries/0742-0850.md,entry-0830
بداخلاق,بداخلاق,885,بی‌ادبی,صفت,8419,entries/0851-0969.md,entry-0885
بداخلاق,بداخلاق,891,رنجش . خشم,صفت,8479,entries/0851-0969.md,entry-0891
بداخلاق,بداخلاق,892,تندطبعی,صفت,8492,entries/0851-0969.md,entry-0892
بداخلاق,بداخلاق,893,ترشرویی,صفت,8497,entries/0851-0969.md,entry-0893
بداخلاقی,بداخلاقی,827,دردناکی,اسم,7817,entries/0742-0850.md,entry-0827
بداقبال,بداقبال,731,فلاکت,صفت,6944,entries/0651-0741.md,entry-0731
بداقبالی,بداقبالی,731,فلاکت,اسم,6941,entries/0651-0741.md,entry-0731
بداندیش,بداندیش,486,ناباوری . شک,صفت,4541,entries/0438-0543.md,entry-0486
بداندیش,بداندیش,491,جهل . نادانی,صفت,4599,entries/0438-0543.md,entry-0491
بداندیش,بداندیش,898,بدخواهی . اذیت,صفت,8543,entries/0851-0969.md,entry-0898
بداندیشی,بداندیشی,898,بدخواهی . اذیت,اسم,8539,entries/0851-0969.md,entry-0898
بداهت,بداهت,443,پیدایی,اسم,4076,entries/0438-0543.md,entry-0443
بداهتاً,بداهتاً,609,خودجوشی,صفت,5704,entries/0544-0650.md,entry-0609
بداهه,بداهه,609,خودجوشی,اسم,5702,entries/0544-0650.md,entry-0609
بداهه گفتن,بداهه گفتن,609,خودجوشی,فعل,5705,entries/0544-0650.md,entry-0609
بداهه گفتن,بداهه گفتن,670,فقدان آمادگی 670#,فعل,6354,entries/0651-0741.md,entry-0670
بداهه‌نویس,بداهه‌نویس,609,خودجوشی,اسم,5703,entries/0544-0650.md,entry-0609
بداُغور,بداُغور,511,پیش‌بینی . فال,صفت,4780,entries/0438-0543.md,entry-0511
بدایت,بدایت,68,آغاز,اسم,683,entries/0001-0090.md,entry-0068
بدایع,بدایع,126,تازگی,اسم,1161,entries/0091-0193.md,entry-0126
بدایع,بدایع,864,شگفت,اسم,8201,entries/0851-0969.md,entry-0864
بدبار,بدبار,700,دشواری 700#,صفت,6617,entries/0651-0741.md,entry-0700
بدبخت,بدبخت,511,پیش‌بینی . فال,صفت,4780,entries/0438-0543.md,entry-0511
بدبخت,بدبخت,728,شکست: عجز درانجام,صفت,6915,entries/0651-0741.md,entry-0728
بدبخت,بدبخت,731,فلاکت,اسم,6942,entries/0651-0741.md,entry-0731
بدبخت,بدبخت,825,رنج . غم,اسم,7798,entries/0742-0850.md,entry-0825
بدبخت,بدبخت,899,نفرین,اسم,8555,entries/0851-0969.md,entry-0899
بدبخت,بدبخت,922,تحقیر,صفت,8759,entries/0851-0969.md,entry-0922
بدبخت شدن,بدبخت شدن,731,فلاکت,فعل,6946,entries/0651-0741.md,entry-0731
بدبختان,بدبختان,731,فلاکت,اسم,6942,entries/0651-0741.md,entry-0731
بدبختانه,بدبختانه,830,تأسف 830#,فعل,7854,entries/0742-0850.md,entry-0830
بدبختی,بدبختی,511,پیش‌بینی . فال,اسم,4774,entries/0438-0543.md,entry-0511
بدبختی,بدبختی,616,شرّ,اسم,5783,entries/0544-0650.md,entry-0616
بدبختی,بدبختی,700,دشواری 700#,اسم,6616,entries/0651-0741.md,entry-0700
بدبختی,بدبختی,702,منع . ممانعت,اسم,6639,entries/0651-0741.md,entry-0702
بدبختی,بدبختی,731,فلاکت,اسم,6941,entries/0651-0741.md,entry-0731
بدبختی,بدبختی,825,رنج . غم,اسم,7795,entries/0742-0850.md,entry-0825
بدبختی,بدبختی,922,تحقیر,اسم,8757,entries/0851-0969.md,entry-0922
بدبدرقه,بدبدرقه,883,اجتماعی نبودن,صفت,8396,entries/0851-0969.md,entry-0883
بدبو,بدبو,391,بدطعمی,صفت,3692,entries/0302-0437.md,entry-0391
بدبو,بدبو,394,بو,صفت,3714,entries/0302-0437.md,entry-0394
بدبو,بدبو,397,بوی بد,صفت,3732,entries/0302-0437.md,entry-0397
بدبو,بدبو,649,ناپاکی . آلودگی,صفت,6111,entries/0544-0650.md,entry-0649
بدبو,بدبو,653,ناگوارایی,صفت,6162,entries/0651-0741.md,entry-0653
بدبویی,بدبویی,888,نفرت,اسم,8448,entries/0851-0969.md,entry-0888
بدبیار,بدبیار,728,شکست: عجز درانجام,صفت,6915,entries/0651-0741.md,entry-0728
بدبیاری,بدبیاری,728,شکست: عجز درانجام,اسم,6912,entries/0651-0741.md,entry-0728
بدبیاری,بدبیاری,731,فلاکت,اسم,6941,entries/0651-0741.md,entry-0731
بدبین,بدبین,486,ناباوری . شک,صفت,4541,entries/0438-0543.md,entry-0486
بدبین,بدبین,834,افسردگی . وقار,اسم,7887,entries/0742-0850.md,entry-0834
بدبین,بدبین,853,نومیدی,صفت,8099,entries/0851-0969.md,entry-0853
بدبینی,بدبینی,483,تخفیف . دست‌کم گرفتن,اسم,4507,entries/0438-0543.md,entry-0483
بدبینی,بدبینی,486,ناباوری . شک,اسم,4538,entries/0438-0543.md,entry-0486
بدبینی,بدبینی,853,نومیدی,اسم,8098,entries/0851-0969.md,entry-0853
بدتر,بدتر,35,کهتری,صفت,359,entries/0001-0090.md,entry-0035
بدتر,بدتر,462,مقایسه,صفت,4285,entries/0438-0543.md,entry-0462
بدتر شده,بدتر شده,832,تشدید درد,صفت,7867,entries/0742-0850.md,entry-0832
بدتر کردن,بدتر کردن,832,تشدید درد,فعل,7868,entries/0742-0850.md,entry-0832
بدترشده,بدترشده,655,زوال . فرسایش,صفت,6185,entries/0651-0741.md,entry-0655
بدترکیب,بدترکیب,244,بی‌شکلی,صفت,2346,entries/0194-0301.md,entry-0244
بدترکیب,بدترکیب,246,به‌هم ریختگی . بدشکلی,صفت,2360,entries/0194-0301.md,entry-0246
بدترکیب,بدترکیب,695,عدم مهارت . ناشیگری,صفت,6576,entries/0651-0741.md,entry-0695
بدترکیب,بدترکیب,842,زشتی,صفت,7994,entries/0742-0850.md,entry-0842
بدترکیب,بدترکیب,845,لکه . فقدان زینت,صفت,8030,entries/0742-0850.md,entry-0845
بدترکیب,بدترکیب,888,نفرت,صفت,8454,entries/0851-0969.md,entry-0888
بدتعبیر کردن,بدتعبیر کردن,521,سوءتعبیر,فعل,4884,entries/0438-0543.md,entry-0521
بدجا,بدجا,188,نقل مکان . انتقال,صفت,1781,entries/0091-0193.md,entry-0188
بدجنس,بدجنس,616,شرّ,صفت,5787,entries/0544-0650.md,entry-0616
بدجنس,بدجنس,645,بدی: صفات بد انسان,صفت,6065,entries/0544-0650.md,entry-0645
بدجنس,بدجنس,898,بدخواهی . اذیت,صفت,8543,entries/0851-0969.md,entry-0898
بدجنس,بدجنس,930,نادرستی 930#,صفت,8847,entries/0851-0969.md,entry-0930
بدجنس,بدجنس,934,شرارت,صفت,8878,entries/0851-0969.md,entry-0934
بدجنسی,بدجنسی,616,شرّ,اسم,5783,entries/0544-0650.md,entry-0616
بدجنسی,بدجنسی,645,بدی: صفات بد انسان,اسم,6064,entries/0544-0650.md,entry-0645
بدجنسی,بدجنسی,827,دردناکی,اسم,7816,entries/0742-0850.md,entry-0827
بدجنسی,بدجنسی,930,نادرستی 930#,اسم,8844,entries/0851-0969.md,entry-0930
بدجنسی,بدجنسی,934,شرارت,اسم,8876,entries/0851-0969.md,entry-0934
بدجور,بدجور,616,شرّ,صفت,5786,entries/0544-0650.md,entry-0616
بدحال,بدحال,300,دفع . طرد 300#,صفت,2864,entries/0194-0301.md,entry-0300
بدحال کردن,بدحال کردن,659,مایۀ هلاک . زهر,فعل,6249,entries/0651-0741.md,entry-0659
بدحالی,بدحالی,651,بیماری . ضعف جسمانی,اسم,6125,entries/0651-0741.md,entry-0651
بدحجاب,بدحجاب,229,برهنگی . کندن لباس,صفت,2225,entries/0194-0301.md,entry-0229
بدحجاب بودن,بدحجاب بودن,980,بی‌تقوایی 980#,فعل,9269,entries/0970-0991.md,entry-0980
بدحساب,بدحساب,803,بدهکاری,صفت,7593,entries/0742-0850.md,entry-0803
بدخش,بدخش,273,حمل‌کننده,اسم,2632,entries/0194-0301.md,entry-0273
بدخط,بدخط,586,نگارش,صفت,5449,entries/0544-0650.md,entry-0586
بدخلق,بدخلق,885,بی‌ادبی,صفت,8419,entries/0851-0969.md,entry-0885
بدخلق,بدخلق,891,رنجش . خشم,صفت,8479,entries/0851-0969.md,entry-0891
بدخلق,بدخلق,893,ترشرویی,صفت,8497,entries/0851-0969.md,entry-0893
بدخلقی,بدخلقی,827,دردناکی,اسم,7817,entries/0742-0850.md,entry-0827
بدخلقی کردن,بدخلقی کردن,709,مناقشه,فعل,6710,entries/0651-0741.md,entry-0709
بدخو,بدخو,885,بی‌ادبی,صفت,8419,entries/0851-0969.md,entry-0885
بدخواب,بدخواب,678,فعالیت . بیداری,صفت,6427,entries/0651-0741.md,entry-0678
بدخواه,بدخواه,718,جنگ,صفت,6803,entries/0651-0741.md,entry-0718
بدخواه,بدخواه,898,بدخواهی . اذیت,صفت,8543,entries/0851-0969.md,entry-0898
بدخواه,بدخواه,926,بدگویی . افترا,صفت,8807,entries/0851-0969.md,entry-0926
بدخواه,بدخواه,934,شرارت,صفت,8878,entries/0851-0969.md,entry-0934
بدخواهانه,بدخواهانه,898,بدخواهی . اذیت,صفت,8547,entries/0851-0969.md,entry-0898
بدخواهانه,بدخواهانه,926,بدگویی . افترا,صفت,8807,entries/0851-0969.md,entry-0926
بدخواهی,بدخواهی,881,دشمنی,اسم,8370,entries/0851-0969.md,entry-0881
بدخواهی,بدخواهی,898,بدخواهی . اذیت,اسم,8539,entries/0851-0969.md,entry-0898
بدخواهی,بدخواهی,899,نفرین,اسم,8553,entries/0851-0969.md,entry-0899
بدخواهی,بدخواهی,910,انتقامجویی 910#,اسم,8642,entries/0851-0969.md,entry-0910
بدخویی,بدخویی,616,شرّ,اسم,5783,entries/0544-0650.md,entry-0616
بدخویی,بدخویی,645,بدی: صفات بد انسان,اسم,6064,entries/0544-0650.md,entry-0645
بدخویی,بدخویی,891,رنجش . خشم,اسم,8477,entries/0851-0969.md,entry-0891
بدداشت,بدداشت,921,بی‌احترامی,اسم,8747,entries/0851-0969.md,entry-0921
بددست,بددست,700,دشواری 700#,صفت,6617,entries/0651-0741.md,entry-0700
بددل,بددل,474,عدم‌قطعیت . تردید,صفت,4407,entries/0438-0543.md,entry-0474
بددنده,بددنده,602,سرسختی . یکدندگی,صفت,5636,entries/0544-0650.md,entry-0602
بددهانی,بددهانی,645,بدی: صفات بد انسان,اسم,6064,entries/0544-0650.md,entry-0645
بددهن,بددهن,899,نفرین,صفت,8557,entries/0851-0969.md,entry-0899
بددوخت,بددوخت,228,پوشاک . پوشیدن,صفت,2215,entries/0194-0301.md,entry-0228
بدذات,بدذات,616,شرّ,صفت,5787,entries/0544-0650.md,entry-0616
بدذات,بدذات,645,بدی: صفات بد انسان,صفت,6065,entries/0544-0650.md,entry-0645
بدذات,بدذات,850,ادا 850#,صفت,8068,entries/0742-0850.md,entry-0850
بدذات,بدذات,930,نادرستی 930#,صفت,8848,entries/0851-0969.md,entry-0930
بدذات,بدذات,934,شرارت,صفت,8878,entries/0851-0969.md,entry-0934
بدذاتی,بدذاتی,934,شرارت,اسم,8876,entries/0851-0969.md,entry-0934
بدر,بدر,321,کیهان,اسم,3093,entries/0302-0437.md,entry-0321
بدراه,بدراه,273,حمل‌کننده,اسم,2632,entries/0194-0301.md,entry-0273
بدرفتار,بدرفتار,688,رفتار,صفت,6517,entries/0651-0741.md,entry-0688
بدرفتاری,بدرفتاری,675,سوءاستفاده,اسم,6396,entries/0651-0741.md,entry-0675
بدرفتاری کردن,بدرفتاری کردن,675,سوءاستفاده,فعل,6397,entries/0651-0741.md,entry-0675
بدرفتاری کردن,بدرفتاری کردن,885,بی‌ادبی,فعل,8420,entries/0851-0969.md,entry-0885
بدرفتاری کردن,بدرفتاری کردن,914,ناحق . ناراستی,فعل,8682,entries/0851-0969.md,entry-0914
بدرقه,بدرقه,238,عقب,اسم,2298,entries/0194-0301.md,entry-0238
بدرقه,بدرقه,296,خروج,اسم,2815,entries/0194-0301.md,entry-0296
بدرقه‌کردن,بدرقه‌کردن,296,خروج,فعل,2820,entries/0194-0301.md,entry-0296
بدرقه‌کننده,بدرقه‌کننده,296,خروج,اسم,2815,entries/0194-0301.md,entry-0296
بدرود,بدرود,296,خروج,اسم,2815,entries/0194-0301.md,entry-0296
بدرود حیات (زندگانی,بدرود حیات (زندگانی,361,مرگ,فعل,3420,entries/0302-0437.md,entry-0361
بدرود گفتن,بدرود گفتن,296,خروج,فعل,2820,entries/0194-0301.md,entry-0296
بدرکاب,بدرکاب,273,حمل‌کننده,اسم,2632,entries/0194-0301.md,entry-0273
بدرگ,بدرگ,616,شرّ,صفت,5787,entries/0544-0650.md,entry-0616
بدرگ,بدرگ,645,بدی: صفات بد انسان,صفت,6065,entries/0544-0650.md,entry-0645
بدریخت,بدریخت,244,بی‌شکلی,صفت,2346,entries/0194-0301.md,entry-0244
بدریخت,بدریخت,246,به‌هم ریختگی . بدشکلی,صفت,2360,entries/0194-0301.md,entry-0246
بدریخت,بدریخت,842,زشتی,صفت,7992,entries/0742-0850.md,entry-0842
بدزبان,بدزبان,899,نفرین,صفت,8557,entries/0851-0969.md,entry-0899
بدزمانی,بدزمانی,25,ناسازگاری,اسم,247,entries/0001-0090.md,entry-0025
بدزمانی,بدزمانی,695,عدم مهارت . ناشیگری,اسم,6572,entries/0651-0741.md,entry-0695
بدسابقه,بدسابقه,867,بدنامی,صفت,8237,entries/0851-0969.md,entry-0867
بدست آوردن,بدست آوردن,915,وجود حق,فعل,8691,entries/0851-0969.md,entry-0915
بدسلیقه,بدسلیقه,847,بدسلیقگی,صفت,8044,entries/0742-0850.md,entry-0847
بدسلیقه ◄ آدم بی‌ذوق,بدسلیقه ◄ آدم بی‌ذوق,307,کاستی . نارسایی . کسری (حرکت نیمه‌تمام) 307,صفت,2961,entries/0302-0437.md,entry-0307
بدسلیقگی,بدسلیقگی,307,کاستی . نارسایی . کسری (حرکت نیمه‌تمام) 307,اسم,2959,entries/0302-0437.md,entry-0307
بدسلیقگی نشان دادن,بدسلیقگی نشان دادن,847,بدسلیقگی,فعل,8046,entries/0742-0850.md,entry-0847
بدش آمدن,بدش آمدن,829,عدم رضایت,فعل,7845,entries/0742-0850.md,entry-0829
بدش آمدن,بدش آمدن,888,نفرت,فعل,8455,entries/0851-0969.md,entry-0888
بدشانس بودن,بدشانس بودن,138,بی‌موقع,فعل,1275,entries/0091-0193.md,entry-0138
بدشانسی,بدشانسی,138,بی‌موقع,اسم,1273,entries/0091-0193.md,entry-0138
بدشانسی,بدشانسی,731,فلاکت,اسم,6941,entries/0651-0741.md,entry-0731
بدشکل,بدشکل,842,زشتی,صفت,7994,entries/0742-0850.md,entry-0842
بدشکل کردن,بدشکل کردن,19,عدم تشابه,فعل,198,entries/0001-0090.md,entry-0019
بدشکل کردن,بدشکل کردن,63,اغتشاش: ایجاد اغتشاش و به‌هم ریختن,فعل,645,entries/0001-0090.md,entry-0063
بدشکل کردن,بدشکل کردن,143,تغییر و تحول 143#,فعل,1326,entries/0091-0193.md,entry-0143
بدشکل کردن,بدشکل کردن,246,به‌هم ریختگی . بدشکلی,فعل,2361,entries/0194-0301.md,entry-0246
بدشکل کردن,بدشکل کردن,535,بدآموزی,فعل,5046,entries/0438-0543.md,entry-0535
بدشکل کردن,بدشکل کردن,552,تجسم غیرواقعی,فعل,5210,entries/0544-0650.md,entry-0552
بدشکل کردن,بدشکل کردن,655,زوال . فرسایش,فعل,6190,entries/0651-0741.md,entry-0655
بدشکلی,بدشکلی,246,به‌هم ریختگی . بدشکلی,اسم,2358,entries/0194-0301.md,entry-0246
بدشگون,بدشگون,138,بی‌موقع,صفت,1274,entries/0091-0193.md,entry-0138
بدشگونی,بدشگونی,138,بی‌موقع,اسم,1273,entries/0091-0193.md,entry-0138
بدطعم,بدطعم,391,بدطعمی,صفت,3692,entries/0302-0437.md,entry-0391
بدطعمی,بدطعمی,386,مزه . چشایی,اسم,3659,entries/0302-0437.md,entry-0386
بدطعمی,بدطعمی,391,بدطعمی,اسم,3691,entries/0302-0437.md,entry-0391
بدطینت,بدطینت,616,شرّ,صفت,5787,entries/0544-0650.md,entry-0616
بدطینت,بدطینت,645,بدی: صفات بد انسان,صفت,6065,entries/0544-0650.md,entry-0645
بدطینتی,بدطینتی,645,بدی: صفات بد انسان,اسم,6064,entries/0544-0650.md,entry-0645
بدعت,بدعت,21,نوآوری,اسم,213,entries/0001-0090.md,entry-0021
بدعت,بدعت,84,عدم تطبیق,اسم,845,entries/0001-0090.md,entry-0084
بدعت,بدعت,126,تازگی,اسم,1162,entries/0091-0193.md,entry-0126
بدعت,بدعت,282,انحراف . بی‌هدفی,اسم,2713,entries/0194-0301.md,entry-0282
بدعت,بدعت,486,ناباوری . شک,اسم,4538,entries/0438-0543.md,entry-0486
بدعت,بدعت,495,خطا,اسم,4628,entries/0438-0543.md,entry-0495
بدعت,بدعت,974,لامذهبی,اسم,9205,entries/0970-0991.md,entry-0974
بدعت,بدعت,977,بدعت,اسم,9230,entries/0970-0991.md,entry-0977
بدعت,بدعت,980,بی‌تقوایی 980#,اسم,9264,entries/0970-0991.md,entry-0980
بدعت آوردن (گذاشتن),بدعت آوردن (گذاشتن),977,بدعت,فعل,9235,entries/0970-0991.md,entry-0977
بدعت آوردن (گذاشتن),بدعت آوردن (گذاشتن),988,مراسم مذهبی,فعل,9345,entries/0970-0991.md,entry-0988
بدعت کردن,بدعت کردن,282,انحراف . بی‌هدفی,فعل,2716,entries/0194-0301.md,entry-0282
بدعت کردن,بدعت کردن,495,خطا,فعل,4634,entries/0438-0543.md,entry-0495
بدعت کردن,بدعت کردن,936,گناهکاری . مجرمیت,فعل,8899,entries/0851-0969.md,entry-0936
بدعت کردن,بدعت کردن,977,بدعت,فعل,9235,entries/0970-0991.md,entry-0977
بدعت کردن,بدعت کردن,980,بی‌تقوایی 980#,فعل,9269,entries/0970-0991.md,entry-0980
بدعت کردن,بدعت کردن,988,مراسم مذهبی,فعل,9345,entries/0970-0991.md,entry-0988
بدعت‌گذار,بدعت‌گذار,21,نوآوری,صفت,215,entries/0001-0090.md,entry-0021
بدعت‌گذار,بدعت‌گذار,84,عدم تطبیق,صفت,849,entries/0001-0090.md,entry-0084
بدعت‌گذار,بدعت‌گذار,118,خارج از زمان خود,اسم,1097,entries/0091-0193.md,entry-0118
بدعت‌گذار,بدعت‌گذار,282,انحراف . بی‌هدفی,صفت,2715,entries/0194-0301.md,entry-0282
بدعت‌گذار,بدعت‌گذار,285,پیشروی,صفت,2736,entries/0194-0301.md,entry-0285
بدعت‌گذار,بدعت‌گذار,486,ناباوری . شک,اسم,4540,entries/0438-0543.md,entry-0486
بدعت‌گذار,بدعت‌گذار,974,لامذهبی,صفت,9207,entries/0970-0991.md,entry-0974
بدعت‌گذار,بدعت‌گذار,977,بدعت,صفت,9232,entries/0970-0991.md,entry-0977
بدعت‌گذاری,بدعت‌گذاری,977,بدعت,اسم,9230,entries/0970-0991.md,entry-0977
بدعنق,بدعنق,893,ترشرویی,صفت,8497,entries/0851-0969.md,entry-0893
بدعهدی,بدعهدی,675,سوءاستفاده,اسم,6396,entries/0651-0741.md,entry-0675
بدعهدی,بدعهدی,930,نادرستی 930#,اسم,8845,entries/0851-0969.md,entry-0930
بدعیار,بدعیار,797,پول,اسم,7545,entries/0742-0850.md,entry-0797
بدفرجام,بدفرجام,4,بی‌جوهری,صفت,60,entries/0001-0090.md,entry-0004
بدفرجام,بدفرجام,728,شکست: عجز درانجام,صفت,6917,entries/0651-0741.md,entry-0728
بدفرم,بدفرم,842,زشتی,صفت,7994,entries/0742-0850.md,entry-0842
بدقدم,بدقدم,731,فلاکت,صفت,6945,entries/0651-0741.md,entry-0731
بدقلب,بدقلب,474,عدم‌قطعیت . تردید,صفت,4407,entries/0438-0543.md,entry-0474
بدقلب,بدقلب,481,عدم تشخیص . تعصب,صفت,4492,entries/0438-0543.md,entry-0481
بدقلب,بدقلب,898,بدخواهی . اذیت,صفت,8543,entries/0851-0969.md,entry-0898
بدقواره,بدقواره,195,درشتی . اندازه,صفت,1884,entries/0194-0301.md,entry-0195
بدقواره,بدقواره,244,بی‌شکلی,صفت,2346,entries/0194-0301.md,entry-0244
بدقواره,بدقواره,246,به‌هم ریختگی . بدشکلی,صفت,2360,entries/0194-0301.md,entry-0246
بدقواره,بدقواره,842,زشتی,صفت,7994,entries/0742-0850.md,entry-0842
بدقواره کردن,بدقواره کردن,63,اغتشاش: ایجاد اغتشاش و به‌هم ریختن,فعل,645,entries/0001-0090.md,entry-0063
بدقواره کردن,بدقواره کردن,246,به‌هم ریختگی . بدشکلی,فعل,2361,entries/0194-0301.md,entry-0246
بدقواره کردن,بدقواره کردن,655,زوال . فرسایش,فعل,6190,entries/0651-0741.md,entry-0655
بدقول,بدقول,138,بی‌موقع,صفت,1274,entries/0091-0193.md,entry-0138
بدقول,بدقول,769,عدم رعایت,صفت,7281,entries/0742-0850.md,entry-0769
بدقولی,بدقولی,675,سوءاستفاده,اسم,6396,entries/0651-0741.md,entry-0675
بدقولی,بدقولی,738,سرپیچی . عصیان,اسم,7021,entries/0651-0741.md,entry-0738
بدقولی,بدقولی,769,عدم رعایت,اسم,7280,entries/0742-0850.md,entry-0769
بدقولی کردن,بدقولی کردن,769,عدم رعایت,فعل,7282,entries/0742-0850.md,entry-0769
بدقیافه,بدقیافه,246,به‌هم ریختگی . بدشکلی,صفت,2360,entries/0194-0301.md,entry-0246
بدل,بدل,7,حالت: وضعیت مطلق,اسم,85,entries/0001-0090.md,entry-0007
بدل,بدل,15,تفاوت . تمیز,اسم,161,entries/0001-0090.md,entry-0015
بدل,بدل,22,نسخه . کپی,اسم,222,entries/0001-0090.md,entry-0022
بدل,بدل,150,جایگزینی: گذاشتن چیزی درجای دیگری,اسم,1384,entries/0091-0193.md,entry-0150
بدل,بدل,542,فریب,صفت,5106,entries/0438-0543.md,entry-0542
بدل,بدل,594,تئاتر,اسم,5532,entries/0544-0650.md,entry-0594
بدل,بدل,716,ستیز . مبارزه,اسم,6778,entries/0651-0741.md,entry-0716
بدل شدن,بدل شدن,147,تبدیل: تغییر یافتن به‌چیزی دیگر,فعل,1364,entries/0091-0193.md,entry-0147
بدلعاب,بدلعاب,25,ناسازگاری,صفت,249,entries/0001-0090.md,entry-0025
بدلعاب,بدلعاب,842,زشتی,صفت,7992,entries/0742-0850.md,entry-0842
بدلعاب,بدلعاب,891,رنجش . خشم,صفت,8479,entries/0851-0969.md,entry-0891
بدلعاب,بدلعاب,893,ترشرویی,صفت,8497,entries/0851-0969.md,entry-0893
بدلقا,بدلقا,842,زشتی,صفت,7992,entries/0742-0850.md,entry-0842
بدلِ,بدلِ,150,جایگزینی: گذاشتن چیزی درجای دیگری,قید,1389,entries/0091-0193.md,entry-0150
بدلی,بدلی,18,تشابه,صفت,186,entries/0001-0090.md,entry-0018
بدلی,بدلی,20,تقلید (نسخه‌برداری) 20#,صفت,204,entries/0001-0090.md,entry-0020
بدلی,بدلی,541,دروغگویی,صفت,5089,entries/0438-0543.md,entry-0541
بدلی,بدلی,542,فریب,صفت,5106,entries/0438-0543.md,entry-0542
بدل‌سازی,بدل‌سازی,20,تقلید (نسخه‌برداری) 20#,اسم,202,entries/0001-0090.md,entry-0020
بدل‌کار,بدل‌کار,594,تئاتر,اسم,5532,entries/0544-0650.md,entry-0594
بدمزه,بدمزه,391,بدطعمی,صفت,3692,entries/0302-0437.md,entry-0391
بدمزه,بدمزه,655,زوال . فرسایش,صفت,6185,entries/0651-0741.md,entry-0655
بدمزه,بدمزه,861,بی‌میلی,صفت,8179,entries/0851-0969.md,entry-0861
بدمزه بودن,بدمزه بودن,391,بدطعمی,اسم,3691,entries/0302-0437.md,entry-0391
بدمزگی,بدمزگی,391,بدطعمی,اسم,3691,entries/0302-0437.md,entry-0391
بدمستی کردن,بدمستی کردن,891,رنجش . خشم,فعل,8483,entries/0851-0969.md,entry-0891
بدموقع,بدموقع,136,تأخیر,صفت,1250,entries/0091-0193.md,entry-0136
بدموقع بودن,بدموقع بودن,136,تأخیر,فعل,1251,entries/0091-0193.md,entry-0136
بدموقع بودن,بدموقع بودن,138,بی‌موقع,فعل,1278,entries/0091-0193.md,entry-0138
بدموقع کاری را کردن,بدموقع کاری را کردن,63,اغتشاش: ایجاد اغتشاش و به‌هم ریختن,فعل,645,entries/0001-0090.md,entry-0063
بدموقع کاری را کردن,بدموقع کاری را کردن,136,تأخیر,فعل,1251,entries/0091-0193.md,entry-0136
بدموقع کاری‌را کردن,بدموقع کاری‌را کردن,138,بی‌موقع,فعل,1275,entries/0091-0193.md,entry-0138
بدموقعی,بدموقعی,138,بی‌موقع,اسم,1273,entries/0091-0193.md,entry-0138
بدموقعی,بدموقعی,695,عدم مهارت . ناشیگری,اسم,6572,entries/0651-0741.md,entry-0695
بدمینتون,بدمینتون,837,سرگرمی,اسم,7927,entries/0742-0850.md,entry-0837
بدن,بدن,52,کل - بخش اصلی,اسم,525,entries/0001-0090.md,entry-0052
بدن,بدن,60,نظم 60#,اسم,609,entries/0001-0090.md,entry-0060
بدن,بدن,62,تنظیم,اسم,633,entries/0001-0090.md,entry-0062
بدن,بدن,319,مادیت 319#,اسم,3067,entries/0302-0437.md,entry-0319
بدن,بدن,331,ساختاریافتگی,اسم,3183,entries/0302-0437.md,entry-0331
بدن,بدن,358,ارگانیسم: موجودات زنده 358#,اسم,3388,entries/0302-0437.md,entry-0358
بدن,بدن,363,جسد,اسم,3437,entries/0302-0437.md,entry-0363
بدن,بدن,371,انسان,اسم,3527,entries/0302-0437.md,entry-0371
بدن,بدن,554,مجسمه‌سازی,اسم,5221,entries/0544-0650.md,entry-0554
بدن اسب: سر,بدن اسب: سر,273,حمل‌کننده,اسم,2632,entries/0194-0301.md,entry-0273
بدن انسان,بدن انسان,58,داخلی بودن . قطعه,اسم,590,entries/0001-0090.md,entry-0058
بدن انسان,بدن انسان,238,عقب,اسم,2299,entries/0194-0301.md,entry-0238
بدن انسان,بدن انسان,243,شکل 243#,اسم,2337,entries/0194-0301.md,entry-0243
بدن انسان,بدن انسان,358,ارگانیسم: موجودات زنده 358#,اسم,3388,entries/0302-0437.md,entry-0358
بدن انسان,بدن انسان,371,انسان,اسم,3527,entries/0302-0437.md,entry-0371
بدن انسان,بدن انسان,554,مجسمه‌سازی,اسم,5221,entries/0544-0650.md,entry-0554
بدن داشتن,بدن داشتن,3,جوهر,اسم,52,entries/0001-0090.md,entry-0003
بدنام,بدنام,645,بدی: صفات بد انسان,صفت,6066,entries/0544-0650.md,entry-0645
بدنام,بدنام,866,خوش‌نامی,صفت,8226,entries/0851-0969.md,entry-0866
بدنام,بدنام,867,بدنامی,صفت,8237,entries/0851-0969.md,entry-0867
بدنام,بدنام,872,حقارت . خفت,صفت,8287,entries/0851-0969.md,entry-0872
بدنام,بدنام,921,بی‌احترامی,صفت,8751,entries/0851-0969.md,entry-0921
بدنام بودن,بدنام بودن,867,بدنامی,فعل,8240,entries/0851-0969.md,entry-0867
بدنام بودن,بدنام بودن,872,حقارت . خفت,فعل,8288,entries/0851-0969.md,entry-0872
بدنام بودن,بدنام بودن,930,نادرستی 930#,فعل,8851,entries/0851-0969.md,entry-0930
بدنام شدن,بدنام شدن,867,بدنامی,فعل,8241,entries/0851-0969.md,entry-0867
بدنام شدن,بدنام شدن,872,حقارت . خفت,فعل,8289,entries/0851-0969.md,entry-0872
بدنام کردن,بدنام کردن,867,بدنامی,فعل,8243,entries/0851-0969.md,entry-0867
بدنام کردن,بدنام کردن,926,بدگویی . افترا,فعل,8809,entries/0851-0969.md,entry-0926
بدنام کردن ◄ رسوا کردن,بدنام کردن ◄ رسوا کردن,845,لکه . فقدان زینت,فعل,8031,entries/0742-0850.md,entry-0845
بدنام کننده,بدنام کننده,867,بدنامی,صفت,8238,entries/0851-0969.md,entry-0867
بدنامی,بدنامی,505,حافظه,اسم,4717,entries/0438-0543.md,entry-0505
بدنامی,بدنامی,845,لکه . فقدان زینت,اسم,8029,entries/0742-0850.md,entry-0845
بدنامی,بدنامی,866,خوش‌نامی,اسم,8221,entries/0851-0969.md,entry-0866
بدنامی,بدنامی,867,بدنامی,اسم,8234,entries/0851-0969.md,entry-0867
بدنامی,بدنامی,872,حقارت . خفت,اسم,8285,entries/0851-0969.md,entry-0872
بدنامی,بدنامی,888,نفرت,اسم,8448,entries/0851-0969.md,entry-0888
بدنامی,بدنامی,914,ناحق . ناراستی,اسم,8677,entries/0851-0969.md,entry-0914
بدنامی,بدنامی,922,تحقیر,اسم,8757,entries/0851-0969.md,entry-0922
بدنامی,بدنامی,930,نادرستی 930#,اسم,8844,entries/0851-0969.md,entry-0930
بدنام‌کننده,بدنام‌کننده,926,بدگویی . افترا,صفت,8807,entries/0851-0969.md,entry-0926
بدنسازی,بدنسازی,837,سرگرمی,اسم,7925,entries/0742-0850.md,entry-0837
بدنما,بدنما,616,شرّ,صفت,5786,entries/0544-0650.md,entry-0616
بدنما,بدنما,842,زشتی,صفت,7993,entries/0742-0850.md,entry-0842
بدنما,بدنما,845,لکه . فقدان زینت,صفت,8030,entries/0742-0850.md,entry-0845
بدنمایی,بدنمایی,842,زشتی,اسم,7990,entries/0742-0850.md,entry-0842
بدنه,بدنه,53,جزء,اسم,542,entries/0001-0090.md,entry-0053
بدنه,بدنه,62,تنظیم,اسم,633,entries/0001-0090.md,entry-0062
بدنه,بدنه,194,ظرف,اسم,1847,entries/0194-0301.md,entry-0194
بدنه,بدنه,218,پایه . تکیه‌گاه,اسم,2099,entries/0194-0301.md,entry-0218
بدنه,بدنه,274,وسیلۀ نقلیه,اسم,2647,entries/0194-0301.md,entry-0274
بدنه,بدنه,331,ساختاریافتگی,اسم,3183,entries/0302-0437.md,entry-0331
بدنه,بدنه,445,پدیداری . ظاهر,اسم,4091,entries/0438-0543.md,entry-0445
بدنی,بدنی,358,ارگانیسم: موجودات زنده 358#,صفت,3391,entries/0302-0437.md,entry-0358
بدنیت,بدنیت,898,بدخواهی . اذیت,صفت,8543,entries/0851-0969.md,entry-0898
بدن‌سازی,بدن‌سازی,837,سرگرمی,اسم,7945,entries/0742-0850.md,entry-0837
بدن‌نما,بدن‌نما,228,پوشاک . پوشیدن,صفت,2215,entries/0194-0301.md,entry-0228
بدهکار,بدهکار,785,استقراض,صفت,7446,entries/0742-0850.md,entry-0785
بدهکار,بدهکار,803,بدهکاری,صفت,7593,entries/0742-0850.md,entry-0803
بدهکار,بدهکار,907,حق‌شناسی . شُکر,صفت,8621,entries/0851-0969.md,entry-0907
بدهکار,بدهکار,915,وجود حق,صفت,8688,entries/0851-0969.md,entry-0915
بدهکار,بدهکار,917,وظیفه,صفت,8713,entries/0851-0969.md,entry-0917
بدهکار بودن,بدهکار بودن,785,استقراض,فعل,7447,entries/0742-0850.md,entry-0785
بدهکار بودن,بدهکار بودن,803,بدهکاری,فعل,7595,entries/0742-0850.md,entry-0803
بدهکار شدن,بدهکار شدن,802,بستانکاری,فعل,7586,entries/0742-0850.md,entry-0802
بدهکار شدن,بدهکار شدن,803,بدهکاری,فعل,7595,entries/0742-0850.md,entry-0803
بدهکار کردن,بدهکار کردن,802,بستانکاری,فعل,7586,entries/0742-0850.md,entry-0802
بدهکار کردن,بدهکار کردن,803,بدهکاری,فعل,7595,entries/0742-0850.md,entry-0803
بدهکار کردن,بدهکار کردن,808,حسابداری,فعل,7640,entries/0742-0850.md,entry-0808
بدهکاری,بدهکاری,764,قول,اسم,7243,entries/0742-0850.md,entry-0764
بدهکاری,بدهکاری,785,استقراض,اسم,7444,entries/0742-0850.md,entry-0785
بدهکاری,بدهکاری,797,پول,اسم,7544,entries/0742-0850.md,entry-0797
بدهکاری,بدهکاری,803,بدهکاری,اسم,7590,entries/0742-0850.md,entry-0803
بدهی,بدهی,803,بدهکاری,اسم,7590,entries/0742-0850.md,entry-0803
بدهی,بدهی,915,وجود حق,صفت,8688,entries/0851-0969.md,entry-0915
بدهی داشتن,بدهی داشتن,803,بدهکاری,فعل,7595,entries/0742-0850.md,entry-0803
بده‌بستان,بده‌بستان,150,جایگزینی: گذاشتن چیزی درجای دیگری,اسم,1383,entries/0091-0193.md,entry-0150
بده‌بستان,بده‌بستان,151,تغییر متقابل: تغییر باهم یا دوگانه,اسم,1393,entries/0091-0193.md,entry-0151
بده‌بستان,بده‌بستان,706,همکاری . تعاون,اسم,6673,entries/0651-0741.md,entry-0706
بده‌بستان,بده‌بستان,714,تلافی,اسم,6755,entries/0651-0741.md,entry-0714
بده‌بستان,بده‌بستان,765,قرارداد,اسم,7249,entries/0742-0850.md,entry-0765
بده‌بستان,بده‌بستان,770,سازش 770#,اسم,7286,entries/0742-0850.md,entry-0770
بده‌بستان,بده‌بستان,791,تجارت . تهاتر,اسم,7499,entries/0742-0850.md,entry-0791
بده‌بستان کردن,بده‌بستان کردن,31,جبران . تعدیل,فعل,314,entries/0001-0090.md,entry-0031
بدو,بدو,68,آغاز,اسم,683,entries/0001-0090.md,entry-0068
بدو,بدو,277,سرعت,صفت,2665,entries/0194-0301.md,entry-0277
بدواً,بدواً,68,آغاز,قید,694,entries/0001-0090.md,entry-0068
بدوبدو,بدوبدو,277,سرعت,قید,2669,entries/0194-0301.md,entry-0277
بدوبدو,بدوبدو,678,فعالیت . بیداری,اسم,6422,entries/0651-0741.md,entry-0678
بدوبدو کردن,بدوبدو کردن,678,فعالیت . بیداری,فعل,6432,entries/0651-0741.md,entry-0678
بدوبدو کردن,بدوبدو کردن,680,عجله 680#,فعل,6457,entries/0651-0741.md,entry-0680
بدوبیراه,بدوبیراه,899,نفرین,اسم,8554,entries/0851-0969.md,entry-0899
بدوبیراه,بدوبیراه,921,بی‌احترامی,اسم,8748,entries/0851-0969.md,entry-0921
بدون,بدون,39,تفریق,صفت,393,entries/0001-0090.md,entry-0039
بدون,بدون,190,غیاب 190#,قید,1805,entries/0091-0193.md,entry-0190
بدون,بدون,229,برهنگی . کندن لباس,صفت,2225,entries/0194-0301.md,entry-0229
بدون,بدون,772,خسران . باخت,صفت,7322,entries/0742-0850.md,entry-0772
بدون آراستگی,بدون آراستگی,458,غفلت . بی‌دقتی,صفت,4236,entries/0438-0543.md,entry-0458
بدون آمادگی,بدون آمادگی,55,ناقص . نقصان (کامل نبودن),صفت,563,entries/0001-0090.md,entry-0055
بدون آمادگی,بدون آمادگی,609,خودجوشی,صفت,5704,entries/0544-0650.md,entry-0609
بدون آمادگی,بدون آمادگی,670,فقدان آمادگی 670#,صفت,6352,entries/0651-0741.md,entry-0670
بدون آمادگی قبلی,بدون آمادگی قبلی,636,عدم کفایت,صفت,5980,entries/0544-0650.md,entry-0636
بدون ابهام,بدون ابهام,567,صراحت کلام,صفت,5314,entries/0544-0650.md,entry-0567
بدون اخلاقیات,بدون اخلاقیات,606,فقدان انتخاب . بیچارگی,صفت,5678,entries/0544-0650.md,entry-0606
بدون اراده,بدون اراده,159,شانس: فقدان علت 159#,قید,1491,entries/0091-0193.md,entry-0159
بدون اشکال,بدون اشکال,701,آسانی,صفت,6626,entries/0651-0741.md,entry-0701
بدون اصل,بدون اصل,4,بی‌جوهری,صفت,60,entries/0001-0090.md,entry-0004
بدون اصل,بدون اصل,18,تشابه,صفت,186,entries/0001-0090.md,entry-0018
بدون اطلاع قبلی,بدون اطلاع قبلی,508,عدم انتظار,قید,4756,entries/0438-0543.md,entry-0508
بدون الهام,بدون الهام,840,بی‌روحی 840#,اسم,7973,entries/0742-0850.md,entry-0840
بدون الکل,بدون الکل,948,هشیاری (عدم مستی),صفت,8977,entries/0851-0969.md,entry-0948
بدون امکانات,بدون امکانات,670,فقدان آمادگی 670#,صفت,6352,entries/0651-0741.md,entry-0670
بدون انحنا,بدون انحنا,249,خط مستقیم . هموار,صفت,2384,entries/0194-0301.md,entry-0249
بدون اندیشۀ قبلی,بدون اندیشۀ قبلی,609,خودجوشی,صفت,5704,entries/0544-0650.md,entry-0609
بدون اندیشۀ کافی,بدون اندیشۀ کافی,450,فقدان اندیشه 450#,صفت,4159,entries/0438-0543.md,entry-0450
بدون انقطاع,بدون انقطاع,71,تداوم [در ترتیب] . تسلسل,قید,721,entries/0001-0090.md,entry-0071
بدون انگیزه,بدون انگیزه,159,شانس: فقدان علت 159#,صفت,1489,entries/0091-0193.md,entry-0159
بدون بحث,بدون بحث,1,وجود (هستی),صفت,30,entries/0001-0090.md,entry-0001
بدون بدن,بدون بدن,320,معنویت 320#,صفت,3080,entries/0302-0437.md,entry-0320
بدون بررسی,بدون بررسی,450,فقدان اندیشه 450#,صفت,4159,entries/0438-0543.md,entry-0450
بدون برنامه,بدون برنامه,618,اتفاق . قمار,صفت,5813,entries/0544-0650.md,entry-0618
بدون بروبرگرد,بدون بروبرگرد,473,قطعیت,صفت,4392,entries/0438-0543.md,entry-0473
بدون تأمل,بدون تأمل,450,فقدان اندیشه 450#,صفت,4159,entries/0438-0543.md,entry-0450
بدون تدارک قبلی,بدون تدارک قبلی,458,غفلت . بی‌دقتی,قید,4241,entries/0438-0543.md,entry-0458
بدون تصمیم قبلی,بدون تصمیم قبلی,609,خودجوشی,اسم,5702,entries/0544-0650.md,entry-0609
بدون تظاهر,بدون تظاهر,699,خامی (بی‌تزویری),قید,6606,entries/0651-0741.md,entry-0699
بدون تعادل,بدون تعادل,152,تغییرپذیری,صفت,1404,entries/0091-0193.md,entry-0152
بدون توقف,بدون توقف,71,تداوم [در ترتیب] . تسلسل,قید,721,entries/0001-0090.md,entry-0071
بدون توقف,بدون توقف,146,عدم توقف: تداوم در حرکت / عمل,صفت,1353,entries/0091-0193.md,entry-0146
بدون حامی,بدون حامی,883,اجتماعی نبودن,صفت,8397,entries/0851-0969.md,entry-0883
بدون حرکت,بدون حرکت,153,پایداری (تغییرناپذیری),صفت,1417,entries/0091-0193.md,entry-0153
بدون حق,بدون حق,643,عدم مصلحت,صفت,6045,entries/0544-0650.md,entry-0643
بدون حق,بدون حق,647,نقص: فقدان کمال,صفت,6084,entries/0544-0650.md,entry-0647
بدون خونریزی,بدون خونریزی,717,صلح,قید,6791,entries/0651-0741.md,entry-0717
بدون خویشاوند,بدون خویشاوند,883,اجتماعی نبودن,صفت,8397,entries/0851-0969.md,entry-0883
بدون دردسر,بدون دردسر,701,آسانی,قید,6633,entries/0651-0741.md,entry-0701
بدون درنظر گرفتن عواقب,بدون درنظر گرفتن عواقب,670,فقدان آمادگی 670#,صفت,6352,entries/0651-0741.md,entry-0670
بدون دقت,بدون دقت,726,عدم تکمیل,صفت,6892,entries/0651-0741.md,entry-0726
بدون دلیل,بدون دلیل,159,شانس: فقدان علت 159#,صفت,1489,entries/0091-0193.md,entry-0159
بدون دوست,بدون دوست,883,اجتماعی نبودن,صفت,8397,entries/0851-0969.md,entry-0883
بدون رای,بدون رای,606,فقدان انتخاب . بیچارگی,صفت,5677,entries/0544-0650.md,entry-0606
بدون ردخور,بدون ردخور,694,مهارت,قید,6568,entries/0651-0741.md,entry-0694
بدون زحمت,بدون زحمت,701,آسانی,صفت,6626,entries/0651-0741.md,entry-0701
بدون زحمت انجام شدن,بدون زحمت انجام شدن,701,آسانی,فعل,6629,entries/0651-0741.md,entry-0701
بدون زینت,بدون زینت,845,لکه . فقدان زینت,صفت,8030,entries/0742-0850.md,entry-0845
بدون سابقۀ قبلی,بدون سابقۀ قبلی,609,خودجوشی,صفت,5704,entries/0544-0650.md,entry-0609
بدون سختی,بدون سختی,701,آسانی,قید,6633,entries/0651-0741.md,entry-0701
بدون سروصدا,بدون سروصدا,399,سکوت,صفت,3748,entries/0302-0437.md,entry-0399
بدون سقف,بدون سقف,263,باز . گشودگی,صفت,2519,entries/0194-0301.md,entry-0263
بدون سلیقۀ خاص,بدون سلیقۀ خاص,606,فقدان انتخاب . بیچارگی,صفت,5678,entries/0544-0650.md,entry-0606
بدون سود,بدون سود,641,بی‌فایده بودن,صفت,6032,entries/0544-0650.md,entry-0641
بدون سکنه,بدون سکنه,190,غیاب 190#,صفت,1802,entries/0091-0193.md,entry-0190
بدون سکنه,بدون سکنه,774,عدم مالکیت,صفت,7345,entries/0742-0850.md,entry-0774
بدون عجله,بدون عجله,681,مجال . فراغت,صفت,6463,entries/0651-0741.md,entry-0681
بدون عمق,بدون عمق,183,فضا 183#,صفت,1740,entries/0091-0193.md,entry-0183
بدون غرض,بدون غرض,596,جبر . وجوب,صفت,5592,entries/0544-0650.md,entry-0596
بدون فوت وقت,بدون فوت وقت,121,زمان حال,قید,1119,entries/0091-0193.md,entry-0121
بدون قانون و قاعده,بدون قانون و قاعده,84,عدم تطبیق,صفت,850,entries/0001-0090.md,entry-0084
بدون قیدوشرط,بدون قیدوشرط,473,قطعیت,صفت,4392,entries/0438-0543.md,entry-0473
بدون قیدوشرط,بدون قیدوشرط,744,آزادی,صفت,7088,entries/0742-0850.md,entry-0744
بدون قیم,بدون قیم,779,عدم نگهداری,صفت,7388,entries/0742-0850.md,entry-0779
بدون مانع,بدون مانع,263,باز . گشودگی,صفت,2519,entries/0194-0301.md,entry-0263
بدون مبنا,بدون مبنا,467,مدرک متقابل,صفت,4343,entries/0438-0543.md,entry-0467
بدون مجوز,بدون مجوز,786,اخذ . گرفتن,صفت,7459,entries/0742-0850.md,entry-0786
بدون مجوز,بدون مجوز,954,غیرقانونی,صفت,9038,entries/0851-0969.md,entry-0954
بدون مدعی,بدون مدعی,779,عدم نگهداری,صفت,7389,entries/0742-0850.md,entry-0779
بدون مضایقه,بدون مضایقه,597,رغبت . داوطلبی,صفت,5602,entries/0544-0650.md,entry-0597
بدون مضایقه,بدون مضایقه,815,ولخرجی,قید,7694,entries/0742-0850.md,entry-0815
بدون مضایقه,بدون مضایقه,931,بی‌غرضی . ایثار,صفت,8858,entries/0851-0969.md,entry-0931
بدون معنی,بدون معنی,497,امر محال,صفت,4648,entries/0438-0543.md,entry-0497
بدون مقدمه,بدون مقدمه,458,غفلت . بی‌دقتی,قید,4241,entries/0438-0543.md,entry-0458
بدون ملاحظه و رودربایستی,بدون ملاحظه و رودربایستی,456,بی‌توجهی,صفت,4209,entries/0438-0543.md,entry-0456
بدون نتیجه,بدون نتیجه,307,کاستی . نارسایی . کسری (حرکت نیمه‌تمام) 307,قید,2965,entries/0302-0437.md,entry-0307
بدون نتیجه,بدون نتیجه,728,شکست: عجز درانجام,صفت,6917,entries/0651-0741.md,entry-0728
بدون نماینده,بدون نماینده,190,غیاب 190#,صفت,1801,entries/0091-0193.md,entry-0190
بدون واسطه,بدون واسطه,249,خط مستقیم . هموار,صفت,2387,entries/0194-0301.md,entry-0249
بدون واقعیت,بدون واقعیت,543,غیرحقیقت,صفت,5118,entries/0438-0543.md,entry-0543
بدون وقفه,بدون وقفه,71,تداوم [در ترتیب] . تسلسل,صفت,719,entries/0001-0090.md,entry-0071
بدون وقفه,بدون وقفه,146,عدم توقف: تداوم در حرکت / عمل,صفت,1353,entries/0091-0193.md,entry-0146
بدون پشتیبان,بدون پشتیبان,661,خطر,صفت,6271,entries/0651-0741.md,entry-0661
بدون چانه زدن,بدون چانه زدن,809,قیمت,صفت,7647,entries/0742-0850.md,entry-0809
بدون چیزی سرکردن,بدون چیزی سرکردن,674,عدم استفاده,فعل,6391,entries/0651-0741.md,entry-0674
بدون چیزی سرکردن,بدون چیزی سرکردن,779,عدم نگهداری,فعل,7391,entries/0742-0850.md,entry-0779
بدون کاربرد,بدون کاربرد,10,فقدان ارتباط . بی ربطی 10#,صفت,122,entries/0001-0090.md,entry-0010
بدون کاربرد,بدون کاربرد,674,عدم استفاده,صفت,6390,entries/0651-0741.md,entry-0674
بدون کاربرد,بدون کاربرد,779,عدم نگهداری,صفت,7389,entries/0742-0850.md,entry-0779
بدون کمال,بدون کمال,647,نقص: فقدان کمال,صفت,6084,entries/0544-0650.md,entry-0647
بدون کمال ◄ ناقص,بدون کمال ◄ ناقص,55,ناقص . نقصان (کامل نبودن),صفت,562,entries/0001-0090.md,entry-0055
بدون گزینه,بدون گزینه,606,فقدان انتخاب . بیچارگی,صفت,5677,entries/0544-0650.md,entry-0606
بدونِ,بدونِ,57,بیرون گذاشتن,قید,586,entries/0001-0090.md,entry-0057
بدون‌اراده,بدون‌اراده,596,جبر . وجوب,صفت,5591,entries/0544-0650.md,entry-0596
بدون‌بحث,بدون‌بحث,153,پایداری (تغییرناپذیری),صفت,1416,entries/0091-0193.md,entry-0153
بدون‌بحث,بدون‌بحث,473,قطعیت,صفت,4392,entries/0438-0543.md,entry-0473
بدون‌تخفیف,بدون‌تخفیف,810,تخفیف 810#,اسم,7654,entries/0742-0850.md,entry-0810
بدون‌تظاهر,بدون‌تظاهر,540,راستگویی 540#,صفت,5082,entries/0438-0543.md,entry-0540
بدون‌حق,بدون‌حق,916,فقدان حق,صفت,8703,entries/0851-0969.md,entry-0916
بدون‌عجله,بدون‌عجله,278,آهستگی,قید,2677,entries/0194-0301.md,entry-0278
بدون‌مجوز,بدون‌مجوز,916,فقدان حق,صفت,8702,entries/0851-0969.md,entry-0916
بدون┄,بدون┄,55,ناقص . نقصان (کامل نبودن),صفت,562,entries/0001-0090.md,entry-0055
بدوَقتی,بدوَقتی,643,عدم مصلحت,اسم,6044,entries/0544-0650.md,entry-0643
بدوی,بدوی,66,سرآغاز,صفت,672,entries/0001-0090.md,entry-0066
بدوی,بدوی,68,آغاز,صفت,688,entries/0001-0090.md,entry-0068
بدوی,بدوی,125,گذشته,صفت,1152,entries/0091-0193.md,entry-0125
بدوی,بدوی,127,کهنگی,صفت,1177,entries/0091-0193.md,entry-0127
بدوی,بدوی,135,تعجیل,صفت,1243,entries/0091-0193.md,entry-0135
بدوی,بدوی,156,علیت . علت 156#,صفت,1456,entries/0091-0193.md,entry-0156
بدوی,بدوی,191,مقیم,اسم,1810,entries/0091-0193.md,entry-0191
بدوی,بدوی,244,بی‌شکلی,صفت,2346,entries/0194-0301.md,entry-0244
بدوی,بدوی,669,آمادگی,صفت,6338,entries/0651-0741.md,entry-0669
بدوی,بدوی,670,فقدان آمادگی 670#,صفت,6352,entries/0651-0741.md,entry-0670
بدوی,بدوی,699,خامی (بی‌تزویری),اسم,6603,entries/0651-0741.md,entry-0699
بدوی,بدوی,847,بدسلیقگی,صفت,8045,entries/0742-0850.md,entry-0847
بدوی,بدوی,869,رعایا,اسم,8268,entries/0851-0969.md,entry-0869
بدوی,بدوی,982,بت‌پرستی,صفت,9290,entries/0970-0991.md,entry-0982
بدوی بودن,بدوی بودن,699,خامی (بی‌تزویری),فعل,6605,entries/0651-0741.md,entry-0699
بدویت,بدویت,68,آغاز,اسم,683,entries/0001-0090.md,entry-0068
بدپوشیده,بدپوشیده,228,پوشاک . پوشیدن,صفت,2214,entries/0194-0301.md,entry-0228
بدپیله,بدپیله,600,پافشاری 600#,صفت,5623,entries/0544-0650.md,entry-0600
بدچشم,بدچشم,878,گستاخی,صفت,8341,entries/0851-0969.md,entry-0878
بدچشم,بدچشم,899,نفرین,اسم,8555,entries/0851-0969.md,entry-0899
بدکار,بدکار,362,کُشتن,اسم,3429,entries/0302-0437.md,entry-0362
بدکار,بدکار,616,شرّ,صفت,5787,entries/0544-0650.md,entry-0616
بدکار,بدکار,645,بدی: صفات بد انسان,صفت,6065,entries/0544-0650.md,entry-0645
بدکار,بدکار,904,بدکار,اسم,8592,entries/0851-0969.md,entry-0904
بدکار,بدکار,934,شرارت,صفت,8879,entries/0851-0969.md,entry-0934
بدکار,بدکار,951,بی‌عفتی,صفت,9010,entries/0851-0969.md,entry-0951
بدکار,بدکار,980,بی‌تقوایی 980#,اسم,9266,entries/0970-0991.md,entry-0980
بدکاران,بدکاران,904,بدکار,اسم,8592,entries/0851-0969.md,entry-0904
بدکاران,بدکاران,934,شرارت,اسم,8876,entries/0851-0969.md,entry-0934
بدکاره,بدکاره,938,نامرد,اسم,8907,entries/0851-0969.md,entry-0938
بدکاره,بدکاره,952,هرزه,اسم,9018,entries/0851-0969.md,entry-0952
بدکاری,بدکاری,645,بدی: صفات بد انسان,اسم,6064,entries/0544-0650.md,entry-0645
بدکردار,بدکردار,698,زیرکی,صفت,6596,entries/0651-0741.md,entry-0698
بدگل,بدگل,842,زشتی,صفت,7992,entries/0742-0850.md,entry-0842
بدگمان,بدگمان,474,عدم‌قطعیت . تردید,صفت,4407,entries/0438-0543.md,entry-0474
بدگمان,بدگمان,613,بازداشتن,صفت,5756,entries/0544-0650.md,entry-0613
بدگمان,بدگمان,911,حسادت,صفت,8651,entries/0851-0969.md,entry-0911
بدگمانی,بدگمانی,911,حسادت,اسم,8650,entries/0851-0969.md,entry-0911
بدگو,بدگو,924,سرزنش . تقبیح,صفت,8784,entries/0851-0969.md,entry-0924
بدگو,بدگو,926,بدگویی . افترا,صفت,8806,entries/0851-0969.md,entry-0926
بدگو,بدگو,928,اتهام,اسم,8827,entries/0851-0969.md,entry-0928
بدگویی,بدگویی,483,تخفیف . دست‌کم گرفتن,اسم,4507,entries/0438-0543.md,entry-0483
بدگویی,بدگویی,867,بدنامی,اسم,8235,entries/0851-0969.md,entry-0867
بدگویی,بدگویی,899,نفرین,اسم,8553,entries/0851-0969.md,entry-0899
بدگویی,بدگویی,921,بی‌احترامی,اسم,8747,entries/0851-0969.md,entry-0921
بدگویی,بدگویی,922,تحقیر,اسم,8756,entries/0851-0969.md,entry-0922
بدگویی,بدگویی,924,سرزنش . تقبیح,اسم,8780,entries/0851-0969.md,entry-0924
بدگویی,بدگویی,926,بدگویی . افترا,اسم,8804,entries/0851-0969.md,entry-0926
بدگویی کردن,بدگویی کردن,37,کاهش,فعل,379,entries/0001-0090.md,entry-0037
بدگویی کردن,بدگویی کردن,483,تخفیف . دست‌کم گرفتن,فعل,4510,entries/0438-0543.md,entry-0483
بدگویی کردن,بدگویی کردن,486,ناباوری . شک,فعل,4545,entries/0438-0543.md,entry-0486
بدگویی کردن,بدگویی کردن,552,تجسم غیرواقعی,فعل,5210,entries/0544-0650.md,entry-0552
بدگویی کردن,بدگویی کردن,867,بدنامی,فعل,8243,entries/0851-0969.md,entry-0867
بدگویی کردن,بدگویی کردن,898,بدخواهی . اذیت,فعل,8549,entries/0851-0969.md,entry-0898
بدگویی کردن,بدگویی کردن,899,نفرین,فعل,8560,entries/0851-0969.md,entry-0899
بدگویی کردن,بدگویی کردن,922,تحقیر,فعل,8761,entries/0851-0969.md,entry-0922
بدگویی کردن,بدگویی کردن,924,سرزنش . تقبیح,فعل,8789,entries/0851-0969.md,entry-0924
بدگویی کردن,بدگویی کردن,926,بدگویی . افترا,فعل,8808,entries/0851-0969.md,entry-0926
بدگویی کردن,بدگویی کردن,928,اتهام,فعل,8831,entries/0851-0969.md,entry-0928
بدی,بدی,616,شرّ,اسم,5783,entries/0544-0650.md,entry-0616
بدی,بدی,645,بدی: صفات بد انسان,اسم,6064,entries/0544-0650.md,entry-0645
بدی,بدی,655,زوال . فرسایش,اسم,6183,entries/0651-0741.md,entry-0655
بدی,بدی,827,دردناکی,اسم,7816,entries/0742-0850.md,entry-0827
بدی,بدی,914,ناحق . ناراستی,اسم,8677,entries/0851-0969.md,entry-0914
بدی رفتار,بدی رفتار,847,بدسلیقگی,اسم,8043,entries/0742-0850.md,entry-0847
بدی کردن,بدی کردن,643,عدم مصلحت,فعل,6047,entries/0544-0650.md,entry-0643
بدی کردن,بدی کردن,645,بدی: صفات بد انسان,اسم,6064,entries/0544-0650.md,entry-0645
بدی کردن,بدی کردن,655,زوال . فرسایش,فعل,6191,entries/0651-0741.md,entry-0655
بدی کردن,بدی کردن,827,دردناکی,فعل,7824,entries/0742-0850.md,entry-0827
بدی کردن,بدی کردن,898,بدخواهی . اذیت,فعل,8549,entries/0851-0969.md,entry-0898
بدی کسی را خواستن,بدی کسی را خواستن,881,دشمنی,فعل,8374,entries/0851-0969.md,entry-0881
بدی کسی را خواستن,بدی کسی را خواستن,983,جادوگری,فعل,9305,entries/0970-0991.md,entry-0983
بدی کسی‌ را خواستن,بدی کسی‌ را خواستن,898,بدخواهی . اذیت,فعل,8549,entries/0851-0969.md,entry-0898
بدی کسی‌را خواستن,بدی کسی‌را خواستن,645,بدی: صفات بد انسان,فعل,6068,entries/0544-0650.md,entry-0645
بدیع,بدیع,21,نوآوری,صفت,214,entries/0001-0090.md,entry-0021
بدیع,بدیع,80,ویژگی . خاص بودن 80#,صفت,808,entries/0001-0090.md,entry-0080
بدیع,بدیع,126,تازگی,صفت,1165,entries/0091-0193.md,entry-0126
بدیع,بدیع,557,زبان,اسم,5242,entries/0544-0650.md,entry-0557
بدیع,بدیع,574,آراستن به‌صنایع بدیعی,اسم,5358,entries/0544-0650.md,entry-0574
بدیع,بدیع,615,خِیر . سعادت,صفت,5773,entries/0544-0650.md,entry-0615
بدیع,بدیع,644,خوبی: صفات خوب انسان,صفت,6054,entries/0544-0650.md,entry-0644
بدیع,بدیع,841,زیبایی,صفت,7981,entries/0742-0850.md,entry-0841
بدیع,بدیع,864,شگفت,صفت,8203,entries/0851-0969.md,entry-0864
بدیعی,بدیعی,574,آراستن به‌صنایع بدیعی,صفت,5362,entries/0544-0650.md,entry-0574
بدیل,بدیل,28,برابری: یکسانی مقدار یا درجه,اسم,284,entries/0001-0090.md,entry-0028
بدیمن,بدیمن,138,بی‌موقع,صفت,1274,entries/0091-0193.md,entry-0138
بدیمن,بدیمن,511,پیش‌بینی . فال,صفت,4780,entries/0438-0543.md,entry-0511
بدیمن,بدیمن,731,فلاکت,صفت,6945,entries/0651-0741.md,entry-0731
بدین‌سان,بدین‌سان,7,حالت: وضعیت مطلق,قید,89,entries/0001-0090.md,entry-0007
بدین‌گونه,بدین‌گونه,7,حالت: وضعیت مطلق,قید,89,entries/0001-0090.md,entry-0007
بدیهای دنیا و محیط,بدیهای دنیا و محیط,616,شرّ,اسم,5783,entries/0544-0650.md,entry-0616
بدیهه,بدیهه,609,خودجوشی,اسم,5702,entries/0544-0650.md,entry-0609
بدیهه‌سرا,بدیهه‌سرا,593,شعر و نثر,صفت,5519,entries/0544-0650.md,entry-0593
بدیهه‌سرا,بدیهه‌سرا,609,خودجوشی,اسم,5703,entries/0544-0650.md,entry-0609
بدیهه‌سرایی,بدیهه‌سرایی,609,خودجوشی,اسم,5702,entries/0544-0650.md,entry-0609
بدیهه‌سرایی,بدیهه‌سرایی,670,فقدان آمادگی 670#,اسم,6350,entries/0651-0741.md,entry-0670
بدیهه‌گو,بدیهه‌گو,609,خودجوشی,اسم,5703,entries/0544-0650.md,entry-0609
بدیهی,بدیهی,80,ویژگی . خاص بودن 80#,صفت,809,entries/0001-0090.md,entry-0080
بدیهی,بدیهی,478,اثبات,صفت,4455,entries/0438-0543.md,entry-0478
بدیهی,بدیهی,490,دانش . دانایی 490#,صفت,4588,entries/0438-0543.md,entry-0490
بدیهی,بدیهی,496,اصل . قاعدۀ کلی,صفت,4643,entries/0438-0543.md,entry-0496
بدیهی,بدیهی,516,قابل درک,صفت,4837,entries/0438-0543.md,entry-0516
بدیهی,بدیهی,522,تجلی,صفت,4897,entries/0438-0543.md,entry-0522
بدیهی بودن,بدیهی بودن,490,دانش . دانایی 490#,فعل,4591,entries/0438-0543.md,entry-0490
بدیهی بودن,بدیهی بودن,522,تجلی,فعل,4903,entries/0438-0543.md,entry-0522
بدیهیات,بدیهیات,522,تجلی,اسم,4894,entries/0438-0543.md,entry-0522
بدیُمن بودن,بدیُمن بودن,511,پیش‌بینی . فال,فعل,4783,entries/0438-0543.md,entry-0511
بدیُمنی,بدیُمنی,511,پیش‌بینی . فال,اسم,4774,entries/0438-0543.md,entry-0511
بذر,بذر,68,آغاز,اسم,686,entries/0001-0090.md,entry-0068
بذر,بذر,156,علیت . علت 156#,اسم,1454,entries/0091-0193.md,entry-0156
بذر,بذر,366,گیاهان,اسم,3479,entries/0302-0437.md,entry-0366
بذر محبت پاشیدن,بذر محبت پاشیدن,880,دوستی 880#,فعل,8364,entries/0851-0969.md,entry-0880
بذر محبت پاشیدن,بذر محبت پاشیدن,887,عشق,فعل,8443,entries/0851-0969.md,entry-0887
بذر پاشیدن,بذر پاشیدن,75,تفرق . پراکندگی,فعل,763,entries/0001-0090.md,entry-0075
بذرافشان,بذرافشان,370,کشاورزی 370#,اسم,3518,entries/0302-0437.md,entry-0370
بذرافشانی,بذرافشانی,370,کشاورزی 370#,اسم,3513,entries/0302-0437.md,entry-0370
بذرپاش,بذرپاش,370,کشاورزی 370#,اسم,3518,entries/0302-0437.md,entry-0370
بذرپاشی,بذرپاشی,68,آغاز,اسم,684,entries/0001-0090.md,entry-0068
بذرپاشی,بذرپاشی,171,بارآوری,اسم,1615,entries/0091-0193.md,entry-0171
بذرکار,بذرکار,370,کشاورزی 370#,اسم,3516,entries/0302-0437.md,entry-0370
بذرکار,بذرکار,669,آمادگی,اسم,6337,entries/0651-0741.md,entry-0669
بذل,بذل,781,دهش,اسم,7406,entries/0742-0850.md,entry-0781
بذل,بذل,813,سخاوت,اسم,7678,entries/0742-0850.md,entry-0813
بذله,بذله,590,روایت . شرح . وصف 590#,اسم,5487,entries/0544-0650.md,entry-0590
بذله,بذله,835,شادمانی,اسم,7899,entries/0742-0850.md,entry-0835
بذله,بذله,839,ظرافت طبع,اسم,7965,entries/0742-0850.md,entry-0839
بذله,بذله,849,مسخرگی,اسم,8059,entries/0742-0850.md,entry-0849
بذله,بذله,851,تمسخر,اسم,8074,entries/0851-0969.md,entry-0851
بذله‌گو,بذله‌گو,839,ظرافت طبع,صفت,7966,entries/0742-0850.md,entry-0839
بذله‌گو,بذله‌گو,849,مسخرگی,صفت,8060,entries/0742-0850.md,entry-0849
بذله‌گویی,بذله‌گویی,839,ظرافت طبع,اسم,7964,entries/0742-0850.md,entry-0839
بذلِ‌توجه,بذلِ‌توجه,455,توجه,اسم,4196,entries/0438-0543.md,entry-0455
بذل‌وبخشش,بذل‌وبخشش,813,سخاوت,اسم,7678,entries/0742-0850.md,entry-0813
بذل‌وبخشش کردن,بذل‌وبخشش کردن,813,سخاوت,فعل,7681,entries/0742-0850.md,entry-0813
بر,بر,644,خوبی: صفات خوب انسان,صفت,6054,entries/0544-0650.md,entry-0644
بر (به) بالین کسی رفتن,بر (به) بالین کسی رفتن,882,اجتماعی بودن . معاشرت,فعل,8386,entries/0851-0969.md,entry-0882
بر زدن,بر زدن,438,دید . بینایی,فعل,4040,entries/0438-0543.md,entry-0438
بر سنگ نوشتن,بر سنگ نوشتن,153,پایداری (تغییرناپذیری),فعل,1419,entries/0091-0193.md,entry-0153
بر ِبیابان (برهوت,بر ِبیابان (برهوت,342,خشکی,اسم,3269,entries/0302-0437.md,entry-0342
بر پا کردن,بر پا کردن,249,خط مستقیم . هموار,فعل,2386,entries/0194-0301.md,entry-0249
بر یخ نوشتن (نگاشتن) چیزی,بر یخ نوشتن (نگاشتن) چیزی,2,عدم (نیستی),فعل,46,entries/0001-0090.md,entry-0002
بر یخ نوشتن (نگاشتن) چیزی,بر یخ نوشتن (نگاشتن) چیزی,489,نظر مخالف,فعل,4575,entries/0438-0543.md,entry-0489
بر یخ نوشتن (نگاشتن) چیزی,بر یخ نوشتن (نگاشتن) چیزی,512,تصور . خاطر,فعل,4797,entries/0438-0543.md,entry-0512
برآشفتن,برآشفتن,176,شدت . خشونت,فعل,1671,entries/0091-0193.md,entry-0176
برآشفتن,برآشفتن,891,رنجش . خشم,فعل,8483,entries/0851-0969.md,entry-0891
برآشفته,برآشفته,503,دیوانگی,صفت,4696,entries/0438-0543.md,entry-0503
برآشفته,برآشفته,821,تهییج,صفت,7753,entries/0742-0850.md,entry-0821
برآشفته,برآشفته,854,ترس,صفت,8111,entries/0851-0969.md,entry-0854
برآشفتگی,برآشفتگی,891,رنجش . خشم,اسم,8477,entries/0851-0969.md,entry-0891
برآمد,برآمد,41,باقیمانده,اسم,404,entries/0001-0090.md,entry-0041
برآمدن,برآمدن,1,وجود (هستی),فعل,32,entries/0001-0090.md,entry-0001
برآمدن,برآمدن,36,افزایش,فعل,369,entries/0001-0090.md,entry-0036
برآمدن,برآمدن,108,زمان 108#,فعل,1021,entries/0091-0193.md,entry-0108
برآمدن,برآمدن,111,طی: زمان نامعین,فعل,1043,entries/0091-0193.md,entry-0111
برآمدن,برآمدن,157,معلول 157#,فعل,1468,entries/0091-0193.md,entry-0157
برآمدن,برآمدن,197,انبساط,فعل,1906,entries/0194-0301.md,entry-0197
برآمدن,برآمدن,223,بیرون [فضا],فعل,2146,entries/0194-0301.md,entry-0223
برآمدن,برآمدن,254,برجستگی,فعل,2440,entries/0194-0301.md,entry-0254
برآمدن,برآمدن,295,ورود,فعل,2807,entries/0194-0301.md,entry-0295
برآمدن,برآمدن,398,صدا,فعل,3743,entries/0302-0437.md,entry-0398
برآمدن,برآمدن,443,پیدایی,فعل,4079,entries/0438-0543.md,entry-0443
برآمدن,برآمدن,445,پدیداری . ظاهر,فعل,4099,entries/0438-0543.md,entry-0445
برآمدن,برآمدن,522,تجلی,فعل,4903,entries/0438-0543.md,entry-0522
برآمدن از (ازدستِ) کسی,برآمدن از (ازدستِ) کسی,160,توان 160#,فعل,1505,entries/0091-0193.md,entry-0160
برآمده,برآمده,197,انبساط,صفت,1905,entries/0194-0301.md,entry-0197
برآمده,برآمده,212,کم‌عمقی,صفت,2042,entries/0194-0301.md,entry-0212
برآمده,برآمده,253,تحدب,صفت,2429,entries/0194-0301.md,entry-0253
برآمده,برآمده,254,برجستگی,صفت,2439,entries/0194-0301.md,entry-0254
برآمده,برآمده,555,کنده‌کاری,صفت,5229,entries/0544-0650.md,entry-0555
برآمدگی,برآمدگی,36,افزایش,اسم,367,entries/0001-0090.md,entry-0036
برآمدگی,برآمدگی,194,ظرف,اسم,1848,entries/0194-0301.md,entry-0194
برآمدگی,برآمدگی,217,آویزانی,اسم,2078,entries/0194-0301.md,entry-0217
برآمدگی,برآمدگی,237,جلو,اسم,2291,entries/0194-0301.md,entry-0237
برآمدگی,برآمدگی,253,تحدب,اسم,2425,entries/0194-0301.md,entry-0253
برآمدگی,برآمدگی,254,برجستگی,اسم,2435,entries/0194-0301.md,entry-0254
برآمدگی253,برآمدگی253,197,انبساط,اسم,1904,entries/0194-0301.md,entry-0197
برآن بودن,برآن بودن,155,وقایع آتی,فعل,1439,entries/0091-0193.md,entry-0155
برآن بودن,برآن بودن,485,باور,فعل,4530,entries/0438-0543.md,entry-0485
برآن بودن,برآن بودن,599,عزم,فعل,5617,entries/0544-0650.md,entry-0599
برآن بودن,برآن بودن,617,قصد,فعل,5801,entries/0544-0650.md,entry-0617
برآن داشتن,برآن داشتن,612,انگیختن . تحریک,فعل,5745,entries/0544-0650.md,entry-0612
برآن داشتن,برآن داشتن,740,اجبار 740#,فعل,7044,entries/0651-0741.md,entry-0740
برآن شدن,برآن شدن,596,جبر . وجوب,فعل,5594,entries/0544-0650.md,entry-0596
برآن شدن,برآن شدن,599,عزم,فعل,5617,entries/0544-0650.md,entry-0599
برآورد,برآورد,86,شمارش,اسم,870,entries/0001-0090.md,entry-0086
برآورد,برآورد,200,نزدیکی 200#,اسم,1931,entries/0194-0301.md,entry-0200
برآورد,برآورد,465,اندازه‌گیری . سنجش,اسم,4305,entries/0438-0543.md,entry-0465
برآورد,برآورد,512,تصور . خاطر,اسم,4793,entries/0438-0543.md,entry-0512
برآورد نامعقول,برآورد نامعقول,482,مبالغه,اسم,4500,entries/0438-0543.md,entry-0482
برآورد کردن,برآورد کردن,86,شمارش,فعل,880,entries/0001-0090.md,entry-0086
برآورد کردن,برآورد کردن,465,اندازه‌گیری . سنجش,فعل,4318,entries/0438-0543.md,entry-0465
برآورد کردن,برآورد کردن,507,انتظار,فعل,4746,entries/0438-0543.md,entry-0507
برآورد کردن,برآورد کردن,511,پیش‌بینی . فال,فعل,4782,entries/0438-0543.md,entry-0511
برآورد کردن,برآورد کردن,512,تصور . خاطر,فعل,4797,entries/0438-0543.md,entry-0512
برآورد کردن,برآورد کردن,809,قیمت,فعل,7649,entries/0742-0850.md,entry-0809
برآورد کردن,برآورد کردن,846,خوش‌سلیقگی,فعل,8038,entries/0742-0850.md,entry-0846
برآوردن,برآوردن,781,دهش,فعل,7412,entries/0742-0850.md,entry-0781
برآوردن حاجت,برآوردن حاجت,962,پاداش,اسم,9099,entries/0851-0969.md,entry-0962
برآوردنِ صدا (فریاد,برآوردنِ صدا (فریاد,398,صدا,فعل,3743,entries/0302-0437.md,entry-0398
برآورده,برآورده,164,تولید . آفرینش,اسم,1550,entries/0091-0193.md,entry-0164
برآورده,برآورده,781,دهش,صفت,7411,entries/0742-0850.md,entry-0781
برآورده نشدن آرزوها,برآورده نشدن آرزوها,509,نامرادی: برآورده نشدن انتظارات,اسم,4760,entries/0438-0543.md,entry-0509
برآورده نکردن,برآورده نکردن,307,کاستی . نارسایی . کسری (حرکت نیمه‌تمام) 307,فعل,2964,entries/0302-0437.md,entry-0307
برآورده کردن,برآورده کردن,299,پذیرش,فعل,2851,entries/0194-0301.md,entry-0299
برآورده‌شده,برآورده‌شده,781,دهش,صفت,7411,entries/0742-0850.md,entry-0781
برآورده‌نشدنی,برآورده‌نشدنی,728,شکست: عجز درانجام,صفت,6918,entries/0651-0741.md,entry-0728
برآوردکردن,برآوردکردن,480,تشخیص . استنتاج 480#,فعل,4480,entries/0438-0543.md,entry-0480
برآوردی,برآوردی,200,نزدیکی 200#,صفت,1934,entries/0194-0301.md,entry-0200
برآیند,برآیند,154,رویداد 154#,صفت,1426,entries/0091-0193.md,entry-0154
برآیند,برآیند,157,معلول 157#,اسم,1464,entries/0091-0193.md,entry-0157
برائت,برائت,960,تبرئه 960#,اسم,9087,entries/0851-0969.md,entry-0960
برائت از مشرکین,برائت از مشرکین,988,مراسم مذهبی,اسم,9337,entries/0970-0991.md,entry-0988
برائت ذمه,برائت ذمه,960,تبرئه 960#,اسم,9087,entries/0851-0969.md,entry-0960
برابر,برابر,13,یکسانی . همانی,صفت,144,entries/0001-0090.md,entry-0013
برابر,برابر,28,برابری: یکسانی مقدار یا درجه,صفت,285,entries/0001-0090.md,entry-0028
برابر,برابر,150,جایگزینی: گذاشتن چیزی درجای دیگری,صفت,1386,entries/0091-0193.md,entry-0150
برابر,برابر,237,جلو,اسم,2290,entries/0194-0301.md,entry-0237
برابر,برابر,240,روبرو 240#,اسم,2313,entries/0194-0301.md,entry-0240
برابر,برابر,245,تقارن,صفت,2352,entries/0194-0301.md,entry-0245
برابر,برابر,460,پاسخ 460#,صفت,4267,entries/0438-0543.md,entry-0460
برابر اصل کردن,برابر اصل کردن,466,مدرک,فعل,4336,entries/0438-0543.md,entry-0466
برابر اصل کردن,برابر اصل کردن,473,قطعیت,فعل,4395,entries/0438-0543.md,entry-0473
برابر برداشتن,برابر برداشتن,92,یک‌دوم,فعل,926,entries/0091-0193.md,entry-0092
برابر بودن,برابر بودن,28,برابری: یکسانی مقدار یا درجه,اسم,283,entries/0001-0090.md,entry-0028
برابر شدن,برابر شدن,28,برابری: یکسانی مقدار یا درجه,فعل,289,entries/0001-0090.md,entry-0028
برابر گرفتن,برابر گرفتن,13,یکسانی . همانی,فعل,146,entries/0001-0090.md,entry-0013
برابر گرفتن,برابر گرفتن,28,برابری: یکسانی مقدار یا درجه,فعل,288,entries/0001-0090.md,entry-0028
برابر گشتن,برابر گشتن,28,برابری: یکسانی مقدار یا درجه,فعل,289,entries/0001-0090.md,entry-0028
برابراصل,برابراصل,586,نگارش,اسم,5445,entries/0544-0650.md,entry-0586
برابرنهاده,برابرنهاده,316,تکامل,اسم,3032,entries/0302-0437.md,entry-0316
برابرِ,برابرِ,28,برابری: یکسانی مقدار یا درجه,قید,291,entries/0001-0090.md,entry-0028
برابری,برابری,13,یکسانی . همانی,اسم,143,entries/0001-0090.md,entry-0013
برابری,برابری,18,تشابه,اسم,181,entries/0001-0090.md,entry-0018
برابری,برابری,28,برابری: یکسانی مقدار یا درجه,اسم,279,entries/0001-0090.md,entry-0028
برابری,برابری,153,پایداری (تغییرناپذیری),اسم,1411,entries/0091-0193.md,entry-0153
برابری,برابری,245,تقارن,اسم,2351,entries/0194-0301.md,entry-0245
برابری,برابری,462,مقایسه,اسم,4284,entries/0438-0543.md,entry-0462
برابری,برابری,606,فقدان انتخاب . بیچارگی,اسم,5675,entries/0544-0650.md,entry-0606
برات,برات,716,ستیز . مبارزه,اسم,6778,entries/0651-0741.md,entry-0716
برات,برات,764,قول,اسم,7243,entries/0742-0850.md,entry-0764
برات,برات,767,تضمین,اسم,7265,entries/0742-0850.md,entry-0767
برات,برات,797,پول,اسم,7544,entries/0742-0850.md,entry-0797
برات,برات,803,بدهکاری,اسم,7590,entries/0742-0850.md,entry-0803
برات,برات,808,حسابداری,اسم,7638,entries/0742-0850.md,entry-0808
برات دیداری,برات دیداری,767,تضمین,اسم,7265,entries/0742-0850.md,entry-0767
برات کردن,برات کردن,804,پرداخت,فعل,7603,entries/0742-0850.md,entry-0804
براثر,براثر,157,معلول 157#,قید,1471,entries/0091-0193.md,entry-0157
برادر,برادر,11,خویشاوندی: بستگی خونی,اسم,128,entries/0001-0090.md,entry-0011
برادر,برادر,18,تشابه,اسم,183,entries/0001-0090.md,entry-0018
برادر,برادر,372,مذکر,اسم,3535,entries/0302-0437.md,entry-0372
برادر,برادر,707,همکار,اسم,6684,entries/0651-0741.md,entry-0707
برادر,برادر,880,دوستی 880#,اسم,8360,entries/0851-0969.md,entry-0880
برادر ِتنی (اعیانی),برادر ِتنی (اعیانی),11,خویشاوندی: بستگی خونی,اسم,128,entries/0001-0090.md,entry-0011
برادر ِرضاعی,برادر ِرضاعی,11,خویشاوندی: بستگی خونی,اسم,128,entries/0001-0090.md,entry-0011
برادر ِناتنی,برادر ِناتنی,11,خویشاوندی: بستگی خونی,اسم,128,entries/0001-0090.md,entry-0011
برادران,برادران,987,مردم عادی (لاییک),صفت,9332,entries/0970-0991.md,entry-0987
برادرزاده,برادرزاده,11,خویشاوندی: بستگی خونی,اسم,128,entries/0001-0090.md,entry-0011
برادری,برادری,11,خویشاوندی: بستگی خونی,اسم,127,entries/0001-0090.md,entry-0011
برادری,برادری,28,برابری: یکسانی مقدار یا درجه,اسم,279,entries/0001-0090.md,entry-0028
برادری,برادری,706,همکاری . تعاون,اسم,6673,entries/0651-0741.md,entry-0706
برادری,برادری,880,دوستی 880#,اسم,8358,entries/0851-0969.md,entry-0880
برادر‌خوانده,برادر‌خوانده,11,خویشاوندی: بستگی خونی,اسم,128,entries/0001-0090.md,entry-0011
براده,براده,53,جزء,اسم,542,entries/0001-0090.md,entry-0053
براده برداری,براده برداری,212,کم‌عمقی,اسم,2041,entries/0194-0301.md,entry-0212
براده‌برداری,براده‌برداری,326,سختی . صلابت,اسم,3149,entries/0302-0437.md,entry-0326
برازنده,برازنده,24,سازگاری,صفت,237,entries/0001-0090.md,entry-0024
برازنده,برازنده,694,مهارت,صفت,6565,entries/0651-0741.md,entry-0694
برازنده,برازنده,915,وجود حق,صفت,8688,entries/0851-0969.md,entry-0915
برازنده بودن,برازنده بودن,24,سازگاری,فعل,241,entries/0001-0090.md,entry-0024
برازندگی,برازندگی,24,سازگاری,اسم,235,entries/0001-0090.md,entry-0024
برازیدن,برازیدن,24,سازگاری,فعل,241,entries/0001-0090.md,entry-0024
برازیدن,برازیدن,915,وجود حق,فعل,8691,entries/0851-0969.md,entry-0915
براشینگ,براشینگ,843,زیباسازی . آرایش,اسم,8001,entries/0742-0850.md,entry-0843
برافتادن,برافتادن,2,عدم (نیستی),فعل,44,entries/0001-0090.md,entry-0002
برافتادن,برافتادن,127,کهنگی,فعل,1181,entries/0091-0193.md,entry-0127
برافتادن,برافتادن,165,تخریب,فعل,1569,entries/0091-0193.md,entry-0165
برافراشتن,برافراشتن,192,منزل: محل سکنا یا زندگی,فعل,1838,entries/0091-0193.md,entry-0192
برافراشتن,برافراشتن,310,ترفیع: بالابردن 310#,فعل,2987,entries/0302-0437.md,entry-0310
برافراشته,برافراشته,215,عمودی,صفت,2062,entries/0194-0301.md,entry-0215
برافروختن,برافروختن,381,گرمایش,فعل,3629,entries/0302-0437.md,entry-0381
برافروختن,برافروختن,887,عشق,فعل,8443,entries/0851-0969.md,entry-0887
برافروختن,برافروختن,891,رنجش . خشم,فعل,8483,entries/0851-0969.md,entry-0891
برافروخته,برافروخته,379,گرما,صفت,3603,entries/0302-0437.md,entry-0379
برافروخته,برافروخته,420,روشنایی 420#,صفت,3915,entries/0302-0437.md,entry-0420
برافروختگی,برافروختگی,891,رنجش . خشم,اسم,8477,entries/0851-0969.md,entry-0891
براق,براق,417,روشنی,صفت,3884,entries/0302-0437.md,entry-0417
براق,براق,420,روشنایی 420#,صفت,3915,entries/0302-0437.md,entry-0420
براق,براق,422,شفاف,صفت,3930,entries/0302-0437.md,entry-0422
براق,براق,427,سفید,صفت,3966,entries/0302-0437.md,entry-0427
براق,براق,648,پاکیزگی,صفت,6098,entries/0544-0650.md,entry-0648
براق کردن,براق کردن,357,روغن . چربی,فعل,3374,entries/0302-0437.md,entry-0357
براق کردن,براق کردن,417,روشنی,فعل,3885,entries/0302-0437.md,entry-0417
براق کردن,براق کردن,420,روشنایی 420#,فعل,3916,entries/0302-0437.md,entry-0420
براق ◄ روشن,براق ◄ روشن,334,لیزی . روانی,صفت,3205,entries/0302-0437.md,entry-0334
بران,بران,46,عدم اتحاد . گسیختگی,صفت,469,entries/0001-0090.md,entry-0046
بران,بران,473,قطعیت,صفت,4393,entries/0438-0543.md,entry-0473
برانداختن,برانداختن,165,تخریب,فعل,1565,entries/0091-0193.md,entry-0165
برانداختن,برانداختن,216,افقی,فعل,2074,entries/0194-0301.md,entry-0216
برانداختن,برانداختن,727,موفقیت,فعل,6906,entries/0651-0741.md,entry-0727
برانداختن,برانداختن,734,نرمش,فعل,6985,entries/0651-0741.md,entry-0734
برانداختن,برانداختن,738,سرپیچی . عصیان,فعل,7029,entries/0651-0741.md,entry-0738
برانداختن,برانداختن,752,لغو . الغا . عزل,فعل,7151,entries/0742-0850.md,entry-0752
برانداز,برانداز,165,تخریب,صفت,1563,entries/0091-0193.md,entry-0165
برانداز,برانداز,438,دید . بینایی,اسم,4029,entries/0438-0543.md,entry-0438
برانداز,برانداز,663,ورطه . مهلکه: مایۀ خطر,اسم,6287,entries/0651-0741.md,entry-0663
برانداز کردن,برانداز کردن,438,دید . بینایی,فعل,4039,entries/0438-0543.md,entry-0438
براندازنده,براندازنده,216,افقی,اسم,2070,entries/0194-0301.md,entry-0216
براندازکننده,براندازکننده,149,انقلاب: تغییر ناگهانی یا خشونت‌آمیز,اسم,1377,entries/0091-0193.md,entry-0149
براندازی,براندازی,63,اغتشاش: ایجاد اغتشاش و به‌هم ریختن,اسم,643,entries/0001-0090.md,entry-0063
براندازی,براندازی,149,انقلاب: تغییر ناگهانی یا خشونت‌آمیز,اسم,1376,entries/0091-0193.md,entry-0149
براندازی,براندازی,165,تخریب,اسم,1560,entries/0091-0193.md,entry-0165
براندازی,براندازی,221,وارونگی,اسم,2123,entries/0194-0301.md,entry-0221
براندازی,براندازی,535,بدآموزی,اسم,5044,entries/0438-0543.md,entry-0535
براندازی,براندازی,727,موفقیت,اسم,6899,entries/0651-0741.md,entry-0727
براندازی,براندازی,738,سرپیچی . عصیان,اسم,7023,entries/0651-0741.md,entry-0738
برانشی,برانشی,365,حیوانات,اسم,3469,entries/0302-0437.md,entry-0365
برانکار (برانکارد),برانکار (برانکارد),658,درمان,اسم,6233,entries/0651-0741.md,entry-0658
برانگیختن,برانگیختن,156,علیت . علت 156#,اسم,1452,entries/0091-0193.md,entry-0156
برانگیختن,برانگیختن,164,تولید . آفرینش,فعل,1555,entries/0091-0193.md,entry-0164
برانگیختن,برانگیختن,310,ترفیع: بالابردن 310#,فعل,2987,entries/0302-0437.md,entry-0310
برانگیختن,برانگیختن,612,انگیختن . تحریک,فعل,5745,entries/0544-0650.md,entry-0612
برانگیختن,برانگیختن,821,تهییج,اسم,7751,entries/0742-0850.md,entry-0821
برانگیختن,برانگیختن,832,تشدید درد,فعل,7868,entries/0742-0850.md,entry-0832
برانگیخته ◄ راغب,برانگیخته ◄ راغب,612,انگیختن . تحریک,صفت,5743,entries/0544-0650.md,entry-0612
برانگیختگی,برانگیختگی,822,تحریک پذیری,قید,7762,entries/0742-0850.md,entry-0822
برانگیزاندن,برانگیزاندن,612,انگیختن . تحریک,فعل,5745,entries/0544-0650.md,entry-0612
برانگیزاندن,برانگیزاندن,821,تهییج,فعل,7756,entries/0742-0850.md,entry-0821
برانگیزنده,برانگیزنده,156,علیت . علت 156#,اسم,1453,entries/0091-0193.md,entry-0156
برانگیزنده,برانگیزنده,291,جاذبه,صفت,2782,entries/0194-0301.md,entry-0291
برانگیزنده,برانگیزنده,571,شدّت و حدّت کلام,صفت,5343,entries/0544-0650.md,entry-0571
برانگیزنده,برانگیزنده,920,احترام 920#,صفت,8739,entries/0851-0969.md,entry-0920
برانگیزنده,برانگیزنده,949,مستی . اعتیاد,صفت,8988,entries/0851-0969.md,entry-0949
برانگیزنده احساسات,برانگیزنده احساسات,821,تهییج,صفت,7755,entries/0742-0850.md,entry-0821
برانگیزندۀ حواس,برانگیزندۀ حواس,174,فعال بودن,صفت,1648,entries/0091-0193.md,entry-0174
برانگیزندۀ حواس,برانگیزندۀ حواس,374,حواس . حساسیت,صفت,3553,entries/0302-0437.md,entry-0374
برانگیزندۀ حواس,برانگیزندۀ حواس,377,دَرد,صفت,3581,entries/0302-0437.md,entry-0377
براهما,براهما,965,ذات خداوندی,اسم,9142,entries/0851-0969.md,entry-0965
براهین,براهین,475,استدلال . تعقل,اسم,4425,entries/0438-0543.md,entry-0475
براوو,براوو,923,تحسین,شبه جمله,8776,entries/0851-0969.md,entry-0923
برای استقلال جنگیدن,برای استقلال جنگیدن,746,آزادسازی,فعل,7107,entries/0742-0850.md,entry-0746
برای امتحان,برای امتحان,461,آزمایش,قید,4280,entries/0438-0543.md,entry-0461
برای امتحان,برای امتحان,671,مبادرت . اقدام,قید,6368,entries/0651-0741.md,entry-0671
برای اینکه,برای اینکه,156,علیت . علت 156#,قید,1460,entries/0091-0193.md,entry-0156
برای تمام عمر,برای تمام عمر,113,دیرگذری,صفت,1055,entries/0091-0193.md,entry-0113
برای خدا,برای خدا,703,کمک,قید,6657,entries/0651-0741.md,entry-0703
برای خود (دسته)گل فرستادن,برای خود (دسته)گل فرستادن,873,تکبر,فعل,8298,entries/0851-0969.md,entry-0873
برای خود برداشتن,برای خود برداشتن,786,اخذ . گرفتن,فعل,7461,entries/0742-0850.md,entry-0786
برای خود نگهداشتن,برای خود نگهداشتن,760,امتناع 760#,فعل,7212,entries/0742-0850.md,entry-0760
برای خود کارت پستال فرستادن,برای خود کارت پستال فرستادن,873,تکبر,فعل,8298,entries/0851-0969.md,entry-0873
برای دیگری مردن,برای دیگری مردن,931,بی‌غرضی . ایثار,فعل,8859,entries/0851-0969.md,entry-0931
برای فروش,برای فروش,759,عَرضه,صفت,7204,entries/0742-0850.md,entry-0759
برای فروش,برای فروش,793,فروش,صفت,7517,entries/0742-0850.md,entry-0793
برای فروش گذاشتن,برای فروش گذاشتن,793,فروش,فعل,7518,entries/0742-0850.md,entry-0793
برای چه؟ چرا؟ یعنی چه؟,برای چه؟ چرا؟ یعنی چه؟,156,علیت . علت 156#,قید,1460,entries/0091-0193.md,entry-0156
برای چیزی لغت پیدا کردن,برای چیزی لغت پیدا کردن,560,واژه‌سازی 560#,فعل,5270,entries/0544-0650.md,entry-0560
برای چیزی لغت پیدا کردن,برای چیزی لغت پیدا کردن,563,جمله,فعل,5292,entries/0544-0650.md,entry-0563
برای گرامیداشتِ,برای گرامیداشتِ,876,نگهداشت,قید,8327,entries/0851-0969.md,entry-0876
برایش بد بودن,برایش بد بودن,645,بدی: صفات بد انسان,فعل,6069,entries/0544-0650.md,entry-0645
برایش علی‌السویه بودن,برایش علی‌السویه بودن,606,فقدان انتخاب . بیچارگی,فعل,5681,entries/0544-0650.md,entry-0606
برایش فرقی نکردن,برایش فرقی نکردن,606,فقدان انتخاب . بیچارگی,فعل,5681,entries/0544-0650.md,entry-0606
برایِ,برایِ,150,جایگزینی: گذاشتن چیزی درجای دیگری,قید,1389,entries/0091-0193.md,entry-0150
برایِ,برایِ,156,علیت . علت 156#,قید,1460,entries/0091-0193.md,entry-0156
برایِ,برایِ,157,معلول 157#,قید,1471,entries/0091-0193.md,entry-0157
برایِ,برایِ,617,قصد,قید,5803,entries/0544-0650.md,entry-0617
برایی,برایی,256,تیزی 256#,اسم,2454,entries/0194-0301.md,entry-0256
برباد دادن,برباد دادن,779,عدم نگهداری,فعل,7391,entries/0742-0850.md,entry-0779
برباد دادن,برباد دادن,815,ولخرجی,فعل,7693,entries/0742-0850.md,entry-0815
برباد دهنده,برباد دهنده,165,تخریب,صفت,1563,entries/0091-0193.md,entry-0165
بربری,بربری,301,غذا: خوردن و نوشیدن,اسم,2885,entries/0194-0301.md,entry-0301
بربستن),بربستن),527,اختفا . نقاب,فعل,4966,entries/0438-0543.md,entry-0527
برتخت سلطنت نشستن,برتخت سلطنت نشستن,733,اقتدار 733#,فعل,6971,entries/0651-0741.md,entry-0733
برتر,برتر,6,عارض,صفت,78,entries/0001-0090.md,entry-0006
برتر,برتر,34,برتری,صفت,347,entries/0001-0090.md,entry-0034
برتر,برتر,162,قدرت,صفت,1526,entries/0091-0193.md,entry-0162
برتر,برتر,213,قلّه . رأس,صفت,2049,entries/0194-0301.md,entry-0213
برتر,برتر,225,مرکز,صفت,2163,entries/0194-0301.md,entry-0225
برتر,برتر,306,زیاده‌روی . فزونی (حرکت فراتر),صفت,2952,entries/0302-0437.md,entry-0306
برتر,برتر,462,مقایسه,صفت,4285,entries/0438-0543.md,entry-0462
برتر,برتر,615,خِیر . سعادت,صفت,5774,entries/0544-0650.md,entry-0615
برتر,برتر,638,اهمیت,اسم,6001,entries/0544-0650.md,entry-0638
برتر,برتر,644,خوبی: صفات خوب انسان,صفت,6054,entries/0544-0650.md,entry-0644
برتر,برتر,741,رئیس,صفت,7059,entries/0651-0741.md,entry-0741
برتر بودن,برتر بودن,6,عارض,فعل,79,entries/0001-0090.md,entry-0006
برتر بودن,برتر بودن,19,عدم تشابه,فعل,197,entries/0001-0090.md,entry-0019
برتر بودن,برتر بودن,29,نابرابری,فعل,297,entries/0001-0090.md,entry-0029
برتر بودن,برتر بودن,34,برتری,فعل,349,entries/0001-0090.md,entry-0034
برتر بودن,برتر بودن,213,قلّه . رأس,فعل,2050,entries/0194-0301.md,entry-0213
برتر بودن,برتر بودن,306,زیاده‌روی . فزونی (حرکت فراتر),فعل,2954,entries/0302-0437.md,entry-0306
برتر بودن,برتر بودن,638,اهمیت,فعل,6004,entries/0544-0650.md,entry-0638
برتر بودن,برتر بودن,644,خوبی: صفات خوب انسان,فعل,6059,entries/0544-0650.md,entry-0644
برتر بودن,برتر بودن,694,مهارت,فعل,6566,entries/0651-0741.md,entry-0694
برتر بودن,برتر بودن,866,خوش‌نامی,فعل,8227,entries/0851-0969.md,entry-0866
برتراز,برتراز,306,زیاده‌روی . فزونی (حرکت فراتر),قید,2955,entries/0302-0437.md,entry-0306
برتری,برتری,6,عارض,اسم,77,entries/0001-0090.md,entry-0006
برتری,برتری,29,نابرابری,اسم,295,entries/0001-0090.md,entry-0029
برتری,برتری,32,بزرگی,اسم,320,entries/0001-0090.md,entry-0032
برتری,برتری,34,برتری,اسم,344,entries/0001-0090.md,entry-0034
برتری,برتری,64,تقدم [در ترتیب],اسم,651,entries/0001-0090.md,entry-0064
برتری,برتری,160,توان 160#,اسم,1495,entries/0091-0193.md,entry-0160
برتری,برتری,178,تأثیر,اسم,1689,entries/0091-0193.md,entry-0178
برتری,برتری,306,زیاده‌روی . فزونی (حرکت فراتر),اسم,2951,entries/0302-0437.md,entry-0306
برتری,برتری,615,خِیر . سعادت,اسم,5772,entries/0544-0650.md,entry-0615
برتری,برتری,638,اهمیت,اسم,5998,entries/0544-0650.md,entry-0638
برتری,برتری,644,خوبی: صفات خوب انسان,اسم,6051,entries/0544-0650.md,entry-0644
برتری,برتری,646,کمال,اسم,6073,entries/0544-0650.md,entry-0646
برتری,برتری,689,مدیریت,اسم,6524,entries/0651-0741.md,entry-0689
برتری,برتری,727,موفقیت,اسم,6899,entries/0651-0741.md,entry-0727
برتری,برتری,866,خوش‌نامی,اسم,8220,entries/0851-0969.md,entry-0866
برتری,برتری,929,درستی . درستکاری,اسم,8836,entries/0851-0969.md,entry-0929
برتری دادن,برتری دادن,15,تفاوت . تمیز,فعل,165,entries/0001-0090.md,entry-0015
برتری سوق‌الجیشی,برتری سوق‌الجیشی,160,توان 160#,اسم,1495,entries/0091-0193.md,entry-0160
برترین,برترین,32,بزرگی,صفت,323,entries/0001-0090.md,entry-0032
برترین,برترین,34,برتری,صفت,348,entries/0001-0090.md,entry-0034
برترین,برترین,160,توان 160#,صفت,1503,entries/0091-0193.md,entry-0160
برترین,برترین,162,قدرت,صفت,1526,entries/0091-0193.md,entry-0162
برترین,برترین,638,اهمیت,صفت,6002,entries/0544-0650.md,entry-0638
برتن کردن,برتن کردن,228,پوشاک . پوشیدن,فعل,2217,entries/0194-0301.md,entry-0228
برج,برج,164,تولید . آفرینش,اسم,1551,entries/0091-0193.md,entry-0164
برج,برج,192,منزل: محل سکنا یا زندگی,اسم,1824,entries/0091-0193.md,entry-0192
برج,برج,209,بلندی (ارتفاع) . بالا . رو,اسم,2016,entries/0194-0301.md,entry-0209
برج,برج,213,قلّه . رأس,اسم,2047,entries/0194-0301.md,entry-0213
برج,برج,215,عمودی,اسم,2061,entries/0194-0301.md,entry-0215
برج ایفل,برج ایفل,209,بلندی (ارتفاع) . بالا . رو,اسم,2016,entries/0194-0301.md,entry-0209
برج خنک‌کننده,برج خنک‌کننده,384,سردکننده: یخچال,اسم,3649,entries/0302-0437.md,entry-0384
برج زهرمار,برج زهرمار,893,ترشرویی,صفت,8497,entries/0851-0969.md,entry-0893
برج مراقبت,برج مراقبت,276,هواپیما,اسم,2657,entries/0194-0301.md,entry-0276
برج هواکش,برج هواکش,263,باز . گشودگی,اسم,2516,entries/0194-0301.md,entry-0263
برج و بارو,برج و بارو,254,برجستگی,اسم,2436,entries/0194-0301.md,entry-0254
برج وبارو,برج وبارو,713,پاتک . دفاع,اسم,6743,entries/0651-0741.md,entry-0713
برجای,برجای,473,قطعیت,صفت,4393,entries/0438-0543.md,entry-0473
برجسته,برجسته,32,بزرگی,صفت,323,entries/0001-0090.md,entry-0032
برجسته,برجسته,88,وحدت,صفت,894,entries/0001-0090.md,entry-0088
برجسته,برجسته,212,کم‌عمقی,صفت,2042,entries/0194-0301.md,entry-0212
برجسته,برجسته,254,برجستگی,صفت,2439,entries/0194-0301.md,entry-0254
برجسته,برجسته,443,پیدایی,صفت,4078,entries/0438-0543.md,entry-0443
برجسته,برجسته,528,نشر,صفت,4979,entries/0438-0543.md,entry-0528
برجسته,برجسته,555,کنده‌کاری,صفت,5229,entries/0544-0650.md,entry-0555
برجسته,برجسته,638,اهمیت,صفت,6002,entries/0544-0650.md,entry-0638
برجسته,برجسته,644,خوبی: صفات خوب انسان,صفت,6055,entries/0544-0650.md,entry-0644
برجسته,برجسته,741,رئیس,صفت,7059,entries/0651-0741.md,entry-0741
برجسته,برجسته,866,خوش‌نامی,صفت,8226,entries/0851-0969.md,entry-0866
برجسته شدن,برجسته شدن,197,انبساط,فعل,1906,entries/0194-0301.md,entry-0197
برجسته‌نمایی,برجسته‌نمایی,254,برجستگی,اسم,2438,entries/0194-0301.md,entry-0254
برجسته‌کاری,برجسته‌کاری,254,برجستگی,اسم,2438,entries/0194-0301.md,entry-0254
برجستگی,برجستگی,254,برجستگی,اسم,2435,entries/0194-0301.md,entry-0254
برجستگی,برجستگی,443,پیدایی,اسم,4076,entries/0438-0543.md,entry-0443
برج‌سازی,برج‌سازی,164,تولید . آفرینش,اسم,1551,entries/0091-0193.md,entry-0164
برج‌وبارو,برج‌وبارو,260,دندانه 260#,اسم,2490,entries/0194-0301.md,entry-0260
برحذر بودن,برحذر بودن,664,اخطار,فعل,6296,entries/0651-0741.md,entry-0664
برحذر بودن,برحذر بودن,858,احتیاط,فعل,8149,entries/0851-0969.md,entry-0858
برحذر داشتن,برحذر داشتن,613,بازداشتن,فعل,5758,entries/0544-0650.md,entry-0613
برحسب تصادف,برحسب تصادف,72,عدم تداوم,قید,730,entries/0001-0090.md,entry-0072
برحسب تصادف,برحسب تصادف,458,غفلت . بی‌دقتی,قید,4241,entries/0438-0543.md,entry-0458
برحسب عادت,برحسب عادت,610,عادت 610#,قید,5720,entries/0544-0650.md,entry-0610
برحسب عرف,برحسب عرف,610,عادت 610#,قید,5720,entries/0544-0650.md,entry-0610
برحسب موقع,برحسب موقع,642,مصلحت,صفت,6039,entries/0544-0650.md,entry-0642
برحسب‌ظاهر,برحسب‌ظاهر,445,پدیداری . ظاهر,قید,4100,entries/0438-0543.md,entry-0445
برحق,برحق,913,حق . راستی,صفت,8670,entries/0851-0969.md,entry-0913
برحق,برحق,915,وجود حق,صفت,8687,entries/0851-0969.md,entry-0915
برخاست,برخاست,68,آغاز,اسم,683,entries/0001-0090.md,entry-0068
برخاستن,برخاستن,154,رویداد 154#,فعل,1429,entries/0091-0193.md,entry-0154
برخاستن,برخاستن,157,معلول 157#,فعل,1468,entries/0091-0193.md,entry-0157
برخاستن,برخاستن,215,عمودی,فعل,2063,entries/0194-0301.md,entry-0215
برخاستن,برخاستن,308,صعود: بالا رفتن,فعل,2972,entries/0302-0437.md,entry-0308
برخاستن,برخاستن,445,پدیداری . ظاهر,فعل,4099,entries/0438-0543.md,entry-0445
برخاستن,برخاستن,522,تجلی,فعل,4903,entries/0438-0543.md,entry-0522
برخاستن,برخاستن,671,مبادرت . اقدام,فعل,6366,entries/0651-0741.md,entry-0671
برخاستن,برخاستن,678,فعالیت . بیداری,فعل,6434,entries/0651-0741.md,entry-0678
برخاستن,برخاستن,704,ضدیت . تقابل,فعل,6665,entries/0651-0741.md,entry-0704
برخاسته,برخاسته,215,عمودی,صفت,2062,entries/0194-0301.md,entry-0215
برخط,برخط,86,شمارش,صفت,878,entries/0001-0090.md,entry-0086
برخلاف میل‌ورضا,برخلاف میل‌ورضا,740,اجبار 740#,قید,7045,entries/0651-0741.md,entry-0740
برخلاف واقع نشان دادن,برخلاف واقع نشان دادن,542,فریب,فعل,5107,entries/0438-0543.md,entry-0542
برخه,برخه,102,کسر,اسم,965,entries/0091-0193.md,entry-0102
برخورد,برخورد,14,مغایرت . دیگر بودن,اسم,151,entries/0001-0090.md,entry-0014
برخورد,برخورد,25,ناسازگاری,اسم,246,entries/0001-0090.md,entry-0025
برخورد,برخورد,45,اتحاد . پیوستگی,اسم,443,entries/0001-0090.md,entry-0045
برخورد,برخورد,182,اثر متقابل,اسم,1716,entries/0091-0193.md,entry-0182
برخورد,برخورد,200,نزدیکی 200#,اسم,1931,entries/0194-0301.md,entry-0200
برخورد,برخورد,279,کوبش,اسم,2685,entries/0194-0301.md,entry-0279
برخورد,برخورد,289,نزدیک شدن (تقرب),اسم,2767,entries/0194-0301.md,entry-0289
برخورد,برخورد,293,همگرایی,اسم,2793,entries/0194-0301.md,entry-0293
برخورد,برخورد,378,تماس . لمس . لامسه,اسم,3589,entries/0302-0437.md,entry-0378
برخورد,برخورد,485,باور,اسم,4525,entries/0438-0543.md,entry-0485
برخورد,برخورد,688,رفتار,اسم,6515,entries/0651-0741.md,entry-0688
برخورد,برخورد,704,ضدیت . تقابل,اسم,6661,entries/0651-0741.md,entry-0704
برخورد,برخورد,716,ستیز . مبارزه,اسم,6770,entries/0651-0741.md,entry-0716
برخورد,برخورد,817,خوی 817#,اسم,7716,entries/0742-0850.md,entry-0817
برخورد خشن,برخورد خشن,827,دردناکی,اسم,7816,entries/0742-0850.md,entry-0827
برخورد عقاید,برخورد عقاید,182,اثر متقابل,اسم,1716,entries/0091-0193.md,entry-0182
برخورد موردی,برخورد موردی,609,خودجوشی,اسم,5702,entries/0544-0650.md,entry-0609
برخورد کردن,برخورد کردن,159,شانس: فقدان علت 159#,فعل,1490,entries/0091-0193.md,entry-0159
برخورد کردن,برخورد کردن,176,شدت . خشونت,فعل,1672,entries/0091-0193.md,entry-0176
برخورد کردن,برخورد کردن,279,کوبش,فعل,2690,entries/0194-0301.md,entry-0279
برخورد کردن,برخورد کردن,293,همگرایی,فعل,2795,entries/0194-0301.md,entry-0293
برخورد کردن,برخورد کردن,295,ورود,فعل,2809,entries/0194-0301.md,entry-0295
برخورد کردن,برخورد کردن,484,کشف,فعل,4518,entries/0438-0543.md,entry-0484
برخورد کردن,برخورد کردن,688,رفتار,فعل,6519,entries/0651-0741.md,entry-0688
برخورد کردن,برخورد کردن,709,مناقشه,فعل,6708,entries/0651-0741.md,entry-0709
برخورد کردن,برخورد کردن,716,ستیز . مبارزه,فعل,6782,entries/0651-0741.md,entry-0716
برخورد کردن با (مسئله,برخورد کردن با (مسئله,154,رویداد 154#,فعل,1430,entries/0091-0193.md,entry-0154
برخوردار,برخوردار,673,استفاده,صفت,6380,entries/0651-0741.md,entry-0673
برخوردار,برخوردار,773,مالکیت,صفت,7335,entries/0742-0850.md,entry-0773
برخوردار,برخوردار,777,دارایی . مِلک 777#,صفت,7371,entries/0742-0850.md,entry-0777
برخوردار,برخوردار,824,خوشی,صفت,7789,entries/0742-0850.md,entry-0824
برخوردار,برخوردار,915,وجود حق,صفت,8687,entries/0851-0969.md,entry-0915
برخوردار بودن,برخوردار بودن,673,استفاده,فعل,6382,entries/0651-0741.md,entry-0673
برخوردار بودن,برخوردار بودن,773,مالکیت,فعل,7336,entries/0742-0850.md,entry-0773
برخوردار شدن,برخوردار شدن,376,لذت,فعل,3574,entries/0302-0437.md,entry-0376
برخورداری,برخورداری,45,اتحاد . پیوستگی,اسم,445,entries/0001-0090.md,entry-0045
برخورداری,برخورداری,166,تولید مثل,اسم,1574,entries/0091-0193.md,entry-0166
برخورداری,برخورداری,615,خِیر . سعادت,اسم,5771,entries/0544-0650.md,entry-0615
برخورداری,برخورداری,673,استفاده,اسم,6379,entries/0651-0741.md,entry-0673
برخورداری,برخورداری,730,خوشبختی 730#,اسم,6930,entries/0651-0741.md,entry-0730
برخورداری,برخورداری,824,خوشی,اسم,7788,entries/0742-0850.md,entry-0824
برخورداری,برخورداری,859,میل,اسم,8157,entries/0851-0969.md,entry-0859
برخوردن,برخوردن,484,کشف,فعل,4518,entries/0438-0543.md,entry-0484
برخوردن,برخوردن,891,رنجش . خشم,فعل,8482,entries/0851-0969.md,entry-0891
برخوردکردن,برخوردکردن,378,تماس . لمس . لامسه,فعل,3595,entries/0302-0437.md,entry-0378
برخوردکردن,برخوردکردن,704,ضدیت . تقابل,فعل,6664,entries/0651-0741.md,entry-0704
برخورنده,برخورنده,921,بی‌احترامی,صفت,8749,entries/0851-0969.md,entry-0921
برخی,برخی,53,جزء,قید,546,entries/0001-0090.md,entry-0053
برخیزاندن,برخیزاندن,310,ترفیع: بالابردن 310#,فعل,2987,entries/0302-0437.md,entry-0310
برخیزاندن,برخیزاندن,612,انگیختن . تحریک,فعل,5745,entries/0544-0650.md,entry-0612
برخیزیدن,برخیزیدن,215,عمودی,فعل,2063,entries/0194-0301.md,entry-0215
برد,برد,180,استعداد 180#,اسم,1704,entries/0091-0193.md,entry-0180
برد نداشتن,برد نداشتن,307,کاستی . نارسایی . کسری (حرکت نیمه‌تمام) 307,فعل,2964,entries/0302-0437.md,entry-0307
برد نداشتن,برد نداشتن,726,عدم تکمیل,فعل,6893,entries/0651-0741.md,entry-0726
برد کافی (لازم) را نداشتن,برد کافی (لازم) را نداشتن,307,کاستی . نارسایی . کسری (حرکت نیمه‌تمام) 307,فعل,2964,entries/0302-0437.md,entry-0307
بردار,بردار,465,اندازه‌گیری . سنجش,اسم,4308,entries/0438-0543.md,entry-0465
بردارنده,بردارنده,782,دریافت,صفت,7419,entries/0742-0850.md,entry-0782
بردارنده,بردارنده,786,اخذ . گرفتن,صفت,7456,entries/0742-0850.md,entry-0786
بردارنده,بردارنده,954,غیرقانونی,صفت,9038,entries/0851-0969.md,entry-0954
برداشت,برداشت,39,تفریق,اسم,392,entries/0001-0090.md,entry-0039
برداشت,برداشت,74,تجمع . گردآوری,اسم,744,entries/0001-0090.md,entry-0074
برداشت,برداشت,157,معلول 157#,اسم,1465,entries/0091-0193.md,entry-0157
برداشت,برداشت,164,تولید . آفرینش,اسم,1550,entries/0091-0193.md,entry-0164
برداشت,برداشت,370,کشاورزی 370#,اسم,3513,entries/0302-0437.md,entry-0370
برداشت,برداشت,410,آهنگ . ملودی: صدای هنجار 410#,اسم,3816,entries/0302-0437.md,entry-0410
برداشت,برداشت,449,اندیشه,اسم,4143,entries/0438-0543.md,entry-0449
برداشت,برداشت,476,شَمّ . غریزه,اسم,4437,entries/0438-0543.md,entry-0476
برداشت,برداشت,480,تشخیص . استنتاج 480#,اسم,4474,entries/0438-0543.md,entry-0480
برداشت,برداشت,484,کشف,اسم,4514,entries/0438-0543.md,entry-0484
برداشت,برداشت,485,باور,اسم,4526,entries/0438-0543.md,entry-0485
برداشت,برداشت,513,تخیل,اسم,4804,entries/0438-0543.md,entry-0513
برداشت,برداشت,771,اکتساب,اسم,7307,entries/0742-0850.md,entry-0771
برداشت,برداشت,782,دریافت,اسم,7416,entries/0742-0850.md,entry-0782
برداشت,برداشت,786,اخذ . گرفتن,اسم,7453,entries/0742-0850.md,entry-0786
برداشت ازحساب,برداشت ازحساب,785,استقراض,اسم,7444,entries/0742-0850.md,entry-0785
برداشت کردن,برداشت کردن,39,تفریق,فعل,394,entries/0001-0090.md,entry-0039
برداشت کردن,برداشت کردن,370,کشاورزی 370#,فعل,3520,entries/0302-0437.md,entry-0370
برداشت کردن,برداشت کردن,480,تشخیص . استنتاج 480#,فعل,4479,entries/0438-0543.md,entry-0480
برداشت کردن,برداشت کردن,484,کشف,فعل,4519,entries/0438-0543.md,entry-0484
برداشت کردن,برداشت کردن,782,دریافت,فعل,7420,entries/0742-0850.md,entry-0782
برداشت کردن,برداشت کردن,797,پول,فعل,7551,entries/0742-0850.md,entry-0797
برداشتن,برداشتن,39,تفریق,فعل,394,entries/0001-0090.md,entry-0039
برداشتن,برداشتن,165,تخریب,فعل,1565,entries/0091-0193.md,entry-0165
برداشتن,برداشتن,189,حضور,فعل,1791,entries/0091-0193.md,entry-0189
برداشتن,برداشتن,207,لایه . صفحه,فعل,1998,entries/0194-0301.md,entry-0207
برداشتن,برداشتن,212,کم‌عمقی,فعل,2043,entries/0194-0301.md,entry-0212
برداشتن,برداشتن,300,دفع . طرد 300#,فعل,2866,entries/0194-0301.md,entry-0300
برداشتن,برداشتن,310,ترفیع: بالابردن 310#,فعل,2987,entries/0302-0437.md,entry-0310
برداشتن,برداشتن,370,کشاورزی 370#,فعل,3520,entries/0302-0437.md,entry-0370
برداشتن,برداشتن,605,انتخاب,فعل,5670,entries/0544-0650.md,entry-0605
برداشتن,برداشتن,648,پاکیزگی,فعل,6100,entries/0544-0650.md,entry-0648
برداشتن,برداشتن,773,مالکیت,فعل,7337,entries/0742-0850.md,entry-0773
برداشتن,برداشتن,786,اخذ . گرفتن,فعل,7460,entries/0742-0850.md,entry-0786
برداشتن,برداشتن,788,دزدی,فعل,7482,entries/0742-0850.md,entry-0788
برداشتن,برداشتن,792,خرید,فعل,7511,entries/0742-0850.md,entry-0792
برداشتن,برداشتن,823,تهییج ناپذیری,فعل,7774,entries/0742-0850.md,entry-0823
برداشتن,برداشتن,841,زیبایی,فعل,7986,entries/0742-0850.md,entry-0841
برداشتن,برداشتن,843,زیباسازی . آرایش,فعل,8007,entries/0742-0850.md,entry-0843
برداشتن سطحی,برداشتن سطحی,212,کم‌عمقی,اسم,2041,entries/0194-0301.md,entry-0212
برداشتن),برداشتن),251,پیچ‌وتاب : دایره‌ای بودن پیچیده,فعل,2410,entries/0194-0301.md,entry-0251
برداشته‌شده,برداشته‌شده,786,اخذ . گرفتن,صفت,7458,entries/0742-0850.md,entry-0786
برداشتکننده,برداشتکننده,803,بدهکاری,اسم,7592,entries/0742-0850.md,entry-0803
برداشتی,برداشتی,39,تفریق,صفت,393,entries/0001-0090.md,entry-0039
بردبار,بردبار,823,تهییج ناپذیری,صفت,7773,entries/0742-0850.md,entry-0823
بردباری,بردباری,177,ملایمت . میانه‌روی,اسم,1678,entries/0091-0193.md,entry-0177
بردباری,بردباری,823,تهییج ناپذیری,اسم,7771,entries/0742-0850.md,entry-0823
بردباری کردن,بردباری کردن,770,سازش 770#,فعل,7288,entries/0742-0850.md,entry-0770
بردن,بردن,188,نقل مکان . انتقال,فعل,1782,entries/0091-0193.md,entry-0188
بردن,بردن,272,حمل . ترابری,فعل,2624,entries/0194-0301.md,entry-0272
بردن,بردن,273,حمل‌کننده,فعل,2634,entries/0194-0301.md,entry-0273
بردن,بردن,288,کشش,فعل,2763,entries/0194-0301.md,entry-0288
بردن,بردن,613,بازداشتن,فعل,5758,entries/0544-0650.md,entry-0613
بردن,بردن,788,دزدی,فعل,7482,entries/0742-0850.md,entry-0788
بردن,بردن,825,رنج . غم,فعل,7803,entries/0742-0850.md,entry-0825
برده,برده,273,حمل‌کننده,اسم,2630,entries/0194-0301.md,entry-0273
برده,برده,630,ابزار 630#,اسم,5922,entries/0544-0650.md,entry-0630
برده,برده,678,فعالیت . بیداری,اسم,6426,entries/0651-0741.md,entry-0678
برده,برده,742,خادم,اسم,7069,entries/0742-0850.md,entry-0742
برده,برده,773,مالکیت,صفت,7334,entries/0742-0850.md,entry-0773
برده,برده,790,غنایم 790#,اسم,7494,entries/0742-0850.md,entry-0790
برده‌دار,برده‌دار,741,رئیس,اسم,7049,entries/0651-0741.md,entry-0741
برده‌داری,برده‌داری,733,اقتدار 733#,اسم,6961,entries/0651-0741.md,entry-0733
برده‌داری,برده‌داری,745,انقیاد,اسم,7094,entries/0742-0850.md,entry-0745
برده‌داری,برده‌داری,773,مالکیت,اسم,7330,entries/0742-0850.md,entry-0773
بردوباخت,بردوباخت,618,اتفاق . قمار,اسم,5808,entries/0544-0650.md,entry-0618
بردوباخت نداشتن,بردوباخت نداشتن,28,برابری: یکسانی مقدار یا درجه,فعل,289,entries/0001-0090.md,entry-0028
بردگی,بردگی,675,سوءاستفاده,اسم,6396,entries/0651-0741.md,entry-0675
بردگی,بردگی,682,تلاش . کار,اسم,6471,entries/0651-0741.md,entry-0682
بردگی,بردگی,745,انقیاد,اسم,7094,entries/0742-0850.md,entry-0745
بردگی,بردگی,872,حقارت . خفت,اسم,8284,entries/0851-0969.md,entry-0872
بردگی,بردگی,879,نوکری,اسم,8346,entries/0851-0969.md,entry-0879
برذمه گرفتن,برذمه گرفتن,672,مأموریت,فعل,6375,entries/0651-0741.md,entry-0672
بررس,بررس,459,پرسش,اسم,4252,entries/0438-0543.md,entry-0459
بررسی,بررسی,449,اندیشه,اسم,4142,entries/0438-0543.md,entry-0449
بررسی,بررسی,453,کنجکاوی: میل به‌دانش,اسم,4183,entries/0438-0543.md,entry-0453
بررسی,بررسی,459,پرسش,اسم,4249,entries/0438-0543.md,entry-0459
بررسی,بررسی,480,تشخیص . استنتاج 480#,اسم,4475,entries/0438-0543.md,entry-0480
بررسی آماری,بررسی آماری,86,شمارش,اسم,872,entries/0001-0090.md,entry-0086
بررسی بالینی,بررسی بالینی,658,درمان,اسم,6226,entries/0651-0741.md,entry-0658
بررسی صلاحیت,بررسی صلاحیت,607,ردّ . عدم انتخاب,اسم,5687,entries/0544-0650.md,entry-0607
بررسی کردن,بررسی کردن,449,اندیشه,فعل,4151,entries/0438-0543.md,entry-0449
بررسی کلینیکی,بررسی کلینیکی,658,درمان,اسم,6226,entries/0651-0741.md,entry-0658
بررسی ◄ جستجو,بررسی ◄ جستجو,524,اطلاع . آگاهی,اسم,4918,entries/0438-0543.md,entry-0524
بررسی‌نشده,بررسی‌نشده,458,غفلت . بی‌دقتی,صفت,4236,entries/0438-0543.md,entry-0458
بررسی‌نشده,بررسی‌نشده,506,فراموشی,صفت,4735,entries/0438-0543.md,entry-0506
بررسی‌کننده,بررسی‌کننده,459,پرسش,اسم,4252,entries/0438-0543.md,entry-0459
برزانو نشسته,برزانو نشسته,321,کیهان,اسم,3088,entries/0302-0437.md,entry-0321
برزبان آوردن,برزبان آوردن,522,تجلی,فعل,4900,entries/0438-0543.md,entry-0522
برزبان آوردن,برزبان آوردن,577,ندا: صدای انسان,فعل,5381,entries/0544-0650.md,entry-0577
برزخ,برزخ,972,جهنم,اسم,9185,entries/0970-0991.md,entry-0972
برزمین نشستن,برزمین نشستن,309,سقوط: پایین آمدن,فعل,2979,entries/0302-0437.md,entry-0309
برزن,برزن,192,منزل: محل سکنا یا زندگی,اسم,1822,entries/0091-0193.md,entry-0192
برزنت,برزنت,222,تاروپود: بافت متقاطع,اسم,2134,entries/0194-0301.md,entry-0222
برزنت,برزنت,342,خشکی,اسم,3271,entries/0302-0437.md,entry-0342
برزنگی,برزنگی,428,سیاه,اسم,3972,entries/0302-0437.md,entry-0428
برزگر,برزگر,368,گیاه‌شناسی,اسم,3497,entries/0302-0437.md,entry-0368
برزگر,برزگر,370,کشاورزی 370#,اسم,3516,entries/0302-0437.md,entry-0370
برزگر,برزگر,669,آمادگی,اسم,6337,entries/0651-0741.md,entry-0669
برزگر,برزگر,742,خادم,اسم,7068,entries/0742-0850.md,entry-0742
برزگران,برزگران,708,گروه اجتماعی,اسم,6694,entries/0651-0741.md,entry-0708
برس,برس,259,زبری,اسم,2482,entries/0194-0301.md,entry-0259
برس,برس,648,پاکیزگی,اسم,6095,entries/0544-0650.md,entry-0648
برس,برس,843,زیباسازی . آرایش,اسم,8003,entries/0742-0850.md,entry-0843
برساختن,برساختن,541,دروغگویی,فعل,5095,entries/0438-0543.md,entry-0541
برساخته,برساخته,542,فریب,صفت,5106,entries/0438-0543.md,entry-0542
برساوش,برساوش,321,کیهان,اسم,3088,entries/0302-0437.md,entry-0321
برسر بازار نهادن,برسر بازار نهادن,526,افشا,فعل,4953,entries/0438-0543.md,entry-0526
برسربازار نهادن,برسربازار نهادن,484,کشف,فعل,4518,entries/0438-0543.md,entry-0484
برسرزبانها افتادن,برسرزبانها افتادن,867,بدنامی,فعل,8241,entries/0851-0969.md,entry-0867
برسنگ نوشته,برسنگ نوشته,153,پایداری (تغییرناپذیری),صفت,1417,entries/0091-0193.md,entry-0153
برش,برش,27,درجه: مقدار نسبی,اسم,270,entries/0001-0090.md,entry-0027
برش,برش,42,رقم کاهنده: چیزی که کسر می شود,اسم,412,entries/0001-0090.md,entry-0042
برش,برش,46,عدم اتحاد . گسیختگی,اسم,463,entries/0001-0090.md,entry-0046
برش,برش,53,جزء,اسم,540,entries/0001-0090.md,entry-0053
برش,برش,228,پوشاک . پوشیدن,اسم,2212,entries/0194-0301.md,entry-0228
برش,برش,255,تقعر,اسم,2444,entries/0194-0301.md,entry-0255
برش,برش,256,تیزی 256#,اسم,2454,entries/0194-0301.md,entry-0256
برش,برش,262,شیار,اسم,2502,entries/0194-0301.md,entry-0262
برش دادن,برش دادن,46,عدم اتحاد . گسیختگی,فعل,474,entries/0001-0090.md,entry-0046
برش دادن,برش دادن,207,لایه . صفحه,فعل,1998,entries/0194-0301.md,entry-0207
برش دادن,برش دادن,555,کنده‌کاری,فعل,5230,entries/0544-0650.md,entry-0555
برش مقطعی,برش مقطعی,83,تطبیق,اسم,834,entries/0001-0090.md,entry-0083
برشت,برشت,594,تئاتر,اسم,5536,entries/0544-0650.md,entry-0594
برشته,برشته,301,غذا: خوردن و نوشیدن,صفت,2905,entries/0194-0301.md,entry-0301
برشته,برشته,379,گرما,صفت,3603,entries/0302-0437.md,entry-0379
برشته,برشته,381,گرمایش,صفت,3625,entries/0302-0437.md,entry-0381
برشته کردن,برشته کردن,301,غذا: خوردن و نوشیدن,فعل,2912,entries/0194-0301.md,entry-0301
برشته کردن,برشته کردن,381,گرمایش,فعل,3628,entries/0302-0437.md,entry-0381
برشته‌شده,برشته‌شده,379,گرما,صفت,3603,entries/0302-0437.md,entry-0379
برشته‌شده,برشته‌شده,381,گرمایش,صفت,3625,entries/0302-0437.md,entry-0381
برشتوک,برشتوک,301,غذا: خوردن و نوشیدن,اسم,2892,entries/0194-0301.md,entry-0301
برشخص واقع شدن,برشخص واقع شدن,154,رویداد 154#,فعل,1430,entries/0091-0193.md,entry-0154
برشمردن,برشمردن,86,شمارش,فعل,879,entries/0001-0090.md,entry-0086
برشمردن,برشمردن,106,تکرار,فعل,998,entries/0091-0193.md,entry-0106
برشکار,برشکار,228,پوشاک . پوشیدن,اسم,2211,entries/0194-0301.md,entry-0228
برص,برص,651,بیماری . ضعف جسمانی,اسم,6137,entries/0651-0741.md,entry-0651
برطرف,برطرف,654,بهبود,صفت,6173,entries/0651-0741.md,entry-0654
برطرف کردن,برطرف کردن,550,امحا . محو 550#,فعل,5192,entries/0544-0650.md,entry-0550
برطرف کردن,برطرف کردن,656,بازسازی,فعل,6206,entries/0651-0741.md,entry-0656
برطرف‌سازی,برطرف‌سازی,44,سادگی,اسم,430,entries/0001-0090.md,entry-0044
برطرف‌کنندۀ بوی بد,برطرف‌کنندۀ بوی بد,395,بی‌بویی,اسم,3719,entries/0302-0437.md,entry-0395
برعکس,برعکس,151,تغییر متقابل: تغییر باهم یا دوگانه,قید,1397,entries/0091-0193.md,entry-0151
برعکس,برعکس,182,اثر متقابل,صفت,1717,entries/0091-0193.md,entry-0182
برعکس,برعکس,221,وارونگی,صفت,2124,entries/0194-0301.md,entry-0221
برعکس,برعکس,489,نظر مخالف,شبه جمله,4576,entries/0438-0543.md,entry-0489
برعکس بودن,برعکس بودن,221,وارونگی,فعل,2125,entries/0194-0301.md,entry-0221
برعکس شدن,برعکس شدن,240,روبرو 240#,اسم,2314,entries/0194-0301.md,entry-0240
برغست,برغست,366,گیاهان,اسم,3482,entries/0302-0437.md,entry-0366
برف,برف,339,آب,اسم,3240,entries/0302-0437.md,entry-0339
برف,برف,350,نهر . باران: آب درجریان 350#,اسم,3315,entries/0302-0437.md,entry-0350
برف,برف,380,سرما 380#,اسم,3612,entries/0302-0437.md,entry-0380
برف,برف,427,سفید,اسم,3964,entries/0302-0437.md,entry-0427
برف آمدن,برف آمدن,350,نهر . باران: آب درجریان 350#,فعل,3318,entries/0302-0437.md,entry-0350
برفراز,برفراز,209,بلندی (ارتفاع) . بالا . رو,صفت,2019,entries/0194-0301.md,entry-0209
برفرازِ,برفرازِ,209,بلندی (ارتفاع) . بالا . رو,قید,2023,entries/0194-0301.md,entry-0209
برفک,برفک,380,سرما 380#,اسم,3613,entries/0302-0437.md,entry-0380
برفی,برفی,129,عصر . پاییز . زمستان,صفت,1202,entries/0091-0193.md,entry-0129
برفی,برفی,340,هوا 340#,اسم,3248,entries/0302-0437.md,entry-0340
برفی,برفی,427,سفید,صفت,3966,entries/0302-0437.md,entry-0427
برف‌انداز,برف‌انداز,380,سرما 380#,اسم,3612,entries/0302-0437.md,entry-0380
برف‌بازی,برف‌بازی,380,سرما 380#,اسم,3612,entries/0302-0437.md,entry-0380
برف‌خوره,برف‌خوره,380,سرما 380#,اسم,3612,entries/0302-0437.md,entry-0380
برف‌خیز,برف‌خیز,340,هوا 340#,صفت,3252,entries/0302-0437.md,entry-0340
برف‌رو,برف‌رو,274,وسیلۀ نقلیه,اسم,2645,entries/0194-0301.md,entry-0274
برف‌روبی,برف‌روبی,380,سرما 380#,اسم,3612,entries/0302-0437.md,entry-0380
برف‌ریزه,برف‌ریزه,380,سرما 380#,اسم,3612,entries/0302-0437.md,entry-0380
برف‌وبوران,برف‌وبوران,380,سرما 380#,اسم,3612,entries/0302-0437.md,entry-0380
برف‌پاک‌کن,برف‌پاک‌کن,274,وسیلۀ نقلیه,اسم,2647,entries/0194-0301.md,entry-0274
برف‌کوب,برف‌کوب,380,سرما 380#,اسم,3612,entries/0302-0437.md,entry-0380
برف‌کوبی,برف‌کوبی,380,سرما 380#,اسم,3612,entries/0302-0437.md,entry-0380
برف‌کوری,برف‌کوری,380,سرما 380#,اسم,3612,entries/0302-0437.md,entry-0380
برف‌کوری,برف‌کوری,439,کوری,اسم,4047,entries/0438-0543.md,entry-0439
برق,برق,160,توان 160#,اسم,1499,entries/0091-0193.md,entry-0160
برق,برق,277,سرعت,اسم,2663,entries/0194-0301.md,entry-0277
برق,برق,417,روشنی,اسم,3877,entries/0302-0437.md,entry-0417
برق,برق,420,روشنایی 420#,اسم,3909,entries/0302-0437.md,entry-0420
برق,برق,804,پرداخت,اسم,7600,entries/0742-0850.md,entry-0804
برق (مثل برق),برق (مثل برق),114,زودگذری,اسم,1065,entries/0091-0193.md,entry-0114
برق انداختن,برق انداختن,648,پاکیزگی,فعل,6100,entries/0544-0650.md,entry-0648
برق سه‌فاز,برق سه‌فاز,160,توان 160#,اسم,1499,entries/0091-0193.md,entry-0160
برق مثبت,برق مثبت,160,توان 160#,اسم,1499,entries/0091-0193.md,entry-0160
برق منفی,برق منفی,160,توان 160#,اسم,1499,entries/0091-0193.md,entry-0160
برقاطیس,برقاطیس,160,توان 160#,اسم,1501,entries/0091-0193.md,entry-0160
برقاطیس,برقاطیس,531,مخابرات,اسم,5005,entries/0438-0543.md,entry-0531
برقرار,برقرار,113,دیرگذری,صفت,1056,entries/0091-0193.md,entry-0113
برقرار,برقرار,144,ثبات: عدم تغییر 144#,صفت,1332,entries/0091-0193.md,entry-0144
برقرار,برقرار,146,عدم توقف: تداوم در حرکت / عمل,صفت,1353,entries/0091-0193.md,entry-0146
برقرار,برقرار,153,پایداری (تغییرناپذیری),صفت,1415,entries/0091-0193.md,entry-0153
برقرار,برقرار,160,توان 160#,صفت,1503,entries/0091-0193.md,entry-0160
برقرار,برقرار,622,اشتغال,صفت,5850,entries/0544-0650.md,entry-0622
برقرار,برقرار,923,تحسین,صفت,8771,entries/0851-0969.md,entry-0923
برقرار بودن,برقرار بودن,71,تداوم [در ترتیب] . تسلسل,فعل,720,entries/0001-0090.md,entry-0071
برقرار بودن آرامش,برقرار بودن آرامش,266,عدم تحرک,فعل,2558,entries/0194-0301.md,entry-0266
برقرار شدن,برقرار شدن,139,اغلب (کثرت وقوع),فعل,1284,entries/0091-0193.md,entry-0139
برقرار شدن,برقرار شدن,153,پایداری (تغییرناپذیری),فعل,1418,entries/0091-0193.md,entry-0153
برقرار کردن,برقرار کردن,350,نهر . باران: آب درجریان 350#,فعل,3319,entries/0302-0437.md,entry-0350
برقرار کردن,برقرار کردن,787,استرداد . اعاده,فعل,7471,entries/0742-0850.md,entry-0787
برقرارکننده,برقرارکننده,31,جبران . تعدیل,صفت,312,entries/0001-0090.md,entry-0031
برقرارکننده,برقرارکننده,714,تلافی,صفت,6756,entries/0651-0741.md,entry-0714
برقرارکننده,برقرارکننده,787,استرداد . اعاده,صفت,7470,entries/0742-0850.md,entry-0787
برقرارکننده,برقرارکننده,941,دلجویی . پوزش,صفت,8931,entries/0851-0969.md,entry-0941
برقراری,برقراری,153,پایداری (تغییرناپذیری),اسم,1411,entries/0091-0193.md,entry-0153
برقراری,برقراری,187,استقرار . قرارگاه,اسم,1766,entries/0091-0193.md,entry-0187
برقراری,برقراری,787,استرداد . اعاده,اسم,7469,entries/0742-0850.md,entry-0787
برقراری (مجدد),برقراری (مجدد),656,بازسازی,اسم,6197,entries/0651-0741.md,entry-0656
برقراری صلح,برقراری صلح,62,تنظیم,اسم,631,entries/0001-0090.md,entry-0062
برقراری صلح,برقراری صلح,161,ناتوانی,اسم,1510,entries/0091-0193.md,entry-0161
برقراری صلح,برقراری صلح,488,نظر موافق,اسم,4557,entries/0438-0543.md,entry-0488
برقراری صلح,برقراری صلح,717,صلح,اسم,6786,entries/0651-0741.md,entry-0717
برقراری صلح,برقراری صلح,719,آشتی . برقراری صلح,اسم,6810,entries/0651-0741.md,entry-0719
برقراری صلح,برقراری صلح,770,سازش 770#,اسم,7286,entries/0742-0850.md,entry-0770
برقراری صلح,برقراری صلح,941,دلجویی . پوزش,اسم,8929,entries/0851-0969.md,entry-0941
برقراری نظم و آرامش,برقراری نظم و آرامش,62,تنظیم,اسم,631,entries/0001-0090.md,entry-0062
برقع,برقع,228,پوشاک . پوشیدن,اسم,2208,entries/0194-0301.md,entry-0228
برقع,برقع,527,اختفا . نقاب,اسم,4963,entries/0438-0543.md,entry-0527
برقکار,برقکار,160,توان 160#,اسم,1499,entries/0091-0193.md,entry-0160
برقکار,برقکار,594,تئاتر,اسم,5534,entries/0544-0650.md,entry-0594
برقکار,برقکار,630,ابزار 630#,اسم,5931,entries/0544-0650.md,entry-0630
برقی,برقی,160,توان 160#,صفت,1504,entries/0091-0193.md,entry-0160
برقی,برقی,277,سرعت,قید,2669,entries/0194-0301.md,entry-0277
برقی,برقی,332,گَرد . پودر,اسم,3190,entries/0302-0437.md,entry-0332
برق‌آسا,برق‌آسا,277,سرعت,صفت,2665,entries/0194-0301.md,entry-0277
برق‌درمانی,برق‌درمانی,658,درمان,اسم,6228,entries/0651-0741.md,entry-0658
برق‌رسانی,برق‌رسانی,160,توان 160#,اسم,1499,entries/0091-0193.md,entry-0160
برق‌کشی,برق‌کشی,160,توان 160#,اسم,1499,entries/0091-0193.md,entry-0160
برلیان,برلیان,422,شفاف,اسم,3929,entries/0302-0437.md,entry-0422
برلیان,برلیان,844,تزیین,اسم,8018,entries/0742-0850.md,entry-0844
برملا,برملا,443,پیدایی,صفت,4077,entries/0438-0543.md,entry-0443
برملا,برملا,522,تجلی,قید,4904,entries/0438-0543.md,entry-0522
برملا شدن,برملا شدن,522,تجلی,فعل,4903,entries/0438-0543.md,entry-0522
برملا کردن,برملا کردن,522,تجلی,فعل,4900,entries/0438-0543.md,entry-0522
برنا [حالت اسمی ◄ جوان 132],برنا [حالت اسمی ◄ جوان 132],130,جوانی 130#,صفت,1208,entries/0091-0193.md,entry-0130
برنامه,برنامه,23,سرمشق,اسم,226,entries/0001-0090.md,entry-0023
برنامه,برنامه,55,ناقص . نقصان (کامل نبودن),اسم,561,entries/0001-0090.md,entry-0055
برنامه,برنامه,62,تنظیم,اسم,631,entries/0001-0090.md,entry-0062
برنامه,برنامه,86,شمارش,اسم,872,entries/0001-0090.md,entry-0086
برنامه,برنامه,110,دوره: زمان معین 110#,اسم,1033,entries/0091-0193.md,entry-0110
برنامه,برنامه,233,طرح کلی,اسم,2260,entries/0194-0301.md,entry-0233
برنامه,برنامه,452,موضوع,اسم,4172,entries/0438-0543.md,entry-0452
برنامه,برنامه,566,سَبْک,اسم,5308,entries/0544-0650.md,entry-0566
برنامه,برنامه,623,برنامه,اسم,5858,entries/0544-0650.md,entry-0623
برنامه,برنامه,676,عمل,اسم,6406,entries/0651-0741.md,entry-0676
برنامه,برنامه,688,رفتار,اسم,6515,entries/0651-0741.md,entry-0688
برنامه,برنامه,718,جنگ,اسم,6798,entries/0651-0741.md,entry-0718
برنامه دادن,برنامه دادن,623,برنامه,فعل,5866,entries/0544-0650.md,entry-0623
برنامه ریزی,برنامه ریزی,62,تنظیم,اسم,631,entries/0001-0090.md,entry-0062
برنامه نوشتن,برنامه نوشتن,86,شمارش,فعل,881,entries/0001-0090.md,entry-0086
برنامه‌دار,برنامه‌دار,623,برنامه,صفت,5863,entries/0544-0650.md,entry-0623
برنامه‌ریز,برنامه‌ریز,512,تصور . خاطر,اسم,4794,entries/0438-0543.md,entry-0512
برنامه‌ریز,برنامه‌ریز,612,انگیختن . تحریک,اسم,5740,entries/0544-0650.md,entry-0612
برنامه‌ریز,برنامه‌ریز,623,برنامه,اسم,5862,entries/0544-0650.md,entry-0623
برنامه‌ریز,برنامه‌ریز,690,مدیر . رهبر 690#,اسم,6533,entries/0651-0741.md,entry-0690
برنامه‌ریزی,برنامه‌ریزی,62,تنظیم,اسم,631,entries/0001-0090.md,entry-0062
برنامه‌ریزی,برنامه‌ریزی,622,اشتغال,اسم,5849,entries/0544-0650.md,entry-0622
برنامه‌ریزی,برنامه‌ریزی,623,برنامه,اسم,5858,entries/0544-0650.md,entry-0623
برنامه‌ریزی ترانسپورت,برنامه‌ریزی ترانسپورت,267,مسافرت زمینی,اسم,2572,entries/0194-0301.md,entry-0267
برنامه‌ریزی خطی,برنامه‌ریزی خطی,86,شمارش,اسم,871,entries/0001-0090.md,entry-0086
برنامه‌ریزی شده,برنامه‌ریزی شده,623,برنامه,صفت,5863,entries/0544-0650.md,entry-0623
برنامه‌ریزی و مهندسی تولید,برنامه‌ریزی و مهندسی تولید,687,کارگاه: محل کار,اسم,6510,entries/0651-0741.md,entry-0687
برنامه‌ریزی کردن,برنامه‌ریزی کردن,62,تنظیم,فعل,636,entries/0001-0090.md,entry-0062
برنامه‌ریزی کردن,برنامه‌ریزی کردن,156,علیت . علت 156#,فعل,1458,entries/0091-0193.md,entry-0156
برنامه‌ریزی کردن,برنامه‌ریزی کردن,449,اندیشه,فعل,4150,entries/0438-0543.md,entry-0449
برنامه‌ریزی کردن,برنامه‌ریزی کردن,498,هوش . فراست,فعل,4658,entries/0438-0543.md,entry-0498
برنامه‌ریزی کردن,برنامه‌ریزی کردن,623,برنامه,فعل,5866,entries/0544-0650.md,entry-0623
برنامه‌ریزی کردن,برنامه‌ریزی کردن,669,آمادگی,فعل,6343,entries/0651-0741.md,entry-0669
برنامه‌ریزی ◄ برنامه,برنامه‌ریزی ◄ برنامه,510,آینده‌نگری 510#,اسم,4768,entries/0438-0543.md,entry-0510
برنامه‌ریزی ◄ برنامه,برنامه‌ریزی ◄ برنامه,706,همکاری . تعاون,اسم,6674,entries/0651-0741.md,entry-0706
برنامه‌نویسی,برنامه‌نویسی,86,شمارش,اسم,873,entries/0001-0090.md,entry-0086
برنامۀ تلویزیونی,برنامۀ تلویزیونی,531,مخابرات,اسم,5008,entries/0438-0543.md,entry-0531
برنامۀ درسی,برنامۀ درسی,534,آموزش,اسم,5035,entries/0438-0543.md,entry-0534
برنامۀ درسی هفتگی,برنامۀ درسی هفتگی,141,دوره‌ای بودن: نظم دروقوع و تکرار آن,اسم,1300,entries/0091-0193.md,entry-0141
برنامۀ پردازش تصویر,برنامۀ پردازش تصویر,551,تجسم,اسم,5199,entries/0544-0650.md,entry-0551
برنامۀ کاربردی,برنامۀ کاربردی,86,شمارش,اسم,875,entries/0001-0090.md,entry-0086
برنامۀ کاربردی◄ کامپیوتر شخصی,برنامۀ کاربردی◄ کامپیوتر شخصی,86,شمارش,اسم,873,entries/0001-0090.md,entry-0086
برنامۀ کاری,برنامۀ کاری,141,دوره‌ای بودن: نظم دروقوع و تکرار آن,اسم,1300,entries/0091-0193.md,entry-0141
برنامۀ کامپیوتری,برنامۀ کامپیوتری,86,شمارش,اسم,873,entries/0001-0090.md,entry-0086
برنامۀ کامپیوتری,برنامۀ کامپیوتری,589,کتاب,اسم,5471,entries/0544-0650.md,entry-0589
برنج,برنج,50,ترکیب 50#,اسم,509,entries/0001-0090.md,entry-0050
برنج,برنج,301,غذا: خوردن و نوشیدن,اسم,2898,entries/0194-0301.md,entry-0301
برنجک,برنجک,301,غذا: خوردن و نوشیدن,اسم,2894,entries/0194-0301.md,entry-0301
برنجی,برنجی,414,ساز,اسم,3846,entries/0302-0437.md,entry-0414
برنج‌زار,برنج‌زار,370,کشاورزی 370#,اسم,3514,entries/0302-0437.md,entry-0370
برنج‌کاری,برنج‌کاری,370,کشاورزی 370#,اسم,3513,entries/0302-0437.md,entry-0370
برنده,برنده,34,برتری,اسم,346,entries/0001-0090.md,entry-0034
برنده,برنده,571,شدّت و حدّت کلام,صفت,5342,entries/0544-0650.md,entry-0571
برنده,برنده,727,موفقیت,صفت,6901,entries/0651-0741.md,entry-0727
برنده شدن,برنده شدن,727,موفقیت,فعل,6903,entries/0651-0741.md,entry-0727
برندگی,برندگی,256,تیزی 256#,اسم,2454,entries/0194-0301.md,entry-0256
برنز,برنز,50,ترکیب 50#,اسم,509,entries/0001-0090.md,entry-0050
برنز,برنز,554,مجسمه‌سازی,صفت,5222,entries/0544-0650.md,entry-0554
برنز),برنز),729,جایزه,اسم,6926,entries/0651-0741.md,entry-0729
برنزه,برنزه,430,قهوه‌ای 430#,صفت,3983,entries/0302-0437.md,entry-0430
برنزه شدن,برنزه شدن,418,تاریکی,اسم,3890,entries/0302-0437.md,entry-0418
برنزه شدن,برنزه شدن,652,گوارایی,اسم,6154,entries/0651-0741.md,entry-0652
برنزه شدن,برنزه شدن,848,مُد,فعل,8056,entries/0742-0850.md,entry-0848
برنهاده,برنهاده,316,تکامل,اسم,3032,entries/0302-0437.md,entry-0316
بره,بره,132,جوان,اسم,1222,entries/0091-0193.md,entry-0132
بره,بره,365,حیوانات,اسم,3459,entries/0302-0437.md,entry-0365
بره,بره,890,عزیز 890# عزی,اسم,8471,entries/0851-0969.md,entry-0890
برهان,برهان,475,استدلال . تعقل,اسم,4421,entries/0438-0543.md,entry-0475
برهان خُلف,برهان خُلف,475,استدلال . تعقل,اسم,4421,entries/0438-0543.md,entry-0475
برهان خُلف,برهان خُلف,479,ابطال . بطلان,اسم,4462,entries/0438-0543.md,entry-0479
برهم اثر گذاشتن,برهم اثر گذاشتن,182,اثر متقابل,فعل,1718,entries/0091-0193.md,entry-0182
برهمایی,برهمایی,191,مقیم,اسم,1810,entries/0091-0193.md,entry-0191
برهمن,برهمن,986,روحانیت,اسم,9326,entries/0970-0991.md,entry-0986
برهم‌کنش,برهم‌کنش,182,اثر متقابل,اسم,1716,entries/0091-0193.md,entry-0182
برهنه,برهنه,44,سادگی,صفت,434,entries/0001-0090.md,entry-0044
برهنه,برهنه,190,غیاب 190#,صفت,1802,entries/0091-0193.md,entry-0190
برهنه,برهنه,229,برهنگی . کندن لباس,صفت,2225,entries/0194-0301.md,entry-0229
برهنه,برهنه,661,خطر,صفت,6271,entries/0651-0741.md,entry-0661
برهنه کردن,برهنه کردن,37,کاهش,فعل,379,entries/0001-0090.md,entry-0037
برهنه کردن,برهنه کردن,39,تفریق,فعل,394,entries/0001-0090.md,entry-0039
برهنه کردن,برهنه کردن,46,عدم اتحاد . گسیختگی,فعل,472,entries/0001-0090.md,entry-0046
برهنه کردن,برهنه کردن,49,عدم انسجام,فعل,503,entries/0001-0090.md,entry-0049
برهنه کردن,برهنه کردن,229,برهنگی . کندن لباس,اسم,2222,entries/0194-0301.md,entry-0229
برهنه کردن,برهنه کردن,522,تجلی,فعل,4900,entries/0438-0543.md,entry-0522
برهنه کردن,برهنه کردن,526,افشا,فعل,4953,entries/0438-0543.md,entry-0526
برهنه کردن,برهنه کردن,786,اخذ . گرفتن,فعل,7465,entries/0742-0850.md,entry-0786
برهنگی,برهنگی,105,قلت,اسم,986,entries/0091-0193.md,entry-0105
برهنگی,برهنگی,229,برهنگی . کندن لباس,اسم,2223,entries/0194-0301.md,entry-0229
برهنگی,برهنگی,484,کشف,اسم,4514,entries/0438-0543.md,entry-0484
برهه,برهه,8,شرایط: وضعیت نسبی,اسم,94,entries/0001-0090.md,entry-0008
برهوت,برهوت,165,تخریب,اسم,1561,entries/0091-0193.md,entry-0165
برهوت,برهوت,172,سترونی,اسم,1625,entries/0091-0193.md,entry-0172
برهوت,برهوت,342,خشکی,صفت,3272,entries/0302-0437.md,entry-0342
برهود),برهود),172,سترونی,اسم,1625,entries/0091-0193.md,entry-0172
برهود),برهود),342,خشکی,اسم,3269,entries/0302-0437.md,entry-0342
برهۀ حساس,برهۀ حساس,137,سرموقع,اسم,1262,entries/0091-0193.md,entry-0137
بروبازو,بروبازو,371,انسان,اسم,3527,entries/0302-0437.md,entry-0371
بروج دوازده‌گانه,بروج دوازده‌گانه,321,کیهان,اسم,3089,entries/0302-0437.md,entry-0321
بروج: حَمَل (برّه),بروج: حَمَل (برّه),108,زمان 108#,اسم,1017,entries/0091-0193.md,entry-0108
برودت,برودت,380,سرما 380#,اسم,3611,entries/0302-0437.md,entry-0380
برودت,برودت,891,رنجش . خشم,اسم,8476,entries/0851-0969.md,entry-0891
برودری دوزی,برودری دوزی,844,تزیین,اسم,8014,entries/0742-0850.md,entry-0844
برورو,برورو,237,جلو,اسم,2291,entries/0194-0301.md,entry-0237
برورو,برورو,841,زیبایی,اسم,7979,entries/0742-0850.md,entry-0841
بروز,بروز,156,علیت . علت 156#,اسم,1452,entries/0091-0193.md,entry-0156
بروز,بروز,300,دفع . طرد 300#,اسم,2861,entries/0194-0301.md,entry-0300
بروز,بروز,443,پیدایی,اسم,4076,entries/0438-0543.md,entry-0443
بروز,بروز,445,پدیداری . ظاهر,اسم,4092,entries/0438-0543.md,entry-0445
بروز,بروز,522,تجلی,اسم,4894,entries/0438-0543.md,entry-0522
بروز دادن,بروز دادن,522,تجلی,فعل,4901,entries/0438-0543.md,entry-0522
بروسلا,بروسلا,651,بیماری . ضعف جسمانی,اسم,6128,entries/0651-0741.md,entry-0651
بروسلا,بروسلا,659,مایۀ هلاک . زهر,اسم,6247,entries/0651-0741.md,entry-0659
بروشور,بروشور,87,فهرست,اسم,885,entries/0001-0090.md,entry-0087
بروشور,بروشور,673,استفاده,اسم,6379,entries/0651-0741.md,entry-0673
بروفق مراد,بروفق مراد,730,خوشبختی 730#,اسم,6931,entries/0651-0741.md,entry-0730
برومند,برومند,162,قدرت,صفت,1528,entries/0091-0193.md,entry-0162
برومند,برومند,171,بارآوری,صفت,1618,entries/0091-0193.md,entry-0171
برومند,برومند,209,بلندی (ارتفاع) . بالا . رو,صفت,2019,entries/0194-0301.md,entry-0209
برون,برون,223,بیرون [فضا],اسم,2144,entries/0194-0301.md,entry-0223
برونشیت,برونشیت,651,بیماری . ضعف جسمانی,اسم,6132,entries/0651-0741.md,entry-0651
برونه,برونه,445,پدیداری . ظاهر,اسم,4091,entries/0438-0543.md,entry-0445
برونی,برونی,223,بیرون [فضا],صفت,2145,entries/0194-0301.md,entry-0223
برون‌آمده,برون‌آمده,298,صدور: حرکت به‌بیرون 298#,صفت,2840,entries/0194-0301.md,entry-0298
برون‌افکنی (برون‌فکنی),برون‌افکنی (برون‌فکنی),447,شعور 447#,اسم,4127,entries/0438-0543.md,entry-0447
برون‌بر,برون‌بر,366,گیاهان,اسم,3479,entries/0302-0437.md,entry-0366
برون‌جَو,برون‌جَو,340,هوا 340#,اسم,3247,entries/0302-0437.md,entry-0340
برون‌ذاتی,برون‌ذاتی,449,اندیشه,اسم,4144,entries/0438-0543.md,entry-0449
برون‌گرا,برون‌گرا,882,اجتماعی بودن . معاشرت,صفت,8384,entries/0851-0969.md,entry-0882
بروکسل,بروکسل,301,غذا: خوردن و نوشیدن,اسم,2895,entries/0194-0301.md,entry-0301
برَند,برَند,547,دلالت,اسم,5158,entries/0544-0650.md,entry-0547
برُم,برُم,319,مادیت 319#,اسم,3069,entries/0302-0437.md,entry-0319
برِ بیابان (برهوت,برِ بیابان (برهوت,172,سترونی,اسم,1625,entries/0091-0193.md,entry-0172
برِی‌بری,برِی‌بری,651,بیماری . ضعف جسمانی,اسم,6139,entries/0651-0741.md,entry-0651
برپا,برپا,215,عمودی,صفت,2062,entries/0194-0301.md,entry-0215
برپا,برپا,920,احترام 920#,اسم,8737,entries/0851-0969.md,entry-0920
برپا بودن,برپا بودن,215,عمودی,فعل,2063,entries/0194-0301.md,entry-0215
برپا دادن,برپا دادن,920,احترام 920#,فعل,8741,entries/0851-0969.md,entry-0920
برپا داشتن,برپا داشتن,164,تولید . آفرینش,فعل,1555,entries/0091-0193.md,entry-0164
برپا کردن,برپا کردن,192,منزل: محل سکنا یا زندگی,فعل,1838,entries/0091-0193.md,entry-0192
برپا کردن,برپا کردن,215,عمودی,فعل,2064,entries/0194-0301.md,entry-0215
برپا کردن,برپا کردن,775,مالکیت مشاع,فعل,7355,entries/0742-0850.md,entry-0775
برپاداشتن,برپاداشتن,671,مبادرت . اقدام,فعل,6366,entries/0651-0741.md,entry-0671
برپاداشتن,برپاداشتن,725,تکمیل . اجرا,فعل,6886,entries/0651-0741.md,entry-0725
برپاداشتن,برپاداشتن,768,رعایت,فعل,7276,entries/0742-0850.md,entry-0768
برپاداشتن,برپاداشتن,981,پرستش,فعل,9283,entries/0970-0991.md,entry-0981
برپاکردن,برپاکردن,844,تزیین,فعل,8025,entries/0742-0850.md,entry-0844
برپای خود ایستاده,برپای خود ایستاده,153,پایداری (تغییرناپذیری),صفت,1417,entries/0091-0193.md,entry-0153
برچسب,برچسب,547,دلالت,اسم,5160,entries/0544-0650.md,entry-0547
برچه,برچه,366,گیاهان,اسم,3479,entries/0302-0437.md,entry-0366
برچیدن,برچیدن,264,بسته . انسداد,فعل,2534,entries/0194-0301.md,entry-0264
برژی,برژی,646,کمال,اسم,6073,entries/0544-0650.md,entry-0646
برکت,برکت,32,بزرگی,اسم,321,entries/0001-0090.md,entry-0032
برکت,برکت,171,بارآوری,اسم,1617,entries/0091-0193.md,entry-0171
برکت,برکت,306,زیاده‌روی . فزونی (حرکت فراتر),اسم,2951,entries/0302-0437.md,entry-0306
برکت,برکت,366,گیاهان,اسم,3474,entries/0302-0437.md,entry-0366
برکت,برکت,511,پیش‌بینی . فال,اسم,4776,entries/0438-0543.md,entry-0511
برکت,برکت,615,خِیر . سعادت,اسم,5771,entries/0544-0650.md,entry-0615
برکت,برکت,637,وفور,اسم,5988,entries/0544-0650.md,entry-0637
برکت,برکت,730,خوشبختی 730#,اسم,6930,entries/0651-0741.md,entry-0730
برکت,برکت,777,دارایی . مِلک 777#,اسم,7366,entries/0742-0850.md,entry-0777
برکت دادن,برکت دادن,777,دارایی . مِلک 777#,فعل,7373,entries/0742-0850.md,entry-0777
برکت داشتن,برکت داشتن,615,خِیر . سعادت,فعل,5778,entries/0544-0650.md,entry-0615
برکت داشتن,برکت داشتن,637,وفور,فعل,5993,entries/0544-0650.md,entry-0637
برکنار,برکنار,25,ناسازگاری,صفت,250,entries/0001-0090.md,entry-0025
برکنار,برکنار,57,بیرون گذاشتن,صفت,582,entries/0001-0090.md,entry-0057
برکنار,برکنار,127,کهنگی,صفت,1176,entries/0091-0193.md,entry-0127
برکنار,برکنار,264,بسته . انسداد,صفت,2532,entries/0194-0301.md,entry-0264
برکنار,برکنار,607,ردّ . عدم انتخاب,صفت,5688,entries/0544-0650.md,entry-0607
برکنار,برکنار,611,ترک [عادت],صفت,5726,entries/0544-0650.md,entry-0611
برکنار,برکنار,674,عدم استفاده,صفت,6390,entries/0651-0741.md,entry-0674
برکنار,برکنار,677,سکون,صفت,6416,entries/0651-0741.md,entry-0677
برکنار,برکنار,752,لغو . الغا . عزل,صفت,7150,entries/0742-0850.md,entry-0752
برکنار (ترک‌شده),برکنار (ترک‌شده),779,عدم نگهداری,صفت,7388,entries/0742-0850.md,entry-0779
برکنار (فرسوده),برکنار (فرسوده),607,ردّ . عدم انتخاب,صفت,5688,entries/0544-0650.md,entry-0607
برکنار (فرسوده),برکنار (فرسوده),670,فقدان آمادگی 670#,صفت,6353,entries/0651-0741.md,entry-0670
برکنار (فرسوده),برکنار (فرسوده),779,عدم نگهداری,صفت,7389,entries/0742-0850.md,entry-0779
برکنار بودن,برکنار بودن,611,ترک [عادت],فعل,5729,entries/0544-0650.md,entry-0611
برکنار کردن,برکنار کردن,187,استقرار . قرارگاه,فعل,1771,entries/0091-0193.md,entry-0187
برکنار کردن,برکنار کردن,752,لغو . الغا . عزل,فعل,7153,entries/0742-0850.md,entry-0752
برکنار کردن,برکنار کردن,779,عدم نگهداری,فعل,7391,entries/0742-0850.md,entry-0779
برکنارشده,برکنارشده,41,باقیمانده,صفت,406,entries/0001-0090.md,entry-0041
برکناری,برکناری,39,تفریق,اسم,392,entries/0001-0090.md,entry-0039
برکناری,برکناری,57,بیرون گذاشتن,اسم,578,entries/0001-0090.md,entry-0057
برکناری,برکناری,611,ترک [عادت],اسم,5724,entries/0544-0650.md,entry-0611
برکناری,برکناری,674,عدم استفاده,اسم,6388,entries/0651-0741.md,entry-0674
برکناری,برکناری,752,لغو . الغا . عزل,اسم,7147,entries/0742-0850.md,entry-0752
برکناری,برکناری,779,عدم نگهداری,اسم,7386,entries/0742-0850.md,entry-0779
برکه,برکه,346,دریاچه,اسم,3296,entries/0302-0437.md,entry-0346
برکه,برکه,347,باتلاق,اسم,3299,entries/0302-0437.md,entry-0347
برکه,برکه,350,نهر . باران: آب درجریان 350#,اسم,3312,entries/0302-0437.md,entry-0350
برگ,برگ,88,وحدت,اسم,892,entries/0001-0090.md,entry-0088
برگ,برگ,301,غذا: خوردن و نوشیدن,اسم,2895,entries/0194-0301.md,entry-0301
برگ,برگ,366,گیاهان,اسم,3479,entries/0302-0437.md,entry-0366
برگ,برگ,434,سبز,اسم,4002,entries/0302-0437.md,entry-0434
برگ,برگ,631,مواد,اسم,5941,entries/0544-0650.md,entry-0631
برگ,برگ,844,تزیین,اسم,8013,entries/0742-0850.md,entry-0844
برگ برنده,برگ برنده,34,برتری,اسم,345,entries/0001-0090.md,entry-0034
برگ برنده داشتن,برگ برنده داشتن,733,اقتدار 733#,فعل,6972,entries/0651-0741.md,entry-0733
برگ تشخیص صادر کردن,برگ تشخیص صادر کردن,809,قیمت,فعل,7650,entries/0742-0850.md,entry-0809
برگ سوزنی,برگ سوزنی,366,گیاهان,اسم,3479,entries/0302-0437.md,entry-0366
برگ عبور,برگ عبور,756,اجازه,اسم,7180,entries/0742-0850.md,entry-0756
برگ پنجه‌ای,برگ پنجه‌ای,366,گیاهان,اسم,3479,entries/0302-0437.md,entry-0366
برگذشته مرور کردن,برگذشته مرور کردن,125,گذشته,فعل,1156,entries/0091-0193.md,entry-0125
برگردان,برگردان,14,مغایرت . دیگر بودن,اسم,151,entries/0001-0090.md,entry-0014
برگردان,برگردان,265,حرکت 265#,صفت,2547,entries/0194-0301.md,entry-0265
برگردان,برگردان,280,پس‌نشینی 280#,صفت,2698,entries/0194-0301.md,entry-0280
برگردان,برگردان,286,پسروی . پسرفت,صفت,2745,entries/0194-0301.md,entry-0286
برگردان,برگردان,328,کشش‌پذیری . فنر,صفت,3166,entries/0302-0437.md,entry-0328
برگردان,برگردان,417,روشنی,اسم,3881,entries/0302-0437.md,entry-0417
برگردان,برگردان,520,تعبیر . تفسیر 520#,اسم,4870,entries/0438-0543.md,entry-0520
برگردان (برگرد),برگردان (برگرد),410,آهنگ . ملودی: صدای هنجار 410#,اسم,3816,entries/0302-0437.md,entry-0410
برگرداندن,برگرداندن,31,جبران . تعدیل,فعل,313,entries/0001-0090.md,entry-0031
برگرداندن,برگرداندن,221,وارونگی,فعل,2127,entries/0194-0301.md,entry-0221
برگرداندن,برگرداندن,248,منحنی . ناهموار,فعل,2380,entries/0194-0301.md,entry-0248
برگرداندن,برگرداندن,280,پس‌نشینی 280#,فعل,2700,entries/0194-0301.md,entry-0280
برگرداندن,برگرداندن,300,دفع . طرد 300#,اسم,2862,entries/0194-0301.md,entry-0300
برگرداندن,برگرداندن,520,تعبیر . تفسیر 520#,فعل,4877,entries/0438-0543.md,entry-0520
برگرداندن,برگرداندن,613,بازداشتن,فعل,5758,entries/0544-0650.md,entry-0613
برگرداندن,برگرداندن,656,بازسازی,فعل,6204,entries/0651-0741.md,entry-0656
برگرداندن,برگرداندن,714,تلافی,فعل,6757,entries/0651-0741.md,entry-0714
برگرداندن,برگرداندن,779,عدم نگهداری,فعل,7391,entries/0742-0850.md,entry-0779
برگرداندن,برگرداندن,787,استرداد . اعاده,فعل,7471,entries/0742-0850.md,entry-0787
برگرداندن,برگرداندن,927,حمایت,فعل,8818,entries/0851-0969.md,entry-0927
برگرداندن,برگرداندن,941,دلجویی . پوزش,فعل,8932,entries/0851-0969.md,entry-0941
برگرداندن,برگرداندن,962,پاداش,فعل,9102,entries/0851-0969.md,entry-0962
برگرداندن به‌وضع اولیه,برگرداندن به‌وضع اولیه,656,بازسازی,اسم,6197,entries/0651-0741.md,entry-0656
برگردانده,برگردانده,779,عدم نگهداری,صفت,7389,entries/0742-0850.md,entry-0779
برگردانده‌شده,برگردانده‌شده,787,استرداد . اعاده,صفت,7470,entries/0742-0850.md,entry-0787
برگرداننده,برگرداننده,787,استرداد . اعاده,صفت,7470,entries/0742-0850.md,entry-0787
برگردانی,برگردانی,221,وارونگی,اسم,2123,entries/0194-0301.md,entry-0221
برگردید! منصرف شوید! ایست!,برگردید! منصرف شوید! ایست!,613,بازداشتن,شبه جمله,5760,entries/0544-0650.md,entry-0613
برگرفتن,برگرفتن,310,ترفیع: بالابردن 310#,فعل,2987,entries/0302-0437.md,entry-0310
برگرفته‌شده,برگرفته‌شده,20,تقلید (نسخه‌برداری) 20#,صفت,204,entries/0001-0090.md,entry-0020
برگزیدن,برگزیدن,46,عدم اتحاد . گسیختگی,فعل,472,entries/0001-0090.md,entry-0046
برگزیدن,برگزیدن,605,انتخاب,فعل,5669,entries/0544-0650.md,entry-0605
برگزیده,برگزیده,80,ویژگی . خاص بودن 80#,صفت,808,entries/0001-0090.md,entry-0080
برگزیده,برگزیده,88,وحدت,صفت,894,entries/0001-0090.md,entry-0088
برگزیده,برگزیده,605,انتخاب,صفت,5668,entries/0544-0650.md,entry-0605
برگزیده,برگزیده,644,خوبی: صفات خوب انسان,اسم,6052,entries/0544-0650.md,entry-0644
برگزیدگان,برگزیدگان,644,خوبی: صفات خوب انسان,اسم,6052,entries/0544-0650.md,entry-0644
برگستوان,برگستوان,273,حمل‌کننده,اسم,2632,entries/0194-0301.md,entry-0273
برگشت,برگشت,86,شمارش,اسم,872,entries/0001-0090.md,entry-0086
برگشت,برگشت,106,تکرار,اسم,995,entries/0091-0193.md,entry-0106
برگشت,برگشت,148,رجعت: رجوع به‌حالت اولیه 148#,اسم,1370,entries/0091-0193.md,entry-0148
برگشت,برگشت,221,وارونگی,اسم,2123,entries/0194-0301.md,entry-0221
برگشت,برگشت,240,روبرو 240#,اسم,2314,entries/0194-0301.md,entry-0240
برگشت,برگشت,280,پس‌نشینی 280#,اسم,2697,entries/0194-0301.md,entry-0280
برگشت,برگشت,286,پسروی . پسرفت,اسم,2744,entries/0194-0301.md,entry-0286
برگشت,برگشت,410,آهنگ . ملودی: صدای هنجار 410#,اسم,3813,entries/0302-0437.md,entry-0410
برگشت,برگشت,417,روشنی,اسم,3881,entries/0302-0437.md,entry-0417
برگشت,برگشت,656,بازسازی,اسم,6197,entries/0651-0741.md,entry-0656
برگشت,برگشت,657,عود,اسم,6212,entries/0651-0741.md,entry-0657
برگشت,برگشت,779,عدم نگهداری,اسم,7386,entries/0742-0850.md,entry-0779
برگشت,برگشت,787,استرداد . اعاده,اسم,7469,entries/0742-0850.md,entry-0787
برگشت,برگشت,830,تأسف 830#,اسم,7850,entries/0742-0850.md,entry-0830
برگشت به‌جو,برگشت به‌جو,271,هوانوردی,اسم,2609,entries/0194-0301.md,entry-0271
برگشت خوردن,برگشت خوردن,797,پول,فعل,7550,entries/0742-0850.md,entry-0797
برگشت خورده,برگشت خورده,607,ردّ . عدم انتخاب,صفت,5688,entries/0544-0650.md,entry-0607
برگشت خورده,برگشت خورده,924,سرزنش . تقبیح,صفت,8787,entries/0851-0969.md,entry-0924
برگشت داده‌شده,برگشت داده‌شده,148,رجعت: رجوع به‌حالت اولیه 148#,صفت,1371,entries/0091-0193.md,entry-0148
برگشت زدن,برگشت زدن,797,پول,فعل,7550,entries/0742-0850.md,entry-0797
برگشت سرمایه,برگشت سرمایه,807,دخل,اسم,7625,entries/0742-0850.md,entry-0807
برگشت سوی درون,برگشت سوی درون,221,وارونگی,اسم,2123,entries/0194-0301.md,entry-0221
برگشت منظم,برگشت منظم,141,دوره‌ای بودن: نظم دروقوع و تکرار آن,اسم,1300,entries/0091-0193.md,entry-0141
برگشتن,برگشتن,46,عدم اتحاد . گسیختگی,فعل,470,entries/0001-0090.md,entry-0046
برگشتن,برگشتن,148,رجعت: رجوع به‌حالت اولیه 148#,فعل,1372,entries/0091-0193.md,entry-0148
برگشتن,برگشتن,280,پس‌نشینی 280#,فعل,2699,entries/0194-0301.md,entry-0280
برگشتن,برگشتن,282,انحراف . بی‌هدفی,فعل,2716,entries/0194-0301.md,entry-0282
برگشتن,برگشتن,286,پسروی . پسرفت,فعل,2747,entries/0194-0301.md,entry-0286
برگشتن,برگشتن,328,کشش‌پذیری . فنر,فعل,3167,entries/0302-0437.md,entry-0328
برگشتن,برگشتن,603,بی ثباتی . بوالهوسی,فعل,5647,entries/0544-0650.md,entry-0603
برگشتن,برگشتن,626,دور تمام,فعل,5895,entries/0544-0650.md,entry-0626
برگشتن,برگشتن,657,عود,فعل,6213,entries/0651-0741.md,entry-0657
برگشتن به‌محل نخست,برگشتن به‌محل نخست,280,پس‌نشینی 280#,اسم,2697,entries/0194-0301.md,entry-0280
برگشتنِ ورق,برگشتنِ ورق,508,عدم انتظار,اسم,4751,entries/0438-0543.md,entry-0508
برگشته,برگشته,148,رجعت: رجوع به‌حالت اولیه 148#,صفت,1371,entries/0091-0193.md,entry-0148
برگشته,برگشته,924,سرزنش . تقبیح,صفت,8787,entries/0851-0969.md,entry-0924
برگشته به‌وضع قبلی,برگشته به‌وضع قبلی,148,رجعت: رجوع به‌حالت اولیه 148#,صفت,1371,entries/0091-0193.md,entry-0148
برگشتگی,برگشتگی,261,خَم,اسم,2496,entries/0194-0301.md,entry-0261
برگشتی,برگشتی,280,پس‌نشینی 280#,صفت,2698,entries/0194-0301.md,entry-0280
برگشتی,برگشتی,607,ردّ . عدم انتخاب,صفت,5688,entries/0544-0650.md,entry-0607
برگشتی,برگشتی,626,دور تمام,صفت,5894,entries/0544-0650.md,entry-0626
برگشتی,برگشتی,797,پول,صفت,7548,entries/0742-0850.md,entry-0797
برگشتی,برگشتی,924,سرزنش . تقبیح,صفت,8787,entries/0851-0969.md,entry-0924
برگشت‌ناپذیر,برگشت‌ناپذیر,153,پایداری (تغییرناپذیری),صفت,1415,entries/0091-0193.md,entry-0153
برگشت‌ناپذیری,برگشت‌ناپذیری,470,عدم امکان . امتناع 470#,اسم,4363,entries/0438-0543.md,entry-0470
برگشت‌ناپذیری,برگشت‌ناپذیری,473,قطعیت,اسم,4388,entries/0438-0543.md,entry-0473
برگشت‌‌خورده,برگشت‌‌خورده,797,پول,صفت,7548,entries/0742-0850.md,entry-0797
برگمارنده,برگمارنده,751,انتصاب,اسم,7139,entries/0742-0850.md,entry-0751
برگماری,برگماری,751,انتصاب,اسم,7138,entries/0742-0850.md,entry-0751
برگه,برگه,62,تنظیم,اسم,632,entries/0001-0090.md,entry-0062
برگه,برگه,301,غذا: خوردن و نوشیدن,اسم,2894,entries/0194-0301.md,entry-0301
برگه,برگه,366,گیاهان,اسم,3479,entries/0302-0437.md,entry-0366
برگه,برگه,548,پیشینه,اسم,5171,entries/0544-0650.md,entry-0548
برگه,برگه,631,مواد,اسم,5941,entries/0544-0650.md,entry-0631
برگه,برگه,666,حفظ: جلوگیری ازفساد,اسم,6307,entries/0651-0741.md,entry-0666
برگه,برگه,756,اجازه,اسم,7180,entries/0742-0850.md,entry-0756
برگه,برگه,767,تضمین,اسم,7265,entries/0742-0850.md,entry-0767
برگه‌دان,برگه‌دان,548,پیشینه,اسم,5171,entries/0544-0650.md,entry-0548
برگه‌نویسی,برگه‌نویسی,589,کتاب,اسم,5477,entries/0544-0650.md,entry-0589
برگچه,برگچه,366,گیاهان,اسم,3479,entries/0302-0437.md,entry-0366
برگک,برگک,366,گیاهان,اسم,3479,entries/0302-0437.md,entry-0366
برگۀ اقامت,برگۀ اقامت,737,دستور,اسم,7011,entries/0651-0741.md,entry-0737
برگۀ بستانکار,برگۀ بستانکار,802,بستانکاری,اسم,7584,entries/0742-0850.md,entry-0802
برگۀ دستور,برگۀ دستور,756,اجازه,اسم,7180,entries/0742-0850.md,entry-0756
برگۀ سؤالات,برگۀ سؤالات,459,پرسش,اسم,4247,entries/0438-0543.md,entry-0459
برگۀ سهام,برگۀ سهام,767,تضمین,اسم,7265,entries/0742-0850.md,entry-0767
برگۀ سهام,برگۀ سهام,808,حسابداری,اسم,7638,entries/0742-0850.md,entry-0808
برگۀ سپرده,برگۀ سپرده,767,تضمین,اسم,7265,entries/0742-0850.md,entry-0767
برگۀ عبور,برگۀ عبور,466,مدرک,اسم,4331,entries/0438-0543.md,entry-0466
برگۀ فرمان,برگۀ فرمان,737,دستور,اسم,7011,entries/0651-0741.md,entry-0737
برگۀ مخارج,برگۀ مخارج,808,حسابداری,اسم,7638,entries/0742-0850.md,entry-0808
برگۀ واریز,برگۀ واریز,781,دهش,اسم,7406,entries/0742-0850.md,entry-0781
برگۀ واریز,برگۀ واریز,782,دریافت,اسم,7416,entries/0742-0850.md,entry-0782
برگۀ کارکرد,برگۀ کارکرد,590,روایت . شرح . وصف 590#,اسم,5486,entries/0544-0650.md,entry-0590
برگ‌آذین,برگ‌آذین,366,گیاهان,اسم,3479,entries/0302-0437.md,entry-0366
برگ‌انجیری,برگ‌انجیری,366,گیاهان,اسم,3483,entries/0302-0437.md,entry-0366
برگ‌بالان,برگ‌بالان,365,حیوانات,اسم,3466,entries/0302-0437.md,entry-0365
برگ‌بو,برگ‌بو,366,گیاهان,اسم,3478,entries/0302-0437.md,entry-0366
برگ‌ریز,برگ‌ریز,129,عصر . پاییز . زمستان,اسم,1198,entries/0091-0193.md,entry-0129
برگ‌ریز,برگ‌ریز,366,گیاهان,صفت,3484,entries/0302-0437.md,entry-0366
برگ‌ریزان,برگ‌ریزان,129,عصر . پاییز . زمستان,اسم,1198,entries/0091-0193.md,entry-0129
برگ‌سبز,برگ‌سبز,781,دهش,اسم,7407,entries/0742-0850.md,entry-0781
برگ‌سُدابی,برگ‌سُدابی,366,گیاهان,اسم,3482,entries/0302-0437.md,entry-0366
برۀ سفید,برۀ سفید,256,تیزی 256#,اسم,2456,entries/0194-0301.md,entry-0256
بری,بری,888,نفرت,صفت,8453,entries/0851-0969.md,entry-0888
بری,بری,935,بی‌گناهی,صفت,8889,entries/0851-0969.md,entry-0935
بری,بری,960,تبرئه 960#,صفت,9088,entries/0851-0969.md,entry-0960
بری از ظن,بری از ظن,935,بی‌گناهی,صفت,8889,entries/0851-0969.md,entry-0935
بری شدن,بری شدن,646,کمال,فعل,6078,entries/0544-0650.md,entry-0646
بری شدن,بری شدن,888,نفرت,فعل,8455,entries/0851-0969.md,entry-0888
بری کردن,بری کردن,888,نفرت,فعل,8456,entries/0851-0969.md,entry-0888
بریان,بریان,301,غذا: خوردن و نوشیدن,صفت,2905,entries/0194-0301.md,entry-0301
بریان کردن,بریان کردن,301,غذا: خوردن و نوشیدن,فعل,2912,entries/0194-0301.md,entry-0301
بریانتین,بریانتین,843,زیباسازی . آرایش,اسم,8002,entries/0742-0850.md,entry-0843
بریانی,بریانی,301,غذا: خوردن و نوشیدن,اسم,2886,entries/0194-0301.md,entry-0301
بریج,بریج,256,تیزی 256#,اسم,2456,entries/0194-0301.md,entry-0256
بریج,بریج,837,سرگرمی,اسم,7931,entries/0742-0850.md,entry-0837
بریدن,بریدن,46,عدم اتحاد . گسیختگی,فعل,470,entries/0001-0090.md,entry-0046
بریدن,بریدن,72,عدم تداوم,فعل,729,entries/0001-0090.md,entry-0072
بریدن,بریدن,92,یک‌دوم,فعل,926,entries/0091-0193.md,entry-0092
بریدن,بریدن,198,انقباض,فعل,1918,entries/0194-0301.md,entry-0198
بریدن,بریدن,201,فاصله,فعل,1944,entries/0194-0301.md,entry-0201
بریدن,بریدن,228,پوشاک . پوشیدن,فعل,2218,entries/0194-0301.md,entry-0228
بریدن,بریدن,243,شکل 243#,فعل,2341,entries/0194-0301.md,entry-0243
بریدن,بریدن,256,تیزی 256#,فعل,2459,entries/0194-0301.md,entry-0256
بریدن,بریدن,262,شیار,فعل,2504,entries/0194-0301.md,entry-0262
بریدن,بریدن,621,چشم‌پوشی,فعل,5841,entries/0544-0650.md,entry-0621
بریدن,بریدن,845,لکه . فقدان زینت,فعل,8031,entries/0742-0850.md,entry-0845
بریدن,بریدن,963,مجازات . تنبیه,فعل,9118,entries/0851-0969.md,entry-0963
بریده,بریده,46,عدم اتحاد . گسیختگی,صفت,465,entries/0001-0090.md,entry-0046
بریده,بریده,51,تجزیه,صفت,518,entries/0001-0090.md,entry-0051
بریده,بریده,72,عدم تداوم,صفت,727,entries/0001-0090.md,entry-0072
بریده,بریده,301,غذا: خوردن و نوشیدن,اسم,2885,entries/0194-0301.md,entry-0301
بریده بریده,بریده بریده,142,هرازگاه: بی‌نظمی در وقوع,صفت,1312,entries/0091-0193.md,entry-0142
بریده شدن,بریده شدن,46,عدم اتحاد . گسیختگی,فعل,470,entries/0001-0090.md,entry-0046
بریده‌بریده,بریده‌بریده,262,شیار,صفت,2503,entries/0194-0301.md,entry-0262
بریدگی,بریدگی,46,عدم اتحاد . گسیختگی,اسم,461,entries/0001-0090.md,entry-0046
بریدگی,بریدگی,231,میان,اسم,2242,entries/0194-0301.md,entry-0231
بریدگی,بریدگی,260,دندانه 260#,اسم,2490,entries/0194-0301.md,entry-0260
بریدگی,بریدگی,305,گذر 305#,اسم,2945,entries/0302-0437.md,entry-0305
بریدگی,بریدگی,651,بیماری . ضعف جسمانی,اسم,6140,entries/0651-0741.md,entry-0651
بریدگی,بریدگی,655,زوال . فرسایش,اسم,6184,entries/0651-0741.md,entry-0655
بریزوبپاش,بریزوبپاش,815,ولخرجی,صفت,7692,entries/0742-0850.md,entry-0815
بریزوبپاش,بریزوبپاش,943,اسراف . عدم اعتدال,اسم,8944,entries/0851-0969.md,entry-0943
بریل,بریل,439,کوری,اسم,4047,entries/0438-0543.md,entry-0439
بریلیم,بریلیم,319,مادیت 319#,اسم,3069,entries/0302-0437.md,entry-0319
برین,برین,209,بلندی (ارتفاع) . بالا . رو,صفت,2019,entries/0194-0301.md,entry-0209
برین,برین,213,قلّه . رأس,صفت,2049,entries/0194-0301.md,entry-0213
بریه,بریه,344,زمین,صفت,3288,entries/0302-0437.md,entry-0344
بریگاد,بریگاد,74,تجمع . گردآوری,اسم,746,entries/0001-0090.md,entry-0074
بری‌الذمه,بری‌الذمه,960,تبرئه 960#,صفت,9088,entries/0851-0969.md,entry-0960
بری‌الذمه کردن,بری‌الذمه کردن,960,تبرئه 960#,فعل,9089,entries/0851-0969.md,entry-0960
بر‌آورد,بر‌آورد,480,تشخیص . استنتاج 480#,اسم,4475,entries/0438-0543.md,entry-0480
بز,بز,365,حیوانات,اسم,3459,entries/0302-0437.md,entry-0365
بز,بز,619,پیگیری,اسم,5821,entries/0544-0650.md,entry-0619
بز اخفش,بز اخفش,879,نوکری,صفت,8347,entries/0851-0969.md,entry-0879
بزآویز,بزآویز,217,آویزانی,صفت,2081,entries/0194-0301.md,entry-0217
بزاز,بزاز,228,پوشاک . پوشیدن,اسم,2211,entries/0194-0301.md,entry-0228
بزاز,بزاز,794,تاجر,اسم,7524,entries/0742-0850.md,entry-0794
بزازی,بزازی,622,اشتغال,اسم,5847,entries/0544-0650.md,entry-0622
بزازی,بزازی,796,بازار,اسم,7535,entries/0742-0850.md,entry-0796
بزاق,بزاق,256,تیزی 256#,اسم,2456,entries/0194-0301.md,entry-0256
بزاق,بزاق,300,دفع . طرد 300#,اسم,2862,entries/0194-0301.md,entry-0300
بزاق,بزاق,302,مدفوع,اسم,2919,entries/0302-0437.md,entry-0302
بزاق,بزاق,335,مایع,اسم,3212,entries/0302-0437.md,entry-0335
بزاق,بزاق,341,رطوبت . نَمّ,اسم,3258,entries/0302-0437.md,entry-0341
بزباش,بزباش,301,غذا: خوردن و نوشیدن,اسم,2886,entries/0194-0301.md,entry-0301
بزبچه,بزبچه,365,حیوانات,اسم,3459,entries/0302-0437.md,entry-0365
بزخو,بزخو,444,ناپیدایی,اسم,4083,entries/0438-0543.md,entry-0444
بزخو,بزخو,527,اختفا . نقاب,اسم,4960,entries/0438-0543.md,entry-0527
بزدل,بزدل,854,ترس,صفت,8110,entries/0851-0969.md,entry-0854
بزدل,بزدل,856,بزدلی,صفت,8135,entries/0851-0969.md,entry-0856
بزدل بودن,بزدل بودن,856,بزدلی,فعل,8136,entries/0851-0969.md,entry-0856
بزدلی,بزدلی,601,بی‌عزمی,اسم,5628,entries/0544-0650.md,entry-0601
بزدلی,بزدلی,854,ترس,اسم,8106,entries/0851-0969.md,entry-0854
بزدلی,بزدلی,856,بزدلی,اسم,8134,entries/0851-0969.md,entry-0856
بزرک (برزک),بزرک (برزک),357,روغن . چربی,اسم,3369,entries/0302-0437.md,entry-0357
بزرگ,بزرگ,3,جوهر,صفت,54,entries/0001-0090.md,entry-0003
بزرگ,بزرگ,32,بزرگی,صفت,323,entries/0001-0090.md,entry-0032
بزرگ,بزرگ,34,برتری,اسم,346,entries/0001-0090.md,entry-0034
بزرگ,بزرگ,119,تقدم [در زمان],اسم,1101,entries/0091-0193.md,entry-0119
بزرگ,بزرگ,134,بلوغ,اسم,1234,entries/0091-0193.md,entry-0134
بزرگ,بزرگ,160,توان 160#,صفت,1503,entries/0091-0193.md,entry-0160
بزرگ,بزرگ,195,درشتی . اندازه,صفت,1884,entries/0194-0301.md,entry-0195
بزرگ,بزرگ,205,عرض . ضخامت,صفت,1979,entries/0194-0301.md,entry-0205
بزرگ,بزرگ,306,زیاده‌روی . فزونی (حرکت فراتر),صفت,2953,entries/0302-0437.md,entry-0306
بزرگ,بزرگ,377,دَرد,صفت,3582,entries/0302-0437.md,entry-0377
بزرگ,بزرگ,470,عدم امکان . امتناع 470#,صفت,4365,entries/0438-0543.md,entry-0470
بزرگ,بزرگ,500,دانا 500#,اسم,4671,entries/0438-0543.md,entry-0500
بزرگ,بزرگ,638,اهمیت,اسم,6001,entries/0544-0650.md,entry-0638
بزرگ,بزرگ,644,خوبی: صفات خوب انسان,صفت,6054,entries/0544-0650.md,entry-0644
بزرگ,بزرگ,741,رئیس,اسم,7049,entries/0651-0741.md,entry-0741
بزرگ,بزرگ,866,خوش‌نامی,صفت,8225,entries/0851-0969.md,entry-0866
بزرگ,بزرگ,868,نجبا,صفت,8252,entries/0851-0969.md,entry-0868
بزرگ,بزرگ,929,درستی . درستکاری,صفت,8838,entries/0851-0969.md,entry-0929
بزرگ بودن,بزرگ بودن,32,بزرگی,فعل,329,entries/0001-0090.md,entry-0032
بزرگ بودن,بزرگ بودن,36,افزایش,فعل,369,entries/0001-0090.md,entry-0036
بزرگ بودن,بزرگ بودن,195,درشتی . اندازه,فعل,1887,entries/0194-0301.md,entry-0195
بزرگ بودن,بزرگ بودن,306,زیاده‌روی . فزونی (حرکت فراتر),فعل,2954,entries/0302-0437.md,entry-0306
بزرگ خاندان,بزرگ خاندان,66,سرآغاز,اسم,670,entries/0001-0090.md,entry-0066
بزرگ خاندان,بزرگ خاندان,119,تقدم [در زمان],اسم,1101,entries/0091-0193.md,entry-0119
بزرگ خاندان,بزرگ خاندان,133,پیر,اسم,1228,entries/0091-0193.md,entry-0133
بزرگ خاندان,بزرگ خاندان,169,ولایت . ولی,اسم,1599,entries/0091-0193.md,entry-0169
بزرگ خاندان,بزرگ خاندان,741,رئیس,اسم,7049,entries/0651-0741.md,entry-0741
بزرگ داشتن,بزرگ داشتن,920,احترام 920#,فعل,8740,entries/0851-0969.md,entry-0920
بزرگ شدن,بزرگ شدن,36,افزایش,فعل,369,entries/0001-0090.md,entry-0036
بزرگ شدن,بزرگ شدن,134,بلوغ,فعل,1236,entries/0091-0193.md,entry-0134
بزرگ شدن,بزرگ شدن,197,انبساط,فعل,1906,entries/0194-0301.md,entry-0197
بزرگ شدن,بزرگ شدن,316,تکامل,اسم,3032,entries/0302-0437.md,entry-0316
بزرگ شدن اندازه,بزرگ شدن اندازه,197,انبساط,اسم,1904,entries/0194-0301.md,entry-0197
بزرگ قوم,بزرگ قوم,690,مدیر . رهبر 690#,اسم,6533,entries/0651-0741.md,entry-0690
بزرگ کردن,بزرگ کردن,36,افزایش,فعل,370,entries/0001-0090.md,entry-0036
بزرگ کردن,بزرگ کردن,197,انبساط,فعل,1907,entries/0194-0301.md,entry-0197
بزرگ کردن,بزرگ کردن,982,بت‌پرستی,فعل,9291,entries/0970-0991.md,entry-0982
بزرگ کردن ◄ منبسط کردن,بزرگ کردن ◄ منبسط کردن,482,مبالغه,فعل,4503,entries/0438-0543.md,entry-0482
بزرگ کردن ◄ منبسط کردن,بزرگ کردن ◄ منبسط کردن,546,اغراق,فعل,5140,entries/0544-0650.md,entry-0546
بزرگ کردن ◄ منبسط کردن,بزرگ کردن ◄ منبسط کردن,638,اهمیت,فعل,6005,entries/0544-0650.md,entry-0638
بزرگ گردانیدن,بزرگ گردانیدن,866,خوش‌نامی,فعل,8230,entries/0851-0969.md,entry-0866
بزرگان,بزرگان,500,دانا 500#,اسم,4671,entries/0438-0543.md,entry-0500
بزرگان,بزرگان,741,رئیس,اسم,7049,entries/0651-0741.md,entry-0741
بزرگان قبیله,بزرگان قبیله,133,پیر,اسم,1228,entries/0091-0193.md,entry-0133
بزرگتر,بزرگتر,34,برتری,صفت,347,entries/0001-0090.md,entry-0034
بزرگتر,بزرگتر,119,تقدم [در زمان],صفت,1102,entries/0091-0193.md,entry-0119
بزرگتر,بزرگتر,696,شخص کارشناس,اسم,6585,entries/0651-0741.md,entry-0696
بزرگترها,بزرگترها,169,ولایت . ولی,اسم,1599,entries/0091-0193.md,entry-0169
بزرگترین,بزرگترین,66,سرآغاز,اسم,670,entries/0001-0090.md,entry-0066
بزرگترین,بزرگترین,169,ولایت . ولی,اسم,1599,entries/0091-0193.md,entry-0169
بزرگداشت,بزرگداشت,866,خوش‌نامی,اسم,8223,entries/0851-0969.md,entry-0866
بزرگداشت,بزرگداشت,876,نگهداشت,اسم,8323,entries/0851-0969.md,entry-0876
بزرگداشت,بزرگداشت,923,تحسین,اسم,8767,entries/0851-0969.md,entry-0923
بزرگراه,بزرگراه,192,منزل: محل سکنا یا زندگی,اسم,1823,entries/0091-0193.md,entry-0192
بزرگراه,بزرگراه,624,راه,اسم,5876,entries/0544-0650.md,entry-0624
بزرگراه اطلاعاتی,بزرگراه اطلاعاتی,86,شمارش,اسم,875,entries/0001-0090.md,entry-0086
بزرگراه اطلاعاتی,بزرگراه اطلاعاتی,531,مخابرات,اسم,5005,entries/0438-0543.md,entry-0531
بزرگراه اطلاعاتی,بزرگراه اطلاعاتی,624,راه,اسم,5879,entries/0544-0650.md,entry-0624
بزرگزادگان,بزرگزادگان,868,نجبا,اسم,8248,entries/0851-0969.md,entry-0868
بزرگزادگی,بزرگزادگی,868,نجبا,اسم,8248,entries/0851-0969.md,entry-0868
بزرگسال,بزرگسال,131,پیری . عمر,صفت,1216,entries/0091-0193.md,entry-0131
بزرگسال,بزرگسال,133,پیر,اسم,1228,entries/0091-0193.md,entry-0133
بزرگسال,بزرگسال,134,بلوغ,اسم,1234,entries/0091-0193.md,entry-0134
بزرگسالی,بزرگسالی,131,پیری . عمر,اسم,1213,entries/0091-0193.md,entry-0131
بزرگمرد,بزرگمرد,813,سخاوت,صفت,7680,entries/0742-0850.md,entry-0813
بزرگنمایی,بزرگنمایی,197,انبساط,اسم,1904,entries/0194-0301.md,entry-0197
بزرگنمایی,بزرگنمایی,442,دستگاه نوری,اسم,4072,entries/0438-0543.md,entry-0442
بزرگنمایی,بزرگنمایی,482,مبالغه,اسم,4500,entries/0438-0543.md,entry-0482
بزرگنمایی,بزرگنمایی,546,اغراق,اسم,5137,entries/0544-0650.md,entry-0546
بزرگنمایی زاویه‌ای,بزرگنمایی زاویه‌ای,442,دستگاه نوری,اسم,4072,entries/0438-0543.md,entry-0442
بزرگنمایی کردن,بزرگنمایی کردن,482,مبالغه,اسم,4500,entries/0438-0543.md,entry-0482
بزرگوار,بزرگوار,162,قدرت,صفت,1530,entries/0091-0193.md,entry-0162
بزرگوار,بزرگوار,741,رئیس,صفت,7059,entries/0651-0741.md,entry-0741
بزرگوار,بزرگوار,866,خوش‌نامی,صفت,8225,entries/0851-0969.md,entry-0866
بزرگوار,بزرگوار,868,نجبا,صفت,8252,entries/0851-0969.md,entry-0868
بزرگوار,بزرگوار,929,درستی . درستکاری,صفت,8838,entries/0851-0969.md,entry-0929
بزرگواری,بزرگواری,73,ردیف 73#,اسم,734,entries/0001-0090.md,entry-0073
بزرگواری,بزرگواری,733,اقتدار 733#,اسم,6964,entries/0651-0741.md,entry-0733
بزرگواری,بزرگواری,863,بی‌نیازی,اسم,8191,entries/0851-0969.md,entry-0863
بزرگواری,بزرگواری,929,درستی . درستکاری,اسم,8836,entries/0851-0969.md,entry-0929
بزرگواری,بزرگواری,933,پرهیزگاری,اسم,8869,entries/0851-0969.md,entry-0933
بزرگواری ◄ نجبا,بزرگواری ◄ نجبا,32,بزرگی,اسم,320,entries/0001-0090.md,entry-0032
بزرگی,بزرگی,32,بزرگی,اسم,320,entries/0001-0090.md,entry-0032
بزرگی,بزرگی,34,برتری,اسم,344,entries/0001-0090.md,entry-0034
بزرگی,بزرگی,131,پیری . عمر,اسم,1214,entries/0091-0193.md,entry-0131
بزرگی,بزرگی,160,توان 160#,اسم,1495,entries/0091-0193.md,entry-0160
بزرگی,بزرگی,178,تأثیر,اسم,1689,entries/0091-0193.md,entry-0178
بزرگی,بزرگی,195,درشتی . اندازه,اسم,1881,entries/0194-0301.md,entry-0195
بزرگی,بزرگی,205,عرض . ضخامت,اسم,1978,entries/0194-0301.md,entry-0205
بزرگی,بزرگی,306,زیاده‌روی . فزونی (حرکت فراتر),اسم,2951,entries/0302-0437.md,entry-0306
بزرگی,بزرگی,638,اهمیت,اسم,5998,entries/0544-0650.md,entry-0638
