term,normalized_term,entry_id,entry_heading,pos_context,docx_paragraph,file,anchor
جا,جا,73,ردیف 73#,اسم,734,entries/0001-0090.md,entry-0073
جا,جا,78,شمول . دربر داشتن,اسم,782,entries/0001-0090.md,entry-0078
جا,جا,183,فضا 183#,اسم,1739,entries/0091-0193.md,entry-0183
جا,جا,185,محل: فضای محدود,اسم,1754,entries/0091-0193.md,entry-0185
جا,جا,186,موقعیت,اسم,1759,entries/0091-0193.md,entry-0186
جا,جا,190,غیاب 190#,اسم,1799,entries/0091-0193.md,entry-0190
جا,جا,201,فاصله,اسم,1941,entries/0194-0301.md,entry-0201
جا,جا,218,پایه . تکیه‌گاه,اسم,2092,entries/0194-0301.md,entry-0218
جا,جا,236,حَدّ,اسم,2281,entries/0194-0301.md,entry-0236
جا,جا,733,اقتدار 733#,اسم,6964,entries/0651-0741.md,entry-0733
جا,جا,744,آزادی,اسم,7083,entries/0742-0850.md,entry-0744
جا افتادن,جا افتادن,449,اندیشه,فعل,4152,entries/0438-0543.md,entry-0449
جا انداختن (خود),جا انداختن (خود),178,تأثیر,فعل,1693,entries/0091-0193.md,entry-0178
جا خوش کردن,جا خوش کردن,153,پایداری (تغییرناپذیری),فعل,1418,entries/0091-0193.md,entry-0153
جا خوش کردن,جا خوش کردن,187,استقرار . قرارگاه,فعل,1773,entries/0091-0193.md,entry-0187
جا خوش کرده,جا خوش کرده,153,پایداری (تغییرناپذیری),صفت,1416,entries/0091-0193.md,entry-0153
جا دادن,جا دادن,187,استقرار . قرارگاه,فعل,1769,entries/0091-0193.md,entry-0187
جا دادن,جا دادن,231,میان,فعل,2246,entries/0194-0301.md,entry-0231
جا درکتاب,جا درکتاب,186,موقعیت,اسم,1759,entries/0091-0193.md,entry-0186
جا زدن,جا زدن,150,جایگزینی: گذاشتن چیزی درجای دیگری,فعل,1388,entries/0091-0193.md,entry-0150
جا زدن,جا زدن,307,کاستی . نارسایی . کسری (حرکت نیمه‌تمام) 307,فعل,2963,entries/0302-0437.md,entry-0307
جا زدن,جا زدن,854,ترس,فعل,8114,entries/0851-0969.md,entry-0854
جا زدن,جا زدن,856,بزدلی,فعل,8136,entries/0851-0969.md,entry-0856
جا ماندن,جا ماندن,136,تأخیر,فعل,1251,entries/0091-0193.md,entry-0136
جا گذاشتن,جا گذاشتن,772,خسران . باخت,فعل,7324,entries/0742-0850.md,entry-0772
جا گرفتن,جا گرفتن,153,پایداری (تغییرناپذیری),فعل,1418,entries/0091-0193.md,entry-0153
جا گرفتن,جا گرفتن,187,استقرار . قرارگاه,فعل,1773,entries/0091-0193.md,entry-0187
جا گرفتن,جا گرفتن,189,حضور,فعل,1791,entries/0091-0193.md,entry-0189
جا گرفتن,جا گرفتن,193,مظروف,فعل,1843,entries/0091-0193.md,entry-0193
جا گرفتن,جا گرفتن,227,آستر . تویی,فعل,2191,entries/0194-0301.md,entry-0227
جا گرفتن,جا گرفتن,295,ورود,فعل,2808,entries/0194-0301.md,entry-0295
جا گرم کردن,جا گرم کردن,187,استقرار . قرارگاه,فعل,1773,entries/0091-0193.md,entry-0187
جا گرم کردن,جا گرم کردن,311,تنزل: پایین آوردن,فعل,2996,entries/0302-0437.md,entry-0311
جا-,جا-,194,ظرف,اسم,1847,entries/0194-0301.md,entry-0194
جااستکانی,جااستکانی,194,ظرف,اسم,1860,entries/0194-0301.md,entry-0194
جاافتاده,جاافتاده,5,عرضیت,صفت,71,entries/0001-0090.md,entry-0005
جاافتاده,جاافتاده,55,ناقص . نقصان (کامل نبودن),صفت,562,entries/0001-0090.md,entry-0055
جاافتاده,جاافتاده,78,شمول . دربر داشتن,صفت,784,entries/0001-0090.md,entry-0078
جاافتاده,جاافتاده,81,قاعده,صفت,822,entries/0001-0090.md,entry-0081
جاافتاده,جاافتاده,127,کهنگی,صفت,1178,entries/0091-0193.md,entry-0127
جاافتاده,جاافتاده,131,پیری . عمر,صفت,1216,entries/0091-0193.md,entry-0131
جاافتاده,جاافتاده,153,پایداری (تغییرناپذیری),صفت,1416,entries/0091-0193.md,entry-0153
جاافتاده,جاافتاده,301,غذا: خوردن و نوشیدن,صفت,2905,entries/0194-0301.md,entry-0301
جاافتاده,جاافتاده,458,غفلت . بی‌دقتی,صفت,4236,entries/0438-0543.md,entry-0458
جاافتاده,جاافتاده,461,آزمایش,صفت,4278,entries/0438-0543.md,entry-0461
جاافتاده,جاافتاده,490,دانش . دانایی 490#,صفت,4588,entries/0438-0543.md,entry-0490
جاافتاده,جاافتاده,506,فراموشی,صفت,4735,entries/0438-0543.md,entry-0506
جاافتاده,جاافتاده,607,ردّ . عدم انتخاب,صفت,5688,entries/0544-0650.md,entry-0607
جاافتاده,جاافتاده,610,عادت 610#,صفت,5712,entries/0544-0650.md,entry-0610
جاافتاده,جاافتاده,923,تحسین,صفت,8771,entries/0851-0969.md,entry-0923
جاافتادگی,جاافتادگی,55,ناقص . نقصان (کامل نبودن),اسم,561,entries/0001-0090.md,entry-0055
جابجا کردن,جابجا کردن,63,اغتشاش: ایجاد اغتشاش و به‌هم ریختن,فعل,646,entries/0001-0090.md,entry-0063
جابه‌جا شدن,جابه‌جا شدن,31,جبران . تعدیل,فعل,313,entries/0001-0090.md,entry-0031
جابه‌جا شدن,جابه‌جا شدن,150,جایگزینی: گذاشتن چیزی درجای دیگری,فعل,1387,entries/0091-0193.md,entry-0150
جابه‌جا کردن,جابه‌جا کردن,39,تفریق,فعل,394,entries/0001-0090.md,entry-0039
جابه‌جا کردن,جابه‌جا کردن,46,عدم اتحاد . گسیختگی,فعل,472,entries/0001-0090.md,entry-0046
جابه‌جا کردن,جابه‌جا کردن,63,اغتشاش: ایجاد اغتشاش و به‌هم ریختن,فعل,645,entries/0001-0090.md,entry-0063
جابه‌جا کردن,جابه‌جا کردن,143,تغییر و تحول 143#,فعل,1326,entries/0091-0193.md,entry-0143
جابه‌جا کردن,جابه‌جا کردن,150,جایگزینی: گذاشتن چیزی درجای دیگری,فعل,1388,entries/0091-0193.md,entry-0150
جابه‌جا کردن,جابه‌جا کردن,151,تغییر متقابل: تغییر باهم یا دوگانه,فعل,1395,entries/0091-0193.md,entry-0151
جابه‌جا کردن,جابه‌جا کردن,187,استقرار . قرارگاه,فعل,1772,entries/0091-0193.md,entry-0187
جابه‌جا کردن,جابه‌جا کردن,188,نقل مکان . انتقال,اسم,1778,entries/0091-0193.md,entry-0188
جابه‌جا کردن,جابه‌جا کردن,272,حمل . ترابری,فعل,2624,entries/0194-0301.md,entry-0272
جابه‌جا کردن,جابه‌جا کردن,674,عدم استفاده,فعل,6392,entries/0651-0741.md,entry-0674
جابه‌جا کردن,جابه‌جا کردن,786,اخذ . گرفتن,فعل,7463,entries/0742-0850.md,entry-0786
جابه‌جا(شده),جابه‌جا(شده),151,تغییر متقابل: تغییر باهم یا دوگانه,صفت,1394,entries/0091-0193.md,entry-0151
جابه‌جاشده,جابه‌جاشده,61,بی‌نظمی,صفت,624,entries/0001-0090.md,entry-0061
جابه‌جاشده,جابه‌جاشده,188,نقل مکان . انتقال,صفت,1779,entries/0091-0193.md,entry-0188
جابه‌جاشده,جابه‌جاشده,772,خسران . باخت,صفت,7322,entries/0742-0850.md,entry-0772
جابه‌جاشدگی,جابه‌جاشدگی,151,تغییر متقابل: تغییر باهم یا دوگانه,اسم,1393,entries/0091-0193.md,entry-0151
جابه‌جایی,جابه‌جایی,31,جبران . تعدیل,اسم,310,entries/0001-0090.md,entry-0031
جابه‌جایی,جابه‌جایی,46,عدم اتحاد . گسیختگی,اسم,462,entries/0001-0090.md,entry-0046
جابه‌جایی,جابه‌جایی,150,جایگزینی: گذاشتن چیزی درجای دیگری,اسم,1383,entries/0091-0193.md,entry-0150
جابه‌جایی,جابه‌جایی,151,تغییر متقابل: تغییر باهم یا دوگانه,اسم,1393,entries/0091-0193.md,entry-0151
جابه‌جایی,جابه‌جایی,188,نقل مکان . انتقال,اسم,1777,entries/0091-0193.md,entry-0188
جابه‌جایی,جابه‌جایی,322,سنگینی . گرانش,اسم,3105,entries/0302-0437.md,entry-0322
جابه‌جایی,جابه‌جایی,941,دلجویی . پوزش,اسم,8929,entries/0851-0969.md,entry-0941
جابه‌جایی بین‌المللی,جابه‌جایی بین‌المللی,531,مخابرات,اسم,5010,entries/0438-0543.md,entry-0531
جاخالی,جاخالی,830,تأسف 830#,صفت,7852,entries/0742-0850.md,entry-0830
جاخالی‌با,جاخالی‌با,781,دهش,اسم,7407,entries/0742-0850.md,entry-0781
جادادن,جادادن,54,کامل 54#,فعل,556,entries/0001-0090.md,entry-0054
جاداده(شده),جاداده(شده),187,استقرار . قرارگاه,صفت,1768,entries/0091-0193.md,entry-0187
جادار,جادار,32,بزرگی,صفت,323,entries/0001-0090.md,entry-0032
جادار,جادار,183,فضا 183#,صفت,1741,entries/0091-0193.md,entry-0183
جادار,جادار,194,ظرف,صفت,1868,entries/0194-0301.md,entry-0194
جادار,جادار,195,درشتی . اندازه,صفت,1884,entries/0194-0301.md,entry-0195
جادار,جادار,205,عرض . ضخامت,صفت,1979,entries/0194-0301.md,entry-0205
جاده,جاده,192,منزل: محل سکنا یا زندگی,اسم,1823,entries/0091-0193.md,entry-0192
جاده,جاده,272,حمل . ترابری,اسم,2618,entries/0194-0301.md,entry-0272
جاده,جاده,305,گذر 305#,اسم,2943,entries/0302-0437.md,entry-0305
جاده,جاده,624,راه,اسم,5871,entries/0544-0650.md,entry-0624
جاده صاف‌کن,جاده صاف‌کن,258,صافی (صاف بودن) 258#,اسم,2472,entries/0194-0301.md,entry-0258
جادهی,جادهی,187,استقرار . قرارگاه,اسم,1766,entries/0091-0193.md,entry-0187
جاده‌صاف‌کن,جاده‌صاف‌کن,669,آمادگی,اسم,6337,entries/0651-0741.md,entry-0669
جادو,جادو,983,جادوگری,اسم,9295,entries/0970-0991.md,entry-0983
جادو جمبل کردن,جادو جمبل کردن,983,جادوگری,فعل,9304,entries/0970-0991.md,entry-0983
جادوجنبل,جادوجنبل,983,جادوگری,اسم,9296,entries/0970-0991.md,entry-0983
جادوشده,جادوشده,983,جادوگری,صفت,9303,entries/0970-0991.md,entry-0983
جادوگر,جادوگر,143,تغییر و تحول 143#,اسم,1322,entries/0091-0193.md,entry-0143
جادوگر,جادوگر,500,دانا 500#,اسم,4671,entries/0438-0543.md,entry-0500
جادوگر,جادوگر,511,پیش‌بینی . فال,اسم,4778,entries/0438-0543.md,entry-0511
جادوگر,جادوگر,545,فریبکار,اسم,5133,entries/0544-0650.md,entry-0545
جادوگر,جادوگر,612,انگیختن . تحریک,اسم,5740,entries/0544-0650.md,entry-0612
جادوگر,جادوگر,970,جن و پری 970#,اسم,9170,entries/0970-0991.md,entry-0970
جادوگر,جادوگر,983,جادوگری,اسم,9299,entries/0970-0991.md,entry-0983
جادوگر زن,جادوگر زن,983,جادوگری,اسم,9300,entries/0970-0991.md,entry-0983
جادوگرانه,جادوگرانه,983,جادوگری,صفت,9301,entries/0970-0991.md,entry-0983
جادوگری,جادوگری,490,دانش . دانایی 490#,اسم,4581,entries/0438-0543.md,entry-0490
جادوگری,جادوگری,542,فریب,اسم,5101,entries/0438-0543.md,entry-0542
جادوگری,جادوگری,612,انگیختن . تحریک,اسم,5735,entries/0544-0650.md,entry-0612
جادوگری,جادوگری,821,تهییج,اسم,7751,entries/0742-0850.md,entry-0821
جادوگری,جادوگری,864,شگفت,اسم,8200,entries/0851-0969.md,entry-0864
جادوگری,جادوگری,969,شیطان,اسم,9165,entries/0851-0969.md,entry-0969
جادوگری,جادوگری,983,جادوگری,اسم,9295,entries/0970-0991.md,entry-0983
جادوگری,جادوگری,984,حس ششم . عالم غیب,اسم,9309,entries/0970-0991.md,entry-0984
جادوگری کردن,جادوگری کردن,887,عشق,فعل,8443,entries/0851-0969.md,entry-0887
جادوگری کردن,جادوگری کردن,898,بدخواهی . اذیت,فعل,8549,entries/0851-0969.md,entry-0898
جادوگری کردن,جادوگری کردن,899,نفرین,فعل,8560,entries/0851-0969.md,entry-0899
جادوگری کردن,جادوگری کردن,983,جادوگری,فعل,9304,entries/0970-0991.md,entry-0983
جادویی,جادویی,59,بیرونی بودن,صفت,598,entries/0001-0090.md,entry-0059
جادویی,جادویی,970,جن و پری 970#,صفت,9174,entries/0970-0991.md,entry-0970
جادویی,جادویی,983,جادوگری,صفت,9302,entries/0970-0991.md,entry-0983
جادکمه,جادکمه,228,پوشاک . پوشیدن,اسم,2212,entries/0194-0301.md,entry-0228
جادۀ ابریشم,جادۀ ابریشم,624,راه,اسم,5876,entries/0544-0650.md,entry-0624
جادۀ اسفالته,جادۀ اسفالته,624,راه,اسم,5876,entries/0544-0650.md,entry-0624
جادۀ اصلی,جادۀ اصلی,624,راه,اسم,5876,entries/0544-0650.md,entry-0624
جادۀ تندرستی,جادۀ تندرستی,267,مسافرت زمینی,اسم,2569,entries/0194-0301.md,entry-0267
جادۀ خاکی,جادۀ خاکی,248,منحنی . ناهموار,اسم,2376,entries/0194-0301.md,entry-0248
جادۀ خاکی,جادۀ خاکی,624,راه,اسم,5876,entries/0544-0650.md,entry-0624
جادۀ شوسه,جادۀ شوسه,624,راه,اسم,5876,entries/0544-0650.md,entry-0624
جادۀ کمربندی,جادۀ کمربندی,250,دَوَران: دایره‌ای بودن ساده 250#,اسم,2392,entries/0194-0301.md,entry-0250
جادۀ کمربندی,جادۀ کمربندی,314,حرکت انحنادار,اسم,3017,entries/0302-0437.md,entry-0314
جاذب,جاذب,288,کشش,صفت,2762,entries/0194-0301.md,entry-0288
جاذب,جاذب,291,جاذبه,صفت,2782,entries/0194-0301.md,entry-0291
جاذب,جاذب,299,پذیرش,صفت,2850,entries/0194-0301.md,entry-0299
جاذب,جاذب,887,عشق,صفت,8439,entries/0851-0969.md,entry-0887
جاذب,جاذب,983,جادوگری,صفت,9301,entries/0970-0991.md,entry-0983
جاذب نور,جاذب نور,291,جاذبه,صفت,2782,entries/0194-0301.md,entry-0291
جاذبه,جاذبه,3,جوهر,اسم,52,entries/0001-0090.md,entry-0003
جاذبه,جاذبه,74,تجمع . گردآوری,اسم,745,entries/0001-0090.md,entry-0074
جاذبه,جاذبه,76,کانون: محل تلاقی یا تجمع,اسم,767,entries/0001-0090.md,entry-0076
جاذبه,جاذبه,178,تأثیر,اسم,1689,entries/0091-0193.md,entry-0178
جاذبه,جاذبه,288,کشش,اسم,2761,entries/0194-0301.md,entry-0288
جاذبه,جاذبه,291,جاذبه,اسم,2780,entries/0194-0301.md,entry-0291
جاذبه,جاذبه,612,انگیختن . تحریک,اسم,5735,entries/0544-0650.md,entry-0612
جاذبه,جاذبه,786,اخذ . گرفتن,اسم,7453,entries/0742-0850.md,entry-0786
جاذبه,جاذبه,826,لذت‌بخشی . لطف,اسم,7809,entries/0742-0850.md,entry-0826
جاذبه,جاذبه,887,عشق,اسم,8431,entries/0851-0969.md,entry-0887
جاذبۀ توریستی,جاذبۀ توریستی,76,کانون: محل تلاقی یا تجمع,اسم,767,entries/0001-0090.md,entry-0076
جاذبۀ متقابل,جاذبۀ متقابل,74,تجمع . گردآوری,اسم,745,entries/0001-0090.md,entry-0074
جار,جار,408,فریاد انسان,اسم,3798,entries/0302-0437.md,entry-0408
جار,جار,420,روشنایی 420#,اسم,3911,entries/0302-0437.md,entry-0420
جار,جار,528,نشر,اسم,4971,entries/0438-0543.md,entry-0528
جارختی,جارختی,194,ظرف,اسم,1851,entries/0194-0301.md,entry-0194
جارختی,جارختی,217,آویزانی,اسم,2080,entries/0194-0301.md,entry-0217
جارو,جارو,648,پاکیزگی,اسم,6095,entries/0544-0650.md,entry-0648
جارو کردن,جارو کردن,300,دفع . طرد 300#,فعل,2867,entries/0194-0301.md,entry-0300
جاروبرقی,جاروبرقی,630,ابزار 630#,اسم,5933,entries/0544-0650.md,entry-0630
جاروبرقی,جاروبرقی,648,پاکیزگی,اسم,6095,entries/0544-0650.md,entry-0648
جاروجنجال,جاروجنجال,63,اغتشاش: ایجاد اغتشاش و به‌هم ریختن,اسم,643,entries/0001-0090.md,entry-0063
جاروجنجال,جاروجنجال,318,تلاطم: حرکت نامنظم,اسم,3048,entries/0302-0437.md,entry-0318
جاروجنجال,جاروجنجال,400,صدای بلند 400#,اسم,3755,entries/0302-0437.md,entry-0400
جاروجنجال,جاروجنجال,411,صدای ناهنجار,اسم,3827,entries/0302-0437.md,entry-0411
جاروجنجال,جاروجنجال,528,نشر,اسم,4972,entries/0438-0543.md,entry-0528
جاروجنجال,جاروجنجال,529,خبر,اسم,4988,entries/0438-0543.md,entry-0529
جاروجنجال,جاروجنجال,867,بدنامی,اسم,8235,entries/0851-0969.md,entry-0867
جاروجنجال,جاروجنجال,888,نفرت,اسم,8448,entries/0851-0969.md,entry-0888
جاروجنجال,جاروجنجال,926,بدگویی . افترا,اسم,8804,entries/0851-0969.md,entry-0926
جاروجنجال ◄ شایعه,جاروجنجال ◄ شایعه,546,اغراق,اسم,5137,entries/0544-0650.md,entry-0546
جاروپارو,جاروپارو,648,پاکیزگی,اسم,6091,entries/0544-0650.md,entry-0648
جاروکردن,جاروکردن,165,تخریب,فعل,1568,entries/0091-0193.md,entry-0165
جاروکردن,جاروکردن,648,پاکیزگی,فعل,6100,entries/0544-0650.md,entry-0648
جاروکش,جاروکش,648,پاکیزگی,اسم,6097,entries/0544-0650.md,entry-0648
جاروکشی,جاروکشی,648,پاکیزگی,اسم,6091,entries/0544-0650.md,entry-0648
جارچی,جارچی,529,خبر,اسم,4991,entries/0438-0543.md,entry-0529
جاری,جاری,11,خویشاوندی: بستگی خونی,اسم,128,entries/0001-0090.md,entry-0011
جاری,جاری,54,کامل 54#,صفت,553,entries/0001-0090.md,entry-0054
جاری,جاری,111,طی: زمان نامعین,صفت,1042,entries/0091-0193.md,entry-0111
جاری,جاری,121,زمان حال,صفت,1117,entries/0091-0193.md,entry-0121
جاری,جاری,146,عدم توقف: تداوم در حرکت / عمل,صفت,1353,entries/0091-0193.md,entry-0146
جاری,جاری,154,رویداد 154#,صفت,1427,entries/0091-0193.md,entry-0154
جاری,جاری,160,توان 160#,صفت,1503,entries/0091-0193.md,entry-0160
جاری,جاری,174,فعال بودن,صفت,1646,entries/0091-0193.md,entry-0174
جاری,جاری,189,حضور,صفت,1789,entries/0091-0193.md,entry-0189
جاری,جاری,263,باز . گشودگی,صفت,2519,entries/0194-0301.md,entry-0263
جاری,جاری,335,مایع,صفت,3214,entries/0302-0437.md,entry-0335
جاری,جاری,350,نهر . باران: آب درجریان 350#,صفت,3316,entries/0302-0437.md,entry-0350
جاری,جاری,373,مؤنث,اسم,3542,entries/0302-0437.md,entry-0373
جاری,جاری,676,عمل,صفت,6409,entries/0651-0741.md,entry-0676
جاری,جاری,678,فعالیت . بیداری,صفت,6427,entries/0651-0741.md,entry-0678
جاری,جاری,726,عدم تکمیل,صفت,6892,entries/0651-0741.md,entry-0726
جاری,جاری,768,رعایت,صفت,7274,entries/0742-0850.md,entry-0768
جاری,جاری,917,وظیفه,صفت,8714,entries/0851-0969.md,entry-0917
جاری,جاری,953,قانونیت,صفت,9029,entries/0851-0969.md,entry-0953
جاری کردن,جاری کردن,350,نهر . باران: آب درجریان 350#,فعل,3319,entries/0302-0437.md,entry-0350
جاز,جاز,412,موسیقی,اسم,3832,entries/0302-0437.md,entry-0412
جازده,جازده,150,جایگزینی: گذاشتن چیزی درجای دیگری,صفت,1386,entries/0091-0193.md,entry-0150
جاسنجاقی,جاسنجاقی,630,ابزار 630#,اسم,5927,entries/0544-0650.md,entry-0630
جاسوزنی,جاسوزنی,630,ابزار 630#,اسم,5927,entries/0544-0650.md,entry-0630
جاسوس,جاسوس,453,کنجکاوی: میل به‌دانش,اسم,4184,entries/0438-0543.md,entry-0453
جاسوس,جاسوس,459,پرسش,اسم,4253,entries/0438-0543.md,entry-0459
جاسوس,جاسوس,484,کشف,اسم,4515,entries/0438-0543.md,entry-0484
جاسوس,جاسوس,524,اطلاع . آگاهی,اسم,4922,entries/0438-0543.md,entry-0524
جاسوس دوجانبه,جاسوس دوجانبه,459,پرسش,اسم,4251,entries/0438-0543.md,entry-0459
جاسوس دوجانبه,جاسوس دوجانبه,603,بی ثباتی . بوالهوسی,اسم,5645,entries/0544-0650.md,entry-0603
جاسوسی,جاسوسی,415,شنوایی,اسم,3860,entries/0302-0437.md,entry-0415
جاسوسی,جاسوسی,438,دید . بینایی,اسم,4032,entries/0438-0543.md,entry-0438
جاسوسی,جاسوسی,459,پرسش,اسم,4251,entries/0438-0543.md,entry-0459
جاشمعی,جاشمعی,194,ظرف,اسم,1847,entries/0194-0301.md,entry-0194
جالب,جالب,291,جاذبه,صفت,2782,entries/0194-0301.md,entry-0291
جالب,جالب,612,انگیختن . تحریک,صفت,5741,entries/0544-0650.md,entry-0612
جالب توجه,جالب توجه,453,کنجکاوی: میل به‌دانش,اسم,4183,entries/0438-0543.md,entry-0453
جالب توجه,جالب توجه,612,انگیختن . تحریک,صفت,5741,entries/0544-0650.md,entry-0612
جالب توجه,جالب توجه,821,تهییج,صفت,7754,entries/0742-0850.md,entry-0821
جالب توجه,جالب توجه,826,لذت‌بخشی . لطف,صفت,7810,entries/0742-0850.md,entry-0826
جالباسی,جالباسی,194,ظرف,اسم,1851,entries/0194-0301.md,entry-0194
جالباسی,جالباسی,217,آویزانی,اسم,2080,entries/0194-0301.md,entry-0217
جالبِ توجه,جالبِ توجه,291,جاذبه,صفت,2782,entries/0194-0301.md,entry-0291
جالیز,جالیز,370,کشاورزی 370#,اسم,3514,entries/0302-0437.md,entry-0370
جالیزبان,جالیزبان,370,کشاورزی 370#,اسم,3516,entries/0302-0437.md,entry-0370
جام,جام,194,ظرف,اسم,1858,entries/0194-0301.md,entry-0194
جام,جام,422,شفاف,اسم,3929,entries/0302-0437.md,entry-0422
جام,جام,729,جایزه,اسم,6925,entries/0651-0741.md,entry-0729
جام جم,جام جم,511,پیش‌بینی . فال,اسم,4777,entries/0438-0543.md,entry-0511
جام جهانی,جام جهانی,716,ستیز . مبارزه,اسم,6772,entries/0651-0741.md,entry-0716
جام جهانی,جام جهانی,837,سرگرمی,اسم,7925,entries/0742-0850.md,entry-0837
جام سحر,جام سحر,321,کیهان,اسم,3092,entries/0302-0437.md,entry-0321
جام شکننده,جام شکننده,330,شکنندگی 330#,اسم,3177,entries/0302-0437.md,entry-0330
جامبو,جامبو,276,هواپیما,اسم,2657,entries/0194-0301.md,entry-0276
جامد,جامد,1,وجود (هستی),صفت,30,entries/0001-0090.md,entry-0001
جامد,جامد,3,جوهر,اسم,53,entries/0001-0090.md,entry-0003
جامد,جامد,324,تراکم . چگالی 324#,اسم,3133,entries/0302-0437.md,entry-0324
جامد بودن,جامد بودن,48,انسجام,فعل,496,entries/0001-0090.md,entry-0048
جامد بودن,جامد بودن,264,بسته . انسداد,فعل,2534,entries/0194-0301.md,entry-0264
جامد شدن,جامد شدن,324,تراکم . چگالی 324#,فعل,3136,entries/0302-0437.md,entry-0324
جامد کردن,جامد کردن,324,تراکم . چگالی 324#,فعل,3137,entries/0302-0437.md,entry-0324
جامد ◄ چگال,جامد ◄ چگال,554,مجسمه‌سازی,صفت,5222,entries/0544-0650.md,entry-0554
جامدادی,جامدادی,194,ظرف,اسم,1847,entries/0194-0301.md,entry-0194
جامدبودن,جامدبودن,324,تراکم . چگالی 324#,فعل,3136,entries/0302-0437.md,entry-0324
جامع,جامع,32,بزرگی,صفت,324,entries/0001-0090.md,entry-0032
جامع,جامع,52,کل - بخش اصلی,صفت,528,entries/0001-0090.md,entry-0052
جامع,جامع,54,کامل 54#,صفت,552,entries/0001-0090.md,entry-0054
جامع,جامع,74,تجمع . گردآوری,صفت,753,entries/0001-0090.md,entry-0074
جامع,جامع,79,عمومیت,صفت,797,entries/0001-0090.md,entry-0079
جامع,جامع,230,محیط 230#,صفت,2234,entries/0194-0301.md,entry-0230
جامع,جامع,495,خطا,صفت,4633,entries/0438-0543.md,entry-0495
جامعه,جامعه,74,تجمع . گردآوری,اسم,748,entries/0001-0090.md,entry-0074
جامعه,جامعه,371,انسان,اسم,3528,entries/0302-0437.md,entry-0371
جامعه,جامعه,692,شورا,اسم,6547,entries/0651-0741.md,entry-0692
جامعه,جامعه,706,همکاری . تعاون,اسم,6674,entries/0651-0741.md,entry-0706
جامعه,جامعه,708,گروه اجتماعی,اسم,6689,entries/0651-0741.md,entry-0708
جامعه,جامعه,794,تاجر,اسم,7523,entries/0742-0850.md,entry-0794
جامعه‌شناسی,جامعه‌شناسی,371,انسان,اسم,3525,entries/0302-0437.md,entry-0371
جامعه‌شناسی,جامعه‌شناسی,901,انساندوستی,اسم,8572,entries/0851-0969.md,entry-0901
جامعۀ اقتصادی,جامعۀ اقتصادی,708,گروه اجتماعی,اسم,6689,entries/0651-0741.md,entry-0708
جامعۀ حسابداران رسمی,جامعۀ حسابداران رسمی,808,حسابداری,اسم,7633,entries/0742-0850.md,entry-0808
جامعۀ فرهنگی,جامعۀ فرهنگی,708,گروه اجتماعی,اسم,6690,entries/0651-0741.md,entry-0708
جامعیت,جامعیت,52,کل - بخش اصلی,اسم,525,entries/0001-0090.md,entry-0052
جامعیت,جامعیت,54,کامل 54#,اسم,550,entries/0001-0090.md,entry-0054
جامعیت,جامعیت,78,شمول . دربر داشتن,اسم,782,entries/0001-0090.md,entry-0078
جامعیت,جامعیت,79,عمومیت,اسم,794,entries/0001-0090.md,entry-0079
جامه,جامه,228,پوشاک . پوشیدن,اسم,2195,entries/0194-0301.md,entry-0228
جامه دان,جامه دان,267,مسافرت زمینی,اسم,2574,entries/0194-0301.md,entry-0267
جامه‌دان,جامه‌دان,194,ظرف,اسم,1855,entries/0194-0301.md,entry-0194
جامه‌دان,جامه‌دان,272,حمل . ترابری,اسم,2619,entries/0194-0301.md,entry-0272
جامۀ شب,جامۀ شب,228,پوشاک . پوشیدن,اسم,2205,entries/0194-0301.md,entry-0228
جامۀ عمل پوشاندن,جامۀ عمل پوشاندن,223,بیرون [فضا],فعل,2148,entries/0194-0301.md,entry-0223
جامۀ عمل پوشاندن,جامۀ عمل پوشاندن,671,مبادرت . اقدام,فعل,6366,entries/0651-0741.md,entry-0671
جامۀ عمل پوشاندن,جامۀ عمل پوشاندن,725,تکمیل . اجرا,فعل,6885,entries/0651-0741.md,entry-0725
جامۀ عمل پوشیدن,جامۀ عمل پوشیدن,1,وجود (هستی),فعل,32,entries/0001-0090.md,entry-0001
جامۀ عمل پوشیدن,جامۀ عمل پوشیدن,154,رویداد 154#,فعل,1429,entries/0091-0193.md,entry-0154
جامۀ عمل پوشیدن,جامۀ عمل پوشیدن,725,تکمیل . اجرا,فعل,6887,entries/0651-0741.md,entry-0725
جامۀ مبدل پوشیده,جامۀ مبدل پوشیده,525,کتمان,صفت,4938,entries/0438-0543.md,entry-0525
جامۀ مبدل ◄ چیز بدل,جامۀ مبدل ◄ چیز بدل,527,اختفا . نقاب,اسم,4963,entries/0438-0543.md,entry-0527
جامۀ ویژه,جامۀ ویژه,547,دلالت,اسم,5157,entries/0544-0650.md,entry-0547
جامۀ ویژه,جامۀ ویژه,729,جایزه,اسم,6926,entries/0651-0741.md,entry-0729
جامیزی,جامیزی,194,ظرف,اسم,1853,entries/0194-0301.md,entry-0194
جان,جان,1,وجود (هستی),اسم,26,entries/0001-0090.md,entry-0001
جان,جان,4,بی‌جوهری,اسم,59,entries/0001-0090.md,entry-0004
جان,جان,5,عرضیت,اسم,65,entries/0001-0090.md,entry-0005
جان,جان,320,معنویت 320#,اسم,3078,entries/0302-0437.md,entry-0320
جان,جان,360,زندگی 360#,اسم,3403,entries/0302-0437.md,entry-0360
جان,جان,371,انسان,اسم,3527,entries/0302-0437.md,entry-0371
جان,جان,447,شعور 447#,اسم,4129,entries/0438-0543.md,entry-0447
جان,جان,890,عزیز 890# عزی,اسم,8471,entries/0851-0969.md,entry-0890
جان ازدست دادن,جان ازدست دادن,2,عدم (نیستی),فعل,44,entries/0001-0090.md,entry-0002
جان برکف بودن,جان برکف بودن,661,خطر,فعل,6274,entries/0651-0741.md,entry-0661
جان خودرا ازدست دادن,جان خودرا ازدست دادن,361,مرگ,فعل,3420,entries/0302-0437.md,entry-0361
جان دلم,جان دلم,890,عزیز 890# عزی,اسم,8472,entries/0851-0969.md,entry-0890
جان سالم به‌دربردن,جان سالم به‌دربردن,656,بازسازی,فعل,6203,entries/0651-0741.md,entry-0656
جان سپردن,جان سپردن,361,مرگ,فعل,3420,entries/0302-0437.md,entry-0361
جان من,جان من,890,عزیز 890# عزی,اسم,8472,entries/0851-0969.md,entry-0890
جان کسی را گرفتن,جان کسی را گرفتن,362,کُشتن,فعل,3432,entries/0302-0437.md,entry-0362
جان کلام,جان کلام,52,کل - بخش اصلی,اسم,527,entries/0001-0090.md,entry-0052
جان) فرسا,جان) فرسا,682,تلاش . کار,صفت,6473,entries/0651-0741.md,entry-0682
جانب,جانب,239,کنار,اسم,2306,entries/0194-0301.md,entry-0239
جانب,جانب,281,جهت,اسم,2704,entries/0194-0301.md,entry-0281
جانب احتیاط‌را گرفتن,جانب احتیاط‌را گرفتن,483,تخفیف . دست‌کم گرفتن,فعل,4510,entries/0438-0543.md,entry-0483
جانب اعتدال,جانب اعتدال,625,راهِ میانه,اسم,5888,entries/0544-0650.md,entry-0625
جانب اعتدال را رعایت کردن,جانب اعتدال را رعایت کردن,942,امساک . اعتدال,فعل,8940,entries/0851-0969.md,entry-0942
جانب حق را رها کردن,جانب حق را رها کردن,914,ناحق . ناراستی,فعل,8682,entries/0851-0969.md,entry-0914
جانب حق را گرفتن,جانب حق را گرفتن,913,حق . راستی,فعل,8672,entries/0851-0969.md,entry-0913
جانب کسی را نگرفتن,جانب کسی را نگرفتن,606,فقدان انتخاب . بیچارگی,فعل,5681,entries/0544-0650.md,entry-0606
جانب گرفتن,جانب گرفتن,914,ناحق . ناراستی,فعل,8682,entries/0851-0969.md,entry-0914
جانباز,جانباز,163,ضعف,صفت,1542,entries/0091-0193.md,entry-0163
جانباز,جانباز,377,دَرد,صفت,3581,entries/0302-0437.md,entry-0377
جانباز,جانباز,722,رزمنده,اسم,6834,entries/0651-0741.md,entry-0722
جانبخش,جانبخش,656,بازسازی,صفت,6202,entries/0651-0741.md,entry-0656
جانبخش,جانبخش,685,رفع خستگی,صفت,6496,entries/0651-0741.md,entry-0685
جانبدار,جانبدار,708,گروه اجتماعی,اسم,6692,entries/0651-0741.md,entry-0708
جانبدارانه,جانبدارانه,708,گروه اجتماعی,صفت,6696,entries/0651-0741.md,entry-0708
جانبدارانه,جانبدارانه,927,حمایت,صفت,8816,entries/0851-0969.md,entry-0927
جانبداری,جانبداری,481,عدم تشخیص . تعصب,اسم,4489,entries/0438-0543.md,entry-0481
جانبداری,جانبداری,602,سرسختی . یکدندگی,اسم,5634,entries/0544-0650.md,entry-0602
جانبداری,جانبداری,604,تلون مزاج . هوس,اسم,5653,entries/0544-0650.md,entry-0604
جانبداری,جانبداری,927,حمایت,اسم,8813,entries/0851-0969.md,entry-0927
جانبداری کردن,جانبداری کردن,914,ناحق . ناراستی,فعل,8682,entries/0851-0969.md,entry-0914
جانبداری کردن,جانبداری کردن,927,حمایت,فعل,8818,entries/0851-0969.md,entry-0927
جانبی,جانبی,202,مجاورت,صفت,1950,entries/0194-0301.md,entry-0202
جانبی,جانبی,230,محیط 230#,صفت,2234,entries/0194-0301.md,entry-0230
جانبی,جانبی,239,کنار,صفت,2308,entries/0194-0301.md,entry-0239
جاندار,جاندار,3,جوهر,صفت,54,entries/0001-0090.md,entry-0003
جاندار,جاندار,358,ارگانیسم: موجودات زنده 358#,اسم,3388,entries/0302-0437.md,entry-0358
جاندار,جاندار,360,زندگی 360#,صفت,3405,entries/0302-0437.md,entry-0360
جانشین,جانشین,20,تقلید (نسخه‌برداری) 20#,صفت,204,entries/0001-0090.md,entry-0020
جانشین,جانشین,28,برابری: یکسانی مقدار یا درجه,اسم,284,entries/0001-0090.md,entry-0028
جانشین,جانشین,41,باقیمانده,صفت,406,entries/0001-0090.md,entry-0041
جانشین,جانشین,67,پیامد,اسم,679,entries/0001-0090.md,entry-0067
جانشین,جانشین,91,دوبرابری,اسم,916,entries/0091-0193.md,entry-0091
جانشین,جانشین,120,تأخر [درزمان] 120#,اسم,1109,entries/0091-0193.md,entry-0120
جانشین,جانشین,150,جایگزینی: گذاشتن چیزی درجای دیگری,اسم,1384,entries/0091-0193.md,entry-0150
جانشین,جانشین,170,اعقاب . فرزند 170#,اسم,1607,entries/0091-0193.md,entry-0170
جانشین,جانشین,300,دفع . طرد 300#,اسم,2859,entries/0194-0301.md,entry-0300
جانشین,جانشین,672,مأموریت,اسم,6373,entries/0651-0741.md,entry-0672
جانشین,جانشین,754,مأمور,اسم,7163,entries/0742-0850.md,entry-0754
جانشین,جانشین,755,معاون,اسم,7168,entries/0742-0850.md,entry-0755
جانشین بودن,جانشین بودن,755,معاون,فعل,7170,entries/0742-0850.md,entry-0755
جانشین سازی,جانشین سازی,150,جایگزینی: گذاشتن چیزی درجای دیگری,اسم,1383,entries/0091-0193.md,entry-0150
جانشین شدن,جانشین شدن,120,تأخر [درزمان] 120#,فعل,1111,entries/0091-0193.md,entry-0120
جانشین شده,جانشین شده,150,جایگزینی: گذاشتن چیزی درجای دیگری,صفت,1386,entries/0091-0193.md,entry-0150
جانشین کردن,جانشین کردن,150,جایگزینی: گذاشتن چیزی درجای دیگری,فعل,1388,entries/0091-0193.md,entry-0150
جانشین کردن,جانشین کردن,151,تغییر متقابل: تغییر باهم یا دوگانه,فعل,1395,entries/0091-0193.md,entry-0151
جانشینی,جانشینی,28,برابری: یکسانی مقدار یا درجه,اسم,280,entries/0001-0090.md,entry-0028
جانشینی,جانشینی,65,تعاقب [در ترتیب] . توالی,اسم,659,entries/0001-0090.md,entry-0065
جانشینی,جانشینی,120,تأخر [درزمان] 120#,اسم,1109,entries/0091-0193.md,entry-0120
جانشینی,جانشینی,150,جایگزینی: گذاشتن چیزی درجای دیگری,اسم,1383,entries/0091-0193.md,entry-0150
جانشینی,جانشینی,755,معاون,اسم,7168,entries/0742-0850.md,entry-0755
جانم,جانم,890,عزیز 890# عزی,اسم,8472,entries/0851-0969.md,entry-0890
جانماز,جانماز,226,پوشش,اسم,2176,entries/0194-0301.md,entry-0226
جانماز آب کشیدن,جانماز آب کشیدن,950,عفت . پاکدامنی 950#,اسم,8998,entries/0851-0969.md,entry-0950
جانور,جانور,358,ارگانیسم: موجودات زنده 358#,اسم,3388,entries/0302-0437.md,entry-0358
جانور,جانور,365,حیوانات,اسم,3455,entries/0302-0437.md,entry-0365
جانور,جانور,938,نامرد,اسم,8911,entries/0851-0969.md,entry-0938
جانور کوچک,جانور کوچک,196,خُردی,اسم,1895,entries/0194-0301.md,entry-0196
جانوران,جانوران,365,حیوانات,اسم,3454,entries/0302-0437.md,entry-0365
جانورخوی,جانورخوی,365,حیوانات,صفت,3470,entries/0302-0437.md,entry-0365
جانورشناس,جانورشناس,367,جانورشناسی,اسم,3492,entries/0302-0437.md,entry-0367
جانورشناسی,جانورشناسی,358,ارگانیسم: موجودات زنده 358#,اسم,3389,entries/0302-0437.md,entry-0358
جانورشناسی,جانورشناسی,367,جانورشناسی,اسم,3491,entries/0302-0437.md,entry-0367
جانوری,جانوری,358,ارگانیسم: موجودات زنده 358#,صفت,3391,entries/0302-0437.md,entry-0358
جانوری,جانوری,365,حیوانات,صفت,3470,entries/0302-0437.md,entry-0365
جانوری,جانوری,367,جانورشناسی,اسم,3492,entries/0302-0437.md,entry-0367
جانوری ◄ بار آوردن,جانوری ◄ بار آوردن,167,زادوولد,فعل,1587,entries/0091-0193.md,entry-0167
جانکاه,جانکاه,377,دَرد,صفت,3582,entries/0302-0437.md,entry-0377
جانکاه,جانکاه,827,دردناکی,صفت,7822,entries/0742-0850.md,entry-0827
جانگداز,جانگداز,374,حواس . حساسیت,صفت,3553,entries/0302-0437.md,entry-0374
جانی,جانی,362,کُشتن,اسم,3429,entries/0302-0437.md,entry-0362
جانی,جانی,663,ورطه . مهلکه: مایۀ خطر,اسم,6287,entries/0651-0741.md,entry-0663
جانی,جانی,930,نادرستی 930#,صفت,8848,entries/0851-0969.md,entry-0930
جانی,جانی,938,نامرد,اسم,8909,entries/0851-0969.md,entry-0938
جانی,جانی,954,غیرقانونی,صفت,9038,entries/0851-0969.md,entry-0954
جان‌آفرین,جان‌آفرین,965,ذات خداوندی,اسم,9136,entries/0851-0969.md,entry-0965
جان‌سخت,جان‌سخت,855,شجاعت,صفت,8125,entries/0851-0969.md,entry-0855
جان‌سوز,جان‌سوز,377,دَرد,صفت,3582,entries/0302-0437.md,entry-0377
جان‌سوز,جان‌سوز,827,دردناکی,صفت,7820,entries/0742-0850.md,entry-0827
جان‌نثار,جان‌نثار,739,اطاعت . وفاداری,شبه جمله,7037,entries/0651-0741.md,entry-0739
جان‌نثار,جان‌نثار,922,تحقیر,اسم,8756,entries/0851-0969.md,entry-0922
جان‌پاس,جان‌پاس,660,ایمنی 660#,اسم,6255,entries/0651-0741.md,entry-0660
جان‌پناه,جان‌پناه,192,منزل: محل سکنا یا زندگی,اسم,1821,entries/0091-0193.md,entry-0192
جان‌پناه,جان‌پناه,254,برجستگی,اسم,2436,entries/0194-0301.md,entry-0254
جان‌پناه,جان‌پناه,421,حفاظ . پرده,اسم,3920,entries/0302-0437.md,entry-0421
جان‌پناه,جان‌پناه,662,پناهگاه,اسم,6280,entries/0651-0741.md,entry-0662
جان‌پناه,جان‌پناه,683,استراحت,اسم,6480,entries/0651-0741.md,entry-0683
جان‌پناه,جان‌پناه,713,پاتک . دفاع,اسم,6742,entries/0651-0741.md,entry-0713
جان‌گداز,جان‌گداز,377,دَرد,صفت,3581,entries/0302-0437.md,entry-0377
جان‌گداز,جان‌گداز,827,دردناکی,صفت,7820,entries/0742-0850.md,entry-0827
جاه,جاه,32,بزرگی,اسم,320,entries/0001-0090.md,entry-0032
جاه,جاه,73,ردیف 73#,اسم,734,entries/0001-0090.md,entry-0073
جاه,جاه,733,اقتدار 733#,اسم,6964,entries/0651-0741.md,entry-0733
جاه,جاه,852,امید . آرزو,اسم,8089,entries/0851-0969.md,entry-0852
جاه طلب,جاه طلب,852,امید . آرزو,صفت,8090,entries/0851-0969.md,entry-0852
جاه طلب بودن,جاه طلب بودن,866,خوش‌نامی,فعل,8228,entries/0851-0969.md,entry-0866
جاهل,جاهل,491,جهل . نادانی,اسم,4595,entries/0438-0543.md,entry-0491
جاهل,جاهل,493,جاهل,اسم,4613,entries/0438-0543.md,entry-0493
جاهل,جاهل,499,حماقت,صفت,4666,entries/0438-0543.md,entry-0499
جاهل,جاهل,501,نادان,اسم,4676,entries/0438-0543.md,entry-0501
جاهل,جاهل,602,سرسختی . یکدندگی,صفت,5636,entries/0544-0650.md,entry-0602
جاهل,جاهل,974,لامذهبی,صفت,9207,entries/0970-0991.md,entry-0974
جاهل بودن,جاهل بودن,602,سرسختی . یکدندگی,فعل,5638,entries/0544-0650.md,entry-0602
جاهلانه,جاهلانه,127,کهنگی,صفت,1177,entries/0091-0193.md,entry-0127
جاهلیت,جاهلیت,974,لامذهبی,اسم,9205,entries/0970-0991.md,entry-0974
جاه‌طلب,جاه‌طلب,671,مبادرت . اقدام,صفت,6364,entries/0651-0741.md,entry-0671
جاه‌طلب,جاه‌طلب,816,خست,صفت,7701,entries/0742-0850.md,entry-0816
جاه‌طلب,جاه‌طلب,859,میل,صفت,8161,entries/0851-0969.md,entry-0859
جاه‌طلبی,جاه‌طلبی,852,امید . آرزو,اسم,8089,entries/0851-0969.md,entry-0852
جاودان,جاودان,1,وجود (هستی),صفت,29,entries/0001-0090.md,entry-0001
جاودان,جاودان,115,ابدیت,صفت,1075,entries/0091-0193.md,entry-0115
جاودان,جاودان,144,ثبات: عدم تغییر 144#,صفت,1332,entries/0091-0193.md,entry-0144
جاودانه,جاودانه,115,ابدیت,صفت,1075,entries/0091-0193.md,entry-0115
جاودانه ساختن,جاودانه ساختن,115,ابدیت,فعل,1076,entries/0091-0193.md,entry-0115
جاودانگی,جاودانگی,113,دیرگذری,اسم,1053,entries/0091-0193.md,entry-0113
جاودانگی,جاودانگی,115,ابدیت,اسم,1074,entries/0091-0193.md,entry-0115
جاودانگی,جاودانگی,144,ثبات: عدم تغییر 144#,اسم,1331,entries/0091-0193.md,entry-0144
جاوید,جاوید,107,بی‌نهایت 107#,صفت,1005,entries/0091-0193.md,entry-0107
جاوید,جاوید,115,ابدیت,صفت,1075,entries/0091-0193.md,entry-0115
جاوید بودن,جاوید بودن,115,ابدیت,فعل,1077,entries/0091-0193.md,entry-0115
جاویدان,جاویدان,115,ابدیت,صفت,1075,entries/0091-0193.md,entry-0115
جاویدان,جاویدان,153,پایداری (تغییرناپذیری),صفت,1415,entries/0091-0193.md,entry-0153
جاپا,جاپا,41,باقیمانده,اسم,404,entries/0001-0090.md,entry-0041
جاپا,جاپا,262,شیار,اسم,2502,entries/0194-0301.md,entry-0262
جاپا,جاپا,548,پیشینه,اسم,5174,entries/0544-0650.md,entry-0548
جاپا,جاپا,778,نگهداری,اسم,7378,entries/0742-0850.md,entry-0778
جاپای محکم,جاپای محکم,218,پایه . تکیه‌گاه,اسم,2087,entries/0194-0301.md,entry-0218
جاچراغی,جاچراغی,420,روشنایی 420#,اسم,3911,entries/0302-0437.md,entry-0420
جای,جای,218,پایه . تکیه‌گاه,اسم,2092,entries/0194-0301.md,entry-0218
جای بهبود داشتن,جای بهبود داشتن,647,نقص: فقدان کمال,فعل,6085,entries/0544-0650.md,entry-0647
جای تأسف,جای تأسف,830,تأسف 830#,صفت,7852,entries/0742-0850.md,entry-0830
جای تحصن,جای تحصن,192,منزل: محل سکنا یا زندگی,اسم,1832,entries/0091-0193.md,entry-0192
جای تحصن,جای تحصن,662,پناهگاه,اسم,6279,entries/0651-0741.md,entry-0662
جای خاص,جای خاص,8,شرایط: وضعیت نسبی,اسم,93,entries/0001-0090.md,entry-0008
جای خالی,جای خالی,190,غیاب 190#,اسم,1799,entries/0091-0193.md,entry-0190
جای خالی را پر کردن,جای خالی را پر کردن,150,جایگزینی: گذاشتن چیزی درجای دیگری,فعل,1387,entries/0091-0193.md,entry-0150
جای خود نشستن,جای خود نشستن,60,نظم 60#,فعل,613,entries/0001-0090.md,entry-0060
جای دادن,جای دادن,303,فروکنش,فعل,2926,entries/0302-0437.md,entry-0303
جای دیگری‌را پُر کردن,جای دیگری‌را پُر کردن,1,وجود (هستی),فعل,31,entries/0001-0090.md,entry-0001
جای زندگی,جای زندگی,192,منزل: محل سکنا یا زندگی,صفت,1833,entries/0091-0193.md,entry-0192
جای سوفلور,جای سوفلور,594,تئاتر,اسم,5529,entries/0544-0650.md,entry-0594
جای ظن و گمان,جای ظن و گمان,486,ناباوری . شک,اسم,4539,entries/0438-0543.md,entry-0486
جای مانور داشتن,جای مانور داشتن,744,آزادی,فعل,7089,entries/0742-0850.md,entry-0744
جای محکمی داشتن,جای محکمی داشتن,218,پایه . تکیه‌گاه,فعل,2102,entries/0194-0301.md,entry-0218
جای مشخص,جای مشخص,8,شرایط: وضعیت نسبی,اسم,93,entries/0001-0090.md,entry-0008
جای پا,جای پا,41,باقیمانده,اسم,404,entries/0001-0090.md,entry-0041
جای پا,جای پا,157,معلول 157#,اسم,1464,entries/0091-0193.md,entry-0157
جای پا,جای پا,255,تقعر,اسم,2443,entries/0194-0301.md,entry-0255
جای پای سستی داشتن,جای پای سستی داشتن,661,خطر,فعل,6273,entries/0651-0741.md,entry-0661
جای چیزی‌را فراموش کردن,جای چیزی‌را فراموش کردن,188,نقل مکان . انتقال,فعل,1783,entries/0091-0193.md,entry-0188
جای کسی حرف زدن,جای کسی حرف زدن,150,جایگزینی: گذاشتن چیزی درجای دیگری,فعل,1388,entries/0091-0193.md,entry-0150
جای کسی حرف زدن,جای کسی حرف زدن,755,معاون,فعل,7170,entries/0742-0850.md,entry-0755
جای کسی یا چیزی را پر کردن,جای کسی یا چیزی را پر کردن,150,جایگزینی: گذاشتن چیزی درجای دیگری,فعل,1387,entries/0091-0193.md,entry-0150
جای کم‌عمق: حوض,جای کم‌عمق: حوض,212,کم‌عمقی,اسم,2041,entries/0194-0301.md,entry-0212
جای گرم کردن,جای گرم کردن,153,پایداری (تغییرناپذیری),فعل,1418,entries/0091-0193.md,entry-0153
جای ‌نرم: بستر,جای ‌نرم: بستر,327,نرمی . انعطاف,اسم,3157,entries/0302-0437.md,entry-0327
جایز,جایز,756,اجازه,صفت,7182,entries/0742-0850.md,entry-0756
جایز بودن,جایز بودن,756,اجازه,فعل,7184,entries/0742-0850.md,entry-0756
جایز دانستن,جایز دانستن,756,اجازه,فعل,7183,entries/0742-0850.md,entry-0756
جایز شناختن,جایز شناختن,488,نظر موافق,فعل,4562,entries/0438-0543.md,entry-0488
جایزالخطا,جایزالخطا,481,عدم تشخیص . تعصب,صفت,4490,entries/0438-0543.md,entry-0481
جایزالخطا,جایزالخطا,647,نقص: فقدان کمال,صفت,6084,entries/0544-0650.md,entry-0647
جایزالخطا,جایزالخطا,934,شرارت,صفت,8880,entries/0851-0969.md,entry-0934
جایزالخطا بودن,جایزالخطا بودن,474,عدم‌قطعیت . تردید,اسم,4404,entries/0438-0543.md,entry-0474
جایزالخطا بودن,جایزالخطا بودن,481,عدم تشخیص . تعصب,اسم,4485,entries/0438-0543.md,entry-0481
جایزالخطا بودن,جایزالخطا بودن,495,خطا,اسم,4628,entries/0438-0543.md,entry-0495
جایزه,جایزه,529,خبر,اسم,4987,entries/0438-0543.md,entry-0529
جایزه,جایزه,593,شعر و نثر,اسم,5517,entries/0544-0650.md,entry-0593
جایزه,جایزه,729,جایزه,اسم,6925,entries/0651-0741.md,entry-0729
جایزه,جایزه,781,دهش,اسم,7407,entries/0742-0850.md,entry-0781
جایزه,جایزه,810,تخفیف 810#,اسم,7654,entries/0742-0850.md,entry-0810
جایزه,جایزه,866,خوش‌نامی,اسم,8222,entries/0851-0969.md,entry-0866
جایزه,جایزه,962,پاداش,اسم,9099,entries/0851-0969.md,entry-0962
جایزه دادن,جایزه دادن,781,دهش,فعل,7412,entries/0742-0850.md,entry-0781
جایزۀ بخت‌آزمایی را بردن,جایزۀ بخت‌آزمایی را بردن,800,ثروت 800#,فعل,7570,entries/0742-0850.md,entry-0800
جایزۀ خوارزمی,جایزۀ خوارزمی,729,جایزه,اسم,6925,entries/0651-0741.md,entry-0729
جایزۀ فروش,جایزۀ فروش,810,تخفیف 810#,اسم,7654,entries/0742-0850.md,entry-0810
جایزۀ کالایی,جایزۀ کالایی,810,تخفیف 810#,اسم,7654,entries/0742-0850.md,entry-0810
جایش خالی,جایش خالی,505,حافظه,صفت,4720,entries/0438-0543.md,entry-0505
جایش خالی,جایش خالی,830,تأسف 830#,صفت,7852,entries/0742-0850.md,entry-0830
جایش خالی بودن,جایش خالی بودن,190,غیاب 190#,فعل,1804,entries/0091-0193.md,entry-0190
جایگاه,جایگاه,186,موقعیت,اسم,1759,entries/0091-0193.md,entry-0186
جایگاه,جایگاه,187,استقرار . قرارگاه,اسم,1767,entries/0091-0193.md,entry-0187
جایگاه,جایگاه,226,پوشش,اسم,2170,entries/0194-0301.md,entry-0226
جایگاه متهم,جایگاه متهم,956,دادگاه,اسم,9057,entries/0851-0969.md,entry-0956
جایگذاری,جایگذاری,231,میان,اسم,2239,entries/0194-0301.md,entry-0231
جایگزین,جایگزین,15,تفاوت . تمیز,اسم,161,entries/0001-0090.md,entry-0015
جایگزین,جایگزین,20,تقلید (نسخه‌برداری) 20#,صفت,204,entries/0001-0090.md,entry-0020
جایگزین,جایگزین,150,جایگزینی: گذاشتن چیزی درجای دیگری,صفت,1386,entries/0091-0193.md,entry-0150
جایگزین,جایگزین,755,معاون,صفت,7169,entries/0742-0850.md,entry-0755
جایگزین شدن,جایگزین شدن,31,جبران . تعدیل,فعل,313,entries/0001-0090.md,entry-0031
جایگزین شدن,جایگزین شدن,65,تعاقب [در ترتیب] . توالی,فعل,663,entries/0001-0090.md,entry-0065
جایگزین شدن,جایگزین شدن,150,جایگزینی: گذاشتن چیزی درجای دیگری,فعل,1387,entries/0091-0193.md,entry-0150
جایگزین کردن,جایگزین کردن,150,جایگزینی: گذاشتن چیزی درجای دیگری,فعل,1388,entries/0091-0193.md,entry-0150
جایگزین کردن,جایگزین کردن,187,استقرار . قرارگاه,فعل,1772,entries/0091-0193.md,entry-0187
جایگزین کردن,جایگزین کردن,779,عدم نگهداری,فعل,7391,entries/0742-0850.md,entry-0779
جایگزینی,جایگزینی,28,برابری: یکسانی مقدار یا درجه,اسم,280,entries/0001-0090.md,entry-0028
جایگزینی,جایگزینی,31,جبران . تعدیل,اسم,310,entries/0001-0090.md,entry-0031
جایگزینی,جایگزینی,143,تغییر و تحول 143#,اسم,1321,entries/0091-0193.md,entry-0143
جایگزینی,جایگزینی,150,جایگزینی: گذاشتن چیزی درجای دیگری,اسم,1383,entries/0091-0193.md,entry-0150
جایگزینی,جایگزینی,779,عدم نگهداری,اسم,7386,entries/0742-0850.md,entry-0779
جایگزینی,جایگزینی,941,دلجویی . پوزش,اسم,8929,entries/0851-0969.md,entry-0941
جایگزینی نوسانی,جایگزینی نوسانی,152,تغییرپذیری,اسم,1401,entries/0091-0193.md,entry-0152
جایگزینی نوسانی,جایگزینی نوسانی,239,کنار,اسم,2307,entries/0194-0301.md,entry-0239
جایگزینی نوسانی,جایگزینی نوسانی,317,نوسان,اسم,3040,entries/0302-0437.md,entry-0317
جایگزین‌سازی,جایگزین‌سازی,150,جایگزینی: گذاشتن چیزی درجای دیگری,اسم,1383,entries/0091-0193.md,entry-0150
جایگزین‌شونده,جایگزین‌شونده,752,لغو . الغا . عزل,صفت,7148,entries/0742-0850.md,entry-0752
جایگشت,جایگشت,86,شمارش,اسم,870,entries/0001-0090.md,entry-0086
جایگشت,جایگشت,151,تغییر متقابل: تغییر باهم یا دوگانه,اسم,1393,entries/0091-0193.md,entry-0151
جایگیر شده,جایگیر شده,153,پایداری (تغییرناپذیری),صفت,1417,entries/0091-0193.md,entry-0153
جایی,جایی,185,محل: فضای محدود,اسم,1755,entries/0091-0193.md,entry-0185
جایی بند نشدن,جایی بند نشدن,152,تغییرپذیری,فعل,1406,entries/0091-0193.md,entry-0152
جایی بند نشدن,جایی بند نشدن,604,تلون مزاج . هوس,فعل,5660,entries/0544-0650.md,entry-0604
جای‌گذاری,جای‌گذاری,150,جایگزینی: گذاشتن چیزی درجای دیگری,اسم,1383,entries/0091-0193.md,entry-0150
جای‌گیر,جای‌گیر,186,موقعیت,صفت,1761,entries/0091-0193.md,entry-0186
جای‌گیر کردن,جای‌گیر کردن,303,فروکنش,فعل,2927,entries/0302-0437.md,entry-0303
جبار,جبار,965,ذات خداوندی,اسم,9138,entries/0851-0969.md,entry-0965
جبر,جبر,24,سازگاری,اسم,235,entries/0001-0090.md,entry-0024
جبر,جبر,86,شمارش,اسم,871,entries/0001-0090.md,entry-0086
جبر,جبر,124,آینده,اسم,1138,entries/0091-0193.md,entry-0124
جبر,جبر,156,علیت . علت 156#,اسم,1453,entries/0091-0193.md,entry-0156
جبر,جبر,473,قطعیت,اسم,4388,entries/0438-0543.md,entry-0473
جبر,جبر,507,انتظار,اسم,4743,entries/0438-0543.md,entry-0507
جبر,جبر,596,جبر . وجوب,اسم,5588,entries/0544-0650.md,entry-0596
جبر,جبر,606,فقدان انتخاب . بیچارگی,اسم,5675,entries/0544-0650.md,entry-0606
جبر,جبر,608,ازپیش تعیین‌شدگی,اسم,5696,entries/0544-0650.md,entry-0608
جبر,جبر,627,نیاز,اسم,5899,entries/0544-0650.md,entry-0627
جبر,جبر,642,مصلحت,اسم,6038,entries/0544-0650.md,entry-0642
جبر,جبر,740,اجبار 740#,اسم,7041,entries/0651-0741.md,entry-0740
جبرئیل,جبرئیل,968,فرشته,اسم,9158,entries/0851-0969.md,entry-0968
جبران,جبران,12,همبستگی,اسم,137,entries/0001-0090.md,entry-0012
جبران,جبران,28,برابری: یکسانی مقدار یا درجه,اسم,282,entries/0001-0090.md,entry-0028
جبران,جبران,31,جبران . تعدیل,اسم,310,entries/0001-0090.md,entry-0031
جبران,جبران,150,جایگزینی: گذاشتن چیزی درجای دیگری,اسم,1383,entries/0091-0193.md,entry-0150
جبران,جبران,322,سنگینی . گرانش,اسم,3105,entries/0302-0437.md,entry-0322
جبران,جبران,654,بهبود,اسم,6169,entries/0651-0741.md,entry-0654
جبران,جبران,656,بازسازی,اسم,6197,entries/0651-0741.md,entry-0656
جبران,جبران,714,تلافی,اسم,6755,entries/0651-0741.md,entry-0714
جبران,جبران,941,دلجویی . پوزش,اسم,8928,entries/0851-0969.md,entry-0941
جبران خسارت,جبران خسارت,941,دلجویی . پوزش,اسم,8928,entries/0851-0969.md,entry-0941
جبران زیان,جبران زیان,941,دلجویی . پوزش,اسم,8928,entries/0851-0969.md,entry-0941
جبران مافات,جبران مافات,31,جبران . تعدیل,اسم,310,entries/0001-0090.md,entry-0031
جبران مافات,جبران مافات,656,بازسازی,اسم,6197,entries/0651-0741.md,entry-0656
جبران مافات,جبران مافات,787,استرداد . اعاده,اسم,7469,entries/0742-0850.md,entry-0787
جبران مافات,جبران مافات,941,دلجویی . پوزش,اسم,8928,entries/0851-0969.md,entry-0941
جبران کردن,جبران کردن,12,همبستگی,فعل,139,entries/0001-0090.md,entry-0012
جبران کردن,جبران کردن,28,برابری: یکسانی مقدار یا درجه,فعل,287,entries/0001-0090.md,entry-0028
جبران کردن,جبران کردن,30,میانگین 30#,فعل,305,entries/0001-0090.md,entry-0030
جبران کردن,جبران کردن,31,جبران . تعدیل,فعل,313,entries/0001-0090.md,entry-0031
جبران کردن,جبران کردن,54,کامل 54#,فعل,555,entries/0001-0090.md,entry-0054
جبران کردن,جبران کردن,633,تهیه,فعل,5958,entries/0544-0650.md,entry-0633
جبران کردن,جبران کردن,656,بازسازی,فعل,6208,entries/0651-0741.md,entry-0656
جبران کردن,جبران کردن,714,تلافی,فعل,6757,entries/0651-0741.md,entry-0714
جبران کردن,جبران کردن,907,حق‌شناسی . شُکر,فعل,8622,entries/0851-0969.md,entry-0907
جبران کردن,جبران کردن,941,دلجویی . پوزش,فعل,8932,entries/0851-0969.md,entry-0941
جبران کننده,جبران کننده,151,تغییر متقابل: تغییر باهم یا دوگانه,صفت,1394,entries/0091-0193.md,entry-0151
جبران‌کننده,جبران‌کننده,28,برابری: یکسانی مقدار یا درجه,صفت,286,entries/0001-0090.md,entry-0028
جبران‌کننده,جبران‌کننده,31,جبران . تعدیل,صفت,312,entries/0001-0090.md,entry-0031
جبران‌کننده,جبران‌کننده,150,جایگزینی: گذاشتن چیزی درجای دیگری,صفت,1386,entries/0091-0193.md,entry-0150
جبران‌کننده,جبران‌کننده,153,پایداری (تغییرناپذیری),اسم,1414,entries/0091-0193.md,entry-0153
جبران‌کننده,جبران‌کننده,941,دلجویی . پوزش,صفت,8931,entries/0851-0969.md,entry-0941
جبروت,جبروت,445,پدیداری . ظاهر,اسم,4093,entries/0438-0543.md,entry-0445
جبروت,جبروت,733,اقتدار 733#,اسم,6960,entries/0651-0741.md,entry-0733
جبروت,جبروت,800,ثروت 800#,اسم,7563,entries/0742-0850.md,entry-0800
جبروت,جبروت,841,زیبایی,اسم,7979,entries/0742-0850.md,entry-0841
جبروت,جبروت,875,فخرفروشی,اسم,8313,entries/0851-0969.md,entry-0875
جبری,جبری,86,شمارش,صفت,877,entries/0001-0090.md,entry-0086
جبری,جبری,124,آینده,صفت,1139,entries/0091-0193.md,entry-0124
جبری,جبری,155,وقایع آتی,صفت,1436,entries/0091-0193.md,entry-0155
جبری,جبری,159,شانس: فقدان علت 159#,صفت,1488,entries/0091-0193.md,entry-0159
جبری,جبری,465,اندازه‌گیری . سنجش,اسم,4306,entries/0438-0543.md,entry-0465
جبری,جبری,473,قطعیت,صفت,4391,entries/0438-0543.md,entry-0473
جبری,جبری,596,جبر . وجوب,صفت,5590,entries/0544-0650.md,entry-0596
جبری,جبری,606,فقدان انتخاب . بیچارگی,صفت,5679,entries/0544-0650.md,entry-0606
جبری,جبری,608,ازپیش تعیین‌شدگی,صفت,5697,entries/0544-0650.md,entry-0608
جبری,جبری,642,مصلحت,صفت,6039,entries/0544-0650.md,entry-0642
جبری,جبری,693,فریضه,صفت,6555,entries/0651-0741.md,entry-0693
جبری,جبری,740,اجبار 740#,صفت,7042,entries/0651-0741.md,entry-0740
جبلت,جبلت,52,کل - بخش اصلی,اسم,525,entries/0001-0090.md,entry-0052
جبلت,جبلت,321,کیهان,اسم,3085,entries/0302-0437.md,entry-0321
جبلی,جبلی,5,عرضیت,صفت,69,entries/0001-0090.md,entry-0005
جبلی,جبلی,68,آغاز,صفت,689,entries/0001-0090.md,entry-0068
جبلی,جبلی,604,تلون مزاج . هوس,صفت,5656,entries/0544-0650.md,entry-0604
جبن,جبن,854,ترس,اسم,8106,entries/0851-0969.md,entry-0854
جبن,جبن,856,بزدلی,اسم,8134,entries/0851-0969.md,entry-0856
جبه,جبه,228,پوشاک . پوشیدن,اسم,2195,entries/0194-0301.md,entry-0228
جبهه,جبهه,234,کناره,اسم,2266,entries/0194-0301.md,entry-0234
جبهه,جبهه,236,حَدّ,اسم,2281,entries/0194-0301.md,entry-0236
جبهه,جبهه,718,جنگ,اسم,6801,entries/0651-0741.md,entry-0718
جبهه,جبهه,724,میدان,اسم,6872,entries/0651-0741.md,entry-0724
جبهه,جبهه,733,اقتدار 733#,اسم,6965,entries/0651-0741.md,entry-0733
جبهه‌گیری,جبهه‌گیری,481,عدم تشخیص . تعصب,اسم,4489,entries/0438-0543.md,entry-0481
جبهه‌گیری,جبهه‌گیری,602,سرسختی . یکدندگی,اسم,5634,entries/0544-0650.md,entry-0602
جبهه‌گیری,جبهه‌گیری,604,تلون مزاج . هوس,اسم,5653,entries/0544-0650.md,entry-0604
جبهۀ آزادیبخش,جبهۀ آزادیبخش,733,اقتدار 733#,اسم,6965,entries/0651-0741.md,entry-0733
جبهۀ متحد,جبهۀ متحد,708,گروه اجتماعی,اسم,6689,entries/0651-0741.md,entry-0708
جبون,جبون,854,ترس,صفت,8110,entries/0851-0969.md,entry-0854
جبون,جبون,856,بزدلی,صفت,8135,entries/0851-0969.md,entry-0856
جبیر,جبیر,619,پیگیری,اسم,5821,entries/0544-0650.md,entry-0619
جبین,جبین,156,علیت . علت 156#,اسم,1453,entries/0091-0193.md,entry-0156
جبین,جبین,213,قلّه . رأس,اسم,2048,entries/0194-0301.md,entry-0213
جبین,جبین,237,جلو,اسم,2291,entries/0194-0301.md,entry-0237
جت,جت,276,هواپیما,اسم,2657,entries/0194-0301.md,entry-0276
جت,جت,287,رانش,اسم,2752,entries/0194-0301.md,entry-0287
جت,جت,338,تبخیر,اسم,3234,entries/0302-0437.md,entry-0338
جثه,جثه,195,درشتی . اندازه,اسم,1880,entries/0194-0301.md,entry-0195
جثه,جثه,554,مجسمه‌سازی,اسم,5221,entries/0544-0650.md,entry-0554
جد,جد,169,ولایت . ولی,اسم,1601,entries/0091-0193.md,entry-0169
جدا,جدا,15,تفاوت . تمیز,صفت,162,entries/0001-0090.md,entry-0015
جدا,جدا,46,عدم اتحاد . گسیختگی,صفت,465,entries/0001-0090.md,entry-0046
جدا,جدا,53,جزء,صفت,543,entries/0001-0090.md,entry-0053
جدا,جدا,61,بی‌نظمی,صفت,621,entries/0001-0090.md,entry-0061
جدا,جدا,72,عدم تداوم,صفت,727,entries/0001-0090.md,entry-0072
جدا,جدا,88,وحدت,صفت,895,entries/0001-0090.md,entry-0088
جدا,جدا,201,فاصله,صفت,1943,entries/0194-0301.md,entry-0201
جدا,جدا,294,واگرایی,صفت,2800,entries/0194-0301.md,entry-0294
جدا,جدا,744,آزادی,صفت,7087,entries/0742-0850.md,entry-0744
جدا,جدا,779,عدم نگهداری,صفت,7389,entries/0742-0850.md,entry-0779
جدا,جدا,978,فرقه‌گرایی,صفت,9244,entries/0970-0991.md,entry-0978
جدا بودن,جدا بودن,46,عدم اتحاد . گسیختگی,فعل,470,entries/0001-0090.md,entry-0046
جدا بودن,جدا بودن,779,عدم نگهداری,فعل,7392,entries/0742-0850.md,entry-0779
جدا سازی,جدا سازی,77,طبقه‌بندی . تعیین,اسم,773,entries/0001-0090.md,entry-0077
جدا شدن,جدا شدن,46,عدم اتحاد . گسیختگی,فعل,470,entries/0001-0090.md,entry-0046
جدا شدن,جدا شدن,49,عدم انسجام,فعل,504,entries/0001-0090.md,entry-0049
جدا شدن,جدا شدن,72,عدم تداوم,فعل,729,entries/0001-0090.md,entry-0072
جدا شدن,جدا شدن,92,یک‌دوم,فعل,926,entries/0091-0193.md,entry-0092
جدا شدن,جدا شدن,201,فاصله,فعل,1945,entries/0194-0301.md,entry-0201
جدا شدن,جدا شدن,294,واگرایی,فعل,2801,entries/0194-0301.md,entry-0294
جدا شدن,جدا شدن,489,نظر مخالف,فعل,4574,entries/0438-0543.md,entry-0489
جدا شدن,جدا شدن,779,عدم نگهداری,فعل,7391,entries/0742-0850.md,entry-0779
جدا شدن,جدا شدن,896,طلاق,فعل,8526,entries/0851-0969.md,entry-0896
جدا شدن,جدا شدن,978,فرقه‌گرایی,فعل,9246,entries/0970-0991.md,entry-0978
جدا کردن,جدا کردن,39,تفریق,فعل,394,entries/0001-0090.md,entry-0039
جدا کردن,جدا کردن,44,سادگی,فعل,439,entries/0001-0090.md,entry-0044
جدا کردن,جدا کردن,46,عدم اتحاد . گسیختگی,فعل,472,entries/0001-0090.md,entry-0046
جدا کردن,جدا کردن,49,عدم انسجام,فعل,503,entries/0001-0090.md,entry-0049
جدا کردن,جدا کردن,51,تجزیه,فعل,521,entries/0001-0090.md,entry-0051
جدا کردن,جدا کردن,53,جزء,فعل,545,entries/0001-0090.md,entry-0053
جدا کردن,جدا کردن,80,ویژگی . خاص بودن 80#,فعل,811,entries/0001-0090.md,entry-0080
جدا کردن,جدا کردن,163,ضعف,فعل,1545,entries/0091-0193.md,entry-0163
جدا کردن,جدا کردن,201,فاصله,فعل,1944,entries/0194-0301.md,entry-0201
جدا کردن,جدا کردن,231,میان,فعل,2247,entries/0194-0301.md,entry-0231
جدا کردن,جدا کردن,463,قوۀ تمیز,فعل,4294,entries/0438-0543.md,entry-0463
جدا کردن,جدا کردن,605,انتخاب,فعل,5670,entries/0544-0650.md,entry-0605
جدا کردن,جدا کردن,883,اجتماعی نبودن,فعل,8402,entries/0851-0969.md,entry-0883
جدا کردن,جدا کردن,896,طلاق,فعل,8526,entries/0851-0969.md,entry-0896
جدا گذاشتن,جدا گذاشتن,46,عدم اتحاد . گسیختگی,فعل,472,entries/0001-0090.md,entry-0046
جداازهم,جداازهم,72,عدم تداوم,صفت,727,entries/0001-0090.md,entry-0072
جداجدا,جداجدا,88,وحدت,صفت,894,entries/0001-0090.md,entry-0088
جدار,جدار,46,عدم اتحاد . گسیختگی,اسم,462,entries/0001-0090.md,entry-0046
جدار,جدار,231,میان,اسم,2240,entries/0194-0301.md,entry-0231
جدار,جدار,234,کناره,اسم,2266,entries/0194-0301.md,entry-0234
جدار,جدار,235,دیوار,اسم,2274,entries/0194-0301.md,entry-0235
جدار,جدار,421,حفاظ . پرده,اسم,3920,entries/0302-0437.md,entry-0421
جدار,جدار,702,منع . ممانعت,اسم,6638,entries/0651-0741.md,entry-0702
جداسازی,جداسازی,44,سادگی,اسم,432,entries/0001-0090.md,entry-0044
جداسازی,جداسازی,46,عدم اتحاد . گسیختگی,اسم,462,entries/0001-0090.md,entry-0046
جداسازی,جداسازی,51,تجزیه,اسم,516,entries/0001-0090.md,entry-0051
جداسازی,جداسازی,62,تنظیم,اسم,632,entries/0001-0090.md,entry-0062
جداسازی,جداسازی,73,ردیف 73#,اسم,735,entries/0001-0090.md,entry-0073
جداسازی,جداسازی,77,طبقه‌بندی . تعیین,اسم,773,entries/0001-0090.md,entry-0077
جداسازی,جداسازی,87,فهرست,اسم,885,entries/0001-0090.md,entry-0087
جداسازی,جداسازی,231,میان,اسم,2240,entries/0194-0301.md,entry-0231
جداسازی,جداسازی,548,پیشینه,اسم,5171,entries/0544-0650.md,entry-0548
جداسازی,جداسازی,746,آزادسازی,اسم,7103,entries/0742-0850.md,entry-0746
جداسازی,جداسازی,779,عدم نگهداری,اسم,7386,entries/0742-0850.md,entry-0779
جداشدن,جداشدن,330,شکنندگی 330#,فعل,3179,entries/0302-0437.md,entry-0330
جداشدنی,جداشدنی,46,عدم اتحاد . گسیختگی,صفت,465,entries/0001-0090.md,entry-0046
جداشدنی,جداشدنی,330,شکنندگی 330#,صفت,3178,entries/0302-0437.md,entry-0330
جداشده,جداشده,282,انحراف . بی‌هدفی,صفت,2715,entries/0194-0301.md,entry-0282
جداشدگی,جداشدگی,46,عدم اتحاد . گسیختگی,اسم,463,entries/0001-0090.md,entry-0046
جداشونده,جداشونده,294,واگرایی,صفت,2800,entries/0194-0301.md,entry-0294
جدال,جدال,25,ناسازگاری,اسم,246,entries/0001-0090.md,entry-0025
جدال,جدال,475,استدلال . تعقل,اسم,4423,entries/0438-0543.md,entry-0475
جدال,جدال,489,نظر مخالف,اسم,4569,entries/0438-0543.md,entry-0489
جدال,جدال,718,جنگ,اسم,6795,entries/0651-0741.md,entry-0718
جدانشدنی,جدانشدنی,5,عرضیت,صفت,69,entries/0001-0090.md,entry-0005
جدانشدنی,جدانشدنی,52,کل - بخش اصلی,صفت,530,entries/0001-0090.md,entry-0052
جدانشدنی,جدانشدنی,53,جزء,صفت,544,entries/0001-0090.md,entry-0053
جدانشدنی,جدانشدنی,880,دوستی 880#,صفت,8362,entries/0851-0969.md,entry-0880
جداً,جداً,494,حقیقت,قید,4624,entries/0438-0543.md,entry-0494
جداکردن,جداکردن,15,تفاوت . تمیز,فعل,165,entries/0001-0090.md,entry-0015
جداکردن,جداکردن,44,سادگی,فعل,438,entries/0001-0090.md,entry-0044
جداکردن,جداکردن,75,تفرق . پراکندگی,فعل,763,entries/0001-0090.md,entry-0075
جداکردن,جداکردن,701,آسانی,فعل,6632,entries/0651-0741.md,entry-0701
جداکننده,جداکننده,46,عدم اتحاد . گسیختگی,صفت,469,entries/0001-0090.md,entry-0046
جداکننده,جداکننده,256,تیزی 256#,صفت,2458,entries/0194-0301.md,entry-0256
جداکننده,جداکننده,779,عدم نگهداری,صفت,7390,entries/0742-0850.md,entry-0779
جداکننده,جداکننده,978,فرقه‌گرایی,صفت,9244,entries/0970-0991.md,entry-0978
جداکننده: صافی,جداکننده: صافی,46,عدم اتحاد . گسیختگی,اسم,462,entries/0001-0090.md,entry-0046
جداگانه,جداگانه,46,عدم اتحاد . گسیختگی,صفت,466,entries/0001-0090.md,entry-0046
جداگانه,جداگانه,88,وحدت,صفت,894,entries/0001-0090.md,entry-0088
جدایی,جدایی,10,فقدان ارتباط . بی ربطی 10#,اسم,119,entries/0001-0090.md,entry-0010
جدایی,جدایی,39,تفریق,اسم,392,entries/0001-0090.md,entry-0039
جدایی,جدایی,46,عدم اتحاد . گسیختگی,اسم,461,entries/0001-0090.md,entry-0046
جدایی,جدایی,72,عدم تداوم,اسم,726,entries/0001-0090.md,entry-0072
جدایی,جدایی,199,دوری,اسم,1922,entries/0194-0301.md,entry-0199
جدایی,جدایی,231,میان,اسم,2242,entries/0194-0301.md,entry-0231
جدایی,جدایی,282,انحراف . بی‌هدفی,اسم,2713,entries/0194-0301.md,entry-0282
جدایی,جدایی,489,نظر مخالف,اسم,4569,entries/0438-0543.md,entry-0489
جدایی,جدایی,744,آزادی,اسم,7082,entries/0742-0850.md,entry-0744
جدایی,جدایی,779,عدم نگهداری,اسم,7386,entries/0742-0850.md,entry-0779
جدایی,جدایی,883,اجتماعی نبودن,اسم,8393,entries/0851-0969.md,entry-0883
جدایی,جدایی,896,طلاق,اسم,8523,entries/0851-0969.md,entry-0896
جدایی,جدایی,978,فرقه‌گرایی,اسم,9240,entries/0970-0991.md,entry-0978
جدایی,جدایی,991,عرفان,اسم,9368,entries/0970-0991.md,entry-0991
جدایی اجزا,جدایی اجزا,49,عدم انسجام,اسم,501,entries/0001-0090.md,entry-0049
جدایی انداختن,جدایی انداختن,282,انحراف . بی‌هدفی,فعل,2717,entries/0194-0301.md,entry-0282
جدایی انداختن,جدایی انداختن,738,سرپیچی . عصیان,فعل,7029,entries/0651-0741.md,entry-0738
جدایی انداختن,جدایی انداختن,918,فقدان وظیفه,فعل,8725,entries/0851-0969.md,entry-0918
جدایی انداختن,جدایی انداختن,978,فرقه‌گرایی,فعل,9245,entries/0970-0991.md,entry-0978
جدایی طلبیدن,جدایی طلبیدن,46,عدم اتحاد . گسیختگی,فعل,471,entries/0001-0090.md,entry-0046
جدایی ناپذیر,جدایی ناپذیر,52,کل - بخش اصلی,صفت,530,entries/0001-0090.md,entry-0052
جدایی‌انداز,جدایی‌انداز,46,عدم اتحاد . گسیختگی,صفت,469,entries/0001-0090.md,entry-0046
جدایی‌انداز,جدایی‌انداز,489,نظر مخالف,صفت,4571,entries/0438-0543.md,entry-0489
جدایی‌انداز,جدایی‌انداز,978,فرقه‌گرایی,صفت,9244,entries/0970-0991.md,entry-0978
جدایی‌طلب,جدایی‌طلب,489,نظر مخالف,اسم,4570,entries/0438-0543.md,entry-0489
جدایی‌طلب,جدایی‌طلب,738,سرپیچی . عصیان,اسم,7024,entries/0651-0741.md,entry-0738
جدایی‌طلب,جدایی‌طلب,978,فرقه‌گرایی,اسم,9242,entries/0970-0991.md,entry-0978
جدایی‌طلبی,جدایی‌طلبی,709,مناقشه,اسم,6705,entries/0651-0741.md,entry-0709
جدایی‌طلبی,جدایی‌طلبی,978,فرقه‌گرایی,اسم,9239,entries/0970-0991.md,entry-0978
جدایی‌ناپذیر,جدایی‌ناپذیر,5,عرضیت,صفت,71,entries/0001-0090.md,entry-0005
جدل,جدل,25,ناسازگاری,اسم,246,entries/0001-0090.md,entry-0025
جدل,جدل,475,استدلال . تعقل,اسم,4423,entries/0438-0543.md,entry-0475
جدل,جدل,716,ستیز . مبارزه,اسم,6770,entries/0651-0741.md,entry-0716
جدل,جدل,718,جنگ,اسم,6795,entries/0651-0741.md,entry-0718
جدلی,جدلی,182,اثر متقابل,صفت,1717,entries/0091-0193.md,entry-0182
جدلی,جدلی,591,رساله,صفت,5499,entries/0544-0650.md,entry-0591
جدلی,جدلی,709,مناقشه,اسم,6706,entries/0651-0741.md,entry-0709
جدوجهد,جدوجهد,671,مبادرت . اقدام,اسم,6360,entries/0651-0741.md,entry-0671
جدوجهد,جدوجهد,682,تلاش . کار,اسم,6469,entries/0651-0741.md,entry-0682
جدوجهد کردن,جدوجهد کردن,671,مبادرت . اقدام,فعل,6367,entries/0651-0741.md,entry-0671
جدول,جدول,62,تنظیم,اسم,631,entries/0001-0090.md,entry-0062
جدول,جدول,86,شمارش,اسم,872,entries/0001-0090.md,entry-0086
جدول,جدول,87,فهرست,اسم,885,entries/0001-0090.md,entry-0087
جدول,جدول,234,کناره,اسم,2266,entries/0194-0301.md,entry-0234
جدول,جدول,305,گذر 305#,اسم,2945,entries/0302-0437.md,entry-0305
جدول تفکیکی,جدول تفکیکی,808,حسابداری,اسم,7634,entries/0742-0850.md,entry-0808
جدول تناوبی,جدول تناوبی,319,مادیت 319#,اسم,3071,entries/0302-0437.md,entry-0319
جدول تناوبی عناصر,جدول تناوبی عناصر,319,مادیت 319#,اسم,3069,entries/0302-0437.md,entry-0319
جدول حسابها,جدول حسابها,808,حسابداری,اسم,7634,entries/0742-0850.md,entry-0808
جدول عمرنما,جدول عمرنما,361,مرگ,اسم,3416,entries/0302-0437.md,entry-0361
جدول مظنه,جدول مظنه,87,فهرست,اسم,885,entries/0001-0090.md,entry-0087
جدول مندلیف,جدول مندلیف,319,مادیت 319#,اسم,3069,entries/0302-0437.md,entry-0319
جدول کلمات متقاطع,جدول کلمات متقاطع,837,سرگرمی,اسم,7928,entries/0742-0850.md,entry-0837
جدول گسترده,جدول گسترده,86,شمارش,اسم,875,entries/0001-0090.md,entry-0086
جدولی,جدولی,77,طبقه‌بندی . تعیین,صفت,776,entries/0001-0090.md,entry-0077
جدی,جدی,1,وجود (هستی),صفت,30,entries/0001-0090.md,entry-0001
جدی,جدی,473,قطعیت,صفت,4393,entries/0438-0543.md,entry-0473
جدی,جدی,599,عزم,صفت,5616,entries/0544-0650.md,entry-0599
جدی,جدی,602,سرسختی . یکدندگی,صفت,5636,entries/0544-0650.md,entry-0602
جدی,جدی,622,اشتغال,صفت,5850,entries/0544-0650.md,entry-0622
جدی,جدی,638,اهمیت,صفت,6002,entries/0544-0650.md,entry-0638
جدی,جدی,671,مبادرت . اقدام,صفت,6364,entries/0651-0741.md,entry-0671
جدی,جدی,678,فعالیت . بیداری,صفت,6427,entries/0651-0741.md,entry-0678
جدی,جدی,735,سخت‌گیری,صفت,6992,entries/0651-0741.md,entry-0735
جدی,جدی,834,افسردگی . وقار,صفت,7890,entries/0742-0850.md,entry-0834
جدی بودن,جدی بودن,638,اهمیت,اسم,5998,entries/0544-0650.md,entry-0638
جدی بودن,جدی بودن,834,افسردگی . وقار,فعل,7893,entries/0742-0850.md,entry-0834
جدی نبودن,جدی نبودن,726,عدم تکمیل,فعل,6893,entries/0651-0741.md,entry-0726
جدی نگرفتن,جدی نگرفتن,458,غفلت . بی‌دقتی,فعل,4237,entries/0438-0543.md,entry-0458
جدی گرفتن,جدی گرفتن,638,اهمیت,فعل,6005,entries/0544-0650.md,entry-0638
جدیت,جدیت,599,عزم,اسم,5615,entries/0544-0650.md,entry-0599
جدیت,جدیت,600,پافشاری 600#,اسم,5621,entries/0544-0650.md,entry-0600
جدیت,جدیت,638,اهمیت,اسم,5998,entries/0544-0650.md,entry-0638
جدیت,جدیت,671,مبادرت . اقدام,اسم,6360,entries/0651-0741.md,entry-0671
جدیت,جدیت,682,تلاش . کار,اسم,6469,entries/0651-0741.md,entry-0682
جدیت,جدیت,735,سخت‌گیری,اسم,6989,entries/0651-0741.md,entry-0735
جدیت,جدیت,834,افسردگی . وقار,اسم,7886,entries/0742-0850.md,entry-0834
جدیت,جدیت,838,ملال . کسلی,اسم,7956,entries/0742-0850.md,entry-0838
جدید,جدید,80,ویژگی . خاص بودن 80#,صفت,808,entries/0001-0090.md,entry-0080
جدید,جدید,126,تازگی,صفت,1165,entries/0091-0193.md,entry-0126
جدید,جدید,977,بدعت,صفت,9233,entries/0970-0991.md,entry-0977
جدید بودن,جدید بودن,126,تازگی,اسم,1161,entries/0091-0193.md,entry-0126
جدیدالاستخدام,جدیدالاستخدام,297,دخول: حرکت به درون,اسم,2826,entries/0194-0301.md,entry-0297
جدیدالتأسیس,جدیدالتأسیس,126,تازگی,صفت,1165,entries/0091-0193.md,entry-0126
جدیدالورود,جدیدالورود,126,تازگی,اسم,1161,entries/0091-0193.md,entry-0126
جدیدالورود,جدیدالورود,297,دخول: حرکت به درون,اسم,2826,entries/0194-0301.md,entry-0297
جدیداً,جدیداً,126,تازگی,قید,1169,entries/0091-0193.md,entry-0126
جدیدترین,جدیدترین,126,تازگی,صفت,1167,entries/0091-0193.md,entry-0126
جذاب,جذاب,291,جاذبه,صفت,2782,entries/0194-0301.md,entry-0291
جذاب,جذاب,887,عشق,صفت,8439,entries/0851-0969.md,entry-0887
جذابیت,جذابیت,291,جاذبه,اسم,2780,entries/0194-0301.md,entry-0291
جذابیت,جذابیت,841,زیبایی,اسم,7979,entries/0742-0850.md,entry-0841
جذابیت,جذابیت,887,عشق,اسم,8431,entries/0851-0969.md,entry-0887
جذابیت داشتن,جذابیت داشتن,291,جاذبه,فعل,2783,entries/0194-0301.md,entry-0291
جذام,جذام,651,بیماری . ضعف جسمانی,اسم,6137,entries/0651-0741.md,entry-0651
جذامی,جذامی,883,اجتماعی نبودن,صفت,8395,entries/0851-0969.md,entry-0883
جذب,جذب,18,تشابه,اسم,182,entries/0001-0090.md,entry-0018
جذب,جذب,288,کشش,اسم,2761,entries/0194-0301.md,entry-0288
جذب,جذب,299,پذیرش,اسم,2848,entries/0194-0301.md,entry-0299
جذب,جذب,301,غذا: خوردن و نوشیدن,اسم,2873,entries/0194-0301.md,entry-0301
جذب,جذب,786,اخذ . گرفتن,اسم,7453,entries/0742-0850.md,entry-0786
جذب شدن,جذب شدن,18,تشابه,اسم,182,entries/0001-0090.md,entry-0018
جذب شدن,جذب شدن,24,سازگاری,اسم,236,entries/0001-0090.md,entry-0024
جذب فکر شدن,جذب فکر شدن,449,اندیشه,فعل,4152,entries/0438-0543.md,entry-0449
جذب نیرو کردن,جذب نیرو کردن,751,انتصاب,فعل,7142,entries/0742-0850.md,entry-0751
جذب نیروی انسانی,جذب نیروی انسانی,299,پذیرش,اسم,2848,entries/0194-0301.md,entry-0299
جذب نیروی انسانی,جذب نیروی انسانی,751,انتصاب,اسم,7138,entries/0742-0850.md,entry-0751
جذب کردن,جذب کردن,74,تجمع . گردآوری,فعل,755,entries/0001-0090.md,entry-0074
جذب کردن,جذب کردن,83,تطبیق,فعل,840,entries/0001-0090.md,entry-0083
جذب کردن,جذب کردن,165,تخریب,فعل,1565,entries/0091-0193.md,entry-0165
جذب کردن,جذب کردن,281,جهت,فعل,2708,entries/0194-0301.md,entry-0281
جذب کردن,جذب کردن,288,کشش,فعل,2763,entries/0194-0301.md,entry-0288
جذب کردن,جذب کردن,291,جاذبه,فعل,2783,entries/0194-0301.md,entry-0291
جذب کردن,جذب کردن,299,پذیرش,فعل,2852,entries/0194-0301.md,entry-0299
جذب کردن,جذب کردن,449,اندیشه,فعل,4152,entries/0438-0543.md,entry-0449
جذب کردن,جذب کردن,751,انتصاب,فعل,7142,entries/0742-0850.md,entry-0751
جذب کردن,جذب کردن,859,میل,فعل,8166,entries/0851-0969.md,entry-0859
جذب کردن,جذب کردن,887,عشق,فعل,8443,entries/0851-0969.md,entry-0887
جذب کردن,جذب کردن,983,جادوگری,فعل,9305,entries/0970-0991.md,entry-0983
جذبه,جذبه,612,انگیختن . تحریک,اسم,5735,entries/0544-0650.md,entry-0612
جذبِ نور,جذبِ نور,417,روشنی,اسم,3881,entries/0302-0437.md,entry-0417
جذب‌شده,جذب‌شده,147,تبدیل: تغییر یافتن به‌چیزی دیگر,صفت,1363,entries/0091-0193.md,entry-0147
جذب‌کننده,جذب‌کننده,291,جاذبه,صفت,2782,entries/0194-0301.md,entry-0291
جذر,جذر,85,عدد 85#,اسم,861,entries/0001-0090.md,entry-0085
جذر,جذر,86,شمارش,اسم,870,entries/0001-0090.md,entry-0086
جذّاب,جذّاب,306,زیاده‌روی . فزونی (حرکت فراتر),صفت,2952,entries/0302-0437.md,entry-0306
جذّاب,جذّاب,841,زیبایی,صفت,7984,entries/0742-0850.md,entry-0841
جر,جر,329,استحکام,صفت,3172,entries/0302-0437.md,entry-0329
جر دادن,جر دادن,655,زوال . فرسایش,فعل,6190,entries/0651-0741.md,entry-0655
جر زدن,جر زدن,603,بی ثباتی . بوالهوسی,فعل,5649,entries/0544-0650.md,entry-0603
جر زدن,جر زدن,607,ردّ . عدم انتخاب,فعل,5690,entries/0544-0650.md,entry-0607
جرأت,جرأت,671,مبادرت . اقدام,اسم,6360,entries/0651-0741.md,entry-0671
جرأت دادن,جرأت دادن,162,قدرت,فعل,1532,entries/0091-0193.md,entry-0162
جرأت دادن,جرأت دادن,833,سرحالی . شادی,فعل,7879,entries/0742-0850.md,entry-0833
جرأت ◄ جرئت,جرأت ◄ جرئت,855,شجاعت,اسم,8121,entries/0851-0969.md,entry-0855
جرئت,جرئت,855,شجاعت,اسم,8121,entries/0851-0969.md,entry-0855
جرئت دادن,جرئت دادن,855,شجاعت,فعل,8129,entries/0851-0969.md,entry-0855
جرئت پیدا کردن,جرئت پیدا کردن,855,شجاعت,فعل,8128,entries/0851-0969.md,entry-0855
جراح,جراح,658,درمان,اسم,6230,entries/0651-0741.md,entry-0658
جراح پلاستیک,جراح پلاستیک,656,بازسازی,اسم,6200,entries/0651-0741.md,entry-0656
جراح پلاستیک,جراح پلاستیک,843,زیباسازی . آرایش,اسم,8005,entries/0742-0850.md,entry-0843
جراحت,جراحت,302,مدفوع,اسم,2917,entries/0302-0437.md,entry-0302
جراحت,جراحت,647,نقص: فقدان کمال,اسم,6083,entries/0544-0650.md,entry-0647
جراحت,جراحت,651,بیماری . ضعف جسمانی,اسم,6140,entries/0651-0741.md,entry-0651
جراحت,جراحت,655,زوال . فرسایش,اسم,6181,entries/0651-0741.md,entry-0655
جراحت,جراحت,827,دردناکی,اسم,7817,entries/0742-0850.md,entry-0827
جراحت,جراحت,891,رنجش . خشم,اسم,8476,entries/0851-0969.md,entry-0891
جراحت آور,جراحت آور,827,دردناکی,صفت,7821,entries/0742-0850.md,entry-0827
جراحی,جراحی,658,درمان,اسم,6227,entries/0651-0741.md,entry-0658
جراحی پلاستیک,جراحی پلاستیک,143,تغییر و تحول 143#,اسم,1321,entries/0091-0193.md,entry-0143
جراحی پلاستیک,جراحی پلاستیک,147,تبدیل: تغییر یافتن به‌چیزی دیگر,اسم,1359,entries/0091-0193.md,entry-0147
جراحی پلاستیک,جراحی پلاستیک,656,بازسازی,اسم,6198,entries/0651-0741.md,entry-0656
جراحی پلاستیک,جراحی پلاستیک,658,درمان,اسم,6227,entries/0651-0741.md,entry-0658
جراحی پلاستیک,جراحی پلاستیک,843,زیباسازی . آرایش,اسم,8000,entries/0742-0850.md,entry-0843
جراید,جراید,528,نشر,اسم,4974,entries/0438-0543.md,entry-0528
جرایم جنسی,جرایم جنسی,951,بی‌عفتی,اسم,9007,entries/0851-0969.md,entry-0951
جرب,جرب,651,بیماری . ضعف جسمانی,اسم,6137,entries/0651-0741.md,entry-0651
جرثقیل,جرثقیل,310,ترفیع: بالابردن 310#,اسم,2985,entries/0302-0437.md,entry-0310
جرثقیل,جرثقیل,624,راه,اسم,5881,entries/0544-0650.md,entry-0624
جرثقیل,جرثقیل,630,ابزار 630#,اسم,5928,entries/0544-0650.md,entry-0630
جرثقیل,جرثقیل,723,سلاح,اسم,6866,entries/0651-0741.md,entry-0723
جرثقیل زنجیری,جرثقیل زنجیری,630,ابزار 630#,اسم,5928,entries/0544-0650.md,entry-0630
جرح,جرح,651,بیماری . ضعف جسمانی,اسم,6140,entries/0651-0741.md,entry-0651
جرح,جرح,655,زوال . فرسایش,اسم,6183,entries/0651-0741.md,entry-0655
جرح و تعدیل,جرح و تعدیل,143,تغییر و تحول 143#,اسم,1320,entries/0091-0193.md,entry-0143
جرح و تعدیل کردن,جرح و تعدیل کردن,143,تغییر و تحول 143#,فعل,1326,entries/0091-0193.md,entry-0143
جرعه‌جرعه نوشیدن,جرعه‌جرعه نوشیدن,301,غذا: خوردن و نوشیدن,فعل,2910,entries/0194-0301.md,entry-0301
جرقه,جرقه,379,گرما,اسم,3601,entries/0302-0437.md,entry-0379
جرقه,جرقه,417,روشنی,اسم,3878,entries/0302-0437.md,entry-0417
جرم,جرم,319,مادیت 319#,اسم,3067,entries/0302-0437.md,entry-0319
جرم,جرم,322,سنگینی . گرانش,اسم,3105,entries/0302-0437.md,entry-0322
جرم,جرم,934,شرارت,اسم,8877,entries/0851-0969.md,entry-0934
جرم,جرم,936,گناهکاری . مجرمیت,اسم,8897,entries/0851-0969.md,entry-0936
جرم اول,جرم اول,68,آغاز,اسم,684,entries/0001-0090.md,entry-0068
جرم حجمی,جرم حجمی,324,تراکم . چگالی 324#,اسم,3131,entries/0302-0437.md,entry-0324
جروبحث,جروبحث,475,استدلال . تعقل,اسم,4423,entries/0438-0543.md,entry-0475
جروبحث,جروبحث,709,مناقشه,اسم,6702,entries/0651-0741.md,entry-0709
جروبحث کردن,جروبحث کردن,475,استدلال . تعقل,فعل,4431,entries/0438-0543.md,entry-0475
جرگه,جرگه,77,طبقه‌بندی . تعیین,اسم,773,entries/0001-0090.md,entry-0077
جرگه,جرگه,104,تعدد,اسم,976,entries/0091-0193.md,entry-0104
جرگه,جرگه,708,گروه اجتماعی,اسم,6690,entries/0651-0741.md,entry-0708
جرگه,جرگه,978,فرقه‌گرایی,اسم,9241,entries/0970-0991.md,entry-0978
جریان,جریان,26,کمیت,اسم,262,entries/0001-0090.md,entry-0026
جریان,جریان,71,تداوم [در ترتیب] . تسلسل,اسم,716,entries/0001-0090.md,entry-0071
جریان,جریان,160,توان 160#,اسم,1499,entries/0091-0193.md,entry-0160
جریان,جریان,265,حرکت 265#,اسم,2545,entries/0194-0301.md,entry-0265
جریان,جریان,285,پیشروی,اسم,2735,entries/0194-0301.md,entry-0285
جریان,جریان,350,نهر . باران: آب درجریان 350#,اسم,3313,entries/0302-0437.md,entry-0350
جریان,جریان,352,باد: جریان هوا,اسم,3329,entries/0302-0437.md,entry-0352
جریان,جریان,663,ورطه . مهلکه: مایۀ خطر,اسم,6286,entries/0651-0741.md,entry-0663
جریان آب,جریان آب,339,آب,اسم,3240,entries/0302-0437.md,entry-0339
جریان آب مخالف,جریان آب مخالف,240,روبرو 240#,اسم,2314,entries/0194-0301.md,entry-0240
جریان برق متناوب,جریان برق متناوب,141,دوره‌ای بودن: نظم دروقوع و تکرار آن,اسم,1299,entries/0091-0193.md,entry-0141
جریان تند,جریان تند,663,ورطه . مهلکه: مایۀ خطر,اسم,6286,entries/0651-0741.md,entry-0663
جریان داشتن,جریان داشتن,111,طی: زمان نامعین,فعل,1043,entries/0091-0193.md,entry-0111
جریان داشتن,جریان داشتن,350,نهر . باران: آب درجریان 350#,فعل,3317,entries/0302-0437.md,entry-0350
جریان داشتن,جریان داشتن,352,باد: جریان هوا,فعل,3334,entries/0302-0437.md,entry-0352
جریان داشتن,جریان داشتن,401,صدای کوتاه,فعل,3765,entries/0302-0437.md,entry-0401
جریان داشتن,جریان داشتن,637,وفور,فعل,5993,entries/0544-0650.md,entry-0637
جریان دعوی,جریان دعوی,959,دادخواهی,اسم,9075,entries/0851-0969.md,entry-0959
جریان زمان,جریان زمان,111,طی: زمان نامعین,اسم,1041,entries/0091-0193.md,entry-0111
جریان متناوب,جریان متناوب,160,توان 160#,اسم,1499,entries/0091-0193.md,entry-0160
جریان مستقیم,جریان مستقیم,160,توان 160#,اسم,1499,entries/0091-0193.md,entry-0160
جریان معمول کار دادگاه,جریان معمول کار دادگاه,953,قانونیت,اسم,9023,entries/0851-0969.md,entry-0953
جریان نداشتن,جریان نداشتن,266,عدم تحرک,فعل,2559,entries/0194-0301.md,entry-0266
جریان نداشتن,جریان نداشتن,352,باد: جریان هوا,فعل,3334,entries/0302-0437.md,entry-0352
جریان هوا,جریان هوا,352,باد: جریان هوا,اسم,3329,entries/0302-0437.md,entry-0352
جریان چپ,جریان چپ,242,چپ,اسم,2326,entries/0194-0301.md,entry-0242
جریان کار در دادگاه,جریان کار در دادگاه,959,دادخواهی,اسم,9075,entries/0851-0969.md,entry-0959
جریان‌دار,جریان‌دار,111,طی: زمان نامعین,صفت,1042,entries/0091-0193.md,entry-0111
جریان‌دار,جریان‌دار,350,نهر . باران: آب درجریان 350#,صفت,3316,entries/0302-0437.md,entry-0350
جریمه,جریمه,37,کاهش,اسم,375,entries/0001-0090.md,entry-0037
جریمه,جریمه,42,رقم کاهنده: چیزی که کسر می شود,اسم,412,entries/0001-0090.md,entry-0042
جریمه,جریمه,150,جایگزینی: گذاشتن چیزی درجای دیگری,اسم,1385,entries/0091-0193.md,entry-0150
جریمه,جریمه,804,پرداخت,اسم,7600,entries/0742-0850.md,entry-0804
جریمه,جریمه,963,مجازات . تنبیه,اسم,9107,entries/0851-0969.md,entry-0963
جریمه کردن,جریمه کردن,809,قیمت,فعل,7650,entries/0742-0850.md,entry-0809
جریمۀ رانندگی,جریمۀ رانندگی,963,مجازات . تنبیه,اسم,9110,entries/0851-0969.md,entry-0963
جز آن,جز آن,14,مغایرت . دیگر بودن,اسم,151,entries/0001-0090.md,entry-0014
جز آن‌که,جز آن‌که,57,بیرون گذاشتن,قید,585,entries/0001-0090.md,entry-0057
جز او,جز او,14,مغایرت . دیگر بودن,اسم,151,entries/0001-0090.md,entry-0014
جزء,جزء,27,درجه: مقدار نسبی,اسم,270,entries/0001-0090.md,entry-0027
جزء,جزء,33,کوچکی,اسم,335,entries/0001-0090.md,entry-0033
جزء,جزء,53,جزء,اسم,538,entries/0001-0090.md,entry-0053
جزء,جزء,55,ناقص . نقصان (کامل نبودن),اسم,561,entries/0001-0090.md,entry-0055
جزء,جزء,58,داخلی بودن . قطعه,اسم,590,entries/0001-0090.md,entry-0058
جزء,جزء,77,طبقه‌بندی . تعیین,اسم,773,entries/0001-0090.md,entry-0077
جزء,جزء,88,وحدت,اسم,892,entries/0001-0090.md,entry-0088
جزء,جزء,102,کسر,اسم,965,entries/0091-0193.md,entry-0102
جزء,جزء,783,تسهیم,اسم,7426,entries/0742-0850.md,entry-0783
جزء اساسی,جزء اساسی,3,جوهر,اسم,53,entries/0001-0090.md,entry-0003
جزء اساسی,جزء اساسی,5,عرضیت,اسم,65,entries/0001-0090.md,entry-0005
جزء اساسی,جزء اساسی,225,مرکز,اسم,2162,entries/0194-0301.md,entry-0225
جزء اساسی,جزء اساسی,638,اهمیت,اسم,6000,entries/0544-0650.md,entry-0638
جزء الفبا,جزء الفبا,558,حرف,اسم,5250,entries/0544-0650.md,entry-0558
جزء ترکیبی,جزء ترکیبی,43,آمیختگی 43#,اسم,418,entries/0001-0090.md,entry-0043
جزء ترکیبی,جزء ترکیبی,58,داخلی بودن . قطعه,اسم,590,entries/0001-0090.md,entry-0058
جزء ترکیبی,جزء ترکیبی,331,ساختاریافتگی,اسم,3183,entries/0302-0437.md,entry-0331
جزء تشکیل‌دهنده,جزء تشکیل‌دهنده,5,عرضیت,اسم,65,entries/0001-0090.md,entry-0005
جزء خود شمردن,جزء خود شمردن,78,شمول . دربر داشتن,اسم,782,entries/0001-0090.md,entry-0078
جزء سازا,جزء سازا,58,داخلی بودن . قطعه,اسم,590,entries/0001-0090.md,entry-0058
جزء سازا,جزء سازا,193,مظروف,اسم,1842,entries/0091-0193.md,entry-0193
جزء سازنده,جزء سازنده,43,آمیختگی 43#,اسم,418,entries/0001-0090.md,entry-0043
جزء سازنده,جزء سازنده,58,داخلی بودن . قطعه,اسم,590,entries/0001-0090.md,entry-0058
جزء سازنده,جزء سازنده,193,مظروف,اسم,1842,entries/0091-0193.md,entry-0193
جزء لازم,جزء لازم,5,عرضیت,صفت,69,entries/0001-0090.md,entry-0005
جزء ماهوی,جزء ماهوی,1,وجود (هستی),اسم,28,entries/0001-0090.md,entry-0001
جزء مهم,جزء مهم,5,عرضیت,اسم,65,entries/0001-0090.md,entry-0005
جزء گروهی به‌حساب آوردن,جزء گروهی به‌حساب آوردن,78,شمول . دربر داشتن,فعل,787,entries/0001-0090.md,entry-0078
جزءترکیبی,جزءترکیبی,53,جزء,اسم,542,entries/0001-0090.md,entry-0053
جزءترکیبی,جزءترکیبی,58,داخلی بودن . قطعه,اسم,590,entries/0001-0090.md,entry-0058
جزءترکیبی,جزءترکیبی,74,تجمع . گردآوری,اسم,749,entries/0001-0090.md,entry-0074
جزئاً,جزئاً,53,جزء,قید,546,entries/0001-0090.md,entry-0053
جزئی,جزئی,53,جزء,صفت,544,entries/0001-0090.md,entry-0053
جزئی,جزئی,55,ناقص . نقصان (کامل نبودن),صفت,562,entries/0001-0090.md,entry-0055
جزئی,جزئی,325,رقت . کمیابی,صفت,3142,entries/0302-0437.md,entry-0325
جزئی,جزئی,726,عدم تکمیل,صفت,6892,entries/0651-0741.md,entry-0726
جزئیات,جزئیات,808,حسابداری,اسم,7635,entries/0742-0850.md,entry-0808
جزئیات,جزئیات,838,ملال . کسلی,اسم,7957,entries/0742-0850.md,entry-0838
جزا,جزا,714,تلافی,اسم,6755,entries/0651-0741.md,entry-0714
جزا,جزا,729,جایزه,اسم,6925,entries/0651-0741.md,entry-0729
جزا,جزا,962,پاداش,اسم,9099,entries/0851-0969.md,entry-0962
جزا,جزا,963,مجازات . تنبیه,اسم,9107,entries/0851-0969.md,entry-0963
جزای بدی,جزای بدی,963,مجازات . تنبیه,اسم,9107,entries/0851-0969.md,entry-0963
جزای نقدی,جزای نقدی,963,مجازات . تنبیه,اسم,9107,entries/0851-0969.md,entry-0963
جزای نیکی,جزای نیکی,962,پاداش,اسم,9099,entries/0851-0969.md,entry-0962
جزاین,جزاین,14,مغایرت . دیگر بودن,قید,155,entries/0001-0090.md,entry-0014
جزایی,جزایی,714,تلافی,صفت,6756,entries/0651-0741.md,entry-0714
جزایی,جزایی,963,مجازات . تنبیه,صفت,9112,entries/0851-0969.md,entry-0963
جزجز کردن,جزجز کردن,406,صدای نرم,اسم,3788,entries/0302-0437.md,entry-0406
جزر,جزر,286,پسروی . پسرفت,اسم,2744,entries/0194-0301.md,entry-0286
جزر,جزر,290,دور شدن 290#,اسم,2774,entries/0194-0301.md,entry-0290
جزرومد,جزرومد,141,دوره‌ای بودن: نظم دروقوع و تکرار آن,اسم,1299,entries/0091-0193.md,entry-0141
جزرومد,جزرومد,317,نوسان,اسم,3040,entries/0302-0437.md,entry-0317
جزرومد,جزرومد,350,نهر . باران: آب درجریان 350#,اسم,3313,entries/0302-0437.md,entry-0350
جزم,جزم,473,قطعیت,اسم,4388,entries/0438-0543.md,entry-0473
جزم,جزم,602,سرسختی . یکدندگی,صفت,5637,entries/0544-0650.md,entry-0602
جزمی,جزمی,473,قطعیت,اسم,4390,entries/0438-0543.md,entry-0473
جزمیت,جزمیت,473,قطعیت,اسم,4388,entries/0438-0543.md,entry-0473
جزو,جزو,975,وحی . پیامبر,اسم,9212,entries/0970-0991.md,entry-0975
جزوه,جزوه,548,پیشینه,اسم,5171,entries/0544-0650.md,entry-0548
جزوه,جزوه,589,کتاب,اسم,5471,entries/0544-0650.md,entry-0589
جزیرة‌العرب,جزیرة‌العرب,349,جزیره,اسم,3309,entries/0302-0437.md,entry-0349
جزیره,جزیره,184,منطقه: فضای معین,اسم,1746,entries/0091-0193.md,entry-0184
جزیره,جزیره,254,برجستگی,اسم,2436,entries/0194-0301.md,entry-0254
جزیره,جزیره,344,زمین,اسم,3283,entries/0302-0437.md,entry-0344
جزیره,جزیره,349,جزیره,اسم,3309,entries/0302-0437.md,entry-0349
جزیرۀ مرجانی,جزیرۀ مرجانی,349,جزیره,اسم,3309,entries/0302-0437.md,entry-0349
جزیل,جزیل,101,چندبرابری,صفت,960,entries/0091-0193.md,entry-0101
جزیل,جزیل,635,کفایت,صفت,5970,entries/0544-0650.md,entry-0635
جزیل,جزیل,637,وفور,صفت,5992,entries/0544-0650.md,entry-0637
جزیه,جزیه,804,پرداخت,اسم,7600,entries/0742-0850.md,entry-0804
جزیه,جزیه,963,مجازات . تنبیه,اسم,9110,entries/0851-0969.md,entry-0963
جزیی,جزیی,33,کوچکی,صفت,338,entries/0001-0090.md,entry-0033
جزیی,جزیی,196,خُردی,صفت,1898,entries/0194-0301.md,entry-0196
جزیی,جزیی,639,عدم اهمیت,صفت,6015,entries/0544-0650.md,entry-0639
جزیی از چیزی بودن,جزیی از چیزی بودن,1,وجود (هستی),فعل,31,entries/0001-0090.md,entry-0001
جزییات,جزییات,80,ویژگی . خاص بودن 80#,اسم,805,entries/0001-0090.md,entry-0080
جزییات اضافی,جزییات اضافی,570,طول‌وتفصیل 570#,اسم,5334,entries/0544-0650.md,entry-0570
جسارت,جسارت,671,مبادرت . اقدام,اسم,6360,entries/0651-0741.md,entry-0671
جسارت,جسارت,711,اعلان جنگ . چالش,اسم,6720,entries/0651-0741.md,entry-0711
جسارت,جسارت,855,شجاعت,اسم,8121,entries/0851-0969.md,entry-0855
جسارت,جسارت,878,گستاخی,اسم,8338,entries/0851-0969.md,entry-0878
جسارت نسبت به‌مقدسات,جسارت نسبت به‌مقدسات,980,بی‌تقوایی 980#,اسم,9264,entries/0970-0991.md,entry-0980
جسارت کردن,جسارت کردن,671,مبادرت . اقدام,فعل,6366,entries/0651-0741.md,entry-0671
جسارت کردن,جسارت کردن,855,شجاعت,فعل,8128,entries/0851-0969.md,entry-0855
جست,جست,265,حرکت 265#,اسم,2546,entries/0194-0301.md,entry-0265
جست,جست,312,پرش . جهش,اسم,3001,entries/0302-0437.md,entry-0312
جستجو,جستجو,438,دید . بینایی,اسم,4032,entries/0438-0543.md,entry-0438
جستجو,جستجو,453,کنجکاوی: میل به‌دانش,اسم,4183,entries/0438-0543.md,entry-0453
جستجو,جستجو,459,پرسش,اسم,4249,entries/0438-0543.md,entry-0459
جستجو,جستجو,484,کشف,اسم,4514,entries/0438-0543.md,entry-0484
جستجو,جستجو,619,پیگیری,اسم,5819,entries/0544-0650.md,entry-0619
جستجو کردن,جستجو کردن,255,تقعر,فعل,2450,entries/0194-0301.md,entry-0255
جستجو کردن,جستجو کردن,304,استخراج,فعل,2937,entries/0302-0437.md,entry-0304
جستجو کردن,جستجو کردن,453,کنجکاوی: میل به‌دانش,فعل,4186,entries/0438-0543.md,entry-0453
جستجو کردن,جستجو کردن,459,پرسش,فعل,4258,entries/0438-0543.md,entry-0459
جستجوکننده,جستجوکننده,453,کنجکاوی: میل به‌دانش,اسم,4184,entries/0438-0543.md,entry-0453
جستجوکنندۀ علوم پوشیده,جستجوکنندۀ علوم پوشیده,984,حس ششم . عالم غیب,اسم,9309,entries/0970-0991.md,entry-0984
جستجوگر,جستجوگر,453,کنجکاوی: میل به‌دانش,صفت,4185,entries/0438-0543.md,entry-0453
جستجوگر,جستجوگر,619,پیگیری,صفت,5823,entries/0544-0650.md,entry-0619
جستن,جستن,277,سرعت,فعل,2666,entries/0194-0301.md,entry-0277
جستن,جستن,619,پیگیری,فعل,5824,entries/0544-0650.md,entry-0619
جسته,جسته,667,فرار,صفت,6317,entries/0651-0741.md,entry-0667
جسته گریخته,جسته گریخته,142,هرازگاه: بی‌نظمی در وقوع,صفت,1312,entries/0091-0193.md,entry-0142
جست‌وخیز,جست‌وخیز,142,هرازگاه: بی‌نظمی در وقوع,اسم,1311,entries/0091-0193.md,entry-0142
جست‌وخیز,جست‌وخیز,312,پرش . جهش,اسم,3001,entries/0302-0437.md,entry-0312
جست‌وخیز,جست‌وخیز,328,کشش‌پذیری . فنر,اسم,3165,entries/0302-0437.md,entry-0328
جست‌وخیز کردن,جست‌وخیز کردن,152,تغییرپذیری,فعل,1406,entries/0091-0193.md,entry-0152
جست‌وخیزکنان,جست‌وخیزکنان,312,پرش . جهش,صفت,3003,entries/0302-0437.md,entry-0312
جست‌وخیزکننده,جست‌وخیزکننده,328,کشش‌پذیری . فنر,صفت,3166,entries/0302-0437.md,entry-0328
جسد,جسد,51,تجزیه,اسم,517,entries/0001-0090.md,entry-0051
جسد,جسد,361,مرگ,اسم,3415,entries/0302-0437.md,entry-0361
جسد,جسد,363,جسد,اسم,3437,entries/0302-0437.md,entry-0363
جسد,جسد,371,انسان,اسم,3527,entries/0302-0437.md,entry-0371
جسد مقتول,جسد مقتول,363,جسد,اسم,3437,entries/0302-0437.md,entry-0363
جسم,جسم,3,جوهر,اسم,53,entries/0001-0090.md,entry-0003
جسم,جسم,319,مادیت 319#,اسم,3067,entries/0302-0437.md,entry-0319
جسم,جسم,324,تراکم . چگالی 324#,اسم,3133,entries/0302-0437.md,entry-0324
جسم,جسم,331,ساختاریافتگی,اسم,3183,entries/0302-0437.md,entry-0331
جسم,جسم,358,ارگانیسم: موجودات زنده 358#,اسم,3388,entries/0302-0437.md,entry-0358
جسم جامد: سنگ,جسم جامد: سنگ,324,تراکم . چگالی 324#,اسم,3133,entries/0302-0437.md,entry-0324
جسم سیاه,جسم سیاه,417,روشنی,اسم,3881,entries/0302-0437.md,entry-0417
جسم معلق,جسم معلق,217,آویزانی,اسم,2079,entries/0194-0301.md,entry-0217
جسم منتقل‌شده,جسم منتقل‌شده,188,نقل مکان . انتقال,اسم,1778,entries/0091-0193.md,entry-0188
جسم منتقل‌شده,جسم منتقل‌شده,193,مظروف,اسم,1842,entries/0091-0193.md,entry-0193
جسم منتقل‌شده,جسم منتقل‌شده,267,مسافرت زمینی,اسم,2574,entries/0194-0301.md,entry-0267
جسم منتقل‌شده,جسم منتقل‌شده,272,حمل . ترابری,اسم,2619,entries/0194-0301.md,entry-0272
جسم نارسانا,جسم نارسانا,231,میان,اسم,2240,entries/0194-0301.md,entry-0231
جسم نورانی,جسم نورانی,420,روشنایی 420#,اسم,3909,entries/0302-0437.md,entry-0420
جسم هادی,جسم هادی,230,محیط 230#,اسم,2232,entries/0194-0301.md,entry-0230
جسم کروی,جسم کروی,252,کره . کروی بودن,اسم,2416,entries/0194-0301.md,entry-0252
جسمانی,جسمانی,944,نفس‌پرستی,صفت,8952,entries/0851-0969.md,entry-0944
جسمی,جسمی,3,جوهر,صفت,54,entries/0001-0090.md,entry-0003
جسمی,جسمی,358,ارگانیسم: موجودات زنده 358#,صفت,3391,entries/0302-0437.md,entry-0358
جسمیت,جسمیت,3,جوهر,اسم,52,entries/0001-0090.md,entry-0003
جسمیت,جسمیت,203,درازی (طول),اسم,1958,entries/0194-0301.md,entry-0203
جسور,جسور,84,عدم تطبیق,صفت,849,entries/0001-0090.md,entry-0084
جسور,جسور,671,مبادرت . اقدام,صفت,6364,entries/0651-0741.md,entry-0671
جسور,جسور,711,اعلان جنگ . چالش,صفت,6721,entries/0651-0741.md,entry-0711
جسور,جسور,855,شجاعت,صفت,8125,entries/0851-0969.md,entry-0855
جسور,جسور,878,گستاخی,صفت,8340,entries/0851-0969.md,entry-0878
جسور,جسور,900,تهدید 900#,صفت,8566,entries/0851-0969.md,entry-0900
جسور بودن,جسور بودن,661,خطر,فعل,6274,entries/0651-0741.md,entry-0661
جسور بودن,جسور بودن,672,مأموریت,فعل,6375,entries/0651-0741.md,entry-0672
جسور بودن,جسور بودن,855,شجاعت,فعل,8127,entries/0851-0969.md,entry-0855
جسور شدن,جسور شدن,855,شجاعت,فعل,8128,entries/0851-0969.md,entry-0855
جشن,جشن,73,ردیف 73#,اسم,736,entries/0001-0090.md,entry-0073
جشن,جشن,74,تجمع . گردآوری,اسم,745,entries/0001-0090.md,entry-0074
جشن,جشن,141,دوره‌ای بودن: نظم دروقوع و تکرار آن,اسم,1301,entries/0091-0193.md,entry-0141
جشن,جشن,301,غذا: خوردن و نوشیدن,اسم,2874,entries/0194-0301.md,entry-0301
جشن,جشن,824,خوشی,اسم,7788,entries/0742-0850.md,entry-0824
جشن,جشن,835,شادمانی,اسم,7899,entries/0742-0850.md,entry-0835
جشن,جشن,837,سرگرمی,اسم,7921,entries/0742-0850.md,entry-0837
جشن,جشن,875,فخرفروشی,اسم,8315,entries/0851-0969.md,entry-0875
جشن,جشن,876,نگهداشت,اسم,8323,entries/0851-0969.md,entry-0876
جشن,جشن,920,احترام 920#,اسم,8737,entries/0851-0969.md,entry-0920
جشن,جشن,988,مراسم مذهبی,اسم,9341,entries/0970-0991.md,entry-0988
جشن تولد,جشن تولد,141,دوره‌ای بودن: نظم دروقوع و تکرار آن,اسم,1301,entries/0091-0193.md,entry-0141
جشن تولد,جشن تولد,837,سرگرمی,اسم,7921,entries/0742-0850.md,entry-0837
جشن تکلیف,جشن تکلیف,134,بلوغ,اسم,1233,entries/0091-0193.md,entry-0134
جشن تکلیف,جشن تکلیف,837,سرگرمی,اسم,7921,entries/0742-0850.md,entry-0837
جشن مهرگان,جشن مهرگان,129,عصر . پاییز . زمستان,اسم,1198,entries/0091-0193.md,entry-0129
جشن گرفتن,جشن گرفتن,835,شادمانی,فعل,7903,entries/0742-0850.md,entry-0835
جشن گرفتن,جشن گرفتن,837,سرگرمی,اسم,7921,entries/0742-0850.md,entry-0837
جشن گرفتن,جشن گرفتن,876,نگهداشت,فعل,8326,entries/0851-0969.md,entry-0876
جشنواره,جشنواره,74,تجمع . گردآوری,اسم,745,entries/0001-0090.md,entry-0074
جشنواره,جشنواره,837,سرگرمی,اسم,7921,entries/0742-0850.md,entry-0837
جشنواره,جشنواره,875,فخرفروشی,اسم,8315,entries/0851-0969.md,entry-0875
جشنواره,جشنواره,876,نگهداشت,اسم,8324,entries/0851-0969.md,entry-0876
جشنواره,جشنواره,988,مراسم مذهبی,اسم,9341,entries/0970-0991.md,entry-0988
جشنی,جشنی,837,سرگرمی,صفت,7947,entries/0742-0850.md,entry-0837
جشنی,جشنی,876,نگهداشت,صفت,8325,entries/0851-0969.md,entry-0876
جضرت حق,جضرت حق,991,عرفان,اسم,9369,entries/0970-0991.md,entry-0991
جعال,جعال,771,اکتساب,اسم,7307,entries/0742-0850.md,entry-0771
جعاله,جعاله,784,اعطای وام . قرض دادن,اسم,7433,entries/0742-0850.md,entry-0784
جعبه,جعبه,194,ظرف,اسم,1847,entries/0194-0301.md,entry-0194
جعبه,جعبه,226,پوشش,اسم,2172,entries/0194-0301.md,entry-0226
جعبه,جعبه,235,دیوار,اسم,2274,entries/0194-0301.md,entry-0235
جعبه کبریت,جعبه کبریت,194,ظرف,اسم,1854,entries/0194-0301.md,entry-0194
جعبۀ (کیسۀ) مارگیری,جعبۀ (کیسۀ) مارگیری,542,فریب,اسم,5101,entries/0438-0543.md,entry-0542
جعبۀ ارتعاش,جعبۀ ارتعاش,404,تشدید ارتعاش,اسم,3779,entries/0302-0437.md,entry-0404
جعبۀ دوربین,جعبۀ دوربین,551,تجسم,اسم,5199,entries/0544-0650.md,entry-0551
جعبۀ مقوایی,جعبۀ مقوایی,194,ظرف,اسم,1854,entries/0194-0301.md,entry-0194
جعبۀ پلاستیکی,جعبۀ پلاستیکی,194,ظرف,اسم,1854,entries/0194-0301.md,entry-0194
جعبۀ کوچک,جعبۀ کوچک,194,ظرف,اسم,1853,entries/0194-0301.md,entry-0194
جعد,جعد,251,پیچ‌وتاب : دایره‌ای بودن پیچیده,اسم,2403,entries/0194-0301.md,entry-0251
جعد,جعد,259,زبری,اسم,2482,entries/0194-0301.md,entry-0259
جعد گیسو,جعد گیسو,887,عشق,اسم,8431,entries/0851-0969.md,entry-0887
جعفری,جعفری,251,پیچ‌وتاب : دایره‌ای بودن پیچیده,اسم,2404,entries/0194-0301.md,entry-0251
جعفری,جعفری,273,حمل‌کننده,اسم,2632,entries/0194-0301.md,entry-0273
جعفری,جعفری,301,غذا: خوردن و نوشیدن,اسم,2896,entries/0194-0301.md,entry-0301
جعل,جعل,543,غیرحقیقت,اسم,5115,entries/0438-0543.md,entry-0543
جعل,جعل,962,پاداش,اسم,9099,entries/0851-0969.md,entry-0962
جعل اسناد,جعل اسناد,541,دروغگویی,اسم,5087,entries/0438-0543.md,entry-0541
جعل کردن,جعل کردن,20,تقلید (نسخه‌برداری) 20#,فعل,206,entries/0001-0090.md,entry-0020
جعل کردن,جعل کردن,541,دروغگویی,فعل,5092,entries/0438-0543.md,entry-0541
جعل کردن,جعل کردن,542,فریب,فعل,5107,entries/0438-0543.md,entry-0542
جعل کردن,جعل کردن,552,تجسم غیرواقعی,فعل,5210,entries/0544-0650.md,entry-0552
جعلی,جعلی,2,عدم (نیستی),صفت,40,entries/0001-0090.md,entry-0002
جعلی,جعلی,18,تشابه,صفت,186,entries/0001-0090.md,entry-0018
جعلی,جعلی,20,تقلید (نسخه‌برداری) 20#,صفت,204,entries/0001-0090.md,entry-0020
جعلی,جعلی,445,پدیداری . ظاهر,صفت,4097,entries/0438-0543.md,entry-0445
جعلی,جعلی,535,بدآموزی,صفت,5045,entries/0438-0543.md,entry-0535
جعلی,جعلی,541,دروغگویی,صفت,5089,entries/0438-0543.md,entry-0541
جعلی,جعلی,542,فریب,صفت,5105,entries/0438-0543.md,entry-0542
جعلی,جعلی,543,غیرحقیقت,صفت,5118,entries/0438-0543.md,entry-0543
جغد,جغد,365,حیوانات,اسم,3457,entries/0302-0437.md,entry-0365
جغرافیا,جغرافیا,230,محیط 230#,اسم,2232,entries/0194-0301.md,entry-0230
جغرافیا,جغرافیا,321,کیهان,اسم,3086,entries/0302-0437.md,entry-0321
جغرافیا,جغرافیا,343,دریا . اقیانوس,اسم,3278,entries/0302-0437.md,entry-0343
جغرافیا,جغرافیا,344,زمین,اسم,3283,entries/0302-0437.md,entry-0344
جغرافیا,جغرافیا,359,کانیها . معدن,اسم,3398,entries/0302-0437.md,entry-0359
جغرافیا,جغرافیا,551,تجسم,اسم,5200,entries/0544-0650.md,entry-0551
جغرافیای جمعیتی,جغرافیای جمعیتی,344,زمین,اسم,3284,entries/0302-0437.md,entry-0344
جغرافیایی,جغرافیایی,321,کیهان,صفت,3101,entries/0302-0437.md,entry-0321
جغرافیدان,جغرافیدان,344,زمین,اسم,3284,entries/0302-0437.md,entry-0344
جفا,جفا,738,سرپیچی . عصیان,اسم,7021,entries/0651-0741.md,entry-0738
جفا,جفا,769,عدم رعایت,اسم,7280,entries/0742-0850.md,entry-0769
جفا,جفا,898,بدخواهی . اذیت,اسم,8541,entries/0851-0969.md,entry-0898
جفت,جفت,11,خویشاوندی: بستگی خونی,اسم,128,entries/0001-0090.md,entry-0011
جفت,جفت,18,تشابه,اسم,183,entries/0001-0090.md,entry-0018
جفت,جفت,22,نسخه . کپی,اسم,222,entries/0001-0090.md,entry-0022
جفت,جفت,28,برابری: یکسانی مقدار یا درجه,اسم,284,entries/0001-0090.md,entry-0028
جفت,جفت,50,ترکیب 50#,اسم,508,entries/0001-0090.md,entry-0050
جفت,جفت,74,تجمع . گردآوری,اسم,746,entries/0001-0090.md,entry-0074
جفت,جفت,85,عدد 85#,اسم,860,entries/0001-0090.md,entry-0085
جفت,جفت,90,دوگانگی 90#,اسم,910,entries/0001-0090.md,entry-0090
جفت,جفت,92,یک‌دوم,اسم,923,entries/0091-0193.md,entry-0092
جفت,جفت,132,جوان,اسم,1221,entries/0091-0193.md,entry-0132
جفت,جفت,150,جایگزینی: گذاشتن چیزی درجای دیگری,صفت,1386,entries/0091-0193.md,entry-0150
جفت,جفت,167,زادوولد,اسم,1581,entries/0091-0193.md,entry-0167
جفت,جفت,894,ازدواج,اسم,8505,entries/0851-0969.md,entry-0894
جفت (جور) بودن,جفت (جور) بودن,24,سازگاری,فعل,241,entries/0001-0090.md,entry-0024
جفت بودن,جفت بودن,18,تشابه,فعل,187,entries/0001-0090.md,entry-0018
جفت بودن,جفت بودن,90,دوگانگی 90#,فعل,912,entries/0001-0090.md,entry-0090
جفت شدن,جفت شدن,24,سازگاری,فعل,241,entries/0001-0090.md,entry-0024
جفت شدن,جفت شدن,45,اتحاد . پیوستگی,فعل,457,entries/0001-0090.md,entry-0045
جفت شدن,جفت شدن,166,تولید مثل,فعل,1576,entries/0091-0193.md,entry-0166
جفت شدن,جفت شدن,894,ازدواج,فعل,8512,entries/0851-0969.md,entry-0894
جفت شده,جفت شده,28,برابری: یکسانی مقدار یا درجه,صفت,285,entries/0001-0090.md,entry-0028
جفت کردن,جفت کردن,28,برابری: یکسانی مقدار یا درجه,فعل,288,entries/0001-0090.md,entry-0028
جفت کردن,جفت کردن,45,اتحاد . پیوستگی,فعل,451,entries/0001-0090.md,entry-0045
جفت کردن,جفت کردن,90,دوگانگی 90#,فعل,912,entries/0001-0090.md,entry-0090
جفت کردن,جفت کردن,166,تولید مثل,فعل,1576,entries/0091-0193.md,entry-0166
جفت کردن,جفت کردن,894,ازدواج,فعل,8511,entries/0851-0969.md,entry-0894
جفتک,جفتک,280,پس‌نشینی 280#,اسم,2697,entries/0194-0301.md,entry-0280
جفتک انداختن,جفتک انداختن,280,پس‌نشینی 280#,فعل,2699,entries/0194-0301.md,entry-0280
جفتک چارکش,جفتک چارکش,837,سرگرمی,اسم,7930,entries/0742-0850.md,entry-0837
جفتگیری,جفتگیری,45,اتحاد . پیوستگی,اسم,445,entries/0001-0090.md,entry-0045
جفتگیری,جفتگیری,166,تولید مثل,اسم,1573,entries/0091-0193.md,entry-0166
جفت‌شدن,جفت‌شدن,45,اتحاد . پیوستگی,اسم,445,entries/0001-0090.md,entry-0045
جفت‌شدن,جفت‌شدن,166,تولید مثل,اسم,1574,entries/0091-0193.md,entry-0166
جفت‌وجور,جفت‌وجور,24,سازگاری,صفت,237,entries/0001-0090.md,entry-0024
جفنگ,جفنگ,477,سفسطه . تناقض,اسم,4443,entries/0438-0543.md,entry-0477
جفنگ,جفنگ,515,بی‌معنایی,اسم,4829,entries/0438-0543.md,entry-0515
جفنگ,جفنگ,899,نفرین,اسم,8554,entries/0851-0969.md,entry-0899
جل,جل,228,پوشاک . پوشیدن,اسم,2195,entries/0194-0301.md,entry-0228
جل,جل,273,حمل‌کننده,اسم,2632,entries/0194-0301.md,entry-0273
جلا,جلا,417,روشنی,اسم,3877,entries/0302-0437.md,entry-0417
جلا دادن,جلا دادن,258,صافی (صاف بودن) 258#,فعل,2476,entries/0194-0301.md,entry-0258
جلا دادن,جلا دادن,357,روغن . چربی,فعل,3374,entries/0302-0437.md,entry-0357
جلا دادن,جلا دادن,417,روشنی,فعل,3885,entries/0302-0437.md,entry-0417
جلا دادن,جلا دادن,420,روشنایی 420#,فعل,3916,entries/0302-0437.md,entry-0420
جلاد,جلاد,362,کُشتن,اسم,3429,entries/0302-0437.md,entry-0362
جلاد,جلاد,904,بدکار,اسم,8592,entries/0851-0969.md,entry-0904
جلاد,جلاد,906,بیرحمی,صفت,8613,entries/0851-0969.md,entry-0906
جلاد,جلاد,963,مجازات . تنبیه,اسم,9107,entries/0851-0969.md,entry-0963
جلادار,جلادار,417,روشنی,صفت,3884,entries/0302-0437.md,entry-0417
جلادار,جلادار,422,شفاف,صفت,3930,entries/0302-0437.md,entry-0422
جلال,جلال,32,بزرگی,اسم,320,entries/0001-0090.md,entry-0032
جلال,جلال,73,ردیف 73#,اسم,734,entries/0001-0090.md,entry-0073
جلال,جلال,306,زیاده‌روی . فزونی (حرکت فراتر),اسم,2951,entries/0302-0437.md,entry-0306
جلال,جلال,445,پدیداری . ظاهر,اسم,4093,entries/0438-0543.md,entry-0445
جلال,جلال,733,اقتدار 733#,اسم,6960,entries/0651-0741.md,entry-0733
جلال,جلال,800,ثروت 800#,اسم,7563,entries/0742-0850.md,entry-0800
جلال,جلال,841,زیبایی,اسم,7979,entries/0742-0850.md,entry-0841
جلال,جلال,854,ترس,اسم,8109,entries/0851-0969.md,entry-0854
جلال,جلال,866,خوش‌نامی,اسم,8220,entries/0851-0969.md,entry-0866
جلال,جلال,875,فخرفروشی,اسم,8313,entries/0851-0969.md,entry-0875
جلال,جلال,920,احترام 920#,اسم,8736,entries/0851-0969.md,entry-0920
جلال خداوندی,جلال خداوندی,965,ذات خداوندی,اسم,9139,entries/0851-0969.md,entry-0965
جلای میهن کرده,جلای میهن کرده,300,دفع . طرد 300#,اسم,2858,entries/0194-0301.md,entry-0300
جلب,جلب,288,کشش,اسم,2761,entries/0194-0301.md,entry-0288
جلب,جلب,291,جاذبه,اسم,2780,entries/0194-0301.md,entry-0291
جلب,جلب,747,تحدید . خودداری,اسم,7112,entries/0742-0850.md,entry-0747
جلب,جلب,930,نادرستی 930#,صفت,8847,entries/0851-0969.md,entry-0930
جلب احترام کردن,جلب احترام کردن,638,اهمیت,فعل,6004,entries/0544-0650.md,entry-0638
جلب احترام کردن,جلب احترام کردن,866,خوش‌نامی,فعل,8227,entries/0851-0969.md,entry-0866
جلب احترام کردن,جلب احترام کردن,920,احترام 920#,فعل,8742,entries/0851-0969.md,entry-0920
جلب ترحم,جلب ترحم,905,دلسوزی . ترحم,اسم,8600,entries/0851-0969.md,entry-0905
جلب ترحم,جلب ترحم,941,دلجویی . پوزش,اسم,8928,entries/0851-0969.md,entry-0941
جلب توجه کردن,جلب توجه کردن,455,توجه,فعل,4203,entries/0438-0543.md,entry-0455
جلب توجه کردن,جلب توجه کردن,547,دلالت,فعل,5166,entries/0544-0650.md,entry-0547
جلب توجه کردن,جلب توجه کردن,638,اهمیت,فعل,6004,entries/0544-0650.md,entry-0638
جلب توجه کردن,جلب توجه کردن,821,تهییج,فعل,7758,entries/0742-0850.md,entry-0821
جلب رضایت,جلب رضایت,656,بازسازی,اسم,6197,entries/0651-0741.md,entry-0656
جلب رضایت,جلب رضایت,941,دلجویی . پوزش,اسم,8928,entries/0851-0969.md,entry-0941
جلب کردن,جلب کردن,288,کشش,فعل,2763,entries/0194-0301.md,entry-0288
جلب کردن,جلب کردن,291,جاذبه,فعل,2783,entries/0194-0301.md,entry-0291
جلب کردن,جلب کردن,456,بی‌توجهی,فعل,4215,entries/0438-0543.md,entry-0456
جلب کردن,جلب کردن,747,تحدید . خودداری,فعل,7118,entries/0742-0850.md,entry-0747
جلبک‌ها,جلبک‌ها,366,گیاهان,اسم,3474,entries/0302-0437.md,entry-0366
جلب‌شده,جلب‌شده,747,تحدید . خودداری,صفت,7115,entries/0742-0850.md,entry-0747
جلب‌کننده,جلب‌کننده,291,جاذبه,صفت,2782,entries/0194-0301.md,entry-0291
جلد,جلد,53,جزء,اسم,540,entries/0001-0090.md,entry-0053
جلد,جلد,194,ظرف,اسم,1847,entries/0194-0301.md,entry-0194
جلد,جلد,226,پوشش,اسم,2168,entries/0194-0301.md,entry-0226
جلد,جلد,230,محیط 230#,اسم,2233,entries/0194-0301.md,entry-0230
جلد,جلد,589,کتاب,اسم,5471,entries/0544-0650.md,entry-0589
جلد کردن,جلد کردن,226,پوشش,فعل,2181,entries/0194-0301.md,entry-0226
جلدشده,جلدشده,589,کتاب,صفت,5480,entries/0544-0650.md,entry-0589
جلدی,جلدی,226,پوشش,صفت,2180,entries/0194-0301.md,entry-0226
جلزوولز,جلزوولز,406,صدای نرم,اسم,3788,entries/0302-0437.md,entry-0406
جلسه,جلسه,584,محاوره,اسم,5429,entries/0544-0650.md,entry-0584
جلسه,جلسه,691,مشورت,اسم,6539,entries/0651-0741.md,entry-0691
جلسه,جلسه,959,دادخواهی,اسم,9076,entries/0851-0969.md,entry-0959
جلسه (کنفرانس) داشتن,جلسه (کنفرانس) داشتن,295,ورود,فعل,2809,entries/0194-0301.md,entry-0295
جلسۀ علنی,جلسۀ علنی,605,انتخاب,اسم,5665,entries/0544-0650.md,entry-0605
جلمبر,جلمبر,697,سرهم‌بند,اسم,6589,entries/0651-0741.md,entry-0697
جلو,جلو,64,تقدم [در ترتیب],اسم,651,entries/0001-0090.md,entry-0064
جلو,جلو,66,سرآغاز,اسم,671,entries/0001-0090.md,entry-0066
جلو,جلو,68,آغاز,اسم,683,entries/0001-0090.md,entry-0068
جلو,جلو,189,حضور,اسم,1787,entries/0091-0193.md,entry-0189
جلو,جلو,200,نزدیکی 200#,صفت,1934,entries/0194-0301.md,entry-0200
جلو,جلو,223,بیرون [فضا],اسم,2144,entries/0194-0301.md,entry-0223
جلو,جلو,237,جلو,اسم,2290,entries/0194-0301.md,entry-0237
جلو,جلو,240,روبرو 240#,اسم,2313,entries/0194-0301.md,entry-0240
جلو,جلو,249,خط مستقیم . هموار,صفت,2384,entries/0194-0301.md,entry-0249
جلو آمدن,جلو آمدن,254,برجستگی,فعل,2440,entries/0194-0301.md,entry-0254
جلو آمدن,جلو آمدن,289,نزدیک شدن (تقرب),فعل,2770,entries/0194-0301.md,entry-0289
جلو آوردن,جلو آوردن,200,نزدیکی 200#,فعل,1936,entries/0194-0301.md,entry-0200
جلو انداختن,جلو انداختن,156,علیت . علت 156#,فعل,1458,entries/0091-0193.md,entry-0156
جلو انداختن,جلو انداختن,680,عجله 680#,فعل,6458,entries/0651-0741.md,entry-0680
جلو بردن,جلو بردن,285,پیشروی,فعل,2738,entries/0194-0301.md,entry-0285
جلو بردن,جلو بردن,287,رانش,فعل,2756,entries/0194-0301.md,entry-0287
جلو بودن,جلو بودن,34,برتری,اسم,344,entries/0001-0090.md,entry-0034
جلو بودن,جلو بودن,64,تقدم [در ترتیب],فعل,653,entries/0001-0090.md,entry-0064
جلو بودن,جلو بودن,155,وقایع آتی,فعل,1437,entries/0091-0193.md,entry-0155
جلو بودن,جلو بودن,237,جلو,فعل,2293,entries/0194-0301.md,entry-0237
جلو بودن,جلو بودن,240,روبرو 240#,فعل,2316,entries/0194-0301.md,entry-0240
جلو بودن ازدیگران,جلو بودن ازدیگران,64,تقدم [در ترتیب],اسم,651,entries/0001-0090.md,entry-0064
جلو بودن ازدیگران,جلو بودن ازدیگران,119,تقدم [در زمان],اسم,1101,entries/0091-0193.md,entry-0119
جلو بودن ازدیگران,جلو بودن ازدیگران,283,پیشتازی,اسم,2721,entries/0194-0301.md,entry-0283
جلو رفتن,جلو رفتن,285,پیشروی,فعل,2737,entries/0194-0301.md,entry-0285
جلو زدن,جلو زدن,34,برتری,فعل,349,entries/0001-0090.md,entry-0034
جلو زدن,جلو زدن,119,تقدم [در زمان],فعل,1104,entries/0091-0193.md,entry-0119
جلو زدن,جلو زدن,135,تعجیل,اسم,1242,entries/0091-0193.md,entry-0135
جلو زدن,جلو زدن,277,سرعت,اسم,2664,entries/0194-0301.md,entry-0277
جلو زدن,جلو زدن,786,اخذ . گرفتن,فعل,7460,entries/0742-0850.md,entry-0786
جلوبردن,جلوبردن,265,حرکت 265#,فعل,2549,entries/0194-0301.md,entry-0265
جلوتر,جلوتر,64,تقدم [در ترتیب],صفت,652,entries/0001-0090.md,entry-0064
جلوتر,جلوتر,119,تقدم [در زمان],صفت,1102,entries/0091-0193.md,entry-0119
جلوتر رسیدن,جلوتر رسیدن,135,تعجیل,فعل,1244,entries/0091-0193.md,entry-0135
جلوتر رفتن,جلوتر رفتن,283,پیشتازی,فعل,2723,entries/0194-0301.md,entry-0283
جلوتررا دیدن,جلوتررا دیدن,124,آینده,فعل,1141,entries/0091-0193.md,entry-0124
جلوتررفتن,جلوتررفتن,64,تقدم [در ترتیب],فعل,653,entries/0001-0090.md,entry-0064
جلوخان,جلوخان,237,جلو,اسم,2290,entries/0194-0301.md,entry-0237
جلودار,جلودار,64,تقدم [در ترتیب],اسم,651,entries/0001-0090.md,entry-0064
جلودار,جلودار,520,تعبیر . تفسیر 520#,اسم,4873,entries/0438-0543.md,entry-0520
جلودار,جلودار,529,خبر,اسم,4991,entries/0438-0543.md,entry-0529
جلوداران,جلوداران,722,رزمنده,اسم,6839,entries/0651-0741.md,entry-0722
جلورونده,جلورونده,36,افزایش,صفت,368,entries/0001-0090.md,entry-0036
جلورونده,جلورونده,285,پیشروی,صفت,2736,entries/0194-0301.md,entry-0285
جلوروی,جلوروی,285,پیشروی,اسم,2735,entries/0194-0301.md,entry-0285
جلوزدن,جلوزدن,135,تعجیل,فعل,1244,entries/0091-0193.md,entry-0135
جلوزدن,جلوزدن,277,سرعت,فعل,2668,entries/0194-0301.md,entry-0277
جلوس کردن,جلوس کردن,311,تنزل: پایین آوردن,فعل,2996,entries/0302-0437.md,entry-0311
جلوه,جلوه,5,عرضیت,اسم,65,entries/0001-0090.md,entry-0005
جلوه,جلوه,445,پدیداری . ظاهر,اسم,4091,entries/0438-0543.md,entry-0445
جلوه,جلوه,522,تجلی,اسم,4894,entries/0438-0543.md,entry-0522
جلوه,جلوه,875,فخرفروشی,اسم,8313,entries/0851-0969.md,entry-0875
جلوه داشتن,جلوه داشتن,445,پدیداری . ظاهر,فعل,4098,entries/0438-0543.md,entry-0445
جلوه کردن,جلوه کردن,155,وقایع آتی,فعل,1437,entries/0091-0193.md,entry-0155
جلوه کردن,جلوه کردن,875,فخرفروشی,فعل,8319,entries/0851-0969.md,entry-0875
جلوه‌فروشی,جلوه‌فروشی,875,فخرفروشی,اسم,8313,entries/0851-0969.md,entry-0875
جلوه‌های ویژه,جلوه‌های ویژه,445,پدیداری . ظاهر,اسم,4096,entries/0438-0543.md,entry-0445
جلوه‌های ویژه,جلوه‌های ویژه,542,فریب,اسم,5101,entries/0438-0543.md,entry-0542
جلوه‌گر,جلوه‌گر,443,پیدایی,صفت,4078,entries/0438-0543.md,entry-0443
جلوه‌گر,جلوه‌گر,522,تجلی,صفت,4897,entries/0438-0543.md,entry-0522
جلوگیری,جلوگیری,237,جلو,اسم,2290,entries/0194-0301.md,entry-0237
جلوگیری,جلوگیری,607,ردّ . عدم انتخاب,اسم,5687,entries/0544-0650.md,entry-0607
جلوگیری,جلوگیری,613,بازداشتن,اسم,5755,entries/0544-0650.md,entry-0613
جلوگیری,جلوگیری,620,اجتناب620#,اسم,5829,entries/0544-0650.md,entry-0620
جلوگیری,جلوگیری,658,درمان,اسم,6219,entries/0651-0741.md,entry-0658
جلوگیری,جلوگیری,702,منع . ممانعت,اسم,6637,entries/0651-0741.md,entry-0702
جلوگیری,جلوگیری,747,تحدید . خودداری,اسم,7111,entries/0742-0850.md,entry-0747
جلوگیری,جلوگیری,757,ممنوعیت . قدغن,اسم,7188,entries/0742-0850.md,entry-0757
جلوگیری,جلوگیری,760,امتناع 760#,اسم,7210,entries/0742-0850.md,entry-0760
جلوگیری,جلوگیری,942,امساک . اعتدال,اسم,8937,entries/0851-0969.md,entry-0942
جلوگیری ازفساد,جلوگیری ازفساد,666,حفظ: جلوگیری ازفساد,اسم,6306,entries/0651-0741.md,entry-0666
جلوگیری ازفساد,جلوگیری ازفساد,778,نگهداری,اسم,7378,entries/0742-0850.md,entry-0778
جلوگیری ازفساد ◄ حفظ,جلوگیری ازفساد ◄ حفظ,421,حفاظ . پرده,اسم,3920,entries/0302-0437.md,entry-0421
جلوگیری بین فواصل حاملگی,جلوگیری بین فواصل حاملگی,658,درمان,اسم,6219,entries/0651-0741.md,entry-0658
جلوگیری کردن,جلوگیری کردن,57,بیرون گذاشتن,فعل,584,entries/0001-0090.md,entry-0057
جلوگیری کردن,جلوگیری کردن,145,توقف: تغییر ازحرکت / عمل به‌سکون,فعل,1348,entries/0091-0193.md,entry-0145
جلوگیری کردن,جلوگیری کردن,264,بسته . انسداد,فعل,2534,entries/0194-0301.md,entry-0264
جلوگیری کردن,جلوگیری کردن,747,تحدید . خودداری,فعل,7117,entries/0742-0850.md,entry-0747
جلوگیری کردن,جلوگیری کردن,757,ممنوعیت . قدغن,فعل,7191,entries/0742-0850.md,entry-0757
جلوگیری کننده,جلوگیری کننده,762,اعتراض . نهی,صفت,7228,entries/0742-0850.md,entry-0762
جلوگیری‌شده,جلوگیری‌شده,757,ممنوعیت . قدغن,صفت,7190,entries/0742-0850.md,entry-0757
جلوگیری‌کننده,جلوگیری‌کننده,666,حفظ: جلوگیری ازفساد,اسم,6308,entries/0651-0741.md,entry-0666
جلوۀ خودرا ازدست دادن,جلوۀ خودرا ازدست دادن,446,ناپدیدی,فعل,4106,entries/0438-0543.md,entry-0446
جلوۀ ذات,جلوۀ ذات,965,ذات خداوندی,اسم,9139,entries/0851-0969.md,entry-0965
جلوۀ وارونه,جلوۀ وارونه,443,پیدایی,اسم,4076,entries/0438-0543.md,entry-0443
جلوۀ وارونه,جلوۀ وارونه,552,تجسم غیرواقعی,اسم,5208,entries/0544-0650.md,entry-0552
جلوی,جلوی,237,جلو,قید,2294,entries/0194-0301.md,entry-0237
جلوی (کار) کسی را گرفتن,جلوی (کار) کسی را گرفتن,702,منع . ممانعت,فعل,6644,entries/0651-0741.md,entry-0702
جلوی رو بودن,جلوی رو بودن,155,وقایع آتی,فعل,1437,entries/0091-0193.md,entry-0155
جلوی رو بودن,جلوی رو بودن,240,روبرو 240#,فعل,2316,entries/0194-0301.md,entry-0240
جلوی صف,جلوی صف,237,جلو,اسم,2290,entries/0194-0301.md,entry-0237
جلوی صف بودن,جلوی صف بودن,283,پیشتازی,فعل,2723,entries/0194-0301.md,entry-0283
جلوی چشم بودن,جلوی چشم بودن,237,جلو,فعل,2293,entries/0194-0301.md,entry-0237
جلوی کسی را گرفتن,جلوی کسی را گرفتن,747,تحدید . خودداری,فعل,7117,entries/0742-0850.md,entry-0747
جلویی,جلویی,68,آغاز,صفت,689,entries/0001-0090.md,entry-0068
جلویی,جلویی,237,جلو,صفت,2292,entries/0194-0301.md,entry-0237
جلویی,جلویی,240,روبرو 240#,صفت,2315,entries/0194-0301.md,entry-0240
جلگه,جلگه,230,محیط 230#,اسم,2232,entries/0194-0301.md,entry-0230
جلگه,جلگه,344,زمین,اسم,3283,entries/0302-0437.md,entry-0344
جلگه,جلگه,348,دشت,اسم,3304,entries/0302-0437.md,entry-0348
جلی,جلی,417,روشنی,صفت,3884,entries/0302-0437.md,entry-0417
جلی,جلی,420,روشنایی 420#,صفت,3915,entries/0302-0437.md,entry-0420
جلیقه,جلیقه,228,پوشاک . پوشیدن,اسم,2199,entries/0194-0301.md,entry-0228
جلیقۀ ضدگلوله,جلیقۀ ضدگلوله,723,سلاح,اسم,6855,entries/0651-0741.md,entry-0723
جلیقۀ نجات,جلیقۀ نجات,662,پناهگاه,اسم,6281,entries/0651-0741.md,entry-0662
جلیل‌القدر,جلیل‌القدر,32,بزرگی,صفت,323,entries/0001-0090.md,entry-0032
جم نخوردن,جم نخوردن,144,ثبات: عدم تغییر 144#,فعل,1334,entries/0091-0193.md,entry-0144
جمادی‌الاول,جمادی‌الاول,108,زمان 108#,اسم,1017,entries/0091-0193.md,entry-0108
جمادی‌الثانی,جمادی‌الثانی,108,زمان 108#,اسم,1017,entries/0091-0193.md,entry-0108
جماع,جماع,43,آمیختگی 43#,اسم,416,entries/0001-0090.md,entry-0043
جماع,جماع,45,اتحاد . پیوستگی,اسم,445,entries/0001-0090.md,entry-0045
جماع,جماع,166,تولید مثل,اسم,1573,entries/0091-0193.md,entry-0166
جماع,جماع,200,نزدیکی 200#,اسم,1931,entries/0194-0301.md,entry-0200
جماع,جماع,297,دخول: حرکت به درون,اسم,2825,entries/0194-0301.md,entry-0297
جماع,جماع,300,دفع . طرد 300#,اسم,2862,entries/0194-0301.md,entry-0300
جماع,جماع,887,عشق,اسم,8433,entries/0851-0969.md,entry-0887
جماع,جماع,894,ازدواج,اسم,8504,entries/0851-0969.md,entry-0894
جماع 166 [نزدیکی,جماع 166 [نزدیکی,45,اتحاد . پیوستگی,اسم,445,entries/0001-0090.md,entry-0045
جماعت,جماعت,74,تجمع . گردآوری,اسم,745,entries/0001-0090.md,entry-0074
جماعت,جماعت,104,تعدد,اسم,976,entries/0091-0193.md,entry-0104
جماعت,جماعت,371,انسان,اسم,3528,entries/0302-0437.md,entry-0371
جماعت,جماعت,692,شورا,اسم,6547,entries/0651-0741.md,entry-0692
جماعت,جماعت,706,همکاری . تعاون,اسم,6674,entries/0651-0741.md,entry-0706
جماعت,جماعت,708,گروه اجتماعی,اسم,6690,entries/0651-0741.md,entry-0708
جماعت رونده,جماعت رونده,73,ردیف 73#,اسم,736,entries/0001-0090.md,entry-0073
جماعت مشایعین,جماعت مشایعین,73,ردیف 73#,اسم,736,entries/0001-0090.md,entry-0073
جماعت نمازگزار,جماعت نمازگزار,976,راست‌دینی,اسم,9225,entries/0970-0991.md,entry-0976
جمال,جمال,237,جلو,اسم,2291,entries/0194-0301.md,entry-0237
جمال,جمال,841,زیبایی,اسم,7979,entries/0742-0850.md,entry-0841
جمجمه,جمجمه,213,قلّه . رأس,اسم,2048,entries/0194-0301.md,entry-0213
جمجمه,جمجمه,253,تحدب,اسم,2427,entries/0194-0301.md,entry-0253
جمجمه,جمجمه,371,انسان,اسم,3527,entries/0302-0437.md,entry-0371
جمع,جمع,26,کمیت,اسم,262,entries/0001-0090.md,entry-0026
جمع,جمع,36,افزایش,اسم,367,entries/0001-0090.md,entry-0036
جمع,جمع,38,جمع,اسم,384,entries/0001-0090.md,entry-0038
جمع,جمع,40,متمّم 40#,اسم,399,entries/0001-0090.md,entry-0040
جمع,جمع,45,اتحاد . پیوستگی,اسم,444,entries/0001-0090.md,entry-0045
جمع,جمع,65,تعاقب [در ترتیب] . توالی,اسم,660,entries/0001-0090.md,entry-0065
جمع,جمع,85,عدد 85#,اسم,863,entries/0001-0090.md,entry-0085
جمع,جمع,86,شمارش,اسم,870,entries/0001-0090.md,entry-0086
جمع,جمع,197,انبساط,اسم,1904,entries/0194-0301.md,entry-0197
جمع,جمع,564,دستور زبان,اسم,5297,entries/0544-0650.md,entry-0564
جمع بندی کردن,جمع بندی کردن,592,تلخیص,فعل,5508,entries/0544-0650.md,entry-0592
جمع زدن,جمع زدن,38,جمع,فعل,386,entries/0001-0090.md,entry-0038
جمع زدن,جمع زدن,86,شمارش,فعل,880,entries/0001-0090.md,entry-0086
جمع شدن,جمع شدن,45,اتحاد . پیوستگی,فعل,456,entries/0001-0090.md,entry-0045
جمع شدن,جمع شدن,48,انسجام,فعل,496,entries/0001-0090.md,entry-0048
جمع شدن,جمع شدن,74,تجمع . گردآوری,فعل,754,entries/0001-0090.md,entry-0074
جمع شدن,جمع شدن,143,تغییر و تحول 143#,فعل,1325,entries/0091-0193.md,entry-0143
جمع شدن,جمع شدن,198,انقباض,فعل,1917,entries/0194-0301.md,entry-0198
جمع شدن,جمع شدن,295,ورود,فعل,2809,entries/0194-0301.md,entry-0295
جمع شونده,جمع شونده,36,افزایش,صفت,368,entries/0001-0090.md,entry-0036
جمع علل,جمع علل,181,قِران: جمع علل,اسم,1710,entries/0091-0193.md,entry-0181
جمع کردن,جمع کردن,36,افزایش,فعل,370,entries/0001-0090.md,entry-0036
جمع کردن,جمع کردن,38,جمع,فعل,386,entries/0001-0090.md,entry-0038
جمع کردن,جمع کردن,50,ترکیب 50#,فعل,511,entries/0001-0090.md,entry-0050
جمع کردن,جمع کردن,54,کامل 54#,فعل,555,entries/0001-0090.md,entry-0054
جمع کردن,جمع کردن,56,دربر گرفتن,فعل,572,entries/0001-0090.md,entry-0056
جمع کردن,جمع کردن,74,تجمع . گردآوری,فعل,755,entries/0001-0090.md,entry-0074
جمع کردن,جمع کردن,86,شمارش,اسم,869,entries/0001-0090.md,entry-0086
جمع کردن,جمع کردن,143,تغییر و تحول 143#,فعل,1326,entries/0091-0193.md,entry-0143
جمع کردن,جمع کردن,197,انبساط,فعل,1907,entries/0194-0301.md,entry-0197
جمع کردن,جمع کردن,198,انقباض,فعل,1918,entries/0194-0301.md,entry-0198
جمع کردن,جمع کردن,632,انبار,فعل,5950,entries/0544-0650.md,entry-0632
جمع کردن,جمع کردن,669,آمادگی,فعل,6344,entries/0651-0741.md,entry-0669
جمع کردن,جمع کردن,773,مالکیت,فعل,7337,entries/0742-0850.md,entry-0773
جمع کردن,جمع کردن,786,اخذ . گرفتن,فعل,7460,entries/0742-0850.md,entry-0786
جمع کل,جمع کل,26,کمیت,اسم,262,entries/0001-0090.md,entry-0026
جمع کل,جمع کل,38,جمع,اسم,384,entries/0001-0090.md,entry-0038
جمع کل,جمع کل,85,عدد 85#,اسم,863,entries/0001-0090.md,entry-0085
جمعاً,جمعاً,89,همراهی,قید,906,entries/0001-0090.md,entry-0089
جمعه,جمعه,108,زمان 108#,اسم,1016,entries/0091-0193.md,entry-0108
جمعه,جمعه,988,مراسم مذهبی,اسم,9341,entries/0970-0991.md,entry-0988
جمعه‌بازار,جمعه‌بازار,796,بازار,اسم,7534,entries/0742-0850.md,entry-0796
جمعی,جمعی,74,تجمع . گردآوری,صفت,753,entries/0001-0090.md,entry-0074
جمعی,جمعی,101,چندبرابری,صفت,960,entries/0091-0193.md,entry-0101
جمعی,جمعی,708,گروه اجتماعی,صفت,6696,entries/0651-0741.md,entry-0708
جمعیت,جمعیت,61,بی‌نظمی,اسم,618,entries/0001-0090.md,entry-0061
جمعیت,جمعیت,74,تجمع . گردآوری,اسم,746,entries/0001-0090.md,entry-0074
جمعیت,جمعیت,104,تعدد,اسم,975,entries/0091-0193.md,entry-0104
جمعیت,جمعیت,191,مقیم,اسم,1809,entries/0091-0193.md,entry-0191
جمعیت,جمعیت,708,گروه اجتماعی,اسم,6688,entries/0651-0741.md,entry-0708
جمعیت تابع,جمعیت تابع,742,خادم,اسم,7068,entries/0742-0850.md,entry-0742
جمعیت نگاری,جمعیت نگاری,86,شمارش,اسم,872,entries/0001-0090.md,entry-0086
جمع‌آورنده,جمع‌آورنده,589,کتاب,اسم,5479,entries/0544-0650.md,entry-0589
جمع‌آوری,جمع‌آوری,74,تجمع . گردآوری,اسم,744,entries/0001-0090.md,entry-0074
جمع‌آوری,جمع‌آوری,586,نگارش,اسم,5442,entries/0544-0650.md,entry-0586
جمع‌آوری خرمن ◄ کشاورزی,جمع‌آوری خرمن ◄ کشاورزی,74,تجمع . گردآوری,اسم,744,entries/0001-0090.md,entry-0074
جمع‌آوری سوابق,جمع‌آوری سوابق,548,پیشینه,اسم,5171,entries/0544-0650.md,entry-0548
جمع‌بندی,جمع‌بندی,204,کوتاهی,اسم,1971,entries/0194-0301.md,entry-0204
جمع‌بندی,جمع‌بندی,480,تشخیص . استنتاج 480#,اسم,4475,entries/0438-0543.md,entry-0480
جمع‌شده,جمع‌شده,38,جمع,صفت,385,entries/0001-0090.md,entry-0038
جمع‌شده,جمع‌شده,74,تجمع . گردآوری,صفت,752,entries/0001-0090.md,entry-0074
جمع‌شدگی,جمع‌شدگی,324,تراکم . چگالی 324#,اسم,3132,entries/0302-0437.md,entry-0324
جمع‌نشده,جمع‌نشده,726,عدم تکمیل,صفت,6892,entries/0651-0741.md,entry-0726
جمع‌کردن,جمع‌کردن,725,تکمیل . اجرا,فعل,6885,entries/0651-0741.md,entry-0725
جمع‌کننده,جمع‌کننده,74,تجمع . گردآوری,اسم,751,entries/0001-0090.md,entry-0074
جمع‌کننده,جمع‌کننده,198,انقباض,اسم,1913,entries/0194-0301.md,entry-0198
جمع‌کننده,جمع‌کننده,782,دریافت,اسم,7418,entries/0742-0850.md,entry-0782
جمله,جمله,52,کل - بخش اصلی,اسم,526,entries/0001-0090.md,entry-0052
جمله,جمله,85,عدد 85#,اسم,860,entries/0001-0090.md,entry-0085
جمله,جمله,559,کلمه,اسم,5258,entries/0544-0650.md,entry-0559
جمله,جمله,563,جمله,اسم,5290,entries/0544-0650.md,entry-0563
جمله ساختن,جمله ساختن,563,جمله,فعل,5292,entries/0544-0650.md,entry-0563
جملۀ مشتق,جملۀ مشتق,85,عدد 85#,اسم,860,entries/0001-0090.md,entry-0085
جملۀ معترضه,جملۀ معترضه,72,عدم تداوم,اسم,726,entries/0001-0090.md,entry-0072
جملۀ معترضه,جملۀ معترضه,231,میان,اسم,2243,entries/0194-0301.md,entry-0231
جملۀ معترضه,جملۀ معترضه,563,جمله,اسم,5290,entries/0544-0650.md,entry-0563
جمهوری,جمهوری,733,اقتدار 733#,اسم,6963,entries/0651-0741.md,entry-0733
جمهوری اسلامی,جمهوری اسلامی,733,اقتدار 733#,اسم,6963,entries/0651-0741.md,entry-0733
جمهوری خلق,جمهوری خلق,733,اقتدار 733#,اسم,6963,entries/0651-0741.md,entry-0733
جمهوری دمکراتیک,جمهوری دمکراتیک,733,اقتدار 733#,اسم,6963,entries/0651-0741.md,entry-0733
جمهوری فدرال,جمهوری فدرال,733,اقتدار 733#,اسم,6965,entries/0651-0741.md,entry-0733
جمهوریخواه,جمهوریخواه,708,گروه اجتماعی,اسم,6688,entries/0651-0741.md,entry-0708
جمود,جمود,153,پایداری (تغییرناپذیری),اسم,1411,entries/0091-0193.md,entry-0153
جمود,جمود,175,انفعال 175#,اسم,1655,entries/0091-0193.md,entry-0175
جمود,جمود,324,تراکم . چگالی 324#,اسم,3131,entries/0302-0437.md,entry-0324
جمود,جمود,679,عدم فعالیت . خواب,اسم,6440,entries/0651-0741.md,entry-0679
جمیع,جمیع,52,کل - بخش اصلی,اسم,526,entries/0001-0090.md,entry-0052
جمیعاً,جمیعاً,89,همراهی,قید,906,entries/0001-0090.md,entry-0089
جمیل,جمیل,841,زیبایی,صفت,7981,entries/0742-0850.md,entry-0841
جن,جن,196,خُردی,اسم,1894,entries/0194-0301.md,entry-0196
جن,جن,938,نامرد,اسم,8911,entries/0851-0969.md,entry-0938
جن,جن,970,جن و پری 970#,اسم,9170,entries/0970-0991.md,entry-0970
جناب,جناب,870,عنوان 870#,اسم,8274,entries/0851-0969.md,entry-0870
جناب آقای,جناب آقای,870,عنوان 870#,اسم,8274,entries/0851-0969.md,entry-0870
جناب حق,جناب حق,991,عرفان,اسم,9369,entries/0970-0991.md,entry-0991
جناب قدس,جناب قدس,880,دوستی 880#,صفت,8361,entries/0851-0969.md,entry-0880
جناب قدس,جناب قدس,991,عرفان,اسم,9369,entries/0970-0991.md,entry-0991
جنات عدن,جنات عدن,971,بهشت,اسم,9180,entries/0970-0991.md,entry-0971
جناح,جناح,234,کناره,اسم,2266,entries/0194-0301.md,entry-0234
جناح,جناح,239,کنار,اسم,2306,entries/0194-0301.md,entry-0239
جناح,جناح,708,گروه اجتماعی,اسم,6688,entries/0651-0741.md,entry-0708
جناح,جناح,722,رزمنده,اسم,6840,entries/0651-0741.md,entry-0722
جناح,جناح,724,میدان,اسم,6872,entries/0651-0741.md,entry-0724
جناح مخالف,جناح مخالف,489,نظر مخالف,اسم,4570,entries/0438-0543.md,entry-0489
جناحی,جناحی,12,همبستگی,صفت,138,entries/0001-0090.md,entry-0012
جناحی,جناحی,708,گروه اجتماعی,صفت,6696,entries/0651-0741.md,entry-0708
جناحی,جناحی,978,فرقه‌گرایی,صفت,9243,entries/0970-0991.md,entry-0978
جناحی,جناحی,987,مردم عادی (لاییک),صفت,9332,entries/0970-0991.md,entry-0987
جناحین,جناحین,704,ضدیت . تقابل,اسم,6662,entries/0651-0741.md,entry-0704
جنازه,جنازه,363,جسد,اسم,3437,entries/0302-0437.md,entry-0363
جناس,جناس,518,ایهام,اسم,4855,entries/0438-0543.md,entry-0518
جناس ساختن,جناس ساختن,518,ایهام,فعل,4857,entries/0438-0543.md,entry-0518
جناس گفتن,جناس گفتن,518,ایهام,فعل,4857,entries/0438-0543.md,entry-0518
جنان,جنان,971,بهشت,اسم,9180,entries/0970-0991.md,entry-0971
جنایت,جنایت,936,گناهکاری . مجرمیت,اسم,8896,entries/0851-0969.md,entry-0936
جنایت,جنایت,954,غیرقانونی,اسم,9035,entries/0851-0969.md,entry-0954
جنایت کردن,جنایت کردن,936,گناهکاری . مجرمیت,فعل,8899,entries/0851-0969.md,entry-0936
جنایتکار,جنایتکار,954,غیرقانونی,صفت,9038,entries/0851-0969.md,entry-0954
جنایتکارانه,جنایتکارانه,954,غیرقانونی,صفت,9038,entries/0851-0969.md,entry-0954
جنایی,جنایی,954,غیرقانونی,صفت,9038,entries/0851-0969.md,entry-0954
جنب,جنب,239,کنار,اسم,2306,entries/0194-0301.md,entry-0239
جنبان,جنبان,152,تغییرپذیری,صفت,1403,entries/0091-0193.md,entry-0152
جنبان,جنبان,317,نوسان,صفت,3041,entries/0302-0437.md,entry-0317
جنباندن,جنباندن,63,اغتشاش: ایجاد اغتشاش و به‌هم ریختن,فعل,645,entries/0001-0090.md,entry-0063
جنباندن,جنباندن,176,شدت . خشونت,فعل,1673,entries/0091-0193.md,entry-0176
جنباندن,جنباندن,318,تلاطم: حرکت نامنظم,فعل,3052,entries/0302-0437.md,entry-0318
جنبش,جنبش,149,انقلاب: تغییر ناگهانی یا خشونت‌آمیز,اسم,1376,entries/0091-0193.md,entry-0149
جنبش,جنبش,160,توان 160#,اسم,1497,entries/0091-0193.md,entry-0160
جنبش,جنبش,174,فعال بودن,اسم,1641,entries/0091-0193.md,entry-0174
جنبش,جنبش,265,حرکت 265#,اسم,2545,entries/0194-0301.md,entry-0265
جنبش,جنبش,317,نوسان,اسم,3039,entries/0302-0437.md,entry-0317
جنبش,جنبش,419,گرگ و میش,اسم,3901,entries/0302-0437.md,entry-0419
جنبش,جنبش,671,مبادرت . اقدام,اسم,6360,entries/0651-0741.md,entry-0671
جنبش,جنبش,678,فعالیت . بیداری,اسم,6422,entries/0651-0741.md,entry-0678
جنبش سیاسی,جنبش سیاسی,713,پاتک . دفاع,اسم,6741,entries/0651-0741.md,entry-0713
جنبنده,جنبنده,152,تغییرپذیری,صفت,1403,entries/0091-0193.md,entry-0152
جنبنده,جنبنده,265,حرکت 265#,صفت,2547,entries/0194-0301.md,entry-0265
جنبنده,جنبنده,317,نوسان,صفت,3041,entries/0302-0437.md,entry-0317
جنبنده,جنبنده,358,ارگانیسم: موجودات زنده 358#,اسم,3388,entries/0302-0437.md,entry-0358
جنبه,جنبه,7,حالت: وضعیت مطلق,اسم,85,entries/0001-0090.md,entry-0007
جنبه های برجسته و ویژه,جنبه های برجسته و ویژه,5,عرضیت,اسم,66,entries/0001-0090.md,entry-0005
جنبی,جنبی,219,توازی,صفت,2109,entries/0194-0301.md,entry-0219
جنبی,جنبی,230,محیط 230#,صفت,2234,entries/0194-0301.md,entry-0230
جنبی,جنبی,234,کناره,صفت,2269,entries/0194-0301.md,entry-0234
جنبی,جنبی,239,کنار,صفت,2308,entries/0194-0301.md,entry-0239
جنبیدن,جنبیدن,141,دوره‌ای بودن: نظم دروقوع و تکرار آن,فعل,1305,entries/0091-0193.md,entry-0141
جنبیدن,جنبیدن,143,تغییر و تحول 143#,فعل,1325,entries/0091-0193.md,entry-0143
جنبیدن,جنبیدن,152,تغییرپذیری,فعل,1406,entries/0091-0193.md,entry-0152
جنبیدن,جنبیدن,173,عاملیت,فعل,1636,entries/0091-0193.md,entry-0173
جنبیدن,جنبیدن,265,حرکت 265#,فعل,2548,entries/0194-0301.md,entry-0265
جنبیدن,جنبیدن,317,نوسان,فعل,3042,entries/0302-0437.md,entry-0317
جنبیدن,جنبیدن,671,مبادرت . اقدام,فعل,6367,entries/0651-0741.md,entry-0671
جنبیدن,جنبیدن,678,فعالیت . بیداری,فعل,6434,entries/0651-0741.md,entry-0678
جنب‌وجوش,جنب‌وجوش,162,قدرت,اسم,1522,entries/0091-0193.md,entry-0162
جنب‌وجوش,جنب‌وجوش,174,فعال بودن,اسم,1641,entries/0091-0193.md,entry-0174
جنب‌وجوش,جنب‌وجوش,265,حرکت 265#,اسم,2545,entries/0194-0301.md,entry-0265
جنب‌وجوش,جنب‌وجوش,678,فعالیت . بیداری,اسم,6422,entries/0651-0741.md,entry-0678
جنب‌وجوش,جنب‌وجوش,682,تلاش . کار,اسم,6469,entries/0651-0741.md,entry-0682
جنتلمن,جنتلمن,929,درستی . درستکاری,صفت,8837,entries/0851-0969.md,entry-0929
جنت‌مکان,جنت‌مکان,909,عفو . بخشش,صفت,8636,entries/0851-0969.md,entry-0909
جنجال,جنجال,61,بی‌نظمی,اسم,617,entries/0001-0090.md,entry-0061
جنجال,جنجال,63,اغتشاش: ایجاد اغتشاش و به‌هم ریختن,اسم,643,entries/0001-0090.md,entry-0063
جنجال,جنجال,137,سرموقع,اسم,1262,entries/0091-0193.md,entry-0137
جنجال,جنجال,318,تلاطم: حرکت نامنظم,اسم,3048,entries/0302-0437.md,entry-0318
جنجال,جنجال,400,صدای بلند 400#,اسم,3755,entries/0302-0437.md,entry-0400
جنجال,جنجال,408,فریاد انسان,اسم,3798,entries/0302-0437.md,entry-0408
جنجال,جنجال,411,صدای ناهنجار,اسم,3827,entries/0302-0437.md,entry-0411
جنجال,جنجال,482,مبالغه,اسم,4500,entries/0438-0543.md,entry-0482
جنجال,جنجال,528,نشر,اسم,4972,entries/0438-0543.md,entry-0528
جنجال,جنجال,529,خبر,اسم,4988,entries/0438-0543.md,entry-0529
جنجال,جنجال,546,اغراق,اسم,5137,entries/0544-0650.md,entry-0546
جنجال,جنجال,888,نفرت,اسم,8448,entries/0851-0969.md,entry-0888
جنجال,جنجال,923,تحسین,اسم,8768,entries/0851-0969.md,entry-0923
جنجال‌برانگیز,جنجال‌برانگیز,821,تهییج,اسم,7752,entries/0742-0850.md,entry-0821
جنده,جنده,904,بدکار,اسم,8595,entries/0851-0969.md,entry-0904
جنده,جنده,951,بی‌عفتی,اسم,9008,entries/0851-0969.md,entry-0951
جنس,جنس,3,جوهر,اسم,53,entries/0001-0090.md,entry-0003
جنس,جنس,5,عرضیت,اسم,65,entries/0001-0090.md,entry-0005
جنس,جنس,77,طبقه‌بندی . تعیین,اسم,773,entries/0001-0090.md,entry-0077
جنس,جنس,319,مادیت 319#,اسم,3067,entries/0302-0437.md,entry-0319
جنس,جنس,795,مال‌التجاره,اسم,7529,entries/0742-0850.md,entry-0795
جنس ارزان,جنس ارزان,812,ارزانی,اسم,7668,entries/0742-0850.md,entry-0812
جنس به‌فروش‌نرفته,جنس به‌فروش‌نرفته,772,خسران . باخت,اسم,7319,entries/0742-0850.md,entry-0772
جنس تقلبی,جنس تقلبی,542,فریب,اسم,5103,entries/0438-0543.md,entry-0542
جنس حراجی,جنس حراجی,812,ارزانی,اسم,7668,entries/0742-0850.md,entry-0812
جنس خشن,جنس خشن,372,مذکر,اسم,3535,entries/0302-0437.md,entry-0372
جنس خوب,جنس خوب,329,استحکام,اسم,3171,entries/0302-0437.md,entry-0329
جنس شکننده: حباب,جنس شکننده: حباب,330,شکنندگی 330#,اسم,3177,entries/0302-0437.md,entry-0330
جنس لطیف,جنس لطیف,373,مؤنث,اسم,3541,entries/0302-0437.md,entry-0373
جنس محکم و بادوام: استخوان,جنس محکم و بادوام: استخوان,329,استحکام,اسم,3171,entries/0302-0437.md,entry-0329
جنس ممنوع‌الورود,جنس ممنوع‌الورود,757,ممنوعیت . قدغن,اسم,7188,entries/0742-0850.md,entry-0757
جنس مورد کنده‌کاری,جنس مورد کنده‌کاری,555,کنده‌کاری,اسم,5227,entries/0544-0650.md,entry-0555
جنسِ‌دزدی,جنسِ‌دزدی,790,غنایم 790#,اسم,7494,entries/0742-0850.md,entry-0790
جنسی,جنسی,319,مادیت 319#,صفت,3072,entries/0302-0437.md,entry-0319
جنسیت,جنسیت,90,دوگانگی 90#,اسم,910,entries/0001-0090.md,entry-0090
جنوب,جنوب,69,پایان,اسم,699,entries/0001-0090.md,entry-0069
جنوب,جنوب,281,جهت,اسم,2705,entries/0194-0301.md,entry-0281
جنوب شهر,جنوب شهر,192,منزل: محل سکنا یا زندگی,اسم,1822,entries/0091-0193.md,entry-0192
جنوبِ (شرقی,جنوبِ (شرقی,281,جهت,اسم,2705,entries/0194-0301.md,entry-0281
جنوبی,جنوبی,281,جهت,صفت,2706,entries/0194-0301.md,entry-0281
جنون,جنون,318,تلاطم: حرکت نامنظم,اسم,3046,entries/0302-0437.md,entry-0318
جنون,جنون,503,دیوانگی,اسم,4689,entries/0438-0543.md,entry-0503
جنون,جنون,822,تحریک پذیری,قید,7763,entries/0742-0850.md,entry-0822
جنون,جنون,891,رنجش . خشم,اسم,8477,entries/0851-0969.md,entry-0891
جنون داشتن,جنون داشتن,503,دیوانگی,فعل,4698,entries/0438-0543.md,entry-0503
جنون گاوی,جنون گاوی,651,بیماری . ضعف جسمانی,اسم,6141,entries/0651-0741.md,entry-0651
جنون‌آمیز,جنون‌آمیز,503,دیوانگی,قید,4701,entries/0438-0543.md,entry-0503
جنَت,جنَت,971,بهشت,اسم,9180,entries/0970-0991.md,entry-0971
جنگ,جنگ,25,ناسازگاری,اسم,246,entries/0001-0090.md,entry-0025
جنگ,جنگ,61,بی‌نظمی,اسم,620,entries/0001-0090.md,entry-0061
جنگ,جنگ,74,تجمع . گردآوری,اسم,744,entries/0001-0090.md,entry-0074
جنگ,جنگ,168,مرگ‌ومیر,اسم,1592,entries/0091-0193.md,entry-0168
جنگ,جنگ,362,کُشتن,اسم,3427,entries/0302-0437.md,entry-0362
جنگ,جنگ,712,تک . حمله,اسم,6726,entries/0651-0741.md,entry-0712
جنگ,جنگ,716,ستیز . مبارزه,اسم,6771,entries/0651-0741.md,entry-0716
جنگ,جنگ,718,جنگ,اسم,6795,entries/0651-0741.md,entry-0718
جنگ,جنگ,881,دشمنی,اسم,8370,entries/0851-0969.md,entry-0881
جنگ آغاز کردن,جنگ آغاز کردن,231,میان,فعل,2248,entries/0194-0301.md,entry-0231
جنگ آغاز کردن,جنگ آغاز کردن,712,تک . حمله,فعل,6731,entries/0651-0741.md,entry-0712
جنگ آغاز کردن,جنگ آغاز کردن,716,ستیز . مبارزه,فعل,6782,entries/0651-0741.md,entry-0716
جنگ آغاز کردن,جنگ آغاز کردن,881,دشمنی,فعل,8374,entries/0851-0969.md,entry-0881
جنگ آغازکردن,جنگ آغازکردن,718,جنگ,فعل,6804,entries/0651-0741.md,entry-0718
جنگ تحمیلی,جنگ تحمیلی,718,جنگ,اسم,6795,entries/0651-0741.md,entry-0718
جنگ تن‌به‌تن,جنگ تن‌به‌تن,716,ستیز . مبارزه,اسم,6775,entries/0651-0741.md,entry-0716
جنگ تن‌به‌تن کردن,جنگ تن‌به‌تن کردن,217,آویزانی,فعل,2082,entries/0194-0301.md,entry-0217
جنگ تن‌به‌تن کردن,جنگ تن‌به‌تن کردن,712,تک . حمله,فعل,6733,entries/0651-0741.md,entry-0712
جنگ جهانی,جنگ جهانی,718,جنگ,اسم,6795,entries/0651-0741.md,entry-0718
جنگ داخلی,جنگ داخلی,709,مناقشه,اسم,6702,entries/0651-0741.md,entry-0709
جنگ زرگری,جنگ زرگری,770,سازش 770#,اسم,7286,entries/0742-0850.md,entry-0770
جنگ سرد,جنگ سرد,718,جنگ,اسم,6795,entries/0651-0741.md,entry-0718
جنگ سرد,جنگ سرد,719,آشتی . برقراری صلح,اسم,6810,entries/0651-0741.md,entry-0719
جنگ سرد,جنگ سرد,770,سازش 770#,اسم,7286,entries/0742-0850.md,entry-0770
جنگ نکردن,جنگ نکردن,717,صلح,فعل,6790,entries/0651-0741.md,entry-0717
جنگ و نظایر آن,جنگ و نظایر آن,659,مایۀ هلاک . زهر,اسم,6243,entries/0651-0741.md,entry-0659
جنگ کردن,جنگ کردن,659,مایۀ هلاک . زهر,فعل,6249,entries/0651-0741.md,entry-0659
جنگ کردن,جنگ کردن,716,ستیز . مبارزه,فعل,6782,entries/0651-0741.md,entry-0716
جنگاور,جنگاور,718,جنگ,صفت,6803,entries/0651-0741.md,entry-0718
جنگاوری,جنگاوری,718,جنگ,اسم,6797,entries/0651-0741.md,entry-0718
جنگجو,جنگجو,160,توان 160#,صفت,1503,entries/0091-0193.md,entry-0160
جنگجو,جنگجو,671,مبادرت . اقدام,صفت,6364,entries/0651-0741.md,entry-0671
جنگجو,جنگجو,712,تک . حمله,صفت,6730,entries/0651-0741.md,entry-0712
جنگجو,جنگجو,716,ستیز . مبارزه,اسم,6776,entries/0651-0741.md,entry-0716
جنگجو,جنگجو,718,جنگ,صفت,6803,entries/0651-0741.md,entry-0718
جنگجو,جنگجو,722,رزمنده,اسم,6833,entries/0651-0741.md,entry-0722
جنگجوی صلیبی,جنگجوی صلیبی,979,تقوا,صفت,9254,entries/0970-0991.md,entry-0979
جنگجویی,جنگجویی,716,ستیز . مبارزه,اسم,6770,entries/0651-0741.md,entry-0716
جنگجویی,جنگجویی,718,جنگ,اسم,6797,entries/0651-0741.md,entry-0718
جنگل,جنگل,192,منزل: محل سکنا یا زندگی,اسم,1830,entries/0091-0193.md,entry-0192
جنگل,جنگل,366,گیاهان,اسم,3475,entries/0302-0437.md,entry-0366
جنگل,جنگل,370,کشاورزی 370#,اسم,3515,entries/0302-0437.md,entry-0370
جنگل,جنگل,434,سبز,اسم,4002,entries/0302-0437.md,entry-0434
جنگلبان,جنگلبان,366,گیاهان,اسم,3477,entries/0302-0437.md,entry-0366
جنگلدار ◄ جنگلداری,جنگلدار ◄ جنگلداری,370,کشاورزی 370#,اسم,3517,entries/0302-0437.md,entry-0370
جنگلداری,جنگلداری,366,گیاهان,اسم,3477,entries/0302-0437.md,entry-0366
جنگلداری,جنگلداری,370,کشاورزی 370#,اسم,3513,entries/0302-0437.md,entry-0370
جنگلی,جنگلی,366,گیاهان,صفت,3485,entries/0302-0437.md,entry-0366
جنگهای صلیبی,جنگهای صلیبی,718,جنگ,اسم,6795,entries/0651-0741.md,entry-0718
جنگهای چریکی,جنگهای چریکی,149,انقلاب: تغییر ناگهانی یا خشونت‌آمیز,اسم,1376,entries/0091-0193.md,entry-0149
جنگی,جنگی,590,روایت . شرح . وصف 590#,صفت,5489,entries/0544-0650.md,entry-0590
جنگیان,جنگیان,708,گروه اجتماعی,اسم,6694,entries/0651-0741.md,entry-0708
جنگیدن,جنگیدن,704,ضدیت . تقابل,فعل,6665,entries/0651-0741.md,entry-0704
جنگیدن,جنگیدن,716,ستیز . مبارزه,فعل,6782,entries/0651-0741.md,entry-0716
جنگیدن,جنگیدن,718,جنگ,فعل,6805,entries/0651-0741.md,entry-0718
جنگ‌افروزی,جنگ‌افروزی,711,اعلان جنگ . چالش,اسم,6720,entries/0651-0741.md,entry-0711
جنگ‌زده,جنگ‌زده,188,نقل مکان . انتقال,صفت,1780,entries/0091-0193.md,entry-0188
جنگ‌زده,جنگ‌زده,268,جهانگرد,اسم,2587,entries/0194-0301.md,entry-0268
جنگ‌زده,جنگ‌زده,667,فرار,اسم,6316,entries/0651-0741.md,entry-0667
جنگ‌طلب,جنگ‌طلب,722,رزمنده,اسم,6837,entries/0651-0741.md,entry-0722
جنگ‌طلبی,جنگ‌طلبی,231,میان,اسم,2241,entries/0194-0301.md,entry-0231
جنگ‌طلبی,جنگ‌طلبی,718,جنگ,اسم,6797,entries/0651-0741.md,entry-0718
جنگ‌طلبی,جنگ‌طلبی,855,شجاعت,اسم,8122,entries/0851-0969.md,entry-0855
جنگ‌کردن,جنگ‌کردن,718,جنگ,فعل,6805,entries/0651-0741.md,entry-0718
جنی,جنی,970,جن و پری 970#,صفت,9174,entries/0970-0991.md,entry-0970
جنی کردن,جنی کردن,970,جن و پری 970#,فعل,9176,entries/0970-0991.md,entry-0970
جنی کردن,جنی کردن,983,جادوگری,فعل,9304,entries/0970-0991.md,entry-0983
جنین,جنین,132,جوان,اسم,1221,entries/0091-0193.md,entry-0132
جنین,جنین,156,علیت . علت 156#,اسم,1455,entries/0091-0193.md,entry-0156
جنین,جنین,167,زادوولد,اسم,1581,entries/0091-0193.md,entry-0167
جنین,جنین,363,جسد,اسم,3437,entries/0302-0437.md,entry-0363
جنین,جنین,371,انسان,اسم,3527,entries/0302-0437.md,entry-0371
جنینی,جنینی,2,عدم (نیستی),صفت,41,entries/0001-0090.md,entry-0002
جنینی,جنینی,68,آغاز,صفت,688,entries/0001-0090.md,entry-0068
جن‌زده,جن‌زده,970,جن و پری 970#,صفت,9175,entries/0970-0991.md,entry-0970
جن‌گیری,جن‌گیری,983,جادوگری,اسم,9295,entries/0970-0991.md,entry-0983
جهات قطب‌نما: شمال,جهات قطب‌نما: شمال,281,جهت,اسم,2705,entries/0194-0301.md,entry-0281
جهات چهارگانه,جهات چهارگانه,96,چهارگانگی,اسم,941,entries/0091-0193.md,entry-0096
جهاد,جهاد,149,انقلاب: تغییر ناگهانی یا خشونت‌آمیز,اسم,1376,entries/0091-0193.md,entry-0149
جهاد,جهاد,671,مبادرت . اقدام,اسم,6360,entries/0651-0741.md,entry-0671
جهاد,جهاد,682,تلاش . کار,اسم,6469,entries/0651-0741.md,entry-0682
جهاد,جهاد,718,جنگ,اسم,6795,entries/0651-0741.md,entry-0718
جهاد,جهاد,979,تقوا,اسم,9250,entries/0970-0991.md,entry-0979
جهاز,جهاز,275,ناو (کِشتی),اسم,2652,entries/0194-0301.md,entry-0275
جهان,جهان,321,کیهان,اسم,3085,entries/0302-0437.md,entry-0321
جهان خاکی,جهان خاکی,321,کیهان,اسم,3086,entries/0302-0437.md,entry-0321
جهان سوم,جهان سوم,733,اقتدار 733#,اسم,6965,entries/0651-0741.md,entry-0733
جهان غیرمادی,جهان غیرمادی,320,معنویت 320#,اسم,3077,entries/0302-0437.md,entry-0320
جهان پهلوان,جهان پهلوان,644,خوبی: صفات خوب انسان,اسم,6053,entries/0544-0650.md,entry-0644
جهان پهلوان,جهان پهلوان,937,انسان والا,اسم,8903,entries/0851-0969.md,entry-0937
جهان گسترش‌یابنده,جهان گسترش‌یابنده,321,کیهان,اسم,3085,entries/0302-0437.md,entry-0321
جهان) گفتن (کردن),جهان) گفتن (کردن),361,مرگ,فعل,3420,entries/0302-0437.md,entry-0361
جهاندیده,جهاندیده,131,پیری . عمر,صفت,1216,entries/0091-0193.md,entry-0131
جهانشمول,جهانشمول,32,بزرگی,صفت,324,entries/0001-0090.md,entry-0032
جهانشمولی,جهانشمولی,79,عمومیت,اسم,794,entries/0001-0090.md,entry-0079
جهانِ گذران,جهانِ گذران,111,طی: زمان نامعین,اسم,1041,entries/0091-0193.md,entry-0111
جهانگرد,جهانگرد,267,مسافرت زمینی,اسم,2567,entries/0194-0301.md,entry-0267
جهانگرد,جهانگرد,268,جهانگرد,اسم,2586,entries/0194-0301.md,entry-0268
جهانگرد,جهانگرد,441,بیننده,اسم,4062,entries/0438-0543.md,entry-0441
جهانگرد,جهانگرد,459,پرسش,اسم,4252,entries/0438-0543.md,entry-0459
جهانگرد,جهانگرد,484,کشف,اسم,4515,entries/0438-0543.md,entry-0484
جهانگرد,جهانگرد,837,سرگرمی,صفت,7946,entries/0742-0850.md,entry-0837
جهانگرد,جهانگرد,981,پرستش,اسم,9279,entries/0970-0991.md,entry-0981
جهانگردی,جهانگردی,267,مسافرت زمینی,اسم,2567,entries/0194-0301.md,entry-0267
جهانگردی,جهانگردی,344,زمین,اسم,3284,entries/0302-0437.md,entry-0344
جهانگردی کردن,جهانگردی کردن,267,مسافرت زمینی,فعل,2579,entries/0194-0301.md,entry-0267
جهانی,جهانی,32,بزرگی,صفت,324,entries/0001-0090.md,entry-0032
جهانی,جهانی,79,عمومیت,صفت,797,entries/0001-0090.md,entry-0079
جهانی,جهانی,321,کیهان,صفت,3097,entries/0302-0437.md,entry-0321
جهان‌آفرین,جهان‌آفرین,965,ذات خداوندی,اسم,9136,entries/0851-0969.md,entry-0965
جهان‌بینی,جهان‌بینی,179,گرایش,اسم,1697,entries/0091-0193.md,entry-0179
جهان‌بینی,جهان‌بینی,438,دید . بینایی,اسم,4034,entries/0438-0543.md,entry-0438
جهان‌بینی,جهان‌بینی,485,باور,اسم,4524,entries/0438-0543.md,entry-0485
جهان‌بینی,جهان‌بینی,624,راه,اسم,5871,entries/0544-0650.md,entry-0624
جهان‌بینی,جهان‌بینی,708,گروه اجتماعی,اسم,6688,entries/0651-0741.md,entry-0708
جهان‌بینی,جهان‌بینی,973,دین . دینداری,اسم,9194,entries/0970-0991.md,entry-0973
جهان‌بینی485,جهان‌بینی485,449,اندیشه,اسم,4144,entries/0438-0543.md,entry-0449
جهان‌دیده,جهان‌دیده,694,مهارت,صفت,6562,entries/0651-0741.md,entry-0694
جهان‌دیده,جهان‌دیده,696,شخص کارشناس,اسم,6584,entries/0651-0741.md,entry-0696
جهان‌شمول,جهان‌شمول,52,کل - بخش اصلی,صفت,531,entries/0001-0090.md,entry-0052
جهان‌شمول,جهان‌شمول,79,عمومیت,صفت,797,entries/0001-0090.md,entry-0079
جهان‌شمول,جهان‌شمول,88,وحدت,صفت,894,entries/0001-0090.md,entry-0088
جهان‌شمول,جهان‌شمول,230,محیط 230#,صفت,2234,entries/0194-0301.md,entry-0230
جهان‌شمولی,جهان‌شمولی,52,کل - بخش اصلی,اسم,525,entries/0001-0090.md,entry-0052
جهان‌پهلوان,جهان‌پهلوان,716,ستیز . مبارزه,اسم,6779,entries/0651-0741.md,entry-0716
جهان‌پهلوان,جهان‌پهلوان,855,شجاعت,اسم,8124,entries/0851-0969.md,entry-0855
جهت,جهت,9,رابطه . ربط,اسم,106,entries/0001-0090.md,entry-0009
جهت,جهت,156,علیت . علت 156#,اسم,1453,entries/0091-0193.md,entry-0156
جهت,جهت,179,گرایش,اسم,1697,entries/0091-0193.md,entry-0179
جهت,جهت,186,موقعیت,اسم,1760,entries/0091-0193.md,entry-0186
جهت,جهت,234,کناره,اسم,2266,entries/0194-0301.md,entry-0234
جهت,جهت,239,کنار,اسم,2306,entries/0194-0301.md,entry-0239
جهت,جهت,240,روبرو 240#,اسم,2313,entries/0194-0301.md,entry-0240
جهت,جهت,281,جهت,اسم,2704,entries/0194-0301.md,entry-0281
جهت,جهت,617,قصد,اسم,5798,entries/0544-0650.md,entry-0617
جهت,جهت,624,راه,اسم,5874,entries/0544-0650.md,entry-0624
جهت دادن,جهت دادن,281,جهت,فعل,2708,entries/0194-0301.md,entry-0281
جهت قطبنما,جهت قطبنما,186,موقعیت,اسم,1760,entries/0091-0193.md,entry-0186
جهت مقابل,جهت مقابل,199,دوری,اسم,1922,entries/0194-0301.md,entry-0199
جهت مقابل,جهت مقابل,240,روبرو 240#,اسم,2313,entries/0194-0301.md,entry-0240
جهت چرخش,جهت چرخش,315,چرخش,اسم,3023,entries/0302-0437.md,entry-0315
جهت گرفتن,جهت گرفتن,281,جهت,فعل,2707,entries/0194-0301.md,entry-0281
جهت: امکان 469 - امتناع 470 - تحقق (ایجابی یا سلبی) - وجوب,جهت: امکان 469 - امتناع 470 - تحقق (ایجابی یا سلبی) - وجوب,449,اندیشه,اسم,4147,entries/0438-0543.md,entry-0449
جهتِ,جهتِ,156,علیت . علت 156#,قید,1460,entries/0091-0193.md,entry-0156
جهتِ,جهتِ,157,معلول 157#,قید,1471,entries/0091-0193.md,entry-0157
جهتِ,جهتِ,617,قصد,قید,5803,entries/0544-0650.md,entry-0617
جهتِ بردار,جهتِ بردار,281,جهت,اسم,2704,entries/0194-0301.md,entry-0281
جهت‌دار,جهت‌دار,239,کنار,صفت,2308,entries/0194-0301.md,entry-0239
جهت‌دار,جهت‌دار,240,روبرو 240#,صفت,2315,entries/0194-0301.md,entry-0240
جهت‌دار,جهت‌دار,265,حرکت 265#,صفت,2547,entries/0194-0301.md,entry-0265
جهت‌دار,جهت‌دار,281,جهت,صفت,2706,entries/0194-0301.md,entry-0281
جهت‌را عوض کردن,جهت‌را عوض کردن,281,جهت,فعل,2707,entries/0194-0301.md,entry-0281
جهت‌گیری,جهت‌گیری,8,شرایط: وضعیت نسبی,اسم,93,entries/0001-0090.md,entry-0008
جهد,جهد,160,توان 160#,اسم,1495,entries/0091-0193.md,entry-0160
جهش,جهش,149,انقلاب: تغییر ناگهانی یا خشونت‌آمیز,اسم,1376,entries/0091-0193.md,entry-0149
جهش,جهش,277,سرعت,اسم,2663,entries/0194-0301.md,entry-0277
جهش,جهش,285,پیشروی,اسم,2735,entries/0194-0301.md,entry-0285
جهش,جهش,312,پرش . جهش,اسم,3001,entries/0302-0437.md,entry-0312
جهش [زیست‌شناسی],جهش [زیست‌شناسی],143,تغییر و تحول 143#,اسم,1321,entries/0091-0193.md,entry-0143
جهش [زیست‌شناسی],جهش [زیست‌شناسی],147,تبدیل: تغییر یافتن به‌چیزی دیگر,اسم,1359,entries/0091-0193.md,entry-0147
جهل,جهل,450,فقدان اندیشه 450#,اسم,4157,entries/0438-0543.md,entry-0450
جهل,جهل,491,جهل . نادانی,اسم,4595,entries/0438-0543.md,entry-0491
جهل,جهل,495,خطا,اسم,4628,entries/0438-0543.md,entry-0495
جهل,جهل,602,سرسختی . یکدندگی,اسم,5635,entries/0544-0650.md,entry-0602
جهل,جهل,670,فقدان آمادگی 670#,اسم,6350,entries/0651-0741.md,entry-0670
جهنده,جهنده,265,حرکت 265#,صفت,2547,entries/0194-0301.md,entry-0265
جهنده,جهنده,277,سرعت,صفت,2665,entries/0194-0301.md,entry-0277
جهنده,جهنده,285,پیشروی,صفت,2736,entries/0194-0301.md,entry-0285
جهنده,جهنده,312,پرش . جهش,صفت,3003,entries/0302-0437.md,entry-0312
جهندگی,جهندگی,328,کشش‌پذیری . فنر,اسم,3165,entries/0302-0437.md,entry-0328
جهنم,جهنم,61,بی‌نظمی,اسم,620,entries/0001-0090.md,entry-0061
جهنم,جهنم,211,عمق,اسم,2034,entries/0194-0301.md,entry-0211
جهنم,جهنم,379,گرما,اسم,3600,entries/0302-0437.md,entry-0379
جهنم,جهنم,972,جهنم,اسم,9185,entries/0970-0991.md,entry-0972
جهنمی,جهنمی,972,جهنم,صفت,9186,entries/0970-0991.md,entry-0972
جهود,جهود,191,مقیم,اسم,1810,entries/0091-0193.md,entry-0191
جهود,جهود,973,دین . دینداری,اسم,9197,entries/0970-0991.md,entry-0973
جهیدن,جهیدن,248,منحنی . ناهموار,فعل,2379,entries/0194-0301.md,entry-0248
جهیدن,جهیدن,277,سرعت,فعل,2666,entries/0194-0301.md,entry-0277
جهیدن,جهیدن,312,پرش . جهش,صفت,3004,entries/0302-0437.md,entry-0312
جهیدن,جهیدن,328,کشش‌پذیری . فنر,فعل,3167,entries/0302-0437.md,entry-0328
جهیدن,جهیدن,746,آزادسازی,فعل,7107,entries/0742-0850.md,entry-0746
جهیز دادن,جهیز دادن,777,دارایی . مِلک 777#,فعل,7373,entries/0742-0850.md,entry-0777
جهیزیه,جهیزیه,777,دارایی . مِلک 777#,اسم,7366,entries/0742-0850.md,entry-0777
جهیزیه,جهیزیه,889,نوازش,اسم,8462,entries/0851-0969.md,entry-0889
جهیزیه ◄ مهریه,جهیزیه ◄ مهریه,780,انتقال ملک 780#,اسم,7398,entries/0742-0850.md,entry-0780
جو,جو,230,محیط 230#,اسم,2232,entries/0194-0301.md,entry-0230
جو,جو,273,حمل‌کننده,اسم,2632,entries/0194-0301.md,entry-0273
جو,جو,301,غذا: خوردن و نوشیدن,اسم,2885,entries/0194-0301.md,entry-0301
جو,جو,366,گیاهان,اسم,3479,entries/0302-0437.md,entry-0366
جواب,جواب,85,عدد 85#,اسم,863,entries/0001-0090.md,entry-0085
جواب,جواب,460,پاسخ 460#,اسم,4264,entries/0438-0543.md,entry-0460
جواب,جواب,962,پاداش,اسم,9099,entries/0851-0969.md,entry-0962
جواب دادن,جواب دادن,151,تغییر متقابل: تغییر باهم یا دوگانه,فعل,1395,entries/0091-0193.md,entry-0151
جواب دادن,جواب دادن,460,پاسخ 460#,فعل,4268,entries/0438-0543.md,entry-0460
جواب دادن,جواب دادن,635,کفایت,فعل,5971,entries/0544-0650.md,entry-0635
جواب درست ندادن,جواب درست ندادن,518,ایهام,فعل,4857,entries/0438-0543.md,entry-0518
جواب رد دادن,جواب رد دادن,760,امتناع 760#,فعل,7212,entries/0742-0850.md,entry-0760
جواب ساده داشتن,جواب ساده داشتن,701,آسانی,فعل,6629,entries/0651-0741.md,entry-0701
جواب ندادن,جواب ندادن,582,کم‌حرفی,فعل,5418,entries/0544-0650.md,entry-0582
جواب پس دادن,جواب پس دادن,878,گستاخی,اسم,8339,entries/0851-0969.md,entry-0878
جوابگو,جوابگو,460,پاسخ 460#,صفت,4267,entries/0438-0543.md,entry-0460
جوابگو,جوابگو,917,وظیفه,صفت,8713,entries/0851-0969.md,entry-0917
جوابگویی,جوابگویی,460,پاسخ 460#,اسم,4264,entries/0438-0543.md,entry-0460
جوابگویی,جوابگویی,915,وجود حق,اسم,8686,entries/0851-0969.md,entry-0915
جوابگویی,جوابگویی,917,وظیفه,اسم,8710,entries/0851-0969.md,entry-0917
جوابیه,جوابیه,460,پاسخ 460#,اسم,4265,entries/0438-0543.md,entry-0460
جوار,جوار,202,مجاورت,اسم,1949,entries/0194-0301.md,entry-0202
جوار,جوار,239,کنار,اسم,2306,entries/0194-0301.md,entry-0239
جواز,جواز,34,برتری,اسم,345,entries/0001-0090.md,entry-0034
جواز,جواز,57,بیرون گذاشتن,اسم,580,entries/0001-0090.md,entry-0057
جواز,جواز,737,دستور,اسم,7009,entries/0651-0741.md,entry-0737
جواز,جواز,756,اجازه,اسم,7180,entries/0742-0850.md,entry-0756
جواز,جواز,802,بستانکاری,اسم,7584,entries/0742-0850.md,entry-0802
جوازسفر,جوازسفر,756,اجازه,اسم,7180,entries/0742-0850.md,entry-0756
جوال,جوال,194,ظرف,اسم,1852,entries/0194-0301.md,entry-0194
جوان,جوان,130,جوانی 130#,اسم,1206,entries/0091-0193.md,entry-0130
جوان,جوان,132,جوان,اسم,1221,entries/0091-0193.md,entry-0132
جوان,جوان,134,بلوغ,صفت,1235,entries/0091-0193.md,entry-0134
جوان,جوان,162,قدرت,صفت,1526,entries/0091-0193.md,entry-0162
جوان,جوان,163,ضعف,اسم,1538,entries/0091-0193.md,entry-0163
جوان,جوان,170,اعقاب . فرزند 170#,اسم,1608,entries/0091-0193.md,entry-0170
جوان,جوان,538,دانش‌آموز,صفت,5068,entries/0438-0543.md,entry-0538
جوان,جوان,937,انسان والا,اسم,8903,entries/0851-0969.md,entry-0937
جوان کردن,جوان کردن,656,بازسازی,فعل,6205,entries/0651-0741.md,entry-0656
جوانب,جوانب,230,محیط 230#,اسم,2232,entries/0194-0301.md,entry-0230
جوانب را درنظر نگرفتن,جوانب را درنظر نگرفتن,857,بی‌پروایی,فعل,8143,entries/0851-0969.md,entry-0857
جوانتر,جوانتر,35,کهتری,صفت,359,entries/0001-0090.md,entry-0035
جوانمرد,جوانمرد,716,ستیز . مبارزه,اسم,6779,entries/0651-0741.md,entry-0716
جوانمرد,جوانمرد,813,سخاوت,اسم,7679,entries/0742-0850.md,entry-0813
جوانمرد,جوانمرد,866,خوش‌نامی,صفت,8225,entries/0851-0969.md,entry-0866
جوانمرد,جوانمرد,909,عفو . بخشش,صفت,8635,entries/0851-0969.md,entry-0909
جوانمرد,جوانمرد,937,انسان والا,اسم,8903,entries/0851-0969.md,entry-0937
جوانمردی,جوانمردی,162,قدرت,اسم,1522,entries/0091-0193.md,entry-0162
جوانمردی,جوانمردی,174,فعال بودن,اسم,1645,entries/0091-0193.md,entry-0174
جوانمردی,جوانمردی,855,شجاعت,اسم,8122,entries/0851-0969.md,entry-0855
جوانمردی,جوانمردی,909,عفو . بخشش,اسم,8634,entries/0851-0969.md,entry-0909
جوانمردی,جوانمردی,929,درستی . درستکاری,اسم,8836,entries/0851-0969.md,entry-0929
جوانمردی,جوانمردی,933,پرهیزگاری,اسم,8869,entries/0851-0969.md,entry-0933
جوانه,جوانه,68,آغاز,اسم,686,entries/0001-0090.md,entry-0068
جوانه,جوانه,132,جوان,اسم,1223,entries/0091-0193.md,entry-0132
جوانه,جوانه,157,معلول 157#,اسم,1465,entries/0091-0193.md,entry-0157
جوانه,جوانه,301,غذا: خوردن و نوشیدن,اسم,2895,entries/0194-0301.md,entry-0301
جوانه,جوانه,366,گیاهان,اسم,3478,entries/0302-0437.md,entry-0366
جوانه زدن,جوانه زدن,1,وجود (هستی),فعل,32,entries/0001-0090.md,entry-0001
جوانه زدن,جوانه زدن,68,آغاز,فعل,693,entries/0001-0090.md,entry-0068
جوانی,جوانی,68,آغاز,اسم,683,entries/0001-0090.md,entry-0068
جوانی,جوانی,130,جوانی 130#,اسم,1206,entries/0091-0193.md,entry-0130
جوانی,جوانی,161,ناتوانی,اسم,1510,entries/0091-0193.md,entry-0161
جوان‌مرگ‌شده,جوان‌مرگ‌شده,361,مرگ,صفت,3418,entries/0302-0437.md,entry-0361
جواهر,جواهر,841,زیبایی,اسم,7980,entries/0742-0850.md,entry-0841
جواهر,جواهر,844,تزیین,اسم,8018,entries/0742-0850.md,entry-0844
جواهر,جواهر,890,عزیز 890# عزی,اسم,8471,entries/0851-0969.md,entry-0890
جواهرات,جواهرات,217,آویزانی,اسم,2079,entries/0194-0301.md,entry-0217
جواهرات,جواهرات,844,تزیین,اسم,8017,entries/0742-0850.md,entry-0844
جواهرات سلطنتی,جواهرات سلطنتی,844,تزیین,اسم,8017,entries/0742-0850.md,entry-0844
جوجه,جوجه,132,جوان,اسم,1222,entries/0091-0193.md,entry-0132
جوجه,جوجه,170,اعقاب . فرزند 170#,اسم,1608,entries/0091-0193.md,entry-0170
جوجه,جوجه,365,حیوانات,اسم,3457,entries/0302-0437.md,entry-0365
جوجه,جوجه,670,فقدان آمادگی 670#,صفت,6352,entries/0651-0741.md,entry-0670
جوجه گرفتن,جوجه گرفتن,369,دامداری,فعل,3508,entries/0302-0437.md,entry-0369
جوجه-,جوجه-,196,خُردی,اسم,1891,entries/0194-0301.md,entry-0196
جوجه‌اردک,جوجه‌اردک,196,خُردی,اسم,1891,entries/0194-0301.md,entry-0196
جوجه‌تیغی,جوجه‌تیغی,256,تیزی 256#,اسم,2455,entries/0194-0301.md,entry-0256
جوجه‌کشی,جوجه‌کشی,369,دامداری,اسم,3501,entries/0302-0437.md,entry-0369
جوجه‌گیری,جوجه‌گیری,369,دامداری,اسم,3501,entries/0302-0437.md,entry-0369
جوجۀ اجدادی,جوجۀ اجدادی,369,دامداری,اسم,3501,entries/0302-0437.md,entry-0369
جوجۀ نژادی,جوجۀ نژادی,369,دامداری,اسم,3501,entries/0302-0437.md,entry-0369
جوجۀ گوشتی,جوجۀ گوشتی,369,دامداری,اسم,3501,entries/0302-0437.md,entry-0369
جوخه,جوخه,74,تجمع . گردآوری,اسم,746,entries/0001-0090.md,entry-0074
جوخه,جوخه,104,تعدد,اسم,976,entries/0091-0193.md,entry-0104
جوخه,جوخه,722,رزمنده,اسم,6840,entries/0651-0741.md,entry-0722
جوخۀ اعدام,جوخۀ اعدام,964,وسیلۀ مجازات,اسم,9126,entries/0851-0969.md,entry-0964
جود,جود,813,سخاوت,اسم,7678,entries/0742-0850.md,entry-0813
جودو,جودو,716,ستیز . مبارزه,اسم,6777,entries/0651-0741.md,entry-0716
جودو,جودو,837,سرگرمی,اسم,7925,entries/0742-0850.md,entry-0837
جودوکار,جودوکار,162,قدرت,اسم,1523,entries/0091-0193.md,entry-0162
جور,جور,24,سازگاری,صفت,237,entries/0001-0090.md,entry-0024
جور,جور,62,تنظیم,صفت,634,entries/0001-0090.md,entry-0062
جور,جور,77,طبقه‌بندی . تعیین,اسم,774,entries/0001-0090.md,entry-0077
جور,جور,82,تنوع (چندگونگی),اسم,827,entries/0001-0090.md,entry-0082
جور,جور,83,تطبیق,صفت,836,entries/0001-0090.md,entry-0083
جور,جور,243,شکل 243#,اسم,2337,entries/0194-0301.md,entry-0243
جور,جور,710,هماهنگی 710#,صفت,6715,entries/0651-0741.md,entry-0710
جور کردن,جور کردن,90,دوگانگی 90#,فعل,912,entries/0001-0090.md,entry-0090
جور کردن,جور کردن,894,ازدواج,فعل,8511,entries/0851-0969.md,entry-0894
جوراب ساق‌کوتاه,جوراب ساق‌کوتاه,228,پوشاک . پوشیدن,اسم,2209,entries/0194-0301.md,entry-0228
جوراب‌شلواری (شیشه‌ای,جوراب‌شلواری (شیشه‌ای,228,پوشاک . پوشیدن,اسم,2209,entries/0194-0301.md,entry-0228
جوراجور,جوراجور,15,تفاوت . تمیز,صفت,162,entries/0001-0090.md,entry-0015
جوراجور,جوراجور,17,ناهمگنی,صفت,177,entries/0001-0090.md,entry-0017
جوراجور,جوراجور,82,تنوع (چندگونگی),صفت,829,entries/0001-0090.md,entry-0082
جورواجور,جورواجور,82,تنوع (چندگونگی),صفت,829,entries/0001-0090.md,entry-0082
جورواجور,جورواجور,152,تغییرپذیری,صفت,1403,entries/0091-0193.md,entry-0152
جورواجور,جورواجور,437,رنگارنگی,صفت,4020,entries/0302-0437.md,entry-0437
جوز,جوز,301,غذا: خوردن و نوشیدن,اسم,2894,entries/0194-0301.md,entry-0301
جوز,جوز,366,گیاهان,اسم,3478,entries/0302-0437.md,entry-0366
جوزا,جوزا,108,زمان 108#,اسم,1017,entries/0091-0193.md,entry-0108
جوزا,جوزا,321,کیهان,اسم,3089,entries/0302-0437.md,entry-0321
جوش,جوش,47,پیوند: وسیلۀ اتصال,اسم,481,entries/0001-0090.md,entry-0047
جوش,جوش,253,تحدب,اسم,2425,entries/0194-0301.md,entry-0253
جوش,جوش,355,حباب . ابر: مخلوط هوا و آب 355#,اسم,3354,entries/0302-0437.md,entry-0355
جوش,جوش,859,میل,اسم,8157,entries/0851-0969.md,entry-0859
جوش آمدن,جوش آمدن,379,گرما,فعل,3606,entries/0302-0437.md,entry-0379
جوش خوردن,جوش خوردن,45,اتحاد . پیوستگی,فعل,456,entries/0001-0090.md,entry-0045
جوش دادن,جوش دادن,45,اتحاد . پیوستگی,فعل,452,entries/0001-0090.md,entry-0045
جوش شیرین,جوش شیرین,323,سَبُکی,اسم,3117,entries/0302-0437.md,entry-0323
جوش صورت,جوش صورت,651,بیماری . ضعف جسمانی,اسم,6137,entries/0651-0741.md,entry-0651
جوش و خروش,جوش و خروش,176,شدت . خشونت,اسم,1664,entries/0091-0193.md,entry-0176
جوش و خروش,جوش و خروش,298,صدور: حرکت به‌بیرون 298#,اسم,2837,entries/0194-0301.md,entry-0298
جوش و خروش,جوش و خروش,318,تلاطم: حرکت نامنظم,اسم,3046,entries/0302-0437.md,entry-0318
جوش وخروش,جوش وخروش,61,بی‌نظمی,اسم,620,entries/0001-0090.md,entry-0061
جوشان,جوشان,265,حرکت 265#,صفت,2547,entries/0194-0301.md,entry-0265
جوشان,جوشان,298,صدور: حرکت به‌بیرون 298#,صفت,2841,entries/0194-0301.md,entry-0298
جوشان,جوشان,318,تلاطم: حرکت نامنظم,صفت,3049,entries/0302-0437.md,entry-0318
جوشان,جوشان,350,نهر . باران: آب درجریان 350#,صفت,3316,entries/0302-0437.md,entry-0350
جوشان,جوشان,355,حباب . ابر: مخلوط هوا و آب 355#,صفت,3356,entries/0302-0437.md,entry-0355
جوشاندن,جوشاندن,301,غذا: خوردن و نوشیدن,فعل,2912,entries/0194-0301.md,entry-0301
جوشاندن,جوشاندن,303,فروکنش,فعل,2928,entries/0302-0437.md,entry-0303
جوشاندن,جوشاندن,381,گرمایش,فعل,3628,entries/0302-0437.md,entry-0381
جوشانده,جوشانده,658,درمان,اسم,6218,entries/0651-0741.md,entry-0658
جوشش,جوشش,265,حرکت 265#,اسم,2545,entries/0194-0301.md,entry-0265
جوشش,جوشش,298,صدور: حرکت به‌بیرون 298#,اسم,2837,entries/0194-0301.md,entry-0298
جوشش,جوشش,318,تلاطم: حرکت نامنظم,اسم,3046,entries/0302-0437.md,entry-0318
جوشش عشق,جوشش عشق,991,عرفان,اسم,9374,entries/0970-0991.md,entry-0991
جوشن,جوشن,253,تحدب,اسم,2426,entries/0194-0301.md,entry-0253
جوشن,جوشن,713,پاتک . دفاع,اسم,6745,entries/0651-0741.md,entry-0713
جوشن,جوشن,723,سلاح,اسم,6855,entries/0651-0741.md,entry-0723
جوشکار,جوشکار,45,اتحاد . پیوستگی,صفت,448,entries/0001-0090.md,entry-0045
جوشکار,جوشکار,630,ابزار 630#,اسم,5931,entries/0544-0650.md,entry-0630
جوشیدن,جوشیدن,223,بیرون [فضا],فعل,2146,entries/0194-0301.md,entry-0223
جوشیدن,جوشیدن,298,صدور: حرکت به‌بیرون 298#,فعل,2843,entries/0194-0301.md,entry-0298
جوشیدن,جوشیدن,318,تلاطم: حرکت نامنظم,فعل,3051,entries/0302-0437.md,entry-0318
جوشیدن,جوشیدن,355,حباب . ابر: مخلوط هوا و آب 355#,فعل,3358,entries/0302-0437.md,entry-0355
جوشیدن,جوشیدن,379,گرما,فعل,3606,entries/0302-0437.md,entry-0379
جوش‌کاری,جوش‌کاری,45,اتحاد . پیوستگی,اسم,444,entries/0001-0090.md,entry-0045
جوع,جوع,859,میل,اسم,8155,entries/0851-0969.md,entry-0859
جوع داشتن,جوع داشتن,859,میل,فعل,8165,entries/0851-0969.md,entry-0859
جولا,جولا,222,تاروپود: بافت متقاطع,اسم,2136,entries/0194-0301.md,entry-0222
جولان دادن,جولان دادن,267,مسافرت زمینی,فعل,2579,entries/0194-0301.md,entry-0267
جولان دادن,جولان دادن,673,استفاده,فعل,6384,entries/0651-0741.md,entry-0673
جوهر,جوهر,1,وجود (هستی),اسم,28,entries/0001-0090.md,entry-0001
جوهر,جوهر,3,جوهر,اسم,53,entries/0001-0090.md,entry-0003
جوهر,جوهر,5,عرضیت,اسم,65,entries/0001-0090.md,entry-0005
جوهر,جوهر,32,بزرگی,اسم,322,entries/0001-0090.md,entry-0032
جوهر,جوهر,203,درازی (طول),اسم,1958,entries/0194-0301.md,entry-0203
جوهر,جوهر,224,درون,اسم,2152,entries/0194-0301.md,entry-0224
جوهر,جوهر,304,استخراج,اسم,2933,entries/0302-0437.md,entry-0304
جوهر,جوهر,319,مادیت 319#,اسم,3067,entries/0302-0437.md,entry-0319
جوهر,جوهر,393,تُرش,اسم,3706,entries/0302-0437.md,entry-0393
جوهر,جوهر,428,سیاه,اسم,3973,entries/0302-0437.md,entry-0428
جوهر,جوهر,553,نقاشی,اسم,5215,entries/0544-0650.md,entry-0553
جوهر,جوهر,586,نگارش,اسم,5446,entries/0544-0650.md,entry-0586
جوهر داشتن,جوهر داشتن,3,جوهر,اسم,52,entries/0001-0090.md,entry-0003
جوهر داشتن,جوهر داشتن,319,مادیت 319#,اسم,3066,entries/0302-0437.md,entry-0319
جوهر لیمو,جوهر لیمو,393,تُرش,اسم,3706,entries/0302-0437.md,entry-0393
جوّ,جوّ,8,شرایط: وضعیت نسبی,اسم,93,entries/0001-0090.md,entry-0008
جوّ حاکم,جوّ حاکم,8,شرایط: وضعیت نسبی,اسم,93,entries/0001-0090.md,entry-0008
جوک,جوک,590,روایت . شرح . وصف 590#,اسم,5487,entries/0544-0650.md,entry-0590
جوک,جوک,839,ظرافت طبع,اسم,7965,entries/0742-0850.md,entry-0839
جوک گفتن,جوک گفتن,839,ظرافت طبع,فعل,7968,entries/0742-0850.md,entry-0839
جوگندمی,جوگندمی,429,خاکستری,صفت,3979,entries/0302-0437.md,entry-0429
جوگندمی,جوگندمی,437,رنگارنگی,صفت,4021,entries/0302-0437.md,entry-0437
جوی,جوی,340,هوا 340#,صفت,3251,entries/0302-0437.md,entry-0340
جوی,جوی,350,نهر . باران: آب درجریان 350#,اسم,3312,entries/0302-0437.md,entry-0350
جوی,جوی,351,کانال,اسم,3325,entries/0302-0437.md,entry-0351
جویا,جویا,484,کشف,صفت,4516,entries/0438-0543.md,entry-0484
جویا,جویا,761,خواهش,صفت,7218,entries/0742-0850.md,entry-0761
جویا شدن,جویا شدن,453,کنجکاوی: میل به‌دانش,فعل,4186,entries/0438-0543.md,entry-0453
جویا شدن,جویا شدن,459,پرسش,فعل,4258,entries/0438-0543.md,entry-0459
جویای آرامش ◄ شخص صلح‌طلب,جویای آرامش ◄ شخص صلح‌طلب,266,عدم تحرک,اسم,2554,entries/0194-0301.md,entry-0266
جویای نام بودن,جویای نام بودن,866,خوش‌نامی,فعل,8228,entries/0851-0969.md,entry-0866
جویبار,جویبار,350,نهر . باران: آب درجریان 350#,اسم,3312,entries/0302-0437.md,entry-0350
جویدن,جویدن,46,عدم اتحاد . گسیختگی,فعل,475,entries/0001-0090.md,entry-0046
جویدن,جویدن,301,غذا: خوردن و نوشیدن,فعل,2907,entries/0194-0301.md,entry-0301
جویدنیها,جویدنیها,301,غذا: خوردن و نوشیدن,اسم,2901,entries/0194-0301.md,entry-0301
جویده سخن گفتن,جویده سخن گفتن,580,مشکلِ سخن 580#,فعل,5405,entries/0544-0650.md,entry-0580
جوینده,جوینده,453,کنجکاوی: میل به‌دانش,اسم,4184,entries/0438-0543.md,entry-0453
جوینده,جوینده,459,پرسش,صفت,4254,entries/0438-0543.md,entry-0459
جوینده,جوینده,484,کشف,اسم,4515,entries/0438-0543.md,entry-0484
جوینده,جوینده,671,مبادرت . اقدام,اسم,6362,entries/0651-0741.md,entry-0671
جوینده,جوینده,761,خواهش,صفت,7218,entries/0742-0850.md,entry-0761
جوینده,جوینده,771,اکتساب,صفت,7309,entries/0742-0850.md,entry-0771
جوینده,جوینده,991,عرفان,اسم,9371,entries/0970-0991.md,entry-0991
جوییدن,جوییدن,459,پرسش,فعل,4258,entries/0438-0543.md,entry-0459
جَستن,جَستن,328,کشش‌پذیری . فنر,فعل,3167,entries/0302-0437.md,entry-0328
جَستن,جَستن,667,فرار,فعل,6318,entries/0651-0741.md,entry-0667
جَستن,جَستن,746,آزادسازی,فعل,7107,entries/0742-0850.md,entry-0746
جَلد,جَلد,135,تعجیل,صفت,1243,entries/0091-0193.md,entry-0135
جَلَب,جَلَب,541,دروغگویی,صفت,5090,entries/0438-0543.md,entry-0541
جَنب,جَنب,234,کناره,اسم,2266,entries/0194-0301.md,entry-0234
جَوّ,جَوّ,340,هوا 340#,اسم,3247,entries/0302-0437.md,entry-0340
جَوّ,جَوّ,355,حباب . ابر: مخلوط هوا و آب 355#,اسم,3355,entries/0302-0437.md,entry-0355
جُدَی (بُز),جُدَی (بُز),321,کیهان,اسم,3089,entries/0302-0437.md,entry-0321
جُستن,جُستن,255,تقعر,فعل,2450,entries/0194-0301.md,entry-0255
جُستن,جُستن,459,پرسش,فعل,4258,entries/0438-0543.md,entry-0459
جُستن,جُستن,484,کشف,فعل,4518,entries/0438-0543.md,entry-0484
جُستن,جُستن,671,مبادرت . اقدام,فعل,6367,entries/0651-0741.md,entry-0671
جُنب خوردن,جُنب خوردن,265,حرکت 265#,فعل,2548,entries/0194-0301.md,entry-0265
جُنگ ادبی,جُنگ ادبی,589,کتاب,اسم,5476,entries/0544-0650.md,entry-0589
جُنگ ادبی,جُنگ ادبی,592,تلخیص,اسم,5505,entries/0544-0650.md,entry-0592
جِدّ,جِدّ,600,پافشاری 600#,اسم,5621,entries/0544-0650.md,entry-0600
جِدّ,جِدّ,682,تلاش . کار,اسم,6469,entries/0651-0741.md,entry-0682
جِدّ,جِدّ,838,ملال . کسلی,اسم,7956,entries/0742-0850.md,entry-0838
جِر,جِر,603,بی ثباتی . بوالهوسی,اسم,5644,entries/0544-0650.md,entry-0603
جِر,جِر,607,ردّ . عدم انتخاب,اسم,5687,entries/0544-0650.md,entry-0607
جِر,جِر,752,لغو . الغا . عزل,اسم,7146,entries/0742-0850.md,entry-0752
جِر زدن,جِر زدن,752,لغو . الغا . عزل,فعل,7151,entries/0742-0850.md,entry-0752
جک,جک,310,ترفیع: بالابردن 310#,اسم,2985,entries/0302-0437.md,entry-0310
جک زدن,جک زدن,310,ترفیع: بالابردن 310#,فعل,2987,entries/0302-0437.md,entry-0310
جکوزی,جکوزی,383,گرم‌کننده: کوره، بخاری,اسم,3645,entries/0302-0437.md,entry-0383
جکوزی,جکوزی,648,پاکیزگی,اسم,6093,entries/0544-0650.md,entry-0648
جگر,جگر,224,درون,اسم,2153,entries/0194-0301.md,entry-0224
جگر,جگر,301,غذا: خوردن و نوشیدن,اسم,2889,entries/0194-0301.md,entry-0301
جگر,جگر,371,انسان,اسم,3527,entries/0302-0437.md,entry-0371
جگرسوز,جگرسوز,374,حواس . حساسیت,صفت,3553,entries/0302-0437.md,entry-0374
جگرسوز,جگرسوز,377,دَرد,صفت,3582,entries/0302-0437.md,entry-0377
جگرسوز,جگرسوز,612,انگیختن . تحریک,صفت,5742,entries/0544-0650.md,entry-0612
جگرگوشه,جگرگوشه,170,اعقاب . فرزند 170#,اسم,1608,entries/0091-0193.md,entry-0170
جگری,جگری,431,سرخ,صفت,3989,entries/0302-0437.md,entry-0431
جیب,جیب,194,ظرف,اسم,1847,entries/0194-0301.md,entry-0194
جیب,جیب,799,خزانه‌داری,اسم,7559,entries/0742-0850.md,entry-0799
جیب بغل,جیب بغل,194,ظرف,اسم,1856,entries/0194-0301.md,entry-0194
جیب عقب,جیب عقب,194,ظرف,اسم,1856,entries/0194-0301.md,entry-0194
جیب کوچک,جیب کوچک,194,ظرف,اسم,1856,entries/0194-0301.md,entry-0194
جیبی,جیبی,442,دستگاه نوری,اسم,4070,entries/0438-0543.md,entry-0442
جیبی,جیبی,589,کتاب,صفت,5480,entries/0544-0650.md,entry-0589
جیب‌بر,جیب‌بر,789,دزد,اسم,7488,entries/0742-0850.md,entry-0789
جیب‌بری,جیب‌بری,788,دزدی,اسم,7475,entries/0742-0850.md,entry-0788
جیر,جیر,226,پوشش,اسم,2173,entries/0194-0301.md,entry-0226
جیرجیرک,جیرجیرک,365,حیوانات,اسم,3466,entries/0302-0437.md,entry-0365
جیره,جیره,27,درجه: مقدار نسبی,اسم,270,entries/0001-0090.md,entry-0027
جیره,جیره,301,غذا: خوردن و نوشیدن,اسم,2882,entries/0194-0301.md,entry-0301
جیره,جیره,783,تسهیم,اسم,7426,entries/0742-0850.md,entry-0783
جیره بندی کردن,جیره بندی کردن,636,عدم کفایت,فعل,5984,entries/0544-0650.md,entry-0636
جیره دادن,جیره دادن,26,کمیت,فعل,265,entries/0001-0090.md,entry-0026
جیره‌خوار,جیره‌خوار,930,نادرستی 930#,صفت,8849,entries/0851-0969.md,entry-0930
جیره‌ی غذایی,جیره‌ی غذایی,301,غذا: خوردن و نوشیدن,اسم,2884,entries/0194-0301.md,entry-0301
جیرۀ غذایی,جیرۀ غذایی,301,غذا: خوردن و نوشیدن,اسم,2882,entries/0194-0301.md,entry-0301
جیش,جیش,722,رزمنده,اسم,6838,entries/0651-0741.md,entry-0722
جیغ,جیغ,400,صدای بلند 400#,اسم,3755,entries/0302-0437.md,entry-0400
جیغ,جیغ,407,صدای خشن,اسم,3792,entries/0302-0437.md,entry-0407
جیغ,جیغ,408,فریاد انسان,اسم,3798,entries/0302-0437.md,entry-0408
جیغ ودادکن,جیغ ودادکن,408,فریاد انسان,صفت,3799,entries/0302-0437.md,entry-0408
جیغ‌جیغو,جیغ‌جیغو,400,صدای بلند 400#,صفت,3757,entries/0302-0437.md,entry-0400
جیم شدن,جیم شدن,456,بی‌توجهی,فعل,4216,entries/0438-0543.md,entry-0456
جیم شدن,جیم شدن,525,کتمان,فعل,4944,entries/0438-0543.md,entry-0525
جیم‌فنگ شدن,جیم‌فنگ شدن,456,بی‌توجهی,فعل,4216,entries/0438-0543.md,entry-0456
جیم‌کانا,جیم‌کانا,267,مسافرت زمینی,اسم,2571,entries/0194-0301.md,entry-0267
جین,جین,74,تجمع . گردآوری,اسم,746,entries/0001-0090.md,entry-0074
جین,جین,99,بیش ازپنج,اسم,951,entries/0091-0193.md,entry-0099
جیوه,جیوه,319,مادیت 319#,اسم,3069,entries/0302-0437.md,entry-0319
جیوه ◄ عنصر,جیوه ◄ عنصر,442,دستگاه نوری,اسم,4070,entries/0438-0543.md,entry-0442
جیک‌جیک,جیک‌جیک,409,صدای حیوانات,اسم,3805,entries/0302-0437.md,entry-0409
جی‌پی‌اس,جی‌پی‌اس,269,مسافرت دریایی,اسم,2596,entries/0194-0301.md,entry-0269
