term,normalized_term,entry_id,entry_heading,pos_context,docx_paragraph,file,anchor
دست برداشتن,دست برداشتن,145,توقف: تغییر ازحرکت / عمل به‌سکون,فعل,1346,entries/0091-0193.md,entry-0145
دست برداشتن,دست برداشتن,726,عدم تکمیل,فعل,6893,entries/0651-0741.md,entry-0726
دست برداشتن,دست برداشتن,779,عدم نگهداری,فعل,7391,entries/0742-0850.md,entry-0779
دست بردن,دست بردن,43,آمیختگی 43#,فعل,424,entries/0001-0090.md,entry-0043
دست برسینه,دست برسینه,739,اطاعت . وفاداری,صفت,7035,entries/0651-0741.md,entry-0739
دست برقضا,دست برقضا,154,رویداد 154#,قید,1431,entries/0091-0193.md,entry-0154
دست برقضا,دست برقضا,159,شانس: فقدان علت 159#,قید,1491,entries/0091-0193.md,entry-0159
دست به آب,دست به آب,649,ناپاکی . آلودگی,اسم,6108,entries/0544-0650.md,entry-0649
دست به‌دست دادن,دست به‌دست دادن,894,ازدواج,اسم,8504,entries/0851-0969.md,entry-0894
دست به‌دست شدن,دست به‌دست شدن,780,انتقال ملک 780#,فعل,7402,entries/0742-0850.md,entry-0780
دست به‌دست شدن,دست به‌دست شدن,793,فروش,فعل,7519,entries/0742-0850.md,entry-0793
دست به‌دست شدن [مِلک],دست به‌دست شدن [مِلک],151,تغییر متقابل: تغییر باهم یا دوگانه,فعل,1396,entries/0091-0193.md,entry-0151
دست به‌دست هم دادن,دست به‌دست هم دادن,181,قِران: جمع علل,اسم,1712,entries/0091-0193.md,entry-0181
دست به‌دست همدیگر دادن,دست به‌دست همدیگر دادن,894,ازدواج,فعل,8511,entries/0851-0969.md,entry-0894
دست به‌دست کردن,دست به‌دست کردن,136,تأخیر,فعل,1251,entries/0091-0193.md,entry-0136
دست به‌روی کسی بلند کردن,دست به‌روی کسی بلند کردن,712,تک . حمله,فعل,6736,entries/0651-0741.md,entry-0712
دست به‌سینه,دست به‌سینه,739,اطاعت . وفاداری,صفت,7035,entries/0651-0741.md,entry-0739
دست به‌سینه بودن,دست به‌سینه بودن,920,احترام 920#,فعل,8741,entries/0851-0969.md,entry-0920
دست به‌چوب زدن,دست به‌چوب زدن,487,زودباوری,فعل,4552,entries/0438-0543.md,entry-0487
دست به‌کار شدن,دست به‌کار شدن,671,مبادرت . اقدام,فعل,6366,entries/0651-0741.md,entry-0671
دست به‌گریبان شدن,دست به‌گریبان شدن,154,رویداد 154#,فعل,1430,entries/0091-0193.md,entry-0154
دست تنها,دست تنها,88,وحدت,صفت,895,entries/0001-0090.md,entry-0088
دست تکان دادن,دست تکان دادن,455,توجه,فعل,4203,entries/0438-0543.md,entry-0455
دست جلو,دست جلو,273,حمل‌کننده,اسم,2632,entries/0194-0301.md,entry-0273
دست خوردن,دست خوردن,378,تماس . لمس . لامسه,اسم,3589,entries/0302-0437.md,entry-0378
دست دادن,دست دادن,547,دلالت,اسم,5151,entries/0544-0650.md,entry-0547
دست دادن,دست دادن,884,ادب,اسم,8407,entries/0851-0969.md,entry-0884
دست دادن,دست دادن,920,احترام 920#,فعل,8741,entries/0851-0969.md,entry-0920
دست دراز کردن,دست دراز کردن,203,درازی (طول),فعل,1963,entries/0194-0301.md,entry-0203
دست دراز کردن,دست دراز کردن,761,خواهش,فعل,7221,entries/0742-0850.md,entry-0761
دست دراز کردن به‌سوی کسی,دست دراز کردن به‌سوی کسی,761,خواهش,فعل,7222,entries/0742-0850.md,entry-0761
دست دوم,دست دوم,20,تقلید (نسخه‌برداری) 20#,صفت,204,entries/0001-0090.md,entry-0020
دست دوم,دست دوم,163,ضعف,صفت,1541,entries/0091-0193.md,entry-0163
دست راست,دست راست,91,دوبرابری,اسم,916,entries/0091-0193.md,entry-0091
دست راست,دست راست,249,خط مستقیم . هموار,صفت,2384,entries/0194-0301.md,entry-0249
دست راست,دست راست,378,تماس . لمس . لامسه,اسم,3592,entries/0302-0437.md,entry-0378
دست رد به‌سینۀ کسی زدن,دست رد به‌سینۀ کسی زدن,704,ضدیت . تقابل,فعل,6664,entries/0651-0741.md,entry-0704
دست رد به‌سینۀ کسی زدن,دست رد به‌سینۀ کسی زدن,760,امتناع 760#,فعل,7212,entries/0742-0850.md,entry-0760
دست زدن,دست زدن,378,تماس . لمس . لامسه,فعل,3595,entries/0302-0437.md,entry-0378
دست زدن,دست زدن,488,نظر موافق,فعل,4561,entries/0438-0543.md,entry-0488
دست زدن,دست زدن,671,مبادرت . اقدام,فعل,6366,entries/0651-0741.md,entry-0671
دست زدن,دست زدن,688,رفتار,فعل,6519,entries/0651-0741.md,entry-0688
دست زدن,دست زدن,835,شادمانی,فعل,7903,entries/0742-0850.md,entry-0835
دست زدن,دست زدن,923,تحسین,اسم,8768,entries/0851-0969.md,entry-0923
دست زدن به‌کاری,دست زدن به‌کاری,672,مأموریت,فعل,6375,entries/0651-0741.md,entry-0672
دست مریزاد,دست مریزاد,923,تحسین,شبه جمله,8776,entries/0851-0969.md,entry-0923
دست نخورده,دست نخورده,646,کمال,صفت,6075,entries/0544-0650.md,entry-0646
دست نگاه داشتن,دست نگاه داشتن,823,تهییج ناپذیری,فعل,7775,entries/0742-0850.md,entry-0823
دست نیاز دراز کردن,دست نیاز دراز کردن,785,استقراض,فعل,7447,entries/0742-0850.md,entry-0785
دست چپ,دست چپ,378,تماس . لمس . لامسه,اسم,3592,entries/0302-0437.md,entry-0378
دست کاسه‌شده,دست کاسه‌شده,194,ظرف,اسم,1858,entries/0194-0301.md,entry-0194
دست کشیدن,دست کشیدن,145,توقف: تغییر ازحرکت / عمل به‌سکون,فعل,1346,entries/0091-0193.md,entry-0145
دست کشیدن,دست کشیدن,603,بی ثباتی . بوالهوسی,فعل,5649,entries/0544-0650.md,entry-0603
دست کشیدن,دست کشیدن,674,عدم استفاده,اسم,6388,entries/0651-0741.md,entry-0674
دست کشیدن,دست کشیدن,753,استعفا,فعل,7159,entries/0742-0850.md,entry-0753
دست کشیدن,دست کشیدن,779,عدم نگهداری,فعل,7391,entries/0742-0850.md,entry-0779
دست کم گرفتن,دست کم گرفتن,37,کاهش,فعل,379,entries/0001-0090.md,entry-0037
دست کم گرفتن,دست کم گرفتن,481,عدم تشخیص . تعصب,اسم,4485,entries/0438-0543.md,entry-0481
دست کم گرفتن,دست کم گرفتن,483,تخفیف . دست‌کم گرفتن,فعل,4510,entries/0438-0543.md,entry-0483
دست کم گرفتن,دست کم گرفتن,543,غیرحقیقت,اسم,5115,entries/0438-0543.md,entry-0543
دست کم گرفتن,دست کم گرفتن,860,بی‌تفاوتی 860#,فعل,8173,entries/0851-0969.md,entry-0860
دست کم گرفتن,دست کم گرفتن,872,حقارت . خفت,فعل,8290,entries/0851-0969.md,entry-0872
دست کم گرفتن,دست کم گرفتن,921,بی‌احترامی,اسم,8747,entries/0851-0969.md,entry-0921
دست کم گرفتن,دست کم گرفتن,922,تحقیر,فعل,8761,entries/0851-0969.md,entry-0922
دست کم گرفتن,دست کم گرفتن,926,بدگویی . افترا,اسم,8804,entries/0851-0969.md,entry-0926
دست کمک دراز کردن,دست کمک دراز کردن,703,کمک,فعل,6654,entries/0651-0741.md,entry-0703
دست گرفتن,دست گرفتن,613,بازداشتن,فعل,5758,entries/0544-0650.md,entry-0613
دست گودکرده,دست گودکرده,194,ظرف,اسم,1858,entries/0194-0301.md,entry-0194
دست یافتن,دست یافتن,160,توان 160#,فعل,1505,entries/0091-0193.md,entry-0160
دست یافتن,دست یافتن,727,موفقیت,فعل,6903,entries/0651-0741.md,entry-0727
دستار,دستار,47,پیوند: وسیلۀ اتصال,اسم,487,entries/0001-0090.md,entry-0047
دستار,دستار,228,پوشاک . پوشیدن,اسم,2197,entries/0194-0301.md,entry-0228
دستار,دستار,989,لباس روحانی,اسم,9349,entries/0970-0991.md,entry-0989
دستان,دستان,410,آهنگ . ملودی: صدای هنجار 410#,اسم,3815,entries/0302-0437.md,entry-0410
دستان پاک,دستان پاک,935,بی‌گناهی,اسم,8887,entries/0851-0969.md,entry-0935
دستاورد,دستاورد,725,تکمیل . اجرا,اسم,6882,entries/0651-0741.md,entry-0725
دستاورد,دستاورد,727,موفقیت,اسم,6900,entries/0651-0741.md,entry-0727
دستاویز,دستاویز,629,وسیله,اسم,5915,entries/0544-0650.md,entry-0629
دستبازی,دستبازی,889,نوازش,اسم,8460,entries/0851-0969.md,entry-0889
دستبرد,دستبرد,788,دزدی,اسم,7475,entries/0742-0850.md,entry-0788
دستبرد,دستبرد,805,عدم پرداخت,اسم,7609,entries/0742-0850.md,entry-0805
دستبرد زدن,دستبرد زدن,788,دزدی,فعل,7483,entries/0742-0850.md,entry-0788
دستبند,دستبند,47,پیوند: وسیلۀ اتصال,اسم,485,entries/0001-0090.md,entry-0047
دستبند,دستبند,844,تزیین,اسم,8017,entries/0742-0850.md,entry-0844
دستبند زدن,دستبند زدن,45,اتحاد . پیوستگی,فعل,454,entries/0001-0090.md,entry-0045
دستبند زدن,دستبند زدن,747,تحدید . خودداری,فعل,7118,entries/0742-0850.md,entry-0747
دستخط,دستخط,586,نگارش,اسم,5445,entries/0544-0650.md,entry-0586
دستخط شخصی,دستخط شخصی,586,نگارش,اسم,5444,entries/0544-0650.md,entry-0586
دستخط نوشتن,دستخط نوشتن,547,دلالت,فعل,5165,entries/0544-0650.md,entry-0547
دستخوش,دستخوش,175,انفعال 175#,اسم,1656,entries/0091-0193.md,entry-0175
دستخوش,دستخوش,180,استعداد 180#,صفت,1705,entries/0091-0193.md,entry-0180
دستخوش,دستخوش,628,وسیله بودن,اسم,5908,entries/0544-0650.md,entry-0628
دستخوش,دستخوش,639,عدم اهمیت,صفت,6014,entries/0544-0650.md,entry-0639
دستخوش تغییر بودن,دستخوش تغییر بودن,143,تغییر و تحول 143#,فعل,1327,entries/0091-0193.md,entry-0143
دستخوش تغییر بودن,دستخوش تغییر بودن,152,تغییرپذیری,فعل,1405,entries/0091-0193.md,entry-0152
دستخوش تغییرات شدن,دستخوش تغییرات شدن,154,رویداد 154#,فعل,1430,entries/0091-0193.md,entry-0154
دستخوش هیجان شدن,دستخوش هیجان شدن,822,تحریک پذیری,قید,7765,entries/0742-0850.md,entry-0822
دسترس,دسترس,183,فضا 183#,اسم,1738,entries/0091-0193.md,entry-0183
دسترس,دسترس,203,درازی (طول),اسم,1957,entries/0194-0301.md,entry-0203
دسترسی,دسترسی,86,شمارش,اسم,873,entries/0001-0090.md,entry-0086
دسترسی,دسترسی,189,حضور,اسم,1787,entries/0091-0193.md,entry-0189
دسترسی,دسترسی,289,نزدیک شدن (تقرب),اسم,2767,entries/0194-0301.md,entry-0289
دسترسی,دسترسی,624,راه,اسم,5872,entries/0544-0650.md,entry-0624
دسترسی یافتن,دسترسی یافتن,484,کشف,فعل,4518,entries/0438-0543.md,entry-0484
دسترنج,دسترنج,682,تلاش . کار,اسم,6470,entries/0651-0741.md,entry-0682
دسترنج,دسترنج,771,اکتساب,اسم,7307,entries/0742-0850.md,entry-0771
دسترنج,دسترنج,962,پاداش,اسم,9099,entries/0851-0969.md,entry-0962
دستش خالی بودن,دستش خالی بودن,805,عدم پرداخت,فعل,7612,entries/0742-0850.md,entry-0805
دستشویی,دستشویی,194,ظرف,اسم,1863,entries/0194-0301.md,entry-0194
دستشویی,دستشویی,648,پاکیزگی,اسم,6093,entries/0544-0650.md,entry-0648
دستشویی,دستشویی,649,ناپاکی . آلودگی,اسم,6108,entries/0544-0650.md,entry-0649
دستفروش,دستفروش,268,جهانگرد,اسم,2586,entries/0194-0301.md,entry-0268
دستفروش,دستفروش,314,حرکت انحنادار,اسم,3017,entries/0302-0437.md,entry-0314
دستفروش,دستفروش,771,اکتساب,صفت,7309,entries/0742-0850.md,entry-0771
دستفروش,دستفروش,793,فروش,اسم,7516,entries/0742-0850.md,entry-0793
دستفروش,دستفروش,794,تاجر,اسم,7525,entries/0742-0850.md,entry-0794
دستمال,دستمال,228,پوشاک . پوشیدن,اسم,2210,entries/0194-0301.md,entry-0228
دستمال,دستمال,989,لباس روحانی,اسم,9349,entries/0970-0991.md,entry-0989
دستمال به‌دستی,دستمال به‌دستی,925,چاپلوسی,اسم,8797,entries/0851-0969.md,entry-0925
دستمال کاغذی,دستمال کاغذی,648,پاکیزگی,اسم,6096,entries/0544-0650.md,entry-0648
دستمال گردن,دستمال گردن,228,پوشاک . پوشیدن,اسم,2210,entries/0194-0301.md,entry-0228
دستمال یزدی انداختن (به‌دست گرفتن),دستمال یزدی انداختن (به‌دست گرفتن),925,چاپلوسی,فعل,8800,entries/0851-0969.md,entry-0925
دستمایه,دستمایه,800,ثروت 800#,اسم,7563,entries/0742-0850.md,entry-0800
دستمزد,دستمزد,771,اکتساب,اسم,7307,entries/0742-0850.md,entry-0771
دستمزد,دستمزد,804,پرداخت,اسم,7600,entries/0742-0850.md,entry-0804
دستمزد,دستمزد,962,پاداش,اسم,9099,entries/0851-0969.md,entry-0962
دستنبو,دستنبو,301,غذا: خوردن و نوشیدن,اسم,2893,entries/0194-0301.md,entry-0301
دستنویس,دستنویس,586,نگارش,اسم,5445,entries/0544-0650.md,entry-0586
دسته,دسته,71,تداوم [در ترتیب] . تسلسل,اسم,718,entries/0001-0090.md,entry-0071
دسته,دسته,73,ردیف 73#,اسم,735,entries/0001-0090.md,entry-0073
دسته,دسته,74,تجمع . گردآوری,اسم,746,entries/0001-0090.md,entry-0074
دسته,دسته,104,تعدد,اسم,975,entries/0091-0193.md,entry-0104
دسته,دسته,218,پایه . تکیه‌گاه,اسم,2089,entries/0194-0301.md,entry-0218
دسته,دسته,594,تئاتر,اسم,5532,entries/0544-0650.md,entry-0594
دسته,دسته,632,انبار,اسم,5946,entries/0544-0650.md,entry-0632
دسته,دسته,708,گروه اجتماعی,اسم,6688,entries/0651-0741.md,entry-0708
دسته دسته کردن,دسته دسته کردن,62,تنظیم,فعل,638,entries/0001-0090.md,entry-0062
دسته کردن,دسته کردن,62,تنظیم,اسم,632,entries/0001-0090.md,entry-0062
دسته‌ای,دسته‌ای,74,تجمع . گردآوری,صفت,753,entries/0001-0090.md,entry-0074
دسته‌بندی,دسته‌بندی,706,همکاری . تعاون,اسم,6674,entries/0651-0741.md,entry-0706
دسته‌بندی غیرتشکیلاتی,دسته‌بندی غیرتشکیلاتی,706,همکاری . تعاون,اسم,6674,entries/0651-0741.md,entry-0706
دسته‌بندی غیرتشکیلاتی,دسته‌بندی غیرتشکیلاتی,708,گروه اجتماعی,اسم,6690,entries/0651-0741.md,entry-0708
دسته‌بندی غیرتشکیلاتی ◄ جماعت,دسته‌بندی غیرتشکیلاتی ◄ جماعت,708,گروه اجتماعی,اسم,6688,entries/0651-0741.md,entry-0708
دسته‌بندی غیرتشکیلاتی: حلقه,دسته‌بندی غیرتشکیلاتی: حلقه,978,فرقه‌گرایی,اسم,9241,entries/0970-0991.md,entry-0978
دسته‌بندی قبیله‌ای,دسته‌بندی قبیله‌ای,978,فرقه‌گرایی,اسم,9241,entries/0970-0991.md,entry-0978
دسته‌بندی کردن,دسته‌بندی کردن,46,عدم اتحاد . گسیختگی,فعل,472,entries/0001-0090.md,entry-0046
دسته‌بندی کردن,دسته‌بندی کردن,62,تنظیم,فعل,638,entries/0001-0090.md,entry-0062
دسته‌بندی کردن,دسته‌بندی کردن,73,ردیف 73#,فعل,739,entries/0001-0090.md,entry-0073
دسته‌جمعی,دسته‌جمعی,52,کل - بخش اصلی,قید,534,entries/0001-0090.md,entry-0052
دسته‌جمعی,دسته‌جمعی,74,تجمع . گردآوری,صفت,753,entries/0001-0090.md,entry-0074
دسته‌جمعی,دسته‌جمعی,708,گروه اجتماعی,صفت,6696,entries/0651-0741.md,entry-0708
دسته‌دسته,دسته‌دسته,104,تعدد,قید,981,entries/0091-0193.md,entry-0104
دسته‌گل به‌آب دادن,دسته‌گل به‌آب دادن,495,خطا,فعل,4635,entries/0438-0543.md,entry-0495
دستور,دستور,81,قاعده,اسم,820,entries/0001-0090.md,entry-0081
دستور,دستور,547,دلالت,اسم,5155,entries/0544-0650.md,entry-0547
دستور,دستور,595,اختیار,اسم,5581,entries/0544-0650.md,entry-0595
دستور,دستور,612,انگیختن . تحریک,اسم,5736,entries/0544-0650.md,entry-0612
دستور,دستور,664,اخطار,اسم,6291,entries/0651-0741.md,entry-0664
دستور,دستور,689,مدیریت,اسم,6524,entries/0651-0741.md,entry-0689
دستور,دستور,693,فریضه,اسم,6554,entries/0651-0741.md,entry-0693
دستور,دستور,737,دستور,اسم,7008,entries/0651-0741.md,entry-0737
دستور,دستور,756,اجازه,اسم,7179,entries/0742-0850.md,entry-0756
دستور,دستور,761,خواهش,اسم,7216,entries/0742-0850.md,entry-0761
دستور,دستور,859,میل,اسم,8154,entries/0851-0969.md,entry-0859
دستور,دستور,900,تهدید 900#,اسم,8565,entries/0851-0969.md,entry-0900
دستور,دستور,953,قانونیت,اسم,9026,entries/0851-0969.md,entry-0953
دستور احضار زندانی,دستور احضار زندانی,959,دادخواهی,اسم,9075,entries/0851-0969.md,entry-0959
دستور جلسه,دستور جلسه,154,رویداد 154#,اسم,1424,entries/0091-0193.md,entry-0154
دستور جلسه,دستور جلسه,452,موضوع,اسم,4172,entries/0438-0543.md,entry-0452
دستور دادن,دستور دادن,737,دستور,اسم,7008,entries/0651-0741.md,entry-0737
دستور دادن,دستور دادن,751,انتصاب,فعل,7142,entries/0742-0850.md,entry-0751
دستور زبان,دستور زبان,564,دستور زبان,اسم,5296,entries/0544-0650.md,entry-0564
دستور زبان غلط,دستور زبان غلط,565,غلط دستوری,اسم,5303,entries/0544-0650.md,entry-0565
دستورالعمل,دستورالعمل,524,اطلاع . آگاهی,اسم,4923,entries/0438-0543.md,entry-0524
دستورالعمل,دستورالعمل,589,کتاب,اسم,5474,entries/0544-0650.md,entry-0589
دستورالعمل,دستورالعمل,623,برنامه,اسم,5859,entries/0544-0650.md,entry-0623
دستورالعمل (نحوۀ استعمال یا مصرف),دستورالعمل (نحوۀ استعمال یا مصرف),673,استفاده,اسم,6379,entries/0651-0741.md,entry-0673
دستورجلسه,دستورجلسه,638,اهمیت,اسم,5999,entries/0544-0650.md,entry-0638
دستورزبان,دستورزبان,557,زبان,اسم,5244,entries/0544-0650.md,entry-0557
دستورزبان,دستورزبان,563,جمله,اسم,5290,entries/0544-0650.md,entry-0563
دستورزبانی,دستورزبانی,564,دستور زبان,صفت,5298,entries/0544-0650.md,entry-0564
دستورکار,دستورکار,638,اهمیت,اسم,5999,entries/0544-0650.md,entry-0638
دستِ راست,دستِ راست,241,راست,اسم,2321,entries/0194-0301.md,entry-0241
دستِ چپ,دستِ چپ,242,چپ,اسم,2326,entries/0194-0301.md,entry-0242
دستپاچه,دستپاچه,458,غفلت . بی‌دقتی,قید,4241,entries/0438-0543.md,entry-0458
دستپاچه,دستپاچه,854,ترس,صفت,8111,entries/0851-0969.md,entry-0854
دستپاچه شدن,دستپاچه شدن,670,فقدان آمادگی 670#,فعل,6354,entries/0651-0741.md,entry-0670
دستپاچه شدن,دستپاچه شدن,854,ترس,فعل,8116,entries/0851-0969.md,entry-0854
دستپاچگی,دستپاچگی,680,عجله 680#,اسم,6455,entries/0651-0741.md,entry-0680
دستچین,دستچین,46,عدم اتحاد . گسیختگی,اسم,462,entries/0001-0090.md,entry-0046
دستچین,دستچین,62,تنظیم,اسم,632,entries/0001-0090.md,entry-0062
دستچین,دستچین,80,ویژگی . خاص بودن 80#,صفت,808,entries/0001-0090.md,entry-0080
دستچین,دستچین,605,انتخاب,صفت,5668,entries/0544-0650.md,entry-0605
دستچین,دستچین,607,ردّ . عدم انتخاب,اسم,5687,entries/0544-0650.md,entry-0607
دستچین,دستچین,644,خوبی: صفات خوب انسان,صفت,6056,entries/0544-0650.md,entry-0644
دستچین,دستچین,786,اخذ . گرفتن,صفت,7458,entries/0742-0850.md,entry-0786
دستچین,دستچین,846,خوش‌سلیقگی,صفت,8037,entries/0742-0850.md,entry-0846
دستچین کردن,دستچین کردن,46,عدم اتحاد . گسیختگی,فعل,472,entries/0001-0090.md,entry-0046
دستچین کردن,دستچین کردن,62,تنظیم,فعل,638,entries/0001-0090.md,entry-0062
دستچین کردن,دستچین کردن,463,قوۀ تمیز,فعل,4294,entries/0438-0543.md,entry-0463
دستچین کردن,دستچین کردن,547,دلالت,فعل,5164,entries/0544-0650.md,entry-0547
دستچین کردن,دستچین کردن,592,تلخیص,فعل,5508,entries/0544-0650.md,entry-0592
دستچین کردن,دستچین کردن,605,انتخاب,فعل,5670,entries/0544-0650.md,entry-0605
دستچین کردن,دستچین کردن,607,ردّ . عدم انتخاب,فعل,5690,entries/0544-0650.md,entry-0607
دستچین کردن,دستچین کردن,751,انتصاب,فعل,7142,entries/0742-0850.md,entry-0751
دستچین کردن,دستچین کردن,752,لغو . الغا . عزل,فعل,7153,entries/0742-0850.md,entry-0752
دستچین کردن,دستچین کردن,862,مشکل‌پسندی,فعل,8187,entries/0851-0969.md,entry-0862
دستچین کردن,دستچین کردن,923,تحسین,فعل,8772,entries/0851-0969.md,entry-0923
دستکاری کردن,دستکاری کردن,43,آمیختگی 43#,فعل,424,entries/0001-0090.md,entry-0043
دستکاری کردن,دستکاری کردن,655,زوال . فرسایش,فعل,6191,entries/0651-0741.md,entry-0655
دستکاری کردن,دستکاری کردن,678,فعالیت . بیداری,فعل,6433,entries/0651-0741.md,entry-0678
دستکجی,دستکجی,788,دزدی,اسم,7475,entries/0742-0850.md,entry-0788
دستکش,دستکش,228,پوشاک . پوشیدن,اسم,2210,entries/0194-0301.md,entry-0228
دستکش بوکس,دستکش بوکس,716,ستیز . مبارزه,اسم,6774,entries/0651-0741.md,entry-0716
دستگاه,دستگاه,410,آهنگ . ملودی: صدای هنجار 410#,اسم,3815,entries/0302-0437.md,entry-0410
دستگاه,دستگاه,630,ابزار 630#,اسم,5928,entries/0544-0650.md,entry-0630
دستگاه,دستگاه,733,اقتدار 733#,اسم,6960,entries/0651-0741.md,entry-0733
دستگاه,دستگاه,868,نجبا,اسم,8249,entries/0851-0969.md,entry-0868
دستگاه آبمیوه‌گیری,دستگاه آبمیوه‌گیری,198,انقباض,اسم,1913,entries/0194-0301.md,entry-0198
دستگاه اولیه,دستگاه اولیه,23,سرمشق,اسم,226,entries/0001-0090.md,entry-0023
دستگاه ایجاد فشار,دستگاه ایجاد فشار,287,رانش,اسم,2753,entries/0194-0301.md,entry-0287
دستگاه بافندگی,دستگاه بافندگی,222,تاروپود: بافت متقاطع,اسم,2136,entries/0194-0301.md,entry-0222
دستگاه بخور,دستگاه بخور,338,تبخیر,اسم,3234,entries/0302-0437.md,entry-0338
دستگاه تقطیر,دستگاه تقطیر,338,تبخیر,اسم,3234,entries/0302-0437.md,entry-0338
دستگاه تلفن,دستگاه تلفن,531,مخابرات,اسم,5010,entries/0438-0543.md,entry-0531
دستگاه تنفس,دستگاه تنفس,371,انسان,اسم,3527,entries/0302-0437.md,entry-0371
دستگاه تنفس: ریه,دستگاه تنفس: ریه,224,درون,اسم,2153,entries/0194-0301.md,entry-0224
دستگاه تنفس: ریه,دستگاه تنفس: ریه,352,باد: جریان هوا,اسم,3330,entries/0302-0437.md,entry-0352
دستگاه تولید مثل,دستگاه تولید مثل,167,زادوولد,اسم,1584,entries/0091-0193.md,entry-0167
دستگاه جوش‌کاری,دستگاه جوش‌کاری,45,اتحاد . پیوستگی,اسم,444,entries/0001-0090.md,entry-0045
دستگاه ضبط‌کننده,دستگاه ضبط‌کننده,549,متصدی ثبت . ضبط کننده,اسم,5185,entries/0544-0650.md,entry-0549
دستگاه طیف‌بین,دستگاه طیف‌بین,319,مادیت 319#,اسم,3071,entries/0302-0437.md,entry-0319
دستگاه عصبی,دستگاه عصبی,374,حواس . حساسیت,اسم,3551,entries/0302-0437.md,entry-0374
دستگاه مکنده,دستگاه مکنده,299,پذیرش,اسم,2848,entries/0194-0301.md,entry-0299
دستگاه نوری,دستگاه نوری,417,روشنی,اسم,3881,entries/0302-0437.md,entry-0417
دستگاه نوری,دستگاه نوری,422,شفاف,اسم,3929,entries/0302-0437.md,entry-0422
دستگاه نوری,دستگاه نوری,442,دستگاه نوری,اسم,4066,entries/0438-0543.md,entry-0442
دستگاه نوری,دستگاه نوری,445,پدیداری . ظاهر,اسم,4096,entries/0438-0543.md,entry-0445
دستگاه نوری,دستگاه نوری,531,مخابرات,اسم,5007,entries/0438-0543.md,entry-0531
دستگاه پارچه‌بافی,دستگاه پارچه‌بافی,222,تاروپود: بافت متقاطع,اسم,2136,entries/0194-0301.md,entry-0222
دستگاه پخش‌صوت,دستگاه پخش‌صوت,398,صدا,اسم,3740,entries/0302-0437.md,entry-0398
دستگاه پخش‌صوت,دستگاه پخش‌صوت,414,ساز,اسم,3851,entries/0302-0437.md,entry-0414
دستگاه پرس,دستگاه پرس,198,انقباض,اسم,1913,entries/0194-0301.md,entry-0198
دستگاه گردش خون: قلب,دستگاه گردش خون: قلب,224,درون,اسم,2153,entries/0194-0301.md,entry-0224
دستگاه گردش خون: قلب,دستگاه گردش خون: قلب,335,مایع,اسم,3213,entries/0302-0437.md,entry-0335
دستگاه گردش خون: قلب,دستگاه گردش خون: قلب,371,انسان,اسم,3527,entries/0302-0437.md,entry-0371
دستگاه گوارش ◄ معده,دستگاه گوارش ◄ معده,301,غذا: خوردن و نوشیدن,اسم,2873,entries/0194-0301.md,entry-0301
دستگاه گوارش: امعا,دستگاه گوارش: امعا,194,ظرف,اسم,1849,entries/0194-0301.md,entry-0194
دستگاه گوارش: امعا,دستگاه گوارش: امعا,371,انسان,اسم,3527,entries/0302-0437.md,entry-0371
دستگاه گوارش: دهان,دستگاه گوارش: دهان,224,درون,اسم,2153,entries/0194-0301.md,entry-0224
دستگاههای موسیقی ایرانی,دستگاههای موسیقی ایرانی,410,آهنگ . ملودی: صدای هنجار 410#,اسم,3815,entries/0302-0437.md,entry-0410
دستگاههای موسیقی ایرانی: ماهور,دستگاههای موسیقی ایرانی: ماهور,410,آهنگ . ملودی: صدای هنجار 410#,اسم,3816,entries/0302-0437.md,entry-0410
دستگیر,دستگیر,700,دشواری 700#,صفت,6617,entries/0651-0741.md,entry-0700
دستگیر,دستگیر,703,کمک,صفت,6653,entries/0651-0741.md,entry-0703
دستگیر,دستگیر,827,دردناکی,صفت,7820,entries/0742-0850.md,entry-0827
دستگیر شدن,دستگیر شدن,747,تحدید . خودداری,فعل,7118,entries/0742-0850.md,entry-0747
دستگیر کردن,دستگیر کردن,747,تحدید . خودداری,فعل,7118,entries/0742-0850.md,entry-0747
دستگیرش شدن,دستگیرش شدن,484,کشف,فعل,4518,entries/0438-0543.md,entry-0484
دستگیرش شدن,دستگیرش شدن,516,قابل درک,فعل,4840,entries/0438-0543.md,entry-0516
دستگیره,دستگیره,218,پایه . تکیه‌گاه,اسم,2089,entries/0194-0301.md,entry-0218
دستگیره,دستگیره,263,باز . گشودگی,اسم,2511,entries/0194-0301.md,entry-0263
دستگیره,دستگیره,778,نگهداری,اسم,7378,entries/0742-0850.md,entry-0778
دستگیری,دستگیری,484,کشف,اسم,4514,entries/0438-0543.md,entry-0484
دستگیری,دستگیری,702,منع . ممانعت,اسم,6637,entries/0651-0741.md,entry-0702
دستگیری,دستگیری,703,کمک,اسم,6650,entries/0651-0741.md,entry-0703
دستگیری,دستگیری,747,تحدید . خودداری,اسم,7112,entries/0742-0850.md,entry-0747
دستگیری,دستگیری,781,دهش,اسم,7406,entries/0742-0850.md,entry-0781
دستگیری,دستگیری,927,حمایت,اسم,8813,entries/0851-0969.md,entry-0927
دستگیری کردن,دستگیری کردن,897,نیکخواهی,فعل,8535,entries/0851-0969.md,entry-0897
دستۀ بازیگران,دستۀ بازیگران,74,تجمع . گردآوری,اسم,747,entries/0001-0090.md,entry-0074
دستۀ صبح,دستۀ صبح,110,دوره: زمان معین 110#,اسم,1033,entries/0091-0193.md,entry-0110
دستۀ مو,دستۀ مو,74,تجمع . گردآوری,اسم,749,entries/0001-0090.md,entry-0074
دستی,دستی,332,گَرد . پودر,اسم,3190,entries/0302-0437.md,entry-0332
دستی,دستی,378,تماس . لمس . لامسه,صفت,3594,entries/0302-0437.md,entry-0378
دستی,دستی,586,نگارش,صفت,5449,entries/0544-0650.md,entry-0586
دستی,دستی,587,چاپ,اسم,5457,entries/0544-0650.md,entry-0587
دستی درهر,دستی درهر,678,فعالیت . بیداری,اسم,6425,entries/0651-0741.md,entry-0678
دستیابی,دستیابی,173,عاملیت,اسم,1632,entries/0091-0193.md,entry-0173
دستیابی,دستیابی,624,راه,اسم,5872,entries/0544-0650.md,entry-0624
دستیابی,دستیابی,727,موفقیت,اسم,6899,entries/0651-0741.md,entry-0727
دستیابی,دستیابی,773,مالکیت,اسم,7330,entries/0742-0850.md,entry-0773
دستیابی,دستیابی,777,دارایی . مِلک 777#,اسم,7366,entries/0742-0850.md,entry-0777
دستیابی به‌اطلاعات,دستیابی به‌اطلاعات,86,شمارش,اسم,873,entries/0001-0090.md,entry-0086
دستیار,دستیار,703,کمک,اسم,6652,entries/0651-0741.md,entry-0703
دستیار,دستیار,707,همکار,اسم,6682,entries/0651-0741.md,entry-0707
دستیار,دستیار,742,خادم,اسم,7064,entries/0742-0850.md,entry-0742
دست‌آموز,دست‌آموز,369,دامداری,صفت,3506,entries/0302-0437.md,entry-0369
دست‌آورد,دست‌آورد,157,معلول 157#,اسم,1464,entries/0091-0193.md,entry-0157
دست‌آویز,دست‌آویز,614,بهانه: انگیزۀ ظاهری,اسم,5764,entries/0544-0650.md,entry-0614
دست‌ازپادرازتر,دست‌ازپادرازتر,509,نامرادی: برآورده نشدن انتظارات,صفت,4761,entries/0438-0543.md,entry-0509
دست‌افشانی,دست‌افشانی,837,سرگرمی,اسم,7934,entries/0742-0850.md,entry-0837
دست‌انداز,دست‌انداز,248,منحنی . ناهموار,اسم,2376,entries/0194-0301.md,entry-0248
دست‌انداز,دست‌انداز,255,تقعر,اسم,2444,entries/0194-0301.md,entry-0255
دست‌انداز,دست‌انداز,318,تلاطم: حرکت نامنظم,اسم,3046,entries/0302-0437.md,entry-0318
دست‌انداز هوایی,دست‌انداز هوایی,318,تلاطم: حرکت نامنظم,اسم,3046,entries/0302-0437.md,entry-0318
دست‌اندرکاران,دست‌اندرکاران,741,رئیس,اسم,7055,entries/0651-0741.md,entry-0741
دست‌اول,دست‌اول,466,مدرک,صفت,4333,entries/0438-0543.md,entry-0466
دست‌به‌آب,دست‌به‌آب,194,ظرف,اسم,1863,entries/0194-0301.md,entry-0194
دست‌به‌آب,دست‌به‌آب,648,پاکیزگی,اسم,6093,entries/0544-0650.md,entry-0648
دست‌به‌دست دادن,دست‌به‌دست دادن,272,حمل . ترابری,فعل,2624,entries/0194-0301.md,entry-0272
دست‌به‌عصا,دست‌به‌عصا,858,احتیاط,صفت,8148,entries/0851-0969.md,entry-0858
دست‌به‌عصا راه رفتن,دست‌به‌عصا راه رفتن,858,احتیاط,فعل,8149,entries/0851-0969.md,entry-0858
دست‌به‌نقد,دست‌به‌نقد,800,ثروت 800#,اسم,7563,entries/0742-0850.md,entry-0800
دست‌تنها,دست‌تنها,636,عدم کفایت,صفت,5980,entries/0544-0650.md,entry-0636
دست‌تنها,دست‌تنها,702,منع . ممانعت,صفت,6643,entries/0651-0741.md,entry-0702
دست‌تنگ,دست‌تنگ,805,عدم پرداخت,صفت,7611,entries/0742-0850.md,entry-0805
دست‌تنگ بودن,دست‌تنگ بودن,805,عدم پرداخت,فعل,7612,entries/0742-0850.md,entry-0805
دست‌خالی,دست‌خالی,636,عدم کفایت,صفت,5980,entries/0544-0650.md,entry-0636
دست‌خالی,دست‌خالی,728,شکست: عجز درانجام,صفت,6915,entries/0651-0741.md,entry-0728
دست‌خورده,دست‌خورده,647,نقص: فقدان کمال,صفت,6084,entries/0544-0650.md,entry-0647
دست‌خوش,دست‌خوش,488,نظر موافق,اسم,4556,entries/0438-0543.md,entry-0488
دست‌خوش,دست‌خوش,729,جایزه,اسم,6925,entries/0651-0741.md,entry-0729
دست‌خوش,دست‌خوش,923,تحسین,شبه جمله,8776,entries/0851-0969.md,entry-0923
دست‌خوش,دست‌خوش,962,پاداش,اسم,9099,entries/0851-0969.md,entry-0962
دست‌خوش چیزی بودن,دست‌خوش چیزی بودن,700,دشواری 700#,فعل,6620,entries/0651-0741.md,entry-0700
دست‌خوش!,دست‌خوش!,489,نظر مخالف,شبه جمله,4576,entries/0438-0543.md,entry-0489
دست‌درازی,دست‌درازی,306,زیاده‌روی . فزونی (حرکت فراتر),اسم,2951,entries/0302-0437.md,entry-0306
دست‌درازی,دست‌درازی,735,سخت‌گیری,اسم,6990,entries/0651-0741.md,entry-0735
دست‌درازی,دست‌درازی,898,بدخواهی . اذیت,اسم,8541,entries/0851-0969.md,entry-0898
دست‌درازی,دست‌درازی,914,ناحق . ناراستی,اسم,8678,entries/0851-0969.md,entry-0914
دست‌درازی,دست‌درازی,916,فقدان حق,اسم,8698,entries/0851-0969.md,entry-0916
دست‌دردست,دست‌دردست,45,اتحاد . پیوستگی,صفت,447,entries/0001-0090.md,entry-0045
دست‌دردست,دست‌دردست,89,همراهی,قید,906,entries/0001-0090.md,entry-0089
دست‌دردست,دست‌دردست,706,همکاری . تعاون,قید,6678,entries/0651-0741.md,entry-0706
دست‌دوز,دست‌دوز,228,پوشاک . پوشیدن,صفت,2215,entries/0194-0301.md,entry-0228
دست‌دوم,دست‌دوم,673,استفاده,صفت,6381,entries/0651-0741.md,entry-0673
دست‌زده,دست‌زده,647,نقص: فقدان کمال,صفت,6084,entries/0544-0650.md,entry-0647
دست‌مالی,دست‌مالی,378,تماس . لمس . لامسه,اسم,3589,entries/0302-0437.md,entry-0378
دست‌نخورده,دست‌نخورده,52,کل - بخش اصلی,صفت,529,entries/0001-0090.md,entry-0052
دست‌نخورده,دست‌نخورده,54,کامل 54#,صفت,552,entries/0001-0090.md,entry-0054
دست‌نخورده,دست‌نخورده,494,حقیقت,صفت,4622,entries/0438-0543.md,entry-0494
دست‌نخورده,دست‌نخورده,646,کمال,صفت,6076,entries/0544-0650.md,entry-0646
دست‌نخورده,دست‌نخورده,666,حفظ: جلوگیری ازفساد,صفت,6309,entries/0651-0741.md,entry-0666
دست‌نخورده,دست‌نخورده,895,تجرد,صفت,8519,entries/0851-0969.md,entry-0895
دست‌نخورده,دست‌نخورده,950,عفت . پاکدامنی 950#,اسم,8999,entries/0851-0969.md,entry-0950
دست‌نزده,دست‌نزده,648,پاکیزگی,صفت,6098,entries/0544-0650.md,entry-0648
دست‌نشانده,دست‌نشانده,672,مأموریت,اسم,6373,entries/0651-0741.md,entry-0672
دست‌نشانده,دست‌نشانده,686,عامل,اسم,6503,entries/0651-0741.md,entry-0686
دست‌نشانده,دست‌نشانده,722,رزمنده,اسم,6837,entries/0651-0741.md,entry-0722
دست‌نشانده,دست‌نشانده,745,انقیاد,صفت,7097,entries/0742-0850.md,entry-0745
دست‌نشانده,دست‌نشانده,930,نادرستی 930#,صفت,8849,entries/0851-0969.md,entry-0930
دست‌نماز,دست‌نماز,648,پاکیزگی,اسم,6092,entries/0544-0650.md,entry-0648
دست‌نویس,دست‌نویس,589,کتاب,اسم,5471,entries/0544-0650.md,entry-0589
دست‌نیافتنی,دست‌نیافتنی,199,دوری,صفت,1925,entries/0194-0301.md,entry-0199
دست‌نیافتنی,دست‌نیافتنی,458,غفلت . بی‌دقتی,صفت,4236,entries/0438-0543.md,entry-0458
دست‌نیافتنی,دست‌نیافتنی,700,دشواری 700#,صفت,6617,entries/0651-0741.md,entry-0700
دست‌نیافتنی,دست‌نیافتنی,728,شکست: عجز درانجام,صفت,6918,entries/0651-0741.md,entry-0728
دست‌وبال باز,دست‌وبال باز,183,فضا 183#,اسم,1739,entries/0091-0193.md,entry-0183
دست‌ودل‌باز,دست‌ودل‌باز,781,دهش,صفت,7410,entries/0742-0850.md,entry-0781
دست‌ودل‌باز,دست‌ودل‌باز,813,سخاوت,صفت,7680,entries/0742-0850.md,entry-0813
دست‌ودل‌باز بودن,دست‌ودل‌باز بودن,813,سخاوت,فعل,7681,entries/0742-0850.md,entry-0813
دست‌وپا زدن,دست‌وپا زدن,269,مسافرت دریایی,فعل,2600,entries/0194-0301.md,entry-0269
دست‌وپا زدن,دست‌وپا زدن,682,تلاش . کار,فعل,6474,entries/0651-0741.md,entry-0682
دست‌وپابسته,دست‌وپابسته,702,منع . ممانعت,صفت,6643,entries/0651-0741.md,entry-0702
دست‌وپاچلفتی,دست‌وپاچلفتی,458,غفلت . بی‌دقتی,صفت,4235,entries/0438-0543.md,entry-0458
دست‌وپاچلفتی,دست‌وپاچلفتی,544,آدم ساده,اسم,5125,entries/0544-0650.md,entry-0544
دست‌وپاچلفتی,دست‌وپاچلفتی,695,عدم مهارت . ناشیگری,صفت,6576,entries/0651-0741.md,entry-0695
دست‌وپاچلفتی,دست‌وپاچلفتی,697,سرهم‌بند,اسم,6589,entries/0651-0741.md,entry-0697
دست‌وپاچلفتی بودن,دست‌وپاچلفتی بودن,458,غفلت . بی‌دقتی,فعل,4237,entries/0438-0543.md,entry-0458
دست‌وپاچلفتی بودن,دست‌وپاچلفتی بودن,495,خطا,فعل,4635,entries/0438-0543.md,entry-0495
دست‌وپاچلفتی بودن,دست‌وپاچلفتی بودن,655,زوال . فرسایش,فعل,6191,entries/0651-0741.md,entry-0655
دست‌وپاچلفتی بودن,دست‌وپاچلفتی بودن,695,عدم مهارت . ناشیگری,فعل,6580,entries/0651-0741.md,entry-0695
دست‌وپاگیر,دست‌وپاگیر,702,منع . ممانعت,صفت,6642,entries/0651-0741.md,entry-0702
دست‌وپنجه نرم کردن,دست‌وپنجه نرم کردن,154,رویداد 154#,فعل,1430,entries/0091-0193.md,entry-0154
دست‌وپنجه نرم کردن,دست‌وپنجه نرم کردن,700,دشواری 700#,فعل,6620,entries/0651-0741.md,entry-0700
دست‌وپنجه نرم کردن,دست‌وپنجه نرم کردن,704,ضدیت . تقابل,فعل,6665,entries/0651-0741.md,entry-0704
دست‌وپنجه نرم کردن,دست‌وپنجه نرم کردن,716,ستیز . مبارزه,فعل,6781,entries/0651-0741.md,entry-0716
دست‌پاچه,دست‌پاچه,61,بی‌نظمی,صفت,624,entries/0001-0090.md,entry-0061
دست‌پاچه,دست‌پاچه,680,عجله 680#,صفت,6456,entries/0651-0741.md,entry-0680
دست‌پاچه,دست‌پاچه,700,دشواری 700#,صفت,6618,entries/0651-0741.md,entry-0700
دست‌پاچه شدن,دست‌پاچه شدن,61,بی‌نظمی,فعل,627,entries/0001-0090.md,entry-0061
دست‌پاچه شدن,دست‌پاچه شدن,680,عجله 680#,فعل,6457,entries/0651-0741.md,entry-0680
دست‌پاچه شدن,دست‌پاچه شدن,700,دشواری 700#,فعل,6620,entries/0651-0741.md,entry-0700
دست‌کج,دست‌کج,788,دزدی,صفت,7481,entries/0742-0850.md,entry-0788
دست‌کجی,دست‌کجی,785,استقراض,اسم,7444,entries/0742-0850.md,entry-0785
دست‌کم,دست‌کم,35,کهتری,قید,362,entries/0001-0090.md,entry-0035
دست‌کم گرفتن,دست‌کم گرفتن,481,عدم تشخیص . تعصب,فعل,4493,entries/0438-0543.md,entry-0481
دست‌کم گرفتن,دست‌کم گرفتن,483,تخفیف . دست‌کم گرفتن,اسم,4507,entries/0438-0543.md,entry-0483
دست‌کم گرفتن,دست‌کم گرفتن,519,استعاره,اسم,4862,entries/0438-0543.md,entry-0519
دست‌کم گرفتن,دست‌کم گرفتن,921,بی‌احترامی,فعل,8752,entries/0851-0969.md,entry-0921
دست‌کم‌گیرنده,دست‌کم‌گیرنده,483,تخفیف . دست‌کم گرفتن,صفت,4508,entries/0438-0543.md,entry-0483
دست‌گرمی,دست‌گرمی,669,آمادگی,اسم,6334,entries/0651-0741.md,entry-0669
دست‌یازی,دست‌یازی,306,زیاده‌روی . فزونی (حرکت فراتر),اسم,2951,entries/0302-0437.md,entry-0306
دسر,دسر,301,غذا: خوردن و نوشیدن,اسم,2891,entries/0194-0301.md,entry-0301
دسر,دسر,392,شیرین,اسم,3698,entries/0302-0437.md,entry-0392
دسک‌تاپ,دسک‌تاپ,86,شمارش,اسم,875,entries/0001-0090.md,entry-0086
دسی,دسی,100,چندگانگی 100#,اسم,955,entries/0091-0193.md,entry-0100
دسی,دسی,102,کسر,اسم,965,entries/0091-0193.md,entry-0102
دسی متر,دسی متر,465,اندازه‌گیری . سنجش,اسم,4307,entries/0438-0543.md,entry-0465
دسیبل,دسیبل,398,صدا,اسم,3740,entries/0302-0437.md,entry-0398
دسیسه,دسیسه,623,برنامه,اسم,5861,entries/0544-0650.md,entry-0623
دسیسه,دسیسه,676,عمل,اسم,6407,entries/0651-0741.md,entry-0676
دسیسه,دسیسه,928,اتهام,اسم,8826,entries/0851-0969.md,entry-0928
دسیسه کردن,دسیسه کردن,525,کتمان,فعل,4944,entries/0438-0543.md,entry-0525
دسیسه کردن (چیدن),دسیسه کردن (چیدن),623,برنامه,فعل,5867,entries/0544-0650.md,entry-0623
دسیسه‌باز,دسیسه‌باز,623,برنامه,صفت,5864,entries/0544-0650.md,entry-0623
دسیسه‌ساز,دسیسه‌ساز,678,فعالیت . بیداری,صفت,6430,entries/0651-0741.md,entry-0678
دسیسه‌چین,دسیسه‌چین,623,برنامه,صفت,5864,entries/0544-0650.md,entry-0623
دشارژ,دشارژ,779,عدم نگهداری,اسم,7386,entries/0742-0850.md,entry-0779
دشت,دشت,216,افقی,اسم,2068,entries/0194-0301.md,entry-0216
دشت,دشت,344,زمین,اسم,3283,entries/0302-0437.md,entry-0344
دشت,دشت,348,دشت,اسم,3304,entries/0302-0437.md,entry-0348
دشت سرسبز,دشت سرسبز,841,زیبایی,اسم,7980,entries/0742-0850.md,entry-0841
دشت لم‌یزرع,دشت لم‌یزرع,172,سترونی,اسم,1625,entries/0091-0193.md,entry-0172
دشت کردن,دشت کردن,771,اکتساب,فعل,7312,entries/0742-0850.md,entry-0771
دشت کویر,دشت کویر,172,سترونی,اسم,1625,entries/0091-0193.md,entry-0172
دشتِ سرِشب,دشتِ سرِشب,771,اکتساب,اسم,7307,entries/0742-0850.md,entry-0771
دشتی,دشتی,410,آهنگ . ملودی: صدای هنجار 410#,اسم,3815,entries/0302-0437.md,entry-0410
دشمن,دشمن,25,ناسازگاری,صفت,249,entries/0001-0090.md,entry-0025
دشمن,دشمن,663,ورطه . مهلکه: مایۀ خطر,اسم,6287,entries/0651-0741.md,entry-0663
دشمن,دشمن,704,ضدیت . تقابل,صفت,6663,entries/0651-0741.md,entry-0704
دشمن,دشمن,705,رقیب,اسم,6670,entries/0651-0741.md,entry-0705
دشمن,دشمن,712,تک . حمله,صفت,6730,entries/0651-0741.md,entry-0712
دشمن,دشمن,757,ممنوعیت . قدغن,صفت,7189,entries/0742-0850.md,entry-0757
دشمن,دشمن,861,بی‌میلی,صفت,8178,entries/0851-0969.md,entry-0861
دشمن,دشمن,881,دشمنی,اسم,8371,entries/0851-0969.md,entry-0881
دشمن,دشمن,888,نفرت,اسم,8449,entries/0851-0969.md,entry-0888
دشمن,دشمن,898,بدخواهی . اذیت,صفت,8545,entries/0851-0969.md,entry-0898
دشمن,دشمن,910,انتقامجویی 910#,صفت,8645,entries/0851-0969.md,entry-0910
دشمن,دشمن,924,سرزنش . تقبیح,صفت,8784,entries/0851-0969.md,entry-0924
دشمن بودن,دشمن بودن,881,دشمنی,فعل,8374,entries/0851-0969.md,entry-0881
دشمن تراشیدن,دشمن تراشیدن,735,سخت‌گیری,فعل,6995,entries/0651-0741.md,entry-0735
دشمن تراشیدن,دشمن تراشیدن,827,دردناکی,فعل,7827,entries/0742-0850.md,entry-0827
دشمن شدن,دشمن شدن,881,دشمنی,فعل,8375,entries/0851-0969.md,entry-0881
دشمنان,دشمنان,704,ضدیت . تقابل,اسم,6662,entries/0651-0741.md,entry-0704
دشمنانه,دشمنانه,881,دشمنی,صفت,8373,entries/0851-0969.md,entry-0881
دشمنی,دشمنی,25,ناسازگاری,اسم,246,entries/0001-0090.md,entry-0025
دشمنی,دشمنی,704,ضدیت . تقابل,اسم,6661,entries/0651-0741.md,entry-0704
دشمنی,دشمنی,718,جنگ,اسم,6796,entries/0651-0741.md,entry-0718
دشمنی,دشمنی,881,دشمنی,اسم,8370,entries/0851-0969.md,entry-0881
دشمنی,دشمنی,888,نفرت,اسم,8447,entries/0851-0969.md,entry-0888
دشمنی,دشمنی,891,رنجش . خشم,اسم,8476,entries/0851-0969.md,entry-0891
دشمنی,دشمنی,898,بدخواهی . اذیت,اسم,8539,entries/0851-0969.md,entry-0898
دشمنی کردن,دشمنی کردن,881,دشمنی,فعل,8374,entries/0851-0969.md,entry-0881
دشمنی881,دشمنی881,716,ستیز . مبارزه,اسم,6770,entries/0651-0741.md,entry-0716
دشمن‌تراشی,دشمن‌تراشی,735,سخت‌گیری,اسم,6989,entries/0651-0741.md,entry-0735
دشمن‌تراشی,دشمن‌تراشی,827,دردناکی,اسم,7816,entries/0742-0850.md,entry-0827
دشمن‌تراشی,دشمن‌تراشی,934,شرارت,اسم,8876,entries/0851-0969.md,entry-0934
دشنام,دشنام,899,نفرین,اسم,8554,entries/0851-0969.md,entry-0899
دشنام,دشنام,921,بی‌احترامی,اسم,8748,entries/0851-0969.md,entry-0921
دشنام رودررو,دشنام رودررو,921,بی‌احترامی,اسم,8748,entries/0851-0969.md,entry-0921
دشنام گفتن,دشنام گفتن,899,نفرین,فعل,8561,entries/0851-0969.md,entry-0899
دشنام ◄ فحاشی,دشنام ◄ فحاشی,477,سفسطه . تناقض,اسم,4443,entries/0438-0543.md,entry-0477
دشنام ◄ فحاشی,دشنام ◄ فحاشی,515,بی‌معنایی,اسم,4829,entries/0438-0543.md,entry-0515
دشنه,دشنه,723,سلاح,اسم,6860,entries/0651-0741.md,entry-0723
دشوار,دشوار,251,پیچ‌وتاب : دایره‌ای بودن پیچیده,صفت,2407,entries/0194-0301.md,entry-0251
دشوار,دشوار,322,سنگینی . گرانش,صفت,3109,entries/0302-0437.md,entry-0322
دشوار,دشوار,470,عدم امکان . امتناع 470#,صفت,4365,entries/0438-0543.md,entry-0470
دشوار,دشوار,517,غیرقابل‌درک بودن,صفت,4846,entries/0438-0543.md,entry-0517
دشوار,دشوار,568,عدم صراحت کلام,صفت,5322,entries/0544-0650.md,entry-0568
دشوار,دشوار,661,خطر,صفت,6269,entries/0651-0741.md,entry-0661
دشوار,دشوار,682,تلاش . کار,صفت,6473,entries/0651-0741.md,entry-0682
دشوار,دشوار,700,دشواری 700#,صفت,6617,entries/0651-0741.md,entry-0700
دشوار,دشوار,728,شکست: عجز درانجام,صفت,6918,entries/0651-0741.md,entry-0728
دشوار,دشوار,747,تحدید . خودداری,صفت,7114,entries/0742-0850.md,entry-0747
دشوار,دشوار,827,دردناکی,صفت,7822,entries/0742-0850.md,entry-0827
دشوار بودن,دشوار بودن,517,غیرقابل‌درک بودن,فعل,4850,entries/0438-0543.md,entry-0517
دشواری,دشواری,61,بی‌نظمی,اسم,619,entries/0001-0090.md,entry-0061
دشواری,دشواری,568,عدم صراحت کلام,اسم,5321,entries/0544-0650.md,entry-0568
دشواری,دشواری,661,خطر,اسم,6266,entries/0651-0741.md,entry-0661
دشواری,دشواری,700,دشواری 700#,اسم,6614,entries/0651-0741.md,entry-0700
دشواری,دشواری,702,منع . ممانعت,اسم,6637,entries/0651-0741.md,entry-0702
دشک,دشک,226,پوشش,اسم,2175,entries/0194-0301.md,entry-0226
دشک کشتی,دشک کشتی,724,میدان,اسم,6871,entries/0651-0741.md,entry-0724
دعا,دعا,981,پرستش,اسم,9275,entries/0970-0991.md,entry-0981
دعا,دعا,983,جادوگری,اسم,9297,entries/0970-0991.md,entry-0983
دعای توسل,دعای توسل,941,دلجویی . پوزش,اسم,8930,entries/0851-0969.md,entry-0941
دعای توسل,دعای توسل,981,پرستش,اسم,9275,entries/0970-0991.md,entry-0981
دعای ندبه,دعای ندبه,941,دلجویی . پوزش,اسم,8930,entries/0851-0969.md,entry-0941
دعای کمیل,دعای کمیل,941,دلجویی . پوزش,اسم,8930,entries/0851-0969.md,entry-0941
دعای کمیل,دعای کمیل,981,پرستش,اسم,9275,entries/0970-0991.md,entry-0981
دعوا,دعوا,61,بی‌نظمی,اسم,620,entries/0001-0090.md,entry-0061
دعوا,دعوا,160,توان 160#,اسم,1495,entries/0091-0193.md,entry-0160
دعوا,دعوا,176,شدت . خشونت,اسم,1663,entries/0091-0193.md,entry-0176
دعوا,دعوا,709,مناقشه,اسم,6704,entries/0651-0741.md,entry-0709
دعوا,دعوا,716,ستیز . مبارزه,اسم,6770,entries/0651-0741.md,entry-0716
دعوا,دعوا,718,جنگ,اسم,6795,entries/0651-0741.md,entry-0718
دعوا داشتن,دعوا داشتن,709,مناقشه,فعل,6708,entries/0651-0741.md,entry-0709
دعوا راه انداختن,دعوا راه انداختن,709,مناقشه,فعل,6709,entries/0651-0741.md,entry-0709
دعوا راه انداختن,دعوا راه انداختن,891,رنجش . خشم,فعل,8482,entries/0851-0969.md,entry-0891
دعوا کردن,دعوا کردن,25,ناسازگاری,فعل,251,entries/0001-0090.md,entry-0025
دعوا کردن,دعوا کردن,709,مناقشه,فعل,6708,entries/0651-0741.md,entry-0709
دعوا کردن,دعوا کردن,716,ستیز . مبارزه,فعل,6782,entries/0651-0741.md,entry-0716
دعوا کردن,دعوا کردن,881,دشمنی,فعل,8375,entries/0851-0969.md,entry-0881
دعوا کردن,دعوا کردن,924,سرزنش . تقبیح,فعل,8791,entries/0851-0969.md,entry-0924
دعوا[و]مرافعه,دعوا[و]مرافعه,709,مناقشه,اسم,6704,entries/0651-0741.md,entry-0709
دعواراه انداختن,دعواراه انداختن,891,رنجش . خشم,فعل,8486,entries/0851-0969.md,entry-0891
دعوای حقوقی,دعوای حقوقی,959,دادخواهی,اسم,9074,entries/0851-0969.md,entry-0959
دعوت,دعوت,291,جاذبه,اسم,2780,entries/0194-0301.md,entry-0291
دعوت,دعوت,299,پذیرش,اسم,2848,entries/0194-0301.md,entry-0299
دعوت,دعوت,761,خواهش,اسم,7216,entries/0742-0850.md,entry-0761
دعوت,دعوت,882,اجتماعی بودن . معاشرت,اسم,8379,entries/0851-0969.md,entry-0882
دعوت به صبر,دعوت به صبر,613,بازداشتن,اسم,5755,entries/0544-0650.md,entry-0613
دعوت به‌همکاری را قبول کردن,دعوت به‌همکاری را قبول کردن,299,پذیرش,فعل,2851,entries/0194-0301.md,entry-0299
دعوت حق را لبیک گفتن,دعوت حق را لبیک گفتن,361,مرگ,فعل,3420,entries/0302-0437.md,entry-0361
دعوت نشده,دعوت نشده,860,بی‌تفاوتی 860#,صفت,8172,entries/0851-0969.md,entry-0860
دعوت کردن,دعوت کردن,147,تبدیل: تغییر یافتن به‌چیزی دیگر,فعل,1365,entries/0091-0193.md,entry-0147
دعوت کردن,دعوت کردن,291,جاذبه,فعل,2783,entries/0194-0301.md,entry-0291
دعوت کردن,دعوت کردن,761,خواهش,فعل,7220,entries/0742-0850.md,entry-0761
دعوت‌شده,دعوت‌شده,882,اجتماعی بودن . معاشرت,اسم,8381,entries/0851-0969.md,entry-0882
دعوت‌کننده,دعوت‌کننده,529,خبر,اسم,4991,entries/0438-0543.md,entry-0529
دعوی,دعوی,959,دادخواهی,اسم,9074,entries/0851-0969.md,entry-0959
دعوی کردن,دعوی کردن,959,دادخواهی,فعل,9082,entries/0851-0969.md,entry-0959
دغدغه,دغدغه,503,دیوانگی,اسم,4690,entries/0438-0543.md,entry-0503
دغل,دغل,542,فریب,صفت,5104,entries/0438-0543.md,entry-0542
دغل,دغل,545,فریبکار,اسم,5129,entries/0544-0650.md,entry-0545
دغل,دغل,930,نادرستی 930#,صفت,8850,entries/0851-0969.md,entry-0930
دغلباز,دغلباز,545,فریبکار,اسم,5129,entries/0544-0650.md,entry-0545
دغلکار,دغلکار,930,نادرستی 930#,صفت,8850,entries/0851-0969.md,entry-0930
دغلکاری,دغلکاری,930,نادرستی 930#,اسم,8845,entries/0851-0969.md,entry-0930
دغلی,دغلی,930,نادرستی 930#,اسم,8845,entries/0851-0969.md,entry-0930
دغل‌باز,دغل‌باز,150,جایگزینی: گذاشتن چیزی درجای دیگری,اسم,1384,entries/0091-0193.md,entry-0150
دغل‌باز,دغل‌باز,938,نامرد,اسم,8909,entries/0851-0969.md,entry-0938
دفاتر قانونی,دفاتر قانونی,808,حسابداری,اسم,7632,entries/0742-0850.md,entry-0808
دفاتر پلمبه,دفاتر پلمبه,808,حسابداری,اسم,7632,entries/0742-0850.md,entry-0808
دفاع,دفاع,460,پاسخ 460#,اسم,4265,entries/0438-0543.md,entry-0460
دفاع,دفاع,713,پاتک . دفاع,اسم,6741,entries/0651-0741.md,entry-0713
دفاع,دفاع,718,جنگ,اسم,6800,entries/0651-0741.md,entry-0718
دفاع,دفاع,837,سرگرمی,اسم,7941,entries/0742-0850.md,entry-0837
دفاع,دفاع,927,حمایت,اسم,8813,entries/0851-0969.md,entry-0927
دفاع از کسی‌را به‌عهده گرفتن,دفاع از کسی‌را به‌عهده گرفتن,927,حمایت,فعل,8818,entries/0851-0969.md,entry-0927
دفاع ازحقوق دیگری,دفاع ازحقوق دیگری,927,حمایت,اسم,8813,entries/0851-0969.md,entry-0927
دفاع شده,دفاع شده,713,پاتک . دفاع,صفت,6748,entries/0651-0741.md,entry-0713
دفاع کردن,دفاع کردن,421,حفاظ . پرده,فعل,3924,entries/0302-0437.md,entry-0421
دفاع کردن,دفاع کردن,660,ایمنی 660#,فعل,6260,entries/0651-0741.md,entry-0660
دفاع کردن,دفاع کردن,713,پاتک . دفاع,فعل,6749,entries/0651-0741.md,entry-0713
دفاع کردن,دفاع کردن,718,جنگ,فعل,6805,entries/0651-0741.md,entry-0718
دفاع کردن,دفاع کردن,927,حمایت,فعل,8818,entries/0851-0969.md,entry-0927
دفاعی,دفاعی,713,پاتک . دفاع,صفت,6747,entries/0651-0741.md,entry-0713
دفاعیه,دفاعیه,460,پاسخ 460#,اسم,4265,entries/0438-0543.md,entry-0460
دفاعیه,دفاعیه,466,مدرک,اسم,4329,entries/0438-0543.md,entry-0466
دفاعیه,دفاعیه,467,مدرک متقابل,اسم,4341,entries/0438-0543.md,entry-0467
دفاع‌نشده,دفاع‌نشده,161,ناتوانی,صفت,1513,entries/0091-0193.md,entry-0161
دفاع‌کننده,دفاع‌کننده,927,حمایت,صفت,8816,entries/0851-0969.md,entry-0927
دفتر,دفتر,53,جزء,اسم,540,entries/0001-0090.md,entry-0053
دفتر,دفتر,62,تنظیم,اسم,633,entries/0001-0090.md,entry-0062
دفتر,دفتر,77,طبقه‌بندی . تعیین,اسم,773,entries/0001-0090.md,entry-0077
دفتر,دفتر,87,فهرست,اسم,885,entries/0001-0090.md,entry-0087
دفتر,دفتر,194,ظرف,اسم,1863,entries/0194-0301.md,entry-0194
دفتر,دفتر,586,نگارش,اسم,5446,entries/0544-0650.md,entry-0586
دفتر,دفتر,589,کتاب,اسم,5471,entries/0544-0650.md,entry-0589
دفتر,دفتر,687,کارگاه: محل کار,اسم,6510,entries/0651-0741.md,entry-0687
دفتر ازدواج و طلاق,دفتر ازدواج و طلاق,958,حقوقدان,اسم,9069,entries/0851-0969.md,entry-0958
دفتر امام جمعه,دفتر امام جمعه,985,تشکیلات مذهبی,اسم,9319,entries/0970-0991.md,entry-0985
دفتر اندیکاتور,دفتر اندیکاتور,548,پیشینه,اسم,5172,entries/0544-0650.md,entry-0548
دفتر اندیکاتور (نامه‌های وارده),دفتر اندیکاتور (نامه‌های وارده),87,فهرست,اسم,885,entries/0001-0090.md,entry-0087
دفتر بازدیدکنندگان,دفتر بازدیدکنندگان,87,فهرست,اسم,885,entries/0001-0090.md,entry-0087
دفتر تلفن,دفتر تلفن,87,فهرست,اسم,885,entries/0001-0090.md,entry-0087
دفتر تلفن,دفتر تلفن,524,اطلاع . آگاهی,اسم,4923,entries/0438-0543.md,entry-0524
دفتر ثبت,دفتر ثبت,62,تنظیم,اسم,631,entries/0001-0090.md,entry-0062
دفتر ثبت,دفتر ثبت,87,فهرست,اسم,885,entries/0001-0090.md,entry-0087
دفتر ثبت,دفتر ثبت,548,پیشینه,اسم,5172,entries/0544-0650.md,entry-0548
دفتر حسابداری,دفتر حسابداری,808,حسابداری,اسم,7632,entries/0742-0850.md,entry-0808
دفتر خاطرات,دفتر خاطرات,117,زمان‌سنجی,اسم,1091,entries/0091-0193.md,entry-0117
دفتر خاطرات,دفتر خاطرات,548,پیشینه,اسم,5172,entries/0544-0650.md,entry-0548
دفتر دارایی,دفتر دارایی,87,فهرست,اسم,885,entries/0001-0090.md,entry-0087
دفتر داری,دفتر داری,808,حسابداری,اسم,7631,entries/0742-0850.md,entry-0808
دفتر روزنامه,دفتر روزنامه,808,حسابداری,اسم,7632,entries/0742-0850.md,entry-0808
دفتر فروش,دفتر فروش,267,مسافرت زمینی,اسم,2572,entries/0194-0301.md,entry-0267
دفتر مرکزی,دفتر مرکزی,76,کانون: محل تلاقی یا تجمع,اسم,767,entries/0001-0090.md,entry-0076
دفتر مرکزی,دفتر مرکزی,687,کارگاه: محل کار,اسم,6510,entries/0651-0741.md,entry-0687
دفتر موجودی,دفتر موجودی,87,فهرست,اسم,885,entries/0001-0090.md,entry-0087
دفتر نام‌نویسی,دفتر نام‌نویسی,548,پیشینه,اسم,5172,entries/0544-0650.md,entry-0548
دفتر نوشتن,دفتر نوشتن,808,حسابداری,فعل,7640,entries/0742-0850.md,entry-0808
دفتر پستی,دفتر پستی,531,مخابرات,اسم,5006,entries/0438-0543.md,entry-0531
دفتر کل,دفتر کل,808,حسابداری,اسم,7632,entries/0742-0850.md,entry-0808
دفترجهانی,دفترجهانی,624,راه,اسم,5879,entries/0544-0650.md,entry-0624
دفترخانه,دفترخانه,687,کارگاه: محل کار,اسم,6510,entries/0651-0741.md,entry-0687
دفتردار,دفتردار,549,متصدی ثبت . ضبط کننده,اسم,5183,entries/0544-0650.md,entry-0549
دفتردار,دفتردار,808,حسابداری,اسم,7633,entries/0742-0850.md,entry-0808
دفترداری دوبل,دفترداری دوبل,808,حسابداری,اسم,7631,entries/0742-0850.md,entry-0808
دفترصدبرگ,دفترصدبرگ,586,نگارش,اسم,5446,entries/0544-0650.md,entry-0586
دفترنویس,دفترنویس,86,شمارش,اسم,874,entries/0001-0090.md,entry-0086
دفترنویس,دفترنویس,808,حسابداری,اسم,7633,entries/0742-0850.md,entry-0808
دفترچه,دفترچه,586,نگارش,اسم,5446,entries/0544-0650.md,entry-0586
دفترچه,دفترچه,767,تضمین,اسم,7265,entries/0742-0850.md,entry-0767
دفترچه خاطرات,دفترچه خاطرات,505,حافظه,اسم,4718,entries/0438-0543.md,entry-0505
دفترچۀ خاطرات,دفترچۀ خاطرات,590,روایت . شرح . وصف 590#,اسم,5486,entries/0544-0650.md,entry-0590
دفتری,دفتری,687,کارگاه: محل کار,صفت,6511,entries/0651-0741.md,entry-0687
دفتری,دفتری,808,حسابداری,صفت,7639,entries/0742-0850.md,entry-0808
دفتری,دفتری,958,حقوقدان,صفت,9070,entries/0851-0969.md,entry-0958
دفتریادداشت,دفتریادداشت,586,نگارش,اسم,5446,entries/0544-0650.md,entry-0586
دفتریار,دفتریار,958,حقوقدان,اسم,9069,entries/0851-0969.md,entry-0958
دفرمه,دفرمه,244,بی‌شکلی,صفت,2346,entries/0194-0301.md,entry-0244
دفرمه,دفرمه,246,به‌هم ریختگی . بدشکلی,صفت,2360,entries/0194-0301.md,entry-0246
دفرمه,دفرمه,842,زشتی,صفت,7994,entries/0742-0850.md,entry-0842
دفع,دفع,37,کاهش,اسم,376,entries/0001-0090.md,entry-0037
دفع,دفع,46,عدم اتحاد . گسیختگی,اسم,462,entries/0001-0090.md,entry-0046
دفع,دفع,57,بیرون گذاشتن,اسم,578,entries/0001-0090.md,entry-0057
دفع,دفع,292,دافعه,اسم,2787,entries/0194-0301.md,entry-0292
دفع,دفع,300,دفع . طرد 300#,اسم,2856,entries/0194-0301.md,entry-0300
دفع,دفع,460,پاسخ 460#,اسم,4265,entries/0438-0543.md,entry-0460
دفع,دفع,607,ردّ . عدم انتخاب,اسم,5687,entries/0544-0650.md,entry-0607
دفع,دفع,658,درمان,اسم,6217,entries/0651-0741.md,entry-0658
دفع,دفع,752,لغو . الغا . عزل,اسم,7147,entries/0742-0850.md,entry-0752
دفع,دفع,760,امتناع 760#,اسم,7210,entries/0742-0850.md,entry-0760
دفع الوقت,دفع الوقت,136,تأخیر,اسم,1249,entries/0091-0193.md,entry-0136
دفع بدنی,دفع بدنی,297,دخول: حرکت به درون,اسم,2825,entries/0194-0301.md,entry-0297
دفع بدنی,دفع بدنی,298,صدور: حرکت به‌بیرون 298#,اسم,2837,entries/0194-0301.md,entry-0298
دفع بدنی,دفع بدنی,300,دفع . طرد 300#,اسم,2862,entries/0194-0301.md,entry-0300
دفع کردن,دفع کردن,165,تخریب,فعل,1565,entries/0091-0193.md,entry-0165
دفع کردن,دفع کردن,265,حرکت 265#,فعل,2549,entries/0194-0301.md,entry-0265
دفع کردن,دفع کردن,292,دافعه,فعل,2789,entries/0194-0301.md,entry-0292
دفع کردن,دفع کردن,300,دفع . طرد 300#,فعل,2865,entries/0194-0301.md,entry-0300
دفع کردن,دفع کردن,302,مدفوع,فعل,2921,entries/0302-0437.md,entry-0302
دفع کردن,دفع کردن,713,پاتک . دفاع,فعل,6750,entries/0651-0741.md,entry-0713
دفع کردن,دفع کردن,861,بی‌میلی,فعل,8181,entries/0851-0969.md,entry-0861
دفع کردن,دفع کردن,885,بی‌ادبی,فعل,8420,entries/0851-0969.md,entry-0885
دفع کردن,دفع کردن,888,نفرت,فعل,8456,entries/0851-0969.md,entry-0888
دفع کننده,دفع کننده,302,مدفوع,اسم,2918,entries/0302-0437.md,entry-0302
دفعتاً,دفعتاً,508,عدم انتظار,قید,4756,entries/0438-0543.md,entry-0508
دفعه,دفعه,110,دوره: زمان معین 110#,اسم,1033,entries/0091-0193.md,entry-0110
دفعه,دفعه,141,دوره‌ای بودن: نظم دروقوع و تکرار آن,اسم,1302,entries/0091-0193.md,entry-0141
دفع‌الوقت,دفع‌الوقت,458,غفلت . بی‌دقتی,اسم,4232,entries/0438-0543.md,entry-0458
دفع‌کننده,دفع‌کننده,300,دفع . طرد 300#,اسم,2859,entries/0194-0301.md,entry-0300
دفن,دفن,361,مرگ,اسم,3413,entries/0302-0437.md,entry-0361
دفن,دفن,364,دفن,اسم,3442,entries/0302-0437.md,entry-0364
دفن کردن,دفن کردن,255,تقعر,فعل,2450,entries/0194-0301.md,entry-0255
دفن کردن,دفن کردن,364,دفن,فعل,3450,entries/0302-0437.md,entry-0364
دفینه,دفینه,527,اختفا . نقاب,اسم,4961,entries/0438-0543.md,entry-0527
دفینه,دفینه,632,انبار,اسم,5948,entries/0544-0650.md,entry-0632
دفینه,دفینه,799,خزانه‌داری,اسم,7559,entries/0742-0850.md,entry-0799
دقت,دقت,455,توجه,اسم,4196,entries/0438-0543.md,entry-0455
دقت,دقت,457,مراقبت . دقت,اسم,4221,entries/0438-0543.md,entry-0457
دقت,دقت,494,حقیقت,اسم,4619,entries/0438-0543.md,entry-0494
دقت,دقت,600,پافشاری 600#,اسم,5621,entries/0544-0650.md,entry-0600
دقت,دقت,858,احتیاط,اسم,8147,entries/0851-0969.md,entry-0858
دقت,دقت,862,مشکل‌پسندی,اسم,8185,entries/0851-0969.md,entry-0862
دقت نظر,دقت نظر,455,توجه,اسم,4196,entries/0438-0543.md,entry-0455
دقت نظر,دقت نظر,457,مراقبت . دقت,اسم,4221,entries/0438-0543.md,entry-0457
دقت نکردن,دقت نکردن,450,فقدان اندیشه 450#,فعل,4161,entries/0438-0543.md,entry-0450
دقت کردن,دقت کردن,415,شنوایی,فعل,3865,entries/0302-0437.md,entry-0415
دقت کردن,دقت کردن,438,دید . بینایی,فعل,4040,entries/0438-0543.md,entry-0438
دقت کردن,دقت کردن,457,مراقبت . دقت,فعل,4225,entries/0438-0543.md,entry-0457
دقت‌کردن,دقت‌کردن,455,توجه,فعل,4200,entries/0438-0543.md,entry-0455
دقیق,دقیق,9,رابطه . ربط,صفت,111,entries/0001-0090.md,entry-0009
دقیق,دقیق,18,تشابه,صفت,185,entries/0001-0090.md,entry-0018
دقیق,دقیق,174,فعال بودن,صفت,1648,entries/0091-0193.md,entry-0174
دقیق,دقیق,374,حواس . حساسیت,صفت,3552,entries/0302-0437.md,entry-0374
دقیق,دقیق,453,کنجکاوی: میل به‌دانش,صفت,4185,entries/0438-0543.md,entry-0453
دقیق,دقیق,455,توجه,صفت,4197,entries/0438-0543.md,entry-0455
دقیق,دقیق,457,مراقبت . دقت,صفت,4223,entries/0438-0543.md,entry-0457
دقیق,دقیق,494,حقیقت,صفت,4622,entries/0438-0543.md,entry-0494
دقیق,دقیق,602,سرسختی . یکدندگی,صفت,5636,entries/0544-0650.md,entry-0602
دقیق,دقیق,735,سخت‌گیری,صفت,6992,entries/0651-0741.md,entry-0735
دقیق,دقیق,839,ظرافت طبع,صفت,7967,entries/0742-0850.md,entry-0839
دقیق,دقیق,862,مشکل‌پسندی,صفت,8186,entries/0851-0969.md,entry-0862
دقیق [درانجام دادن وعده],دقیق [درانجام دادن وعده],137,سرموقع,صفت,1264,entries/0091-0193.md,entry-0137
دقیق بودن,دقیق بودن,494,حقیقت,فعل,4623,entries/0438-0543.md,entry-0494
دقیقه,دقیقه,100,چندگانگی 100#,اسم,955,entries/0091-0193.md,entry-0100
دقیقه,دقیقه,117,زمان‌سنجی,اسم,1088,entries/0091-0193.md,entry-0117
دل,دل,194,ظرف,اسم,1849,entries/0194-0301.md,entry-0194
دل,دل,224,درون,اسم,2152,entries/0194-0301.md,entry-0224
دل,دل,335,مایع,اسم,3213,entries/0302-0437.md,entry-0335
دل,دل,371,انسان,اسم,3527,entries/0302-0437.md,entry-0371
دل,دل,386,مزه . چشایی,اسم,3660,entries/0302-0437.md,entry-0386
دل,دل,447,شعور 447#,اسم,4129,entries/0438-0543.md,entry-0447
دل,دل,837,سرگرمی,اسم,7931,entries/0742-0850.md,entry-0837
دل,دل,855,شجاعت,اسم,8121,entries/0851-0969.md,entry-0855
دل آزردن,دل آزردن,827,دردناکی,فعل,7827,entries/0742-0850.md,entry-0827
دل برداشتن,دل برداشتن,611,ترک [عادت],فعل,5730,entries/0544-0650.md,entry-0611
دل به‌حال کسی رحم آمدن,دل به‌حال کسی رحم آمدن,905,دلسوزی . ترحم,فعل,8605,entries/0851-0969.md,entry-0905
دل به‌دریا زدن,دل به‌دریا زدن,671,مبادرت . اقدام,فعل,6366,entries/0651-0741.md,entry-0671
دل به‌دریا زدن,دل به‌دریا زدن,857,بی‌پروایی,فعل,8143,entries/0851-0969.md,entry-0857
دل خود را سخت کردن,دل خود را سخت کردن,940,تداوم گناه 940#,فعل,8924,entries/0851-0969.md,entry-0940
دل دادن و قلوه گرفتن,دل دادن و قلوه گرفتن,584,محاوره,اسم,5428,entries/0544-0650.md,entry-0584
دل را زدن,دل را زدن,392,شیرین,فعل,3701,entries/0302-0437.md,entry-0392
دل ربودن,دل ربودن,291,جاذبه,فعل,2783,entries/0194-0301.md,entry-0291
دل ربودن,دل ربودن,826,لذت‌بخشی . لطف,فعل,7811,entries/0742-0850.md,entry-0826
دل ربودن,دل ربودن,859,میل,فعل,8166,entries/0851-0969.md,entry-0859
دل ربودن,دل ربودن,887,عشق,فعل,8443,entries/0851-0969.md,entry-0887
دل سوختن,دل سوختن,905,دلسوزی . ترحم,فعل,8605,entries/0851-0969.md,entry-0905
دل سوزاندن,دل سوزاندن,905,دلسوزی . ترحم,فعل,8605,entries/0851-0969.md,entry-0905
دل شکستن,دل شکستن,834,افسردگی . وقار,فعل,7894,entries/0742-0850.md,entry-0834
دل شکستن,دل شکستن,853,نومیدی,فعل,8102,entries/0851-0969.md,entry-0853
دل و قلوه,دل و قلوه,301,غذا: خوردن و نوشیدن,اسم,2889,entries/0194-0301.md,entry-0301
دل کسی ازنا رفتن,دل کسی ازنا رفتن,161,ناتوانی,فعل,1514,entries/0091-0193.md,entry-0161
دل کسی‌را شکستن,دل کسی‌را شکستن,834,افسردگی . وقار,فعل,7894,entries/0742-0850.md,entry-0834
دل کندن,دل کندن,779,عدم نگهداری,فعل,7391,entries/0742-0850.md,entry-0779
دلار,دلار,797,پول,اسم,7540,entries/0742-0850.md,entry-0797
دلارام,دلارام,177,ملایمت . میانه‌روی,صفت,1681,entries/0091-0193.md,entry-0177
دلارام,دلارام,831,تسکین,صفت,7859,entries/0742-0850.md,entry-0831
دلال,دلال,686,عامل,اسم,6503,entries/0651-0741.md,entry-0686
دلال,دلال,720,میانجی‌گری 720#,اسم,6819,entries/0651-0741.md,entry-0720
دلال,دلال,794,تاجر,اسم,7523,entries/0742-0850.md,entry-0794
دلال محبت,دلال محبت,720,میانجی‌گری 720#,اسم,6819,entries/0651-0741.md,entry-0720
دلالات و مقالات مثنوی,دلالات و مقالات مثنوی,991,عرفان,اسم,9374,entries/0970-0991.md,entry-0991
دلالت,دلالت,466,مدرک,اسم,4329,entries/0438-0543.md,entry-0466
دلالت,دلالت,478,اثبات,اسم,4453,entries/0438-0543.md,entry-0478
دلالت,دلالت,514,معنی,اسم,4819,entries/0438-0543.md,entry-0514
دلالت,دلالت,547,دلالت,اسم,5148,entries/0544-0650.md,entry-0547
دلالت,دلالت,579,سخن,اسم,5391,entries/0544-0650.md,entry-0579
دلالت داشتن,دلالت داشتن,551,تجسم,فعل,5203,entries/0544-0650.md,entry-0551
دلالت ضمنی,دلالت ضمنی,514,معنی,اسم,4819,entries/0438-0543.md,entry-0514
دلالت کردن,دلالت کردن,5,عرضیت,فعل,72,entries/0001-0090.md,entry-0005
دلالت کردن,دلالت کردن,511,پیش‌بینی . فال,فعل,4783,entries/0438-0543.md,entry-0511
دلالت کردن,دلالت کردن,514,معنی,فعل,4822,entries/0438-0543.md,entry-0514
دلالت کردن,دلالت کردن,524,اطلاع . آگاهی,فعل,4929,entries/0438-0543.md,entry-0524
دلالت کردن بر,دلالت کردن بر,466,مدرک,فعل,4335,entries/0438-0543.md,entry-0466
دلالت کردن بر,دلالت کردن بر,547,دلالت,فعل,5163,entries/0544-0650.md,entry-0547
دلاله,دلاله,720,میانجی‌گری 720#,اسم,6819,entries/0651-0741.md,entry-0720
دلالۀ محبت,دلالۀ محبت,894,ازدواج,اسم,8506,entries/0851-0969.md,entry-0894
دلالی کردن,دلالی کردن,755,معاون,فعل,7170,entries/0742-0850.md,entry-0755
دلاور,دلاور,855,شجاعت,صفت,8125,entries/0851-0969.md,entry-0855
دلاوری,دلاوری,694,مهارت,اسم,6561,entries/0651-0741.md,entry-0694
دلاوری,دلاوری,855,شجاعت,اسم,8123,entries/0851-0969.md,entry-0855
دلاوری,دلاوری,864,شگفت,اسم,8200,entries/0851-0969.md,entry-0864
دلاویز,دلاویز,612,انگیختن . تحریک,صفت,5741,entries/0544-0650.md,entry-0612
دلاویز,دلاویز,615,خِیر . سعادت,صفت,5773,entries/0544-0650.md,entry-0615
دلاویز,دلاویز,859,میل,صفت,8163,entries/0851-0969.md,entry-0859
دلاک,دلاک,648,پاکیزگی,اسم,6097,entries/0544-0650.md,entry-0648
دلاک,دلاک,843,زیباسازی . آرایش,اسم,8005,entries/0742-0850.md,entry-0843
دلاکی,دلاکی,333,اصطکاک,اسم,3196,entries/0302-0437.md,entry-0333
دلایل,دلایل,466,مدرک,اسم,4329,entries/0438-0543.md,entry-0466
دلایل,دلایل,475,استدلال . تعقل,اسم,4425,entries/0438-0543.md,entry-0475
دلباز,دلباز,183,فضا 183#,صفت,1741,entries/0091-0193.md,entry-0183
دلباز ◄ وسیع,دلباز ◄ وسیع,615,خِیر . سعادت,صفت,5773,entries/0544-0650.md,entry-0615
دلباز ◄ وسیع,دلباز ◄ وسیع,656,بازسازی,صفت,6202,entries/0651-0741.md,entry-0656
دلبخواه,دلبخواه,744,آزادی,صفت,7088,entries/0742-0850.md,entry-0744
دلبخواهی,دلبخواهی,602,سرسختی . یکدندگی,قید,5639,entries/0544-0650.md,entry-0602
دلبخواهی,دلبخواهی,604,تلون مزاج . هوس,صفت,5658,entries/0544-0650.md,entry-0604
دلبخواهی,دلبخواهی,605,انتخاب,صفت,5668,entries/0544-0650.md,entry-0605
دلبخواهی بودن,دلبخواهی بودن,10,فقدان ارتباط . بی ربطی 10#,اسم,119,entries/0001-0090.md,entry-0010
دلبر,دلبر,841,زیبایی,اسم,7980,entries/0742-0850.md,entry-0841
دلبری,دلبری,826,لذت‌بخشی . لطف,اسم,7809,entries/0742-0850.md,entry-0826
دلبری,دلبری,887,عشق,اسم,8431,entries/0851-0969.md,entry-0887
دلبستگی,دلبستگی,859,میل,اسم,8154,entries/0851-0969.md,entry-0859
دلبستگی,دلبستگی,887,عشق,اسم,8430,entries/0851-0969.md,entry-0887
دلبستگی‌ها,دلبستگی‌ها,622,اشتغال,اسم,5846,entries/0544-0650.md,entry-0622
دلتا,دلتا,344,زمین,اسم,3283,entries/0302-0437.md,entry-0344
دلتا,دلتا,350,نهر . باران: آب درجریان 350#,اسم,3312,entries/0302-0437.md,entry-0350
دلتای رود,دلتای رود,263,باز . گشودگی,اسم,2512,entries/0194-0301.md,entry-0263
دلتای رود,دلتای رود,298,صدور: حرکت به‌بیرون 298#,اسم,2839,entries/0194-0301.md,entry-0298
دلتنگ,دلتنگ,825,رنج . غم,صفت,7799,entries/0742-0850.md,entry-0825
دلتنگ,دلتنگ,830,تأسف 830#,صفت,7851,entries/0742-0850.md,entry-0830
دلتنگ,دلتنگ,834,افسردگی . وقار,صفت,7888,entries/0742-0850.md,entry-0834
دلتنگ شدن,دلتنگ شدن,834,افسردگی . وقار,فعل,7892,entries/0742-0850.md,entry-0834
دلتنگ کننده,دلتنگ کننده,827,دردناکی,صفت,7819,entries/0742-0850.md,entry-0827
دلتنگ کننده,دلتنگ کننده,853,نومیدی,صفت,8100,entries/0851-0969.md,entry-0853
دلتنگی,دلتنگی,834,افسردگی . وقار,اسم,7884,entries/0742-0850.md,entry-0834
دلتنگی,دلتنگی,891,رنجش . خشم,اسم,8476,entries/0851-0969.md,entry-0891
دلتنگی آور,دلتنگی آور,834,افسردگی . وقار,صفت,7891,entries/0742-0850.md,entry-0834
دلتنگی‌آور,دلتنگی‌آور,827,دردناکی,صفت,7819,entries/0742-0850.md,entry-0827
دلتنگ‌کننده,دلتنگ‌کننده,613,بازداشتن,صفت,5756,entries/0544-0650.md,entry-0613
دلتنگ‌کننده,دلتنگ‌کننده,834,افسردگی . وقار,صفت,7891,entries/0742-0850.md,entry-0834
دلجو,دلجو,882,اجتماعی بودن . معاشرت,صفت,8384,entries/0851-0969.md,entry-0882
دلجویی,دلجویی,31,جبران . تعدیل,اسم,310,entries/0001-0090.md,entry-0031
دلجویی,دلجویی,150,جایگزینی: گذاشتن چیزی درجای دیگری,اسم,1383,entries/0091-0193.md,entry-0150
دلجویی,دلجویی,656,بازسازی,اسم,6197,entries/0651-0741.md,entry-0656
دلجویی,دلجویی,719,آشتی . برقراری صلح,اسم,6810,entries/0651-0741.md,entry-0719
دلجویی,دلجویی,787,استرداد . اعاده,اسم,7469,entries/0742-0850.md,entry-0787
دلجویی,دلجویی,905,دلسوزی . ترحم,اسم,8600,entries/0851-0969.md,entry-0905
دلجویی,دلجویی,909,عفو . بخشش,اسم,8634,entries/0851-0969.md,entry-0909
دلجویی,دلجویی,939,توبه,اسم,8915,entries/0851-0969.md,entry-0939
دلجویی,دلجویی,941,دلجویی . پوزش,اسم,8928,entries/0851-0969.md,entry-0941
دلجویی کردن,دلجویی کردن,31,جبران . تعدیل,فعل,313,entries/0001-0090.md,entry-0031
دلجویی کردن,دلجویی کردن,905,دلسوزی . ترحم,فعل,8605,entries/0851-0969.md,entry-0905
دلجویی کردن,دلجویی کردن,939,توبه,فعل,8918,entries/0851-0969.md,entry-0939
دلجویی کردن,دلجویی کردن,941,دلجویی . پوزش,فعل,8932,entries/0851-0969.md,entry-0941
دلجویی کننده,دلجویی کننده,150,جایگزینی: گذاشتن چیزی درجای دیگری,صفت,1386,entries/0091-0193.md,entry-0150
دلجویی کننده,دلجویی کننده,939,توبه,صفت,8917,entries/0851-0969.md,entry-0939
دلجوییکننده,دلجوییکننده,787,استرداد . اعاده,صفت,7470,entries/0742-0850.md,entry-0787
دلجویی‌کننده,دلجویی‌کننده,941,دلجویی . پوزش,صفت,8931,entries/0851-0969.md,entry-0941
دلخراش,دلخراش,374,حواس . حساسیت,صفت,3553,entries/0302-0437.md,entry-0374
دلخراش,دلخراش,377,دَرد,صفت,3581,entries/0302-0437.md,entry-0377
دلخراش,دلخراش,400,صدای بلند 400#,صفت,3757,entries/0302-0437.md,entry-0400
دلخراش,دلخراش,407,صدای خشن,صفت,3793,entries/0302-0437.md,entry-0407
دلخراش,دلخراش,411,صدای ناهنجار,صفت,3828,entries/0302-0437.md,entry-0411
دلخواه,دلخواه,612,انگیختن . تحریک,صفت,5741,entries/0544-0650.md,entry-0612
دلخواه,دلخواه,615,خِیر . سعادت,صفت,5773,entries/0544-0650.md,entry-0615
دلخواه,دلخواه,828,رضایت . خرسندی,صفت,7834,entries/0742-0850.md,entry-0828
دلخواه,دلخواه,859,میل,صفت,8163,entries/0851-0969.md,entry-0859
دلخور,دلخور,829,عدم رضایت,صفت,7843,entries/0742-0850.md,entry-0829
دلخور,دلخور,888,نفرت,صفت,8453,entries/0851-0969.md,entry-0888
دلخور,دلخور,891,رنجش . خشم,صفت,8478,entries/0851-0969.md,entry-0891
دلخوری,دلخوری,891,رنجش . خشم,اسم,8476,entries/0851-0969.md,entry-0891
دلخوشی,دلخوشی,833,سرحالی . شادی,اسم,7873,entries/0742-0850.md,entry-0833
دلخوش‌کنک,دلخوش‌کنک,835,شادمانی,اسم,7899,entries/0742-0850.md,entry-0835
دلداده,دلداده,887,عشق,صفت,8437,entries/0851-0969.md,entry-0887
دلدادگی,دلدادگی,887,عشق,اسم,8430,entries/0851-0969.md,entry-0887
دلدار,دلدار,887,عشق,اسم,8435,entries/0851-0969.md,entry-0887
دلداری,دلداری,836,سوگواری,اسم,7910,entries/0742-0850.md,entry-0836
دلداری,دلداری,905,دلسوزی . ترحم,اسم,8601,entries/0851-0969.md,entry-0905
دلداری دادن,دلداری دادن,831,تسکین,فعل,7861,entries/0742-0850.md,entry-0831
دلداری دادن,دلداری دادن,905,دلسوزی . ترحم,فعل,8605,entries/0851-0969.md,entry-0905
دلربا,دلربا,612,انگیختن . تحریک,صفت,5741,entries/0544-0650.md,entry-0612
دلربا,دلربا,887,عشق,صفت,8439,entries/0851-0969.md,entry-0887
دلربایی,دلربایی,887,عشق,اسم,8431,entries/0851-0969.md,entry-0887
دلریایی,دلریایی,841,زیبایی,اسم,7979,entries/0742-0850.md,entry-0841
دلسرد,دلسرد,509,نامرادی: برآورده نشدن انتظارات,صفت,4761,entries/0438-0543.md,entry-0509
دلسرد,دلسرد,834,افسردگی . وقار,صفت,7888,entries/0742-0850.md,entry-0834
دلسرد / مأیوس شدن,دلسرد / مأیوس شدن,507,انتظار,فعل,4746,entries/0438-0543.md,entry-0507
دلسرد / مأیوس شدن,دلسرد / مأیوس شدن,508,عدم انتظار,فعل,4754,entries/0438-0543.md,entry-0508
دلسرد / مایوس شدن,دلسرد / مایوس شدن,728,شکست: عجز درانجام,فعل,6919,entries/0651-0741.md,entry-0728
دلسرد شدن,دلسرد شدن,307,کاستی . نارسایی . کسری (حرکت نیمه‌تمام) 307,فعل,2963,entries/0302-0437.md,entry-0307
دلسرد شدن,دلسرد شدن,509,نامرادی: برآورده نشدن انتظارات,فعل,4763,entries/0438-0543.md,entry-0509
دلسرد شدن,دلسرد شدن,834,افسردگی . وقار,فعل,7892,entries/0742-0850.md,entry-0834
دلسرد کردن,دلسرد کردن,509,نامرادی: برآورده نشدن انتظارات,فعل,4764,entries/0438-0543.md,entry-0509
دلسرد کردن,دلسرد کردن,613,بازداشتن,اسم,5755,entries/0544-0650.md,entry-0613
دلسرد کردن,دلسرد کردن,834,افسردگی . وقار,فعل,7895,entries/0742-0850.md,entry-0834
دلسرد کننده,دلسرد کننده,641,بی‌فایده بودن,صفت,6031,entries/0544-0650.md,entry-0641
دلسرد کننده,دلسرد کننده,829,عدم رضایت,صفت,7844,entries/0742-0850.md,entry-0829
دلسرد کننده,دلسرد کننده,924,سرزنش . تقبیح,صفت,8785,entries/0851-0969.md,entry-0924
دلسرد ◄ افسرده,دلسرد ◄ افسرده,613,بازداشتن,صفت,5757,entries/0544-0650.md,entry-0613
دلسردکننده,دلسردکننده,4,بی‌جوهری,صفت,60,entries/0001-0090.md,entry-0004
دلسردکننده,دلسردکننده,509,نامرادی: برآورده نشدن انتظارات,صفت,4762,entries/0438-0543.md,entry-0509
دلسردکننده,دلسردکننده,613,بازداشتن,صفت,5756,entries/0544-0650.md,entry-0613
دلسردکننده,دلسردکننده,728,شکست: عجز درانجام,صفت,6917,entries/0651-0741.md,entry-0728
دلسردی,دلسردی,509,نامرادی: برآورده نشدن انتظارات,اسم,4760,entries/0438-0543.md,entry-0509
دلسردی,دلسردی,728,شکست: عجز درانجام,اسم,6912,entries/0651-0741.md,entry-0728
دلسردی,دلسردی,834,افسردگی . وقار,اسم,7884,entries/0742-0850.md,entry-0834
دلسردی,دلسردی,853,نومیدی,اسم,8098,entries/0851-0969.md,entry-0853
دلسوز,دلسوز,880,دوستی 880#,صفت,8362,entries/0851-0969.md,entry-0880
دلسوز,دلسوز,897,نیکخواهی,صفت,8533,entries/0851-0969.md,entry-0897
دلسوز,دلسوز,905,دلسوزی . ترحم,صفت,8603,entries/0851-0969.md,entry-0905
دلسوز,دلسوز,909,عفو . بخشش,صفت,8635,entries/0851-0969.md,entry-0909
دلسوزی,دلسوزی,736,آسان‌گیری,اسم,7002,entries/0651-0741.md,entry-0736
دلسوزی,دلسوزی,897,نیکخواهی,اسم,8530,entries/0851-0969.md,entry-0897
دلسوزی,دلسوزی,905,دلسوزی . ترحم,اسم,8600,entries/0851-0969.md,entry-0905
دلسوزی,دلسوزی,909,عفو . بخشش,اسم,8634,entries/0851-0969.md,entry-0909
دلسوزی,دلسوزی,931,بی‌غرضی . ایثار,اسم,8856,entries/0851-0969.md,entry-0931
دلسوزی کردن,دلسوزی کردن,905,دلسوزی . ترحم,فعل,8605,entries/0851-0969.md,entry-0905
دلش ازنا رفتن,دلش ازنا رفتن,946,روزه گرفتن,فعل,8965,entries/0851-0969.md,entry-0946
دلش خواستن,دلش خواستن,595,اختیار,فعل,5584,entries/0544-0650.md,entry-0595
دلش گرفتن,دلش گرفتن,825,رنج . غم,فعل,7803,entries/0742-0850.md,entry-0825
دلش گرفتن,دلش گرفتن,834,افسردگی . وقار,فعل,7892,entries/0742-0850.md,entry-0834
دلشکسته,دلشکسته,509,نامرادی: برآورده نشدن انتظارات,صفت,4761,entries/0438-0543.md,entry-0509
دلشکستگی,دلشکستگی,509,نامرادی: برآورده نشدن انتظارات,اسم,4760,entries/0438-0543.md,entry-0509
دلشکستگی,دلشکستگی,939,توبه,اسم,8915,entries/0851-0969.md,entry-0939
دلق,دلق,228,پوشاک . پوشیدن,اسم,2195,entries/0194-0301.md,entry-0228
دلقک,دلقک,501,نادان,اسم,4676,entries/0438-0543.md,entry-0501
دلقک,دلقک,594,تئاتر,اسم,5533,entries/0544-0650.md,entry-0594
دلقک,دلقک,839,ظرافت طبع,صفت,7966,entries/0742-0850.md,entry-0839
دلقک دربار,دلقک دربار,594,تئاتر,اسم,5533,entries/0544-0650.md,entry-0594
دلم,دلم,890,عزیز 890# عزی,اسم,8472,entries/0851-0969.md,entry-0890
دلمه شدن,دلمه شدن,198,انقباض,فعل,1917,entries/0194-0301.md,entry-0198
دلمه شدن,دلمه شدن,264,بسته . انسداد,فعل,2534,entries/0194-0301.md,entry-0264
دلمه شدن,دلمه شدن,324,تراکم . چگالی 324#,اسم,3132,entries/0302-0437.md,entry-0324
دلمه شدن,دلمه شدن,354,غلظت . نیمه‌مایع,فعل,3350,entries/0302-0437.md,entry-0354
دلمه کردن,دلمه کردن,198,انقباض,فعل,1918,entries/0194-0301.md,entry-0198
دلنشین,دلنشین,410,آهنگ . ملودی: صدای هنجار 410#,صفت,3818,entries/0302-0437.md,entry-0410
دلنشین,دلنشین,412,موسیقی,صفت,3838,entries/0302-0437.md,entry-0412
دلنشین,دلنشین,571,شدّت و حدّت کلام,صفت,5342,entries/0544-0650.md,entry-0571
دلنشین,دلنشین,575,ظرافت کلام,صفت,5368,entries/0544-0650.md,entry-0575
دلنشین,دلنشین,615,خِیر . سعادت,صفت,5773,entries/0544-0650.md,entry-0615
دلنشین,دلنشین,859,میل,صفت,8163,entries/0851-0969.md,entry-0859
دلنشین,دلنشین,884,ادب,صفت,8409,entries/0851-0969.md,entry-0884
دلنشین,دلنشین,887,عشق,صفت,8439,entries/0851-0969.md,entry-0887
دلنواز,دلنواز,177,ملایمت . میانه‌روی,صفت,1681,entries/0091-0193.md,entry-0177
دلنواز,دلنواز,566,سَبْک,صفت,5309,entries/0544-0650.md,entry-0566
دلنواز,دلنواز,575,ظرافت کلام,صفت,5368,entries/0544-0650.md,entry-0575
دلنواز,دلنواز,831,تسکین,صفت,7859,entries/0742-0850.md,entry-0831
دله,دله,194,ظرف,اسم,1857,entries/0194-0301.md,entry-0194
دله,دله,859,میل,صفت,8159,entries/0851-0969.md,entry-0859
دله,دله,947,پُرخوری,صفت,8970,entries/0851-0969.md,entry-0947
دلهره,دلهره,503,دیوانگی,اسم,4690,entries/0438-0543.md,entry-0503
دله‌دزد,دله‌دزد,788,دزدی,صفت,7481,entries/0742-0850.md,entry-0788
دله‌دزد,دله‌دزد,789,دزد,اسم,7488,entries/0742-0850.md,entry-0789
دله‌دزدی,دله‌دزدی,788,دزدی,اسم,7475,entries/0742-0850.md,entry-0788
دلو,دلو,194,ظرف,اسم,1852,entries/0194-0301.md,entry-0194
دلو,دلو,321,کیهان,اسم,3089,entries/0302-0437.md,entry-0321
دلواپس,دلواپس,503,دیوانگی,صفت,4696,entries/0438-0543.md,entry-0503
دلواپس,دلواپس,825,رنج . غم,صفت,7801,entries/0742-0850.md,entry-0825
دلواپسی,دلواپسی,825,رنج . غم,اسم,7797,entries/0742-0850.md,entry-0825
دلپذیر,دلپذیر,575,ظرافت کلام,صفت,5368,entries/0544-0650.md,entry-0575
دلپذیر,دلپذیر,615,خِیر . سعادت,صفت,5773,entries/0544-0650.md,entry-0615
دلپذیر,دلپذیر,826,لذت‌بخشی . لطف,صفت,7810,entries/0742-0850.md,entry-0826
دلپذیر,دلپذیر,859,میل,صفت,8163,entries/0851-0969.md,entry-0859
دلپذیری,دلپذیری,826,لذت‌بخشی . لطف,اسم,7809,entries/0742-0850.md,entry-0826
دلپرور,دلپرور,615,خِیر . سعادت,صفت,5773,entries/0544-0650.md,entry-0615
دلپسند,دلپسند,615,خِیر . سعادت,صفت,5773,entries/0544-0650.md,entry-0615
دلپسند,دلپسند,859,میل,صفت,8163,entries/0851-0969.md,entry-0859
دلپسند,دلپسند,923,تحسین,صفت,8771,entries/0851-0969.md,entry-0923
دلچسب,دلچسب,410,آهنگ . ملودی: صدای هنجار 410#,صفت,3818,entries/0302-0437.md,entry-0410
دلچسب,دلچسب,571,شدّت و حدّت کلام,صفت,5342,entries/0544-0650.md,entry-0571
دلکش,دلکش,615,خِیر . سعادت,صفت,5773,entries/0544-0650.md,entry-0615
دلکش,دلکش,841,زیبایی,صفت,7984,entries/0742-0850.md,entry-0841
دلکش,دلکش,884,ادب,صفت,8409,entries/0851-0969.md,entry-0884
دلکو,دلکو,274,وسیلۀ نقلیه,اسم,2647,entries/0194-0301.md,entry-0274
دلگرم کردن,دلگرم کردن,905,دلسوزی . ترحم,فعل,8605,entries/0851-0969.md,entry-0905
دلگرمی,دلگرمی,473,قطعیت,اسم,4389,entries/0438-0543.md,entry-0473
دلگرمی,دلگرمی,507,انتظار,اسم,4743,entries/0438-0543.md,entry-0507
دلگشا,دلگشا,183,فضا 183#,صفت,1741,entries/0091-0193.md,entry-0183
دلگشا,دلگشا,615,خِیر . سعادت,صفت,5773,entries/0544-0650.md,entry-0615
دلگشا,دلگشا,656,بازسازی,صفت,6202,entries/0651-0741.md,entry-0656
دلگشا,دلگشا,826,لذت‌بخشی . لطف,صفت,7810,entries/0742-0850.md,entry-0826
دلگی,دلگی,301,غذا: خوردن و نوشیدن,اسم,2873,entries/0194-0301.md,entry-0301
دلگی,دلگی,859,میل,اسم,8155,entries/0851-0969.md,entry-0859
دلگی,دلگی,947,پُرخوری,اسم,8969,entries/0851-0969.md,entry-0947
دلگیر,دلگیر,829,عدم رضایت,صفت,7843,entries/0742-0850.md,entry-0829
دلگیر,دلگیر,834,افسردگی . وقار,صفت,7891,entries/0742-0850.md,entry-0834
دلگیر کردن,دلگیر کردن,827,دردناکی,فعل,7827,entries/0742-0850.md,entry-0827
دلگیرشدن,دلگیرشدن,834,افسردگی . وقار,فعل,7892,entries/0742-0850.md,entry-0834
دلی (شکمی) ازعزا درآوردن,دلی (شکمی) ازعزا درآوردن,863,بی‌نیازی,فعل,8194,entries/0851-0969.md,entry-0863
دلی ازعزا درآوردن,دلی ازعزا درآوردن,301,غذا: خوردن و نوشیدن,فعل,2907,entries/0194-0301.md,entry-0301
دلیر,دلیر,162,قدرت,صفت,1530,entries/0091-0193.md,entry-0162
دلیر,دلیر,671,مبادرت . اقدام,صفت,6364,entries/0651-0741.md,entry-0671
دلیر,دلیر,855,شجاعت,صفت,8125,entries/0851-0969.md,entry-0855
دلیر,دلیر,871,غرور . افتخار,صفت,8279,entries/0851-0969.md,entry-0871
دلیر بودن,دلیر بودن,855,شجاعت,فعل,8127,entries/0851-0969.md,entry-0855
دلیرانه,دلیرانه,855,شجاعت,قید,8130,entries/0851-0969.md,entry-0855
دلیرمرد,دلیرمرد,937,انسان والا,اسم,8903,entries/0851-0969.md,entry-0937
دلیری,دلیری,855,شجاعت,اسم,8121,entries/0851-0969.md,entry-0855
دلیل,دلیل,156,علیت . علت 156#,اسم,1453,entries/0091-0193.md,entry-0156
دلیل,دلیل,158,اِسناد: نسبت دادنِ علت,اسم,1475,entries/0091-0193.md,entry-0158
دلیل,دلیل,466,مدرک,اسم,4329,entries/0438-0543.md,entry-0466
دلیل,دلیل,475,استدلال . تعقل,اسم,4425,entries/0438-0543.md,entry-0475
دلیل,دلیل,478,اثبات,اسم,4453,entries/0438-0543.md,entry-0478
دلیل,دلیل,547,دلالت,اسم,5148,entries/0544-0650.md,entry-0547
دلیل,دلیل,654,بهبود,اسم,6172,entries/0651-0741.md,entry-0654
دلیل,دلیل,741,رئیس,اسم,7053,entries/0651-0741.md,entry-0741
دلیل آوردن,دلیل آوردن,466,مدرک,فعل,4335,entries/0438-0543.md,entry-0466
دلیل آوردن,دلیل آوردن,473,قطعیت,فعل,4395,entries/0438-0543.md,entry-0473
دلیل آوردن,دلیل آوردن,475,استدلال . تعقل,فعل,4430,entries/0438-0543.md,entry-0475
دلیل آوردن,دلیل آوردن,478,اثبات,فعل,4456,entries/0438-0543.md,entry-0478
دلیل آوردن,دلیل آوردن,494,حقیقت,فعل,4623,entries/0438-0543.md,entry-0494
دلیل بودن,دلیل بودن,158,اِسناد: نسبت دادنِ علت,فعل,1478,entries/0091-0193.md,entry-0158
دلیل تراشیدن,دلیل تراشیدن,614,بهانه: انگیزۀ ظاهری,فعل,5766,entries/0544-0650.md,entry-0614
دلیل متقابل آوردن,دلیل متقابل آوردن,467,مدرک متقابل,فعل,4344,entries/0438-0543.md,entry-0467
دلیل چیزی بودن,دلیل چیزی بودن,156,علیت . علت 156#,فعل,1458,entries/0091-0193.md,entry-0156
دل‌آزار,دل‌آزار,827,دردناکی,صفت,7820,entries/0742-0850.md,entry-0827
دل‌آزرده,دل‌آزرده,891,رنجش . خشم,صفت,8478,entries/0851-0969.md,entry-0891
دل‌آشوب,دل‌آشوب,300,دفع . طرد 300#,صفت,2864,entries/0194-0301.md,entry-0300
دل‌آشوبی,دل‌آشوبی,300,دفع . طرد 300#,اسم,2862,entries/0194-0301.md,entry-0300
دل‌انگیز,دل‌انگیز,410,آهنگ . ملودی: صدای هنجار 410#,صفت,3818,entries/0302-0437.md,entry-0410
دل‌انگیز,دل‌انگیز,412,موسیقی,صفت,3838,entries/0302-0437.md,entry-0412
دل‌انگیز,دل‌انگیز,612,انگیختن . تحریک,صفت,5741,entries/0544-0650.md,entry-0612
دل‌انگیز,دل‌انگیز,615,خِیر . سعادت,صفت,5773,entries/0544-0650.md,entry-0615
دل‌انگیز,دل‌انگیز,859,میل,صفت,8163,entries/0851-0969.md,entry-0859
دل‌بخواه,دل‌بخواه,477,سفسطه . تناقض,صفت,4446,entries/0438-0543.md,entry-0477
دل‌بخواهی,دل‌بخواهی,10,فقدان ارتباط . بی ربطی 10#,صفت,122,entries/0001-0090.md,entry-0010
دل‌بسته,دل‌بسته,887,عشق,صفت,8437,entries/0851-0969.md,entry-0887
دل‌رحمی,دل‌رحمی,909,عفو . بخشش,اسم,8634,entries/0851-0969.md,entry-0909
دل‌ریش,دل‌ریش,891,رنجش . خشم,صفت,8478,entries/0851-0969.md,entry-0891
دل‌زده,دل‌زده,861,بی‌میلی,صفت,8178,entries/0851-0969.md,entry-0861
دل‌زده,دل‌زده,888,نفرت,صفت,8453,entries/0851-0969.md,entry-0888
دل‌سوخته,دل‌سوخته,887,عشق,صفت,8438,entries/0851-0969.md,entry-0887
دل‌سوخته,دل‌سوخته,891,رنجش . خشم,صفت,8478,entries/0851-0969.md,entry-0891
دل‌سپرده,دل‌سپرده,887,عشق,صفت,8437,entries/0851-0969.md,entry-0887
دل‌شکسته,دل‌شکسته,825,رنج . غم,صفت,7800,entries/0742-0850.md,entry-0825
دل‌شکسته,دل‌شکسته,829,عدم رضایت,صفت,7843,entries/0742-0850.md,entry-0829
دل‌شکسته,دل‌شکسته,834,افسردگی . وقار,صفت,7888,entries/0742-0850.md,entry-0834
دل‌شکسته,دل‌شکسته,853,نومیدی,صفت,8099,entries/0851-0969.md,entry-0853
دل‌شکسته,دل‌شکسته,872,حقارت . خفت,صفت,8287,entries/0851-0969.md,entry-0872
دل‌شکستگی,دل‌شکستگی,834,افسردگی . وقار,اسم,7884,entries/0742-0850.md,entry-0834
دل‌ضعفه,دل‌ضعفه,859,میل,اسم,8155,entries/0851-0969.md,entry-0859
دل‌غشه,دل‌غشه,859,میل,اسم,8155,entries/0851-0969.md,entry-0859
دل‌نازکی,دل‌نازکی,897,نیکخواهی,اسم,8530,entries/0851-0969.md,entry-0897
دل‌نازکی,دل‌نازکی,905,دلسوزی . ترحم,اسم,8600,entries/0851-0969.md,entry-0905
دل‌نازکی,دل‌نازکی,909,عفو . بخشش,اسم,8634,entries/0851-0969.md,entry-0909
دل‌واپس,دل‌واپس,507,انتظار,صفت,4744,entries/0438-0543.md,entry-0507
دل‌واپسی,دل‌واپسی,503,دیوانگی,اسم,4690,entries/0438-0543.md,entry-0503
دل‌ودماغ,دل‌ودماغ,817,خوی 817#,اسم,7716,entries/0742-0850.md,entry-0817
دل‌پسند,دل‌پسند,826,لذت‌بخشی . لطف,صفت,7810,entries/0742-0850.md,entry-0826
دل‌پیچه,دل‌پیچه,651,بیماری . ضعف جسمانی,اسم,6125,entries/0651-0741.md,entry-0651
دل‌چسب,دل‌چسب,612,انگیختن . تحریک,صفت,5741,entries/0544-0650.md,entry-0612
دل‌چسب,دل‌چسب,615,خِیر . سعادت,صفت,5773,entries/0544-0650.md,entry-0615
دل‌چسب,دل‌چسب,859,میل,صفت,8163,entries/0851-0969.md,entry-0859
دل‌گرفته,دل‌گرفته,834,افسردگی . وقار,صفت,7888,entries/0742-0850.md,entry-0834
دل‌گرفته شدن,دل‌گرفته شدن,825,رنج . غم,فعل,7803,entries/0742-0850.md,entry-0825
دل‌گرفتگی,دل‌گرفتگی,834,افسردگی . وقار,اسم,7884,entries/0742-0850.md,entry-0834
دم,دم,8,شرایط: وضعیت نسبی,اسم,94,entries/0001-0090.md,entry-0008
دم,دم,114,زودگذری,اسم,1065,entries/0091-0193.md,entry-0114
دم,دم,116,لحظه,اسم,1082,entries/0091-0193.md,entry-0116
دم,دم,197,انبساط,اسم,1904,entries/0194-0301.md,entry-0197
دم,دم,271,هوانوردی,اسم,2611,entries/0194-0301.md,entry-0271
دم,دم,273,حمل‌کننده,اسم,2632,entries/0194-0301.md,entry-0273
دم (لب) فروبستن,دم (لب) فروبستن,747,تحدید . خودداری,فعل,7121,entries/0742-0850.md,entry-0747
دم اسبی,دم اسبی,843,زیباسازی . آرایش,اسم,8001,entries/0742-0850.md,entry-0843
دم برنیاوردن,دم برنیاوردن,399,سکوت,فعل,3749,entries/0302-0437.md,entry-0399
دم بستن,دم بستن,145,توقف: تغییر ازحرکت / عمل به‌سکون,فعل,1346,entries/0091-0193.md,entry-0145
دم به‌تله ندادن,دم به‌تله ندادن,606,فقدان انتخاب . بیچارگی,فعل,5681,entries/0544-0650.md,entry-0606
دم به‌تله ندادن,دم به‌تله ندادن,620,اجتناب620#,فعل,5834,entries/0544-0650.md,entry-0620
دم خروس,دم خروس,526,افشا,صفت,4952,entries/0438-0543.md,entry-0526
دم دست,دم دست,200,نزدیکی 200#,اسم,1932,entries/0194-0301.md,entry-0200
دم دست,دم دست,703,کمک,صفت,6653,entries/0651-0741.md,entry-0703
دم دست بودن,دم دست بودن,189,حضور,فعل,1790,entries/0091-0193.md,entry-0189
دم دست بودن,دم دست بودن,237,جلو,فعل,2293,entries/0194-0301.md,entry-0237
دم زدن,دم زدن,352,باد: جریان هوا,فعل,3335,entries/0302-0437.md,entry-0352
دم زدن,دم زدن,360,زندگی 360#,فعل,3407,entries/0302-0437.md,entry-0360
دم زدن,دم زدن,579,سخن,فعل,5398,entries/0544-0650.md,entry-0579
دم زدن,دم زدن,762,اعتراض . نهی,فعل,7229,entries/0742-0850.md,entry-0762
دم سرد,دم سرد,401,صدای کوتاه,اسم,3762,entries/0302-0437.md,entry-0401
دم شدن,دم شدن,669,آمادگی,اسم,6336,entries/0651-0741.md,entry-0669
دم فروبستن,دم فروبستن,399,سکوت,فعل,3749,entries/0302-0437.md,entry-0399
دم موشی,دم موشی,843,زیباسازی . آرایش,اسم,8001,entries/0742-0850.md,entry-0843
دم کردن,دم کردن,303,فروکنش,فعل,2928,entries/0302-0437.md,entry-0303
دم کردن,دم کردن,337,میعان . گدازش,اسم,3226,entries/0302-0437.md,entry-0337
دما,دما,379,گرما,اسم,3600,entries/0302-0437.md,entry-0379
دمادم,دمادم,65,تعاقب [در ترتیب] . توالی,قید,666,entries/0001-0090.md,entry-0065
دمادم صبح,دمادم صبح,128,صبح . بهار . تابستان,اسم,1185,entries/0091-0193.md,entry-0128
دماسنج,دماسنج,379,گرما,اسم,3602,entries/0302-0437.md,entry-0379
دماسنج,دماسنج,465,اندازه‌گیری . سنجش,اسم,4310,entries/0438-0543.md,entry-0465
دماسنجی,دماسنجی,379,گرما,اسم,3602,entries/0302-0437.md,entry-0379
دماغ,دماغ,254,برجستگی,اسم,2436,entries/0194-0301.md,entry-0254
دماغ,دماغ,394,بو,اسم,3713,entries/0302-0437.md,entry-0394
دماغ,دماغ,823,تهییج ناپذیری,اسم,7771,entries/0742-0850.md,entry-0823
دماغ خودرا بالا گرفتن,دماغ خودرا بالا گرفتن,607,ردّ . عدم انتخاب,فعل,5690,entries/0544-0650.md,entry-0607
دماغ ◄ بو,دماغ ◄ بو,237,جلو,اسم,2291,entries/0194-0301.md,entry-0237
دماغ ◄ بو,دماغ ◄ بو,371,انسان,اسم,3527,entries/0302-0437.md,entry-0371
دماغه,دماغه,254,برجستگی,اسم,2436,entries/0194-0301.md,entry-0254
دماغه,دماغه,349,جزیره,اسم,3309,entries/0302-0437.md,entry-0349
دماغه ◄ جزیره,دماغه ◄ جزیره,345,خلیج,اسم,3292,entries/0302-0437.md,entry-0345
دمان,دمان,891,رنجش . خشم,صفت,8479,entries/0851-0969.md,entry-0891
دماوند,دماوند,209,بلندی (ارتفاع) . بالا . رو,اسم,2015,entries/0194-0301.md,entry-0209
دماوند,دماوند,213,قلّه . رأس,اسم,2047,entries/0194-0301.md,entry-0213
دمای بالا داشتن,دمای بالا داشتن,379,گرما,فعل,3606,entries/0302-0437.md,entry-0379
دمای ذوب,دمای ذوب,379,گرما,اسم,3600,entries/0302-0437.md,entry-0379
دمت گرم,دمت گرم,923,تحسین,شبه جمله,8776,entries/0851-0969.md,entry-0923
دمدمی,دمدمی,17,ناهمگنی,صفت,177,entries/0001-0090.md,entry-0017
دمدمی,دمدمی,82,تنوع (چندگونگی),صفت,829,entries/0001-0090.md,entry-0082
دمدمی,دمدمی,142,هرازگاه: بی‌نظمی در وقوع,صفت,1312,entries/0091-0193.md,entry-0142
دمدمی,دمدمی,143,تغییر و تحول 143#,صفت,1323,entries/0091-0193.md,entry-0143
دمدمی,دمدمی,152,تغییرپذیری,صفت,1403,entries/0091-0193.md,entry-0152
دمدمی,دمدمی,437,رنگارنگی,صفت,4020,entries/0302-0437.md,entry-0437
دمدمی,دمدمی,456,بی‌توجهی,صفت,4212,entries/0438-0543.md,entry-0456
دمدمی,دمدمی,474,عدم‌قطعیت . تردید,صفت,4406,entries/0438-0543.md,entry-0474
دمدمی,دمدمی,603,بی ثباتی . بوالهوسی,اسم,5645,entries/0544-0650.md,entry-0603
دمدمی,دمدمی,604,تلون مزاج . هوس,صفت,5656,entries/0544-0650.md,entry-0604
دمدمی,دمدمی,621,چشم‌پوشی,صفت,5840,entries/0544-0650.md,entry-0621
دمدمی,دمدمی,837,سرگرمی,صفت,7946,entries/0742-0850.md,entry-0837
دمدمی بودن,دمدمی بودن,604,تلون مزاج . هوس,فعل,5660,entries/0544-0650.md,entry-0604
دمدمی‌مزاج,دمدمی‌مزاج,17,ناهمگنی,صفت,177,entries/0001-0090.md,entry-0017
دمدمی‌مزاج,دمدمی‌مزاج,152,تغییرپذیری,صفت,1403,entries/0091-0193.md,entry-0152
دمدمی‌مزاج,دمدمی‌مزاج,604,تلون مزاج . هوس,صفت,5656,entries/0544-0650.md,entry-0604
دمر,دمر,216,افقی,صفت,2072,entries/0194-0301.md,entry-0216
دمساز,دمساز,880,دوستی 880#,اسم,8359,entries/0851-0969.md,entry-0880
دمساز,دمساز,894,ازدواج,اسم,8505,entries/0851-0969.md,entry-0894
دمع,دمع,438,دید . بینایی,اسم,4030,entries/0438-0543.md,entry-0438
دمل,دمل,651,بیماری . ضعف جسمانی,اسم,6137,entries/0651-0741.md,entry-0651
دمه,دمه,338,تبخیر,اسم,3233,entries/0302-0437.md,entry-0338
دموکراسی,دموکراسی,733,اقتدار 733#,اسم,6963,entries/0651-0741.md,entry-0733
دموگرافی,دموگرافی,86,شمارش,اسم,872,entries/0001-0090.md,entry-0086
دمپایی,دمپایی,228,پوشاک . پوشیدن,اسم,2209,entries/0194-0301.md,entry-0228
دمکرات,دمکرات,708,گروه اجتماعی,اسم,6688,entries/0651-0741.md,entry-0708
دمکرات,دمکرات,736,آسان‌گیری,صفت,7003,entries/0651-0741.md,entry-0736
دمکراتها و جمهوریخواهها,دمکراتها و جمهوریخواهها,704,ضدیت . تقابل,اسم,6662,entries/0651-0741.md,entry-0704
دمکراسی,دمکراسی,605,انتخاب,اسم,5665,entries/0544-0650.md,entry-0605
دمکراسی,دمکراسی,734,نرمش,اسم,6978,entries/0651-0741.md,entry-0734
دمکراسی,دمکراسی,736,آسان‌گیری,اسم,7002,entries/0651-0741.md,entry-0736
دمیدن,دمیدن,128,صبح . بهار . تابستان,فعل,1192,entries/0091-0193.md,entry-0128
دمیدن,دمیدن,197,انبساط,اسم,1904,entries/0194-0301.md,entry-0197
دمیدن,دمیدن,300,دفع . طرد 300#,فعل,2868,entries/0194-0301.md,entry-0300
دمیدن,دمیدن,303,فروکنش,فعل,2928,entries/0302-0437.md,entry-0303
دمیدن,دمیدن,338,تبخیر,فعل,3236,entries/0302-0437.md,entry-0338
دمیدن,دمیدن,340,هوا 340#,فعل,3253,entries/0302-0437.md,entry-0340
دمیدن,دمیدن,352,باد: جریان هوا,فعل,3334,entries/0302-0437.md,entry-0352
دمیدن,دمیدن,366,گیاهان,فعل,3487,entries/0302-0437.md,entry-0366
دمیدن,دمیدن,410,آهنگ . ملودی: صدای هنجار 410#,فعل,3822,entries/0302-0437.md,entry-0410
دم‌باریک,دم‌باریک,630,ابزار 630#,اسم,5923,entries/0544-0650.md,entry-0630
دم‌جنبانک,دم‌جنبانک,365,حیوانات,اسم,3457,entries/0302-0437.md,entry-0365
دم‌دست,دم‌دست,200,نزدیکی 200#,صفت,1934,entries/0194-0301.md,entry-0200
دم‌نکشیده,دم‌نکشیده,387,بیمزگی,صفت,3667,entries/0302-0437.md,entry-0387
دم‌پخت,دم‌پخت,301,غذا: خوردن و نوشیدن,صفت,2905,entries/0194-0301.md,entry-0301
دم‌پخت کردن,دم‌پخت کردن,301,غذا: خوردن و نوشیدن,فعل,2912,entries/0194-0301.md,entry-0301
دم‌کرده,دم‌کرده,43,آمیختگی 43#,اسم,418,entries/0001-0090.md,entry-0043
دم‌کرده,دم‌کرده,301,غذا: خوردن و نوشیدن,اسم,2886,entries/0194-0301.md,entry-0301
دم‌کله,دم‌کله,257,کُندی,صفت,2465,entries/0194-0301.md,entry-0257
دنائت,دنائت,816,خست,اسم,7698,entries/0742-0850.md,entry-0816
دنائت,دنائت,872,حقارت . خفت,اسم,8284,entries/0851-0969.md,entry-0872
دنائت,دنائت,930,نادرستی 930#,اسم,8844,entries/0851-0969.md,entry-0930
دنبال,دنبال,65,تعاقب [در ترتیب] . توالی,اسم,659,entries/0001-0090.md,entry-0065
دنبال,دنبال,238,عقب,اسم,2298,entries/0194-0301.md,entry-0238
دنبال,دنبال,619,پیگیری,صفت,5823,entries/0544-0650.md,entry-0619
دنبال (پیِ) نخودسیاه فرستادن,دنبال (پیِ) نخودسیاه فرستادن,641,بی‌فایده بودن,فعل,6034,entries/0544-0650.md,entry-0641
دنبال دردسر بودن,دنبال دردسر بودن,857,بی‌پروایی,فعل,8143,entries/0851-0969.md,entry-0857
دنبال دعوا بودن,دنبال دعوا بودن,709,مناقشه,فعل,6709,entries/0651-0741.md,entry-0709
دنبال شدن,دنبال شدن,71,تداوم [در ترتیب] . تسلسل,فعل,720,entries/0001-0090.md,entry-0071
دنبال مقام بودن,دنبال مقام بودن,866,خوش‌نامی,فعل,8228,entries/0851-0969.md,entry-0866
دنبال منافع شخصی نبودن,دنبال منافع شخصی نبودن,931,بی‌غرضی . ایثار,اسم,8856,entries/0851-0969.md,entry-0931
دنبال کاری را گرفتن,دنبال کاری را گرفتن,146,عدم توقف: تداوم در حرکت / عمل,فعل,1354,entries/0091-0193.md,entry-0146
دنبال کردن,دنبال کردن,20,تقلید (نسخه‌برداری) 20#,فعل,208,entries/0001-0090.md,entry-0020
دنبال کردن,دنبال کردن,35,کهتری,فعل,360,entries/0001-0090.md,entry-0035
دنبال کردن,دنبال کردن,65,تعاقب [در ترتیب] . توالی,فعل,663,entries/0001-0090.md,entry-0065
دنبال کردن,دنبال کردن,89,همراهی,فعل,905,entries/0001-0090.md,entry-0089
دنبال کردن,دنبال کردن,146,عدم توقف: تداوم در حرکت / عمل,فعل,1354,entries/0091-0193.md,entry-0146
دنبال کردن,دنبال کردن,154,رویداد 154#,فعل,1429,entries/0091-0193.md,entry-0154
دنبال کردن,دنبال کردن,238,عقب,فعل,2301,entries/0194-0301.md,entry-0238
دنبال کردن,دنبال کردن,284,پیروی,فعل,2729,entries/0194-0301.md,entry-0284
دنبال کردن,دنبال کردن,619,پیگیری,فعل,5824,entries/0544-0650.md,entry-0619
دنبال کردن,دنبال کردن,739,اطاعت . وفاداری,فعل,7036,entries/0651-0741.md,entry-0739
دنباله,دنباله,40,متمّم 40#,اسم,399,entries/0001-0090.md,entry-0040
دنباله,دنباله,65,تعاقب [در ترتیب] . توالی,اسم,659,entries/0001-0090.md,entry-0065
دنباله,دنباله,67,پیامد,اسم,677,entries/0001-0090.md,entry-0067
دنباله,دنباله,157,معلول 157#,اسم,1464,entries/0091-0193.md,entry-0157
دنباله,دنباله,238,عقب,اسم,2298,entries/0194-0301.md,entry-0238
دنباله,دنباله,239,کنار,اسم,2306,entries/0194-0301.md,entry-0239
دنباله‌دار,دنباله‌دار,65,تعاقب [در ترتیب] . توالی,صفت,662,entries/0001-0090.md,entry-0065
دنباله‌دار,دنباله‌دار,71,تداوم [در ترتیب] . تسلسل,صفت,719,entries/0001-0090.md,entry-0071
دنباله‌رو,دنباله‌رو,20,تقلید (نسخه‌برداری) 20#,صفت,205,entries/0001-0090.md,entry-0020
دنباله‌رو,دنباله‌رو,67,پیامد,اسم,677,entries/0001-0090.md,entry-0067
دنباله‌رو,دنباله‌رو,83,تطبیق,اسم,835,entries/0001-0090.md,entry-0083
دنباله‌رو,دنباله‌رو,265,حرکت 265#,صفت,2547,entries/0194-0301.md,entry-0265
دنباله‌رو,دنباله‌رو,284,پیروی,صفت,2728,entries/0194-0301.md,entry-0284
دنباله‌رو,دنباله‌رو,488,نظر موافق,اسم,4558,entries/0438-0543.md,entry-0488
دنباله‌رو,دنباله‌رو,742,خادم,اسم,7067,entries/0742-0850.md,entry-0742
دنباله‌رو,دنباله‌رو,851,تمسخر,صفت,8080,entries/0851-0969.md,entry-0851
دنباله‌رو,دنباله‌رو,976,راست‌دینی,اسم,9225,entries/0970-0991.md,entry-0976
دنباله‌رو,دنباله‌رو,978,فرقه‌گرایی,صفت,9243,entries/0970-0991.md,entry-0978
دنباله‌رو بودن,دنباله‌رو بودن,35,کهتری,فعل,360,entries/0001-0090.md,entry-0035
دنباله‌روی,دنباله‌روی,20,تقلید (نسخه‌برداری) 20#,اسم,202,entries/0001-0090.md,entry-0020
دنباله‌روی,دنباله‌روی,24,سازگاری,اسم,234,entries/0001-0090.md,entry-0024
دنباله‌روی,دنباله‌روی,81,قاعده,اسم,820,entries/0001-0090.md,entry-0081
دنباله‌روی,دنباله‌روی,83,تطبیق,اسم,833,entries/0001-0090.md,entry-0083
دنباله‌روی,دنباله‌روی,136,تأخیر,اسم,1249,entries/0091-0193.md,entry-0136
دنباله‌روی,دنباله‌روی,284,پیروی,اسم,2727,entries/0194-0301.md,entry-0284
دنباله‌روی,دنباله‌روی,879,نوکری,اسم,8346,entries/0851-0969.md,entry-0879
دنباله‌روی,دنباله‌روی,882,اجتماعی بودن . معاشرت,اسم,8380,entries/0851-0969.md,entry-0882
دنباله‌روی,دنباله‌روی,976,راست‌دینی,اسم,9222,entries/0970-0991.md,entry-0976
دنباله‌روی نکردن,دنباله‌روی نکردن,84,عدم تطبیق,فعل,852,entries/0001-0090.md,entry-0084
دنبال‌کردن,دنبال‌کردن,284,پیروی,فعل,2729,entries/0194-0301.md,entry-0284
دنبل,دنبل,837,سرگرمی,اسم,7926,entries/0742-0850.md,entry-0837
دنبه,دنبه,40,متمّم 40#,اسم,399,entries/0001-0090.md,entry-0040
دنبه,دنبه,238,عقب,اسم,2299,entries/0194-0301.md,entry-0238
دنبه,دنبه,357,روغن . چربی,اسم,3370,entries/0302-0437.md,entry-0357
دنج,دنج,190,غیاب 190#,صفت,1802,entries/0091-0193.md,entry-0190
دنج,دنج,199,دوری,صفت,1925,entries/0194-0301.md,entry-0199
دنج,دنج,266,عدم تحرک,صفت,2556,entries/0194-0301.md,entry-0266
دندان,دندان,237,جلو,اسم,2291,entries/0194-0301.md,entry-0237
دندان,دندان,256,تیزی 256#,اسم,2455,entries/0194-0301.md,entry-0256
دندان,دندان,263,باز . گشودگی,اسم,2510,entries/0194-0301.md,entry-0263
دندان,دندان,371,انسان,اسم,3527,entries/0302-0437.md,entry-0371
دندان,دندان,427,سفید,اسم,3964,entries/0302-0437.md,entry-0427
دندان اسب را شمردن,دندان اسب را شمردن,108,زمان 108#,فعل,1023,entries/0091-0193.md,entry-0108
دندان اسب پیشکشی را شمردن,دندان اسب پیشکشی را شمردن,908,نمک‌نشناسی,فعل,8630,entries/0851-0969.md,entry-0908
دندان دائمی,دندان دائمی,256,تیزی 256#,اسم,2456,entries/0194-0301.md,entry-0256
دندان شیری,دندان شیری,256,تیزی 256#,اسم,2456,entries/0194-0301.md,entry-0256
دندان مصنوعی,دندان مصنوعی,256,تیزی 256#,اسم,2456,entries/0194-0301.md,entry-0256
دندان همیشگی,دندان همیشگی,256,تیزی 256#,اسم,2456,entries/0194-0301.md,entry-0256
دندان پیش,دندان پیش,256,تیزی 256#,اسم,2456,entries/0194-0301.md,entry-0256
دندان چیزی را کشیدن,دندان چیزی را کشیدن,163,ضعف,فعل,1545,entries/0091-0193.md,entry-0163
دندان چیزی‌را کشیدن,دندان چیزی‌را کشیدن,257,کُندی,فعل,2466,entries/0194-0301.md,entry-0257
دندانساز,دندانساز,658,درمان,اسم,6230,entries/0651-0741.md,entry-0658
دندانسازی تجربی,دندانسازی تجربی,658,درمان,اسم,6226,entries/0651-0741.md,entry-0658
دندانه,دندانه,248,منحنی . ناهموار,اسم,2376,entries/0194-0301.md,entry-0248
دندانه,دندانه,255,تقعر,اسم,2443,entries/0194-0301.md,entry-0255
دندانه,دندانه,256,تیزی 256#,اسم,2455,entries/0194-0301.md,entry-0256
دندانه,دندانه,260,دندانه 260#,اسم,2490,entries/0194-0301.md,entry-0260
دندانه دار,دندانه دار,256,تیزی 256#,صفت,2458,entries/0194-0301.md,entry-0256
دندانه‌دار,دندانه‌دار,248,منحنی . ناهموار,صفت,2378,entries/0194-0301.md,entry-0248
دندانه‌دار,دندانه‌دار,260,دندانه 260#,صفت,2491,entries/0194-0301.md,entry-0260
دندانه‌دار,دندانه‌دار,333,اصطکاک,اسم,3197,entries/0302-0437.md,entry-0333
دندانه‌دار بودن,دندانه‌دار بودن,256,تیزی 256#,اسم,2454,entries/0194-0301.md,entry-0256
دندانه‌دار کردن,دندانه‌دار کردن,46,عدم اتحاد . گسیختگی,فعل,474,entries/0001-0090.md,entry-0046
دندانه‌دار کردن,دندانه‌دار کردن,212,کم‌عمقی,فعل,2043,entries/0194-0301.md,entry-0212
دندانه‌دار کردن,دندانه‌دار کردن,255,تقعر,فعل,2450,entries/0194-0301.md,entry-0255
دندانه‌دار کردن,دندانه‌دار کردن,260,دندانه 260#,فعل,2492,entries/0194-0301.md,entry-0260
دندانه‌دار کردن,دندانه‌دار کردن,304,استخراج,فعل,2937,entries/0302-0437.md,entry-0304
دندانه‌دار کردن,دندانه‌دار کردن,547,دلالت,فعل,5164,entries/0544-0650.md,entry-0547
دندانه‌دندانه,دندانه‌دندانه,260,دندانه 260#,صفت,2491,entries/0194-0301.md,entry-0260
دندانپزشکی,دندانپزشکی,658,درمان,اسم,6226,entries/0651-0741.md,entry-0658
دندان‌پزشک,دندان‌پزشک,658,درمان,اسم,6230,entries/0651-0741.md,entry-0658
دنده,دنده,218,پایه . تکیه‌گاه,اسم,2099,entries/0194-0301.md,entry-0218
دنده,دنده,239,کنار,اسم,2306,entries/0194-0301.md,entry-0239
دنده,دنده,256,تیزی 256#,اسم,2455,entries/0194-0301.md,entry-0256
دنده,دنده,274,وسیلۀ نقلیه,اسم,2647,entries/0194-0301.md,entry-0274
دنده,دنده,371,انسان,اسم,3527,entries/0302-0437.md,entry-0371
دنده,دنده,630,ابزار 630#,اسم,5928,entries/0544-0650.md,entry-0630
دنده‌بالا,دنده‌بالا,277,سرعت,صفت,2665,entries/0194-0301.md,entry-0277
دندۀ عقب,دندۀ عقب,286,پسروی . پسرفت,اسم,2744,entries/0194-0301.md,entry-0286
دنگ,دنگ,501,نادان,اسم,4677,entries/0438-0543.md,entry-0501
دنی,دنی,816,خست,صفت,7700,entries/0742-0850.md,entry-0816
دنی,دنی,872,حقارت . خفت,صفت,8286,entries/0851-0969.md,entry-0872
دنی,دنی,922,تحقیر,صفت,8759,entries/0851-0969.md,entry-0922
دنی,دنی,930,نادرستی 930#,صفت,8848,entries/0851-0969.md,entry-0930
دنیا,دنیا,3,جوهر,اسم,52,entries/0001-0090.md,entry-0003
دنیا,دنیا,321,کیهان,اسم,3085,entries/0302-0437.md,entry-0321
دنیادیده,دنیادیده,694,مهارت,صفت,6564,entries/0651-0741.md,entry-0694
دنیادیده ◄ خبره,دنیادیده ◄ خبره,696,شخص کارشناس,اسم,6584,entries/0651-0741.md,entry-0696
دنیای تجربی,دنیای تجربی,319,مادیت 319#,اسم,3066,entries/0302-0437.md,entry-0319
دنیای قدیم,دنیای قدیم,321,کیهان,اسم,3086,entries/0302-0437.md,entry-0321
دنیای مادی,دنیای مادی,319,مادیت 319#,اسم,3066,entries/0302-0437.md,entry-0319
دنیایی,دنیایی,321,کیهان,صفت,3100,entries/0302-0437.md,entry-0321
دنیوی,دنیوی,114,زودگذری,صفت,1067,entries/0091-0193.md,entry-0114
دنیوی,دنیوی,987,مردم عادی (لاییک),صفت,9332,entries/0970-0991.md,entry-0987
دنیویت,دنیویت,974,لامذهبی,اسم,9205,entries/0970-0991.md,entry-0974
ده,ده,85,عدد 85#,اسم,860,entries/0001-0090.md,entry-0085
ده,ده,184,منطقه: فضای معین,اسم,1748,entries/0091-0193.md,entry-0184
ده,ده,192,منزل: محل سکنا یا زندگی,اسم,1822,entries/0091-0193.md,entry-0192
ده فرمان,ده فرمان,693,فریضه,اسم,6554,entries/0651-0741.md,entry-0693
دها,دها,447,شعور 447#,اسم,4126,entries/0438-0543.md,entry-0447
دهاتی,دهاتی,192,منزل: محل سکنا یا زندگی,صفت,1835,entries/0091-0193.md,entry-0192
دهاتی,دهاتی,370,کشاورزی 370#,صفت,3519,entries/0302-0437.md,entry-0370
دهاتی,دهاتی,560,واژه‌سازی 560#,اسم,5266,entries/0544-0650.md,entry-0560
دهاتی,دهاتی,847,بدسلیقگی,صفت,8045,entries/0742-0850.md,entry-0847
دهاتی,دهاتی,869,رعایا,اسم,8261,entries/0851-0969.md,entry-0869
دهان,دهان,194,ظرف,اسم,1849,entries/0194-0301.md,entry-0194
دهان,دهان,201,فاصله,اسم,1942,entries/0194-0301.md,entry-0201
دهان,دهان,237,جلو,اسم,2291,entries/0194-0301.md,entry-0237
دهان,دهان,263,باز . گشودگی,اسم,2508,entries/0194-0301.md,entry-0263
دهان,دهان,298,صدور: حرکت به‌بیرون 298#,اسم,2839,entries/0194-0301.md,entry-0298
دهان,دهان,371,انسان,اسم,3527,entries/0302-0437.md,entry-0371
دهان,دهان,557,زبان,اسم,5242,entries/0544-0650.md,entry-0557
دهان,دهان,579,سخن,اسم,5391,entries/0544-0650.md,entry-0579
دهان باز کردن,دهان باز کردن,211,عمق,فعل,2036,entries/0194-0301.md,entry-0211
دهان بستن,دهان بستن,399,سکوت,فعل,3749,entries/0302-0437.md,entry-0399
دهان کسی را بستن,دهان کسی را بستن,165,تخریب,فعل,1567,entries/0091-0193.md,entry-0165
دهان کسی‌را بستن,دهان کسی‌را بستن,399,سکوت,فعل,3750,entries/0302-0437.md,entry-0399
دهانش آب افتادن,دهانش آب افتادن,852,امید . آرزو,فعل,8092,entries/0851-0969.md,entry-0852
دهانش آب افتادن,دهانش آب افتادن,859,میل,فعل,8165,entries/0851-0969.md,entry-0859
دهانش باز ماندن,دهانش باز ماندن,864,شگفت,فعل,8204,entries/0851-0969.md,entry-0864
دهانه,دهانه,68,آغاز,اسم,685,entries/0001-0090.md,entry-0068
دهانه,دهانه,263,باز . گشودگی,اسم,2511,entries/0194-0301.md,entry-0263
دهانه‌های برخوردی,دهانه‌های برخوردی,321,کیهان,اسم,3093,entries/0302-0437.md,entry-0321
دهانۀ خروجی,دهانۀ خروجی,263,باز . گشودگی,اسم,2510,entries/0194-0301.md,entry-0263
دهانۀ خروجی,دهانۀ خروجی,298,صدور: حرکت به‌بیرون 298#,اسم,2839,entries/0194-0301.md,entry-0298
دهان‌بازکرده,دهان‌بازکرده,211,عمق,صفت,2035,entries/0194-0301.md,entry-0211
دهان‌دره,دهان‌دره,679,عدم فعالیت . خواب,اسم,6441,entries/0651-0741.md,entry-0679
دهخدا,دهخدا,559,کلمه,اسم,5259,entries/0544-0650.md,entry-0559
دهر,دهر,321,کیهان,اسم,3085,entries/0302-0437.md,entry-0321
دهری,دهری,974,لامذهبی,صفت,9206,entries/0970-0991.md,entry-0974
دهستان,دهستان,184,منطقه: فضای معین,اسم,1748,entries/0091-0193.md,entry-0184
دهستان,دهستان,192,منزل: محل سکنا یا زندگی,اسم,1822,entries/0091-0193.md,entry-0192
دهش,دهش,644,خوبی: صفات خوب انسان,اسم,6051,entries/0544-0650.md,entry-0644
دهش,دهش,703,کمک,اسم,6650,entries/0651-0741.md,entry-0703
دهش,دهش,759,عَرضه,اسم,7203,entries/0742-0850.md,entry-0759
دهش,دهش,779,عدم نگهداری,اسم,7386,entries/0742-0850.md,entry-0779
دهش,دهش,781,دهش,اسم,7406,entries/0742-0850.md,entry-0781
دهش,دهش,813,سخاوت,اسم,7678,entries/0742-0850.md,entry-0813
دهش,دهش,897,نیکخواهی,اسم,8530,entries/0851-0969.md,entry-0897
دهش,دهش,909,عفو . بخشش,اسم,8634,entries/0851-0969.md,entry-0909
دهش,دهش,962,پاداش,اسم,9099,entries/0851-0969.md,entry-0962
دهش,دهش,981,پرستش,اسم,9277,entries/0970-0991.md,entry-0981
دهشت,دهشت,854,ترس,اسم,8106,entries/0851-0969.md,entry-0854
دهشت‌انگیز,دهشت‌انگیز,854,ترس,صفت,8112,entries/0851-0969.md,entry-0854
دهقان,دهقان,370,کشاورزی 370#,اسم,3516,entries/0302-0437.md,entry-0370
دهقان,دهقان,741,رئیس,اسم,7049,entries/0651-0741.md,entry-0741
دهقان,دهقان,776,مالک,اسم,7361,entries/0742-0850.md,entry-0776
دهقان,دهقان,869,رعایا,اسم,8261,entries/0851-0969.md,entry-0869
دهقانان,دهقانان,868,نجبا,اسم,8248,entries/0851-0969.md,entry-0868
دهقانی,دهقانی,370,کشاورزی 370#,صفت,3519,entries/0302-0437.md,entry-0370
دهل,دهل,414,ساز,اسم,3850,entries/0302-0437.md,entry-0414
دهلیز,دهلیز,194,ظرف,اسم,1865,entries/0194-0301.md,entry-0194
دهلیز,دهلیز,224,درون,اسم,2153,entries/0194-0301.md,entry-0224
دهلیز,دهلیز,335,مایع,اسم,3213,entries/0302-0437.md,entry-0335
دهن,دهن,263,باز . گشودگی,اسم,2511,entries/0194-0301.md,entry-0263
دهن کجی کردن,دهن کجی کردن,893,ترشرویی,فعل,8498,entries/0851-0969.md,entry-0893
دهنده,دهنده,781,دهش,صفت,7410,entries/0742-0850.md,entry-0781
دهنه,دهنه,47,پیوند: وسیلۀ اتصال,اسم,488,entries/0001-0090.md,entry-0047
دهنه,دهنه,201,فاصله,اسم,1942,entries/0194-0301.md,entry-0201
دهنه,دهنه,255,تقعر,اسم,2445,entries/0194-0301.md,entry-0255
دهنه,دهنه,273,حمل‌کننده,اسم,2632,entries/0194-0301.md,entry-0273
دهنه,دهنه,353,لولۀ بادی,اسم,3339,entries/0302-0437.md,entry-0353
دهنه آبخوری,دهنه آبخوری,273,حمل‌کننده,اسم,2632,entries/0194-0301.md,entry-0273
دهنه هویزه,دهنه هویزه,273,حمل‌کننده,اسم,2632,entries/0194-0301.md,entry-0273
دهنۀ قوسی,دهنۀ قوسی,250,دَوَران: دایره‌ای بودن ساده 250#,اسم,2395,entries/0194-0301.md,entry-0250
دهنۀ چاه,دهنۀ چاه,263,باز . گشودگی,اسم,2512,entries/0194-0301.md,entry-0263
دهنی,دهنی,374,حواس . حساسیت,اسم,3550,entries/0302-0437.md,entry-0374
دهنی,دهنی,400,صدای بلند 400#,اسم,3756,entries/0302-0437.md,entry-0400
دهنی,دهنی,531,مخابرات,اسم,5010,entries/0438-0543.md,entry-0531
دهن‌بین,دهن‌بین,487,زودباوری,صفت,4550,entries/0438-0543.md,entry-0487
دهن‌بین,دهن‌بین,544,آدم ساده,اسم,5125,entries/0544-0650.md,entry-0544
دهن‌بین,دهن‌بین,603,بی ثباتی . بوالهوسی,صفت,5646,entries/0544-0650.md,entry-0603
دهن‌بین,دهن‌بین,604,تلون مزاج . هوس,صفت,5656,entries/0544-0650.md,entry-0604
دهن‌دره,دهن‌دره,263,باز . گشودگی,اسم,2510,entries/0194-0301.md,entry-0263
دهن‌دره,دهن‌دره,679,عدم فعالیت . خواب,اسم,6442,entries/0651-0741.md,entry-0679
دهه,دهه,99,بیش ازپنج,اسم,951,entries/0091-0193.md,entry-0099
دهه,دهه,108,زمان 108#,اسم,1016,entries/0091-0193.md,entry-0108
دهه,دهه,110,دوره: زمان معین 110#,اسم,1034,entries/0091-0193.md,entry-0110
دهه فجر,دهه فجر,837,سرگرمی,اسم,7921,entries/0742-0850.md,entry-0837
دهکده,دهکده,184,منطقه: فضای معین,اسم,1748,entries/0091-0193.md,entry-0184
دهکده,دهکده,192,منزل: محل سکنا یا زندگی,اسم,1822,entries/0091-0193.md,entry-0192
دهگان,دهگان,85,عدد 85#,اسم,861,entries/0001-0090.md,entry-0085
دهۀ فجر,دهۀ فجر,876,نگهداشت,اسم,8324,entries/0851-0969.md,entry-0876
ده‌فرمان,ده‌فرمان,953,قانونیت,اسم,9027,entries/0851-0969.md,entry-0953
ده‌فرمان,ده‌فرمان,975,وحی . پیامبر,اسم,9211,entries/0970-0991.md,entry-0975
دو,دو,85,عدد 85#,اسم,860,entries/0001-0090.md,entry-0085
دو,دو,90,دوگانگی 90#,اسم,910,entries/0001-0090.md,entry-0090
دو,دو,265,حرکت 265#,اسم,2546,entries/0194-0301.md,entry-0265
دو,دو,277,سرعت,اسم,2663,entries/0194-0301.md,entry-0277
دو,دو,716,ستیز . مبارزه,اسم,6773,entries/0651-0741.md,entry-0716
دو,دو,837,سرگرمی,اسم,7925,entries/0742-0850.md,entry-0837
دو استقامت,دو استقامت,113,دیرگذری,اسم,1053,entries/0091-0193.md,entry-0113
دو با مانع,دو با مانع,716,ستیز . مبارزه,اسم,6773,entries/0651-0741.md,entry-0716
دو بامانع,دو بامانع,312,پرش . جهش,اسم,3001,entries/0302-0437.md,entry-0312
دو جان دریک قالب,دو جان دریک قالب,880,دوستی 880#,اسم,8359,entries/0851-0969.md,entry-0880
دو ◄ خرام,دو ◄ خرام,312,پرش . جهش,اسم,3001,entries/0302-0437.md,entry-0312
دوآتشه,دوآتشه,301,غذا: خوردن و نوشیدن,صفت,2905,entries/0194-0301.md,entry-0301
دوآتشه,دوآتشه,338,تبخیر,صفت,3235,entries/0302-0437.md,entry-0338
دوآتشه,دوآتشه,504,دیوانه,اسم,4706,entries/0438-0543.md,entry-0504
دوئت,دوئت,410,آهنگ . ملودی: صدای هنجار 410#,اسم,3817,entries/0302-0437.md,entry-0410
دوئت,دوئت,412,موسیقی,اسم,3837,entries/0302-0437.md,entry-0412
دوئل,دوئل,716,ستیز . مبارزه,اسم,6775,entries/0651-0741.md,entry-0716
دوئل کنندگان,دوئل کنندگان,704,ضدیت . تقابل,اسم,6662,entries/0651-0741.md,entry-0704
دوا,دوا,658,درمان,اسم,6218,entries/0651-0741.md,entry-0658
دوا دادن,دوا دادن,375,بی‌حسی فیزیکی,فعل,3564,entries/0302-0437.md,entry-0375
دوات,دوات,194,ظرف,اسم,1854,entries/0194-0301.md,entry-0194
دوات,دوات,586,نگارش,اسم,5446,entries/0544-0650.md,entry-0586
دواخانه,دواخانه,658,درمان,اسم,6231,entries/0651-0741.md,entry-0658
دوار,دوار,250,دَوَران: دایره‌ای بودن ساده 250#,صفت,2397,entries/0194-0301.md,entry-0250
دوار,دوار,314,حرکت انحنادار,اسم,3016,entries/0302-0437.md,entry-0314
دوار,دوار,315,چرخش,اسم,3023,entries/0302-0437.md,entry-0315
دوار,دوار,651,بیماری . ضعف جسمانی,اسم,6125,entries/0651-0741.md,entry-0651
دوازده,دوازده,85,عدد 85#,اسم,860,entries/0001-0090.md,entry-0085
دوازده صورت فلکی ویژه (برج),دوازده صورت فلکی ویژه (برج),321,کیهان,اسم,3089,entries/0302-0437.md,entry-0321
دوازده ماه سال,دوازده ماه سال,110,دوره: زمان معین 110#,اسم,1033,entries/0091-0193.md,entry-0110
دواسبه,دواسبه,274,وسیلۀ نقلیه,صفت,2648,entries/0194-0301.md,entry-0274
دواسبه تاختن,دواسبه تاختن,673,استفاده,فعل,6384,entries/0651-0741.md,entry-0673
دوام,دوام,65,تعاقب [در ترتیب] . توالی,اسم,659,entries/0001-0090.md,entry-0065
دوام,دوام,110,دوره: زمان معین 110#,اسم,1033,entries/0091-0193.md,entry-0110
دوام,دوام,113,دیرگذری,اسم,1053,entries/0091-0193.md,entry-0113
دوام,دوام,115,ابدیت,اسم,1074,entries/0091-0193.md,entry-0115
دوام,دوام,144,ثبات: عدم تغییر 144#,اسم,1331,entries/0091-0193.md,entry-0144
دوام,دوام,153,پایداری (تغییرناپذیری),اسم,1411,entries/0091-0193.md,entry-0153
دوام,دوام,329,استحکام,اسم,3171,entries/0302-0437.md,entry-0329
دوام,دوام,600,پافشاری 600#,اسم,5621,entries/0544-0650.md,entry-0600
دوام,دوام,666,حفظ: جلوگیری ازفساد,اسم,6306,entries/0651-0741.md,entry-0666
دوام آوردن,دوام آوردن,113,دیرگذری,فعل,1057,entries/0091-0193.md,entry-0113
دوام داشتن,دوام داشتن,1,وجود (هستی),فعل,31,entries/0001-0090.md,entry-0001
دوام داشتن,دوام داشتن,113,دیرگذری,فعل,1057,entries/0091-0193.md,entry-0113
دوام داشتن,دوام داشتن,144,ثبات: عدم تغییر 144#,فعل,1334,entries/0091-0193.md,entry-0144
دوام داشتن,دوام داشتن,153,پایداری (تغییرناپذیری),فعل,1418,entries/0091-0193.md,entry-0153
دوان,دوان,312,پرش . جهش,صفت,3003,entries/0302-0437.md,entry-0312
دوان - پْرستو,دوان - پْرستو,410,آهنگ . ملودی: صدای هنجار 410#,اسم,3814,entries/0302-0437.md,entry-0410
دواندن,دواندن,292,دافعه,فعل,2789,entries/0194-0301.md,entry-0292
دوانیدن,دوانیدن,292,دافعه,فعل,2789,entries/0194-0301.md,entry-0292
دوان‌دوان,دوان‌دوان,312,پرش . جهش,صفت,3003,entries/0302-0437.md,entry-0312
دواگلی,دواگلی,658,درمان,اسم,6220,entries/0651-0741.md,entry-0658
دوبار,دوبار,91,دوبرابری,قید,919,entries/0091-0193.md,entry-0091
دوبار,دوبار,106,تکرار,قید,1000,entries/0091-0193.md,entry-0106
دوباره,دوباره,91,دوبرابری,قید,919,entries/0091-0193.md,entry-0091
دوباره,دوباره,106,تکرار,قید,1000,entries/0091-0193.md,entry-0106
دوباره اجرا کردن,دوباره اجرا کردن,106,تکرار,فعل,997,entries/0091-0193.md,entry-0106
دوباره افتادن به‌حال یا کار قبلی,دوباره افتادن به‌حال یا کار قبلی,657,عود,فعل,6213,entries/0651-0741.md,entry-0657
دوباره انجام دادن,دوباره انجام دادن,18,تشابه,فعل,188,entries/0001-0090.md,entry-0018
دوباره انجام دادن,دوباره انجام دادن,106,تکرار,فعل,997,entries/0091-0193.md,entry-0106
دوباره برقرار شدن,دوباره برقرار شدن,656,بازسازی,فعل,6203,entries/0651-0741.md,entry-0656
دوباره به‌دست آوردن,دوباره به‌دست آوردن,656,بازسازی,فعل,6208,entries/0651-0741.md,entry-0656
دوباره به‌دست آوردن,دوباره به‌دست آوردن,773,مالکیت,فعل,7337,entries/0742-0850.md,entry-0773
دوباره درمالکیت کسی قرار گرفتن,دوباره درمالکیت کسی قرار گرفتن,148,رجعت: رجوع به‌حالت اولیه 148#,فعل,1372,entries/0091-0193.md,entry-0148
دوباره مطرح شدن,دوباره مطرح شدن,106,تکرار,فعل,999,entries/0091-0193.md,entry-0106
دوباره مطرح شدن,دوباره مطرح شدن,139,اغلب (کثرت وقوع),فعل,1284,entries/0091-0193.md,entry-0139
دوباره پر کردن,دوباره پر کردن,633,تهیه,فعل,5958,entries/0544-0650.md,entry-0633
دوباره کاری,دوباره کاری,91,دوبرابری,اسم,916,entries/0091-0193.md,entry-0091
دوباره کردن,دوباره کردن,91,دوبرابری,فعل,918,entries/0091-0193.md,entry-0091
دوباره کردن,دوباره کردن,106,تکرار,فعل,997,entries/0091-0193.md,entry-0106
دوباره گفتن,دوباره گفتن,106,تکرار,فعل,998,entries/0091-0193.md,entry-0106
دوباره‌کاری,دوباره‌کاری,106,تکرار,اسم,994,entries/0091-0193.md,entry-0106
دوبارگی,دوبارگی,91,دوبرابری,اسم,916,entries/0091-0193.md,entry-0091
دوبارگی,دوبارگی,106,تکرار,اسم,994,entries/0091-0193.md,entry-0106
دوبارگی,دوبارگی,656,بازسازی,اسم,6199,entries/0651-0741.md,entry-0656
دوبامبی,دوبامبی,162,قدرت,قید,1533,entries/0091-0193.md,entry-0162
دوبر,دوبر,631,مواد,صفت,5942,entries/0544-0650.md,entry-0631
دوبر,دوبر,811,گرانی,صفت,7661,entries/0742-0850.md,entry-0811
دوبرابر,دوبرابر,90,دوگانگی 90#,صفت,911,entries/0001-0090.md,entry-0090
دوبرابر,دوبرابر,91,دوبرابری,صفت,917,entries/0091-0193.md,entry-0091
دوبرابر,دوبرابر,106,تکرار,قید,1000,entries/0091-0193.md,entry-0106
دوبرابر کردن,دوبرابر کردن,36,افزایش,فعل,370,entries/0001-0090.md,entry-0036
دوبرابر کردن,دوبرابر کردن,90,دوگانگی 90#,فعل,912,entries/0001-0090.md,entry-0090
دوبرابر کردن,دوبرابر کردن,91,دوبرابری,فعل,918,entries/0091-0193.md,entry-0091
دوبرابری,دوبرابری,91,دوبرابری,اسم,916,entries/0091-0193.md,entry-0091
دوبعدی,دوبعدی,183,فضا 183#,صفت,1740,entries/0091-0193.md,entry-0183
دوبل,دوبل,91,دوبرابری,صفت,917,entries/0091-0193.md,entry-0091
دوبلاژ,دوبلاژ,520,تعبیر . تفسیر 520#,اسم,4870,entries/0438-0543.md,entry-0520
دوبله,دوبله,91,دوبرابری,قید,919,entries/0091-0193.md,entry-0091
دوبله,دوبله,520,تعبیر . تفسیر 520#,اسم,4870,entries/0438-0543.md,entry-0520
دوبله کردن,دوبله کردن,520,تعبیر . تفسیر 520#,فعل,4877,entries/0438-0543.md,entry-0520
دوبله‌شده,دوبله‌شده,520,تعبیر . تفسیر 520#,صفت,4875,entries/0438-0543.md,entry-0520
دوبلور,دوبلور,520,تعبیر . تفسیر 520#,اسم,4872,entries/0438-0543.md,entry-0520
دوبه,دوبه,275,ناو (کِشتی),اسم,2652,entries/0194-0301.md,entry-0275
دوبه‌شک,دوبه‌شک,456,بی‌توجهی,صفت,4210,entries/0438-0543.md,entry-0456
دوبه‌همزن,دوبه‌همزن,738,سرپیچی . عصیان,صفت,7027,entries/0651-0741.md,entry-0738
دوبیتی,دوبیتی,593,شعر و نثر,اسم,5515,entries/0544-0650.md,entry-0593
دوبینی,دوبینی,440,کم‌سویی 440#,اسم,4054,entries/0438-0543.md,entry-0440
دوتا,دوتا,91,دوبرابری,صفت,917,entries/0091-0193.md,entry-0091
دوتا بودن,دوتا بودن,90,دوگانگی 90#,فعل,912,entries/0001-0090.md,entry-0090
دوتا کردن,دوتا کردن,90,دوگانگی 90#,فعل,912,entries/0001-0090.md,entry-0090
دوتا کردن,دوتا کردن,91,دوبرابری,اسم,916,entries/0091-0193.md,entry-0091
دوتاپرست,دوتاپرست,90,دوگانگی 90#,صفت,911,entries/0001-0090.md,entry-0090
دوتایی,دوتایی,90,دوگانگی 90#,صفت,911,entries/0001-0090.md,entry-0090
دوتایی,دوتایی,261,خَم,اسم,2496,entries/0194-0301.md,entry-0261
دوتایی بودن,دوتایی بودن,90,دوگانگی 90#,اسم,910,entries/0001-0090.md,entry-0090
دوتایی بودن,دوتایی بودن,91,دوبرابری,اسم,916,entries/0091-0193.md,entry-0091
دوترکه,دوترکه,268,جهانگرد,اسم,2589,entries/0194-0301.md,entry-0268
دوجانبه,دوجانبه,151,تغییر متقابل: تغییر باهم یا دوگانه,صفت,1394,entries/0091-0193.md,entry-0151
دوجانبه,دوجانبه,182,اثر متقابل,صفت,1717,entries/0091-0193.md,entry-0182
دوجانبه,دوجانبه,765,قرارداد,صفت,7252,entries/0742-0850.md,entry-0765
دوجداره,دوجداره,190,غیاب 190#,صفت,1802,entries/0091-0193.md,entry-0190
دوجداره,دوجداره,421,حفاظ . پرده,صفت,3922,entries/0302-0437.md,entry-0421
دوجنبه بودن,دوجنبه بودن,90,دوگانگی 90#,اسم,910,entries/0001-0090.md,entry-0090
دوجنسی,دوجنسی,372,مذکر,اسم,3536,entries/0302-0437.md,entry-0372
دوجنسی ◄ حیوان نر,دوجنسی ◄ حیوان نر,373,مؤنث,اسم,3543,entries/0302-0437.md,entry-0373
دوجنسیتی,دوجنسیتی,372,مذکر,اسم,3536,entries/0302-0437.md,entry-0372
دوجین,دوجین,74,تجمع . گردآوری,اسم,746,entries/0001-0090.md,entry-0074
دوجین,دوجین,99,بیش ازپنج,اسم,951,entries/0091-0193.md,entry-0099
دوخت,دوخت,45,اتحاد . پیوستگی,اسم,444,entries/0001-0090.md,entry-0045
دوخت,دوخت,228,پوشاک . پوشیدن,اسم,2212,entries/0194-0301.md,entry-0228
دوختن,دوختن,45,اتحاد . پیوستگی,فعل,454,entries/0001-0090.md,entry-0045
دوختن,دوختن,222,تاروپود: بافت متقاطع,فعل,2140,entries/0194-0301.md,entry-0222
دوختن,دوختن,228,پوشاک . پوشیدن,فعل,2218,entries/0194-0301.md,entry-0228
دوخته,دوخته,24,سازگاری,صفت,240,entries/0001-0090.md,entry-0024
دوخته,دوخته,228,پوشاک . پوشیدن,صفت,2215,entries/0194-0301.md,entry-0228
دوخته,دوخته,669,آمادگی,صفت,6341,entries/0651-0741.md,entry-0669
دوخته‌شده,دوخته‌شده,45,اتحاد . پیوستگی,صفت,450,entries/0001-0090.md,entry-0045
دوخم,دوخم,837,سرگرمی,اسم,7925,entries/0742-0850.md,entry-0837
دود,دود,381,گرمایش,اسم,3623,entries/0302-0437.md,entry-0381
دود,دود,394,بو,اسم,3713,entries/0302-0437.md,entry-0394
دود دادن,دود دادن,300,دفع . طرد 300#,فعل,2868,entries/0194-0301.md,entry-0300
دود دادن,دود دادن,394,بو,فعل,3715,entries/0302-0437.md,entry-0394
دود دادن,دود دادن,648,پاکیزگی,فعل,6101,entries/0544-0650.md,entry-0648
دود دادن,دود دادن,666,حفظ: جلوگیری ازفساد,فعل,6310,entries/0651-0741.md,entry-0666
دود دل,دود دل,401,صدای کوتاه,اسم,3762,entries/0302-0437.md,entry-0401
دود شدن,دود شدن,2,عدم (نیستی),فعل,44,entries/0001-0090.md,entry-0002
دود کردن,دود کردن,300,دفع . طرد 300#,فعل,2868,entries/0194-0301.md,entry-0300
دود کردن,دود کردن,388,تیزی مزه,فعل,3675,entries/0302-0437.md,entry-0388
دودرمیان,دودرمیان,106,تکرار,صفت,996,entries/0091-0193.md,entry-0106
دودستگی,دودستگی,75,تفرق . پراکندگی,اسم,760,entries/0001-0090.md,entry-0075
دودستگی,دودستگی,82,تنوع (چندگونگی),اسم,827,entries/0001-0090.md,entry-0082
دودستگی,دودستگی,489,نظر مخالف,اسم,4569,entries/0438-0543.md,entry-0489
دودستگی,دودستگی,978,فرقه‌گرایی,اسم,9239,entries/0970-0991.md,entry-0978
دودستی,دودستی,162,قدرت,قید,1533,entries/0091-0193.md,entry-0162
دودستی,دودستی,920,احترام 920#,قید,8743,entries/0851-0969.md,entry-0920
دودل,دودل,61,بی‌نظمی,صفت,624,entries/0001-0090.md,entry-0061
دودل,دودل,456,بی‌توجهی,صفت,4210,entries/0438-0543.md,entry-0456
دودل,دودل,474,عدم‌قطعیت . تردید,صفت,4407,entries/0438-0543.md,entry-0474
دودل,دودل,486,ناباوری . شک,صفت,4541,entries/0438-0543.md,entry-0486
دودل,دودل,503,دیوانگی,صفت,4695,entries/0438-0543.md,entry-0503
دودل,دودل,601,بی‌عزمی,صفت,5629,entries/0544-0650.md,entry-0601
دودل,دودل,606,فقدان انتخاب . بیچارگی,صفت,5678,entries/0544-0650.md,entry-0606
دودلی,دودلی,474,عدم‌قطعیت . تردید,اسم,4403,entries/0438-0543.md,entry-0474
دودلی,دودلی,486,ناباوری . شک,اسم,4539,entries/0438-0543.md,entry-0486
دودلی,دودلی,503,دیوانگی,اسم,4690,entries/0438-0543.md,entry-0503
دودلی,دودلی,601,بی‌عزمی,اسم,5628,entries/0544-0650.md,entry-0601
دودلی,دودلی,606,فقدان انتخاب . بیچارگی,اسم,5676,entries/0544-0650.md,entry-0606
دودلی,دودلی,858,احتیاط,اسم,8147,entries/0851-0969.md,entry-0858
دودمان,دودمان,11,خویشاوندی: بستگی خونی,اسم,129,entries/0001-0090.md,entry-0011
دودمان,دودمان,170,اعقاب . فرزند 170#,اسم,1609,entries/0091-0193.md,entry-0170
دودمان ◄ خانواده,دودمان ◄ خانواده,73,ردیف 73#,اسم,735,entries/0001-0090.md,entry-0073
دودمان ◄ خانواده,دودمان ◄ خانواده,741,رئیس,اسم,7051,entries/0651-0741.md,entry-0741
دوده,دوده,381,گرمایش,اسم,3623,entries/0302-0437.md,entry-0381
دوده,دوده,383,گرم‌کننده: کوره، بخاری,اسم,3645,entries/0302-0437.md,entry-0383
دوده,دوده,428,سیاه,اسم,3972,entries/0302-0437.md,entry-0428
دوده گرفتن,دوده گرفتن,428,سیاه,فعل,3975,entries/0302-0437.md,entry-0428
دودهنه,دودهنه,631,مواد,صفت,5942,entries/0544-0650.md,entry-0631
دودهنه,دودهنه,811,گرانی,صفت,7661,entries/0742-0850.md,entry-0811
دودوزه‌بازی,دودوزه‌بازی,698,زیرکی,اسم,6593,entries/0651-0741.md,entry-0698
دودویی,دودویی,86,شمارش,صفت,878,entries/0001-0090.md,entry-0086
دودویی,دودویی,90,دوگانگی 90#,صفت,911,entries/0001-0090.md,entry-0090
دودِ جگر,دودِ جگر,401,صدای کوتاه,اسم,3762,entries/0302-0437.md,entry-0401
دودکش,دودکش,263,باز . گشودگی,اسم,2516,entries/0194-0301.md,entry-0263
دودکش,دودکش,351,کانال,اسم,3324,entries/0302-0437.md,entry-0351
دودکش,دودکش,353,لولۀ بادی,اسم,3339,entries/0302-0437.md,entry-0353
دودکش,دودکش,383,گرم‌کننده: کوره، بخاری,اسم,3644,entries/0302-0437.md,entry-0383
دودی,دودی,338,تبخیر,صفت,3235,entries/0302-0437.md,entry-0338
دودی,دودی,394,بو,صفت,3714,entries/0302-0437.md,entry-0394
دودی,دودی,424,نیمه‌شفاف,صفت,3940,entries/0302-0437.md,entry-0424
دودی,دودی,429,خاکستری,صفت,3979,entries/0302-0437.md,entry-0429
دودی,دودی,442,دستگاه نوری,اسم,4067,entries/0438-0543.md,entry-0442
دودی,دودی,666,حفظ: جلوگیری ازفساد,صفت,6309,entries/0651-0741.md,entry-0666
دودی کردن,دودی کردن,388,تیزی مزه,فعل,3674,entries/0302-0437.md,entry-0388
دودی کردن,دودی کردن,666,حفظ: جلوگیری ازفساد,فعل,6310,entries/0651-0741.md,entry-0666
دور,دور,110,دوره: زمان معین 110#,اسم,1033,entries/0091-0193.md,entry-0110
دور,دور,141,دوره‌ای بودن: نظم دروقوع و تکرار آن,اسم,1300,entries/0091-0193.md,entry-0141
دور,دور,199,دوری,قید,1927,entries/0194-0301.md,entry-0199
دور,دور,203,درازی (طول),صفت,1961,entries/0194-0301.md,entry-0203
دور,دور,230,محیط 230#,اسم,2232,entries/0194-0301.md,entry-0230
دور,دور,248,منحنی . ناهموار,اسم,2375,entries/0194-0301.md,entry-0248
دور,دور,250,دَوَران: دایره‌ای بودن ساده 250#,اسم,2396,entries/0194-0301.md,entry-0250
دور,دور,314,حرکت انحنادار,اسم,3016,entries/0302-0437.md,entry-0314
دور,دور,401,صدای کوتاه,صفت,3764,entries/0302-0437.md,entry-0401
دور,دور,444,ناپیدایی,صفت,4084,entries/0438-0543.md,entry-0444
دور,دور,472,عدم احتمال,صفت,4383,entries/0438-0543.md,entry-0472
دور,دور,883,اجتماعی نبودن,صفت,8399,entries/0851-0969.md,entry-0883
دور (عهد) ◄ زمانه,دور (عهد) ◄ زمانه,359,کانیها . معدن,اسم,3398,entries/0302-0437.md,entry-0359
دور (فراتر),دور (فراتر),199,دوری,صفت,1924,entries/0194-0301.md,entry-0199
دور ازدسترس,دور ازدسترس,306,زیاده‌روی . فزونی (حرکت فراتر),صفت,2953,entries/0302-0437.md,entry-0306
دور ازعرف‌وعادت,دور ازعرف‌وعادت,611,ترک [عادت],صفت,5725,entries/0544-0650.md,entry-0611
دور افتادن,دور افتادن,46,عدم اتحاد . گسیختگی,فعل,470,entries/0001-0090.md,entry-0046
دور افتخار,دور افتخار,626,دور تمام,اسم,5893,entries/0544-0650.md,entry-0626
دور انداختن,دور انداختن,607,ردّ . عدم انتخاب,فعل,5690,entries/0544-0650.md,entry-0607
دور انداختن,دور انداختن,779,عدم نگهداری,فعل,7391,entries/0742-0850.md,entry-0779
دور برداشتن,دور برداشتن,277,سرعت,فعل,2667,entries/0194-0301.md,entry-0277
دور برگردان,دور برگردان,626,دور تمام,اسم,5893,entries/0544-0650.md,entry-0626
دور بودن,دور بودن,190,غیاب 190#,فعل,1804,entries/0091-0193.md,entry-0190
دور بودن,دور بودن,199,دوری,فعل,1926,entries/0194-0301.md,entry-0199
دور تسلسل,دور تسلسل,726,عدم تکمیل,اسم,6891,entries/0651-0741.md,entry-0726
دور تمام,دور تمام,282,انحراف . بی‌هدفی,اسم,2713,entries/0194-0301.md,entry-0282
دور تمام,دور تمام,286,پسروی . پسرفت,اسم,2744,entries/0194-0301.md,entry-0286
دور تمام,دور تمام,314,حرکت انحنادار,اسم,3016,entries/0302-0437.md,entry-0314
دور تمام,دور تمام,626,دور تمام,اسم,5893,entries/0544-0650.md,entry-0626
دور دنیا,دور دنیا,314,حرکت انحنادار,اسم,3016,entries/0302-0437.md,entry-0314
دور دنیا گشتن,دور دنیا گشتن,267,مسافرت زمینی,فعل,2579,entries/0194-0301.md,entry-0267
دور ریختن,دور ریختن,187,استقرار . قرارگاه,فعل,1771,entries/0091-0193.md,entry-0187
دور ریختن,دور ریختن,634,اتلاف,فعل,5964,entries/0544-0650.md,entry-0634
دور ریختن,دور ریختن,812,ارزانی,فعل,7673,entries/0742-0850.md,entry-0812
دور ریختن (انداختن),دور ریختن (انداختن),674,عدم استفاده,فعل,6392,entries/0651-0741.md,entry-0674
دور زدن,دور زدن,9,رابطه . ربط,فعل,112,entries/0001-0090.md,entry-0009
دور زدن,دور زدن,71,تداوم [در ترتیب] . تسلسل,فعل,720,entries/0001-0090.md,entry-0071
دور زدن,دور زدن,230,محیط 230#,فعل,2235,entries/0194-0301.md,entry-0230
دور زدن,دور زدن,250,دَوَران: دایره‌ای بودن ساده 250#,فعل,2399,entries/0194-0301.md,entry-0250
دور زدن,دور زدن,265,حرکت 265#,فعل,2548,entries/0194-0301.md,entry-0265
دور زدن,دور زدن,286,پسروی . پسرفت,فعل,2747,entries/0194-0301.md,entry-0286
دور زدن,دور زدن,314,حرکت انحنادار,فعل,3019,entries/0302-0437.md,entry-0314
دور زدن,دور زدن,315,چرخش,فعل,3027,entries/0302-0437.md,entry-0315
دور زدن,دور زدن,626,دور تمام,فعل,5895,entries/0544-0650.md,entry-0626
دور زدن,دور زدن,780,انتقال ملک 780#,فعل,7402,entries/0742-0850.md,entry-0780
دور زمین,دور زمین,314,حرکت انحنادار,اسم,3016,entries/0302-0437.md,entry-0314
دور شدن,دور شدن,265,حرکت 265#,اسم,2545,entries/0194-0301.md,entry-0265
دور شدن,دور شدن,290,دور شدن 290#,اسم,2774,entries/0194-0301.md,entry-0290
دور شدن ازمسیر اصلی,دور شدن ازمسیر اصلی,282,انحراف . بی‌هدفی,اسم,2713,entries/0194-0301.md,entry-0282
دور ماندن,دور ماندن,190,غیاب 190#,فعل,1804,entries/0091-0193.md,entry-0190
دور محور خود چرخیدن,دور محور خود چرخیدن,250,دَوَران: دایره‌ای بودن ساده 250#,فعل,2399,entries/0194-0301.md,entry-0250
دور موتور,دور موتور,315,چرخش,اسم,3023,entries/0302-0437.md,entry-0315
دور نهایی,دور نهایی,716,ستیز . مبارزه,اسم,6772,entries/0651-0741.md,entry-0716
دور هم جمع شدن,دور هم جمع شدن,882,اجتماعی بودن . معاشرت,فعل,8385,entries/0851-0969.md,entry-0882
دور ورزشگاه,دور ورزشگاه,626,دور تمام,اسم,5893,entries/0544-0650.md,entry-0626
دور چیزی خط کشیدن,دور چیزی خط کشیدن,232,احاطه,فعل,2256,entries/0194-0301.md,entry-0232
دور کامل,دور کامل,286,پسروی . پسرفت,اسم,2744,entries/0194-0301.md,entry-0286
دور کردن,دور کردن,292,دافعه,فعل,2789,entries/0194-0301.md,entry-0292
دور کردن,دور کردن,300,دفع . طرد 300#,فعل,2865,entries/0194-0301.md,entry-0300
دور کردن,دور کردن,550,امحا . محو 550#,فعل,5192,entries/0544-0650.md,entry-0550
دور کردن,دور کردن,713,پاتک . دفاع,فعل,6750,entries/0651-0741.md,entry-0713
دور کردن,دور کردن,786,اخذ . گرفتن,فعل,7463,entries/0742-0850.md,entry-0786
دور گرفتن,دور گرفتن,230,محیط 230#,فعل,2235,entries/0194-0301.md,entry-0230
دور گشتن,دور گشتن,626,دور تمام,فعل,5895,entries/0544-0650.md,entry-0626
دورآگاهی,دورآگاهی,984,حس ششم . عالم غیب,اسم,9310,entries/0970-0991.md,entry-0984
دورازدسترس,دورازدسترس,199,دوری,صفت,1925,entries/0194-0301.md,entry-0199
دورازدهن,دورازدهن,568,عدم صراحت کلام,صفت,5322,entries/0544-0650.md,entry-0568
دورازذهن,دورازذهن,517,غیرقابل‌درک بودن,صفت,4846,entries/0438-0543.md,entry-0517
دورازذهن,دورازذهن,518,ایهام,صفت,4856,entries/0438-0543.md,entry-0518
دورازذهن بودن,دورازذهن بودن,517,غیرقابل‌درک بودن,اسم,4845,entries/0438-0543.md,entry-0517
دورافتاده,دورافتاده,46,عدم اتحاد . گسیختگی,صفت,466,entries/0001-0090.md,entry-0046
دورافتاده,دورافتاده,188,نقل مکان . انتقال,صفت,1781,entries/0091-0193.md,entry-0188
دورافتاده,دورافتاده,199,دوری,صفت,1925,entries/0194-0301.md,entry-0199
دورافتاده,دورافتاده,266,عدم تحرک,صفت,2556,entries/0194-0301.md,entry-0266
دورافتاده از وطن,دورافتاده از وطن,883,اجتماعی نبودن,صفت,8397,entries/0851-0969.md,entry-0883
دوران,دوران,110,دوره: زمان معین 110#,اسم,1034,entries/0091-0193.md,entry-0110
دوران,دوران,359,کانیها . معدن,اسم,3398,entries/0302-0437.md,entry-0359
دوران بلوغ,دوران بلوغ,130,جوانی 130#,اسم,1206,entries/0091-0193.md,entry-0130
دوران خودرا تمام کردن,دوران خودرا تمام کردن,125,گذشته,فعل,1155,entries/0091-0193.md,entry-0125
دوران دبیرستان,دوران دبیرستان,130,جوانی 130#,اسم,1206,entries/0091-0193.md,entry-0130
دوران سختی,دوران سختی,731,فلاکت,اسم,6941,entries/0651-0741.md,entry-0731
دوران مادها,دوران مادها,125,گذشته,اسم,1148,entries/0091-0193.md,entry-0125
دوران مدرسه,دوران مدرسه,130,جوانی 130#,اسم,1206,entries/0091-0193.md,entry-0130
دوران گذشته,دوران گذشته,125,گذشته,اسم,1147,entries/0091-0193.md,entry-0125
دورانداختنی,دورانداختنی,51,تجزیه,صفت,519,entries/0001-0090.md,entry-0051
دورانداختنی,دورانداختنی,641,بی‌فایده بودن,صفت,6031,entries/0544-0650.md,entry-0641
دورانداخته,دورانداخته,674,عدم استفاده,صفت,6390,entries/0651-0741.md,entry-0674
دورانداخته,دورانداخته,779,عدم نگهداری,صفت,7388,entries/0742-0850.md,entry-0779
دورانداخته,دورانداخته,883,اجتماعی نبودن,صفت,8395,entries/0851-0969.md,entry-0883
دوراندیش,دوراندیش,510,آینده‌نگری 510#,صفت,4769,entries/0438-0543.md,entry-0510
دوراندیش بودن,دوراندیش بودن,203,درازی (طول),فعل,1966,entries/0194-0301.md,entry-0203
دوراندیشی,دوراندیشی,510,آینده‌نگری 510#,اسم,4768,entries/0438-0543.md,entry-0510
دوراندیشی,دوراندیشی,623,برنامه,اسم,5859,entries/0544-0650.md,entry-0623
دوراندیشی,دوراندیشی,858,احتیاط,اسم,8147,entries/0851-0969.md,entry-0858
دورانهای ائون دوم: پالئوزوئیک (دیرینه‌زیستی),دورانهای ائون دوم: پالئوزوئیک (دیرینه‌زیستی),359,کانیها . معدن,اسم,3398,entries/0302-0437.md,entry-0359
دورانهای زمین‌شناسی,دورانهای زمین‌شناسی,125,گذشته,اسم,1148,entries/0091-0193.md,entry-0125
دوراهی,دوراهی,46,عدم اتحاد . گسیختگی,اسم,463,entries/0001-0090.md,entry-0046
دوراهی,دوراهی,92,یک‌دوم,اسم,923,entries/0091-0193.md,entry-0092
دوراهی,دوراهی,282,انحراف . بی‌هدفی,اسم,2713,entries/0194-0301.md,entry-0282
دوراهی,دوراهی,294,واگرایی,اسم,2799,entries/0194-0301.md,entry-0294
دوربرد,دوربرد,199,دوری,صفت,1924,entries/0194-0301.md,entry-0199
دوربین,دوربین,438,دید . بینایی,صفت,4036,entries/0438-0543.md,entry-0438
دوربین,دوربین,440,کم‌سویی 440#,صفت,4056,entries/0438-0543.md,entry-0440
دوربین,دوربین,442,دستگاه نوری,اسم,4066,entries/0438-0543.md,entry-0442
دوربین,دوربین,619,پیگیری,اسم,5821,entries/0544-0650.md,entry-0619
دوربین [تصویربردار],دوربین [تصویربردار],442,دستگاه نوری,اسم,4071,entries/0438-0543.md,entry-0442
دوربین دوچشمی منشوری,دوربین دوچشمی منشوری,442,دستگاه نوری,اسم,4072,entries/0438-0543.md,entry-0442
دوربین دیجیتال,دوربین دیجیتال,374,حواس . حساسیت,اسم,3550,entries/0302-0437.md,entry-0374
دوربین دیجیتال,دوربین دیجیتال,442,دستگاه نوری,اسم,4071,entries/0438-0543.md,entry-0442
دوربین دیجیتال,دوربین دیجیتال,551,تجسم,اسم,5199,entries/0544-0650.md,entry-0551
دوربین عکاسی,دوربین عکاسی,442,دستگاه نوری,اسم,4066,entries/0438-0543.md,entry-0442
دوربین عکاسی,دوربین عکاسی,551,تجسم,اسم,5199,entries/0544-0650.md,entry-0551
دوربین فیلمبرداری,دوربین فیلمبرداری,442,دستگاه نوری,اسم,4071,entries/0438-0543.md,entry-0442
دوربین فیلمبرداری,دوربین فیلمبرداری,549,متصدی ثبت . ضبط کننده,اسم,5185,entries/0544-0650.md,entry-0549
دوربین نجومی,دوربین نجومی,442,دستگاه نوری,اسم,4066,entries/0438-0543.md,entry-0442
دوربین کشیدن,دوربین کشیدن,619,پیگیری,اسم,5821,entries/0544-0650.md,entry-0619
دوربینی,دوربینی,438,دید . بینایی,اسم,4030,entries/0438-0543.md,entry-0438
دوربینی,دوربینی,440,کم‌سویی 440#,اسم,4054,entries/0438-0543.md,entry-0440
دورتر,دورتر,199,دوری,صفت,1924,entries/0194-0301.md,entry-0199
دورترین,دورترین,199,دوری,صفت,1924,entries/0194-0301.md,entry-0199
دورخود گرد آوردن,دورخود گرد آوردن,74,تجمع . گردآوری,فعل,755,entries/0001-0090.md,entry-0074
دوردست,دوردست,199,دوری,صفت,1925,entries/0194-0301.md,entry-0199
دوردست را دیدن,دوردست را دیدن,203,درازی (طول),فعل,1966,entries/0194-0301.md,entry-0203
دورریز,دورریز,641,بی‌فایده بودن,اسم,6030,entries/0544-0650.md,entry-0641
دورریز,دورریز,674,عدم استفاده,صفت,6390,entries/0651-0741.md,entry-0674
دورریز,دورریز,779,عدم نگهداری,اسم,7387,entries/0742-0850.md,entry-0779
دورزننده,دورزننده,265,حرکت 265#,صفت,2547,entries/0194-0301.md,entry-0265
دورزننده,دورزننده,314,حرکت انحنادار,اسم,3017,entries/0302-0437.md,entry-0314
دورشدن,دورشدن,290,دور شدن 290#,فعل,2776,entries/0194-0301.md,entry-0290
دورشدن,دورشدن,728,شکست: عجز درانجام,اسم,6913,entries/0651-0741.md,entry-0728
دورشونده,دورشونده,265,حرکت 265#,صفت,2547,entries/0194-0301.md,entry-0265
دورشونده,دورشونده,290,دور شدن 290#,صفت,2775,entries/0194-0301.md,entry-0290
دورنما,دورنما,124,آینده,اسم,1138,entries/0091-0193.md,entry-0124
دورنما,دورنما,233,طرح کلی,اسم,2260,entries/0194-0301.md,entry-0233
دورنما,دورنما,438,دید . بینایی,اسم,4033,entries/0438-0543.md,entry-0438
دورنما,دورنما,471,احتمال,اسم,4372,entries/0438-0543.md,entry-0471
دورنگی,دورنگی,541,دروغگویی,اسم,5088,entries/0438-0543.md,entry-0541
دوره,دوره,8,شرایط: وضعیت نسبی,اسم,94,entries/0001-0090.md,entry-0008
دوره,دوره,73,ردیف 73#,اسم,735,entries/0001-0090.md,entry-0073
دوره,دوره,106,تکرار,اسم,994,entries/0091-0193.md,entry-0106
دوره,دوره,108,زمان 108#,اسم,1014,entries/0091-0193.md,entry-0108
دوره,دوره,110,دوره: زمان معین 110#,اسم,1033,entries/0091-0193.md,entry-0110
دوره,دوره,141,دوره‌ای بودن: نظم دروقوع و تکرار آن,اسم,1299,entries/0091-0193.md,entry-0141
دوره,دوره,233,طرح کلی,اسم,2260,entries/0194-0301.md,entry-0233
دوره,دوره,236,حَدّ,اسم,2281,entries/0194-0301.md,entry-0236
دوره,دوره,359,کانیها . معدن,اسم,3398,entries/0302-0437.md,entry-0359
دوره,دوره,538,دانش‌آموز,اسم,5067,entries/0438-0543.md,entry-0538
دوره,دوره,676,عمل,اسم,6406,entries/0651-0741.md,entry-0676
دوره,دوره,682,تلاش . کار,اسم,6471,entries/0651-0741.md,entry-0682
دوره قاعدگی,دوره قاعدگی,110,دوره: زمان معین 110#,اسم,1033,entries/0091-0193.md,entry-0110
دوره‌ای,دوره‌ای,71,تداوم [در ترتیب] . تسلسل,صفت,719,entries/0001-0090.md,entry-0071
دوره‌ای,دوره‌ای,110,دوره: زمان معین 110#,صفت,1035,entries/0091-0193.md,entry-0110
دوره‌ای,دوره‌ای,141,دوره‌ای بودن: نظم دروقوع و تکرار آن,صفت,1303,entries/0091-0193.md,entry-0141
دوره‌ای بودن,دوره‌ای بودن,141,دوره‌ای بودن: نظم دروقوع و تکرار آن,اسم,1298,entries/0091-0193.md,entry-0141
دوره‌ای بودن,دوره‌ای بودن,245,تقارن,اسم,2351,entries/0194-0301.md,entry-0245
دوره‌های مزوزئیک: تریاس,دوره‌های مزوزئیک: تریاس,359,کانیها . معدن,اسم,3398,entries/0302-0437.md,entry-0359
دوره‌گرد,دوره‌گرد,268,جهانگرد,اسم,2586,entries/0194-0301.md,entry-0268
دوره‌گرد,دوره‌گرد,314,حرکت انحنادار,اسم,3017,entries/0302-0437.md,entry-0314
دورو,دورو,541,دروغگویی,صفت,5090,entries/0438-0543.md,entry-0541
دورو,دورو,545,فریبکار,اسم,5130,entries/0544-0650.md,entry-0545
دورو,دورو,603,بی ثباتی . بوالهوسی,صفت,5646,entries/0544-0650.md,entry-0603
دورو,دورو,930,نادرستی 930#,صفت,8847,entries/0851-0969.md,entry-0930
دوروبر,دوروبر,200,نزدیکی 200#,صفت,1934,entries/0194-0301.md,entry-0200
دوروبر,دوروبر,230,محیط 230#,اسم,2232,entries/0194-0301.md,entry-0230
دورودراز,دورودراز,728,شکست: عجز درانجام,صفت,6918,entries/0651-0741.md,entry-0728
دورویی,دورویی,20,تقلید (نسخه‌برداری) 20#,اسم,202,entries/0001-0090.md,entry-0020
دورویی,دورویی,43,آمیختگی 43#,اسم,417,entries/0001-0090.md,entry-0043
دورویی,دورویی,445,پدیداری . ظاهر,اسم,4092,entries/0438-0543.md,entry-0445
دورویی,دورویی,541,دروغگویی,اسم,5087,entries/0438-0543.md,entry-0541
دورویی,دورویی,543,غیرحقیقت,اسم,5116,entries/0438-0543.md,entry-0543
دورویی,دورویی,698,زیرکی,اسم,6594,entries/0651-0741.md,entry-0698
دورویی,دورویی,930,نادرستی 930#,اسم,8845,entries/0851-0969.md,entry-0930
دورکامل,دورکامل,626,دور تمام,اسم,5893,entries/0544-0650.md,entry-0626
دورکننده,دورکننده,57,بیرون گذاشتن,صفت,581,entries/0001-0090.md,entry-0057
دورکننده,دورکننده,292,دافعه,صفت,2788,entries/0194-0301.md,entry-0292
دورگه,دورگه,43,آمیختگی 43#,اسم,416,entries/0001-0090.md,entry-0043
دورگه,دورگه,45,اتحاد . پیوستگی,اسم,445,entries/0001-0090.md,entry-0045
دورگه,دورگه,91,دوبرابری,صفت,917,entries/0091-0193.md,entry-0091
دورگه,دورگه,166,تولید مثل,اسم,1574,entries/0091-0193.md,entry-0166
دورۀ آبستنی,دورۀ آبستنی,110,دوره: زمان معین 110#,اسم,1033,entries/0091-0193.md,entry-0110
دورۀ بارداری,دورۀ بارداری,167,زادوولد,اسم,1581,entries/0091-0193.md,entry-0167
دورۀ تحصیلی,دورۀ تحصیلی,534,آموزش,اسم,5035,entries/0438-0543.md,entry-0534
دورۀ داشت,دورۀ داشت,369,دامداری,اسم,3501,entries/0302-0437.md,entry-0369
دورۀ زمین‌شناسی,دورۀ زمین‌شناسی,110,دوره: زمان معین 110#,اسم,1034,entries/0091-0193.md,entry-0110
دورۀ قراردادی,دورۀ قراردادی,110,دوره: زمان معین 110#,اسم,1033,entries/0091-0193.md,entry-0110
دورۀ ناپیدایی,دورۀ ناپیدایی,444,ناپیدایی,اسم,4083,entries/0438-0543.md,entry-0444
دورۀ پیری,دورۀ پیری,131,پیری . عمر,اسم,1214,entries/0091-0193.md,entry-0131
دورۀ ژوراسیک,دورۀ ژوراسیک,125,گذشته,اسم,1148,entries/0091-0193.md,entry-0125
دورۀ کارآموزی,دورۀ کارآموزی,669,آمادگی,اسم,6334,entries/0651-0741.md,entry-0669
دوری,دوری,46,عدم اتحاد . گسیختگی,اسم,464,entries/0001-0090.md,entry-0046
دوری,دوری,59,بیرونی بودن,اسم,595,entries/0001-0090.md,entry-0059
دوری,دوری,141,دوره‌ای بودن: نظم دروقوع و تکرار آن,صفت,1303,entries/0091-0193.md,entry-0141
دوری,دوری,199,دوری,اسم,1922,entries/0194-0301.md,entry-0199
دوری,دوری,238,عقب,اسم,2298,entries/0194-0301.md,entry-0238
دوری,دوری,290,دور شدن 290#,اسم,2774,entries/0194-0301.md,entry-0290
دوری,دوری,446,ناپدیدی,اسم,4104,entries/0438-0543.md,entry-0446
دوری,دوری,620,اجتناب620#,اسم,5829,entries/0544-0650.md,entry-0620
دوری,دوری,744,آزادی,اسم,7081,entries/0742-0850.md,entry-0744
دوری ازحقیقت,دوری ازحقیقت,495,خطا,اسم,4628,entries/0438-0543.md,entry-0495
دوری ازوطن,دوری ازوطن,199,دوری,اسم,1922,entries/0194-0301.md,entry-0199
دوری جستن,دوری جستن,46,عدم اتحاد . گسیختگی,فعل,470,entries/0001-0090.md,entry-0046
دوری جستن,دوری جستن,620,اجتناب620#,فعل,5833,entries/0544-0650.md,entry-0620
دوری جستن,دوری جستن,769,عدم رعایت,فعل,7282,entries/0742-0850.md,entry-0769
دوری جستن,دوری جستن,854,ترس,فعل,8114,entries/0851-0969.md,entry-0854
دوری کردن,دوری کردن,190,غیاب 190#,فعل,1804,entries/0091-0193.md,entry-0190
دوری کردن,دوری کردن,620,اجتناب620#,فعل,5833,entries/0544-0650.md,entry-0620
دوری کردن,دوری کردن,933,پرهیزگاری,فعل,8872,entries/0851-0969.md,entry-0933
دوری‌جویی,دوری‌جویی,820,فقدان حساسیت روحی . بی‌عاطفگی,اسم,7741,entries/0742-0850.md,entry-0820
دوز,دوز,228,پوشاک . پوشیدن,اسم,2212,entries/0194-0301.md,entry-0228
دوز بازی,دوز بازی,837,سرگرمی,اسم,7928,entries/0742-0850.md,entry-0837
دوزخ,دوزخ,972,جهنم,اسم,9185,entries/0970-0991.md,entry-0972
دوزخی,دوزخی,972,جهنم,صفت,9186,entries/0970-0991.md,entry-0972
دوزندگی,دوزندگی,45,اتحاد . پیوستگی,اسم,444,entries/0001-0090.md,entry-0045
دوزندگی,دوزندگی,228,پوشاک . پوشیدن,اسم,2212,entries/0194-0301.md,entry-0228
دوزوکلک,دوزوکلک,542,فریب,اسم,5099,entries/0438-0543.md,entry-0542
دوزوکلک,دوزوکلک,928,اتهام,اسم,8826,entries/0851-0969.md,entry-0928
دوزیستان,دوزیستان,90,دوگانگی 90#,صفت,911,entries/0001-0090.md,entry-0090
دوزیستان,دوزیستان,91,دوبرابری,صفت,917,entries/0091-0193.md,entry-0091
دوزیستان,دوزیستان,269,مسافرت دریایی,صفت,2598,entries/0194-0301.md,entry-0269
دوزیستان,دوزیستان,365,حیوانات,اسم,3455,entries/0302-0437.md,entry-0365
دوسالانه,دوسالانه,110,دوره: زمان معین 110#,صفت,1035,entries/0091-0193.md,entry-0110
دوسالانه,دوسالانه,141,دوره‌ای بودن: نظم دروقوع و تکرار آن,صفت,1304,entries/0091-0193.md,entry-0141
دوست,دوست,89,همراهی,اسم,903,entries/0001-0090.md,entry-0089
دوست,دوست,184,منطقه: فضای معین,صفت,1750,entries/0091-0193.md,entry-0184
دوست,دوست,703,کمک,صفت,6653,entries/0651-0741.md,entry-0703
دوست,دوست,707,همکار,اسم,6684,entries/0651-0741.md,entry-0707
دوست,دوست,742,خادم,اسم,7066,entries/0742-0850.md,entry-0742
دوست,دوست,880,دوستی 880#,اسم,8360,entries/0851-0969.md,entry-0880
دوست,دوست,887,عشق,اسم,8434,entries/0851-0969.md,entry-0887
دوست,دوست,965,ذات خداوندی,اسم,9136,entries/0851-0969.md,entry-0965
دوست,دوست,991,عرفان,اسم,9369,entries/0970-0991.md,entry-0991
دوست بودن,دوست بودن,24,سازگاری,فعل,241,entries/0001-0090.md,entry-0024
دوست بودن,دوست بودن,880,دوستی 880#,فعل,8365,entries/0851-0969.md,entry-0880
دوست داشتن,دوست داشتن,376,لذت,فعل,3574,entries/0302-0437.md,entry-0376
دوست داشتن,دوست داشتن,880,دوستی 880#,فعل,8364,entries/0851-0969.md,entry-0880
دوست داشتن,دوست داشتن,889,نوازش,فعل,8465,entries/0851-0969.md,entry-0889
دوست داشتنی,دوست داشتنی,859,میل,صفت,8163,entries/0851-0969.md,entry-0859
دوست داشتنی,دوست داشتنی,884,ادب,صفت,8409,entries/0851-0969.md,entry-0884
دوست صمیمی,دوست صمیمی,880,دوستی 880#,اسم,8359,entries/0851-0969.md,entry-0880
دوست عزیزم,دوست عزیزم,890,عزیز 890# عزی,اسم,8472,entries/0851-0969.md,entry-0890
دوست مشترک,دوست مشترک,720,میانجی‌گری 720#,اسم,6819,entries/0651-0741.md,entry-0720
دوست مکاتبه‌ای,دوست مکاتبه‌ای,588,نامه‌نگاری,اسم,5465,entries/0544-0650.md,entry-0588
دوست نداشتن,دوست نداشتن,861,بی‌میلی,فعل,8180,entries/0851-0969.md,entry-0861
دوست نزدیک,دوست نزدیک,880,دوستی 880#,اسم,8359,entries/0851-0969.md,entry-0880
دوست نزدیک,دوست نزدیک,882,اجتماعی بودن . معاشرت,اسم,8379,entries/0851-0969.md,entry-0882
دوست هم‌پیمان,دوست هم‌پیمان,707,همکار,اسم,6682,entries/0651-0741.md,entry-0707
دوست یگانه (یکدل,دوست یگانه (یکدل,880,دوستی 880#,اسم,8359,entries/0851-0969.md,entry-0880
دوستاق,دوستاق,748,زندان,اسم,7125,entries/0742-0850.md,entry-0748
دوستاقخانه,دوستاقخانه,748,زندان,اسم,7125,entries/0742-0850.md,entry-0748
دوستانه,دوستانه,880,دوستی 880#,صفت,8363,entries/0851-0969.md,entry-0880
دوستدار,دوستدار,492,دانشمند,اسم,4609,entries/0438-0543.md,entry-0492
دوستدار,دوستدار,499,حماقت,صفت,4665,entries/0438-0543.md,entry-0499
دوستدار,دوستدار,859,میل,صفت,8159,entries/0851-0969.md,entry-0859
دوستدار,دوستدار,880,دوستی 880#,صفت,8362,entries/0851-0969.md,entry-0880
دوستدار,دوستدار,887,عشق,صفت,8437,entries/0851-0969.md,entry-0887
دوستدار,دوستدار,889,نوازش,صفت,8463,entries/0851-0969.md,entry-0889
دوستدار,دوستدار,897,نیکخواهی,صفت,8533,entries/0851-0969.md,entry-0897
دوستداران اهل‌بیت,دوستداران اهل‌بیت,986,روحانیت,اسم,9325,entries/0970-0991.md,entry-0986
دوستدارانه,دوستدارانه,889,نوازش,صفت,8463,entries/0851-0969.md,entry-0889
دوستداری,دوستداری,880,دوستی 880#,اسم,8357,entries/0851-0969.md,entry-0880
دوستی,دوستی,24,سازگاری,اسم,233,entries/0001-0090.md,entry-0024
دوستی,دوستی,706,همکاری . تعاون,اسم,6673,entries/0651-0741.md,entry-0706
دوستی,دوستی,710,هماهنگی 710#,اسم,6714,entries/0651-0741.md,entry-0710
دوستی,دوستی,717,صلح,اسم,6786,entries/0651-0741.md,entry-0717
دوستی,دوستی,739,اطاعت . وفاداری,اسم,7034,entries/0651-0741.md,entry-0739
دوستی,دوستی,770,سازش 770#,اسم,7286,entries/0742-0850.md,entry-0770
دوستی,دوستی,818,احساس,اسم,7721,entries/0742-0850.md,entry-0818
دوستی,دوستی,880,دوستی 880#,اسم,8357,entries/0851-0969.md,entry-0880
دوستی,دوستی,882,اجتماعی بودن . معاشرت,اسم,8379,entries/0851-0969.md,entry-0882
دوستی,دوستی,887,عشق,اسم,8430,entries/0851-0969.md,entry-0887
دوستی خاله خرسه,دوستی خاله خرسه,880,دوستی 880#,اسم,8357,entries/0851-0969.md,entry-0880
دوستی کردن,دوستی کردن,880,دوستی 880#,فعل,8365,entries/0851-0969.md,entry-0880
دوست‌داشتن,دوست‌داشتن,887,عشق,فعل,8441,entries/0851-0969.md,entry-0887
دوست‌داشتنی,دوست‌داشتنی,291,جاذبه,صفت,2782,entries/0194-0301.md,entry-0291
دوست‌داشتنی,دوست‌داشتنی,612,انگیختن . تحریک,صفت,5741,entries/0544-0650.md,entry-0612
دوست‌داشتنی,دوست‌داشتنی,884,ادب,صفت,8409,entries/0851-0969.md,entry-0884
دوست‌داشتنی,دوست‌داشتنی,887,عشق,صفت,8439,entries/0851-0969.md,entry-0887
دوست‌داشتنی بودن,دوست‌داشتنی بودن,887,عشق,اسم,8431,entries/0851-0969.md,entry-0887
دوست‌نداشتنی,دوست‌نداشتنی,888,نفرت,صفت,8454,entries/0851-0969.md,entry-0888
دوست‌نوازی,دوست‌نوازی,880,دوستی 880#,اسم,8357,entries/0851-0969.md,entry-0880
دوست‌نوازی ◄ دوستی,دوست‌نوازی ◄ دوستی,880,دوستی 880#,اسم,8358,entries/0851-0969.md,entry-0880
دوسره,دوسره,151,تغییر متقابل: تغییر باهم یا دوگانه,صفت,1394,entries/0091-0193.md,entry-0151
دوسره بودن,دوسره بودن,151,تغییر متقابل: تغییر باهم یا دوگانه,اسم,1393,entries/0091-0193.md,entry-0151
دوسوپیوستگی,دوسوپیوستگی,12,همبستگی,اسم,137,entries/0001-0090.md,entry-0012
دوسوپیوستگی,دوسوپیوستگی,86,شمارش,اسم,872,entries/0001-0090.md,entry-0086
دوسوپیوستگی,دوسوپیوستگی,245,تقارن,اسم,2351,entries/0194-0301.md,entry-0245
دوسیه,دوسیه,466,مدرک,اسم,4330,entries/0438-0543.md,entry-0466
دوسیه,دوسیه,548,پیشینه,اسم,5171,entries/0544-0650.md,entry-0548
دوش,دوش,339,آب,اسم,3240,entries/0302-0437.md,entry-0339
دوش,دوش,648,پاکیزگی,اسم,6092,entries/0544-0650.md,entry-0648
دوشس,دوشس,741,رئیس,اسم,7052,entries/0651-0741.md,entry-0741
دوشنبه,دوشنبه,108,زمان 108#,اسم,1016,entries/0091-0193.md,entry-0108
دوشیدن,دوشیدن,369,دامداری,فعل,3509,entries/0302-0437.md,entry-0369
دوشیزه,دوشیزه,132,جوان,اسم,1221,entries/0091-0193.md,entry-0132
دوشیزه,دوشیزه,373,مؤنث,اسم,3542,entries/0302-0437.md,entry-0373
دوشیزه,دوشیزه,870,عنوان 870#,اسم,8274,entries/0851-0969.md,entry-0870
دوشیزه,دوشیزه,895,تجرد,اسم,8518,entries/0851-0969.md,entry-0895
دوشیزه,دوشیزه,950,عفت . پاکدامنی 950#,اسم,8999,entries/0851-0969.md,entry-0950
دوشیزگی,دوشیزگی,895,تجرد,اسم,8516,entries/0851-0969.md,entry-0895
دوضرب,دوضرب,837,سرگرمی,اسم,7945,entries/0742-0850.md,entry-0837
دوطرفه,دوطرفه,12,همبستگی,صفت,138,entries/0001-0090.md,entry-0012
دوطرفه,دوطرفه,90,دوگانگی 90#,صفت,911,entries/0001-0090.md,entry-0090
دوطرفه,دوطرفه,91,دوبرابری,صفت,917,entries/0091-0193.md,entry-0091
دوطرفه,دوطرفه,151,تغییر متقابل: تغییر باهم یا دوگانه,صفت,1394,entries/0091-0193.md,entry-0151
دوطرفه,دوطرفه,182,اثر متقابل,صفت,1717,entries/0091-0193.md,entry-0182
دوطرفه,دوطرفه,281,جهت,صفت,2706,entries/0194-0301.md,entry-0281
دوطرفه,دوطرفه,765,قرارداد,صفت,7252,entries/0742-0850.md,entry-0765
دوغ,دوغ,301,غذا: خوردن و نوشیدن,اسم,2899,entries/0194-0301.md,entry-0301
دوغاب,دوغاب,226,پوشش,اسم,2177,entries/0194-0301.md,entry-0226
دوغاب,دوغاب,427,سفید,اسم,3965,entries/0302-0437.md,entry-0427
دوغاب آهک,دوغاب آهک,226,پوشش,اسم,2177,entries/0194-0301.md,entry-0226
دوغی,دوغی,427,سفید,صفت,3966,entries/0302-0437.md,entry-0427
دوقلو,دوقلو,11,خویشاوندی: بستگی خونی,اسم,128,entries/0001-0090.md,entry-0011
دوقلو,دوقلو,18,تشابه,اسم,183,entries/0001-0090.md,entry-0018
دوقلو,دوقلو,90,دوگانگی 90#,اسم,910,entries/0001-0090.md,entry-0090
دوقلو,دوقلو,91,دوبرابری,صفت,917,entries/0091-0193.md,entry-0091
دولا,دولا,90,دوگانگی 90#,صفت,911,entries/0001-0090.md,entry-0090
دولا,دولا,261,خَم,صفت,2497,entries/0194-0301.md,entry-0261
دولا شدن,دولا شدن,920,احترام 920#,فعل,8741,entries/0851-0969.md,entry-0920
دولا کردن,دولا کردن,261,خَم,فعل,2498,entries/0194-0301.md,entry-0261
دولابه,دولابه,194,ظرف,اسم,1851,entries/0194-0301.md,entry-0194
دولا‌دولا,دولا‌دولا,261,خَم,صفت,2497,entries/0194-0301.md,entry-0261
دولت,دولت,52,کل - بخش اصلی,اسم,525,entries/0001-0090.md,entry-0052
دولت,دولت,615,خِیر . سعادت,اسم,5771,entries/0544-0650.md,entry-0615
دولت,دولت,644,خوبی: صفات خوب انسان,اسم,6051,entries/0544-0650.md,entry-0644
دولت,دولت,730,خوشبختی 730#,اسم,6930,entries/0651-0741.md,entry-0730
دولت,دولت,733,اقتدار 733#,اسم,6960,entries/0651-0741.md,entry-0733
دولت,دولت,800,ثروت 800#,اسم,7563,entries/0742-0850.md,entry-0800
دولت,دولت,868,نجبا,اسم,8249,entries/0851-0969.md,entry-0868
دولت فدرال,دولت فدرال,733,اقتدار 733#,اسم,6963,entries/0651-0741.md,entry-0733
دولت مستقل,دولت مستقل,733,اقتدار 733#,اسم,6965,entries/0651-0741.md,entry-0733
دولت ملی,دولت ملی,733,اقتدار 733#,اسم,6965,entries/0651-0741.md,entry-0733
دولتسرا,دولتسرا,192,منزل: محل سکنا یا زندگی,اسم,1815,entries/0091-0193.md,entry-0192
دولتمرد,دولتمرد,690,مدیر . رهبر 690#,اسم,6532,entries/0651-0741.md,entry-0690
دولتمردان,دولتمردان,690,مدیر . رهبر 690#,اسم,6535,entries/0651-0741.md,entry-0690
دولتمردان,دولتمردان,733,اقتدار 733#,اسم,6960,entries/0651-0741.md,entry-0733
دولتمردان,دولتمردان,741,رئیس,اسم,7055,entries/0651-0741.md,entry-0741
دولتمند,دولتمند,730,خوشبختی 730#,صفت,6932,entries/0651-0741.md,entry-0730
دولتمند,دولتمند,800,ثروت 800#,صفت,7565,entries/0742-0850.md,entry-0800
دولتی,دولتی,539,مدرسه,اسم,5072,entries/0438-0543.md,entry-0539
دولتی,دولتی,733,اقتدار 733#,صفت,6969,entries/0651-0741.md,entry-0733
دولتی,دولتی,774,عدم مالکیت,صفت,7345,entries/0742-0850.md,entry-0774
دولتی,دولتی,775,مالکیت مشاع,صفت,7352,entries/0742-0850.md,entry-0775
دولت‌سرا,دولت‌سرا,192,منزل: محل سکنا یا زندگی,اسم,1820,entries/0091-0193.md,entry-0192
دولو,دولو,90,دوگانگی 90#,اسم,910,entries/0001-0090.md,entry-0090
دولول,دولول,263,باز . گشودگی,صفت,2521,entries/0194-0301.md,entry-0263
دولول,دولول,723,سلاح,اسم,6862,entries/0651-0741.md,entry-0723
دوم,دوم,90,دوگانگی 90#,صفت,911,entries/0001-0090.md,entry-0090
دوما,دوما,692,شورا,اسم,6548,entries/0651-0741.md,entry-0692
دومقابل,دومقابل,91,دوبرابری,صفت,917,entries/0091-0193.md,entry-0091
دوم‌شخص,دوم‌شخص,564,دستور زبان,اسم,5297,entries/0544-0650.md,entry-0564
دون,دون,869,رعایا,اسم,8267,entries/0851-0969.md,entry-0869
دون,دون,930,نادرستی 930#,صفت,8848,entries/0851-0969.md,entry-0930
دون شأن خود دانستن,دون شأن خود دانستن,607,ردّ . عدم انتخاب,فعل,5690,entries/0544-0650.md,entry-0607
دون پایه,دون پایه,869,رعایا,اسم,8267,entries/0851-0969.md,entry-0869
دون پایگی,دون پایگی,872,حقارت . خفت,اسم,8284,entries/0851-0969.md,entry-0872
دونبش,دونبش,631,مواد,صفت,5942,entries/0544-0650.md,entry-0631
دونبش,دونبش,811,گرانی,صفت,7661,entries/0742-0850.md,entry-0811
دونده,دونده,162,قدرت,اسم,1523,entries/0091-0193.md,entry-0162
دونده,دونده,268,جهانگرد,اسم,2588,entries/0194-0301.md,entry-0268
دونده,دونده,312,پرش . جهش,اسم,3002,entries/0302-0437.md,entry-0312
دونده,دونده,837,سرگرمی,اسم,7936,entries/0742-0850.md,entry-0837
دونصف کردن,دونصف کردن,92,یک‌دوم,فعل,926,entries/0091-0193.md,entry-0092
دونیم کردن,دونیم کردن,46,عدم اتحاد . گسیختگی,فعل,476,entries/0001-0090.md,entry-0046
دونیم کردن,دونیم کردن,92,یک‌دوم,فعل,926,entries/0091-0193.md,entry-0092
دون‌همت,دون‌همت,816,خست,صفت,7700,entries/0742-0850.md,entry-0816
دون‌پایه,دون‌پایه,872,حقارت . خفت,صفت,8286,entries/0851-0969.md,entry-0872
دون‌پایگی,دون‌پایگی,35,کهتری,اسم,356,entries/0001-0090.md,entry-0035
دون‌ژوان,دون‌ژوان,952,هرزه,اسم,9017,entries/0851-0969.md,entry-0952
دوهفته یکبار,دوهفته یکبار,141,دوره‌ای بودن: نظم دروقوع و تکرار آن,صفت,1304,entries/0091-0193.md,entry-0141
دووجهی,دووجهی,90,دوگانگی 90#,صفت,911,entries/0001-0090.md,entry-0090
دوومیدانی,دوومیدانی,716,ستیز . مبارزه,اسم,6773,entries/0651-0741.md,entry-0716
دوومیدانی,دوومیدانی,837,سرگرمی,اسم,7925,entries/0742-0850.md,entry-0837
دوّار,دوّار,248,منحنی . ناهموار,صفت,2377,entries/0194-0301.md,entry-0248
دوّار,دوّار,315,چرخش,صفت,3026,entries/0302-0437.md,entry-0315
دوپا,دوپا,91,دوبرابری,صفت,917,entries/0091-0193.md,entry-0091
دوپا,دوپا,365,حیوانات,صفت,3470,entries/0302-0437.md,entry-0365
دوپشته,دوپشته,65,تعاقب [در ترتیب] . توالی,قید,666,entries/0001-0090.md,entry-0065
دوپشته,دوپشته,73,ردیف 73#,صفت,737,entries/0001-0090.md,entry-0073
دوپشته,دوپشته,268,جهانگرد,اسم,2589,entries/0194-0301.md,entry-0268
دوپلکس,دوپلکس,91,دوبرابری,اسم,916,entries/0091-0193.md,entry-0091
دوپلکس,دوپلکس,192,منزل: محل سکنا یا زندگی,اسم,1824,entries/0091-0193.md,entry-0192
دوپهلو,دوپهلو,444,ناپیدایی,صفت,4085,entries/0438-0543.md,entry-0444
دوپهلو,دوپهلو,518,ایهام,صفت,4856,entries/0438-0543.md,entry-0518
دوپهلو,دوپهلو,521,سوءتعبیر,صفت,4883,entries/0438-0543.md,entry-0521
دوپهلو,دوپهلو,566,سَبْک,صفت,5309,entries/0544-0650.md,entry-0566
دوپهلو,دوپهلو,568,عدم صراحت کلام,صفت,5322,entries/0544-0650.md,entry-0568
دوپهلو حرف زدن,دوپهلو حرف زدن,477,سفسطه . تناقض,اسم,4443,entries/0438-0543.md,entry-0477
دوپهلو صحبت کردن,دوپهلو صحبت کردن,152,تغییرپذیری,فعل,1406,entries/0091-0193.md,entry-0152
دوپهلو صحبت کردن,دوپهلو صحبت کردن,474,عدم‌قطعیت . تردید,فعل,4409,entries/0438-0543.md,entry-0474
دوپهلو صحبت کردن,دوپهلو صحبت کردن,518,ایهام,فعل,4857,entries/0438-0543.md,entry-0518
دوپهلو صحبت کردن,دوپهلو صحبت کردن,521,سوءتعبیر,فعل,4884,entries/0438-0543.md,entry-0521
دوپهلو صحبت کردن,دوپهلو صحبت کردن,601,بی‌عزمی,فعل,5630,entries/0544-0650.md,entry-0601
دوپهلو صحبت کردن,دوپهلو صحبت کردن,603,بی ثباتی . بوالهوسی,فعل,5647,entries/0544-0650.md,entry-0603
دوپهلویی,دوپهلویی,518,ایهام,اسم,4855,entries/0438-0543.md,entry-0518
دوپیس,دوپیس,228,پوشاک . پوشیدن,اسم,2198,entries/0194-0301.md,entry-0228
دوپینگ,دوپینگ,162,قدرت,اسم,1524,entries/0091-0193.md,entry-0162
دوپینگ,دوپینگ,658,درمان,اسم,6222,entries/0651-0741.md,entry-0658
دوچرخه,دوچرخه,250,دَوَران: دایره‌ای بودن ساده 250#,اسم,2394,entries/0194-0301.md,entry-0250
دوچرخه,دوچرخه,269,مسافرت دریایی,اسم,2597,entries/0194-0301.md,entry-0269
دوچرخه,دوچرخه,274,وسیلۀ نقلیه,اسم,2639,entries/0194-0301.md,entry-0274
دوچرخه,دوچرخه,630,ابزار 630#,اسم,5928,entries/0544-0650.md,entry-0630
دوچرخه,دوچرخه,837,سرگرمی,اسم,7925,entries/0742-0850.md,entry-0837
دوچرخه رفتن,دوچرخه رفتن,269,مسافرت دریایی,فعل,2600,entries/0194-0301.md,entry-0269
دوچرخه سواری,دوچرخه سواری,837,سرگرمی,اسم,7945,entries/0742-0850.md,entry-0837
دوچندان,دوچندان,91,دوبرابری,صفت,917,entries/0091-0193.md,entry-0091
دوک,دوک,206,باریکی,اسم,1984,entries/0194-0301.md,entry-0206
دوک,دوک,208,رشته . لیف,اسم,2006,entries/0194-0301.md,entry-0208
دوک,دوک,250,دَوَران: دایره‌ای بودن ساده 250#,اسم,2394,entries/0194-0301.md,entry-0250
دوک,دوک,315,چرخش,اسم,3023,entries/0302-0437.md,entry-0315
دوک,دوک,741,رئیس,اسم,7052,entries/0651-0741.md,entry-0741
دوگانه,دوگانه,90,دوگانگی 90#,صفت,911,entries/0001-0090.md,entry-0090
دوگانه,دوگانه,91,دوبرابری,صفت,917,entries/0091-0193.md,entry-0091
دوگانگی,دوگانگی,46,عدم اتحاد . گسیختگی,اسم,464,entries/0001-0090.md,entry-0046
دوگانگی,دوگانگی,90,دوگانگی 90#,اسم,910,entries/0001-0090.md,entry-0090
دوگانگی,دوگانگی,92,یک‌دوم,اسم,923,entries/0091-0193.md,entry-0092
دوگانگی,دوگانگی,894,ازدواج,اسم,8505,entries/0851-0969.md,entry-0894
دوگانگی,دوگانگی,965,ذات خداوندی,اسم,9141,entries/0851-0969.md,entry-0965
دوگانگی فطری,دوگانگی فطری,90,دوگانگی 90#,اسم,910,entries/0001-0090.md,entry-0090
دویدن,دویدن,277,سرعت,فعل,2666,entries/0194-0301.md,entry-0277
دویدن,دویدن,312,پرش . جهش,صفت,3004,entries/0302-0437.md,entry-0312
دویدن,دویدن,678,فعالیت . بیداری,فعل,6432,entries/0651-0741.md,entry-0678
دویست,دویست,85,عدد 85#,اسم,860,entries/0001-0090.md,entry-0085
دویی,دویی,62,تنظیم,اسم,632,entries/0001-0090.md,entry-0062
دَد,دَد,365,حیوانات,اسم,3455,entries/0302-0437.md,entry-0365
دَر,دَر,263,باز . گشودگی,اسم,2511,entries/0194-0301.md,entry-0263
دَر,دَر,264,بسته . انسداد,اسم,2530,entries/0194-0301.md,entry-0264
دَر ◄ پنجره,دَر ◄ پنجره,68,آغاز,اسم,687,entries/0001-0090.md,entry-0068
دَر ◄ پنجره,دَر ◄ پنجره,234,کناره,اسم,2267,entries/0194-0301.md,entry-0234
دَرَک,دَرَک,972,جهنم,اسم,9185,entries/0970-0991.md,entry-0972
دَشت,دَشت,771,اکتساب,اسم,7307,entries/0742-0850.md,entry-0771
دَلمه,دَلمه,324,تراکم . چگالی 324#,اسم,3133,entries/0302-0437.md,entry-0324
دَلمه شدن,دَلمه شدن,354,غلظت . نیمه‌مایع,اسم,3344,entries/0302-0437.md,entry-0354
دَلمه شدن (بستن),دَلمه شدن (بستن),324,تراکم . چگالی 324#,فعل,3136,entries/0302-0437.md,entry-0324
دَم,دَم,137,سرموقع,اسم,1261,entries/0091-0193.md,entry-0137
دَم,دَم,141,دوره‌ای بودن: نظم دروقوع و تکرار آن,اسم,1302,entries/0091-0193.md,entry-0141
دَم,دَم,234,کناره,اسم,2266,entries/0194-0301.md,entry-0234
دَم,دَم,352,باد: جریان هوا,اسم,3330,entries/0302-0437.md,entry-0352
دَوَران,دَوَران,71,تداوم [در ترتیب] . تسلسل,اسم,716,entries/0001-0090.md,entry-0071
دَوَران,دَوَران,141,دوره‌ای بودن: نظم دروقوع و تکرار آن,اسم,1300,entries/0091-0193.md,entry-0141
دَوَران,دَوَران,248,منحنی . ناهموار,اسم,2374,entries/0194-0301.md,entry-0248
دَوَران,دَوَران,250,دَوَران: دایره‌ای بودن ساده 250#,اسم,2391,entries/0194-0301.md,entry-0250
دَوَران,دَوَران,314,حرکت انحنادار,اسم,3016,entries/0302-0437.md,entry-0314
دَوَران,دَوَران,626,دور تمام,اسم,5893,entries/0544-0650.md,entry-0626
دُر,دُر,844,تزیین,اسم,8018,entries/0742-0850.md,entry-0844
دُرد,دُرد,41,باقیمانده,اسم,404,entries/0001-0090.md,entry-0041
دُرد,دُرد,324,تراکم . چگالی 324#,اسم,3133,entries/0302-0437.md,entry-0324
دُرد,دُرد,641,بی‌فایده بودن,اسم,6030,entries/0544-0650.md,entry-0641
دُزد,دُزد,788,دزدی,صفت,7481,entries/0742-0850.md,entry-0788
دُزد (باهویت دستوری اسمی) ◄,دُزد (باهویت دستوری اسمی) ◄,788,دزدی,اسم,7480,entries/0742-0850.md,entry-0788
دُم,دُم,40,متمّم 40#,اسم,399,entries/0001-0090.md,entry-0040
دُم,دُم,217,آویزانی,اسم,2079,entries/0194-0301.md,entry-0217
دُم,دُم,238,عقب,اسم,2298,entries/0194-0301.md,entry-0238
دُنگ,دُنگ,53,جزء,اسم,538,entries/0001-0090.md,entry-0053
دُنگ,دُنگ,102,کسر,اسم,965,entries/0091-0193.md,entry-0102
دُنگی خرج کردن,دُنگی خرج کردن,775,مالکیت مشاع,فعل,7353,entries/0742-0850.md,entry-0775
دُن‌کیشوت,دُن‌کیشوت,504,دیوانه,اسم,4706,entries/0438-0543.md,entry-0504
دُور,دُور,199,دوری,اسم,1923,entries/0194-0301.md,entry-0199
دِبی,دِبی,350,نهر . باران: آب درجریان 350#,اسم,3312,entries/0302-0437.md,entry-0350
دِماغ,دِماغ,213,قلّه . رأس,اسم,2048,entries/0194-0301.md,entry-0213
دِه,دِه,777,دارایی . مِلک 777#,اسم,7368,entries/0742-0850.md,entry-0777
دِیر,دِیر,990,معبد,اسم,9356,entries/0970-0991.md,entry-0990
دِین,دِین,907,حق‌شناسی . شُکر,اسم,8620,entries/0851-0969.md,entry-0907
دِین,دِین,915,وجود حق,اسم,8686,entries/0851-0969.md,entry-0915
دپارتمان,دپارتمان,53,جزء,اسم,540,entries/0001-0090.md,entry-0053
دپارتمان,دپارتمان,77,طبقه‌بندی . تعیین,اسم,773,entries/0001-0090.md,entry-0077
دپارتمان,دپارتمان,687,کارگاه: محل کار,اسم,6510,entries/0651-0741.md,entry-0687
دپو,دپو,632,انبار,اسم,5946,entries/0544-0650.md,entry-0632
دچار,دچار,175,انفعال 175#,اسم,1656,entries/0091-0193.md,entry-0175
دچار,دچار,377,دَرد,صفت,3581,entries/0302-0437.md,entry-0377
دچار,دچار,639,عدم اهمیت,صفت,6014,entries/0544-0650.md,entry-0639
دچار,دچار,651,بیماری . ضعف جسمانی,صفت,6145,entries/0651-0741.md,entry-0651
دچار,دچار,700,دشواری 700#,صفت,6618,entries/0651-0741.md,entry-0700
دچار,دچار,891,رنجش . خشم,صفت,8478,entries/0851-0969.md,entry-0891
دچار اشتباه شدن,دچار اشتباه شدن,495,خطا,فعل,4634,entries/0438-0543.md,entry-0495
دچار بهت و حیرت,دچار بهت و حیرت,517,غیرقابل‌درک بودن,صفت,4849,entries/0438-0543.md,entry-0517
دچار بودن,دچار بودن,651,بیماری . ضعف جسمانی,فعل,6149,entries/0651-0741.md,entry-0651
دچار تهوع شدن,دچار تهوع شدن,651,بیماری . ضعف جسمانی,فعل,6149,entries/0651-0741.md,entry-0651
دچار خطا و اشتباه شدن,دچار خطا و اشتباه شدن,495,خطا,فعل,4634,entries/0438-0543.md,entry-0495
دچار درد شدن,دچار درد شدن,377,دَرد,فعل,3584,entries/0302-0437.md,entry-0377
دچار رنج و سختی,دچار رنج و سختی,377,دَرد,صفت,3581,entries/0302-0437.md,entry-0377
دچار رنج و سختی,دچار رنج و سختی,891,رنجش . خشم,صفت,8478,entries/0851-0969.md,entry-0891
دچار سختی و رنج و عذاب شدن,دچار سختی و رنج و عذاب شدن,825,رنج . غم,فعل,7803,entries/0742-0850.md,entry-0825
دچار سوزش شدن,دچار سوزش شدن,377,دَرد,فعل,3584,entries/0302-0437.md,entry-0377
دچار شدن,دچار شدن,700,دشواری 700#,فعل,6620,entries/0651-0741.md,entry-0700
دچار شک و تردید کردن,دچار شک و تردید کردن,613,بازداشتن,فعل,5758,entries/0544-0650.md,entry-0613
دچار صدمه و گزند شدن,دچار صدمه و گزند شدن,655,زوال . فرسایش,فعل,6189,entries/0651-0741.md,entry-0655
دچار نقص عضو,دچار نقص عضو,163,ضعف,صفت,1542,entries/0091-0193.md,entry-0163
دچار چیزی بودن,دچار چیزی بودن,700,دشواری 700#,فعل,6620,entries/0651-0741.md,entry-0700
دچار کردن,دچار کردن,655,زوال . فرسایش,فعل,6192,entries/0651-0741.md,entry-0655
دچار کردن,دچار کردن,700,دشواری 700#,فعل,6619,entries/0651-0741.md,entry-0700
دچار کردن,دچار کردن,827,دردناکی,فعل,7826,entries/0742-0850.md,entry-0827
دژ,دژ,713,پاتک . دفاع,اسم,6744,entries/0651-0741.md,entry-0713
دژ,دژ,748,زندان,اسم,7125,entries/0742-0850.md,entry-0748
دژاوو,دژاوو,505,حافظه,اسم,4717,entries/0438-0543.md,entry-0505
دژبان,دژبان,305,گذر 305#,اسم,2942,entries/0302-0437.md,entry-0305
دژبان,دژبان,713,پاتک . دفاع,اسم,6746,entries/0651-0741.md,entry-0713
دژبان,دژبان,722,رزمنده,اسم,6838,entries/0651-0741.md,entry-0722
دژبان,دژبان,749,زندانبان,اسم,7129,entries/0742-0850.md,entry-0749
دژخیم,دژخیم,362,کُشتن,اسم,3429,entries/0302-0437.md,entry-0362
دژخیم,دژخیم,904,بدکار,اسم,8592,entries/0851-0969.md,entry-0904
دژخیم,دژخیم,906,بیرحمی,صفت,8613,entries/0851-0969.md,entry-0906
دژخیم,دژخیم,963,مجازات . تنبیه,صفت,9111,entries/0851-0969.md,entry-0963
دژم,دژم,891,رنجش . خشم,صفت,8479,entries/0851-0969.md,entry-0891
دکا,دکا,99,بیش ازپنج,اسم,951,entries/0091-0193.md,entry-0099
دکارت,دکارت,449,اندیشه,اسم,4146,entries/0438-0543.md,entry-0449
دکان,دکان,687,کارگاه: محل کار,اسم,6510,entries/0651-0741.md,entry-0687
دکان,دکان,796,بازار,اسم,7535,entries/0742-0850.md,entry-0796
دکان باز کردن,دکان باز کردن,68,آغاز,فعل,690,entries/0001-0090.md,entry-0068
دکان زدن,دکان زدن,68,آغاز,فعل,691,entries/0001-0090.md,entry-0068
دکان زدن,دکان زدن,791,تجارت . تهاتر,فعل,7501,entries/0742-0850.md,entry-0791
دکاندار,دکاندار,794,تاجر,اسم,7524,entries/0742-0850.md,entry-0794
دکتر,دکتر,492,دانشمند,اسم,4607,entries/0438-0543.md,entry-0492
دکتر,دکتر,696,شخص کارشناس,اسم,6584,entries/0651-0741.md,entry-0696
دکتر,دکتر,870,عنوان 870#,اسم,8273,entries/0851-0969.md,entry-0870
دکتر دامپزشک,دکتر دامپزشک,369,دامداری,اسم,3501,entries/0302-0437.md,entry-0369
دکتر علفی,دکتر علفی,658,درمان,اسم,6231,entries/0651-0741.md,entry-0658
دکترا,دکترا,534,آموزش,اسم,5035,entries/0438-0543.md,entry-0534
دکترین,دکترین,485,باور,اسم,4525,entries/0438-0543.md,entry-0485
دکترینر,دکترینر,473,قطعیت,اسم,4390,entries/0438-0543.md,entry-0473
دکل,دکل,195,درشتی . اندازه,صفت,1884,entries/0194-0301.md,entry-0195
دکل,دکل,209,بلندی (ارتفاع) . بالا . رو,اسم,2016,entries/0194-0301.md,entry-0209
دکل,دکل,215,عمودی,اسم,2061,entries/0194-0301.md,entry-0215
دکل برق,دکل برق,160,توان 160#,اسم,1499,entries/0091-0193.md,entry-0160
دکل بودن,دکل بودن,195,درشتی . اندازه,فعل,1887,entries/0194-0301.md,entry-0195
دکلمه,دکلمه,577,ندا: صدای انسان,اسم,5379,entries/0544-0650.md,entry-0577
دکلمه,دکلمه,579,سخن,اسم,5392,entries/0544-0650.md,entry-0579
دکلوره,دکلوره,843,زیباسازی . آرایش,اسم,8001,entries/0742-0850.md,entry-0843
دکمه,دکمه,47,پیوند: وسیلۀ اتصال,اسم,485,entries/0001-0090.md,entry-0047
دکمه,دکمه,68,آغاز,اسم,685,entries/0001-0090.md,entry-0068
دکمه,دکمه,254,برجستگی,اسم,2435,entries/0194-0301.md,entry-0254
دکمه,دکمه,263,باز . گشودگی,اسم,2517,entries/0194-0301.md,entry-0263
دکمه بستن,دکمه بستن,228,پوشاک . پوشیدن,فعل,2217,entries/0194-0301.md,entry-0228
دکمه فشاری (قابلمه‌ای),دکمه فشاری (قابلمه‌ای),47,پیوند: وسیلۀ اتصال,اسم,485,entries/0001-0090.md,entry-0047
دکمۀ تنظیم,دکمۀ تنظیم,117,زمان‌سنجی,اسم,1090,entries/0091-0193.md,entry-0117
دکمۀ سردست [◄ تزیینات لباس 844],دکمۀ سردست [◄ تزیینات لباس 844],47,پیوند: وسیلۀ اتصال,اسم,485,entries/0001-0090.md,entry-0047
دکمۀ کوک,دکمۀ کوک,117,زمان‌سنجی,اسم,1090,entries/0091-0193.md,entry-0117
دکه,دکه,192,منزل: محل سکنا یا زندگی,اسم,1821,entries/0091-0193.md,entry-0192
دکه,دکه,194,ظرف,اسم,1850,entries/0194-0301.md,entry-0194
دکه,دکه,796,بازار,اسم,7535,entries/0742-0850.md,entry-0796
دکور,دکور,438,دید . بینایی,اسم,4033,entries/0438-0543.md,entry-0438
دکور,دکور,594,تئاتر,اسم,5529,entries/0544-0650.md,entry-0594
دکور شده,دکور شده,844,تزیین,صفت,8023,entries/0742-0850.md,entry-0844
دکور کردن,دکور کردن,844,تزیین,فعل,8025,entries/0742-0850.md,entry-0844
دکوراتور,دکوراتور,594,تئاتر,اسم,5534,entries/0544-0650.md,entry-0594
دکوراتیو,دکوراتیو,553,نقاشی,صفت,5216,entries/0544-0650.md,entry-0553
دکوراتیو,دکوراتیو,844,تزیین,صفت,8022,entries/0742-0850.md,entry-0844
دکوراسیون,دکوراسیون,594,تئاتر,اسم,5529,entries/0544-0650.md,entry-0594
دکوراسیون,دکوراسیون,844,تزیین,اسم,8011,entries/0742-0850.md,entry-0844
دکوراسیون داخلی,دکوراسیون داخلی,844,تزیین,اسم,8012,entries/0742-0850.md,entry-0844
دکوراژه,دکوراژه,613,بازداشتن,صفت,5757,entries/0544-0650.md,entry-0613
دکوراژه,دکوراژه,834,افسردگی . وقار,صفت,7888,entries/0742-0850.md,entry-0834
دکولته,دکولته,228,پوشاک . پوشیدن,صفت,2215,entries/0194-0301.md,entry-0228
دکولته,دکولته,229,برهنگی . کندن لباس,صفت,2225,entries/0194-0301.md,entry-0229
دکۀ مطبوعاتی,دکۀ مطبوعاتی,529,خبر,اسم,4990,entries/0438-0543.md,entry-0529
دگرآزاری,دگرآزاری,84,عدم تطبیق,اسم,846,entries/0001-0090.md,entry-0084
دگرآزاری,دگرآزاری,503,دیوانگی,اسم,4690,entries/0438-0543.md,entry-0503
