term,normalized_term,entry_id,entry_heading,pos_context,docx_paragraph,file,anchor
عائله,عائله,301,غذا: خوردن و نوشیدن,اسم,2878,entries/0194-0301.md,entry-0301
عائله (عایله),عائله (عایله),11,خویشاوندی: بستگی خونی,اسم,129,entries/0001-0090.md,entry-0011
عائله‌مند,عائله‌مند,11,خویشاوندی: بستگی خونی,صفت,131,entries/0001-0090.md,entry-0011
عائله‌مندی,عائله‌مندی,804,پرداخت,اسم,7600,entries/0742-0850.md,entry-0804
عائله‌مندی (عایله‌مندی),عائله‌مندی (عایله‌مندی),11,خویشاوندی: بستگی خونی,اسم,127,entries/0001-0090.md,entry-0011
عابد,عابد,781,دهش,صفت,7410,entries/0742-0850.md,entry-0781
عابد,عابد,920,احترام 920#,صفت,8738,entries/0851-0969.md,entry-0920
عابد,عابد,973,دین . دینداری,صفت,9199,entries/0970-0991.md,entry-0973
عابد,عابد,979,تقوا,اسم,9253,entries/0970-0991.md,entry-0979
عابد,عابد,981,پرستش,اسم,9279,entries/0970-0991.md,entry-0981
عابر,عابر,265,حرکت 265#,صفت,2547,entries/0194-0301.md,entry-0265
عابر,عابر,268,جهانگرد,اسم,2588,entries/0194-0301.md,entry-0268
عابر,عابر,305,گذر 305#,صفت,2946,entries/0302-0437.md,entry-0305
عابر ◄ پیاده,عابر ◄ پیاده,214,تَه . بُن,اسم,2055,entries/0194-0301.md,entry-0214
عابربانک,عابربانک,784,اعطای وام . قرض دادن,اسم,7435,entries/0742-0850.md,entry-0784
عابربانک,عابربانک,798,خزانه‌دار,اسم,7555,entries/0742-0850.md,entry-0798
عاج,عاج,256,تیزی 256#,اسم,2456,entries/0194-0301.md,entry-0256
عاج,عاج,365,حیوانات,اسم,3469,entries/0302-0437.md,entry-0365
عاج,عاج,427,سفید,اسم,3964,entries/0302-0437.md,entry-0427
عاج,عاج,555,کنده‌کاری,اسم,5227,entries/0544-0650.md,entry-0555
عاجز,عاجز,55,ناقص . نقصان (کامل نبودن),صفت,562,entries/0001-0090.md,entry-0055
عاجز,عاجز,161,ناتوانی,صفت,1512,entries/0091-0193.md,entry-0161
عاجز,عاجز,651,بیماری . ضعف جسمانی,صفت,6145,entries/0651-0741.md,entry-0651
عاجز,عاجز,728,شکست: عجز درانجام,صفت,6915,entries/0651-0741.md,entry-0728
عاجز,عاجز,731,فلاکت,صفت,6944,entries/0651-0741.md,entry-0731
عاجز,عاجز,761,خواهش,صفت,7219,entries/0742-0850.md,entry-0761
عاجز,عاجز,763,خواهان,اسم,7234,entries/0742-0850.md,entry-0763
عاجز بودن,عاجز بودن,161,ناتوانی,فعل,1514,entries/0091-0193.md,entry-0161
عاجز شدن,عاجز شدن,728,شکست: عجز درانجام,فعل,6919,entries/0651-0741.md,entry-0728
عاجز ماندن,عاجز ماندن,307,کاستی . نارسایی . کسری (حرکت نیمه‌تمام) 307,فعل,2963,entries/0302-0437.md,entry-0307
عاجزانه,عاجزانه,761,خواهش,صفت,7219,entries/0742-0850.md,entry-0761
عاجل,عاجل,114,زودگذری,صفت,1066,entries/0091-0193.md,entry-0114
عاد,عاد,85,عدد 85#,اسم,861,entries/0001-0090.md,entry-0085
عادات,عادات,6,عارض,اسم,77,entries/0001-0090.md,entry-0006
عادات,عادات,817,خوی 817#,اسم,7716,entries/0742-0850.md,entry-0817
عادت,عادت,5,عرضیت,اسم,67,entries/0001-0090.md,entry-0005
عادت,عادت,6,عارض,اسم,77,entries/0001-0090.md,entry-0006
عادت,عادت,7,حالت: وضعیت مطلق,اسم,84,entries/0001-0090.md,entry-0007
عادت,عادت,60,نظم 60#,اسم,609,entries/0001-0090.md,entry-0060
عادت,عادت,71,تداوم [در ترتیب] . تسلسل,اسم,716,entries/0001-0090.md,entry-0071
عادت,عادت,79,عمومیت,اسم,794,entries/0001-0090.md,entry-0079
عادت,عادت,81,قاعده,اسم,820,entries/0001-0090.md,entry-0081
عادت,عادت,83,تطبیق,اسم,833,entries/0001-0090.md,entry-0083
عادت,عادت,141,دوره‌ای بودن: نظم دروقوع و تکرار آن,اسم,1300,entries/0091-0193.md,entry-0141
عادت,عادت,176,شدت . خشونت,اسم,1664,entries/0091-0193.md,entry-0176
عادت,عادت,189,حضور,اسم,1787,entries/0091-0193.md,entry-0189
عادت,عادت,610,عادت 610#,اسم,5709,entries/0544-0650.md,entry-0610
عادت,عادت,673,استفاده,اسم,6379,entries/0651-0741.md,entry-0673
عادت,عادت,773,مالکیت,اسم,7330,entries/0742-0850.md,entry-0773
عادت,عادت,817,خوی 817#,اسم,7716,entries/0742-0850.md,entry-0817
عادت,عادت,848,مُد,اسم,8050,entries/0742-0850.md,entry-0848
عادت,عادت,865,فقدان تحیر,اسم,8211,entries/0851-0969.md,entry-0865
عادت دادن,عادت دادن,75,تفرق . پراکندگی,اسم,760,entries/0001-0090.md,entry-0075
عادت دادن,عادت دادن,79,عمومیت,اسم,794,entries/0001-0090.md,entry-0079
عادت دادن,عادت دادن,536,یادگیری,اسم,5050,entries/0438-0543.md,entry-0536
عادت دادن,عادت دادن,610,عادت 610#,اسم,5711,entries/0544-0650.md,entry-0610
عادت دادن,عادت دادن,612,انگیختن . تحریک,اسم,5736,entries/0544-0650.md,entry-0612
عادت دادن,عادت دادن,676,عمل,اسم,6406,entries/0651-0741.md,entry-0676
عادت داشتن,عادت داشتن,16,همگنی,فعل,171,entries/0001-0090.md,entry-0016
عادت داشتن,عادت داشتن,79,عمومیت,فعل,798,entries/0001-0090.md,entry-0079
عادت داشتن,عادت داشتن,610,عادت 610#,فعل,5716,entries/0544-0650.md,entry-0610
عادت داشتن,عادت داشتن,848,مُد,فعل,8056,entries/0742-0850.md,entry-0848
عادت نکرده ◄ نامعهود,عادت نکرده ◄ نامعهود,670,فقدان آمادگی 670#,صفت,6352,entries/0651-0741.md,entry-0670
عادت پیدا کردن,عادت پیدا کردن,610,عادت 610#,فعل,5716,entries/0544-0650.md,entry-0610
عادت کردن,عادت کردن,83,تطبیق,فعل,840,entries/0001-0090.md,entry-0083
عادت کردن,عادت کردن,610,عادت 610#,فعل,5717,entries/0544-0650.md,entry-0610
عادت‌کرده,عادت‌کرده,602,سرسختی . یکدندگی,صفت,5636,entries/0544-0650.md,entry-0602
عادت‌کرده,عادت‌کرده,610,عادت 610#,صفت,5714,entries/0544-0650.md,entry-0610
عادت‌کرده,عادت‌کرده,865,فقدان تحیر,صفت,8212,entries/0851-0969.md,entry-0865
عادل,عادل,480,تشخیص . استنتاج 480#,صفت,4477,entries/0438-0543.md,entry-0480
عادل,عادل,606,فقدان انتخاب . بیچارگی,صفت,5678,entries/0544-0650.md,entry-0606
عادل,عادل,860,بی‌تفاوتی 860#,صفت,8171,entries/0851-0969.md,entry-0860
عادل,عادل,913,حق . راستی,صفت,8671,entries/0851-0969.md,entry-0913
عادل,عادل,929,درستی . درستکاری,صفت,8838,entries/0851-0969.md,entry-0929
عادل,عادل,933,پرهیزگاری,صفت,8871,entries/0851-0969.md,entry-0933
عادل,عادل,965,ذات خداوندی,اسم,9138,entries/0851-0969.md,entry-0965
عادل بودن,عادل بودن,606,فقدان انتخاب . بیچارگی,فعل,5681,entries/0544-0650.md,entry-0606
عادل بودن,عادل بودن,913,حق . راستی,فعل,8672,entries/0851-0969.md,entry-0913
عادل بودن,عادل بودن,915,وجود حق,فعل,8692,entries/0851-0969.md,entry-0915
عادل بودن,عادل بودن,929,درستی . درستکاری,فعل,8840,entries/0851-0969.md,entry-0929
عادلانه,عادلانه,913,حق . راستی,قید,8673,entries/0851-0969.md,entry-0913
عادلانه ◄ به‌حق,عادلانه ◄ به‌حق,480,تشخیص . استنتاج 480#,صفت,4477,entries/0438-0543.md,entry-0480
عادی,عادی,5,عرضیت,صفت,69,entries/0001-0090.md,entry-0005
عادی,عادی,16,همگنی,صفت,170,entries/0001-0090.md,entry-0016
عادی,عادی,30,میانگین 30#,صفت,304,entries/0001-0090.md,entry-0030
عادی,عادی,79,عمومیت,صفت,796,entries/0001-0090.md,entry-0079
عادی,عادی,81,قاعده,صفت,822,entries/0001-0090.md,entry-0081
عادی,عادی,83,تطبیق,صفت,837,entries/0001-0090.md,entry-0083
عادی,عادی,110,دوره: زمان معین 110#,صفت,1035,entries/0091-0193.md,entry-0110
عادی,عادی,610,عادت 610#,صفت,5713,entries/0544-0650.md,entry-0610
عادی,عادی,732,میانحالی,صفت,6951,entries/0651-0741.md,entry-0732
عادی,عادی,865,فقدان تحیر,صفت,8213,entries/0851-0969.md,entry-0865
عادی بودن,عادی بودن,732,میانحالی,اسم,6950,entries/0651-0741.md,entry-0732
عار,عار,598,اکراه,اسم,5608,entries/0544-0650.md,entry-0598
عار,عار,874,فروتنی . شرم,اسم,8304,entries/0851-0969.md,entry-0874
عار داشتن,عار داشتن,458,غفلت . بی‌دقتی,فعل,4237,entries/0438-0543.md,entry-0458
عار داشتن,عار داشتن,598,اکراه,فعل,5610,entries/0544-0650.md,entry-0598
عار داشتن,عار داشتن,607,ردّ . عدم انتخاب,فعل,5690,entries/0544-0650.md,entry-0607
عارض,عارض,6,عارض,اسم,77,entries/0001-0090.md,entry-0006
عارض,عارض,89,همراهی,اسم,903,entries/0001-0090.md,entry-0089
عارض,عارض,154,رویداد 154#,اسم,1423,entries/0091-0193.md,entry-0154
عارض,عارض,203,درازی (طول),اسم,1958,entries/0194-0301.md,entry-0203
عارض,عارض,237,جلو,اسم,2291,entries/0194-0301.md,entry-0237
عارض,عارض,763,خواهان,اسم,7233,entries/0742-0850.md,entry-0763
عارض,عارض,928,اتهام,اسم,8827,entries/0851-0969.md,entry-0928
عارض شدن,عارض شدن,959,دادخواهی,فعل,9082,entries/0851-0969.md,entry-0959
عارضه,عارضه,154,رویداد 154#,اسم,1423,entries/0091-0193.md,entry-0154
عارضه,عارضه,319,مادیت 319#,اسم,3068,entries/0302-0437.md,entry-0319
عارضه,عارضه,445,پدیداری . ظاهر,اسم,4091,entries/0438-0543.md,entry-0445
عارضه,عارضه,651,بیماری . ضعف جسمانی,اسم,6126,entries/0651-0741.md,entry-0651
عارضه,عارضه,864,شگفت,اسم,8201,entries/0851-0969.md,entry-0864
عارضی,عارضی,4,بی‌جوهری,صفت,60,entries/0001-0090.md,entry-0004
عارضی,عارضی,6,عارض,صفت,78,entries/0001-0090.md,entry-0006
عارضی,عارضی,59,بیرونی بودن,صفت,598,entries/0001-0090.md,entry-0059
عارضی,عارضی,154,رویداد 154#,صفت,1426,entries/0091-0193.md,entry-0154
عارضی,عارضی,223,بیرون [فضا],صفت,2145,entries/0194-0301.md,entry-0223
عارضی بودن,عارضی بودن,6,عارض,اسم,77,entries/0001-0090.md,entry-0006
عارضی بودن,عارضی بودن,223,بیرون [فضا],فعل,2146,entries/0194-0301.md,entry-0223
عارف,عارف,268,جهانگرد,اسم,2588,entries/0194-0301.md,entry-0268
عارف,عارف,500,دانا 500#,اسم,4671,entries/0438-0543.md,entry-0500
عارف,عارف,975,وحی . پیامبر,اسم,9213,entries/0970-0991.md,entry-0975
عارف,عارف,979,تقوا,اسم,9253,entries/0970-0991.md,entry-0979
عارف,عارف,991,عرفان,اسم,9371,entries/0970-0991.md,entry-0991
عاری,عاری,39,تفریق,صفت,393,entries/0001-0090.md,entry-0039
عاری,عاری,44,سادگی,صفت,434,entries/0001-0090.md,entry-0044
عاری,عاری,190,غیاب 190#,صفت,1802,entries/0091-0193.md,entry-0190
عاری,عاری,229,برهنگی . کندن لباس,صفت,2225,entries/0194-0301.md,entry-0229
عاری,عاری,325,رقت . کمیابی,صفت,3142,entries/0302-0437.md,entry-0325
عاری از,عاری از,39,تفریق,قید,395,entries/0001-0090.md,entry-0039
عاری از,عاری از,190,غیاب 190#,قید,1805,entries/0091-0193.md,entry-0190
عاری ازچیزی کردن,عاری ازچیزی کردن,300,دفع . طرد 300#,فعل,2867,entries/0194-0301.md,entry-0300
عاریت,عاریت,785,استقراض,اسم,7444,entries/0742-0850.md,entry-0785
عاریتی,عاریتی,2,عدم (نیستی),صفت,40,entries/0001-0090.md,entry-0002
عاریتی,عاریتی,114,زودگذری,صفت,1067,entries/0091-0193.md,entry-0114
عاریتی,عاریتی,445,پدیداری . ظاهر,صفت,4097,entries/0438-0543.md,entry-0445
عاریتی,عاریتی,543,غیرحقیقت,صفت,5118,entries/0438-0543.md,entry-0543
عاریتی,عاریتی,785,استقراض,صفت,7445,entries/0742-0850.md,entry-0785
عاریه,عاریه,20,تقلید (نسخه‌برداری) 20#,صفت,204,entries/0001-0090.md,entry-0020
عاریه,عاریه,542,فریب,صفت,5106,entries/0438-0543.md,entry-0542
عاریه,عاریه,784,اعطای وام . قرض دادن,صفت,7437,entries/0742-0850.md,entry-0784
عاریه,عاریه,785,استقراض,صفت,7445,entries/0742-0850.md,entry-0785
عاریه,عاریه,812,ارزانی,اسم,7668,entries/0742-0850.md,entry-0812
عاریه دادن,عاریه دادن,633,تهیه,فعل,5957,entries/0544-0650.md,entry-0633
عاریه گرفتن,عاریه گرفتن,785,استقراض,فعل,7447,entries/0742-0850.md,entry-0785
عازم,عازم,265,حرکت 265#,صفت,2547,entries/0194-0301.md,entry-0265
عازم,عازم,290,دور شدن 290#,صفت,2775,entries/0194-0301.md,entry-0290
عازم,عازم,296,خروج,صفت,2817,entries/0194-0301.md,entry-0296
عازم,عازم,617,قصد,صفت,5799,entries/0544-0650.md,entry-0617
عازم شدن,عازم شدن,46,عدم اتحاد . گسیختگی,فعل,470,entries/0001-0090.md,entry-0046
عازم شدن,عازم شدن,267,مسافرت زمینی,فعل,2577,entries/0194-0301.md,entry-0267
عازم شدن,عازم شدن,296,خروج,فعل,2818,entries/0194-0301.md,entry-0296
عاشق,عاشق,413,موسیقی‌دان,اسم,3842,entries/0302-0437.md,entry-0413
عاشق,عاشق,499,حماقت,صفت,4665,entries/0438-0543.md,entry-0499
عاشق,عاشق,887,عشق,صفت,8437,entries/0851-0969.md,entry-0887
عاشق,عاشق,991,عرفان,اسم,9371,entries/0970-0991.md,entry-0991
عاشق بودن,عاشق بودن,887,عشق,فعل,8442,entries/0851-0969.md,entry-0887
عاشق خود کردن,عاشق خود کردن,887,عشق,فعل,8443,entries/0851-0969.md,entry-0887
عاشق شدن,عاشق شدن,887,عشق,فعل,8442,entries/0851-0969.md,entry-0887
عاشق چیزی بودن,عاشق چیزی بودن,887,عشق,فعل,8441,entries/0851-0969.md,entry-0887
عاشقانه,عاشقانه,887,عشق,صفت,8440,entries/0851-0969.md,entry-0887
عاشقی,عاشقی,887,عشق,اسم,8432,entries/0851-0969.md,entry-0887
عاشق‌پیشه,عاشق‌پیشه,818,احساس,صفت,7725,entries/0742-0850.md,entry-0818
عاشق‌پیشه,عاشق‌پیشه,859,میل,صفت,8159,entries/0851-0969.md,entry-0859
عاشق‌پیشه,عاشق‌پیشه,887,عشق,صفت,8437,entries/0851-0969.md,entry-0887
عاشق‌کش,عاشق‌کش,410,آهنگ . ملودی: صدای هنجار 410#,اسم,3816,entries/0302-0437.md,entry-0410
عاشق‌کش,عاشق‌کش,612,انگیختن . تحریک,صفت,5741,entries/0544-0650.md,entry-0612
عاشورا,عاشورا,99,بیش ازپنج,اسم,951,entries/0091-0193.md,entry-0099
عاشورا,عاشورا,876,نگهداشت,اسم,8324,entries/0851-0969.md,entry-0876
عاشیق,عاشیق,413,موسیقی‌دان,اسم,3842,entries/0302-0437.md,entry-0413
عاصی,عاصی,25,ناسازگاری,اسم,248,entries/0001-0090.md,entry-0025
عاصی,عاصی,84,عدم تطبیق,اسم,847,entries/0001-0090.md,entry-0084
عاصی,عاصی,504,دیوانه,اسم,4706,entries/0438-0543.md,entry-0504
عاصی,عاصی,704,ضدیت . تقابل,اسم,6661,entries/0651-0741.md,entry-0704
عاصی,عاصی,711,اعلان جنگ . چالش,صفت,6721,entries/0651-0741.md,entry-0711
عاصی,عاصی,936,گناهکاری . مجرمیت,صفت,8898,entries/0851-0969.md,entry-0936
عاصی بودن,عاصی بودن,84,عدم تطبیق,فعل,852,entries/0001-0090.md,entry-0084
عاصی شدن,عاصی شدن,84,عدم تطبیق,فعل,852,entries/0001-0090.md,entry-0084
عاطفه,عاطفه,818,احساس,اسم,7721,entries/0742-0850.md,entry-0818
عاطفه,عاطفه,880,دوستی 880#,اسم,8358,entries/0851-0969.md,entry-0880
عاطفه‌آمیز,عاطفه‌آمیز,889,نوازش,صفت,8463,entries/0851-0969.md,entry-0889
عاطفی,عاطفی,374,حواس . حساسیت,صفت,3552,entries/0302-0437.md,entry-0374
عاطفی,عاطفی,818,احساس,صفت,7723,entries/0742-0850.md,entry-0818
عاطفی,عاطفی,880,دوستی 880#,صفت,8362,entries/0851-0969.md,entry-0880
عاطل,عاطل,679,عدم فعالیت . خواب,صفت,6445,entries/0651-0741.md,entry-0679
عاطل‌وباطل,عاطل‌وباطل,645,بدی: صفات بد انسان,صفت,6065,entries/0544-0650.md,entry-0645
عافیت,عافیت,60,نظم 60#,اسم,609,entries/0001-0090.md,entry-0060
عافیت,عافیت,650,تندرستی . سلامت 650#,اسم,6118,entries/0544-0650.md,entry-0650
عافیت,عافیت,660,ایمنی 660#,اسم,6253,entries/0651-0741.md,entry-0660
عافیت,عافیت,717,صلح,اسم,6786,entries/0651-0741.md,entry-0717
عافیت,عافیت,823,تهییج ناپذیری,اسم,7770,entries/0742-0850.md,entry-0823
عافیت‌طلب,عافیت‌طلب,660,ایمنی 660#,صفت,6257,entries/0651-0741.md,entry-0660
عافیت‌طلب,عافیت‌طلب,679,عدم فعالیت . خواب,صفت,6446,entries/0651-0741.md,entry-0679
عافیت‌طلب,عافیت‌طلب,683,استراحت,صفت,6481,entries/0651-0741.md,entry-0683
عافیت‌طلب,عافیت‌طلب,856,بزدلی,صفت,8135,entries/0851-0969.md,entry-0856
عافیت‌طلب,عافیت‌طلب,858,احتیاط,صفت,8148,entries/0851-0969.md,entry-0858
عاق,عاق,738,سرپیچی . عصیان,صفت,7026,entries/0651-0741.md,entry-0738
عاقبت,عاقبت,65,تعاقب [در ترتیب] . توالی,اسم,659,entries/0001-0090.md,entry-0065
عاقبت,عاقبت,67,پیامد,اسم,677,entries/0001-0090.md,entry-0067
عاقبت,عاقبت,69,پایان,اسم,698,entries/0001-0090.md,entry-0069
عاقبت,عاقبت,124,آینده,اسم,1138,entries/0091-0193.md,entry-0124
عاقبت,عاقبت,154,رویداد 154#,قید,1431,entries/0091-0193.md,entry-0154
عاقبت,عاقبت,155,وقایع آتی,اسم,1435,entries/0091-0193.md,entry-0155
عاقبت,عاقبت,157,معلول 157#,اسم,1464,entries/0091-0193.md,entry-0157
عاقبت بد,عاقبت بد,731,فلاکت,اسم,6941,entries/0651-0741.md,entry-0731
عاقبت به‌خیری,عاقبت به‌خیری,971,بهشت,اسم,9180,entries/0970-0991.md,entry-0971
عاقبت نداشتن,عاقبت نداشتن,728,شکست: عجز درانجام,فعل,6920,entries/0651-0741.md,entry-0728
عاقبت‌الامر,عاقبت‌الامر,69,پایان,قید,706,entries/0001-0090.md,entry-0069
عاقبت‌اندیش,عاقبت‌اندیش,510,آینده‌نگری 510#,صفت,4769,entries/0438-0543.md,entry-0510
عاقبت‌اندیش نبودن,عاقبت‌اندیش نبودن,815,ولخرجی,اسم,7691,entries/0742-0850.md,entry-0815
عاقبت‌اندیشی,عاقبت‌اندیشی,510,آینده‌نگری 510#,اسم,4768,entries/0438-0543.md,entry-0510
عاقبت‌اندیشی,عاقبت‌اندیشی,814,صرفه‌جویی,اسم,7685,entries/0742-0850.md,entry-0814
عاقبت‌اندیشی,عاقبت‌اندیشی,858,احتیاط,اسم,8147,entries/0851-0969.md,entry-0858
عاقبت‌به‌خیر,عاقبت‌به‌خیر,730,خوشبختی 730#,صفت,6932,entries/0651-0741.md,entry-0730
عاقبت‌بینی,عاقبت‌بینی,510,آینده‌نگری 510#,اسم,4768,entries/0438-0543.md,entry-0510
عاقبت‌نگری,عاقبت‌نگری,510,آینده‌نگری 510#,اسم,4768,entries/0438-0543.md,entry-0510
عاقد,عاقد,231,میان,اسم,2239,entries/0194-0301.md,entry-0231
عاقد,عاقد,720,میانجی‌گری 720#,اسم,6819,entries/0651-0741.md,entry-0720
عاقد,عاقد,894,ازدواج,اسم,8504,entries/0851-0969.md,entry-0894
عاقل,عاقل,498,هوش . فراست,صفت,4656,entries/0438-0543.md,entry-0498
عاقل,عاقل,502,عقل . سلامت عقل,صفت,4683,entries/0438-0543.md,entry-0502
عاقل بودن,عاقل بودن,498,هوش . فراست,فعل,4658,entries/0438-0543.md,entry-0498
عاقل بودن,عاقل بودن,502,عقل . سلامت عقل,فعل,4684,entries/0438-0543.md,entry-0502
عاقل شدن,عاقل شدن,134,بلوغ,فعل,1236,entries/0091-0193.md,entry-0134
عاقل شدن,عاقل شدن,502,عقل . سلامت عقل,فعل,4685,entries/0438-0543.md,entry-0502
عاقله,عاقله,498,هوش . فراست,صفت,4657,entries/0438-0543.md,entry-0498
عاقله,عاقله,502,عقل . سلامت عقل,صفت,4683,entries/0438-0543.md,entry-0502
عالم,عالم,3,جوهر,اسم,52,entries/0001-0090.md,entry-0003
عالم,عالم,7,حالت: وضعیت مطلق,اسم,84,entries/0001-0090.md,entry-0007
عالم,عالم,133,پیر,اسم,1228,entries/0091-0193.md,entry-0133
عالم,عالم,321,کیهان,اسم,3085,entries/0302-0437.md,entry-0321
عالم,عالم,371,انسان,اسم,3528,entries/0302-0437.md,entry-0371
عالم,عالم,986,روحانیت,اسم,9325,entries/0970-0991.md,entry-0986
عالم دینی,عالم دینی,500,دانا 500#,اسم,4671,entries/0438-0543.md,entry-0500
عالم دینی,عالم دینی,973,دین . دینداری,اسم,9195,entries/0970-0991.md,entry-0973
عالم دینی973,عالم دینی973,975,وحی . پیامبر,اسم,9213,entries/0970-0991.md,entry-0975
عالم سفلی,عالم سفلی,321,کیهان,اسم,3086,entries/0302-0437.md,entry-0321
عالم غیب,عالم غیب,320,معنویت 320#,اسم,3077,entries/0302-0437.md,entry-0320
عالم غیب,عالم غیب,984,حس ششم . عالم غیب,اسم,9309,entries/0970-0991.md,entry-0984
عالم مادی,عالم مادی,319,مادیت 319#,اسم,3066,entries/0302-0437.md,entry-0319
عالم معنی,عالم معنی,320,معنویت 320#,اسم,3077,entries/0302-0437.md,entry-0320
عالمانه,عالمانه,447,شعور 447#,قید,4133,entries/0438-0543.md,entry-0447
عالمانه,عالمانه,490,دانش . دانایی 490#,صفت,4589,entries/0438-0543.md,entry-0490
عالمانه,عالمانه,534,آموزش,صفت,5037,entries/0438-0543.md,entry-0534
عالماً,عالماً,447,شعور 447#,قید,4133,entries/0438-0543.md,entry-0447
عالماً,عالماً,449,اندیشه,قید,4153,entries/0438-0543.md,entry-0449
عالماً,عالماً,490,دانش . دانایی 490#,صفت,4589,entries/0438-0543.md,entry-0490
عالمتاب,عالمتاب,417,روشنی,صفت,3884,entries/0302-0437.md,entry-0417
عالمتاب,عالمتاب,420,روشنایی 420#,صفت,3915,entries/0302-0437.md,entry-0420
عالمگیر,عالمگیر,52,کل - بخش اصلی,صفت,528,entries/0001-0090.md,entry-0052
عالمگیر,عالمگیر,79,عمومیت,صفت,797,entries/0001-0090.md,entry-0079
عالمگیر,عالمگیر,733,اقتدار 733#,صفت,6967,entries/0651-0741.md,entry-0733
عالمیان,عالمیان,371,انسان,اسم,3528,entries/0302-0437.md,entry-0371
عالِم,عالِم,492,دانشمند,اسم,4607,entries/0438-0543.md,entry-0492
عالِم,عالِم,498,هوش . فراست,صفت,4657,entries/0438-0543.md,entry-0498
عالِم,عالِم,500,دانا 500#,اسم,4671,entries/0438-0543.md,entry-0500
عالی,عالی,34,برتری,صفت,347,entries/0001-0090.md,entry-0034
عالی,عالی,140,به‌ندرت (ندرت وقوع) 140#,صفت,1292,entries/0091-0193.md,entry-0140
عالی,عالی,306,زیاده‌روی . فزونی (حرکت فراتر),صفت,2953,entries/0302-0437.md,entry-0306
عالی,عالی,605,انتخاب,صفت,5668,entries/0544-0650.md,entry-0605
عالی,عالی,638,اهمیت,صفت,6002,entries/0544-0650.md,entry-0638
عالی,عالی,644,خوبی: صفات خوب انسان,صفت,6054,entries/0544-0650.md,entry-0644
عالی,عالی,646,کمال,صفت,6075,entries/0544-0650.md,entry-0646
عالی,عالی,826,لذت‌بخشی . لطف,صفت,7810,entries/0742-0850.md,entry-0826
عالی,عالی,841,زیبایی,صفت,7982,entries/0742-0850.md,entry-0841
عالی,عالی,923,تحسین,صفت,8771,entries/0851-0969.md,entry-0923
عالیجناب,عالیجناب,870,عنوان 870#,اسم,8274,entries/0851-0969.md,entry-0870
عالیرتبه,عالیرتبه,34,برتری,صفت,347,entries/0001-0090.md,entry-0034
عالیرتبه,عالیرتبه,209,بلندی (ارتفاع) . بالا . رو,صفت,2019,entries/0194-0301.md,entry-0209
عالیرتبه,عالیرتبه,213,قلّه . رأس,صفت,2049,entries/0194-0301.md,entry-0213
عالیرتبه,عالیرتبه,733,اقتدار 733#,صفت,6968,entries/0651-0741.md,entry-0733
عالیرتبه,عالیرتبه,741,رئیس,صفت,7059,entries/0651-0741.md,entry-0741
عالیرتبه,عالیرتبه,929,درستی . درستکاری,صفت,8838,entries/0851-0969.md,entry-0929
عالیقدر,عالیقدر,887,عشق,صفت,8439,entries/0851-0969.md,entry-0887
عالیه,عالیه,615,خِیر . سعادت,صفت,5774,entries/0544-0650.md,entry-0615
عالیه,عالیه,638,اهمیت,صفت,6002,entries/0544-0650.md,entry-0638
عالیه,عالیه,870,عنوان 870#,اسم,8274,entries/0851-0969.md,entry-0870
عالی‌تبار,عالی‌تبار,866,خوش‌نامی,صفت,8225,entries/0851-0969.md,entry-0866
عالی‌تبار,عالی‌تبار,929,درستی . درستکاری,صفت,8838,entries/0851-0969.md,entry-0929
عالی‌رتبه,عالی‌رتبه,178,تأثیر,صفت,1690,entries/0091-0193.md,entry-0178
عالی‌قدر,عالی‌قدر,733,اقتدار 733#,صفت,6968,entries/0651-0741.md,entry-0733
عالی‌قدر,عالی‌قدر,741,رئیس,صفت,7059,entries/0651-0741.md,entry-0741
عالی‌مرتبه,عالی‌مرتبه,741,رئیس,صفت,7059,entries/0651-0741.md,entry-0741
عالی‌مرتبه,عالی‌مرتبه,929,درستی . درستکاری,صفت,8838,entries/0851-0969.md,entry-0929
عالی‌مقام,عالی‌مقام,733,اقتدار 733#,صفت,6968,entries/0651-0741.md,entry-0733
عالی‌مقام,عالی‌مقام,741,رئیس,صفت,7059,entries/0651-0741.md,entry-0741
عالی‌مقام,عالی‌مقام,866,خوش‌نامی,صفت,8225,entries/0851-0969.md,entry-0866
عالی‌مقام,عالی‌مقام,929,درستی . درستکاری,صفت,8838,entries/0851-0969.md,entry-0929
عام,عام,52,کل - بخش اصلی,اسم,526,entries/0001-0090.md,entry-0052
عام,عام,74,تجمع . گردآوری,صفت,753,entries/0001-0090.md,entry-0074
عام,عام,75,تفرق . پراکندگی,صفت,761,entries/0001-0090.md,entry-0075
عام,عام,77,طبقه‌بندی . تعیین,صفت,776,entries/0001-0090.md,entry-0077
عام,عام,78,شمول . دربر داشتن,صفت,783,entries/0001-0090.md,entry-0078
عام,عام,79,عمومیت,صفت,796,entries/0001-0090.md,entry-0079
عام,عام,110,دوره: زمان معین 110#,اسم,1033,entries/0091-0193.md,entry-0110
عام,عام,490,دانش . دانایی 490#,صفت,4588,entries/0438-0543.md,entry-0490
عام,عام,495,خطا,صفت,4633,entries/0438-0543.md,entry-0495
عام,عام,522,تجلی,صفت,4898,entries/0438-0543.md,entry-0522
عام,عام,610,عادت 610#,صفت,5712,entries/0544-0650.md,entry-0610
عام,عام,673,استفاده,صفت,6381,entries/0651-0741.md,entry-0673
عام,عام,708,گروه اجتماعی,صفت,6695,entries/0651-0741.md,entry-0708
عام,عام,869,رعایا,اسم,8257,entries/0851-0969.md,entry-0869
عام بودن,عام بودن,79,عمومیت,اسم,794,entries/0001-0090.md,entry-0079
عام شدن,عام شدن,79,عمومیت,فعل,798,entries/0001-0090.md,entry-0079
عامداً,عامداً,617,قصد,قید,5803,entries/0544-0650.md,entry-0617
عامل,عامل,35,کهتری,اسم,357,entries/0001-0090.md,entry-0035
عامل,عامل,43,آمیختگی 43#,اسم,418,entries/0001-0090.md,entry-0043
عامل,عامل,58,داخلی بودن . قطعه,اسم,590,entries/0001-0090.md,entry-0058
عامل,عامل,85,عدد 85#,اسم,861,entries/0001-0090.md,entry-0085
عامل,عامل,156,علیت . علت 156#,اسم,1453,entries/0091-0193.md,entry-0156
عامل,عامل,173,عاملیت,اسم,1632,entries/0091-0193.md,entry-0173
عامل,عامل,178,تأثیر,صفت,1691,entries/0091-0193.md,entry-0178
عامل,عامل,193,مظروف,اسم,1842,entries/0091-0193.md,entry-0193
عامل,عامل,556,هنرمند,اسم,5234,entries/0544-0650.md,entry-0556
عامل,عامل,612,انگیختن . تحریک,اسم,5734,entries/0544-0650.md,entry-0612
عامل,عامل,628,وسیله بودن,صفت,5909,entries/0544-0650.md,entry-0628
عامل,عامل,671,مبادرت . اقدام,اسم,6362,entries/0651-0741.md,entry-0671
عامل,عامل,672,مأموریت,اسم,6373,entries/0651-0741.md,entry-0672
عامل,عامل,676,عمل,صفت,6409,entries/0651-0741.md,entry-0676
عامل,عامل,678,فعالیت . بیداری,صفت,6428,entries/0651-0741.md,entry-0678
عامل,عامل,686,عامل,اسم,6503,entries/0651-0741.md,entry-0686
عامل,عامل,687,کارگاه: محل کار,اسم,6510,entries/0651-0741.md,entry-0687
عامل,عامل,690,مدیر . رهبر 690#,اسم,6532,entries/0651-0741.md,entry-0690
عامل,عامل,722,رزمنده,اسم,6837,entries/0651-0741.md,entry-0722
عامل,عامل,751,انتصاب,صفت,7140,entries/0742-0850.md,entry-0751
عامل,عامل,754,مأمور,اسم,7163,entries/0742-0850.md,entry-0754
عامل,عامل,771,اکتساب,صفت,7309,entries/0742-0850.md,entry-0771
عامل,عامل,930,نادرستی 930#,صفت,8849,entries/0851-0969.md,entry-0930
عامل,عامل,973,دین . دینداری,صفت,9199,entries/0970-0991.md,entry-0973
عامل,عامل,979,تقوا,صفت,9254,entries/0970-0991.md,entry-0979
عامل,عامل,981,پرستش,اسم,9279,entries/0970-0991.md,entry-0981
عامل آزمایش,عامل آزمایش,194,ظرف,اسم,1858,entries/0194-0301.md,entry-0194
عامل آزمایش,عامل آزمایش,319,مادیت 319#,اسم,3071,entries/0302-0437.md,entry-0319
عامل آزمایش,عامل آزمایش,461,آزمایش,اسم,4275,entries/0438-0543.md,entry-0461
عامل بالقوه,عامل بالقوه,180,استعداد 180#,اسم,1704,entries/0091-0193.md,entry-0180
عامل مؤثر,عامل مؤثر,178,تأثیر,اسم,1689,entries/0091-0193.md,entry-0178
عامل مرگ‌ومیر,عامل مرگ‌ومیر,2,عدم (نیستی),اسم,38,entries/0001-0090.md,entry-0002
عامل مرگ‌ومیر,عامل مرگ‌ومیر,149,انقلاب: تغییر ناگهانی یا خشونت‌آمیز,اسم,1376,entries/0091-0193.md,entry-0149
عامل مرگ‌ومیر,عامل مرگ‌ومیر,168,مرگ‌ومیر,اسم,1592,entries/0091-0193.md,entry-0168
عامل مرگ‌ومیر,عامل مرگ‌ومیر,361,مرگ,اسم,3413,entries/0302-0437.md,entry-0361
عامل مرگ‌ومیر,عامل مرگ‌ومیر,362,کُشتن,اسم,3427,entries/0302-0437.md,entry-0362
عامل مرگ‌ومیر,عامل مرگ‌ومیر,393,تُرش,اسم,3706,entries/0302-0437.md,entry-0393
عامل مرگ‌ومیر,عامل مرگ‌ومیر,659,مایۀ هلاک . زهر,اسم,6243,entries/0651-0741.md,entry-0659
عامل مرگ‌ومیر,عامل مرگ‌ومیر,663,ورطه . مهلکه: مایۀ خطر,اسم,6286,entries/0651-0741.md,entry-0663
عامل مرگ‌ومیر,عامل مرگ‌ومیر,700,دشواری 700#,اسم,6616,entries/0651-0741.md,entry-0700
عامل مرگ‌ومیر,عامل مرگ‌ومیر,718,جنگ,اسم,6795,entries/0651-0741.md,entry-0718
عاملی,عاملی,672,مأموریت,اسم,6372,entries/0651-0741.md,entry-0672
عاملیت,عاملیت,173,عاملیت,اسم,1632,entries/0091-0193.md,entry-0173
عاملیت,عاملیت,628,وسیله بودن,اسم,5908,entries/0544-0650.md,entry-0628
عاملیت,عاملیت,672,مأموریت,اسم,6372,entries/0651-0741.md,entry-0672
عاملیت,عاملیت,678,فعالیت . بیداری,اسم,6422,entries/0651-0741.md,entry-0678
عاملیت,عاملیت,689,مدیریت,اسم,6523,entries/0651-0741.md,entry-0689
عامه,عامه,52,کل - بخش اصلی,اسم,526,entries/0001-0090.md,entry-0052
عامه,عامه,78,شمول . دربر داشتن,صفت,783,entries/0001-0090.md,entry-0078
عامه,عامه,79,عمومیت,صفت,796,entries/0001-0090.md,entry-0079
عامه,عامه,371,انسان,اسم,3524,entries/0302-0437.md,entry-0371
عامه,عامه,493,جاهل,اسم,4613,entries/0438-0543.md,entry-0493
عامه,عامه,869,رعایا,اسم,8257,entries/0851-0969.md,entry-0869
عامه‌فهم,عامه‌فهم,516,قابل درک,صفت,4837,entries/0438-0543.md,entry-0516
عامه‌فهم,عامه‌فهم,567,صراحت کلام,صفت,5314,entries/0544-0650.md,entry-0567
عامه‌پسند,عامه‌پسند,847,بدسلیقگی,صفت,8044,entries/0742-0850.md,entry-0847
عامه‌پسند,عامه‌پسند,848,مُد,صفت,8054,entries/0742-0850.md,entry-0848
عامۀ مردم,عامۀ مردم,371,انسان,اسم,3528,entries/0302-0437.md,entry-0371
عامۀ مردم,عامۀ مردم,732,میانحالی,اسم,6950,entries/0651-0741.md,entry-0732
عامۀ مردم,عامۀ مردم,869,رعایا,اسم,8260,entries/0851-0969.md,entry-0869
عامی,عامی,30,میانگین 30#,اسم,303,entries/0001-0090.md,entry-0030
عامی,عامی,79,عمومیت,صفت,796,entries/0001-0090.md,entry-0079
عامی,عامی,83,تطبیق,صفت,837,entries/0001-0090.md,entry-0083
عامی,عامی,493,جاهل,اسم,4613,entries/0438-0543.md,entry-0493
عامی,عامی,501,نادان,اسم,4676,entries/0438-0543.md,entry-0501
عامی,عامی,699,خامی (بی‌تزویری),اسم,6603,entries/0651-0741.md,entry-0699
عامی,عامی,732,میانحالی,صفت,6951,entries/0651-0741.md,entry-0732
عامی,عامی,847,بدسلیقگی,صفت,8045,entries/0742-0850.md,entry-0847
عامی,عامی,869,رعایا,اسم,8267,entries/0851-0969.md,entry-0869
عامی,عامی,872,حقارت . خفت,صفت,8286,entries/0851-0969.md,entry-0872
عامی,عامی,934,شرارت,صفت,8878,entries/0851-0969.md,entry-0934
عامیانه,عامیانه,83,تطبیق,صفت,837,entries/0001-0090.md,entry-0083
عامیانه,عامیانه,560,واژه‌سازی 560#,صفت,5269,entries/0544-0650.md,entry-0560
عامیانه,عامیانه,573,سادگی [کلام],صفت,5354,entries/0544-0650.md,entry-0573
عامیانه,عامیانه,847,بدسلیقگی,صفت,8044,entries/0742-0850.md,entry-0847
عاید,عاید,286,پسروی . پسرفت,صفت,2745,entries/0194-0301.md,entry-0286
عاید شدن,عاید شدن,157,معلول 157#,فعل,1468,entries/0091-0193.md,entry-0157
عاید شدن,عاید شدن,771,اکتساب,فعل,7315,entries/0742-0850.md,entry-0771
عاید شدن,عاید شدن,773,مالکیت,فعل,7338,entries/0742-0850.md,entry-0773
عاید کردن,عاید کردن,771,اکتساب,فعل,7314,entries/0742-0850.md,entry-0771
عایدات,عایدات,807,دخل,اسم,7625,entries/0742-0850.md,entry-0807
عایدی,عایدی,157,معلول 157#,اسم,1464,entries/0091-0193.md,entry-0157
عایدی,عایدی,771,اکتساب,اسم,7307,entries/0742-0850.md,entry-0771
عایدی,عایدی,807,دخل,اسم,7625,entries/0742-0850.md,entry-0807
عایدی داشتن,عایدی داشتن,771,اکتساب,فعل,7312,entries/0742-0850.md,entry-0771
عایق,عایق,227,آستر . تویی,اسم,2188,entries/0194-0301.md,entry-0227
عایق,عایق,231,میان,اسم,2240,entries/0194-0301.md,entry-0231
عایق,عایق,702,منع . ممانعت,اسم,6638,entries/0651-0741.md,entry-0702
عایق کردن,عایق کردن,227,آستر . تویی,فعل,2190,entries/0194-0301.md,entry-0227
عایق‌بندی,عایق‌بندی,226,پوشش,اسم,2168,entries/0194-0301.md,entry-0226
عایق‌کاری,عایق‌کاری,226,پوشش,اسم,2168,entries/0194-0301.md,entry-0226
عبا,عبا,228,پوشاک . پوشیدن,اسم,2197,entries/0194-0301.md,entry-0228
عبا,عبا,989,لباس روحانی,اسم,9349,entries/0970-0991.md,entry-0989
عبادات,عبادات,981,پرستش,اسم,9274,entries/0970-0991.md,entry-0981
عبادات جمعی,عبادات جمعی,981,پرستش,اسم,9278,entries/0970-0991.md,entry-0981
عبادت,عبادت,768,رعایت,اسم,7272,entries/0742-0850.md,entry-0768
عبادت,عبادت,981,پرستش,اسم,9273,entries/0970-0991.md,entry-0981
عبادت کردن,عبادت کردن,768,رعایت,فعل,7276,entries/0742-0850.md,entry-0768
عبادت کردن,عبادت کردن,981,پرستش,فعل,9283,entries/0970-0991.md,entry-0981
عبادتخانه,عبادتخانه,990,معبد,اسم,9354,entries/0970-0991.md,entry-0990
عبادتگاه,عبادتگاه,990,معبد,اسم,9354,entries/0970-0991.md,entry-0990
عبادت‌پیشه,عبادت‌پیشه,981,پرستش,اسم,9279,entries/0970-0991.md,entry-0981
عبادت‌کننده,عبادت‌کننده,981,پرستش,اسم,9279,entries/0970-0991.md,entry-0981
عبادی,عبادی,973,دین . دینداری,صفت,9200,entries/0970-0991.md,entry-0973
عبادی,عبادی,981,پرستش,صفت,9281,entries/0970-0991.md,entry-0981
عبادی,عبادی,988,مراسم مذهبی,صفت,9342,entries/0970-0991.md,entry-0988
عبادی‌سیاسی,عبادی‌سیاسی,988,مراسم مذهبی,صفت,9342,entries/0970-0991.md,entry-0988
عبارت,عبارت,559,کلمه,اسم,5258,entries/0544-0650.md,entry-0559
عبارت,عبارت,563,جمله,اسم,5290,entries/0544-0650.md,entry-0563
عبارت,عبارت,579,سخن,اسم,5391,entries/0544-0650.md,entry-0579
عبارت‌پردازی,عبارت‌پردازی,570,طول‌وتفصیل 570#,اسم,5333,entries/0544-0650.md,entry-0570
عبارت‌پردازی,عبارت‌پردازی,574,آراستن به‌صنایع بدیعی,اسم,5359,entries/0544-0650.md,entry-0574
عباسی,عباسی,797,پول,اسم,7543,entries/0742-0850.md,entry-0797
عبث,عبث,2,عدم (نیستی),اسم,37,entries/0001-0090.md,entry-0002
عبث,عبث,4,بی‌جوهری,صفت,60,entries/0001-0090.md,entry-0004
عبث,عبث,103,صفر,صفت,970,entries/0091-0193.md,entry-0103
عبث,عبث,479,ابطال . بطلان,صفت,4463,entries/0438-0543.md,entry-0479
عبث,عبث,497,امر محال,اسم,4647,entries/0438-0543.md,entry-0497
عبث,عبث,641,بی‌فایده بودن,صفت,6031,entries/0544-0650.md,entry-0641
عبث بودن,عبث بودن,497,امر محال,اسم,4647,entries/0438-0543.md,entry-0497
عبث دانستن,عبث دانستن,2,عدم (نیستی),فعل,46,entries/0001-0090.md,entry-0002
عبد,عبد,371,انسان,اسم,3524,entries/0302-0437.md,entry-0371
عبد,عبد,739,اطاعت . وفاداری,صفت,7035,entries/0651-0741.md,entry-0739
عبد,عبد,742,خادم,اسم,7069,entries/0742-0850.md,entry-0742
عبد,عبد,870,عنوان 870#,اسم,8274,entries/0851-0969.md,entry-0870
عبر,عبر,691,مشورت,اسم,6539,entries/0651-0741.md,entry-0691
عبرانی,عبرانی,191,مقیم,اسم,1810,entries/0091-0193.md,entry-0191
عبرانی,عبرانی,557,زبان,اسم,5243,entries/0544-0650.md,entry-0557
عبرت,عبرت,83,تطبیق,اسم,834,entries/0001-0090.md,entry-0083
عبرت,عبرت,664,اخطار,اسم,6291,entries/0651-0741.md,entry-0664
عبرت گرفتن,عبرت گرفتن,664,اخطار,اسم,6291,entries/0651-0741.md,entry-0664
عبرت‌آموز,عبرت‌آموز,524,اطلاع . آگاهی,صفت,4925,entries/0438-0543.md,entry-0524
عبرت‌آموز,عبرت‌آموز,664,اخطار,صفت,6293,entries/0651-0741.md,entry-0664
عبرت‌آمیز,عبرت‌آمیز,524,اطلاع . آگاهی,صفت,4925,entries/0438-0543.md,entry-0524
عبرت‌آمیز,عبرت‌آمیز,664,اخطار,صفت,6293,entries/0651-0741.md,entry-0664
عبرت‌انگیز,عبرت‌انگیز,524,اطلاع . آگاهی,صفت,4925,entries/0438-0543.md,entry-0524
عبرت‌انگیز,عبرت‌انگیز,664,اخطار,صفت,6293,entries/0651-0741.md,entry-0664
عبرت‌بین,عبرت‌بین,664,اخطار,صفت,6294,entries/0651-0741.md,entry-0664
عبری,عبری,557,زبان,اسم,5243,entries/0544-0650.md,entry-0557
عبودیت,عبودیت,739,اطاعت . وفاداری,اسم,7033,entries/0651-0741.md,entry-0739
عبودیت,عبودیت,897,نیکخواهی,اسم,8530,entries/0851-0969.md,entry-0897
عبودیت,عبودیت,981,پرستش,اسم,9273,entries/0970-0991.md,entry-0981
عبور,عبور,147,تبدیل: تغییر یافتن به‌چیزی دیگر,اسم,1360,entries/0091-0193.md,entry-0147
عبور,عبور,267,مسافرت زمینی,اسم,2569,entries/0194-0301.md,entry-0267
عبور,عبور,305,گذر 305#,اسم,2942,entries/0302-0437.md,entry-0305
عبور,عبور,321,کیهان,اسم,3088,entries/0302-0437.md,entry-0321
عبور دادن,عبور دادن,303,فروکنش,فعل,2926,entries/0302-0437.md,entry-0303
عبور نصف‌النهاری,عبور نصف‌النهاری,147,تبدیل: تغییر یافتن به‌چیزی دیگر,اسم,1360,entries/0091-0193.md,entry-0147
عبور و مرور,عبور و مرور,272,حمل . ترابری,اسم,2617,entries/0194-0301.md,entry-0272
عبور کردن,عبور کردن,305,گذر 305#,فعل,2947,entries/0302-0437.md,entry-0305
عبورممنوع,عبورممنوع,192,منزل: محل سکنا یا زندگی,اسم,1823,entries/0091-0193.md,entry-0192
عبورممنوع,عبورممنوع,547,دلالت,اسم,5152,entries/0544-0650.md,entry-0547
عبورممنوع,عبورممنوع,665,علامت خطر,اسم,6300,entries/0651-0741.md,entry-0665
عبورومرور,عبورومرور,188,نقل مکان . انتقال,اسم,1778,entries/0091-0193.md,entry-0188
عبورومرور,عبورومرور,305,گذر 305#,اسم,2944,entries/0302-0437.md,entry-0305
عبوری,عبوری,114,زودگذری,صفت,1066,entries/0091-0193.md,entry-0114
عبوری,عبوری,305,گذر 305#,صفت,2946,entries/0302-0437.md,entry-0305
عبوس,عبوس,602,سرسختی . یکدندگی,صفت,5636,entries/0544-0650.md,entry-0602
عبوس,عبوس,842,زشتی,صفت,7994,entries/0742-0850.md,entry-0842
عبوس,عبوس,893,ترشرویی,صفت,8497,entries/0851-0969.md,entry-0893
عبوس [ترشرو 893],عبوس [ترشرو 893],883,اجتماعی نبودن,صفت,8396,entries/0851-0969.md,entry-0883
عبوسی,عبوسی,827,دردناکی,اسم,7816,entries/0742-0850.md,entry-0827
عبید,عبید,739,اطاعت . وفاداری,صفت,7035,entries/0651-0741.md,entry-0739
عبید,عبید,742,خادم,اسم,7069,entries/0742-0850.md,entry-0742
عتاب,عتاب,891,رنجش . خشم,اسم,8477,entries/0851-0969.md,entry-0891
عتاب,عتاب,924,سرزنش . تقبیح,اسم,8782,entries/0851-0969.md,entry-0924
عتاب کردن,عتاب کردن,613,بازداشتن,فعل,5758,entries/0544-0650.md,entry-0613
عتاب‌آمیز,عتاب‌آمیز,891,رنجش . خشم,صفت,8481,entries/0851-0969.md,entry-0891
عتاب‌آمیز,عتاب‌آمیز,924,سرزنش . تقبیح,صفت,8785,entries/0851-0969.md,entry-0924
عتبات,عتبات,990,معبد,اسم,9354,entries/0970-0991.md,entry-0990
عترت,عترت,11,خویشاوندی: بستگی خونی,اسم,128,entries/0001-0090.md,entry-0011
عتق,عتق,744,آزادی,اسم,7081,entries/0742-0850.md,entry-0744
عتق,عتق,746,آزادسازی,اسم,7103,entries/0742-0850.md,entry-0746
عتیقه,عتیقه,127,کهنگی,صفت,1176,entries/0091-0193.md,entry-0127
عتیقه‌جات ◄ چیز کُهنه,عتیقه‌جات ◄ چیز کُهنه,790,غنایم 790#,اسم,7494,entries/0742-0850.md,entry-0790
عتیقه‌فروش,عتیقه‌فروش,794,تاجر,اسم,7524,entries/0742-0850.md,entry-0794
عتیقه‌فروشی,عتیقه‌فروشی,796,بازار,اسم,7535,entries/0742-0850.md,entry-0796
عثمانیان,عثمانیان,11,خویشاوندی: بستگی خونی,اسم,130,entries/0001-0090.md,entry-0011
عجالتاً,عجالتاً,112,فعلاً: زمان مشروط,قید,1050,entries/0091-0193.md,entry-0112
عجایب,عجایب,644,خوبی: صفات خوب انسان,اسم,6052,entries/0544-0650.md,entry-0644
عجایب,عجایب,864,شگفت,اسم,8201,entries/0851-0969.md,entry-0864
عجایب هفتگانه,عجایب هفتگانه,99,بیش ازپنج,اسم,951,entries/0091-0193.md,entry-0099
عجایب هفتگانه,عجایب هفتگانه,164,تولید . آفرینش,اسم,1551,entries/0091-0193.md,entry-0164
عجایب هفتگانه,عجایب هفتگانه,864,شگفت,اسم,8201,entries/0851-0969.md,entry-0864
عجب,عجب,864,شگفت,صفت,8203,entries/0851-0969.md,entry-0864
عجب,عجب,873,تکبر,اسم,8294,entries/0851-0969.md,entry-0873
عجب,عجب,932,خودخواهی,اسم,8863,entries/0851-0969.md,entry-0932
عجب آمدن,عجب آمدن,864,شگفت,فعل,8204,entries/0851-0969.md,entry-0864
عجب!,عجب!,864,شگفت,شبه جمله,8207,entries/0851-0969.md,entry-0864
عجبا,عجبا,864,شگفت,شبه جمله,8207,entries/0851-0969.md,entry-0864
عجز,عجز,25,ناسازگاری,اسم,247,entries/0001-0090.md,entry-0025
عجز,عجز,161,ناتوانی,اسم,1510,entries/0091-0193.md,entry-0161
عجز,عجز,695,عدم مهارت . ناشیگری,اسم,6572,entries/0651-0741.md,entry-0695
عجز,عجز,728,شکست: عجز درانجام,اسم,6912,entries/0651-0741.md,entry-0728
عجز درانجام,عجز درانجام,458,غفلت . بی‌دقتی,اسم,4232,entries/0438-0543.md,entry-0458
عجزولابه کردن,عجزولابه کردن,761,خواهش,فعل,7222,entries/0742-0850.md,entry-0761
عجله,عجله,135,تعجیل,اسم,1240,entries/0091-0193.md,entry-0135
عجله,عجله,277,سرعت,اسم,2663,entries/0194-0301.md,entry-0277
عجله,عجله,318,تلاطم: حرکت نامنظم,اسم,3046,entries/0302-0437.md,entry-0318
عجله,عجله,481,عدم تشخیص . تعصب,اسم,4486,entries/0438-0543.md,entry-0481
عجله,عجله,670,فقدان آمادگی 670#,اسم,6350,entries/0651-0741.md,entry-0670
عجله,عجله,680,عجله 680#,اسم,6455,entries/0651-0741.md,entry-0680
عجله,عجله,822,تحریک پذیری,قید,7762,entries/0742-0850.md,entry-0822
عجله,عجله,857,بی‌پروایی,اسم,8140,entries/0851-0969.md,entry-0857
عجله کردن,عجله کردن,318,تلاطم: حرکت نامنظم,فعل,3052,entries/0302-0437.md,entry-0318
عجله کردن,عجله کردن,670,فقدان آمادگی 670#,فعل,6354,entries/0651-0741.md,entry-0670
عجله کردن,عجله کردن,678,فعالیت . بیداری,فعل,6432,entries/0651-0741.md,entry-0678
عجله کردن,عجله کردن,680,عجله 680#,فعل,6457,entries/0651-0741.md,entry-0680
عجله کردن,عجله کردن,857,بی‌پروایی,فعل,8143,entries/0851-0969.md,entry-0857
عجله‌کردن,عجله‌کردن,135,تعجیل,فعل,1244,entries/0091-0193.md,entry-0135
عجم,عجم,59,بیرونی بودن,اسم,596,entries/0001-0090.md,entry-0059
عجم,عجم,974,لامذهبی,صفت,9207,entries/0970-0991.md,entry-0974
عجوزه,عجوزه,133,پیر,اسم,1229,entries/0091-0193.md,entry-0133
عجوزه,عجوزه,983,جادوگری,اسم,9300,entries/0970-0991.md,entry-0983
عجول,عجول,135,تعجیل,صفت,1243,entries/0091-0193.md,entry-0135
عجول,عجول,318,تلاطم: حرکت نامنظم,صفت,3049,entries/0302-0437.md,entry-0318
عجول,عجول,499,حماقت,صفت,4666,entries/0438-0543.md,entry-0499
عجول,عجول,670,فقدان آمادگی 670#,صفت,6352,entries/0651-0741.md,entry-0670
عجول,عجول,680,عجله 680#,صفت,6456,entries/0651-0741.md,entry-0680
عجول,عجول,857,بی‌پروایی,صفت,8142,entries/0851-0969.md,entry-0857
عجول بودن,عجول بودن,857,بی‌پروایی,فعل,8143,entries/0851-0969.md,entry-0857
عجولانه,عجولانه,458,غفلت . بی‌دقتی,قید,4241,entries/0438-0543.md,entry-0458
عجولانه,عجولانه,670,فقدان آمادگی 670#,قید,6356,entries/0651-0741.md,entry-0670
عجولانه,عجولانه,680,عجله 680#,صفت,6456,entries/0651-0741.md,entry-0680
عجیب,عجیب,84,عدم تطبیق,صفت,850,entries/0001-0090.md,entry-0084
عجیب,عجیب,140,به‌ندرت (ندرت وقوع) 140#,صفت,1292,entries/0091-0193.md,entry-0140
عجیب,عجیب,508,عدم انتظار,صفت,4752,entries/0438-0543.md,entry-0508
عجیب,عجیب,517,غیرقابل‌درک بودن,صفت,4848,entries/0438-0543.md,entry-0517
عجیب,عجیب,849,مسخرگی,صفت,8061,entries/0742-0850.md,entry-0849
عجیب,عجیب,864,شگفت,صفت,8203,entries/0851-0969.md,entry-0864
عجیب بودن,عجیب بودن,864,شگفت,فعل,8205,entries/0851-0969.md,entry-0864
عجیب بودن,عجیب بودن,920,احترام 920#,فعل,8742,entries/0851-0969.md,entry-0920
عجیب نیست!,عجیب نیست!,865,فقدان تحیر,شبه جمله,8215,entries/0851-0969.md,entry-0865
عجیب و غریب,عجیب و غریب,84,عدم تطبیق,صفت,851,entries/0001-0090.md,entry-0084
عجیب‌الخلقه,عجیب‌الخلقه,84,عدم تطبیق,صفت,851,entries/0001-0090.md,entry-0084
عجین,عجین,43,آمیختگی 43#,صفت,420,entries/0001-0090.md,entry-0043
عجین‌کردن,عجین‌کردن,369,دامداری,اسم,3501,entries/0302-0437.md,entry-0369
عدالت,عدالت,913,حق . راستی,اسم,8669,entries/0851-0969.md,entry-0913
عدالت ◄ عدل,عدالت ◄ عدل,744,آزادی,اسم,7081,entries/0742-0850.md,entry-0744
عدالت‌خواه,عدالت‌خواه,913,حق . راستی,صفت,8671,entries/0851-0969.md,entry-0913
عدالت‌خواهی,عدالت‌خواهی,744,آزادی,اسم,7081,entries/0742-0850.md,entry-0744
عدالت‌پرور,عدالت‌پرور,913,حق . راستی,صفت,8671,entries/0851-0969.md,entry-0913
عدالت‌گستر,عدالت‌گستر,913,حق . راستی,صفت,8671,entries/0851-0969.md,entry-0913
عداوت,عداوت,881,دشمنی,اسم,8370,entries/0851-0969.md,entry-0881
عداوت‌آمیز,عداوت‌آمیز,731,فلاکت,صفت,6943,entries/0651-0741.md,entry-0731
عدد,عدد,85,عدد 85#,اسم,860,entries/0001-0090.md,entry-0085
عدد,عدد,86,شمارش,اسم,869,entries/0001-0090.md,entry-0086
عدد,عدد,316,تکامل,اسم,3033,entries/0302-0437.md,entry-0316
عدد,عدد,465,اندازه‌گیری . سنجش,اسم,4307,entries/0438-0543.md,entry-0465
عدد e,عدد e,85,عدد 85#,اسم,861,entries/0001-0090.md,entry-0085
عدد اتمی,عدد اتمی,319,مادیت 319#,اسم,3071,entries/0302-0437.md,entry-0319
عدد اول,عدد اول,85,عدد 85#,اسم,860,entries/0001-0090.md,entry-0085
عدد بی‌اندازه بزرگ,عدد بی‌اندازه بزرگ,107,بی‌نهایت 107#,اسم,1004,entries/0091-0193.md,entry-0107
عدد بی‌نهایت,عدد بی‌نهایت,107,بی‌نهایت 107#,اسم,1004,entries/0091-0193.md,entry-0107
عدد ثابت,عدد ثابت,13,یکسانی . همانی,اسم,143,entries/0001-0090.md,entry-0013
عدد ثابت,عدد ثابت,85,عدد 85#,اسم,861,entries/0001-0090.md,entry-0085
عدد جرمی,عدد جرمی,319,مادیت 319#,اسم,3071,entries/0302-0437.md,entry-0319
عدد حسابی,عدد حسابی,85,عدد 85#,اسم,860,entries/0001-0090.md,entry-0085
عدد رومی,عدد رومی,85,عدد 85#,اسم,860,entries/0001-0090.md,entry-0085
عدد زوج,عدد زوج,85,عدد 85#,اسم,860,entries/0001-0090.md,entry-0085
عدد صحیح,عدد صحیح,85,عدد 85#,اسم,860,entries/0001-0090.md,entry-0085
عدد صحیح,عدد صحیح,88,وحدت,اسم,892,entries/0001-0090.md,entry-0088
عدد طبیعی,عدد طبیعی,85,عدد 85#,اسم,860,entries/0001-0090.md,entry-0085
عدد عربی,عدد عربی,85,عدد 85#,اسم,860,entries/0001-0090.md,entry-0085
عدد فرد,عدد فرد,85,عدد 85#,اسم,860,entries/0001-0090.md,entry-0085
عدد مخلوط,عدد مخلوط,85,عدد 85#,اسم,861,entries/0001-0090.md,entry-0085
عدد پی,عدد پی,85,عدد 85#,اسم,862,entries/0001-0090.md,entry-0085
عدد گویا,عدد گویا,85,عدد 85#,اسم,861,entries/0001-0090.md,entry-0085
عدد گویا (حقیقی,عدد گویا (حقیقی,85,عدد 85#,اسم,860,entries/0001-0090.md,entry-0085
عددثابت,عددثابت,465,اندازه‌گیری . سنجش,اسم,4307,entries/0438-0543.md,entry-0465
عددنویسی,عددنویسی,85,عدد 85#,اسم,860,entries/0001-0090.md,entry-0085
عددنویسی,عددنویسی,558,حرف,اسم,5250,entries/0544-0650.md,entry-0558
عددوار,عددوار,46,عدم اتحاد . گسیختگی,صفت,465,entries/0001-0090.md,entry-0046
عددوار,عددوار,85,عدد 85#,صفت,865,entries/0001-0090.md,entry-0085
عددی,عددی,85,عدد 85#,صفت,865,entries/0001-0090.md,entry-0085
عددی بودن,عددی بودن,638,اهمیت,فعل,6004,entries/0544-0650.md,entry-0638
عدس,عدس,301,غذا: خوردن و نوشیدن,اسم,2898,entries/0194-0301.md,entry-0301
عدس پلو,عدس پلو,301,غذا: خوردن و نوشیدن,اسم,2886,entries/0194-0301.md,entry-0301
عدسی,عدسی,76,کانون: محل تلاقی یا تجمع,اسم,767,entries/0001-0090.md,entry-0076
عدسی,عدسی,301,غذا: خوردن و نوشیدن,اسم,2887,entries/0194-0301.md,entry-0301
عدسی,عدسی,422,شفاف,اسم,3929,entries/0302-0437.md,entry-0422
عدسی,عدسی,438,دید . بینایی,اسم,4030,entries/0438-0543.md,entry-0438
عدسی,عدسی,442,دستگاه نوری,اسم,4066,entries/0438-0543.md,entry-0442
عدسی,عدسی,551,تجسم,اسم,5199,entries/0544-0650.md,entry-0551
عدسی تله‌فتو,عدسی تله‌فتو,442,دستگاه نوری,اسم,4071,entries/0438-0543.md,entry-0442
عدسی شیئی,عدسی شیئی,442,دستگاه نوری,اسم,4069,entries/0438-0543.md,entry-0442
عدسی مرکب,عدسی مرکب,442,دستگاه نوری,اسم,4072,entries/0438-0543.md,entry-0442
عدسی همگرا,عدسی همگرا,442,دستگاه نوری,اسم,4068,entries/0438-0543.md,entry-0442
عدسی چشمی,عدسی چشمی,442,دستگاه نوری,اسم,4069,entries/0438-0543.md,entry-0442
عدل,عدل,28,برابری: یکسانی مقدار یا درجه,اسم,279,entries/0001-0090.md,entry-0028
عدل,عدل,74,تجمع . گردآوری,اسم,749,entries/0001-0090.md,entry-0074
عدل,عدل,480,تشخیص . استنتاج 480#,اسم,4474,entries/0438-0543.md,entry-0480
عدل,عدل,606,فقدان انتخاب . بیچارگی,اسم,5676,entries/0544-0650.md,entry-0606
عدل,عدل,860,بی‌تفاوتی 860#,اسم,8170,entries/0851-0969.md,entry-0860
عدل,عدل,913,حق . راستی,اسم,8669,entries/0851-0969.md,entry-0913
عدل,عدل,929,درستی . درستکاری,اسم,8836,entries/0851-0969.md,entry-0929
عدل,عدل,931,بی‌غرضی . ایثار,اسم,8856,entries/0851-0969.md,entry-0931
عدل,عدل,933,پرهیزگاری,اسم,8869,entries/0851-0969.md,entry-0933
عدل,عدل,973,دین . دینداری,اسم,9198,entries/0970-0991.md,entry-0973
عدل سلیمان,عدل سلیمان,480,تشخیص . استنتاج 480#,اسم,4474,entries/0438-0543.md,entry-0480
عدل‌گستر,عدل‌گستر,913,حق . راستی,صفت,8671,entries/0851-0969.md,entry-0913
عدم,عدم,2,عدم (نیستی),اسم,37,entries/0001-0090.md,entry-0002
عدم,عدم,4,بی‌جوهری,اسم,58,entries/0001-0090.md,entry-0004
عدم,عدم,165,تخریب,اسم,1560,entries/0091-0193.md,entry-0165
عدم,عدم,190,غیاب 190#,اسم,1798,entries/0091-0193.md,entry-0190
عدم,عدم,316,تکامل,اسم,3033,entries/0302-0437.md,entry-0316
عدم,عدم,361,مرگ,اسم,3413,entries/0302-0437.md,entry-0361
عدم,عدم,444,ناپیدایی,اسم,4083,entries/0438-0543.md,entry-0444
عدم,عدم,495,خطا,اسم,4628,entries/0438-0543.md,entry-0495
عدم,عدم,655,زوال . فرسایش,اسم,6182,entries/0651-0741.md,entry-0655
عدم,عدم,991,عرفان,اسم,9366,entries/0970-0991.md,entry-0991
عدم اتحاد,عدم اتحاد,10,فقدان ارتباط . بی ربطی 10#,اسم,119,entries/0001-0090.md,entry-0010
عدم اتحاد,عدم اتحاد,49,عدم انسجام,اسم,501,entries/0001-0090.md,entry-0049
عدم اتحاد,عدم اتحاد,51,تجزیه,اسم,516,entries/0001-0090.md,entry-0051
عدم اتحاد,عدم اتحاد,63,اغتشاش: ایجاد اغتشاش و به‌هم ریختن,اسم,643,entries/0001-0090.md,entry-0063
عدم اتحاد,عدم اتحاد,330,شکنندگی 330#,اسم,3177,entries/0302-0437.md,entry-0330
عدم اتحاد,عدم اتحاد,709,مناقشه,اسم,6702,entries/0651-0741.md,entry-0709
عدم اتکا,عدم اتکا,474,عدم‌قطعیت . تردید,اسم,4404,entries/0438-0543.md,entry-0474
عدم احتمال,عدم احتمال,472,عدم احتمال,اسم,4382,entries/0438-0543.md,entry-0472
عدم احتمال,عدم احتمال,508,عدم انتظار,اسم,4751,entries/0438-0543.md,entry-0508
عدم احراز شرایط شرکت در انتخابات,عدم احراز شرایط شرکت در انتخابات,606,فقدان انتخاب . بیچارگی,اسم,5675,entries/0544-0650.md,entry-0606
عدم استحکام,عدم استحکام,152,تغییرپذیری,اسم,1401,entries/0091-0193.md,entry-0152
عدم استعمال,عدم استعمال,611,ترک [عادت],اسم,5724,entries/0544-0650.md,entry-0611
عدم استعمال,عدم استعمال,674,عدم استفاده,اسم,6388,entries/0651-0741.md,entry-0674
عدم استعمال,عدم استعمال,779,عدم نگهداری,اسم,7386,entries/0742-0850.md,entry-0779
عدم استفاده,عدم استفاده,607,ردّ . عدم انتخاب,اسم,5687,entries/0544-0650.md,entry-0607
عدم استفاده,عدم استفاده,611,ترک [عادت],اسم,5724,entries/0544-0650.md,entry-0611
عدم استفاده,عدم استفاده,620,اجتناب620#,اسم,5829,entries/0544-0650.md,entry-0620
عدم استفاده,عدم استفاده,621,چشم‌پوشی,اسم,5838,entries/0544-0650.md,entry-0621
عدم استفاده,عدم استفاده,641,بی‌فایده بودن,اسم,6028,entries/0544-0650.md,entry-0641
عدم استفاده,عدم استفاده,674,عدم استفاده,اسم,6388,entries/0651-0741.md,entry-0674
عدم استفاده,عدم استفاده,677,سکون,اسم,6415,entries/0651-0741.md,entry-0677
عدم استفاده,عدم استفاده,695,عدم مهارت . ناشیگری,اسم,6572,entries/0651-0741.md,entry-0695
عدم استفاده,عدم استفاده,747,تحدید . خودداری,اسم,7113,entries/0742-0850.md,entry-0747
عدم استفاده,عدم استفاده,779,عدم نگهداری,اسم,7386,entries/0742-0850.md,entry-0779
عدم استفاده,عدم استفاده,942,امساک . اعتدال,اسم,8937,entries/0851-0969.md,entry-0942
عدم استمرار,عدم استمرار,72,عدم تداوم,اسم,726,entries/0001-0090.md,entry-0072
عدم استمرار,عدم استمرار,142,هرازگاه: بی‌نظمی در وقوع,اسم,1311,entries/0091-0193.md,entry-0142
عدم اطاعت,عدم اطاعت,738,سرپیچی . عصیان,اسم,7021,entries/0651-0741.md,entry-0738
عدم اطمینان,عدم اطمینان,474,عدم‌قطعیت . تردید,اسم,4404,entries/0438-0543.md,entry-0474
عدم اطمینان,عدم اطمینان,486,ناباوری . شک,اسم,4538,entries/0438-0543.md,entry-0486
عدم اطمینان,عدم اطمینان,700,دشواری 700#,اسم,6616,entries/0651-0741.md,entry-0700
عدم اطمینان,عدم اطمینان,728,شکست: عجز درانجام,اسم,6913,entries/0651-0741.md,entry-0728
عدم اظهار پشیمانی,عدم اظهار پشیمانی,940,تداوم گناه 940#,اسم,8922,entries/0851-0969.md,entry-0940
عدم اعتدال,عدم اعتدال,376,لذت,اسم,3569,entries/0302-0437.md,entry-0376
عدم اعتدال,عدم اعتدال,482,مبالغه,اسم,4500,entries/0438-0543.md,entry-0482
عدم اعتدال,عدم اعتدال,637,وفور,اسم,5988,entries/0544-0650.md,entry-0637
عدم اعتدال,عدم اعتدال,815,ولخرجی,اسم,7691,entries/0742-0850.md,entry-0815
عدم اعتدال,عدم اعتدال,824,خوشی,اسم,7788,entries/0742-0850.md,entry-0824
عدم اعتدال,عدم اعتدال,932,خودخواهی,اسم,8863,entries/0851-0969.md,entry-0932
عدم اعتدال,عدم اعتدال,943,اسراف . عدم اعتدال,اسم,8944,entries/0851-0969.md,entry-0943
عدم اعتدال,عدم اعتدال,944,نفس‌پرستی,اسم,8950,entries/0851-0969.md,entry-0944
عدم اعتدال,عدم اعتدال,947,پُرخوری,اسم,8969,entries/0851-0969.md,entry-0947
عدم اعتدال,عدم اعتدال,949,مستی . اعتیاد,اسم,8982,entries/0851-0969.md,entry-0949
عدم اعتقاد,عدم اعتقاد,486,ناباوری . شک,اسم,4538,entries/0438-0543.md,entry-0486
عدم اعتماد,عدم اعتماد,911,حسادت,اسم,8650,entries/0851-0969.md,entry-0911
عدم امکان,عدم امکان,470,عدم امکان . امتناع 470#,اسم,4363,entries/0438-0543.md,entry-0470
عدم امکان,عدم امکان,472,عدم احتمال,اسم,4382,entries/0438-0543.md,entry-0472
عدم امکان,عدم امکان,700,دشواری 700#,اسم,6614,entries/0651-0741.md,entry-0700
عدم امکان,عدم امکان,726,عدم تکمیل,اسم,6891,entries/0651-0741.md,entry-0726
عدم انتخاب,عدم انتخاب,760,امتناع 760#,اسم,7210,entries/0742-0850.md,entry-0760
عدم انتظار,عدم انتظار,472,عدم احتمال,اسم,4382,entries/0438-0543.md,entry-0472
عدم انتظار,عدم انتظار,508,عدم انتظار,اسم,4751,entries/0438-0543.md,entry-0508
عدم انتظار,عدم انتظار,663,ورطه . مهلکه: مایۀ خطر,اسم,6286,entries/0651-0741.md,entry-0663
عدم انتظار,عدم انتظار,670,فقدان آمادگی 670#,اسم,6350,entries/0651-0741.md,entry-0670
عدم انتظار,عدم انتظار,818,احساس,اسم,7721,entries/0742-0850.md,entry-0818
عدم انتظار,عدم انتظار,864,شگفت,اسم,8199,entries/0851-0969.md,entry-0864
عدم انتظار,عدم انتظار,916,فقدان حق,اسم,8697,entries/0851-0969.md,entry-0916
عدم انتظار 508],عدم انتظار 508],604,تلون مزاج . هوس,اسم,5653,entries/0544-0650.md,entry-0604
عدم انجام (اجرا),عدم انجام (اجرا),726,عدم تکمیل,اسم,6891,entries/0651-0741.md,entry-0726
عدم انسجام,عدم انسجام,46,عدم اتحاد . گسیختگی,اسم,461,entries/0001-0090.md,entry-0046
عدم انسجام,عدم انسجام,49,عدم انسجام,اسم,501,entries/0001-0090.md,entry-0049
عدم انسجام,عدم انسجام,51,تجزیه,اسم,516,entries/0001-0090.md,entry-0051
عدم انسجام,عدم انسجام,142,هرازگاه: بی‌نظمی در وقوع,اسم,1311,entries/0091-0193.md,entry-0142
عدم انطباق,عدم انطباق,503,دیوانگی,اسم,4690,entries/0438-0543.md,entry-0503
عدم انطباق تاریخی,عدم انطباق تاریخی,118,خارج از زمان خود,اسم,1097,entries/0091-0193.md,entry-0118
عدم اهمیت,عدم اهمیت,10,فقدان ارتباط . بی ربطی 10#,اسم,120,entries/0001-0090.md,entry-0010
عدم اهمیت,عدم اهمیت,33,کوچکی,اسم,334,entries/0001-0090.md,entry-0033
عدم اهمیت,عدم اهمیت,35,کهتری,اسم,356,entries/0001-0090.md,entry-0035
عدم اهمیت,عدم اهمیت,212,کم‌عمقی,اسم,2041,entries/0194-0301.md,entry-0212
عدم اهمیت,عدم اهمیت,515,بی‌معنایی,اسم,4828,entries/0438-0543.md,entry-0515
عدم اهمیت,عدم اهمیت,639,عدم اهمیت,اسم,6010,entries/0544-0650.md,entry-0639
عدم اهمیت,عدم اهمیت,860,بی‌تفاوتی 860#,اسم,8170,entries/0851-0969.md,entry-0860
عدم اهمیت,عدم اهمیت,922,تحقیر,اسم,8757,entries/0851-0969.md,entry-0922
عدم ایفای تعهدات,عدم ایفای تعهدات,307,کاستی . نارسایی . کسری (حرکت نیمه‌تمام) 307,اسم,2959,entries/0302-0437.md,entry-0307
عدم برگزاری انتخابات,عدم برگزاری انتخابات,606,فقدان انتخاب . بیچارگی,اسم,5675,entries/0544-0650.md,entry-0606
عدم بیطرفی,عدم بیطرفی,481,عدم تشخیص . تعصب,اسم,4489,entries/0438-0543.md,entry-0481
عدم تأیید,عدم تأیید,607,ردّ . عدم انتخاب,اسم,5687,entries/0544-0650.md,entry-0607
عدم تحرک,عدم تحرک,145,توقف: تغییر ازحرکت / عمل به‌سکون,اسم,1339,entries/0091-0193.md,entry-0145
عدم تحرک,عدم تحرک,153,پایداری (تغییرناپذیری),اسم,1411,entries/0091-0193.md,entry-0153
عدم تحرک,عدم تحرک,175,انفعال 175#,اسم,1655,entries/0091-0193.md,entry-0175
عدم تحرک,عدم تحرک,322,سنگینی . گرانش,اسم,3105,entries/0302-0437.md,entry-0322
عدم تحرک,عدم تحرک,399,سکوت,اسم,3747,entries/0302-0437.md,entry-0399
عدم تحرک,عدم تحرک,677,سکون,اسم,6415,entries/0651-0741.md,entry-0677
عدم تحرک,عدم تحرک,820,فقدان حساسیت روحی . بی‌عاطفگی,اسم,7741,entries/0742-0850.md,entry-0820
عدم تحرک,عدم تحرک,883,اجتماعی نبودن,اسم,8393,entries/0851-0969.md,entry-0883
عدم تحقق,عدم تحقق,726,عدم تکمیل,اسم,6891,entries/0651-0741.md,entry-0726
عدم تدارک,عدم تدارک,670,فقدان آمادگی 670#,اسم,6350,entries/0651-0741.md,entry-0670
عدم تداوم,عدم تداوم,17,ناهمگنی,اسم,176,entries/0001-0090.md,entry-0017
عدم تداوم,عدم تداوم,46,عدم اتحاد . گسیختگی,اسم,461,entries/0001-0090.md,entry-0046
عدم تداوم,عدم تداوم,49,عدم انسجام,اسم,501,entries/0001-0090.md,entry-0049
عدم تداوم,عدم تداوم,55,ناقص . نقصان (کامل نبودن),اسم,561,entries/0001-0090.md,entry-0055
عدم تداوم,عدم تداوم,72,عدم تداوم,اسم,726,entries/0001-0090.md,entry-0072
عدم تداوم,عدم تداوم,142,هرازگاه: بی‌نظمی در وقوع,اسم,1311,entries/0091-0193.md,entry-0142
عدم تداوم,عدم تداوم,145,توقف: تغییر ازحرکت / عمل به‌سکون,اسم,1339,entries/0091-0193.md,entry-0145
عدم تداوم,عدم تداوم,231,میان,اسم,2242,entries/0194-0301.md,entry-0231
عدم تساوی,عدم تساوی,15,تفاوت . تمیز,اسم,159,entries/0001-0090.md,entry-0015
عدم تساوی,عدم تساوی,29,نابرابری,اسم,295,entries/0001-0090.md,entry-0029
عدم تشابه,عدم تشابه,10,فقدان ارتباط . بی ربطی 10#,اسم,119,entries/0001-0090.md,entry-0010
عدم تشابه,عدم تشابه,15,تفاوت . تمیز,اسم,159,entries/0001-0090.md,entry-0015
عدم تشابه,عدم تشابه,17,ناهمگنی,اسم,176,entries/0001-0090.md,entry-0017
عدم تشابه,عدم تشابه,19,عدم تشابه,اسم,195,entries/0001-0090.md,entry-0019
عدم تشابه,عدم تشابه,21,نوآوری,اسم,213,entries/0001-0090.md,entry-0021
عدم تشخیص,عدم تشخیص,79,عمومیت,اسم,794,entries/0001-0090.md,entry-0079
عدم تشخیص,عدم تشخیص,464,عدم تمیز,اسم,4298,entries/0438-0543.md,entry-0464
عدم تشخیص,عدم تشخیص,480,تشخیص . استنتاج 480#,اسم,4474,entries/0438-0543.md,entry-0480
عدم تشخیص,عدم تشخیص,481,عدم تشخیص . تعصب,اسم,4485,entries/0438-0543.md,entry-0481
عدم تشخیص,عدم تشخیص,482,مبالغه,اسم,4500,entries/0438-0543.md,entry-0482
عدم تشخیص,عدم تشخیص,495,خطا,اسم,4628,entries/0438-0543.md,entry-0495
عدم تشخیص,عدم تشخیص,914,ناحق . ناراستی,اسم,8677,entries/0851-0969.md,entry-0914
عدم تشخیص,عدم تشخیص,954,غیرقانونی,اسم,9034,entries/0851-0969.md,entry-0954
عدم تشکر,عدم تشکر,908,نمک‌نشناسی,اسم,8627,entries/0851-0969.md,entry-0908
عدم تصویب,عدم تصویب,607,ردّ . عدم انتخاب,اسم,5687,entries/0544-0650.md,entry-0607
عدم تصویب,عدم تصویب,924,سرزنش . تقبیح,اسم,8780,entries/0851-0969.md,entry-0924
عدم تطبیق,عدم تطبیق,10,فقدان ارتباط . بی ربطی 10#,اسم,119,entries/0001-0090.md,entry-0010
عدم تطبیق,عدم تطبیق,15,تفاوت . تمیز,اسم,159,entries/0001-0090.md,entry-0015
عدم تطبیق,عدم تطبیق,17,ناهمگنی,اسم,176,entries/0001-0090.md,entry-0017
عدم تطبیق,عدم تطبیق,25,ناسازگاری,اسم,246,entries/0001-0090.md,entry-0025
عدم تطبیق,عدم تطبیق,59,بیرونی بودن,اسم,595,entries/0001-0090.md,entry-0059
عدم تطبیق,عدم تطبیق,84,عدم تطبیق,اسم,845,entries/0001-0090.md,entry-0084
عدم تطبیق,عدم تطبیق,223,بیرون [فضا],اسم,2144,entries/0194-0301.md,entry-0223
عدم تطبیق,عدم تطبیق,769,عدم رعایت,اسم,7280,entries/0742-0850.md,entry-0769
عدم تطبیق,عدم تطبیق,914,ناحق . ناراستی,اسم,8677,entries/0851-0969.md,entry-0914
عدم تطبیق,عدم تطبیق,977,بدعت,اسم,9230,entries/0970-0991.md,entry-0977
عدم تعادل,عدم تعادل,152,تغییرپذیری,اسم,1401,entries/0091-0193.md,entry-0152
عدم تعادل,عدم تعادل,822,تحریک پذیری,قید,7762,entries/0742-0850.md,entry-0822
عدم تعادل روانی ◄ جبهه گیری,عدم تعادل روانی ◄ جبهه گیری,503,دیوانگی,اسم,4693,entries/0438-0543.md,entry-0503
عدم تعهد,عدم تعهد,606,فقدان انتخاب . بیچارگی,اسم,5676,entries/0544-0650.md,entry-0606
عدم تعهد,عدم تعهد,919,معافیت,اسم,8729,entries/0851-0969.md,entry-0919
عدم تعین,عدم تعین,159,شانس: فقدان علت 159#,اسم,1485,entries/0091-0193.md,entry-0159
عدم تقارن,عدم تقارن,246,به‌هم ریختگی . بدشکلی,اسم,2357,entries/0194-0301.md,entry-0246
عدم تلفظ حرف ر,عدم تلفظ حرف ر,580,مشکلِ سخن 580#,اسم,5403,entries/0544-0650.md,entry-0580
عدم تمایل,عدم تمایل,489,نظر مخالف,اسم,4569,entries/0438-0543.md,entry-0489
عدم تمایل,عدم تمایل,598,اکراه,اسم,5608,entries/0544-0650.md,entry-0598
عدم تمایل,عدم تمایل,620,اجتناب620#,اسم,5829,entries/0544-0650.md,entry-0620
عدم تمایل,عدم تمایل,738,سرپیچی . عصیان,اسم,7021,entries/0651-0741.md,entry-0738
عدم تمایل,عدم تمایل,760,امتناع 760#,اسم,7210,entries/0742-0850.md,entry-0760
عدم تمرکز,عدم تمرکز,51,تجزیه,اسم,516,entries/0001-0090.md,entry-0051
عدم تمرکز,عدم تمرکز,456,بی‌توجهی,اسم,4207,entries/0438-0543.md,entry-0456
عدم تمرکز,عدم تمرکز,503,دیوانگی,اسم,4690,entries/0438-0543.md,entry-0503
عدم تمرکز,عدم تمرکز,734,نرمش,اسم,6978,entries/0651-0741.md,entry-0734
عدم تمرکز,عدم تمرکز,744,آزادی,اسم,7082,entries/0742-0850.md,entry-0744
عدم تمرکز,عدم تمرکز,751,انتصاب,اسم,7138,entries/0742-0850.md,entry-0751
عدم تمرکز ◄ پریشانی خیال,عدم تمرکز ◄ پریشانی خیال,450,فقدان اندیشه 450#,اسم,4157,entries/0438-0543.md,entry-0450
عدم تمرین,عدم تمرین,695,عدم مهارت . ناشیگری,اسم,6572,entries/0651-0741.md,entry-0695
عدم تمیز,عدم تمیز,464,عدم تمیز,اسم,4298,entries/0438-0543.md,entry-0464
عدم تمیز,عدم تمیز,480,تشخیص . استنتاج 480#,اسم,4474,entries/0438-0543.md,entry-0480
عدم تمیز,عدم تمیز,481,عدم تشخیص . تعصب,اسم,4485,entries/0438-0543.md,entry-0481
عدم تمیز,عدم تمیز,605,انتخاب,اسم,5664,entries/0544-0650.md,entry-0605
عدم تمیز,عدم تمیز,606,فقدان انتخاب . بیچارگی,اسم,5675,entries/0544-0650.md,entry-0606
عدم تمیز,عدم تمیز,980,بی‌تقوایی 980#,اسم,9264,entries/0970-0991.md,entry-0980
عدم توازن,عدم توازن,152,تغییرپذیری,اسم,1401,entries/0091-0193.md,entry-0152
عدم توازن,عدم توازن,481,عدم تشخیص . تعصب,اسم,4489,entries/0438-0543.md,entry-0481
عدم توافق,عدم توافق,25,ناسازگاری,اسم,246,entries/0001-0090.md,entry-0025
عدم توقع,عدم توقع,916,فقدان حق,اسم,8697,entries/0851-0969.md,entry-0916
عدم توقف,عدم توقف,146,عدم توقف: تداوم در حرکت / عمل,اسم,1352,entries/0091-0193.md,entry-0146
عدم توقف,عدم توقف,600,پافشاری 600#,اسم,5621,entries/0544-0650.md,entry-0600
عدم تکلف,عدم تکلف,573,سادگی [کلام],اسم,5353,entries/0544-0650.md,entry-0573
عدم تکمیل,عدم تکمیل,55,ناقص . نقصان (کامل نبودن),اسم,561,entries/0001-0090.md,entry-0055
عدم تکمیل,عدم تکمیل,307,کاستی . نارسایی . کسری (حرکت نیمه‌تمام) 307,اسم,2959,entries/0302-0437.md,entry-0307
عدم تکمیل,عدم تکمیل,726,عدم تکمیل,اسم,6891,entries/0651-0741.md,entry-0726
عدم تکمیل,عدم تکمیل,728,شکست: عجز درانجام,اسم,6912,entries/0651-0741.md,entry-0728
عدم ثبات,عدم ثبات,142,هرازگاه: بی‌نظمی در وقوع,اسم,1311,entries/0091-0193.md,entry-0142
عدم ثبات,عدم ثبات,152,تغییرپذیری,اسم,1401,entries/0091-0193.md,entry-0152
عدم حساسیت فیزیکی,عدم حساسیت فیزیکی,375,بی‌حسی فیزیکی,اسم,3560,entries/0302-0437.md,entry-0375
عدم حضور,عدم حضور,190,غیاب 190#,اسم,1798,entries/0091-0193.md,entry-0190
عدم خاتمه,عدم خاتمه,726,عدم تکمیل,اسم,6891,entries/0651-0741.md,entry-0726
عدم خلوص,عدم خلوص,43,آمیختگی 43#,اسم,417,entries/0001-0090.md,entry-0043
عدم خلوص,عدم خلوص,951,بی‌عفتی,اسم,9005,entries/0851-0969.md,entry-0951
عدم خودخواهی,عدم خودخواهی,931,بی‌غرضی . ایثار,اسم,8856,entries/0851-0969.md,entry-0931
عدم دخالت,عدم دخالت,734,نرمش,اسم,6978,entries/0651-0741.md,entry-0734
عدم دخالت,عدم دخالت,931,بی‌غرضی . ایثار,اسم,8856,entries/0851-0969.md,entry-0931
عدم درک ◄ بدفهمی,عدم درک ◄ بدفهمی,517,غیرقابل‌درک بودن,اسم,4845,entries/0438-0543.md,entry-0517
عدم دقت,عدم دقت,495,خطا,اسم,4630,entries/0438-0543.md,entry-0495
عدم رضایت,عدم رضایت,547,دلالت,اسم,5151,entries/0544-0650.md,entry-0547
عدم رضایت,عدم رضایت,607,ردّ . عدم انتخاب,اسم,5687,entries/0544-0650.md,entry-0607
عدم رضایت,عدم رضایت,616,شرّ,اسم,5783,entries/0544-0650.md,entry-0616
عدم رضایت,عدم رضایت,762,اعتراض . نهی,اسم,7226,entries/0742-0850.md,entry-0762
عدم رضایت,عدم رضایت,829,عدم رضایت,اسم,7841,entries/0742-0850.md,entry-0829
عدم رضایت,عدم رضایت,834,افسردگی . وقار,اسم,7885,entries/0742-0850.md,entry-0834
عدم رضایت,عدم رضایت,861,بی‌میلی,اسم,8177,entries/0851-0969.md,entry-0861
عدم رضایت,عدم رضایت,891,رنجش . خشم,اسم,8476,entries/0851-0969.md,entry-0891
عدم رضایت,عدم رضایت,924,سرزنش . تقبیح,اسم,8780,entries/0851-0969.md,entry-0924
عدم رعایت,عدم رعایت,84,عدم تطبیق,اسم,845,entries/0001-0090.md,entry-0084
عدم رعایت,عدم رعایت,760,امتناع 760#,اسم,7210,entries/0742-0850.md,entry-0760
عدم رعایت,عدم رعایت,769,عدم رعایت,اسم,7280,entries/0742-0850.md,entry-0769
عدم رعایت,عدم رعایت,930,نادرستی 930#,اسم,8845,entries/0851-0969.md,entry-0930
عدم سازش,عدم سازش,910,انتقامجویی 910#,اسم,8642,entries/0851-0969.md,entry-0910
عدم شمول,عدم شمول,57,بیرون گذاشتن,اسم,578,entries/0001-0090.md,entry-0057
عدم شمول ◄ بیرون گذاشتن,عدم شمول ◄ بیرون گذاشتن,2,عدم (نیستی),اسم,37,entries/0001-0090.md,entry-0002
عدم شمول ◄ بیرون گذاشتن,عدم شمول ◄ بیرون گذاشتن,78,شمول . دربر داشتن,فعل,789,entries/0001-0090.md,entry-0078
عدم صراحت,عدم صراحت,606,فقدان انتخاب . بیچارگی,اسم,5676,entries/0544-0650.md,entry-0606
عدم صراحت کلام,عدم صراحت کلام,517,غیرقابل‌درک بودن,اسم,4845,entries/0438-0543.md,entry-0517
عدم صراحت کلام,عدم صراحت کلام,568,عدم صراحت کلام,اسم,5321,entries/0544-0650.md,entry-0568
عدم صراحت کلام,عدم صراحت کلام,576,زشتی کلام,اسم,5373,entries/0544-0650.md,entry-0576
عدم صلاحیت,عدم صلاحیت,25,ناسازگاری,اسم,247,entries/0001-0090.md,entry-0025
عدم صلاحیت,عدم صلاحیت,636,عدم کفایت,اسم,5977,entries/0544-0650.md,entry-0636
عدم صلاحیت,عدم صلاحیت,695,عدم مهارت . ناشیگری,اسم,6572,entries/0651-0741.md,entry-0695
عدم صلاحیت قانونی,عدم صلاحیت قانونی,161,ناتوانی,اسم,1510,entries/0091-0193.md,entry-0161
عدم عرضه,عدم عرضه,760,امتناع 760#,اسم,7210,entries/0742-0850.md,entry-0760
عدم فروش,عدم فروش,772,خسران . باخت,اسم,7319,entries/0742-0850.md,entry-0772
عدم فروش,عدم فروش,793,فروش,اسم,7515,entries/0742-0850.md,entry-0793
عدم فعالیت,عدم فعالیت,136,تأخیر,اسم,1249,entries/0091-0193.md,entry-0136
عدم فعالیت,عدم فعالیت,458,غفلت . بی‌دقتی,اسم,4232,entries/0438-0543.md,entry-0458
عدم فعالیت,عدم فعالیت,601,بی‌عزمی,اسم,5628,entries/0544-0650.md,entry-0601
عدم فعالیت,عدم فعالیت,674,عدم استفاده,اسم,6388,entries/0651-0741.md,entry-0674
عدم فعالیت,عدم فعالیت,677,سکون,اسم,6415,entries/0651-0741.md,entry-0677
عدم فعالیت,عدم فعالیت,679,عدم فعالیت . خواب,اسم,6439,entries/0651-0741.md,entry-0679
عدم فعالیت,عدم فعالیت,681,مجال . فراغت,اسم,6462,entries/0651-0741.md,entry-0681
عدم فعالیت,عدم فعالیت,683,استراحت,اسم,6479,entries/0651-0741.md,entry-0683
عدم فعالیت,عدم فعالیت,860,بی‌تفاوتی 860#,اسم,8170,entries/0851-0969.md,entry-0860
عدم قبول,عدم قبول,57,بیرون گذاشتن,اسم,578,entries/0001-0090.md,entry-0057
عدم قبول,عدم قبول,479,ابطال . بطلان,اسم,4462,entries/0438-0543.md,entry-0479
عدم قبول,عدم قبول,486,ناباوری . شک,اسم,4538,entries/0438-0543.md,entry-0486
عدم قبول,عدم قبول,607,ردّ . عدم انتخاب,اسم,5687,entries/0544-0650.md,entry-0607
عدم قبول,عدم قبول,760,امتناع 760#,اسم,7210,entries/0742-0850.md,entry-0760
عدم قبول مسئولیت,عدم قبول مسئولیت,918,فقدان وظیفه,اسم,8723,entries/0851-0969.md,entry-0918
عدم قطعیت,عدم قطعیت,159,شانس: فقدان علت 159#,اسم,1485,entries/0091-0193.md,entry-0159
عدم قطعیت,عدم قطعیت,472,عدم احتمال,اسم,4382,entries/0438-0543.md,entry-0472
عدم قطعیت,عدم قطعیت,474,عدم‌قطعیت . تردید,اسم,4402,entries/0438-0543.md,entry-0474
عدم قطعیت,عدم قطعیت,486,ناباوری . شک,اسم,4538,entries/0438-0543.md,entry-0486
عدم قطعیت,عدم قطعیت,517,غیرقابل‌درک بودن,اسم,4845,entries/0438-0543.md,entry-0517
عدم قطعیت,عدم قطعیت,518,ایهام,اسم,4855,entries/0438-0543.md,entry-0518
عدم قطعیت,عدم قطعیت,568,عدم صراحت کلام,اسم,5321,entries/0544-0650.md,entry-0568
عدم قطعیت,عدم قطعیت,606,فقدان انتخاب . بیچارگی,اسم,5675,entries/0544-0650.md,entry-0606
عدم قطعیت,عدم قطعیت,618,اتفاق . قمار,اسم,5807,entries/0544-0650.md,entry-0618
عدم قطعیت,عدم قطعیت,700,دشواری 700#,اسم,6614,entries/0651-0741.md,entry-0700
عدم لیاقت,عدم لیاقت,695,عدم مهارت . ناشیگری,اسم,6572,entries/0651-0741.md,entry-0695
عدم مالکیت,عدم مالکیت,773,مالکیت,اسم,7330,entries/0742-0850.md,entry-0773
عدم مالکیت,عدم مالکیت,774,عدم مالکیت,اسم,7343,entries/0742-0850.md,entry-0774
عدم مالکیت,عدم مالکیت,779,عدم نگهداری,اسم,7386,entries/0742-0850.md,entry-0779
عدم مالکیت,عدم مالکیت,788,دزدی,اسم,7477,entries/0742-0850.md,entry-0788
عدم محبوبیت,عدم محبوبیت,888,نفرت,اسم,8448,entries/0851-0969.md,entry-0888
عدم مداخله,عدم مداخله,717,صلح,اسم,6786,entries/0651-0741.md,entry-0717
عدم مستی,عدم مستی,678,فعالیت . بیداری,اسم,6423,entries/0651-0741.md,entry-0678
عدم مستی,عدم مستی,948,هشیاری (عدم مستی),اسم,8975,entries/0851-0969.md,entry-0948
عدم مصلحت,عدم مصلحت,25,ناسازگاری,اسم,247,entries/0001-0090.md,entry-0025
عدم مصلحت,عدم مصلحت,138,بی‌موقع,اسم,1272,entries/0091-0193.md,entry-0138
عدم مصلحت,عدم مصلحت,643,عدم مصلحت,اسم,6044,entries/0544-0650.md,entry-0643
عدم مصلحت,عدم مصلحت,695,عدم مهارت . ناشیگری,اسم,6572,entries/0651-0741.md,entry-0695
عدم مصلحت,عدم مصلحت,914,ناحق . ناراستی,اسم,8677,entries/0851-0969.md,entry-0914
عدم مصلحت,عدم مصلحت,916,فقدان حق,اسم,8697,entries/0851-0969.md,entry-0916
عدم مطابقت,عدم مطابقت,15,تفاوت . تمیز,اسم,159,entries/0001-0090.md,entry-0015
عدم مطابقت,عدم مطابقت,25,ناسازگاری,اسم,248,entries/0001-0090.md,entry-0025
عدم مناسبت,عدم مناسبت,25,ناسازگاری,اسم,247,entries/0001-0090.md,entry-0025
عدم مناسبت,عدم مناسبت,695,عدم مهارت . ناشیگری,اسم,6572,entries/0651-0741.md,entry-0695
عدم مناسبت,عدم مناسبت,914,ناحق . ناراستی,اسم,8677,entries/0851-0969.md,entry-0914
عدم مهارت,عدم مهارت,25,ناسازگاری,اسم,247,entries/0001-0090.md,entry-0025
عدم مهارت,عدم مهارت,130,جوانی 130#,اسم,1206,entries/0091-0193.md,entry-0130
عدم مهارت,عدم مهارت,161,ناتوانی,اسم,1510,entries/0091-0193.md,entry-0161
عدم مهارت,عدم مهارت,458,غفلت . بی‌دقتی,اسم,4232,entries/0438-0543.md,entry-0458
عدم مهارت,عدم مهارت,491,جهل . نادانی,اسم,4595,entries/0438-0543.md,entry-0491
عدم مهارت,عدم مهارت,495,خطا,اسم,4629,entries/0438-0543.md,entry-0495
عدم مهارت,عدم مهارت,611,ترک [عادت],اسم,5724,entries/0544-0650.md,entry-0611
عدم مهارت,عدم مهارت,636,عدم کفایت,اسم,5977,entries/0544-0650.md,entry-0636
عدم مهارت,عدم مهارت,670,فقدان آمادگی 670#,اسم,6350,entries/0651-0741.md,entry-0670
عدم مهارت,عدم مهارت,695,عدم مهارت . ناشیگری,اسم,6572,entries/0651-0741.md,entry-0695
عدم مهارت,عدم مهارت,728,شکست: عجز درانجام,اسم,6912,entries/0651-0741.md,entry-0728
عدم موافقت,عدم موافقت,15,تفاوت . تمیز,اسم,159,entries/0001-0090.md,entry-0015
عدم موفقیت,عدم موفقیت,307,کاستی . نارسایی . کسری (حرکت نیمه‌تمام) 307,اسم,2959,entries/0302-0437.md,entry-0307
عدم موفقیت,عدم موفقیت,509,نامرادی: برآورده نشدن انتظارات,اسم,4760,entries/0438-0543.md,entry-0509
عدم موفقیت,عدم موفقیت,726,عدم تکمیل,اسم,6891,entries/0651-0741.md,entry-0726
عدم موفقیت,عدم موفقیت,728,شکست: عجز درانجام,اسم,6912,entries/0651-0741.md,entry-0728
عدم نسبت محمول به موضوع,عدم نسبت محمول به موضوع,10,فقدان ارتباط . بی ربطی 10#,اسم,119,entries/0001-0090.md,entry-0010
عدم نگهداری,عدم نگهداری,674,عدم استفاده,اسم,6388,entries/0651-0741.md,entry-0674
عدم نگهداری,عدم نگهداری,779,عدم نگهداری,اسم,7386,entries/0742-0850.md,entry-0779
عدم نگهداری,عدم نگهداری,793,فروش,اسم,7515,entries/0742-0850.md,entry-0793
عدم همانندی,عدم همانندی,15,تفاوت . تمیز,اسم,159,entries/0001-0090.md,entry-0015
عدم همانندی,عدم همانندی,17,ناهمگنی,اسم,176,entries/0001-0090.md,entry-0017
عدم هماهنگی,عدم هماهنگی,17,ناهمگنی,اسم,176,entries/0001-0090.md,entry-0017
عدم هماهنگی,عدم هماهنگی,61,بی‌نظمی,اسم,617,entries/0001-0090.md,entry-0061
عدم همکاری,عدم همکاری,704,ضدیت . تقابل,اسم,6661,entries/0651-0741.md,entry-0704
عدم وجود,عدم وجود,444,ناپیدایی,اسم,4083,entries/0438-0543.md,entry-0444
عدم وضوح,عدم وضوح,244,بی‌شکلی,اسم,2345,entries/0194-0301.md,entry-0244
عدم وضوح,عدم وضوح,418,تاریکی,اسم,3889,entries/0302-0437.md,entry-0418
عدم وضوح,عدم وضوح,419,گرگ و میش,اسم,3900,entries/0302-0437.md,entry-0419
عدم وضوح,عدم وضوح,444,ناپیدایی,اسم,4083,entries/0438-0543.md,entry-0444
عدم پارتی‌بازی,عدم پارتی‌بازی,606,فقدان انتخاب . بیچارگی,اسم,5676,entries/0544-0650.md,entry-0606
عدم پذیرش,عدم پذیرش,607,ردّ . عدم انتخاب,اسم,5687,entries/0544-0650.md,entry-0607
عدم پذیرش,عدم پذیرش,910,انتقامجویی 910#,اسم,8642,entries/0851-0969.md,entry-0910
عدم پرداخت,عدم پرداخت,307,کاستی . نارسایی . کسری (حرکت نیمه‌تمام) 307,اسم,2959,entries/0302-0437.md,entry-0307
عدم پرداخت,عدم پرداخت,620,اجتناب620#,اسم,5829,entries/0544-0650.md,entry-0620
عدم پرداخت,عدم پرداخت,728,شکست: عجز درانجام,اسم,6912,entries/0651-0741.md,entry-0728
عدم پرداخت,عدم پرداخت,747,تحدید . خودداری,اسم,7113,entries/0742-0850.md,entry-0747
عدم پرداخت,عدم پرداخت,805,عدم پرداخت,اسم,7609,entries/0742-0850.md,entry-0805
عدم پیروی,عدم پیروی,84,عدم تطبیق,اسم,845,entries/0001-0090.md,entry-0084
عدم پیگیری,عدم پیگیری,726,عدم تکمیل,اسم,6891,entries/0651-0741.md,entry-0726
عدم کاربرد,عدم کاربرد,10,فقدان ارتباط . بی ربطی 10#,اسم,120,entries/0001-0090.md,entry-0010
عدم کفایت,عدم کفایت,29,نابرابری,اسم,295,entries/0001-0090.md,entry-0029
عدم کفایت,عدم کفایت,33,کوچکی,اسم,334,entries/0001-0090.md,entry-0033
عدم کفایت,عدم کفایت,35,کهتری,اسم,356,entries/0001-0090.md,entry-0035
عدم کفایت,عدم کفایت,55,ناقص . نقصان (کامل نبودن),اسم,561,entries/0001-0090.md,entry-0055
عدم کفایت,عدم کفایت,307,کاستی . نارسایی . کسری (حرکت نیمه‌تمام) 307,اسم,2960,entries/0302-0437.md,entry-0307
عدم کفایت,عدم کفایت,636,عدم کفایت,اسم,5977,entries/0544-0650.md,entry-0636
عدم کفایت,عدم کفایت,641,بی‌فایده بودن,اسم,6028,entries/0544-0650.md,entry-0641
عدم کفایت,عدم کفایت,647,نقص: فقدان کمال,اسم,6082,entries/0544-0650.md,entry-0647
عدم کفایت,عدم کفایت,726,عدم تکمیل,اسم,6891,entries/0651-0741.md,entry-0726
عدم کفایت,عدم کفایت,805,عدم پرداخت,اسم,7610,entries/0742-0850.md,entry-0805
عدم کنجکاوی,عدم کنجکاوی,820,فقدان حساسیت روحی . بی‌عاطفگی,اسم,7741,entries/0742-0850.md,entry-0820
عدم کنجکاوی,عدم کنجکاوی,860,بی‌تفاوتی 860#,اسم,8170,entries/0851-0969.md,entry-0860
عدمیه,عدمیه,475,استدلال . تعقل,اسم,4423,entries/0438-0543.md,entry-0475
عدم‌اتحاد,عدم‌اتحاد,46,عدم اتحاد . گسیختگی,اسم,461,entries/0001-0090.md,entry-0046
عدم‌اتحاد,عدم‌اتحاد,779,عدم نگهداری,اسم,7386,entries/0742-0850.md,entry-0779
عدم‌استفاده,عدم‌استفاده,816,خست,اسم,7698,entries/0742-0850.md,entry-0816
عدم‌تحرک,عدم‌تحرک,266,عدم تحرک,اسم,2553,entries/0194-0301.md,entry-0266
عدم‌کنجکاوی,عدم‌کنجکاوی,454,عدم کنجکاوی,اسم,4190,entries/0438-0543.md,entry-0454
عده,عده,85,عدد 85#,اسم,860,entries/0001-0090.md,entry-0085
عده,عده,86,شمارش,اسم,872,entries/0001-0090.md,entry-0086
عده,عده,104,تعدد,اسم,976,entries/0091-0193.md,entry-0104
عده,عده,896,طلاق,اسم,8523,entries/0851-0969.md,entry-0896
عدو,عدو,881,دشمنی,اسم,8371,entries/0851-0969.md,entry-0881
عدوانی,عدوانی,735,سخت‌گیری,صفت,6994,entries/0651-0741.md,entry-0735
عدوانی,عدوانی,906,بیرحمی,صفت,8614,entries/0851-0969.md,entry-0906
عدوانی,عدوانی,916,فقدان حق,صفت,8702,entries/0851-0969.md,entry-0916
عدول,عدول,84,عدم تطبیق,اسم,845,entries/0001-0090.md,entry-0084
عدول,عدول,458,غفلت . بی‌دقتی,اسم,4232,entries/0438-0543.md,entry-0458
عدول,عدول,620,اجتناب620#,اسم,5829,entries/0544-0650.md,entry-0620
عدول,عدول,738,سرپیچی . عصیان,اسم,7021,entries/0651-0741.md,entry-0738
عدول,عدول,914,ناحق . ناراستی,اسم,8677,entries/0851-0969.md,entry-0914
عدول,عدول,977,بدعت,اسم,9230,entries/0970-0991.md,entry-0977
عدول ازاصول,عدول ازاصول,977,بدعت,اسم,9230,entries/0970-0991.md,entry-0977
عدیده,عدیده,101,چندبرابری,صفت,960,entries/0091-0193.md,entry-0101
عدیده,عدیده,104,تعدد,صفت,978,entries/0091-0193.md,entry-0104
عدیده,عدیده,637,وفور,صفت,5990,entries/0544-0650.md,entry-0637
عدیل,عدیل,90,دوگانگی 90#,اسم,910,entries/0001-0090.md,entry-0090
عذاب,عذاب,377,دَرد,اسم,3578,entries/0302-0437.md,entry-0377
عذاب,عذاب,825,رنج . غم,اسم,7795,entries/0742-0850.md,entry-0825
عذاب,عذاب,963,مجازات . تنبیه,اسم,9108,entries/0851-0969.md,entry-0963
عذاب دادن,عذاب دادن,645,بدی: صفات بد انسان,فعل,6068,entries/0544-0650.md,entry-0645
عذاب دادن,عذاب دادن,678,فعالیت . بیداری,فعل,6433,entries/0651-0741.md,entry-0678
عذاب دادن,عذاب دادن,827,دردناکی,فعل,7825,entries/0742-0850.md,entry-0827
عذار,عذار,237,جلو,اسم,2291,entries/0194-0301.md,entry-0237
عذر,عذر,156,علیت . علت 156#,اسم,1453,entries/0091-0193.md,entry-0156
عذر,عذر,614,بهانه: انگیزۀ ظاهری,اسم,5764,entries/0544-0650.md,entry-0614
عذر,عذر,941,دلجویی . پوزش,اسم,8928,entries/0851-0969.md,entry-0941
عذر موجه,عذر موجه,156,علیت . علت 156#,اسم,1453,entries/0091-0193.md,entry-0156
عذر موجه,عذر موجه,935,بی‌گناهی,اسم,8887,entries/0851-0969.md,entry-0935
عذر و بهانه آوردن,عذر و بهانه آوردن,136,تأخیر,فعل,1254,entries/0091-0193.md,entry-0136
عذر و بهانه کردن,عذر و بهانه کردن,136,تأخیر,فعل,1254,entries/0091-0193.md,entry-0136
عذر و دلیل آوردن,عذر و دلیل آوردن,614,بهانه: انگیزۀ ظاهری,فعل,5766,entries/0544-0650.md,entry-0614
عذرآورنده,عذرآورنده,614,بهانه: انگیزۀ ظاهری,صفت,5765,entries/0544-0650.md,entry-0614
عذرآورنده,عذرآورنده,924,سرزنش . تقبیح,صفت,8786,entries/0851-0969.md,entry-0924
عذرا,عذرا,887,عشق,اسم,8435,entries/0851-0969.md,entry-0887
عذرتراشی,عذرتراشی,614,بهانه: انگیزۀ ظاهری,اسم,5764,entries/0544-0650.md,entry-0614
عذرخواستن,عذرخواستن,603,بی ثباتی . بوالهوسی,فعل,5647,entries/0544-0650.md,entry-0603
عذرخواهی,عذرخواهی,941,دلجویی . پوزش,اسم,8928,entries/0851-0969.md,entry-0941
عذرخواهی کردن,عذرخواهی کردن,941,دلجویی . پوزش,فعل,8932,entries/0851-0969.md,entry-0941
عذرخواهی‌کننده,عذرخواهی‌کننده,939,توبه,صفت,8917,entries/0851-0969.md,entry-0939
عذرخواهی‌کننده,عذرخواهی‌کننده,941,دلجویی . پوزش,صفت,8931,entries/0851-0969.md,entry-0941
عر,عر,408,فریاد انسان,اسم,3798,entries/0302-0437.md,entry-0408
عر,عر,409,صدای حیوانات,اسم,3805,entries/0302-0437.md,entry-0409
عرابه,عرابه,88,وحدت,اسم,892,entries/0001-0090.md,entry-0088
عرابه,عرابه,274,وسیلۀ نقلیه,اسم,2640,entries/0194-0301.md,entry-0274
عراده,عراده,274,وسیلۀ نقلیه,اسم,2640,entries/0194-0301.md,entry-0274
عراق,عراق,410,آهنگ . ملودی: صدای هنجار 410#,اسم,3816,entries/0302-0437.md,entry-0410
عراقی,عراقی,566,سَبْک,اسم,5308,entries/0544-0650.md,entry-0566
عرایض,عرایض,579,سخن,اسم,5391,entries/0544-0650.md,entry-0579
عرب,عرب,191,مقیم,اسم,1810,entries/0091-0193.md,entry-0191
عرب ترکمن,عرب ترکمن,273,حمل‌کننده,اسم,2632,entries/0194-0301.md,entry-0273
عرب کرد,عرب کرد,273,حمل‌کننده,اسم,2632,entries/0194-0301.md,entry-0273
عربانه,عربانه,274,وسیلۀ نقلیه,اسم,2640,entries/0194-0301.md,entry-0274
عربانه,عربانه,414,ساز,اسم,3850,entries/0302-0437.md,entry-0414
عربده,عربده,408,فریاد انسان,اسم,3798,entries/0302-0437.md,entry-0408
عربده,عربده,949,مستی . اعتیاد,اسم,8982,entries/0851-0969.md,entry-0949
عربده کشیدن,عربده کشیدن,709,مناقشه,فعل,6710,entries/0651-0741.md,entry-0709
عربده کشیدن,عربده کشیدن,891,رنجش . خشم,فعل,8485,entries/0851-0969.md,entry-0891
عربی,عربی,557,زبان,اسم,5243,entries/0544-0650.md,entry-0557
عربی,عربی,586,نگارش,اسم,5444,entries/0544-0650.md,entry-0586
عربیت,عربیت,557,زبان,اسم,5243,entries/0544-0650.md,entry-0557
عرش,عرش,218,پایه . تکیه‌گاه,اسم,2092,entries/0194-0301.md,entry-0218
عرش,عرش,321,کیهان,اسم,3087,entries/0302-0437.md,entry-0321
عرشه,عرشه,207,لایه . صفحه,اسم,1993,entries/0194-0301.md,entry-0207
عرشه,عرشه,216,افقی,اسم,2068,entries/0194-0301.md,entry-0216
عرشه,عرشه,218,پایه . تکیه‌گاه,اسم,2092,entries/0194-0301.md,entry-0218
عرشۀ کشتی,عرشۀ کشتی,275,ناو (کِشتی),اسم,2652,entries/0194-0301.md,entry-0275
عرصه,عرصه,183,فضا 183#,اسم,1736,entries/0091-0193.md,entry-0183
عرصه,عرصه,184,منطقه: فضای معین,اسم,1746,entries/0091-0193.md,entry-0184
عرصه,عرصه,185,محل: فضای محدود,اسم,1754,entries/0091-0193.md,entry-0185
عرصه,عرصه,724,میدان,اسم,6871,entries/0651-0741.md,entry-0724
عرصه,عرصه,777,دارایی . مِلک 777#,اسم,7367,entries/0742-0850.md,entry-0777
عرصه را تنگ کردن,عرصه را تنگ کردن,198,انقباض,فعل,1918,entries/0194-0301.md,entry-0198
عرصه را تنگ کردن,عرصه را تنگ کردن,236,حَدّ,فعل,2284,entries/0194-0301.md,entry-0236
عرض,عرض,6,عارض,اسم,77,entries/0001-0090.md,entry-0006
عرض,عرض,26,کمیت,اسم,262,entries/0001-0090.md,entry-0026
عرض,عرض,108,زمان 108#,اسم,1014,entries/0091-0193.md,entry-0108
عرض,عرض,183,فضا 183#,اسم,1737,entries/0091-0193.md,entry-0183
عرض,عرض,195,درشتی . اندازه,اسم,1880,entries/0194-0301.md,entry-0195
عرض,عرض,465,اندازه‌گیری . سنجش,اسم,4307,entries/0438-0543.md,entry-0465
عرض,عرض,522,تجلی,اسم,4894,entries/0438-0543.md,entry-0522
عرض,عرض,579,سخن,اسم,5391,entries/0544-0650.md,entry-0579
عرض,عرض,691,مشورت,اسم,6539,entries/0651-0741.md,entry-0691
عرض,عرض,866,خوش‌نامی,اسم,8220,entries/0851-0969.md,entry-0866
عرض اندام,عرض اندام,522,تجلی,اسم,4894,entries/0438-0543.md,entry-0522
عرض عام و عرض خاص,عرض عام و عرض خاص,319,مادیت 319#,اسم,3068,entries/0302-0437.md,entry-0319
عرض وجود,عرض وجود,522,تجلی,اسم,4894,entries/0438-0543.md,entry-0522
عرضحال,عرضحال,761,خواهش,اسم,7216,entries/0742-0850.md,entry-0761
عرضحال‌دهنده,عرضحال‌دهنده,763,خواهان,اسم,7233,entries/0742-0850.md,entry-0763
عرضه,عرضه,445,پدیداری . ظاهر,اسم,4093,entries/0438-0543.md,entry-0445
عرضه نکردن,عرضه نکردن,760,امتناع 760#,فعل,7212,entries/0742-0850.md,entry-0760
عرضه کردن,عرضه کردن,512,تصور . خاطر,فعل,4798,entries/0438-0543.md,entry-0512
عرضه کردن,عرضه کردن,612,انگیختن . تحریک,فعل,5747,entries/0544-0650.md,entry-0612
عرضه کردن,عرضه کردن,764,قول,فعل,7245,entries/0742-0850.md,entry-0764
عرضه کردن,عرضه کردن,766,مفاد,فعل,7260,entries/0742-0850.md,entry-0766
عرضه کردن,عرضه کردن,781,دهش,فعل,7412,entries/0742-0850.md,entry-0781
عرضه‌شده,عرضه‌شده,793,فروش,صفت,7517,entries/0742-0850.md,entry-0793
عرضۀ سهام,عرضۀ سهام,618,اتفاق . قمار,اسم,5810,entries/0544-0650.md,entry-0618
عرضی,عرضی,6,عارض,صفت,78,entries/0001-0090.md,entry-0006
عرضی,عرضی,205,عرض . ضخامت,صفت,1979,entries/0194-0301.md,entry-0205
عرضیت,عرضیت,5,عرضیت,اسم,64,entries/0001-0090.md,entry-0005
عرضیت,عرضیت,7,حالت: وضعیت مطلق,اسم,85,entries/0001-0090.md,entry-0007
عرض‌حال,عرض‌حال,928,اتهام,اسم,8825,entries/0851-0969.md,entry-0928
عرض‌حال,عرض‌حال,959,دادخواهی,اسم,9078,entries/0851-0969.md,entry-0959
عرعر,عرعر,366,گیاهان,اسم,3478,entries/0302-0437.md,entry-0366
عرعر,عرعر,407,صدای خشن,اسم,3792,entries/0302-0437.md,entry-0407
عرعر,عرعر,409,صدای حیوانات,اسم,3805,entries/0302-0437.md,entry-0409
عرف,عرف,127,کهنگی,اسم,1175,entries/0091-0193.md,entry-0127
عرف,عرف,461,آزمایش,اسم,4273,entries/0438-0543.md,entry-0461
عرف,عرف,507,انتظار,اسم,4743,entries/0438-0543.md,entry-0507
عرف,عرف,610,عادت 610#,اسم,5709,entries/0544-0650.md,entry-0610
عرف,عرف,693,فریضه,اسم,6554,entries/0651-0741.md,entry-0693
عرف,عرف,848,مُد,اسم,8051,entries/0742-0850.md,entry-0848
عرفات,عرفات,988,مراسم مذهبی,اسم,9337,entries/0970-0991.md,entry-0988
عرفان,عرفان,320,معنویت 320#,اسم,3077,entries/0302-0437.md,entry-0320
عرفان,عرفان,490,دانش . دانایی 490#,اسم,4581,entries/0438-0543.md,entry-0490
عرفان,عرفان,498,هوش . فراست,اسم,4654,entries/0438-0543.md,entry-0498
عرفان,عرفان,668,نجات,اسم,6324,entries/0651-0741.md,entry-0668
عرفان,عرفان,965,ذات خداوندی,اسم,9136,entries/0851-0969.md,entry-0965
عرفان,عرفان,973,دین . دینداری,اسم,9190,entries/0970-0991.md,entry-0973
عرفان,عرفان,975,وحی . پیامبر,اسم,9211,entries/0970-0991.md,entry-0975
عرفان,عرفان,991,عرفان,اسم,9365,entries/0970-0991.md,entry-0991
عرفان عملی,عرفان عملی,991,عرفان,اسم,9365,entries/0970-0991.md,entry-0991
عرفان نظری,عرفان نظری,991,عرفان,اسم,9365,entries/0970-0991.md,entry-0991
عرفان کشفی,عرفان کشفی,991,عرفان,اسم,9365,entries/0970-0991.md,entry-0991
عرفان ◄,عرفان ◄,975,وحی . پیامبر,اسم,9215,entries/0970-0991.md,entry-0975
عرفانی,عرفانی,320,معنویت 320#,صفت,3080,entries/0302-0437.md,entry-0320
عرفانی,عرفانی,449,اندیشه,صفت,4149,entries/0438-0543.md,entry-0449
عرفانی,عرفانی,476,شَمّ . غریزه,صفت,4438,entries/0438-0543.md,entry-0476
عرفاً,عرفاً,610,عادت 610#,قید,5720,entries/0544-0650.md,entry-0610
عرفه,عرفه,876,نگهداشت,اسم,8324,entries/0851-0969.md,entry-0876
عرفه,عرفه,988,مراسم مذهبی,اسم,9341,entries/0970-0991.md,entry-0988
عرفی,عرفی,127,کهنگی,صفت,1178,entries/0091-0193.md,entry-0127
عرفی,عرفی,490,دانش . دانایی 490#,صفت,4588,entries/0438-0543.md,entry-0490
عرفی,عرفی,610,عادت 610#,صفت,5712,entries/0544-0650.md,entry-0610
عرق,عرق,11,خویشاوندی: بستگی خونی,اسم,130,entries/0001-0090.md,entry-0011
عرق,عرق,301,غذا: خوردن و نوشیدن,اسم,2900,entries/0194-0301.md,entry-0301
عرق,عرق,302,مدفوع,اسم,2919,entries/0302-0437.md,entry-0302
عرق,عرق,335,مایع,اسم,3212,entries/0302-0437.md,entry-0335
عرق,عرق,338,تبخیر,اسم,3233,entries/0302-0437.md,entry-0338
عرق,عرق,339,آب,اسم,3240,entries/0302-0437.md,entry-0339
عرق,عرق,396,عطر,اسم,3725,entries/0302-0437.md,entry-0396
عرق (گیاهی) ◄ نوشیدنی,عرق (گیاهی) ◄ نوشیدنی,948,هشیاری (عدم مستی),اسم,8975,entries/0851-0969.md,entry-0948
عرق جبین,عرق جبین,682,تلاش . کار,اسم,6469,entries/0651-0741.md,entry-0682
عرق ریختن,عرق ریختن,298,صدور: حرکت به‌بیرون 298#,فعل,2844,entries/0194-0301.md,entry-0298
عرق ریختن,عرق ریختن,682,تلاش . کار,فعل,6474,entries/0651-0741.md,entry-0682
عرق کردن,عرق کردن,651,بیماری . ضعف جسمانی,اسم,6125,entries/0651-0741.md,entry-0651
عرقچین,عرقچین,228,پوشاک . پوشیدن,اسم,2210,entries/0194-0301.md,entry-0228
عرقیات,عرقیات,301,غذا: خوردن و نوشیدن,اسم,2900,entries/0194-0301.md,entry-0301
عرق‌خور,عرق‌خور,949,مستی . اعتیاد,صفت,8984,entries/0851-0969.md,entry-0949
عرق‌سوز,عرق‌سوز,651,بیماری . ضعف جسمانی,اسم,6137,entries/0651-0741.md,entry-0651
عرق‌چین,عرق‌چین,228,پوشاک . پوشیدن,اسم,2208,entries/0194-0301.md,entry-0228
عرق‌گیر,عرق‌گیر,228,پوشاک . پوشیدن,اسم,2204,entries/0194-0301.md,entry-0228
عرق‌گیر,عرق‌گیر,273,حمل‌کننده,اسم,2632,entries/0194-0301.md,entry-0273
عروتیز,عروتیز,877,لاف‌زنی,اسم,8332,entries/0851-0969.md,entry-0877
عروج,عروج,308,صعود: بالا رفتن,اسم,2969,entries/0302-0437.md,entry-0308
عروج,عروج,310,ترفیع: بالابردن 310#,اسم,2984,entries/0302-0437.md,entry-0310
عروج,عروج,991,عرفان,اسم,9366,entries/0970-0991.md,entry-0991
عروج به‌آفاق,عروج به‌آفاق,991,عرفان,اسم,9366,entries/0970-0991.md,entry-0991
عروس,عروس,11,خویشاوندی: بستگی خونی,اسم,128,entries/0001-0090.md,entry-0011
عروس,عروس,373,مؤنث,اسم,3542,entries/0302-0437.md,entry-0373
عروس,عروس,841,زیبایی,صفت,7981,entries/0742-0850.md,entry-0841
عروس,عروس,894,ازدواج,اسم,8505,entries/0851-0969.md,entry-0894
عروسک,عروسک,132,جوان,اسم,1221,entries/0091-0193.md,entry-0132
عروسک,عروسک,175,انفعال 175#,اسم,1656,entries/0091-0193.md,entry-0175
عروسک,عروسک,373,مؤنث,اسم,3542,entries/0302-0437.md,entry-0373
عروسک,عروسک,630,ابزار 630#,اسم,5922,entries/0544-0650.md,entry-0630
عروسک,عروسک,837,سرگرمی,اسم,7935,entries/0742-0850.md,entry-0837
عروسک,عروسک,841,زیبایی,اسم,7980,entries/0742-0850.md,entry-0841
عروسک [◄ وسیلۀ بازی 837],عروسک [◄ وسیلۀ بازی 837],196,خُردی,اسم,1894,entries/0194-0301.md,entry-0196
عروسک [◄وسیلۀ‌ بازی 837],عروسک [◄وسیلۀ‌ بازی 837],551,تجسم,اسم,5197,entries/0544-0650.md,entry-0551
عروسک [◄وسیلۀ‌ بازی 837],عروسک [◄وسیلۀ‌ بازی 837],554,مجسمه‌سازی,اسم,5221,entries/0544-0650.md,entry-0554
عروسک بازی,عروسک بازی,837,سرگرمی,اسم,7930,entries/0742-0850.md,entry-0837
عروسک خیمه‌شب‌بازی,عروسک خیمه‌شب‌بازی,837,سرگرمی,اسم,7935,entries/0742-0850.md,entry-0837
عروسک‌بازی,عروسک‌بازی,594,تئاتر,اسم,5525,entries/0544-0650.md,entry-0594
عروسک‌بازی,عروسک‌بازی,837,سرگرمی,اسم,7928,entries/0742-0850.md,entry-0837
عروسک‌گردان,عروسک‌گردان,594,تئاتر,اسم,5533,entries/0544-0650.md,entry-0594
عروسی,عروسی,301,غذا: خوردن و نوشیدن,اسم,2874,entries/0194-0301.md,entry-0301
عروسی,عروسی,824,خوشی,اسم,7786,entries/0742-0850.md,entry-0824
عروسی,عروسی,835,شادمانی,اسم,7899,entries/0742-0850.md,entry-0835
عروسی,عروسی,837,سرگرمی,اسم,7921,entries/0742-0850.md,entry-0837
عروسی,عروسی,894,ازدواج,اسم,8502,entries/0851-0969.md,entry-0894
عروض,عروض,557,زبان,اسم,5242,entries/0544-0650.md,entry-0557
عروض,عروض,593,شعر و نثر,اسم,5514,entries/0544-0650.md,entry-0593
عروق,عروق,224,درون,اسم,2153,entries/0194-0301.md,entry-0224
عروق,عروق,351,کانال,اسم,3324,entries/0302-0437.md,entry-0351
عروق,عروق,371,انسان,اسم,3527,entries/0302-0437.md,entry-0371
عروق (کرونر),عروق (کرونر),263,باز . گشودگی,اسم,2515,entries/0194-0301.md,entry-0263
عروق ◄ لوله,عروق ◄ لوله,335,مایع,اسم,3213,entries/0302-0437.md,entry-0335
عریان,عریان,190,غیاب 190#,صفت,1802,entries/0091-0193.md,entry-0190
عریان,عریان,229,برهنگی . کندن لباس,صفت,2225,entries/0194-0301.md,entry-0229
عریان,عریان,516,قابل درک,صفت,4837,entries/0438-0543.md,entry-0516
عریان,عریان,567,صراحت کلام,صفت,5314,entries/0544-0650.md,entry-0567
عریان کردن,عریان کردن,526,افشا,فعل,4953,entries/0438-0543.md,entry-0526
عریض,عریض,32,بزرگی,صفت,324,entries/0001-0090.md,entry-0032
عریض,عریض,183,فضا 183#,صفت,1741,entries/0091-0193.md,entry-0183
عریض,عریض,195,درشتی . اندازه,صفت,1884,entries/0194-0301.md,entry-0195
عریض,عریض,197,انبساط,صفت,1905,entries/0194-0301.md,entry-0197
عریض,عریض,205,عرض . ضخامت,صفت,1979,entries/0194-0301.md,entry-0205
عریض,عریض,253,تحدب,صفت,2429,entries/0194-0301.md,entry-0253
عریضه,عریضه,466,مدرک,اسم,4330,entries/0438-0543.md,entry-0466
عریضه,عریضه,586,نگارش,اسم,5445,entries/0544-0650.md,entry-0586
عریضه‌نویس,عریضه‌نویس,529,خبر,اسم,4990,entries/0438-0543.md,entry-0529
عریض‌وطویل,عریض‌وطویل,32,بزرگی,صفت,324,entries/0001-0090.md,entry-0032
عریض‌وطویل,عریض‌وطویل,62,تنظیم,اسم,633,entries/0001-0090.md,entry-0062
عز,عز,920,احترام 920#,اسم,8736,entries/0851-0969.md,entry-0920
عزا,عزا,364,دفن,اسم,3443,entries/0302-0437.md,entry-0364
عزا,عزا,836,سوگواری,اسم,7910,entries/0742-0850.md,entry-0836
عزا گرفتن,عزا گرفتن,836,سوگواری,فعل,7913,entries/0742-0850.md,entry-0836
عزادار,عزادار,836,سوگواری,صفت,7912,entries/0742-0850.md,entry-0836
عزاداری,عزاداری,364,دفن,اسم,3443,entries/0302-0437.md,entry-0364
عزاداری,عزاداری,579,سخن,اسم,5392,entries/0544-0650.md,entry-0579
عزاداری,عزاداری,825,رنج . غم,اسم,7796,entries/0742-0850.md,entry-0825
عزاداری,عزاداری,836,سوگواری,اسم,7910,entries/0742-0850.md,entry-0836
عزاداری کردن,عزاداری کردن,836,سوگواری,فعل,7913,entries/0742-0850.md,entry-0836
عزال,عزال,410,آهنگ . ملودی: صدای هنجار 410#,اسم,3816,entries/0302-0437.md,entry-0410
عزب,عزب,88,وحدت,صفت,895,entries/0001-0090.md,entry-0088
عزب,عزب,895,تجرد,اسم,8517,entries/0851-0969.md,entry-0895
عزب بودن,عزب بودن,895,تجرد,اسم,8516,entries/0851-0969.md,entry-0895
عزت,عزت,730,خوشبختی 730#,اسم,6930,entries/0651-0741.md,entry-0730
عزت,عزت,733,اقتدار 733#,اسم,6964,entries/0651-0741.md,entry-0733
عزت,عزت,866,خوش‌نامی,اسم,8220,entries/0851-0969.md,entry-0866
عزت,عزت,920,احترام 920#,اسم,8736,entries/0851-0969.md,entry-0920
عزتمند,عزتمند,887,عشق,صفت,8439,entries/0851-0969.md,entry-0887
عزرائیل,عزرائیل,168,مرگ‌ومیر,اسم,1592,entries/0091-0193.md,entry-0168
عزرائیل,عزرائیل,361,مرگ,اسم,3413,entries/0302-0437.md,entry-0361
عزراییل,عزراییل,968,فرشته,اسم,9158,entries/0851-0969.md,entry-0968
عزل,عزل,57,بیرون گذاشتن,اسم,578,entries/0001-0090.md,entry-0057
عزل,عزل,149,انقلاب: تغییر ناگهانی یا خشونت‌آمیز,اسم,1376,entries/0091-0193.md,entry-0149
عزل,عزل,300,دفع . طرد 300#,اسم,2857,entries/0194-0301.md,entry-0300
عزل,عزل,603,بی ثباتی . بوالهوسی,اسم,5644,entries/0544-0650.md,entry-0603
عزل,عزل,607,ردّ . عدم انتخاب,اسم,5687,entries/0544-0650.md,entry-0607
عزل,عزل,752,لغو . الغا . عزل,اسم,7147,entries/0742-0850.md,entry-0752
عزل کردن,عزل کردن,165,تخریب,فعل,1565,entries/0091-0193.md,entry-0165
عزل کردن,عزل کردن,300,دفع . طرد 300#,فعل,2866,entries/0194-0301.md,entry-0300
عزل کردن,عزل کردن,607,ردّ . عدم انتخاب,فعل,5690,entries/0544-0650.md,entry-0607
عزل کردن,عزل کردن,752,لغو . الغا . عزل,فعل,7153,entries/0742-0850.md,entry-0752
عزل کردن,عزل کردن,916,فقدان حق,فعل,8706,entries/0851-0969.md,entry-0916
عزلت,عزلت,883,اجتماعی نبودن,اسم,8393,entries/0851-0969.md,entry-0883
عزلت,عزلت,991,عرفان,اسم,9366,entries/0970-0991.md,entry-0991
عزل‌کننده,عزل‌کننده,752,لغو . الغا . عزل,صفت,7148,entries/0742-0850.md,entry-0752
عزم,عزم,153,پایداری (تغییرناپذیری),اسم,1411,entries/0091-0193.md,entry-0153
عزم,عزم,174,فعال بودن,اسم,1641,entries/0091-0193.md,entry-0174
عزم,عزم,595,اختیار,اسم,5581,entries/0544-0650.md,entry-0595
عزم,عزم,599,عزم,اسم,5615,entries/0544-0650.md,entry-0599
عزم,عزم,600,پافشاری 600#,اسم,5621,entries/0544-0650.md,entry-0600
عزم,عزم,602,سرسختی . یکدندگی,اسم,5634,entries/0544-0650.md,entry-0602
عزم,عزم,605,انتخاب,اسم,5664,entries/0544-0650.md,entry-0605
عزم,عزم,608,ازپیش تعیین‌شدگی,اسم,5696,entries/0544-0650.md,entry-0608
عزم,عزم,617,قصد,اسم,5797,entries/0544-0650.md,entry-0617
عزم,عزم,671,مبادرت . اقدام,اسم,6360,entries/0651-0741.md,entry-0671
عزم,عزم,678,فعالیت . بیداری,اسم,6422,entries/0651-0741.md,entry-0678
عزم,عزم,712,تک . حمله,اسم,6726,entries/0651-0741.md,entry-0712
عزم,عزم,725,تکمیل . اجرا,اسم,6882,entries/0651-0741.md,entry-0725
عزم,عزم,855,شجاعت,اسم,8122,entries/0851-0969.md,entry-0855
عزم جزم,عزم جزم,599,عزم,اسم,5615,entries/0544-0650.md,entry-0599
عزم کردن,عزم کردن,599,عزم,فعل,5617,entries/0544-0650.md,entry-0599
عزم کردن,عزم کردن,669,آمادگی,فعل,6343,entries/0651-0741.md,entry-0669
عزم کردن,عزم کردن,671,مبادرت . اقدام,فعل,6366,entries/0651-0741.md,entry-0671
عزوجل,عزوجل,965,ذات خداوندی,شبه جمله,9146,entries/0851-0969.md,entry-0965
عزی,عزی,967,بُت,اسم,9154,entries/0851-0969.md,entry-0967
عزیز,عزیز,34,برتری,اسم,346,entries/0001-0090.md,entry-0034
عزیز,عزیز,132,جوان,اسم,1221,entries/0091-0193.md,entry-0132
عزیز,عزیز,163,ضعف,اسم,1538,entries/0091-0193.md,entry-0163
عزیز,عزیز,511,پیش‌بینی . فال,صفت,4781,entries/0438-0543.md,entry-0511
عزیز,عزیز,644,خوبی: صفات خوب انسان,اسم,6053,entries/0544-0650.md,entry-0644
عزیز,عزیز,730,خوشبختی 730#,صفت,6932,entries/0651-0741.md,entry-0730
عزیز,عزیز,866,خوش‌نامی,صفت,8225,entries/0851-0969.md,entry-0866
عزیز,عزیز,887,عشق,اسم,8435,entries/0851-0969.md,entry-0887
عزیز,عزیز,890,عزیز 890# عزی,اسم,8471,entries/0851-0969.md,entry-0890
عزیز,عزیز,920,احترام 920#,صفت,8739,entries/0851-0969.md,entry-0920
عزیز,عزیز,929,درستی . درستکاری,صفت,8838,entries/0851-0969.md,entry-0929
عزیز,عزیز,965,ذات خداوندی,اسم,9138,entries/0851-0969.md,entry-0965
عزیز داشتن,عزیز داشتن,889,نوازش,اسم,8460,entries/0851-0969.md,entry-0889
عزیزداشتن,عزیزداشتن,887,عشق,فعل,8441,entries/0851-0969.md,entry-0887
عزیزداشتن,عزیزداشتن,920,احترام 920#,اسم,8736,entries/0851-0969.md,entry-0920
عزیزم,عزیزم,890,عزیز 890# عزی,اسم,8472,entries/0851-0969.md,entry-0890
عزیزمرده,عزیزمرده,836,سوگواری,صفت,7912,entries/0742-0850.md,entry-0836
عزیزکرده,عزیزکرده,885,بی‌ادبی,صفت,8418,entries/0851-0969.md,entry-0885
عزیزکرده,عزیزکرده,890,عزیز 890# عزی,اسم,8471,entries/0851-0969.md,entry-0890
عزیمت,عزیمت,267,مسافرت زمینی,اسم,2567,entries/0194-0301.md,entry-0267
عزیمت,عزیمت,296,خروج,اسم,2814,entries/0194-0301.md,entry-0296
عزیمت کردن,عزیمت کردن,68,آغاز,فعل,690,entries/0001-0090.md,entry-0068
عسر,عسر,700,دشواری 700#,اسم,6614,entries/0651-0741.md,entry-0700
عسرت,عسرت,700,دشواری 700#,اسم,6614,entries/0651-0741.md,entry-0700
عسرت,عسرت,801,فقر,اسم,7575,entries/0742-0850.md,entry-0801
عسس,عسس,672,مأموریت,اسم,6373,entries/0651-0741.md,entry-0672
عسس,عسس,955,دادگستری . قضا . قضاوت,اسم,9049,entries/0851-0969.md,entry-0955
عسل,عسل,354,غلظت . نیمه‌مایع,اسم,3347,entries/0302-0437.md,entry-0354
عسل,عسل,392,شیرین,اسم,3698,entries/0302-0437.md,entry-0392
عسل,عسل,890,عزیز 890# عزی,اسم,8471,entries/0851-0969.md,entry-0890
عسلی,عسلی,218,پایه . تکیه‌گاه,اسم,2091,entries/0194-0301.md,entry-0218
عسلی,عسلی,381,گرمایش,صفت,3625,entries/0302-0437.md,entry-0381
عسلی,عسلی,433,زرد,صفت,3999,entries/0302-0437.md,entry-0433
عسلی [تخم‌مرغ],عسلی [تخم‌مرغ],301,غذا: خوردن و نوشیدن,صفت,2905,entries/0194-0301.md,entry-0301
عسکر,عسکر,722,رزمنده,اسم,6838,entries/0651-0741.md,entry-0722
عسگری,عسگری,301,غذا: خوردن و نوشیدن,اسم,2893,entries/0194-0301.md,entry-0301
عشاق,عشاق,410,آهنگ . ملودی: صدای هنجار 410#,اسم,3816,entries/0302-0437.md,entry-0410
عشایر,عشایر,11,خویشاوندی: بستگی خونی,اسم,130,entries/0001-0090.md,entry-0011
عشایر,عشایر,191,مقیم,اسم,1810,entries/0091-0193.md,entry-0191
عشایر,عشایر,268,جهانگرد,اسم,2587,entries/0194-0301.md,entry-0268
عشر,عشر,100,چندگانگی 100#,اسم,955,entries/0091-0193.md,entry-0100
عشر,عشر,102,کسر,اسم,965,entries/0091-0193.md,entry-0102
عشر,عشر,809,قیمت,اسم,7646,entries/0742-0850.md,entry-0809
عشر,عشر,953,قانونیت,اسم,9027,entries/0851-0969.md,entry-0953
عشرت,عشرت,833,سرحالی . شادی,اسم,7873,entries/0742-0850.md,entry-0833
عشرت,عشرت,837,سرگرمی,اسم,7922,entries/0742-0850.md,entry-0837
عشرت,عشرت,944,نفس‌پرستی,اسم,8950,entries/0851-0969.md,entry-0944
عشرتکده,عشرتکده,837,سرگرمی,اسم,7924,entries/0742-0850.md,entry-0837
عشریه,عشریه,100,چندگانگی 100#,اسم,955,entries/0091-0193.md,entry-0100
عشریه,عشریه,809,قیمت,اسم,7646,entries/0742-0850.md,entry-0809
عشق,عشق,377,دَرد,اسم,3578,entries/0302-0437.md,entry-0377
عشق,عشق,503,دیوانگی,اسم,4689,entries/0438-0543.md,entry-0503
عشق,عشق,710,هماهنگی 710#,اسم,6714,entries/0651-0741.md,entry-0710
عشق,عشق,818,احساس,اسم,7721,entries/0742-0850.md,entry-0818
عشق,عشق,859,میل,اسم,8156,entries/0851-0969.md,entry-0859
عشق,عشق,864,شگفت,اسم,8199,entries/0851-0969.md,entry-0864
عشق,عشق,887,عشق,اسم,8430,entries/0851-0969.md,entry-0887
عشق,عشق,890,عزیز 890# عزی,اسم,8471,entries/0851-0969.md,entry-0890
عشق,عشق,897,نیکخواهی,اسم,8530,entries/0851-0969.md,entry-0897
عشق,عشق,920,احترام 920#,اسم,8736,entries/0851-0969.md,entry-0920
عشق,عشق,931,بی‌غرضی . ایثار,اسم,8856,entries/0851-0969.md,entry-0931
عشق,عشق,991,عرفان,اسم,9366,entries/0970-0991.md,entry-0991
عشق افلاطونی,عشق افلاطونی,887,عشق,اسم,8430,entries/0851-0969.md,entry-0887
عشق انگیختن,عشق انگیختن,887,عشق,فعل,8443,entries/0851-0969.md,entry-0887
عشق باختن,عشق باختن,887,عشق,فعل,8442,entries/0851-0969.md,entry-0887
عشق زمینی,عشق زمینی,887,عشق,اسم,8430,entries/0851-0969.md,entry-0887
عشق مادرانه,عشق مادرانه,887,عشق,اسم,8430,entries/0851-0969.md,entry-0887
عشق مفرط,عشق مفرط,503,دیوانگی,اسم,4692,entries/0438-0543.md,entry-0503
عشق من,عشق من,890,عزیز 890# عزی,اسم,8472,entries/0851-0969.md,entry-0890
عشق ورزیدن,عشق ورزیدن,887,عشق,فعل,8441,entries/0851-0969.md,entry-0887
عشقبازی,عشقبازی,887,عشق,اسم,8433,entries/0851-0969.md,entry-0887
عشقبازی کردن,عشقبازی کردن,45,اتحاد . پیوستگی,فعل,457,entries/0001-0090.md,entry-0045
عشقبازی کردن,عشقبازی کردن,166,تولید مثل,فعل,1575,entries/0091-0193.md,entry-0166
عشقبازی کردن,عشقبازی کردن,889,نوازش,فعل,8466,entries/0851-0969.md,entry-0889
عشقبازی کردن,عشقبازی کردن,894,ازدواج,فعل,8512,entries/0851-0969.md,entry-0894
عشقه,عشقه,366,گیاهان,اسم,3483,entries/0302-0437.md,entry-0366
عشقی,عشقی,859,میل,صفت,8159,entries/0851-0969.md,entry-0859
عشقی,عشقی,887,عشق,صفت,8437,entries/0851-0969.md,entry-0887
عشق‌بازی,عشق‌بازی,166,تولید مثل,اسم,1574,entries/0091-0193.md,entry-0166
عشق‌ورزی,عشق‌ورزی,45,اتحاد . پیوستگی,اسم,445,entries/0001-0090.md,entry-0045
عشق‌ورزی,عشق‌ورزی,166,تولید مثل,اسم,1573,entries/0091-0193.md,entry-0166
عشق‌ورزی,عشق‌ورزی,547,دلالت,اسم,5151,entries/0544-0650.md,entry-0547
عشق‌ورزی,عشق‌ورزی,887,عشق,اسم,8433,entries/0851-0969.md,entry-0887
عشق‌ورزی,عشق‌ورزی,894,ازدواج,اسم,8504,entries/0851-0969.md,entry-0894
عشق‌ورزی,عشق‌ورزی,981,پرستش,اسم,9273,entries/0970-0991.md,entry-0981
عشوه,عشوه,542,فریب,اسم,5099,entries/0438-0543.md,entry-0542
عشوه,عشوه,850,ادا 850#,اسم,8066,entries/0742-0850.md,entry-0850
عشوه گری کردن,عشوه گری کردن,859,میل,فعل,8166,entries/0851-0969.md,entry-0859
عشوه گری کردن,عشوه گری کردن,887,عشق,فعل,8443,entries/0851-0969.md,entry-0887
عشوه‌گر,عشوه‌گر,612,انگیختن . تحریک,صفت,5741,entries/0544-0650.md,entry-0612
عشوه‌گر,عشوه‌گر,850,ادا 850#,صفت,8068,entries/0742-0850.md,entry-0850
عشوه‌گر,عشوه‌گر,887,عشق,صفت,8439,entries/0851-0969.md,entry-0887
عشوه‌گری,عشوه‌گری,859,میل,اسم,8154,entries/0851-0969.md,entry-0859
عشوه‌گری,عشوه‌گری,887,عشق,اسم,8431,entries/0851-0969.md,entry-0887
عشیرا (عشیران),عشیرا (عشیران),410,آهنگ . ملودی: صدای هنجار 410#,اسم,3816,entries/0302-0437.md,entry-0410
عشیره,عشیره,11,خویشاوندی: بستگی خونی,اسم,130,entries/0001-0090.md,entry-0011
عشیره,عشیره,191,مقیم,اسم,1810,entries/0091-0193.md,entry-0191
عصا,عصا,218,پایه . تکیه‌گاه,اسم,2088,entries/0194-0301.md,entry-0218
عصا,عصا,743,نشان سلطنت,اسم,7075,entries/0742-0850.md,entry-0743
عصا,عصا,983,جادوگری,اسم,9298,entries/0970-0991.md,entry-0983
عصا تکان دادن,عصا تکان دادن,983,جادوگری,فعل,9304,entries/0970-0991.md,entry-0983
عصار,عصار,304,استخراج,اسم,2935,entries/0302-0437.md,entry-0304
عصاره,عصاره,301,غذا: خوردن و نوشیدن,اسم,2900,entries/0194-0301.md,entry-0301
عصاره,عصاره,304,استخراج,اسم,2933,entries/0302-0437.md,entry-0304
عصاره,عصاره,335,مایع,اسم,3212,entries/0302-0437.md,entry-0335
عصاره,عصاره,339,آب,اسم,3240,entries/0302-0437.md,entry-0339
عصاره,عصاره,356,خمیر,اسم,3363,entries/0302-0437.md,entry-0356
عصاره,عصاره,452,موضوع,اسم,4172,entries/0438-0543.md,entry-0452
عصاره گرفتن,عصاره گرفتن,198,انقباض,فعل,1918,entries/0194-0301.md,entry-0198
عصاره ◄ اسانس,عصاره ◄ اسانس,198,انقباض,اسم,1914,entries/0194-0301.md,entry-0198
عصاره‌گیری,عصاره‌گیری,198,انقباض,اسم,1913,entries/0194-0301.md,entry-0198
عصاری,عصاری,304,استخراج,اسم,2932,entries/0302-0437.md,entry-0304
عصاری,عصاری,357,روغن . چربی,اسم,3369,entries/0302-0437.md,entry-0357
عصاری,عصاری,622,اشتغال,اسم,5847,entries/0544-0650.md,entry-0622
عصاری,عصاری,630,ابزار 630#,اسم,5928,entries/0544-0650.md,entry-0630
عصام,عصام,47,پیوند: وسیلۀ اتصال,اسم,488,entries/0001-0090.md,entry-0047
عصاکش,عصاکش,520,تعبیر . تفسیر 520#,اسم,4873,entries/0438-0543.md,entry-0520
عصاکش,عصاکش,703,کمک,صفت,6653,entries/0651-0741.md,entry-0703
عصای سفید,عصای سفید,439,کوری,اسم,4047,entries/0438-0543.md,entry-0439
عصای موسی,عصای موسی,975,وحی . پیامبر,اسم,9214,entries/0970-0991.md,entry-0975
عصب,عصب,256,تیزی 256#,اسم,2456,entries/0194-0301.md,entry-0256
عصب,عصب,374,حواس . حساسیت,اسم,3551,entries/0302-0437.md,entry-0374
عصب بینایی,عصب بینایی,438,دید . بینایی,اسم,4030,entries/0438-0543.md,entry-0438
عصب شنوایی,عصب شنوایی,415,شنوایی,اسم,3862,entries/0302-0437.md,entry-0415
عصبانی,عصبانی,176,شدت . خشونت,صفت,1669,entries/0091-0193.md,entry-0176
عصبانی,عصبانی,318,تلاطم: حرکت نامنظم,صفت,3049,entries/0302-0437.md,entry-0318
عصبانی,عصبانی,891,رنجش . خشم,صفت,8479,entries/0851-0969.md,entry-0891
عصبانی,عصبانی,898,بدخواهی . اذیت,صفت,8543,entries/0851-0969.md,entry-0898
عصبانی بودن,عصبانی بودن,822,تحریک پذیری,قید,7765,entries/0742-0850.md,entry-0822
عصبانی بودن,عصبانی بودن,829,عدم رضایت,فعل,7845,entries/0742-0850.md,entry-0829
عصبانی بودن,عصبانی بودن,891,رنجش . خشم,فعل,8484,entries/0851-0969.md,entry-0891
عصبانی شدن,عصبانی شدن,176,شدت . خشونت,فعل,1671,entries/0091-0193.md,entry-0176
عصبانی شدن,عصبانی شدن,503,دیوانگی,فعل,4699,entries/0438-0543.md,entry-0503
عصبانی شدن,عصبانی شدن,861,بی‌میلی,فعل,8180,entries/0851-0969.md,entry-0861
عصبانی شدن,عصبانی شدن,891,رنجش . خشم,فعل,8483,entries/0851-0969.md,entry-0891
عصبانی کردن,عصبانی کردن,63,اغتشاش: ایجاد اغتشاش و به‌هم ریختن,فعل,647,entries/0001-0090.md,entry-0063
عصبانی کردن,عصبانی کردن,503,دیوانگی,فعل,4700,entries/0438-0543.md,entry-0503
عصبانی کردن,عصبانی کردن,861,بی‌میلی,فعل,8181,entries/0851-0969.md,entry-0861
عصبانی کردن,عصبانی کردن,888,نفرت,فعل,8456,entries/0851-0969.md,entry-0888
عصبانی کردن,عصبانی کردن,891,رنجش . خشم,فعل,8486,entries/0851-0969.md,entry-0891
عصبانی کننده,عصبانی کننده,891,رنجش . خشم,صفت,8480,entries/0851-0969.md,entry-0891
عصبانیت,عصبانیت,822,تحریک پذیری,قید,7763,entries/0742-0850.md,entry-0822
عصبانیت,عصبانیت,827,دردناکی,اسم,7817,entries/0742-0850.md,entry-0827
عصبانیت,عصبانیت,891,رنجش . خشم,اسم,8477,entries/0851-0969.md,entry-0891
عصبی,عصبی,318,تلاطم: حرکت نامنظم,صفت,3049,entries/0302-0437.md,entry-0318
عصبی,عصبی,503,دیوانگی,صفت,4696,entries/0438-0543.md,entry-0503
عصبی,عصبی,819,حساسیت روحی . زودرنجی,صفت,7735,entries/0742-0850.md,entry-0819
عصبی,عصبی,822,تحریک پذیری,قید,7764,entries/0742-0850.md,entry-0822
عصبی,عصبی,854,ترس,صفت,8111,entries/0851-0969.md,entry-0854
عصبی,عصبی,891,رنجش . خشم,صفت,8479,entries/0851-0969.md,entry-0891
عصبی بودن,عصبی بودن,822,تحریک پذیری,قید,7762,entries/0742-0850.md,entry-0822
عصبی بودن,عصبی بودن,891,رنجش . خشم,فعل,8484,entries/0851-0969.md,entry-0891
عصبیت,عصبیت,481,عدم تشخیص . تعصب,اسم,4487,entries/0438-0543.md,entry-0481
عصبی‌مزاج,عصبی‌مزاج,891,رنجش . خشم,صفت,8479,entries/0851-0969.md,entry-0891
عصب‌شناسی,عصب‌شناسی,658,درمان,اسم,6234,entries/0651-0741.md,entry-0658
عصب‌کشی ◄ دندان,عصب‌کشی ◄ دندان,658,درمان,اسم,6226,entries/0651-0741.md,entry-0658
عصر,عصر,108,زمان 108#,اسم,1016,entries/0091-0193.md,entry-0108
عصر,عصر,110,دوره: زمان معین 110#,اسم,1033,entries/0091-0193.md,entry-0110
عصر,عصر,129,عصر . پاییز . زمستان,اسم,1196,entries/0091-0193.md,entry-0129
عصر [باستان‌شناسی],عصر [باستان‌شناسی],110,دوره: زمان معین 110#,اسم,1034,entries/0091-0193.md,entry-0110
عصر حجر,عصر حجر,110,دوره: زمان معین 110#,اسم,1034,entries/0091-0193.md,entry-0110
عصر حجر,عصر حجر,125,گذشته,اسم,1148,entries/0091-0193.md,entry-0125
عصر طلایی,عصر طلایی,730,خوشبختی 730#,اسم,6931,entries/0651-0741.md,entry-0730
عصر فراعنه,عصر فراعنه,125,گذشته,اسم,1148,entries/0091-0193.md,entry-0125
عصر یخ,عصر یخ,110,دوره: زمان معین 110#,اسم,1034,entries/0091-0193.md,entry-0110
عصرانه,عصرانه,129,عصر . پاییز . زمستان,اسم,1196,entries/0091-0193.md,entry-0129
عصرانه,عصرانه,301,غذا: خوردن و نوشیدن,اسم,2884,entries/0194-0301.md,entry-0301
عصرگاه,عصرگاه,129,عصر . پاییز . زمستان,اسم,1196,entries/0091-0193.md,entry-0129
عصرگاهان,عصرگاهان,129,عصر . پاییز . زمستان,اسم,1196,entries/0091-0193.md,entry-0129
عصرگاهی,عصرگاهی,129,عصر . پاییز . زمستان,صفت,1200,entries/0091-0193.md,entry-0129
عصری,عصری,129,عصر . پاییز . زمستان,صفت,1200,entries/0091-0193.md,entry-0129
عصمت,عصمت,44,سادگی,اسم,431,entries/0001-0090.md,entry-0044
عصمت,عصمت,126,تازگی,اسم,1161,entries/0091-0193.md,entry-0126
عصمت,عصمت,866,خوش‌نامی,اسم,8220,entries/0851-0969.md,entry-0866
عصمت,عصمت,895,تجرد,اسم,8516,entries/0851-0969.md,entry-0895
عصمت,عصمت,929,درستی . درستکاری,اسم,8836,entries/0851-0969.md,entry-0929
عصمت,عصمت,933,پرهیزگاری,اسم,8869,entries/0851-0969.md,entry-0933
عصمت,عصمت,935,بی‌گناهی,اسم,8887,entries/0851-0969.md,entry-0935
عصمت,عصمت,942,امساک . اعتدال,اسم,8937,entries/0851-0969.md,entry-0942
عصمت,عصمت,950,عفت . پاکدامنی 950#,اسم,8997,entries/0851-0969.md,entry-0950
عصیان,عصیان,25,ناسازگاری,اسم,246,entries/0001-0090.md,entry-0025
عصیان,عصیان,84,عدم تطبیق,اسم,845,entries/0001-0090.md,entry-0084
عصیان,عصیان,318,تلاطم: حرکت نامنظم,اسم,3048,entries/0302-0437.md,entry-0318
عصیان,عصیان,486,ناباوری . شک,اسم,4539,entries/0438-0543.md,entry-0486
عصیان,عصیان,620,اجتناب620#,اسم,5829,entries/0544-0650.md,entry-0620
عصیان,عصیان,711,اعلان جنگ . چالش,اسم,6720,entries/0651-0741.md,entry-0711
عصیان,عصیان,738,سرپیچی . عصیان,اسم,7021,entries/0651-0741.md,entry-0738
عصیان,عصیان,918,فقدان وظیفه,اسم,8723,entries/0851-0969.md,entry-0918
عصیان,عصیان,936,گناهکاری . مجرمیت,اسم,8896,entries/0851-0969.md,entry-0936
عصیان کردن,عصیان کردن,84,عدم تطبیق,فعل,852,entries/0001-0090.md,entry-0084
عصیان کردن,عصیان کردن,711,اعلان جنگ . چالش,فعل,6722,entries/0651-0741.md,entry-0711
عصیان کردن,عصیان کردن,738,سرپیچی . عصیان,فعل,7028,entries/0651-0741.md,entry-0738
عصیانگر,عصیانگر,738,سرپیچی . عصیان,اسم,7024,entries/0651-0741.md,entry-0738
عصیر,عصیر,304,استخراج,اسم,2933,entries/0302-0437.md,entry-0304
عصیر,عصیر,335,مایع,اسم,3212,entries/0302-0437.md,entry-0335
عصیر,عصیر,339,آب,اسم,3240,entries/0302-0437.md,entry-0339
عضد,عضد,703,کمک,صفت,6653,entries/0651-0741.md,entry-0703
عضلانی,عضلانی,162,قدرت,صفت,1528,entries/0091-0193.md,entry-0162
عضلانی,عضلانی,372,مذکر,صفت,3537,entries/0302-0437.md,entry-0372
عضله,عضله,47,پیوند: وسیلۀ اتصال,اسم,484,entries/0001-0090.md,entry-0047
عضله,عضله,328,کشش‌پذیری . فنر,اسم,3165,entries/0302-0437.md,entry-0328
عضله,عضله,371,انسان,اسم,3527,entries/0302-0437.md,entry-0371
عضو,عضو,46,عدم اتحاد . گسیختگی,اسم,461,entries/0001-0090.md,entry-0046
عضو,عضو,53,جزء,اسم,538,entries/0001-0090.md,entry-0053
عضو,عضو,58,داخلی بودن . قطعه,اسم,590,entries/0001-0090.md,entry-0058
عضو,عضو,85,عدد 85#,اسم,864,entries/0001-0090.md,entry-0085
عضو,عضو,358,ارگانیسم: موجودات زنده 358#,اسم,3388,entries/0302-0437.md,entry-0358
عضو,عضو,672,مأموریت,اسم,6373,entries/0651-0741.md,entry-0672
عضو,عضو,690,مدیر . رهبر 690#,اسم,6535,entries/0651-0741.md,entry-0690
عضو,عضو,707,همکار,اسم,6683,entries/0651-0741.md,entry-0707
عضو,عضو,708,گروه اجتماعی,اسم,6692,entries/0651-0741.md,entry-0708
عضو,عضو,775,مالکیت مشاع,اسم,7351,entries/0742-0850.md,entry-0775
عضو,عضو,783,تسهیم,اسم,7426,entries/0742-0850.md,entry-0783
عضو بودن,عضو بودن,78,شمول . دربر داشتن,فعل,785,entries/0001-0090.md,entry-0078
عضو تیم,عضو تیم,53,جزء,اسم,539,entries/0001-0090.md,entry-0053
عضو حزب,عضو حزب,53,جزء,اسم,539,entries/0001-0090.md,entry-0053
عضو حزب,عضو حزب,692,شورا,اسم,6549,entries/0651-0741.md,entry-0692
عضو حزب,عضو حزب,708,گروه اجتماعی,اسم,6689,entries/0651-0741.md,entry-0708
عضو حزب باد,عضو حزب باد,152,تغییرپذیری,اسم,1402,entries/0091-0193.md,entry-0152
عضو حزب باد,عضو حزب باد,545,فریبکار,اسم,5131,entries/0544-0650.md,entry-0545
عضو حزب باد,عضو حزب باد,604,تلون مزاج . هوس,صفت,5656,entries/0544-0650.md,entry-0604
عضو حزب باد,عضو حزب باد,707,همکار,اسم,6683,entries/0651-0741.md,entry-0707
عضو حزب باد,عضو حزب باد,856,بزدلی,صفت,8135,entries/0851-0969.md,entry-0856
عضو حزب باد,عضو حزب باد,930,نادرستی 930#,صفت,8850,entries/0851-0969.md,entry-0930
عضو حزب باد,عضو حزب باد,938,نامرد,اسم,8907,entries/0851-0969.md,entry-0938
عضو حزب باد,عضو حزب باد,974,لامذهبی,صفت,9207,entries/0970-0991.md,entry-0974
عضو حزب شدن,عضو حزب شدن,78,شمول . دربر داشتن,فعل,785,entries/0001-0090.md,entry-0078
عضو حزبِ باد,عضو حزبِ باد,282,انحراف . بی‌هدفی,اسم,2714,entries/0194-0301.md,entry-0282
عضو شدن,عضو شدن,45,اتحاد . پیوستگی,فعل,456,entries/0001-0090.md,entry-0045
عضو شدن,عضو شدن,678,فعالیت . بیداری,فعل,6431,entries/0651-0741.md,entry-0678
عضو شدن,عضو شدن,706,همکاری . تعاون,فعل,6676,entries/0651-0741.md,entry-0706
عضو شدن,عضو شدن,708,گروه اجتماعی,فعل,6697,entries/0651-0741.md,entry-0708
عضو شدن,عضو شدن,775,مالکیت مشاع,فعل,7353,entries/0742-0850.md,entry-0775
عضو شورا,عضو شورا,53,جزء,اسم,539,entries/0001-0090.md,entry-0053
عضو شورا,عضو شورا,692,شورا,اسم,6549,entries/0651-0741.md,entry-0692
عضو شورا,عضو شورا,754,مأمور,اسم,7163,entries/0742-0850.md,entry-0754
عضو شورا,عضو شورا,953,قانونیت,اسم,9025,entries/0851-0969.md,entry-0953
عضو علی‌البدل,عضو علی‌البدل,150,جایگزینی: گذاشتن چیزی درجای دیگری,اسم,1384,entries/0091-0193.md,entry-0150
عضو فعال,عضو فعال,882,اجتماعی بودن . معاشرت,اسم,8383,entries/0851-0969.md,entry-0882
عضو متعصب,عضو متعصب,708,گروه اجتماعی,اسم,6692,entries/0651-0741.md,entry-0708
عضو مقننه,عضو مقننه,692,شورا,اسم,6549,entries/0651-0741.md,entry-0692
عضو موظف هیئت مدیره,عضو موظف هیئت مدیره,690,مدیر . رهبر 690#,اسم,6534,entries/0651-0741.md,entry-0690
عضو هیئت علمی,عضو هیئت علمی,537,آموزگار,اسم,5058,entries/0438-0543.md,entry-0537
عضو هیئت منصفه,عضو هیئت منصفه,957,قاضی,اسم,9063,entries/0851-0969.md,entry-0957
عضو هیئت گماشته,عضو هیئت گماشته,754,مأمور,اسم,7163,entries/0742-0850.md,entry-0754
عضو وابسته,عضو وابسته,708,گروه اجتماعی,اسم,6689,entries/0651-0741.md,entry-0708
عضو پولیتبورو,عضو پولیتبورو,708,گروه اجتماعی,اسم,6692,entries/0651-0741.md,entry-0708
عضو پیوسته,عضو پیوسته,708,گروه اجتماعی,اسم,6689,entries/0651-0741.md,entry-0708
عضو کردن,عضو کردن,706,همکاری . تعاون,فعل,6677,entries/0651-0741.md,entry-0706
عضوحزب باد,عضوحزب باد,84,عدم تطبیق,اسم,847,entries/0001-0090.md,entry-0084
عضوحزب باد,عضوحزب باد,545,فریبکار,اسم,5129,entries/0544-0650.md,entry-0545
عضوحزب باد,عضوحزب باد,603,بی ثباتی . بوالهوسی,اسم,5645,entries/0544-0650.md,entry-0603
عضوحزب باد,عضوحزب باد,918,فقدان وظیفه,اسم,8723,entries/0851-0969.md,entry-0918
عضوعضو,عضوعضو,53,جزء,صفت,543,entries/0001-0090.md,entry-0053
عضوی,عضوی,53,جزء,صفت,544,entries/0001-0090.md,entry-0053
عضویت,عضویت,78,شمول . دربر داشتن,اسم,782,entries/0001-0090.md,entry-0078
عضویت,عضویت,678,فعالیت . بیداری,اسم,6422,entries/0651-0741.md,entry-0678
عضویت,عضویت,706,همکاری . تعاون,اسم,6673,entries/0651-0741.md,entry-0706
عضویت,عضویت,775,مالکیت مشاع,اسم,7350,entries/0742-0850.md,entry-0775
عضویت,عضویت,882,اجتماعی بودن . معاشرت,اسم,8379,entries/0851-0969.md,entry-0882
عضویت افتخاری,عضویت افتخاری,597,رغبت . داوطلبی,اسم,5600,entries/0544-0650.md,entry-0597
عطا,عطا,781,دهش,اسم,7406,entries/0742-0850.md,entry-0781
عطا,عطا,897,نیکخواهی,اسم,8530,entries/0851-0969.md,entry-0897
عطار,عطار,368,گیاه‌شناسی,اسم,3497,entries/0302-0437.md,entry-0368
عطار,عطار,396,عطر,اسم,3725,entries/0302-0437.md,entry-0396
عطار,عطار,658,درمان,اسم,6231,entries/0651-0741.md,entry-0658
عطار,عطار,794,تاجر,اسم,7524,entries/0742-0850.md,entry-0794
عطارد (تیر),عطارد (تیر),321,کیهان,اسم,3090,entries/0302-0437.md,entry-0321
عطاری,عطاری,622,اشتغال,اسم,5847,entries/0544-0650.md,entry-0622
عطاری,عطاری,796,بازار,اسم,7535,entries/0742-0850.md,entry-0796
عطایا,عطایا,781,دهش,اسم,7407,entries/0742-0850.md,entry-0781
عطر,عطر,394,بو,اسم,3713,entries/0302-0437.md,entry-0394
عطر,عطر,396,عطر,اسم,3725,entries/0302-0437.md,entry-0396
عطر زدن,عطر زدن,396,عطر,فعل,3727,entries/0302-0437.md,entry-0396
عطرآگین,عطرآگین,396,عطر,صفت,3726,entries/0302-0437.md,entry-0396
عطرآگین,عطرآگین,826,لذت‌بخشی . لطف,صفت,7810,entries/0742-0850.md,entry-0826
عطرافشان,عطرافشان,396,عطر,صفت,3726,entries/0302-0437.md,entry-0396
عطردان,عطردان,194,ظرف,اسم,1854,entries/0194-0301.md,entry-0194
عطرسازی,عطرسازی,396,عطر,اسم,3725,entries/0302-0437.md,entry-0396
عطرمایه,عطرمایه,396,عطر,اسم,3725,entries/0302-0437.md,entry-0396
عطری,عطری,396,عطر,صفت,3726,entries/0302-0437.md,entry-0396
عطریات,عطریات,396,عطر,اسم,3725,entries/0302-0437.md,entry-0396
عطسه,عطسه,300,دفع . طرد 300#,اسم,2862,entries/0194-0301.md,entry-0300
عطسه,عطسه,402,صدای انفجاری,اسم,3770,entries/0302-0437.md,entry-0402
عطش,عطش,859,میل,اسم,8154,entries/0851-0969.md,entry-0859
عطش داشتن,عطش داشتن,859,میل,فعل,8165,entries/0851-0969.md,entry-0859
عطشان,عطشان,859,میل,صفت,8160,entries/0851-0969.md,entry-0859
عطشناک,عطشناک,859,میل,صفت,8162,entries/0851-0969.md,entry-0859
عطش‌آور,عطش‌آور,859,میل,صفت,8163,entries/0851-0969.md,entry-0859
عطف,عطف,9,رابطه . ربط,اسم,106,entries/0001-0090.md,entry-0009
عطف,عطف,62,تنظیم,اسم,632,entries/0001-0090.md,entry-0062
عطف,عطف,158,اِسناد: نسبت دادنِ علت,اسم,1475,entries/0091-0193.md,entry-0158
عطف,عطف,179,گرایش,اسم,1697,entries/0091-0193.md,entry-0179
عطف,عطف,186,موقعیت,اسم,1759,entries/0091-0193.md,entry-0186
عطف,عطف,514,معنی,اسم,4819,entries/0438-0543.md,entry-0514
عطف,عطف,587,چاپ,اسم,5454,entries/0544-0650.md,entry-0587
عطف به‌ماسبق,عطف به‌ماسبق,125,گذشته,صفت,1154,entries/0091-0193.md,entry-0125
عطف کردن,عطف کردن,158,اِسناد: نسبت دادنِ علت,فعل,1477,entries/0091-0193.md,entry-0158
عطوفت,عطوفت,327,نرمی . انعطاف,اسم,3157,entries/0302-0437.md,entry-0327
عطوفت,عطوفت,880,دوستی 880#,اسم,8357,entries/0851-0969.md,entry-0880
عطوفت,عطوفت,889,نوازش,اسم,8460,entries/0851-0969.md,entry-0889
عطوفت,عطوفت,897,نیکخواهی,اسم,8530,entries/0851-0969.md,entry-0897
عطوفت,عطوفت,909,عفو . بخشش,اسم,8634,entries/0851-0969.md,entry-0909
عطیه,عطیه,593,شعر و نثر,اسم,5517,entries/0544-0650.md,entry-0593
عطیه,عطیه,729,جایزه,اسم,6925,entries/0651-0741.md,entry-0729
عطیه,عطیه,781,دهش,اسم,7407,entries/0742-0850.md,entry-0781
عطیه,عطیه,962,پاداش,اسم,9099,entries/0851-0969.md,entry-0962
عظام,عظام,34,برتری,صفت,347,entries/0001-0090.md,entry-0034
عظام,عظام,741,رئیس,صفت,7059,entries/0651-0741.md,entry-0741
عظام,عظام,929,درستی . درستکاری,صفت,8838,entries/0851-0969.md,entry-0929
عظما,عظما,34,برتری,صفت,347,entries/0001-0090.md,entry-0034
عظما,عظما,638,اهمیت,صفت,6002,entries/0544-0650.md,entry-0638
عظما,عظما,741,رئیس,صفت,7059,entries/0651-0741.md,entry-0741
عظما,عظما,929,درستی . درستکاری,صفت,8838,entries/0851-0969.md,entry-0929
عظما,عظما,937,انسان والا,اسم,8903,entries/0851-0969.md,entry-0937
عظمت,عظمت,32,بزرگی,اسم,320,entries/0001-0090.md,entry-0032
عظمت,عظمت,73,ردیف 73#,اسم,734,entries/0001-0090.md,entry-0073
عظمت,عظمت,195,درشتی . اندازه,اسم,1881,entries/0194-0301.md,entry-0195
عظمت,عظمت,638,اهمیت,اسم,5998,entries/0544-0650.md,entry-0638
عظمت,عظمت,733,اقتدار 733#,اسم,6964,entries/0651-0741.md,entry-0733
عظمت,عظمت,800,ثروت 800#,اسم,7563,entries/0742-0850.md,entry-0800
عظمت,عظمت,841,زیبایی,اسم,7979,entries/0742-0850.md,entry-0841
عظمت,عظمت,868,نجبا,اسم,8248,entries/0851-0969.md,entry-0868
عظمت ◄ بزرگی,عظمت ◄ بزرگی,733,اقتدار 733#,اسم,6960,entries/0651-0741.md,entry-0733
عظیم,عظیم,32,بزرگی,صفت,325,entries/0001-0090.md,entry-0032
عظیم,عظیم,183,فضا 183#,صفت,1741,entries/0091-0193.md,entry-0183
عظیم,عظیم,195,درشتی . اندازه,صفت,1884,entries/0194-0301.md,entry-0195
عظیم,عظیم,306,زیاده‌روی . فزونی (حرکت فراتر),صفت,2953,entries/0302-0437.md,entry-0306
عظیم,عظیم,470,عدم امکان . امتناع 470#,صفت,4365,entries/0438-0543.md,entry-0470
عظیم,عظیم,637,وفور,صفت,5990,entries/0544-0650.md,entry-0637
عظیم,عظیم,638,اهمیت,صفت,6002,entries/0544-0650.md,entry-0638
عظیم,عظیم,965,ذات خداوندی,اسم,9138,entries/0851-0969.md,entry-0965
عظیم‌الجثه,عظیم‌الجثه,32,بزرگی,صفت,325,entries/0001-0090.md,entry-0032
عظیم‌الجثه,عظیم‌الجثه,162,قدرت,صفت,1528,entries/0091-0193.md,entry-0162
عظیم‌الجثه,عظیم‌الجثه,195,درشتی . اندازه,صفت,1885,entries/0194-0301.md,entry-0195
عظیم‌الشأن,عظیم‌الشأن,866,خوش‌نامی,صفت,8225,entries/0851-0969.md,entry-0866
عظیم‌الشأن,عظیم‌الشأن,929,درستی . درستکاری,صفت,8838,entries/0851-0969.md,entry-0929
عفاف,عفاف,929,درستی . درستکاری,اسم,8836,entries/0851-0969.md,entry-0929
عفاف,عفاف,933,پرهیزگاری,اسم,8869,entries/0851-0969.md,entry-0933
عفاف,عفاف,950,عفت . پاکدامنی 950#,اسم,8997,entries/0851-0969.md,entry-0950
عفت,عفت,44,سادگی,اسم,431,entries/0001-0090.md,entry-0044
عفت,عفت,648,پاکیزگی,اسم,6090,entries/0544-0650.md,entry-0648
عفت,عفت,929,درستی . درستکاری,اسم,8836,entries/0851-0969.md,entry-0929
عفت,عفت,933,پرهیزگاری,اسم,8869,entries/0851-0969.md,entry-0933
عفت,عفت,950,عفت . پاکدامنی 950#,اسم,8997,entries/0851-0969.md,entry-0950
عفت‌فروشی,عفت‌فروشی,950,عفت . پاکدامنی 950#,اسم,8998,entries/0851-0969.md,entry-0950
عفریت,عفریت,842,زشتی,اسم,7991,entries/0742-0850.md,entry-0842
عفریت,عفریت,899,نفرین,اسم,8555,entries/0851-0969.md,entry-0899
عفریت,عفریت,969,شیطان,اسم,9164,entries/0851-0969.md,entry-0969
عفریته,عفریته,899,نفرین,اسم,8555,entries/0851-0969.md,entry-0899
عفن,عفن,653,ناگوارایی,صفت,6163,entries/0651-0741.md,entry-0653
عفو,عفو,506,فراموشی,اسم,4733,entries/0438-0543.md,entry-0506
عفو,عفو,719,آشتی . برقراری صلح,اسم,6811,entries/0651-0741.md,entry-0719
عفو,عفو,781,دهش,اسم,7406,entries/0742-0850.md,entry-0781
عفو,عفو,897,نیکخواهی,اسم,8530,entries/0851-0969.md,entry-0897
عفو,عفو,905,دلسوزی . ترحم,اسم,8600,entries/0851-0969.md,entry-0905
عفو,عفو,909,عفو . بخشش,اسم,8634,entries/0851-0969.md,entry-0909
عفو,عفو,960,تبرئه 960#,اسم,9087,entries/0851-0969.md,entry-0960
عفو خواستن (طلبیدن),عفو خواستن (طلبیدن),941,دلجویی . پوزش,فعل,8932,entries/0851-0969.md,entry-0941
عفو شده,عفو شده,506,فراموشی,صفت,4736,entries/0438-0543.md,entry-0506
عفو کردن,عفو کردن,746,آزادسازی,فعل,7106,entries/0742-0850.md,entry-0746
عفو کردن,عفو کردن,909,عفو . بخشش,فعل,8637,entries/0851-0969.md,entry-0909
عفوشده,عفوشده,909,عفو . بخشش,صفت,8636,entries/0851-0969.md,entry-0909
عفونت,عفونت,43,آمیختگی 43#,اسم,416,entries/0001-0090.md,entry-0043
عفونت,عفونت,397,بوی بد,اسم,3731,entries/0302-0437.md,entry-0397
عفونت,عفونت,651,بیماری . ضعف جسمانی,اسم,6128,entries/0651-0741.md,entry-0651
عفونت,عفونت,653,ناگوارایی,اسم,6161,entries/0651-0741.md,entry-0653
عفونت,عفونت,659,مایۀ هلاک . زهر,اسم,6245,entries/0651-0741.md,entry-0659
عفونت651,عفونت651,649,ناپاکی . آلودگی,اسم,6105,entries/0544-0650.md,entry-0649
عفونی,عفونی,651,بیماری . ضعف جسمانی,صفت,6148,entries/0651-0741.md,entry-0651
عفیف,عفیف,44,سادگی,صفت,436,entries/0001-0090.md,entry-0044
عفیف,عفیف,573,سادگی [کلام],صفت,5354,entries/0544-0650.md,entry-0573
عفیف,عفیف,929,درستی . درستکاری,صفت,8838,entries/0851-0969.md,entry-0929
عفیف,عفیف,933,پرهیزگاری,صفت,8871,entries/0851-0969.md,entry-0933
عفیف,عفیف,950,عفت . پاکدامنی 950#,اسم,8999,entries/0851-0969.md,entry-0950
عفیف نبودن,عفیف نبودن,951,بی‌عفتی,فعل,9012,entries/0851-0969.md,entry-0951
عقاب,عقاب,321,کیهان,اسم,3088,entries/0302-0437.md,entry-0321
عقاب,عقاب,365,حیوانات,اسم,3457,entries/0302-0437.md,entry-0365
عقاب,عقاب,547,دلالت,اسم,5158,entries/0544-0650.md,entry-0547
عقاب ◄ پرندگان,عقاب ◄ پرندگان,619,پیگیری,اسم,5822,entries/0544-0650.md,entry-0619
عقابی,عقابی,254,برجستگی,صفت,2439,entries/0194-0301.md,entry-0254
عقاید,عقاید,485,باور,اسم,4525,entries/0438-0543.md,entry-0485
عقب,عقب,14,مغایرت . دیگر بودن,اسم,151,entries/0001-0090.md,entry-0014
عقب,عقب,65,تعاقب [در ترتیب] . توالی,اسم,659,entries/0001-0090.md,entry-0065
عقب,عقب,67,پیامد,اسم,677,entries/0001-0090.md,entry-0067
عقب,عقب,69,پایان,اسم,699,entries/0001-0090.md,entry-0069
عقب,عقب,199,دوری,اسم,1923,entries/0194-0301.md,entry-0199
عقب,عقب,238,عقب,اسم,2298,entries/0194-0301.md,entry-0238
عقب,عقب,239,کنار,اسم,2306,entries/0194-0301.md,entry-0239
عقب,عقب,240,روبرو 240#,اسم,2313,entries/0194-0301.md,entry-0240
عقب ازاقساط,عقب ازاقساط,805,عدم پرداخت,صفت,7611,entries/0742-0850.md,entry-0805
عقب انداختن,عقب انداختن,136,تأخیر,فعل,1254,entries/0091-0193.md,entry-0136
عقب بودن,عقب بودن,238,عقب,فعل,2301,entries/0194-0301.md,entry-0238
عقب راندن,عقب راندن,713,پاتک . دفاع,فعل,6750,entries/0651-0741.md,entry-0713
عقب رفتن,عقب رفتن,286,پسروی . پسرفت,فعل,2746,entries/0194-0301.md,entry-0286
عقب رفتن,عقب رفتن,290,دور شدن 290#,فعل,2776,entries/0194-0301.md,entry-0290
عقب رفتگی,عقب رفتگی,255,تقعر,اسم,2444,entries/0194-0301.md,entry-0255
عقب زدن,عقب زدن,727,موفقیت,فعل,6907,entries/0651-0741.md,entry-0727
عقب عقب رفتن,عقب عقب رفتن,657,عود,فعل,6213,entries/0651-0741.md,entry-0657
عقب ماندن,عقب ماندن,238,عقب,فعل,2301,entries/0194-0301.md,entry-0238
عقب ماندن,عقب ماندن,307,کاستی . نارسایی . کسری (حرکت نیمه‌تمام) 307,فعل,2963,entries/0302-0437.md,entry-0307
عقب ماندگی,عقب ماندگی,499,حماقت,اسم,4663,entries/0438-0543.md,entry-0499
عقب نشاندن,عقب نشاندن,613,بازداشتن,فعل,5758,entries/0544-0650.md,entry-0613
عقب نشستن,عقب نشستن,280,پس‌نشینی 280#,فعل,2699,entries/0194-0301.md,entry-0280
عقب نشستن,عقب نشستن,721,تسلیم,فعل,6827,entries/0651-0741.md,entry-0721
عقب هم رفتن,عقب هم رفتن,65,تعاقب [در ترتیب] . توالی,فعل,663,entries/0001-0090.md,entry-0065
عقب کشیدن,عقب کشیدن,290,دور شدن 290#,فعل,2776,entries/0194-0301.md,entry-0290
عقبه,عقبه,40,متمّم 40#,اسم,399,entries/0001-0090.md,entry-0040
عقبه,عقبه,65,تعاقب [در ترتیب] . توالی,اسم,659,entries/0001-0090.md,entry-0065
عقبه,عقبه,67,پیامد,اسم,679,entries/0001-0090.md,entry-0067
عقبه,عقبه,170,اعقاب . فرزند 170#,اسم,1607,entries/0091-0193.md,entry-0170
عقبه,عقبه,238,عقب,اسم,2298,entries/0194-0301.md,entry-0238
عقبه,عقبه,255,تقعر,اسم,2445,entries/0194-0301.md,entry-0255
عقبه,عقبه,700,دشواری 700#,اسم,6616,entries/0651-0741.md,entry-0700
عقبِ,عقبِ,199,دوری,قید,1927,entries/0194-0301.md,entry-0199
عقبِ,عقبِ,238,عقب,قید,2302,entries/0194-0301.md,entry-0238
عقبی,عقبی,120,تأخر [درزمان] 120#,صفت,1110,entries/0091-0193.md,entry-0120
عقبی,عقبی,238,عقب,صفت,2300,entries/0194-0301.md,entry-0238
عقب‌افتاده,عقب‌افتاده,136,تأخیر,صفت,1250,entries/0091-0193.md,entry-0136
عقب‌افتاده,عقب‌افتاده,501,نادان,اسم,4678,entries/0438-0543.md,entry-0501
عقب‌افتاده,عقب‌افتاده,503,دیوانگی,صفت,4695,entries/0438-0543.md,entry-0503
عقب‌افتادگی,عقب‌افتادگی,136,تأخیر,اسم,1249,entries/0091-0193.md,entry-0136
عقب‌عقب رفتن,عقب‌عقب رفتن,238,عقب,اسم,2298,entries/0194-0301.md,entry-0238
عقب‌مانده,عقب‌مانده,136,تأخیر,صفت,1250,entries/0091-0193.md,entry-0136
عقب‌مانده,عقب‌مانده,286,پسروی . پسرفت,صفت,2745,entries/0194-0301.md,entry-0286
عقب‌مانده,عقب‌مانده,501,نادان,اسم,4678,entries/0438-0543.md,entry-0501
عقب‌مانده,عقب‌مانده,503,دیوانگی,صفت,4695,entries/0438-0543.md,entry-0503
عقب‌مانده,عقب‌مانده,670,فقدان آمادگی 670#,صفت,6353,entries/0651-0741.md,entry-0670
عقب‌مانده ◄ نارس,عقب‌مانده ◄ نارس,670,فقدان آمادگی 670#,صفت,6352,entries/0651-0741.md,entry-0670
عقب‌ماندگی,عقب‌ماندگی,55,ناقص . نقصان (کامل نبودن),اسم,561,entries/0001-0090.md,entry-0055
عقب‌ماندگی,عقب‌ماندگی,136,تأخیر,اسم,1249,entries/0091-0193.md,entry-0136
عقب‌ماندگی,عقب‌ماندگی,238,عقب,اسم,2298,entries/0194-0301.md,entry-0238
عقب‌ماندگی,عقب‌ماندگی,244,بی‌شکلی,اسم,2345,entries/0194-0301.md,entry-0244
عقب‌ماندگی,عقب‌ماندگی,499,حماقت,اسم,4662,entries/0438-0543.md,entry-0499
عقب‌ماندگی,عقب‌ماندگی,647,نقص: فقدان کمال,اسم,6082,entries/0544-0650.md,entry-0647
عقب‌ماندگی,عقب‌ماندگی,670,فقدان آمادگی 670#,اسم,6351,entries/0651-0741.md,entry-0670
عقب‌ماندگی,عقب‌ماندگی,726,عدم تکمیل,اسم,6891,entries/0651-0741.md,entry-0726
عقب‌ماندۀ ذهنی,عقب‌ماندۀ ذهنی,499,حماقت,اسم,4664,entries/0438-0543.md,entry-0499
عقب‌نشینی,عقب‌نشینی,240,روبرو 240#,اسم,2314,entries/0194-0301.md,entry-0240
عقب‌نشینی,عقب‌نشینی,280,پس‌نشینی 280#,اسم,2697,entries/0194-0301.md,entry-0280
عقب‌نشینی,عقب‌نشینی,286,پسروی . پسرفت,اسم,2743,entries/0194-0301.md,entry-0286
عقب‌نشینی,عقب‌نشینی,290,دور شدن 290#,اسم,2774,entries/0194-0301.md,entry-0290
عقب‌نشینی,عقب‌نشینی,296,خروج,اسم,2814,entries/0194-0301.md,entry-0296
عقب‌نشینی,عقب‌نشینی,300,دفع . طرد 300#,اسم,2861,entries/0194-0301.md,entry-0300
عقب‌نشینی,عقب‌نشینی,603,بی ثباتی . بوالهوسی,اسم,5644,entries/0544-0650.md,entry-0603
عقب‌نشینی,عقب‌نشینی,621,چشم‌پوشی,اسم,5838,entries/0544-0650.md,entry-0621
عقب‌نشینی,عقب‌نشینی,667,فرار,اسم,6314,entries/0651-0741.md,entry-0667
عقب‌نشینی,عقب‌نشینی,688,رفتار,اسم,6516,entries/0651-0741.md,entry-0688
عقب‌نشینی,عقب‌نشینی,713,پاتک . دفاع,اسم,6741,entries/0651-0741.md,entry-0713
عقب‌نشینی,عقب‌نشینی,718,جنگ,اسم,6798,entries/0651-0741.md,entry-0718
عقب‌نشینی,عقب‌نشینی,721,تسلیم,اسم,6825,entries/0651-0741.md,entry-0721
عقب‌نشینی,عقب‌نشینی,728,شکست: عجز درانجام,اسم,6913,entries/0651-0741.md,entry-0728
عقب‌نشینی,عقب‌نشینی,779,عدم نگهداری,اسم,7386,entries/0742-0850.md,entry-0779
عقب‌نشینی کردن,عقب‌نشینی کردن,286,پسروی . پسرفت,فعل,2746,entries/0194-0301.md,entry-0286
عقب‌گرد,عقب‌گرد,240,روبرو 240#,اسم,2314,entries/0194-0301.md,entry-0240
عقب‌گرد,عقب‌گرد,286,پسروی . پسرفت,اسم,2744,entries/0194-0301.md,entry-0286
عقد,عقد,764,قول,اسم,7243,entries/0742-0850.md,entry-0764
عقد,عقد,765,قرارداد,اسم,7249,entries/0742-0850.md,entry-0765
عقد,عقد,894,ازدواج,اسم,8502,entries/0851-0969.md,entry-0894
عقد در آسمانها,عقد در آسمانها,608,ازپیش تعیین‌شدگی,اسم,5696,entries/0544-0650.md,entry-0608
عقد کردن,عقد کردن,90,دوگانگی 90#,فعل,912,entries/0001-0090.md,entry-0090
عقد کردن,عقد کردن,605,انتخاب,فعل,5669,entries/0544-0650.md,entry-0605
عقدشده,عقدشده,605,انتخاب,صفت,5668,entries/0544-0650.md,entry-0605
عقدشده,عقدشده,773,مالکیت,صفت,7334,entries/0742-0850.md,entry-0773
عقدشده,عقدشده,778,نگهداری,صفت,7381,entries/0742-0850.md,entry-0778
عقدنامه,عقدنامه,765,قرارداد,اسم,7249,entries/0742-0850.md,entry-0765
عقدنامه,عقدنامه,894,ازدواج,اسم,8502,entries/0851-0969.md,entry-0894
عقده,عقده,253,تحدب,اسم,2425,entries/0194-0301.md,entry-0253
عقده,عقده,324,تراکم . چگالی 324#,اسم,3133,entries/0302-0437.md,entry-0324
عقده,عقده,503,دیوانگی,اسم,4690,entries/0438-0543.md,entry-0503
عقده,عقده,881,دشمنی,اسم,8370,entries/0851-0969.md,entry-0881
عقده باز کردن,عقده باز کردن,62,تنظیم,فعل,639,entries/0001-0090.md,entry-0062
عقده گشودن,عقده گشودن,62,تنظیم,فعل,639,entries/0001-0090.md,entry-0062
عقده‌گشا[ی],عقده‌گشا[ی],410,آهنگ . ملودی: صدای هنجار 410#,اسم,3816,entries/0302-0437.md,entry-0410
عقده‌گشایی,عقده‌گشایی,831,تسکین,اسم,7858,entries/0742-0850.md,entry-0831
عقدکردن,عقدکردن,894,ازدواج,فعل,8511,entries/0851-0969.md,entry-0894
عقدکرده,عقدکرده,894,ازدواج,صفت,8508,entries/0851-0969.md,entry-0894
عقدکنان,عقدکنان,894,ازدواج,اسم,8504,entries/0851-0969.md,entry-0894
عقدۀ خودکم‌بینی,عقدۀ خودکم‌بینی,911,حسادت,اسم,8650,entries/0851-0969.md,entry-0911
عقدی,عقدی,894,ازدواج,صفت,8508,entries/0851-0969.md,entry-0894
عقرب,عقرب,321,کیهان,اسم,3089,entries/0302-0437.md,entry-0321
عقرب,عقرب,365,حیوانات,اسم,3466,entries/0302-0437.md,entry-0365
عقرب,عقرب,659,مایۀ هلاک . زهر,اسم,6246,entries/0651-0741.md,entry-0659
عقرب,عقرب,904,بدکار,اسم,8596,entries/0851-0969.md,entry-0904
عقربه,عقربه,465,اندازه‌گیری . سنجش,اسم,4309,entries/0438-0543.md,entry-0465
عقربه,عقربه,547,دلالت,اسم,5153,entries/0544-0650.md,entry-0547
عقربه‌‌دار,عقربه‌‌دار,117,زمان‌سنجی,اسم,1090,entries/0091-0193.md,entry-0117
عقربک,عقربک,465,اندازه‌گیری . سنجش,اسم,4309,entries/0438-0543.md,entry-0465
عقربک,عقربک,547,دلالت,اسم,5153,entries/0544-0650.md,entry-0547
عقربۀ ساعت‌شمار (دقیقه‌شمار,عقربۀ ساعت‌شمار (دقیقه‌شمار,117,زمان‌سنجی,اسم,1090,entries/0091-0193.md,entry-0117
عقل,عقل,256,تیزی 256#,اسم,2456,entries/0194-0301.md,entry-0256
عقل,عقل,447,شعور 447#,اسم,4126,entries/0438-0543.md,entry-0447
عقل,عقل,498,هوش . فراست,اسم,4655,entries/0438-0543.md,entry-0498
عقل,عقل,502,عقل . سلامت عقل,اسم,4682,entries/0438-0543.md,entry-0502
عقل اول,عقل اول,156,علیت . علت 156#,اسم,1453,entries/0091-0193.md,entry-0156
عقل خود را به کاربردن,عقل خود را به کاربردن,498,هوش . فراست,فعل,4658,entries/0438-0543.md,entry-0498
عقل خودرا ازدست دادن,عقل خودرا ازدست دادن,503,دیوانگی,فعل,4699,entries/0438-0543.md,entry-0503
عقل سالم داشتن,عقل سالم داشتن,502,عقل . سلامت عقل,فعل,4684,entries/0438-0543.md,entry-0502
عقل سلیم,عقل سلیم,502,عقل . سلامت عقل,اسم,4682,entries/0438-0543.md,entry-0502
عقل معاش,عقل معاش,814,صرفه‌جویی,اسم,7685,entries/0742-0850.md,entry-0814
عقلا,عقلا,492,دانشمند,اسم,4607,entries/0438-0543.md,entry-0492
عقلا,عقلا,500,دانا 500#,اسم,4671,entries/0438-0543.md,entry-0500
عقلانی,عقلانی,447,شعور 447#,صفت,4130,entries/0438-0543.md,entry-0447
عقلانی,عقلانی,475,استدلال . تعقل,صفت,4427,entries/0438-0543.md,entry-0475
عقلایی,عقلایی,447,شعور 447#,صفت,4130,entries/0438-0543.md,entry-0447
عقلایی,عقلایی,475,استدلال . تعقل,صفت,4427,entries/0438-0543.md,entry-0475
عقلایی,عقلایی,516,قابل درک,صفت,4837,entries/0438-0543.md,entry-0516
عقلی,عقلی,447,شعور 447#,صفت,4130,entries/0438-0543.md,entry-0447
عقل‌باختگی,عقل‌باختگی,503,دیوانگی,اسم,4689,entries/0438-0543.md,entry-0503
عقل‌رس,عقل‌رس,498,هوش . فراست,صفت,4656,entries/0438-0543.md,entry-0498
عقل‌رس,عقل‌رس,502,عقل . سلامت عقل,صفت,4683,entries/0438-0543.md,entry-0502
عقل‌گرایی,عقل‌گرایی,449,اندیشه,اسم,4144,entries/0438-0543.md,entry-0449
عقل‌گرایی,عقل‌گرایی,475,استدلال . تعقل,اسم,4421,entries/0438-0543.md,entry-0475
عقوبت,عقوبت,963,مجازات . تنبیه,اسم,9107,entries/0851-0969.md,entry-0963
عقیدتی,عقیدتی,451,ایده,صفت,4168,entries/0438-0543.md,entry-0451
عقیدتی,عقیدتی,485,باور,صفت,4529,entries/0438-0543.md,entry-0485
عقیدتی-سیاسی,عقیدتی-سیاسی,485,باور,صفت,4529,entries/0438-0543.md,entry-0485
عقیدتی-سیاسی,عقیدتی-سیاسی,722,رزمنده,اسم,6838,entries/0651-0741.md,entry-0722
عقیده,عقیده,451,ایده,اسم,4167,entries/0438-0543.md,entry-0451
عقیده,عقیده,485,باور,اسم,4526,entries/0438-0543.md,entry-0485
عقیده,عقیده,512,تصور . خاطر,اسم,4793,entries/0438-0543.md,entry-0512
عقیده,عقیده,708,گروه اجتماعی,اسم,6688,entries/0651-0741.md,entry-0708
عقیده به‌خرافات,عقیده به‌خرافات,982,بت‌پرستی,اسم,9287,entries/0970-0991.md,entry-0982
عقیده‌فروشی,عقیده‌فروشی,930,نادرستی 930#,اسم,8845,entries/0851-0969.md,entry-0930
عقیدۀ تازه برخلاف مذهب اصلی,عقیدۀ تازه برخلاف مذهب اصلی,977,بدعت,اسم,9230,entries/0970-0991.md,entry-0977
عقیق,عقیق,431,سرخ,اسم,3987,entries/0302-0437.md,entry-0431
عقیق,عقیق,844,تزیین,اسم,8018,entries/0742-0850.md,entry-0844
عقیقی,عقیقی,431,سرخ,صفت,3989,entries/0302-0437.md,entry-0431
عقیم,عقیم,161,ناتوانی,اسم,1510,entries/0091-0193.md,entry-0161
عقیم,عقیم,172,سترونی,صفت,1626,entries/0091-0193.md,entry-0172
عقیم,عقیم,651,بیماری . ضعف جسمانی,صفت,6144,entries/0651-0741.md,entry-0651
عقیم بودن,عقیم بودن,84,عدم تطبیق,اسم,846,entries/0001-0090.md,entry-0084
عقیم بودن,عقیم بودن,161,ناتوانی,فعل,1514,entries/0091-0193.md,entry-0161
عقیم بودن,عقیم بودن,172,سترونی,فعل,1627,entries/0091-0193.md,entry-0172
عقیم ماندن,عقیم ماندن,307,کاستی . نارسایی . کسری (حرکت نیمه‌تمام) 307,فعل,2963,entries/0302-0437.md,entry-0307
عقیم ماندن,عقیم ماندن,728,شکست: عجز درانجام,فعل,6920,entries/0651-0741.md,entry-0728
عقیم کردن,عقیم کردن,161,ناتوانی,فعل,1515,entries/0091-0193.md,entry-0161
عقیم کردن,عقیم کردن,172,سترونی,فعل,1628,entries/0091-0193.md,entry-0172
عقیم گذاشتن,عقیم گذاشتن,182,اثر متقابل,فعل,1718,entries/0091-0193.md,entry-0182
علاء‌الدین,علاء‌الدین,383,گرم‌کننده: کوره، بخاری,اسم,3645,entries/0302-0437.md,entry-0383
علاء‌الدین,علاء‌الدین,420,روشنایی 420#,اسم,3911,entries/0302-0437.md,entry-0420
علائق,علائق,817,خوی 817#,اسم,7716,entries/0742-0850.md,entry-0817
علائم,علائم,89,همراهی,اسم,903,entries/0001-0090.md,entry-0089
علائم,علائم,651,بیماری . ضعف جسمانی,اسم,6125,entries/0651-0741.md,entry-0651
علائم اعلام شدۀ بیمار,علائم اعلام شدۀ بیمار,651,بیماری . ضعف جسمانی,اسم,6125,entries/0651-0741.md,entry-0651
علائم بیماری,علائم بیماری,651,بیماری . ضعف جسمانی,اسم,6125,entries/0651-0741.md,entry-0651
علائم تجاری,علائم تجاری,21,نوآوری,اسم,213,entries/0001-0090.md,entry-0021
علائم تجاری,علائم تجاری,57,بیرون گذاشتن,اسم,580,entries/0001-0090.md,entry-0057
علائم تجاری,علائم تجاری,547,دلالت,اسم,5158,entries/0544-0650.md,entry-0547
علائم تجاری ◄ انحصارات,علائم تجاری ◄ انحصارات,777,دارایی . مِلک 777#,اسم,7366,entries/0742-0850.md,entry-0777
علائم تشخیص‌دهنده,علائم تشخیص‌دهنده,5,عرضیت,اسم,66,entries/0001-0090.md,entry-0005
علائم راهنمایی,علائم راهنمایی,305,گذر 305#,اسم,2945,entries/0302-0437.md,entry-0305
علائم راهنمایی,علائم راهنمایی,547,دلالت,اسم,5152,entries/0544-0650.md,entry-0547
علائم راهنمایی,علائم راهنمایی,665,علامت خطر,اسم,6300,entries/0651-0741.md,entry-0665
علائم ریاضی,علائم ریاضی,86,شمارش,اسم,870,entries/0001-0090.md,entry-0086
علائم ریاضی ◄ عمل ریاضی,علائم ریاضی ◄ عمل ریاضی,547,دلالت,اسم,5150,entries/0544-0650.md,entry-0547
علاج,علاج,615,خِیر . سعادت,اسم,5771,entries/0544-0650.md,entry-0615
علاج,علاج,642,مصلحت,اسم,6038,entries/0544-0650.md,entry-0642
علاج,علاج,656,بازسازی,اسم,6197,entries/0651-0741.md,entry-0656
علاج,علاج,658,درمان,اسم,6217,entries/0651-0741.md,entry-0658
علاج ناپذیر,علاج ناپذیر,5,عرضیت,صفت,71,entries/0001-0090.md,entry-0005
علاج ناپذیر,علاج ناپذیر,651,بیماری . ضعف جسمانی,صفت,6145,entries/0651-0741.md,entry-0651
علاج کردن,علاج کردن,656,بازسازی,فعل,6206,entries/0651-0741.md,entry-0656
علاج‌دهنده,علاج‌دهنده,658,درمان,صفت,6235,entries/0651-0741.md,entry-0658
علاج‌کننده,علاج‌کننده,642,مصلحت,صفت,6039,entries/0544-0650.md,entry-0642
علاحده (علی‌حده),علاحده (علی‌حده),46,عدم اتحاد . گسیختگی,صفت,466,entries/0001-0090.md,entry-0046
علاف,علاف,794,تاجر,اسم,7524,entries/0742-0850.md,entry-0794
علافی,علافی,622,اشتغال,اسم,5847,entries/0544-0650.md,entry-0622
علاقمند (علاقه‌مند),علاقمند (علاقه‌مند),887,عشق,صفت,8437,entries/0851-0969.md,entry-0887
علاقمند به‌سینما,علاقمند به‌سینما,445,پدیداری . ظاهر,اسم,4096,entries/0438-0543.md,entry-0445
علاقمند کردن,علاقمند کردن,455,توجه,فعل,4203,entries/0438-0543.md,entry-0455
علاقمندان ◄ پیرو,علاقمندان ◄ پیرو,927,حمایت,اسم,8814,entries/0851-0969.md,entry-0927
علاقه,علاقه,9,رابطه . ربط,اسم,106,entries/0001-0090.md,entry-0009
علاقه,علاقه,453,کنجکاوی: میل به‌دانش,اسم,4183,entries/0438-0543.md,entry-0453
علاقه,علاقه,455,توجه,اسم,4196,entries/0438-0543.md,entry-0455
علاقه,علاقه,481,عدم تشخیص . تعصب,اسم,4489,entries/0438-0543.md,entry-0481
علاقه,علاقه,605,انتخاب,اسم,5664,entries/0544-0650.md,entry-0605
علاقه,علاقه,761,خواهش,اسم,7216,entries/0742-0850.md,entry-0761
علاقه,علاقه,777,دارایی . مِلک 777#,اسم,7366,entries/0742-0850.md,entry-0777
علاقه,علاقه,859,میل,اسم,8156,entries/0851-0969.md,entry-0859
علاقه,علاقه,880,دوستی 880#,اسم,8357,entries/0851-0969.md,entry-0880
علاقه,علاقه,887,عشق,اسم,8430,entries/0851-0969.md,entry-0887
علاقه به‌چیزها,علاقه به‌چیزها,597,رغبت . داوطلبی,اسم,5599,entries/0544-0650.md,entry-0597
علاقه را ازبین بردن,علاقه را ازبین بردن,861,بی‌میلی,فعل,8181,entries/0851-0969.md,entry-0861
علاقه را ازبین بردن,علاقه را ازبین بردن,888,نفرت,فعل,8456,entries/0851-0969.md,entry-0888
علاقه‌بند,علاقه‌بند,794,تاجر,اسم,7524,entries/0742-0850.md,entry-0794
علاقه‌مند,علاقه‌مند,859,میل,صفت,8159,entries/0851-0969.md,entry-0859
علاقه‌مندی,علاقه‌مندی,455,توجه,اسم,4196,entries/0438-0543.md,entry-0455
علامات تصحیح,علامات تصحیح,586,نگارش,اسم,5448,entries/0544-0650.md,entry-0586
علامت,علامت,4,بی‌جوهری,اسم,59,entries/0001-0090.md,entry-0004
علامت,علامت,77,طبقه‌بندی . تعیین,اسم,775,entries/0001-0090.md,entry-0077
علامت,علامت,85,عدد 85#,اسم,860,entries/0001-0090.md,entry-0085
علامت,علامت,86,شمارش,اسم,870,entries/0001-0090.md,entry-0086
علامت,علامت,89,همراهی,اسم,903,entries/0001-0090.md,entry-0089
علامت,علامت,243,شکل 243#,اسم,2337,entries/0194-0301.md,entry-0243
علامت,علامت,466,مدرک,اسم,4329,entries/0438-0543.md,entry-0466
علامت,علامت,511,پیش‌بینی . فال,اسم,4776,entries/0438-0543.md,entry-0511
علامت,علامت,524,اطلاع . آگاهی,اسم,4919,entries/0438-0543.md,entry-0524
علامت,علامت,531,مخابرات,اسم,5005,entries/0438-0543.md,entry-0531
علامت,علامت,547,دلالت,اسم,5148,entries/0544-0650.md,entry-0547
علامت,علامت,558,حرف,اسم,5250,entries/0544-0650.md,entry-0558
علامت,علامت,664,اخطار,اسم,6291,entries/0651-0741.md,entry-0664
علامت اعشار,علامت اعشار,102,کسر,اسم,965,entries/0091-0193.md,entry-0102
علامت تجاری,علامت تجاری,547,دلالت,اسم,5149,entries/0544-0650.md,entry-0547
علامت تعجب,علامت تعجب,547,دلالت,اسم,5161,entries/0544-0650.md,entry-0547
علامت تعجب,علامت تعجب,864,شگفت,اسم,8199,entries/0851-0969.md,entry-0864
علامت خطر,علامت خطر,511,پیش‌بینی . فال,اسم,4774,entries/0438-0543.md,entry-0511
علامت خطر,علامت خطر,547,دلالت,اسم,5152,entries/0544-0650.md,entry-0547
علامت خطر,علامت خطر,664,اخطار,اسم,6291,entries/0651-0741.md,entry-0664
علامت خطر,علامت خطر,665,علامت خطر,اسم,6300,entries/0651-0741.md,entry-0665
علامت خطر,علامت خطر,854,ترس,اسم,8109,entries/0851-0969.md,entry-0854
علامت دادن,علامت دادن,64,تقدم [در ترتیب],فعل,653,entries/0001-0090.md,entry-0064
علامت دادن,علامت دادن,547,دلالت,فعل,5167,entries/0544-0650.md,entry-0547
علامت سوأل,علامت سوأل,459,پرسش,اسم,4247,entries/0438-0543.md,entry-0459
علامت سوأل,علامت سوأل,547,دلالت,اسم,5161,entries/0544-0650.md,entry-0547
علامت سِرّی,علامت سِرّی,547,دلالت,اسم,5150,entries/0544-0650.md,entry-0547
علامت گذاشتن,علامت گذاشتن,547,دلالت,فعل,5164,entries/0544-0650.md,entry-0547
علامت گذاشتن,علامت گذاشتن,605,انتخاب,فعل,5670,entries/0544-0650.md,entry-0605
علامت‌گذاری,علامت‌گذاری,547,دلالت,اسم,5161,entries/0544-0650.md,entry-0547
علامه,علامه,492,دانشمند,اسم,4607,entries/0438-0543.md,entry-0492
علامه,علامه,500,دانا 500#,اسم,4671,entries/0438-0543.md,entry-0500
علانیت,علانیت,522,تجلی,اسم,4894,entries/0438-0543.md,entry-0522
علاوه,علاوه,36,افزایش,اسم,367,entries/0001-0090.md,entry-0036
علاوه,علاوه,38,جمع,اسم,384,entries/0001-0090.md,entry-0038
علاوه,علاوه,86,شمارش,اسم,870,entries/0001-0090.md,entry-0086
علاوه‌براین,علاوه‌براین,38,جمع,قید,388,entries/0001-0090.md,entry-0038
علایق,علایق,9,رابطه . ربط,اسم,106,entries/0001-0090.md,entry-0009
علایق,علایق,859,میل,اسم,8156,entries/0851-0969.md,entry-0859
علت,علت,156,علیت . علت 156#,اسم,1453,entries/0091-0193.md,entry-0156
علت,علت,178,تأثیر,اسم,1689,entries/0091-0193.md,entry-0178
علت,علت,612,انگیختن . تحریک,اسم,5734,entries/0544-0650.md,entry-0612
علت,علت,647,نقص: فقدان کمال,اسم,6083,entries/0544-0650.md,entry-0647
علت,علت,651,بیماری . ضعف جسمانی,اسم,6126,entries/0651-0741.md,entry-0651
علت,علت,671,مبادرت . اقدام,اسم,6362,entries/0651-0741.md,entry-0671
علت,علت,703,کمک,اسم,6650,entries/0651-0741.md,entry-0703
علت آغازین),علت آغازین),156,علیت . علت 156#,اسم,1454,entries/0091-0193.md,entry-0156
علت بودن,علت بودن,158,اِسناد: نسبت دادنِ علت,فعل,1478,entries/0091-0193.md,entry-0158
علت جنگ,علت جنگ,709,مناقشه,اسم,6705,entries/0651-0741.md,entry-0709
علت درونی,علت درونی,156,علیت . علت 156#,اسم,1453,entries/0091-0193.md,entry-0156
علت غایی,علت غایی,156,علیت . علت 156#,اسم,1453,entries/0091-0193.md,entry-0156
علت لازم,علت لازم,156,علیت . علت 156#,اسم,1453,entries/0091-0193.md,entry-0156
علت مرگ,علت مرگ,361,مرگ,اسم,3413,entries/0302-0437.md,entry-0361
علت موجبه,علت موجبه,156,علیت . علت 156#,اسم,1453,entries/0091-0193.md,entry-0156
علت نخستین,علت نخستین,156,علیت . علت 156#,اسم,1453,entries/0091-0193.md,entry-0156
علت و معلول,علت و معلول,156,علیت . علت 156#,اسم,1452,entries/0091-0193.md,entry-0156
علت کمکی,علت کمکی,156,علیت . علت 156#,اسم,1453,entries/0091-0193.md,entry-0156
علت یا سرچشمۀ خطر,علت یا سرچشمۀ خطر,661,خطر,اسم,6266,entries/0651-0741.md,entry-0661
علت‌العلل,علت‌العلل,156,علیت . علت 156#,اسم,1453,entries/0091-0193.md,entry-0156
علت‌العلل,علت‌العلل,965,ذات خداوندی,اسم,9136,entries/0851-0969.md,entry-0965
علت‌شناسی,علت‌شناسی,156,علیت . علت 156#,اسم,1452,entries/0091-0193.md,entry-0156
علف,علف,301,غذا: خوردن و نوشیدن,اسم,2881,entries/0194-0301.md,entry-0301
علف,علف,366,گیاهان,اسم,3474,entries/0302-0437.md,entry-0366
علف,علف,658,درمان,اسم,6223,entries/0651-0741.md,entry-0658
علف دریایی,علف دریایی,366,گیاهان,اسم,3480,entries/0302-0437.md,entry-0366
علف هرز,علف هرز,659,مایۀ هلاک . زهر,اسم,6244,entries/0651-0741.md,entry-0659
علف هرزه,علف هرزه,366,گیاهان,اسم,3480,entries/0302-0437.md,entry-0366
علفزار,علفزار,348,دشت,اسم,3305,entries/0302-0437.md,entry-0348
علفی,علفی,366,گیاهان,صفت,3484,entries/0302-0437.md,entry-0366
علف‌خوار (علف‌خور ),علف‌خوار (علف‌خور ),365,حیوانات,صفت,3470,entries/0302-0437.md,entry-0365
علف‌خواران,علف‌خواران,365,حیوانات,اسم,3455,entries/0302-0437.md,entry-0365
علف‌چر,علف‌چر,370,کشاورزی 370#,اسم,3514,entries/0302-0437.md,entry-0370
علف‌چین,علف‌چین,370,کشاورزی 370#,اسم,3513,entries/0302-0437.md,entry-0370
علقه,علقه,9,رابطه . ربط,اسم,106,entries/0001-0090.md,entry-0009
علقه,علقه,45,اتحاد . پیوستگی,اسم,443,entries/0001-0090.md,entry-0045
علقه,علقه,48,انسجام,اسم,494,entries/0001-0090.md,entry-0048
علقه,علقه,217,آویزانی,اسم,2079,entries/0194-0301.md,entry-0217
علل,علل,629,وسیله,اسم,5915,entries/0544-0650.md,entry-0629
علم,علم,490,دانش . دانایی 490#,اسم,4581,entries/0438-0543.md,entry-0490
علم,علم,524,اطلاع . آگاهی,اسم,4924,entries/0438-0543.md,entry-0524
علم اجتماع,علم اجتماع,901,انساندوستی,اسم,8572,entries/0851-0969.md,entry-0901
علم ادب: علم لغت,علم ادب: علم لغت,557,زبان,اسم,5242,entries/0544-0650.md,entry-0557
علم ارتباطات,علم ارتباطات,9,رابطه . ربط,اسم,106,entries/0001-0090.md,entry-0009
علم اقتصاد,علم اقتصاد,622,اشتغال,اسم,5849,entries/0544-0650.md,entry-0622
علم اندیشه,علم اندیشه,447,شعور 447#,اسم,4127,entries/0438-0543.md,entry-0447
علم اوزان و مقادیر,علم اوزان و مقادیر,465,اندازه‌گیری . سنجش,اسم,4307,entries/0438-0543.md,entry-0465
علم به‌گذشته,علم به‌گذشته,449,اندیشه,اسم,4142,entries/0438-0543.md,entry-0449
علم بی‌واسطه,علم بی‌واسطه,449,اندیشه,اسم,4143,entries/0438-0543.md,entry-0449
علم بی‌واسطه,علم بی‌واسطه,476,شَمّ . غریزه,اسم,4437,entries/0438-0543.md,entry-0476
علم تئاتر,علم تئاتر,594,تئاتر,اسم,5526,entries/0544-0650.md,entry-0594
علم ترکیب صداها,علم ترکیب صداها,398,صدا,اسم,3740,entries/0302-0437.md,entry-0398
علم تغذیه,علم تغذیه,301,غذا: خوردن و نوشیدن,اسم,2875,entries/0194-0301.md,entry-0301
علم حافظه,علم حافظه,505,حافظه,اسم,4719,entries/0438-0543.md,entry-0505
علم حقوق,علم حقوق,953,قانونیت,اسم,9028,entries/0851-0969.md,entry-0953
علم حیات,علم حیات,5,عرضیت,اسم,68,entries/0001-0090.md,entry-0005
علم دین,علم دین,973,دین . دینداری,اسم,9193,entries/0970-0991.md,entry-0973
علم شناخت,علم شناخت,449,اندیشه,اسم,4145,entries/0438-0543.md,entry-0449
علم شیمی,علم شیمی,319,مادیت 319#,اسم,3071,entries/0302-0437.md,entry-0319
علم صدا,علم صدا,271,هوانوردی,اسم,2608,entries/0194-0301.md,entry-0271
علم صدا,علم صدا,319,مادیت 319#,اسم,3070,entries/0302-0437.md,entry-0319
علم صدا,علم صدا,398,صدا,اسم,3740,entries/0302-0437.md,entry-0398
علم غذا,علم غذا,301,غذا: خوردن و نوشیدن,اسم,2876,entries/0194-0301.md,entry-0301
علم فیزیک,علم فیزیک,319,مادیت 319#,اسم,3070,entries/0302-0437.md,entry-0319
علم معرفت,علم معرفت,449,اندیشه,اسم,4145,entries/0438-0543.md,entry-0449
علم مکانیک,علم مکانیک,319,مادیت 319#,اسم,3070,entries/0302-0437.md,entry-0319
علم مکانیک,علم مکانیک,630,ابزار 630#,اسم,5929,entries/0544-0650.md,entry-0630
علم نجوم,علم نجوم,321,کیهان,اسم,3095,entries/0302-0437.md,entry-0321
علم نهانی,علم نهانی,984,حس ششم . عالم غیب,اسم,9309,entries/0970-0991.md,entry-0984
علم نور,علم نور,319,مادیت 319#,اسم,3070,entries/0302-0437.md,entry-0319
علم نور,علم نور,417,روشنی,اسم,3883,entries/0302-0437.md,entry-0417
علم نور,علم نور,438,دید . بینایی,اسم,4029,entries/0438-0543.md,entry-0438
علم نور,علم نور,442,دستگاه نوری,اسم,4066,entries/0438-0543.md,entry-0442
علم نیرو,علم نیرو,162,قدرت,اسم,1525,entries/0091-0193.md,entry-0162
علم پرتاب,علم پرتاب,718,جنگ,اسم,6798,entries/0651-0741.md,entry-0718
علم پزشکی,علم پزشکی,658,درمان,اسم,6218,entries/0651-0741.md,entry-0658
علم کروماتیک,علم کروماتیک,425,رنگ,اسم,3945,entries/0302-0437.md,entry-0425
علم گیاهان دارویی,علم گیاهان دارویی,368,گیاه‌شناسی,اسم,3496,entries/0302-0437.md,entry-0368
علما,علما,492,دانشمند,اسم,4607,entries/0438-0543.md,entry-0492
علما,علما,500,دانا 500#,اسم,4671,entries/0438-0543.md,entry-0500
علما,علما,986,روحانیت,اسم,9325,entries/0970-0991.md,entry-0986
علمدار,علمدار,283,پیشتازی,صفت,2722,entries/0194-0301.md,entry-0283
علمک,علمک,547,دلالت,اسم,5159,entries/0544-0650.md,entry-0547
علمی,علمی,534,آموزش,صفت,5037,entries/0438-0543.md,entry-0534
علمی,علمی,589,کتاب,اسم,5472,entries/0544-0650.md,entry-0589
علم‌الارواح,علم‌الارواح,984,حس ششم . عالم غیب,اسم,9311,entries/0970-0991.md,entry-0984
علم‌تفسیر,علم‌تفسیر,520,تعبیر . تفسیر 520#,اسم,4871,entries/0438-0543.md,entry-0520
علم‌صلات,علم‌صلات,318,تلاطم: حرکت نامنظم,اسم,3048,entries/0302-0437.md,entry-0318
علن,علن,522,تجلی,صفت,4897,entries/0438-0543.md,entry-0522
علناً,علناً,522,تجلی,قید,4904,entries/0438-0543.md,entry-0522
علنی,علنی,263,باز . گشودگی,صفت,2519,entries/0194-0301.md,entry-0263
علنی,علنی,443,پیدایی,صفت,4077,entries/0438-0543.md,entry-0443
علنی,علنی,445,پدیداری . ظاهر,صفت,4097,entries/0438-0543.md,entry-0445
علنی,علنی,522,تجلی,صفت,4897,entries/0438-0543.md,entry-0522
علنی,علنی,561,نام‌گذاری,صفت,5276,entries/0544-0650.md,entry-0561
علو,علو,34,برتری,اسم,344,entries/0001-0090.md,entry-0034
علو,علو,209,بلندی (ارتفاع) . بالا . رو,اسم,2012,entries/0194-0301.md,entry-0209
علوفه,علوفه,631,مواد,اسم,5939,entries/0544-0650.md,entry-0631
علوفه دادن,علوفه دادن,369,دامداری,فعل,3509,entries/0302-0437.md,entry-0369
علوفه‌ای,علوفه‌ای,366,گیاهان,اسم,3474,entries/0302-0437.md,entry-0366
علوم تجربی,علوم تجربی,490,دانش . دانایی 490#,اسم,4584,entries/0438-0543.md,entry-0490
علوم خفیه,علوم خفیه,984,حس ششم . عالم غیب,اسم,9309,entries/0970-0991.md,entry-0984
علوم دینی,علوم دینی,973,دین . دینداری,اسم,9193,entries/0970-0991.md,entry-0973
علوم زمین,علوم زمین,359,کانیها . معدن,اسم,3398,entries/0302-0437.md,entry-0359
علوم سیاسی,علوم سیاسی,688,رفتار,اسم,6516,entries/0651-0741.md,entry-0688
علوم طبیعی,علوم طبیعی,490,دانش . دانایی 490#,اسم,4584,entries/0438-0543.md,entry-0490
علوم غریبه,علوم غریبه,984,حس ششم . عالم غیب,اسم,9309,entries/0970-0991.md,entry-0984
علوم موشک,علوم موشک,271,هوانوردی,اسم,2608,entries/0194-0301.md,entry-0271
علوم پزشکی,علوم پزشکی,371,انسان,اسم,3527,entries/0302-0437.md,entry-0371
علوم پزشکی,علوم پزشکی,658,درمان,اسم,6217,entries/0651-0741.md,entry-0658
علوم پوشیده,علوم پوشیده,984,حس ششم . عالم غیب,اسم,9309,entries/0970-0991.md,entry-0984
علوم کاربردی,علوم کاربردی,490,دانش . دانایی 490#,اسم,4584,entries/0438-0543.md,entry-0490
علوی,علوی,644,خوبی: صفات خوب انسان,اسم,6052,entries/0544-0650.md,entry-0644
علوی,علوی,973,دین . دینداری,اسم,9197,entries/0970-0991.md,entry-0973
علّی,علّی,156,علیت . علت 156#,صفت,1456,entries/0091-0193.md,entry-0156
علّی,علّی,638,اهمیت,صفت,6002,entries/0544-0650.md,entry-0638
علی (ع),علی (ع),937,انسان والا,اسم,8903,entries/0851-0969.md,entry-0937
علیا,علیا,209,بلندی (ارتفاع) . بالا . رو,صفت,2019,entries/0194-0301.md,entry-0209
علیا,علیا,213,قلّه . رأس,صفت,2049,entries/0194-0301.md,entry-0213
علیاحضرت,علیاحضرت,741,رئیس,اسم,7051,entries/0651-0741.md,entry-0741
علیاحضرت,علیاحضرت,870,عنوان 870#,اسم,8274,entries/0851-0969.md,entry-0870
علیامخدره,علیامخدره,870,عنوان 870#,اسم,8274,entries/0851-0969.md,entry-0870
علیت,علیت,9,رابطه . ربط,اسم,107,entries/0001-0090.md,entry-0009
علیت,علیت,64,تقدم [در ترتیب],اسم,651,entries/0001-0090.md,entry-0064
علیت,علیت,156,علیت . علت 156#,اسم,1452,entries/0091-0193.md,entry-0156
علیت,علیت,173,عاملیت,اسم,1632,entries/0091-0193.md,entry-0173
علیت,علیت,628,وسیله بودن,اسم,5908,entries/0544-0650.md,entry-0628
علیرغم,علیرغم,1,وجود (هستی),قید,33,entries/0001-0090.md,entry-0001
علیرغم,علیرغم,182,اثر متقابل,قید,1719,entries/0091-0193.md,entry-0182
علیق,علیق,301,غذا: خوردن و نوشیدن,اسم,2881,entries/0194-0301.md,entry-0301
علیل,علیل,55,ناقص . نقصان (کامل نبودن),صفت,562,entries/0001-0090.md,entry-0055
علیل,علیل,161,ناتوانی,صفت,1513,entries/0091-0193.md,entry-0161
علیل,علیل,163,ضعف,صفت,1542,entries/0091-0193.md,entry-0163
علیل,علیل,647,نقص: فقدان کمال,صفت,6084,entries/0544-0650.md,entry-0647
علیل,علیل,651,بیماری . ضعف جسمانی,صفت,6145,entries/0651-0741.md,entry-0651
علیل,علیل,655,زوال . فرسایش,صفت,6187,entries/0651-0741.md,entry-0655
علیل,علیل,801,فقر,صفت,7577,entries/0742-0850.md,entry-0801
علیلی,علیلی,651,بیماری . ضعف جسمانی,اسم,6124,entries/0651-0741.md,entry-0651
علیم,علیم,524,اطلاع . آگاهی,صفت,4926,entries/0438-0543.md,entry-0524
علیم,علیم,965,ذات خداوندی,اسم,9138,entries/0851-0969.md,entry-0965
علیه,علیه,14,مغایرت . دیگر بودن,صفت,153,entries/0001-0090.md,entry-0014
علیه,علیه,182,اثر متقابل,قید,1719,entries/0091-0193.md,entry-0182
علیه,علیه,704,ضدیت . تقابل,صفت,6663,entries/0651-0741.md,entry-0704
علیه,علیه,868,نجبا,صفت,8252,entries/0851-0969.md,entry-0868
علیه,علیه,929,درستی . درستکاری,صفت,8838,entries/0851-0969.md,entry-0929
علیه چیزی توصیه کردن,علیه چیزی توصیه کردن,762,اعتراض . نهی,فعل,7229,entries/0742-0850.md,entry-0762
علیهم‌السلام,علیهم‌السلام,920,احترام 920#,صفت,8739,entries/0851-0969.md,entry-0920
علیهم‌اللعنه,علیهم‌اللعنه,899,نفرین,اسم,8555,entries/0851-0969.md,entry-0899
علیهِ,علیهِ,240,روبرو 240#,قید,2317,entries/0194-0301.md,entry-0240
علیهِ,علیهِ,704,ضدیت . تقابل,قید,6666,entries/0651-0741.md,entry-0704
علیه‌السلام,علیه‌السلام,870,عنوان 870#,اسم,8272,entries/0851-0969.md,entry-0870
علیه‌اللعنه,علیه‌اللعنه,899,نفرین,اسم,8555,entries/0851-0969.md,entry-0899
علیک‌السلام (علیکم‌السلام),علیک‌السلام (علیکم‌السلام),295,ورود,شبه جمله,2810,entries/0194-0301.md,entry-0295
علیک‌السلام (علیکم‌السلام),علیک‌السلام (علیکم‌السلام),884,ادب,اسم,8407,entries/0851-0969.md,entry-0884
علی‌الاتصال,علی‌الاتصال,139,اغلب (کثرت وقوع),قید,1286,entries/0091-0193.md,entry-0139
علی‌البدل,علی‌البدل,150,جایگزینی: گذاشتن چیزی درجای دیگری,اسم,1384,entries/0091-0193.md,entry-0150
علی‌الحساب,علی‌الحساب,771,اکتساب,اسم,7307,entries/0742-0850.md,entry-0771
علی‌الحساب,علی‌الحساب,784,اعطای وام . قرض دادن,اسم,7434,entries/0742-0850.md,entry-0784
علی‌الحساب,علی‌الحساب,804,پرداخت,اسم,7600,entries/0742-0850.md,entry-0804
علی‌الخصوص,علی‌الخصوص,80,ویژگی . خاص بودن 80#,قید,813,entries/0001-0090.md,entry-0080
علی‌الدوام,علی‌الدوام,139,اغلب (کثرت وقوع),قید,1286,entries/0091-0193.md,entry-0139
علی‌السویه,علی‌السویه,28,برابری: یکسانی مقدار یا درجه,صفت,286,entries/0001-0090.md,entry-0028
علی‌السویه,علی‌السویه,462,مقایسه,صفت,4285,entries/0438-0543.md,entry-0462
علی‌السویه,علی‌السویه,606,فقدان انتخاب . بیچارگی,صفت,5679,entries/0544-0650.md,entry-0606
علی‌السویه,علی‌السویه,615,خِیر . سعادت,صفت,5777,entries/0544-0650.md,entry-0615
علی‌السویه,علی‌السویه,639,عدم اهمیت,صفت,6014,entries/0544-0650.md,entry-0639
علی‌السویه,علی‌السویه,860,بی‌تفاوتی 860#,صفت,8172,entries/0851-0969.md,entry-0860
علی‌السویه,علی‌السویه,931,بی‌غرضی . ایثار,صفت,8858,entries/0851-0969.md,entry-0931
علی‌السویه بودن,علی‌السویه بودن,606,فقدان انتخاب . بیچارگی,اسم,5675,entries/0544-0650.md,entry-0606
علی‌السویه بودن,علی‌السویه بودن,931,بی‌غرضی . ایثار,اسم,8856,entries/0851-0969.md,entry-0931
علی‌الطلوع,علی‌الطلوع,128,صبح . بهار . تابستان,اسم,1185,entries/0091-0193.md,entry-0128
علی‌الطلوع,علی‌الطلوع,135,تعجیل,قید,1245,entries/0091-0193.md,entry-0135
علی‌الظاهر,علی‌الظاهر,445,پدیداری . ظاهر,قید,4100,entries/0438-0543.md,entry-0445
علی‌العجاله,علی‌العجاله,112,فعلاً: زمان مشروط,قید,1050,entries/0091-0193.md,entry-0112
علی‌القاعده,علی‌القاعده,81,قاعده,قید,823,entries/0001-0090.md,entry-0081
علی‌الله,علی‌الله,852,امید . آرزو,شبه جمله,8094,entries/0851-0969.md,entry-0852
علی‌اللهی,علی‌اللهی,973,دین . دینداری,اسم,9197,entries/0970-0991.md,entry-0973
علی‌ای‌حال,علی‌ای‌حال,569,ایجاز,قید,5329,entries/0544-0650.md,entry-0569
علی‌رغم,علی‌رغم,25,ناسازگاری,قید,253,entries/0001-0090.md,entry-0025
علی‌هذا,علی‌هذا,8,شرایط: وضعیت نسبی,قید,97,entries/0001-0090.md,entry-0008
علی‌هذا,علی‌هذا,156,علیت . علت 156#,قید,1460,entries/0091-0193.md,entry-0156
علی‌هذا,علی‌هذا,158,اِسناد: نسبت دادنِ علت,قید,1480,entries/0091-0193.md,entry-0158
علی‌ورجه,علی‌ورجه,160,توان 160#,صفت,1504,entries/0091-0193.md,entry-0160
علی‌ورجه,علی‌ورجه,365,حیوانات,اسم,3466,entries/0302-0437.md,entry-0365
علی‌ورجه,علی‌ورجه,678,فعالیت . بیداری,صفت,6427,entries/0651-0741.md,entry-0678
علی‌ورجه,علی‌ورجه,738,سرپیچی . عصیان,اسم,7024,entries/0651-0741.md,entry-0738
عم جزء,عم جزء,988,مراسم مذهبی,اسم,9340,entries/0970-0991.md,entry-0988
عمارات,عمارات,164,تولید . آفرینش,اسم,1551,entries/0091-0193.md,entry-0164
عمارات,عمارات,192,منزل: محل سکنا یا زندگی,اسم,1820,entries/0091-0193.md,entry-0192
عمارت,عمارت,164,تولید . آفرینش,اسم,1549,entries/0091-0193.md,entry-0164
عمارت,عمارت,192,منزل: محل سکنا یا زندگی,اسم,1820,entries/0091-0193.md,entry-0192
عمارت,عمارت,654,بهبود,اسم,6168,entries/0651-0741.md,entry-0654
عمارت ساختن,عمارت ساختن,164,تولید . آفرینش,فعل,1555,entries/0091-0193.md,entry-0164
عماری,عماری,274,وسیلۀ نقلیه,اسم,2640,entries/0194-0301.md,entry-0274
عماری,عماری,364,دفن,اسم,3445,entries/0302-0437.md,entry-0364
عمال,عمال,672,مأموریت,اسم,6373,entries/0651-0741.md,entry-0672
عمامه,عمامه,228,پوشاک . پوشیدن,اسم,2197,entries/0194-0301.md,entry-0228
عمامه,عمامه,989,لباس روحانی,اسم,9349,entries/0970-0991.md,entry-0989
عمامه‌ای,عمامه‌ای,986,روحانیت,اسم,9325,entries/0970-0991.md,entry-0986
عمد,عمد,595,اختیار,اسم,5581,entries/0544-0650.md,entry-0595
عمد,عمد,599,عزم,اسم,5615,entries/0544-0650.md,entry-0599
عمد,عمد,617,قصد,اسم,5797,entries/0544-0650.md,entry-0617
عمد داشتن,عمد داشتن,617,قصد,فعل,5801,entries/0544-0650.md,entry-0617
عمداً,عمداً,156,علیت . علت 156#,قید,1460,entries/0091-0193.md,entry-0156
عمداً,عمداً,157,معلول 157#,قید,1471,entries/0091-0193.md,entry-0157
عمداً,عمداً,602,سرسختی . یکدندگی,قید,5639,entries/0544-0650.md,entry-0602
عمداً,عمداً,617,قصد,صفت,5800,entries/0544-0650.md,entry-0617
عمداً,عمداً,671,مبادرت . اقدام,قید,6368,entries/0651-0741.md,entry-0671
عمده,عمده,32,بزرگی,صفت,323,entries/0001-0090.md,entry-0032
عمده,عمده,104,تعدد,صفت,978,entries/0091-0193.md,entry-0104
عمده,عمده,156,علیت . علت 156#,صفت,1457,entries/0091-0193.md,entry-0156
عمده,عمده,494,حقیقت,صفت,4621,entries/0438-0543.md,entry-0494
عمده,عمده,638,اهمیت,صفت,6002,entries/0544-0650.md,entry-0638
عمده,عمده,866,خوش‌نامی,صفت,8226,entries/0851-0969.md,entry-0866
عمده‌فروش,عمده‌فروش,794,تاجر,اسم,7524,entries/0742-0850.md,entry-0794
عمده‌فروشی,عمده‌فروشی,791,تجارت . تهاتر,صفت,7500,entries/0742-0850.md,entry-0791
عمدی,عمدی,495,خطا,صفت,4632,entries/0438-0543.md,entry-0495
عمدی,عمدی,595,اختیار,صفت,5582,entries/0544-0650.md,entry-0595
عمدی,عمدی,617,قصد,صفت,5800,entries/0544-0650.md,entry-0617
عمدی درکار بودن,عمدی درکار بودن,617,قصد,فعل,5801,entries/0544-0650.md,entry-0617
عمر,عمر,110,دوره: زمان معین 110#,اسم,1033,entries/0091-0193.md,entry-0110
عمر,عمر,113,دیرگذری,اسم,1053,entries/0091-0193.md,entry-0113
عمر,عمر,131,پیری . عمر,اسم,1212,entries/0091-0193.md,entry-0131
عمر,عمر,153,پایداری (تغییرناپذیری),اسم,1411,entries/0091-0193.md,entry-0153
عمر,عمر,887,عشق,اسم,8435,entries/0851-0969.md,entry-0887
عمر خودرا به‌پایان رساندن,عمر خودرا به‌پایان رساندن,69,پایان,فعل,704,entries/0001-0090.md,entry-0069
عمر طولانی داشتن,عمر طولانی داشتن,131,پیری . عمر,فعل,1217,entries/0091-0193.md,entry-0131
عمر کردن,عمر کردن,108,زمان 108#,فعل,1022,entries/0091-0193.md,entry-0108
عمران,عمران,164,تولید . آفرینش,اسم,1549,entries/0091-0193.md,entry-0164
عمران,عمران,174,فعال بودن,اسم,1645,entries/0091-0193.md,entry-0174
عمران,عمران,654,بهبود,اسم,6168,entries/0651-0741.md,entry-0654
عمران کردن,عمران کردن,192,منزل: محل سکنا یا زندگی,فعل,1838,entries/0091-0193.md,entry-0192
عمرانی,عمرانی,654,بهبود,صفت,6174,entries/0651-0741.md,entry-0654
عمری,عمری,777,دارایی . مِلک 777#,صفت,7370,entries/0742-0850.md,entry-0777
عمق,عمق,3,جوهر,اسم,53,entries/0001-0090.md,entry-0003
عمق,عمق,5,عرضیت,اسم,65,entries/0001-0090.md,entry-0005
عمق,عمق,26,کمیت,اسم,262,entries/0001-0090.md,entry-0026
عمق,عمق,27,درجه: مقدار نسبی,اسم,270,entries/0001-0090.md,entry-0027
عمق,عمق,183,فضا 183#,اسم,1737,entries/0091-0193.md,entry-0183
عمق,عمق,195,درشتی . اندازه,اسم,1880,entries/0194-0301.md,entry-0195
عمق,عمق,203,درازی (طول),اسم,1957,entries/0194-0301.md,entry-0203
عمق,عمق,210,پَستی . پایین . زیر 210#,اسم,2027,entries/0194-0301.md,entry-0210
عمق,عمق,211,عمق,اسم,2034,entries/0194-0301.md,entry-0211
عمق,عمق,255,تقعر,اسم,2444,entries/0194-0301.md,entry-0255
عمق,عمق,465,اندازه‌گیری . سنجش,اسم,4307,entries/0438-0543.md,entry-0465
عمق,عمق,568,عدم صراحت کلام,اسم,5321,entries/0544-0650.md,entry-0568
عمق اندیشه,عمق اندیشه,498,هوش . فراست,اسم,4655,entries/0438-0543.md,entry-0498
عمق داشتن,عمق داشتن,211,عمق,فعل,2036,entries/0194-0301.md,entry-0211
عمق دانش,عمق دانش,490,دانش . دانایی 490#,اسم,4582,entries/0438-0543.md,entry-0490
عمق دید,عمق دید,443,پیدایی,اسم,4076,entries/0438-0543.md,entry-0443
عمق دید داشتن,عمق دید داشتن,203,درازی (طول),فعل,1966,entries/0194-0301.md,entry-0203
عمقی,عمقی,153,پایداری (تغییرناپذیری),صفت,1417,entries/0091-0193.md,entry-0153
عمق‌سنج,عمق‌سنج,465,اندازه‌گیری . سنجش,اسم,4310,entries/0438-0543.md,entry-0465
عمل,عمل,5,عرضیت,اسم,66,entries/0001-0090.md,entry-0005
عمل,عمل,7,حالت: وضعیت مطلق,اسم,84,entries/0001-0090.md,entry-0007
عمل,عمل,41,باقیمانده,اسم,404,entries/0001-0090.md,entry-0041
عمل,عمل,67,پیامد,اسم,677,entries/0001-0090.md,entry-0067
عمل,عمل,81,قاعده,اسم,820,entries/0001-0090.md,entry-0081
