term,normalized_term,entry_id,entry_heading,pos_context,docx_paragraph,file,anchor
ملالت,ملالت,820,فقدان حساسیت روحی . بی‌عاطفگی,اسم,7741,entries/0742-0850.md,entry-0820
ملالت,ملالت,834,افسردگی . وقار,اسم,7884,entries/0742-0850.md,entry-0834
ملالت,ملالت,838,ملال . کسلی,اسم,7956,entries/0742-0850.md,entry-0838
ملالت,ملالت,840,بی‌روحی 840#,اسم,7973,entries/0742-0850.md,entry-0840
ملالت,ملالت,863,بی‌نیازی,اسم,8191,entries/0851-0969.md,entry-0863
ملالت آور,ملالت آور,838,ملال . کسلی,صفت,7958,entries/0742-0850.md,entry-0838
ملالت انگیز,ملالت انگیز,834,افسردگی . وقار,صفت,7891,entries/0742-0850.md,entry-0834
ملالت‌انگیز,ملالت‌انگیز,827,دردناکی,صفت,7819,entries/0742-0850.md,entry-0827
ملال‌آور,ملال‌آور,570,طول‌وتفصیل 570#,صفت,5336,entries/0544-0650.md,entry-0570
ملال‌آور,ملال‌آور,838,ملال . کسلی,صفت,7958,entries/0742-0850.md,entry-0838
ملامت,ملامت,613,بازداشتن,اسم,5755,entries/0544-0650.md,entry-0613
ملامت,ملامت,691,مشورت,اسم,6539,entries/0651-0741.md,entry-0691
ملامت,ملامت,924,سرزنش . تقبیح,اسم,8782,entries/0851-0969.md,entry-0924
ملامین,ملامین,319,مادیت 319#,اسم,3071,entries/0302-0437.md,entry-0319
ملامین,ملامین,327,نرمی . انعطاف,اسم,3157,entries/0302-0437.md,entry-0327
ملانقطی,ملانقطی,481,عدم تشخیص . تعصب,صفت,4491,entries/0438-0543.md,entry-0481
ملانقطی,ملانقطی,602,سرسختی . یکدندگی,صفت,5636,entries/0544-0650.md,entry-0602
ملانقطی (ملالغتی) بودن,ملانقطی (ملالغتی) بودن,481,عدم تشخیص . تعصب,اسم,4488,entries/0438-0543.md,entry-0481
ملانوم,ملانوم,651,بیماری . ضعف جسمانی,اسم,6136,entries/0651-0741.md,entry-0651
ملانکولی,ملانکولی,503,دیوانگی,اسم,4690,entries/0438-0543.md,entry-0503
ملانین,ملانین,226,پوشش,اسم,2173,entries/0194-0301.md,entry-0226
ملاک,ملاک,461,آزمایش,اسم,4275,entries/0438-0543.md,entry-0461
ملاک,ملاک,776,مالک,اسم,7361,entries/0742-0850.md,entry-0776
ملاک,ملاک,800,ثروت 800#,اسم,7564,entries/0742-0850.md,entry-0800
ملایم,ملایم,30,میانگین 30#,صفت,304,entries/0001-0090.md,entry-0030
ملایم,ملایم,163,ضعف,صفت,1540,entries/0091-0193.md,entry-0163
ملایم,ملایم,177,ملایمت . میانه‌روی,صفت,1680,entries/0091-0193.md,entry-0177
ملایم,ملایم,278,آهستگی,صفت,2674,entries/0194-0301.md,entry-0278
ملایم,ملایم,327,نرمی . انعطاف,صفت,3158,entries/0302-0437.md,entry-0327
ملایم,ملایم,425,رنگ,صفت,3950,entries/0302-0437.md,entry-0425
ملایم,ملایم,606,فقدان انتخاب . بیچارگی,صفت,5678,entries/0544-0650.md,entry-0606
ملایم,ملایم,717,صلح,صفت,6789,entries/0651-0741.md,entry-0717
ملایم,ملایم,721,تسلیم,صفت,6826,entries/0651-0741.md,entry-0721
ملایم,ملایم,734,نرمش,صفت,6982,entries/0651-0741.md,entry-0734
ملایم,ملایم,736,آسان‌گیری,صفت,7003,entries/0651-0741.md,entry-0736
ملایم,ملایم,884,ادب,صفت,8409,entries/0851-0969.md,entry-0884
ملایم,ملایم,935,بی‌گناهی,صفت,8888,entries/0851-0969.md,entry-0935
ملایم,ملایم,942,امساک . اعتدال,صفت,8939,entries/0851-0969.md,entry-0942
ملایم بودن,ملایم بودن,177,ملایمت . میانه‌روی,فعل,1682,entries/0091-0193.md,entry-0177
ملایم شدن,ملایم شدن,177,ملایمت . میانه‌روی,فعل,1682,entries/0091-0193.md,entry-0177
ملایم شدن,ملایم شدن,736,آسان‌گیری,فعل,7004,entries/0651-0741.md,entry-0736
ملایم شدن,ملایم شدن,942,امساک . اعتدال,فعل,8940,entries/0851-0969.md,entry-0942
ملایم کردن,ملایم کردن,177,ملایمت . میانه‌روی,فعل,1683,entries/0091-0193.md,entry-0177
ملایم کردن,ملایم کردن,327,نرمی . انعطاف,فعل,3160,entries/0302-0437.md,entry-0327
ملایم کردن,ملایم کردن,613,بازداشتن,فعل,5758,entries/0544-0650.md,entry-0613
ملایم کردن,ملایم کردن,679,عدم فعالیت . خواب,فعل,6451,entries/0651-0741.md,entry-0679
ملایمت,ملایمت,28,برابری: یکسانی مقدار یا درجه,اسم,281,entries/0001-0090.md,entry-0028
ملایمت,ملایمت,30,میانگین 30#,اسم,301,entries/0001-0090.md,entry-0030
ملایمت,ملایمت,177,ملایمت . میانه‌روی,اسم,1678,entries/0091-0193.md,entry-0177
ملایمت,ملایمت,266,عدم تحرک,اسم,2553,entries/0194-0301.md,entry-0266
ملایمت,ملایمت,278,آهستگی,اسم,2673,entries/0194-0301.md,entry-0278
ملایمت,ملایمت,374,حواس . حساسیت,اسم,3548,entries/0302-0437.md,entry-0374
ملایمت,ملایمت,483,تخفیف . دست‌کم گرفتن,اسم,4507,entries/0438-0543.md,entry-0483
ملایمت,ملایمت,572,ضعف کلام,اسم,5348,entries/0544-0650.md,entry-0572
ملایمت,ملایمت,606,فقدان انتخاب . بیچارگی,اسم,5676,entries/0544-0650.md,entry-0606
ملایمت,ملایمت,613,بازداشتن,اسم,5755,entries/0544-0650.md,entry-0613
ملایمت,ملایمت,620,اجتناب620#,اسم,5829,entries/0544-0650.md,entry-0620
ملایمت,ملایمت,625,راهِ میانه,اسم,5888,entries/0544-0650.md,entry-0625
ملایمت,ملایمت,717,صلح,اسم,6786,entries/0651-0741.md,entry-0717
ملایمت,ملایمت,734,نرمش,اسم,6978,entries/0651-0741.md,entry-0734
ملایمت,ملایمت,736,آسان‌گیری,اسم,7002,entries/0651-0741.md,entry-0736
ملایمت,ملایمت,880,دوستی 880#,اسم,8358,entries/0851-0969.md,entry-0880
ملایمت,ملایمت,897,نیکخواهی,اسم,8530,entries/0851-0969.md,entry-0897
ملایمت,ملایمت,942,امساک . اعتدال,اسم,8937,entries/0851-0969.md,entry-0942
ملایک,ملایک,968,فرشته,اسم,9158,entries/0851-0969.md,entry-0968
ملبس,ملبس,226,پوشش,صفت,2179,entries/0194-0301.md,entry-0226
ملبس,ملبس,228,پوشاک . پوشیدن,صفت,2214,entries/0194-0301.md,entry-0228
ملبس,ملبس,421,حفاظ . پرده,صفت,3922,entries/0302-0437.md,entry-0421
ملبس,ملبس,444,ناپیدایی,صفت,4084,entries/0438-0543.md,entry-0444
ملبس,ملبس,669,آمادگی,صفت,6339,entries/0651-0741.md,entry-0669
ملبس,ملبس,844,تزیین,صفت,8024,entries/0742-0850.md,entry-0844
ملبس,ملبس,989,لباس روحانی,صفت,9350,entries/0970-0991.md,entry-0989
ملبس شدن,ملبس شدن,228,پوشاک . پوشیدن,فعل,2217,entries/0194-0301.md,entry-0228
ملت,ملت,11,خویشاوندی: بستگی خونی,اسم,130,entries/0001-0090.md,entry-0011
ملت,ملت,74,تجمع . گردآوری,اسم,748,entries/0001-0090.md,entry-0074
ملت,ملت,371,انسان,اسم,3528,entries/0302-0437.md,entry-0371
ملت,ملت,708,گروه اجتماعی,اسم,6690,entries/0651-0741.md,entry-0708
ملت,ملت,742,خادم,اسم,7068,entries/0742-0850.md,entry-0742
ملتحمه,ملتحمه,45,اتحاد . پیوستگی,صفت,448,entries/0001-0090.md,entry-0045
ملتزم,ملتزم,89,همراهی,صفت,904,entries/0001-0090.md,entry-0089
ملتزم رکاب,ملتزم رکاب,742,خادم,اسم,7066,entries/0742-0850.md,entry-0742
ملتزمین,ملتزمین,67,پیامد,اسم,678,entries/0001-0090.md,entry-0067
ملتزمین,ملتزمین,284,پیروی,صفت,2728,entries/0194-0301.md,entry-0284
ملتزمین,ملتزمین,742,خادم,اسم,7066,entries/0742-0850.md,entry-0742
ملتزمین رکاب,ملتزمین رکاب,73,ردیف 73#,اسم,736,entries/0001-0090.md,entry-0073
ملتفت,ملتفت,455,توجه,صفت,4197,entries/0438-0543.md,entry-0455
ملتفت,ملتفت,457,مراقبت . دقت,صفت,4224,entries/0438-0543.md,entry-0457
ملتفت نشدن,ملتفت نشدن,506,فراموشی,فعل,4738,entries/0438-0543.md,entry-0506
ملتمس,ملتمس,612,انگیختن . تحریک,صفت,5741,entries/0544-0650.md,entry-0612
ملتمس,ملتمس,761,خواهش,اسم,7216,entries/0742-0850.md,entry-0761
ملتمس,ملتمس,859,میل,صفت,8159,entries/0851-0969.md,entry-0859
ملتمس,ملتمس,981,پرستش,صفت,9280,entries/0970-0991.md,entry-0981
ملتمسانه,ملتمسانه,761,خواهش,صفت,7219,entries/0742-0850.md,entry-0761
ملتهب,ملتهب,174,فعال بودن,صفت,1648,entries/0091-0193.md,entry-0174
ملتهب,ملتهب,253,تحدب,صفت,2429,entries/0194-0301.md,entry-0253
ملتهب,ملتهب,254,برجستگی,صفت,2439,entries/0194-0301.md,entry-0254
ملتهب,ملتهب,374,حواس . حساسیت,صفت,3552,entries/0302-0437.md,entry-0374
ملتهب,ملتهب,379,گرما,صفت,3603,entries/0302-0437.md,entry-0379
ملتهب,ملتهب,503,دیوانگی,صفت,4697,entries/0438-0543.md,entry-0503
ملتهب,ملتهب,651,بیماری . ضعف جسمانی,صفت,6144,entries/0651-0741.md,entry-0651
ملتهب,ملتهب,818,احساس,صفت,7725,entries/0742-0850.md,entry-0818
ملتهب,ملتهب,819,حساسیت روحی . زودرنجی,صفت,7735,entries/0742-0850.md,entry-0819
ملتهب,ملتهب,822,تحریک پذیری,قید,7764,entries/0742-0850.md,entry-0822
ملتهب,ملتهب,832,تشدید درد,صفت,7867,entries/0742-0850.md,entry-0832
ملتهب بودن,ملتهب بودن,379,گرما,فعل,3606,entries/0302-0437.md,entry-0379
ملت‌خواهی,ملت‌خواهی,901,انساندوستی,اسم,8573,entries/0851-0969.md,entry-0901
ملج,ملج,366,گیاهان,اسم,3478,entries/0302-0437.md,entry-0366
ملجأ,ملجأ,192,منزل: محل سکنا یا زندگی,اسم,1832,entries/0091-0193.md,entry-0192
ملجأ,ملجأ,662,پناهگاه,اسم,6279,entries/0651-0741.md,entry-0662
ملجأ,ملجأ,927,حمایت,اسم,8814,entries/0851-0969.md,entry-0927
ملجأ ◄ طرفدار,ملجأ ◄ طرفدار,668,نجات,اسم,6324,entries/0651-0741.md,entry-0668
ملح,ملح,359,کانیها . معدن,اسم,3396,entries/0302-0437.md,entry-0359
ملحد,ملحد,649,ناپاکی . آلودگی,اسم,6110,entries/0544-0650.md,entry-0649
ملحد,ملحد,974,لامذهبی,صفت,9206,entries/0970-0991.md,entry-0974
ملحفه,ملحفه,226,پوشش,اسم,2175,entries/0194-0301.md,entry-0226
ملحفه,ملحفه,679,عدم فعالیت . خواب,اسم,6442,entries/0651-0741.md,entry-0679
ملحق,ملحق,45,اتحاد . پیوستگی,صفت,447,entries/0001-0090.md,entry-0045
ملحق شدن,ملحق شدن,45,اتحاد . پیوستگی,فعل,456,entries/0001-0090.md,entry-0045
ملحق کردن,ملحق کردن,45,اتحاد . پیوستگی,فعل,451,entries/0001-0090.md,entry-0045
ملحق کردن,ملحق کردن,65,تعاقب [در ترتیب] . توالی,فعل,664,entries/0001-0090.md,entry-0065
ملحقات,ملحقات,89,همراهی,اسم,903,entries/0001-0090.md,entry-0089
ملحقات,ملحقات,589,کتاب,اسم,5472,entries/0544-0650.md,entry-0589
ملحوظ,ملحوظ,78,شمول . دربر داشتن,صفت,784,entries/0001-0090.md,entry-0078
ملحوظ,ملحوظ,455,توجه,صفت,4199,entries/0438-0543.md,entry-0455
ملحوظ,ملحوظ,468,ملاحظات,صفت,4349,entries/0438-0543.md,entry-0468
ملحوظ کردن,ملحوظ کردن,586,نگارش,فعل,5450,entries/0544-0650.md,entry-0586
ملخ,ملخ,276,هواپیما,اسم,2657,entries/0194-0301.md,entry-0276
ملخ,ملخ,365,حیوانات,اسم,3466,entries/0302-0437.md,entry-0365
ملخ,ملخ,659,مایۀ هلاک . زهر,اسم,6244,entries/0651-0741.md,entry-0659
ملخ,ملخ,947,پُرخوری,صفت,8970,entries/0851-0969.md,entry-0947
ملخدار,ملخدار,276,هواپیما,اسم,2657,entries/0194-0301.md,entry-0276
ملخص,ملخص,592,تلخیص,اسم,5504,entries/0544-0650.md,entry-0592
ملخک,ملخک,274,وسیلۀ نقلیه,اسم,2647,entries/0194-0301.md,entry-0274
ملزم,ملزم,596,جبر . وجوب,صفت,5591,entries/0544-0650.md,entry-0596
ملزم,ملزم,917,وظیفه,صفت,8713,entries/0851-0969.md,entry-0917
ملزوم,ملزوم,156,علیت . علت 156#,صفت,1457,entries/0091-0193.md,entry-0156
ملزوم,ملزوم,596,جبر . وجوب,صفت,5590,entries/0544-0650.md,entry-0596
ملعبه,ملعبه,639,عدم اهمیت,اسم,6012,entries/0544-0650.md,entry-0639
ملعون,ملعون,616,شرّ,صفت,5787,entries/0544-0650.md,entry-0616
ملعون,ملعون,645,بدی: صفات بد انسان,صفت,6067,entries/0544-0650.md,entry-0645
ملعون,ملعون,898,بدخواهی . اذیت,صفت,8543,entries/0851-0969.md,entry-0898
ملعون,ملعون,934,شرارت,صفت,8878,entries/0851-0969.md,entry-0934
ملعون,ملعون,980,بی‌تقوایی 980#,صفت,9268,entries/0970-0991.md,entry-0980
ملغا,ملغا,458,غفلت . بی‌دقتی,صفت,4236,entries/0438-0543.md,entry-0458
ملغا,ملغا,479,ابطال . بطلان,صفت,4463,entries/0438-0543.md,entry-0479
ملغا,ملغا,728,شکست: عجز درانجام,صفت,6917,entries/0651-0741.md,entry-0728
ملغا,ملغا,752,لغو . الغا . عزل,صفت,7149,entries/0742-0850.md,entry-0752
ملغمه,ملغمه,43,آمیختگی 43#,اسم,419,entries/0001-0090.md,entry-0043
ملغمه,ملغمه,50,ترکیب 50#,اسم,509,entries/0001-0090.md,entry-0050
ملغمه‌سازی,ملغمه‌سازی,43,آمیختگی 43#,اسم,416,entries/0001-0090.md,entry-0043
ملغمه‌سازی,ملغمه‌سازی,50,ترکیب 50#,اسم,508,entries/0001-0090.md,entry-0050
ملغی,ملغی,479,ابطال . بطلان,صفت,4463,entries/0438-0543.md,entry-0479
ملغی,ملغی,752,لغو . الغا . عزل,صفت,7149,entries/0742-0850.md,entry-0752
ملغی,ملغی,916,فقدان حق,صفت,8703,entries/0851-0969.md,entry-0916
ملغی کردن,ملغی کردن,165,تخریب,فعل,1565,entries/0091-0193.md,entry-0165
ملفوظ,ملفوظ,558,حرف,صفت,5253,entries/0544-0650.md,entry-0558
ملفوظ,ملفوظ,577,ندا: صدای انسان,صفت,5380,entries/0544-0650.md,entry-0577
ملقب,ملقب,561,نام‌گذاری,صفت,5276,entries/0544-0650.md,entry-0561
ملقلق,ملقلق,518,ایهام,صفت,4856,entries/0438-0543.md,entry-0518
ملقلق,ملقلق,568,عدم صراحت کلام,صفت,5322,entries/0544-0650.md,entry-0568
ملقلق‌بافی,ملقلق‌بافی,568,عدم صراحت کلام,اسم,5321,entries/0544-0650.md,entry-0568
ملل,ملل,371,انسان,اسم,3529,entries/0302-0437.md,entry-0371
ملمع,ملمع,574,آراستن به‌صنایع بدیعی,صفت,5360,entries/0544-0650.md,entry-0574
ململ,ململ,222,تاروپود: بافت متقاطع,اسم,2134,entries/0194-0301.md,entry-0222
ملموس,ملموس,1,وجود (هستی),صفت,30,entries/0001-0090.md,entry-0001
ملموس,ملموس,3,جوهر,صفت,54,entries/0001-0090.md,entry-0003
ملموس,ملموس,319,مادیت 319#,صفت,3072,entries/0302-0437.md,entry-0319
ملموس,ملموس,324,تراکم . چگالی 324#,صفت,3134,entries/0302-0437.md,entry-0324
ملموس,ملموس,374,حواس . حساسیت,صفت,3553,entries/0302-0437.md,entry-0374
ملموس,ملموس,443,پیدایی,صفت,4077,entries/0438-0543.md,entry-0443
ملموس,ملموس,516,قابل درک,صفت,4837,entries/0438-0543.md,entry-0516
ملموس بودن,ملموس بودن,3,جوهر,اسم,52,entries/0001-0090.md,entry-0003
ملموس ◄ چگال,ملموس ◄ چگال,378,تماس . لمس . لامسه,صفت,3594,entries/0302-0437.md,entry-0378
ملهم,ملهم,612,انگیختن . تحریک,صفت,5743,entries/0544-0650.md,entry-0612
ملوان,ملوان,270,دریانورد (ناوی) 270#,اسم,2604,entries/0194-0301.md,entry-0270
ملوان,ملوان,722,رزمنده,اسم,6844,entries/0651-0741.md,entry-0722
ملوث,ملوث,649,ناپاکی . آلودگی,صفت,6112,entries/0544-0650.md,entry-0649
ملوث کردن,ملوث کردن,867,بدنامی,فعل,8243,entries/0851-0969.md,entry-0867
ملودرام,ملودرام,594,تئاتر,اسم,5527,entries/0544-0650.md,entry-0594
ملودراماتیک,ملودراماتیک,594,تئاتر,صفت,5538,entries/0544-0650.md,entry-0594
ملودی,ملودی,398,صدا,اسم,3739,entries/0302-0437.md,entry-0398
ملودی,ملودی,410,آهنگ . ملودی: صدای هنجار 410#,اسم,3811,entries/0302-0437.md,entry-0410
ملودی,ملودی,710,هماهنگی 710#,اسم,6714,entries/0651-0741.md,entry-0710
ملودیایی,ملودیایی,410,آهنگ . ملودی: صدای هنجار 410#,صفت,3818,entries/0302-0437.md,entry-0410
ملودیک,ملودیک,410,آهنگ . ملودی: صدای هنجار 410#,صفت,3818,entries/0302-0437.md,entry-0410
ملودیکا,ملودیکا,414,ساز,اسم,3854,entries/0302-0437.md,entry-0414
ملوس,ملوس,132,جوان,اسم,1221,entries/0091-0193.md,entry-0132
ملول,ملول,825,رنج . غم,صفت,7799,entries/0742-0850.md,entry-0825
ملول,ملول,838,ملال . کسلی,صفت,7959,entries/0742-0850.md,entry-0838
ملول,ملول,888,نفرت,صفت,8453,entries/0851-0969.md,entry-0888
ملول,ملول,891,رنجش . خشم,صفت,8478,entries/0851-0969.md,entry-0891
ملول شدن,ملول شدن,834,افسردگی . وقار,فعل,7892,entries/0742-0850.md,entry-0834
ملول کردن,ملول کردن,838,ملال . کسلی,فعل,7960,entries/0742-0850.md,entry-0838
ملون,ملون,437,رنگارنگی,صفت,4020,entries/0302-0437.md,entry-0437
ملون,ملون,844,تزیین,صفت,8023,entries/0742-0850.md,entry-0844
ملوکانه,ملوکانه,741,رئیس,قید,7060,entries/0651-0741.md,entry-0741
ملوک‌الطوایفی,ملوک‌الطوایفی,733,اقتدار 733#,اسم,6961,entries/0651-0741.md,entry-0733
ملچ,ملچ,366,گیاهان,اسم,3476,entries/0302-0437.md,entry-0366
ملک,ملک,67,پیامد,اسم,677,entries/0001-0090.md,entry-0067
ملک,ملک,235,دیوار,اسم,2274,entries/0194-0301.md,entry-0235
ملک,ملک,741,رئیس,اسم,7051,entries/0651-0741.md,entry-0741
ملک,ملک,777,دارایی . مِلک 777#,اسم,7367,entries/0742-0850.md,entry-0777
ملک اربابی,ملک اربابی,777,دارایی . مِلک 777#,اسم,7368,entries/0742-0850.md,entry-0777
ملک استیجاری,ملک استیجاری,192,منزل: محل سکنا یا زندگی,اسم,1820,entries/0091-0193.md,entry-0192
ملک استیجاری,ملک استیجاری,777,دارایی . مِلک 777#,اسم,7367,entries/0742-0850.md,entry-0777
ملک دولتی,ملک دولتی,775,مالکیت مشاع,اسم,7349,entries/0742-0850.md,entry-0775
ملک رهنی,ملک رهنی,272,حمل . ترابری,اسم,2619,entries/0194-0301.md,entry-0272
ملک عمومی,ملک عمومی,775,مالکیت مشاع,اسم,7349,entries/0742-0850.md,entry-0775
ملک منتقل‌شده: وثیقه,ملک منتقل‌شده: وثیقه,272,حمل . ترابری,اسم,2619,entries/0194-0301.md,entry-0272
ملک مورد صلح,ملک مورد صلح,272,حمل . ترابری,اسم,2619,entries/0194-0301.md,entry-0272
ملک و آب نداشتن,ملک و آب نداشتن,774,عدم مالکیت,اسم,7343,entries/0742-0850.md,entry-0774
ملکزاده,ملکزاده,741,رئیس,اسم,7051,entries/0651-0741.md,entry-0741
ملکه,ملکه,373,مؤنث,اسم,3542,entries/0302-0437.md,entry-0373
ملکه,ملکه,741,رئیس,اسم,7051,entries/0651-0741.md,entry-0741
ملکه,ملکه,870,عنوان 870#,اسم,8274,entries/0851-0969.md,entry-0870
ملکوت,ملکوت,320,معنویت 320#,اسم,3077,entries/0302-0437.md,entry-0320
ملکوت آسمانها,ملکوت آسمانها,971,بهشت,اسم,9180,entries/0970-0991.md,entry-0971
ملکوتی,ملکوتی,320,معنویت 320#,صفت,3080,entries/0302-0437.md,entry-0320
ملکوتی,ملکوتی,965,ذات خداوندی,صفت,9143,entries/0851-0969.md,entry-0965
ملکوتی,ملکوتی,968,فرشته,صفت,9159,entries/0851-0969.md,entry-0968
ملکی,ملکی,773,مالکیت,صفت,7334,entries/0742-0850.md,entry-0773
ملکی,ملکی,777,دارایی . مِلک 777#,اسم,7366,entries/0742-0850.md,entry-0777
ملک‌الموت,ملک‌الموت,168,مرگ‌ومیر,اسم,1592,entries/0091-0193.md,entry-0168
ملک‌الموت,ملک‌الموت,361,مرگ,اسم,3413,entries/0302-0437.md,entry-0361
ملک‌الموت,ملک‌الموت,968,فرشته,اسم,9158,entries/0851-0969.md,entry-0968
ملک‌سیرت,ملک‌سیرت,968,فرشته,صفت,9159,entries/0851-0969.md,entry-0968
ملی,ملی,79,عمومیت,صفت,797,entries/0001-0090.md,entry-0079
ملی,ملی,191,مقیم,صفت,1811,entries/0091-0193.md,entry-0191
ملی,ملی,371,انسان,صفت,3531,entries/0302-0437.md,entry-0371
ملی,ملی,708,گروه اجتماعی,اسم,6688,entries/0651-0741.md,entry-0708
ملی,ملی,774,عدم مالکیت,صفت,7345,entries/0742-0850.md,entry-0774
ملی,ملی,775,مالکیت مشاع,صفت,7352,entries/0742-0850.md,entry-0775
ملی کردن,ملی کردن,706,همکاری . تعاون,اسم,6674,entries/0651-0741.md,entry-0706
ملی کردن,ملی کردن,775,مالکیت مشاع,فعل,7354,entries/0742-0850.md,entry-0775
ملیت,ملیت,371,انسان,اسم,3529,entries/0302-0437.md,entry-0371
ملیت,ملیت,901,انساندوستی,اسم,8573,entries/0851-0969.md,entry-0901
ملیتی,ملیتی,371,انسان,صفت,3531,entries/0302-0437.md,entry-0371
ملیجک,ملیجک,839,ظرافت طبع,صفت,7966,entries/0742-0850.md,entry-0839
ملیح,ملیح,373,مؤنث,صفت,3544,entries/0302-0437.md,entry-0373
ملیح,ملیح,841,زیبایی,صفت,7981,entries/0742-0850.md,entry-0841
ملیح,ملیح,887,عشق,صفت,8439,entries/0851-0969.md,entry-0887
ملیله,ملیله,844,تزیین,اسم,8015,entries/0742-0850.md,entry-0844
ملیله‌دوزی,ملیله‌دوزی,844,تزیین,اسم,8014,entries/0742-0850.md,entry-0844
ملین,ملین,658,درمان,اسم,6221,entries/0651-0741.md,entry-0658
ملیون,ملیون,708,گروه اجتماعی,اسم,6688,entries/0651-0741.md,entry-0708
ملی‌شده,ملی‌شده,775,مالکیت مشاع,صفت,7352,entries/0742-0850.md,entry-0775
ملی‌پوش,ملی‌پوش,837,سرگرمی,اسم,7936,entries/0742-0850.md,entry-0837
ملی‌گرا,ملی‌گرا,708,گروه اجتماعی,اسم,6688,entries/0651-0741.md,entry-0708
ملی‌گرایی,ملی‌گرایی,80,ویژگی . خاص بودن 80#,اسم,806,entries/0001-0090.md,entry-0080
ملی‌گرایی,ملی‌گرایی,371,انسان,اسم,3529,entries/0302-0437.md,entry-0371
ملی‌گرایی,ملی‌گرایی,901,انساندوستی,اسم,8573,entries/0851-0969.md,entry-0901
ممات,ممات,361,مرگ,اسم,3413,entries/0302-0437.md,entry-0361
ممارست,ممارست,71,تداوم [در ترتیب] . تسلسل,اسم,716,entries/0001-0090.md,entry-0071
ممارست,ممارست,106,تکرار,اسم,994,entries/0091-0193.md,entry-0106
ممارست,ممارست,536,یادگیری,اسم,5050,entries/0438-0543.md,entry-0536
ممارست,ممارست,610,عادت 610#,اسم,5711,entries/0544-0650.md,entry-0610
ممارست,ممارست,676,عمل,اسم,6406,entries/0651-0741.md,entry-0676
ممارست کردن,ممارست کردن,106,تکرار,فعل,997,entries/0091-0193.md,entry-0106
ممارست کردن,ممارست کردن,536,یادگیری,فعل,5053,entries/0438-0543.md,entry-0536
مماس,مماس,249,خط مستقیم . هموار,صفت,2384,entries/0194-0301.md,entry-0249
مماس,مماس,289,نزدیک شدن (تقرب),صفت,2768,entries/0194-0301.md,entry-0289
مماس,مماس,293,همگرایی,صفت,2794,entries/0194-0301.md,entry-0293
مماس,مماس,378,تماس . لمس . لامسه,صفت,3594,entries/0302-0437.md,entry-0378
مماس بودن,مماس بودن,378,تماس . لمس . لامسه,فعل,3595,entries/0302-0437.md,entry-0378
مماس شدن,مماس شدن,289,نزدیک شدن (تقرب),فعل,2770,entries/0194-0301.md,entry-0289
مماشات,مماشات,736,آسان‌گیری,اسم,7002,entries/0651-0741.md,entry-0736
مماشات,مماشات,770,سازش 770#,اسم,7286,entries/0742-0850.md,entry-0770
ممال,ممال,559,کلمه,صفت,5261,entries/0544-0650.md,entry-0559
ممانعت,ممانعت,63,اغتشاش: ایجاد اغتشاش و به‌هم ریختن,اسم,643,entries/0001-0090.md,entry-0063
ممانعت,ممانعت,136,تأخیر,اسم,1249,entries/0091-0193.md,entry-0136
ممانعت,ممانعت,598,اکراه,اسم,5608,entries/0544-0650.md,entry-0598
ممانعت,ممانعت,613,بازداشتن,اسم,5755,entries/0544-0650.md,entry-0613
ممانعت,ممانعت,702,منع . ممانعت,اسم,6637,entries/0651-0741.md,entry-0702
ممانعت,ممانعت,747,تحدید . خودداری,اسم,7111,entries/0742-0850.md,entry-0747
ممانعت ایجاد کردن,ممانعت ایجاد کردن,136,تأخیر,فعل,1254,entries/0091-0193.md,entry-0136
ممانعت کردن,ممانعت کردن,702,منع . ممانعت,فعل,6645,entries/0651-0741.md,entry-0702
ممانعت ◄ منع,ممانعت ◄ منع,264,بسته . انسداد,اسم,2529,entries/0194-0301.md,entry-0264
ممتاز,ممتاز,15,تفاوت . تمیز,صفت,163,entries/0001-0090.md,entry-0015
ممتاز,ممتاز,32,بزرگی,صفت,327,entries/0001-0090.md,entry-0032
ممتاز,ممتاز,34,برتری,صفت,347,entries/0001-0090.md,entry-0034
ممتاز,ممتاز,301,غذا: خوردن و نوشیدن,اسم,2886,entries/0194-0301.md,entry-0301
ممتاز,ممتاز,528,نشر,صفت,4979,entries/0438-0543.md,entry-0528
ممتاز,ممتاز,586,نگارش,اسم,5444,entries/0544-0650.md,entry-0586
ممتاز,ممتاز,605,انتخاب,صفت,5668,entries/0544-0650.md,entry-0605
ممتاز,ممتاز,615,خِیر . سعادت,صفت,5773,entries/0544-0650.md,entry-0615
ممتاز,ممتاز,638,اهمیت,صفت,6002,entries/0544-0650.md,entry-0638
ممتاز,ممتاز,644,خوبی: صفات خوب انسان,صفت,6054,entries/0544-0650.md,entry-0644
ممتاز,ممتاز,694,مهارت,صفت,6562,entries/0651-0741.md,entry-0694
ممتازه,ممتازه,15,تفاوت . تمیز,صفت,163,entries/0001-0090.md,entry-0015
ممتحن,ممتحن,453,کنجکاوی: میل به‌دانش,اسم,4184,entries/0438-0543.md,entry-0453
ممتحن,ممتحن,459,پرسش,اسم,4252,entries/0438-0543.md,entry-0459
ممتد,ممتد,203,درازی (طول),صفت,1961,entries/0194-0301.md,entry-0203
ممتد,ممتد,403,غرش: صدای مستمر و ممتد,صفت,3775,entries/0302-0437.md,entry-0403
ممتد کردن,ممتد کردن,203,درازی (طول),فعل,1965,entries/0194-0301.md,entry-0203
ممتنع,ممتنع,470,عدم امکان . امتناع 470#,صفت,4364,entries/0438-0543.md,entry-0470
ممتنع,ممتنع,606,فقدان انتخاب . بیچارگی,صفت,5679,entries/0544-0650.md,entry-0606
ممتنع,ممتنع,760,امتناع 760#,صفت,7211,entries/0742-0850.md,entry-0760
ممد حیات,ممد حیات,352,باد: جریان هوا,اسم,3330,entries/0302-0437.md,entry-0352
ممدحیات,ممدحیات,656,بازسازی,صفت,6202,entries/0651-0741.md,entry-0656
ممدوح,ممدوح,644,خوبی: صفات خوب انسان,صفت,6055,entries/0544-0650.md,entry-0644
ممدوح,ممدوح,923,تحسین,صفت,8771,entries/0851-0969.md,entry-0923
ممر,ممر,624,راه,اسم,5874,entries/0544-0650.md,entry-0624
ممرز,ممرز,366,گیاهان,اسم,3478,entries/0302-0437.md,entry-0366
ممزوج,ممزوج,43,آمیختگی 43#,صفت,420,entries/0001-0090.md,entry-0043
ممسک,ممسک,620,اجتناب620#,اسم,5830,entries/0544-0650.md,entry-0620
ممسک,ممسک,747,تحدید . خودداری,صفت,7116,entries/0742-0850.md,entry-0747
ممسک,ممسک,814,صرفه‌جویی,صفت,7686,entries/0742-0850.md,entry-0814
ممسک,ممسک,816,خست,صفت,7700,entries/0742-0850.md,entry-0816
ممسک,ممسک,942,امساک . اعتدال,صفت,8938,entries/0851-0969.md,entry-0942
ممسک,ممسک,946,روزه گرفتن,صفت,8964,entries/0851-0969.md,entry-0946
ممسک,ممسک,948,هشیاری (عدم مستی),صفت,8976,entries/0851-0969.md,entry-0948
ممسک,ممسک,950,عفت . پاکدامنی 950#,صفت,9000,entries/0851-0969.md,entry-0950
ممسک‌العنان,ممسک‌العنان,321,کیهان,اسم,3088,entries/0302-0437.md,entry-0321
ممل,ممل,838,ملال . کسلی,صفت,7958,entries/0742-0850.md,entry-0838
مملو,مملو,54,کامل 54#,صفت,553,entries/0001-0090.md,entry-0054
مملو از,مملو از,773,مالکیت,صفت,7335,entries/0742-0850.md,entry-0773
مملواز,مملواز,56,دربر گرفتن,قید,574,entries/0001-0090.md,entry-0056
مملوک,مملوک,742,خادم,اسم,7069,entries/0742-0850.md,entry-0742
مملوک,مملوک,773,مالکیت,صفت,7334,entries/0742-0850.md,entry-0773
مملکت,مملکت,733,اقتدار 733#,اسم,6965,entries/0651-0741.md,entry-0733
مملکت ◄ سازمان سیاسی,مملکت ◄ سازمان سیاسی,184,منطقه: فضای معین,اسم,1747,entries/0091-0193.md,entry-0184
مملکت‌داری,مملکت‌داری,733,اقتدار 733#,اسم,6961,entries/0651-0741.md,entry-0733
ممنوع,ممنوع,57,بیرون گذاشتن,صفت,582,entries/0001-0090.md,entry-0057
ممنوع,ممنوع,607,ردّ . عدم انتخاب,صفت,5688,entries/0544-0650.md,entry-0607
ممنوع,ممنوع,613,بازداشتن,صفت,5756,entries/0544-0650.md,entry-0613
ممنوع,ممنوع,700,دشواری 700#,صفت,6617,entries/0651-0741.md,entry-0700
ممنوع,ممنوع,702,منع . ممانعت,صفت,6643,entries/0651-0741.md,entry-0702
ممنوع,ممنوع,757,ممنوعیت . قدغن,صفت,7190,entries/0742-0850.md,entry-0757
ممنوع داشتن,ممنوع داشتن,757,ممنوعیت . قدغن,فعل,7191,entries/0742-0850.md,entry-0757
ممنوعیت,ممنوعیت,57,بیرون گذاشتن,اسم,578,entries/0001-0090.md,entry-0057
ممنوعیت,ممنوعیت,237,جلو,اسم,2290,entries/0194-0301.md,entry-0237
ممنوعیت,ممنوعیت,613,بازداشتن,اسم,5755,entries/0544-0650.md,entry-0613
ممنوعیت,ممنوعیت,702,منع . ممانعت,اسم,6637,entries/0651-0741.md,entry-0702
ممنوعیت,ممنوعیت,747,تحدید . خودداری,اسم,7111,entries/0742-0850.md,entry-0747
ممنوعیت,ممنوعیت,757,ممنوعیت . قدغن,اسم,7188,entries/0742-0850.md,entry-0757
ممنوع‌الخروج,ممنوع‌الخروج,57,بیرون گذاشتن,صفت,582,entries/0001-0090.md,entry-0057
ممنوع‌الخروج,ممنوع‌الخروج,747,تحدید . خودداری,صفت,7115,entries/0742-0850.md,entry-0747
ممنوع‌الخروج,ممنوع‌الخروج,750,زندانی 750#,اسم,7133,entries/0742-0850.md,entry-0750
ممنوع‌القلم,ممنوع‌القلم,57,بیرون گذاشتن,صفت,582,entries/0001-0090.md,entry-0057
ممنوع‌القلم,ممنوع‌القلم,747,تحدید . خودداری,صفت,7115,entries/0742-0850.md,entry-0747
ممنوع‌القلم,ممنوع‌القلم,750,زندانی 750#,اسم,7133,entries/0742-0850.md,entry-0750
ممنوع‌القلم,ممنوع‌القلم,752,لغو . الغا . عزل,صفت,7150,entries/0742-0850.md,entry-0752
ممنوع‌المداخله,ممنوع‌المداخله,57,بیرون گذاشتن,صفت,582,entries/0001-0090.md,entry-0057
ممنوع‌المداخله,ممنوع‌المداخله,752,لغو . الغا . عزل,صفت,7150,entries/0742-0850.md,entry-0752
ممنوع‌المداخله,ممنوع‌المداخله,757,ممنوعیت . قدغن,اسم,7188,entries/0742-0850.md,entry-0757
ممنوع‌الملاقات,ممنوع‌الملاقات,747,تحدید . خودداری,صفت,7115,entries/0742-0850.md,entry-0747
ممنوع‌الملاقات,ممنوع‌الملاقات,750,زندانی 750#,اسم,7133,entries/0742-0850.md,entry-0750
ممنوع‌الورود,ممنوع‌الورود,757,ممنوعیت . قدغن,صفت,7190,entries/0742-0850.md,entry-0757
ممنوع‌شده,ممنوع‌شده,57,بیرون گذاشتن,صفت,582,entries/0001-0090.md,entry-0057
ممنوع‌شده,ممنوع‌شده,752,لغو . الغا . عزل,صفت,7150,entries/0742-0850.md,entry-0752
ممنون,ممنون,824,خوشی,صفت,7789,entries/0742-0850.md,entry-0824
ممنون,ممنون,907,حق‌شناسی . شُکر,صفت,8621,entries/0851-0969.md,entry-0907
ممنون بودن,ممنون بودن,907,حق‌شناسی . شُکر,فعل,8622,entries/0851-0969.md,entry-0907
ممنونم,ممنونم,907,حق‌شناسی . شُکر,قید,8623,entries/0851-0969.md,entry-0907
ممه,ممه,253,تحدب,اسم,2426,entries/0194-0301.md,entry-0253
ممهور,ممهور,264,بسته . انسداد,صفت,2533,entries/0194-0301.md,entry-0264
ممکن,ممکن,2,عدم (نیستی),صفت,40,entries/0001-0090.md,entry-0002
ممکن,ممکن,124,آینده,صفت,1139,entries/0091-0193.md,entry-0124
ممکن,ممکن,289,نزدیک شدن (تقرب),صفت,2769,entries/0194-0301.md,entry-0289
ممکن,ممکن,469,امکان,صفت,4356,entries/0438-0543.md,entry-0469
ممکن,ممکن,485,باور,صفت,4528,entries/0438-0543.md,entry-0485
ممکن,ممکن,523,نهفتگی,صفت,4909,entries/0438-0543.md,entry-0523
ممکن,ممکن,701,آسانی,صفت,6626,entries/0651-0741.md,entry-0701
ممکن بودن,ممکن بودن,289,نزدیک شدن (تقرب),فعل,2770,entries/0194-0301.md,entry-0289
ممکن بودن,ممکن بودن,469,امکان,فعل,4357,entries/0438-0543.md,entry-0469
ممکن بودن,ممکن بودن,471,احتمال,فعل,4375,entries/0438-0543.md,entry-0471
ممکن‌الحصول,ممکن‌الحصول,289,نزدیک شدن (تقرب),صفت,2769,entries/0194-0301.md,entry-0289
ممکن‌الوصول,ممکن‌الوصول,289,نزدیک شدن (تقرب),صفت,2769,entries/0194-0301.md,entry-0289
ممکن‌الوقوع,ممکن‌الوقوع,469,امکان,صفت,4356,entries/0438-0543.md,entry-0469
ممیز,ممیز,102,کسر,اسم,965,entries/0091-0193.md,entry-0102
ممیز برآوردکننده,ممیز برآوردکننده,465,اندازه‌گیری . سنجش,اسم,4311,entries/0438-0543.md,entry-0465
ممیز مالیاتی,ممیز مالیاتی,809,قیمت,اسم,7646,entries/0742-0850.md,entry-0809
ممیزکل,ممیزکل,809,قیمت,اسم,7646,entries/0742-0850.md,entry-0809
ممیزی,ممیزی,808,حسابداری,اسم,7631,entries/0742-0850.md,entry-0808
ممیزی کردن,ممیزی کردن,808,حسابداری,فعل,7640,entries/0742-0850.md,entry-0808
من,من,80,ویژگی . خاص بودن 80#,اسم,807,entries/0001-0090.md,entry-0080
من,من,465,اندازه‌گیری . سنجش,اسم,4307,entries/0438-0543.md,entry-0465
منابع,منابع,629,وسیله,اسم,5915,entries/0544-0650.md,entry-0629
منابع,منابع,631,مواد,اسم,5939,entries/0544-0650.md,entry-0631
منابع (سرمایه) انسانی,منابع (سرمایه) انسانی,686,عامل,اسم,6506,entries/0651-0741.md,entry-0686
منابع آگاه,منابع آگاه,492,دانشمند,اسم,4609,entries/0438-0543.md,entry-0492
منابع انسانی و اداری,منابع انسانی و اداری,687,کارگاه: محل کار,اسم,6510,entries/0651-0741.md,entry-0687
منابع سازمانی,منابع سازمانی,629,وسیله,اسم,5915,entries/0544-0650.md,entry-0629
منابع طبیعی,منابع طبیعی,629,وسیله,اسم,5915,entries/0544-0650.md,entry-0629
منابع طبیعی,منابع طبیعی,775,مالکیت مشاع,اسم,7349,entries/0742-0850.md,entry-0775
منابع طبیعی ◄ مالکیت مشاع,منابع طبیعی ◄ مالکیت مشاع,171,بارآوری,اسم,1617,entries/0091-0193.md,entry-0171
منابع مالی,منابع مالی,629,وسیله,اسم,5915,entries/0544-0650.md,entry-0629
منات,منات,967,بُت,اسم,9154,entries/0851-0969.md,entry-0967
مناجات,مناجات,585,صحبت باخود,اسم,5438,entries/0544-0650.md,entry-0585
مناجات,مناجات,981,پرستش,اسم,9273,entries/0970-0991.md,entry-0981
منادی,منادی,66,سرآغاز,اسم,670,entries/0001-0090.md,entry-0066
منادی,منادی,529,خبر,اسم,4991,entries/0438-0543.md,entry-0529
منادی,منادی,754,مأمور,اسم,7165,entries/0742-0850.md,entry-0754
منارجنبان,منارجنبان,141,دوره‌ای بودن: نظم دروقوع و تکرار آن,اسم,1299,entries/0091-0193.md,entry-0141
منارجنبان,منارجنبان,317,نوسان,اسم,3039,entries/0302-0437.md,entry-0317
مناره,مناره,209,بلندی (ارتفاع) . بالا . رو,اسم,2016,entries/0194-0301.md,entry-0209
مناره,مناره,215,عمودی,اسم,2061,entries/0194-0301.md,entry-0215
مناره,مناره,990,معبد,اسم,9360,entries/0970-0991.md,entry-0990
منازعه,منازعه,709,مناقشه,اسم,6702,entries/0651-0741.md,entry-0709
منازعه,منازعه,716,ستیز . مبارزه,اسم,6770,entries/0651-0741.md,entry-0716
منازعه,منازعه,959,دادخواهی,اسم,9074,entries/0851-0969.md,entry-0959
مناسب,مناسب,8,شرایط: وضعیت نسبی,صفت,95,entries/0001-0090.md,entry-0008
مناسب,مناسب,9,رابطه . ربط,صفت,111,entries/0001-0090.md,entry-0009
مناسب,مناسب,24,سازگاری,صفت,237,entries/0001-0090.md,entry-0024
مناسب,مناسب,83,تطبیق,صفت,836,entries/0001-0090.md,entry-0083
مناسب,مناسب,642,مصلحت,صفت,6039,entries/0544-0650.md,entry-0642
مناسب,مناسب,812,ارزانی,صفت,7670,entries/0742-0850.md,entry-0812
مناسب,مناسب,852,امید . آرزو,صفت,8091,entries/0851-0969.md,entry-0852
مناسب,مناسب,913,حق . راستی,صفت,8670,entries/0851-0969.md,entry-0913
مناسب,مناسب,915,وجود حق,صفت,8688,entries/0851-0969.md,entry-0915
مناسب بودن,مناسب بودن,24,سازگاری,فعل,241,entries/0001-0090.md,entry-0024
مناسب بودن,مناسب بودن,915,وجود حق,فعل,8691,entries/0851-0969.md,entry-0915
مناسب بیمار,مناسب بیمار,651,بیماری . ضعف جسمانی,صفت,6145,entries/0651-0741.md,entry-0651
مناسب حال,مناسب حال,24,سازگاری,صفت,237,entries/0001-0090.md,entry-0024
مناسب مقام,مناسب مقام,24,سازگاری,صفت,239,entries/0001-0090.md,entry-0024
مناسب نبودن,مناسب نبودن,307,کاستی . نارسایی . کسری (حرکت نیمه‌تمام) 307,فعل,2964,entries/0302-0437.md,entry-0307
مناسبات دوستانه,مناسبات دوستانه,880,دوستی 880#,اسم,8357,entries/0851-0969.md,entry-0880
مناسبات مشترک (دوطرفه),مناسبات مشترک (دوطرفه),12,همبستگی,اسم,137,entries/0001-0090.md,entry-0012
مناسبات ملکی,مناسبات ملکی,773,مالکیت,اسم,7330,entries/0742-0850.md,entry-0773
مناسبت,مناسبت,9,رابطه . ربط,اسم,108,entries/0001-0090.md,entry-0009
مناسبت,مناسبت,24,سازگاری,اسم,235,entries/0001-0090.md,entry-0024
مناسبت,مناسبت,83,تطبیق,اسم,833,entries/0001-0090.md,entry-0083
مناسبت,مناسبت,137,سرموقع,اسم,1261,entries/0091-0193.md,entry-0137
مناسبت,مناسبت,141,دوره‌ای بودن: نظم دروقوع و تکرار آن,اسم,1302,entries/0091-0193.md,entry-0141
مناسبت,مناسبت,627,نیاز,اسم,5899,entries/0544-0650.md,entry-0627
مناسبت,مناسبت,635,کفایت,اسم,5969,entries/0544-0650.md,entry-0635
مناسبت,مناسبت,640,فایده 640#,اسم,6021,entries/0544-0650.md,entry-0640
مناسبت,مناسبت,642,مصلحت,اسم,6038,entries/0544-0650.md,entry-0642
مناسبت,مناسبت,913,حق . راستی,اسم,8668,entries/0851-0969.md,entry-0913
مناسبت داشتن,مناسبت داشتن,24,سازگاری,فعل,241,entries/0001-0090.md,entry-0024
مناسب‌تر,مناسب‌تر,24,سازگاری,صفت,239,entries/0001-0090.md,entry-0024
مناسک,مناسک,988,مراسم مذهبی,اسم,9336,entries/0970-0991.md,entry-0988
مناسک را به‌جای آوردن,مناسک را به‌جای آوردن,988,مراسم مذهبی,فعل,9344,entries/0970-0991.md,entry-0988
مناطق پَست,مناطق پَست,230,محیط 230#,اسم,2232,entries/0194-0301.md,entry-0230
مناطق پَست,مناطق پَست,344,زمین,اسم,3284,entries/0302-0437.md,entry-0344
مناظره,مناظره,25,ناسازگاری,اسم,246,entries/0001-0090.md,entry-0025
مناظره,مناظره,182,اثر متقابل,اسم,1716,entries/0091-0193.md,entry-0182
مناظره,مناظره,475,استدلال . تعقل,اسم,4423,entries/0438-0543.md,entry-0475
مناظره,مناظره,584,محاوره,اسم,5428,entries/0544-0650.md,entry-0584
مناظره,مناظره,709,مناقشه,اسم,6702,entries/0651-0741.md,entry-0709
مناظره کردن,مناظره کردن,584,محاوره,فعل,5433,entries/0544-0650.md,entry-0584
مناظره‌کننده,مناظره‌کننده,475,استدلال . تعقل,اسم,4426,entries/0438-0543.md,entry-0475
مناظره‌کننده,مناظره‌کننده,709,مناقشه,اسم,6706,entries/0651-0741.md,entry-0709
مناظرۀ تلویزیونی,مناظرۀ تلویزیونی,709,مناقشه,اسم,6702,entries/0651-0741.md,entry-0709
مناعت,مناعت,863,بی‌نیازی,اسم,8191,entries/0851-0969.md,entry-0863
مناعت طبع,مناعت طبع,863,بی‌نیازی,اسم,8191,entries/0851-0969.md,entry-0863
منافق,منافق,541,دروغگویی,صفت,5090,entries/0438-0543.md,entry-0541
منافی,منافی,533,انکار . سلب,صفت,5028,entries/0438-0543.md,entry-0533
منافی بودن,منافی بودن,14,مغایرت . دیگر بودن,فعل,154,entries/0001-0090.md,entry-0014
منافی بودن,منافی بودن,704,ضدیت . تقابل,فعل,6664,entries/0651-0741.md,entry-0704
مناقب,مناقب,933,پرهیزگاری,اسم,8870,entries/0851-0969.md,entry-0933
مناقشه,مناقشه,15,تفاوت . تمیز,اسم,159,entries/0001-0090.md,entry-0015
مناقشه,مناقشه,25,ناسازگاری,اسم,246,entries/0001-0090.md,entry-0025
مناقشه,مناقشه,46,عدم اتحاد . گسیختگی,اسم,461,entries/0001-0090.md,entry-0046
مناقشه,مناقشه,475,استدلال . تعقل,اسم,4423,entries/0438-0543.md,entry-0475
مناقشه,مناقشه,489,نظر مخالف,اسم,4569,entries/0438-0543.md,entry-0489
مناقشه,مناقشه,704,ضدیت . تقابل,اسم,6661,entries/0651-0741.md,entry-0704
مناقشه,مناقشه,709,مناقشه,اسم,6702,entries/0651-0741.md,entry-0709
مناقشه,مناقشه,716,ستیز . مبارزه,اسم,6770,entries/0651-0741.md,entry-0716
مناقشه,مناقشه,738,سرپیچی . عصیان,اسم,7022,entries/0651-0741.md,entry-0738
مناقشه,مناقشه,924,سرزنش . تقبیح,اسم,8782,entries/0851-0969.md,entry-0924
مناقشه,مناقشه,959,دادخواهی,اسم,9074,entries/0851-0969.md,entry-0959
مناقشه,مناقشه,978,فرقه‌گرایی,اسم,9239,entries/0970-0991.md,entry-0978
مناقشه حقوقی,مناقشه حقوقی,959,دادخواهی,اسم,9074,entries/0851-0969.md,entry-0959
مناقصه,مناقصه,759,عَرضه,اسم,7203,entries/0742-0850.md,entry-0759
مناقصه,مناقصه,792,خرید,اسم,7507,entries/0742-0850.md,entry-0792
منان,منان,909,عفو . بخشش,صفت,8635,entries/0851-0969.md,entry-0909
منان,منان,965,ذات خداوندی,اسم,9138,entries/0851-0969.md,entry-0965
منبت کاری,منبت کاری,844,تزیین,اسم,8012,entries/0742-0850.md,entry-0844
منبت‌کاری,منبت‌کاری,254,برجستگی,اسم,2438,entries/0194-0301.md,entry-0254
منبت‌کاری,منبت‌کاری,551,تجسم,اسم,5198,entries/0544-0650.md,entry-0551
منبت‌کاری,منبت‌کاری,555,کنده‌کاری,اسم,5227,entries/0544-0650.md,entry-0555
منبت‌کاری کردن,منبت‌کاری کردن,437,رنگارنگی,فعل,4025,entries/0302-0437.md,entry-0437
منبت‌کاری‌شده,منبت‌کاری‌شده,437,رنگارنگی,صفت,4023,entries/0302-0437.md,entry-0437
منبر,منبر,218,پایه . تکیه‌گاه,اسم,2091,entries/0194-0301.md,entry-0218
منبر,منبر,539,مدرسه,اسم,5076,entries/0438-0543.md,entry-0539
منبر,منبر,990,معبد,اسم,9358,entries/0970-0991.md,entry-0990
منبر سوزاندن,منبر سوزاندن,980,بی‌تقوایی 980#,فعل,9269,entries/0970-0991.md,entry-0980
منبسط,منبسط,32,بزرگی,صفت,323,entries/0001-0090.md,entry-0032
منبسط,منبسط,183,فضا 183#,صفت,1741,entries/0091-0193.md,entry-0183
منبسط,منبسط,197,انبساط,صفت,1905,entries/0194-0301.md,entry-0197
منبسط,منبسط,205,عرض . ضخامت,صفت,1979,entries/0194-0301.md,entry-0205
منبسط,منبسط,253,تحدب,صفت,2429,entries/0194-0301.md,entry-0253
منبسط,منبسط,263,باز . گشودگی,صفت,2519,entries/0194-0301.md,entry-0263
منبسط,منبسط,325,رقت . کمیابی,صفت,3142,entries/0302-0437.md,entry-0325
منبسط کردن,منبسط کردن,197,انبساط,فعل,1907,entries/0194-0301.md,entry-0197
منبسط کردن,منبسط کردن,325,رقت . کمیابی,فعل,3143,entries/0302-0437.md,entry-0325
منبع,منبع,68,آغاز,اسم,686,entries/0001-0090.md,entry-0068
منبع,منبع,156,علیت . علت 156#,اسم,1454,entries/0091-0193.md,entry-0156
منبع,منبع,194,ظرف,اسم,1847,entries/0194-0301.md,entry-0194
منبع,منبع,589,کتاب,اسم,5472,entries/0544-0650.md,entry-0589
منبع,منبع,629,وسیله,اسم,5915,entries/0544-0650.md,entry-0629
منبع,منبع,632,انبار,اسم,5946,entries/0544-0650.md,entry-0632
منبع آب,منبع آب,632,انبار,اسم,5946,entries/0544-0650.md,entry-0632
منبع آگاه,منبع آگاه,524,اطلاع . آگاهی,اسم,4921,entries/0438-0543.md,entry-0524
منبع انرژی,منبع انرژی,160,توان 160#,اسم,1498,entries/0091-0193.md,entry-0160
منبع انرژی,منبع انرژی,417,روشنی,اسم,3880,entries/0302-0437.md,entry-0417
منبع نور,منبع نور,420,روشنایی 420#,اسم,3909,entries/0302-0437.md,entry-0420
منت,منت,781,دهش,اسم,7406,entries/0742-0850.md,entry-0781
منت,منت,871,غرور . افتخار,اسم,8278,entries/0851-0969.md,entry-0871
منت,منت,897,نیکخواهی,اسم,8530,entries/0851-0969.md,entry-0897
منت گذاشتن,منت گذاشتن,781,دهش,فعل,7412,entries/0742-0850.md,entry-0781
منت گذاشتن,منت گذاشتن,871,غرور . افتخار,فعل,8280,entries/0851-0969.md,entry-0871
منت گذاشتن,منت گذاشتن,872,حقارت . خفت,فعل,8290,entries/0851-0969.md,entry-0872
منت گذاشتن,منت گذاشتن,922,تحقیر,فعل,8761,entries/0851-0969.md,entry-0922
منتج از,منتج از,154,رویداد 154#,صفت,1426,entries/0091-0193.md,entry-0154
منتج شدن,منتج شدن,154,رویداد 154#,فعل,1429,entries/0091-0193.md,entry-0154
منتج شدن,منتج شدن,157,معلول 157#,فعل,1468,entries/0091-0193.md,entry-0157
منتج شدن,منتج شدن,158,اِسناد: نسبت دادنِ علت,فعل,1479,entries/0091-0193.md,entry-0158
منتجه,منتجه,65,تعاقب [در ترتیب] . توالی,صفت,661,entries/0001-0090.md,entry-0065
منتجه,منتجه,154,رویداد 154#,صفت,1426,entries/0091-0193.md,entry-0154
منتجه,منتجه,157,معلول 157#,صفت,1466,entries/0091-0193.md,entry-0157
منتجه,منتجه,478,اثبات,صفت,4454,entries/0438-0543.md,entry-0478
منتجه,منتجه,612,انگیختن . تحریک,صفت,5743,entries/0544-0650.md,entry-0612
منتخب,منتخب,33,کوچکی,اسم,335,entries/0001-0090.md,entry-0033
منتخب,منتخب,80,ویژگی . خاص بودن 80#,صفت,808,entries/0001-0090.md,entry-0080
منتخب,منتخب,204,کوتاهی,صفت,1972,entries/0194-0301.md,entry-0204
منتخب,منتخب,569,ایجاز,اسم,5326,entries/0544-0650.md,entry-0569
منتخب,منتخب,592,تلخیص,اسم,5505,entries/0544-0650.md,entry-0592
منتخب,منتخب,605,انتخاب,صفت,5668,entries/0544-0650.md,entry-0605
منتخب,منتخب,644,خوبی: صفات خوب انسان,صفت,6056,entries/0544-0650.md,entry-0644
منتخب,منتخب,846,خوش‌سلیقگی,صفت,8037,entries/0742-0850.md,entry-0846
منتخب اشعار,منتخب اشعار,592,تلخیص,اسم,5505,entries/0544-0650.md,entry-0592
منتخبات,منتخبات,589,کتاب,اسم,5476,entries/0544-0650.md,entry-0589
منتخبات,منتخبات,590,روایت . شرح . وصف 590#,اسم,5487,entries/0544-0650.md,entry-0590
منتخبین,منتخبین,80,ویژگی . خاص بودن 80#,اسم,806,entries/0001-0090.md,entry-0080
منتخبین,منتخبین,644,خوبی: صفات خوب انسان,اسم,6052,entries/0544-0650.md,entry-0644
منتشر شدن,منتشر شدن,294,واگرایی,فعل,2801,entries/0194-0301.md,entry-0294
منتشر شدن,منتشر شدن,455,توجه,فعل,4203,entries/0438-0543.md,entry-0455
منتشر شدن,منتشر شدن,528,نشر,فعل,4983,entries/0438-0543.md,entry-0528
منتشر شدن,منتشر شدن,591,رساله,فعل,5500,entries/0544-0650.md,entry-0591
منتشر شدن (درچیزی),منتشر شدن (درچیزی),189,حضور,فعل,1792,entries/0091-0193.md,entry-0189
منتشر شدن در چیزی,منتشر شدن در چیزی,224,درون,فعل,2157,entries/0194-0301.md,entry-0224
منتشر شدن در چیزی,منتشر شدن در چیزی,297,دخول: حرکت به درون,فعل,2829,entries/0194-0301.md,entry-0297
منتشر کردن,منتشر کردن,75,تفرق . پراکندگی,فعل,763,entries/0001-0090.md,entry-0075
منتشر کردن,منتشر کردن,528,نشر,فعل,4980,entries/0438-0543.md,entry-0528
منتشر کردن,منتشر کردن,610,عادت 610#,اسم,5711,entries/0544-0650.md,entry-0610
منتشرشده,منتشرشده,490,دانش . دانایی 490#,صفت,4588,entries/0438-0543.md,entry-0490
منتشرشده,منتشرشده,522,تجلی,صفت,4899,entries/0438-0543.md,entry-0522
منتشرشده,منتشرشده,528,نشر,صفت,4977,entries/0438-0543.md,entry-0528
منتشره,منتشره,522,تجلی,صفت,4899,entries/0438-0543.md,entry-0522
منتشره,منتشره,587,چاپ,صفت,5459,entries/0544-0650.md,entry-0587
منتشرکردن,منتشرکردن,300,دفع . طرد 300#,فعل,2868,entries/0194-0301.md,entry-0300
منتصب کردن,منتصب کردن,751,انتصاب,فعل,7142,entries/0742-0850.md,entry-0751
منتظر,منتظر,474,عدم‌قطعیت . تردید,صفت,4407,entries/0438-0543.md,entry-0474
منتظر,منتظر,507,انتظار,صفت,4744,entries/0438-0543.md,entry-0507
منتظر,منتظر,664,اخطار,صفت,6294,entries/0651-0741.md,entry-0664
منتظر,منتظر,852,امید . آرزو,صفت,8090,entries/0851-0969.md,entry-0852
منتظر,منتظر,865,فقدان تحیر,صفت,8212,entries/0851-0969.md,entry-0865
منتظر به‌دست آوردن سود بودن ◄ امید داشتن,منتظر به‌دست آوردن سود بودن ◄ امید داشتن,816,خست,فعل,7703,entries/0742-0850.md,entry-0816
منتظر بودن,منتظر بودن,136,تأخیر,فعل,1252,entries/0091-0193.md,entry-0136
منتظر بودن,منتظر بودن,217,آویزانی,فعل,2082,entries/0194-0301.md,entry-0217
منتظر بودن,منتظر بودن,474,عدم‌قطعیت . تردید,فعل,4409,entries/0438-0543.md,entry-0474
منتظر بودن,منتظر بودن,507,انتظار,فعل,4747,entries/0438-0543.md,entry-0507
منتظر بودن,منتظر بودن,852,امید . آرزو,فعل,8092,entries/0851-0969.md,entry-0852
منتظر خدمت,منتظر خدمت,507,انتظار,صفت,4744,entries/0438-0543.md,entry-0507
منتظر خدمت,منتظر خدمت,722,رزمنده,صفت,6847,entries/0651-0741.md,entry-0722
منتظر شدن,منتظر شدن,136,تأخیر,فعل,1252,entries/0091-0193.md,entry-0136
منتظر فرصت بودن,منتظر فرصت بودن,136,تأخیر,فعل,1252,entries/0091-0193.md,entry-0136
منتظر فرصت بودن,منتظر فرصت بودن,471,احتمال,فعل,4376,entries/0438-0543.md,entry-0471
منتظر ماندن,منتظر ماندن,136,تأخیر,فعل,1252,entries/0091-0193.md,entry-0136
منتظر),منتظر),741,رئیس,اسم,7053,entries/0651-0741.md,entry-0741
منتظره,منتظره,124,آینده,صفت,1139,entries/0091-0193.md,entry-0124
منتظره,منتظره,865,فقدان تحیر,صفت,8213,entries/0851-0969.md,entry-0865
منتظم,منتظم,60,نظم 60#,صفت,611,entries/0001-0090.md,entry-0060
منتقد,منتقد,480,تشخیص . استنتاج 480#,اسم,4476,entries/0438-0543.md,entry-0480
منتقد,منتقد,520,تعبیر . تفسیر 520#,اسم,4872,entries/0438-0543.md,entry-0520
منتقد,منتقد,589,کتاب,اسم,5478,entries/0544-0650.md,entry-0589
منتقد,منتقد,594,تئاتر,اسم,5537,entries/0544-0650.md,entry-0594
منتقد,منتقد,614,بهانه: انگیزۀ ظاهری,صفت,5765,entries/0544-0650.md,entry-0614
منتقد,منتقد,829,عدم رضایت,صفت,7842,entries/0742-0850.md,entry-0829
منتقد,منتقد,846,خوش‌سلیقگی,صفت,8036,entries/0742-0850.md,entry-0846
منتقد,منتقد,924,سرزنش . تقبیح,صفت,8784,entries/0851-0969.md,entry-0924
منتقد,منتقد,926,بدگویی . افترا,صفت,8806,entries/0851-0969.md,entry-0926
منتقد سینمایی,منتقد سینمایی,594,تئاتر,اسم,5537,entries/0544-0650.md,entry-0594
منتقد هنری,منتقد هنری,846,خوش‌سلیقگی,صفت,8036,entries/0742-0850.md,entry-0846
منتقل (شده) [مِلک],منتقل (شده) [مِلک],151,تغییر متقابل: تغییر باهم یا دوگانه,صفت,1394,entries/0091-0193.md,entry-0151
منتقل شدن,منتقل شدن,150,جایگزینی: گذاشتن چیزی درجای دیگری,فعل,1387,entries/0091-0193.md,entry-0150
منتقل شدن,منتقل شدن,771,اکتساب,فعل,7313,entries/0742-0850.md,entry-0771
منتقل کردن,منتقل کردن,63,اغتشاش: ایجاد اغتشاش و به‌هم ریختن,فعل,646,entries/0001-0090.md,entry-0063
منتقل کردن,منتقل کردن,143,تغییر و تحول 143#,فعل,1326,entries/0091-0193.md,entry-0143
منتقل کردن,منتقل کردن,150,جایگزینی: گذاشتن چیزی درجای دیگری,فعل,1388,entries/0091-0193.md,entry-0150
منتقل کردن,منتقل کردن,151,تغییر متقابل: تغییر باهم یا دوگانه,فعل,1395,entries/0091-0193.md,entry-0151
منتقل کردن,منتقل کردن,188,نقل مکان . انتقال,اسم,1778,entries/0091-0193.md,entry-0188
منتقل کردن,منتقل کردن,265,حرکت 265#,فعل,2549,entries/0194-0301.md,entry-0265
منتقل کردن,منتقل کردن,272,حمل . ترابری,فعل,2624,entries/0194-0301.md,entry-0272
منتقل کردن,منتقل کردن,273,حمل‌کننده,فعل,2634,entries/0194-0301.md,entry-0273
منتقل کردن,منتقل کردن,524,اطلاع . آگاهی,فعل,4928,entries/0438-0543.md,entry-0524
منتقل کردن,منتقل کردن,779,عدم نگهداری,فعل,7391,entries/0742-0850.md,entry-0779
منتقل کردن,منتقل کردن,780,انتقال ملک 780#,فعل,7400,entries/0742-0850.md,entry-0780
منتقل کردن,منتقل کردن,781,دهش,فعل,7412,entries/0742-0850.md,entry-0781
منتقل کردن272,منتقل کردن272,300,دفع . طرد 300#,فعل,2867,entries/0194-0301.md,entry-0300
منتقل(شده),منتقل(شده),777,دارایی . مِلک 777#,صفت,7370,entries/0742-0850.md,entry-0777
منتقل(شده),منتقل(شده),780,انتقال ملک 780#,صفت,7399,entries/0742-0850.md,entry-0780
منتقل‌شده,منتقل‌شده,188,نقل مکان . انتقال,صفت,1779,entries/0091-0193.md,entry-0188
منتقل‌شده,منتقل‌شده,779,عدم نگهداری,صفت,7389,entries/0742-0850.md,entry-0779
منتقل‌کننده,منتقل‌کننده,188,نقل مکان . انتقال,اسم,1778,entries/0091-0193.md,entry-0188
منتقل‌کننده,منتقل‌کننده,272,حمل . ترابری,اسم,2620,entries/0194-0301.md,entry-0272
منتقل‌کننده,منتقل‌کننده,273,حمل‌کننده,اسم,2630,entries/0194-0301.md,entry-0273
منتها,منتها,69,پایان,اسم,699,entries/0001-0090.md,entry-0069
منتهاالیه,منتهاالیه,199,دوری,صفت,1924,entries/0194-0301.md,entry-0199
منتهای ◄ کاملاً,منتهای ◄ کاملاً,54,کامل 54#,صفت,552,entries/0001-0090.md,entry-0054
منتهایِ,منتهایِ,54,کامل 54#,قید,557,entries/0001-0090.md,entry-0054
منتها‌الیه,منتها‌الیه,69,پایان,اسم,699,entries/0001-0090.md,entry-0069
منتهی,منتهی,725,تکمیل . اجرا,صفت,6884,entries/0651-0741.md,entry-0725
منتهی شدن,منتهی شدن,157,معلول 157#,فعل,1468,entries/0091-0193.md,entry-0157
منتهی شدن,منتهی شدن,624,راه,فعل,5883,entries/0544-0650.md,entry-0624
منتهی‌الیه,منتهی‌الیه,69,پایان,اسم,699,entries/0001-0090.md,entry-0069
منت‌کش,منت‌کش,907,حق‌شناسی . شُکر,صفت,8621,entries/0851-0969.md,entry-0907
منت‌گذار,منت‌گذار,871,غرور . افتخار,صفت,8279,entries/0851-0969.md,entry-0871
منت‌گذاری,منت‌گذاری,922,تحقیر,اسم,8756,entries/0851-0969.md,entry-0922
منجر,منجر,156,علیت . علت 156#,صفت,1456,entries/0091-0193.md,entry-0156
منجر,منجر,157,معلول 157#,صفت,1466,entries/0091-0193.md,entry-0157
منجر شدن,منجر شدن,156,علیت . علت 156#,فعل,1459,entries/0091-0193.md,entry-0156
منجر شدن,منجر شدن,157,معلول 157#,فعل,1468,entries/0091-0193.md,entry-0157
منجر شدن,منجر شدن,725,تکمیل . اجرا,فعل,6887,entries/0651-0741.md,entry-0725
منجربه,منجربه,179,گرایش,صفت,1698,entries/0091-0193.md,entry-0179
منجرشده,منجرشده,725,تکمیل . اجرا,صفت,6884,entries/0651-0741.md,entry-0725
منجز,منجز,1,وجود (هستی),صفت,30,entries/0001-0090.md,entry-0001
منجلاب,منجلاب,347,باتلاق,اسم,3299,entries/0302-0437.md,entry-0347
منجلاب,منجلاب,649,ناپاکی . آلودگی,اسم,6107,entries/0544-0650.md,entry-0649
منجم,منجم,117,زمان‌سنجی,اسم,1092,entries/0091-0193.md,entry-0117
منجم,منجم,321,کیهان,اسم,3095,entries/0302-0437.md,entry-0321
منجمد,منجمد,153,پایداری (تغییرناپذیری),صفت,1417,entries/0091-0193.md,entry-0153
منجمد,منجمد,326,سختی . صلابت,صفت,3150,entries/0302-0437.md,entry-0326
منجمد,منجمد,382,سرمایش,صفت,3637,entries/0302-0437.md,entry-0382
منجمد,منجمد,554,مجسمه‌سازی,صفت,5222,entries/0544-0650.md,entry-0554
منجمد شدن,منجمد شدن,380,سرما 380#,فعل,3616,entries/0302-0437.md,entry-0380
منجمد شمالی,منجمد شمالی,343,دریا . اقیانوس,اسم,3278,entries/0302-0437.md,entry-0343
منجمد ◄ سردشده,منجمد ◄ سردشده,324,تراکم . چگالی 324#,صفت,3134,entries/0302-0437.md,entry-0324
منجمدشده,منجمدشده,147,تبدیل: تغییر یافتن به‌چیزی دیگر,صفت,1363,entries/0091-0193.md,entry-0147
منجی,منجی,668,نجات,اسم,6324,entries/0651-0741.md,entry-0668
منجی,منجی,965,ذات خداوندی,صفت,9145,entries/0851-0969.md,entry-0965
منجی,منجی,975,وحی . پیامبر,صفت,9217,entries/0970-0991.md,entry-0975
منحرف,منحرف,15,تفاوت . تمیز,صفت,162,entries/0001-0090.md,entry-0015
منحرف,منحرف,84,عدم تطبیق,صفت,849,entries/0001-0090.md,entry-0084
منحرف,منحرف,152,تغییرپذیری,صفت,1404,entries/0091-0193.md,entry-0152
منحرف,منحرف,265,حرکت 265#,صفت,2547,entries/0194-0301.md,entry-0265
منحرف,منحرف,282,انحراف . بی‌هدفی,صفت,2715,entries/0194-0301.md,entry-0282
منحرف,منحرف,307,کاستی . نارسایی . کسری (حرکت نیمه‌تمام) 307,صفت,2961,entries/0302-0437.md,entry-0307
منحرف,منحرف,504,دیوانه,اسم,4706,entries/0438-0543.md,entry-0504
منحرف,منحرف,604,تلون مزاج . هوس,صفت,5657,entries/0544-0650.md,entry-0604
منحرف,منحرف,618,اتفاق . قمار,صفت,5813,entries/0544-0650.md,entry-0618
منحرف,منحرف,655,زوال . فرسایش,صفت,6185,entries/0651-0741.md,entry-0655
منحرف,منحرف,934,شرارت,صفت,8879,entries/0851-0969.md,entry-0934
منحرف شدن,منحرف شدن,15,تفاوت . تمیز,فعل,164,entries/0001-0090.md,entry-0015
منحرف شدن,منحرف شدن,46,عدم اتحاد . گسیختگی,فعل,470,entries/0001-0090.md,entry-0046
منحرف شدن,منحرف شدن,75,تفرق . پراکندگی,فعل,762,entries/0001-0090.md,entry-0075
منحرف شدن,منحرف شدن,143,تغییر و تحول 143#,فعل,1325,entries/0091-0193.md,entry-0143
منحرف شدن,منحرف شدن,239,کنار,فعل,2309,entries/0194-0301.md,entry-0239
منحرف شدن,منحرف شدن,281,جهت,فعل,2707,entries/0194-0301.md,entry-0281
منحرف شدن,منحرف شدن,282,انحراف . بی‌هدفی,فعل,2716,entries/0194-0301.md,entry-0282
منحرف شدن,منحرف شدن,290,دور شدن 290#,فعل,2776,entries/0194-0301.md,entry-0290
منحرف شدن,منحرف شدن,294,واگرایی,فعل,2801,entries/0194-0301.md,entry-0294
منحرف شدن,منحرف شدن,305,گذر 305#,فعل,2947,entries/0302-0437.md,entry-0305
منحرف شدن,منحرف شدن,307,کاستی . نارسایی . کسری (حرکت نیمه‌تمام) 307,فعل,2964,entries/0302-0437.md,entry-0307
منحرف شدن,منحرف شدن,495,خطا,فعل,4634,entries/0438-0543.md,entry-0495
منحرف شدن,منحرف شدن,603,بی ثباتی . بوالهوسی,فعل,5649,entries/0544-0650.md,entry-0603
منحرف شدن,منحرف شدن,726,عدم تکمیل,فعل,6893,entries/0651-0741.md,entry-0726
منحرف شدن,منحرف شدن,936,گناهکاری . مجرمیت,فعل,8899,entries/0851-0969.md,entry-0936
منحرف شدن,منحرف شدن,977,بدعت,فعل,9235,entries/0970-0991.md,entry-0977
منحرف شدن,منحرف شدن,980,بی‌تقوایی 980#,فعل,9269,entries/0970-0991.md,entry-0980
منحرف کردن,منحرف کردن,282,انحراف . بی‌هدفی,فعل,2717,entries/0194-0301.md,entry-0282
منحرف کردن,منحرف کردن,456,بی‌توجهی,فعل,4215,entries/0438-0543.md,entry-0456
منحرف کردن,منحرف کردن,535,بدآموزی,فعل,5046,entries/0438-0543.md,entry-0535
منحرف کردن,منحرف کردن,613,بازداشتن,فعل,5758,entries/0544-0650.md,entry-0613
منحرف کردن,منحرف کردن,655,زوال . فرسایش,فعل,6190,entries/0651-0741.md,entry-0655
منحرف کردن,منحرف کردن,934,شرارت,فعل,8883,entries/0851-0969.md,entry-0934
منحرف کردن,منحرف کردن,951,بی‌عفتی,فعل,9013,entries/0851-0969.md,entry-0951
منحرف‌کنندۀ ذهن,منحرف‌کنندۀ ذهن,282,انحراف . بی‌هدفی,اسم,2713,entries/0194-0301.md,entry-0282
منحصر,منحصر,21,نوآوری,صفت,216,entries/0001-0090.md,entry-0021
منحصر,منحصر,88,وحدت,صفت,894,entries/0001-0090.md,entry-0088
منحصر,منحصر,757,ممنوعیت . قدغن,صفت,7190,entries/0742-0850.md,entry-0757
منحصر به‌خود کردن,منحصر به‌خود کردن,773,مالکیت,فعل,7336,entries/0742-0850.md,entry-0773
منحصر به‌فرد,منحصر به‌فرد,21,نوآوری,صفت,216,entries/0001-0090.md,entry-0021
منحصربه فرد,منحصربه فرد,88,وحدت,صفت,894,entries/0001-0090.md,entry-0088
منحط,منحط,655,زوال . فرسایش,صفت,6185,entries/0651-0741.md,entry-0655
منحط شدن,منحط شدن,655,زوال . فرسایش,فعل,6189,entries/0651-0741.md,entry-0655
منحل شدن,منحل شدن,655,زوال . فرسایش,فعل,6189,entries/0651-0741.md,entry-0655
منحل نشدنی,منحل نشدنی,52,کل - بخش اصلی,صفت,530,entries/0001-0090.md,entry-0052
منحل کردن,منحل کردن,264,بسته . انسداد,فعل,2534,entries/0194-0301.md,entry-0264
منحل کردن,منحل کردن,674,عدم استفاده,فعل,6392,entries/0651-0741.md,entry-0674
منحل کردن,منحل کردن,752,لغو . الغا . عزل,فعل,7151,entries/0742-0850.md,entry-0752
منحله,منحله,655,زوال . فرسایش,صفت,6185,entries/0651-0741.md,entry-0655
منحله,منحله,752,لغو . الغا . عزل,صفت,7149,entries/0742-0850.md,entry-0752
منحنی,منحنی,86,شمارش,اسم,871,entries/0001-0090.md,entry-0086
منحنی,منحنی,248,منحنی . ناهموار,اسم,2375,entries/0194-0301.md,entry-0248
منحنی,منحنی,257,کُندی,اسم,2464,entries/0194-0301.md,entry-0257
منحنی,منحنی,261,خَم,صفت,2497,entries/0194-0301.md,entry-0261
منحنی توزیع,منحنی توزیع,86,شمارش,اسم,872,entries/0001-0090.md,entry-0086
مندرج,مندرج,548,پیشینه,صفت,5176,entries/0544-0650.md,entry-0548
مندرج,مندرج,586,نگارش,صفت,5449,entries/0544-0650.md,entry-0586
مندرج درفهرست,مندرج درفهرست,87,فهرست,صفت,886,entries/0001-0090.md,entry-0087
مندرج کردن,مندرج کردن,586,نگارش,فعل,5450,entries/0544-0650.md,entry-0586
مندرجات,مندرجات,193,مظروف,اسم,1842,entries/0091-0193.md,entry-0193
مندرجات,مندرجات,586,نگارش,اسم,5445,entries/0544-0650.md,entry-0586
مندرس,مندرس,127,کهنگی,صفت,1176,entries/0091-0193.md,entry-0127
مندرس,مندرس,655,زوال . فرسایش,صفت,6186,entries/0651-0741.md,entry-0655
مندرس,مندرس,674,عدم استفاده,صفت,6390,entries/0651-0741.md,entry-0674
مندلی,مندلی,157,معلول 157#,صفت,1467,entries/0091-0193.md,entry-0157
منزجر,منزجر,861,بی‌میلی,صفت,8178,entries/0851-0969.md,entry-0861
منزجر,منزجر,888,نفرت,صفت,8453,entries/0851-0969.md,entry-0888
منزل,منزل,76,کانون: محل تلاقی یا تجمع,اسم,767,entries/0001-0090.md,entry-0076
منزل,منزل,183,فضا 183#,اسم,1736,entries/0091-0193.md,entry-0183
منزل,منزل,189,حضور,اسم,1787,entries/0091-0193.md,entry-0189
منزل,منزل,192,منزل: محل سکنا یا زندگی,اسم,1815,entries/0091-0193.md,entry-0192
منزل,منزل,202,مجاورت,اسم,1949,entries/0194-0301.md,entry-0202
منزل,منزل,295,ورود,اسم,2806,entries/0194-0301.md,entry-0295
منزل,منزل,617,قصد,اسم,5798,entries/0544-0650.md,entry-0617
منزل,منزل,991,عرفان,اسم,9374,entries/0970-0991.md,entry-0991
منزل داشتن,منزل داشتن,186,موقعیت,فعل,1762,entries/0091-0193.md,entry-0186
منزل رها کردن,منزل رها کردن,296,خروج,فعل,2819,entries/0194-0301.md,entry-0296
منزل کردن,منزل کردن,187,استقرار . قرارگاه,فعل,1773,entries/0091-0193.md,entry-0187
منزلت,منزلت,8,شرایط: وضعیت نسبی,اسم,93,entries/0001-0090.md,entry-0008
منزلت,منزلت,32,بزرگی,اسم,320,entries/0001-0090.md,entry-0032
منزلت,منزلت,73,ردیف 73#,اسم,734,entries/0001-0090.md,entry-0073
منزلت,منزلت,186,موقعیت,اسم,1759,entries/0091-0193.md,entry-0186
منزلت,منزلت,615,خِیر . سعادت,اسم,5772,entries/0544-0650.md,entry-0615
منزلت,منزلت,638,اهمیت,اسم,5998,entries/0544-0650.md,entry-0638
منزلت,منزلت,733,اقتدار 733#,اسم,6964,entries/0651-0741.md,entry-0733
منزلت,منزلت,866,خوش‌نامی,اسم,8220,entries/0851-0969.md,entry-0866
منزلت,منزلت,870,عنوان 870#,اسم,8271,entries/0851-0969.md,entry-0870
منزلت,منزلت,920,احترام 920#,اسم,8736,entries/0851-0969.md,entry-0920
منزل‌گیری,منزل‌گیری,187,استقرار . قرارگاه,اسم,1766,entries/0091-0193.md,entry-0187
منزه,منزه,44,سادگی,صفت,436,entries/0001-0090.md,entry-0044
منزه,منزه,199,دوری,صفت,1924,entries/0194-0301.md,entry-0199
منزه,منزه,646,کمال,صفت,6076,entries/0544-0650.md,entry-0646
منزه,منزه,648,پاکیزگی,صفت,6098,entries/0544-0650.md,entry-0648
منزه,منزه,950,عفت . پاکدامنی 950#,صفت,9000,entries/0851-0969.md,entry-0950
منزه,منزه,979,تقوا,صفت,9256,entries/0970-0991.md,entry-0979
منزه ازگناه,منزه ازگناه,646,کمال,صفت,6075,entries/0544-0650.md,entry-0646
منزه بودن,منزه بودن,646,کمال,فعل,6078,entries/0544-0650.md,entry-0646
منزه شدن,منزه شدن,646,کمال,فعل,6078,entries/0544-0650.md,entry-0646
منزه کردن,منزه کردن,648,پاکیزگی,فعل,6100,entries/0544-0650.md,entry-0648
منزوی,منزوی,88,وحدت,صفت,895,entries/0001-0090.md,entry-0088
منزوی,منزوی,300,دفع . طرد 300#,اسم,2858,entries/0194-0301.md,entry-0300
منزوی,منزوی,444,ناپیدایی,صفت,4084,entries/0438-0543.md,entry-0444
منزوی,منزوی,525,کتمان,صفت,4940,entries/0438-0543.md,entry-0525
منزوی,منزوی,883,اجتماعی نبودن,صفت,8394,entries/0851-0969.md,entry-0883
منزوی,منزوی,902,مردم‌گریزی,صفت,8583,entries/0851-0969.md,entry-0902
منزوی,منزوی,945,ریاضت,اسم,8957,entries/0851-0969.md,entry-0945
منزوی کردن,منزوی کردن,46,عدم اتحاد . گسیختگی,فعل,472,entries/0001-0090.md,entry-0046
منزوی کردن,منزوی کردن,57,بیرون گذاشتن,فعل,584,entries/0001-0090.md,entry-0057
منزوی کردن,منزوی کردن,300,دفع . طرد 300#,فعل,2866,entries/0194-0301.md,entry-0300
منزوی کردن,منزوی کردن,652,گوارایی,فعل,6157,entries/0651-0741.md,entry-0652
منزوی کردن,منزوی کردن,978,فرقه‌گرایی,فعل,9245,entries/0970-0991.md,entry-0978
منزوی‌کردن,منزوی‌کردن,883,اجتماعی نبودن,فعل,8402,entries/0851-0969.md,entry-0883
منسجم,منسجم,16,همگنی,صفت,170,entries/0001-0090.md,entry-0016
منسجم,منسجم,45,اتحاد . پیوستگی,صفت,447,entries/0001-0090.md,entry-0045
منسجم,منسجم,48,انسجام,صفت,495,entries/0001-0090.md,entry-0048
منسجم,منسجم,50,ترکیب 50#,صفت,510,entries/0001-0090.md,entry-0050
منسجم,منسجم,56,دربر گرفتن,صفت,570,entries/0001-0090.md,entry-0056
منسجم,منسجم,329,استحکام,صفت,3172,entries/0302-0437.md,entry-0329
منسجم,منسجم,579,سخن,صفت,5396,entries/0544-0650.md,entry-0579
منسجم بودن,منسجم بودن,48,انسجام,فعل,496,entries/0001-0090.md,entry-0048
منسجم عمل کردن,منسجم عمل کردن,16,همگنی,فعل,171,entries/0001-0090.md,entry-0016
منسجم کردن,منسجم کردن,44,سادگی,فعل,438,entries/0001-0090.md,entry-0044
منسجم کردن,منسجم کردن,48,انسجام,فعل,497,entries/0001-0090.md,entry-0048
منسوب,منسوب,11,خویشاوندی: بستگی خونی,صفت,131,entries/0001-0090.md,entry-0011
منسوب,منسوب,157,معلول 157#,صفت,1466,entries/0091-0193.md,entry-0157
منسوب,منسوب,158,اِسناد: نسبت دادنِ علت,صفت,1476,entries/0091-0193.md,entry-0158
منسوب,منسوب,179,گرایش,صفت,1698,entries/0091-0193.md,entry-0179
منسوب,منسوب,915,وجود حق,صفت,8688,entries/0851-0969.md,entry-0915
منسوب کردن,منسوب کردن,158,اِسناد: نسبت دادنِ علت,اسم,1475,entries/0091-0193.md,entry-0158
منسوبین,منسوبین,11,خویشاوندی: بستگی خونی,اسم,128,entries/0001-0090.md,entry-0011
منسوج,منسوج,208,رشته . لیف,اسم,2004,entries/0194-0301.md,entry-0208
منسوج,منسوج,222,تاروپود: بافت متقاطع,اسم,2133,entries/0194-0301.md,entry-0222
منسوج,منسوج,226,پوشش,اسم,2168,entries/0194-0301.md,entry-0226
منسوج,منسوج,228,پوشاک . پوشیدن,اسم,2213,entries/0194-0301.md,entry-0228
منسوج,منسوج,331,ساختاریافتگی,اسم,3183,entries/0302-0437.md,entry-0331
منسوج,منسوج,631,مواد,اسم,5939,entries/0544-0650.md,entry-0631
منسوخ,منسوخ,2,عدم (نیستی),صفت,39,entries/0001-0090.md,entry-0002
منسوخ,منسوخ,127,کهنگی,صفت,1176,entries/0091-0193.md,entry-0127
منسوخ,منسوخ,479,ابطال . بطلان,صفت,4463,entries/0438-0543.md,entry-0479
منسوخ,منسوخ,607,ردّ . عدم انتخاب,صفت,5688,entries/0544-0650.md,entry-0607
منسوخ,منسوخ,655,زوال . فرسایش,صفت,6185,entries/0651-0741.md,entry-0655
منسوخ,منسوخ,752,لغو . الغا . عزل,صفت,7149,entries/0742-0850.md,entry-0752
منسوخ,منسوخ,779,عدم نگهداری,صفت,7389,entries/0742-0850.md,entry-0779
منسوخ,منسوخ,954,غیرقانونی,صفت,9037,entries/0851-0969.md,entry-0954
منسوخ شدن,منسوخ شدن,2,عدم (نیستی),فعل,44,entries/0001-0090.md,entry-0002
منسوخ کردن,منسوخ کردن,752,لغو . الغا . عزل,فعل,7151,entries/0742-0850.md,entry-0752
منش,منش,688,رفتار,اسم,6515,entries/0651-0741.md,entry-0688
منش,منش,817,خوی 817#,اسم,7716,entries/0742-0850.md,entry-0817
منشأ,منشأ,66,سرآغاز,اسم,670,entries/0001-0090.md,entry-0066
منشأ,منشأ,68,آغاز,اسم,686,entries/0001-0090.md,entry-0068
منشأ,منشأ,156,علیت . علت 156#,اسم,1453,entries/0091-0193.md,entry-0156
منشأ,منشأ,612,انگیختن . تحریک,اسم,5734,entries/0544-0650.md,entry-0612
منشأ (محل پیدایش و صدور,منشأ (محل پیدایش و صدور,156,علیت . علت 156#,اسم,1454,entries/0091-0193.md,entry-0156
منشأ سیارات,منشأ سیارات,321,کیهان,اسم,3090,entries/0302-0437.md,entry-0321
منشاء انواع,منشاء انواع,316,تکامل,اسم,3032,entries/0302-0437.md,entry-0316
منشعب,منشعب,75,تفرق . پراکندگی,صفت,761,entries/0001-0090.md,entry-0075
منشعب,منشعب,265,حرکت 265#,صفت,2547,entries/0194-0301.md,entry-0265
منشعب,منشعب,294,واگرایی,صفت,2800,entries/0194-0301.md,entry-0294
منشعب شدن,منشعب شدن,46,عدم اتحاد . گسیختگی,فعل,470,entries/0001-0090.md,entry-0046
منشعب شدن,منشعب شدن,75,تفرق . پراکندگی,فعل,762,entries/0001-0090.md,entry-0075
منشعب شدن,منشعب شدن,92,یک‌دوم,فعل,926,entries/0091-0193.md,entry-0092
منشعب شدن,منشعب شدن,294,واگرایی,فعل,2801,entries/0194-0301.md,entry-0294
منشعب شدن,منشعب شدن,978,فرقه‌گرایی,فعل,9246,entries/0970-0991.md,entry-0978
منشور,منشور,101,چندبرابری,اسم,959,entries/0091-0193.md,entry-0101
منشور,منشور,247,زاویه,اسم,2368,entries/0194-0301.md,entry-0247
منشور,منشور,422,شفاف,اسم,3929,entries/0302-0437.md,entry-0422
منشور,منشور,425,رنگ,اسم,3945,entries/0302-0437.md,entry-0425
منشور,منشور,737,دستور,اسم,7009,entries/0651-0741.md,entry-0737
منشور,منشور,756,اجازه,اسم,7180,entries/0742-0850.md,entry-0756
منشور آتلانتیک,منشور آتلانتیک,765,قرارداد,اسم,7250,entries/0742-0850.md,entry-0765
منشور حقوق بشر,منشور حقوق بشر,901,انساندوستی,اسم,8571,entries/0851-0969.md,entry-0901
منشور ملل متحد,منشور ملل متحد,765,قرارداد,اسم,7250,entries/0742-0850.md,entry-0765
منشویک,منشویک,692,شورا,اسم,6549,entries/0651-0741.md,entry-0692
منشی,منشی,549,متصدی ثبت . ضبط کننده,اسم,5183,entries/0544-0650.md,entry-0549
منشی,منشی,586,نگارش,اسم,5447,entries/0544-0650.md,entry-0586
منشی,منشی,589,کتاب,اسم,5479,entries/0544-0650.md,entry-0589
منشی,منشی,742,خادم,اسم,7064,entries/0742-0850.md,entry-0742
منشی,منشی,755,معاون,اسم,7168,entries/0742-0850.md,entry-0755
منشی جلسه,منشی جلسه,755,معاون,اسم,7168,entries/0742-0850.md,entry-0755
منشی صحنه,منشی صحنه,594,تئاتر,اسم,5534,entries/0544-0650.md,entry-0594
منصب,منصب,173,عاملیت,اسم,1632,entries/0091-0193.md,entry-0173
منصب,منصب,186,موقعیت,اسم,1759,entries/0091-0193.md,entry-0186
منصب,منصب,733,اقتدار 733#,اسم,6964,entries/0651-0741.md,entry-0733
منصب,منصب,751,انتصاب,اسم,7138,entries/0742-0850.md,entry-0751
منصب,منصب,866,خوش‌نامی,اسم,8220,entries/0851-0969.md,entry-0866
منصب,منصب,870,عنوان 870#,اسم,8271,entries/0851-0969.md,entry-0870
منصب,منصب,955,دادگستری . قضا . قضاوت,اسم,9048,entries/0851-0969.md,entry-0955
منصرف,منصرف,148,رجعت: رجوع به‌حالت اولیه 148#,صفت,1371,entries/0091-0193.md,entry-0148
منصرف,منصرف,603,بی ثباتی . بوالهوسی,صفت,5646,entries/0544-0650.md,entry-0603
منصرف,منصرف,620,اجتناب620#,صفت,5831,entries/0544-0650.md,entry-0620
منصرف,منصرف,621,چشم‌پوشی,صفت,5840,entries/0544-0650.md,entry-0621
منصرف,منصرف,779,عدم نگهداری,صفت,7390,entries/0742-0850.md,entry-0779
منصرف,منصرف,830,تأسف 830#,صفت,7851,entries/0742-0850.md,entry-0830
منصرف شدن,منصرف شدن,143,تغییر و تحول 143#,فعل,1325,entries/0091-0193.md,entry-0143
منصرف شدن,منصرف شدن,148,رجعت: رجوع به‌حالت اولیه 148#,فعل,1372,entries/0091-0193.md,entry-0148
منصرف شدن,منصرف شدن,152,تغییرپذیری,فعل,1406,entries/0091-0193.md,entry-0152
منصرف شدن,منصرف شدن,603,بی ثباتی . بوالهوسی,فعل,5647,entries/0544-0650.md,entry-0603
منصرف شدن,منصرف شدن,607,ردّ . عدم انتخاب,فعل,5690,entries/0544-0650.md,entry-0607
منصرف شدن,منصرف شدن,621,چشم‌پوشی,فعل,5841,entries/0544-0650.md,entry-0621
منصرف شدن,منصرف شدن,726,عدم تکمیل,فعل,6893,entries/0651-0741.md,entry-0726
منصرف شده,منصرف شده,603,بی ثباتی . بوالهوسی,صفت,5646,entries/0544-0650.md,entry-0603
منصرف شده,منصرف شده,607,ردّ . عدم انتخاب,صفت,5689,entries/0544-0650.md,entry-0607
منصرف شده,منصرف شده,621,چشم‌پوشی,صفت,5840,entries/0544-0650.md,entry-0621
منصرف کردن,منصرف کردن,613,بازداشتن,اسم,5755,entries/0544-0650.md,entry-0613
منصرف کردن,منصرف کردن,691,مشورت,فعل,6542,entries/0651-0741.md,entry-0691
منصرف کردن,منصرف کردن,702,منع . ممانعت,فعل,6646,entries/0651-0741.md,entry-0702
منصرف کردن,منصرف کردن,747,تحدید . خودداری,فعل,7117,entries/0742-0850.md,entry-0747
منصرف کردن,منصرف کردن,762,اعتراض . نهی,فعل,7229,entries/0742-0850.md,entry-0762
منصرف‌شده ◄ منصرف,منصرف‌شده ◄ منصرف,613,بازداشتن,صفت,5757,entries/0544-0650.md,entry-0613
منصرف‌کننده,منصرف‌کننده,613,بازداشتن,صفت,5756,entries/0544-0650.md,entry-0613
منصرف‌کننده,منصرف‌کننده,691,مشورت,صفت,6541,entries/0651-0741.md,entry-0691
منصف,منصف,70,وسط 70#,صفت,711,entries/0001-0090.md,entry-0070
منصف,منصف,92,یک‌دوم,صفت,925,entries/0091-0193.md,entry-0092
منصف,منصف,606,فقدان انتخاب . بیچارگی,صفت,5678,entries/0544-0650.md,entry-0606
منصف,منصف,913,حق . راستی,صفت,8671,entries/0851-0969.md,entry-0913
منصفانه,منصفانه,812,ارزانی,صفت,7670,entries/0742-0850.md,entry-0812
منصفانه,منصفانه,913,حق . راستی,قید,8673,entries/0851-0969.md,entry-0913
منصفانه عمل کردن,منصفانه عمل کردن,913,حق . راستی,فعل,8672,entries/0851-0969.md,entry-0913
منصوب,منصوب,35,کهتری,اسم,357,entries/0001-0090.md,entry-0035
منصوب,منصوب,605,انتخاب,صفت,5668,entries/0544-0650.md,entry-0605
منصوب,منصوب,751,انتصاب,صفت,7140,entries/0742-0850.md,entry-0751
منصوب کردن,منصوب کردن,605,انتخاب,فعل,5669,entries/0544-0650.md,entry-0605
منصوب کردن,منصوب کردن,629,وسیله,فعل,5916,entries/0544-0650.md,entry-0629
منصوب کردن,منصوب کردن,737,دستور,فعل,7014,entries/0651-0741.md,entry-0737
منصوب کردن,منصوب کردن,751,انتصاب,فعل,7142,entries/0742-0850.md,entry-0751
منصوب‌شده,منصوب‌شده,751,انتصاب,صفت,7140,entries/0742-0850.md,entry-0751
منصوب‌کننده,منصوب‌کننده,751,انتصاب,اسم,7139,entries/0742-0850.md,entry-0751
منصور,منصور,727,موفقیت,صفت,6901,entries/0651-0741.md,entry-0727
منضبط,منضبط,60,نظم 60#,صفت,611,entries/0001-0090.md,entry-0060
منضبط,منضبط,735,سخت‌گیری,صفت,6992,entries/0651-0741.md,entry-0735
منضمات,منضمات,5,عرضیت,اسم,65,entries/0001-0090.md,entry-0005
منضمات,منضمات,89,همراهی,اسم,903,entries/0001-0090.md,entry-0089
منطبق,منطبق,9,رابطه . ربط,صفت,110,entries/0001-0090.md,entry-0009
منطبق,منطبق,24,سازگاری,صفت,238,entries/0001-0090.md,entry-0024
منطبق,منطبق,83,تطبیق,صفت,836,entries/0001-0090.md,entry-0083
منطبق,منطبق,245,تقارن,صفت,2352,entries/0194-0301.md,entry-0245
منطبق,منطبق,462,مقایسه,صفت,4285,entries/0438-0543.md,entry-0462
منطبق (سازگار),منطبق (سازگار),219,توازی,صفت,2109,entries/0194-0301.md,entry-0219
منطبق بودن,منطبق بودن,20,تقلید (نسخه‌برداری) 20#,فعل,208,entries/0001-0090.md,entry-0020
منطبق بودن,منطبق بودن,24,سازگاری,فعل,241,entries/0001-0090.md,entry-0024
منطبق بودن,منطبق بودن,83,تطبیق,فعل,839,entries/0001-0090.md,entry-0083
منطبق بودن,منطبق بودن,181,قِران: جمع علل,اسم,1712,entries/0091-0193.md,entry-0181
منطبق بودن,منطبق بودن,455,توجه,فعل,4201,entries/0438-0543.md,entry-0455
منطبق بودن,منطبق بودن,739,اطاعت . وفاداری,فعل,7036,entries/0651-0741.md,entry-0739
منطبق بودن,منطبق بودن,768,رعایت,فعل,7275,entries/0742-0850.md,entry-0768
منطبق بودن,منطبق بودن,848,مُد,فعل,8056,entries/0742-0850.md,entry-0848
منطبق‌شده,منطبق‌شده,83,تطبیق,صفت,837,entries/0001-0090.md,entry-0083
منطق,منطق,48,انسجام,اسم,494,entries/0001-0090.md,entry-0048
منطق,منطق,449,اندیشه,اسم,4144,entries/0438-0543.md,entry-0449
منطق,منطق,475,استدلال . تعقل,اسم,4421,entries/0438-0543.md,entry-0475
منطق,منطق,596,جبر . وجوب,اسم,5588,entries/0544-0650.md,entry-0596
منطق ارسطو,منطق ارسطو,77,طبقه‌بندی . تعیین,اسم,773,entries/0001-0090.md,entry-0077
منطق ارسطو,منطق ارسطو,449,اندیشه,اسم,4145,entries/0438-0543.md,entry-0449
منطق زنانه,منطق زنانه,477,سفسطه . تناقض,اسم,4443,entries/0438-0543.md,entry-0477
منطق سوفسطایی,منطق سوفسطایی,10,فقدان ارتباط . بی ربطی 10#,اسم,120,entries/0001-0090.md,entry-0010
منطق سوفسطایی,منطق سوفسطایی,477,سفسطه . تناقض,اسم,4444,entries/0438-0543.md,entry-0477
منطق غلط,منطق غلط,497,امر محال,اسم,4647,entries/0438-0543.md,entry-0497
منطق نداشتن,منطق نداشتن,10,فقدان ارتباط . بی ربطی 10#,اسم,120,entries/0001-0090.md,entry-0010
منطق ◄ شناخت‌شناسی,منطق ◄ شناخت‌شناسی,494,حقیقت,اسم,4617,entries/0438-0543.md,entry-0494
منطقاً,منطقاً,475,استدلال . تعقل,قید,4433,entries/0438-0543.md,entry-0475
منطقه,منطقه,1,وجود (هستی),اسم,27,entries/0001-0090.md,entry-0001
منطقه,منطقه,183,فضا 183#,اسم,1736,entries/0091-0193.md,entry-0183
منطقه,منطقه,184,منطقه: فضای معین,اسم,1746,entries/0091-0193.md,entry-0184
منطقه,منطقه,192,منزل: محل سکنا یا زندگی,اسم,1815,entries/0091-0193.md,entry-0192
منطقه,منطقه,235,دیوار,اسم,2274,entries/0194-0301.md,entry-0235
منطقه,منطقه,687,کارگاه: محل کار,اسم,6510,entries/0651-0741.md,entry-0687
منطقه,منطقه,724,میدان,اسم,6872,entries/0651-0741.md,entry-0724
منطقه (فضای معین),منطقه (فضای معین),185,محل: فضای محدود,اسم,1754,entries/0091-0193.md,entry-0185
منطقه‌البروج,منطقه‌البروج,108,زمان 108#,اسم,1017,entries/0091-0193.md,entry-0108
منطقه‌البروج,منطقه‌البروج,321,کیهان,اسم,3089,entries/0302-0437.md,entry-0321
منطقه‌ای,منطقه‌ای,184,منطقه: فضای معین,صفت,1750,entries/0091-0193.md,entry-0184
منطقه‌ای,منطقه‌ای,192,منزل: محل سکنا یا زندگی,صفت,1834,entries/0091-0193.md,entry-0192
منطقه‌بندی شده,منطقه‌بندی شده,207,لایه . صفحه,صفت,1996,entries/0194-0301.md,entry-0207
منطقۀ آب‌وهوایی,منطقۀ آب‌وهوایی,340,هوا 340#,اسم,3248,entries/0302-0437.md,entry-0340
منطقۀ آب‌وهوایی ◄ آب‌وهوا,منطقۀ آب‌وهوایی ◄ آب‌وهوا,380,سرما 380#,اسم,3613,entries/0302-0437.md,entry-0380
منطقۀ آزاد,منطقۀ آزاد,708,گروه اجتماعی,اسم,6689,entries/0651-0741.md,entry-0708
منطقۀ آزاد تجاری,منطقۀ آزاد تجاری,796,بازار,اسم,7534,entries/0742-0850.md,entry-0796
منطقۀ جنگلی,منطقۀ جنگلی,230,محیط 230#,اسم,2232,entries/0194-0301.md,entry-0230
منطقۀ جنگلی,منطقۀ جنگلی,344,زمین,اسم,3284,entries/0302-0437.md,entry-0344
منطقۀ جنگی,منطقۀ جنگی,724,میدان,اسم,6872,entries/0651-0741.md,entry-0724
منطقۀ جنگ‌زده,منطقۀ جنگ‌زده,165,تخریب,اسم,1561,entries/0091-0193.md,entry-0165
منطقۀ حاره,منطقۀ حاره,379,گرما,اسم,3600,entries/0302-0437.md,entry-0379
منطقۀ حارّه,منطقۀ حارّه,340,هوا 340#,اسم,3248,entries/0302-0437.md,entry-0340
منطقۀ حفاظت شده,منطقۀ حفاظت شده,662,پناهگاه,اسم,6279,entries/0651-0741.md,entry-0662
منطقۀ حفاظت‌شده,منطقۀ حفاظت‌شده,192,منزل: محل سکنا یا زندگی,اسم,1832,entries/0091-0193.md,entry-0192
منطقۀ حفاظت‌شده,منطقۀ حفاظت‌شده,619,پیگیری,اسم,5821,entries/0544-0650.md,entry-0619
منطقۀ خوش‌‌آب‌‌وهوا,منطقۀ خوش‌‌آب‌‌وهوا,826,لذت‌بخشی . لطف,اسم,7809,entries/0742-0850.md,entry-0826
منطقۀ خوش‌‌آب‌‌وهوا,منطقۀ خوش‌‌آب‌‌وهوا,837,سرگرمی,اسم,7923,entries/0742-0850.md,entry-0837
منطقۀ زلزله‌زده,منطقۀ زلزله‌زده,165,تخریب,اسم,1561,entries/0091-0193.md,entry-0165
منطقۀ شهری,منطقۀ شهری,184,منطقه: فضای معین,اسم,1749,entries/0091-0193.md,entry-0184
منطقۀ ممنوعه,منطقۀ ممنوعه,305,گذر 305#,اسم,2945,entries/0302-0437.md,entry-0305
منطقۀ نفوذ,منطقۀ نفوذ,955,دادگستری . قضا . قضاوت,اسم,9046,entries/0851-0969.md,entry-0955
منطقی,منطقی,9,رابطه . ربط,صفت,111,entries/0001-0090.md,entry-0009
منطقی,منطقی,48,انسجام,صفت,495,entries/0001-0090.md,entry-0048
منطقی,منطقی,447,شعور 447#,صفت,4130,entries/0438-0543.md,entry-0447
منطقی,منطقی,466,مدرک,صفت,4333,entries/0438-0543.md,entry-0466
منطقی,منطقی,471,احتمال,صفت,4374,entries/0438-0543.md,entry-0471
منطقی,منطقی,475,استدلال . تعقل,اسم,4426,entries/0438-0543.md,entry-0475
منطقی,منطقی,480,تشخیص . استنتاج 480#,صفت,4477,entries/0438-0543.md,entry-0480
منطقی,منطقی,485,باور,صفت,4528,entries/0438-0543.md,entry-0485
منطقی,منطقی,927,حمایت,صفت,8817,entries/0851-0969.md,entry-0927
منطقی به‌نظر آمدن,منطقی به‌نظر آمدن,24,سازگاری,فعل,241,entries/0001-0090.md,entry-0024
منطقی بودن,منطقی بودن,9,رابطه . ربط,اسم,108,entries/0001-0090.md,entry-0009
منطقی بودن,منطقی بودن,475,استدلال . تعقل,فعل,4429,entries/0438-0543.md,entry-0475
منطقی نبودن,منطقی نبودن,470,عدم امکان . امتناع 470#,فعل,4366,entries/0438-0543.md,entry-0470
منطق‌دان,منطق‌دان,475,استدلال . تعقل,اسم,4426,entries/0438-0543.md,entry-0475
منطَبَق,منطَبَق,24,سازگاری,صفت,240,entries/0001-0090.md,entry-0024
منطَبَق,منطَبَق,83,تطبیق,صفت,837,entries/0001-0090.md,entry-0083
منظر,منظر,237,جلو,اسم,2291,entries/0194-0301.md,entry-0237
منظر,منظر,438,دید . بینایی,اسم,4033,entries/0438-0543.md,entry-0438
منظر,منظر,513,تخیل,اسم,4804,entries/0438-0543.md,entry-0513
منظر,منظر,688,رفتار,اسم,6515,entries/0651-0741.md,entry-0688
منظره,منظره,152,تغییرپذیری,اسم,1402,entries/0091-0193.md,entry-0152
منظره,منظره,438,دید . بینایی,اسم,4033,entries/0438-0543.md,entry-0438
منظره,منظره,443,پیدایی,اسم,4076,entries/0438-0543.md,entry-0443
منظره,منظره,445,پدیداری . ظاهر,اسم,4093,entries/0438-0543.md,entry-0445
منظره,منظره,688,رفتار,اسم,6515,entries/0651-0741.md,entry-0688
منظره,منظره,864,شگفت,اسم,8201,entries/0851-0969.md,entry-0864
منظره,منظره,875,فخرفروشی,اسم,8315,entries/0851-0969.md,entry-0875
منظره‌سازی,منظره‌سازی,843,زیباسازی . آرایش,اسم,8000,entries/0742-0850.md,entry-0843
منظرۀ متغیر,منظرۀ متغیر,152,تغییرپذیری,اسم,1402,entries/0091-0193.md,entry-0152
منظرۀزشت,منظرۀزشت,842,زشتی,اسم,7991,entries/0742-0850.md,entry-0842
منظم,منظم,60,نظم 60#,صفت,611,entries/0001-0090.md,entry-0060
منظم,منظم,62,تنظیم,صفت,634,entries/0001-0090.md,entry-0062
منظم,منظم,81,قاعده,صفت,822,entries/0001-0090.md,entry-0081
منظم,منظم,331,ساختاریافتگی,صفت,3184,entries/0302-0437.md,entry-0331
منظم,منظم,747,تحدید . خودداری,صفت,7116,entries/0742-0850.md,entry-0747
منظم,منظم,844,تزیین,صفت,8023,entries/0742-0850.md,entry-0844
منظم ساختن,منظم ساختن,164,تولید . آفرینش,فعل,1555,entries/0091-0193.md,entry-0164
منظم کردن,منظم کردن,56,دربر گرفتن,فعل,572,entries/0001-0090.md,entry-0056
منظم کردن,منظم کردن,62,تنظیم,فعل,636,entries/0001-0090.md,entry-0062
منظم کردن,منظم کردن,143,تغییر و تحول 143#,فعل,1325,entries/0091-0193.md,entry-0143
منظم کردن,منظم کردن,669,آمادگی,فعل,6344,entries/0651-0741.md,entry-0669
منظم کردن,منظم کردن,844,تزیین,فعل,8025,entries/0742-0850.md,entry-0844
منظور,منظور,3,جوهر,اسم,53,entries/0001-0090.md,entry-0003
منظور,منظور,514,معنی,اسم,4818,entries/0438-0543.md,entry-0514
منظور,منظور,617,قصد,اسم,5798,entries/0544-0650.md,entry-0617
منظور,منظور,761,خواهش,اسم,7217,entries/0742-0850.md,entry-0761
منظور,منظور,852,امید . آرزو,اسم,8089,entries/0851-0969.md,entry-0852
منظور,منظور,859,میل,اسم,8158,entries/0851-0969.md,entry-0859
منظور داشتن,منظور داشتن,514,معنی,فعل,4823,entries/0438-0543.md,entry-0514
منظور کردن,منظور کردن,808,حسابداری,فعل,7640,entries/0742-0850.md,entry-0808
منظوری نداشتن,منظوری نداشتن,477,سفسطه . تناقض,فعل,4448,entries/0438-0543.md,entry-0477
منظوری نداشتن,منظوری نداشتن,515,بی‌معنایی,فعل,4832,entries/0438-0543.md,entry-0515
منظوم,منظوم,593,شعر و نثر,صفت,5519,entries/0544-0650.md,entry-0593
منظومه,منظومه,321,کیهان,اسم,3087,entries/0302-0437.md,entry-0321
منظومه,منظومه,589,کتاب,اسم,5476,entries/0544-0650.md,entry-0589
منظومه,منظومه,593,شعر و نثر,اسم,5514,entries/0544-0650.md,entry-0593
منظومۀ شمسی,منظومۀ شمسی,321,کیهان,اسم,3087,entries/0302-0437.md,entry-0321
منع,منع,57,بیرون گذاشتن,اسم,578,entries/0001-0090.md,entry-0057
منع,منع,63,اغتشاش: ایجاد اغتشاش و به‌هم ریختن,اسم,643,entries/0001-0090.md,entry-0063
منع,منع,136,تأخیر,اسم,1249,entries/0091-0193.md,entry-0136
منع,منع,165,تخریب,اسم,1560,entries/0091-0193.md,entry-0165
منع,منع,237,جلو,اسم,2290,entries/0194-0301.md,entry-0237
منع,منع,470,عدم امکان . امتناع 470#,اسم,4363,entries/0438-0543.md,entry-0470
منع,منع,598,اکراه,اسم,5608,entries/0544-0650.md,entry-0598
منع,منع,607,ردّ . عدم انتخاب,اسم,5687,entries/0544-0650.md,entry-0607
منع,منع,613,بازداشتن,اسم,5755,entries/0544-0650.md,entry-0613
منع,منع,620,اجتناب620#,اسم,5829,entries/0544-0650.md,entry-0620
منع,منع,702,منع . ممانعت,اسم,6637,entries/0651-0741.md,entry-0702
منع,منع,704,ضدیت . تقابل,اسم,6661,entries/0651-0741.md,entry-0704
منع,منع,728,شکست: عجز درانجام,اسم,6912,entries/0651-0741.md,entry-0728
منع,منع,747,تحدید . خودداری,اسم,7111,entries/0742-0850.md,entry-0747
منع,منع,757,ممنوعیت . قدغن,اسم,7188,entries/0742-0850.md,entry-0757
منع,منع,760,امتناع 760#,اسم,7210,entries/0742-0850.md,entry-0760
منع . ممانعت,منع . ممانعت,700,دشواری 700#,اسم,6614,entries/0651-0741.md,entry-0700
منع رفت‌وآمد,منع رفت‌وآمد,747,تحدید . خودداری,اسم,7111,entries/0742-0850.md,entry-0747
منع شده,منع شده,757,ممنوعیت . قدغن,صفت,7190,entries/0742-0850.md,entry-0757
منع کردن,منع کردن,613,بازداشتن,فعل,5758,entries/0544-0650.md,entry-0613
منع کردن,منع کردن,702,منع . ممانعت,فعل,6644,entries/0651-0741.md,entry-0702
منع کردن,منع کردن,704,ضدیت . تقابل,فعل,6664,entries/0651-0741.md,entry-0704
منع کردن,منع کردن,757,ممنوعیت . قدغن,فعل,7191,entries/0742-0850.md,entry-0757
منعطف,منعطف,83,تطبیق,صفت,836,entries/0001-0090.md,entry-0083
منعطف,منعطف,152,تغییرپذیری,صفت,1404,entries/0091-0193.md,entry-0152
منعطف,منعطف,177,ملایمت . میانه‌روی,صفت,1680,entries/0091-0193.md,entry-0177
منعطف,منعطف,244,بی‌شکلی,صفت,2346,entries/0194-0301.md,entry-0244
منعطف,منعطف,299,پذیرش,صفت,2850,entries/0194-0301.md,entry-0299
منعطف,منعطف,327,نرمی . انعطاف,صفت,3158,entries/0302-0437.md,entry-0327
منعطف,منعطف,328,کشش‌پذیری . فنر,صفت,3166,entries/0302-0437.md,entry-0328
منعطف,منعطف,356,خمیر,صفت,3364,entries/0302-0437.md,entry-0356
منعطف,منعطف,554,مجسمه‌سازی,صفت,5222,entries/0544-0650.md,entry-0554
منعطف,منعطف,701,آسانی,صفت,6627,entries/0651-0741.md,entry-0701
منعقد,منعقد,167,زادوولد,صفت,1585,entries/0091-0193.md,entry-0167
منعقد شدن,منعقد شدن,264,بسته . انسداد,فعل,2534,entries/0194-0301.md,entry-0264
منعقد شدن,منعقد شدن,324,تراکم . چگالی 324#,فعل,3136,entries/0302-0437.md,entry-0324
منعقد شدن,منعقد شدن,354,غلظت . نیمه‌مایع,فعل,3350,entries/0302-0437.md,entry-0354
منعم,منعم,776,مالک,اسم,7360,entries/0742-0850.md,entry-0776
منعکس,منعکس,280,پس‌نشینی 280#,صفت,2698,entries/0194-0301.md,entry-0280
منعکس کردن,منعکس کردن,551,تجسم,فعل,5203,entries/0544-0650.md,entry-0551
منعکس‌کنندۀ نور,منعکس‌کنندۀ نور,417,روشنی,صفت,3884,entries/0302-0437.md,entry-0417
منعکس‌کنندۀ نور,منعکس‌کنندۀ نور,422,شفاف,صفت,3930,entries/0302-0437.md,entry-0422
منع‌شده,منع‌شده,700,دشواری 700#,صفت,6618,entries/0651-0741.md,entry-0700
منع‌شده,منع‌شده,702,منع . ممانعت,صفت,6643,entries/0651-0741.md,entry-0702
منع‌شده ◄ ممنوع,منع‌شده ◄ ممنوع,509,نامرادی: برآورده نشدن انتظارات,صفت,4761,entries/0438-0543.md,entry-0509
منع‌شدگی,منع‌شدگی,757,ممنوعیت . قدغن,اسم,7188,entries/0742-0850.md,entry-0757
منع‌نشده,منع‌نشده,744,آزادی,صفت,7086,entries/0742-0850.md,entry-0744
منفجر,منفجر,46,عدم اتحاد . گسیختگی,صفت,468,entries/0001-0090.md,entry-0046
منفجر,منفجر,75,تفرق . پراکندگی,صفت,761,entries/0001-0090.md,entry-0075
منفجر,منفجر,294,واگرایی,صفت,2800,entries/0194-0301.md,entry-0294
منفجر شدن,منفجر شدن,46,عدم اتحاد . گسیختگی,فعل,476,entries/0001-0090.md,entry-0046
منفجر شدن,منفجر شدن,75,تفرق . پراکندگی,فعل,762,entries/0001-0090.md,entry-0075
منفجر شدن,منفجر شدن,330,شکنندگی 330#,فعل,3179,entries/0302-0437.md,entry-0330
منفجر شدن,منفجر شدن,891,رنجش . خشم,فعل,8483,entries/0851-0969.md,entry-0891
منفجر کردن,منفجر کردن,46,عدم اتحاد . گسیختگی,فعل,476,entries/0001-0090.md,entry-0046
منفجره,منفجره,287,رانش,صفت,2755,entries/0194-0301.md,entry-0287
منفجره,منفجره,330,شکنندگی 330#,صفت,3178,entries/0302-0437.md,entry-0330
منفجرکردن,منفجرکردن,165,تخریب,فعل,1566,entries/0091-0193.md,entry-0165
منفذ,منفذ,201,فاصله,اسم,1942,entries/0194-0301.md,entry-0201
منفذ,منفذ,255,تقعر,اسم,2444,entries/0194-0301.md,entry-0255
منفذ,منفذ,263,باز . گشودگی,اسم,2512,entries/0194-0301.md,entry-0263
منفذ,منفذ,351,کانال,اسم,3324,entries/0302-0437.md,entry-0351
منفذ,منفذ,353,لولۀ بادی,اسم,3339,entries/0302-0437.md,entry-0353
منفرجه,منفرجه,247,زاویه,صفت,2369,entries/0194-0301.md,entry-0247
منفرد,منفرد,10,فقدان ارتباط . بی ربطی 10#,صفت,121,entries/0001-0090.md,entry-0010
منفرد,منفرد,80,ویژگی . خاص بودن 80#,صفت,808,entries/0001-0090.md,entry-0080
منفرد,منفرد,88,وحدت,صفت,894,entries/0001-0090.md,entry-0088
منفرد,منفرد,744,آزادی,صفت,7087,entries/0742-0850.md,entry-0744
منفصل,منفصل,46,عدم اتحاد . گسیختگی,صفت,466,entries/0001-0090.md,entry-0046
منفصل,منفصل,586,نگارش,صفت,5449,entries/0544-0650.md,entry-0586
منفصل,منفصل,752,لغو . الغا . عزل,صفت,7150,entries/0742-0850.md,entry-0752
منفصل خدمت کردن,منفصل خدمت کردن,300,دفع . طرد 300#,فعل,2866,entries/0194-0301.md,entry-0300
منفصل کردن,منفصل کردن,53,جزء,فعل,545,entries/0001-0090.md,entry-0053
منفصل‌خدمت,منفصل‌خدمت,752,لغو . الغا . عزل,صفت,7150,entries/0742-0850.md,entry-0752
منفعت,منفعت,640,فایده 640#,اسم,6021,entries/0544-0650.md,entry-0640
منفعت,منفعت,771,اکتساب,اسم,7308,entries/0742-0850.md,entry-0771
منفعت,منفعت,773,مالکیت,اسم,7330,entries/0742-0850.md,entry-0773
منفعت,منفعت,777,دارایی . مِلک 777#,اسم,7366,entries/0742-0850.md,entry-0777
منفعت,منفعت,803,بدهکاری,اسم,7591,entries/0742-0850.md,entry-0803
منفعت آوردن,منفعت آوردن,640,فایده 640#,فعل,6024,entries/0544-0650.md,entry-0640
منفعت‌جو,منفعت‌جو,623,برنامه,صفت,5864,entries/0544-0650.md,entry-0623
منفعت‌دار,منفعت‌دار,640,فایده 640#,صفت,6023,entries/0544-0650.md,entry-0640
منفعل,منفعل,163,ضعف,صفت,1541,entries/0091-0193.md,entry-0163
منفعل,منفعل,175,انفعال 175#,اسم,1656,entries/0091-0193.md,entry-0175
منفعل,منفعل,375,بی‌حسی فیزیکی,صفت,3562,entries/0302-0437.md,entry-0375
منفعل,منفعل,523,نهفتگی,صفت,4909,entries/0438-0543.md,entry-0523
منفعل,منفعل,639,عدم اهمیت,صفت,6014,entries/0544-0650.md,entry-0639
منفعل بودن,منفعل بودن,175,انفعال 175#,فعل,1658,entries/0091-0193.md,entry-0175
منفعل بودن,منفعل بودن,677,سکون,فعل,6418,entries/0651-0741.md,entry-0677
منفعل نبودن,منفعل نبودن,671,مبادرت . اقدام,فعل,6367,entries/0651-0741.md,entry-0671
منفور,منفور,779,عدم نگهداری,صفت,7388,entries/0742-0850.md,entry-0779
منفور,منفور,888,نفرت,صفت,8452,entries/0851-0969.md,entry-0888
منفی,منفی,14,مغایرت . دیگر بودن,صفت,153,entries/0001-0090.md,entry-0014
منفی,منفی,85,عدد 85#,صفت,865,entries/0001-0090.md,entry-0085
منفی,منفی,86,شمارش,اسم,870,entries/0001-0090.md,entry-0086
منفی,منفی,307,کاستی . نارسایی . کسری (حرکت نیمه‌تمام) 307,صفت,2961,entries/0302-0437.md,entry-0307
منفی,منفی,479,ابطال . بطلان,صفت,4463,entries/0438-0543.md,entry-0479
منفی,منفی,489,نظر مخالف,صفت,4572,entries/0438-0543.md,entry-0489
منفی,منفی,533,انکار . سلب,صفت,5027,entries/0438-0543.md,entry-0533
منفی,منفی,760,امتناع 760#,صفت,7211,entries/0742-0850.md,entry-0760
منفی,منفی,762,اعتراض . نهی,صفت,7227,entries/0742-0850.md,entry-0762
منفی‌بافی,منفی‌بافی,853,نومیدی,اسم,8098,entries/0851-0969.md,entry-0853
منقاد,منقاد,701,آسانی,صفت,6627,entries/0651-0741.md,entry-0701
منقاد,منقاد,739,اطاعت . وفاداری,صفت,7035,entries/0651-0741.md,entry-0739
منقاد,منقاد,745,انقیاد,صفت,7097,entries/0742-0850.md,entry-0745
منقار,منقار,247,زاویه,اسم,2366,entries/0194-0301.md,entry-0247
منقار,منقار,254,برجستگی,اسم,2437,entries/0194-0301.md,entry-0254
منقار,منقار,263,باز . گشودگی,اسم,2510,entries/0194-0301.md,entry-0263
منقار,منقار,365,حیوانات,اسم,3469,entries/0302-0437.md,entry-0365
منقبض,منقبض,35,کهتری,صفت,358,entries/0001-0090.md,entry-0035
منقبض,منقبض,198,انقباض,صفت,1915,entries/0194-0301.md,entry-0198
منقبض,منقبض,342,خشکی,صفت,3272,entries/0302-0437.md,entry-0342
منقبض شدن,منقبض شدن,198,انقباض,فعل,1917,entries/0194-0301.md,entry-0198
منقبض شدن,منقبض شدن,206,باریکی,فعل,1987,entries/0194-0301.md,entry-0206
منقبض شدن,منقبض شدن,324,تراکم . چگالی 324#,فعل,3136,entries/0302-0437.md,entry-0324
منقبض کردن,منقبض کردن,198,انقباض,فعل,1918,entries/0194-0301.md,entry-0198
منقبض کردن,منقبض کردن,206,باریکی,فعل,1989,entries/0194-0301.md,entry-0206
منقبض کردن,منقبض کردن,304,استخراج,فعل,2937,entries/0302-0437.md,entry-0304
منقبض‌کننده,منقبض‌کننده,198,انقباض,اسم,1913,entries/0194-0301.md,entry-0198
منقرض,منقرض,2,عدم (نیستی),صفت,42,entries/0001-0090.md,entry-0002
منقرض,منقرض,655,زوال . فرسایش,صفت,6185,entries/0651-0741.md,entry-0655
منقرض,منقرض,661,خطر,صفت,6272,entries/0651-0741.md,entry-0661
منقرض,منقرض,679,عدم فعالیت . خواب,صفت,6445,entries/0651-0741.md,entry-0679
منقرض,منقرض,728,شکست: عجز درانجام,اسم,6914,entries/0651-0741.md,entry-0728
منقرض,منقرض,752,لغو . الغا . عزل,صفت,7149,entries/0742-0850.md,entry-0752
منقرض شدن,منقرض شدن,655,زوال . فرسایش,فعل,6189,entries/0651-0741.md,entry-0655
منقرض کردن,منقرض کردن,727,موفقیت,فعل,6906,entries/0651-0741.md,entry-0727
منقش,منقش,844,تزیین,صفت,8023,entries/0742-0850.md,entry-0844
منقضی,منقضی,69,پایان,صفت,702,entries/0001-0090.md,entry-0069
منقضی,منقضی,111,طی: زمان نامعین,صفت,1042,entries/0091-0193.md,entry-0111
منقضی,منقضی,125,گذشته,صفت,1152,entries/0091-0193.md,entry-0125
منقضی,منقضی,725,تکمیل . اجرا,صفت,6884,entries/0651-0741.md,entry-0725
منقضی شدن,منقضی شدن,69,پایان,فعل,703,entries/0001-0090.md,entry-0069
منقضی شدن,منقضی شدن,111,طی: زمان نامعین,فعل,1043,entries/0091-0193.md,entry-0111
منقطع,منقطع,46,عدم اتحاد . گسیختگی,صفت,465,entries/0001-0090.md,entry-0046
منقطع,منقطع,51,تجزیه,صفت,518,entries/0001-0090.md,entry-0051
منقطع,منقطع,61,بی‌نظمی,صفت,621,entries/0001-0090.md,entry-0061
منقطع,منقطع,75,تفرق . پراکندگی,صفت,761,entries/0001-0090.md,entry-0075
منقطع,منقطع,231,میان,صفت,2244,entries/0194-0301.md,entry-0231
منقطع,منقطع,262,شیار,صفت,2503,entries/0194-0301.md,entry-0262
منقطع,منقطع,779,عدم نگهداری,صفت,7389,entries/0742-0850.md,entry-0779
منقل,منقل,301,غذا: خوردن و نوشیدن,اسم,2877,entries/0194-0301.md,entry-0301
منقل,منقل,383,گرم‌کننده: کوره، بخاری,اسم,3645,entries/0302-0437.md,entry-0383
منقلب کردن,منقلب کردن,571,شدّت و حدّت کلام,فعل,5344,entries/0544-0650.md,entry-0571
منقلب ◄ شخص تغییر‌یافته,منقلب ◄ شخص تغییر‌یافته,143,تغییر و تحول 143#,صفت,1324,entries/0091-0193.md,entry-0143
منقول,منقول,188,نقل مکان . انتقال,صفت,1779,entries/0091-0193.md,entry-0188
منقول,منقول,268,جهانگرد,اسم,2587,entries/0194-0301.md,entry-0268
منقول,منقول,772,خسران . باخت,صفت,7322,entries/0742-0850.md,entry-0772
منقول,منقول,777,دارایی . مِلک 777#,صفت,7370,entries/0742-0850.md,entry-0777
منقول 188],منقول 188],300,دفع . طرد 300#,اسم,2858,entries/0194-0301.md,entry-0300
منم کردن,منم کردن,877,لاف‌زنی,فعل,8334,entries/0851-0969.md,entry-0877
منم گفتن,منم گفتن,932,خودخواهی,فعل,8865,entries/0851-0969.md,entry-0932
منها,منها,26,کمیت,اسم,263,entries/0001-0090.md,entry-0026
منها,منها,39,تفریق,اسم,392,entries/0001-0090.md,entry-0039
منها,منها,86,شمارش,اسم,870,entries/0001-0090.md,entry-0086
منها شده,منها شده,44,سادگی,صفت,434,entries/0001-0090.md,entry-0044
منها کردن,منها کردن,37,کاهش,فعل,379,entries/0001-0090.md,entry-0037
منها کردن,منها کردن,39,تفریق,فعل,394,entries/0001-0090.md,entry-0039
منها کردن,منها کردن,86,شمارش,فعل,880,entries/0001-0090.md,entry-0086
منها کردن,منها کردن,786,اخذ . گرفتن,فعل,7460,entries/0742-0850.md,entry-0786
منها کردن,منها کردن,810,تخفیف 810#,فعل,7655,entries/0742-0850.md,entry-0810
منهاشده,منهاشده,39,تفریق,صفت,393,entries/0001-0090.md,entry-0039
منهای,منهای,35,کهتری,قید,361,entries/0001-0090.md,entry-0035
منهای,منهای,39,تفریق,قید,395,entries/0001-0090.md,entry-0039
منهایِ,منهایِ,39,تفریق,صفت,393,entries/0001-0090.md,entry-0039
منهایِ,منهایِ,190,غیاب 190#,قید,1805,entries/0091-0193.md,entry-0190
منهدم,منهدم,165,تخریب,صفت,1564,entries/0091-0193.md,entry-0165
منهدم ساختن,منهدم ساختن,165,تخریب,فعل,1568,entries/0091-0193.md,entry-0165
منهدم کردن,منهدم کردن,165,تخریب,فعل,1566,entries/0091-0193.md,entry-0165
منهزم,منهزم,61,بی‌نظمی,صفت,621,entries/0001-0090.md,entry-0061
منهزم,منهزم,75,تفرق . پراکندگی,صفت,761,entries/0001-0090.md,entry-0075
منهزم,منهزم,728,شکست: عجز درانجام,صفت,6916,entries/0651-0741.md,entry-0728
منهزم,منهزم,825,رنج . غم,صفت,7801,entries/0742-0850.md,entry-0825
منهزم,منهزم,935,بی‌گناهی,صفت,8890,entries/0851-0969.md,entry-0935
منهزم شدن,منهزم شدن,728,شکست: عجز درانجام,فعل,6921,entries/0651-0741.md,entry-0728
منهزم کردن,منهزم کردن,75,تفرق . پراکندگی,فعل,763,entries/0001-0090.md,entry-0075
منهی,منهی,459,پرسش,اسم,4253,entries/0438-0543.md,entry-0459
منو,منو,87,فهرست,اسم,885,entries/0001-0090.md,entry-0087
منوال,منوال,60,نظم 60#,اسم,609,entries/0001-0090.md,entry-0060
منور,منور,417,روشنی,صفت,3884,entries/0302-0437.md,entry-0417
منور,منور,420,روشنایی 420#,صفت,3915,entries/0302-0437.md,entry-0420
منور,منور,723,سلاح,اسم,6863,entries/0651-0741.md,entry-0723
منوط,منوط,8,شرایط: وضعیت نسبی,صفت,95,entries/0001-0090.md,entry-0008
منوط,منوط,112,فعلاً: زمان مشروط,صفت,1049,entries/0091-0193.md,entry-0112
منوط,منوط,157,معلول 157#,صفت,1466,entries/0091-0193.md,entry-0157
منوط به,منوط به,55,ناقص . نقصان (کامل نبودن),صفت,563,entries/0001-0090.md,entry-0055
منوط بودن,منوط بودن,157,معلول 157#,فعل,1469,entries/0091-0193.md,entry-0157
منکر,منکر,757,ممنوعیت . قدغن,صفت,7190,entries/0742-0850.md,entry-0757
منکر خدا,منکر خدا,974,لامذهبی,صفت,9206,entries/0970-0991.md,entry-0974
منکر شدن,منکر شدن,607,ردّ . عدم انتخاب,فعل,5690,entries/0544-0650.md,entry-0607
منکِر,منکِر,489,نظر مخالف,صفت,4571,entries/0438-0543.md,entry-0489
منکِر,منکِر,533,انکار . سلب,صفت,5028,entries/0438-0543.md,entry-0533
منکِر بودن,منکِر بودن,533,انکار . سلب,فعل,5029,entries/0438-0543.md,entry-0533
منگ بودن,منگ بودن,651,بیماری . ضعف جسمانی,اسم,6125,entries/0651-0741.md,entry-0651
منگنز,منگنز,319,مادیت 319#,اسم,3069,entries/0302-0437.md,entry-0319
منگنه,منگنه,45,اتحاد . پیوستگی,اسم,444,entries/0001-0090.md,entry-0045
منگنه,منگنه,264,بسته . انسداد,اسم,2530,entries/0194-0301.md,entry-0264
منگنۀ کاغذ,منگنۀ کاغذ,47,پیوند: وسیلۀ اتصال,اسم,485,entries/0001-0090.md,entry-0047
منگوله,منگوله,217,آویزانی,اسم,2079,entries/0194-0301.md,entry-0217
منگوله‌دار,منگوله‌دار,767,تضمین,اسم,7265,entries/0742-0850.md,entry-0767
منگی ◄ ناخوشی,منگی ◄ ناخوشی,315,چرخش,اسم,3023,entries/0302-0437.md,entry-0315
منی,منی,300,دفع . طرد 300#,اسم,2862,entries/0194-0301.md,entry-0300
منی,منی,988,مراسم مذهبی,اسم,9337,entries/0970-0991.md,entry-0988
منیت,منیت,932,خودخواهی,اسم,8863,entries/0851-0969.md,entry-0932
منیر,منیر,417,روشنی,صفت,3884,entries/0302-0437.md,entry-0417
منیر,منیر,420,روشنایی 420#,اسم,3909,entries/0302-0437.md,entry-0420
منیزیوم,منیزیوم,319,مادیت 319#,اسم,3069,entries/0302-0437.md,entry-0319
منیع,منیع,209,بلندی (ارتفاع) . بالا . رو,صفت,2019,entries/0194-0301.md,entry-0209
منیع,منیع,213,قلّه . رأس,صفت,2049,entries/0194-0301.md,entry-0213
منیع,منیع,741,رئیس,صفت,7059,entries/0651-0741.md,entry-0741
منیژه,منیژه,887,عشق,اسم,8435,entries/0851-0969.md,entry-0887
من‌بعد,من‌بعد,124,آینده,قید,1143,entries/0091-0193.md,entry-0124
من‌درآوردی,من‌درآوردی,2,عدم (نیستی),صفت,40,entries/0001-0090.md,entry-0002
من‌درآوردی,من‌درآوردی,18,تشابه,صفت,186,entries/0001-0090.md,entry-0018
من‌درآوردی,من‌درآوردی,541,دروغگویی,صفت,5089,entries/0438-0543.md,entry-0541
من‌درآوردی,من‌درآوردی,560,واژه‌سازی 560#,صفت,5268,entries/0544-0650.md,entry-0560
مه,مه,108,زمان 108#,اسم,1017,entries/0091-0193.md,entry-0108
مه جبین,مه جبین,841,زیبایی,صفت,7981,entries/0742-0850.md,entry-0841
مهابت,مهابت,733,اقتدار 733#,اسم,6960,entries/0651-0741.md,entry-0733
مهابت,مهابت,920,احترام 920#,اسم,8736,entries/0851-0969.md,entry-0920
مهابت ◄ اقتدار,مهابت ◄ اقتدار,854,ترس,اسم,8109,entries/0851-0969.md,entry-0854
مهاجر,مهاجر,191,مقیم,اسم,1809,entries/0091-0193.md,entry-0191
مهاجر,مهاجر,268,جهانگرد,اسم,2587,entries/0194-0301.md,entry-0268
مهاجر,مهاجر,296,خروج,صفت,2817,entries/0194-0301.md,entry-0296
مهاجر,مهاجر,297,دخول: حرکت به درون,اسم,2826,entries/0194-0301.md,entry-0297
مهاجر,مهاجر,300,دفع . طرد 300#,اسم,2858,entries/0194-0301.md,entry-0300
مهاجرت,مهاجرت,46,عدم اتحاد . گسیختگی,اسم,464,entries/0001-0090.md,entry-0046
مهاجرت,مهاجرت,187,استقرار . قرارگاه,اسم,1766,entries/0091-0193.md,entry-0187
مهاجرت,مهاجرت,267,مسافرت زمینی,اسم,2568,entries/0194-0301.md,entry-0267
مهاجرت,مهاجرت,290,دور شدن 290#,اسم,2774,entries/0194-0301.md,entry-0290
مهاجرت,مهاجرت,296,خروج,اسم,2814,entries/0194-0301.md,entry-0296
مهاجرت,مهاجرت,344,زمین,اسم,3284,entries/0302-0437.md,entry-0344
مهاجرت دادن,مهاجرت دادن,267,مسافرت زمینی,اسم,2568,entries/0194-0301.md,entry-0267
مهاجرت دادن,مهاجرت دادن,298,صدور: حرکت به‌بیرون 298#,اسم,2836,entries/0194-0301.md,entry-0298
مهاجرت کردن,مهاجرت کردن,296,خروج,فعل,2819,entries/0194-0301.md,entry-0296
مهاجم,مهاجم,59,بیرونی بودن,اسم,597,entries/0001-0090.md,entry-0059
مهاجم,مهاجم,297,دخول: حرکت به درون,اسم,2826,entries/0194-0301.md,entry-0297
مهاجم,مهاجم,705,رقیب,اسم,6670,entries/0651-0741.md,entry-0705
مهاجم,مهاجم,712,تک . حمله,اسم,6729,entries/0651-0741.md,entry-0712
مهاجم,مهاجم,786,اخذ . گرفتن,صفت,7456,entries/0742-0850.md,entry-0786
مهاجم,مهاجم,898,بدخواهی . اذیت,صفت,8548,entries/0851-0969.md,entry-0898
مهاد,مهاد,534,آموزش,اسم,5035,entries/0438-0543.md,entry-0534
مهار,مهار,47,پیوند: وسیلۀ اتصال,اسم,488,entries/0001-0090.md,entry-0047
مهار,مهار,273,حمل‌کننده,اسم,2632,entries/0194-0301.md,entry-0273
مهار بودن,مهار بودن,153,پایداری (تغییرناپذیری),فعل,1418,entries/0091-0193.md,entry-0153
مهار کردن,مهار کردن,153,پایداری (تغییرناپذیری),فعل,1419,entries/0091-0193.md,entry-0153
مهار کردن,مهار کردن,369,دامداری,فعل,3507,entries/0302-0437.md,entry-0369
مهاراجه,مهاراجه,741,رئیس,اسم,7052,entries/0651-0741.md,entry-0741
مهارت,مهارت,24,سازگاری,اسم,235,entries/0001-0090.md,entry-0024
مهارت,مهارت,80,ویژگی . خاص بودن 80#,اسم,804,entries/0001-0090.md,entry-0080
مهارت,مهارت,152,تغییرپذیری,اسم,1401,entries/0091-0193.md,entry-0152
مهارت,مهارت,160,توان 160#,اسم,1496,entries/0091-0193.md,entry-0160
مهارت,مهارت,180,استعداد 180#,اسم,1704,entries/0091-0193.md,entry-0180
مهارت,مهارت,241,راست,اسم,2321,entries/0194-0301.md,entry-0241
مهارت,مهارت,464,عدم تمیز,اسم,4298,entries/0438-0543.md,entry-0464
مهارت,مهارت,490,دانش . دانایی 490#,اسم,4581,entries/0438-0543.md,entry-0490
مهارت,مهارت,513,تخیل,اسم,4805,entries/0438-0543.md,entry-0513
مهارت,مهارت,566,سَبْک,اسم,5308,entries/0544-0650.md,entry-0566
مهارت,مهارت,623,برنامه,اسم,5860,entries/0544-0650.md,entry-0623
مهارت,مهارت,624,راه,اسم,5871,entries/0544-0650.md,entry-0624
مهارت,مهارت,635,کفایت,اسم,5969,entries/0544-0650.md,entry-0635
مهارت,مهارت,646,کمال,اسم,6073,entries/0544-0650.md,entry-0646
مهارت,مهارت,669,آمادگی,اسم,6334,entries/0651-0741.md,entry-0669
مهارت,مهارت,688,رفتار,اسم,6515,entries/0651-0741.md,entry-0688
مهارت,مهارت,694,مهارت,اسم,6559,entries/0651-0741.md,entry-0694
مهارت,مهارت,698,زیرکی,اسم,6593,entries/0651-0741.md,entry-0698
مهارت,مهارت,837,سرگرمی,اسم,7925,entries/0742-0850.md,entry-0837
مهارت,مهارت,866,خوش‌نامی,اسم,8220,entries/0851-0969.md,entry-0866
مهارت,مهارت,983,جادوگری,اسم,9295,entries/0970-0991.md,entry-0983
مهارت بدنی,مهارت بدنی,837,سرگرمی,اسم,7925,entries/0742-0850.md,entry-0837
مهارت نداشتن,مهارت نداشتن,491,جهل . نادانی,فعل,4602,entries/0438-0543.md,entry-0491
مهارشدنی,مهارشدنی,299,پذیرش,صفت,2850,entries/0194-0301.md,entry-0299
مهارشدنی,مهارشدنی,701,آسانی,صفت,6627,entries/0651-0741.md,entry-0701
مهارشده,مهارشده,45,اتحاد . پیوستگی,صفت,450,entries/0001-0090.md,entry-0045
مهارکردن,مهارکردن,45,اتحاد . پیوستگی,فعل,453,entries/0001-0090.md,entry-0045
مهارکننده,مهارکننده,47,پیوند: وسیلۀ اتصال,اسم,482,entries/0001-0090.md,entry-0047
مهارکننده,مهارکننده,177,ملایمت . میانه‌روی,اسم,1679,entries/0091-0193.md,entry-0177
مهارکننده,مهارکننده,747,تحدید . خودداری,اسم,7111,entries/0742-0850.md,entry-0747
مهتاب,مهتاب,321,کیهان,اسم,3093,entries/0302-0437.md,entry-0321
مهتاب,مهتاب,417,روشنی,اسم,3877,entries/0302-0437.md,entry-0417
مهتاب,مهتاب,419,گرگ و میش,اسم,3901,entries/0302-0437.md,entry-0419
مهتابی,مهتابی,420,روشنایی 420#,اسم,3911,entries/0302-0437.md,entry-0420
مهتابی ◄ چراغ,مهتابی ◄ چراغ,420,روشنایی 420#,صفت,3915,entries/0302-0437.md,entry-0420
مهتر,مهتر,369,دامداری,اسم,3505,entries/0302-0437.md,entry-0369
مهتر,مهتر,638,اهمیت,اسم,6001,entries/0544-0650.md,entry-0638
مهتری,مهتری,34,برتری,اسم,344,entries/0001-0090.md,entry-0034
مهجور,مهجور,127,کهنگی,صفت,1176,entries/0091-0193.md,entry-0127
مهجور,مهجور,517,غیرقابل‌درک بودن,صفت,4846,entries/0438-0543.md,entry-0517
مهجور,مهجور,611,ترک [عادت],صفت,5725,entries/0544-0650.md,entry-0611
مهجور,مهجور,674,عدم استفاده,صفت,6390,entries/0651-0741.md,entry-0674
مهجور بودن,مهجور بودن,517,غیرقابل‌درک بودن,اسم,4845,entries/0438-0543.md,entry-0517
مهد,مهد,68,آغاز,اسم,686,entries/0001-0090.md,entry-0068
مهد,مهد,156,علیت . علت 156#,اسم,1453,entries/0091-0193.md,entry-0156
مهد (محل نشوونما),مهد (محل نشوونما),156,علیت . علت 156#,اسم,1455,entries/0091-0193.md,entry-0156
مهدکودک,مهدکودک,130,جوانی 130#,اسم,1207,entries/0091-0193.md,entry-0130
مهدکودک,مهدکودک,539,مدرسه,اسم,5072,entries/0438-0543.md,entry-0539
مهدی (عج),مهدی (عج),975,وحی . پیامبر,اسم,9213,entries/0970-0991.md,entry-0975
مهذب,مهذب,648,پاکیزگی,صفت,6098,entries/0544-0650.md,entry-0648
مهذب,مهذب,844,تزیین,صفت,8023,entries/0742-0850.md,entry-0844
مهر,مهر,108,زمان 108#,اسم,1017,entries/0091-0193.md,entry-0108
مهر,مهر,321,کیهان,اسم,3092,entries/0302-0437.md,entry-0321
مهر,مهر,777,دارایی . مِلک 777#,اسم,7369,entries/0742-0850.md,entry-0777
مهر,مهر,887,عشق,اسم,8430,entries/0851-0969.md,entry-0887
مهر,مهر,889,نوازش,اسم,8462,entries/0851-0969.md,entry-0889
مهر,مهر,962,پاداش,اسم,9099,entries/0851-0969.md,entry-0962
مهرانگیز,مهرانگیز,880,دوستی 880#,صفت,8363,entries/0851-0969.md,entry-0880
مهربان,مهربان,89,همراهی,صفت,904,entries/0001-0090.md,entry-0089
مهربان,مهربان,374,حواس . حساسیت,صفت,3552,entries/0302-0437.md,entry-0374
مهربان,مهربان,719,آشتی . برقراری صلح,صفت,6812,entries/0651-0741.md,entry-0719
مهربان,مهربان,880,دوستی 880#,صفت,8362,entries/0851-0969.md,entry-0880
مهربان,مهربان,882,اجتماعی بودن . معاشرت,صفت,8384,entries/0851-0969.md,entry-0882
مهربان,مهربان,897,نیکخواهی,اسم,8532,entries/0851-0969.md,entry-0897
مهربان,مهربان,965,ذات خداوندی,اسم,9138,entries/0851-0969.md,entry-0965
مهربان بودن,مهربان بودن,880,دوستی 880#,فعل,8364,entries/0851-0969.md,entry-0880
مهربان بودن,مهربان بودن,882,اجتماعی بودن . معاشرت,فعل,8385,entries/0851-0969.md,entry-0882
مهربان بودن,مهربان بودن,909,عفو . بخشش,فعل,8637,entries/0851-0969.md,entry-0909
مهربانی,مهربانی,455,توجه,اسم,4196,entries/0438-0543.md,entry-0455
مهربانی,مهربانی,880,دوستی 880#,اسم,8358,entries/0851-0969.md,entry-0880
مهربانی,مهربانی,882,اجتماعی بودن . معاشرت,اسم,8379,entries/0851-0969.md,entry-0882
مهربانی,مهربانی,889,نوازش,اسم,8460,entries/0851-0969.md,entry-0889
مهربانی,مهربانی,897,نیکخواهی,اسم,8530,entries/0851-0969.md,entry-0897
مهربانی,مهربانی,909,عفو . بخشش,اسم,8634,entries/0851-0969.md,entry-0909
مهربانی کردن,مهربانی کردن,880,دوستی 880#,فعل,8364,entries/0851-0969.md,entry-0880
مهربانی‌ها,مهربانی‌ها,889,نوازش,اسم,8460,entries/0851-0969.md,entry-0889
مهربانی‌ها,مهربانی‌ها,897,نیکخواهی,اسم,8530,entries/0851-0969.md,entry-0897
مهرخ,مهرخ,841,زیبایی,صفت,7981,entries/0742-0850.md,entry-0841
مهره,مهره,47,پیوند: وسیلۀ اتصال,اسم,485,entries/0001-0090.md,entry-0047
مهره,مهره,218,پایه . تکیه‌گاه,اسم,2099,entries/0194-0301.md,entry-0218
مهره,مهره,371,انسان,اسم,3527,entries/0302-0437.md,entry-0371
مهره,مهره,630,ابزار 630#,اسم,5922,entries/0544-0650.md,entry-0630
مهره,مهره,837,سرگرمی,اسم,7929,entries/0742-0850.md,entry-0837
مهره‌داران,مهره‌داران,365,حیوانات,اسم,3455,entries/0302-0437.md,entry-0365
مهره‌داران: ماهیها,مهره‌داران: ماهیها,365,حیوانات,اسم,3455,entries/0302-0437.md,entry-0365
مهرورزی,مهرورزی,887,عشق,اسم,8433,entries/0851-0969.md,entry-0887
مهروموم کردن,مهروموم کردن,264,بسته . انسداد,فعل,2534,entries/0194-0301.md,entry-0264
مهرگان,مهرگان,129,عصر . پاییز . زمستان,اسم,1198,entries/0091-0193.md,entry-0129
مهرگان,مهرگان,837,سرگرمی,اسم,7921,entries/0742-0850.md,entry-0837
مهریه,مهریه,777,دارایی . مِلک 777#,اسم,7366,entries/0742-0850.md,entry-0777
مهریه,مهریه,889,نوازش,اسم,8462,entries/0851-0969.md,entry-0889
مهسا,مهسا,841,زیبایی,صفت,7981,entries/0742-0850.md,entry-0841
مهلت,مهلت,108,زمان 108#,اسم,1014,entries/0091-0193.md,entry-0108
مهلت,مهلت,110,دوره: زمان معین 110#,اسم,1033,entries/0091-0193.md,entry-0110
مهلت,مهلت,145,توقف: تغییر ازحرکت / عمل به‌سکون,اسم,1342,entries/0091-0193.md,entry-0145
مهلت,مهلت,236,حَدّ,اسم,2281,entries/0194-0301.md,entry-0236
مهلت,مهلت,784,اعطای وام . قرض دادن,اسم,7434,entries/0742-0850.md,entry-0784
مهلت,مهلت,905,دلسوزی . ترحم,اسم,8602,entries/0851-0969.md,entry-0905
مهلت خواستن,مهلت خواستن,145,توقف: تغییر ازحرکت / عمل به‌سکون,اسم,1339,entries/0091-0193.md,entry-0145
مهلت دادن,مهلت دادن,145,توقف: تغییر ازحرکت / عمل به‌سکون,اسم,1342,entries/0091-0193.md,entry-0145
مهلت قانونی,مهلت قانونی,110,دوره: زمان معین 110#,اسم,1033,entries/0091-0193.md,entry-0110
مهلت قانونی خواستن,مهلت قانونی خواستن,136,تأخیر,اسم,1249,entries/0091-0193.md,entry-0136
مهلک,مهلک,168,مرگ‌ومیر,صفت,1594,entries/0091-0193.md,entry-0168
مهلک,مهلک,361,مرگ,صفت,3419,entries/0302-0437.md,entry-0361
مهلک,مهلک,362,کُشتن,صفت,3430,entries/0302-0437.md,entry-0362
مهلک,مهلک,377,دَرد,صفت,3582,entries/0302-0437.md,entry-0377
مهلک,مهلک,612,انگیختن . تحریک,صفت,5742,entries/0544-0650.md,entry-0612
مهلک,مهلک,653,ناگوارایی,صفت,6163,entries/0651-0741.md,entry-0653
مهلک,مهلک,659,مایۀ هلاک . زهر,صفت,6248,entries/0651-0741.md,entry-0659
مهلک,مهلک,661,خطر,صفت,6269,entries/0651-0741.md,entry-0661
مهلکه,مهلکه,661,خطر,اسم,6266,entries/0651-0741.md,entry-0661
مهلکه,مهلکه,663,ورطه . مهلکه: مایۀ خطر,اسم,6286,entries/0651-0741.md,entry-0663
مهم,مهم,3,جوهر,صفت,54,entries/0001-0090.md,entry-0003
مهم,مهم,9,رابطه . ربط,صفت,111,entries/0001-0090.md,entry-0009
مهم,مهم,32,بزرگی,صفت,323,entries/0001-0090.md,entry-0032
مهم,مهم,34,برتری,صفت,347,entries/0001-0090.md,entry-0034
مهم,مهم,64,تقدم [در ترتیب],صفت,652,entries/0001-0090.md,entry-0064
مهم,مهم,137,سرموقع,صفت,1265,entries/0091-0193.md,entry-0137
مهم,مهم,154,رویداد 154#,صفت,1428,entries/0091-0193.md,entry-0154
مهم,مهم,156,علیت . علت 156#,صفت,1456,entries/0091-0193.md,entry-0156
مهم,مهم,213,قلّه . رأس,صفت,2049,entries/0194-0301.md,entry-0213
مهم,مهم,225,مرکز,صفت,2163,entries/0194-0301.md,entry-0225
مهم,مهم,473,قطعیت,صفت,4391,entries/0438-0543.md,entry-0473
مهم,مهم,494,حقیقت,صفت,4621,entries/0438-0543.md,entry-0494
مهم,مهم,514,معنی,صفت,4820,entries/0438-0543.md,entry-0514
مهم,مهم,627,نیاز,صفت,5901,entries/0544-0650.md,entry-0627
مهم,مهم,638,اهمیت,صفت,6002,entries/0544-0650.md,entry-0638
مهم,مهم,640,فایده 640#,صفت,6023,entries/0544-0650.md,entry-0640
مهم,مهم,866,خوش‌نامی,صفت,8226,entries/0851-0969.md,entry-0866
مهم بودن,مهم بودن,9,رابطه . ربط,فعل,112,entries/0001-0090.md,entry-0009
مهم بودن,مهم بودن,34,برتری,فعل,349,entries/0001-0090.md,entry-0034
مهم بودن,مهم بودن,64,تقدم [در ترتیب],فعل,653,entries/0001-0090.md,entry-0064
مهم بودن,مهم بودن,178,تأثیر,فعل,1692,entries/0091-0193.md,entry-0178
مهم بودن,مهم بودن,455,توجه,فعل,4203,entries/0438-0543.md,entry-0455
مهم بودن,مهم بودن,514,معنی,فعل,4822,entries/0438-0543.md,entry-0514
مهم بودن,مهم بودن,612,انگیختن . تحریک,فعل,5745,entries/0544-0650.md,entry-0612
مهم بودن,مهم بودن,638,اهمیت,فعل,6004,entries/0544-0650.md,entry-0638
مهم بودن,مهم بودن,920,احترام 920#,فعل,8742,entries/0851-0969.md,entry-0920
مهم نبودن,مهم نبودن,639,عدم اهمیت,فعل,6016,entries/0544-0650.md,entry-0639
مهمات,مهمات,194,ظرف,اسم,1853,entries/0194-0301.md,entry-0194
مهمات,مهمات,287,رانش,اسم,2753,entries/0194-0301.md,entry-0287
مهمات,مهمات,385,سوخت,اسم,3655,entries/0302-0437.md,entry-0385
مهمات,مهمات,631,مواد,اسم,5939,entries/0544-0650.md,entry-0631
مهمات,مهمات,723,سلاح,اسم,6863,entries/0651-0741.md,entry-0723
مهمان,مهمان,882,اجتماعی بودن . معاشرت,اسم,8381,entries/0851-0969.md,entry-0882
مهمان [◄ مهمانی 882],مهمان [◄ مهمانی 882],297,دخول: حرکت به درون,اسم,2826,entries/0194-0301.md,entry-0297
مهمان ناخوانده,مهمان ناخوانده,59,بیرونی بودن,اسم,597,entries/0001-0090.md,entry-0059
مهمانخانه,مهمانخانه,192,منزل: محل سکنا یا زندگی,اسم,1827,entries/0091-0193.md,entry-0192
مهمانخانه‌چی,مهمانخانه‌چی,633,تهیه,اسم,5956,entries/0544-0650.md,entry-0633
مهماندار,مهماندار,271,هوانوردی,اسم,2610,entries/0194-0301.md,entry-0271
مهماندار,مهماندار,742,خادم,اسم,7064,entries/0742-0850.md,entry-0742
مهمانسرا,مهمانسرا,192,منزل: محل سکنا یا زندگی,اسم,1816,entries/0091-0193.md,entry-0192
مهمانسرا,مهمانسرا,267,مسافرت زمینی,اسم,2567,entries/0194-0301.md,entry-0267
مهمانسرا,مهمانسرا,683,استراحت,اسم,6480,entries/0651-0741.md,entry-0683
مهمانسرا,مهمانسرا,882,اجتماعی بودن . معاشرت,اسم,8381,entries/0851-0969.md,entry-0882
مهمانپذیر,مهمانپذیر,192,منزل: محل سکنا یا زندگی,اسم,1827,entries/0091-0193.md,entry-0192
مهمانی,مهمانی,192,منزل: محل سکنا یا زندگی,اسم,1827,entries/0091-0193.md,entry-0192
مهمانی,مهمانی,301,غذا: خوردن و نوشیدن,اسم,2874,entries/0194-0301.md,entry-0301
مهمانی,مهمانی,837,سرگرمی,اسم,7919,entries/0742-0850.md,entry-0837
مهمانی,مهمانی,882,اجتماعی بودن . معاشرت,اسم,8381,entries/0851-0969.md,entry-0882
مهمان‌نواز,مهمان‌نواز,813,سخاوت,صفت,7680,entries/0742-0850.md,entry-0813
مهمان‌نواز,مهمان‌نواز,882,اجتماعی بودن . معاشرت,صفت,8384,entries/0851-0969.md,entry-0882
مهمان‌نواز بودن,مهمان‌نواز بودن,295,ورود,فعل,2809,entries/0194-0301.md,entry-0295
مهمان‌نواز بودن,مهمان‌نواز بودن,299,پذیرش,فعل,2851,entries/0194-0301.md,entry-0299
مهمان‌نواز بودن,مهمان‌نواز بودن,880,دوستی 880#,فعل,8364,entries/0851-0969.md,entry-0880
مهمان‌نواز بودن,مهمان‌نواز بودن,882,اجتماعی بودن . معاشرت,فعل,8387,entries/0851-0969.md,entry-0882
مهمان‌نوازی,مهمان‌نوازی,813,سخاوت,اسم,7678,entries/0742-0850.md,entry-0813
مهمان‌نوازی,مهمان‌نوازی,880,دوستی 880#,اسم,8358,entries/0851-0969.md,entry-0880
مهمترین بخش,مهمترین بخش,5,عرضیت,اسم,65,entries/0001-0090.md,entry-0005
مهمترین بخش,مهمترین بخش,32,بزرگی,اسم,322,entries/0001-0090.md,entry-0032
مهمترین بخش,مهمترین بخش,514,معنی,اسم,4818,entries/0438-0543.md,entry-0514
مهمترین بخش,مهمترین بخش,627,نیاز,اسم,5899,entries/0544-0650.md,entry-0627
مهمترین بخش,مهمترین بخش,638,اهمیت,اسم,6000,entries/0544-0650.md,entry-0638
مهمترین بخش,مهمترین بخش,644,خوبی: صفات خوب انسان,اسم,6053,entries/0544-0650.md,entry-0644
مهمترین چیز,مهمترین چیز,638,اهمیت,اسم,5999,entries/0544-0650.md,entry-0638
مهمل,مهمل,4,بی‌جوهری,صفت,60,entries/0001-0090.md,entry-0004
مهمل,مهمل,477,سفسطه . تناقض,اسم,4443,entries/0438-0543.md,entry-0477
مهمل,مهمل,479,ابطال . بطلان,صفت,4463,entries/0438-0543.md,entry-0479
مهمل,مهمل,497,امر محال,اسم,4647,entries/0438-0543.md,entry-0497
مهمل,مهمل,515,بی‌معنایی,اسم,4829,entries/0438-0543.md,entry-0515
مهمل,مهمل,641,بی‌فایده بودن,صفت,6031,entries/0544-0650.md,entry-0641
مهمل,مهمل,849,مسخرگی,صفت,8060,entries/0742-0850.md,entry-0849
مهملی,مهملی,849,مسخرگی,اسم,8059,entries/0742-0850.md,entry-0849
مهمیز,مهمیز,273,حمل‌کننده,اسم,2632,entries/0194-0301.md,entry-0273
مهمیز,مهمیز,612,انگیختن . تحریک,اسم,5735,entries/0544-0650.md,entry-0612
مهمیز,مهمیز,821,تهییج,اسم,7752,entries/0742-0850.md,entry-0821
مهنا,مهنا,652,گوارایی,صفت,6156,entries/0651-0741.md,entry-0652
مهندس,مهندس,164,تولید . آفرینش,اسم,1552,entries/0091-0193.md,entry-0164
مهندس,مهندس,465,اندازه‌گیری . سنجش,اسم,4306,entries/0438-0543.md,entry-0465
مهندس,مهندس,500,دانا 500#,اسم,4671,entries/0438-0543.md,entry-0500
مهندس,مهندس,630,ابزار 630#,اسم,5931,entries/0544-0650.md,entry-0630
مهندس منابع طبیعی (آبخیزداری,مهندس منابع طبیعی (آبخیزداری,368,گیاه‌شناسی,اسم,3497,entries/0302-0437.md,entry-0368
مهندس نساجی,مهندس نساجی,222,تاروپود: بافت متقاطع,اسم,2136,entries/0194-0301.md,entry-0222
مهندس پرواز,مهندس پرواز,271,هوانوردی,اسم,2610,entries/0194-0301.md,entry-0271
مهندس پرواز,مهندس پرواز,741,رئیس,اسم,7058,entries/0651-0741.md,entry-0741
مهندس کشاورزی,مهندس کشاورزی,368,گیاه‌شناسی,اسم,3497,entries/0302-0437.md,entry-0368
مهندس کشتی,مهندس کشتی,269,مسافرت دریایی,اسم,2595,entries/0194-0301.md,entry-0269
مهندسی,مهندسی,192,منزل: محل سکنا یا زندگی,صفت,1836,entries/0091-0193.md,entry-0192
مهندسی,مهندسی,630,ابزار 630#,اسم,5929,entries/0544-0650.md,entry-0630
مهندسی اجتماعی,مهندسی اجتماعی,901,انساندوستی,اسم,8572,entries/0851-0969.md,entry-0901
مهندسی نرم‌افزار,مهندسی نرم‌افزار,86,شمارش,اسم,873,entries/0001-0090.md,entry-0086
مهندسی‌ساز,مهندسی‌ساز,192,منزل: محل سکنا یا زندگی,صفت,1836,entries/0091-0193.md,entry-0192
مهی,مهی,423,کدر,صفت,3935,entries/0302-0437.md,entry-0423
مهیا,مهیا,669,آمادگی,صفت,6339,entries/0651-0741.md,entry-0669
مهیا ساختن,مهیا ساختن,669,آمادگی,فعل,6344,entries/0651-0741.md,entry-0669
مهیا شدن,مهیا شدن,669,آمادگی,فعل,6346,entries/0651-0741.md,entry-0669
مهیاسازی,مهیاسازی,669,آمادگی,اسم,6335,entries/0651-0741.md,entry-0669
مهیب,مهیب,661,خطر,صفت,6269,entries/0651-0741.md,entry-0661
مهیب,مهیب,854,ترس,صفت,8112,entries/0851-0969.md,entry-0854
مهیب,مهیب,900,تهدید 900#,صفت,8566,entries/0851-0969.md,entry-0900
مهیج,مهیج,32,بزرگی,صفت,326,entries/0001-0090.md,entry-0032
مهیج,مهیج,291,جاذبه,صفت,2782,entries/0194-0301.md,entry-0291
مهیج,مهیج,374,حواس . حساسیت,صفت,3553,entries/0302-0437.md,entry-0374
مهیج,مهیج,571,شدّت و حدّت کلام,صفت,5342,entries/0544-0650.md,entry-0571
مهیج,مهیج,590,روایت . شرح . وصف 590#,صفت,5489,entries/0544-0650.md,entry-0590
مهیج,مهیج,821,تهییج,صفت,7754,entries/0742-0850.md,entry-0821
مهیج,مهیج,864,شگفت,صفت,8203,entries/0851-0969.md,entry-0864
مه‌آلود,مه‌آلود,444,ناپیدایی,صفت,4085,entries/0438-0543.md,entry-0444
مه‌پیکر,مه‌پیکر,841,زیبایی,صفت,7983,entries/0742-0850.md,entry-0841
مو,مو,208,رشته . لیف,اسم,2002,entries/0194-0301.md,entry-0208
مو,مو,213,قلّه . رأس,اسم,2048,entries/0194-0301.md,entry-0213
مو,مو,217,آویزانی,اسم,2079,entries/0194-0301.md,entry-0217
مو,مو,237,جلو,اسم,2291,entries/0194-0301.md,entry-0237
مو,مو,256,تیزی 256#,اسم,2455,entries/0194-0301.md,entry-0256
مو,مو,259,زبری,اسم,2481,entries/0194-0301.md,entry-0259
مو,مو,301,غذا: خوردن و نوشیدن,اسم,2893,entries/0194-0301.md,entry-0301
مو,مو,327,نرمی . انعطاف,اسم,3157,entries/0302-0437.md,entry-0327
مو,مو,366,گیاهان,اسم,3478,entries/0302-0437.md,entry-0366
مو,مو,647,نقص: فقدان کمال,اسم,6083,entries/0544-0650.md,entry-0647
مو,مو,845,لکه . فقدان زینت,اسم,8029,entries/0742-0850.md,entry-0845
موأخذه,موأخذه,459,پرسش,اسم,4245,entries/0438-0543.md,entry-0459
موأخذه,موأخذه,761,خواهش,اسم,7216,entries/0742-0850.md,entry-0761
موات,موات,165,تخریب,صفت,1564,entries/0091-0193.md,entry-0165
موات,موات,677,سکون,صفت,6416,entries/0651-0741.md,entry-0677
موات,موات,774,عدم مالکیت,صفت,7345,entries/0742-0850.md,entry-0774
مواج,مواج,209,بلندی (ارتفاع) . بالا . رو,اسم,2018,entries/0194-0301.md,entry-0209
مواج,مواج,317,نوسان,صفت,3041,entries/0302-0437.md,entry-0317
مواج,مواج,318,تلاطم: حرکت نامنظم,صفت,3049,entries/0302-0437.md,entry-0318
مواج,مواج,350,نهر . باران: آب درجریان 350#,صفت,3316,entries/0302-0437.md,entry-0350
مواج بودن,مواج بودن,317,نوسان,فعل,3042,entries/0302-0437.md,entry-0317
مواجب,مواجب,771,اکتساب,اسم,7307,entries/0742-0850.md,entry-0771
مواجب,مواجب,804,پرداخت,اسم,7600,entries/0742-0850.md,entry-0804
مواجه شدن,مواجه شدن,154,رویداد 154#,فعل,1430,entries/0091-0193.md,entry-0154
مواجه شدن,مواجه شدن,704,ضدیت . تقابل,فعل,6665,entries/0651-0741.md,entry-0704
مواد,مواد,74,تجمع . گردآوری,اسم,746,entries/0001-0090.md,entry-0074
مواد,مواد,156,علیت . علت 156#,اسم,1454,entries/0091-0193.md,entry-0156
مواد,مواد,301,غذا: خوردن و نوشیدن,اسم,2879,entries/0194-0301.md,entry-0301
مواد,مواد,629,وسیله,اسم,5915,entries/0544-0650.md,entry-0629
مواد,مواد,631,مواد,اسم,5939,entries/0544-0650.md,entry-0631
مواد,مواد,658,درمان,اسم,6223,entries/0651-0741.md,entry-0658
مواد,مواد,766,مفاد,اسم,7257,entries/0742-0850.md,entry-0766
مواد آرایش مو: شامپو,مواد آرایش مو: شامپو,843,زیباسازی . آرایش,اسم,8002,entries/0742-0850.md,entry-0843
مواد آلی,مواد آلی,319,مادیت 319#,اسم,3067,entries/0302-0437.md,entry-0319
مواد آلی,مواد آلی,358,ارگانیسم: موجودات زنده 358#,اسم,3390,entries/0302-0437.md,entry-0358
مواد افزودنی,مواد افزودنی,40,متمّم 40#,اسم,400,entries/0001-0090.md,entry-0040
مواد امتحانی,مواد امتحانی,534,آموزش,اسم,5035,entries/0438-0543.md,entry-0534
مواد اولیه,مواد اولیه,156,علیت . علت 156#,اسم,1454,entries/0091-0193.md,entry-0156
مواد اولیه,مواد اولیه,629,وسیله,اسم,5915,entries/0544-0650.md,entry-0629
مواد اولیه,مواد اولیه,631,مواد,اسم,5939,entries/0544-0650.md,entry-0631
مواد اولیه,مواد اولیه,670,فقدان آمادگی 670#,اسم,6351,entries/0651-0741.md,entry-0670
مواد بسته‌بندی,مواد بسته‌بندی,194,ظرف,اسم,1847,entries/0194-0301.md,entry-0194
مواد بسته‌بندی,مواد بسته‌بندی,226,پوشش,اسم,2172,entries/0194-0301.md,entry-0226
مواد بسته‌بندی,مواد بسته‌بندی,230,محیط 230#,اسم,2233,entries/0194-0301.md,entry-0230
مواد بسته‌بندی,مواد بسته‌بندی,235,دیوار,اسم,2274,entries/0194-0301.md,entry-0235
مواد توهم‌زا ◄ مواد مخدر,مواد توهم‌زا ◄ مواد مخدر,503,دیوانگی,اسم,4689,entries/0438-0543.md,entry-0503
مواد توهّم‌زا,مواد توهّم‌زا,658,درمان,اسم,6223,entries/0651-0741.md,entry-0658
مواد حفظ‌شده: کنسرو,مواد حفظ‌شده: کنسرو,666,حفظ: جلوگیری ازفساد,اسم,6307,entries/0651-0741.md,entry-0666
مواد داشتن,مواد داشتن,3,جوهر,اسم,52,entries/0001-0090.md,entry-0003
مواد درسی: مکالمه,مواد درسی: مکالمه,534,آموزش,اسم,5036,entries/0438-0543.md,entry-0534
مواد درسی: مکالمه,مواد درسی: مکالمه,538,دانش‌آموز,اسم,5067,entries/0438-0543.md,entry-0538
مواد دوپینگ,مواد دوپینگ,612,انگیختن . تحریک,اسم,5739,entries/0544-0650.md,entry-0612
مواد سفالی,مواد سفالی,381,گرمایش,اسم,3624,entries/0302-0437.md,entry-0381
مواد علف‌کش,مواد علف‌کش,659,مایۀ هلاک . زهر,اسم,6245,entries/0651-0741.md,entry-0659
مواد غذایی,مواد غذایی,631,مواد,اسم,5939,entries/0544-0650.md,entry-0631
مواد غیرآلی,مواد غیرآلی,359,کانیها . معدن,اسم,3396,entries/0302-0437.md,entry-0359
مواد قانون اساسی,مواد قانون اساسی,953,قانونیت,اسم,9026,entries/0851-0969.md,entry-0953
مواد متشکله,مواد متشکله,43,آمیختگی 43#,اسم,418,entries/0001-0090.md,entry-0043
مواد متشکله,مواد متشکله,58,داخلی بودن . قطعه,اسم,590,entries/0001-0090.md,entry-0058
مواد متشکله,مواد متشکله,193,مظروف,اسم,1842,entries/0091-0193.md,entry-0193
مواد مجسمه‌سازی: مرمر,مواد مجسمه‌سازی: مرمر,554,مجسمه‌سازی,اسم,5221,entries/0544-0650.md,entry-0554
مواد مخدر,مواد مخدر,375,بی‌حسی فیزیکی,اسم,3561,entries/0302-0437.md,entry-0375
مواد مخدر,مواد مخدر,658,درمان,اسم,6223,entries/0651-0741.md,entry-0658
مواد مخدر,مواد مخدر,679,عدم فعالیت . خواب,اسم,6443,entries/0651-0741.md,entry-0679
مواد مصرفی,مواد مصرفی,630,ابزار 630#,اسم,5922,entries/0544-0650.md,entry-0630
مواد معدنی,مواد معدنی,359,کانیها . معدن,اسم,3396,entries/0302-0437.md,entry-0359
مواد معدنی,مواد معدنی,631,مواد,اسم,5939,entries/0544-0650.md,entry-0631
مواد منفجره,مواد منفجره,287,رانش,اسم,2752,entries/0194-0301.md,entry-0287
مواد منفجره,مواد منفجره,330,شکنندگی 330#,اسم,3177,entries/0302-0437.md,entry-0330
مواد منفجره,مواد منفجره,420,روشنایی 420#,اسم,3914,entries/0302-0437.md,entry-0420
مواد نفتی,مواد نفتی,357,روغن . چربی,اسم,3369,entries/0302-0437.md,entry-0357
مواد نیروزا,مواد نیروزا,162,قدرت,اسم,1524,entries/0091-0193.md,entry-0162
مواد نیروزا,مواد نیروزا,612,انگیختن . تحریک,اسم,5739,entries/0544-0650.md,entry-0612
مواد چاپ‌شده,مواد چاپ‌شده,555,کنده‌کاری,اسم,5228,entries/0544-0650.md,entry-0555
مواد چاپ‌شده,مواد چاپ‌شده,587,چاپ,اسم,5455,entries/0544-0650.md,entry-0587
موادجلوگیری‌کننده ازفساد,موادجلوگیری‌کننده ازفساد,666,حفظ: جلوگیری ازفساد,اسم,6307,entries/0651-0741.md,entry-0666
موادمنفجره,موادمنفجره,168,مرگ‌ومیر,اسم,1592,entries/0091-0193.md,entry-0168
موادمنفجره,موادمنفجره,663,ورطه . مهلکه: مایۀ خطر,اسم,6286,entries/0651-0741.md,entry-0663
موادمنفجره,موادمنفجره,723,سلاح,اسم,6864,entries/0651-0741.md,entry-0723
مواد‌ مصرفی: پرچ,مواد‌ مصرفی: پرچ,630,ابزار 630#,اسم,5925,entries/0544-0650.md,entry-0630
موازنه,موازنه,28,برابری: یکسانی مقدار یا درجه,اسم,281,entries/0001-0090.md,entry-0028
موازنه,موازنه,144,ثبات: عدم تغییر 144#,اسم,1331,entries/0091-0193.md,entry-0144
موازنه,موازنه,153,پایداری (تغییرناپذیری),اسم,1411,entries/0091-0193.md,entry-0153
موازنه,موازنه,182,اثر متقابل,اسم,1716,entries/0091-0193.md,entry-0182
موازنه,موازنه,245,تقارن,اسم,2351,entries/0194-0301.md,entry-0245
موازنه کردن,موازنه کردن,28,برابری: یکسانی مقدار یا درجه,فعل,289,entries/0001-0090.md,entry-0028
موازنه کردن,موازنه کردن,31,جبران . تعدیل,فعل,314,entries/0001-0090.md,entry-0031
موازنه کردن,موازنه کردن,153,پایداری (تغییرناپذیری),فعل,1419,entries/0091-0193.md,entry-0153
موازی,موازی,9,رابطه . ربط,صفت,110,entries/0001-0090.md,entry-0009
موازی,موازی,28,برابری: یکسانی مقدار یا درجه,صفت,285,entries/0001-0090.md,entry-0028
موازی,موازی,181,قِران: جمع علل,اسم,1711,entries/0091-0193.md,entry-0181
موازی,موازی,219,توازی,صفت,2109,entries/0194-0301.md,entry-0219
موازی,موازی,239,کنار,صفت,2308,entries/0194-0301.md,entry-0239
موازی,موازی,245,تقارن,صفت,2352,entries/0194-0301.md,entry-0245
موازی بودن,موازی بودن,219,توازی,اسم,2107,entries/0194-0301.md,entry-0219
مواصلاتی,مواصلاتی,624,راه,صفت,5882,entries/0544-0650.md,entry-0624
مواضع در فن جدل,مواضع در فن جدل,449,اندیشه,اسم,4145,entries/0438-0543.md,entry-0449
مواظب,مواظب,415,شنوایی,صفت,3864,entries/0302-0437.md,entry-0415
مواظب,مواظب,455,توجه,صفت,4197,entries/0438-0543.md,entry-0455
مواظب,مواظب,457,مراقبت . دقت,صفت,4223,entries/0438-0543.md,entry-0457
مواظب,مواظب,931,بی‌غرضی . ایثار,صفت,8858,entries/0851-0969.md,entry-0931
مواظب بودن,مواظب بودن,438,دید . بینایی,فعل,4042,entries/0438-0543.md,entry-0438
مواظب بودن,مواظب بودن,455,توجه,فعل,4200,entries/0438-0543.md,entry-0455
مواظب بودن,مواظب بودن,457,مراقبت . دقت,فعل,4225,entries/0438-0543.md,entry-0457
مواظب بودن,مواظب بودن,664,اخطار,فعل,6296,entries/0651-0741.md,entry-0664
مواظبت,مواظبت,455,توجه,اسم,4196,entries/0438-0543.md,entry-0455
مواظبت,مواظبت,457,مراقبت . دقت,اسم,4220,entries/0438-0543.md,entry-0457
مواظبت,مواظبت,778,نگهداری,اسم,7378,entries/0742-0850.md,entry-0778
مواظبت کردن,مواظبت کردن,438,دید . بینایی,فعل,4042,entries/0438-0543.md,entry-0438
مواظبت کردن,مواظبت کردن,457,مراقبت . دقت,فعل,4226,entries/0438-0543.md,entry-0457
موافق,موافق,24,سازگاری,صفت,237,entries/0001-0090.md,entry-0024
موافق,موافق,28,برابری: یکسانی مقدار یا درجه,صفت,286,entries/0001-0090.md,entry-0028
موافق,موافق,299,پذیرش,صفت,2850,entries/0194-0301.md,entry-0299
موافق,موافق,410,آهنگ . ملودی: صدای هنجار 410#,صفت,3819,entries/0302-0437.md,entry-0410
موافق,موافق,488,نظر موافق,صفت,4559,entries/0438-0543.md,entry-0488
موافق,موافق,710,هماهنگی 710#,صفت,6715,entries/0651-0741.md,entry-0710
موافق,موافق,721,تسلیم,صفت,6826,entries/0651-0741.md,entry-0721
موافق,موافق,758,تأیید . رضایت,صفت,7196,entries/0742-0850.md,entry-0758
موافق,موافق,828,رضایت . خرسندی,صفت,7834,entries/0742-0850.md,entry-0828
موافق,موافق,976,راست‌دینی,صفت,9226,entries/0970-0991.md,entry-0976
موافق (راضی),موافق (راضی),299,پذیرش,صفت,2850,entries/0194-0301.md,entry-0299
موافق (راضی),موافق (راضی),597,رغبت . داوطلبی,صفت,5601,entries/0544-0650.md,entry-0597
موافق (طبع) بودن,موافق (طبع) بودن,24,سازگاری,فعل,241,entries/0001-0090.md,entry-0024
موافق ذائقه,موافق ذائقه,390,خوشمزگی 390#,صفت,3686,entries/0302-0437.md,entry-0390
موافق سبک روز,موافق سبک روز,848,مُد,صفت,8054,entries/0742-0850.md,entry-0848
موافقت,موافقت,28,برابری: یکسانی مقدار یا درجه,اسم,280,entries/0001-0090.md,entry-0028
موافقت,موافقت,299,پذیرش,اسم,2848,entries/0194-0301.md,entry-0299
موافقت,موافقت,488,نظر موافق,اسم,4556,entries/0438-0543.md,entry-0488
موافقت,موافقت,597,رغبت . داوطلبی,اسم,5599,entries/0544-0650.md,entry-0597
موافقت,موافقت,756,اجازه,اسم,7179,entries/0742-0850.md,entry-0756
موافقت,موافقت,758,تأیید . رضایت,اسم,7195,entries/0742-0850.md,entry-0758
موافقت,موافقت,923,تحسین,اسم,8766,entries/0851-0969.md,entry-0923
موافقت بانظر,موافقت بانظر,488,نظر موافق,اسم,4556,entries/0438-0543.md,entry-0488
موافقت کردن,موافقت کردن,24,سازگاری,فعل,241,entries/0001-0090.md,entry-0024
موافقت کردن,موافقت کردن,299,پذیرش,فعل,2851,entries/0194-0301.md,entry-0299
موافقت کردن,موافقت کردن,488,نظر موافق,فعل,4561,entries/0438-0543.md,entry-0488
موافقت کردن,موافقت کردن,597,رغبت . داوطلبی,فعل,5603,entries/0544-0650.md,entry-0597
موافقت کردن,موافقت کردن,710,هماهنگی 710#,فعل,6716,entries/0651-0741.md,entry-0710
موافقت کردن,موافقت کردن,756,اجازه,فعل,7183,entries/0742-0850.md,entry-0756
موافقت کردن,موافقت کردن,758,تأیید . رضایت,فعل,7198,entries/0742-0850.md,entry-0758
موافقت کردن,موافقت کردن,765,قرارداد,فعل,7253,entries/0742-0850.md,entry-0765
موافقت کردن,موافقت کردن,770,سازش 770#,فعل,7288,entries/0742-0850.md,entry-0770
موافقت ◄ نظر موافق,موافقت ◄ نظر موافق,765,قرارداد,اسم,7249,entries/0742-0850.md,entry-0765
موافقم! هوم,موافقم! هوم,488,نظر موافق,شبه جمله,4565,entries/0438-0543.md,entry-0488
موال,موال,649,ناپاکی . آلودگی,اسم,6108,entries/0544-0650.md,entry-0649
موبایل,موبایل,442,دستگاه نوری,اسم,4071,entries/0438-0543.md,entry-0442
موبایل,موبایل,531,مخابرات,اسم,5010,entries/0438-0543.md,entry-0531
موبایل و تلفن,موبایل و تلفن,86,شمارش,اسم,873,entries/0001-0090.md,entry-0086
موبایل و تلفن,موبایل و تلفن,160,توان 160#,اسم,1501,entries/0091-0193.md,entry-0160
موبایل و تلفن,موبایل و تلفن,273,حمل‌کننده,اسم,2629,entries/0194-0301.md,entry-0273
موبایل و تلفن,موبایل و تلفن,415,شنوایی,اسم,3863,entries/0302-0437.md,entry-0415
موبایل و تلفن,موبایل و تلفن,465,اندازه‌گیری . سنجش,اسم,4310,entries/0438-0543.md,entry-0465
موبایل و تلفن,موبایل و تلفن,531,مخابرات,اسم,5010,entries/0438-0543.md,entry-0531
موبایل و تلفن,موبایل و تلفن,549,متصدی ثبت . ضبط کننده,اسم,5185,entries/0544-0650.md,entry-0549
موبایل و تلفن,موبایل و تلفن,630,ابزار 630#,اسم,5933,entries/0544-0650.md,entry-0630
موبد,موبد,586,نگارش,اسم,5447,entries/0544-0650.md,entry-0586
موت,موت,361,مرگ,اسم,3413,entries/0302-0437.md,entry-0361
موتاسیون,موتاسیون,143,تغییر و تحول 143#,اسم,1321,entries/0091-0193.md,entry-0143
موتاسیون,موتاسیون,147,تبدیل: تغییر یافتن به‌چیزی دیگر,اسم,1359,entries/0091-0193.md,entry-0147
موتزارت,موتزارت,413,موسیقی‌دان,اسم,3842,entries/0302-0437.md,entry-0413
موتور,موتور,274,وسیلۀ نقلیه,اسم,2639,entries/0194-0301.md,entry-0274
موتور,موتور,287,رانش,اسم,2751,entries/0194-0301.md,entry-0287
موتور,موتور,315,چرخش,اسم,3023,entries/0302-0437.md,entry-0315
موتور,موتور,630,ابزار 630#,اسم,5928,entries/0544-0650.md,entry-0630
موتور الکتریکی,موتور الکتریکی,160,توان 160#,اسم,1499,entries/0091-0193.md,entry-0160
موتور بخار,موتور بخار,287,رانش,اسم,2751,entries/0194-0301.md,entry-0287
موتور دیفرانسیل جلو,موتور دیفرانسیل جلو,288,کشش,اسم,2761,entries/0194-0301.md,entry-0288
موتور گازی,موتور گازی,274,وسیلۀ نقلیه,اسم,2639,entries/0194-0301.md,entry-0274
موتورسیکلت,موتورسیکلت,274,وسیلۀ نقلیه,اسم,2639,entries/0194-0301.md,entry-0274
موتیف,موتیف,233,طرح کلی,اسم,2260,entries/0194-0301.md,entry-0233
موتیف,موتیف,844,تزیین,اسم,8013,entries/0742-0850.md,entry-0844
موتیف ◄ موسیقی,موتیف ◄ موسیقی,452,موضوع,اسم,4172,entries/0438-0543.md,entry-0452
موثر,موثر,160,توان 160#,صفت,1503,entries/0091-0193.md,entry-0160
موثر,موثر,612,انگیختن . تحریک,صفت,5742,entries/0544-0650.md,entry-0612
موثر,موثر,640,فایده 640#,صفت,6023,entries/0544-0650.md,entry-0640
موثق,موثق,153,پایداری (تغییرناپذیری),صفت,1415,entries/0091-0193.md,entry-0153
موثق,موثق,929,درستی . درستکاری,صفت,8839,entries/0851-0969.md,entry-0929
موج,موج,36,افزایش,اسم,366,entries/0001-0090.md,entry-0036
موج,موج,209,بلندی (ارتفاع) . بالا . رو,اسم,2018,entries/0194-0301.md,entry-0209
موج,موج,262,شیار,اسم,2502,entries/0194-0301.md,entry-0262
موج,موج,285,پیشروی,اسم,2735,entries/0194-0301.md,entry-0285
موج,موج,317,نوسان,اسم,3039,entries/0302-0437.md,entry-0317
موج,موج,339,آب,اسم,3240,entries/0302-0437.md,entry-0339
موج,موج,350,نهر . باران: آب درجریان 350#,اسم,3313,entries/0302-0437.md,entry-0350
موج بلند,موج بلند,417,روشنی,اسم,3880,entries/0302-0437.md,entry-0417
موج جنایت,موج جنایت,954,غیرقانونی,اسم,9036,entries/0851-0969.md,entry-0954
موج رادیو,موج رادیو,624,راه,اسم,5878,entries/0544-0650.md,entry-0624
موج رادیویی,موج رادیویی,417,روشنی,اسم,3880,entries/0302-0437.md,entry-0417
موج زمینی,موج زمینی,317,نوسان,اسم,3039,entries/0302-0437.md,entry-0317
موج صدا,موج صدا,398,صدا,اسم,3740,entries/0302-0437.md,entry-0398
موج صوتی‌را گسیل کردن,موج صوتی‌را گسیل کردن,398,صدا,فعل,3743,entries/0302-0437.md,entry-0398
موج عوض کردن,موج عوض کردن,150,جایگزینی: گذاشتن چیزی درجای دیگری,فعل,1388,entries/0091-0193.md,entry-0150
موج متوسط,موج متوسط,531,مخابرات,اسم,5007,entries/0438-0543.md,entry-0531
موج نو,موج نو,566,سَبْک,اسم,5308,entries/0544-0650.md,entry-0566
موج نو,موج نو,594,تئاتر,صفت,5538,entries/0544-0650.md,entry-0594
موج کوتاه,موج کوتاه,417,روشنی,اسم,3880,entries/0302-0437.md,entry-0417
موج کوتاه,موج کوتاه,531,مخابرات,اسم,5007,entries/0438-0543.md,entry-0531
موجب,موجب,156,علیت . علت 156#,اسم,1453,entries/0091-0193.md,entry-0156
موجب,موجب,178,تأثیر,اسم,1689,entries/0091-0193.md,entry-0178
موجب,موجب,179,گرایش,صفت,1698,entries/0091-0193.md,entry-0179
موجب,موجب,256,تیزی 256#,اسم,2455,entries/0194-0301.md,entry-0256
موجب,موجب,291,جاذبه,اسم,2780,entries/0194-0301.md,entry-0291
موجب,موجب,612,انگیختن . تحریک,اسم,5734,entries/0544-0650.md,entry-0612
موجب آرامش خاطر,موجب آرامش خاطر,177,ملایمت . میانه‌روی,صفت,1681,entries/0091-0193.md,entry-0177
موجب آرامش خاطر,موجب آرامش خاطر,831,تسکین,صفت,7859,entries/0742-0850.md,entry-0831
موجب شدن,موجب شدن,156,علیت . علت 156#,فعل,1458,entries/0091-0193.md,entry-0156
موجب شدن,موجب شدن,612,انگیختن . تحریک,فعل,5746,entries/0544-0650.md,entry-0612
موجبات حرکت,موجبات حرکت,256,تیزی 256#,اسم,2455,entries/0194-0301.md,entry-0256
موجبات مادی حرکت ◄ موجب,موجبات مادی حرکت ◄ موجب,612,انگیختن . تحریک,اسم,5734,entries/0544-0650.md,entry-0612
موجبات چیزی را فراهم کردن,موجبات چیزی را فراهم کردن,156,علیت . علت 156#,فعل,1458,entries/0091-0193.md,entry-0156
موجد,موجد,156,علیت . علت 156#,صفت,1456,entries/0091-0193.md,entry-0156
موجر,موجر,192,منزل: محل سکنا یا زندگی,اسم,1816,entries/0091-0193.md,entry-0192
موجر,موجر,776,مالک,اسم,7360,entries/0742-0850.md,entry-0776
موجر,موجر,784,اعطای وام . قرض دادن,صفت,7437,entries/0742-0850.md,entry-0784
موجز,موجز,496,اصل . قاعدۀ کلی,صفت,4643,entries/0438-0543.md,entry-0496
موجز,موجز,569,ایجاز,صفت,5327,entries/0544-0650.md,entry-0569
موجز,موجز,582,کم‌حرفی,صفت,5417,entries/0544-0650.md,entry-0582
موجز,موجز,592,تلخیص,صفت,5507,entries/0544-0650.md,entry-0592
موجز,موجز,839,ظرافت طبع,صفت,7967,entries/0742-0850.md,entry-0839
موجز گفتن,موجز گفتن,569,ایجاز,فعل,5328,entries/0544-0650.md,entry-0569
موجه,موجه,466,مدرک,صفت,4333,entries/0438-0543.md,entry-0466
موجه,موجه,471,احتمال,صفت,4374,entries/0438-0543.md,entry-0471
موجه,موجه,475,استدلال . تعقل,صفت,4427,entries/0438-0543.md,entry-0475
موجه,موجه,927,حمایت,صفت,8817,entries/0851-0969.md,entry-0927
موجه دانستن,موجه دانستن,927,حمایت,فعل,8819,entries/0851-0969.md,entry-0927
موجه کردن,موجه کردن,158,اِسناد: نسبت دادنِ علت,فعل,1478,entries/0091-0193.md,entry-0158
موجه کردن,موجه کردن,927,حمایت,فعل,8819,entries/0851-0969.md,entry-0927
موجه ◄ منطقی,موجه ◄ منطقی,758,تأیید . رضایت,صفت,7197,entries/0742-0850.md,entry-0758
موجهای فراصوتی,موجهای فراصوتی,398,صدا,اسم,3740,entries/0302-0437.md,entry-0398
موجهه,موجهه,7,حالت: وضعیت مطلق,صفت,86,entries/0001-0090.md,entry-0007
موجه‌نما,موجه‌نما,614,بهانه: انگیزۀ ظاهری,صفت,5765,entries/0544-0650.md,entry-0614
موجود,موجود,1,وجود (هستی),صفت,29,entries/0001-0090.md,entry-0001
موجود,موجود,121,زمان حال,صفت,1117,entries/0091-0193.md,entry-0121
موجود,موجود,155,وقایع آتی,صفت,1436,entries/0091-0193.md,entry-0155
موجود,موجود,164,تولید . آفرینش,صفت,1554,entries/0091-0193.md,entry-0164
موجود,موجود,189,حضور,صفت,1789,entries/0091-0193.md,entry-0189
موجود,موجود,319,مادیت 319#,اسم,3068,entries/0302-0437.md,entry-0319
موجود,موجود,632,انبار,صفت,5949,entries/0544-0650.md,entry-0632
موجود,موجود,773,مالکیت,صفت,7334,entries/0742-0850.md,entry-0773
موجود,موجود,779,عدم نگهداری,صفت,7389,entries/0742-0850.md,entry-0779
موجود اسطوره‌ای,موجود اسطوره‌ای,970,جن و پری 970#,اسم,9173,entries/0970-0991.md,entry-0970
موجود افسانه‌ای,موجود افسانه‌ای,84,عدم تطبیق,اسم,848,entries/0001-0090.md,entry-0084
موجود افسانه‌ای,موجود افسانه‌ای,513,تخیل,اسم,4803,entries/0438-0543.md,entry-0513
موجود افسانه‌ای,موجود افسانه‌ای,854,ترس,اسم,8106,entries/0851-0969.md,entry-0854
موجود خشن,موجود خشن,176,شدت . خشونت,اسم,1666,entries/0091-0193.md,entry-0176
موجود خشن,موجود خشن,854,ترس,اسم,8106,entries/0851-0969.md,entry-0854
موجود خیالی,موجود خیالی,513,تخیل,اسم,4806,entries/0438-0543.md,entry-0513
موجود خیالی: آدم‌آهنی,موجود خیالی: آدم‌آهنی,513,تخیل,اسم,4803,entries/0438-0543.md,entry-0513
موجود زنده,موجود زنده,358,ارگانیسم: موجودات زنده 358#,اسم,3388,entries/0302-0437.md,entry-0358
موجود سم‌دار,موجود سم‌دار,659,مایۀ هلاک . زهر,اسم,6246,entries/0651-0741.md,entry-0659
موجود نادر,موجود نادر,140,به‌ندرت (ندرت وقوع) 140#,اسم,1291,entries/0091-0193.md,entry-0140
موجود نبودن,موجود نبودن,2,عدم (نیستی),فعل,43,entries/0001-0090.md,entry-0002
موجود نیست! نیست! یخدور,موجود نیست! نیست! یخدور,2,عدم (نیستی),شبه جمله,48,entries/0001-0090.md,entry-0002
موجودات,موجودات,365,حیوانات,اسم,3454,entries/0302-0437.md,entry-0365
موجودات استثنایی,موجودات استثنایی,84,عدم تطبیق,اسم,848,entries/0001-0090.md,entry-0084
موجودات استثنایی,موجودات استثنایی,140,به‌ندرت (ندرت وقوع) 140#,اسم,1291,entries/0091-0193.md,entry-0140
موجودات استثنایی,موجودات استثنایی,365,حیوانات,اسم,3455,entries/0302-0437.md,entry-0365
موجودات استثنایی,موجودات استثنایی,970,جن و پری 970#,اسم,9173,entries/0970-0991.md,entry-0970
موجودات تک‌سلولی,موجودات تک‌سلولی,33,کوچکی,اسم,336,entries/0001-0090.md,entry-0033
موجودات تک‌سلولی,موجودات تک‌سلولی,365,حیوانات,اسم,3468,entries/0302-0437.md,entry-0365
موجودات دریایی,موجودات دریایی,301,غذا: خوردن و نوشیدن,اسم,2888,entries/0194-0301.md,entry-0301
موجودات دریایی,موجودات دریایی,343,دریا . اقیانوس,اسم,3278,entries/0302-0437.md,entry-0343
موجودات دریایی,موجودات دریایی,365,حیوانات,اسم,3454,entries/0302-0437.md,entry-0365
موجودافسانه‌ای,موجودافسانه‌ای,970,جن و پری 970#,اسم,9173,entries/0970-0991.md,entry-0970
موجودی,موجودی,87,فهرست,اسم,885,entries/0001-0090.md,entry-0087
موجودی,موجودی,193,مظروف,اسم,1842,entries/0091-0193.md,entry-0193
موجودی,موجودی,632,انبار,اسم,5946,entries/0544-0650.md,entry-0632
موجودی,موجودی,795,مال‌التجاره,اسم,7529,entries/0742-0850.md,entry-0795
موجودی,موجودی,797,پول,اسم,7541,entries/0742-0850.md,entry-0797
موجودی انبار,موجودی انبار,193,مظروف,اسم,1842,entries/0091-0193.md,entry-0193
موجودی انبار,موجودی انبار,777,دارایی . مِلک 777#,اسم,7366,entries/0742-0850.md,entry-0777
موجودی انبار,موجودی انبار,795,مال‌التجاره,اسم,7529,entries/0742-0850.md,entry-0795
موجودی برداری شده,موجودی برداری شده,87,فهرست,صفت,886,entries/0001-0090.md,entry-0087
موجودی برداری کردن,موجودی برداری کردن,87,فهرست,فعل,887,entries/0001-0090.md,entry-0087
موجودی داشتن,موجودی داشتن,773,مالکیت,فعل,7336,entries/0742-0850.md,entry-0773
موجودیت,موجودیت,1,وجود (هستی),اسم,27,entries/0001-0090.md,entry-0001
موج‌زن,موج‌زن,318,تلاطم: حرکت نامنظم,صفت,3049,entries/0302-0437.md,entry-0318
موج‌سواری,موج‌سواری,269,مسافرت دریایی,اسم,2597,entries/0194-0301.md,entry-0269
موج‌سواری,موج‌سواری,350,نهر . باران: آب درجریان 350#,اسم,3314,entries/0302-0437.md,entry-0350
موج‌شکن,موج‌شکن,192,منزل: محل سکنا یا زندگی,اسم,1826,entries/0091-0193.md,entry-0192
موحد,موحد,973,دین . دینداری,صفت,9199,entries/0970-0991.md,entry-0973
مودار,مودار,256,تیزی 256#,صفت,2458,entries/0194-0301.md,entry-0256
مودار,مودار,259,زبری,صفت,2483,entries/0194-0301.md,entry-0259
مودب بودن,مودب بودن,455,توجه,فعل,4201,entries/0438-0543.md,entry-0455
مودت,مودت,897,نیکخواهی,اسم,8530,entries/0851-0969.md,entry-0897
موذی,موذی,616,شرّ,صفت,5784,entries/0544-0650.md,entry-0616
موذی,موذی,645,بدی: صفات بد انسان,صفت,6065,entries/0544-0650.md,entry-0645
موذی,موذی,898,بدخواهی . اذیت,صفت,8544,entries/0851-0969.md,entry-0898
موذیگری,موذیگری,645,بدی: صفات بد انسان,اسم,6064,entries/0544-0650.md,entry-0645
موذی‌گری ◄ بدی,موذی‌گری ◄ بدی,616,شرّ,اسم,5783,entries/0544-0650.md,entry-0616
مور,مور,163,ضعف,اسم,1539,entries/0091-0193.md,entry-0163
مورب,مورب,220,تورب . شیب 220#,صفت,2116,entries/0194-0301.md,entry-0220
مورب,مورب,248,منحنی . ناهموار,صفت,2377,entries/0194-0301.md,entry-0248
مورخ,مورخ,108,زمان 108#,اسم,1016,entries/0091-0193.md,entry-0108
مورخ,مورخ,117,زمان‌سنجی,اسم,1092,entries/0091-0193.md,entry-0117
مورخ,مورخ,548,پیشینه,صفت,5175,entries/0544-0650.md,entry-0548
مورخ,مورخ,549,متصدی ثبت . ضبط کننده,اسم,5184,entries/0544-0650.md,entry-0549
مورخ,مورخ,586,نگارش,اسم,5447,entries/0544-0650.md,entry-0586
مورخ,مورخ,589,کتاب,اسم,5479,entries/0544-0650.md,entry-0589
مورد,مورد,7,حالت: وضعیت مطلق,اسم,84,entries/0001-0090.md,entry-0007
مورد,مورد,83,تطبیق,اسم,834,entries/0001-0090.md,entry-0083
مورد,مورد,366,گیاهان,اسم,3478,entries/0302-0437.md,entry-0366
مورد,مورد,452,موضوع,اسم,4172,entries/0438-0543.md,entry-0452
مورد,مورد,466,مدرک,اسم,4329,entries/0438-0543.md,entry-0466
مورد,مورد,522,تجلی,اسم,4895,entries/0438-0543.md,entry-0522
مورد آزمایش,مورد آزمایش,461,آزمایش,اسم,4272,entries/0438-0543.md,entry-0461
مورد آزمایش,مورد آزمایش,597,رغبت . داوطلبی,صفت,5601,entries/0544-0650.md,entry-0597
مورد آزمایش,مورد آزمایش,605,انتخاب,صفت,5668,entries/0544-0650.md,entry-0605
مورد احترام,مورد احترام,920,احترام 920#,صفت,8739,entries/0851-0969.md,entry-0920
مورد اختلاف,مورد اختلاف,489,نظر مخالف,صفت,4572,entries/0438-0543.md,entry-0489
مورد استفاده,مورد استفاده,79,عمومیت,صفت,796,entries/0001-0090.md,entry-0079
مورد استفاده,مورد استفاده,163,ضعف,صفت,1541,entries/0091-0193.md,entry-0163
مورد استفاده,مورد استفاده,610,عادت 610#,صفت,5712,entries/0544-0650.md,entry-0610
مورد استفاده,مورد استفاده,655,زوال . فرسایش,صفت,6186,entries/0651-0741.md,entry-0655
مورد استفاده,مورد استفاده,673,استفاده,صفت,6381,entries/0651-0741.md,entry-0673
مورد استفاده,مورد استفاده,773,مالکیت,صفت,7334,entries/0742-0850.md,entry-0773
مورد اصابت قرار گرفتن,مورد اصابت قرار گرفتن,279,کوبش,فعل,2693,entries/0194-0301.md,entry-0279
مورد انتظار,مورد انتظار,124,آینده,صفت,1139,entries/0091-0193.md,entry-0124
مورد انتظار,مورد انتظار,507,انتظار,صفت,4745,entries/0438-0543.md,entry-0507
مورد انتظار,مورد انتظار,865,فقدان تحیر,صفت,8213,entries/0851-0969.md,entry-0865
مورد بحث,مورد بحث,9,رابطه . ربط,اسم,108,entries/0001-0090.md,entry-0009
مورد بحث,مورد بحث,459,پرسش,صفت,4255,entries/0438-0543.md,entry-0459
مورد بهره‌برداری,مورد بهره‌برداری,673,استفاده,صفت,6381,entries/0651-0741.md,entry-0673
مورد بهره‌برداری,مورد بهره‌برداری,773,مالکیت,صفت,7334,entries/0742-0850.md,entry-0773
مورد بی‌احترامی,مورد بی‌احترامی,300,دفع . طرد 300#,اسم,2858,entries/0194-0301.md,entry-0300
مورد بی‌احترامی,مورد بی‌احترامی,607,ردّ . عدم انتخاب,صفت,5688,entries/0544-0650.md,entry-0607
مورد بی‌احترامی,مورد بی‌احترامی,883,اجتماعی نبودن,صفت,8395,entries/0851-0969.md,entry-0883
مورد بی‌احترامی,مورد بی‌احترامی,921,بی‌احترامی,صفت,8751,entries/0851-0969.md,entry-0921
مورد بی‌ادبی,مورد بی‌ادبی,921,بی‌احترامی,صفت,8751,entries/0851-0969.md,entry-0921
مورد بی‌اعتنایی,مورد بی‌اعتنایی,921,بی‌احترامی,صفت,8751,entries/0851-0969.md,entry-0921
مورد بی‌توجهی,مورد بی‌توجهی,506,فراموشی,صفت,4735,entries/0438-0543.md,entry-0506
مورد بی‌توجهی,مورد بی‌توجهی,921,بی‌احترامی,صفت,8751,entries/0851-0969.md,entry-0921
مورد بی‌توجهی قرارگرفته ◄ مورد غفلت واقع‌شده,مورد بی‌توجهی قرارگرفته ◄ مورد غفلت واقع‌شده,456,بی‌توجهی,صفت,4213,entries/0438-0543.md,entry-0456
مورد بی‌مهری,مورد بی‌مهری,921,بی‌احترامی,صفت,8751,entries/0851-0969.md,entry-0921
مورد تحسین قرار گرفتن,مورد تحسین قرار گرفتن,923,تحسین,فعل,8775,entries/0851-0969.md,entry-0923
مورد تحمیل قرار گرفتن,مورد تحمیل قرار گرفتن,598,اکراه,فعل,5610,entries/0544-0650.md,entry-0598
مورد تمسخر,مورد تمسخر,851,تمسخر,صفت,8081,entries/0851-0969.md,entry-0851
مورد خاص,مورد خاص,15,تفاوت . تمیز,اسم,161,entries/0001-0090.md,entry-0015
مورد داشتن,مورد داشتن,1,وجود (هستی),فعل,31,entries/0001-0090.md,entry-0001
مورد دعوا,مورد دعوا,709,مناقشه,اسم,6705,entries/0651-0741.md,entry-0709
مورد رشک,مورد رشک,911,حسادت,صفت,8652,entries/0851-0969.md,entry-0911
مورد سؤال,مورد سؤال,452,موضوع,صفت,4173,entries/0438-0543.md,entry-0452
مورد سؤال,مورد سؤال,459,پرسش,اسم,4247,entries/0438-0543.md,entry-0459
مورد سوأل بودن,مورد سوأل بودن,459,پرسش,فعل,4259,entries/0438-0543.md,entry-0459
مورد ظلم قرار گرفتن,مورد ظلم قرار گرفتن,935,بی‌گناهی,فعل,8892,entries/0851-0969.md,entry-0935
مورد ظلم قراردادن,مورد ظلم قراردادن,481,عدم تشخیص . تعصب,فعل,4496,entries/0438-0543.md,entry-0481
مورد ظلم قراردادن,مورد ظلم قراردادن,645,بدی: صفات بد انسان,فعل,6068,entries/0544-0650.md,entry-0645
مورد ظلم قراردادن,مورد ظلم قراردادن,916,فقدان حق,فعل,8705,entries/0851-0969.md,entry-0916
مورد ظلم قراردادن,مورد ظلم قراردادن,927,حمایت,فعل,8818,entries/0851-0969.md,entry-0927
مورد علاقه,مورد علاقه,887,عشق,صفت,8439,entries/0851-0969.md,entry-0887
مورد عمل قرار گرفتن,مورد عمل قرار گرفتن,175,انفعال 175#,فعل,1659,entries/0091-0193.md,entry-0175
مورد غفلت واقع‌شده,مورد غفلت واقع‌شده,458,غفلت . بی‌دقتی,صفت,4236,entries/0438-0543.md,entry-0458
مورد غفلت واقع‌شده,مورد غفلت واقع‌شده,779,عدم نگهداری,صفت,7389,entries/0742-0850.md,entry-0779
مورد غفلت واقع‌شده ◄ واگذاشته,مورد غفلت واقع‌شده ◄ واگذاشته,458,غفلت . بی‌دقتی,قید,4241,entries/0438-0543.md,entry-0458
مورد قبول واقع شدن,مورد قبول واقع شدن,485,باور,فعل,4534,entries/0438-0543.md,entry-0485
مورد قبول واقع شدن,مورد قبول واقع شدن,758,تأیید . رضایت,فعل,7199,entries/0742-0850.md,entry-0758
مورد نظر بودن,مورد نظر بودن,480,تشخیص . استنتاج 480#,فعل,4481,entries/0438-0543.md,entry-0480
مورد نیاز,مورد نیاز,156,علیت . علت 156#,صفت,1456,entries/0091-0193.md,entry-0156
مورد نیاز,مورد نیاز,596,جبر . وجوب,صفت,5590,entries/0544-0650.md,entry-0596
مورد نیاز,مورد نیاز,638,اهمیت,صفت,6002,entries/0544-0650.md,entry-0638
مورد وثوق بودن,مورد وثوق بودن,494,حقیقت,فعل,4623,entries/0438-0543.md,entry-0494
مورد پسند,مورد پسند,887,عشق,صفت,8439,entries/0851-0969.md,entry-0887
مورد گمان,مورد گمان,486,ناباوری . شک,اسم,4539,entries/0438-0543.md,entry-0486
مورداحتیاج,مورداحتیاج,627,نیاز,صفت,5901,entries/0544-0650.md,entry-0627
مورداختلاف,مورداختلاف,766,مفاد,صفت,7258,entries/0742-0850.md,entry-0766
موردظلم قراردادن,موردظلم قراردادن,914,ناحق . ناراستی,فعل,8682,entries/0851-0969.md,entry-0914
موردنظر,موردنظر,605,انتخاب,صفت,5668,entries/0544-0650.md,entry-0605
موردنیاز,موردنیاز,627,نیاز,صفت,5901,entries/0544-0650.md,entry-0627
موردنیاز,موردنیاز,642,مصلحت,صفت,6039,entries/0544-0650.md,entry-0642
موردی,موردی,609,خودجوشی,صفت,5704,entries/0544-0650.md,entry-0609
موردی,موردی,670,فقدان آمادگی 670#,صفت,6353,entries/0651-0741.md,entry-0670
مورفولوژی,مورفولوژی,243,شکل 243#,اسم,2337,entries/0194-0301.md,entry-0243
مورفین,مورفین,375,بی‌حسی فیزیکی,اسم,3561,entries/0302-0437.md,entry-0375
مورفین,مورفین,658,درمان,اسم,6223,entries/0651-0741.md,entry-0658
مورمور,مورمور,378,تماس . لمس . لامسه,اسم,3590,entries/0302-0437.md,entry-0378
موروثی,موروثی,5,عرضیت,صفت,70,entries/0001-0090.md,entry-0005
موروثی,موروثی,157,معلول 157#,صفت,1467,entries/0091-0193.md,entry-0157
موروثی,موروثی,771,اکتساب,صفت,7311,entries/0742-0850.md,entry-0771
موروثی,موروثی,777,دارایی . مِلک 777#,صفت,7370,entries/0742-0850.md,entry-0777
موروثی,موروثی,779,عدم نگهداری,صفت,7389,entries/0742-0850.md,entry-0779
مورچه,مورچه,33,کوچکی,اسم,336,entries/0001-0090.md,entry-0033
مورچه,مورچه,163,ضعف,اسم,1539,entries/0091-0193.md,entry-0163
مورچه,مورچه,196,خُردی,اسم,1895,entries/0194-0301.md,entry-0196
مورچه,مورچه,365,حیوانات,اسم,3466,entries/0302-0437.md,entry-0365
موریانه,موریانه,33,کوچکی,اسم,336,entries/0001-0090.md,entry-0033
موریانه,موریانه,365,حیوانات,اسم,3466,entries/0302-0437.md,entry-0365
موز,موز,301,غذا: خوردن و نوشیدن,اسم,2893,entries/0194-0301.md,entry-0301
موزائیک,موزائیک,226,پوشش,اسم,2174,entries/0194-0301.md,entry-0226
موزاییک,موزاییک,258,صافی (صاف بودن) 258#,اسم,2471,entries/0194-0301.md,entry-0258
موزاییک,موزاییک,631,مواد,اسم,5940,entries/0544-0650.md,entry-0631
موزه,موزه,164,تولید . آفرینش,اسم,1551,entries/0091-0193.md,entry-0164
موزه,موزه,522,تجلی,اسم,4895,entries/0438-0543.md,entry-0522
موزه,موزه,553,نقاشی,اسم,5215,entries/0544-0650.md,entry-0553
موزه,موزه,632,انبار,اسم,5948,entries/0544-0650.md,entry-0632
موزه,موزه,837,سرگرمی,اسم,7924,entries/0742-0850.md,entry-0837
موزون,موزون,245,تقارن,صفت,2352,entries/0194-0301.md,entry-0245
موزون,موزون,410,آهنگ . ملودی: صدای هنجار 410#,صفت,3819,entries/0302-0437.md,entry-0410
موزون,موزون,575,ظرافت کلام,صفت,5368,entries/0544-0650.md,entry-0575
موزون,موزون,593,شعر و نثر,صفت,5520,entries/0544-0650.md,entry-0593
موستان,موستان,370,کشاورزی 370#,اسم,3514,entries/0302-0437.md,entry-0370
موسسۀ تبلیغاتی,موسسۀ تبلیغاتی,528,نشر,اسم,4976,entries/0438-0543.md,entry-0528
موسسۀ تحقیقاتی,موسسۀ تحقیقاتی,490,دانش . دانایی 490#,اسم,4585,entries/0438-0543.md,entry-0490
موسسۀ غیرانتفاعی,موسسۀ غیرانتفاعی,708,گروه اجتماعی,اسم,6691,entries/0651-0741.md,entry-0708
موسسۀ مالی و اعتباری,موسسۀ مالی و اعتباری,784,اعطای وام . قرض دادن,اسم,7435,entries/0742-0850.md,entry-0784
موسفید,موسفید,131,پیری . عمر,اسم,1215,entries/0091-0193.md,entry-0131
موسم,موسم,108,زمان 108#,اسم,1014,entries/0091-0193.md,entry-0108
موسم,موسم,110,دوره: زمان معین 110#,اسم,1033,entries/0091-0193.md,entry-0110
موسم,موسم,141,دوره‌ای بودن: نظم دروقوع و تکرار آن,اسم,1302,entries/0091-0193.md,entry-0141
موسم گل,موسم گل,128,صبح . بهار . تابستان,اسم,1187,entries/0091-0193.md,entry-0128
موسمی,موسمی,110,دوره: زمان معین 110#,صفت,1035,entries/0091-0193.md,entry-0110
موسوم,موسوم,561,نام‌گذاری,صفت,5276,entries/0544-0650.md,entry-0561
موسی,موسی,975,وحی . پیامبر,اسم,9213,entries/0970-0991.md,entry-0975
موسیاه,موسیاه,428,سیاه,صفت,3974,entries/0302-0437.md,entry-0428
موسیر,موسیر,301,غذا: خوردن و نوشیدن,اسم,2895,entries/0194-0301.md,entry-0301
موسیقایی,موسیقایی,412,موسیقی,صفت,3838,entries/0302-0437.md,entry-0412
موسیقی,موسیقی,56,دربر گرفتن,اسم,569,entries/0001-0090.md,entry-0056
موسیقی,موسیقی,164,تولید . آفرینش,اسم,1549,entries/0091-0193.md,entry-0164
موسیقی,موسیقی,398,صدا,اسم,3739,entries/0302-0437.md,entry-0398
موسیقی,موسیقی,410,آهنگ . ملودی: صدای هنجار 410#,اسم,3811,entries/0302-0437.md,entry-0410
موسیقی,موسیقی,594,تئاتر,اسم,5525,entries/0544-0650.md,entry-0594
موسیقی,موسیقی,725,تکمیل . اجرا,اسم,6883,entries/0651-0741.md,entry-0725
موسیقی آوازی,موسیقی آوازی,408,فریاد انسان,اسم,3798,entries/0302-0437.md,entry-0408
موسیقی آوازی,موسیقی آوازی,410,آهنگ . ملودی: صدای هنجار 410#,اسم,3811,entries/0302-0437.md,entry-0410
موسیقی آوازی,موسیقی آوازی,412,موسیقی,اسم,3832,entries/0302-0437.md,entry-0412
موسیقی رقص,موسیقی رقص,412,موسیقی,اسم,3835,entries/0302-0437.md,entry-0412
موسیقی سنتی,موسیقی سنتی,412,موسیقی,اسم,3832,entries/0302-0437.md,entry-0412
موسیقی نواختن,موسیقی نواختن,410,آهنگ . ملودی: صدای هنجار 410#,فعل,3822,entries/0302-0437.md,entry-0410
موسیقی کوچه‌باغی,موسیقی کوچه‌باغی,412,موسیقی,اسم,3832,entries/0302-0437.md,entry-0412
موسیقی: آهنگسازی,موسیقی: آهنگسازی,412,موسیقی,اسم,3832,entries/0302-0437.md,entry-0412
موسیقی‌دان,موسیقی‌دان,410,آهنگ . ملودی: صدای هنجار 410#,اسم,3811,entries/0302-0437.md,entry-0410
موسیقی‌دان,موسیقی‌دان,413,موسیقی‌دان,اسم,3842,entries/0302-0437.md,entry-0413
موسیقی‌دان,موسیقی‌دان,414,ساز,اسم,3846,entries/0302-0437.md,entry-0414
موسیقی‌دان,موسیقی‌دان,556,هنرمند,اسم,5234,entries/0544-0650.md,entry-0556
موش,موش,86,شمارش,اسم,875,entries/0001-0090.md,entry-0086
موش,موش,365,حیوانات,اسم,3456,entries/0302-0437.md,entry-0365
موش دواندن,موش دواندن,738,سرپیچی . عصیان,فعل,7029,entries/0651-0741.md,entry-0738
موشواره,موشواره,86,شمارش,اسم,875,entries/0001-0090.md,entry-0086
موشک,موشک,276,هواپیما,اسم,2658,entries/0194-0301.md,entry-0276
موشک,موشک,287,رانش,اسم,2753,entries/0194-0301.md,entry-0287
موشک,موشک,308,صعود: بالا رفتن,اسم,2970,entries/0302-0437.md,entry-0308
موشک,موشک,321,کیهان,اسم,3094,entries/0302-0437.md,entry-0321
موشک,موشک,723,سلاح,اسم,6856,entries/0651-0741.md,entry-0723
موشکافی,موشکافی,455,توجه,اسم,4196,entries/0438-0543.md,entry-0455
موشکافی,موشکافی,457,مراقبت . دقت,اسم,4221,entries/0438-0543.md,entry-0457
موشکی,موشکی,276,هواپیما,صفت,2659,entries/0194-0301.md,entry-0276
موشکی,موشکی,287,رانش,صفت,2755,entries/0194-0301.md,entry-0287
موش‌وگربه,موش‌وگربه,519,استعاره,اسم,4861,entries/0438-0543.md,entry-0519
موش‌وگربه,موش‌وگربه,704,ضدیت . تقابل,اسم,6662,entries/0651-0741.md,entry-0704
موصوف,موصوف,7,حالت: وضعیت مطلق,صفت,87,entries/0001-0090.md,entry-0007
موصی,موصی,781,دهش,اسم,7409,entries/0742-0850.md,entry-0781
موصی‌به,موصی‌به,777,دارایی . مِلک 777#,اسم,7369,entries/0742-0850.md,entry-0777
موصی‌به,موصی‌به,780,انتقال ملک 780#,اسم,7398,entries/0742-0850.md,entry-0780
موصی‌له,موصی‌له,776,مالک,اسم,7362,entries/0742-0850.md,entry-0776
موضع,موضع,185,محل: فضای محدود,اسم,1754,entries/0091-0193.md,entry-0185
موضع,موضع,186,موقعیت,اسم,1759,entries/0091-0193.md,entry-0186
موضعی,موضعی,375,بی‌حسی فیزیکی,اسم,3561,entries/0302-0437.md,entry-0375
موضع‌گیری,موضع‌گیری,704,ضدیت . تقابل,اسم,6661,entries/0651-0741.md,entry-0704
موضوع,موضوع,5,عرضیت,اسم,65,entries/0001-0090.md,entry-0005
موضوع,موضوع,23,سرمشق,اسم,227,entries/0001-0090.md,entry-0023
موضوع,موضوع,154,رویداد 154#,اسم,1423,entries/0091-0193.md,entry-0154
موضوع,موضوع,175,انفعال 175#,اسم,1656,entries/0091-0193.md,entry-0175
موضوع,موضوع,452,موضوع,اسم,4172,entries/0438-0543.md,entry-0452
موضوع,موضوع,514,معنی,اسم,4818,entries/0438-0543.md,entry-0514
موضوع,موضوع,590,روایت . شرح . وصف 590#,اسم,5485,entries/0544-0650.md,entry-0590
موضوع,موضوع,593,شعر و نثر,اسم,5514,entries/0544-0650.md,entry-0593
موضوع,موضوع,638,اهمیت,اسم,6000,entries/0544-0650.md,entry-0638
موضوع,موضوع,766,مفاد,اسم,7257,entries/0742-0850.md,entry-0766
موضوع بحث,موضوع بحث,452,موضوع,اسم,4172,entries/0438-0543.md,entry-0452
موضوع تحقیر,موضوع تحقیر,867,بدنامی,اسم,8236,entries/0851-0969.md,entry-0867
موضوع دادخواهی,موضوع دادخواهی,959,دادخواهی,اسم,9074,entries/0851-0969.md,entry-0959
موضوع در قضیه: محکوم‌به,موضوع در قضیه: محکوم‌به,475,استدلال . تعقل,اسم,4423,entries/0438-0543.md,entry-0475
موضوع دعوی,موضوع دعوی,959,دادخواهی,اسم,9074,entries/0851-0969.md,entry-0959
موضوع شکار,موضوع شکار,619,پیگیری,اسم,5821,entries/0544-0650.md,entry-0619
موضوع قرارداد,موضوع قرارداد,766,مفاد,اسم,7257,entries/0742-0850.md,entry-0766
موضوع مربوط,موضوع مربوط,9,رابطه . ربط,اسم,108,entries/0001-0090.md,entry-0009
موضوع مورد اختلاف,موضوع مورد اختلاف,489,نظر مخالف,اسم,4569,entries/0438-0543.md,entry-0489
موضوع مورد توافق,موضوع مورد توافق,488,نظر موافق,اسم,4556,entries/0438-0543.md,entry-0488
موضوع کتاب,موضوع کتاب,589,کتاب,اسم,5472,entries/0544-0650.md,entry-0589
موضوع کنجکاوی,موضوع کنجکاوی,453,کنجکاوی: میل به‌دانش,اسم,4183,entries/0438-0543.md,entry-0453
موضوعات,موضوعات,452,موضوع,اسم,4172,entries/0438-0543.md,entry-0452
موضوعات فقه: قضا,موضوعات فقه: قضا,953,قانونیت,اسم,9027,entries/0851-0969.md,entry-0953
موضوعات پرستش,موضوعات پرستش,966,موضوعات پرستش,اسم,9150,entries/0851-0969.md,entry-0966
موضوعات پرستش,موضوعات پرستش,982,بت‌پرستی,اسم,9289,entries/0970-0991.md,entry-0982
موطن,موطن,156,علیت . علت 156#,اسم,1454,entries/0091-0193.md,entry-0156
موطن,موطن,184,منطقه: فضای معین,اسم,1747,entries/0091-0193.md,entry-0184
موطن,موطن,192,منزل: محل سکنا یا زندگی,اسم,1815,entries/0091-0193.md,entry-0192
موظف,موظف,460,پاسخ 460#,صفت,4267,entries/0438-0543.md,entry-0460
موظف,موظف,917,وظیفه,صفت,8713,entries/0851-0969.md,entry-0917
موظف,موظف,933,پرهیزگاری,صفت,8871,entries/0851-0969.md,entry-0933
موظف کردن,موظف کردن,917,وظیفه,فعل,8719,entries/0851-0969.md,entry-0917
موعد,موعد,110,دوره: زمان معین 110#,اسم,1033,entries/0091-0193.md,entry-0110
موعد,موعد,137,سرموقع,اسم,1261,entries/0091-0193.md,entry-0137
موعد,موعد,141,دوره‌ای بودن: نظم دروقوع و تکرار آن,اسم,1302,entries/0091-0193.md,entry-0141
موعدرسیده,موعدرسیده,803,بدهکاری,صفت,7594,entries/0742-0850.md,entry-0803
موعدش نرسیده بودن,موعدش نرسیده بودن,670,فقدان آمادگی 670#,فعل,6354,entries/0651-0741.md,entry-0670
موعدش گذشته بودن,موعدش گذشته بودن,670,فقدان آمادگی 670#,فعل,6354,entries/0651-0741.md,entry-0670
موعظه,موعظه,534,آموزش,اسم,5036,entries/0438-0543.md,entry-0534
موعظه,موعظه,579,سخن,اسم,5392,entries/0544-0650.md,entry-0579
موعظه,موعظه,583,خطابه,اسم,5422,entries/0544-0650.md,entry-0583
موعظه,موعظه,691,مشورت,اسم,6539,entries/0651-0741.md,entry-0691
موعظه,موعظه,988,مراسم مذهبی,اسم,9338,entries/0970-0991.md,entry-0988
موعظه کردن,موعظه کردن,534,آموزش,فعل,5039,entries/0438-0543.md,entry-0534
موعظه کردن,موعظه کردن,924,سرزنش . تقبیح,فعل,8790,entries/0851-0969.md,entry-0924
موعظه‌آمیز,موعظه‌آمیز,534,آموزش,صفت,5037,entries/0438-0543.md,entry-0534
موعظه‌آمیز,موعظه‌آمیز,583,خطابه,صفت,5423,entries/0544-0650.md,entry-0583
موعود,موعود,60,نظم 60#,صفت,611,entries/0001-0090.md,entry-0060
موعود,موعود,124,آینده,صفت,1139,entries/0091-0193.md,entry-0124
موعود,موعود,155,وقایع آتی,صفت,1436,entries/0091-0193.md,entry-0155
موعود,موعود,532,اظهار . تأکید . سوگند,صفت,5016,entries/0438-0543.md,entry-0532
موعود,موعود,608,ازپیش تعیین‌شدگی,صفت,5697,entries/0544-0650.md,entry-0608
موعود,موعود,764,قول,صفت,7244,entries/0742-0850.md,entry-0764
موفق,موفق,34,برتری,صفت,347,entries/0001-0090.md,entry-0034
موفق,موفق,160,توان 160#,صفت,1503,entries/0091-0193.md,entry-0160
موفق,موفق,162,قدرت,صفت,1526,entries/0091-0193.md,entry-0162
موفق,موفق,178,تأثیر,صفت,1690,entries/0091-0193.md,entry-0178
موفق,موفق,306,زیاده‌روی . فزونی (حرکت فراتر),صفت,2952,entries/0302-0437.md,entry-0306
موفق,موفق,668,نجات,صفت,6326,entries/0651-0741.md,entry-0668
موفق,موفق,727,موفقیت,صفت,6901,entries/0651-0741.md,entry-0727
موفق,موفق,730,خوشبختی 730#,صفت,6932,entries/0651-0741.md,entry-0730
موفق بودن,موفق بودن,34,برتری,فعل,349,entries/0001-0090.md,entry-0034
موفق بودن,موفق بودن,162,قدرت,فعل,1531,entries/0091-0193.md,entry-0162
موفق بودن,موفق بودن,727,موفقیت,فعل,6904,entries/0651-0741.md,entry-0727
موفق شدن,موفق شدن,54,کامل 54#,فعل,555,entries/0001-0090.md,entry-0054
موفق شدن,موفق شدن,154,رویداد 154#,فعل,1429,entries/0091-0193.md,entry-0154
موفق شدن,موفق شدن,306,زیاده‌روی . فزونی (حرکت فراتر),فعل,2954,entries/0302-0437.md,entry-0306
موفق شدن,موفق شدن,725,تکمیل . اجرا,فعل,6886,entries/0651-0741.md,entry-0725
موفق شدن,موفق شدن,727,موفقیت,فعل,6903,entries/0651-0741.md,entry-0727
موفق شدن,موفق شدن,730,خوشبختی 730#,فعل,6934,entries/0651-0741.md,entry-0730
موفق شدن,موفق شدن,852,امید . آرزو,فعل,8092,entries/0851-0969.md,entry-0852
موفق نشدن,موفق نشدن,2,عدم (نیستی),فعل,44,entries/0001-0090.md,entry-0002
موفق نشدن,موفق نشدن,307,کاستی . نارسایی . کسری (حرکت نیمه‌تمام) 307,فعل,2963,entries/0302-0437.md,entry-0307
موفق نشدن,موفق نشدن,458,غفلت . بی‌دقتی,فعل,4237,entries/0438-0543.md,entry-0458
موفق نشدن,موفق نشدن,509,نامرادی: برآورده نشدن انتظارات,فعل,4763,entries/0438-0543.md,entry-0509
موفق نشدن,موفق نشدن,607,ردّ . عدم انتخاب,فعل,5691,entries/0544-0650.md,entry-0607
موفق نشدن,موفق نشدن,670,فقدان آمادگی 670#,فعل,6354,entries/0651-0741.md,entry-0670
موفق نشدن,موفق نشدن,721,تسلیم,فعل,6827,entries/0651-0741.md,entry-0721
موفق نشدن,موفق نشدن,726,عدم تکمیل,فعل,6893,entries/0651-0741.md,entry-0726
موفق نشدن,موفق نشدن,728,شکست: عجز درانجام,فعل,6919,entries/0651-0741.md,entry-0728
موفق نشدن,موفق نشدن,772,خسران . باخت,فعل,7323,entries/0742-0850.md,entry-0772
موفق نشدن,موفق نشدن,834,افسردگی . وقار,فعل,7892,entries/0742-0850.md,entry-0834
موفقیت,موفقیت,34,برتری,اسم,344,entries/0001-0090.md,entry-0034
موفقیت,موفقیت,69,پایان,اسم,701,entries/0001-0090.md,entry-0069
موفقیت,موفقیت,173,عاملیت,اسم,1632,entries/0091-0193.md,entry-0173
موفقیت,موفقیت,295,ورود,اسم,2805,entries/0194-0301.md,entry-0295
موفقیت,موفقیت,306,زیاده‌روی . فزونی (حرکت فراتر),اسم,2951,entries/0302-0437.md,entry-0306
موفقیت,موفقیت,676,عمل,اسم,6407,entries/0651-0741.md,entry-0676
موفقیت,موفقیت,725,تکمیل . اجرا,اسم,6882,entries/0651-0741.md,entry-0725
موفقیت,موفقیت,727,موفقیت,اسم,6899,entries/0651-0741.md,entry-0727
موفقیت,موفقیت,730,خوشبختی 730#,اسم,6930,entries/0651-0741.md,entry-0730
موفقیت,موفقیت,786,اخذ . گرفتن,اسم,7453,entries/0742-0850.md,entry-0786
موفقیت,موفقیت,866,خوش‌نامی,اسم,8221,entries/0851-0969.md,entry-0866
موفقیت کامل,موفقیت کامل,54,کامل 54#,اسم,550,entries/0001-0090.md,entry-0054
موقت,موقت,114,زودگذری,صفت,1066,entries/0091-0193.md,entry-0114
موقت,موقت,150,جایگزینی: گذاشتن چیزی درجای دیگری,صفت,1386,entries/0091-0193.md,entry-0150
موقت,موقت,307,کاستی . نارسایی . کسری (حرکت نیمه‌تمام) 307,صفت,2962,entries/0302-0437.md,entry-0307
موقت,موقت,894,ازدواج,اسم,8503,entries/0851-0969.md,entry-0894
موقتاً,موقتاً,112,فعلاً: زمان مشروط,قید,1050,entries/0091-0193.md,entry-0112
موقتی,موقتی,112,فعلاً: زمان مشروط,صفت,1049,entries/0091-0193.md,entry-0112
موقتی,موقتی,114,زودگذری,صفت,1067,entries/0091-0193.md,entry-0114
موقتی,موقتی,143,تغییر و تحول 143#,صفت,1323,entries/0091-0193.md,entry-0143
موقتی,موقتی,150,جایگزینی: گذاشتن چیزی درجای دیگری,صفت,1386,entries/0091-0193.md,entry-0150
موقتی,موقتی,307,کاستی . نارسایی . کسری (حرکت نیمه‌تمام) 307,صفت,2962,entries/0302-0437.md,entry-0307
موقتی,موقتی,670,فقدان آمادگی 670#,صفت,6353,entries/0651-0741.md,entry-0670
موقتی,موقتی,766,مفاد,صفت,7258,entries/0742-0850.md,entry-0766
موقتی,موقتی,785,استقراض,صفت,7445,entries/0742-0850.md,entry-0785
موقر,موقر,177,ملایمت . میانه‌روی,صفت,1680,entries/0091-0193.md,entry-0177
موقر,موقر,834,افسردگی . وقار,صفت,7890,entries/0742-0850.md,entry-0834
موقر,موقر,875,فخرفروشی,صفت,8318,entries/0851-0969.md,entry-0875
موقر بودن,موقر بودن,502,عقل . سلامت عقل,فعل,4684,entries/0438-0543.md,entry-0502
موقع,موقع,8,شرایط: وضعیت نسبی,اسم,94,entries/0001-0090.md,entry-0008
موقع,موقع,27,درجه: مقدار نسبی,اسم,270,entries/0001-0090.md,entry-0027
موقع,موقع,108,زمان 108#,اسم,1014,entries/0091-0193.md,entry-0108
موقع,موقع,110,دوره: زمان معین 110#,اسم,1033,entries/0091-0193.md,entry-0110
موقع,موقع,137,سرموقع,اسم,1261,entries/0091-0193.md,entry-0137
موقع,موقع,141,دوره‌ای بودن: نظم دروقوع و تکرار آن,اسم,1302,entries/0091-0193.md,entry-0141
موقع,موقع,186,موقعیت,اسم,1759,entries/0091-0193.md,entry-0186
موقع روز,موقع روز,110,دوره: زمان معین 110#,اسم,1033,entries/0091-0193.md,entry-0110
موقعیت,موقعیت,7,حالت: وضعیت مطلق,اسم,84,entries/0001-0090.md,entry-0007
موقعیت,موقعیت,8,شرایط: وضعیت نسبی,اسم,93,entries/0001-0090.md,entry-0008
موقعیت,موقعیت,26,کمیت,اسم,262,entries/0001-0090.md,entry-0026
موقعیت,موقعیت,27,درجه: مقدار نسبی,اسم,270,entries/0001-0090.md,entry-0027
موقعیت,موقعیت,183,فضا 183#,اسم,1739,entries/0091-0193.md,entry-0183
موقعیت,موقعیت,185,محل: فضای محدود,اسم,1754,entries/0091-0193.md,entry-0185
موقعیت,موقعیت,186,موقعیت,اسم,1759,entries/0091-0193.md,entry-0186
موقعیت,موقعیت,733,اقتدار 733#,اسم,6964,entries/0651-0741.md,entry-0733
موقعیت جغرافیایی,موقعیت جغرافیایی,186,موقعیت,اسم,1759,entries/0091-0193.md,entry-0186
موقعیت خطیر,موقعیت خطیر,661,خطر,اسم,6266,entries/0651-0741.md,entry-0661
موقعیت داشتن,موقعیت داشتن,866,خوش‌نامی,فعل,8227,entries/0851-0969.md,entry-0866
موقعیت درصف,موقعیت درصف,9,رابطه . ربط,اسم,107,entries/0001-0090.md,entry-0009
موقعیت زمینی,موقعیت زمینی,8,شرایط: وضعیت نسبی,اسم,93,entries/0001-0090.md,entry-0008
موقعیت سوق الجیشی,موقعیت سوق الجیشی,34,برتری,اسم,345,entries/0001-0090.md,entry-0034
موقعیت شغلی ◄ اشتغال,موقعیت شغلی ◄ اشتغال,183,فضا 183#,اسم,1739,entries/0091-0193.md,entry-0183
موقعیت مخاطره‌آمیز,موقعیت مخاطره‌آمیز,661,خطر,اسم,6266,entries/0651-0741.md,entry-0661
موقعیت ناگوار (دشوار),موقعیت ناگوار (دشوار),700,دشواری 700#,اسم,6616,entries/0651-0741.md,entry-0700
