headword,normalized_headword,base_normalized_headword,aliases,record_id,record_type,verification_status,boundary_confidence,part,pdf_page,printed_page,file,anchor,source_pointer,entry_text_available
C and W,c and w,c and w,[],hz-004953,entry_candidate,raw_ocr,high,1,195,,dictionary/C/C-01.md,hz-004953-c-and-w,sources/Hezareh_Dictionary_Index/source/Hezareh_Part_01_PDF_0001-0250.md#L26814-L26816,True
c Ii max,c ii max,c ii max,[],hz-006314,entry_candidate,raw_ocr,hint_only,1,249,,dictionary/C/C-01.md,hz-006314-c-ii-max,sources/Hezareh_Dictionary_Index/source/Hezareh_Part_01_PDF_0001-0250.md#L33179-L33179,False
C of E,c of e,c of e,[],hz-006575,entry_candidate,raw_ocr,high,2,261,,dictionary/C/C-01.md,hz-006575-c-of-e,sources/Hezareh_Dictionary_Index/source/Hezareh_Part_02_PDF_0251-0500.md#L1455-L1458,True
C-in-C,c-in-c,c-in-c,[],hz-006040,entry_candidate,raw_ocr,high,1,237,,dictionary/C/C-01.md,hz-006040-c-in-c,sources/Hezareh_Dictionary_Index/source/Hezareh_Part_01_PDF_0001-0250.md#L31846-L31848,True
ca nape,ca nape,ca nape,[],hz-004928,entry_candidate,raw_ocr,hint_only,1,194,,dictionary/C/C-01.md,hz-004928-ca-nape,sources/Hezareh_Dictionary_Index/source/Hezareh_Part_01_PDF_0001-0250.md#L26674-L26674,False
ca refu I,ca refu i,ca refu i,[],hz-005130,entry_candidate,raw_ocr,hint_only,1,201,,dictionary/C/C-01.md,hz-005130-ca-refu-i,sources/Hezareh_Dictionary_Index/source/Hezareh_Part_01_PDF_0001-0250.md#L27484-L27484,False
ca' canny,ca' canny,ca' canny,[],hz-004694,entry_candidate,raw_ocr,high,1,185,,dictionary/C/C-01.md,hz-004694-ca-canny,sources/Hezareh_Dictionary_Index/source/Hezareh_Part_01_PDF_0001-0250.md#L25750-L25752,True
ca' canny,ca' canny,ca' canny,[],hz-004741,entry_candidate,raw_ocr,high,1,187,,dictionary/C/C-01.md,hz-004741-ca-canny,sources/Hezareh_Dictionary_Index/source/Hezareh_Part_01_PDF_0001-0250.md#L25924-L25925,True
cab,cab,cab,[],hz-004666,entry_candidate,raw_ocr,medium,1,185,,dictionary/C/C-01.md,hz-004666-cab,sources/Hezareh_Dictionary_Index/source/Hezareh_Part_01_PDF_0001-0250.md#L25653-L25656,True
cab,cab,cab,[],hz-004713,entry_candidate,raw_ocr,medium,1,187,,dictionary/C/C-01.md,hz-004713-cab,sources/Hezareh_Dictionary_Index/source/Hezareh_Part_01_PDF_0001-0250.md#L25863-L25864,True
cab-driver,cab-driver,cab-driver,[],hz-004671,entry_candidate,raw_ocr,high,1,185,,dictionary/C/C-01.md,hz-004671-cab-driver,sources/Hezareh_Dictionary_Index/source/Hezareh_Part_01_PDF_0001-0250.md#L25681-L25682,True
cab-driver,cab-driver,cab-driver,[],hz-004719,entry_candidate,raw_ocr,medium,1,187,,dictionary/C/C-01.md,hz-004719-cab-driver,sources/Hezareh_Dictionary_Index/source/Hezareh_Part_01_PDF_0001-0250.md#L25877-L25877,True
cab-rank,cab-rank,cab-rank,[],hz-004692,entry_candidate,raw_ocr,hint_only,1,185,,dictionary/C/C-01.md,hz-004692-cab-rank,sources/Hezareh_Dictionary_Index/source/Hezareh_Part_01_PDF_0001-0250.md#L25636-L25636,False
cab-rank,cab-rank,cab-rank,[],hz-004739,entry_candidate,raw_ocr,high,1,187,,dictionary/C/C-01.md,hz-004739-cab-rank,sources/Hezareh_Dictionary_Index/source/Hezareh_Part_01_PDF_0001-0250.md#L25922-L25922,True
cabal,cabal,cabal,[],hz-004667,entry_candidate,raw_ocr,high,1,185,,dictionary/C/C-01.md,hz-004667-cabal,sources/Hezareh_Dictionary_Index/source/Hezareh_Part_01_PDF_0001-0250.md#L25657-L25664,True
cabal,cabal,cabal,[],hz-004714,entry_candidate,raw_ocr,medium,1,187,,dictionary/C/C-01.md,hz-004714-cabal,sources/Hezareh_Dictionary_Index/source/Hezareh_Part_01_PDF_0001-0250.md#L25865-L25868,True
Cabaret,cabaret,cabaret,[],hz-004668,entry_candidate,raw_ocr,high,1,185,,dictionary/C/C-01.md,hz-004668-cabaret,sources/Hezareh_Dictionary_Index/source/Hezareh_Part_01_PDF_0001-0250.md#L25665-L25668,True
cabaret,cabaret,cabaret,[],hz-004715,entry_candidate,raw_ocr,medium,1,187,,dictionary/C/C-01.md,hz-004715-cabaret,sources/Hezareh_Dictionary_Index/source/Hezareh_Part_01_PDF_0001-0250.md#L25869-L25870,True
cabbage,cabbage,cabbage,[],hz-004669,entry_candidate,raw_ocr,medium,1,185,,dictionary/C/C-01.md,hz-004669-cabbage,sources/Hezareh_Dictionary_Index/source/Hezareh_Part_01_PDF_0001-0250.md#L25669-L25676,True
cabbage,cabbage,cabbage,[],hz-004716,entry_candidate,raw_ocr,medium,1,187,,dictionary/C/C-01.md,hz-004716-cabbage,sources/Hezareh_Dictionary_Index/source/Hezareh_Part_01_PDF_0001-0250.md#L25871-L25873,True
cabbie,cabbie,cabbie,[],hz-004717,entry_candidate,raw_ocr,high,1,187,,dictionary/C/C-01.md,hz-004717-cabbie,sources/Hezareh_Dictionary_Index/source/Hezareh_Part_01_PDF_0001-0250.md#L25874-L25874,True
cabby,cabby,cabby,[],hz-004670,entry_candidate,raw_ocr,low,1,185,,dictionary/C/C-01.md,hz-004670-cabby,sources/Hezareh_Dictionary_Index/source/Hezareh_Part_01_PDF_0001-0250.md#L25677-L25680,True
cabby,cabby,cabby,[],hz-004718,entry_candidate,raw_ocr,medium,1,187,,dictionary/C/C-01.md,hz-004718-cabby,sources/Hezareh_Dictionary_Index/source/Hezareh_Part_01_PDF_0001-0250.md#L25875-L25876,True
caber,caber,caber,[],hz-004672,entry_candidate,raw_ocr,high,1,185,,dictionary/C/C-01.md,hz-004672-caber,sources/Hezareh_Dictionary_Index/source/Hezareh_Part_01_PDF_0001-0250.md#L25683-L25686,True
caber,caber,caber,[],hz-004720,entry_candidate,raw_ocr,medium,1,187,,dictionary/C/C-01.md,hz-004720-caber,sources/Hezareh_Dictionary_Index/source/Hezareh_Part_01_PDF_0001-0250.md#L25878-L25883,True
cabin,cabin,cabin,[],hz-004673,entry_candidate,raw_ocr,high,1,185,,dictionary/C/C-01.md,hz-004673-cabin,sources/Hezareh_Dictionary_Index/source/Hezareh_Part_01_PDF_0001-0250.md#L25687-L25690,True
cabin,cabin,cabin,[],hz-004721,entry_candidate,raw_ocr,high,1,187,,dictionary/C/C-01.md,hz-004721-cabin,sources/Hezareh_Dictionary_Index/source/Hezareh_Part_01_PDF_0001-0250.md#L25884-L25885,True
cabin class,cabin class,cabin class,[],hz-004722,entry_candidate,raw_ocr,high,1,187,,dictionary/C/C-01.md,hz-004722-cabin-class,sources/Hezareh_Dictionary_Index/source/Hezareh_Part_01_PDF_0001-0250.md#L25884-L25885,True
cabin crew,cabin crew,cabin crew,[],hz-004675,entry_candidate,raw_ocr,high,1,185,,dictionary/C/C-01.md,hz-004675-cabin-crew,sources/Hezareh_Dictionary_Index/source/Hezareh_Part_01_PDF_0001-0250.md#L25699-L25702,True
cabin crew,cabin crew,cabin crew,[],hz-004723,entry_candidate,raw_ocr,high,1,187,,dictionary/C/C-01.md,hz-004723-cabin-crew,sources/Hezareh_Dictionary_Index/source/Hezareh_Part_01_PDF_0001-0250.md#L25886-L25887,True
cabin cruiser,cabin cruiser,cabin cruiser,[],hz-004676,entry_candidate,raw_ocr,high,1,185,,dictionary/C/C-01.md,hz-004676-cabin-cruiser,sources/Hezareh_Dictionary_Index/source/Hezareh_Part_01_PDF_0001-0250.md#L25703-L25704,True
cabin cruiser,cabin cruiser,cabin cruiser,[],hz-004724,entry_candidate,raw_ocr,medium,1,187,,dictionary/C/C-01.md,hz-004724-cabin-cruiser,sources/Hezareh_Dictionary_Index/source/Hezareh_Part_01_PDF_0001-0250.md#L25888-L25888,True
cabin-boy,cabin-boy,cabin-boy,[],hz-004674,entry_candidate,raw_ocr,high,1,185,,dictionary/C/C-01.md,hz-004674-cabin-boy,sources/Hezareh_Dictionary_Index/source/Hezareh_Part_01_PDF_0001-0250.md#L25691-L25698,True
cabinet,cabinet,cabinet,[],hz-004677,entry_candidate,raw_ocr,high,1,185,,dictionary/C/C-01.md,hz-004677-cabinet,sources/Hezareh_Dictionary_Index/source/Hezareh_Part_01_PDF_0001-0250.md#L25705-L25715,True
cabinet,cabinet,cabinet,[],hz-004725,entry_candidate,raw_ocr,medium,1,187,,dictionary/C/C-01.md,hz-004725-cabinet,sources/Hezareh_Dictionary_Index/source/Hezareh_Part_01_PDF_0001-0250.md#L25889-L25894,True
cabinet-maker,cabinet-maker,cabinet-maker,[],hz-004678,entry_candidate,raw_ocr,high,1,185,,dictionary/C/C-01.md,hz-004678-cabinet-maker,sources/Hezareh_Dictionary_Index/source/Hezareh_Part_01_PDF_0001-0250.md#L25716-L25728,True
cabinet-maker,cabinet-maker,cabinet-maker,[],hz-004748,entry_candidate,raw_ocr,high,1,187,,dictionary/C/C-01.md,hz-004748-cabinet-maker,sources/Hezareh_Dictionary_Index/source/Hezareh_Part_01_PDF_0001-0250.md#L25895-L25904,True
cable,cable,cable,[],hz-004679,entry_candidate,raw_ocr,high,1,185,,dictionary/C/C-01.md,hz-004679-cable,sources/Hezareh_Dictionary_Index/source/Hezareh_Part_01_PDF_0001-0250.md#L25737-L25737,True
cable,cable,cable,[],hz-004726,entry_candidate,raw_ocr,high,1,187,,dictionary/C/C-01.md,hz-004726-cable,sources/Hezareh_Dictionary_Index/source/Hezareh_Part_01_PDF_0001-0250.md#L25913-L25913,True
cable television,cable television,cable television,[],hz-004686,entry_candidate,raw_ocr,high,1,185,,dictionary/C/C-01.md,hz-004686-cable-television,sources/Hezareh_Dictionary_Index/source/Hezareh_Part_01_PDF_0001-0250.md#L25736-L25736,True
cable television,cable television,cable television,[],hz-004733,entry_candidate,raw_ocr,high,1,187,,dictionary/C/C-01.md,hz-004733-cable-television,sources/Hezareh_Dictionary_Index/source/Hezareh_Part_01_PDF_0001-0250.md#L25912-L25912,True
cable TV,cable tv,cable tv,[],hz-004687,entry_candidate,raw_ocr,high,1,185,,dictionary/C/C-01.md,hz-004687-cable-tv,sources/Hezareh_Dictionary_Index/source/Hezareh_Part_01_PDF_0001-0250.md#L25737-L25737,True
cable TV,cable tv,cable tv,[],hz-004734,entry_candidate,raw_ocr,high,1,187,,dictionary/C/C-01.md,hz-004734-cable-tv,sources/Hezareh_Dictionary_Index/source/Hezareh_Part_01_PDF_0001-0250.md#L25913-L25913,True
cable's-length,cable's-length,cable's-length,[],hz-004685,entry_candidate,raw_ocr,high,1,185,,dictionary/C/C-01.md,hz-004685-cable-s-length,sources/Hezareh_Dictionary_Index/source/Hezareh_Part_01_PDF_0001-0250.md#L25734-L25735,True
cable's-length,cable's-length,cable's-length,[],hz-004732,entry_candidate,raw_ocr,high,1,187,,dictionary/C/C-01.md,hz-004732-cable-s-length,sources/Hezareh_Dictionary_Index/source/Hezareh_Part_01_PDF_0001-0250.md#L25911-L25911,True
cable-car,cable-car,cable-car,[],hz-004680,entry_candidate,raw_ocr,hint_only,1,185,,dictionary/C/C-01.md,hz-004680-cable-car,sources/Hezareh_Dictionary_Index/source/Hezareh_Part_01_PDF_0001-0250.md#L25636-L25636,False
cable-car,cable-car,cable-car,[],hz-004727,entry_candidate,raw_ocr,high,1,187,,dictionary/C/C-01.md,hz-004727-cable-car,sources/Hezareh_Dictionary_Index/source/Hezareh_Part_01_PDF_0001-0250.md#L25905-L25905,True
cable-laying,cable-laying,cable-laying,[],hz-004682,entry_candidate,raw_ocr,hint_only,1,185,,dictionary/C/C-01.md,hz-004682-cable-laying,sources/Hezareh_Dictionary_Index/source/Hezareh_Part_01_PDF_0001-0250.md#L25636-L25636,False
cable-laying,cable-laying,cable-laying,[],hz-004729,entry_candidate,raw_ocr,high,1,187,,dictionary/C/C-01.md,hz-004729-cable-laying,sources/Hezareh_Dictionary_Index/source/Hezareh_Part_01_PDF_0001-0250.md#L25907-L25907,True
cable-length,cable-length,cable-length,[],hz-004683,entry_candidate,raw_ocr,low,1,185,,dictionary/C/C-01.md,hz-004683-cable-length,sources/Hezareh_Dictionary_Index/source/Hezareh_Part_01_PDF_0001-0250.md#L25734-L25735,True
cable-length,cable-length,cable-length,[],hz-004730,entry_candidate,raw_ocr,high,1,187,,dictionary/C/C-01.md,hz-004730-cable-length,sources/Hezareh_Dictionary_Index/source/Hezareh_Part_01_PDF_0001-0250.md#L25908-L25909,True
cable-railway,cable-railway,cable-railway,[],hz-004684,entry_candidate,raw_ocr,medium,1,185,,dictionary/C/C-01.md,hz-004684-cable-railway,sources/Hezareh_Dictionary_Index/source/Hezareh_Part_01_PDF_0001-0250.md#L25733-L25733,True
cable-railway,cable-railway,cable-railway,[],hz-004731,entry_candidate,raw_ocr,high,1,187,,dictionary/C/C-01.md,hz-004731-cable-railway,sources/Hezareh_Dictionary_Index/source/Hezareh_Part_01_PDF_0001-0250.md#L25910-L25910,True
cablegram,cablegram,cablegram,[],hz-004681,entry_candidate,raw_ocr,low,1,185,,dictionary/C/C-01.md,hz-004681-cablegram,sources/Hezareh_Dictionary_Index/source/Hezareh_Part_01_PDF_0001-0250.md#L25729-L25732,True
cablegram,cablegram,cablegram,[],hz-004728,entry_candidate,raw_ocr,high,1,187,,dictionary/C/C-01.md,hz-004728-cablegram,sources/Hezareh_Dictionary_Index/source/Hezareh_Part_01_PDF_0001-0250.md#L25906-L25906,True
cablevision,cablevision,cablevision,[],hz-004688,entry_candidate,raw_ocr,high,1,185,,dictionary/C/C-01.md,hz-004688-cablevision,sources/Hezareh_Dictionary_Index/source/Hezareh_Part_01_PDF_0001-0250.md#L25738-L25744,True
Cablevision,cablevision,cablevision,[],hz-004735,entry_candidate,raw_ocr,high,1,187,,dictionary/C/C-01.md,hz-004735-cablevision,sources/Hezareh_Dictionary_Index/source/Hezareh_Part_01_PDF_0001-0250.md#L25914-L25914,True
cabman,cabman,cabman,[],hz-004689,entry_candidate,raw_ocr,hint_only,1,185,,dictionary/C/C-01.md,hz-004689-cabman,sources/Hezareh_Dictionary_Index/source/Hezareh_Part_01_PDF_0001-0250.md#L25636-L25636,False
cabman,cabman,cabman,[],hz-004736,entry_candidate,raw_ocr,high,1,187,,dictionary/C/C-01.md,hz-004736-cabman,sources/Hezareh_Dictionary_Index/source/Hezareh_Part_01_PDF_0001-0250.md#L25915-L25917,True
caboodle,caboodle,caboodle,[],hz-004690,entry_candidate,raw_ocr,hint_only,1,185,,dictionary/C/C-01.md,hz-004690-caboodle,sources/Hezareh_Dictionary_Index/source/Hezareh_Part_01_PDF_0001-0250.md#L25636-L25636,False
caboodle,caboodle,caboodle,[],hz-004737,entry_candidate,raw_ocr,low,1,187,,dictionary/C/C-01.md,hz-004737-caboodle,sources/Hezareh_Dictionary_Index/source/Hezareh_Part_01_PDF_0001-0250.md#L25918-L25919,True
caboose,caboose,caboose,[],hz-004691,entry_candidate,raw_ocr,medium,1,185,,dictionary/C/C-01.md,hz-004691-caboose,sources/Hezareh_Dictionary_Index/source/Hezareh_Part_01_PDF_0001-0250.md#L25745-L25748,True
caboose,caboose,caboose,[],hz-004738,entry_candidate,raw_ocr,high,1,187,,dictionary/C/C-01.md,hz-004738-caboose,sources/Hezareh_Dictionary_Index/source/Hezareh_Part_01_PDF_0001-0250.md#L25920-L25921,True
cabstand,cabstand,cabstand,[],hz-004693,entry_candidate,raw_ocr,high,1,185,,dictionary/C/C-01.md,hz-004693-cabstand,sources/Hezareh_Dictionary_Index/source/Hezareh_Part_01_PDF_0001-0250.md#L25749-L25749,True
cabstand,cabstand,cabstand,[],hz-004740,entry_candidate,raw_ocr,high,1,187,,dictionary/C/C-01.md,hz-004740-cabstand,sources/Hezareh_Dictionary_Index/source/Hezareh_Part_01_PDF_0001-0250.md#L25923-L25923,True
cacao,cacao,cacao,[],hz-004695,entry_candidate,raw_ocr,high,1,185,,dictionary/C/C-01.md,hz-004695-cacao,sources/Hezareh_Dictionary_Index/source/Hezareh_Part_01_PDF_0001-0250.md#L25753-L25755,True
cacao,cacao,cacao,[],hz-004742,entry_candidate,raw_ocr,high,1,187,,dictionary/C/C-01.md,hz-004742-cacao,sources/Hezareh_Dictionary_Index/source/Hezareh_Part_01_PDF_0001-0250.md#L25926-L25927,True
cacao-bean,cacao-bean,cacao-bean,[],hz-004696,entry_candidate,raw_ocr,medium,1,185,,dictionary/C/C-01.md,hz-004696-cacao-bean,sources/Hezareh_Dictionary_Index/source/Hezareh_Part_01_PDF_0001-0250.md#L25756-L25756,True
cacao-bean,cacao-bean,cacao-bean,[],hz-004743,entry_candidate,raw_ocr,high,1,187,,dictionary/C/C-01.md,hz-004743-cacao-bean,sources/Hezareh_Dictionary_Index/source/Hezareh_Part_01_PDF_0001-0250.md#L25928-L25929,True
cacao-tree,cacao-tree,cacao-tree,[],hz-004697,entry_candidate,raw_ocr,high,1,185,,dictionary/C/C-01.md,hz-004697-cacao-tree,sources/Hezareh_Dictionary_Index/source/Hezareh_Part_01_PDF_0001-0250.md#L25757-L25757,True
cacao-tree,cacao-tree,cacao-tree,[],hz-004744,entry_candidate,raw_ocr,hint_only,1,187,,dictionary/C/C-01.md,hz-004744-cacao-tree,sources/Hezareh_Dictionary_Index/source/Hezareh_Part_01_PDF_0001-0250.md#L25850-L25850,False
cache,cache,cache,[],hz-004698,entry_candidate,raw_ocr,high,1,185,,dictionary/C/C-01.md,hz-004698-cache,sources/Hezareh_Dictionary_Index/source/Hezareh_Part_01_PDF_0001-0250.md#L25758-L25760,True
cache,cache,cache,[],hz-004745,entry_candidate,raw_ocr,high,1,187,,dictionary/C/C-01.md,hz-004745-cache,sources/Hezareh_Dictionary_Index/source/Hezareh_Part_01_PDF_0001-0250.md#L25930-L25931,True
cachet,cachet,cachet,[],hz-004699,entry_candidate,raw_ocr,high,1,185,,dictionary/C/C-01.md,hz-004699-cachet,sources/Hezareh_Dictionary_Index/source/Hezareh_Part_01_PDF_0001-0250.md#L25761-L25764,True
cachet,cachet,cachet,[],hz-004746,entry_candidate,raw_ocr,high,1,187,,dictionary/C/C-01.md,hz-004746-cachet,sources/Hezareh_Dictionary_Index/source/Hezareh_Part_01_PDF_0001-0250.md#L25932-L25939,True
cackle,cackle,cackle,[],hz-004700,entry_candidate,raw_ocr,medium,1,185,,dictionary/C/C-01.md,hz-004700-cackle,sources/Hezareh_Dictionary_Index/source/Hezareh_Part_01_PDF_0001-0250.md#L25765-L25769,True
cacklet'krekl,cacklet'krekl,cacklet'krekl,[],hz-004747,entry_candidate,raw_ocr,hint_only,1,187,,dictionary/C/C-01.md,hz-004747-cacklet-krekl,sources/Hezareh_Dictionary_Index/source/Hezareh_Part_01_PDF_0001-0250.md#L25850-L25850,False
cacophonous,cacophonous,cacophonous,[],hz-004749,entry_candidate,raw_ocr,medium,1,188,,dictionary/C/C-01.md,hz-004749-cacophonous,sources/Hezareh_Dictionary_Index/source/Hezareh_Part_01_PDF_0001-0250.md#L25957-L25958,True
cacophony,cacophony,cacophony,[],hz-004750,entry_candidate,raw_ocr,medium,1,188,,dictionary/C/C-01.md,hz-004750-cacophony,sources/Hezareh_Dictionary_Index/source/Hezareh_Part_01_PDF_0001-0250.md#L25959-L25961,True
cacti,cacti,cacti,[],hz-004751,entry_candidate,raw_ocr,high,1,188,,dictionary/C/C-01.md,hz-004751-cacti,sources/Hezareh_Dictionary_Index/source/Hezareh_Part_01_PDF_0001-0250.md#L25962-L25962,True
cactus,cactus,cactus,[],hz-004752,entry_candidate,raw_ocr,medium,1,188,,dictionary/C/C-01.md,hz-004752-cactus,sources/Hezareh_Dictionary_Index/source/Hezareh_Part_01_PDF_0001-0250.md#L25963-L25964,True
cad,cad,cad,[],hz-004753,entry_candidate,raw_ocr,high,1,188,,dictionary/C/C-01.md,hz-004753-cad,sources/Hezareh_Dictionary_Index/source/Hezareh_Part_01_PDF_0001-0250.md#L25965-L25966,True
CAD,cad,cad,[],hz-004754,entry_candidate,raw_ocr,high,1,188,,dictionary/C/C-01.md,hz-004754-cad,sources/Hezareh_Dictionary_Index/source/Hezareh_Part_01_PDF_0001-0250.md#L25965-L25966,True
cadaver,cadaver,cadaver,[],hz-004755,entry_candidate,raw_ocr,high,1,188,,dictionary/C/C-01.md,hz-004755-cadaver,sources/Hezareh_Dictionary_Index/source/Hezareh_Part_01_PDF_0001-0250.md#L25967-L25968,True
cadaverous,cadaverous,cadaverous,[],hz-004756,entry_candidate,raw_ocr,medium,1,188,,dictionary/C/C-01.md,hz-004756-cadaverous,sources/Hezareh_Dictionary_Index/source/Hezareh_Part_01_PDF_0001-0250.md#L25969-L25970,True
caddie,caddie,caddie,[],hz-004757,entry_candidate,raw_ocr,high,1,188,,dictionary/C/C-01.md,hz-004757-caddie,sources/Hezareh_Dictionary_Index/source/Hezareh_Part_01_PDF_0001-0250.md#L25971-L25971,True
caddish,caddish,caddish,[],hz-004758,entry_candidate,raw_ocr,medium,1,188,,dictionary/C/C-01.md,hz-004758-caddish,sources/Hezareh_Dictionary_Index/source/Hezareh_Part_01_PDF_0001-0250.md#L25972-L25975,True
caddy,caddy,caddy,[],hz-004759,entry_candidate,raw_ocr,medium,1,188,,dictionary/C/C-01.md,hz-004759-caddy,sources/Hezareh_Dictionary_Index/source/Hezareh_Part_01_PDF_0001-0250.md#L25976-L25976,True
cadence,cadence,cadence,[],hz-004760,entry_candidate,raw_ocr,medium,1,188,,dictionary/C/C-01.md,hz-004760-cadence,sources/Hezareh_Dictionary_Index/source/Hezareh_Part_01_PDF_0001-0250.md#L25977-L25978,True
cadenza,cadenza,cadenza,[],hz-004761,entry_candidate,raw_ocr,medium,1,188,,dictionary/C/C-01.md,hz-004761-cadenza,sources/Hezareh_Dictionary_Index/source/Hezareh_Part_01_PDF_0001-0250.md#L25979-L25979,True
cadet,cadet,cadet,[],hz-004762,entry_candidate,raw_ocr,medium,1,188,,dictionary/C/C-01.md,hz-004762-cadet,sources/Hezareh_Dictionary_Index/source/Hezareh_Part_01_PDF_0001-0250.md#L25980-L25983,True
cadge,cadge,cadge,[],hz-004775,entry_candidate,raw_ocr,medium,1,188,,dictionary/C/C-01.md,hz-004775-cadge,sources/Hezareh_Dictionary_Index/source/Hezareh_Part_01_PDF_0001-0250.md#L25984-L25984,True
cadger,cadger,cadger,[],hz-004776,entry_candidate,raw_ocr,medium,1,188,,dictionary/C/C-01.md,hz-004776-cadger,sources/Hezareh_Dictionary_Index/source/Hezareh_Part_01_PDF_0001-0250.md#L25985-L25985,True
cadmium,cadmium,cadmium,[],hz-004777,entry_candidate,raw_ocr,medium,1,188,,dictionary/C/C-01.md,hz-004777-cadmium,sources/Hezareh_Dictionary_Index/source/Hezareh_Part_01_PDF_0001-0250.md#L25986-L25986,True
cadre,cadre,cadre,[],hz-004778,entry_candidate,raw_ocr,medium,1,188,,dictionary/C/C-01.md,hz-004778-cadre,sources/Hezareh_Dictionary_Index/source/Hezareh_Part_01_PDF_0001-0250.md#L25987-L25990,True
Caesarean,caesarean,caesarean,[],hz-004779,entry_candidate,raw_ocr,high,1,188,,dictionary/C/C-01.md,hz-004779-caesarean,sources/Hezareh_Dictionary_Index/source/Hezareh_Part_01_PDF_0001-0250.md#L25991-L25992,True
Caesarean section,caesarean section,caesarean section,[],hz-004780,entry_candidate,raw_ocr,high,1,188,,dictionary/C/C-01.md,hz-004780-caesarean-section,sources/Hezareh_Dictionary_Index/source/Hezareh_Part_01_PDF_0001-0250.md#L25991-L25992,True
Caesarian,caesarian,caesarian,[],hz-004781,entry_candidate,raw_ocr,high,1,188,,dictionary/C/C-01.md,hz-004781-caesarian,sources/Hezareh_Dictionary_Index/source/Hezareh_Part_01_PDF_0001-0250.md#L25993-L25993,True
caesium,caesium,caesium,[],hz-004782,entry_candidate,raw_ocr,medium,1,188,,dictionary/C/C-01.md,hz-004782-caesium,sources/Hezareh_Dictionary_Index/source/Hezareh_Part_01_PDF_0001-0250.md#L25994-L26006,True
Cafe,cafe,cafe,[],hz-004783,entry_candidate,raw_ocr,hint_only,1,188,,dictionary/C/C-01.md,hz-004783-cafe,sources/Hezareh_Dictionary_Index/source/Hezareh_Part_01_PDF_0001-0250.md#L25943-L25943,False
Cafeteria,cafeteria,cafeteria,[],hz-004763,entry_candidate,raw_ocr,high,1,188,,dictionary/C/C-01.md,hz-004763-cafeteria,sources/Hezareh_Dictionary_Index/source/Hezareh_Part_01_PDF_0001-0250.md#L26007-L26007,True
caff,caff,caff,[],hz-004764,entry_candidate,raw_ocr,high,1,188,,dictionary/C/C-01.md,hz-004764-caff,sources/Hezareh_Dictionary_Index/source/Hezareh_Part_01_PDF_0001-0250.md#L26008-L26008,True
caffeine,caffeine,caffeine,[],hz-004765,entry_candidate,raw_ocr,high,1,188,,dictionary/C/C-01.md,hz-004765-caffeine,sources/Hezareh_Dictionary_Index/source/Hezareh_Part_01_PDF_0001-0250.md#L26009-L26010,True
caftan,caftan,caftan,[],hz-004766,entry_candidate,raw_ocr,high,1,188,,dictionary/C/C-01.md,hz-004766-caftan,sources/Hezareh_Dictionary_Index/source/Hezareh_Part_01_PDF_0001-0250.md#L26011-L26012,True
cage,cage,cage,[],hz-004767,entry_candidate,raw_ocr,high,1,188,,dictionary/C/C-01.md,hz-004767-cage,sources/Hezareh_Dictionary_Index/source/Hezareh_Part_01_PDF_0001-0250.md#L26013-L26018,True
cagey,cagey,cagey,[],hz-004768,entry_candidate,raw_ocr,high,1,188,,dictionary/C/C-01.md,hz-004768-cagey,sources/Hezareh_Dictionary_Index/source/Hezareh_Part_01_PDF_0001-0250.md#L26019-L26021,True
cageyness I 'kerdsirus,cageyness i 'kerdsirus,cageyness i 'kerdsirus,[],hz-004769,entry_candidate,raw_ocr,hint_only,1,188,,dictionary/C/C-01.md,hz-004769-cageyness-i-kerdsirus,sources/Hezareh_Dictionary_Index/source/Hezareh_Part_01_PDF_0001-0250.md#L25943-L25943,False
cagily,cagily,cagily,[],hz-004770,entry_candidate,raw_ocr,high,1,188,,dictionary/C/C-01.md,hz-004770-cagily,sources/Hezareh_Dictionary_Index/source/Hezareh_Part_01_PDF_0001-0250.md#L26023-L26027,True
cagineSS,caginess,caginess,[],hz-004771,entry_candidate,raw_ocr,low,1,188,,dictionary/C/C-01.md,hz-004771-caginess,sources/Hezareh_Dictionary_Index/source/Hezareh_Part_01_PDF_0001-0250.md#L26022-L26022,True
cahoots,cahoots,cahoots,[],hz-004772,entry_candidate,raw_ocr,high,1,188,,dictionary/C/C-01.md,hz-004772-cahoots,sources/Hezareh_Dictionary_Index/source/Hezareh_Part_01_PDF_0001-0250.md#L26028-L26029,True
caiman,caiman,caiman,[],hz-004773,entry_candidate,raw_ocr,high,1,188,,dictionary/C/C-01.md,hz-004773-caiman,sources/Hezareh_Dictionary_Index/source/Hezareh_Part_01_PDF_0001-0250.md#L26030-L26030,True
Cain,cain,cain,[],hz-004774,entry_candidate,raw_ocr,high,1,188,,dictionary/C/C-01.md,hz-004774-cain,sources/Hezareh_Dictionary_Index/source/Hezareh_Part_01_PDF_0001-0250.md#L26031-L26035,True
cairn,cairn,cairn,[],hz-004784,entry_candidate,raw_ocr,hint_only,1,188,,dictionary/C/C-01.md,hz-004784-cairn,sources/Hezareh_Dictionary_Index/source/Hezareh_Part_01_PDF_0001-0250.md#L25943-L25943,False
Cairo,cairo,cairo,[],hz-004785,entry_candidate,raw_ocr,medium,1,188,,dictionary/C/C-01.md,hz-004785-cairo,sources/Hezareh_Dictionary_Index/source/Hezareh_Part_01_PDF_0001-0250.md#L26036-L26036,True
caiSSOn,caisson,caisson,[],hz-004786,entry_candidate,raw_ocr,high,1,188,,dictionary/C/C-01.md,hz-004786-caisson,sources/Hezareh_Dictionary_Index/source/Hezareh_Part_01_PDF_0001-0250.md#L26037-L26038,True
caitiff,caitiff,caitiff,[],hz-004787,entry_candidate,raw_ocr,high,1,188,,dictionary/C/C-01.md,hz-004787-caitiff,sources/Hezareh_Dictionary_Index/source/Hezareh_Part_01_PDF_0001-0250.md#L26039-L26039,True
cajole,cajole,cajole,[],hz-004788,entry_candidate,raw_ocr,high,1,188,,dictionary/C/C-01.md,hz-004788-cajole,sources/Hezareh_Dictionary_Index/source/Hezareh_Part_01_PDF_0001-0250.md#L26040-L26048,True
cajolery,cajolery,cajolery,[],hz-004789,entry_candidate,raw_ocr,high,1,188,,dictionary/C/C-01.md,hz-004789-cajolery,sources/Hezareh_Dictionary_Index/source/Hezareh_Part_01_PDF_0001-0250.md#L26049-L26054,True
cake,cake,cake,[],hz-004790,entry_candidate,raw_ocr,high,1,189,,dictionary/C/C-01.md,hz-004790-cake,sources/Hezareh_Dictionary_Index/source/Hezareh_Part_01_PDF_0001-0250.md#L26067-L26082,True
CAL,cal,cal,[],hz-004793,entry_candidate,raw_ocr,high,1,189,,dictionary/C/C-01.md,hz-004793-cal,sources/Hezareh_Dictionary_Index/source/Hezareh_Part_01_PDF_0001-0250.md#L26090-L26093,True
Cal,cal,cal,[],hz-004794,entry_candidate,raw_ocr,high,1,189,,dictionary/C/C-01.md,hz-004794-cal,sources/Hezareh_Dictionary_Index/source/Hezareh_Part_01_PDF_0001-0250.md#L26090-L26093,True
cal,cal,cal,[],hz-004795,entry_candidate,raw_ocr,high,1,189,,dictionary/C/C-01.md,hz-004795-cal,sources/Hezareh_Dictionary_Index/source/Hezareh_Part_01_PDF_0001-0250.md#L26090-L26093,True
calabash,calabash,calabash,[],hz-004796,entry_candidate,raw_ocr,medium,1,189,,dictionary/C/C-01.md,hz-004796-calabash,sources/Hezareh_Dictionary_Index/source/Hezareh_Part_01_PDF_0001-0250.md#L26094-L26096,True
calamine,calamine,calamine,[],hz-004797,entry_candidate,raw_ocr,high,1,189,,dictionary/C/C-01.md,hz-004797-calamine,sources/Hezareh_Dictionary_Index/source/Hezareh_Part_01_PDF_0001-0250.md#L26097-L26098,True
calamine lotion,calamine lotion,calamine lotion,[],hz-004798,entry_candidate,raw_ocr,high,1,189,,dictionary/C/C-01.md,hz-004798-calamine-lotion,sources/Hezareh_Dictionary_Index/source/Hezareh_Part_01_PDF_0001-0250.md#L26097-L26098,True
calamitous,calamitous,calamitous,[],hz-004799,entry_candidate,raw_ocr,medium,1,189,,dictionary/C/C-01.md,hz-004799-calamitous,sources/Hezareh_Dictionary_Index/source/Hezareh_Part_01_PDF_0001-0250.md#L26099-L26101,True
calamity,calamity,calamity,[],hz-004800,entry_candidate,raw_ocr,medium,1,189,,dictionary/C/C-01.md,hz-004800-calamity,sources/Hezareh_Dictionary_Index/source/Hezareh_Part_01_PDF_0001-0250.md#L26102-L26103,True
calcification,calcification,calcification,[],hz-004801,entry_candidate,raw_ocr,medium,1,189,,dictionary/C/C-01.md,hz-004801-calcification,sources/Hezareh_Dictionary_Index/source/Hezareh_Part_01_PDF_0001-0250.md#L26104-L26105,True
calcify,calcify,calcify,[],hz-004802,entry_candidate,raw_ocr,high,1,189,,dictionary/C/C-01.md,hz-004802-calcify,sources/Hezareh_Dictionary_Index/source/Hezareh_Part_01_PDF_0001-0250.md#L26106-L26111,True
calcine,calcine,calcine,[],hz-004804,entry_candidate,raw_ocr,low,1,189,,dictionary/C/C-01.md,hz-004804-calcine,sources/Hezareh_Dictionary_Index/source/Hezareh_Part_01_PDF_0001-0250.md#L26112-L26122,True
calcium,calcium,calcium,[],hz-004805,entry_candidate,raw_ocr,high,1,189,,dictionary/C/C-01.md,hz-004805-calcium,sources/Hezareh_Dictionary_Index/source/Hezareh_Part_01_PDF_0001-0250.md#L26123-L26123,True
calcium carbide,calcium carbide,calcium carbide,[],hz-004806,entry_candidate,raw_ocr,high,1,189,,dictionary/C/C-01.md,hz-004806-calcium-carbide,sources/Hezareh_Dictionary_Index/source/Hezareh_Part_01_PDF_0001-0250.md#L26124-L26126,True
calcium hydroxide,calcium hydroxide,calcium hydroxide,[],hz-004807,entry_candidate,raw_ocr,high,1,189,,dictionary/C/C-01.md,hz-004807-calcium-hydroxide,sources/Hezareh_Dictionary_Index/source/Hezareh_Part_01_PDF_0001-0250.md#L26127-L26129,True
calculable,calculable,calculable,[],hz-004808,entry_candidate,raw_ocr,medium,1,189,,dictionary/C/C-01.md,hz-004808-calculable,sources/Hezareh_Dictionary_Index/source/Hezareh_Part_01_PDF_0001-0250.md#L26130-L26133,True
calculate,calculate,calculate,[],hz-004809,entry_candidate,raw_ocr,medium,1,189,,dictionary/C/C-01.md,hz-004809-calculate,sources/Hezareh_Dictionary_Index/source/Hezareh_Part_01_PDF_0001-0250.md#L26134-L26152,True
calculated,calculated,calculated,[],hz-004810,entry_candidate,raw_ocr,high,1,189,,dictionary/C/C-01.md,hz-004810-calculated,sources/Hezareh_Dictionary_Index/source/Hezareh_Part_01_PDF_0001-0250.md#L26153-L26158,True
calculating,calculating,calculating,[],hz-004811,entry_candidate,raw_ocr,high,1,189,,dictionary/C/C-01.md,hz-004811-calculating,sources/Hezareh_Dictionary_Index/source/Hezareh_Part_01_PDF_0001-0250.md#L26159-L26161,True
calculation,calculation,calculation,[],hz-004812,entry_candidate,raw_ocr,high,1,189,,dictionary/C/C-01.md,hz-004812-calculation,sources/Hezareh_Dictionary_Index/source/Hezareh_Part_01_PDF_0001-0250.md#L26162-L26167,True
calculator,calculator,calculator,[],hz-004813,entry_candidate,raw_ocr,high,1,189,,dictionary/C/C-01.md,hz-004813-calculator,sources/Hezareh_Dictionary_Index/source/Hezareh_Part_01_PDF_0001-0250.md#L26168-L26169,True
calculi,calculi,calculi,[],hz-004814,entry_candidate,raw_ocr,high,1,189,,dictionary/C/C-01.md,hz-004814-calculi,sources/Hezareh_Dictionary_Index/source/Hezareh_Part_01_PDF_0001-0250.md#L26170-L26171,True
calculus,calculus,calculus,[],hz-004815,entry_candidate,raw_ocr,high,1,189,,dictionary/C/C-01.md,hz-004815-calculus,sources/Hezareh_Dictionary_Index/source/Hezareh_Part_01_PDF_0001-0250.md#L26172-L26181,True
Caldron,caldron,caldron,[],hz-004816,entry_candidate,raw_ocr,hint_only,1,189,,dictionary/C/C-01.md,hz-004816-caldron,sources/Hezareh_Dictionary_Index/source/Hezareh_Part_01_PDF_0001-0250.md#L26058-L26058,False
calendar,calendar,calendar,[],hz-004817,entry_candidate,raw_ocr,high,1,189,,dictionary/C/C-01.md,hz-004817-calendar,sources/Hezareh_Dictionary_Index/source/Hezareh_Part_01_PDF_0001-0250.md#L26182-L26183,True
calendar month,calendar month,calendar month,[],hz-004818,entry_candidate,raw_ocr,high,1,189,,dictionary/C/C-01.md,hz-004818-calendar-month,sources/Hezareh_Dictionary_Index/source/Hezareh_Part_01_PDF_0001-0250.md#L26184-L26186,True
calendar year,calendar year,calendar year,[],hz-004819,entry_candidate,raw_ocr,high,1,190,,dictionary/C/C-01.md,hz-004819-calendar-year,sources/Hezareh_Dictionary_Index/source/Hezareh_Part_01_PDF_0001-0250.md#L26200-L26207,True
calends,calends,calends,[],hz-004820,entry_candidate,raw_ocr,high,1,190,,dictionary/C/C-01.md,hz-004820-calends,sources/Hezareh_Dictionary_Index/source/Hezareh_Part_01_PDF_0001-0250.md#L26208-L26210,True
calendula,calendula,calendula,[],hz-004821,entry_candidate,raw_ocr,high,1,190,,dictionary/C/C-01.md,hz-004821-calendula,sources/Hezareh_Dictionary_Index/source/Hezareh_Part_01_PDF_0001-0250.md#L26211-L26211,True
calf,calf,calf,[],hz-004823,entry_candidate,raw_ocr,high,1,190,,dictionary/C/C-01.md,hz-004823-calf,sources/Hezareh_Dictionary_Index/source/Hezareh_Part_01_PDF_0001-0250.md#L26212-L26213,True
calf-love,calf-love,calf-love,[],hz-004824,entry_candidate,raw_ocr,high,1,190,,dictionary/C/C-01.md,hz-004824-calf-love,sources/Hezareh_Dictionary_Index/source/Hezareh_Part_01_PDF_0001-0250.md#L26217-L26219,True
caliber,caliber,caliber,[],hz-004825,entry_candidate,raw_ocr,high,1,190,,dictionary/C/C-01.md,hz-004825-caliber,sources/Hezareh_Dictionary_Index/source/Hezareh_Part_01_PDF_0001-0250.md#L26220-L26220,True
calibrate,calibrate,calibrate,[],hz-004826,entry_candidate,raw_ocr,high,1,190,,dictionary/C/C-01.md,hz-004826-calibrate,sources/Hezareh_Dictionary_Index/source/Hezareh_Part_01_PDF_0001-0250.md#L26221-L26227,True
calibration,calibration,calibration,[],hz-004827,entry_candidate,raw_ocr,hint_only,1,190,,dictionary/C/C-01.md,hz-004827-calibration,sources/Hezareh_Dictionary_Index/source/Hezareh_Part_01_PDF_0001-0250.md#L26190-L26190,False
calico,calico,calico,[],hz-004828,entry_candidate,raw_ocr,high,1,190,,dictionary/C/C-01.md,hz-004828-calico,sources/Hezareh_Dictionary_Index/source/Hezareh_Part_01_PDF_0001-0250.md#L26228-L26229,True
calif,calif,calif,[],hz-004829,entry_candidate,raw_ocr,high,1,190,,dictionary/C/C-01.md,hz-004829-calif,sources/Hezareh_Dictionary_Index/source/Hezareh_Part_01_PDF_0001-0250.md#L26230-L26230,True
calipers,calipers,calipers,[],hz-004830,entry_candidate,raw_ocr,high,1,190,,dictionary/C/C-01.md,hz-004830-calipers,sources/Hezareh_Dictionary_Index/source/Hezareh_Part_01_PDF_0001-0250.md#L26231-L26231,True
caliph,caliph,caliph,[],hz-004831,entry_candidate,raw_ocr,high,1,190,,dictionary/C/C-01.md,hz-004831-caliph,sources/Hezareh_Dictionary_Index/source/Hezareh_Part_01_PDF_0001-0250.md#L26232-L26232,True
caliphate,caliphate,caliphate,[],hz-004832,entry_candidate,raw_ocr,high,1,190,,dictionary/C/C-01.md,hz-004832-caliphate,sources/Hezareh_Dictionary_Index/source/Hezareh_Part_01_PDF_0001-0250.md#L26233-L26233,True
calisthenics,calisthenics,calisthenics,[],hz-004833,entry_candidate,raw_ocr,high,1,190,,dictionary/C/C-01.md,hz-004833-calisthenics,sources/Hezareh_Dictionary_Index/source/Hezareh_Part_01_PDF_0001-0250.md#L26234-L26280,True
call,call,call,[],hz-000245,entry_candidate,raw_ocr,high,1,14,,dictionary/C/C-01.md,hz-000245-call,sources/Hezareh_Dictionary_Index/source/Hezareh_Part_01_PDF_0001-0250.md#L1567-L1569,True
call,call,call,[],hz-004834,entry_candidate,raw_ocr,high,1,190,,dictionary/C/C-01.md,hz-004834-call,sources/Hezareh_Dictionary_Index/source/Hezareh_Part_01_PDF_0001-0250.md#L26281-L26300,True
call,call,call,[],hz-029523,entry_candidate,raw_ocr,high,6,1450,,dictionary/C/C-01.md,hz-029523-call,sources/Hezareh_Dictionary_Index/source/Hezareh_Part_06_PDF_1251-1500.md#L23251-L23275,True
call on,call on,call on,[],hz-004837,entry_candidate,raw_ocr,high,1,191,,dictionary/C/C-01.md,hz-004837-call-on,sources/Hezareh_Dictionary_Index/source/Hezareh_Part_01_PDF_0001-0250.md#L26366-L26377,True
call sb,call sb,call sb,[],hz-004835,entry_candidate,raw_ocr,high,1,191,,dictionary/C/C-01.md,hz-004835-call-sb,sources/Hezareh_Dictionary_Index/source/Hezareh_Part_01_PDF_0001-0250.md#L26378-L26382,True
call sb,call sb,call sb,[],hz-024816,entry_candidate,raw_ocr,high,5,1166,,dictionary/C/C-01.md,hz-024816-call-sb,sources/Hezareh_Dictionary_Index/source/Hezareh_Part_05_PDF_1001-1250.md#L19269-L19312,True
call sth,call sth,call sth,[],hz-013574,entry_candidate,raw_ocr,high,3,584,,dictionary/C/C-01.md,hz-013574-call-sth,sources/Hezareh_Dictionary_Index/source/Hezareh_Part_03_PDF_0501-0750.md#L9740-L9747,True
call sth in,call sth in,call sth in,[],hz-028023,entry_candidate,raw_ocr,high,6,1353,,dictionary/C/C-01.md,hz-028023-call-sth-in,sources/Hezareh_Dictionary_Index/source/Hezareh_Part_06_PDF_1251-1500.md#L11919-L11929,True
call the shots,call the shots,call the shots,[],hz-036023,entry_candidate,raw_ocr,high,8,1805,,dictionary/C/C-01.md,hz-036023-call-the-shots,sources/Hezareh_Dictionary_Index/source/Hezareh_Part_08_PDF_1751-1976.md#L6708-L6713,True
call-box,call-box,call-box,[],hz-004836,entry_candidate,raw_ocr,high,1,191,,dictionary/C/C-01.md,hz-004836-call-box,sources/Hezareh_Dictionary_Index/source/Hezareh_Part_01_PDF_0001-0250.md#L26313-L26365,True
call-girl,call-girl,call-girl,[],hz-004839,entry_candidate,raw_ocr,high,1,191,,dictionary/C/C-01.md,hz-004839-call-girl,sources/Hezareh_Dictionary_Index/source/Hezareh_Part_01_PDF_0001-0250.md#L26386-L26386,True
call-in,call-in,call-in,[],hz-004842,entry_candidate,raw_ocr,high,1,191,,dictionary/C/C-01.md,hz-004842-call-in,sources/Hezareh_Dictionary_Index/source/Hezareh_Part_01_PDF_0001-0250.md#L26390-L26393,True
call-loan,call-loan,call-loan,[],hz-004846,entry_candidate,raw_ocr,high,1,191,,dictionary/C/C-01.md,hz-004846-call-loan,sources/Hezareh_Dictionary_Index/source/Hezareh_Part_01_PDF_0001-0250.md#L26398-L26400,True
call-money,call-money,call-money,[],hz-004847,entry_candidate,raw_ocr,high,1,191,,dictionary/C/C-01.md,hz-004847-call-money,sources/Hezareh_Dictionary_Index/source/Hezareh_Part_01_PDF_0001-0250.md#L26401-L26402,True
call-over,call-over,call-over,[],hz-004853,entry_candidate,raw_ocr,medium,1,191,,dictionary/C/C-01.md,hz-004853-call-over,sources/Hezareh_Dictionary_Index/source/Hezareh_Part_01_PDF_0001-0250.md#L26417-L26418,True
caller,caller,caller,[],hz-004838,entry_candidate,raw_ocr,low,1,191,,dictionary/C/C-01.md,hz-004838-caller,sources/Hezareh_Dictionary_Index/source/Hezareh_Part_01_PDF_0001-0250.md#L26383-L26385,True
calligrapher,calligrapher,calligrapher,[],hz-004840,entry_candidate,raw_ocr,high,1,191,,dictionary/C/C-01.md,hz-004840-calligrapher,sources/Hezareh_Dictionary_Index/source/Hezareh_Part_01_PDF_0001-0250.md#L26387-L26387,True
calligraphy,calligraphy,calligraphy,[],hz-004841,entry_candidate,raw_ocr,high,1,191,,dictionary/C/C-01.md,hz-004841-calligraphy,sources/Hezareh_Dictionary_Index/source/Hezareh_Part_01_PDF_0001-0250.md#L26388-L26389,True
calling card,calling card,calling card,[],hz-004843,entry_candidate,raw_ocr,high,1,191,,dictionary/C/C-01.md,hz-004843-calling-card,sources/Hezareh_Dictionary_Index/source/Hezareh_Part_01_PDF_0001-0250.md#L26394-L26396,True
calliperS,callipers,callipers,[],hz-004844,entry_candidate,raw_ocr,hint_only,1,191,,dictionary/C/C-01.md,hz-004844-callipers,sources/Hezareh_Dictionary_Index/source/Hezareh_Part_01_PDF_0001-0250.md#L26304-L26304,False
callistheniCS,callisthenics,callisthenics,[],hz-004845,entry_candidate,raw_ocr,medium,1,191,,dictionary/C/C-01.md,hz-004845-callisthenics,sources/Hezareh_Dictionary_Index/source/Hezareh_Part_01_PDF_0001-0250.md#L26397-L26397,True
callosity,callosity,callosity,[],hz-004848,entry_candidate,raw_ocr,high,1,191,,dictionary/C/C-01.md,hz-004848-callosity,sources/Hezareh_Dictionary_Index/source/Hezareh_Part_01_PDF_0001-0250.md#L26403-L26405,True
calloUS,callous,callous,[],hz-004849,entry_candidate,raw_ocr,medium,1,191,,dictionary/C/C-01.md,hz-004849-callous,sources/Hezareh_Dictionary_Index/source/Hezareh_Part_01_PDF_0001-0250.md#L26406-L26408,True
calloused,calloused,calloused,[],hz-004850,entry_candidate,raw_ocr,medium,1,191,,dictionary/C/C-01.md,hz-004850-calloused,sources/Hezareh_Dictionary_Index/source/Hezareh_Part_01_PDF_0001-0250.md#L26409-L26409,True
callously,callously,callously,[],hz-004851,entry_candidate,raw_ocr,medium,1,191,,dictionary/C/C-01.md,hz-004851-callously,sources/Hezareh_Dictionary_Index/source/Hezareh_Part_01_PDF_0001-0250.md#L26410-L26412,True
callousneSS,callousness,callousness,[],hz-004852,entry_candidate,raw_ocr,high,1,191,,dictionary/C/C-01.md,hz-004852-callousness,sources/Hezareh_Dictionary_Index/source/Hezareh_Part_01_PDF_0001-0250.md#L26413-L26416,True
callow,callow,callow,[],hz-004854,entry_candidate,raw_ocr,medium,1,191,,dictionary/C/C-01.md,hz-004854-callow,sources/Hezareh_Dictionary_Index/source/Hezareh_Part_01_PDF_0001-0250.md#L26419-L26420,True
callowness,callowness,callowness,[],hz-004855,entry_candidate,raw_ocr,medium,1,191,,dictionary/C/C-01.md,hz-004855-callowness,sources/Hezareh_Dictionary_Index/source/Hezareh_Part_01_PDF_0001-0250.md#L26421-L26426,True
callus,callus,callus,[],hz-004856,entry_candidate,raw_ocr,medium,1,191,,dictionary/C/C-01.md,hz-004856-callus,sources/Hezareh_Dictionary_Index/source/Hezareh_Part_01_PDF_0001-0250.md#L26427-L26428,True
calm,calm,calm,[],hz-004857,entry_candidate,raw_ocr,high,1,192,,dictionary/C/C-01.md,hz-004857-calm,sources/Hezareh_Dictionary_Index/source/Hezareh_Part_01_PDF_0001-0250.md#L26442-L26449,True
calmly,calmly,calmly,[],hz-004858,entry_candidate,raw_ocr,high,1,192,,dictionary/C/C-01.md,hz-004858-calmly,sources/Hezareh_Dictionary_Index/source/Hezareh_Part_01_PDF_0001-0250.md#L26450-L26451,True
calmness,calmness,calmness,[],hz-004859,entry_candidate,raw_ocr,high,1,192,,dictionary/C/C-01.md,hz-004859-calmness,sources/Hezareh_Dictionary_Index/source/Hezareh_Part_01_PDF_0001-0250.md#L26452-L26453,True
calomel,calomel,calomel,[],hz-004860,entry_candidate,raw_ocr,high,1,192,,dictionary/C/C-01.md,hz-004860-calomel,sources/Hezareh_Dictionary_Index/source/Hezareh_Part_01_PDF_0001-0250.md#L26454-L26455,True
Calor gas,calor gas,calor gas,[],hz-004862,entry_candidate,raw_ocr,high,1,192,,dictionary/C/C-01.md,hz-004862-calor-gas,sources/Hezareh_Dictionary_Index/source/Hezareh_Part_01_PDF_0001-0250.md#L26456-L26457,True
calorie,calorie,calorie,[],hz-004863,entry_candidate,raw_ocr,high,1,192,,dictionary/C/C-01.md,hz-004863-calorie,sources/Hezareh_Dictionary_Index/source/Hezareh_Part_01_PDF_0001-0250.md#L26458-L26458,True
calorific,calorific,calorific,[],hz-004864,entry_candidate,raw_ocr,high,1,192,,dictionary/C/C-01.md,hz-004864-calorific,sources/Hezareh_Dictionary_Index/source/Hezareh_Part_01_PDF_0001-0250.md#L26459-L26463,True
calumniate,calumniate,calumniate,[],hz-004861,entry_candidate,raw_ocr,hint_only,1,192,,dictionary/C/C-01.md,hz-004861-calumniate,sources/Hezareh_Dictionary_Index/source/Hezareh_Part_01_PDF_0001-0250.md#L26432-L26432,False
calumnious,calumnious,calumnious,[],hz-004873,entry_candidate,raw_ocr,high,1,192,,dictionary/C/C-01.md,hz-004873-calumnious,sources/Hezareh_Dictionary_Index/source/Hezareh_Part_01_PDF_0001-0250.md#L26464-L26465,True
calumny,calumny,calumny,[],hz-004865,entry_candidate,raw_ocr,high,1,192,,dictionary/C/C-01.md,hz-004865-calumny,sources/Hezareh_Dictionary_Index/source/Hezareh_Part_01_PDF_0001-0250.md#L26466-L26467,True
calvados,calvados,calvados,[],hz-004866,entry_candidate,raw_ocr,high,1,192,,dictionary/C/C-01.md,hz-004866-calvados,sources/Hezareh_Dictionary_Index/source/Hezareh_Part_01_PDF_0001-0250.md#L26468-L26468,True
calvary,calvary,calvary,[],hz-004867,entry_candidate,raw_ocr,high,1,192,,dictionary/C/C-01.md,hz-004867-calvary,sources/Hezareh_Dictionary_Index/source/Hezareh_Part_01_PDF_0001-0250.md#L26469-L26472,True
Calvary,calvary,calvary,[],hz-004868,entry_candidate,raw_ocr,high,1,192,,dictionary/C/C-01.md,hz-004868-calvary,sources/Hezareh_Dictionary_Index/source/Hezareh_Part_01_PDF_0001-0250.md#L26469-L26472,True
calve,calve,calve,[],hz-004869,entry_candidate,raw_ocr,high,1,192,,dictionary/C/C-01.md,hz-004869-calve,sources/Hezareh_Dictionary_Index/source/Hezareh_Part_01_PDF_0001-0250.md#L26473-L26474,True
calves,calves,calves,[],hz-004870,entry_candidate,raw_ocr,high,1,192,,dictionary/C/C-01.md,hz-004870-calves,sources/Hezareh_Dictionary_Index/source/Hezareh_Part_01_PDF_0001-0250.md#L26475-L26475,True
Calvinism,calvinism,calvinism,[],hz-004871,entry_candidate,raw_ocr,high,1,192,,dictionary/C/C-01.md,hz-004871-calvinism,sources/Hezareh_Dictionary_Index/source/Hezareh_Part_01_PDF_0001-0250.md#L26476-L26476,True
Calvinist,calvinist,calvinist,[],hz-004872,entry_candidate,raw_ocr,high,1,192,,dictionary/C/C-01.md,hz-004872-calvinist,sources/Hezareh_Dictionary_Index/source/Hezareh_Part_01_PDF_0001-0250.md#L26477-L26479,True
Calvinistic,calvinistic,calvinistic,[],hz-004874,entry_candidate,raw_ocr,high,1,192,,dictionary/C/C-01.md,hz-004874-calvinistic,sources/Hezareh_Dictionary_Index/source/Hezareh_Part_01_PDF_0001-0250.md#L26480-L26480,True
calyces,calyces,calyces,[],hz-004875,entry_candidate,raw_ocr,high,1,192,,dictionary/C/C-01.md,hz-004875-calyces,sources/Hezareh_Dictionary_Index/source/Hezareh_Part_01_PDF_0001-0250.md#L26481-L26481,True
calypso,calypso,calypso,[],hz-004876,entry_candidate,raw_ocr,high,1,192,,dictionary/C/C-01.md,hz-004876-calypso,sources/Hezareh_Dictionary_Index/source/Hezareh_Part_01_PDF_0001-0250.md#L26482-L26483,True
calyx,calyx,calyx,[],hz-004877,entry_candidate,raw_ocr,high,1,192,,dictionary/C/C-01.md,hz-004877-calyx,sources/Hezareh_Dictionary_Index/source/Hezareh_Part_01_PDF_0001-0250.md#L26484-L26485,True
cam,cam,cam,[],hz-004878,entry_candidate,raw_ocr,high,1,192,,dictionary/C/C-01.md,hz-004878-cam,sources/Hezareh_Dictionary_Index/source/Hezareh_Part_01_PDF_0001-0250.md#L26486-L26500,True
camber,camber,camber,[],hz-004879,entry_candidate,raw_ocr,hint_only,1,192,,dictionary/C/C-01.md,hz-004879-camber,sources/Hezareh_Dictionary_Index/source/Hezareh_Part_01_PDF_0001-0250.md#L26432-L26432,False
cambriCl'kermbnk,cambricl'kermbnk,cambricl'kermbnk,[],hz-004880,entry_candidate,raw_ocr,hint_only,1,192,,dictionary/C/C-01.md,hz-004880-cambricl-kermbnk,sources/Hezareh_Dictionary_Index/source/Hezareh_Part_01_PDF_0001-0250.md#L26432-L26432,False
camcorder,camcorder,camcorder,[],hz-004881,entry_candidate,raw_ocr,high,1,192,,dictionary/C/C-01.md,hz-004881-camcorder,sources/Hezareh_Dictionary_Index/source/Hezareh_Part_01_PDF_0001-0250.md#L26501-L26503,True
came,came,came,[],hz-004882,entry_candidate,raw_ocr,hint_only,1,192,,dictionary/C/C-01.md,hz-004882-came,sources/Hezareh_Dictionary_Index/source/Hezareh_Part_01_PDF_0001-0250.md#L26432-L26432,False
camel,camel,camel,[],hz-004883,entry_candidate,raw_ocr,high,1,192,,dictionary/C/C-01.md,hz-004883-camel,sources/Hezareh_Dictionary_Index/source/Hezareh_Part_01_PDF_0001-0250.md#L26504-L26504,True
camel's-hair,camel's-hair,camel's-hair,[],hz-004886,entry_candidate,raw_ocr,hint_only,1,192,,dictionary/C/C-01.md,hz-004886-camel-s-hair,sources/Hezareh_Dictionary_Index/source/Hezareh_Part_01_PDF_0001-0250.md#L26432-L26432,False
camel-hair,camel-hair,camel-hair,[],hz-004884,entry_candidate,raw_ocr,high,1,192,,dictionary/C/C-01.md,hz-004884-camel-hair,sources/Hezareh_Dictionary_Index/source/Hezareh_Part_01_PDF_0001-0250.md#L26505-L26505,True
camel-train,camel-train,camel-train,[],hz-004887,entry_candidate,raw_ocr,hint_only,1,192,,dictionary/C/C-01.md,hz-004887-camel-train,sources/Hezareh_Dictionary_Index/source/Hezareh_Part_01_PDF_0001-0250.md#L26432-L26432,False
camellia,camellia,camellia,[],hz-004885,entry_candidate,raw_ocr,high,1,192,,dictionary/C/C-01.md,hz-004885-camellia,sources/Hezareh_Dictionary_Index/source/Hezareh_Part_01_PDF_0001-0250.md#L26506-L26508,True
Camembert,camembert,camembert,[],hz-004888,entry_candidate,raw_ocr,high,1,192,,dictionary/C/C-01.md,hz-004888-camembert,sources/Hezareh_Dictionary_Index/source/Hezareh_Part_01_PDF_0001-0250.md#L26509-L26509,True
cameo,cameo,cameo,[],hz-004889,entry_candidate,raw_ocr,high,1,192,,dictionary/C/C-01.md,hz-004889-cameo,sources/Hezareh_Dictionary_Index/source/Hezareh_Part_01_PDF_0001-0250.md#L26510-L26512,True
camera,camera,camera,[],hz-004890,entry_candidate,raw_ocr,high,1,192,,dictionary/C/C-01.md,hz-004890-camera,sources/Hezareh_Dictionary_Index/source/Hezareh_Part_01_PDF_0001-0250.md#L26513-L26513,True
camera obscura,camera obscura,camera obscura,[],hz-004893,entry_candidate,raw_ocr,high,1,192,,dictionary/C/C-01.md,hz-004893-camera-obscura,sources/Hezareh_Dictionary_Index/source/Hezareh_Part_01_PDF_0001-0250.md#L26522-L26523,True
cameraman,cameraman,cameraman,[],hz-004892,entry_candidate,raw_ocr,high,1,192,,dictionary/C/C-01.md,hz-004892-cameraman,sources/Hezareh_Dictionary_Index/source/Hezareh_Part_01_PDF_0001-0250.md#L26520-L26521,True
camerawork,camerawork,camerawork,[],hz-004894,entry_candidate,raw_ocr,high,1,192,,dictionary/C/C-01.md,hz-004894-camerawork,sources/Hezareh_Dictionary_Index/source/Hezareh_Part_01_PDF_0001-0250.md#L26524-L26524,True
camion,camion,camion,[],hz-004895,entry_candidate,raw_ocr,high,1,192,,dictionary/C/C-01.md,hz-004895-camion,sources/Hezareh_Dictionary_Index/source/Hezareh_Part_01_PDF_0001-0250.md#L26525-L26525,True
camisole,camisole,camisole,[],hz-004896,entry_candidate,raw_ocr,high,1,192,,dictionary/C/C-01.md,hz-004896-camisole,sources/Hezareh_Dictionary_Index/source/Hezareh_Part_01_PDF_0001-0250.md#L26526-L26526,True
camomile,camomile,camomile,[],hz-004897,entry_candidate,raw_ocr,high,1,192,,dictionary/C/C-01.md,hz-004897-camomile,sources/Hezareh_Dictionary_Index/source/Hezareh_Part_01_PDF_0001-0250.md#L26527-L26528,True
camouflage,camouflage,camouflage,[],hz-004898,entry_candidate,raw_ocr,high,1,192,,dictionary/C/C-01.md,hz-004898-camouflage,sources/Hezareh_Dictionary_Index/source/Hezareh_Part_01_PDF_0001-0250.md#L26529-L26542,True
camp ho rated,camp ho rated,camp ho rated,[],hz-004912,entry_candidate,raw_ocr,hint_only,1,193,,dictionary/C/C-01.md,hz-004912-camp-ho-rated,sources/Hezareh_Dictionary_Index/source/Hezareh_Part_01_PDF_0001-0250.md#L26546-L26546,False
camp-bed,camp-bed,camp-bed,[],hz-004904,entry_candidate,raw_ocr,medium,1,193,,dictionary/C/C-01.md,hz-004904-camp-bed,sources/Hezareh_Dictionary_Index/source/Hezareh_Part_01_PDF_0001-0250.md#L26600-L26601,True
camp-chair,camp-chair,camp-chair,[],hz-004905,entry_candidate,raw_ocr,high,1,193,,dictionary/C/C-01.md,hz-004905-camp-chair,sources/Hezareh_Dictionary_Index/source/Hezareh_Part_01_PDF_0001-0250.md#L26602-L26605,True
Camp-fire,camp-fire,camp-fire,[],hz-004908,entry_candidate,raw_ocr,high,1,193,,dictionary/C/C-01.md,hz-004908-camp-fire,sources/Hezareh_Dictionary_Index/source/Hezareh_Part_01_PDF_0001-0250.md#L26608-L26608,True
camp-follower,camp-follower,camp-follower,[],hz-004909,entry_candidate,raw_ocr,high,1,193,,dictionary/C/C-01.md,hz-004909-camp-follower,sources/Hezareh_Dictionary_Index/source/Hezareh_Part_01_PDF_0001-0250.md#L26609-L26610,True
camp-site,camp-site,camp-site,[],hz-004915,entry_candidate,raw_ocr,high,1,193,,dictionary/C/C-01.md,hz-004915-camp-site,sources/Hezareh_Dictionary_Index/source/Hezareh_Part_01_PDF_0001-0250.md#L26618-L26623,True
camp-stool,camp-stool,camp-stool,[],hz-004916,entry_candidate,raw_ocr,high,1,193,,dictionary/C/C-01.md,hz-004916-camp-stool,sources/Hezareh_Dictionary_Index/source/Hezareh_Part_01_PDF_0001-0250.md#L26624-L26624,True
camp-stove,camp-stove,camp-stove,[],hz-004917,entry_candidate,raw_ocr,high,1,193,,dictionary/C/C-01.md,hz-004917-camp-stove,sources/Hezareh_Dictionary_Index/source/Hezareh_Part_01_PDF_0001-0250.md#L26625-L26625,True
Campaign,campaign,campaign,[],hz-004899,entry_candidate,raw_ocr,high,1,193,,dictionary/C/C-01.md,hz-004899-campaign,sources/Hezareh_Dictionary_Index/source/Hezareh_Part_01_PDF_0001-0250.md#L26575-L26583,True
Campaigner,campaigner,campaigner,[],hz-004900,entry_candidate,raw_ocr,high,1,193,,dictionary/C/C-01.md,hz-004900-campaigner,sources/Hezareh_Dictionary_Index/source/Hezareh_Part_01_PDF_0001-0250.md#L26584-L26592,True
campanile,campanile,campanile,[],hz-004901,entry_candidate,raw_ocr,low,1,193,,dictionary/C/C-01.md,hz-004901-campanile,sources/Hezareh_Dictionary_Index/source/Hezareh_Part_01_PDF_0001-0250.md#L26593-L26593,True
campanologist,campanologist,campanologist,[],hz-004902,entry_candidate,raw_ocr,high,1,193,,dictionary/C/C-01.md,hz-004902-campanologist,sources/Hezareh_Dictionary_Index/source/Hezareh_Part_01_PDF_0001-0250.md#L26594-L26599,True
campanula,campanula,campanula,[],hz-004903,entry_candidate,raw_ocr,hint_only,1,193,,dictionary/C/C-01.md,hz-004903-campanula,sources/Hezareh_Dictionary_Index/source/Hezareh_Part_01_PDF_0001-0250.md#L26546-L26546,False
camper,camper,camper,[],hz-004906,entry_candidate,raw_ocr,high,1,193,,dictionary/C/C-01.md,hz-004906-camper,sources/Hezareh_Dictionary_Index/source/Hezareh_Part_01_PDF_0001-0250.md#L26606-L26607,True
camper van,camper van,camper van,[],hz-004907,entry_candidate,raw_ocr,high,1,193,,dictionary/C/C-01.md,hz-004907-camper-van,sources/Hezareh_Dictionary_Index/source/Hezareh_Part_01_PDF_0001-0250.md#L26606-L26607,True
campground,campground,campground,[],hz-004910,entry_candidate,raw_ocr,high,1,193,,dictionary/C/C-01.md,hz-004910-campground,sources/Hezareh_Dictionary_Index/source/Hezareh_Part_01_PDF_0001-0250.md#L26611-L26611,True
camphor,camphor,camphor,[],hz-004911,entry_candidate,raw_ocr,high,1,193,,dictionary/C/C-01.md,hz-004911-camphor,sources/Hezareh_Dictionary_Index/source/Hezareh_Part_01_PDF_0001-0250.md#L26612-L26616,True
camping,camping,camping,[],hz-004913,entry_candidate,raw_ocr,high,1,193,,dictionary/C/C-01.md,hz-004913-camping,sources/Hezareh_Dictionary_Index/source/Hezareh_Part_01_PDF_0001-0250.md#L26617-L26617,True
camping site,camping site,camping site,[],hz-004914,entry_candidate,raw_ocr,high,1,193,,dictionary/C/C-01.md,hz-004914-camping-site,sources/Hezareh_Dictionary_Index/source/Hezareh_Part_01_PDF_0001-0250.md#L26617-L26617,True
campus,campus,campus,[],hz-004918,entry_candidate,raw_ocr,high,1,193,,dictionary/C/C-01.md,hz-004918-campus,sources/Hezareh_Dictionary_Index/source/Hezareh_Part_01_PDF_0001-0250.md#L26626-L26628,True
camshaft,camshaft,camshaft,[],hz-004919,entry_candidate,raw_ocr,high,1,193,,dictionary/C/C-01.md,hz-004919-camshaft,sources/Hezareh_Dictionary_Index/source/Hezareh_Part_01_PDF_0001-0250.md#L26629-L26639,True
can,can,can,[],hz-004920,entry_candidate,raw_ocr,high,1,193,,dictionary/C/C-01.md,hz-004920-can,sources/Hezareh_Dictionary_Index/source/Hezareh_Part_01_PDF_0001-0250.md#L26640-L26655,True
can,can,can,[],hz-038493,entry_candidate,raw_ocr,medium,8,1941,,dictionary/C/C-01.md,hz-038493-can,sources/Hezareh_Dictionary_Index/source/Hezareh_Part_08_PDF_1751-1976.md#L22532-L22549,True
can Opener,can opener,can opener,[],hz-004994,entry_candidate,raw_ocr,medium,1,196,,dictionary/C/C-01.md,hz-004994-can-opener,sources/Hezareh_Dictionary_Index/source/Hezareh_Part_01_PDF_0001-0250.md#L26930-L26944,True
can't,can't,can't,[],hz-004997,entry_candidate,raw_ocr,high,1,196,,dictionary/C/C-01.md,hz-004997-can-t,sources/Hezareh_Dictionary_Index/source/Hezareh_Part_01_PDF_0001-0250.md#L26945-L26945,True
Canada,canada,canada,[],hz-004922,entry_candidate,raw_ocr,medium,1,194,,dictionary/C/C-01.md,hz-004922-canada,sources/Hezareh_Dictionary_Index/source/Hezareh_Part_01_PDF_0001-0250.md#L26708-L26708,True
Canadian,canadian,canadian,[],hz-004923,entry_candidate,raw_ocr,medium,1,194,,dictionary/C/C-01.md,hz-004923-canadian,sources/Hezareh_Dictionary_Index/source/Hezareh_Part_01_PDF_0001-0250.md#L26709-L26716,True
canalib'nxl,canalib'nxl,canalib'nxl,[],hz-004924,entry_candidate,raw_ocr,hint_only,1,194,,dictionary/C/C-01.md,hz-004924-canalib-nxl,sources/Hezareh_Dictionary_Index/source/Hezareh_Part_01_PDF_0001-0250.md#L26674-L26674,False
canalise,canalise,canalise,[],hz-004925,entry_candidate,raw_ocr,high,1,194,,dictionary/C/C-01.md,hz-004925-canalise,sources/Hezareh_Dictionary_Index/source/Hezareh_Part_01_PDF_0001-0250.md#L26717-L26717,True
canalization,canalization,canalization,[],hz-004926,entry_candidate,raw_ocr,high,1,194,,dictionary/C/C-01.md,hz-004926-canalization,sources/Hezareh_Dictionary_Index/source/Hezareh_Part_01_PDF_0001-0250.md#L26718-L26721,True
canalize,canalize,canalize,[],hz-004927,entry_candidate,raw_ocr,medium,1,194,,dictionary/C/C-01.md,hz-004927-canalize,sources/Hezareh_Dictionary_Index/source/Hezareh_Part_01_PDF_0001-0250.md#L26722-L26727,True
canard,canard,canard,[],hz-004929,entry_candidate,raw_ocr,high,1,194,,dictionary/C/C-01.md,hz-004929-canard,sources/Hezareh_Dictionary_Index/source/Hezareh_Part_01_PDF_0001-0250.md#L26728-L26736,True
canary,canary,canary,[],hz-004930,entry_candidate,raw_ocr,medium,1,194,,dictionary/C/C-01.md,hz-004930-canary,sources/Hezareh_Dictionary_Index/source/Hezareh_Part_01_PDF_0001-0250.md#L26737-L26739,True
canasta,canasta,canasta,[],hz-004931,entry_candidate,raw_ocr,hint_only,1,194,,dictionary/C/C-01.md,hz-004931-canasta,sources/Hezareh_Dictionary_Index/source/Hezareh_Part_01_PDF_0001-0250.md#L26674-L26674,False
Cancan,cancan,cancan,[],hz-004932,entry_candidate,raw_ocr,high,1,194,,dictionary/C/C-01.md,hz-004932-cancan,sources/Hezareh_Dictionary_Index/source/Hezareh_Part_01_PDF_0001-0250.md#L26740-L26740,True
cancel,cancel,cancel,[],hz-004933,entry_candidate,raw_ocr,high,1,194,,dictionary/C/C-01.md,hz-004933-cancel,sources/Hezareh_Dictionary_Index/source/Hezareh_Part_01_PDF_0001-0250.md#L26741-L26751,True
Cancellation,cancellation,cancellation,[],hz-004934,entry_candidate,raw_ocr,high,1,194,,dictionary/C/C-01.md,hz-004934-cancellation,sources/Hezareh_Dictionary_Index/source/Hezareh_Part_01_PDF_0001-0250.md#L26705-L26707,True
cancer,cancer,cancer,[],hz-004935,entry_candidate,raw_ocr,high,1,194,,dictionary/C/C-01.md,hz-004935-cancer,sources/Hezareh_Dictionary_Index/source/Hezareh_Part_01_PDF_0001-0250.md#L26752-L26760,True
Cancer,cancer,cancer,[],hz-004936,entry_candidate,raw_ocr,high,1,194,,dictionary/C/C-01.md,hz-004936-cancer,sources/Hezareh_Dictionary_Index/source/Hezareh_Part_01_PDF_0001-0250.md#L26752-L26760,True
cancerous,cancerous,cancerous,[],hz-004937,entry_candidate,raw_ocr,hint_only,1,194,,dictionary/C/C-02.md,hz-004937-cancerous,sources/Hezareh_Dictionary_Index/source/Hezareh_Part_01_PDF_0001-0250.md#L26674-L26674,False
candelabra,candelabra,candelabra,[],hz-004938,entry_candidate,raw_ocr,high,1,194,,dictionary/C/C-02.md,hz-004938-candelabra,sources/Hezareh_Dictionary_Index/source/Hezareh_Part_01_PDF_0001-0250.md#L26761-L26761,True
candelabrum,candelabrum,candelabrum,[],hz-004939,entry_candidate,raw_ocr,high,1,194,,dictionary/C/C-02.md,hz-004939-candelabrum,sources/Hezareh_Dictionary_Index/source/Hezareh_Part_01_PDF_0001-0250.md#L26762-L26763,True
candid,candid,candid,[],hz-004940,entry_candidate,raw_ocr,high,1,194,,dictionary/C/C-02.md,hz-004940-candid,sources/Hezareh_Dictionary_Index/source/Hezareh_Part_01_PDF_0001-0250.md#L26764-L26767,True
candidacy,candidacy,candidacy,[],hz-004941,entry_candidate,raw_ocr,high,1,194,,dictionary/C/C-02.md,hz-004941-candidacy,sources/Hezareh_Dictionary_Index/source/Hezareh_Part_01_PDF_0001-0250.md#L26768-L26768,True
candidate,candidate,candidate,[],hz-004942,entry_candidate,raw_ocr,high,1,194,,dictionary/C/C-02.md,hz-004942-candidate,sources/Hezareh_Dictionary_Index/source/Hezareh_Part_01_PDF_0001-0250.md#L26769-L26770,True
candidature,candidature,candidature,[],hz-004943,entry_candidate,raw_ocr,high,1,194,,dictionary/C/C-02.md,hz-004943-candidature,sources/Hezareh_Dictionary_Index/source/Hezareh_Part_01_PDF_0001-0250.md#L26771-L26774,True
candidly,candidly,candidly,[],hz-004944,entry_candidate,raw_ocr,hint_only,1,194,,dictionary/C/C-02.md,hz-004944-candidly,sources/Hezareh_Dictionary_Index/source/Hezareh_Part_01_PDF_0001-0250.md#L26674-L26674,False
candied,candied,candied,[],hz-004945,entry_candidate,raw_ocr,high,1,194,,dictionary/C/C-02.md,hz-004945-candied,sources/Hezareh_Dictionary_Index/source/Hezareh_Part_01_PDF_0001-0250.md#L26775-L26776,True
candle,candle,candle,[],hz-004946,entry_candidate,raw_ocr,high,1,194,,dictionary/C/C-02.md,hz-004946-candle,sources/Hezareh_Dictionary_Index/source/Hezareh_Part_01_PDF_0001-0250.md#L26777-L26785,True
candlelight,candlelight,candlelight,[],hz-004947,entry_candidate,raw_ocr,high,1,195,,dictionary/C/C-02.md,hz-004947-candlelight,sources/Hezareh_Dictionary_Index/source/Hezareh_Part_01_PDF_0001-0250.md#L26798-L26803,True
candlelit,candlelit,candlelit,[],hz-004948,entry_candidate,raw_ocr,low,1,195,,dictionary/C/C-02.md,hz-004948-candlelit,sources/Hezareh_Dictionary_Index/source/Hezareh_Part_01_PDF_0001-0250.md#L26804-L26804,True
candlepower,candlepower,candlepower,[],hz-004949,entry_candidate,raw_ocr,medium,1,195,,dictionary/C/C-02.md,hz-004949-candlepower,sources/Hezareh_Dictionary_Index/source/Hezareh_Part_01_PDF_0001-0250.md#L26805-L26807,True
candlewick,candlewick,candlewick,[],hz-004950,entry_candidate,raw_ocr,high,1,195,,dictionary/C/C-02.md,hz-004950-candlewick,sources/Hezareh_Dictionary_Index/source/Hezareh_Part_01_PDF_0001-0250.md#L26808-L26810,True
candor,candor,candor,[],hz-004951,entry_candidate,raw_ocr,high,1,195,,dictionary/C/C-02.md,hz-004951-candor,sources/Hezareh_Dictionary_Index/source/Hezareh_Part_01_PDF_0001-0250.md#L26811-L26811,True
candour,candour,candour,[],hz-004952,entry_candidate,raw_ocr,medium,1,195,,dictionary/C/C-02.md,hz-004952-candour,sources/Hezareh_Dictionary_Index/source/Hezareh_Part_01_PDF_0001-0250.md#L26812-L26813,True
candy,candy,candy,[],hz-004954,entry_candidate,raw_ocr,medium,1,195,,dictionary/C/C-02.md,hz-004954-candy,sources/Hezareh_Dictionary_Index/source/Hezareh_Part_01_PDF_0001-0250.md#L26817-L26821,True
candyfloss,candyfloss,candyfloss,[],hz-004955,entry_candidate,raw_ocr,medium,1,195,,dictionary/C/C-02.md,hz-004955-candyfloss,sources/Hezareh_Dictionary_Index/source/Hezareh_Part_01_PDF_0001-0250.md#L26822-L26828,True
cane,cane,cane,[],hz-004956,entry_candidate,raw_ocr,high,1,195,,dictionary/C/C-02.md,hz-004956-cane,sources/Hezareh_Dictionary_Index/source/Hezareh_Part_01_PDF_0001-0250.md#L26831-L26832,True
cane chair,cane chair,cane chair,[],hz-004966,entry_candidate,raw_ocr,medium,1,195,,dictionary/C/C-02.md,hz-004966-cane-chair,sources/Hezareh_Dictionary_Index/source/Hezareh_Part_01_PDF_0001-0250.md#L26830-L26830,True
Cane Sugar,cane sugar,cane sugar,[],hz-004967,entry_candidate,raw_ocr,high,1,195,,dictionary/C/C-02.md,hz-004967-cane-sugar,sources/Hezareh_Dictionary_Index/source/Hezareh_Part_01_PDF_0001-0250.md#L26831-L26832,True
canebrake,canebrake,canebrake,[],hz-004965,entry_candidate,raw_ocr,medium,1,195,,dictionary/C/C-02.md,hz-004965-canebrake,sources/Hezareh_Dictionary_Index/source/Hezareh_Part_01_PDF_0001-0250.md#L26829-L26829,True
canine,canine,canine,[],hz-004968,entry_candidate,raw_ocr,high,1,195,,dictionary/C/C-02.md,hz-004968-canine,sources/Hezareh_Dictionary_Index/source/Hezareh_Part_01_PDF_0001-0250.md#L26833-L26834,True
canine tooth,canine tooth,canine tooth,[],hz-004969,entry_candidate,raw_ocr,medium,1,195,,dictionary/C/C-02.md,hz-004969-canine-tooth,sources/Hezareh_Dictionary_Index/source/Hezareh_Part_01_PDF_0001-0250.md#L26835-L26836,True
canister,canister,canister,[],hz-004970,entry_candidate,raw_ocr,medium,1,195,,dictionary/C/C-02.md,hz-004970-canister,sources/Hezareh_Dictionary_Index/source/Hezareh_Part_01_PDF_0001-0250.md#L26837-L26839,True
canker,canker,canker,[],hz-004971,entry_candidate,raw_ocr,medium,1,195,,dictionary/C/C-02.md,hz-004971-canker,sources/Hezareh_Dictionary_Index/source/Hezareh_Part_01_PDF_0001-0250.md#L26840-L26844,True
canker sore,canker sore,canker sore,[],hz-004957,entry_candidate,raw_ocr,medium,1,195,,dictionary/C/C-02.md,hz-004957-canker-sore,sources/Hezareh_Dictionary_Index/source/Hezareh_Part_01_PDF_0001-0250.md#L26851-L26851,True
cankerous,cankerous,cankerous,[],hz-004972,entry_candidate,raw_ocr,medium,1,195,,dictionary/C/C-02.md,hz-004972-cankerous,sources/Hezareh_Dictionary_Index/source/Hezareh_Part_01_PDF_0001-0250.md#L26845-L26850,True
cannabiS,cannabis,cannabis,[],hz-004958,entry_candidate,raw_ocr,medium,1,195,,dictionary/C/C-02.md,hz-004958-cannabis,sources/Hezareh_Dictionary_Index/source/Hezareh_Part_01_PDF_0001-0250.md#L26852-L26855,True
canned,canned,canned,[],hz-004959,entry_candidate,raw_ocr,medium,1,195,,dictionary/C/C-02.md,hz-004959-canned,sources/Hezareh_Dictionary_Index/source/Hezareh_Part_01_PDF_0001-0250.md#L26856-L26857,True
canned music,canned music,canned music,[],hz-004960,entry_candidate,raw_ocr,medium,1,195,,dictionary/C/C-02.md,hz-004960-canned-music,sources/Hezareh_Dictionary_Index/source/Hezareh_Part_01_PDF_0001-0250.md#L26856-L26857,True
cannelloni,cannelloni,cannelloni,[],hz-004962,entry_candidate,raw_ocr,medium,1,195,,dictionary/C/C-02.md,hz-004962-cannelloni,sources/Hezareh_Dictionary_Index/source/Hezareh_Part_01_PDF_0001-0250.md#L26858-L26859,True
cannery,cannery,cannery,[],hz-004963,entry_candidate,raw_ocr,hint_only,1,195,,dictionary/C/C-02.md,hz-004963-cannery,sources/Hezareh_Dictionary_Index/source/Hezareh_Part_01_PDF_0001-0250.md#L26789-L26789,False
cannibal,cannibal,cannibal,[],hz-004964,entry_candidate,raw_ocr,low,1,195,,dictionary/C/C-02.md,hz-004964-cannibal,sources/Hezareh_Dictionary_Index/source/Hezareh_Part_01_PDF_0001-0250.md#L26860-L26861,True
cannibalisation,cannibalisation,cannibalisation,[],hz-004961,entry_candidate,raw_ocr,high,1,195,,dictionary/C/C-02.md,hz-004961-cannibalisation,sources/Hezareh_Dictionary_Index/source/Hezareh_Part_01_PDF_0001-0250.md#L26862-L26863,True
cannibalise,cannibalise,cannibalise,[],hz-004973,entry_candidate,raw_ocr,high,1,195,,dictionary/C/C-02.md,hz-004973-cannibalise,sources/Hezareh_Dictionary_Index/source/Hezareh_Part_01_PDF_0001-0250.md#L26864-L26864,True
cannibalism,cannibalism,cannibalism,[],hz-004974,entry_candidate,raw_ocr,high,1,195,,dictionary/C/C-02.md,hz-004974-cannibalism,sources/Hezareh_Dictionary_Index/source/Hezareh_Part_01_PDF_0001-0250.md#L26865-L26868,True
cannibalization,cannibalization,cannibalization,[],hz-004975,entry_candidate,raw_ocr,high,1,195,,dictionary/C/C-02.md,hz-004975-cannibalization,sources/Hezareh_Dictionary_Index/source/Hezareh_Part_01_PDF_0001-0250.md#L26869-L26871,True
cannibalize,cannibalize,cannibalize,[],hz-004976,entry_candidate,raw_ocr,medium,1,195,,dictionary/C/C-02.md,hz-004976-cannibalize,sources/Hezareh_Dictionary_Index/source/Hezareh_Part_01_PDF_0001-0250.md#L26872-L26878,True
cannily,cannily,cannily,[],hz-004977,entry_candidate,raw_ocr,hint_only,1,195,,dictionary/C/C-02.md,hz-004977-cannily,sources/Hezareh_Dictionary_Index/source/Hezareh_Part_01_PDF_0001-0250.md#L26789-L26789,False
canniness,canniness,canniness,[],hz-004978,entry_candidate,raw_ocr,hint_only,1,195,,dictionary/C/C-02.md,hz-004978-canniness,sources/Hezareh_Dictionary_Index/source/Hezareh_Part_01_PDF_0001-0250.md#L26789-L26789,False
cannon,cannon,cannon,[],hz-004979,entry_candidate,raw_ocr,high,1,195,,dictionary/C/C-02.md,hz-004979-cannon,sources/Hezareh_Dictionary_Index/source/Hezareh_Part_01_PDF_0001-0250.md#L26879-L26880,True
cannon against,cannon against,cannon against,[],hz-004980,entry_candidate,raw_ocr,medium,1,195,,dictionary/C/C-02.md,hz-004980-cannon-against,sources/Hezareh_Dictionary_Index/source/Hezareh_Part_01_PDF_0001-0250.md#L26881-L26885,True
cannon ball,cannon ball,cannon ball,[],hz-004982,entry_candidate,raw_ocr,medium,1,195,,dictionary/C/C-02.md,hz-004982-cannon-ball,sources/Hezareh_Dictionary_Index/source/Hezareh_Part_01_PDF_0001-0250.md#L26886-L26886,True
cannon-fodder,cannon-fodder,cannon-fodder,[],hz-004983,entry_candidate,raw_ocr,high,1,195,,dictionary/C/C-02.md,hz-004983-cannon-fodder,sources/Hezareh_Dictionary_Index/source/Hezareh_Part_01_PDF_0001-0250.md#L26887-L26888,True
cannonade,cannonade,cannonade,[],hz-004981,entry_candidate,raw_ocr,hint_only,1,195,,dictionary/C/C-02.md,hz-004981-cannonade,sources/Hezareh_Dictionary_Index/source/Hezareh_Part_01_PDF_0001-0250.md#L26789-L26789,False
cannot,cannot,cannot,[],hz-004984,entry_candidate,raw_ocr,high,1,195,,dictionary/C/C-02.md,hz-004984-cannot,sources/Hezareh_Dictionary_Index/source/Hezareh_Part_01_PDF_0001-0250.md#L26889-L26889,True
canny,canny,canny,[],hz-004985,entry_candidate,raw_ocr,high,1,195,,dictionary/C/C-02.md,hz-004985-canny,sources/Hezareh_Dictionary_Index/source/Hezareh_Part_01_PDF_0001-0250.md#L26890-L26892,True
canoe,canoe,canoe,[],hz-004986,entry_candidate,raw_ocr,medium,1,195,,dictionary/C/C-02.md,hz-004986-canoe,sources/Hezareh_Dictionary_Index/source/Hezareh_Part_01_PDF_0001-0250.md#L26893-L26896,True
canoeist,canoeist,canoeist,[],hz-004987,entry_candidate,raw_ocr,medium,1,196,,dictionary/C/C-02.md,hz-004987-canoeist,sources/Hezareh_Dictionary_Index/source/Hezareh_Part_01_PDF_0001-0250.md#L26912-L26920,True
canon,canon,canon,[],hz-004988,entry_candidate,raw_ocr,medium,1,196,,dictionary/C/C-02.md,hz-004988-canon,sources/Hezareh_Dictionary_Index/source/Hezareh_Part_01_PDF_0001-0250.md#L26929-L26929,True
canon law,canon law,canon law,[],hz-004993,entry_candidate,raw_ocr,medium,1,196,,dictionary/C/C-02.md,hz-004993-canon-law,sources/Hezareh_Dictionary_Index/source/Hezareh_Part_01_PDF_0001-0250.md#L26929-L26929,True
canonicaltb'nomkl,canonicaltb'nomkl,canonicaltb'nomkl,[],hz-004989,entry_candidate,raw_ocr,hint_only,1,196,,dictionary/C/C-02.md,hz-004989-canonicaltb-nomkl,sources/Hezareh_Dictionary_Index/source/Hezareh_Part_01_PDF_0001-0250.md#L26900-L26900,False
canonisation,canonisation,canonisation,[],hz-004990,entry_candidate,raw_ocr,high,1,196,,dictionary/C/C-02.md,hz-004990-canonisation,sources/Hezareh_Dictionary_Index/source/Hezareh_Part_01_PDF_0001-0250.md#L26921-L26922,True
canonise,canonise,canonise,[],hz-004991,entry_candidate,raw_ocr,high,1,196,,dictionary/C/C-02.md,hz-004991-canonise,sources/Hezareh_Dictionary_Index/source/Hezareh_Part_01_PDF_0001-0250.md#L26923-L26925,True
canonize,canonize,canonize,[],hz-004992,entry_candidate,raw_ocr,medium,1,196,,dictionary/C/C-02.md,hz-004992-canonize,sources/Hezareh_Dictionary_Index/source/Hezareh_Part_01_PDF_0001-0250.md#L26926-L26928,True
canopyt'krenap,canopyt'krenap,canopyt'krenap,[],hz-004995,entry_candidate,raw_ocr,hint_only,1,196,,dictionary/C/C-02.md,hz-004995-canopyt-krenap,sources/Hezareh_Dictionary_Index/source/Hezareh_Part_01_PDF_0001-0250.md#L26900-L26900,False
Cantab,cantab,cantab,[],hz-004998,entry_candidate,raw_ocr,high,1,196,,dictionary/C/C-02.md,hz-004998-cantab,sources/Hezareh_Dictionary_Index/source/Hezareh_Part_01_PDF_0001-0250.md#L26946-L26947,True
cantaloup,cantaloup,cantaloup,[],hz-004999,entry_candidate,raw_ocr,medium,1,196,,dictionary/C/C-02.md,hz-004999-cantaloup,sources/Hezareh_Dictionary_Index/source/Hezareh_Part_01_PDF_0001-0250.md#L26948-L26948,True
cantaloupe,cantaloupe,cantaloupe,[],hz-005000,entry_candidate,raw_ocr,high,1,196,,dictionary/C/C-02.md,hz-005000-cantaloupe,sources/Hezareh_Dictionary_Index/source/Hezareh_Part_01_PDF_0001-0250.md#L26949-L26949,True
cantankerOUS,cantankerous,cantankerous,[],hz-005001,entry_candidate,raw_ocr,medium,1,196,,dictionary/C/C-02.md,hz-005001-cantankerous,sources/Hezareh_Dictionary_Index/source/Hezareh_Part_01_PDF_0001-0250.md#L26950-L26952,True
cantata,cantata,cantata,[],hz-004996,entry_candidate,raw_ocr,medium,1,196,,dictionary/C/C-02.md,hz-004996-cantata,sources/Hezareh_Dictionary_Index/source/Hezareh_Part_01_PDF_0001-0250.md#L26953-L26961,True
canteen,canteen,canteen,[],hz-005002,entry_candidate,raw_ocr,high,1,196,,dictionary/C/C-02.md,hz-005002-canteen,sources/Hezareh_Dictionary_Index/source/Hezareh_Part_01_PDF_0001-0250.md#L26962-L26964,True
Canter,canter,canter,[],hz-005003,entry_candidate,raw_ocr,high,1,196,,dictionary/C/C-02.md,hz-005003-canter,sources/Hezareh_Dictionary_Index/source/Hezareh_Part_01_PDF_0001-0250.md#L26965-L26971,True
cantilever,cantilever,cantilever,[],hz-005004,entry_candidate,raw_ocr,high,1,196,,dictionary/C/C-02.md,hz-005004-cantilever,sources/Hezareh_Dictionary_Index/source/Hezareh_Part_01_PDF_0001-0250.md#L26972-L26973,True
cantilever bridge,cantilever bridge,cantilever bridge,[],hz-005005,entry_candidate,raw_ocr,high,1,196,,dictionary/C/C-02.md,hz-005005-cantilever-bridge,sources/Hezareh_Dictionary_Index/source/Hezareh_Part_01_PDF_0001-0250.md#L26974-L26974,True
canto,canto,canto,[],hz-005006,entry_candidate,raw_ocr,high,1,196,,dictionary/C/C-02.md,hz-005006-canto,sources/Hezareh_Dictionary_Index/source/Hezareh_Part_01_PDF_0001-0250.md#L26975-L26978,True
Cantonment,cantonment,cantonment,[],hz-005008,entry_candidate,raw_ocr,high,1,196,,dictionary/C/C-02.md,hz-005008-cantonment,sources/Hezareh_Dictionary_Index/source/Hezareh_Part_01_PDF_0001-0250.md#L26979-L26980,True
cantont'krenton,cantont'krenton,cantont'krenton,[],hz-005007,entry_candidate,raw_ocr,hint_only,1,196,,dictionary/C/C-02.md,hz-005007-cantont-krenton,sources/Hezareh_Dictionary_Index/source/Hezareh_Part_01_PDF_0001-0250.md#L26900-L26900,False
cantor,cantor,cantor,[],hz-005009,entry_candidate,raw_ocr,high,1,196,,dictionary/C/C-02.md,hz-005009-cantor,sources/Hezareh_Dictionary_Index/source/Hezareh_Part_01_PDF_0001-0250.md#L26981-L26982,True
Canuck,canuck,canuck,[],hz-005010,entry_candidate,raw_ocr,high,1,196,,dictionary/C/C-02.md,hz-005010-canuck,sources/Hezareh_Dictionary_Index/source/Hezareh_Part_01_PDF_0001-0250.md#L26983-L26984,True
canvas,canvas,canvas,[],hz-005011,entry_candidate,raw_ocr,high,1,196,,dictionary/C/C-02.md,hz-005011-canvas,sources/Hezareh_Dictionary_Index/source/Hezareh_Part_01_PDF_0001-0250.md#L26985-L26989,True
canvass,canvass,canvass,[],hz-005012,entry_candidate,raw_ocr,high,1,196,,dictionary/C/C-02.md,hz-005012-canvass,sources/Hezareh_Dictionary_Index/source/Hezareh_Part_01_PDF_0001-0250.md#L26990-L26997,True
canyon,canyon,canyon,[],hz-005013,entry_candidate,raw_ocr,high,1,196,,dictionary/C/C-02.md,hz-005013-canyon,sources/Hezareh_Dictionary_Index/source/Hezareh_Part_01_PDF_0001-0250.md#L26998-L26998,True
cap,cap,cap,[],hz-005014,entry_candidate,raw_ocr,high,1,196,,dictionary/C/C-02.md,hz-005014-cap,sources/Hezareh_Dictionary_Index/source/Hezareh_Part_01_PDF_0001-0250.md#L26999-L27010,True
CAP,cap,cap,[],hz-005016,entry_candidate,raw_ocr,high,1,197,,dictionary/C/C-02.md,hz-005016-cap,sources/Hezareh_Dictionary_Index/source/Hezareh_Part_01_PDF_0001-0250.md#L27041-L27045,True
cap a story,cap a story,cap a story,[],hz-005015,entry_candidate,raw_ocr,medium,1,197,,dictionary/C/C-02.md,hz-005015-cap-a-story,sources/Hezareh_Dictionary_Index/source/Hezareh_Part_01_PDF_0001-0250.md#L27035-L27040,True
cap-a-pie,cap-a-pie,cap-a-pie,[],hz-005030,entry_candidate,raw_ocr,medium,1,197,,dictionary/C/C-02.md,hz-005030-cap-a-pie,sources/Hezareh_Dictionary_Index/source/Hezareh_Part_01_PDF_0001-0250.md#L27060-L27061,True
capability,capability,capability,[],hz-005017,entry_candidate,raw_ocr,high,1,197,,dictionary/C/C-02.md,hz-005017-capability,sources/Hezareh_Dictionary_Index/source/Hezareh_Part_01_PDF_0001-0250.md#L27023-L27034,True
capable,capable,capable,[],hz-005018,entry_candidate,raw_ocr,medium,1,197,,dictionary/C/C-02.md,hz-005018-capable,sources/Hezareh_Dictionary_Index/source/Hezareh_Part_01_PDF_0001-0250.md#L27046-L27048,True
capably,capably,capably,[],hz-005019,entry_candidate,raw_ocr,medium,1,197,,dictionary/C/C-02.md,hz-005019-capably,sources/Hezareh_Dictionary_Index/source/Hezareh_Part_01_PDF_0001-0250.md#L27049-L27050,True
capaciOUS,capacious,capacious,[],hz-005020,entry_candidate,raw_ocr,high,1,197,,dictionary/C/C-02.md,hz-005020-capacious,sources/Hezareh_Dictionary_Index/source/Hezareh_Part_01_PDF_0001-0250.md#L27051-L27052,True
capaciousnesS,capaciousness,capaciousness,[],hz-005021,entry_candidate,raw_ocr,medium,1,197,,dictionary/C/C-02.md,hz-005021-capaciousness,sources/Hezareh_Dictionary_Index/source/Hezareh_Part_01_PDF_0001-0250.md#L27053-L27054,True
Capacity,capacity,capacity,[],hz-005022,entry_candidate,raw_ocr,medium,1,197,,dictionary/C/C-02.md,hz-005022-capacity,sources/Hezareh_Dictionary_Index/source/Hezareh_Part_01_PDF_0001-0250.md#L27055-L27059,True
caparison,caparison,caparison,[],hz-005031,entry_candidate,raw_ocr,medium,1,197,,dictionary/C/C-02.md,hz-005031-caparison,sources/Hezareh_Dictionary_Index/source/Hezareh_Part_01_PDF_0001-0250.md#L27062-L27063,True
caparisoned,caparisoned,caparisoned,[],hz-005032,entry_candidate,raw_ocr,medium,1,197,,dictionary/C/C-02.md,hz-005032-caparisoned,sources/Hezareh_Dictionary_Index/source/Hezareh_Part_01_PDF_0001-0250.md#L27064-L27066,True
cape,cape,cape,[],hz-005033,entry_candidate,raw_ocr,medium,1,197,,dictionary/C/C-02.md,hz-005033-cape,sources/Hezareh_Dictionary_Index/source/Hezareh_Part_01_PDF_0001-0250.md#L27067-L27068,True
Cape Coloured,cape coloured,cape coloured,[],hz-005034,entry_candidate,raw_ocr,medium,1,197,,dictionary/C/C-02.md,hz-005034-cape-coloured,sources/Hezareh_Dictionary_Index/source/Hezareh_Part_01_PDF_0001-0250.md#L27069-L27074,True
caped,caped,caped,[],hz-005023,entry_candidate,raw_ocr,high,1,197,,dictionary/C/C-02.md,hz-005023-caped,sources/Hezareh_Dictionary_Index/source/Hezareh_Part_01_PDF_0001-0250.md#L27075-L27075,True
caper',caper',caper',[],hz-005024,entry_candidate,raw_ocr,high,1,197,,dictionary/C/C-02.md,hz-005024-caper,sources/Hezareh_Dictionary_Index/source/Hezareh_Part_01_PDF_0001-0250.md#L27076-L27084,True
capillary,capillary,capillary,[],hz-005025,entry_candidate,raw_ocr,high,1,197,,dictionary/C/C-02.md,hz-005025-capillary,sources/Hezareh_Dictionary_Index/source/Hezareh_Part_01_PDF_0001-0250.md#L27085-L27087,True
capillary action,capillary action,capillary action,[],hz-005026,entry_candidate,raw_ocr,high,1,197,,dictionary/C/C-02.md,hz-005026-capillary-action,sources/Hezareh_Dictionary_Index/source/Hezareh_Part_01_PDF_0001-0250.md#L27088-L27089,True
capillary attraction,capillary attraction,capillary attraction,[],hz-005027,entry_candidate,raw_ocr,high,1,197,,dictionary/C/C-02.md,hz-005027-capillary-attraction,sources/Hezareh_Dictionary_Index/source/Hezareh_Part_01_PDF_0001-0250.md#L27090-L27098,True
capital,capital,capital,[],hz-005028,entry_candidate,raw_ocr,high,1,197,,dictionary/C/C-02.md,hz-005028-capital,sources/Hezareh_Dictionary_Index/source/Hezareh_Part_01_PDF_0001-0250.md#L27099-L27105,True
capital expenditure,capital expenditure,capital expenditure,[],hz-005029,entry_candidate,raw_ocr,high,1,197,,dictionary/C/C-02.md,hz-005029-capital-expenditure,sources/Hezareh_Dictionary_Index/source/Hezareh_Part_01_PDF_0001-0250.md#L27106-L27107,True
capital gain,capital gain,capital gain,[],hz-005035,entry_candidate,raw_ocr,high,1,197,,dictionary/C/C-02.md,hz-005035-capital-gain,sources/Hezareh_Dictionary_Index/source/Hezareh_Part_01_PDF_0001-0250.md#L27108-L27108,True
capital goods,capital goods,capital goods,[],hz-005036,entry_candidate,raw_ocr,high,1,197,,dictionary/C/C-02.md,hz-005036-capital-goods,sources/Hezareh_Dictionary_Index/source/Hezareh_Part_01_PDF_0001-0250.md#L27109-L27122,True
capital letter,capital letter,capital letter,[],hz-005040,entry_candidate,raw_ocr,high,1,198,,dictionary/C/C-02.md,hz-005040-capital-letter,sources/Hezareh_Dictionary_Index/source/Hezareh_Part_01_PDF_0001-0250.md#L27155-L27156,True
capital levy,capital levy,capital levy,[],hz-005041,entry_candidate,raw_ocr,low,1,198,,dictionary/C/C-02.md,hz-005041-capital-levy,sources/Hezareh_Dictionary_Index/source/Hezareh_Part_01_PDF_0001-0250.md#L27157-L27158,True
capital sum,capital sum,capital sum,[],hz-005042,entry_candidate,raw_ocr,high,1,198,,dictionary/C/C-02.md,hz-005042-capital-sum,sources/Hezareh_Dictionary_Index/source/Hezareh_Part_01_PDF_0001-0250.md#L27159-L27161,True
capitalistic,capitalistic,capitalistic,[],hz-005037,entry_candidate,raw_ocr,high,1,198,,dictionary/C/C-02.md,hz-005037-capitalistic,sources/Hezareh_Dictionary_Index/source/Hezareh_Part_01_PDF_0001-0250.md#L27136-L27137,True
capitalization,capitalization,capitalization,[],hz-005038,entry_candidate,raw_ocr,high,1,198,,dictionary/C/C-02.md,hz-005038-capitalization,sources/Hezareh_Dictionary_Index/source/Hezareh_Part_01_PDF_0001-0250.md#L27138-L27144,True
capitalize,capitalize,capitalize,[],hz-005039,entry_candidate,raw_ocr,high,1,198,,dictionary/C/C-02.md,hz-005039-capitalize,sources/Hezareh_Dictionary_Index/source/Hezareh_Part_01_PDF_0001-0250.md#L27145-L27154,True
capitation,capitation,capitation,[],hz-005043,entry_candidate,raw_ocr,medium,1,198,,dictionary/C/C-02.md,hz-005043-capitation,sources/Hezareh_Dictionary_Index/source/Hezareh_Part_01_PDF_0001-0250.md#L27162-L27164,True
Capitol,capitol,capitol,[],hz-005044,entry_candidate,raw_ocr,medium,1,198,,dictionary/C/C-02.md,hz-005044-capitol,sources/Hezareh_Dictionary_Index/source/Hezareh_Part_01_PDF_0001-0250.md#L27165-L27166,True
capitulate,capitulate,capitulate,[],hz-005045,entry_candidate,raw_ocr,high,1,198,,dictionary/C/C-02.md,hz-005045-capitulate,sources/Hezareh_Dictionary_Index/source/Hezareh_Part_01_PDF_0001-0250.md#L27167-L27169,True
capitulation,capitulation,capitulation,[],hz-005046,entry_candidate,raw_ocr,medium,1,198,,dictionary/C/C-02.md,hz-005046-capitulation,sources/Hezareh_Dictionary_Index/source/Hezareh_Part_01_PDF_0001-0250.md#L27170-L27175,True
capon,capon,capon,[],hz-005047,entry_candidate,raw_ocr,hint_only,1,198,,dictionary/C/C-02.md,hz-005047-capon,sources/Hezareh_Dictionary_Index/source/Hezareh_Part_01_PDF_0001-0250.md#L27126-L27126,False
cappuccinO,cappuccino,cappuccino,[],hz-005048,entry_candidate,raw_ocr,high,1,198,,dictionary/C/C-02.md,hz-005048-cappuccino,sources/Hezareh_Dictionary_Index/source/Hezareh_Part_01_PDF_0001-0250.md#L27176-L27177,True
caprice,caprice,caprice,[],hz-005049,entry_candidate,raw_ocr,high,1,198,,dictionary/C/C-02.md,hz-005049-caprice,sources/Hezareh_Dictionary_Index/source/Hezareh_Part_01_PDF_0001-0250.md#L27178-L27179,True
capricioUS,capricious,capricious,[],hz-005050,entry_candidate,raw_ocr,high,1,198,,dictionary/C/C-02.md,hz-005050-capricious,sources/Hezareh_Dictionary_Index/source/Hezareh_Part_01_PDF_0001-0250.md#L27180-L27183,True
capriciously,capriciously,capriciously,[],hz-005051,entry_candidate,raw_ocr,high,1,198,,dictionary/C/C-02.md,hz-005051-capriciously,sources/Hezareh_Dictionary_Index/source/Hezareh_Part_01_PDF_0001-0250.md#L27184-L27188,True
capriciousnesS,capriciousness,capriciousness,[],hz-005052,entry_candidate,raw_ocr,hint_only,1,198,,dictionary/C/C-02.md,hz-005052-capriciousness,sources/Hezareh_Dictionary_Index/source/Hezareh_Part_01_PDF_0001-0250.md#L27126-L27126,False
Capricorn,capricorn,capricorn,[],hz-005053,entry_candidate,raw_ocr,high,1,198,,dictionary/C/C-02.md,hz-005053-capricorn,sources/Hezareh_Dictionary_Index/source/Hezareh_Part_01_PDF_0001-0250.md#L27189-L27192,True
capsicum,capsicum,capsicum,[],hz-005054,entry_candidate,raw_ocr,high,1,198,,dictionary/C/C-02.md,hz-005054-capsicum,sources/Hezareh_Dictionary_Index/source/Hezareh_Part_01_PDF_0001-0250.md#L27193-L27201,True
capsize,capsize,capsize,[],hz-005055,entry_candidate,raw_ocr,medium,1,198,,dictionary/C/C-02.md,hz-005055-capsize,sources/Hezareh_Dictionary_Index/source/Hezareh_Part_01_PDF_0001-0250.md#L27202-L27204,True
Capstan,capstan,capstan,[],hz-005056,entry_candidate,raw_ocr,high,1,198,,dictionary/C/C-02.md,hz-005056-capstan,sources/Hezareh_Dictionary_Index/source/Hezareh_Part_01_PDF_0001-0250.md#L27205-L27206,True
capsule,capsule,capsule,[],hz-005057,entry_candidate,raw_ocr,high,1,198,,dictionary/C/C-02.md,hz-005057-capsule,sources/Hezareh_Dictionary_Index/source/Hezareh_Part_01_PDF_0001-0250.md#L27207-L27209,True
Capt,capt,capt,[],hz-005058,entry_candidate,raw_ocr,high,1,198,,dictionary/C/C-02.md,hz-005058-capt,sources/Hezareh_Dictionary_Index/source/Hezareh_Part_01_PDF_0001-0250.md#L27210-L27211,True
captain,captain,captain,[],hz-005059,entry_candidate,raw_ocr,high,1,198,,dictionary/C/C-02.md,hz-005059-captain,sources/Hezareh_Dictionary_Index/source/Hezareh_Part_01_PDF_0001-0250.md#L27212-L27216,True
captain of industry,captain of industry,captain of industry,[],hz-005061,entry_candidate,raw_ocr,high,1,198,,dictionary/C/C-02.md,hz-005061-captain-of-industry,sources/Hezareh_Dictionary_Index/source/Hezareh_Part_01_PDF_0001-0250.md#L27220-L27221,True
captaincy,captaincy,captaincy,[],hz-005060,entry_candidate,raw_ocr,high,1,198,,dictionary/C/C-02.md,hz-005060-captaincy,sources/Hezareh_Dictionary_Index/source/Hezareh_Part_01_PDF_0001-0250.md#L27217-L27219,True
caption,caption,caption,[],hz-005062,entry_candidate,raw_ocr,high,1,198,,dictionary/C/C-02.md,hz-005062-caption,sources/Hezareh_Dictionary_Index/source/Hezareh_Part_01_PDF_0001-0250.md#L27222-L27228,True
captiOUS,captious,captious,[],hz-005063,entry_candidate,raw_ocr,hint_only,1,198,,dictionary/C/C-02.md,hz-005063-captious,sources/Hezareh_Dictionary_Index/source/Hezareh_Part_01_PDF_0001-0250.md#L27126-L27126,False
captivate,captivate,captivate,[],hz-005064,entry_candidate,raw_ocr,high,1,198,,dictionary/C/C-02.md,hz-005064-captivate,sources/Hezareh_Dictionary_Index/source/Hezareh_Part_01_PDF_0001-0250.md#L27229-L27230,True
captivating,captivating,captivating,[],hz-005065,entry_candidate,raw_ocr,high,1,198,,dictionary/C/C-02.md,hz-005065-captivating,sources/Hezareh_Dictionary_Index/source/Hezareh_Part_01_PDF_0001-0250.md#L27231-L27239,True
captivity,captivity,captivity,[],hz-005066,entry_candidate,raw_ocr,high,1,198,,dictionary/C/C-02.md,hz-005066-captivity,sources/Hezareh_Dictionary_Index/source/Hezareh_Part_01_PDF_0001-0250.md#L27240-L27242,True
captOf,captof,captof,[],hz-005067,entry_candidate,raw_ocr,hint_only,1,198,,dictionary/C/C-02.md,hz-005067-captof,sources/Hezareh_Dictionary_Index/source/Hezareh_Part_01_PDF_0001-0250.md#L27126-L27126,False
capture,capture,capture,[],hz-005068,entry_candidate,raw_ocr,high,1,198,,dictionary/C/C-02.md,hz-005068-capture,sources/Hezareh_Dictionary_Index/source/Hezareh_Part_01_PDF_0001-0250.md#L27243-L27250,True
car,car,car,[],hz-005069,entry_candidate,raw_ocr,high,1,199,,dictionary/C/C-02.md,hz-005069-car,sources/Hezareh_Dictionary_Index/source/Hezareh_Part_01_PDF_0001-0250.md#L27263-L27268,True
car allowance,car allowance,car allowance,[],hz-005071,entry_candidate,raw_ocr,medium,1,199,,dictionary/C/C-02.md,hz-005071-car-allowance,sources/Hezareh_Dictionary_Index/source/Hezareh_Part_01_PDF_0001-0250.md#L27270-L27272,True
car journey,car journey,car journey,[],hz-005153,entry_candidate,raw_ocr,medium,1,202,,dictionary/C/C-02.md,hz-005153-car-journey,sources/Hezareh_Dictionary_Index/source/Hezareh_Part_01_PDF_0001-0250.md#L27645-L27645,True
car park,car park,car park,[],hz-005173,entry_candidate,raw_ocr,high,1,202,,dictionary/C/C-02.md,hz-005173-car-park,sources/Hezareh_Dictionary_Index/source/Hezareh_Part_01_PDF_0001-0250.md#L27700-L27700,True
car transporter,car transporter,car transporter,[],hz-005214,entry_candidate,raw_ocr,high,1,204,,dictionary/C/C-02.md,hz-005214-car-transporter,sources/Hezareh_Dictionary_Index/source/Hezareh_Part_01_PDF_0001-0250.md#L27926-L27926,True
car wash,car wash,car wash,[],hz-005228,entry_candidate,raw_ocr,high,1,204,,dictionary/C/C-02.md,hz-005228-car-wash,sources/Hezareh_Dictionary_Index/source/Hezareh_Part_01_PDF_0001-0250.md#L27964-L27969,True
car-ferry,car-ferry,car-ferry,[],hz-005144,entry_candidate,raw_ocr,high,1,201,,dictionary/C/C-02.md,hz-005144-car-ferry,sources/Hezareh_Dictionary_Index/source/Hezareh_Part_01_PDF_0001-0250.md#L27611-L27611,True
carafe,carafe,carafe,[],hz-005070,entry_candidate,raw_ocr,high,1,199,,dictionary/C/C-02.md,hz-005070-carafe,sources/Hezareh_Dictionary_Index/source/Hezareh_Part_01_PDF_0001-0250.md#L27269-L27269,True
caramel,caramel,caramel,[],hz-005072,entry_candidate,raw_ocr,medium,1,199,,dictionary/C/C-02.md,hz-005072-caramel,sources/Hezareh_Dictionary_Index/source/Hezareh_Part_01_PDF_0001-0250.md#L27273-L27273,True
caramelise,caramelise,caramelise,[],hz-005073,entry_candidate,raw_ocr,high,1,199,,dictionary/C/C-02.md,hz-005073-caramelise,sources/Hezareh_Dictionary_Index/source/Hezareh_Part_01_PDF_0001-0250.md#L27274-L27274,True
caramelize,caramelize,caramelize,[],hz-005074,entry_candidate,raw_ocr,medium,1,199,,dictionary/C/C-02.md,hz-005074-caramelize,sources/Hezareh_Dictionary_Index/source/Hezareh_Part_01_PDF_0001-0250.md#L27275-L27278,True
carapace,carapace,carapace,[],hz-005075,entry_candidate,raw_ocr,medium,1,199,,dictionary/C/C-02.md,hz-005075-carapace,sources/Hezareh_Dictionary_Index/source/Hezareh_Part_01_PDF_0001-0250.md#L27279-L27280,True
carat,carat,carat,[],hz-005076,entry_candidate,raw_ocr,low,1,199,,dictionary/C/C-02.md,hz-005076-carat,sources/Hezareh_Dictionary_Index/source/Hezareh_Part_01_PDF_0001-0250.md#L27281-L27282,True
caravan,caravan,caravan,[],hz-005077,entry_candidate,raw_ocr,high,1,199,,dictionary/C/C-02.md,hz-005077-caravan,sources/Hezareh_Dictionary_Index/source/Hezareh_Part_01_PDF_0001-0250.md#L27283-L27288,True
caravanning,caravanning,caravanning,[],hz-005078,entry_candidate,raw_ocr,low,1,199,,dictionary/C/C-02.md,hz-005078-caravanning,sources/Hezareh_Dictionary_Index/source/Hezareh_Part_01_PDF_0001-0250.md#L27283-L27288,True
caravansary,caravansary,caravansary,[],hz-005079,entry_candidate,raw_ocr,medium,1,199,,dictionary/C/C-02.md,hz-005079-caravansary,sources/Hezareh_Dictionary_Index/source/Hezareh_Part_01_PDF_0001-0250.md#L27289-L27290,True
caravanseral,caravanseral,caravanseral,[],hz-005080,entry_candidate,raw_ocr,hint_only,1,199,,dictionary/C/C-02.md,hz-005080-caravanseral,sources/Hezareh_Dictionary_Index/source/Hezareh_Part_01_PDF_0001-0250.md#L27254-L27254,False
caraway,caraway,caraway,[],hz-005081,entry_candidate,raw_ocr,medium,1,199,,dictionary/C/C-02.md,hz-005081-caraway,sources/Hezareh_Dictionary_Index/source/Hezareh_Part_01_PDF_0001-0250.md#L27291-L27293,True
carbide,carbide,carbide,[],hz-005082,entry_candidate,raw_ocr,hint_only,1,199,,dictionary/C/C-02.md,hz-005082-carbide,sources/Hezareh_Dictionary_Index/source/Hezareh_Part_01_PDF_0001-0250.md#L27254-L27254,False
carbine,carbine,carbine,[],hz-005083,entry_candidate,raw_ocr,medium,1,199,,dictionary/C/C-02.md,hz-005083-carbine,sources/Hezareh_Dictionary_Index/source/Hezareh_Part_01_PDF_0001-0250.md#L27294-L27294,True
carbohydrate,carbohydrate,carbohydrate,[],hz-005084,entry_candidate,raw_ocr,high,1,199,,dictionary/C/C-02.md,hz-005084-carbohydrate,sources/Hezareh_Dictionary_Index/source/Hezareh_Part_01_PDF_0001-0250.md#L27295-L27296,True
carbolic,carbolic,carbolic,[],hz-005085,entry_candidate,raw_ocr,high,1,199,,dictionary/C/C-02.md,hz-005085-carbolic,sources/Hezareh_Dictionary_Index/source/Hezareh_Part_01_PDF_0001-0250.md#L27297-L27297,True
carbolic acid,carbolic acid,carbolic acid,[],hz-005086,entry_candidate,raw_ocr,high,1,199,,dictionary/C/C-02.md,hz-005086-carbolic-acid,sources/Hezareh_Dictionary_Index/source/Hezareh_Part_01_PDF_0001-0250.md#L27298-L27301,True
carbon,carbon,carbon,[],hz-005087,entry_candidate,raw_ocr,high,1,199,,dictionary/C/C-02.md,hz-005087-carbon,sources/Hezareh_Dictionary_Index/source/Hezareh_Part_01_PDF_0001-0250.md#L27304-L27305,True
carbon black,carbon black,carbon black,[],hz-005089,entry_candidate,raw_ocr,high,1,199,,dictionary/C/C-02.md,hz-005089-carbon-black,sources/Hezareh_Dictionary_Index/source/Hezareh_Part_01_PDF_0001-0250.md#L27304-L27305,True
carbon dating,carbon dating,carbon dating,[],hz-005090,entry_candidate,raw_ocr,medium,1,199,,dictionary/C/C-02.md,hz-005090-carbon-dating,sources/Hezareh_Dictionary_Index/source/Hezareh_Part_01_PDF_0001-0250.md#L27306-L27307,True
carbon dioxide,carbon dioxide,carbon dioxide,[],hz-005091,entry_candidate,raw_ocr,high,1,199,,dictionary/C/C-02.md,hz-005091-carbon-dioxide,sources/Hezareh_Dictionary_Index/source/Hezareh_Part_01_PDF_0001-0250.md#L27308-L27309,True
carbon monoxide,carbon monoxide,carbon monoxide,[],hz-005097,entry_candidate,raw_ocr,high,1,199,,dictionary/C/C-02.md,hz-005097-carbon-monoxide,sources/Hezareh_Dictionary_Index/source/Hezareh_Part_01_PDF_0001-0250.md#L27323-L27324,True
carbon paper,carbon paper,carbon paper,[],hz-005098,entry_candidate,raw_ocr,medium,1,199,,dictionary/C/C-02.md,hz-005098-carbon-paper,sources/Hezareh_Dictionary_Index/source/Hezareh_Part_01_PDF_0001-0250.md#L27325-L27325,True
carbonated,carbonated,carbonated,[],hz-005088,entry_candidate,raw_ocr,medium,1,199,,dictionary/C/C-02.md,hz-005088-carbonated,sources/Hezareh_Dictionary_Index/source/Hezareh_Part_01_PDF_0001-0250.md#L27302-L27303,True
carbonic acid,carbonic acid,carbonic acid,[],hz-005092,entry_candidate,raw_ocr,medium,1,199,,dictionary/C/C-02.md,hz-005092-carbonic-acid,sources/Hezareh_Dictionary_Index/source/Hezareh_Part_01_PDF_0001-0250.md#L27310-L27313,True
carboniferous,carboniferous,carboniferous,[],hz-005093,entry_candidate,raw_ocr,high,1,199,,dictionary/C/C-02.md,hz-005093-carboniferous,sources/Hezareh_Dictionary_Index/source/Hezareh_Part_01_PDF_0001-0250.md#L27314-L27317,True
Carboniferous,carboniferous,carboniferous,[],hz-005094,entry_candidate,raw_ocr,high,1,199,,dictionary/C/C-02.md,hz-005094-carboniferous,sources/Hezareh_Dictionary_Index/source/Hezareh_Part_01_PDF_0001-0250.md#L27314-L27317,True
carbonization,carbonization,carbonization,[],hz-005095,entry_candidate,raw_ocr,high,1,199,,dictionary/C/C-02.md,hz-005095-carbonization,sources/Hezareh_Dictionary_Index/source/Hezareh_Part_01_PDF_0001-0250.md#L27318-L27319,True
carbonize,carbonize,carbonize,[],hz-005096,entry_candidate,raw_ocr,medium,1,199,,dictionary/C/C-02.md,hz-005096-carbonize,sources/Hezareh_Dictionary_Index/source/Hezareh_Part_01_PDF_0001-0250.md#L27320-L27322,True
carborundum,carborundum,carborundum,[],hz-005099,entry_candidate,raw_ocr,medium,1,199,,dictionary/C/C-02.md,hz-005099-carborundum,sources/Hezareh_Dictionary_Index/source/Hezareh_Part_01_PDF_0001-0250.md#L27326-L27327,True
carboy,carboy,carboy,[],hz-005100,entry_candidate,raw_ocr,low,1,199,,dictionary/C/C-02.md,hz-005100-carboy,sources/Hezareh_Dictionary_Index/source/Hezareh_Part_01_PDF_0001-0250.md#L27328-L27330,True
carbuncle,carbuncle,carbuncle,[],hz-005101,entry_candidate,raw_ocr,hint_only,1,199,,dictionary/C/C-02.md,hz-005101-carbuncle,sources/Hezareh_Dictionary_Index/source/Hezareh_Part_01_PDF_0001-0250.md#L27254-L27254,False
carburetor,carburetor,carburetor,[],hz-005102,entry_candidate,raw_ocr,high,1,199,,dictionary/C/C-02.md,hz-005102-carburetor,sources/Hezareh_Dictionary_Index/source/Hezareh_Part_01_PDF_0001-0250.md#L27331-L27331,True
carburettor,carburettor,carburettor,[],hz-005103,entry_candidate,raw_ocr,high,1,199,,dictionary/C/C-02.md,hz-005103-carburettor,sources/Hezareh_Dictionary_Index/source/Hezareh_Part_01_PDF_0001-0250.md#L27332-L27333,True
carcase,carcase,carcase,[],hz-005104,entry_candidate,raw_ocr,high,1,199,,dictionary/C/C-02.md,hz-005104-carcase,sources/Hezareh_Dictionary_Index/source/Hezareh_Part_01_PDF_0001-0250.md#L27334-L27351,True
card,card,card,[],hz-005105,entry_candidate,raw_ocr,low,1,199,,dictionary/C/C-02.md,hz-005105-card,sources/Hezareh_Dictionary_Index/source/Hezareh_Part_01_PDF_0001-0250.md#L27352-L27357,True
card,card,card,[],hz-005109,entry_candidate,raw_ocr,high,1,200,,dictionary/C/C-02.md,hz-005109-card,sources/Hezareh_Dictionary_Index/source/Hezareh_Part_01_PDF_0001-0250.md#L27401-L27402,True
card catalogue,card catalogue,card catalogue,[],hz-005113,entry_candidate,raw_ocr,high,1,200,,dictionary/C/C-02.md,hz-005113-card-catalogue,sources/Hezareh_Dictionary_Index/source/Hezareh_Part_01_PDF_0001-0250.md#L27401-L27402,True
card game,card game,card game,[],hz-005114,entry_candidate,raw_ocr,medium,1,200,,dictionary/C/C-02.md,hz-005114-card-game,sources/Hezareh_Dictionary_Index/source/Hezareh_Part_01_PDF_0001-0250.md#L27403-L27407,True
card index,card index,card index,[],hz-005118,entry_candidate,raw_ocr,high,1,200,,dictionary/C/C-02.md,hz-005118-card-index,sources/Hezareh_Dictionary_Index/source/Hezareh_Part_01_PDF_0001-0250.md#L27432-L27433,True
card table,card table,card table,[],hz-005124,entry_candidate,raw_ocr,high,1,200,,dictionary/C/C-02.md,hz-005124-card-table,sources/Hezareh_Dictionary_Index/source/Hezareh_Part_01_PDF_0001-0250.md#L27447-L27447,True
card trick,card trick,card trick,[],hz-005125,entry_candidate,raw_ocr,high,1,200,,dictionary/C/C-02.md,hz-005125-card-trick,sources/Hezareh_Dictionary_Index/source/Hezareh_Part_01_PDF_0001-0250.md#L27448-L27480,True
card-carrying member,card-carrying member,card-carrying member,[],hz-005112,entry_candidate,raw_ocr,high,1,200,,dictionary/C/C-02.md,hz-005112-card-carrying-member,sources/Hezareh_Dictionary_Index/source/Hezareh_Part_01_PDF_0001-0250.md#L27399-L27400,True
cardamom,cardamom,cardamom,[],hz-005110,entry_candidate,raw_ocr,medium,1,200,,dictionary/C/C-02.md,hz-005110-cardamom,sources/Hezareh_Dictionary_Index/source/Hezareh_Part_01_PDF_0001-0250.md#L27396-L27396,True
cardboard,cardboard,cardboard,[],hz-005111,entry_candidate,raw_ocr,medium,1,200,,dictionary/C/C-02.md,hz-005111-cardboard,sources/Hezareh_Dictionary_Index/source/Hezareh_Part_01_PDF_0001-0250.md#L27397-L27398,True
cardiac,cardiac,cardiac,[],hz-005115,entry_candidate,raw_ocr,medium,1,200,,dictionary/C/C-02.md,hz-005115-cardiac,sources/Hezareh_Dictionary_Index/source/Hezareh_Part_01_PDF_0001-0250.md#L27408-L27410,True
cardigan,cardigan,cardigan,[],hz-005116,entry_candidate,raw_ocr,high,1,200,,dictionary/C/C-02.md,hz-005116-cardigan,sources/Hezareh_Dictionary_Index/source/Hezareh_Part_01_PDF_0001-0250.md#L27411-L27416,True
cardinal,cardinal,cardinal,[],hz-005117,entry_candidate,raw_ocr,medium,1,200,,dictionary/C/C-02.md,hz-005117-cardinal,sources/Hezareh_Dictionary_Index/source/Hezareh_Part_01_PDF_0001-0250.md#L27417-L27431,True
Cardinal,cardinal,cardinal,[],hz-038854,entry_candidate,raw_ocr,high,8,1971,,dictionary/C/C-02.md,hz-038854-cardinal,sources/Hezareh_Dictionary_Index/source/Hezareh_Part_08_PDF_1751-1976.md#L25707-L25710,True
Cardinal,cardinal,cardinal,[],hz-038914,entry_candidate,raw_ocr,hint_only,8,1972,,dictionary/C/C-02.md,hz-038914-cardinal,sources/Hezareh_Dictionary_Index/source/Hezareh_Part_08_PDF_1751-1976.md#L25836-L25836,False
cardio-,cardio-,cardio-,[],hz-038781,entry_candidate,raw_ocr,high,8,1961,,dictionary/C/C-02.md,hz-038781-cardio,sources/Hezareh_Dictionary_Index/source/Hezareh_Part_08_PDF_1751-1976.md#L24783-L24794,True
cardiogram,cardiogram,cardiogram,[],hz-005119,entry_candidate,raw_ocr,high,1,200,,dictionary/C/C-02.md,hz-005119-cardiogram,sources/Hezareh_Dictionary_Index/source/Hezareh_Part_01_PDF_0001-0250.md#L27434-L27435,True
cardiograph,cardiograph,cardiograph,[],hz-005120,entry_candidate,raw_ocr,high,1,200,,dictionary/C/C-02.md,hz-005120-cardiograph,sources/Hezareh_Dictionary_Index/source/Hezareh_Part_01_PDF_0001-0250.md#L27436-L27439,True
cardiography,cardiography,cardiography,[],hz-005121,entry_candidate,raw_ocr,hint_only,1,200,,dictionary/C/C-02.md,hz-005121-cardiography,sources/Hezareh_Dictionary_Index/source/Hezareh_Part_01_PDF_0001-0250.md#L27365-L27365,False
cardiologist,cardiologist,cardiologist,[],hz-005122,entry_candidate,raw_ocr,high,1,200,,dictionary/C/C-02.md,hz-005122-cardiologist,sources/Hezareh_Dictionary_Index/source/Hezareh_Part_01_PDF_0001-0250.md#L27440-L27441,True
cardiology,cardiology,cardiology,[],hz-005123,entry_candidate,raw_ocr,high,1,200,,dictionary/C/C-02.md,hz-005123-cardiology,sources/Hezareh_Dictionary_Index/source/Hezareh_Part_01_PDF_0001-0250.md#L27442-L27446,True
care laden,care laden,care laden,[],hz-005133,entry_candidate,raw_ocr,hint_only,1,201,,dictionary/C/C-02.md,hz-005133-care-laden,sources/Hezareh_Dictionary_Index/source/Hezareh_Part_01_PDF_0001-0250.md#L27484-L27484,False
careen,careen,careen,[],hz-005126,entry_candidate,raw_ocr,high,1,201,,dictionary/C/C-02.md,hz-005126-careen,sources/Hezareh_Dictionary_Index/source/Hezareh_Part_01_PDF_0001-0250.md#L27536-L27556,True
career girl,career girl,career girl,[],hz-005127,entry_candidate,raw_ocr,high,1,201,,dictionary/C/C-02.md,hz-005127-career-girl,sources/Hezareh_Dictionary_Index/source/Hezareh_Part_01_PDF_0001-0250.md#L27557-L27560,True
career woman,career woman,career woman,[],hz-005129,entry_candidate,raw_ocr,high,1,201,,dictionary/C/C-02.md,hz-005129-career-woman,sources/Hezareh_Dictionary_Index/source/Hezareh_Part_01_PDF_0001-0250.md#L27565-L27579,True
careerist,careerist,careerist,[],hz-005128,entry_candidate,raw_ocr,medium,1,201,,dictionary/C/C-02.md,hz-005128-careerist,sources/Hezareh_Dictionary_Index/source/Hezareh_Part_01_PDF_0001-0250.md#L27561-L27564,True
carefully,carefully,carefully,[],hz-005132,entry_candidate,raw_ocr,low,1,201,,dictionary/C/C-02.md,hz-005132-carefully,sources/Hezareh_Dictionary_Index/source/Hezareh_Part_01_PDF_0001-0250.md#L27580-L27581,True
carefulness,carefulness,carefulness,[],hz-005131,entry_candidate,raw_ocr,medium,1,201,,dictionary/C/C-02.md,hz-005131-carefulness,sources/Hezareh_Dictionary_Index/source/Hezareh_Part_01_PDF_0001-0250.md#L27582-L27583,True
careless,careless,careless,[],hz-005134,entry_candidate,raw_ocr,medium,1,201,,dictionary/C/C-02.md,hz-005134-careless,sources/Hezareh_Dictionary_Index/source/Hezareh_Part_01_PDF_0001-0250.md#L27584-L27588,True
carelessly,carelessly,carelessly,[],hz-005135,entry_candidate,raw_ocr,medium,1,201,,dictionary/C/C-02.md,hz-005135-carelessly,sources/Hezareh_Dictionary_Index/source/Hezareh_Part_01_PDF_0001-0250.md#L27589-L27590,True
carelessness,carelessness,carelessness,[],hz-005136,entry_candidate,raw_ocr,medium,1,201,,dictionary/C/C-02.md,hz-005136-carelessness,sources/Hezareh_Dictionary_Index/source/Hezareh_Part_01_PDF_0001-0250.md#L27591-L27595,True
carer,carer,carer,[],hz-005137,entry_candidate,raw_ocr,hint_only,1,201,,dictionary/C/C-02.md,hz-005137-carer,sources/Hezareh_Dictionary_Index/source/Hezareh_Part_01_PDF_0001-0250.md#L27484-L27484,False
caress,caress,caress,[],hz-005138,entry_candidate,raw_ocr,high,1,201,,dictionary/C/C-02.md,hz-005138-caress,sources/Hezareh_Dictionary_Index/source/Hezareh_Part_01_PDF_0001-0250.md#L27596-L27601,True
caressingly,caressingly,caressingly,[],hz-005140,entry_candidate,raw_ocr,hint_only,1,201,,dictionary/C/C-02.md,hz-005140-caressingly,sources/Hezareh_Dictionary_Index/source/Hezareh_Part_01_PDF_0001-0250.md#L27484-L27484,False
caressingtka'rcsrQ,caressingtka'rcsrq,caressingtka'rcsrq,[],hz-005139,entry_candidate,raw_ocr,hint_only,1,201,,dictionary/C/C-02.md,hz-005139-caressingtka-rcsrq,sources/Hezareh_Dictionary_Index/source/Hezareh_Part_01_PDF_0001-0250.md#L27484-L27484,False
caret,caret,caret,[],hz-005141,entry_candidate,raw_ocr,medium,1,201,,dictionary/C/C-02.md,hz-005141-caret,sources/Hezareh_Dictionary_Index/source/Hezareh_Part_01_PDF_0001-0250.md#L27602-L27602,True
caretaker,caretaker,caretaker,[],hz-005142,entry_candidate,raw_ocr,medium,1,201,,dictionary/C/C-02.md,hz-005142-caretaker,sources/Hezareh_Dictionary_Index/source/Hezareh_Part_01_PDF_0001-0250.md#L27603-L27606,True
careworn,careworn,careworn,[],hz-005143,entry_candidate,raw_ocr,medium,1,201,,dictionary/C/C-02.md,hz-005143-careworn,sources/Hezareh_Dictionary_Index/source/Hezareh_Part_01_PDF_0001-0250.md#L27607-L27610,True
cargo,cargo,cargo,[],hz-005145,entry_candidate,raw_ocr,high,1,201,,dictionary/C/C-02.md,hz-005145-cargo,sources/Hezareh_Dictionary_Index/source/Hezareh_Part_01_PDF_0001-0250.md#L27612-L27615,True
caribou,caribou,caribou,[],hz-005146,entry_candidate,raw_ocr,high,1,201,,dictionary/C/C-02.md,hz-005146-caribou,sources/Hezareh_Dictionary_Index/source/Hezareh_Part_01_PDF_0001-0250.md#L27616-L27617,True
caricature,caricature,caricature,[],hz-005147,entry_candidate,raw_ocr,medium,1,201,,dictionary/C/C-02.md,hz-005147-caricature,sources/Hezareh_Dictionary_Index/source/Hezareh_Part_01_PDF_0001-0250.md#L27618-L27621,True
caricaturist,caricaturist,caricaturist,[],hz-005148,entry_candidate,raw_ocr,low,1,202,,dictionary/C/C-02.md,hz-005148-caricaturist,sources/Hezareh_Dictionary_Index/source/Hezareh_Part_01_PDF_0001-0250.md#L27635-L27635,True
carieS,caries,caries,[],hz-005149,entry_candidate,raw_ocr,medium,1,202,,dictionary/C/C-02.md,hz-005149-caries,sources/Hezareh_Dictionary_Index/source/Hezareh_Part_01_PDF_0001-0250.md#L27636-L27637,True
carillon,carillon,carillon,[],hz-005150,entry_candidate,raw_ocr,medium,1,202,,dictionary/C/C-02.md,hz-005150-carillon,sources/Hezareh_Dictionary_Index/source/Hezareh_Part_01_PDF_0001-0250.md#L27638-L27639,True
caring,caring,caring,[],hz-005151,entry_candidate,raw_ocr,low,1,202,,dictionary/C/C-02.md,hz-005151-caring,sources/Hezareh_Dictionary_Index/source/Hezareh_Part_01_PDF_0001-0250.md#L27640-L27642,True
cariOUS,carious,carious,[],hz-005152,entry_candidate,raw_ocr,medium,1,202,,dictionary/C/C-02.md,hz-005152-carious,sources/Hezareh_Dictionary_Index/source/Hezareh_Part_01_PDF_0001-0250.md#L27643-L27644,True
carload,carload,carload,[],hz-005166,entry_candidate,raw_ocr,medium,1,202,,dictionary/C/C-02.md,hz-005166-carload,sources/Hezareh_Dictionary_Index/source/Hezareh_Part_01_PDF_0001-0250.md#L27646-L27649,True
carmine,carmine,carmine,[],hz-005155,entry_candidate,raw_ocr,medium,1,202,,dictionary/C/C-02.md,hz-005155-carmine,sources/Hezareh_Dictionary_Index/source/Hezareh_Part_01_PDF_0001-0250.md#L27650-L27655,True
carnal,carnal,carnal,[],hz-005156,entry_candidate,raw_ocr,high,1,202,,dictionary/C/C-02.md,hz-005156-carnal,sources/Hezareh_Dictionary_Index/source/Hezareh_Part_01_PDF_0001-0250.md#L27656-L27657,True
carnal knowledge,carnal knowledge,carnal knowledge,[],hz-005157,entry_candidate,raw_ocr,high,1,202,,dictionary/C/C-02.md,hz-005157-carnal-knowledge,sources/Hezareh_Dictionary_Index/source/Hezareh_Part_01_PDF_0001-0250.md#L27656-L27657,True
carnally,carnally,carnally,[],hz-005158,entry_candidate,raw_ocr,medium,1,202,,dictionary/C/C-02.md,hz-005158-carnally,sources/Hezareh_Dictionary_Index/source/Hezareh_Part_01_PDF_0001-0250.md#L27658-L27660,True
CarnatiOn,carnation,carnation,[],hz-005159,entry_candidate,raw_ocr,medium,1,202,,dictionary/C/C-02.md,hz-005159-carnation,sources/Hezareh_Dictionary_Index/source/Hezareh_Part_01_PDF_0001-0250.md#L27661-L27662,True
carnival,carnival,carnival,[],hz-005160,entry_candidate,raw_ocr,medium,1,202,,dictionary/C/C-02.md,hz-005160-carnival,sources/Hezareh_Dictionary_Index/source/Hezareh_Part_01_PDF_0001-0250.md#L27663-L27664,True
carnivora,carnivora,carnivora,[],hz-005161,entry_candidate,raw_ocr,low,1,202,,dictionary/C/C-02.md,hz-005161-carnivora,sources/Hezareh_Dictionary_Index/source/Hezareh_Part_01_PDF_0001-0250.md#L27665-L27665,True
carnivore,carnivore,carnivore,[],hz-005162,entry_candidate,raw_ocr,medium,1,202,,dictionary/C/C-02.md,hz-005162-carnivore,sources/Hezareh_Dictionary_Index/source/Hezareh_Part_01_PDF_0001-0250.md#L27666-L27666,True
carnivorous,carnivorous,carnivorous,[],hz-005163,entry_candidate,raw_ocr,medium,1,202,,dictionary/C/C-02.md,hz-005163-carnivorous,sources/Hezareh_Dictionary_Index/source/Hezareh_Part_01_PDF_0001-0250.md#L27667-L27667,True
carol,carol,carol,[],hz-005164,entry_candidate,raw_ocr,high,1,202,,dictionary/C/C-02.md,hz-005164-carol,sources/Hezareh_Dictionary_Index/source/Hezareh_Part_01_PDF_0001-0250.md#L27668-L27673,True
caroller,caroller,caroller,[],hz-005165,entry_candidate,raw_ocr,medium,1,202,,dictionary/C/C-02.md,hz-005165-caroller,sources/Hezareh_Dictionary_Index/source/Hezareh_Part_01_PDF_0001-0250.md#L27674-L27686,True
carousal,carousal,carousal,[],hz-005167,entry_candidate,raw_ocr,medium,1,202,,dictionary/C/C-02.md,hz-005167-carousal,sources/Hezareh_Dictionary_Index/source/Hezareh_Part_01_PDF_0001-0250.md#L27687-L27690,True
carousel,carousel,carousel,[],hz-005170,entry_candidate,raw_ocr,high,1,202,,dictionary/C/C-02.md,hz-005170-carousel,sources/Hezareh_Dictionary_Index/source/Hezareh_Part_01_PDF_0001-0250.md#L27691-L27695,True
carp,carp,carp,[],hz-005171,entry_candidate,raw_ocr,high,1,202,,dictionary/C/C-02.md,hz-005171-carp,sources/Hezareh_Dictionary_Index/source/Hezareh_Part_01_PDF_0001-0250.md#L27696-L27697,True
carpal,carpal,carpal,[],hz-005172,entry_candidate,raw_ocr,high,1,202,,dictionary/C/C-02.md,hz-005172-carpal,sources/Hezareh_Dictionary_Index/source/Hezareh_Part_01_PDF_0001-0250.md#L27698-L27699,True
carpenter,carpenter,carpenter,[],hz-005174,entry_candidate,raw_ocr,high,1,202,,dictionary/C/C-02.md,hz-005174-carpenter,sources/Hezareh_Dictionary_Index/source/Hezareh_Part_01_PDF_0001-0250.md#L27701-L27702,True
carpentry,carpentry,carpentry,[],hz-005168,entry_candidate,raw_ocr,high,1,202,,dictionary/C/C-02.md,hz-005168-carpentry,sources/Hezareh_Dictionary_Index/source/Hezareh_Part_01_PDF_0001-0250.md#L27703-L27703,True
carpet,carpet,carpet,[],hz-005169,entry_candidate,raw_ocr,high,1,202,,dictionary/C/C-02.md,hz-005169-carpet,sources/Hezareh_Dictionary_Index/source/Hezareh_Part_01_PDF_0001-0250.md#L27704-L27713,True
carpet-bagger,carpet-bagger,carpet-bagger,[],hz-005175,entry_candidate,raw_ocr,high,1,202,,dictionary/C/C-02.md,hz-005175-carpet-bagger,sources/Hezareh_Dictionary_Index/source/Hezareh_Part_01_PDF_0001-0250.md#L27714-L27718,True
carpet-knight,carpet-knight,carpet-knight,[],hz-005176,entry_candidate,raw_ocr,high,1,202,,dictionary/C/C-02.md,hz-005176-carpet-knight,sources/Hezareh_Dictionary_Index/source/Hezareh_Part_01_PDF_0001-0250.md#L27719-L27720,True
carpet-slippers,carpet-slippers,carpet-slippers,[],hz-005177,entry_candidate,raw_ocr,high,1,202,,dictionary/C/C-02.md,hz-005177-carpet-slippers,sources/Hezareh_Dictionary_Index/source/Hezareh_Part_01_PDF_0001-0250.md#L27721-L27722,True
Carpet-sweeper,carpet-sweeper,carpet-sweeper,[],hz-005178,entry_candidate,raw_ocr,high,1,202,,dictionary/C/C-02.md,hz-005178-carpet-sweeper,sources/Hezareh_Dictionary_Index/source/Hezareh_Part_01_PDF_0001-0250.md#L27723-L27724,True
carport,carport,carport,[],hz-005179,entry_candidate,raw_ocr,hint_only,1,202,,dictionary/C/C-02.md,hz-005179-carport,sources/Hezareh_Dictionary_Index/source/Hezareh_Part_01_PDF_0001-0250.md#L27625-L27625,False
carriage,carriage,carriage,[],hz-005180,entry_candidate,raw_ocr,high,1,202,,dictionary/C/C-02.md,hz-005180-carriage,sources/Hezareh_Dictionary_Index/source/Hezareh_Part_01_PDF_0001-0250.md#L27725-L27730,True
carriage paid,carriage paid,carriage paid,[],hz-005182,entry_candidate,raw_ocr,medium,1,203,,dictionary/C/C-02.md,hz-005182-carriage-paid,sources/Hezareh_Dictionary_Index/source/Hezareh_Part_01_PDF_0001-0250.md#L27751-L27754,True
carriage trade,carriage trade,carriage trade,[],hz-005183,entry_candidate,raw_ocr,high,1,203,,dictionary/C/C-02.md,hz-005183-carriage-trade,sources/Hezareh_Dictionary_Index/source/Hezareh_Part_01_PDF_0001-0250.md#L27748-L27750,True
carriageway,carriageway,carriageway,[],hz-005184,entry_candidate,raw_ocr,medium,1,203,,dictionary/C/C-02.md,hz-005184-carriageway,sources/Hezareh_Dictionary_Index/source/Hezareh_Part_01_PDF_0001-0250.md#L27755-L27756,True
carrier,carrier,carrier,[],hz-005185,entry_candidate,raw_ocr,low,1,203,,dictionary/C/C-02.md,hz-005185-carrier,sources/Hezareh_Dictionary_Index/source/Hezareh_Part_01_PDF_0001-0250.md#L27757-L27761,True
carrier-bag,carrier-bag,carrier-bag,[],hz-005186,entry_candidate,raw_ocr,medium,1,203,,dictionary/C/C-02.md,hz-005186-carrier-bag,sources/Hezareh_Dictionary_Index/source/Hezareh_Part_01_PDF_0001-0250.md#L27762-L27765,True
carrier-pigeon I 'krem prdsm,carrier-pigeon i 'krem prdsm,carrier-pigeon i 'krem prdsm,[],hz-005187,entry_candidate,raw_ocr,hint_only,1,203,,dictionary/C/C-02.md,hz-005187-carrier-pigeon-i-krem-prdsm,sources/Hezareh_Dictionary_Index/source/Hezareh_Part_01_PDF_0001-0250.md#L27739-L27739,False
carrion,carrion,carrion,[],hz-005188,entry_candidate,raw_ocr,medium,1,203,,dictionary/C/C-02.md,hz-005188-carrion,sources/Hezareh_Dictionary_Index/source/Hezareh_Part_01_PDF_0001-0250.md#L27766-L27766,True
carrion-crow,carrion-crow,carrion-crow,[],hz-005189,entry_candidate,raw_ocr,medium,1,203,,dictionary/C/C-02.md,hz-005189-carrion-crow,sources/Hezareh_Dictionary_Index/source/Hezareh_Part_01_PDF_0001-0250.md#L27767-L27770,True
Carrnelite,carrnelite,carrnelite,[],hz-005154,entry_candidate,raw_ocr,hint_only,1,202,,dictionary/C/C-02.md,hz-005154-carrnelite,sources/Hezareh_Dictionary_Index/source/Hezareh_Part_01_PDF_0001-0250.md#L27625-L27625,False
carrot,carrot,carrot,[],hz-005190,entry_candidate,raw_ocr,low,1,203,,dictionary/C/C-02.md,hz-005190-carrot,sources/Hezareh_Dictionary_Index/source/Hezareh_Part_01_PDF_0001-0250.md#L27771-L27772,True
carroty,carroty,carroty,[],hz-005192,entry_candidate,raw_ocr,medium,1,203,,dictionary/C/C-02.md,hz-005192-carroty,sources/Hezareh_Dictionary_Index/source/Hezareh_Part_01_PDF_0001-0250.md#L27775-L27804,True
carry,carry,carry,[],hz-005193,entry_candidate,raw_ocr,high,1,203,,dictionary/C/C-02.md,hz-005193-carry,sources/Hezareh_Dictionary_Index/source/Hezareh_Part_01_PDF_0001-0250.md#L27805-L27855,True
carry,carry,carry,[],hz-009075,entry_candidate,raw_ocr,high,2,372,,dictionary/C/C-02.md,hz-009075-carry,sources/Hezareh_Dictionary_Index/source/Hezareh_Part_02_PDF_0251-0500.md#L14563-L14622,True
carry out,carry out,carry out,[],hz-028997,entry_candidate,raw_ocr,hint_only,6,1417,,dictionary/C/C-02.md,hz-028997-carry-out,sources/Hezareh_Dictionary_Index/source/Hezareh_Part_06_PDF_1251-1500.md#L19361-L19361,False
carry-on,carry-on,carry-on,[],hz-005198,entry_candidate,raw_ocr,medium,1,204,,dictionary/C/C-02.md,hz-005198-carry-on,sources/Hezareh_Dictionary_Index/source/Hezareh_Part_01_PDF_0001-0250.md#L27882-L27883,True
carryall,carryall,carryall,[],hz-005196,entry_candidate,raw_ocr,hint_only,1,204,,dictionary/C/C-02.md,hz-005196-carryall,sources/Hezareh_Dictionary_Index/source/Hezareh_Part_01_PDF_0001-0250.md#L27859-L27859,False
carrycot,carrycot,carrycot,[],hz-005197,entry_candidate,raw_ocr,medium,1,204,,dictionary/C/C-02.md,hz-005197-carrycot,sources/Hezareh_Dictionary_Index/source/Hezareh_Part_01_PDF_0001-0250.md#L27878-L27881,True
carsick,carsick,carsick,[],hz-005194,entry_candidate,raw_ocr,medium,1,204,,dictionary/C/C-02.md,hz-005194-carsick,sources/Hezareh_Dictionary_Index/source/Hezareh_Part_01_PDF_0001-0250.md#L27884-L27885,True
carsickness,carsickness,carsickness,[],hz-005195,entry_candidate,raw_ocr,medium,1,204,,dictionary/C/C-02.md,hz-005195-carsickness,sources/Hezareh_Dictionary_Index/source/Hezareh_Part_01_PDF_0001-0250.md#L27886-L27886,True
cart,cart,cart,[],hz-005199,entry_candidate,raw_ocr,medium,1,204,,dictionary/C/C-02.md,hz-005199-cart,sources/Hezareh_Dictionary_Index/source/Hezareh_Part_01_PDF_0001-0250.md#L27887-L27894,True
cart-horse,cart-horse,cart-horse,[],hz-005205,entry_candidate,raw_ocr,medium,1,204,,dictionary/C/C-03.md,hz-005205-cart-horse,sources/Hezareh_Dictionary_Index/source/Hezareh_Part_01_PDF_0001-0250.md#L27902-L27902,True
cart-load,cart-load,cart-load,[],hz-005208,entry_candidate,raw_ocr,medium,1,204,,dictionary/C/C-03.md,hz-005208-cart-load,sources/Hezareh_Dictionary_Index/source/Hezareh_Part_01_PDF_0001-0250.md#L27906-L27907,True
cart-road,cart-road,cart-road,[],hz-005221,entry_candidate,raw_ocr,medium,1,204,,dictionary/C/C-03.md,hz-005221-cart-road,sources/Hezareh_Dictionary_Index/source/Hezareh_Part_01_PDF_0001-0250.md#L27939-L27939,True
cart-track,cart-track,cart-track,[],hz-005222,entry_candidate,raw_ocr,high,1,204,,dictionary/C/C-03.md,hz-005222-cart-track,sources/Hezareh_Dictionary_Index/source/Hezareh_Part_01_PDF_0001-0250.md#L27940-L27940,True
cart-wheel,cart-wheel,cart-wheel,[],hz-005223,entry_candidate,raw_ocr,high,1,204,,dictionary/C/C-03.md,hz-005223-cart-wheel,sources/Hezareh_Dictionary_Index/source/Hezareh_Part_01_PDF_0001-0250.md#L27941-L27953,True
cartage,cartage,cartage,[],hz-005200,entry_candidate,raw_ocr,medium,1,204,,dictionary/C/C-03.md,hz-005200-cartage,sources/Hezareh_Dictionary_Index/source/Hezareh_Part_01_PDF_0001-0250.md#L27895-L27895,True
carte blanche,carte blanche,carte blanche,[],hz-005201,entry_candidate,raw_ocr,medium,1,204,,dictionary/C/C-03.md,hz-005201-carte-blanche,sources/Hezareh_Dictionary_Index/source/Hezareh_Part_01_PDF_0001-0250.md#L27896-L27897,True
cartel,cartel,cartel,[],hz-005202,entry_candidate,raw_ocr,medium,1,204,,dictionary/C/C-03.md,hz-005202-cartel,sources/Hezareh_Dictionary_Index/source/Hezareh_Part_01_PDF_0001-0250.md#L27898-L27899,True
carter,carter,carter,[],hz-005203,entry_candidate,raw_ocr,high,1,204,,dictionary/C/C-03.md,hz-005203-carter,sources/Hezareh_Dictionary_Index/source/Hezareh_Part_01_PDF_0001-0250.md#L27900-L27900,True
Cartesian,cartesian,cartesian,[],hz-005204,entry_candidate,raw_ocr,medium,1,204,,dictionary/C/C-03.md,hz-005204-cartesian,sources/Hezareh_Dictionary_Index/source/Hezareh_Part_01_PDF_0001-0250.md#L27901-L27901,True
cartilage,cartilage,cartilage,[],hz-005206,entry_candidate,raw_ocr,medium,1,204,,dictionary/C/C-03.md,hz-005206-cartilage,sources/Hezareh_Dictionary_Index/source/Hezareh_Part_01_PDF_0001-0250.md#L27903-L27904,True
cartilaginoUS,cartilaginous,cartilaginous,[],hz-005207,entry_candidate,raw_ocr,medium,1,204,,dictionary/C/C-03.md,hz-005207-cartilaginous,sources/Hezareh_Dictionary_Index/source/Hezareh_Part_01_PDF_0001-0250.md#L27905-L27905,True
cartographer,cartographer,cartographer,[],hz-005209,entry_candidate,raw_ocr,medium,1,204,,dictionary/C/C-03.md,hz-005209-cartographer,sources/Hezareh_Dictionary_Index/source/Hezareh_Part_01_PDF_0001-0250.md#L27908-L27909,True
cartography,cartography,cartography,[],hz-005210,entry_candidate,raw_ocr,medium,1,204,,dictionary/C/C-03.md,hz-005210-cartography,sources/Hezareh_Dictionary_Index/source/Hezareh_Part_01_PDF_0001-0250.md#L27910-L27911,True
carton,carton,carton,[],hz-005211,entry_candidate,raw_ocr,medium,1,204,,dictionary/C/C-03.md,hz-005211-carton,sources/Hezareh_Dictionary_Index/source/Hezareh_Part_01_PDF_0001-0250.md#L27912-L27920,True
cartoon,cartoon,cartoon,[],hz-005212,entry_candidate,raw_ocr,medium,1,204,,dictionary/C/C-03.md,hz-005212-cartoon,sources/Hezareh_Dictionary_Index/source/Hezareh_Part_01_PDF_0001-0250.md#L27921-L27923,True
cartoonist,cartoonist,cartoonist,[],hz-005213,entry_candidate,raw_ocr,high,1,204,,dictionary/C/C-03.md,hz-005213-cartoonist,sources/Hezareh_Dictionary_Index/source/Hezareh_Part_01_PDF_0001-0250.md#L27924-L27925,True
cartridge,cartridge,cartridge,[],hz-005215,entry_candidate,raw_ocr,high,1,204,,dictionary/C/C-03.md,hz-005215-cartridge,sources/Hezareh_Dictionary_Index/source/Hezareh_Part_01_PDF_0001-0250.md#L27927-L27929,True
cartridge case,cartridge case,cartridge case,[],hz-005218,entry_candidate,raw_ocr,high,1,204,,dictionary/C/C-03.md,hz-005218-cartridge-case,sources/Hezareh_Dictionary_Index/source/Hezareh_Part_01_PDF_0001-0250.md#L27934-L27935,True
cartridge clip,cartridge clip,cartridge clip,[],hz-005219,entry_candidate,raw_ocr,high,1,204,,dictionary/C/C-03.md,hz-005219-cartridge-clip,sources/Hezareh_Dictionary_Index/source/Hezareh_Part_01_PDF_0001-0250.md#L27936-L27936,True
cartridge paper,cartridge paper,cartridge paper,[],hz-005220,entry_candidate,raw_ocr,medium,1,204,,dictionary/C/C-03.md,hz-005220-cartridge-paper,sources/Hezareh_Dictionary_Index/source/Hezareh_Part_01_PDF_0001-0250.md#L27937-L27938,True
cartridge-belt,cartridge-belt,cartridge-belt,[],hz-005216,entry_candidate,raw_ocr,high,1,204,,dictionary/C/C-03.md,hz-005216-cartridge-belt,sources/Hezareh_Dictionary_Index/source/Hezareh_Part_01_PDF_0001-0250.md#L27930-L27933,True
cartridge-bOX,cartridge-box,cartridge-box,[],hz-005217,entry_candidate,raw_ocr,hint_only,1,204,,dictionary/C/C-03.md,hz-005217-cartridge-box,sources/Hezareh_Dictionary_Index/source/Hezareh_Part_01_PDF_0001-0250.md#L27859-L27859,False
carve,carve,carve,[],hz-005224,entry_candidate,raw_ocr,high,1,204,,dictionary/C/C-03.md,hz-005224-carve,sources/Hezareh_Dictionary_Index/source/Hezareh_Part_01_PDF_0001-0250.md#L27954-L27955,True
carver,carver,carver,[],hz-005225,entry_candidate,raw_ocr,high,1,204,,dictionary/C/C-03.md,hz-005225-carver,sources/Hezareh_Dictionary_Index/source/Hezareh_Part_01_PDF_0001-0250.md#L27956-L27958,True
carving,carving,carving,[],hz-005226,entry_candidate,raw_ocr,high,1,204,,dictionary/C/C-03.md,hz-005226-carving,sources/Hezareh_Dictionary_Index/source/Hezareh_Part_01_PDF_0001-0250.md#L27959-L27963,True
carving knife,carving knife,carving knife,[],hz-005227,entry_candidate,raw_ocr,hint_only,1,204,,dictionary/C/C-03.md,hz-005227-carving-knife,sources/Hezareh_Dictionary_Index/source/Hezareh_Part_01_PDF_0001-0250.md#L27859-L27859,False
caryatid,caryatid,caryatid,[],hz-005229,entry_candidate,raw_ocr,high,1,205,,dictionary/C/C-03.md,hz-005229-caryatid,sources/Hezareh_Dictionary_Index/source/Hezareh_Part_01_PDF_0001-0250.md#L27982-L27984,True
cascade,cascade,cascade,[],hz-005230,entry_candidate,raw_ocr,high,1,205,,dictionary/C/C-03.md,hz-005230-cascade,sources/Hezareh_Dictionary_Index/source/Hezareh_Part_01_PDF_0001-0250.md#L27985-L28007,True
case,case,case,[],hz-005232,entry_candidate,raw_ocr,medium,1,205,,dictionary/C/C-03.md,hz-005232-case,sources/Hezareh_Dictionary_Index/source/Hezareh_Part_01_PDF_0001-0250.md#L28048-L28049,True
case papers,case papers,case papers,[],hz-005239,entry_candidate,raw_ocr,medium,1,205,,dictionary/C/C-03.md,hz-005239-case-papers,sources/Hezareh_Dictionary_Index/source/Hezareh_Part_01_PDF_0001-0250.md#L28048-L28049,True
case-hardened,case-hardened,case-hardened,[],hz-005233,entry_candidate,raw_ocr,high,1,205,,dictionary/C/C-03.md,hz-005233-case-hardened,sources/Hezareh_Dictionary_Index/source/Hezareh_Part_01_PDF_0001-0250.md#L28038-L28039,True
case-history,case-history,case-history,[],hz-005234,entry_candidate,raw_ocr,low,1,205,,dictionary/C/C-03.md,hz-005234-case-history,sources/Hezareh_Dictionary_Index/source/Hezareh_Part_01_PDF_0001-0250.md#L28040-L28041,True
case-law,case-law,case-law,[],hz-005236,entry_candidate,raw_ocr,low,1,205,,dictionary/C/C-03.md,hz-005236-case-law,sources/Hezareh_Dictionary_Index/source/Hezareh_Part_01_PDF_0001-0250.md#L28043-L28045,True
case-load,case-load,case-load,[],hz-005237,entry_candidate,raw_ocr,hint_only,1,205,,dictionary/C/C-03.md,hz-005237-case-load,sources/Hezareh_Dictionary_Index/source/Hezareh_Part_01_PDF_0001-0250.md#L27973-L27973,False
case-study,case-study,case-study,[],hz-005240,entry_candidate,raw_ocr,high,1,205,,dictionary/C/C-03.md,hz-005240-case-study,sources/Hezareh_Dictionary_Index/source/Hezareh_Part_01_PDF_0001-0250.md#L28050-L28052,True
casein,casein,casein,[],hz-005235,entry_candidate,raw_ocr,medium,1,205,,dictionary/C/C-03.md,hz-005235-casein,sources/Hezareh_Dictionary_Index/source/Hezareh_Part_01_PDF_0001-0250.md#L28042-L28042,True
casement,casement,casement,[],hz-005238,entry_candidate,raw_ocr,medium,1,205,,dictionary/C/C-03.md,hz-005238-casement,sources/Hezareh_Dictionary_Index/source/Hezareh_Part_01_PDF_0001-0250.md#L28046-L28047,True
casework,casework,casework,[],hz-005241,entry_candidate,raw_ocr,low,1,205,,dictionary/C/C-03.md,hz-005241-casework,sources/Hezareh_Dictionary_Index/source/Hezareh_Part_01_PDF_0001-0250.md#L28053-L28066,True
cash card,cash card,cash card,[],hz-005247,entry_candidate,raw_ocr,hint_only,1,205,,dictionary/C/C-03.md,hz-005247-cash-card,sources/Hezareh_Dictionary_Index/source/Hezareh_Part_01_PDF_0001-0250.md#L27973-L27973,False
cash cropi'kref krnp,cash cropi'kref krnp,cash cropi'kref krnp,[],hz-005248,entry_candidate,raw_ocr,hint_only,1,205,,dictionary/C/C-03.md,hz-005248-cash-cropi-kref-krnp,sources/Hezareh_Dictionary_Index/source/Hezareh_Part_01_PDF_0001-0250.md#L27973-L27973,False
cash discount,cash discount,cash discount,[],hz-005250,entry_candidate,raw_ocr,low,1,205,,dictionary/C/C-03.md,hz-005250-cash-discount,sources/Hezareh_Dictionary_Index/source/Hezareh_Part_01_PDF_0001-0250.md#L28079-L28081,True
cash dispenser,cash dispenser,cash dispenser,[],hz-005251,entry_candidate,raw_ocr,high,1,206,,dictionary/C/C-03.md,hz-005251-cash-dispenser,sources/Hezareh_Dictionary_Index/source/Hezareh_Part_01_PDF_0001-0250.md#L28095-L28096,True
cash point,cash point,cash point,[],hz-005253,entry_candidate,raw_ocr,hint_only,1,206,,dictionary/C/C-03.md,hz-005253-cash-point,sources/Hezareh_Dictionary_Index/source/Hezareh_Part_01_PDF_0001-0250.md#L28085-L28085,False
cash price,cash price,cash price,[],hz-005254,entry_candidate,raw_ocr,high,1,206,,dictionary/C/C-03.md,hz-005254-cash-price,sources/Hezareh_Dictionary_Index/source/Hezareh_Part_01_PDF_0001-0250.md#L28105-L28107,True
cash register l'kref redsrsto,cash register l'kref redsrsto,cash register l'kref redsrsto,[],hz-005255,entry_candidate,raw_ocr,hint_only,1,206,,dictionary/C/C-03.md,hz-005255-cash-register-l-kref-redsrsto,sources/Hezareh_Dictionary_Index/source/Hezareh_Part_01_PDF_0001-0250.md#L28085-L28085,False
cash-and-carry,cash-and-carry,cash-and-carry,[],hz-005244,entry_candidate,raw_ocr,medium,1,205,,dictionary/C/C-03.md,hz-005244-cash-and-carry,sources/Hezareh_Dictionary_Index/source/Hezareh_Part_01_PDF_0001-0250.md#L28068-L28070,True
cashable,cashable,cashable,[],hz-005243,entry_candidate,raw_ocr,medium,1,205,,dictionary/C/C-03.md,hz-005243-cashable,sources/Hezareh_Dictionary_Index/source/Hezareh_Part_01_PDF_0001-0250.md#L28067-L28067,True
cashbook,cashbook,cashbook,[],hz-005245,entry_candidate,raw_ocr,medium,1,205,,dictionary/C/C-03.md,hz-005245-cashbook,sources/Hezareh_Dictionary_Index/source/Hezareh_Part_01_PDF_0001-0250.md#L28071-L28071,True
cashbox,cashbox,cashbox,[],hz-005246,entry_candidate,raw_ocr,medium,1,205,,dictionary/C/C-03.md,hz-005246-cashbox,sources/Hezareh_Dictionary_Index/source/Hezareh_Part_01_PDF_0001-0250.md#L28072-L28076,True
cashdesk,cashdesk,cashdesk,[],hz-005249,entry_candidate,raw_ocr,medium,1,205,,dictionary/C/C-03.md,hz-005249-cashdesk,sources/Hezareh_Dictionary_Index/source/Hezareh_Part_01_PDF_0001-0250.md#L28077-L28078,True
casher,casher,casher,[],hz-007878,entry_candidate,raw_ocr,hint_only,2,320,,dictionary/C/C-03.md,hz-007878-casher,sources/Hezareh_Dictionary_Index/source/Hezareh_Part_02_PDF_0251-0500.md#L8548-L8548,False
cashew,cashew,cashew,[],hz-005252,entry_candidate,raw_ocr,high,1,206,,dictionary/C/C-03.md,hz-005252-cashew,sources/Hezareh_Dictionary_Index/source/Hezareh_Part_01_PDF_0001-0250.md#L28097-L28104,True
cashikref,cashikref,cashikref,[],hz-005242,entry_candidate,raw_ocr,hint_only,1,205,,dictionary/C/C-03.md,hz-005242-cashikref,sources/Hezareh_Dictionary_Index/source/Hezareh_Part_01_PDF_0001-0250.md#L27973-L27973,False
casing,casing,casing,[],hz-005256,entry_candidate,raw_ocr,high,1,206,,dictionary/C/C-03.md,hz-005256-casing,sources/Hezareh_Dictionary_Index/source/Hezareh_Part_01_PDF_0001-0250.md#L28108-L28110,True
casino,casino,casino,[],hz-005257,entry_candidate,raw_ocr,hint_only,1,206,,dictionary/C/C-03.md,hz-005257-casino,sources/Hezareh_Dictionary_Index/source/Hezareh_Part_01_PDF_0001-0250.md#L28085-L28085,False
cask,cask,cask,[],hz-005258,entry_candidate,raw_ocr,high,1,206,,dictionary/C/C-03.md,hz-005258-cask,sources/Hezareh_Dictionary_Index/source/Hezareh_Part_01_PDF_0001-0250.md#L28111-L28111,True
casket,casket,casket,[],hz-005259,entry_candidate,raw_ocr,high,1,206,,dictionary/C/C-03.md,hz-005259-casket,sources/Hezareh_Dictionary_Index/source/Hezareh_Part_01_PDF_0001-0250.md#L28112-L28115,True
CaSSaVa,cassava,cassava,[],hz-005260,entry_candidate,raw_ocr,hint_only,1,206,,dictionary/C/C-03.md,hz-005260-cassava,sources/Hezareh_Dictionary_Index/source/Hezareh_Part_01_PDF_0001-0250.md#L28085-L28085,False
casserole,casserole,casserole,[],hz-005261,entry_candidate,raw_ocr,high,1,206,,dictionary/C/C-03.md,hz-005261-casserole,sources/Hezareh_Dictionary_Index/source/Hezareh_Part_01_PDF_0001-0250.md#L28116-L28118,True
cassette,cassette,cassette,[],hz-005262,entry_candidate,raw_ocr,high,1,206,,dictionary/C/C-03.md,hz-005262-cassette,sources/Hezareh_Dictionary_Index/source/Hezareh_Part_01_PDF_0001-0250.md#L28119-L28120,True
cassock,cassock,cassock,[],hz-005263,entry_candidate,raw_ocr,high,1,206,,dictionary/C/C-03.md,hz-005263-cassock,sources/Hezareh_Dictionary_Index/source/Hezareh_Part_01_PDF_0001-0250.md#L28121-L28145,True
cassowary,cassowary,cassowary,[],hz-005264,entry_candidate,raw_ocr,hint_only,1,206,,dictionary/C/C-03.md,hz-005264-cassowary,sources/Hezareh_Dictionary_Index/source/Hezareh_Part_01_PDF_0001-0250.md#L28085-L28085,False
cast,cast,cast,[],hz-008950,entry_candidate,raw_ocr,medium,2,365,,dictionary/C/C-03.md,hz-008950-cast,sources/Hezareh_Dictionary_Index/source/Hezareh_Part_02_PDF_0251-0500.md#L13819-L13831,True
cast,cast,cast,[],hz-020886,entry_candidate,raw_ocr,medium,4,919,,dictionary/C/C-03.md,hz-020886-cast,sources/Hezareh_Dictionary_Index/source/Hezareh_Part_04_PDF_0751-1000.md#L19257-L19297,True
cast aspersions on,cast aspersions on,cast aspersions on,[],hz-001855,entry_candidate,raw_ocr,high,1,71,,dictionary/C/C-03.md,hz-001855-cast-aspersions-on,sources/Hezareh_Dictionary_Index/source/Hezareh_Part_01_PDF_0001-0250.md#L9370-L9372,True
cast I shed,cast i shed,cast i shed,[],hz-021263,entry_candidate,raw_ocr,hint_only,4,942,,dictionary/C/C-03.md,hz-021263-cast-i-shed,sources/Hezareh_Dictionary_Index/source/Hezareh_Part_04_PDF_0751-1000.md#L21864-L21864,False
Cast-iron,cast-iron,cast-iron,[],hz-005275,entry_candidate,raw_ocr,medium,1,207,,dictionary/C/C-03.md,hz-005275-cast-iron,sources/Hezareh_Dictionary_Index/source/Hezareh_Part_01_PDF_0001-0250.md#L28252-L28253,True
cast-off,cast-off,cast-off,[],hz-005278,entry_candidate,raw_ocr,medium,1,207,,dictionary/C/C-03.md,hz-005278-cast-off,sources/Hezareh_Dictionary_Index/source/Hezareh_Part_01_PDF_0001-0250.md#L28261-L28269,True
castanets,castanets,castanets,[],hz-005265,entry_candidate,raw_ocr,high,1,206,,dictionary/C/C-03.md,hz-005265-castanets,sources/Hezareh_Dictionary_Index/source/Hezareh_Part_01_PDF_0001-0250.md#L28146-L28205,True
Castaway,castaway,castaway,[],hz-005266,entry_candidate,raw_ocr,high,1,207,,dictionary/C/C-03.md,hz-005266-castaway,sources/Hezareh_Dictionary_Index/source/Hezareh_Part_01_PDF_0001-0250.md#L28228-L28233,True
caste,caste,caste,[],hz-005267,entry_candidate,raw_ocr,medium,1,207,,dictionary/C/C-03.md,hz-005267-caste,sources/Hezareh_Dictionary_Index/source/Hezareh_Part_01_PDF_0001-0250.md#L28234-L28236,True
castellated,castellated,castellated,[],hz-005268,entry_candidate,raw_ocr,medium,1,207,,dictionary/C/C-03.md,hz-005268-castellated,sources/Hezareh_Dictionary_Index/source/Hezareh_Part_01_PDF_0001-0250.md#L28237-L28239,True
caster,caster,caster,[],hz-005269,entry_candidate,raw_ocr,high,1,207,,dictionary/C/C-03.md,hz-005269-caster,sources/Hezareh_Dictionary_Index/source/Hezareh_Part_01_PDF_0001-0250.md#L28240-L28240,True
Caster sugar,caster sugar,caster sugar,[],hz-005270,entry_candidate,raw_ocr,high,1,207,,dictionary/C/C-03.md,hz-005270-caster-sugar,sources/Hezareh_Dictionary_Index/source/Hezareh_Part_01_PDF_0001-0250.md#L28241-L28242,True
caster-,caster-,caster-,[],hz-005279,entry_candidate,raw_ocr,hint_only,1,207,,dictionary/C/C-03.md,hz-005279-caster,sources/Hezareh_Dictionary_Index/source/Hezareh_Part_01_PDF_0001-0250.md#L28218-L28218,False
castigate,castigate,castigate,[],hz-005271,entry_candidate,raw_ocr,low,1,207,,dictionary/C/C-03.md,hz-005271-castigate,sources/Hezareh_Dictionary_Index/source/Hezareh_Part_01_PDF_0001-0250.md#L28243-L28245,True
castigation,castigation,castigation,[],hz-005272,entry_candidate,raw_ocr,medium,1,207,,dictionary/C/C-03.md,hz-005272-castigation,sources/Hezareh_Dictionary_Index/source/Hezareh_Part_01_PDF_0001-0250.md#L28246-L28249,True
casting,casting,casting,[],hz-005273,entry_candidate,raw_ocr,high,1,207,,dictionary/C/C-03.md,hz-005273-casting,sources/Hezareh_Dictionary_Index/source/Hezareh_Part_01_PDF_0001-0250.md#L28250-L28251,True
casting vote,casting vote,casting vote,[],hz-005274,entry_candidate,raw_ocr,high,1,207,,dictionary/C/C-03.md,hz-005274-casting-vote,sources/Hezareh_Dictionary_Index/source/Hezareh_Part_01_PDF_0001-0250.md#L28250-L28251,True
castle,castle,castle,[],hz-005276,entry_candidate,raw_ocr,medium,1,207,,dictionary/C/C-03.md,hz-005276-castle,sources/Hezareh_Dictionary_Index/source/Hezareh_Part_01_PDF_0001-0250.md#L28254-L28258,True
castor oil,castor oil,castor oil,[],hz-005280,entry_candidate,raw_ocr,high,1,207,,dictionary/C/C-03.md,hz-005280-castor-oil,sources/Hezareh_Dictionary_Index/source/Hezareh_Part_01_PDF_0001-0250.md#L28270-L28272,True
castor sugar,castor sugar,castor sugar,[],hz-005281,entry_candidate,raw_ocr,high,1,207,,dictionary/C/C-03.md,hz-005281-castor-sugar,sources/Hezareh_Dictionary_Index/source/Hezareh_Part_01_PDF_0001-0250.md#L28273-L28278,True
castrate,castrate,castrate,[],hz-005282,entry_candidate,raw_ocr,medium,1,207,,dictionary/C/C-03.md,hz-005282-castrate,sources/Hezareh_Dictionary_Index/source/Hezareh_Part_01_PDF_0001-0250.md#L28279-L28282,True
castration,castration,castration,[],hz-005283,entry_candidate,raw_ocr,low,1,207,,dictionary/C/C-03.md,hz-005283-castration,sources/Hezareh_Dictionary_Index/source/Hezareh_Part_01_PDF_0001-0250.md#L28283-L28292,True
casually,casually,casually,[],hz-005284,entry_candidate,raw_ocr,medium,1,207,,dictionary/C/C-03.md,hz-005284-casually,sources/Hezareh_Dictionary_Index/source/Hezareh_Part_01_PDF_0001-0250.md#L28293-L28301,True
casuist,casuist,casuist,[],hz-005285,entry_candidate,raw_ocr,medium,1,207,,dictionary/C/C-03.md,hz-005285-casuist,sources/Hezareh_Dictionary_Index/source/Hezareh_Part_01_PDF_0001-0250.md#L28302-L28304,True
CaSUiStiC,casuistic,casuistic,[],hz-005286,entry_candidate,raw_ocr,low,1,207,,dictionary/C/C-03.md,hz-005286-casuistic,sources/Hezareh_Dictionary_Index/source/Hezareh_Part_01_PDF_0001-0250.md#L28305-L28305,True
casuistical,casuistical,casuistical,[],hz-005287,entry_candidate,raw_ocr,high,1,207,,dictionary/C/C-03.md,hz-005287-casuistical,sources/Hezareh_Dictionary_Index/source/Hezareh_Part_01_PDF_0001-0250.md#L28305-L28305,True
casuistically,casuistically,casuistically,[],hz-005288,entry_candidate,raw_ocr,low,1,207,,dictionary/C/C-03.md,hz-005288-casuistically,sources/Hezareh_Dictionary_Index/source/Hezareh_Part_01_PDF_0001-0250.md#L28306-L28322,True
casus belli,casus belli,casus belli,[],hz-005289,entry_candidate,raw_ocr,hint_only,1,207,,dictionary/C/C-03.md,hz-005289-casus-belli,sources/Hezareh_Dictionary_Index/source/Hezareh_Part_01_PDF_0001-0250.md#L28218-L28218,False
cat,cat,cat,[],hz-005290,entry_candidate,raw_ocr,high,1,207,,dictionary/C/C-03.md,hz-005290-cat,sources/Hezareh_Dictionary_Index/source/Hezareh_Part_01_PDF_0001-0250.md#L28323-L28326,True
cat,cat,cat,[],hz-016492,entry_candidate,raw_ocr,high,3,727,,dictionary/C/C-03.md,hz-016492-cat,sources/Hezareh_Dictionary_Index/source/Hezareh_Part_03_PDF_0501-0750.md#L26073-L26090,True
cat ' S eye,cat ' s eye,cat ' s eye,[],hz-005362,entry_candidate,raw_ocr,hint_only,1,210,,dictionary/C/C-03.md,hz-005362-cat-s-eye,sources/Hezareh_Dictionary_Index/source/Hezareh_Part_01_PDF_0001-0250.md#L28603-L28603,False
cat burglar,cat burglar,cat burglar,[],hz-005311,entry_candidate,raw_ocr,medium,1,208,,dictionary/C/C-03.md,hz-005311-cat-burglar,sources/Hezareh_Dictionary_Index/source/Hezareh_Part_01_PDF_0001-0250.md#L28427-L28428,True
cat's cradle,cat's cradle,cat's cradle,[],hz-005361,entry_candidate,raw_ocr,high,1,210,,dictionary/C/C-03.md,hz-005361-cat-s-cradle,sources/Hezareh_Dictionary_Index/source/Hezareh_Part_01_PDF_0001-0250.md#L28681-L28684,True
cat's paw,cat's paw,cat's paw,[],hz-005363,entry_candidate,raw_ocr,high,1,210,,dictionary/C/C-03.md,hz-005363-cat-s-paw,sources/Hezareh_Dictionary_Index/source/Hezareh_Part_01_PDF_0001-0250.md#L28685-L28685,True
cataclysm,cataclysm,cataclysm,[],hz-005292,entry_candidate,raw_ocr,medium,1,208,,dictionary/C/C-03.md,hz-005292-cataclysm,sources/Hezareh_Dictionary_Index/source/Hezareh_Part_01_PDF_0001-0250.md#L28358-L28359,True
cataclysmic,cataclysmic,cataclysmic,[],hz-005293,entry_candidate,raw_ocr,medium,1,208,,dictionary/C/C-03.md,hz-005293-cataclysmic,sources/Hezareh_Dictionary_Index/source/Hezareh_Part_01_PDF_0001-0250.md#L28360-L28361,True
catacombs,catacombs,catacombs,[],hz-005294,entry_candidate,raw_ocr,high,1,208,,dictionary/C/C-03.md,hz-005294-catacombs,sources/Hezareh_Dictionary_Index/source/Hezareh_Part_01_PDF_0001-0250.md#L28362-L28363,True
catafalque,catafalque,catafalque,[],hz-005295,entry_candidate,raw_ocr,medium,1,208,,dictionary/C/C-03.md,hz-005295-catafalque,sources/Hezareh_Dictionary_Index/source/Hezareh_Part_01_PDF_0001-0250.md#L28364-L28370,True
cataleptiC,cataleptic,cataleptic,[],hz-005296,entry_candidate,raw_ocr,hint_only,1,208,,dictionary/C/C-03.md,hz-005296-cataleptic,sources/Hezareh_Dictionary_Index/source/Hezareh_Part_01_PDF_0001-0250.md#L28330-L28330,False
catalog,catalog,catalog,[],hz-005297,entry_candidate,raw_ocr,high,1,208,,dictionary/C/C-03.md,hz-005297-catalog,sources/Hezareh_Dictionary_Index/source/Hezareh_Part_01_PDF_0001-0250.md#L28371-L28371,True
catalogue,catalogue,catalogue,[],hz-005298,entry_candidate,raw_ocr,medium,1,208,,dictionary/C/C-03.md,hz-005298-catalogue,sources/Hezareh_Dictionary_Index/source/Hezareh_Part_01_PDF_0001-0250.md#L28372-L28374,True
catalpa,catalpa,catalpa,[],hz-005299,entry_candidate,raw_ocr,medium,1,208,,dictionary/C/C-03.md,hz-005299-catalpa,sources/Hezareh_Dictionary_Index/source/Hezareh_Part_01_PDF_0001-0250.md#L28375-L28375,True
catalysis,catalysis,catalysis,[],hz-005300,entry_candidate,raw_ocr,medium,1,208,,dictionary/C/C-03.md,hz-005300-catalysis,sources/Hezareh_Dictionary_Index/source/Hezareh_Part_01_PDF_0001-0250.md#L28376-L28377,True
catalyst,catalyst,catalyst,[],hz-005301,entry_candidate,raw_ocr,medium,1,208,,dictionary/C/C-03.md,hz-005301-catalyst,sources/Hezareh_Dictionary_Index/source/Hezareh_Part_01_PDF_0001-0250.md#L28378-L28380,True
catalytic,catalytic,catalytic,[],hz-005302,entry_candidate,raw_ocr,high,1,208,,dictionary/C/C-03.md,hz-005302-catalytic,sources/Hezareh_Dictionary_Index/source/Hezareh_Part_01_PDF_0001-0250.md#L28381-L28382,True
catalytic convertor,catalytic convertor,catalytic convertor,[],hz-005303,entry_candidate,raw_ocr,high,1,208,,dictionary/C/C-03.md,hz-005303-catalytic-convertor,sources/Hezareh_Dictionary_Index/source/Hezareh_Part_01_PDF_0001-0250.md#L28381-L28382,True
catamaran,catamaran,catamaran,[],hz-005304,entry_candidate,raw_ocr,medium,1,208,,dictionary/C/C-03.md,hz-005304-catamaran,sources/Hezareh_Dictionary_Index/source/Hezareh_Part_01_PDF_0001-0250.md#L28383-L28392,True
catapult,catapult,catapult,[],hz-005305,entry_candidate,raw_ocr,high,1,208,,dictionary/C/C-03.md,hz-005305-catapult,sources/Hezareh_Dictionary_Index/source/Hezareh_Part_01_PDF_0001-0250.md#L28393-L28402,True
cataract,cataract,cataract,[],hz-005306,entry_candidate,raw_ocr,high,1,208,,dictionary/C/C-03.md,hz-005306-cataract,sources/Hezareh_Dictionary_Index/source/Hezareh_Part_01_PDF_0001-0250.md#L28403-L28406,True
catarrh,catarrh,catarrh,[],hz-005307,entry_candidate,raw_ocr,high,1,208,,dictionary/C/C-03.md,hz-005307-catarrh,sources/Hezareh_Dictionary_Index/source/Hezareh_Part_01_PDF_0001-0250.md#L28407-L28416,True
catastrophe,catastrophe,catastrophe,[],hz-005308,entry_candidate,raw_ocr,hint_only,1,208,,dictionary/C/C-03.md,hz-005308-catastrophe,sources/Hezareh_Dictionary_Index/source/Hezareh_Part_01_PDF_0001-0250.md#L28330-L28330,False
catastrophic,catastrophic,catastrophic,[],hz-005309,entry_candidate,raw_ocr,high,1,208,,dictionary/C/C-03.md,hz-005309-catastrophic,sources/Hezareh_Dictionary_Index/source/Hezareh_Part_01_PDF_0001-0250.md#L28417-L28420,True
catastrophically,catastrophically,catastrophically,[],hz-005310,entry_candidate,raw_ocr,high,1,208,,dictionary/C/C-03.md,hz-005310-catastrophically,sources/Hezareh_Dictionary_Index/source/Hezareh_Part_01_PDF_0001-0250.md#L28421-L28426,True
catcall,catcall,catcall,[],hz-005312,entry_candidate,raw_ocr,high,1,208,,dictionary/C/C-03.md,hz-005312-catcall,sources/Hezareh_Dictionary_Index/source/Hezareh_Part_01_PDF_0001-0250.md#L28429-L28434,True
catch,catch,catch,[],hz-005313,entry_candidate,raw_ocr,high,1,208,,dictionary/C/C-03.md,hz-005313-catch,sources/Hezareh_Dictionary_Index/source/Hezareh_Part_01_PDF_0001-0250.md#L28435-L28487,True
catch,catch,catch,[],hz-017389,entry_candidate,raw_ocr,high,4,770,,dictionary/C/C-03.md,hz-017389-catch,sources/Hezareh_Dictionary_Index/source/Hezareh_Part_04_PDF_0751-1000.md#L2438-L2443,True
catch,catch,catch,[],hz-038716,entry_candidate,raw_ocr,high,8,1956,,dictionary/C/C-03.md,hz-038716-catch,sources/Hezareh_Dictionary_Index/source/Hezareh_Part_08_PDF_1751-1976.md#L24344-L24345,True
catch sight of sb,catch sight of sb,catch sight of sb,[],hz-031222,entry_candidate,raw_ocr,high,7,1559,,dictionary/C/C-03.md,hz-031222-catch-sight-of-sb,sources/Hezareh_Dictionary_Index/source/Hezareh_Part_07_PDF_1501-1750.md#L6948-L6948,True
catch-all,catch-all,catch-all,[],hz-005314,entry_candidate,raw_ocr,high,1,209,,dictionary/C/C-03.md,hz-005314-catch-all,sources/Hezareh_Dictionary_Index/source/Hezareh_Part_01_PDF_0001-0250.md#L28555-L28557,True
catch-cropi'kretf krop,catch-cropi'kretf krop,catch-cropi'kretf krop,[],hz-005315,entry_candidate,raw_ocr,hint_only,1,209,,dictionary/C/C-03.md,hz-005315-catch-cropi-kretf-krop,sources/Hezareh_Dictionary_Index/source/Hezareh_Part_01_PDF_0001-0250.md#L28491-L28491,False
catcher,catcher,catcher,[],hz-005316,entry_candidate,raw_ocr,high,1,209,,dictionary/C/C-03.md,hz-005316-catcher,sources/Hezareh_Dictionary_Index/source/Hezareh_Part_01_PDF_0001-0250.md#L28558-L28558,True
catching,catching,catching,[],hz-005317,entry_candidate,raw_ocr,medium,1,209,,dictionary/C/C-03.md,hz-005317-catching,sources/Hezareh_Dictionary_Index/source/Hezareh_Part_01_PDF_0001-0250.md#L28559-L28564,True
catchment,catchment,catchment,[],hz-005318,entry_candidate,raw_ocr,high,1,209,,dictionary/C/C-03.md,hz-005318-catchment,sources/Hezareh_Dictionary_Index/source/Hezareh_Part_01_PDF_0001-0250.md#L28565-L28567,True
catchment area,catchment area,catchment area,[],hz-005319,entry_candidate,raw_ocr,high,1,209,,dictionary/C/C-03.md,hz-005319-catchment-area,sources/Hezareh_Dictionary_Index/source/Hezareh_Part_01_PDF_0001-0250.md#L28565-L28567,True
catchment basin,catchment basin,catchment basin,[],hz-005320,entry_candidate,raw_ocr,medium,1,209,,dictionary/C/C-03.md,hz-005320-catchment-basin,sources/Hezareh_Dictionary_Index/source/Hezareh_Part_01_PDF_0001-0250.md#L28568-L28570,True
catchpenny,catchpenny,catchpenny,[],hz-005321,entry_candidate,raw_ocr,low,1,209,,dictionary/C/C-03.md,hz-005321-catchpenny,sources/Hezareh_Dictionary_Index/source/Hezareh_Part_01_PDF_0001-0250.md#L28571-L28571,True
catchphrase,catchphrase,catchphrase,[],hz-005322,entry_candidate,raw_ocr,medium,1,209,,dictionary/C/C-03.md,hz-005322-catchphrase,sources/Hezareh_Dictionary_Index/source/Hezareh_Part_01_PDF_0001-0250.md#L28572-L28573,True
catchup,catchup,catchup,[],hz-005323,entry_candidate,raw_ocr,high,1,209,,dictionary/C/C-03.md,hz-005323-catchup,sources/Hezareh_Dictionary_Index/source/Hezareh_Part_01_PDF_0001-0250.md#L28574-L28574,True
catchword,catchword,catchword,[],hz-005324,entry_candidate,raw_ocr,medium,1,209,,dictionary/C/C-03.md,hz-005324-catchword,sources/Hezareh_Dictionary_Index/source/Hezareh_Part_01_PDF_0001-0250.md#L28575-L28577,True
catchy,catchy,catchy,[],hz-005325,entry_candidate,raw_ocr,high,1,209,,dictionary/C/C-03.md,hz-005325-catchy,sources/Hezareh_Dictionary_Index/source/Hezareh_Part_01_PDF_0001-0250.md#L28578-L28580,True
catclnatlon,catclnatlon,catclnatlon,[],hz-004803,entry_candidate,raw_ocr,hint_only,1,189,,dictionary/C/C-03.md,hz-004803-catclnatlon,sources/Hezareh_Dictionary_Index/source/Hezareh_Part_01_PDF_0001-0250.md#L26058-L26058,False
catechism,catechism,catechism,[],hz-005326,entry_candidate,raw_ocr,medium,1,209,,dictionary/C/C-03.md,hz-005326-catechism,sources/Hezareh_Dictionary_Index/source/Hezareh_Part_01_PDF_0001-0250.md#L28581-L28583,True
catechist,catechist,catechist,[],hz-005327,entry_candidate,raw_ocr,medium,1,209,,dictionary/C/C-03.md,hz-005327-catechist,sources/Hezareh_Dictionary_Index/source/Hezareh_Part_01_PDF_0001-0250.md#L28584-L28584,True
catechize,catechize,catechize,[],hz-005328,entry_candidate,raw_ocr,medium,1,209,,dictionary/C/C-03.md,hz-005328-catechize,sources/Hezareh_Dictionary_Index/source/Hezareh_Part_01_PDF_0001-0250.md#L28585-L28587,True
categorical,categorical,categorical,[],hz-005329,entry_candidate,raw_ocr,high,1,209,,dictionary/C/C-03.md,hz-005329-categorical,sources/Hezareh_Dictionary_Index/source/Hezareh_Part_01_PDF_0001-0250.md#L28588-L28590,True
categorically,categorically,categorically,[],hz-005330,entry_candidate,raw_ocr,high,1,209,,dictionary/C/C-03.md,hz-005330-categorically,sources/Hezareh_Dictionary_Index/source/Hezareh_Part_01_PDF_0001-0250.md#L28591-L28593,True
categorise,categorise,categorise,[],hz-005331,entry_candidate,raw_ocr,high,1,209,,dictionary/C/C-03.md,hz-005331-categorise,sources/Hezareh_Dictionary_Index/source/Hezareh_Part_01_PDF_0001-0250.md#L28594-L28594,True
categorize,categorize,categorize,[],hz-005332,entry_candidate,raw_ocr,medium,1,209,,dictionary/C/C-03.md,hz-005332-categorize,sources/Hezareh_Dictionary_Index/source/Hezareh_Part_01_PDF_0001-0250.md#L28595-L28596,True
Category,category,category,[],hz-005333,entry_candidate,raw_ocr,medium,1,209,,dictionary/C/C-03.md,hz-005333-category,sources/Hezareh_Dictionary_Index/source/Hezareh_Part_01_PDF_0001-0250.md#L28597-L28599,True
cater,cater,cater,[],hz-005334,entry_candidate,raw_ocr,medium,1,210,,dictionary/C/C-03.md,hz-005334-cater,sources/Hezareh_Dictionary_Index/source/Hezareh_Part_01_PDF_0001-0250.md#L28613-L28615,True
cater for,cater for,cater for,[],hz-005335,entry_candidate,raw_ocr,medium,1,210,,dictionary/C/C-03.md,hz-005335-cater-for,sources/Hezareh_Dictionary_Index/source/Hezareh_Part_01_PDF_0001-0250.md#L28616-L28619,True
caterer,caterer,caterer,[],hz-005336,entry_candidate,raw_ocr,medium,1,210,,dictionary/C/C-03.md,hz-005336-caterer,sources/Hezareh_Dictionary_Index/source/Hezareh_Part_01_PDF_0001-0250.md#L28620-L28621,True
catering,catering,catering,[],hz-005337,entry_candidate,raw_ocr,medium,1,210,,dictionary/C/C-03.md,hz-005337-catering,sources/Hezareh_Dictionary_Index/source/Hezareh_Part_01_PDF_0001-0250.md#L28622-L28626,True
caterpillar,caterpillar,caterpillar,[],hz-005338,entry_candidate,raw_ocr,medium,1,210,,dictionary/C/C-03.md,hz-005338-caterpillar,sources/Hezareh_Dictionary_Index/source/Hezareh_Part_01_PDF_0001-0250.md#L28627-L28631,True
caterpillar tractor,caterpillar tractor,caterpillar tractor,[],hz-005339,entry_candidate,raw_ocr,medium,1,210,,dictionary/C/C-03.md,hz-005339-caterpillar-tractor,sources/Hezareh_Dictionary_Index/source/Hezareh_Part_01_PDF_0001-0250.md#L28627-L28631,True
catfish,catfish,catfish,[],hz-005340,entry_candidate,raw_ocr,medium,1,210,,dictionary/C/C-03.md,hz-005340-catfish,sources/Hezareh_Dictionary_Index/source/Hezareh_Part_01_PDF_0001-0250.md#L28632-L28633,True
catgut,catgut,catgut,[],hz-005341,entry_candidate,raw_ocr,medium,1,210,,dictionary/C/C-03.md,hz-005341-catgut,sources/Hezareh_Dictionary_Index/source/Hezareh_Part_01_PDF_0001-0250.md#L28634-L28635,True
Cath,cath,cath,[],hz-005342,entry_candidate,raw_ocr,low,1,210,,dictionary/C/C-03.md,hz-005342-cath,sources/Hezareh_Dictionary_Index/source/Hezareh_Part_01_PDF_0001-0250.md#L28636-L28637,True
catharses,catharses,catharses,[],hz-005343,entry_candidate,raw_ocr,low,1,210,,dictionary/C/C-03.md,hz-005343-catharses,sources/Hezareh_Dictionary_Index/source/Hezareh_Part_01_PDF_0001-0250.md#L28638-L28640,True
catharsis,catharsis,catharsis,[],hz-005344,entry_candidate,raw_ocr,high,1,210,,dictionary/C/C-03.md,hz-005344-catharsis,sources/Hezareh_Dictionary_Index/source/Hezareh_Part_01_PDF_0001-0250.md#L28638-L28640,True
cathartic,cathartic,cathartic,[],hz-005345,entry_candidate,raw_ocr,medium,1,210,,dictionary/C/C-03.md,hz-005345-cathartic,sources/Hezareh_Dictionary_Index/source/Hezareh_Part_01_PDF_0001-0250.md#L28641-L28643,True
cathedral,cathedral,cathedral,[],hz-005346,entry_candidate,raw_ocr,medium,1,210,,dictionary/C/C-03.md,hz-005346-cathedral,sources/Hezareh_Dictionary_Index/source/Hezareh_Part_01_PDF_0001-0250.md#L28644-L28644,True
Catherine wheel,catherine wheel,catherine wheel,[],hz-005347,entry_candidate,raw_ocr,high,1,210,,dictionary/C/C-03.md,hz-005347-catherine-wheel,sources/Hezareh_Dictionary_Index/source/Hezareh_Part_01_PDF_0001-0250.md#L28645-L28651,True
catheter,catheter,catheter,[],hz-005348,entry_candidate,raw_ocr,hint_only,1,210,,dictionary/C/C-03.md,hz-005348-catheter,sources/Hezareh_Dictionary_Index/source/Hezareh_Part_01_PDF_0001-0250.md#L28603-L28603,False
cathode,cathode,cathode,[],hz-005349,entry_candidate,raw_ocr,medium,1,210,,dictionary/C/C-03.md,hz-005349-cathode,sources/Hezareh_Dictionary_Index/source/Hezareh_Part_01_PDF_0001-0250.md#L28652-L28665,True
cathode ray,cathode ray,cathode ray,[],hz-005350,entry_candidate,raw_ocr,medium,1,210,,dictionary/C/C-03.md,hz-005350-cathode-ray,sources/Hezareh_Dictionary_Index/source/Hezareh_Part_01_PDF_0001-0250.md#L28652-L28665,True
cathode ray tube,cathode ray tube,cathode ray tube,[],hz-005351,entry_candidate,raw_ocr,medium,1,210,,dictionary/C/C-03.md,hz-005351-cathode-ray-tube,sources/Hezareh_Dictionary_Index/source/Hezareh_Part_01_PDF_0001-0250.md#L28652-L28665,True
Catholic,catholic,catholic,[],hz-005352,entry_candidate,raw_ocr,high,1,210,,dictionary/C/C-03.md,hz-005352-catholic,sources/Hezareh_Dictionary_Index/source/Hezareh_Part_01_PDF_0001-0250.md#L28636-L28637,True
catholic,catholic,catholic,[],hz-005353,entry_candidate,raw_ocr,high,1,210,,dictionary/C/C-03.md,hz-005353-catholic,sources/Hezareh_Dictionary_Index/source/Hezareh_Part_01_PDF_0001-0250.md#L28636-L28637,True
Catholic Church,catholic church,catholic church,[],hz-005354,entry_candidate,raw_ocr,medium,1,210,,dictionary/C/C-03.md,hz-005354-catholic-church,sources/Hezareh_Dictionary_Index/source/Hezareh_Part_01_PDF_0001-0250.md#L28666-L28667,True
Catholicism,catholicism,catholicism,[],hz-005355,entry_candidate,raw_ocr,high,1,210,,dictionary/C/C-03.md,hz-005355-catholicism,sources/Hezareh_Dictionary_Index/source/Hezareh_Part_01_PDF_0001-0250.md#L28668-L28669,True
catholicity,catholicity,catholicity,[],hz-005356,entry_candidate,raw_ocr,high,1,210,,dictionary/C/C-03.md,hz-005356-catholicity,sources/Hezareh_Dictionary_Index/source/Hezareh_Part_01_PDF_0001-0250.md#L28670-L28674,True
catkin,catkin,catkin,[],hz-005357,entry_candidate,raw_ocr,hint_only,1,210,,dictionary/C/C-03.md,hz-005357-catkin,sources/Hezareh_Dictionary_Index/source/Hezareh_Part_01_PDF_0001-0250.md#L28603-L28603,False
catmint,catmint,catmint,[],hz-005358,entry_candidate,raw_ocr,medium,1,210,,dictionary/C/C-03.md,hz-005358-catmint,sources/Hezareh_Dictionary_Index/source/Hezareh_Part_01_PDF_0001-0250.md#L28675-L28678,True
catnapi'kretnrep,catnapi'kretnrep,catnapi'kretnrep,[],hz-005359,entry_candidate,raw_ocr,hint_only,1,210,,dictionary/C/C-03.md,hz-005359-catnapi-kretnrep,sources/Hezareh_Dictionary_Index/source/Hezareh_Part_01_PDF_0001-0250.md#L28603-L28603,False
catnip,catnip,catnip,[],hz-005360,entry_candidate,raw_ocr,high,1,210,,dictionary/C/C-03.md,hz-005360-catnip,sources/Hezareh_Dictionary_Index/source/Hezareh_Part_01_PDF_0001-0250.md#L28679-L28680,True
catsuit,catsuit,catsuit,[],hz-005364,entry_candidate,raw_ocr,high,1,210,,dictionary/C/C-03.md,hz-005364-catsuit,sources/Hezareh_Dictionary_Index/source/Hezareh_Part_01_PDF_0001-0250.md#L28686-L28687,True
catsup,catsup,catsup,[],hz-005365,entry_candidate,raw_ocr,high,1,210,,dictionary/C/C-03.md,hz-005365-catsup,sources/Hezareh_Dictionary_Index/source/Hezareh_Part_01_PDF_0001-0250.md#L28688-L28690,True
cattily,cattily,cattily,[],hz-005366,entry_candidate,raw_ocr,hint_only,1,210,,dictionary/C/C-03.md,hz-005366-cattily,sources/Hezareh_Dictionary_Index/source/Hezareh_Part_01_PDF_0001-0250.md#L28603-L28603,False
cattiness,cattiness,cattiness,[],hz-005367,entry_candidate,raw_ocr,high,1,210,,dictionary/C/C-03.md,hz-005367-cattiness,sources/Hezareh_Dictionary_Index/source/Hezareh_Part_01_PDF_0001-0250.md#L28691-L28692,True
cattish,cattish,cattish,[],hz-005368,entry_candidate,raw_ocr,high,1,210,,dictionary/C/C-03.md,hz-005368-cattish,sources/Hezareh_Dictionary_Index/source/Hezareh_Part_01_PDF_0001-0250.md#L28693-L28694,True
cattle,cattle,cattle,[],hz-005369,entry_candidate,raw_ocr,high,1,210,,dictionary/C/C-03.md,hz-005369-cattle,sources/Hezareh_Dictionary_Index/source/Hezareh_Part_01_PDF_0001-0250.md#L28696-L28696,True
cattle breeder,cattle breeder,cattle breeder,[],hz-005370,entry_candidate,raw_ocr,high,1,210,,dictionary/C/C-03.md,hz-005370-cattle-breeder,sources/Hezareh_Dictionary_Index/source/Hezareh_Part_01_PDF_0001-0250.md#L28695-L28695,True
cattle breeding,cattle breeding,cattle breeding,[],hz-005371,entry_candidate,raw_ocr,high,1,210,,dictionary/C/C-03.md,hz-005371-cattle-breeding,sources/Hezareh_Dictionary_Index/source/Hezareh_Part_01_PDF_0001-0250.md#L28696-L28696,True
cattle plague,cattle plague,cattle plague,[],hz-005375,entry_candidate,raw_ocr,hint_only,1,210,,dictionary/C/C-03.md,hz-005375-cattle-plague,sources/Hezareh_Dictionary_Index/source/Hezareh_Part_01_PDF_0001-0250.md#L28603-L28603,False
cattle shed,cattle shed,cattle shed,[],hz-005376,entry_candidate,raw_ocr,high,1,210,,dictionary/C/C-03.md,hz-005376-cattle-shed,sources/Hezareh_Dictionary_Index/source/Hezareh_Part_01_PDF_0001-0250.md#L28701-L28701,True
cattle-cake,cattle-cake,cattle-cake,[],hz-005372,entry_candidate,raw_ocr,high,1,210,,dictionary/C/C-03.md,hz-005372-cattle-cake,sources/Hezareh_Dictionary_Index/source/Hezareh_Part_01_PDF_0001-0250.md#L28697-L28697,True
cattle-grid,cattle-grid,cattle-grid,[],hz-005373,entry_candidate,raw_ocr,high,1,210,,dictionary/C/C-03.md,hz-005373-cattle-grid,sources/Hezareh_Dictionary_Index/source/Hezareh_Part_01_PDF_0001-0250.md#L28698-L28698,True
cattleman,cattleman,cattleman,[],hz-005374,entry_candidate,raw_ocr,high,1,210,,dictionary/C/C-03.md,hz-005374-cattleman,sources/Hezareh_Dictionary_Index/source/Hezareh_Part_01_PDF_0001-0250.md#L28699-L28700,True
catty,catty,catty,[],hz-005378,entry_candidate,raw_ocr,high,1,210,,dictionary/C/C-03.md,hz-005378-catty,sources/Hezareh_Dictionary_Index/source/Hezareh_Part_01_PDF_0001-0250.md#L28702-L28705,True
catwalk,catwalk,catwalk,[],hz-005377,entry_candidate,raw_ocr,high,1,210,,dictionary/C/C-03.md,hz-005377-catwalk,sources/Hezareh_Dictionary_Index/source/Hezareh_Part_01_PDF_0001-0250.md#L28706-L28707,True
Caucasian,caucasian,caucasian,[],hz-005379,entry_candidate,raw_ocr,high,1,210,,dictionary/C/C-03.md,hz-005379-caucasian,sources/Hezareh_Dictionary_Index/source/Hezareh_Part_01_PDF_0001-0250.md#L28708-L28713,True
Caucasoid,caucasoid,caucasoid,[],hz-005380,entry_candidate,raw_ocr,high,1,211,,dictionary/C/C-03.md,hz-005380-caucasoid,sources/Hezareh_Dictionary_Index/source/Hezareh_Part_01_PDF_0001-0250.md#L28727-L28727,True
caucus,caucus,caucus,[],hz-005381,entry_candidate,raw_ocr,medium,1,211,,dictionary/C/C-03.md,hz-005381-caucus,sources/Hezareh_Dictionary_Index/source/Hezareh_Part_01_PDF_0001-0250.md#L28728-L28729,True
caught,caught,caught,[],hz-005382,entry_candidate,raw_ocr,high,1,211,,dictionary/C/C-03.md,hz-005382-caught,sources/Hezareh_Dictionary_Index/source/Hezareh_Part_01_PDF_0001-0250.md#L28730-L28730,True
caul,caul,caul,[],hz-005383,entry_candidate,raw_ocr,low,1,211,,dictionary/C/C-03.md,hz-005383-caul,sources/Hezareh_Dictionary_Index/source/Hezareh_Part_01_PDF_0001-0250.md#L28731-L28731,True
cauldron,cauldron,cauldron,[],hz-005384,entry_candidate,raw_ocr,medium,1,211,,dictionary/C/C-03.md,hz-005384-cauldron,sources/Hezareh_Dictionary_Index/source/Hezareh_Part_01_PDF_0001-0250.md#L28732-L28734,True
cauliflower,cauliflower,cauliflower,[],hz-005385,entry_candidate,raw_ocr,high,1,211,,dictionary/C/C-03.md,hz-005385-cauliflower,sources/Hezareh_Dictionary_Index/source/Hezareh_Part_01_PDF_0001-0250.md#L28737-L28738,True
cauliflower cheese,cauliflower cheese,cauliflower cheese,[],hz-005386,entry_candidate,raw_ocr,medium,1,211,,dictionary/C/C-03.md,hz-005386-cauliflower-cheese,sources/Hezareh_Dictionary_Index/source/Hezareh_Part_01_PDF_0001-0250.md#L28735-L28736,True
cauliflower ear,cauliflower ear,cauliflower ear,[],hz-005387,entry_candidate,raw_ocr,high,1,211,,dictionary/C/C-03.md,hz-005387-cauliflower-ear,sources/Hezareh_Dictionary_Index/source/Hezareh_Part_01_PDF_0001-0250.md#L28737-L28738,True
caulk,caulk,caulk,[],hz-005388,entry_candidate,raw_ocr,medium,1,211,,dictionary/C/C-03.md,hz-005388-caulk,sources/Hezareh_Dictionary_Index/source/Hezareh_Part_01_PDF_0001-0250.md#L28739-L28740,True
causal,causal,causal,[],hz-005389,entry_candidate,raw_ocr,medium,1,211,,dictionary/C/C-03.md,hz-005389-causal,sources/Hezareh_Dictionary_Index/source/Hezareh_Part_01_PDF_0001-0250.md#L28741-L28744,True
causation,causation,causation,[],hz-005390,entry_candidate,raw_ocr,high,1,211,,dictionary/C/C-03.md,hz-005390-causation,sources/Hezareh_Dictionary_Index/source/Hezareh_Part_01_PDF_0001-0250.md#L28745-L28746,True
causatiVe,causative,causative,[],hz-005391,entry_candidate,raw_ocr,medium,1,211,,dictionary/C/C-03.md,hz-005391-causative,sources/Hezareh_Dictionary_Index/source/Hezareh_Part_01_PDF_0001-0250.md#L28747-L28748,True
cause,cause,cause,[],hz-005392,entry_candidate,raw_ocr,medium,1,211,,dictionary/C/C-03.md,hz-005392-cause,sources/Hezareh_Dictionary_Index/source/Hezareh_Part_01_PDF_0001-0250.md#L28749-L28761,True
causeless,causeless,causeless,[],hz-005393,entry_candidate,raw_ocr,medium,1,211,,dictionary/C/C-03.md,hz-005393-causeless,sources/Hezareh_Dictionary_Index/source/Hezareh_Part_01_PDF_0001-0250.md#L28762-L28763,True
causerie,causerie,causerie,[],hz-005394,entry_candidate,raw_ocr,medium,1,211,,dictionary/C/C-03.md,hz-005394-causerie,sources/Hezareh_Dictionary_Index/source/Hezareh_Part_01_PDF_0001-0250.md#L28764-L28769,True
causeway,causeway,causeway,[],hz-005395,entry_candidate,raw_ocr,hint_only,1,211,,dictionary/C/C-03.md,hz-005395-causeway,sources/Hezareh_Dictionary_Index/source/Hezareh_Part_01_PDF_0001-0250.md#L28717-L28717,False
caustic soda,caustic soda,caustic soda,[],hz-005398,entry_candidate,raw_ocr,medium,1,211,,dictionary/C/C-03.md,hz-005398-caustic-soda,sources/Hezareh_Dictionary_Index/source/Hezareh_Part_01_PDF_0001-0250.md#L28772-L28772,True
caustically,caustically,caustically,[],hz-005397,entry_candidate,raw_ocr,medium,1,211,,dictionary/C/C-03.md,hz-005397-caustically,sources/Hezareh_Dictionary_Index/source/Hezareh_Part_01_PDF_0001-0250.md#L28770-L28771,True
causUC,causuc,causuc,[],hz-005396,entry_candidate,raw_ocr,hint_only,1,211,,dictionary/C/C-03.md,hz-005396-causuc,sources/Hezareh_Dictionary_Index/source/Hezareh_Part_01_PDF_0001-0250.md#L28717-L28717,False
cauterise,cauterise,cauterise,[],hz-005399,entry_candidate,raw_ocr,high,1,211,,dictionary/C/C-03.md,hz-005399-cauterise,sources/Hezareh_Dictionary_Index/source/Hezareh_Part_01_PDF_0001-0250.md#L28773-L28777,True
cauterize,cauterize,cauterize,[],hz-005400,entry_candidate,raw_ocr,medium,1,211,,dictionary/C/C-03.md,hz-005400-cauterize,sources/Hezareh_Dictionary_Index/source/Hezareh_Part_01_PDF_0001-0250.md#L28778-L28779,True
caution,caution,caution,[],hz-005401,entry_candidate,raw_ocr,medium,1,211,,dictionary/C/C-03.md,hz-005401-caution,sources/Hezareh_Dictionary_Index/source/Hezareh_Part_01_PDF_0001-0250.md#L28780-L28787,True
cautionary,cautionary,cautionary,[],hz-005402,entry_candidate,raw_ocr,high,1,211,,dictionary/C/C-03.md,hz-005402-cautionary,sources/Hezareh_Dictionary_Index/source/Hezareh_Part_01_PDF_0001-0250.md#L28788-L28789,True
cautious,cautious,cautious,[],hz-005403,entry_candidate,raw_ocr,medium,1,211,,dictionary/C/C-03.md,hz-005403-cautious,sources/Hezareh_Dictionary_Index/source/Hezareh_Part_01_PDF_0001-0250.md#L28790-L28792,True
cautiously,cautiously,cautiously,[],hz-005404,entry_candidate,raw_ocr,medium,1,211,,dictionary/C/C-03.md,hz-005404-cautiously,sources/Hezareh_Dictionary_Index/source/Hezareh_Part_01_PDF_0001-0250.md#L28793-L28794,True
cautiousness,cautiousness,cautiousness,[],hz-005405,entry_candidate,raw_ocr,medium,1,211,,dictionary/C/C-03.md,hz-005405-cautiousness,sources/Hezareh_Dictionary_Index/source/Hezareh_Part_01_PDF_0001-0250.md#L28795-L28796,True
cavalcade,cavalcade,cavalcade,[],hz-005406,entry_candidate,raw_ocr,medium,1,211,,dictionary/C/C-03.md,hz-005406-cavalcade,sources/Hezareh_Dictionary_Index/source/Hezareh_Part_01_PDF_0001-0250.md#L28797-L28797,True
cavalier,cavalier,cavalier,[],hz-005407,entry_candidate,raw_ocr,medium,1,211,,dictionary/C/C-03.md,hz-005407-cavalier,sources/Hezareh_Dictionary_Index/source/Hezareh_Part_01_PDF_0001-0250.md#L28798-L28803,True
cavalierly,cavalierly,cavalierly,[],hz-005408,entry_candidate,raw_ocr,medium,1,211,,dictionary/C/C-03.md,hz-005408-cavalierly,sources/Hezareh_Dictionary_Index/source/Hezareh_Part_01_PDF_0001-0250.md#L28804-L28805,True
cavalry,cavalry,cavalry,[],hz-005409,entry_candidate,raw_ocr,medium,1,211,,dictionary/C/C-03.md,hz-005409-cavalry,sources/Hezareh_Dictionary_Index/source/Hezareh_Part_01_PDF_0001-0250.md#L28806-L28806,True
cave,cave,cave,[],hz-005410,entry_candidate,raw_ocr,medium,1,211,,dictionary/C/C-03.md,hz-005410-cave,sources/Hezareh_Dictionary_Index/source/Hezareh_Part_01_PDF_0001-0250.md#L28807-L28815,True
cave-in,cave-in,cave-in,[],hz-005414,entry_candidate,raw_ocr,hint_only,1,211,,dictionary/C/C-03.md,hz-005414-cave-in,sources/Hezareh_Dictionary_Index/source/Hezareh_Part_01_PDF_0001-0250.md#L28717-L28717,False
caveat,caveat,caveat,[],hz-005411,entry_candidate,raw_ocr,high,1,211,,dictionary/C/C-03.md,hz-005411-caveat,sources/Hezareh_Dictionary_Index/source/Hezareh_Part_01_PDF_0001-0250.md#L28818-L28822,True
caveat emptor,caveat emptor,caveat emptor,[],hz-005413,entry_candidate,raw_ocr,high,1,211,,dictionary/C/C-03.md,hz-005413-caveat-emptor,sources/Hezareh_Dictionary_Index/source/Hezareh_Part_01_PDF_0001-0250.md#L28818-L28822,True
caveman,caveman,caveman,[],hz-005415,entry_candidate,raw_ocr,medium,1,211,,dictionary/C/C-03.md,hz-005415-caveman,sources/Hezareh_Dictionary_Index/source/Hezareh_Part_01_PDF_0001-0250.md#L28823-L28825,True
cavern,cavern,cavern,[],hz-005416,entry_candidate,raw_ocr,high,1,212,,dictionary/C/C-03.md,hz-005416-cavern,sources/Hezareh_Dictionary_Index/source/Hezareh_Part_01_PDF_0001-0250.md#L28840-L28840,True
cavernOUS,cavernous,cavernous,[],hz-005417,entry_candidate,raw_ocr,high,1,212,,dictionary/C/C-03.md,hz-005417-cavernous,sources/Hezareh_Dictionary_Index/source/Hezareh_Part_01_PDF_0001-0250.md#L28841-L28844,True
caviar,caviar,caviar,[],hz-005418,entry_candidate,raw_ocr,high,1,212,,dictionary/C/C-03.md,hz-005418-caviar,sources/Hezareh_Dictionary_Index/source/Hezareh_Part_01_PDF_0001-0250.md#L28845-L28848,True
caviare,caviare,caviare,[],hz-005419,entry_candidate,raw_ocr,high,1,212,,dictionary/C/C-03.md,hz-005419-caviare,sources/Hezareh_Dictionary_Index/source/Hezareh_Part_01_PDF_0001-0250.md#L28849-L28849,True
cavil,cavil,cavil,[],hz-005420,entry_candidate,raw_ocr,high,1,212,,dictionary/C/C-03.md,hz-005420-cavil,sources/Hezareh_Dictionary_Index/source/Hezareh_Part_01_PDF_0001-0250.md#L28850-L28852,True
caving,caving,caving,[],hz-005421,entry_candidate,raw_ocr,high,1,212,,dictionary/C/C-03.md,hz-005421-caving,sources/Hezareh_Dictionary_Index/source/Hezareh_Part_01_PDF_0001-0250.md#L28853-L28855,True
cavity,cavity,cavity,[],hz-005422,entry_candidate,raw_ocr,high,1,212,,dictionary/C/C-03.md,hz-005422-cavity,sources/Hezareh_Dictionary_Index/source/Hezareh_Part_01_PDF_0001-0250.md#L28856-L28857,True
cavity wall,cavity wall,cavity wall,[],hz-005423,entry_candidate,raw_ocr,high,1,212,,dictionary/C/C-03.md,hz-005423-cavity-wall,sources/Hezareh_Dictionary_Index/source/Hezareh_Part_01_PDF_0001-0250.md#L28856-L28857,True
cavort,cavort,cavort,[],hz-005426,entry_candidate,raw_ocr,high,1,212,,dictionary/C/C-03.md,hz-005426-cavort,sources/Hezareh_Dictionary_Index/source/Hezareh_Part_01_PDF_0001-0250.md#L28858-L28859,True
caw,caw,caw,[],hz-005425,entry_candidate,raw_ocr,high,1,212,,dictionary/C/C-03.md,hz-005425-caw,sources/Hezareh_Dictionary_Index/source/Hezareh_Part_01_PDF_0001-0250.md#L28860-L28862,True
cay,cay,cay,[],hz-005427,entry_candidate,raw_ocr,high,1,212,,dictionary/C/C-03.md,hz-005427-cay,sources/Hezareh_Dictionary_Index/source/Hezareh_Part_01_PDF_0001-0250.md#L28863-L28863,True
cayenne,cayenne,cayenne,[],hz-005432,entry_candidate,raw_ocr,high,1,212,,dictionary/C/C-03.md,hz-005432-cayenne,sources/Hezareh_Dictionary_Index/source/Hezareh_Part_01_PDF_0001-0250.md#L28864-L28864,True
cayenne pepper,cayenne pepper,cayenne pepper,[],hz-005433,entry_candidate,raw_ocr,high,1,212,,dictionary/C/C-03.md,hz-005433-cayenne-pepper,sources/Hezareh_Dictionary_Index/source/Hezareh_Part_01_PDF_0001-0250.md#L28865-L28865,True
cayman,cayman,cayman,[],hz-005434,entry_candidate,raw_ocr,high,1,212,,dictionary/C/C-03.md,hz-005434-cayman,sources/Hezareh_Dictionary_Index/source/Hezareh_Part_01_PDF_0001-0250.md#L28866-L28870,True
CBC,cbc,cbc,[],hz-005435,entry_candidate,raw_ocr,high,1,212,,dictionary/C/C-03.md,hz-005435-cbc,sources/Hezareh_Dictionary_Index/source/Hezareh_Part_01_PDF_0001-0250.md#L28871-L28872,True
CBE,cbe,cbe,[],hz-005436,entry_candidate,raw_ocr,high,1,212,,dictionary/C/C-03.md,hz-005436-cbe,sources/Hezareh_Dictionary_Index/source/Hezareh_Part_01_PDF_0001-0250.md#L28873-L28875,True
CBI,cbi,cbi,[],hz-005437,entry_candidate,raw_ocr,high,1,212,,dictionary/C/C-03.md,hz-005437-cbi,sources/Hezareh_Dictionary_Index/source/Hezareh_Part_01_PDF_0001-0250.md#L28876-L28877,True
CBS,cbs,cbs,[],hz-005438,entry_candidate,raw_ocr,high,1,212,,dictionary/C/C-03.md,hz-005438-cbs,sources/Hezareh_Dictionary_Index/source/Hezareh_Part_01_PDF_0001-0250.md#L28878-L28890,True
CD,cd,cd,[],hz-005424,entry_candidate,raw_ocr,medium,1,212,,dictionary/C/C-03.md,hz-005424-cd,sources/Hezareh_Dictionary_Index/source/Hezareh_Part_01_PDF_0001-0250.md#L28891-L28892,True
CD-ROM,cd-rom,cd-rom,[],hz-005430,entry_candidate,raw_ocr,high,1,212,,dictionary/C/C-03.md,hz-005430-cd-rom,sources/Hezareh_Dictionary_Index/source/Hezareh_Part_01_PDF_0001-0250.md#L28897-L28898,True
Cdr,cdr,cdr,[],hz-005428,entry_candidate,raw_ocr,medium,1,212,,dictionary/C/C-03.md,hz-005428-cdr,sources/Hezareh_Dictionary_Index/source/Hezareh_Part_01_PDF_0001-0250.md#L28893-L28894,True
Cdre,cdre,cdre,[],hz-005429,entry_candidate,raw_ocr,high,1,212,,dictionary/C/C-03.md,hz-005429-cdre,sources/Hezareh_Dictionary_Index/source/Hezareh_Part_01_PDF_0001-0250.md#L28895-L28896,True
CE,ce,ce,[],hz-005431,entry_candidate,raw_ocr,high,1,212,,dictionary/C/C-03.md,hz-005431-ce,sources/Hezareh_Dictionary_Index/source/Hezareh_Part_01_PDF_0001-0250.md#L28899-L28909,True
cease-fire,cease-fire,cease-fire,[],hz-005439,entry_candidate,raw_ocr,high,1,212,,dictionary/C/C-03.md,hz-005439-cease-fire,sources/Hezareh_Dictionary_Index/source/Hezareh_Part_01_PDF_0001-0250.md#L28910-L28910,True
ceaseleSS,ceaseless,ceaseless,[],hz-005440,entry_candidate,raw_ocr,high,1,212,,dictionary/C/C-03.md,hz-005440-ceaseless,sources/Hezareh_Dictionary_Index/source/Hezareh_Part_01_PDF_0001-0250.md#L28911-L28911,True
ceaselessly,ceaselessly,ceaselessly,[],hz-005441,entry_candidate,raw_ocr,high,1,212,,dictionary/C/C-03.md,hz-005441-ceaselessly,sources/Hezareh_Dictionary_Index/source/Hezareh_Part_01_PDF_0001-0250.md#L28912-L28913,True
cedar,cedar,cedar,[],hz-005442,entry_candidate,raw_ocr,high,1,212,,dictionary/C/C-03.md,hz-005442-cedar,sources/Hezareh_Dictionary_Index/source/Hezareh_Part_01_PDF_0001-0250.md#L28914-L28914,True
cede,cede,cede,[],hz-005443,entry_candidate,raw_ocr,high,1,212,,dictionary/C/C-03.md,hz-005443-cede,sources/Hezareh_Dictionary_Index/source/Hezareh_Part_01_PDF_0001-0250.md#L28915-L28916,True
cedilla,cedilla,cedilla,[],hz-005444,entry_candidate,raw_ocr,high,1,212,,dictionary/C/C-03.md,hz-005444-cedilla,sources/Hezareh_Dictionary_Index/source/Hezareh_Part_01_PDF_0001-0250.md#L28917-L28919,True
ceiling,ceiling,ceiling,[],hz-005445,entry_candidate,raw_ocr,high,1,212,,dictionary/C/C-03.md,hz-005445-ceiling,sources/Hezareh_Dictionary_Index/source/Hezareh_Part_01_PDF_0001-0250.md#L28920-L28923,True
celandine,celandine,celandine,[],hz-005446,entry_candidate,raw_ocr,high,1,212,,dictionary/C/C-03.md,hz-005446-celandine,sources/Hezareh_Dictionary_Index/source/Hezareh_Part_01_PDF_0001-0250.md#L28924-L28926,True
celebrant,celebrant,celebrant,[],hz-005447,entry_candidate,raw_ocr,hint_only,1,212,,dictionary/C/C-03.md,hz-005447-celebrant,sources/Hezareh_Dictionary_Index/source/Hezareh_Part_01_PDF_0001-0250.md#L28829-L28829,False
celebrate,celebrate,celebrate,[],hz-005448,entry_candidate,raw_ocr,high,1,212,,dictionary/C/C-03.md,hz-005448-celebrate,sources/Hezareh_Dictionary_Index/source/Hezareh_Part_01_PDF_0001-0250.md#L28927-L28930,True
celebrated,celebrated,celebrated,[],hz-005449,entry_candidate,raw_ocr,high,1,212,,dictionary/C/C-03.md,hz-005449-celebrated,sources/Hezareh_Dictionary_Index/source/Hezareh_Part_01_PDF_0001-0250.md#L28931-L28932,True
celebration,celebration,celebration,[],hz-005450,entry_candidate,raw_ocr,high,1,212,,dictionary/C/C-03.md,hz-005450-celebration,sources/Hezareh_Dictionary_Index/source/Hezareh_Part_01_PDF_0001-0250.md#L28933-L28939,True
celebratory,celebratory,celebratory,[],hz-005451,entry_candidate,raw_ocr,high,1,213,,dictionary/C/C-03.md,hz-005451-celebratory,sources/Hezareh_Dictionary_Index/source/Hezareh_Part_01_PDF_0001-0250.md#L28953-L28955,True
celebrity,celebrity,celebrity,[],hz-005452,entry_candidate,raw_ocr,medium,1,213,,dictionary/C/C-03.md,hz-005452-celebrity,sources/Hezareh_Dictionary_Index/source/Hezareh_Part_01_PDF_0001-0250.md#L28956-L28958,True
celerity,celerity,celerity,[],hz-005453,entry_candidate,raw_ocr,low,1,213,,dictionary/C/C-03.md,hz-005453-celerity,sources/Hezareh_Dictionary_Index/source/Hezareh_Part_01_PDF_0001-0250.md#L28959-L28960,True
celery,celery,celery,[],hz-005454,entry_candidate,raw_ocr,medium,1,213,,dictionary/C/C-03.md,hz-005454-celery,sources/Hezareh_Dictionary_Index/source/Hezareh_Part_01_PDF_0001-0250.md#L28961-L28964,True
celestial,celestial,celestial,[],hz-005455,entry_candidate,raw_ocr,high,1,213,,dictionary/C/C-03.md,hz-005455-celestial,sources/Hezareh_Dictionary_Index/source/Hezareh_Part_01_PDF_0001-0250.md#L28965-L28966,True
celestial body,celestial body,celestial body,[],hz-005456,entry_candidate,raw_ocr,high,1,213,,dictionary/C/C-03.md,hz-005456-celestial-body,sources/Hezareh_Dictionary_Index/source/Hezareh_Part_01_PDF_0001-0250.md#L28965-L28966,True
celestial equator,celestial equator,celestial equator,[],hz-005457,entry_candidate,raw_ocr,high,1,213,,dictionary/C/C-03.md,hz-005457-celestial-equator,sources/Hezareh_Dictionary_Index/source/Hezareh_Part_01_PDF_0001-0250.md#L28967-L28968,True
celestial globe,celestial globe,celestial globe,[],hz-005458,entry_candidate,raw_ocr,high,1,213,,dictionary/C/C-03.md,hz-005458-celestial-globe,sources/Hezareh_Dictionary_Index/source/Hezareh_Part_01_PDF_0001-0250.md#L28969-L28970,True
celestial sphere,celestial sphere,celestial sphere,[],hz-005459,entry_candidate,raw_ocr,high,1,213,,dictionary/C/C-04.md,hz-005459-celestial-sphere,sources/Hezareh_Dictionary_Index/source/Hezareh_Part_01_PDF_0001-0250.md#L28971-L28972,True
celibacy,celibacy,celibacy,[],hz-005460,entry_candidate,raw_ocr,medium,1,213,,dictionary/C/C-04.md,hz-005460-celibacy,sources/Hezareh_Dictionary_Index/source/Hezareh_Part_01_PDF_0001-0250.md#L28973-L28973,True
celibate,celibate,celibate,[],hz-005461,entry_candidate,raw_ocr,low,1,213,,dictionary/C/C-04.md,hz-005461-celibate,sources/Hezareh_Dictionary_Index/source/Hezareh_Part_01_PDF_0001-0250.md#L28974-L28974,True
cell,cell,cell,[],hz-005462,entry_candidate,raw_ocr,medium,1,213,,dictionary/C/C-04.md,hz-005462-cell,sources/Hezareh_Dictionary_Index/source/Hezareh_Part_01_PDF_0001-0250.md#L28975-L28977,True
cellar,cellar,cellar,[],hz-005463,entry_candidate,raw_ocr,medium,1,213,,dictionary/C/C-04.md,hz-005463-cellar,sources/Hezareh_Dictionary_Index/source/Hezareh_Part_01_PDF_0001-0250.md#L28978-L28978,True
cellarage,cellarage,cellarage,[],hz-005464,entry_candidate,raw_ocr,medium,1,213,,dictionary/C/C-04.md,hz-005464-cellarage,sources/Hezareh_Dictionary_Index/source/Hezareh_Part_01_PDF_0001-0250.md#L28979-L28981,True
cellO,cello,cello,[],hz-005465,entry_candidate,raw_ocr,high,1,213,,dictionary/C/C-04.md,hz-005465-cello,sources/Hezareh_Dictionary_Index/source/Hezareh_Part_01_PDF_0001-0250.md#L28982-L28982,True
Cellophane,cellophane,cellophane,[],hz-005466,entry_candidate,raw_ocr,medium,1,213,,dictionary/C/C-04.md,hz-005466-cellophane,sources/Hezareh_Dictionary_Index/source/Hezareh_Part_01_PDF_0001-0250.md#L28983-L28983,True
cellular,cellular,cellular,[],hz-005467,entry_candidate,raw_ocr,medium,1,213,,dictionary/C/C-04.md,hz-005467-cellular,sources/Hezareh_Dictionary_Index/source/Hezareh_Part_01_PDF_0001-0250.md#L28984-L28987,True
celluloid,celluloid,celluloid,[],hz-005468,entry_candidate,raw_ocr,medium,1,213,,dictionary/C/C-04.md,hz-005468-celluloid,sources/Hezareh_Dictionary_Index/source/Hezareh_Part_01_PDF_0001-0250.md#L28988-L28989,True
cellulose,cellulose,cellulose,[],hz-005469,entry_candidate,raw_ocr,medium,1,213,,dictionary/C/C-04.md,hz-005469-cellulose,sources/Hezareh_Dictionary_Index/source/Hezareh_Part_01_PDF_0001-0250.md#L28990-L28991,True
Celsius i'selms,celsius i'selms,celsius i'selms,[],hz-005470,entry_candidate,raw_ocr,hint_only,1,213,,dictionary/C/C-04.md,hz-005470-celsius-i-selms,sources/Hezareh_Dictionary_Index/source/Hezareh_Part_01_PDF_0001-0250.md#L28943-L28943,False
Celt,celt,celt,[],hz-005471,entry_candidate,raw_ocr,medium,1,213,,dictionary/C/C-04.md,hz-005471-celt,sources/Hezareh_Dictionary_Index/source/Hezareh_Part_01_PDF_0001-0250.md#L28992-L28992,True
Celtic,celtic,celtic,[],hz-005472,entry_candidate,raw_ocr,medium,1,213,,dictionary/C/C-04.md,hz-005472-celtic,sources/Hezareh_Dictionary_Index/source/Hezareh_Part_01_PDF_0001-0250.md#L28993-L29003,True
cement-mixer,cement-mixer,cement-mixer,[],hz-005473,entry_candidate,raw_ocr,high,1,213,,dictionary/C/C-04.md,hz-005473-cement-mixer,sources/Hezareh_Dictionary_Index/source/Hezareh_Part_01_PDF_0001-0250.md#L29004-L29004,True
cemetery,cemetery,cemetery,[],hz-005474,entry_candidate,raw_ocr,medium,1,213,,dictionary/C/C-04.md,hz-005474-cemetery,sources/Hezareh_Dictionary_Index/source/Hezareh_Part_01_PDF_0001-0250.md#L29005-L29005,True
cenotaph,cenotaph,cenotaph,[],hz-005475,entry_candidate,raw_ocr,medium,1,213,,dictionary/C/C-04.md,hz-005475-cenotaph,sources/Hezareh_Dictionary_Index/source/Hezareh_Part_01_PDF_0001-0250.md#L29006-L29007,True
censer,censer,censer,[],hz-005476,entry_candidate,raw_ocr,medium,1,213,,dictionary/C/C-04.md,hz-005476-censer,sources/Hezareh_Dictionary_Index/source/Hezareh_Part_01_PDF_0001-0250.md#L29008-L29016,True
censor,censor,censor,[],hz-005477,entry_candidate,raw_ocr,hint_only,1,213,,dictionary/C/C-04.md,hz-005477-censor,sources/Hezareh_Dictionary_Index/source/Hezareh_Part_01_PDF_0001-0250.md#L28943-L28943,False
censoriousness,censoriousness,censoriousness,[],hz-005478,entry_candidate,raw_ocr,medium,1,213,,dictionary/C/C-04.md,hz-005478-censoriousness,sources/Hezareh_Dictionary_Index/source/Hezareh_Part_01_PDF_0001-0250.md#L29017-L29018,True
censorship,censorship,censorship,[],hz-005479,entry_candidate,raw_ocr,medium,1,213,,dictionary/C/C-04.md,hz-005479-censorship,sources/Hezareh_Dictionary_Index/source/Hezareh_Part_01_PDF_0001-0250.md#L29019-L29022,True
censure,censure,censure,[],hz-005480,entry_candidate,raw_ocr,hint_only,1,213,,dictionary/C/C-04.md,hz-005480-censure,sources/Hezareh_Dictionary_Index/source/Hezareh_Part_01_PDF_0001-0250.md#L28943-L28943,False
census,census,census,[],hz-005481,entry_candidate,raw_ocr,medium,1,213,,dictionary/C/C-04.md,hz-005481-census,sources/Hezareh_Dictionary_Index/source/Hezareh_Part_01_PDF_0001-0250.md#L29023-L29035,True
centaur,centaur,centaur,[],hz-005482,entry_candidate,raw_ocr,medium,1,213,,dictionary/C/C-04.md,hz-005482-centaur,sources/Hezareh_Dictionary_Index/source/Hezareh_Part_01_PDF_0001-0250.md#L29036-L29037,True
Centaurus,centaurus,centaurus,[],hz-005483,entry_candidate,raw_ocr,low,1,213,,dictionary/C/C-04.md,hz-005483-centaurus,sources/Hezareh_Dictionary_Index/source/Hezareh_Part_01_PDF_0001-0250.md#L29038-L29039,True
centenarian,centenarian,centenarian,[],hz-005484,entry_candidate,raw_ocr,low,1,213,,dictionary/C/C-04.md,hz-005484-centenarian,sources/Hezareh_Dictionary_Index/source/Hezareh_Part_01_PDF_0001-0250.md#L29040-L29040,True
centenary,centenary,centenary,[],hz-005485,entry_candidate,raw_ocr,medium,1,213,,dictionary/C/C-04.md,hz-005485-centenary,sources/Hezareh_Dictionary_Index/source/Hezareh_Part_01_PDF_0001-0250.md#L29041-L29043,True
centennial,centennial,centennial,[],hz-005486,entry_candidate,raw_ocr,medium,1,213,,dictionary/C/C-04.md,hz-005486-centennial,sources/Hezareh_Dictionary_Index/source/Hezareh_Part_01_PDF_0001-0250.md#L29044-L29046,True
center,center,center,[],hz-005487,entry_candidate,raw_ocr,high,1,213,,dictionary/C/C-04.md,hz-005487-center,sources/Hezareh_Dictionary_Index/source/Hezareh_Part_01_PDF_0001-0250.md#L29047-L29047,True
center-stage,center-stage,center-stage,[],hz-005490,entry_candidate,raw_ocr,high,1,214,,dictionary/C/C-04.md,hz-005490-center-stage,sources/Hezareh_Dictionary_Index/source/Hezareh_Part_01_PDF_0001-0250.md#L29064-L29068,True
centerboard,centerboard,centerboard,[],hz-005488,entry_candidate,raw_ocr,high,1,213,,dictionary/C/C-04.md,hz-005488-centerboard,sources/Hezareh_Dictionary_Index/source/Hezareh_Part_01_PDF_0001-0250.md#L29048-L29048,True
centerfold,centerfold,centerfold,[],hz-005489,entry_candidate,raw_ocr,medium,1,213,,dictionary/C/C-04.md,hz-005489-centerfold,sources/Hezareh_Dictionary_Index/source/Hezareh_Part_01_PDF_0001-0250.md#L29049-L29050,True
centi-,centi-,centi-,[],hz-038782,entry_candidate,raw_ocr,hint_only,8,1961,,dictionary/C/C-04.md,hz-038782-centi,sources/Hezareh_Dictionary_Index/source/Hezareh_Part_08_PDF_1751-1976.md#L24763-L24763,False
centigram,centigram,centigram,[],hz-005491,entry_candidate,raw_ocr,high,1,214,,dictionary/C/C-04.md,hz-005491-centigram,sources/Hezareh_Dictionary_Index/source/Hezareh_Part_01_PDF_0001-0250.md#L29069-L29069,True
centigramme,centigramme,centigramme,[],hz-005492,entry_candidate,raw_ocr,high,1,214,,dictionary/C/C-04.md,hz-005492-centigramme,sources/Hezareh_Dictionary_Index/source/Hezareh_Part_01_PDF_0001-0250.md#L29070-L29070,True
centile,centile,centile,[],hz-005493,entry_candidate,raw_ocr,high,1,214,,dictionary/C/C-04.md,hz-005493-centile,sources/Hezareh_Dictionary_Index/source/Hezareh_Part_01_PDF_0001-0250.md#L29071-L29072,True
centiliter,centiliter,centiliter,[],hz-005494,entry_candidate,raw_ocr,high,1,214,,dictionary/C/C-04.md,hz-005494-centiliter,sources/Hezareh_Dictionary_Index/source/Hezareh_Part_01_PDF_0001-0250.md#L29073-L29073,True
centilitre,centilitre,centilitre,[],hz-005495,entry_candidate,raw_ocr,high,1,214,,dictionary/C/C-04.md,hz-005495-centilitre,sources/Hezareh_Dictionary_Index/source/Hezareh_Part_01_PDF_0001-0250.md#L29074-L29074,True
centime,centime,centime,[],hz-005496,entry_candidate,raw_ocr,high,1,214,,dictionary/C/C-04.md,hz-005496-centime,sources/Hezareh_Dictionary_Index/source/Hezareh_Part_01_PDF_0001-0250.md#L29075-L29075,True
centimeter,centimeter,centimeter,[],hz-005497,entry_candidate,raw_ocr,high,1,214,,dictionary/C/C-04.md,hz-005497-centimeter,sources/Hezareh_Dictionary_Index/source/Hezareh_Part_01_PDF_0001-0250.md#L29076-L29076,True
centimetre,centimetre,centimetre,[],hz-005498,entry_candidate,raw_ocr,high,1,214,,dictionary/C/C-04.md,hz-005498-centimetre,sources/Hezareh_Dictionary_Index/source/Hezareh_Part_01_PDF_0001-0250.md#L29077-L29077,True
centipede,centipede,centipede,[],hz-005499,entry_candidate,raw_ocr,high,1,214,,dictionary/C/C-04.md,hz-005499-centipede,sources/Hezareh_Dictionary_Index/source/Hezareh_Part_01_PDF_0001-0250.md#L29078-L29082,True
central,central,central,[],hz-005500,entry_candidate,raw_ocr,high,1,214,,dictionary/C/C-04.md,hz-005500-central,sources/Hezareh_Dictionary_Index/source/Hezareh_Part_01_PDF_0001-0250.md#L29083-L29083,True
central bank,central bank,central bank,[],hz-005501,entry_candidate,raw_ocr,high,1,214,,dictionary/C/C-04.md,hz-005501-central-bank,sources/Hezareh_Dictionary_Index/source/Hezareh_Part_01_PDF_0001-0250.md#L29083-L29083,True
central heating,central heating,central heating,[],hz-005502,entry_candidate,raw_ocr,high,1,214,,dictionary/C/C-04.md,hz-005502-central-heating,sources/Hezareh_Dictionary_Index/source/Hezareh_Part_01_PDF_0001-0250.md#L29084-L29087,True
central nervous system,central nervous system,central nervous system,[],hz-005509,entry_candidate,raw_ocr,high,1,214,,dictionary/C/C-04.md,hz-005509-central-nervous-system,sources/Hezareh_Dictionary_Index/source/Hezareh_Part_01_PDF_0001-0250.md#L29103-L29107,True
central processinq unit,central processinq unit,central processinq unit,[],hz-005510,entry_candidate,raw_ocr,hint_only,1,214,,dictionary/C/C-04.md,hz-005510-central-processinq-unit,sources/Hezareh_Dictionary_Index/source/Hezareh_Part_01_PDF_0001-0250.md#L29054-L29054,False
central reservation,central reservation,central reservation,[],hz-005511,entry_candidate,raw_ocr,high,1,214,,dictionary/C/C-04.md,hz-005511-central-reservation,sources/Hezareh_Dictionary_Index/source/Hezareh_Part_01_PDF_0001-0250.md#L29108-L29113,True
centralise,centralise,centralise,[],hz-005503,entry_candidate,raw_ocr,high,1,214,,dictionary/C/C-04.md,hz-005503-centralise,sources/Hezareh_Dictionary_Index/source/Hezareh_Part_01_PDF_0001-0250.md#L29088-L29088,True
centralism,centralism,centralism,[],hz-005504,entry_candidate,raw_ocr,high,1,214,,dictionary/C/C-04.md,hz-005504-centralism,sources/Hezareh_Dictionary_Index/source/Hezareh_Part_01_PDF_0001-0250.md#L29089-L29090,True
centralist,centralist,centralist,[],hz-005505,entry_candidate,raw_ocr,high,1,214,,dictionary/C/C-04.md,hz-005505-centralist,sources/Hezareh_Dictionary_Index/source/Hezareh_Part_01_PDF_0001-0250.md#L29091-L29093,True
centrality,centrality,centrality,[],hz-005506,entry_candidate,raw_ocr,high,1,214,,dictionary/C/C-04.md,hz-005506-centrality,sources/Hezareh_Dictionary_Index/source/Hezareh_Part_01_PDF_0001-0250.md#L29094-L29094,True
centralization,centralization,centralization,[],hz-005507,entry_candidate,raw_ocr,high,1,214,,dictionary/C/C-04.md,hz-005507-centralization,sources/Hezareh_Dictionary_Index/source/Hezareh_Part_01_PDF_0001-0250.md#L29095-L29099,True
centrally,centrally,centrally,[],hz-005508,entry_candidate,raw_ocr,high,1,214,,dictionary/C/C-04.md,hz-005508-centrally,sources/Hezareh_Dictionary_Index/source/Hezareh_Part_01_PDF_0001-0250.md#L29100-L29102,True
Centre,centre,centre,[],hz-005512,entry_candidate,raw_ocr,high,1,214,,dictionary/C/C-04.md,hz-005512-centre,sources/Hezareh_Dictionary_Index/source/Hezareh_Part_01_PDF_0001-0250.md#L29137-L29139,True
centre forward,centre forward,centre forward,[],hz-005516,entry_candidate,raw_ocr,high,1,214,,dictionary/C/C-04.md,hz-005516-centre-forward,sources/Hezareh_Dictionary_Index/source/Hezareh_Part_01_PDF_0001-0250.md#L29137-L29139,True
centre half,centre half,centre half,[],hz-005517,entry_candidate,raw_ocr,high,1,214,,dictionary/C/C-04.md,hz-005517-centre-half,sources/Hezareh_Dictionary_Index/source/Hezareh_Part_01_PDF_0001-0250.md#L29140-L29141,True
centre Of gravity,centre of gravity,centre of gravity,[],hz-005518,entry_candidate,raw_ocr,high,1,214,,dictionary/C/C-04.md,hz-005518-centre-of-gravity,sources/Hezareh_Dictionary_Index/source/Hezareh_Part_01_PDF_0001-0250.md#L29142-L29144,True
centre parties,centre parties,centre parties,[],hz-005519,entry_candidate,raw_ocr,high,1,214,,dictionary/C/C-04.md,hz-005519-centre-parties,sources/Hezareh_Dictionary_Index/source/Hezareh_Part_01_PDF_0001-0250.md#L29145-L29146,True
centre piece,centre piece,centre piece,[],hz-005520,entry_candidate,raw_ocr,high,1,214,,dictionary/C/C-04.md,hz-005520-centre-piece,sources/Hezareh_Dictionary_Index/source/Hezareh_Part_01_PDF_0001-0250.md#L29147-L29148,True
centre spread,centre spread,centre spread,[],hz-005521,entry_candidate,raw_ocr,high,1,214,,dictionary/C/C-04.md,hz-005521-centre-spread,sources/Hezareh_Dictionary_Index/source/Hezareh_Part_01_PDF_0001-0250.md#L29149-L29150,True
centre-bit,centre-bit,centre-bit,[],hz-005514,entry_candidate,raw_ocr,hint_only,1,214,,dictionary/C/C-04.md,hz-005514-centre-bit,sources/Hezareh_Dictionary_Index/source/Hezareh_Part_01_PDF_0001-0250.md#L29054-L29054,False
centre-stage,centre-stage,centre-stage,[],hz-005522,entry_candidate,raw_ocr,high,1,214,,dictionary/C/C-04.md,hz-005522-centre-stage,sources/Hezareh_Dictionary_Index/source/Hezareh_Part_01_PDF_0001-0250.md#L29151-L29153,True
centrefold,centrefold,centrefold,[],hz-005515,entry_candidate,raw_ocr,high,1,214,,dictionary/C/C-04.md,hz-005515-centrefold,sources/Hezareh_Dictionary_Index/source/Hezareh_Part_01_PDF_0001-0250.md#L29135-L29136,True
centrifugal,centrifugal,centrifugal,[],hz-005523,entry_candidate,raw_ocr,high,1,214,,dictionary/C/C-04.md,hz-005523-centrifugal,sources/Hezareh_Dictionary_Index/source/Hezareh_Part_01_PDF_0001-0250.md#L29154-L29154,True
centrifugal force,centrifugal force,centrifugal force,[],hz-005524,entry_candidate,raw_ocr,high,1,214,,dictionary/C/C-04.md,hz-005524-centrifugal-force,sources/Hezareh_Dictionary_Index/source/Hezareh_Part_01_PDF_0001-0250.md#L29155-L29157,True
Centrifuge,centrifuge,centrifuge,[],hz-005525,entry_candidate,raw_ocr,high,1,214,,dictionary/C/C-04.md,hz-005525-centrifuge,sources/Hezareh_Dictionary_Index/source/Hezareh_Part_01_PDF_0001-0250.md#L29158-L29158,True
centripetal,centripetal,centripetal,[],hz-005526,entry_candidate,raw_ocr,high,1,214,,dictionary/C/C-04.md,hz-005526-centripetal,sources/Hezareh_Dictionary_Index/source/Hezareh_Part_01_PDF_0001-0250.md#L29159-L29161,True
centrist,centrist,centrist,[],hz-005527,entry_candidate,raw_ocr,high,1,214,,dictionary/C/C-04.md,hz-005527-centrist,sources/Hezareh_Dictionary_Index/source/Hezareh_Part_01_PDF_0001-0250.md#L29162-L29162,True
centurion,centurion,centurion,[],hz-005528,entry_candidate,raw_ocr,high,1,214,,dictionary/C/C-04.md,hz-005528-centurion,sources/Hezareh_Dictionary_Index/source/Hezareh_Part_01_PDF_0001-0250.md#L29163-L29168,True
century,century,century,[],hz-005529,entry_candidate,raw_ocr,high,1,215,,dictionary/C/C-04.md,hz-005529-century,sources/Hezareh_Dictionary_Index/source/Hezareh_Part_01_PDF_0001-0250.md#L29181-L29185,True
ceramiC,ceramic,ceramic,[],hz-005530,entry_candidate,raw_ocr,medium,1,215,,dictionary/C/C-04.md,hz-005530-ceramic,sources/Hezareh_Dictionary_Index/source/Hezareh_Part_01_PDF_0001-0250.md#L29186-L29188,True
ceramics,ceramics,ceramics,[],hz-005531,entry_candidate,raw_ocr,medium,1,215,,dictionary/C/C-04.md,hz-005531-ceramics,sources/Hezareh_Dictionary_Index/source/Hezareh_Part_01_PDF_0001-0250.md#L29189-L29191,True
cereal,cereal,cereal,[],hz-005532,entry_candidate,raw_ocr,medium,1,215,,dictionary/C/C-04.md,hz-005532-cereal,sources/Hezareh_Dictionary_Index/source/Hezareh_Part_01_PDF_0001-0250.md#L29192-L29194,True
cerebra,cerebra,cerebra,[],hz-005533,entry_candidate,raw_ocr,high,1,215,,dictionary/C/C-04.md,hz-005533-cerebra,sources/Hezareh_Dictionary_Index/source/Hezareh_Part_01_PDF_0001-0250.md#L29195-L29195,True
cerebral,cerebral,cerebral,[],hz-005534,entry_candidate,raw_ocr,high,1,215,,dictionary/C/C-04.md,hz-005534-cerebral,sources/Hezareh_Dictionary_Index/source/Hezareh_Part_01_PDF_0001-0250.md#L29196-L29198,True
cerebral palsy,cerebral palsy,cerebral palsy,[],hz-005535,entry_candidate,raw_ocr,medium,1,215,,dictionary/C/C-04.md,hz-005535-cerebral-palsy,sources/Hezareh_Dictionary_Index/source/Hezareh_Part_01_PDF_0001-0250.md#L29199-L29199,True
cerebration,cerebration,cerebration,[],hz-005536,entry_candidate,raw_ocr,medium,1,215,,dictionary/C/C-04.md,hz-005536-cerebration,sources/Hezareh_Dictionary_Index/source/Hezareh_Part_01_PDF_0001-0250.md#L29200-L29201,True
cerebrum,cerebrum,cerebrum,[],hz-005537,entry_candidate,raw_ocr,medium,1,215,,dictionary/C/C-04.md,hz-005537-cerebrum,sources/Hezareh_Dictionary_Index/source/Hezareh_Part_01_PDF_0001-0250.md#L29202-L29203,True
ceremonial,ceremonial,ceremonial,[],hz-005538,entry_candidate,raw_ocr,medium,1,215,,dictionary/C/C-04.md,hz-005538-ceremonial,sources/Hezareh_Dictionary_Index/source/Hezareh_Part_01_PDF_0001-0250.md#L29204-L29206,True
ceremonious,ceremonious,ceremonious,[],hz-005539,entry_candidate,raw_ocr,medium,1,215,,dictionary/C/C-04.md,hz-005539-ceremonious,sources/Hezareh_Dictionary_Index/source/Hezareh_Part_01_PDF_0001-0250.md#L29207-L29211,True
ceremony,ceremony,ceremony,[],hz-005540,entry_candidate,raw_ocr,medium,1,215,,dictionary/C/C-04.md,hz-005540-ceremony,sources/Hezareh_Dictionary_Index/source/Hezareh_Part_01_PDF_0001-0250.md#L29212-L29219,True
cerise,cerise,cerise,[],hz-005541,entry_candidate,raw_ocr,medium,1,215,,dictionary/C/C-04.md,hz-005541-cerise,sources/Hezareh_Dictionary_Index/source/Hezareh_Part_01_PDF_0001-0250.md#L29220-L29221,True
CERN,cern,cern,[],hz-005542,entry_candidate,raw_ocr,high,1,215,,dictionary/C/C-04.md,hz-005542-cern,sources/Hezareh_Dictionary_Index/source/Hezareh_Part_01_PDF_0001-0250.md#L29222-L29231,True
Cern,cern,cern,[],hz-005543,entry_candidate,raw_ocr,high,1,215,,dictionary/C/C-04.md,hz-005543-cern,sources/Hezareh_Dictionary_Index/source/Hezareh_Part_01_PDF_0001-0250.md#L29222-L29231,True
cert,cert,cert,[],hz-005544,entry_candidate,raw_ocr,high,1,215,,dictionary/C/C-04.md,hz-005544-cert,sources/Hezareh_Dictionary_Index/source/Hezareh_Part_01_PDF_0001-0250.md#L29232-L29235,True
certain,certain,certain,[],hz-005545,entry_candidate,raw_ocr,high,1,215,,dictionary/C/C-04.md,hz-005545-certain,sources/Hezareh_Dictionary_Index/source/Hezareh_Part_01_PDF_0001-0250.md#L29236-L29259,True
certainly,certainly,certainly,[],hz-005547,entry_candidate,raw_ocr,high,1,215,,dictionary/C/C-04.md,hz-005547-certainly,sources/Hezareh_Dictionary_Index/source/Hezareh_Part_01_PDF_0001-0250.md#L29272-L29275,True
certainty,certainty,certainty,[],hz-005548,entry_candidate,raw_ocr,high,1,215,,dictionary/C/C-04.md,hz-005548-certainty,sources/Hezareh_Dictionary_Index/source/Hezareh_Part_01_PDF_0001-0250.md#L29276-L29279,True
certifiable,certifiable,certifiable,[],hz-005549,entry_candidate,raw_ocr,high,1,216,,dictionary/C/C-04.md,hz-005549-certifiable,sources/Hezareh_Dictionary_Index/source/Hezareh_Part_01_PDF_0001-0250.md#L29298-L29301,True
certificate,certificate,certificate,[],hz-005550,entry_candidate,raw_ocr,high,1,216,,dictionary/C/C-04.md,hz-005550-certificate,sources/Hezareh_Dictionary_Index/source/Hezareh_Part_01_PDF_0001-0250.md#L29302-L29313,True
certificated,certificated,certificated,[],hz-005551,entry_candidate,raw_ocr,high,1,216,,dictionary/C/C-04.md,hz-005551-certificated,sources/Hezareh_Dictionary_Index/source/Hezareh_Part_01_PDF_0001-0250.md#L29314-L29323,True
Certification,certification,certification,[],hz-005552,entry_candidate,raw_ocr,high,1,216,,dictionary/C/C-04.md,hz-005552-certification,sources/Hezareh_Dictionary_Index/source/Hezareh_Part_01_PDF_0001-0250.md#L29324-L29327,True
certified cheque,certified cheque,certified cheque,[],hz-005553,entry_candidate,raw_ocr,high,1,216,,dictionary/C/C-04.md,hz-005553-certified-cheque,sources/Hezareh_Dictionary_Index/source/Hezareh_Part_01_PDF_0001-0250.md#L29328-L29331,True
certified copy,certified copy,certified copy,[],hz-005554,entry_candidate,raw_ocr,high,1,216,,dictionary/C/C-04.md,hz-005554-certified-copy,sources/Hezareh_Dictionary_Index/source/Hezareh_Part_01_PDF_0001-0250.md#L29332-L29333,True
certified lunatic,certified lunatic,certified lunatic,[],hz-005555,entry_candidate,raw_ocr,high,1,216,,dictionary/C/C-04.md,hz-005555-certified-lunatic,sources/Hezareh_Dictionary_Index/source/Hezareh_Part_01_PDF_0001-0250.md#L29334-L29337,True
certified mail,certified mail,certified mail,[],hz-005556,entry_candidate,raw_ocr,high,1,216,,dictionary/C/C-04.md,hz-005556-certified-mail,sources/Hezareh_Dictionary_Index/source/Hezareh_Part_01_PDF_0001-0250.md#L29338-L29355,True
certitude,certitude,certitude,[],hz-005558,entry_candidate,raw_ocr,high,1,216,,dictionary/C/C-04.md,hz-005558-certitude,sources/Hezareh_Dictionary_Index/source/Hezareh_Part_01_PDF_0001-0250.md#L29356-L29363,True
cerulean,cerulean,cerulean,[],hz-005559,entry_candidate,raw_ocr,hint_only,1,216,,dictionary/C/C-04.md,hz-005559-cerulean,sources/Hezareh_Dictionary_Index/source/Hezareh_Part_01_PDF_0001-0250.md#L29283-L29283,False
cervical,cervical,cervical,[],hz-005560,entry_candidate,raw_ocr,high,1,216,,dictionary/C/C-04.md,hz-005560-cervical,sources/Hezareh_Dictionary_Index/source/Hezareh_Part_01_PDF_0001-0250.md#L29364-L29371,True
cervices,cervices,cervices,[],hz-005561,entry_candidate,raw_ocr,high,1,216,,dictionary/C/C-04.md,hz-005561-cervices,sources/Hezareh_Dictionary_Index/source/Hezareh_Part_01_PDF_0001-0250.md#L29372-L29373,True
cervix,cervix,cervix,[],hz-005562,entry_candidate,raw_ocr,high,1,216,,dictionary/C/C-04.md,hz-005562-cervix,sources/Hezareh_Dictionary_Index/source/Hezareh_Part_01_PDF_0001-0250.md#L29374-L29377,True
Cesarean,cesarean,cesarean,[],hz-005563,entry_candidate,raw_ocr,high,1,216,,dictionary/C/C-04.md,hz-005563-cesarean,sources/Hezareh_Dictionary_Index/source/Hezareh_Part_01_PDF_0001-0250.md#L29378-L29379,True
cesium,cesium,cesium,[],hz-005564,entry_candidate,raw_ocr,high,1,216,,dictionary/C/C-04.md,hz-005564-cesium,sources/Hezareh_Dictionary_Index/source/Hezareh_Part_01_PDF_0001-0250.md#L29380-L29381,True
cessation,cessation,cessation,[],hz-005565,entry_candidate,raw_ocr,high,1,216,,dictionary/C/C-04.md,hz-005565-cessation,sources/Hezareh_Dictionary_Index/source/Hezareh_Part_01_PDF_0001-0250.md#L29382-L29390,True
cession,cession,cession,[],hz-005566,entry_candidate,raw_ocr,high,1,216,,dictionary/C/C-04.md,hz-005566-cession,sources/Hezareh_Dictionary_Index/source/Hezareh_Part_01_PDF_0001-0250.md#L29391-L29392,True
cesspit,cesspit,cesspit,[],hz-005567,entry_candidate,raw_ocr,high,1,216,,dictionary/C/C-04.md,hz-005567-cesspit,sources/Hezareh_Dictionary_Index/source/Hezareh_Part_01_PDF_0001-0250.md#L29393-L29399,True
cesspool,cesspool,cesspool,[],hz-005568,entry_candidate,raw_ocr,hint_only,1,216,,dictionary/C/C-04.md,hz-005568-cesspool,sources/Hezareh_Dictionary_Index/source/Hezareh_Part_01_PDF_0001-0250.md#L29283-L29283,False
CFC,cfc,cfc,[],hz-005569,entry_candidate,raw_ocr,high,1,216,,dictionary/C/C-04.md,hz-005569-cfc,sources/Hezareh_Dictionary_Index/source/Hezareh_Part_01_PDF_0001-0250.md#L29400-L29401,True
CFE,cfe,cfe,[],hz-005570,entry_candidate,raw_ocr,high,1,216,,dictionary/C/C-04.md,hz-005570-cfe,sources/Hezareh_Dictionary_Index/source/Hezareh_Part_01_PDF_0001-0250.md#L29402-L29403,True
ch,ch,ch,[],hz-005571,entry_candidate,raw_ocr,high,1,216,,dictionary/C/C-04.md,hz-005571-ch,sources/Hezareh_Dictionary_Index/source/Hezareh_Part_01_PDF_0001-0250.md#L29404-L29405,True
ch ivy,ch ivy,ch ivy,[],hz-005902,entry_candidate,raw_ocr,hint_only,1,232,,dictionary/C/C-04.md,hz-005902-ch-ivy,sources/Hezareh_Dictionary_Index/source/Hezareh_Part_01_PDF_0001-0250.md#L31173-L31173,False
cha-cha,cha-cha,cha-cha,[],hz-005573,entry_candidate,raw_ocr,low,1,216,,dictionary/C/C-04.md,hz-005573-cha-cha,sources/Hezareh_Dictionary_Index/source/Hezareh_Part_01_PDF_0001-0250.md#L29409-L29410,True
Chablis,chablis,chablis,[],hz-005572,entry_candidate,raw_ocr,high,1,216,,dictionary/C/C-04.md,hz-005572-chablis,sources/Hezareh_Dictionary_Index/source/Hezareh_Part_01_PDF_0001-0250.md#L29406-L29408,True
chafe,chafe,chafe,[],hz-005575,entry_candidate,raw_ocr,high,1,216,,dictionary/C/C-04.md,hz-005575-chafe,sources/Hezareh_Dictionary_Index/source/Hezareh_Part_01_PDF_0001-0250.md#L29411-L29422,True
chaff,chaff,chaff,[],hz-005576,entry_candidate,raw_ocr,high,1,216,,dictionary/C/C-04.md,hz-005576-chaff,sources/Hezareh_Dictionary_Index/source/Hezareh_Part_01_PDF_0001-0250.md#L29423-L29426,True
chafing dish,chafing dish,chafing dish,[],hz-005577,entry_candidate,raw_ocr,high,1,216,,dictionary/C/C-04.md,hz-005577-chafing-dish,sources/Hezareh_Dictionary_Index/source/Hezareh_Part_01_PDF_0001-0250.md#L29427-L29427,True
chagrin,chagrin,chagrin,[],hz-005578,entry_candidate,raw_ocr,high,1,216,,dictionary/C/C-04.md,hz-005578-chagrin,sources/Hezareh_Dictionary_Index/source/Hezareh_Part_01_PDF_0001-0250.md#L29428-L29439,True
chain reaction,chain reaction,chain reaction,[],hz-005584,entry_candidate,raw_ocr,medium,1,217,,dictionary/C/C-04.md,hz-005584-chain-reaction,sources/Hezareh_Dictionary_Index/source/Hezareh_Part_01_PDF_0001-0250.md#L29466-L29467,True
chain-armour,chain-armour,chain-armour,[],hz-005580,entry_candidate,raw_ocr,high,1,217,,dictionary/C/C-04.md,hz-005580-chain-armour,sources/Hezareh_Dictionary_Index/source/Hezareh_Part_01_PDF_0001-0250.md#L29452-L29460,True
chain-gang,chain-gang,chain-gang,[],hz-005581,entry_candidate,raw_ocr,medium,1,217,,dictionary/C/C-04.md,hz-005581-chain-gang,sources/Hezareh_Dictionary_Index/source/Hezareh_Part_01_PDF_0001-0250.md#L29461-L29462,True
chain-letter,chain-letter,chain-letter,[],hz-005582,entry_candidate,raw_ocr,medium,1,217,,dictionary/C/C-04.md,hz-005582-chain-letter,sources/Hezareh_Dictionary_Index/source/Hezareh_Part_01_PDF_0001-0250.md#L29463-L29464,True
chain-mail,chain-mail,chain-mail,[],hz-005583,entry_candidate,raw_ocr,high,1,217,,dictionary/C/C-04.md,hz-005583-chain-mail,sources/Hezareh_Dictionary_Index/source/Hezareh_Part_01_PDF_0001-0250.md#L29465-L29465,True
chain-saw,chain-saw,chain-saw,[],hz-005585,entry_candidate,raw_ocr,medium,1,217,,dictionary/C/C-04.md,hz-005585-chain-saw,sources/Hezareh_Dictionary_Index/source/Hezareh_Part_01_PDF_0001-0250.md#L29468-L29468,True
chain-smoke,chain-smoke,chain-smoke,[],hz-005586,entry_candidate,raw_ocr,medium,1,217,,dictionary/C/C-04.md,hz-005586-chain-smoke,sources/Hezareh_Dictionary_Index/source/Hezareh_Part_01_PDF_0001-0250.md#L29469-L29470,True
chain-smoker,chain-smoker,chain-smoker,[],hz-005587,entry_candidate,raw_ocr,high,1,217,,dictionary/C/C-04.md,hz-005587-chain-smoker,sources/Hezareh_Dictionary_Index/source/Hezareh_Part_01_PDF_0001-0250.md#L29471-L29472,True
chain-stitch,chain-stitch,chain-stitch,[],hz-005588,entry_candidate,raw_ocr,medium,1,217,,dictionary/C/C-04.md,hz-005588-chain-stitch,sources/Hezareh_Dictionary_Index/source/Hezareh_Part_01_PDF_0001-0250.md#L29473-L29474,True
chain-store,chain-store,chain-store,[],hz-005589,entry_candidate,raw_ocr,medium,1,217,,dictionary/C/C-04.md,hz-005589-chain-store,sources/Hezareh_Dictionary_Index/source/Hezareh_Part_01_PDF_0001-0250.md#L29475-L29485,True
chainttfem,chainttfem,chainttfem,[],hz-005579,entry_candidate,raw_ocr,hint_only,1,216,,dictionary/C/C-04.md,hz-005579-chainttfem,sources/Hezareh_Dictionary_Index/source/Hezareh_Part_01_PDF_0001-0250.md#L29283-L29283,False
chairlift,chairlift,chairlift,[],hz-005590,entry_candidate,raw_ocr,high,1,217,,dictionary/C/C-04.md,hz-005590-chairlift,sources/Hezareh_Dictionary_Index/source/Hezareh_Part_01_PDF_0001-0250.md#L29486-L29486,True
chairman,chairman,chairman,[],hz-005591,entry_candidate,raw_ocr,high,1,217,,dictionary/C/C-04.md,hz-005591-chairman,sources/Hezareh_Dictionary_Index/source/Hezareh_Part_01_PDF_0001-0250.md#L29487-L29493,True
chairperson,chairperson,chairperson,[],hz-005592,entry_candidate,raw_ocr,high,1,217,,dictionary/C/C-04.md,hz-005592-chairperson,sources/Hezareh_Dictionary_Index/source/Hezareh_Part_01_PDF_0001-0250.md#L29494-L29496,True
chairwoman,chairwoman,chairwoman,[],hz-005593,entry_candidate,raw_ocr,high,1,217,,dictionary/C/C-04.md,hz-005593-chairwoman,sources/Hezareh_Dictionary_Index/source/Hezareh_Part_01_PDF_0001-0250.md#L29497-L29505,True
chaise longue,chaise longue,chaise longue,[],hz-005594,entry_candidate,raw_ocr,high,1,217,,dictionary/C/C-04.md,hz-005594-chaise-longue,sources/Hezareh_Dictionary_Index/source/Hezareh_Part_01_PDF_0001-0250.md#L29506-L29507,True
chaises longues,chaises longues,chaises longues,[],hz-005595,entry_candidate,raw_ocr,low,1,217,,dictionary/C/C-04.md,hz-005595-chaises-longues,sources/Hezareh_Dictionary_Index/source/Hezareh_Part_01_PDF_0001-0250.md#L29508-L29511,True
chalet,chalet,chalet,[],hz-005596,entry_candidate,raw_ocr,medium,1,217,,dictionary/C/C-04.md,hz-005596-chalet,sources/Hezareh_Dictionary_Index/source/Hezareh_Part_01_PDF_0001-0250.md#L29512-L29512,True
chalice,chalice,chalice,[],hz-005597,entry_candidate,raw_ocr,medium,1,217,,dictionary/C/C-04.md,hz-005597-chalice,sources/Hezareh_Dictionary_Index/source/Hezareh_Part_01_PDF_0001-0250.md#L29513-L29536,True
chalk sth up to sb,chalk sth up to sb,chalk sth up to sb,[],hz-005598,entry_candidate,raw_ocr,hint_only,1,217,,dictionary/C/C-04.md,hz-005598-chalk-sth-up-to-sb,sources/Hezareh_Dictionary_Index/source/Hezareh_Part_01_PDF_0001-0250.md#L29443-L29443,False
chalkboard,chalkboard,chalkboard,[],hz-005599,entry_candidate,raw_ocr,high,1,217,,dictionary/C/C-04.md,hz-005599-chalkboard,sources/Hezareh_Dictionary_Index/source/Hezareh_Part_01_PDF_0001-0250.md#L29537-L29539,True
chalkiness,chalkiness,chalkiness,[],hz-005600,entry_candidate,raw_ocr,high,1,217,,dictionary/C/C-04.md,hz-005600-chalkiness,sources/Hezareh_Dictionary_Index/source/Hezareh_Part_01_PDF_0001-0250.md#L29540-L29542,True
chalky,chalky,chalky,[],hz-005601,entry_candidate,raw_ocr,high,1,217,,dictionary/C/C-04.md,hz-005601-chalky,sources/Hezareh_Dictionary_Index/source/Hezareh_Part_01_PDF_0001-0250.md#L29543-L29547,True
challenge,challenge,challenge,[],hz-005602,entry_candidate,raw_ocr,high,1,217,,dictionary/C/C-04.md,hz-005602-challenge,sources/Hezareh_Dictionary_Index/source/Hezareh_Part_01_PDF_0001-0250.md#L29548-L29555,True
challenge sb to sth,challenge sb to sth,challenge sb to sth,[],hz-005603,entry_candidate,raw_ocr,high,1,217,,dictionary/C/C-04.md,hz-005603-challenge-sb-to-sth,sources/Hezareh_Dictionary_Index/source/Hezareh_Part_01_PDF_0001-0250.md#L29556-L29565,True
chamber,chamber,chamber,[],hz-005604,entry_candidate,raw_ocr,low,1,217,,dictionary/C/C-04.md,hz-005604-chamber,sources/Hezareh_Dictionary_Index/source/Hezareh_Part_01_PDF_0001-0250.md#L29566-L29567,True
chamber concert,chamber concert,chamber concert,[],hz-005605,entry_candidate,raw_ocr,medium,1,218,,dictionary/C/C-04.md,hz-005605-chamber-concert,sources/Hezareh_Dictionary_Index/source/Hezareh_Part_01_PDF_0001-0250.md#L29592-L29598,True
Chamber of Commerce,chamber of commerce,chamber of commerce,[],hz-005607,entry_candidate,raw_ocr,high,1,218,,dictionary/C/C-04.md,hz-005607-chamber-of-commerce,sources/Hezareh_Dictionary_Index/source/Hezareh_Part_01_PDF_0001-0250.md#L29599-L29602,True
chamber of horrors,chamber of horrors,chamber of horrors,[],hz-005608,entry_candidate,raw_ocr,high,1,218,,dictionary/C/C-04.md,hz-005608-chamber-of-horrors,sources/Hezareh_Dictionary_Index/source/Hezareh_Part_01_PDF_0001-0250.md#L29603-L29607,True
chamber orchestra,chamber orchestra,chamber orchestra,[],hz-005609,entry_candidate,raw_ocr,hint_only,1,218,,dictionary/C/C-04.md,hz-005609-chamber-orchestra,sources/Hezareh_Dictionary_Index/source/Hezareh_Part_01_PDF_0001-0250.md#L29571-L29571,False
chamber-pot,chamber-pot,chamber-pot,[],hz-005613,entry_candidate,raw_ocr,hint_only,1,218,,dictionary/C/C-04.md,hz-005613-chamber-pot,sources/Hezareh_Dictionary_Index/source/Hezareh_Part_01_PDF_0001-0250.md#L29571-L29571,False
chambermaid,chambermaid,chambermaid,[],hz-005606,entry_candidate,raw_ocr,hint_only,1,218,,dictionary/C/C-04.md,hz-005606-chambermaid,sources/Hezareh_Dictionary_Index/source/Hezareh_Part_01_PDF_0001-0250.md#L29571-L29571,False
chameleon,chameleon,chameleon,[],hz-005610,entry_candidate,raw_ocr,medium,1,218,,dictionary/C/C-04.md,hz-005610-chameleon,sources/Hezareh_Dictionary_Index/source/Hezareh_Part_01_PDF_0001-0250.md#L29608-L29610,True
chammy,chammy,chammy,[],hz-005611,entry_candidate,raw_ocr,high,1,218,,dictionary/C/C-04.md,hz-005611-chammy,sources/Hezareh_Dictionary_Index/source/Hezareh_Part_01_PDF_0001-0250.md#L29611-L29613,True
chammy leather,chammy leather,chammy leather,[],hz-005612,entry_candidate,raw_ocr,hint_only,1,218,,dictionary/C/C-04.md,hz-005612-chammy-leather,sources/Hezareh_Dictionary_Index/source/Hezareh_Part_01_PDF_0001-0250.md#L29571-L29571,False
chamoiS,chamois,chamois,[],hz-005614,entry_candidate,raw_ocr,medium,1,218,,dictionary/C/C-04.md,hz-005614-chamois,sources/Hezareh_Dictionary_Index/source/Hezareh_Part_01_PDF_0001-0250.md#L29614-L29616,True
chamols-leather,chamols-leather,chamols-leather,[],hz-005615,entry_candidate,raw_ocr,hint_only,1,218,,dictionary/C/C-04.md,hz-005615-chamols-leather,sources/Hezareh_Dictionary_Index/source/Hezareh_Part_01_PDF_0001-0250.md#L29571-L29571,False
chamomile,chamomile,chamomile,[],hz-005616,entry_candidate,raw_ocr,high,1,218,,dictionary/C/C-04.md,hz-005616-chamomile,sources/Hezareh_Dictionary_Index/source/Hezareh_Part_01_PDF_0001-0250.md#L29617-L29633,True
champion,champion,champion,[],hz-005617,entry_candidate,raw_ocr,medium,1,218,,dictionary/C/C-04.md,hz-005617-champion,sources/Hezareh_Dictionary_Index/source/Hezareh_Part_01_PDF_0001-0250.md#L29634-L29657,True
chance,chance,chance,[],hz-005624,entry_candidate,raw_ocr,high,1,219,,dictionary/C/C-04.md,hz-005624-chance,sources/Hezareh_Dictionary_Index/source/Hezareh_Part_01_PDF_0001-0250.md#L29692-L29694,True
chance on,chance on,chance on,[],hz-005625,entry_candidate,raw_ocr,medium,1,219,,dictionary/C/C-04.md,hz-005625-chance-on,sources/Hezareh_Dictionary_Index/source/Hezareh_Part_01_PDF_0001-0250.md#L29712-L29713,True
chance',chance',chance',[],hz-005618,entry_candidate,raw_ocr,hint_only,1,218,,dictionary/C/C-04.md,hz-005618-chance,sources/Hezareh_Dictionary_Index/source/Hezareh_Part_01_PDF_0001-0250.md#L29571-L29571,False
chancel,chancel,chancel,[],hz-005626,entry_candidate,raw_ocr,medium,1,219,,dictionary/C/C-04.md,hz-005626-chancel,sources/Hezareh_Dictionary_Index/source/Hezareh_Part_01_PDF_0001-0250.md#L29714-L29714,True
chancellery,chancellery,chancellery,[],hz-005627,entry_candidate,raw_ocr,high,1,219,,dictionary/C/C-04.md,hz-005627-chancellery,sources/Hezareh_Dictionary_Index/source/Hezareh_Part_01_PDF_0001-0250.md#L29715-L29720,True
chancellor,chancellor,chancellor,[],hz-005628,entry_candidate,raw_ocr,high,1,219,,dictionary/C/C-04.md,hz-005628-chancellor,sources/Hezareh_Dictionary_Index/source/Hezareh_Part_01_PDF_0001-0250.md#L29721-L29731,True
chancery,chancery,chancery,[],hz-005629,entry_candidate,raw_ocr,high,1,219,,dictionary/C/C-04.md,hz-005629-chancery,sources/Hezareh_Dictionary_Index/source/Hezareh_Part_01_PDF_0001-0250.md#L29732-L29736,True
chancy,chancy,chancy,[],hz-005630,entry_candidate,raw_ocr,low,1,219,,dictionary/C/C-04.md,hz-005630-chancy,sources/Hezareh_Dictionary_Index/source/Hezareh_Part_01_PDF_0001-0250.md#L29737-L29796,True
chandelier,chandelier,chandelier,[],hz-005623,entry_candidate,raw_ocr,hint_only,1,219,,dictionary/C/C-04.md,hz-005623-chandelier,sources/Hezareh_Dictionary_Index/source/Hezareh_Part_01_PDF_0001-0250.md#L29683-L29683,False
change,change,change,[],hz-022957,entry_candidate,raw_ocr,high,5,1040,,dictionary/C/C-04.md,hz-022957-change,sources/Hezareh_Dictionary_Index/source/Hezareh_Part_05_PDF_1001-1250.md#L4896-L4903,True
change,change,change,[],hz-026430,entry_candidate,raw_ocr,high,6,1258,,dictionary/C/C-04.md,hz-026430-change,sources/Hezareh_Dictionary_Index/source/Hezareh_Part_06_PDF_1251-1500.md#L1042-L1045,True
change beyond,change beyond,change beyond,[],hz-028467,entry_candidate,raw_ocr,high,6,1386,,dictionary/C/C-04.md,hz-028467-change-beyond,sources/Hezareh_Dictionary_Index/source/Hezareh_Part_06_PDF_1251-1500.md#L15618-L15624,True
change colour w-,change colour w-,change colour w-,[],hz-006745,entry_candidate,raw_ocr,hint_only,2,267,,dictionary/C/C-04.md,hz-006745-change-colour-w,sources/Hezareh_Dictionary_Index/source/Hezareh_Part_02_PDF_0251-0500.md#L2132-L2132,False
change-over,change-over,change-over,[],hz-005636,entry_candidate,raw_ocr,high,1,220,,dictionary/C/C-04.md,hz-005636-change-over,sources/Hezareh_Dictionary_Index/source/Hezareh_Part_01_PDF_0001-0250.md#L29904-L29905,True
changeableneSS,changeableness,changeableness,[],hz-005633,entry_candidate,raw_ocr,hint_only,1,220,,dictionary/C/C-04.md,hz-005633-changeableness,sources/Hezareh_Dictionary_Index/source/Hezareh_Part_01_PDF_0001-0250.md#L29815-L29815,False
changeful,changeful,changeful,[],hz-005634,entry_candidate,raw_ocr,high,1,220,,dictionary/C/C-04.md,hz-005634-changeful,sources/Hezareh_Dictionary_Index/source/Hezareh_Part_01_PDF_0001-0250.md#L29898-L29902,True
changeling,changeling,changeling,[],hz-005635,entry_candidate,raw_ocr,high,1,220,,dictionary/C/C-04.md,hz-005635-changeling,sources/Hezareh_Dictionary_Index/source/Hezareh_Part_01_PDF_0001-0250.md#L29903-L29903,True
channel,channel,channel,[],hz-005637,entry_candidate,raw_ocr,high,1,220,,dictionary/C/C-04.md,hz-005637-channel,sources/Hezareh_Dictionary_Index/source/Hezareh_Part_01_PDF_0001-0250.md#L29906-L29919,True
chant,chant,chant,[],hz-005638,entry_candidate,raw_ocr,high,1,220,,dictionary/C/C-04.md,hz-005638-chant,sources/Hezareh_Dictionary_Index/source/Hezareh_Part_01_PDF_0001-0250.md#L29920-L29925,True
chantey,chantey,chantey,[],hz-005639,entry_candidate,raw_ocr,high,1,221,,dictionary/C/C-04.md,hz-005639-chantey,sources/Hezareh_Dictionary_Index/source/Hezareh_Part_01_PDF_0001-0250.md#L29947-L29947,True
chanty,chanty,chanty,[],hz-005640,entry_candidate,raw_ocr,low,1,221,,dictionary/C/C-04.md,hz-005640-chanty,sources/Hezareh_Dictionary_Index/source/Hezareh_Part_01_PDF_0001-0250.md#L29947-L29947,True
chaOS,chaos,chaos,[],hz-005641,entry_candidate,raw_ocr,low,1,221,,dictionary/C/C-04.md,hz-005641-chaos,sources/Hezareh_Dictionary_Index/source/Hezareh_Part_01_PDF_0001-0250.md#L29948-L29949,True
chaotic,chaotic,chaotic,[],hz-005642,entry_candidate,raw_ocr,medium,1,221,,dictionary/C/C-04.md,hz-005642-chaotic,sources/Hezareh_Dictionary_Index/source/Hezareh_Part_01_PDF_0001-0250.md#L29950-L29950,True
chaotically,chaotically,chaotically,[],hz-005643,entry_candidate,raw_ocr,medium,1,221,,dictionary/C/C-04.md,hz-005643-chaotically,sources/Hezareh_Dictionary_Index/source/Hezareh_Part_01_PDF_0001-0250.md#L29951-L29966,True
chap,chap,chap,[],hz-005644,entry_candidate,raw_ocr,high,1,221,,dictionary/C/C-04.md,hz-005644-chap,sources/Hezareh_Dictionary_Index/source/Hezareh_Part_01_PDF_0001-0250.md#L29995-L30003,True
chap-fallen,chap-fallen,chap-fallen,[],hz-005650,entry_candidate,raw_ocr,medium,1,221,,dictionary/C/C-04.md,hz-005650-chap-fallen,sources/Hezareh_Dictionary_Index/source/Hezareh_Part_01_PDF_0001-0250.md#L29980-L29989,True
chapel,chapel,chapel,[],hz-005645,entry_candidate,raw_ocr,medium,1,221,,dictionary/C/C-04.md,hz-005645-chapel,sources/Hezareh_Dictionary_Index/source/Hezareh_Part_01_PDF_0001-0250.md#L29967-L29976,True
chapel goer,chapel goer,chapel goer,[],hz-005646,entry_candidate,raw_ocr,hint_only,1,221,,dictionary/C/C-04.md,hz-005646-chapel-goer,sources/Hezareh_Dictionary_Index/source/Hezareh_Part_01_PDF_0001-0250.md#L29929-L29929,False
chaperon,chaperon,chaperon,[],hz-005647,entry_candidate,raw_ocr,high,1,221,,dictionary/C/C-04.md,hz-005647-chaperon,sources/Hezareh_Dictionary_Index/source/Hezareh_Part_01_PDF_0001-0250.md#L29979-L29979,True
chaperonage,chaperonage,chaperonage,[],hz-005648,entry_candidate,raw_ocr,medium,1,221,,dictionary/C/C-04.md,hz-005648-chaperonage,sources/Hezareh_Dictionary_Index/source/Hezareh_Part_01_PDF_0001-0250.md#L29977-L29978,True
chaperone,chaperone,chaperone,[],hz-005649,entry_candidate,raw_ocr,hint_only,1,221,,dictionary/C/C-04.md,hz-005649-chaperone,sources/Hezareh_Dictionary_Index/source/Hezareh_Part_01_PDF_0001-0250.md#L29929-L29929,False
chaplaincy,chaplaincy,chaplaincy,[],hz-005651,entry_candidate,raw_ocr,hint_only,1,221,,dictionary/C/C-04.md,hz-005651-chaplaincy,sources/Hezareh_Dictionary_Index/source/Hezareh_Part_01_PDF_0001-0250.md#L29929-L29929,False
chaplet,chaplet,chaplet,[],hz-005652,entry_candidate,raw_ocr,medium,1,221,,dictionary/C/C-04.md,hz-005652-chaplet,sources/Hezareh_Dictionary_Index/source/Hezareh_Part_01_PDF_0001-0250.md#L29990-L29992,True
Chapman,chapman,chapman,[],hz-005653,entry_candidate,raw_ocr,medium,1,221,,dictionary/C/C-04.md,hz-005653-chapman,sources/Hezareh_Dictionary_Index/source/Hezareh_Part_01_PDF_0001-0250.md#L29993-L29994,True
chappy,chappy,chappy,[],hz-005654,entry_candidate,raw_ocr,hint_only,1,221,,dictionary/C/C-04.md,hz-005654-chappy,sources/Hezareh_Dictionary_Index/source/Hezareh_Part_01_PDF_0001-0250.md#L29929-L29929,False
chapter house,chapter house,chapter house,[],hz-005655,entry_candidate,raw_ocr,medium,1,221,,dictionary/C/C-04.md,hz-005655-chapter-house,sources/Hezareh_Dictionary_Index/source/Hezareh_Part_01_PDF_0001-0250.md#L30004-L30005,True
chapter room,chapter room,chapter room,[],hz-005656,entry_candidate,raw_ocr,high,1,221,,dictionary/C/C-04.md,hz-005656-chapter-room,sources/Hezareh_Dictionary_Index/source/Hezareh_Part_01_PDF_0001-0250.md#L30006-L30016,True
char-a-banc,char-a-banc,char-a-banc,[],hz-005657,entry_candidate,raw_ocr,high,1,221,,dictionary/C/C-04.md,hz-005657-char-a-banc,sources/Hezareh_Dictionary_Index/source/Hezareh_Part_01_PDF_0001-0250.md#L30017-L30034,True
charabanc,charabanc,charabanc,[],hz-005658,entry_candidate,raw_ocr,low,1,221,,dictionary/C/C-04.md,hz-005658-charabanc,sources/Hezareh_Dictionary_Index/source/Hezareh_Part_01_PDF_0001-0250.md#L30017-L30034,True
character,character,character,[],hz-005659,entry_candidate,raw_ocr,high,1,221,,dictionary/C/C-04.md,hz-005659-character,sources/Hezareh_Dictionary_Index/source/Hezareh_Part_01_PDF_0001-0250.md#L30035-L30037,True
character actor,character actor,character actor,[],hz-005660,entry_candidate,raw_ocr,high,1,221,,dictionary/C/C-04.md,hz-005660-character-actor,sources/Hezareh_Dictionary_Index/source/Hezareh_Part_01_PDF_0001-0250.md#L30035-L30037,True
character actress,character actress,character actress,[],hz-005661,entry_candidate,raw_ocr,high,1,222,,dictionary/C/C-04.md,hz-005661-character-actress,sources/Hezareh_Dictionary_Index/source/Hezareh_Part_01_PDF_0001-0250.md#L30051-L30052,True
characterful,characterful,characterful,[],hz-005662,entry_candidate,raw_ocr,medium,1,222,,dictionary/C/C-04.md,hz-005662-characterful,sources/Hezareh_Dictionary_Index/source/Hezareh_Part_01_PDF_0001-0250.md#L30053-L30056,True
Characterisation,characterisation,characterisation,[],hz-005663,entry_candidate,raw_ocr,hint_only,1,222,,dictionary/C/C-04.md,hz-005663-characterisation,sources/Hezareh_Dictionary_Index/source/Hezareh_Part_01_PDF_0001-0250.md#L30041-L30041,False
characterise,characterise,characterise,[],hz-005664,entry_candidate,raw_ocr,high,1,222,,dictionary/C/C-04.md,hz-005664-characterise,sources/Hezareh_Dictionary_Index/source/Hezareh_Part_01_PDF_0001-0250.md#L30057-L30057,True
characteristic,characteristic,characteristic,[],hz-005665,entry_candidate,raw_ocr,high,1,222,,dictionary/C/C-04.md,hz-005665-characteristic,sources/Hezareh_Dictionary_Index/source/Hezareh_Part_01_PDF_0001-0250.md#L30058-L30062,True
characteristically,characteristically,characteristically,[],hz-005666,entry_candidate,raw_ocr,high,1,222,,dictionary/C/C-04.md,hz-005666-characteristically,sources/Hezareh_Dictionary_Index/source/Hezareh_Part_01_PDF_0001-0250.md#L30063-L30068,True
characterization,characterization,characterization,[],hz-005667,entry_candidate,raw_ocr,high,1,222,,dictionary/C/C-04.md,hz-005667-characterization,sources/Hezareh_Dictionary_Index/source/Hezareh_Part_01_PDF_0001-0250.md#L30069-L30070,True
characterize,characterize,characterize,[],hz-005668,entry_candidate,raw_ocr,medium,1,222,,dictionary/C/C-04.md,hz-005668-characterize,sources/Hezareh_Dictionary_Index/source/Hezareh_Part_01_PDF_0001-0250.md#L30071-L30074,True
characterless,characterless,characterless,[],hz-005669,entry_candidate,raw_ocr,medium,1,222,,dictionary/C/C-04.md,hz-005669-characterless,sources/Hezareh_Dictionary_Index/source/Hezareh_Part_01_PDF_0001-0250.md#L30075-L30076,True
charade,charade,charade,[],hz-005670,entry_candidate,raw_ocr,high,1,222,,dictionary/C/C-04.md,hz-005670-charade,sources/Hezareh_Dictionary_Index/source/Hezareh_Part_01_PDF_0001-0250.md#L30077-L30078,True
charcoal,charcoal,charcoal,[],hz-005671,entry_candidate,raw_ocr,medium,1,222,,dictionary/C/C-04.md,hz-005671-charcoal,sources/Hezareh_Dictionary_Index/source/Hezareh_Part_01_PDF_0001-0250.md#L30079-L30080,True
charcoal-burner,charcoal-burner,charcoal-burner,[],hz-005672,entry_candidate,raw_ocr,high,1,222,,dictionary/C/C-04.md,hz-005672-charcoal-burner,sources/Hezareh_Dictionary_Index/source/Hezareh_Part_01_PDF_0001-0250.md#L30081-L30082,True
chard,chard,chard,[],hz-005673,entry_candidate,raw_ocr,medium,1,222,,dictionary/C/C-04.md,hz-005673-chard,sources/Hezareh_Dictionary_Index/source/Hezareh_Part_01_PDF_0001-0250.md#L30083-L30138,True
charge card,charge card,charge card,[],hz-005679,entry_candidate,raw_ocr,medium,1,223,,dictionary/C/C-04.md,hz-005679-charge-card,sources/Hezareh_Dictionary_Index/source/Hezareh_Part_01_PDF_0001-0250.md#L30171-L30180,True
charge d'affaires,charge d'affaires,charge d'affaires,[],hz-005680,entry_candidate,raw_ocr,hint_only,1,223,,dictionary/C/C-04.md,hz-005680-charge-d-affaires,sources/Hezareh_Dictionary_Index/source/Hezareh_Part_01_PDF_0001-0250.md#L30155-L30155,False
charge sb with sth,charge sb with sth,charge sb with sth,[],hz-005674,entry_candidate,raw_ocr,high,1,222,,dictionary/C/C-04.md,hz-005674-charge-sb-with-sth,sources/Hezareh_Dictionary_Index/source/Hezareh_Part_01_PDF_0001-0250.md#L30139-L30142,True
charge-account,charge-account,charge-account,[],hz-005676,entry_candidate,raw_ocr,high,1,223,,dictionary/C/C-04.md,hz-005676-charge-account,sources/Hezareh_Dictionary_Index/source/Hezareh_Part_01_PDF_0001-0250.md#L30165-L30168,True
charge-cap,charge-cap,charge-cap,[],hz-005677,entry_candidate,raw_ocr,hint_only,1,223,,dictionary/C/C-04.md,hz-005677-charge-cap,sources/Hezareh_Dictionary_Index/source/Hezareh_Part_01_PDF_0001-0250.md#L30155-L30155,False
charge-capping,charge-capping,charge-capping,[],hz-005678,entry_candidate,raw_ocr,medium,1,223,,dictionary/C/C-04.md,hz-005678-charge-capping,sources/Hezareh_Dictionary_Index/source/Hezareh_Part_01_PDF_0001-0250.md#L30169-L30170,True
charge-sheet,charge-sheet,charge-sheet,[],hz-005682,entry_candidate,raw_ocr,medium,1,223,,dictionary/C/C-04.md,hz-005682-charge-sheet,sources/Hezareh_Dictionary_Index/source/Hezareh_Part_01_PDF_0001-0250.md#L30181-L30182,True
chargeable,chargeable,chargeable,[],hz-005675,entry_candidate,raw_ocr,high,1,222,,dictionary/C/C-04.md,hz-005675-chargeable,sources/Hezareh_Dictionary_Index/source/Hezareh_Part_01_PDF_0001-0250.md#L30143-L30151,True
charges d'affaires,charges d'affaires,charges d'affaires,[],hz-005681,entry_candidate,raw_ocr,hint_only,1,223,,dictionary/C/C-04.md,hz-005681-charges-d-affaires,sources/Hezareh_Dictionary_Index/source/Hezareh_Part_01_PDF_0001-0250.md#L30155-L30155,False
charily,charily,charily,[],hz-005683,entry_candidate,raw_ocr,low,1,223,,dictionary/C/C-04.md,hz-005683-charily,sources/Hezareh_Dictionary_Index/source/Hezareh_Part_01_PDF_0001-0250.md#L30183-L30186,True
charisma,charisma,charisma,[],hz-005684,entry_candidate,raw_ocr,medium,1,223,,dictionary/C/C-04.md,hz-005684-charisma,sources/Hezareh_Dictionary_Index/source/Hezareh_Part_01_PDF_0001-0250.md#L30187-L30191,True
charitable,charitable,charitable,[],hz-005685,entry_candidate,raw_ocr,medium,1,223,,dictionary/C/C-04.md,hz-005685-charitable,sources/Hezareh_Dictionary_Index/source/Hezareh_Part_01_PDF_0001-0250.md#L30192-L30204,True
charivari,charivari,charivari,[],hz-005687,entry_candidate,raw_ocr,medium,1,223,,dictionary/C/C-04.md,hz-005687-charivari,sources/Hezareh_Dictionary_Index/source/Hezareh_Part_01_PDF_0001-0250.md#L30207-L30208,True
charlady,charlady,charlady,[],hz-005688,entry_candidate,raw_ocr,high,1,223,,dictionary/C/C-04.md,hz-005688-charlady,sources/Hezareh_Dictionary_Index/source/Hezareh_Part_01_PDF_0001-0250.md#L30209-L30209,True
charlatan,charlatan,charlatan,[],hz-005689,entry_candidate,raw_ocr,high,1,223,,dictionary/C/C-04.md,hz-005689-charlatan,sources/Hezareh_Dictionary_Index/source/Hezareh_Part_01_PDF_0001-0250.md#L30210-L30215,True
charlatanism,charlatanism,charlatanism,[],hz-005690,entry_candidate,raw_ocr,medium,1,223,,dictionary/C/C-04.md,hz-005690-charlatanism,sources/Hezareh_Dictionary_Index/source/Hezareh_Part_01_PDF_0001-0250.md#L30216-L30217,True
Charleston,charleston,charleston,[],hz-005691,entry_candidate,raw_ocr,medium,1,223,,dictionary/C/C-04.md,hz-005691-charleston,sources/Hezareh_Dictionary_Index/source/Hezareh_Part_01_PDF_0001-0250.md#L30218-L30218,True
charlie,charlie,charlie,[],hz-005692,entry_candidate,raw_ocr,medium,1,223,,dictionary/C/C-04.md,hz-005692-charlie,sources/Hezareh_Dictionary_Index/source/Hezareh_Part_01_PDF_0001-0250.md#L30219-L30221,True
charlock,charlock,charlock,[],hz-005693,entry_candidate,raw_ocr,medium,1,223,,dictionary/C/C-04.md,hz-005693-charlock,sources/Hezareh_Dictionary_Index/source/Hezareh_Part_01_PDF_0001-0250.md#L30222-L30222,True
charm,charm,charm,[],hz-005694,entry_candidate,raw_ocr,medium,1,223,,dictionary/C/C-04.md,hz-005694-charm,sources/Hezareh_Dictionary_Index/source/Hezareh_Part_01_PDF_0001-0250.md#L30223-L30240,True
charm sth from,charm sth from,charm sth from,[],hz-005695,entry_candidate,raw_ocr,hint_only,1,223,,dictionary/C/C-04.md,hz-005695-charm-sth-from,sources/Hezareh_Dictionary_Index/source/Hezareh_Part_01_PDF_0001-0250.md#L30155-L30155,False
charmer,charmer,charmer,[],hz-005696,entry_candidate,raw_ocr,medium,1,223,,dictionary/C/C-04.md,hz-005696-charmer,sources/Hezareh_Dictionary_Index/source/Hezareh_Part_01_PDF_0001-0250.md#L30241-L30242,True
charming,charming,charming,[],hz-005697,entry_candidate,raw_ocr,medium,1,223,,dictionary/C/C-04.md,hz-005697-charming,sources/Hezareh_Dictionary_Index/source/Hezareh_Part_01_PDF_0001-0250.md#L30243-L30245,True
charmingly,charmingly,charmingly,[],hz-005698,entry_candidate,raw_ocr,low,1,223,,dictionary/C/C-04.md,hz-005698-charmingly,sources/Hezareh_Dictionary_Index/source/Hezareh_Part_01_PDF_0001-0250.md#L30246-L30248,True
charmless,charmless,charmless,[],hz-005699,entry_candidate,raw_ocr,medium,1,223,,dictionary/C/C-04.md,hz-005699-charmless,sources/Hezareh_Dictionary_Index/source/Hezareh_Part_01_PDF_0001-0250.md#L30249-L30250,True
charnel-house,charnel-house,charnel-house,[],hz-005700,entry_candidate,raw_ocr,medium,1,223,,dictionary/C/C-04.md,hz-005700-charnel-house,sources/Hezareh_Dictionary_Index/source/Hezareh_Part_01_PDF_0001-0250.md#L30251-L30263,True
charter plane,charter plane,charter plane,[],hz-005703,entry_candidate,raw_ocr,medium,1,224,,dictionary/C/C-04.md,hz-005703-charter-plane,sources/Hezareh_Dictionary_Index/source/Hezareh_Part_01_PDF_0001-0250.md#L30291-L30293,True
charter-party,charter-party,charter-party,[],hz-005702,entry_candidate,raw_ocr,medium,1,224,,dictionary/C/C-04.md,hz-005702-charter-party,sources/Hezareh_Dictionary_Index/source/Hezareh_Part_01_PDF_0001-0250.md#L30289-L30290,True
chartered accountant,chartered accountant,chartered accountant,[],hz-005701,entry_candidate,raw_ocr,high,1,224,,dictionary/C/C-04.md,hz-005701-chartered-accountant,sources/Hezareh_Dictionary_Index/source/Hezareh_Part_01_PDF_0001-0250.md#L30281-L30288,True
charwoman,charwoman,charwoman,[],hz-005704,entry_candidate,raw_ocr,high,1,224,,dictionary/C/C-04.md,hz-005704-charwoman,sources/Hezareh_Dictionary_Index/source/Hezareh_Part_01_PDF_0001-0250.md#L30294-L30295,True
chary,chary,chary,[],hz-005705,entry_candidate,raw_ocr,medium,1,224,,dictionary/C/C-04.md,hz-005705-chary,sources/Hezareh_Dictionary_Index/source/Hezareh_Part_01_PDF_0001-0250.md#L30296-L30297,True
Charybdis,charybdis,charybdis,[],hz-005706,entry_candidate,raw_ocr,low,1,224,,dictionary/C/C-04.md,hz-005706-charybdis,sources/Hezareh_Dictionary_Index/source/Hezareh_Part_01_PDF_0001-0250.md#L30298-L30328,True
chaser,chaser,chaser,[],hz-005713,entry_candidate,raw_ocr,high,1,224,,dictionary/C/C-04.md,hz-005713-chaser,sources/Hezareh_Dictionary_Index/source/Hezareh_Part_01_PDF_0001-0250.md#L30330-L30332,True
chasm,chasm,chasm,[],hz-005714,entry_candidate,raw_ocr,high,1,224,,dictionary/C/C-04.md,hz-005714-chasm,sources/Hezareh_Dictionary_Index/source/Hezareh_Part_01_PDF_0001-0250.md#L30333-L30335,True
chassis,chassis,chassis,[],hz-005715,entry_candidate,raw_ocr,high,1,224,,dictionary/C/C-04.md,hz-005715-chassis,sources/Hezareh_Dictionary_Index/source/Hezareh_Part_01_PDF_0001-0250.md#L30336-L30338,True
chaste,chaste,chaste,[],hz-005716,entry_candidate,raw_ocr,high,1,224,,dictionary/C/C-04.md,hz-005716-chaste,sources/Hezareh_Dictionary_Index/source/Hezareh_Part_01_PDF_0001-0250.md#L30339-L30341,True
chastely,chastely,chastely,[],hz-005717,entry_candidate,raw_ocr,high,1,224,,dictionary/C/C-04.md,hz-005717-chastely,sources/Hezareh_Dictionary_Index/source/Hezareh_Part_01_PDF_0001-0250.md#L30342-L30356,True
chasten,chasten,chasten,[],hz-005718,entry_candidate,raw_ocr,hint_only,1,224,,dictionary/C/C-04.md,hz-005718-chasten,sources/Hezareh_Dictionary_Index/source/Hezareh_Part_01_PDF_0001-0250.md#L30267-L30267,False
chasuble,chasuble,chasuble,[],hz-005707,entry_candidate,raw_ocr,high,1,224,,dictionary/C/C-04.md,hz-005707-chasuble,sources/Hezareh_Dictionary_Index/source/Hezareh_Part_01_PDF_0001-0250.md#L30357-L30365,True
chat show,chat show,chat show,[],hz-005710,entry_candidate,raw_ocr,high,1,224,,dictionary/C/C-04.md,hz-005710-chat-show,sources/Hezareh_Dictionary_Index/source/Hezareh_Part_01_PDF_0001-0250.md#L30369-L30369,True
chateauX,chateaux,chateaux,[],hz-005708,entry_candidate,raw_ocr,high,1,224,,dictionary/C/C-04.md,hz-005708-chateaux,sources/Hezareh_Dictionary_Index/source/Hezareh_Part_01_PDF_0001-0250.md#L30366-L30368,True
chattel,chattel,chattel,[],hz-005711,entry_candidate,raw_ocr,high,1,224,,dictionary/C/C-05.md,hz-005711-chattel,sources/Hezareh_Dictionary_Index/source/Hezareh_Part_01_PDF_0001-0250.md#L30370-L30378,True
chatter,chatter,chatter,[],hz-005712,entry_candidate,raw_ocr,high,1,224,,dictionary/C/C-05.md,hz-005712-chatter,sources/Hezareh_Dictionary_Index/source/Hezareh_Part_01_PDF_0001-0250.md#L30329-L30329,True
chatty,chatty,chatty,[],hz-005719,entry_candidate,raw_ocr,high,1,225,,dictionary/C/C-05.md,hz-005719-chatty,sources/Hezareh_Dictionary_Index/source/Hezareh_Part_01_PDF_0001-0250.md#L30398-L30401,True
chauffeur,chauffeur,chauffeur,[],hz-005720,entry_candidate,raw_ocr,high,1,225,,dictionary/C/C-05.md,hz-005720-chauffeur,sources/Hezareh_Dictionary_Index/source/Hezareh_Part_01_PDF_0001-0250.md#L30402-L30404,True
chauffeuse,chauffeuse,chauffeuse,[],hz-005721,entry_candidate,raw_ocr,high,1,225,,dictionary/C/C-05.md,hz-005721-chauffeuse,sources/Hezareh_Dictionary_Index/source/Hezareh_Part_01_PDF_0001-0250.md#L30405-L30413,True
chauviniSITT,chauvinisitt,chauvinisitt,[],hz-005722,entry_candidate,raw_ocr,hint_only,1,225,,dictionary/C/C-05.md,hz-005722-chauvinisitt,sources/Hezareh_Dictionary_Index/source/Hezareh_Part_01_PDF_0001-0250.md#L30382-L30382,False
chauvinistiC,chauvinistic,chauvinistic,[],hz-005723,entry_candidate,raw_ocr,medium,1,225,,dictionary/C/C-05.md,hz-005723-chauvinistic,sources/Hezareh_Dictionary_Index/source/Hezareh_Part_01_PDF_0001-0250.md#L30414-L30416,True
chauvinistically,chauvinistically,chauvinistically,[],hz-005724,entry_candidate,raw_ocr,high,1,225,,dictionary/C/C-05.md,hz-005724-chauvinistically,sources/Hezareh_Dictionary_Index/source/Hezareh_Part_01_PDF_0001-0250.md#L30417-L30418,True
chaw,chaw,chaw,[],hz-005725,entry_candidate,raw_ocr,low,1,225,,dictionary/C/C-05.md,hz-005725-chaw,sources/Hezareh_Dictionary_Index/source/Hezareh_Part_01_PDF_0001-0250.md#L30419-L30420,True
chaw-bacon,chaw-bacon,chaw-bacon,[],hz-005726,entry_candidate,raw_ocr,medium,1,225,,dictionary/C/C-05.md,hz-005726-chaw-bacon,sources/Hezareh_Dictionary_Index/source/Hezareh_Part_01_PDF_0001-0250.md#L30421-L30421,True
ChB,chb,chb,[],hz-005727,entry_candidate,raw_ocr,medium,1,225,,dictionary/C/C-05.md,hz-005727-chb,sources/Hezareh_Dictionary_Index/source/Hezareh_Part_01_PDF_0001-0250.md#L30422-L30447,True
cheap gibe,cheap gibe,cheap gibe,[],hz-005729,entry_candidate,raw_ocr,medium,1,225,,dictionary/C/C-05.md,hz-005729-cheap-gibe,sources/Hezareh_Dictionary_Index/source/Hezareh_Part_01_PDF_0001-0250.md#L30455-L30456,True
cheap jack,cheap jack,cheap jack,[],hz-005730,entry_candidate,raw_ocr,low,1,225,,dictionary/C/C-05.md,hz-005730-cheap-jack,sources/Hezareh_Dictionary_Index/source/Hezareh_Part_01_PDF_0001-0250.md#L30457-L30457,True
cheapen,cheapen,cheapen,[],hz-005728,entry_candidate,raw_ocr,medium,1,225,,dictionary/C/C-05.md,hz-005728-cheapen,sources/Hezareh_Dictionary_Index/source/Hezareh_Part_01_PDF_0001-0250.md#L30448-L30454,True
cheaply,cheaply,cheaply,[],hz-005731,entry_candidate,raw_ocr,medium,1,225,,dictionary/C/C-05.md,hz-005731-cheaply,sources/Hezareh_Dictionary_Index/source/Hezareh_Part_01_PDF_0001-0250.md#L30458-L30490,True
check-in,check-in,check-in,[],hz-005738,entry_candidate,raw_ocr,medium,1,226,,dictionary/C/C-05.md,hz-005738-check-in,sources/Hezareh_Dictionary_Index/source/Hezareh_Part_01_PDF_0001-0250.md#L30544-L30545,True
check-list,check-list,check-list,[],hz-005739,entry_candidate,raw_ocr,hint_only,1,226,,dictionary/C/C-05.md,hz-005739-check-list,sources/Hezareh_Dictionary_Index/source/Hezareh_Part_01_PDF_0001-0250.md#L30494-L30494,False
check-upi'tfek Ap,check-upi'tfek ap,check-upi'tfek ap,[],hz-005744,entry_candidate,raw_ocr,hint_only,1,226,,dictionary/C/C-05.md,hz-005744-check-upi-tfek-ap,sources/Hezareh_Dictionary_Index/source/Hezareh_Part_01_PDF_0001-0250.md#L30494-L30494,False
checkbook,checkbook,checkbook,[],hz-005732,entry_candidate,raw_ocr,medium,1,226,,dictionary/C/C-05.md,hz-005732-checkbook,sources/Hezareh_Dictionary_Index/source/Hezareh_Part_01_PDF_0001-0250.md#L30534-L30534,True
checked,checked,checked,[],hz-005733,entry_candidate,raw_ocr,medium,1,226,,dictionary/C/C-05.md,hz-005733-checked,sources/Hezareh_Dictionary_Index/source/Hezareh_Part_01_PDF_0001-0250.md#L30535-L30538,True
checker,checker,checker,[],hz-005734,entry_candidate,raw_ocr,high,1,226,,dictionary/C/C-05.md,hz-005734-checker,sources/Hezareh_Dictionary_Index/source/Hezareh_Part_01_PDF_0001-0250.md#L30539-L30539,True
checkerboard,checkerboard,checkerboard,[],hz-005735,entry_candidate,raw_ocr,medium,1,226,,dictionary/C/C-05.md,hz-005735-checkerboard,sources/Hezareh_Dictionary_Index/source/Hezareh_Part_01_PDF_0001-0250.md#L30540-L30541,True
checkered,checkered,checkered,[],hz-005736,entry_candidate,raw_ocr,high,1,226,,dictionary/C/C-05.md,hz-005736-checkered,sources/Hezareh_Dictionary_Index/source/Hezareh_Part_01_PDF_0001-0250.md#L30542-L30542,True
checkers,checkers,checkers,[],hz-005737,entry_candidate,raw_ocr,medium,1,226,,dictionary/C/C-05.md,hz-005737-checkers,sources/Hezareh_Dictionary_Index/source/Hezareh_Part_01_PDF_0001-0250.md#L30543-L30543,True
checking account,checking account,checking account,[],hz-005752,entry_candidate,raw_ocr,high,1,226,,dictionary/C/C-05.md,hz-005752-checking-account,sources/Hezareh_Dictionary_Index/source/Hezareh_Part_01_PDF_0001-0250.md#L30546-L30556,True
checkmate,checkmate,checkmate,[],hz-005740,entry_candidate,raw_ocr,high,1,226,,dictionary/C/C-05.md,hz-005740-checkmate,sources/Hezareh_Dictionary_Index/source/Hezareh_Part_01_PDF_0001-0250.md#L30557-L30562,True
checkout,checkout,checkout,[],hz-005741,entry_candidate,raw_ocr,high,1,226,,dictionary/C/C-05.md,hz-005741-checkout,sources/Hezareh_Dictionary_Index/source/Hezareh_Part_01_PDF_0001-0250.md#L30563-L30566,True
checkroom,checkroom,checkroom,[],hz-005742,entry_candidate,raw_ocr,high,1,226,,dictionary/C/C-05.md,hz-005742-checkroom,sources/Hezareh_Dictionary_Index/source/Hezareh_Part_01_PDF_0001-0250.md#L30567-L30570,True
checks and balances,checks and balances,checks and balances,[],hz-005743,entry_candidate,raw_ocr,high,1,226,,dictionary/C/C-05.md,hz-005743-checks-and-balances,sources/Hezareh_Dictionary_Index/source/Hezareh_Part_01_PDF_0001-0250.md#L30571-L30574,True
Cheddar,cheddar,cheddar,[],hz-005745,entry_candidate,raw_ocr,high,1,226,,dictionary/C/C-05.md,hz-005745-cheddar,sources/Hezareh_Dictionary_Index/source/Hezareh_Part_01_PDF_0001-0250.md#L30575-L30579,True
cheek,cheek,cheek,[],hz-005746,entry_candidate,raw_ocr,high,1,226,,dictionary/C/C-05.md,hz-005746-cheek,sources/Hezareh_Dictionary_Index/source/Hezareh_Part_01_PDF_0001-0250.md#L30580-L30586,True
cheek byjow,cheek byjow,cheek byjow,[],hz-005747,entry_candidate,raw_ocr,hint_only,1,226,,dictionary/C/C-05.md,hz-005747-cheek-byjow,sources/Hezareh_Dictionary_Index/source/Hezareh_Part_01_PDF_0001-0250.md#L30494-L30494,False
cheek-bone,cheek-bone,cheek-bone,[],hz-005749,entry_candidate,raw_ocr,high,1,226,,dictionary/C/C-05.md,hz-005749-cheek-bone,sources/Hezareh_Dictionary_Index/source/Hezareh_Part_01_PDF_0001-0250.md#L30589-L30591,True
cheekily,cheekily,cheekily,[],hz-005750,entry_candidate,raw_ocr,high,1,226,,dictionary/C/C-05.md,hz-005750-cheekily,sources/Hezareh_Dictionary_Index/source/Hezareh_Part_01_PDF_0001-0250.md#L30592-L30593,True
cheeky,cheeky,cheeky,[],hz-005751,entry_candidate,raw_ocr,high,1,226,,dictionary/C/C-05.md,hz-005751-cheeky,sources/Hezareh_Dictionary_Index/source/Hezareh_Part_01_PDF_0001-0250.md#L30594-L30605,True
cheerfully,cheerfully,cheerfully,[],hz-005753,entry_candidate,raw_ocr,medium,1,227,,dictionary/C/C-05.md,hz-005753-cheerfully,sources/Hezareh_Dictionary_Index/source/Hezareh_Part_01_PDF_0001-0250.md#L30638-L30641,True
cheerfulneSS,cheerfulness,cheerfulness,[],hz-005754,entry_candidate,raw_ocr,medium,1,227,,dictionary/C/C-05.md,hz-005754-cheerfulness,sources/Hezareh_Dictionary_Index/source/Hezareh_Part_01_PDF_0001-0250.md#L30642-L30643,True
cheerily,cheerily,cheerily,[],hz-005755,entry_candidate,raw_ocr,medium,1,227,,dictionary/C/C-05.md,hz-005755-cheerily,sources/Hezareh_Dictionary_Index/source/Hezareh_Part_01_PDF_0001-0250.md#L30644-L30645,True
cheering,cheering,cheering,[],hz-005756,entry_candidate,raw_ocr,low,1,227,,dictionary/C/C-05.md,hz-005756-cheering,sources/Hezareh_Dictionary_Index/source/Hezareh_Part_01_PDF_0001-0250.md#L30646-L30648,True
cheerio,cheerio,cheerio,[],hz-005757,entry_candidate,raw_ocr,low,1,227,,dictionary/C/C-05.md,hz-005757-cheerio,sources/Hezareh_Dictionary_Index/source/Hezareh_Part_01_PDF_0001-0250.md#L30649-L30652,True
cheerless,cheerless,cheerless,[],hz-005758,entry_candidate,raw_ocr,medium,1,227,,dictionary/C/C-05.md,hz-005758-cheerless,sources/Hezareh_Dictionary_Index/source/Hezareh_Part_01_PDF_0001-0250.md#L30653-L30655,True
cheerlessly,cheerlessly,cheerlessly,[],hz-005759,entry_candidate,raw_ocr,medium,1,227,,dictionary/C/C-05.md,hz-005759-cheerlessly,sources/Hezareh_Dictionary_Index/source/Hezareh_Part_01_PDF_0001-0250.md#L30656-L30657,True
cheerlessness,cheerlessness,cheerlessness,[],hz-005760,entry_candidate,raw_ocr,medium,1,227,,dictionary/C/C-05.md,hz-005760-cheerlessness,sources/Hezareh_Dictionary_Index/source/Hezareh_Part_01_PDF_0001-0250.md#L30658-L30659,True
cheers,cheers,cheers,[],hz-005761,entry_candidate,raw_ocr,medium,1,227,,dictionary/C/C-05.md,hz-005761-cheers,sources/Hezareh_Dictionary_Index/source/Hezareh_Part_01_PDF_0001-0250.md#L30660-L30663,True
cheery,cheery,cheery,[],hz-005780,entry_candidate,raw_ocr,high,1,227,,dictionary/C/C-05.md,hz-005780-cheery,sources/Hezareh_Dictionary_Index/source/Hezareh_Part_01_PDF_0001-0250.md#L30664-L30669,True
cheese,cheese,cheese,[],hz-005762,entry_candidate,raw_ocr,high,1,227,,dictionary/C/C-05.md,hz-005762-cheese,sources/Hezareh_Dictionary_Index/source/Hezareh_Part_01_PDF_0001-0250.md#L30670-L30680,True
cheese dip,cheese dip,cheese dip,[],hz-005767,entry_candidate,raw_ocr,high,1,227,,dictionary/C/C-05.md,hz-005767-cheese-dip,sources/Hezareh_Dictionary_Index/source/Hezareh_Part_01_PDF_0001-0250.md#L30688-L30696,True
cheese-board,cheese-board,cheese-board,[],hz-005763,entry_candidate,raw_ocr,high,1,227,,dictionary/C/C-05.md,hz-005763-cheese-board,sources/Hezareh_Dictionary_Index/source/Hezareh_Part_01_PDF_0001-0250.md#L30681-L30682,True
cheese-parlnq,cheese-parlnq,cheese-parlnq,[],hz-005769,entry_candidate,raw_ocr,hint_only,1,227,,dictionary/C/C-05.md,hz-005769-cheese-parlnq,sources/Hezareh_Dictionary_Index/source/Hezareh_Part_01_PDF_0001-0250.md#L30609-L30609,False
cheeseburger,cheeseburger,cheeseburger,[],hz-005764,entry_candidate,raw_ocr,high,1,227,,dictionary/C/C-05.md,hz-005764-cheeseburger,sources/Hezareh_Dictionary_Index/source/Hezareh_Part_01_PDF_0001-0250.md#L30683-L30683,True
cheesecake,cheesecake,cheesecake,[],hz-005765,entry_candidate,raw_ocr,high,1,227,,dictionary/C/C-05.md,hz-005765-cheesecake,sources/Hezareh_Dictionary_Index/source/Hezareh_Part_01_PDF_0001-0250.md#L30684-L30685,True
cheesecloth,cheesecloth,cheesecloth,[],hz-005766,entry_candidate,raw_ocr,high,1,227,,dictionary/C/C-05.md,hz-005766-cheesecloth,sources/Hezareh_Dictionary_Index/source/Hezareh_Part_01_PDF_0001-0250.md#L30686-L30687,True
cheesed off,cheesed off,cheesed off,[],hz-005768,entry_candidate,raw_ocr,hint_only,1,227,,dictionary/C/C-05.md,hz-005768-cheesed-off,sources/Hezareh_Dictionary_Index/source/Hezareh_Part_01_PDF_0001-0250.md#L30609-L30609,False
cheetah,cheetah,cheetah,[],hz-005770,entry_candidate,raw_ocr,high,1,227,,dictionary/C/C-05.md,hz-005770-cheetah,sources/Hezareh_Dictionary_Index/source/Hezareh_Part_01_PDF_0001-0250.md#L30697-L30698,True
chef,chef,chef,[],hz-005771,entry_candidate,raw_ocr,hint_only,1,227,,dictionary/C/C-05.md,hz-005771-chef,sources/Hezareh_Dictionary_Index/source/Hezareh_Part_01_PDF_0001-0250.md#L30609-L30609,False
chef-d'oeuvre,chef-d'oeuvre,chef-d'oeuvre,[],hz-005772,entry_candidate,raw_ocr,high,1,227,,dictionary/C/C-05.md,hz-005772-chef-d-oeuvre,sources/Hezareh_Dictionary_Index/source/Hezareh_Part_01_PDF_0001-0250.md#L30699-L30701,True
chemical,chemical,chemical,[],hz-005774,entry_candidate,raw_ocr,high,1,227,,dictionary/C/C-05.md,hz-005774-chemical,sources/Hezareh_Dictionary_Index/source/Hezareh_Part_01_PDF_0001-0250.md#L30702-L30703,True
Chemical engineer,chemical engineer,chemical engineer,[],hz-005775,entry_candidate,raw_ocr,high,1,227,,dictionary/C/C-05.md,hz-005775-chemical-engineer,sources/Hezareh_Dictionary_Index/source/Hezareh_Part_01_PDF_0001-0250.md#L30704-L30705,True
chemical engineering,chemical engineering,chemical engineering,[],hz-005776,entry_candidate,raw_ocr,high,1,227,,dictionary/C/C-05.md,hz-005776-chemical-engineering,sources/Hezareh_Dictionary_Index/source/Hezareh_Part_01_PDF_0001-0250.md#L30706-L30709,True
chemical warfare,chemical warfare,chemical warfare,[],hz-005778,entry_candidate,raw_ocr,high,1,227,,dictionary/C/C-05.md,hz-005778-chemical-warfare,sources/Hezareh_Dictionary_Index/source/Hezareh_Part_01_PDF_0001-0250.md#L30710-L30713,True
chemicallyl'kemrkh,chemicallyl'kemrkh,chemicallyl'kemrkh,[],hz-005777,entry_candidate,raw_ocr,hint_only,1,227,,dictionary/C/C-05.md,hz-005777-chemicallyl-kemrkh,sources/Hezareh_Dictionary_Index/source/Hezareh_Part_01_PDF_0001-0250.md#L30609-L30609,False
chemist,chemist,chemist,[],hz-005779,entry_candidate,raw_ocr,high,1,227,,dictionary/C/C-05.md,hz-005779-chemist,sources/Hezareh_Dictionary_Index/source/Hezareh_Part_01_PDF_0001-0250.md#L30714-L30717,True
chemistry,chemistry,chemistry,[],hz-005781,entry_candidate,raw_ocr,medium,1,228,,dictionary/C/C-05.md,hz-005781-chemistry,sources/Hezareh_Dictionary_Index/source/Hezareh_Part_01_PDF_0001-0250.md#L30731-L30735,True
chemotherapy,chemotherapy,chemotherapy,[],hz-005782,entry_candidate,raw_ocr,low,1,228,,dictionary/C/C-05.md,hz-005782-chemotherapy,sources/Hezareh_Dictionary_Index/source/Hezareh_Part_01_PDF_0001-0250.md#L30736-L30738,True
cheque,cheque,cheque,[],hz-005783,entry_candidate,raw_ocr,high,1,228,,dictionary/C/C-05.md,hz-005783-cheque,sources/Hezareh_Dictionary_Index/source/Hezareh_Part_01_PDF_0001-0250.md#L30739-L30740,True
cheque card,cheque card,cheque card,[],hz-005785,entry_candidate,raw_ocr,medium,1,228,,dictionary/C/C-05.md,hz-005785-cheque-card,sources/Hezareh_Dictionary_Index/source/Hezareh_Part_01_PDF_0001-0250.md#L30742-L30742,True
cheque-book,cheque-book,cheque-book,[],hz-005784,entry_candidate,raw_ocr,medium,1,228,,dictionary/C/C-05.md,hz-005784-cheque-book,sources/Hezareh_Dictionary_Index/source/Hezareh_Part_01_PDF_0001-0250.md#L30741-L30741,True
chequer,chequer,chequer,[],hz-005786,entry_candidate,raw_ocr,medium,1,228,,dictionary/C/C-05.md,hz-005786-chequer,sources/Hezareh_Dictionary_Index/source/Hezareh_Part_01_PDF_0001-0250.md#L30743-L30746,True
cherish,cherish,cherish,[],hz-005787,entry_candidate,raw_ocr,medium,1,228,,dictionary/C/C-05.md,hz-005787-cherish,sources/Hezareh_Dictionary_Index/source/Hezareh_Part_01_PDF_0001-0250.md#L30747-L30762,True
cherish an illusion,cherish an illusion,cherish an illusion,[],hz-018181,entry_candidate,raw_ocr,high,4,802,,dictionary/C/C-05.md,hz-018181-cherish-an-illusion,sources/Hezareh_Dictionary_Index/source/Hezareh_Part_04_PDF_0751-1000.md#L5953-L5954,True
cherryl'tferr,cherryl'tferr,cherryl'tferr,[],hz-005788,entry_candidate,raw_ocr,hint_only,1,228,,dictionary/C/C-05.md,hz-005788-cherryl-tferr,sources/Hezareh_Dictionary_Index/source/Hezareh_Part_01_PDF_0001-0250.md#L30721-L30721,False
cherubim,cherubim,cherubim,[],hz-005789,entry_candidate,raw_ocr,high,1,228,,dictionary/C/C-05.md,hz-005789-cherubim,sources/Hezareh_Dictionary_Index/source/Hezareh_Part_01_PDF_0001-0250.md#L30763-L30763,True
chervil,chervil,chervil,[],hz-005790,entry_candidate,raw_ocr,medium,1,228,,dictionary/C/C-05.md,hz-005790-chervil,sources/Hezareh_Dictionary_Index/source/Hezareh_Part_01_PDF_0001-0250.md#L30764-L30766,True
chessboard,chessboard,chessboard,[],hz-005791,entry_candidate,raw_ocr,medium,1,228,,dictionary/C/C-05.md,hz-005791-chessboard,sources/Hezareh_Dictionary_Index/source/Hezareh_Part_01_PDF_0001-0250.md#L30767-L30767,True
chessman,chessman,chessman,[],hz-005792,entry_candidate,raw_ocr,medium,1,228,,dictionary/C/C-05.md,hz-005792-chessman,sources/Hezareh_Dictionary_Index/source/Hezareh_Part_01_PDF_0001-0250.md#L30768-L30769,True
chessplayer,chessplayer,chessplayer,[],hz-005793,entry_candidate,raw_ocr,medium,1,228,,dictionary/C/C-05.md,hz-005793-chessplayer,sources/Hezareh_Dictionary_Index/source/Hezareh_Part_01_PDF_0001-0250.md#L30770-L30782,True
chest,chest,chest,[],hz-005794,entry_candidate,raw_ocr,high,1,228,,dictionary/C/C-05.md,hz-005794-chest,sources/Hezareh_Dictionary_Index/source/Hezareh_Part_01_PDF_0001-0250.md#L30795-L30798,True
chest cold,chest cold,chest cold,[],hz-005796,entry_candidate,raw_ocr,medium,1,228,,dictionary/C/C-05.md,hz-005796-chest-cold,sources/Hezareh_Dictionary_Index/source/Hezareh_Part_01_PDF_0001-0250.md#L30785-L30787,True
chest of drawers,chest of drawers,chest of drawers,[],hz-005799,entry_candidate,raw_ocr,high,1,228,,dictionary/C/C-05.md,hz-005799-chest-of-drawers,sources/Hezareh_Dictionary_Index/source/Hezareh_Part_01_PDF_0001-0250.md#L30795-L30798,True
chest specialist l'tfest spejalrst,chest specialist l'tfest spejalrst,chest specialist l'tfest spejalrst,[],hz-005800,entry_candidate,raw_ocr,hint_only,1,228,,dictionary/C/C-05.md,hz-005800-chest-specialist-l-tfest-spejalrst,sources/Hezareh_Dictionary_Index/source/Hezareh_Part_01_PDF_0001-0250.md#L30721-L30721,False
chestedield,chestedield,chestedield,[],hz-005797,entry_candidate,raw_ocr,hint_only,1,228,,dictionary/C/C-05.md,hz-005797-chestedield,sources/Hezareh_Dictionary_Index/source/Hezareh_Part_01_PDF_0001-0250.md#L30721-L30721,False
chestnut,chestnut,chestnut,[],hz-005798,entry_candidate,raw_ocr,high,1,228,,dictionary/C/C-05.md,hz-005798-chestnut,sources/Hezareh_Dictionary_Index/source/Hezareh_Part_01_PDF_0001-0250.md#L30788-L30794,True
chesty,chesty,chesty,[],hz-005801,entry_candidate,raw_ocr,high,1,228,,dictionary/C/C-05.md,hz-005801-chesty,sources/Hezareh_Dictionary_Index/source/Hezareh_Part_01_PDF_0001-0250.md#L30799-L30803,True
chets-d'oeuvre,chets-d'oeuvre,chets-d'oeuvre,[],hz-005773,entry_candidate,raw_ocr,hint_only,1,227,,dictionary/C/C-05.md,hz-005773-chets-d-oeuvre,sources/Hezareh_Dictionary_Index/source/Hezareh_Part_01_PDF_0001-0250.md#L30609-L30609,False
cheval glass,cheval glass,cheval glass,[],hz-005802,entry_candidate,raw_ocr,high,1,228,,dictionary/C/C-05.md,hz-005802-cheval-glass,sources/Hezareh_Dictionary_Index/source/Hezareh_Part_01_PDF_0001-0250.md#L30804-L30805,True
chevron,chevron,chevron,[],hz-005803,entry_candidate,raw_ocr,medium,1,228,,dictionary/C/C-05.md,hz-005803-chevron,sources/Hezareh_Dictionary_Index/source/Hezareh_Part_01_PDF_0001-0250.md#L30806-L30813,True
chew on,chew on,chew on,[],hz-005805,entry_candidate,raw_ocr,hint_only,1,228,,dictionary/C/C-05.md,hz-005805-chew-on,sources/Hezareh_Dictionary_Index/source/Hezareh_Part_01_PDF_0001-0250.md#L30721-L30721,False
chew the rag,chew the rag,chew the rag,[],hz-005804,entry_candidate,raw_ocr,high,1,228,,dictionary/C/C-05.md,hz-005804-chew-the-rag,sources/Hezareh_Dictionary_Index/source/Hezareh_Part_01_PDF_0001-0250.md#L30814-L30821,True
chewing-gum,chewing-gum,chewing-gum,[],hz-005806,entry_candidate,raw_ocr,hint_only,1,228,,dictionary/C/C-05.md,hz-005806-chewing-gum,sources/Hezareh_Dictionary_Index/source/Hezareh_Part_01_PDF_0001-0250.md#L30721-L30721,False
Chianti,chianti,chianti,[],hz-005807,entry_candidate,raw_ocr,high,1,228,,dictionary/C/C-05.md,hz-005807-chianti,sources/Hezareh_Dictionary_Index/source/Hezareh_Part_01_PDF_0001-0250.md#L30822-L30822,True
chiaroscuro,chiaroscuro,chiaroscuro,[],hz-005808,entry_candidate,raw_ocr,high,1,228,,dictionary/C/C-05.md,hz-005808-chiaroscuro,sources/Hezareh_Dictionary_Index/source/Hezareh_Part_01_PDF_0001-0250.md#L30823-L30824,True
chiC,chic,chic,[],hz-005809,entry_candidate,raw_ocr,high,1,228,,dictionary/C/C-05.md,hz-005809-chic,sources/Hezareh_Dictionary_Index/source/Hezareh_Part_01_PDF_0001-0250.md#L30825-L30833,True
chicanery,chicanery,chicanery,[],hz-005810,entry_candidate,raw_ocr,high,1,229,,dictionary/C/C-05.md,hz-005810-chicanery,sources/Hezareh_Dictionary_Index/source/Hezareh_Part_01_PDF_0001-0250.md#L30847-L30849,True
chichi,chichi,chichi,[],hz-005811,entry_candidate,raw_ocr,high,1,229,,dictionary/C/C-05.md,hz-005811-chichi,sources/Hezareh_Dictionary_Index/source/Hezareh_Part_01_PDF_0001-0250.md#L30850-L30865,True
chick-pea,chick-pea,chick-pea,[],hz-005819,entry_candidate,raw_ocr,high,1,229,,dictionary/C/C-05.md,hz-005819-chick-pea,sources/Hezareh_Dictionary_Index/source/Hezareh_Part_01_PDF_0001-0250.md#L30874-L30874,True
chicken,chicken,chicken,[],hz-005812,entry_candidate,raw_ocr,high,1,229,,dictionary/C/C-05.md,hz-005812-chicken,sources/Hezareh_Dictionary_Index/source/Hezareh_Part_01_PDF_0001-0250.md#L30866-L30866,True
chicken farming,chicken farming,chicken farming,[],hz-005813,entry_candidate,raw_ocr,high,1,229,,dictionary/C/C-05.md,hz-005813-chicken-farming,sources/Hezareh_Dictionary_Index/source/Hezareh_Part_01_PDF_0001-0250.md#L30866-L30866,True
chicken wire,chicken wire,chicken wire,[],hz-005818,entry_candidate,raw_ocr,high,1,229,,dictionary/C/C-05.md,hz-005818-chicken-wire,sources/Hezareh_Dictionary_Index/source/Hezareh_Part_01_PDF_0001-0250.md#L30873-L30873,True
chicken-hearted,chicken-hearted,chicken-hearted,[],hz-005815,entry_candidate,raw_ocr,high,1,229,,dictionary/C/C-05.md,hz-005815-chicken-hearted,sources/Hezareh_Dictionary_Index/source/Hezareh_Part_01_PDF_0001-0250.md#L30869-L30870,True
chicken-run,chicken-run,chicken-run,[],hz-005817,entry_candidate,raw_ocr,high,1,229,,dictionary/C/C-05.md,hz-005817-chicken-run,sources/Hezareh_Dictionary_Index/source/Hezareh_Part_01_PDF_0001-0250.md#L30872-L30872,True
chickenfeed,chickenfeed,chickenfeed,[],hz-005814,entry_candidate,raw_ocr,high,1,229,,dictionary/C/C-05.md,hz-005814-chickenfeed,sources/Hezareh_Dictionary_Index/source/Hezareh_Part_01_PDF_0001-0250.md#L30867-L30868,True
chickenpox,chickenpox,chickenpox,[],hz-005816,entry_candidate,raw_ocr,high,1,229,,dictionary/C/C-05.md,hz-005816-chickenpox,sources/Hezareh_Dictionary_Index/source/Hezareh_Part_01_PDF_0001-0250.md#L30871-L30871,True
chickweed,chickweed,chickweed,[],hz-005820,entry_candidate,raw_ocr,high,1,229,,dictionary/C/C-05.md,hz-005820-chickweed,sources/Hezareh_Dictionary_Index/source/Hezareh_Part_01_PDF_0001-0250.md#L30875-L30876,True
chicle,chicle,chicle,[],hz-005821,entry_candidate,raw_ocr,high,1,229,,dictionary/C/C-05.md,hz-005821-chicle,sources/Hezareh_Dictionary_Index/source/Hezareh_Part_01_PDF_0001-0250.md#L30877-L30877,True
chicory,chicory,chicory,[],hz-005822,entry_candidate,raw_ocr,high,1,229,,dictionary/C/C-05.md,hz-005822-chicory,sources/Hezareh_Dictionary_Index/source/Hezareh_Part_01_PDF_0001-0250.md#L30878-L30880,True
chidden,chidden,chidden,[],hz-005823,entry_candidate,raw_ocr,high,1,229,,dictionary/C/C-05.md,hz-005823-chidden,sources/Hezareh_Dictionary_Index/source/Hezareh_Part_01_PDF_0001-0250.md#L30881-L30881,True
chide,chide,chide,[],hz-005824,entry_candidate,raw_ocr,high,1,229,,dictionary/C/C-05.md,hz-005824-chide,sources/Hezareh_Dictionary_Index/source/Hezareh_Part_01_PDF_0001-0250.md#L30882-L30896,True
Chief Constable,chief constable,chief constable,[],hz-005825,entry_candidate,raw_ocr,high,1,229,,dictionary/C/C-05.md,hz-005825-chief-constable,sources/Hezareh_Dictionary_Index/source/Hezareh_Part_01_PDF_0001-0250.md#L30897-L30898,True
Chief of Staff,chief of staff,chief of staff,[],hz-005827,entry_candidate,raw_ocr,high,1,229,,dictionary/C/C-05.md,hz-005827-chief-of-staff,sources/Hezareh_Dictionary_Index/source/Hezareh_Part_01_PDF_0001-0250.md#L30903-L30913,True
chiefly,chiefly,chiefly,[],hz-005826,entry_candidate,raw_ocr,high,1,229,,dictionary/C/C-05.md,hz-005826-chiefly,sources/Hezareh_Dictionary_Index/source/Hezareh_Part_01_PDF_0001-0250.md#L30899-L30902,True
chieftaincy,chieftaincy,chieftaincy,[],hz-005828,entry_candidate,raw_ocr,hint_only,1,229,,dictionary/C/C-05.md,hz-005828-chieftaincy,sources/Hezareh_Dictionary_Index/source/Hezareh_Part_01_PDF_0001-0250.md#L30837-L30837,False
chiffon,chiffon,chiffon,[],hz-005829,entry_candidate,raw_ocr,hint_only,1,229,,dictionary/C/C-05.md,hz-005829-chiffon,sources/Hezareh_Dictionary_Index/source/Hezareh_Part_01_PDF_0001-0250.md#L30837-L30837,False
chiffonier,chiffonier,chiffonier,[],hz-005830,entry_candidate,raw_ocr,hint_only,1,229,,dictionary/C/C-05.md,hz-005830-chiffonier,sources/Hezareh_Dictionary_Index/source/Hezareh_Part_01_PDF_0001-0250.md#L30837-L30837,False
chignon,chignon,chignon,[],hz-005831,entry_candidate,raw_ocr,high,1,229,,dictionary/C/C-05.md,hz-005831-chignon,sources/Hezareh_Dictionary_Index/source/Hezareh_Part_01_PDF_0001-0250.md#L30914-L30917,True
chihuahua,chihuahua,chihuahua,[],hz-005832,entry_candidate,raw_ocr,hint_only,1,229,,dictionary/C/C-05.md,hz-005832-chihuahua,sources/Hezareh_Dictionary_Index/source/Hezareh_Part_01_PDF_0001-0250.md#L30837-L30837,False
chii'opractic,chii'opractic,chii'opractic,[],hz-005888,entry_candidate,raw_ocr,hint_only,1,232,,dictionary/C/C-05.md,hz-005888-chii-opractic,sources/Hezareh_Dictionary_Index/source/Hezareh_Part_01_PDF_0001-0250.md#L31173-L31173,False
chilblain,chilblain,chilblain,[],hz-005833,entry_candidate,raw_ocr,high,1,229,,dictionary/C/C-05.md,hz-005833-chilblain,sources/Hezareh_Dictionary_Index/source/Hezareh_Part_01_PDF_0001-0250.md#L30918-L30920,True
child,child,child,[],hz-005834,entry_candidate,raw_ocr,high,1,229,,dictionary/C/C-05.md,hz-005834-child,sources/Hezareh_Dictionary_Index/source/Hezareh_Part_01_PDF_0001-0250.md#L30921-L30944,True
child abuse,child abuse,child abuse,[],hz-005835,entry_candidate,raw_ocr,medium,1,230,,dictionary/C/C-05.md,hz-005835-child-abuse,sources/Hezareh_Dictionary_Index/source/Hezareh_Part_01_PDF_0001-0250.md#L30980-L30986,True
child benefit,child benefit,child benefit,[],hz-005837,entry_candidate,raw_ocr,hint_only,1,230,,dictionary/C/C-05.md,hz-005837-child-benefit,sources/Hezareh_Dictionary_Index/source/Hezareh_Part_01_PDF_0001-0250.md#L30948-L30948,False
child care,child care,child care,[],hz-005839,entry_candidate,raw_ocr,medium,1,230,,dictionary/C/C-05.md,hz-005839-child-care,sources/Hezareh_Dictionary_Index/source/Hezareh_Part_01_PDF_0001-0250.md#L30988-L30988,True
child minder,child minder,child minder,[],hz-005846,entry_candidate,raw_ocr,medium,1,230,,dictionary/C/C-05.md,hz-005846-child-minder,sources/Hezareh_Dictionary_Index/source/Hezareh_Part_01_PDF_0001-0250.md#L31010-L31011,True
child's play,child's play,child's play,[],hz-005848,entry_candidate,raw_ocr,high,1,230,,dictionary/C/C-05.md,hz-005848-child-s-play,sources/Hezareh_Dictionary_Index/source/Hezareh_Part_01_PDF_0001-0250.md#L31013-L31015,True
child-bearingi'tfarld begrnJ,child-bearingi'tfarld begrnj,child-bearingi'tfarld begrnj,[],hz-005836,entry_candidate,raw_ocr,hint_only,1,230,,dictionary/C/C-05.md,hz-005836-child-bearingi-tfarld-begrnj,sources/Hezareh_Dictionary_Index/source/Hezareh_Part_01_PDF_0001-0250.md#L30948-L30948,False
childbirth,childbirth,childbirth,[],hz-005838,entry_candidate,raw_ocr,low,1,230,,dictionary/C/C-05.md,hz-005838-childbirth,sources/Hezareh_Dictionary_Index/source/Hezareh_Part_01_PDF_0001-0250.md#L30987-L30987,True
childhood,childhood,childhood,[],hz-005840,entry_candidate,raw_ocr,medium,1,230,,dictionary/C/C-05.md,hz-005840-childhood,sources/Hezareh_Dictionary_Index/source/Hezareh_Part_01_PDF_0001-0250.md#L30989-L30992,True
childish,childish,childish,[],hz-005841,entry_candidate,raw_ocr,medium,1,230,,dictionary/C/C-05.md,hz-005841-childish,sources/Hezareh_Dictionary_Index/source/Hezareh_Part_01_PDF_0001-0250.md#L30993-L30993,True
childishly,childishly,childishly,[],hz-005842,entry_candidate,raw_ocr,low,1,230,,dictionary/C/C-05.md,hz-005842-childishly,sources/Hezareh_Dictionary_Index/source/Hezareh_Part_01_PDF_0001-0250.md#L30994-L30996,True
childishness,childishness,childishness,[],hz-005843,entry_candidate,raw_ocr,low,1,230,,dictionary/C/C-05.md,hz-005843-childishness,sources/Hezareh_Dictionary_Index/source/Hezareh_Part_01_PDF_0001-0250.md#L30997-L30999,True
childleSS,childless,childless,[],hz-005844,entry_candidate,raw_ocr,low,1,230,,dictionary/C/C-05.md,hz-005844-childless,sources/Hezareh_Dictionary_Index/source/Hezareh_Part_01_PDF_0001-0250.md#L31000-L31000,True
childlike,childlike,childlike,[],hz-005845,entry_candidate,raw_ocr,medium,1,230,,dictionary/C/C-05.md,hz-005845-childlike,sources/Hezareh_Dictionary_Index/source/Hezareh_Part_01_PDF_0001-0250.md#L31001-L31009,True
children,children,children,[],hz-005847,entry_candidate,raw_ocr,medium,1,230,,dictionary/C/C-05.md,hz-005847-children,sources/Hezareh_Dictionary_Index/source/Hezareh_Part_01_PDF_0001-0250.md#L31012-L31012,True
chile,chile,chile,[],hz-005849,entry_candidate,raw_ocr,high,1,230,,dictionary/C/C-05.md,hz-005849-chile,sources/Hezareh_Dictionary_Index/source/Hezareh_Part_01_PDF_0001-0250.md#L31016-L31016,True
Chile,chile,chile,[],hz-005850,entry_candidate,raw_ocr,high,1,230,,dictionary/C/C-05.md,hz-005850-chile,sources/Hezareh_Dictionary_Index/source/Hezareh_Part_01_PDF_0001-0250.md#L31016-L31016,True
Chilean,chilean,chilean,[],hz-005851,entry_candidate,raw_ocr,high,1,230,,dictionary/C/C-05.md,hz-005851-chilean,sources/Hezareh_Dictionary_Index/source/Hezareh_Part_01_PDF_0001-0250.md#L31017-L31018,True
chili,chili,chili,[],hz-005853,entry_candidate,raw_ocr,medium,1,230,,dictionary/C/C-05.md,hz-005853-chili,sources/Hezareh_Dictionary_Index/source/Hezareh_Part_01_PDF_0001-0250.md#L31019-L31038,True
chilli,chilli,chilli,[],hz-005855,entry_candidate,raw_ocr,high,1,230,,dictionary/C/C-05.md,hz-005855-chilli,sources/Hezareh_Dictionary_Index/source/Hezareh_Part_01_PDF_0001-0250.md#L31039-L31043,True
chilli con came,chilli con came,chilli con came,[],hz-005856,entry_candidate,raw_ocr,hint_only,1,230,,dictionary/C/C-05.md,hz-005856-chilli-con-came,sources/Hezareh_Dictionary_Index/source/Hezareh_Part_01_PDF_0001-0250.md#L30948-L30948,False
chilling,chilling,chilling,[],hz-005852,entry_candidate,raw_ocr,high,1,230,,dictionary/C/C-05.md,hz-005852-chilling,sources/Hezareh_Dictionary_Index/source/Hezareh_Part_01_PDF_0001-0250.md#L31044-L31046,True
chillitJII,chillitjii,chillitjii,[],hz-005854,entry_candidate,raw_ocr,hint_only,1,230,,dictionary/C/C-05.md,hz-005854-chillitjii,sources/Hezareh_Dictionary_Index/source/Hezareh_Part_01_PDF_0001-0250.md#L30948-L30948,False
chilly,chilly,chilly,[],hz-005857,entry_candidate,raw_ocr,high,1,230,,dictionary/C/C-05.md,hz-005857-chilly,sources/Hezareh_Dictionary_Index/source/Hezareh_Part_01_PDF_0001-0250.md#L31047-L31050,True
chimaera,chimaera,chimaera,[],hz-005858,entry_candidate,raw_ocr,high,1,230,,dictionary/C/C-05.md,hz-005858-chimaera,sources/Hezareh_Dictionary_Index/source/Hezareh_Part_01_PDF_0001-0250.md#L31051-L31058,True
chimera,chimera,chimera,[],hz-005859,entry_candidate,raw_ocr,high,1,231,,dictionary/C/C-05.md,hz-005859-chimera,sources/Hezareh_Dictionary_Index/source/Hezareh_Part_01_PDF_0001-0250.md#L31071-L31080,True
chimerical,chimerical,chimerical,[],hz-005860,entry_candidate,raw_ocr,medium,1,231,,dictionary/C/C-05.md,hz-005860-chimerical,sources/Hezareh_Dictionary_Index/source/Hezareh_Part_01_PDF_0001-0250.md#L31081-L31082,True
chimney,chimney,chimney,[],hz-005861,entry_candidate,raw_ocr,medium,1,231,,dictionary/C/C-05.md,hz-005861-chimney,sources/Hezareh_Dictionary_Index/source/Hezareh_Part_01_PDF_0001-0250.md#L31083-L31086,True
chimney corner,chimney corner,chimney corner,[],hz-005863,entry_candidate,raw_ocr,medium,1,231,,dictionary/C/C-05.md,hz-005863-chimney-corner,sources/Hezareh_Dictionary_Index/source/Hezareh_Part_01_PDF_0001-0250.md#L31087-L31095,True
chimney-breastt'tfunm brest,chimney-breastt'tfunm brest,chimney-breastt'tfunm brest,[],hz-005862,entry_candidate,raw_ocr,hint_only,1,231,,dictionary/C/C-05.md,hz-005862-chimney-breastt-tfunm-brest,sources/Hezareh_Dictionary_Index/source/Hezareh_Part_01_PDF_0001-0250.md#L31062-L31062,False
chimney-pott'tfrmm pot,chimney-pott'tfrmm pot,chimney-pott'tfrmm pot,[],hz-005864,entry_candidate,raw_ocr,hint_only,1,231,,dictionary/C/C-05.md,hz-005864-chimney-pott-tfrmm-pot,sources/Hezareh_Dictionary_Index/source/Hezareh_Part_01_PDF_0001-0250.md#L31062-L31062,False
chimney-sweep,chimney-sweep,chimney-sweep,[],hz-005865,entry_candidate,raw_ocr,high,1,231,,dictionary/C/C-05.md,hz-005865-chimney-sweep,sources/Hezareh_Dictionary_Index/source/Hezareh_Part_01_PDF_0001-0250.md#L31097-L31097,True
chimney-sweeper,chimney-sweeper,chimney-sweeper,[],hz-005866,entry_candidate,raw_ocr,high,1,231,,dictionary/C/C-05.md,hz-005866-chimney-sweeper,sources/Hezareh_Dictionary_Index/source/Hezareh_Part_01_PDF_0001-0250.md#L31096-L31096,True
chimp,chimp,chimp,[],hz-005867,entry_candidate,raw_ocr,medium,1,231,,dictionary/C/C-05.md,hz-005867-chimp,sources/Hezareh_Dictionary_Index/source/Hezareh_Part_01_PDF_0001-0250.md#L31098-L31099,True
chin,chin,chin,[],hz-005868,entry_candidate,raw_ocr,medium,1,231,,dictionary/C/C-05.md,hz-005868-chin,sources/Hezareh_Dictionary_Index/source/Hezareh_Part_01_PDF_0001-0250.md#L31100-L31106,True
chin-wag,chin-wag,chin-wag,[],hz-005876,entry_candidate,raw_ocr,medium,1,231,,dictionary/C/C-05.md,hz-005876-chin-wag,sources/Hezareh_Dictionary_Index/source/Hezareh_Part_01_PDF_0001-0250.md#L31131-L31131,True
chin-wagging,chin-wagging,chin-wagging,[],hz-005877,entry_candidate,raw_ocr,medium,1,231,,dictionary/C/C-05.md,hz-005877-chin-wagging,sources/Hezareh_Dictionary_Index/source/Hezareh_Part_01_PDF_0001-0250.md#L31132-L31133,True
china clay,china clay,china clay,[],hz-005869,entry_candidate,raw_ocr,medium,1,231,,dictionary/C/C-05.md,hz-005869-china-clay,sources/Hezareh_Dictionary_Index/source/Hezareh_Part_01_PDF_0001-0250.md#L31107-L31110,True
chinchilla,chinchilla,chinchilla,[],hz-005871,entry_candidate,raw_ocr,medium,1,231,,dictionary/C/C-05.md,hz-005871-chinchilla,sources/Hezareh_Dictionary_Index/source/Hezareh_Part_01_PDF_0001-0250.md#L31111-L31112,True
chine,chine,chine,[],hz-005872,entry_candidate,raw_ocr,medium,1,231,,dictionary/C/C-05.md,hz-005872-chine,sources/Hezareh_Dictionary_Index/source/Hezareh_Part_01_PDF_0001-0250.md#L31113-L31126,True
chinlesS,chinless,chinless,[],hz-005873,entry_candidate,raw_ocr,low,1,231,,dictionary/C/C-05.md,hz-005873-chinless,sources/Hezareh_Dictionary_Index/source/Hezareh_Part_01_PDF_0001-0250.md#L31127-L31130,True
chintz ttfmts,chintz ttfmts,chintz ttfmts,[],hz-005875,entry_candidate,raw_ocr,hint_only,1,231,,dictionary/C/C-05.md,hz-005875-chintz-ttfmts,sources/Hezareh_Dictionary_Index/source/Hezareh_Part_01_PDF_0001-0250.md#L31062-L31062,False
chip,chip,chip,[],hz-005878,entry_candidate,raw_ocr,high,1,231,,dictionary/C/C-05.md,hz-005878-chip,sources/Hezareh_Dictionary_Index/source/Hezareh_Part_01_PDF_0001-0250.md#L31134-L31152,True
chip shop,chip shop,chip shop,[],hz-005886,entry_candidate,raw_ocr,high,1,232,,dictionary/C/C-05.md,hz-005886-chip-shop,sources/Hezareh_Dictionary_Index/source/Hezareh_Part_01_PDF_0001-0250.md#L31190-L31193,True
chipboard,chipboard,chipboard,[],hz-005880,entry_candidate,raw_ocr,high,1,232,,dictionary/C/C-05.md,hz-005880-chipboard,sources/Hezareh_Dictionary_Index/source/Hezareh_Part_01_PDF_0001-0250.md#L31183-L31183,True
chipmunk,chipmunk,chipmunk,[],hz-005881,entry_candidate,raw_ocr,high,1,232,,dictionary/C/C-05.md,hz-005881-chipmunk,sources/Hezareh_Dictionary_Index/source/Hezareh_Part_01_PDF_0001-0250.md#L31184-L31184,True
chipolata,chipolata,chipolata,[],hz-005882,entry_candidate,raw_ocr,high,1,232,,dictionary/C/C-05.md,hz-005882-chipolata,sources/Hezareh_Dictionary_Index/source/Hezareh_Part_01_PDF_0001-0250.md#L31185-L31185,True
chippie,chippie,chippie,[],hz-005883,entry_candidate,raw_ocr,high,1,232,,dictionary/C/C-05.md,hz-005883-chippie,sources/Hezareh_Dictionary_Index/source/Hezareh_Part_01_PDF_0001-0250.md#L31186-L31186,True
chippings,chippings,chippings,[],hz-005884,entry_candidate,raw_ocr,high,1,232,,dictionary/C/C-05.md,hz-005884-chippings,sources/Hezareh_Dictionary_Index/source/Hezareh_Part_01_PDF_0001-0250.md#L31187-L31188,True
chippy,chippy,chippy,[],hz-005885,entry_candidate,raw_ocr,high,1,232,,dictionary/C/C-05.md,hz-005885-chippy,sources/Hezareh_Dictionary_Index/source/Hezareh_Part_01_PDF_0001-0250.md#L31189-L31189,True
chiropodist,chiropodist,chiropodist,[],hz-005887,entry_candidate,raw_ocr,hint_only,1,232,,dictionary/C/C-05.md,hz-005887-chiropodist,sources/Hezareh_Dictionary_Index/source/Hezareh_Part_01_PDF_0001-0250.md#L31173-L31173,False
chiropody,chiropody,chiropody,[],hz-005889,entry_candidate,raw_ocr,high,1,232,,dictionary/C/C-05.md,hz-005889-chiropody,sources/Hezareh_Dictionary_Index/source/Hezareh_Part_01_PDF_0001-0250.md#L31194-L31197,True
chiropractor,chiropractor,chiropractor,[],hz-005890,entry_candidate,raw_ocr,high,1,232,,dictionary/C/C-05.md,hz-005890-chiropractor,sources/Hezareh_Dictionary_Index/source/Hezareh_Part_01_PDF_0001-0250.md#L31198-L31203,True
chirpily,chirpily,chirpily,[],hz-005891,entry_candidate,raw_ocr,high,1,232,,dictionary/C/C-05.md,hz-005891-chirpily,sources/Hezareh_Dictionary_Index/source/Hezareh_Part_01_PDF_0001-0250.md#L31204-L31205,True
chirpiness,chirpiness,chirpiness,[],hz-005892,entry_candidate,raw_ocr,high,1,232,,dictionary/C/C-05.md,hz-005892-chirpiness,sources/Hezareh_Dictionary_Index/source/Hezareh_Part_01_PDF_0001-0250.md#L31206-L31207,True
chirpy,chirpy,chirpy,[],hz-005893,entry_candidate,raw_ocr,high,1,232,,dictionary/C/C-05.md,hz-005893-chirpy,sources/Hezareh_Dictionary_Index/source/Hezareh_Part_01_PDF_0001-0250.md#L31208-L31210,True
chirrup,chirrup,chirrup,[],hz-005894,entry_candidate,raw_ocr,high,1,232,,dictionary/C/C-05.md,hz-005894-chirrup,sources/Hezareh_Dictionary_Index/source/Hezareh_Part_01_PDF_0001-0250.md#L31211-L31211,True
chisel,chisel,chisel,[],hz-005895,entry_candidate,raw_ocr,high,1,232,,dictionary/C/C-05.md,hz-005895-chisel,sources/Hezareh_Dictionary_Index/source/Hezareh_Part_01_PDF_0001-0250.md#L31212-L31216,True
chiselled,chiselled,chiselled,[],hz-005896,entry_candidate,raw_ocr,high,1,232,,dictionary/C/C-05.md,hz-005896-chiselled,sources/Hezareh_Dictionary_Index/source/Hezareh_Part_01_PDF_0001-0250.md#L31217-L31226,True
chivalrouS,chivalrous,chivalrous,[],hz-005897,entry_candidate,raw_ocr,high,1,232,,dictionary/C/C-05.md,hz-005897-chivalrous,sources/Hezareh_Dictionary_Index/source/Hezareh_Part_01_PDF_0001-0250.md#L31227-L31236,True
chivalrously,chivalrously,chivalrously,[],hz-005898,entry_candidate,raw_ocr,high,1,232,,dictionary/C/C-05.md,hz-005898-chivalrously,sources/Hezareh_Dictionary_Index/source/Hezareh_Part_01_PDF_0001-0250.md#L31237-L31239,True
chivalry,chivalry,chivalry,[],hz-005899,entry_candidate,raw_ocr,high,1,232,,dictionary/C/C-05.md,hz-005899-chivalry,sources/Hezareh_Dictionary_Index/source/Hezareh_Part_01_PDF_0001-0250.md#L31240-L31247,True
chive,chive,chive,[],hz-005900,entry_candidate,raw_ocr,hint_only,1,232,,dictionary/C/C-05.md,hz-005900-chive,sources/Hezareh_Dictionary_Index/source/Hezareh_Part_01_PDF_0001-0250.md#L31173-L31173,False
chivvy,chivvy,chivvy,[],hz-005901,entry_candidate,raw_ocr,low,1,232,,dictionary/C/C-05.md,hz-005901-chivvy,sources/Hezareh_Dictionary_Index/source/Hezareh_Part_01_PDF_0001-0250.md#L31248-L31248,True
Chllcker-out,chllcker-out,chllcker-out,[],hz-006006,entry_candidate,raw_ocr,hint_only,1,236,,dictionary/C/C-05.md,hz-006006-chllcker-out,sources/Hezareh_Dictionary_Index/source/Hezareh_Part_01_PDF_0001-0250.md#L31625-L31625,False
chln-strap,chln-strap,chln-strap,[],hz-005874,entry_candidate,raw_ocr,hint_only,1,231,,dictionary/C/C-05.md,hz-005874-chln-strap,sources/Hezareh_Dictionary_Index/source/Hezareh_Part_01_PDF_0001-0250.md#L31062-L31062,False
chlna-closet,chlna-closet,chlna-closet,[],hz-005870,entry_candidate,raw_ocr,hint_only,1,231,,dictionary/C/C-05.md,hz-005870-chlna-closet,sources/Hezareh_Dictionary_Index/source/Hezareh_Part_01_PDF_0001-0250.md#L31062-L31062,False
chloride,chloride,chloride,[],hz-005903,entry_candidate,raw_ocr,high,1,232,,dictionary/C/C-05.md,hz-005903-chloride,sources/Hezareh_Dictionary_Index/source/Hezareh_Part_01_PDF_0001-0250.md#L31249-L31252,True
chlorinate,chlorinate,chlorinate,[],hz-005905,entry_candidate,raw_ocr,hint_only,1,232,,dictionary/C/C-05.md,hz-005905-chlorinate,sources/Hezareh_Dictionary_Index/source/Hezareh_Part_01_PDF_0001-0250.md#L31173-L31173,False
chlorination,chlorination,chlorination,[],hz-005906,entry_candidate,raw_ocr,high,1,232,,dictionary/C/C-05.md,hz-005906-chlorination,sources/Hezareh_Dictionary_Index/source/Hezareh_Part_01_PDF_0001-0250.md#L31253-L31254,True
chlorine,chlorine,chlorine,[],hz-005904,entry_candidate,raw_ocr,high,1,232,,dictionary/C/C-05.md,hz-005904-chlorine,sources/Hezareh_Dictionary_Index/source/Hezareh_Part_01_PDF_0001-0250.md#L31255-L31255,True
chloroform,chloroform,chloroform,[],hz-005907,entry_candidate,raw_ocr,high,1,232,,dictionary/C/C-05.md,hz-005907-chloroform,sources/Hezareh_Dictionary_Index/source/Hezareh_Part_01_PDF_0001-0250.md#L31256-L31258,True
chlorophyll,chlorophyll,chlorophyll,[],hz-005908,entry_candidate,raw_ocr,high,1,232,,dictionary/C/C-05.md,hz-005908-chlorophyll,sources/Hezareh_Dictionary_Index/source/Hezareh_Part_01_PDF_0001-0250.md#L31259-L31260,True
ChM,chm,chm,[],hz-005915,entry_candidate,raw_ocr,high,1,232,,dictionary/C/C-05.md,hz-005915-chm,sources/Hezareh_Dictionary_Index/source/Hezareh_Part_01_PDF_0001-0250.md#L31261-L31261,True
choc,choc,choc,[],hz-005916,entry_candidate,raw_ocr,high,1,232,,dictionary/C/C-05.md,hz-005916-choc,sources/Hezareh_Dictionary_Index/source/Hezareh_Part_01_PDF_0001-0250.md#L31262-L31263,True
choc-bar,choc-bar,choc-bar,[],hz-005909,entry_candidate,raw_ocr,high,1,232,,dictionary/C/C-05.md,hz-005909-choc-bar,sources/Hezareh_Dictionary_Index/source/Hezareh_Part_01_PDF_0001-0250.md#L31264-L31264,True
choc-ice,choc-ice,choc-ice,[],hz-005910,entry_candidate,raw_ocr,high,1,232,,dictionary/C/C-05.md,hz-005910-choc-ice,sources/Hezareh_Dictionary_Index/source/Hezareh_Part_01_PDF_0001-0250.md#L31265-L31265,True
chock,chock,chock,[],hz-005911,entry_candidate,raw_ocr,high,1,232,,dictionary/C/C-05.md,hz-005911-chock,sources/Hezareh_Dictionary_Index/source/Hezareh_Part_01_PDF_0001-0250.md#L31266-L31272,True
chock-a-block,chock-a-block,chock-a-block,[],hz-005912,entry_candidate,raw_ocr,high,1,232,,dictionary/C/C-05.md,hz-005912-chock-a-block,sources/Hezareh_Dictionary_Index/source/Hezareh_Part_01_PDF_0001-0250.md#L31273-L31275,True
chock-full,chock-full,chock-full,[],hz-005913,entry_candidate,raw_ocr,high,1,232,,dictionary/C/C-05.md,hz-005913-chock-full,sources/Hezareh_Dictionary_Index/source/Hezareh_Part_01_PDF_0001-0250.md#L31276-L31276,True
chocolate,chocolate,chocolate,[],hz-005914,entry_candidate,raw_ocr,high,1,232,,dictionary/C/C-05.md,hz-005914-chocolate,sources/Hezareh_Dictionary_Index/source/Hezareh_Part_01_PDF_0001-0250.md#L31277-L31283,True
choice,choice,choice,[],hz-005917,entry_candidate,raw_ocr,high,1,233,,dictionary/C/C-05.md,hz-005917-choice,sources/Hezareh_Dictionary_Index/source/Hezareh_Part_01_PDF_0001-0250.md#L31296-L31317,True
choir,choir,choir,[],hz-005918,entry_candidate,raw_ocr,medium,1,233,,dictionary/C/C-05.md,hz-005918-choir,sources/Hezareh_Dictionary_Index/source/Hezareh_Part_01_PDF_0001-0250.md#L31318-L31319,True
choir-school,choir-school,choir-school,[],hz-005921,entry_candidate,raw_ocr,medium,1,233,,dictionary/C/C-05.md,hz-005921-choir-school,sources/Hezareh_Dictionary_Index/source/Hezareh_Part_01_PDF_0001-0250.md#L31323-L31337,True
choirboy,choirboy,choirboy,[],hz-005919,entry_candidate,raw_ocr,medium,1,233,,dictionary/C/C-05.md,hz-005919-choirboy,sources/Hezareh_Dictionary_Index/source/Hezareh_Part_01_PDF_0001-0250.md#L31320-L31320,True
choirmaster,choirmaster,choirmaster,[],hz-005920,entry_candidate,raw_ocr,high,1,233,,dictionary/C/C-05.md,hz-005920-choirmaster,sources/Hezareh_Dictionary_Index/source/Hezareh_Part_01_PDF_0001-0250.md#L31321-L31322,True
choke,choke,choke,[],hz-005922,entry_candidate,raw_ocr,high,1,233,,dictionary/C/C-05.md,hz-005922-choke,sources/Hezareh_Dictionary_Index/source/Hezareh_Part_01_PDF_0001-0250.md#L31338-L31350,True
choked,choked,choked,[],hz-005924,entry_candidate,raw_ocr,medium,1,233,,dictionary/C/C-05.md,hz-005924-choked,sources/Hezareh_Dictionary_Index/source/Hezareh_Part_01_PDF_0001-0250.md#L31351-L31355,True
choker,choker,choker,[],hz-005925,entry_candidate,raw_ocr,medium,1,233,,dictionary/C/C-05.md,hz-005925-choker,sources/Hezareh_Dictionary_Index/source/Hezareh_Part_01_PDF_0001-0250.md#L31356-L31359,True
chokesb,chokesb,chokesb,[],hz-005923,entry_candidate,raw_ocr,hint_only,1,233,,dictionary/C/C-05.md,hz-005923-chokesb,sources/Hezareh_Dictionary_Index/source/Hezareh_Part_01_PDF_0001-0250.md#L31287-L31287,False
chokey,chokey,chokey,[],hz-005926,entry_candidate,raw_ocr,low,1,233,,dictionary/C/C-05.md,hz-005926-chokey,sources/Hezareh_Dictionary_Index/source/Hezareh_Part_01_PDF_0001-0250.md#L31360-L31362,True
choky,choky,choky,[],hz-005927,entry_candidate,raw_ocr,high,1,233,,dictionary/C/C-05.md,hz-005927-choky,sources/Hezareh_Dictionary_Index/source/Hezareh_Part_01_PDF_0001-0250.md#L31360-L31362,True
choler,choler,choler,[],hz-005928,entry_candidate,raw_ocr,hint_only,1,233,,dictionary/C/C-05.md,hz-005928-choler,sources/Hezareh_Dictionary_Index/source/Hezareh_Part_01_PDF_0001-0250.md#L31287-L31287,False
cholera,cholera,cholera,[],hz-005929,entry_candidate,raw_ocr,medium,1,233,,dictionary/C/C-05.md,hz-005929-cholera,sources/Hezareh_Dictionary_Index/source/Hezareh_Part_01_PDF_0001-0250.md#L31363-L31363,True
choleriC,choleric,choleric,[],hz-005930,entry_candidate,raw_ocr,medium,1,233,,dictionary/C/C-05.md,hz-005930-choleric,sources/Hezareh_Dictionary_Index/source/Hezareh_Part_01_PDF_0001-0250.md#L31364-L31365,True
cholesterol,cholesterol,cholesterol,[],hz-005931,entry_candidate,raw_ocr,medium,1,233,,dictionary/C/C-05.md,hz-005931-cholesterol,sources/Hezareh_Dictionary_Index/source/Hezareh_Part_01_PDF_0001-0250.md#L31366-L31366,True
chomp,chomp,chomp,[],hz-005932,entry_candidate,raw_ocr,medium,1,233,,dictionary/C/C-05.md,hz-005932-chomp,sources/Hezareh_Dictionary_Index/source/Hezareh_Part_01_PDF_0001-0250.md#L31367-L31369,True
choose,choose,choose,[],hz-005933,entry_candidate,raw_ocr,high,1,233,,dictionary/C/C-05.md,hz-005933-choose,sources/Hezareh_Dictionary_Index/source/Hezareh_Part_01_PDF_0001-0250.md#L31370-L31394,True
choose,choose,choose,[],hz-021361,entry_candidate,raw_ocr,high,4,947,,dictionary/C/C-05.md,hz-021361-choose,sources/Hezareh_Dictionary_Index/source/Hezareh_Part_04_PDF_0751-1000.md#L22497-L22511,True
chooser,chooser,chooser,[],hz-005934,entry_candidate,raw_ocr,hint_only,1,234,,dictionary/C/C-05.md,hz-005934-chooser,sources/Hezareh_Dictionary_Index/source/Hezareh_Part_01_PDF_0001-0250.md#L31398-L31398,False
choosey,choosey,choosey,[],hz-005935,entry_candidate,raw_ocr,high,1,234,,dictionary/C/C-05.md,hz-005935-choosey,sources/Hezareh_Dictionary_Index/source/Hezareh_Part_01_PDF_0001-0250.md#L31419-L31419,True
choosy,choosy,choosy,[],hz-005936,entry_candidate,raw_ocr,high,1,234,,dictionary/C/C-05.md,hz-005936-choosy,sources/Hezareh_Dictionary_Index/source/Hezareh_Part_01_PDF_0001-0250.md#L31420-L31427,True
chop,chop,chop,[],hz-005937,entry_candidate,raw_ocr,medium,1,234,,dictionary/C/C-05.md,hz-005937-chop,sources/Hezareh_Dictionary_Index/source/Hezareh_Part_01_PDF_0001-0250.md#L31437-L31438,True
chop a,chop a,chop a,[],hz-005938,entry_candidate,raw_ocr,medium,1,234,,dictionary/C/C-05.md,hz-005938-chop-a,sources/Hezareh_Dictionary_Index/source/Hezareh_Part_01_PDF_0001-0250.md#L31428-L31436,True
chop-chop,chop-chop,chop-chop,[],hz-005940,entry_candidate,raw_ocr,medium,1,234,,dictionary/C/C-05.md,hz-005940-chop-chop,sources/Hezareh_Dictionary_Index/source/Hezareh_Part_01_PDF_0001-0250.md#L31450-L31451,True
chop-house,chop-house,chop-house,[],hz-005941,entry_candidate,raw_ocr,medium,1,234,,dictionary/C/C-05.md,hz-005941-chop-house,sources/Hezareh_Dictionary_Index/source/Hezareh_Part_01_PDF_0001-0250.md#L31452-L31462,True
choppinesS,choppiness,choppiness,[],hz-005942,entry_candidate,raw_ocr,hint_only,1,234,,dictionary/C/C-05.md,hz-005942-choppiness,sources/Hezareh_Dictionary_Index/source/Hezareh_Part_01_PDF_0001-0250.md#L31398-L31398,False
chopping block,chopping block,chopping block,[],hz-005943,entry_candidate,raw_ocr,high,1,234,,dictionary/C/C-05.md,hz-005943-chopping-block,sources/Hezareh_Dictionary_Index/source/Hezareh_Part_01_PDF_0001-0250.md#L31463-L31463,True
chopping board,chopping board,chopping board,[],hz-005944,entry_candidate,raw_ocr,high,1,234,,dictionary/C/C-05.md,hz-005944-chopping-board,sources/Hezareh_Dictionary_Index/source/Hezareh_Part_01_PDF_0001-0250.md#L31464-L31464,True
chopping knife,chopping knife,chopping knife,[],hz-005945,entry_candidate,raw_ocr,high,1,234,,dictionary/C/C-05.md,hz-005945-chopping-knife,sources/Hezareh_Dictionary_Index/source/Hezareh_Part_01_PDF_0001-0250.md#L31465-L31465,True
choppy,choppy,choppy,[],hz-005946,entry_candidate,raw_ocr,high,1,234,,dictionary/C/C-05.md,hz-005946-choppy,sources/Hezareh_Dictionary_Index/source/Hezareh_Part_01_PDF_0001-0250.md#L31466-L31469,True
chopstickS,chopsticks,chopsticks,[],hz-005947,entry_candidate,raw_ocr,high,1,234,,dictionary/C/C-05.md,hz-005947-chopsticks,sources/Hezareh_Dictionary_Index/source/Hezareh_Part_01_PDF_0001-0250.md#L31470-L31499,True
choreographed,choreographed,choreographed,[],hz-005948,entry_candidate,raw_ocr,high,1,234,,dictionary/C/C-05.md,hz-005948-choreographed,sources/Hezareh_Dictionary_Index/source/Hezareh_Part_01_PDF_0001-0250.md#L31500-L31501,True
choreographer,choreographer,choreographer,[],hz-005949,entry_candidate,raw_ocr,high,1,234,,dictionary/C/C-05.md,hz-005949-choreographer,sources/Hezareh_Dictionary_Index/source/Hezareh_Part_01_PDF_0001-0250.md#L31502-L31503,True
choreographic,choreographic,choreographic,[],hz-005950,entry_candidate,raw_ocr,high,1,234,,dictionary/C/C-05.md,hz-005950-choreographic,sources/Hezareh_Dictionary_Index/source/Hezareh_Part_01_PDF_0001-0250.md#L31504-L31509,True
choreography,choreography,choreography,[],hz-005951,entry_candidate,raw_ocr,high,1,235,,dictionary/C/C-05.md,hz-005951-choreography,sources/Hezareh_Dictionary_Index/source/Hezareh_Part_01_PDF_0001-0250.md#L31523-L31524,True
chorister,chorister,chorister,[],hz-005952,entry_candidate,raw_ocr,high,1,235,,dictionary/C/C-05.md,hz-005952-chorister,sources/Hezareh_Dictionary_Index/source/Hezareh_Part_01_PDF_0001-0250.md#L31525-L31526,True
chortle,chortle,chortle,[],hz-005953,entry_candidate,raw_ocr,medium,1,235,,dictionary/C/C-05.md,hz-005953-chortle,sources/Hezareh_Dictionary_Index/source/Hezareh_Part_01_PDF_0001-0250.md#L31527-L31529,True
chorus,chorus,chorus,[],hz-005954,entry_candidate,raw_ocr,medium,1,235,,dictionary/C/C-05.md,hz-005954-chorus,sources/Hezareh_Dictionary_Index/source/Hezareh_Part_01_PDF_0001-0250.md#L31530-L31537,True
chose,chose,chose,[],hz-005955,entry_candidate,raw_ocr,high,1,235,,dictionary/C/C-05.md,hz-005955-chose,sources/Hezareh_Dictionary_Index/source/Hezareh_Part_01_PDF_0001-0250.md#L31538-L31540,True
chosen,chosen,chosen,[],hz-005956,entry_candidate,raw_ocr,low,1,235,,dictionary/C/C-05.md,hz-005956-chosen,sources/Hezareh_Dictionary_Index/source/Hezareh_Part_01_PDF_0001-0250.md#L31541-L31544,True
chow mein,chow mein,chow mein,[],hz-005959,entry_candidate,raw_ocr,hint_only,1,235,,dictionary/C/C-05.md,hz-005959-chow-mein,sources/Hezareh_Dictionary_Index/source/Hezareh_Part_01_PDF_0001-0250.md#L31513-L31513,False
chow-chow i'tfau tfau,chow-chow i'tfau tfau,chow-chow i'tfau tfau,[],hz-005957,entry_candidate,raw_ocr,hint_only,1,235,,dictionary/C/C-05.md,hz-005957-chow-chow-i-tfau-tfau,sources/Hezareh_Dictionary_Index/source/Hezareh_Part_01_PDF_0001-0250.md#L31513-L31513,False
chowder,chowder,chowder,[],hz-005958,entry_candidate,raw_ocr,medium,1,235,,dictionary/C/C-05.md,hz-005958-chowder,sources/Hezareh_Dictionary_Index/source/Hezareh_Part_01_PDF_0001-0250.md#L31545-L31547,True
Christ,christ,christ,[],hz-005960,entry_candidate,raw_ocr,medium,1,235,,dictionary/C/C-05.md,hz-005960-christ,sources/Hezareh_Dictionary_Index/source/Hezareh_Part_01_PDF_0001-0250.md#L31548-L31550,True
christen,christen,christen,[],hz-005961,entry_candidate,raw_ocr,medium,1,235,,dictionary/C/C-05.md,hz-005961-christen,sources/Hezareh_Dictionary_Index/source/Hezareh_Part_01_PDF_0001-0250.md#L31551-L31554,True
Christendom,christendom,christendom,[],hz-005962,entry_candidate,raw_ocr,medium,1,235,,dictionary/C/C-05.md,hz-005962-christendom,sources/Hezareh_Dictionary_Index/source/Hezareh_Part_01_PDF_0001-0250.md#L31555-L31558,True
Christhood,christhood,christhood,[],hz-005963,entry_candidate,raw_ocr,medium,1,235,,dictionary/C/C-05.md,hz-005963-christhood,sources/Hezareh_Dictionary_Index/source/Hezareh_Part_01_PDF_0001-0250.md#L31559-L31564,True
Christian,christian,christian,[],hz-005964,entry_candidate,raw_ocr,high,1,235,,dictionary/C/C-05.md,hz-005964-christian,sources/Hezareh_Dictionary_Index/source/Hezareh_Part_01_PDF_0001-0250.md#L31574-L31575,True
Christian Era,christian era,christian era,[],hz-005965,entry_candidate,raw_ocr,medium,1,235,,dictionary/C/C-05.md,hz-005965-christian-era,sources/Hezareh_Dictionary_Index/source/Hezareh_Part_01_PDF_0001-0250.md#L31565-L31566,True
Christian name,christian name,christian name,[],hz-005967,entry_candidate,raw_ocr,high,1,235,,dictionary/C/C-05.md,hz-005967-christian-name,sources/Hezareh_Dictionary_Index/source/Hezareh_Part_01_PDF_0001-0250.md#L31574-L31575,True
Christian Science,christian science,christian science,[],hz-005968,entry_candidate,raw_ocr,high,1,235,,dictionary/C/C-05.md,hz-005968-christian-science,sources/Hezareh_Dictionary_Index/source/Hezareh_Part_01_PDF_0001-0250.md#L31576-L31577,True
Christian Scientist,christian scientist,christian scientist,[],hz-005969,entry_candidate,raw_ocr,high,1,235,,dictionary/C/C-05.md,hz-005969-christian-scientist,sources/Hezareh_Dictionary_Index/source/Hezareh_Part_01_PDF_0001-0250.md#L31578-L31579,True
Christianity,christianity,christianity,[],hz-005966,entry_candidate,raw_ocr,medium,1,235,,dictionary/C/C-05.md,hz-005966-christianity,sources/Hezareh_Dictionary_Index/source/Hezareh_Part_01_PDF_0001-0250.md#L31567-L31573,True
Christlike,christlike,christlike,[],hz-005970,entry_candidate,raw_ocr,high,1,235,,dictionary/C/C-05.md,hz-005970-christlike,sources/Hezareh_Dictionary_Index/source/Hezareh_Part_01_PDF_0001-0250.md#L31580-L31581,True
Christmas,christmas,christmas,[],hz-005971,entry_candidate,raw_ocr,high,1,235,,dictionary/C/C-05.md,hz-005971-christmas,sources/Hezareh_Dictionary_Index/source/Hezareh_Part_01_PDF_0001-0250.md#L31582-L31583,True
Christmas cake,christmas cake,christmas cake,[],hz-005973,entry_candidate,raw_ocr,high,1,235,,dictionary/C/C-05.md,hz-005973-christmas-cake,sources/Hezareh_Dictionary_Index/source/Hezareh_Part_01_PDF_0001-0250.md#L31586-L31587,True
Christmas card,christmas card,christmas card,[],hz-005974,entry_candidate,raw_ocr,high,1,235,,dictionary/C/C-05.md,hz-005974-christmas-card,sources/Hezareh_Dictionary_Index/source/Hezareh_Part_01_PDF_0001-0250.md#L31588-L31589,True
Christmas carol,christmas carol,christmas carol,[],hz-005975,entry_candidate,raw_ocr,high,1,235,,dictionary/C/C-05.md,hz-005975-christmas-carol,sources/Hezareh_Dictionary_Index/source/Hezareh_Part_01_PDF_0001-0250.md#L31590-L31591,True
Christmas cracker,christmas cracker,christmas cracker,[],hz-005976,entry_candidate,raw_ocr,high,1,235,,dictionary/C/C-05.md,hz-005976-christmas-cracker,sources/Hezareh_Dictionary_Index/source/Hezareh_Part_01_PDF_0001-0250.md#L31592-L31593,True
Christmas Day,christmas day,christmas day,[],hz-005977,entry_candidate,raw_ocr,high,1,235,,dictionary/C/C-05.md,hz-005977-christmas-day,sources/Hezareh_Dictionary_Index/source/Hezareh_Part_01_PDF_0001-0250.md#L31594-L31595,True
Christmas Eve,christmas eve,christmas eve,[],hz-005978,entry_candidate,raw_ocr,high,1,235,,dictionary/C/C-06.md,hz-005978-christmas-eve,sources/Hezareh_Dictionary_Index/source/Hezareh_Part_01_PDF_0001-0250.md#L31596-L31597,True
Christmas pudding,christmas pudding,christmas pudding,[],hz-005979,entry_candidate,raw_ocr,high,1,235,,dictionary/C/C-06.md,hz-005979-christmas-pudding,sources/Hezareh_Dictionary_Index/source/Hezareh_Part_01_PDF_0001-0250.md#L31598-L31599,True
Christmas-box,christmas-box,christmas-box,[],hz-005972,entry_candidate,raw_ocr,high,1,235,,dictionary/C/C-06.md,hz-005972-christmas-box,sources/Hezareh_Dictionary_Index/source/Hezareh_Part_01_PDF_0001-0250.md#L31584-L31585,True
Christmas-tide,christmas-tide,christmas-tide,[],hz-005980,entry_candidate,raw_ocr,high,1,235,,dictionary/C/C-06.md,hz-005980-christmas-tide,sources/Hezareh_Dictionary_Index/source/Hezareh_Part_01_PDF_0001-0250.md#L31600-L31600,True
Christmas-time,christmas-time,christmas-time,[],hz-005981,entry_candidate,raw_ocr,high,1,235,,dictionary/C/C-06.md,hz-005981-christmas-time,sources/Hezareh_Dictionary_Index/source/Hezareh_Part_01_PDF_0001-0250.md#L31601-L31602,True
Christmas-tree,christmas-tree,christmas-tree,[],hz-005982,entry_candidate,raw_ocr,high,1,235,,dictionary/C/C-06.md,hz-005982-christmas-tree,sources/Hezareh_Dictionary_Index/source/Hezareh_Part_01_PDF_0001-0250.md#L31603-L31603,True
chromatiC,chromatic,chromatic,[],hz-005983,entry_candidate,raw_ocr,high,1,235,,dictionary/C/C-06.md,hz-005983-chromatic,sources/Hezareh_Dictionary_Index/source/Hezareh_Part_01_PDF_0001-0250.md#L31604-L31606,True
chromatics,chromatics,chromatics,[],hz-005984,entry_candidate,raw_ocr,high,1,235,,dictionary/C/C-06.md,hz-005984-chromatics,sources/Hezareh_Dictionary_Index/source/Hezareh_Part_01_PDF_0001-0250.md#L31607-L31609,True
chrome,chrome,chrome,[],hz-005985,entry_candidate,raw_ocr,high,1,235,,dictionary/C/C-06.md,hz-005985-chrome,sources/Hezareh_Dictionary_Index/source/Hezareh_Part_01_PDF_0001-0250.md#L31612-L31613,True
chrome steel,chrome steel,chrome steel,[],hz-005986,entry_candidate,raw_ocr,high,1,235,,dictionary/C/C-06.md,hz-005986-chrome-steel,sources/Hezareh_Dictionary_Index/source/Hezareh_Part_01_PDF_0001-0250.md#L31610-L31611,True
chrome yellow,chrome yellow,chrome yellow,[],hz-005987,entry_candidate,raw_ocr,high,1,235,,dictionary/C/C-06.md,hz-005987-chrome-yellow,sources/Hezareh_Dictionary_Index/source/Hezareh_Part_01_PDF_0001-0250.md#L31612-L31613,True
chromium,chromium,chromium,[],hz-005988,entry_candidate,raw_ocr,high,1,235,,dictionary/C/C-06.md,hz-005988-chromium,sources/Hezareh_Dictionary_Index/source/Hezareh_Part_01_PDF_0001-0250.md#L31614-L31614,True
chromium-plated,chromium-plated,chromium-plated,[],hz-005989,entry_candidate,raw_ocr,high,1,235,,dictionary/C/C-06.md,hz-005989-chromium-plated,sources/Hezareh_Dictionary_Index/source/Hezareh_Part_01_PDF_0001-0250.md#L31615-L31616,True
chromium-plating,chromium-plating,chromium-plating,[],hz-005990,entry_candidate,raw_ocr,high,1,235,,dictionary/C/C-06.md,hz-005990-chromium-plating,sources/Hezareh_Dictionary_Index/source/Hezareh_Part_01_PDF_0001-0250.md#L31617-L31618,True
chromosomal,chromosomal,chromosomal,[],hz-005991,entry_candidate,raw_ocr,high,1,235,,dictionary/C/C-06.md,hz-005991-chromosomal,sources/Hezareh_Dictionary_Index/source/Hezareh_Part_01_PDF_0001-0250.md#L31619-L31621,True
chromosome,chromosome,chromosome,[],hz-005992,entry_candidate,raw_ocr,high,1,236,,dictionary/C/C-06.md,hz-005992-chromosome,sources/Hezareh_Dictionary_Index/source/Hezareh_Part_01_PDF_0001-0250.md#L31635-L31636,True
chronic,chronic,chronic,[],hz-005993,entry_candidate,raw_ocr,low,1,236,,dictionary/C/C-06.md,hz-005993-chronic,sources/Hezareh_Dictionary_Index/source/Hezareh_Part_01_PDF_0001-0250.md#L31637-L31641,True
chronically,chronically,chronically,[],hz-005994,entry_candidate,raw_ocr,low,1,236,,dictionary/C/C-06.md,hz-005994-chronically,sources/Hezareh_Dictionary_Index/source/Hezareh_Part_01_PDF_0001-0250.md#L31642-L31645,True
chronicle,chronicle,chronicle,[],hz-005995,entry_candidate,raw_ocr,medium,1,236,,dictionary/C/C-06.md,hz-005995-chronicle,sources/Hezareh_Dictionary_Index/source/Hezareh_Part_01_PDF_0001-0250.md#L31646-L31652,True
chronicler,chronicler,chronicler,[],hz-005996,entry_candidate,raw_ocr,medium,1,236,,dictionary/C/C-06.md,hz-005996-chronicler,sources/Hezareh_Dictionary_Index/source/Hezareh_Part_01_PDF_0001-0250.md#L31653-L31655,True
chronological,chronological,chronological,[],hz-005997,entry_candidate,raw_ocr,medium,1,236,,dictionary/C/C-06.md,hz-005997-chronological,sources/Hezareh_Dictionary_Index/source/Hezareh_Part_01_PDF_0001-0250.md#L31656-L31657,True
chronologically,chronologically,chronologically,[],hz-005998,entry_candidate,raw_ocr,medium,1,236,,dictionary/C/C-06.md,hz-005998-chronologically,sources/Hezareh_Dictionary_Index/source/Hezareh_Part_01_PDF_0001-0250.md#L31658-L31660,True
chronology,chronology,chronology,[],hz-005999,entry_candidate,raw_ocr,medium,1,236,,dictionary/C/C-06.md,hz-005999-chronology,sources/Hezareh_Dictionary_Index/source/Hezareh_Part_01_PDF_0001-0250.md#L31661-L31663,True
chronometer,chronometer,chronometer,[],hz-006000,entry_candidate,raw_ocr,medium,1,236,,dictionary/C/C-06.md,hz-006000-chronometer,sources/Hezareh_Dictionary_Index/source/Hezareh_Part_01_PDF_0001-0250.md#L31664-L31665,True
chrysalis,chrysalis,chrysalis,[],hz-006001,entry_candidate,raw_ocr,high,1,236,,dictionary/C/C-06.md,hz-006001-chrysalis,sources/Hezareh_Dictionary_Index/source/Hezareh_Part_01_PDF_0001-0250.md#L31666-L31667,True
chrysanthemum,chrysanthemum,chrysanthemum,[],hz-006002,entry_candidate,raw_ocr,high,1,236,,dictionary/C/C-06.md,hz-006002-chrysanthemum,sources/Hezareh_Dictionary_Index/source/Hezareh_Part_01_PDF_0001-0250.md#L31668-L31670,True
chubbineSS,chubbiness,chubbiness,[],hz-006003,entry_candidate,raw_ocr,medium,1,236,,dictionary/C/C-06.md,hz-006003-chubbiness,sources/Hezareh_Dictionary_Index/source/Hezareh_Part_01_PDF_0001-0250.md#L31671-L31671,True
chubby,chubby,chubby,[],hz-006004,entry_candidate,raw_ocr,high,1,236,,dictionary/C/C-06.md,hz-006004-chubby,sources/Hezareh_Dictionary_Index/source/Hezareh_Part_01_PDF_0001-0250.md#L31672-L31722,True
chuck sb off,chuck sb off,chuck sb off,[],hz-006005,entry_candidate,raw_ocr,hint_only,1,236,,dictionary/C/C-06.md,hz-006005-chuck-sb-off,sources/Hezareh_Dictionary_Index/source/Hezareh_Part_01_PDF_0001-0250.md#L31625-L31625,False
chukker,chukker,chukker,[],hz-006008,entry_candidate,raw_ocr,hint_only,1,236,,dictionary/C/C-06.md,hz-006008-chukker,sources/Hezareh_Dictionary_Index/source/Hezareh_Part_01_PDF_0001-0250.md#L31625-L31625,False
chummily,chummily,chummily,[],hz-006009,entry_candidate,raw_ocr,high,1,236,,dictionary/C/C-06.md,hz-006009-chummily,sources/Hezareh_Dictionary_Index/source/Hezareh_Part_01_PDF_0001-0250.md#L31723-L31724,True
chummineSS,chumminess,chumminess,[],hz-006010,entry_candidate,raw_ocr,high,1,236,,dictionary/C/C-06.md,hz-006010-chumminess,sources/Hezareh_Dictionary_Index/source/Hezareh_Part_01_PDF_0001-0250.md#L31725-L31732,True
chump chop,chump chop,chump chop,[],hz-006011,entry_candidate,raw_ocr,high,1,236,,dictionary/C/C-06.md,hz-006011-chump-chop,sources/Hezareh_Dictionary_Index/source/Hezareh_Part_01_PDF_0001-0250.md#L31733-L31734,True
chump steak,chump steak,chump steak,[],hz-006012,entry_candidate,raw_ocr,high,1,236,,dictionary/C/C-06.md,hz-006012-chump-steak,sources/Hezareh_Dictionary_Index/source/Hezareh_Part_01_PDF_0001-0250.md#L31735-L31739,True
chunk,chunk,chunk,[],hz-006013,entry_candidate,raw_ocr,high,1,237,,dictionary/C/C-06.md,hz-006013-chunk,sources/Hezareh_Dictionary_Index/source/Hezareh_Part_01_PDF_0001-0250.md#L31752-L31755,True
chunky,chunky,chunky,[],hz-006014,entry_candidate,raw_ocr,high,1,237,,dictionary/C/C-06.md,hz-006014-chunky,sources/Hezareh_Dictionary_Index/source/Hezareh_Part_01_PDF_0001-0250.md#L31756-L31768,True
church,church,church,[],hz-006015,entry_candidate,raw_ocr,high,1,237,,dictionary/C/C-06.md,hz-006015-church,sources/Hezareh_Dictionary_Index/source/Hezareh_Part_01_PDF_0001-0250.md#L31774-L31777,True
Church of England,church of england,church of england,[],hz-006020,entry_candidate,raw_ocr,high,1,237,,dictionary/C/C-06.md,hz-006020-church-of-england,sources/Hezareh_Dictionary_Index/source/Hezareh_Part_01_PDF_0001-0250.md#L31774-L31777,True
churchgoer,churchgoer,churchgoer,[],hz-006018,entry_candidate,raw_ocr,medium,1,237,,dictionary/C/C-06.md,hz-006018-churchgoer,sources/Hezareh_Dictionary_Index/source/Hezareh_Part_01_PDF_0001-0250.md#L31769-L31770,True
churchman,churchman,churchman,[],hz-006019,entry_candidate,raw_ocr,high,1,237,,dictionary/C/C-06.md,hz-006019-churchman,sources/Hezareh_Dictionary_Index/source/Hezareh_Part_01_PDF_0001-0250.md#L31771-L31773,True
churchwarden,churchwarden,churchwarden,[],hz-006021,entry_candidate,raw_ocr,medium,1,237,,dictionary/C/C-06.md,hz-006021-churchwarden,sources/Hezareh_Dictionary_Index/source/Hezareh_Part_01_PDF_0001-0250.md#L31778-L31778,True
churchwoman,churchwoman,churchwoman,[],hz-006022,entry_candidate,raw_ocr,high,1,237,,dictionary/C/C-06.md,hz-006022-churchwoman,sources/Hezareh_Dictionary_Index/source/Hezareh_Part_01_PDF_0001-0250.md#L31779-L31781,True
churchyard,churchyard,churchyard,[],hz-006023,entry_candidate,raw_ocr,medium,1,237,,dictionary/C/C-06.md,hz-006023-churchyard,sources/Hezareh_Dictionary_Index/source/Hezareh_Part_01_PDF_0001-0250.md#L31782-L31783,True
churl,churl,churl,[],hz-006024,entry_candidate,raw_ocr,medium,1,237,,dictionary/C/C-06.md,hz-006024-churl,sources/Hezareh_Dictionary_Index/source/Hezareh_Part_01_PDF_0001-0250.md#L31784-L31785,True
churlish,churlish,churlish,[],hz-006025,entry_candidate,raw_ocr,medium,1,237,,dictionary/C/C-06.md,hz-006025-churlish,sources/Hezareh_Dictionary_Index/source/Hezareh_Part_01_PDF_0001-0250.md#L31786-L31787,True
churlishly,churlishly,churlishly,[],hz-006026,entry_candidate,raw_ocr,medium,1,237,,dictionary/C/C-06.md,hz-006026-churlishly,sources/Hezareh_Dictionary_Index/source/Hezareh_Part_01_PDF_0001-0250.md#L31788-L31810,True
chute,chute,chute,[],hz-006017,entry_candidate,raw_ocr,hint_only,1,237,,dictionary/C/C-06.md,hz-006017-chute,sources/Hezareh_Dictionary_Index/source/Hezareh_Part_01_PDF_0001-0250.md#L31743-L31743,False
chutney,chutney,chutney,[],hz-006016,entry_candidate,raw_ocr,low,1,237,,dictionary/C/C-06.md,hz-006016-chutney,sources/Hezareh_Dictionary_Index/source/Hezareh_Part_01_PDF_0001-0250.md#L31811-L31811,True
CIA,cia,cia,[],hz-006028,entry_candidate,raw_ocr,high,1,237,,dictionary/C/C-06.md,hz-006028-cia,sources/Hezareh_Dictionary_Index/source/Hezareh_Part_01_PDF_0001-0250.md#L31815-L31817,True
cicada,cicada,cicada,[],hz-006029,entry_candidate,raw_ocr,high,1,237,,dictionary/C/C-06.md,hz-006029-cicada,sources/Hezareh_Dictionary_Index/source/Hezareh_Part_01_PDF_0001-0250.md#L31818-L31819,True
cicatrice,cicatrice,cicatrice,[],hz-006030,entry_candidate,raw_ocr,high,1,237,,dictionary/C/C-06.md,hz-006030-cicatrice,sources/Hezareh_Dictionary_Index/source/Hezareh_Part_01_PDF_0001-0250.md#L31820-L31821,True
cicatrix,cicatrix,cicatrix,[],hz-006031,entry_candidate,raw_ocr,high,1,237,,dictionary/C/C-06.md,hz-006031-cicatrix,sources/Hezareh_Dictionary_Index/source/Hezareh_Part_01_PDF_0001-0250.md#L31822-L31823,True
cicerone,cicerone,cicerone,[],hz-006032,entry_candidate,raw_ocr,high,1,237,,dictionary/C/C-06.md,hz-006032-cicerone,sources/Hezareh_Dictionary_Index/source/Hezareh_Part_01_PDF_0001-0250.md#L31824-L31826,True
ciceroni,ciceroni,ciceroni,[],hz-006033,entry_candidate,raw_ocr,high,1,237,,dictionary/C/C-06.md,hz-006033-ciceroni,sources/Hezareh_Dictionary_Index/source/Hezareh_Part_01_PDF_0001-0250.md#L31827-L31828,True
CID,cid,cid,[],hz-006034,entry_candidate,raw_ocr,high,1,237,,dictionary/C/C-06.md,hz-006034-cid,sources/Hezareh_Dictionary_Index/source/Hezareh_Part_01_PDF_0001-0250.md#L31829-L31830,True
cider,cider,cider,[],hz-006035,entry_candidate,raw_ocr,high,1,237,,dictionary/C/C-06.md,hz-006035-cider,sources/Hezareh_Dictionary_Index/source/Hezareh_Part_01_PDF_0001-0250.md#L31831-L31836,True
cider-preSS,cider-press,cider-press,[],hz-006036,entry_candidate,raw_ocr,hint_only,1,237,,dictionary/C/C-06.md,hz-006036-cider-press,sources/Hezareh_Dictionary_Index/source/Hezareh_Part_01_PDF_0001-0250.md#L31743-L31743,False
ciecora'IOr,ciecora'ior,ciecora'ior,[],hz-009336,entry_candidate,raw_ocr,hint_only,2,383,,dictionary/C/C-06.md,hz-009336-ciecora-ior,sources/Hezareh_Dictionary_Index/source/Hezareh_Part_02_PDF_0251-0500.md#L15853-L15853,False
ciement,ciement,ciement,[],hz-006288,entry_candidate,raw_ocr,hint_only,1,248,,dictionary/C/C-06.md,hz-006288-ciement,sources/Hezareh_Dictionary_Index/source/Hezareh_Part_01_PDF_0001-0250.md#L33065-L33065,False
cigar,cigar,cigar,[],hz-006042,entry_candidate,raw_ocr,high,1,237,,dictionary/C/C-06.md,hz-006042-cigar,sources/Hezareh_Dictionary_Index/source/Hezareh_Part_01_PDF_0001-0250.md#L31837-L31837,True
cigarette,cigarette,cigarette,[],hz-006043,entry_candidate,raw_ocr,high,1,237,,dictionary/C/C-06.md,hz-006043-cigarette,sources/Hezareh_Dictionary_Index/source/Hezareh_Part_01_PDF_0001-0250.md#L31838-L31838,True
cigarette ash,cigarette ash,cigarette ash,[],hz-006044,entry_candidate,raw_ocr,high,1,237,,dictionary/C/C-06.md,hz-006044-cigarette-ash,sources/Hezareh_Dictionary_Index/source/Hezareh_Part_01_PDF_0001-0250.md#L31839-L31839,True
cigarette end,cigarette end,cigarette end,[],hz-006037,entry_candidate,raw_ocr,high,1,237,,dictionary/C/C-06.md,hz-006037-cigarette-end,sources/Hezareh_Dictionary_Index/source/Hezareh_Part_01_PDF_0001-0250.md#L31842-L31843,True
cigarette lighter,cigarette lighter,cigarette lighter,[],hz-006038,entry_candidate,raw_ocr,high,1,237,,dictionary/C/C-06.md,hz-006038-cigarette-lighter,sources/Hezareh_Dictionary_Index/source/Hezareh_Part_01_PDF_0001-0250.md#L31844-L31844,True
cigarette-case,cigarette-case,cigarette-case,[],hz-006045,entry_candidate,raw_ocr,high,1,237,,dictionary/C/C-06.md,hz-006045-cigarette-case,sources/Hezareh_Dictionary_Index/source/Hezareh_Part_01_PDF_0001-0250.md#L31840-L31841,True
cigarette-paper,cigarette-paper,cigarette-paper,[],hz-006039,entry_candidate,raw_ocr,high,1,237,,dictionary/C/C-06.md,hz-006039-cigarette-paper,sources/Hezareh_Dictionary_Index/source/Hezareh_Part_01_PDF_0001-0250.md#L31845-L31845,True
cinch,cinch,cinch,[],hz-006041,entry_candidate,raw_ocr,medium,1,237,,dictionary/C/C-06.md,hz-006041-cinch,sources/Hezareh_Dictionary_Index/source/Hezareh_Part_01_PDF_0001-0250.md#L31849-L31861,True
cinchona,cinchona,cinchona,[],hz-006046,entry_candidate,raw_ocr,hint_only,1,237,,dictionary/C/C-06.md,hz-006046-cinchona,sources/Hezareh_Dictionary_Index/source/Hezareh_Part_01_PDF_0001-0250.md#L31743-L31743,False
cincture,cincture,cincture,[],hz-006047,entry_candidate,raw_ocr,hint_only,1,237,,dictionary/C/C-06.md,hz-006047-cincture,sources/Hezareh_Dictionary_Index/source/Hezareh_Part_01_PDF_0001-0250.md#L31743-L31743,False
cinder,cinder,cinder,[],hz-006048,entry_candidate,raw_ocr,medium,1,237,,dictionary/C/C-06.md,hz-006048-cinder,sources/Hezareh_Dictionary_Index/source/Hezareh_Part_01_PDF_0001-0250.md#L31862-L31864,True
cinder block,cinder block,cinder block,[],hz-006049,entry_candidate,raw_ocr,high,1,238,,dictionary/C/C-06.md,hz-006049-cinder-block,sources/Hezareh_Dictionary_Index/source/Hezareh_Part_01_PDF_0001-0250.md#L31880-L31880,True
Cinderella,cinderella,cinderella,[],hz-006050,entry_candidate,raw_ocr,medium,1,238,,dictionary/C/C-06.md,hz-006050-cinderella,sources/Hezareh_Dictionary_Index/source/Hezareh_Part_01_PDF_0001-0250.md#L31881-L31882,True
cine-camera,cine-camera,cine-camera,[],hz-006051,entry_candidate,raw_ocr,medium,1,238,,dictionary/C/C-06.md,hz-006051-cine-camera,sources/Hezareh_Dictionary_Index/source/Hezareh_Part_01_PDF_0001-0250.md#L31883-L31884,True
cine-film,cine-film,cine-film,[],hz-006052,entry_candidate,raw_ocr,medium,1,238,,dictionary/C/C-06.md,hz-006052-cine-film,sources/Hezareh_Dictionary_Index/source/Hezareh_Part_01_PDF_0001-0250.md#L31885-L31885,True
cine-projector,cine-projector,cine-projector,[],hz-006056,entry_candidate,raw_ocr,medium,1,238,,dictionary/C/C-06.md,hz-006056-cine-projector,sources/Hezareh_Dictionary_Index/source/Hezareh_Part_01_PDF_0001-0250.md#L31895-L31897,True
cinema,cinema,cinema,[],hz-006053,entry_candidate,raw_ocr,medium,1,238,,dictionary/C/C-06.md,hz-006053-cinema,sources/Hezareh_Dictionary_Index/source/Hezareh_Part_01_PDF_0001-0250.md#L31886-L31887,True
cinematic,cinematic,cinematic,[],hz-006054,entry_candidate,raw_ocr,medium,1,238,,dictionary/C/C-06.md,hz-006054-cinematic,sources/Hezareh_Dictionary_Index/source/Hezareh_Part_01_PDF_0001-0250.md#L31888-L31890,True
cinematographic,cinematographic,cinematographic,[],hz-006055,entry_candidate,raw_ocr,high,1,238,,dictionary/C/C-06.md,hz-006055-cinematographic,sources/Hezareh_Dictionary_Index/source/Hezareh_Part_01_PDF_0001-0250.md#L31891-L31894,True
cinnamon,cinnamon,cinnamon,[],hz-006057,entry_candidate,raw_ocr,medium,1,238,,dictionary/C/C-06.md,hz-006057-cinnamon,sources/Hezareh_Dictionary_Index/source/Hezareh_Part_01_PDF_0001-0250.md#L31898-L31899,True
cinquefoil,cinquefoil,cinquefoil,[],hz-006058,entry_candidate,raw_ocr,medium,1,238,,dictionary/C/C-06.md,hz-006058-cinquefoil,sources/Hezareh_Dictionary_Index/source/Hezareh_Part_01_PDF_0001-0250.md#L31900-L31909,True
cipher,cipher,cipher,[],hz-006059,entry_candidate,raw_ocr,low,1,238,,dictionary/C/C-06.md,hz-006059-cipher,sources/Hezareh_Dictionary_Index/source/Hezareh_Part_01_PDF_0001-0250.md#L31910-L31912,True
circa,circa,circa,[],hz-006061,entry_candidate,raw_ocr,medium,1,238,,dictionary/C/C-06.md,hz-006061-circa,sources/Hezareh_Dictionary_Index/source/Hezareh_Part_01_PDF_0001-0250.md#L31913-L31914,True
circle,circle,circle,[],hz-006060,entry_candidate,raw_ocr,medium,1,238,,dictionary/C/C-06.md,hz-006060-circle,sources/Hezareh_Dictionary_Index/source/Hezareh_Part_01_PDF_0001-0250.md#L31915-L31964,True
circlet,circlet,circlet,[],hz-006062,entry_candidate,raw_ocr,hint_only,1,238,,dictionary/C/C-06.md,hz-006062-circlet,sources/Hezareh_Dictionary_Index/source/Hezareh_Part_01_PDF_0001-0250.md#L31868-L31868,False
circuit,circuit,circuit,[],hz-006063,entry_candidate,raw_ocr,high,1,238,,dictionary/C/C-06.md,hz-006063-circuit,sources/Hezareh_Dictionary_Index/source/Hezareh_Part_01_PDF_0001-0250.md#L31965-L31984,True
circuit board,circuit board,circuit board,[],hz-006064,entry_candidate,raw_ocr,high,1,238,,dictionary/C/C-06.md,hz-006064-circuit-board,sources/Hezareh_Dictionary_Index/source/Hezareh_Part_01_PDF_0001-0250.md#L31985-L31994,True
circuit training,circuit training,circuit training,[],hz-006068,entry_candidate,raw_ocr,high,1,238,,dictionary/C/C-06.md,hz-006068-circuit-training,sources/Hezareh_Dictionary_Index/source/Hezareh_Part_01_PDF_0001-0250.md#L32003-L32006,True
circuit-breaker,circuit-breaker,circuit-breaker,[],hz-006065,entry_candidate,raw_ocr,hint_only,1,238,,dictionary/C/C-06.md,hz-006065-circuit-breaker,sources/Hezareh_Dictionary_Index/source/Hezareh_Part_01_PDF_0001-0250.md#L31868-L31868,False
circuitously,circuitously,circuitously,[],hz-006066,entry_candidate,raw_ocr,high,1,238,,dictionary/C/C-06.md,hz-006066-circuitously,sources/Hezareh_Dictionary_Index/source/Hezareh_Part_01_PDF_0001-0250.md#L31995-L31998,True
circuitry,circuitry,circuitry,[],hz-006067,entry_candidate,raw_ocr,high,1,238,,dictionary/C/C-06.md,hz-006067-circuitry,sources/Hezareh_Dictionary_Index/source/Hezareh_Part_01_PDF_0001-0250.md#L31999-L32002,True
circular,circular,circular,[],hz-006069,entry_candidate,raw_ocr,high,1,238,,dictionary/C/C-06.md,hz-006069-circular,sources/Hezareh_Dictionary_Index/source/Hezareh_Part_01_PDF_0001-0250.md#L32007-L32014,True
circular saw,circular saw,circular saw,[],hz-006074,entry_candidate,raw_ocr,medium,1,239,,dictionary/C/C-06.md,hz-006074-circular-saw,sources/Hezareh_Dictionary_Index/source/Hezareh_Part_01_PDF_0001-0250.md#L32042-L32042,True
circular-letter,circular-letter,circular-letter,[],hz-006073,entry_candidate,raw_ocr,medium,1,239,,dictionary/C/C-06.md,hz-006073-circular-letter,sources/Hezareh_Dictionary_Index/source/Hezareh_Part_01_PDF_0001-0250.md#L32041-L32041,True
circularise,circularise,circularise,[],hz-006070,entry_candidate,raw_ocr,high,1,238,,dictionary/C/C-06.md,hz-006070-circularise,sources/Hezareh_Dictionary_Index/source/Hezareh_Part_01_PDF_0001-0250.md#L32015-L32016,True
circularity,circularity,circularity,[],hz-006071,entry_candidate,raw_ocr,high,1,238,,dictionary/C/C-06.md,hz-006071-circularity,sources/Hezareh_Dictionary_Index/source/Hezareh_Part_01_PDF_0001-0250.md#L32017-L32025,True
circularize,circularize,circularize,[],hz-006072,entry_candidate,raw_ocr,high,1,239,,dictionary/C/C-06.md,hz-006072-circularize,sources/Hezareh_Dictionary_Index/source/Hezareh_Part_01_PDF_0001-0250.md#L32038-L32040,True
circulate,circulate,circulate,[],hz-006075,entry_candidate,raw_ocr,medium,1,239,,dictionary/C/C-06.md,hz-006075-circulate,sources/Hezareh_Dictionary_Index/source/Hezareh_Part_01_PDF_0001-0250.md#L32043-L32050,True
circulating,circulating,circulating,[],hz-006076,entry_candidate,raw_ocr,high,1,239,,dictionary/C/C-06.md,hz-006076-circulating,sources/Hezareh_Dictionary_Index/source/Hezareh_Part_01_PDF_0001-0250.md#L32051-L32052,True
circulating decimal,circulating decimal,circulating decimal,[],hz-006077,entry_candidate,raw_ocr,high,1,239,,dictionary/C/C-06.md,hz-006077-circulating-decimal,sources/Hezareh_Dictionary_Index/source/Hezareh_Part_01_PDF_0001-0250.md#L32051-L32052,True
circulating library,circulating library,circulating library,[],hz-006078,entry_candidate,raw_ocr,high,1,239,,dictionary/C/C-06.md,hz-006078-circulating-library,sources/Hezareh_Dictionary_Index/source/Hezareh_Part_01_PDF_0001-0250.md#L32053-L32055,True
circulating medium,circulating medium,circulating medium,[],hz-006079,entry_candidate,raw_ocr,high,1,239,,dictionary/C/C-06.md,hz-006079-circulating-medium,sources/Hezareh_Dictionary_Index/source/Hezareh_Part_01_PDF_0001-0250.md#L32056-L32058,True
circulation,circulation,circulation,[],hz-006080,entry_candidate,raw_ocr,medium,1,239,,dictionary/C/C-06.md,hz-006080-circulation,sources/Hezareh_Dictionary_Index/source/Hezareh_Part_01_PDF_0001-0250.md#L32059-L32064,True
Circulatory,circulatory,circulatory,[],hz-006082,entry_candidate,raw_ocr,medium,1,239,,dictionary/C/C-06.md,hz-006082-circulatory,sources/Hezareh_Dictionary_Index/source/Hezareh_Part_01_PDF_0001-0250.md#L32071-L32073,True
circum-,circum-,circum-,[],hz-038790,entry_candidate,raw_ocr,medium,8,1961,,dictionary/C/C-06.md,hz-038790-circum,sources/Hezareh_Dictionary_Index/source/Hezareh_Part_08_PDF_1751-1976.md#L24795-L24797,True
CirCUmCiSe,circumcise,circumcise,[],hz-006083,entry_candidate,raw_ocr,medium,1,239,,dictionary/C/C-06.md,hz-006083-circumcise,sources/Hezareh_Dictionary_Index/source/Hezareh_Part_01_PDF_0001-0250.md#L32074-L32074,True
circumcision,circumcision,circumcision,[],hz-006084,entry_candidate,raw_ocr,medium,1,239,,dictionary/C/C-06.md,hz-006084-circumcision,sources/Hezareh_Dictionary_Index/source/Hezareh_Part_01_PDF_0001-0250.md#L32075-L32078,True
circumferencel,circumferencel,circumferencel,[],hz-006085,entry_candidate,raw_ocr,hint_only,1,239,,dictionary/C/C-06.md,hz-006085-circumferencel,sources/Hezareh_Dictionary_Index/source/Hezareh_Part_01_PDF_0001-0250.md#L32029-L32029,False
circumfleX,circumflex,circumflex,[],hz-006086,entry_candidate,raw_ocr,medium,1,239,,dictionary/C/C-06.md,hz-006086-circumflex,sources/Hezareh_Dictionary_Index/source/Hezareh_Part_01_PDF_0001-0250.md#L32079-L32082,True
circumlocutory,circumlocutory,circumlocutory,[],hz-006088,entry_candidate,raw_ocr,high,1,239,,dictionary/C/C-06.md,hz-006088-circumlocutory,sources/Hezareh_Dictionary_Index/source/Hezareh_Part_01_PDF_0001-0250.md#L32083-L32089,True
circumnavigate,circumnavigate,circumnavigate,[],hz-006089,entry_candidate,raw_ocr,medium,1,239,,dictionary/C/C-06.md,hz-006089-circumnavigate,sources/Hezareh_Dictionary_Index/source/Hezareh_Part_01_PDF_0001-0250.md#L32090-L32102,True
circumnavigation,circumnavigation,circumnavigation,[],hz-006090,entry_candidate,raw_ocr,hint_only,1,239,,dictionary/C/C-06.md,hz-006090-circumnavigation,sources/Hezareh_Dictionary_Index/source/Hezareh_Part_01_PDF_0001-0250.md#L32029-L32029,False
circumscribe,circumscribe,circumscribe,[],hz-006091,entry_candidate,raw_ocr,hint_only,1,239,,dictionary/C/C-06.md,hz-006091-circumscribe,sources/Hezareh_Dictionary_Index/source/Hezareh_Part_01_PDF_0001-0250.md#L32029-L32029,False
circumscription,circumscription,circumscription,[],hz-006092,entry_candidate,raw_ocr,hint_only,1,239,,dictionary/C/C-06.md,hz-006092-circumscription,sources/Hezareh_Dictionary_Index/source/Hezareh_Part_01_PDF_0001-0250.md#L32029-L32029,False
circumspect,circumspect,circumspect,[],hz-006093,entry_candidate,raw_ocr,low,1,239,,dictionary/C/C-06.md,hz-006093-circumspect,sources/Hezareh_Dictionary_Index/source/Hezareh_Part_01_PDF_0001-0250.md#L32103-L32110,True
circumspection,circumspection,circumspection,[],hz-006094,entry_candidate,raw_ocr,hint_only,1,239,,dictionary/C/C-06.md,hz-006094-circumspection,sources/Hezareh_Dictionary_Index/source/Hezareh_Part_01_PDF_0001-0250.md#L32029-L32029,False
circumspectly,circumspectly,circumspectly,[],hz-006095,entry_candidate,raw_ocr,hint_only,1,239,,dictionary/C/C-06.md,hz-006095-circumspectly,sources/Hezareh_Dictionary_Index/source/Hezareh_Part_01_PDF_0001-0250.md#L32029-L32029,False
circumstance,circumstance,circumstance,[],hz-006096,entry_candidate,raw_ocr,high,1,239,,dictionary/C/C-06.md,hz-006096-circumstance,sources/Hezareh_Dictionary_Index/source/Hezareh_Part_01_PDF_0001-0250.md#L32111-L32127,True
circumstantial,circumstantial,circumstantial,[],hz-006097,entry_candidate,raw_ocr,medium,1,239,,dictionary/C/C-06.md,hz-006097-circumstantial,sources/Hezareh_Dictionary_Index/source/Hezareh_Part_01_PDF_0001-0250.md#L32128-L32133,True
circumstantially,circumstantially,circumstantially,[],hz-006098,entry_candidate,raw_ocr,medium,1,239,,dictionary/C/C-06.md,hz-006098-circumstantially,sources/Hezareh_Dictionary_Index/source/Hezareh_Part_01_PDF_0001-0250.md#L32134-L32139,True
circumvent,circumvent,circumvent,[],hz-006099,entry_candidate,raw_ocr,medium,1,240,,dictionary/C/C-06.md,hz-006099-circumvent,sources/Hezareh_Dictionary_Index/source/Hezareh_Part_01_PDF_0001-0250.md#L32153-L32160,True
circumvention,circumvention,circumvention,[],hz-006100,entry_candidate,raw_ocr,medium,1,240,,dictionary/C/C-06.md,hz-006100-circumvention,sources/Hezareh_Dictionary_Index/source/Hezareh_Part_01_PDF_0001-0250.md#L32161-L32164,True
cirCUS,circus,circus,[],hz-006101,entry_candidate,raw_ocr,medium,1,240,,dictionary/C/C-06.md,hz-006101-circus,sources/Hezareh_Dictionary_Index/source/Hezareh_Part_01_PDF_0001-0250.md#L32165-L32167,True
cirrhosis,cirrhosis,cirrhosis,[],hz-006102,entry_candidate,raw_ocr,medium,1,240,,dictionary/C/C-06.md,hz-006102-cirrhosis,sources/Hezareh_Dictionary_Index/source/Hezareh_Part_01_PDF_0001-0250.md#L32168-L32168,True
cirri,cirri,cirri,[],hz-006103,entry_candidate,raw_ocr,high,1,240,,dictionary/C/C-06.md,hz-006103-cirri,sources/Hezareh_Dictionary_Index/source/Hezareh_Part_01_PDF_0001-0250.md#L32169-L32169,True
cirrus,cirrus,cirrus,[],hz-006104,entry_candidate,raw_ocr,medium,1,240,,dictionary/C/C-06.md,hz-006104-cirrus,sources/Hezareh_Dictionary_Index/source/Hezareh_Part_01_PDF_0001-0250.md#L32170-L32172,True
cissy,cissy,cissy,[],hz-006105,entry_candidate,raw_ocr,high,1,240,,dictionary/C/C-06.md,hz-006105-cissy,sources/Hezareh_Dictionary_Index/source/Hezareh_Part_01_PDF_0001-0250.md#L32173-L32173,True
cistern,cistern,cistern,[],hz-006106,entry_candidate,raw_ocr,medium,1,240,,dictionary/C/C-06.md,hz-006106-cistern,sources/Hezareh_Dictionary_Index/source/Hezareh_Part_01_PDF_0001-0250.md#L32174-L32174,True
citadel,citadel,citadel,[],hz-006107,entry_candidate,raw_ocr,medium,1,240,,dictionary/C/C-06.md,hz-006107-citadel,sources/Hezareh_Dictionary_Index/source/Hezareh_Part_01_PDF_0001-0250.md#L32175-L32176,True
Citation,citation,citation,[],hz-006108,entry_candidate,raw_ocr,medium,1,240,,dictionary/C/C-06.md,hz-006108-citation,sources/Hezareh_Dictionary_Index/source/Hezareh_Part_01_PDF_0001-0250.md#L32177-L32191,True
citizen's arrest,citizen's arrest,citizen's arrest,[],hz-006111,entry_candidate,raw_ocr,high,1,240,,dictionary/C/C-06.md,hz-006111-citizen-s-arrest,sources/Hezareh_Dictionary_Index/source/Hezareh_Part_01_PDF_0001-0250.md#L32208-L32209,True
citizenry,citizenry,citizenry,[],hz-006110,entry_candidate,raw_ocr,high,1,240,,dictionary/C/C-06.md,hz-006110-citizenry,sources/Hezareh_Dictionary_Index/source/Hezareh_Part_01_PDF_0001-0250.md#L32206-L32207,True
citizens' band,citizens' band,citizens' band,[],hz-006112,entry_candidate,raw_ocr,high,1,240,,dictionary/C/C-06.md,hz-006112-citizens-band,sources/Hezareh_Dictionary_Index/source/Hezareh_Part_01_PDF_0001-0250.md#L32210-L32211,True
citizenship,citizenship,citizenship,[],hz-006113,entry_candidate,raw_ocr,high,1,240,,dictionary/C/C-06.md,hz-006113-citizenship,sources/Hezareh_Dictionary_Index/source/Hezareh_Part_01_PDF_0001-0250.md#L32212-L32214,True
citric,citric,citric,[],hz-006114,entry_candidate,raw_ocr,high,1,240,,dictionary/C/C-06.md,hz-006114-citric,sources/Hezareh_Dictionary_Index/source/Hezareh_Part_01_PDF_0001-0250.md#L32215-L32215,True
citric acid,citric acid,citric acid,[],hz-006116,entry_candidate,raw_ocr,high,1,240,,dictionary/C/C-06.md,hz-006116-citric-acid,sources/Hezareh_Dictionary_Index/source/Hezareh_Part_01_PDF_0001-0250.md#L32216-L32217,True
citron,citron,citron,[],hz-006115,entry_candidate,raw_ocr,high,1,240,,dictionary/C/C-06.md,hz-006115-citron,sources/Hezareh_Dictionary_Index/source/Hezareh_Part_01_PDF_0001-0250.md#L32218-L32218,True
citrus,citrus,citrus,[],hz-006117,entry_candidate,raw_ocr,high,1,240,,dictionary/C/C-06.md,hz-006117-citrus,sources/Hezareh_Dictionary_Index/source/Hezareh_Part_01_PDF_0001-0250.md#L32219-L32223,True
city desk,city desk,city desk,[],hz-006119,entry_candidate,raw_ocr,high,1,240,,dictionary/C/C-06.md,hz-006119-city-desk,sources/Hezareh_Dictionary_Index/source/Hezareh_Part_01_PDF_0001-0250.md#L32231-L32233,True
city editor,city editor,city editor,[],hz-006120,entry_candidate,raw_ocr,high,1,240,,dictionary/C/C-06.md,hz-006120-city-editor,sources/Hezareh_Dictionary_Index/source/Hezareh_Part_01_PDF_0001-0250.md#L32234-L32238,True
civic,civic,civic,[],hz-006121,entry_candidate,raw_ocr,high,1,240,,dictionary/C/C-06.md,hz-006121-civic,sources/Hezareh_Dictionary_Index/source/Hezareh_Part_01_PDF_0001-0250.md#L32239-L32241,True
civic centre,civic centre,civic centre,[],hz-006122,entry_candidate,raw_ocr,high,1,240,,dictionary/C/C-06.md,hz-006122-civic-centre,sources/Hezareh_Dictionary_Index/source/Hezareh_Part_01_PDF_0001-0250.md#L32242-L32243,True
civics,civics,civics,[],hz-006123,entry_candidate,raw_ocr,high,1,240,,dictionary/C/C-06.md,hz-006123-civics,sources/Hezareh_Dictionary_Index/source/Hezareh_Part_01_PDF_0001-0250.md#L32244-L32244,True
civies,civies,civies,[],hz-006124,entry_candidate,raw_ocr,high,1,240,,dictionary/C/C-06.md,hz-006124-civies,sources/Hezareh_Dictionary_Index/source/Hezareh_Part_01_PDF_0001-0250.md#L32245-L32246,True
civil,civil,civil,[],hz-006125,entry_candidate,raw_ocr,high,1,240,,dictionary/C/C-06.md,hz-006125-civil,sources/Hezareh_Dictionary_Index/source/Hezareh_Part_01_PDF_0001-0250.md#L32247-L32254,True
civil commotion,civil commotion,civil commotion,[],hz-006126,entry_candidate,raw_ocr,high,1,241,,dictionary/C/C-06.md,hz-006126-civil-commotion,sources/Hezareh_Dictionary_Index/source/Hezareh_Part_01_PDF_0001-0250.md#L32272-L32273,True
civil defence,civil defence,civil defence,[],hz-006127,entry_candidate,raw_ocr,high,1,241,,dictionary/C/C-06.md,hz-006127-civil-defence,sources/Hezareh_Dictionary_Index/source/Hezareh_Part_01_PDF_0001-0250.md#L32274-L32276,True
civil disobedience,civil disobedience,civil disobedience,[],hz-006128,entry_candidate,raw_ocr,high,1,241,,dictionary/C/C-06.md,hz-006128-civil-disobedience,sources/Hezareh_Dictionary_Index/source/Hezareh_Part_01_PDF_0001-0250.md#L32277-L32278,True
civil engineer,civil engineer,civil engineer,[],hz-006129,entry_candidate,raw_ocr,high,1,241,,dictionary/C/C-06.md,hz-006129-civil-engineer,sources/Hezareh_Dictionary_Index/source/Hezareh_Part_01_PDF_0001-0250.md#L32279-L32280,True
civil engineering,civil engineering,civil engineering,[],hz-006130,entry_candidate,raw_ocr,high,1,241,,dictionary/C/C-06.md,hz-006130-civil-engineering,sources/Hezareh_Dictionary_Index/source/Hezareh_Part_01_PDF_0001-0250.md#L32281-L32282,True
civil law,civil law,civil law,[],hz-006139,entry_candidate,raw_ocr,high,1,241,,dictionary/C/C-06.md,hz-006139-civil-law,sources/Hezareh_Dictionary_Index/source/Hezareh_Part_01_PDF_0001-0250.md#L32296-L32296,True
civil liberty,civil liberty,civil liberty,[],hz-006140,entry_candidate,raw_ocr,high,1,241,,dictionary/C/C-06.md,hz-006140-civil-liberty,sources/Hezareh_Dictionary_Index/source/Hezareh_Part_01_PDF_0001-0250.md#L32297-L32298,True
civil list,civil list,civil list,[],hz-006141,entry_candidate,raw_ocr,high,1,241,,dictionary/C/C-06.md,hz-006141-civil-list,sources/Hezareh_Dictionary_Index/source/Hezareh_Part_01_PDF_0001-0250.md#L32299-L32300,True
civil marriage,civil marriage,civil marriage,[],hz-006143,entry_candidate,raw_ocr,high,1,241,,dictionary/C/C-06.md,hz-006143-civil-marriage,sources/Hezareh_Dictionary_Index/source/Hezareh_Part_01_PDF_0001-0250.md#L32302-L32303,True
civil rights,civil rights,civil rights,[],hz-006144,entry_candidate,raw_ocr,high,1,241,,dictionary/C/C-06.md,hz-006144-civil-rights,sources/Hezareh_Dictionary_Index/source/Hezareh_Part_01_PDF_0001-0250.md#L32304-L32309,True
civil servant,civil servant,civil servant,[],hz-006145,entry_candidate,raw_ocr,hint_only,1,241,,dictionary/C/C-06.md,hz-006145-civil-servant,sources/Hezareh_Dictionary_Index/source/Hezareh_Part_01_PDF_0001-0250.md#L32258-L32258,False
civil war,civil war,civil war,[],hz-006146,entry_candidate,raw_ocr,high,1,241,,dictionary/C/C-06.md,hz-006146-civil-war,sources/Hezareh_Dictionary_Index/source/Hezareh_Part_01_PDF_0001-0250.md#L32310-L32310,True
civil year,civil year,civil year,[],hz-006147,entry_candidate,raw_ocr,high,1,241,,dictionary/C/C-06.md,hz-006147-civil-year,sources/Hezareh_Dictionary_Index/source/Hezareh_Part_01_PDF_0001-0250.md#L32311-L32311,True
civilian,civilian,civilian,[],hz-006131,entry_candidate,raw_ocr,high,1,241,,dictionary/C/C-06.md,hz-006131-civilian,sources/Hezareh_Dictionary_Index/source/Hezareh_Part_01_PDF_0001-0250.md#L32283-L32283,True
Civilisation,civilisation,civilisation,[],hz-006132,entry_candidate,raw_ocr,high,1,241,,dictionary/C/C-06.md,hz-006132-civilisation,sources/Hezareh_Dictionary_Index/source/Hezareh_Part_01_PDF_0001-0250.md#L32284-L32285,True
civilise,civilise,civilise,[],hz-006133,entry_candidate,raw_ocr,high,1,241,,dictionary/C/C-06.md,hz-006133-civilise,sources/Hezareh_Dictionary_Index/source/Hezareh_Part_01_PDF_0001-0250.md#L32286-L32286,True
civilised,civilised,civilised,[],hz-006134,entry_candidate,raw_ocr,high,1,241,,dictionary/C/C-06.md,hz-006134-civilised,sources/Hezareh_Dictionary_Index/source/Hezareh_Part_01_PDF_0001-0250.md#L32287-L32287,True
civility,civility,civility,[],hz-006135,entry_candidate,raw_ocr,high,1,241,,dictionary/C/C-06.md,hz-006135-civility,sources/Hezareh_Dictionary_Index/source/Hezareh_Part_01_PDF_0001-0250.md#L32288-L32288,True
civilization,civilization,civilization,[],hz-006136,entry_candidate,raw_ocr,high,1,241,,dictionary/C/C-06.md,hz-006136-civilization,sources/Hezareh_Dictionary_Index/source/Hezareh_Part_01_PDF_0001-0250.md#L32289-L32291,True
civilize,civilize,civilize,[],hz-006137,entry_candidate,raw_ocr,high,1,241,,dictionary/C/C-06.md,hz-006137-civilize,sources/Hezareh_Dictionary_Index/source/Hezareh_Part_01_PDF_0001-0250.md#L32292-L32293,True
civilized,civilized,civilized,[],hz-006138,entry_candidate,raw_ocr,high,1,241,,dictionary/C/C-06.md,hz-006138-civilized,sources/Hezareh_Dictionary_Index/source/Hezareh_Part_01_PDF_0001-0250.md#L32294-L32295,True
civilly,civilly,civilly,[],hz-006142,entry_candidate,raw_ocr,high,1,241,,dictionary/C/C-06.md,hz-006142-civilly,sources/Hezareh_Dictionary_Index/source/Hezareh_Part_01_PDF_0001-0250.md#L32301-L32301,True
civvies,civvies,civvies,[],hz-006148,entry_candidate,raw_ocr,high,1,241,,dictionary/C/C-06.md,hz-006148-civvies,sources/Hezareh_Dictionary_Index/source/Hezareh_Part_01_PDF_0001-0250.md#L32312-L32318,True
ck absorber,ck absorber,ck absorber,[],hz-030995,entry_candidate,raw_ocr,hint_only,7,1543,,dictionary/C/C-06.md,hz-030995-ck-absorber,sources/Hezareh_Dictionary_Index/source/Hezareh_Part_07_PDF_1501-1750.md#L5026-L5026,False
Cl,cl,cl,[],hz-006027,entry_candidate,raw_ocr,high,1,237,,dictionary/C/C-06.md,hz-006027-cl,sources/Hezareh_Dictionary_Index/source/Hezareh_Part_01_PDF_0001-0250.md#L31812-L31814,True
cl,cl,cl,[],hz-006149,entry_candidate,raw_ocr,high,1,241,,dictionary/C/C-06.md,hz-006149-cl,sources/Hezareh_Dictionary_Index/source/Hezareh_Part_01_PDF_0001-0250.md#L32319-L32322,True
Cl'OSS-grained,cl'oss-grained,cl'oss-grained,[],hz-008451,entry_candidate,raw_ocr,hint_only,2,345,,dictionary/C/C-06.md,hz-008451-cl-oss-grained,sources/Hezareh_Dictionary_Index/source/Hezareh_Part_02_PDF_0251-0500.md#L11482-L11482,False
cl-',cl-',cl-',[],hz-024142,entry_candidate,raw_ocr,hint_only,5,1119,,dictionary/C/C-06.md,hz-024142-cl,sources/Hezareh_Dictionary_Index/source/Hezareh_Part_05_PDF_1001-1250.md#L13872-L13872,False
clack,clack,clack,[],hz-006150,entry_candidate,raw_ocr,low,1,241,,dictionary/C/C-06.md,hz-006150-clack,sources/Hezareh_Dictionary_Index/source/Hezareh_Part_01_PDF_0001-0250.md#L32323-L32325,True
clad,clad,clad,[],hz-006151,entry_candidate,raw_ocr,medium,1,241,,dictionary/C/C-06.md,hz-006151-clad,sources/Hezareh_Dictionary_Index/source/Hezareh_Part_01_PDF_0001-0250.md#L32326-L32327,True
cladding,cladding,cladding,[],hz-006152,entry_candidate,raw_ocr,medium,1,241,,dictionary/C/C-06.md,hz-006152-cladding,sources/Hezareh_Dictionary_Index/source/Hezareh_Part_01_PDF_0001-0250.md#L32328-L32342,True
claim,claim,claim,[],hz-006153,entry_candidate,raw_ocr,medium,1,241,,dictionary/C/C-06.md,hz-006153-claim,sources/Hezareh_Dictionary_Index/source/Hezareh_Part_01_PDF_0001-0250.md#L32343-L32353,True
claimant,claimant,claimant,[],hz-006154,entry_candidate,raw_ocr,hint_only,1,241,,dictionary/C/C-06.md,hz-006154-claimant,sources/Hezareh_Dictionary_Index/source/Hezareh_Part_01_PDF_0001-0250.md#L32258-L32258,False
clairvoyance,clairvoyance,clairvoyance,[],hz-006155,entry_candidate,raw_ocr,high,1,241,,dictionary/C/C-06.md,hz-006155-clairvoyance,sources/Hezareh_Dictionary_Index/source/Hezareh_Part_01_PDF_0001-0250.md#L32354-L32355,True
clairvoyant,clairvoyant,clairvoyant,[],hz-006156,entry_candidate,raw_ocr,medium,1,241,,dictionary/C/C-06.md,hz-006156-clairvoyant,sources/Hezareh_Dictionary_Index/source/Hezareh_Part_01_PDF_0001-0250.md#L32356-L32357,True
clam,clam,clam,[],hz-006157,entry_candidate,raw_ocr,high,1,241,,dictionary/C/C-06.md,hz-006157-clam,sources/Hezareh_Dictionary_Index/source/Hezareh_Part_01_PDF_0001-0250.md#L32358-L32363,True
clambake,clambake,clambake,[],hz-006158,entry_candidate,raw_ocr,medium,1,241,,dictionary/C/C-06.md,hz-006158-clambake,sources/Hezareh_Dictionary_Index/source/Hezareh_Part_01_PDF_0001-0250.md#L32364-L32366,True
clamber,clamber,clamber,[],hz-006159,entry_candidate,raw_ocr,high,1,242,,dictionary/C/C-06.md,hz-006159-clamber,sources/Hezareh_Dictionary_Index/source/Hezareh_Part_01_PDF_0001-0250.md#L32382-L32383,True
clammily,clammily,clammily,[],hz-006160,entry_candidate,raw_ocr,medium,1,242,,dictionary/C/C-06.md,hz-006160-clammily,sources/Hezareh_Dictionary_Index/source/Hezareh_Part_01_PDF_0001-0250.md#L32384-L32385,True
clamminesS,clamminess,clamminess,[],hz-006161,entry_candidate,raw_ocr,medium,1,242,,dictionary/C/C-06.md,hz-006161-clamminess,sources/Hezareh_Dictionary_Index/source/Hezareh_Part_01_PDF_0001-0250.md#L32386-L32387,True
clammy,clammy,clammy,[],hz-006162,entry_candidate,raw_ocr,high,1,242,,dictionary/C/C-06.md,hz-006162-clammy,sources/Hezareh_Dictionary_Index/source/Hezareh_Part_01_PDF_0001-0250.md#L32388-L32390,True
clamor,clamor,clamor,[],hz-006163,entry_candidate,raw_ocr,high,1,242,,dictionary/C/C-06.md,hz-006163-clamor,sources/Hezareh_Dictionary_Index/source/Hezareh_Part_01_PDF_0001-0250.md#L32391-L32391,True
clamorous,clamorous,clamorous,[],hz-006164,entry_candidate,raw_ocr,medium,1,242,,dictionary/C/C-06.md,hz-006164-clamorous,sources/Hezareh_Dictionary_Index/source/Hezareh_Part_01_PDF_0001-0250.md#L32392-L32400,True
clamour,clamour,clamour,[],hz-006165,entry_candidate,raw_ocr,low,1,242,,dictionary/C/C-06.md,hz-006165-clamour,sources/Hezareh_Dictionary_Index/source/Hezareh_Part_01_PDF_0001-0250.md#L32391-L32391,True
clamp,clamp,clamp,[],hz-006166,entry_candidate,raw_ocr,medium,1,242,,dictionary/C/C-06.md,hz-006166-clamp,sources/Hezareh_Dictionary_Index/source/Hezareh_Part_01_PDF_0001-0250.md#L32401-L32405,True
clamp-down,clamp-down,clamp-down,[],hz-006167,entry_candidate,raw_ocr,medium,1,242,,dictionary/C/C-06.md,hz-006167-clamp-down,sources/Hezareh_Dictionary_Index/source/Hezareh_Part_01_PDF_0001-0250.md#L32406-L32407,True
clan,clan,clan,[],hz-006168,entry_candidate,raw_ocr,medium,1,242,,dictionary/C/C-06.md,hz-006168-clan,sources/Hezareh_Dictionary_Index/source/Hezareh_Part_01_PDF_0001-0250.md#L32408-L32409,True
clandestine,clandestine,clandestine,[],hz-006169,entry_candidate,raw_ocr,high,1,242,,dictionary/C/C-06.md,hz-006169-clandestine,sources/Hezareh_Dictionary_Index/source/Hezareh_Part_01_PDF_0001-0250.md#L32410-L32412,True
clang,clang,clang,[],hz-006170,entry_candidate,raw_ocr,medium,1,242,,dictionary/C/C-06.md,hz-006170-clang,sources/Hezareh_Dictionary_Index/source/Hezareh_Part_01_PDF_0001-0250.md#L32413-L32417,True
clanger,clanger,clanger,[],hz-006171,entry_candidate,raw_ocr,medium,1,242,,dictionary/C/C-06.md,hz-006171-clanger,sources/Hezareh_Dictionary_Index/source/Hezareh_Part_01_PDF_0001-0250.md#L32418-L32420,True
clangor,clangor,clangor,[],hz-006172,entry_candidate,raw_ocr,high,1,242,,dictionary/C/C-06.md,hz-006172-clangor,sources/Hezareh_Dictionary_Index/source/Hezareh_Part_01_PDF_0001-0250.md#L32421-L32421,True
clangorous,clangorous,clangorous,[],hz-006173,entry_candidate,raw_ocr,high,1,242,,dictionary/C/C-06.md,hz-006173-clangorous,sources/Hezareh_Dictionary_Index/source/Hezareh_Part_01_PDF_0001-0250.md#L32422-L32431,True
clangour,clangour,clangour,[],hz-006174,entry_candidate,raw_ocr,high,1,242,,dictionary/C/C-06.md,hz-006174-clangour,sources/Hezareh_Dictionary_Index/source/Hezareh_Part_01_PDF_0001-0250.md#L32432-L32448,True
clanktklreuk,clanktklreuk,clanktklreuk,[],hz-006175,entry_candidate,raw_ocr,hint_only,1,242,,dictionary/C/C-06.md,hz-006175-clanktklreuk,sources/Hezareh_Dictionary_Index/source/Hezareh_Part_01_PDF_0001-0250.md#L32370-L32370,False
clannish,clannish,clannish,[],hz-006176,entry_candidate,raw_ocr,hint_only,1,242,,dictionary/C/C-06.md,hz-006176-clannish,sources/Hezareh_Dictionary_Index/source/Hezareh_Part_01_PDF_0001-0250.md#L32370-L32370,False
clannishly,clannishly,clannishly,[],hz-006177,entry_candidate,raw_ocr,hint_only,1,242,,dictionary/C/C-06.md,hz-006177-clannishly,sources/Hezareh_Dictionary_Index/source/Hezareh_Part_01_PDF_0001-0250.md#L32370-L32370,False
clansman,clansman,clansman,[],hz-006178,entry_candidate,raw_ocr,high,1,242,,dictionary/C/C-06.md,hz-006178-clansman,sources/Hezareh_Dictionary_Index/source/Hezareh_Part_01_PDF_0001-0250.md#L32449-L32450,True
clanswoman,clanswoman,clanswoman,[],hz-006179,entry_candidate,raw_ocr,high,1,242,,dictionary/C/C-06.md,hz-006179-clanswoman,sources/Hezareh_Dictionary_Index/source/Hezareh_Part_01_PDF_0001-0250.md#L32451-L32460,True
clap,clap,clap,[],hz-006180,entry_candidate,raw_ocr,high,1,242,,dictionary/C/C-06.md,hz-006180-clap,sources/Hezareh_Dictionary_Index/source/Hezareh_Part_01_PDF_0001-0250.md#L32461-L32480,True
clap,clap,clap,[],hz-006182,entry_candidate,raw_ocr,high,1,243,,dictionary/C/C-06.md,hz-006182-clap,sources/Hezareh_Dictionary_Index/source/Hezareh_Part_01_PDF_0001-0250.md#L32493-L32496,True
clap sb on the back,clap sb on the back,clap sb on the back,[],hz-006181,entry_candidate,raw_ocr,high,1,242,,dictionary/C/C-06.md,hz-006181-clap-sb-on-the-back,sources/Hezareh_Dictionary_Index/source/Hezareh_Part_01_PDF_0001-0250.md#L32461-L32480,True
clapboard,clapboard,clapboard,[],hz-006183,entry_candidate,raw_ocr,medium,1,243,,dictionary/C/C-06.md,hz-006183-clapboard,sources/Hezareh_Dictionary_Index/source/Hezareh_Part_01_PDF_0001-0250.md#L32497-L32498,True
clapped-out,clapped-out,clapped-out,[],hz-006184,entry_candidate,raw_ocr,medium,1,243,,dictionary/C/C-06.md,hz-006184-clapped-out,sources/Hezareh_Dictionary_Index/source/Hezareh_Part_01_PDF_0001-0250.md#L32499-L32505,True
clapper,clapper,clapper,[],hz-006185,entry_candidate,raw_ocr,medium,1,243,,dictionary/C/C-06.md,hz-006185-clapper,sources/Hezareh_Dictionary_Index/source/Hezareh_Part_01_PDF_0001-0250.md#L32508-L32508,True
clapper boy,clapper boy,clapper boy,[],hz-006187,entry_candidate,raw_ocr,medium,1,243,,dictionary/C/C-06.md,hz-006187-clapper-boy,sources/Hezareh_Dictionary_Index/source/Hezareh_Part_01_PDF_0001-0250.md#L32508-L32508,True
clapperboard,clapperboard,clapperboard,[],hz-006186,entry_candidate,raw_ocr,medium,1,243,,dictionary/C/C-06.md,hz-006186-clapperboard,sources/Hezareh_Dictionary_Index/source/Hezareh_Part_01_PDF_0001-0250.md#L32506-L32507,True
clapping,clapping,clapping,[],hz-006188,entry_candidate,raw_ocr,low,1,243,,dictionary/C/C-06.md,hz-006188-clapping,sources/Hezareh_Dictionary_Index/source/Hezareh_Part_01_PDF_0001-0250.md#L32509-L32510,True
claptrap,claptrap,claptrap,[],hz-006189,entry_candidate,raw_ocr,medium,1,243,,dictionary/C/C-06.md,hz-006189-claptrap,sources/Hezareh_Dictionary_Index/source/Hezareh_Part_01_PDF_0001-0250.md#L32511-L32514,True
claque,claque,claque,[],hz-006190,entry_candidate,raw_ocr,hint_only,1,243,,dictionary/C/C-06.md,hz-006190-claque,sources/Hezareh_Dictionary_Index/source/Hezareh_Part_01_PDF_0001-0250.md#L32484-L32484,False
claret,claret,claret,[],hz-006191,entry_candidate,raw_ocr,medium,1,243,,dictionary/C/C-06.md,hz-006191-claret,sources/Hezareh_Dictionary_Index/source/Hezareh_Part_01_PDF_0001-0250.md#L32515-L32518,True
clarification,clarification,clarification,[],hz-006192,entry_candidate,raw_ocr,medium,1,243,,dictionary/C/C-06.md,hz-006192-clarification,sources/Hezareh_Dictionary_Index/source/Hezareh_Part_01_PDF_0001-0250.md#L32519-L32523,True
clarified,clarified,clarified,[],hz-006193,entry_candidate,raw_ocr,low,1,243,,dictionary/C/C-06.md,hz-006193-clarified,sources/Hezareh_Dictionary_Index/source/Hezareh_Part_01_PDF_0001-0250.md#L32524-L32530,True
clarify I 'klzenfat,clarify i 'klzenfat,clarify i 'klzenfat,[],hz-006194,entry_candidate,raw_ocr,hint_only,1,243,,dictionary/C/C-06.md,hz-006194-clarify-i-klzenfat,sources/Hezareh_Dictionary_Index/source/Hezareh_Part_01_PDF_0001-0250.md#L32484-L32484,False
clarinet,clarinet,clarinet,[],hz-006195,entry_candidate,raw_ocr,medium,1,243,,dictionary/C/C-06.md,hz-006195-clarinet,sources/Hezareh_Dictionary_Index/source/Hezareh_Part_01_PDF_0001-0250.md#L32531-L32532,True
clarinettist,clarinettist,clarinettist,[],hz-006196,entry_candidate,raw_ocr,medium,1,243,,dictionary/C/C-06.md,hz-006196-clarinettist,sources/Hezareh_Dictionary_Index/source/Hezareh_Part_01_PDF_0001-0250.md#L32533-L32534,True
clarion,clarion,clarion,[],hz-006197,entry_candidate,raw_ocr,medium,1,243,,dictionary/C/C-06.md,hz-006197-clarion,sources/Hezareh_Dictionary_Index/source/Hezareh_Part_01_PDF_0001-0250.md#L32535-L32537,True
clarity,clarity,clarity,[],hz-006198,entry_candidate,raw_ocr,medium,1,243,,dictionary/C/C-06.md,hz-006198-clarity,sources/Hezareh_Dictionary_Index/source/Hezareh_Part_01_PDF_0001-0250.md#L32538-L32538,True
clash,clash,clash,[],hz-006199,entry_candidate,raw_ocr,medium,1,243,,dictionary/C/C-06.md,hz-006199-clash,sources/Hezareh_Dictionary_Index/source/Hezareh_Part_01_PDF_0001-0250.md#L32539-L32559,True
clasp,clasp,clasp,[],hz-006200,entry_candidate,raw_ocr,medium,1,243,,dictionary/C/C-06.md,hz-006200-clasp,sources/Hezareh_Dictionary_Index/source/Hezareh_Part_01_PDF_0001-0250.md#L32560-L32572,True
clasp-knife,clasp-knife,clasp-knife,[],hz-006202,entry_candidate,raw_ocr,medium,1,243,,dictionary/C/C-06.md,hz-006202-clasp-knife,sources/Hezareh_Dictionary_Index/source/Hezareh_Part_01_PDF_0001-0250.md#L32573-L32585,True
class,class,class,[],hz-006203,entry_candidate,raw_ocr,medium,1,243,,dictionary/C/C-06.md,hz-006203-class,sources/Hezareh_Dictionary_Index/source/Hezareh_Part_01_PDF_0001-0250.md#L32586-L32590,True
class conflict,class conflict,class conflict,[],hz-006206,entry_candidate,raw_ocr,medium,1,243,,dictionary/C/C-06.md,hz-006206-class-conflict,sources/Hezareh_Dictionary_Index/source/Hezareh_Part_01_PDF_0001-0250.md#L32591-L32593,True
class interests,class interests,class interests,[],hz-006221,entry_candidate,raw_ocr,high,1,244,,dictionary/C/C-06.md,hz-006221-class-interests,sources/Hezareh_Dictionary_Index/source/Hezareh_Part_01_PDF_0001-0250.md#L32675-L32676,True
class status,class status,class status,[],hz-006226,entry_candidate,raw_ocr,high,1,244,,dictionary/C/C-06.md,hz-006226-class-status,sources/Hezareh_Dictionary_Index/source/Hezareh_Part_01_PDF_0001-0250.md#L32685-L32686,True
class struggle,class struggle,class struggle,[],hz-006227,entry_candidate,raw_ocr,medium,1,244,,dictionary/C/C-06.md,hz-006227-class-struggle,sources/Hezareh_Dictionary_Index/source/Hezareh_Part_01_PDF_0001-0250.md#L32687-L32688,True
class system,class system,class system,[],hz-006228,entry_candidate,raw_ocr,medium,1,244,,dictionary/C/C-06.md,hz-006228-class-system,sources/Hezareh_Dictionary_Index/source/Hezareh_Part_01_PDF_0001-0250.md#L32689-L32690,True
class war,class war,class war,[],hz-006229,entry_candidate,raw_ocr,high,1,244,,dictionary/C/C-06.md,hz-006229-class-war,sources/Hezareh_Dictionary_Index/source/Hezareh_Part_01_PDF_0001-0250.md#L32691-L32692,True
class-consciOUS,class-conscious,class-conscious,[],hz-006207,entry_candidate,raw_ocr,high,1,244,,dictionary/C/C-06.md,hz-006207-class-conscious,sources/Hezareh_Dictionary_Index/source/Hezareh_Part_01_PDF_0001-0250.md#L32607-L32609,True
class-consciousneSS,class-consciousness,class-consciousness,[],hz-006208,entry_candidate,raw_ocr,high,1,244,,dictionary/C/C-06.md,hz-006208-class-consciousness,sources/Hezareh_Dictionary_Index/source/Hezareh_Part_01_PDF_0001-0250.md#L32610-L32612,True
class-feeling,class-feeling,class-feeling,[],hz-006209,entry_candidate,raw_ocr,high,1,244,,dictionary/C/C-06.md,hz-006209-class-feeling,sources/Hezareh_Dictionary_Index/source/Hezareh_Part_01_PDF_0001-0250.md#L32613-L32614,True
class-fellow,class-fellow,class-fellow,[],hz-006210,entry_candidate,raw_ocr,low,1,244,,dictionary/C/C-06.md,hz-006210-class-fellow,sources/Hezareh_Dictionary_Index/source/Hezareh_Part_01_PDF_0001-0250.md#L32615-L32615,True
class-list,class-list,class-list,[],hz-006223,entry_candidate,raw_ocr,high,1,244,,dictionary/C/C-06.md,hz-006223-class-list,sources/Hezareh_Dictionary_Index/source/Hezareh_Part_01_PDF_0001-0250.md#L32678-L32680,True
class-warfare,class-warfare,class-warfare,[],hz-006230,entry_candidate,raw_ocr,high,1,244,,dictionary/C/C-06.md,hz-006230-class-warfare,sources/Hezareh_Dictionary_Index/source/Hezareh_Part_01_PDF_0001-0250.md#L32693-L32694,True
classiC,classic,classic,[],hz-006211,entry_candidate,raw_ocr,medium,1,244,,dictionary/C/C-06.md,hz-006211-classic,sources/Hezareh_Dictionary_Index/source/Hezareh_Part_01_PDF_0001-0250.md#L32616-L32633,True
classically,classically,classically,[],hz-006212,entry_candidate,raw_ocr,medium,1,244,,dictionary/C/C-06.md,hz-006212-classically,sources/Hezareh_Dictionary_Index/source/Hezareh_Part_01_PDF_0001-0250.md#L32634-L32640,True
classicism,classicism,classicism,[],hz-006213,entry_candidate,raw_ocr,high,1,244,,dictionary/C/C-06.md,hz-006213-classicism,sources/Hezareh_Dictionary_Index/source/Hezareh_Part_01_PDF_0001-0250.md#L32641-L32644,True
classicist,classicist,classicist,[],hz-006214,entry_candidate,raw_ocr,medium,1,244,,dictionary/C/C-06.md,hz-006214-classicist,sources/Hezareh_Dictionary_Index/source/Hezareh_Part_01_PDF_0001-0250.md#L32645-L32647,True
classifiable,classifiable,classifiable,[],hz-006215,entry_candidate,raw_ocr,medium,1,244,,dictionary/C/C-06.md,hz-006215-classifiable,sources/Hezareh_Dictionary_Index/source/Hezareh_Part_01_PDF_0001-0250.md#L32648-L32663,True
classification,classification,classification,[],hz-006216,entry_candidate,raw_ocr,hint_only,1,244,,dictionary/C/C-06.md,hz-006216-classification,sources/Hezareh_Dictionary_Index/source/Hezareh_Part_01_PDF_0001-0250.md#L32597-L32597,False
classified,classified,classified,[],hz-006217,entry_candidate,raw_ocr,high,1,244,,dictionary/C/C-06.md,hz-006217-classified,sources/Hezareh_Dictionary_Index/source/Hezareh_Part_01_PDF_0001-0250.md#L32664-L32668,True
classified ad,classified ad,classified ad,[],hz-006218,entry_candidate,raw_ocr,high,1,244,,dictionary/C/C-06.md,hz-006218-classified-ad,sources/Hezareh_Dictionary_Index/source/Hezareh_Part_01_PDF_0001-0250.md#L32664-L32668,True
classifieds,classifieds,classifieds,[],hz-006219,entry_candidate,raw_ocr,high,1,244,,dictionary/C/C-06.md,hz-006219-classifieds,sources/Hezareh_Dictionary_Index/source/Hezareh_Part_01_PDF_0001-0250.md#L32669-L32670,True
classify,classify,classify,[],hz-006220,entry_candidate,raw_ocr,high,1,244,,dictionary/C/C-06.md,hz-006220-classify,sources/Hezareh_Dictionary_Index/source/Hezareh_Part_01_PDF_0001-0250.md#L32671-L32674,True
classleSS,classless,classless,[],hz-006222,entry_candidate,raw_ocr,high,1,244,,dictionary/C/C-06.md,hz-006222-classless,sources/Hezareh_Dictionary_Index/source/Hezareh_Part_01_PDF_0001-0250.md#L32677-L32677,True
classmate,classmate,classmate,[],hz-006224,entry_candidate,raw_ocr,high,1,244,,dictionary/C/C-06.md,hz-006224-classmate,sources/Hezareh_Dictionary_Index/source/Hezareh_Part_01_PDF_0001-0250.md#L32681-L32682,True
classroom,classroom,classroom,[],hz-006225,entry_candidate,raw_ocr,high,1,244,,dictionary/C/C-06.md,hz-006225-classroom,sources/Hezareh_Dictionary_Index/source/Hezareh_Part_01_PDF_0001-0250.md#L32683-L32684,True
classy,classy,classy,[],hz-006231,entry_candidate,raw_ocr,high,1,244,,dictionary/C/C-06.md,hz-006231-classy,sources/Hezareh_Dictionary_Index/source/Hezareh_Part_01_PDF_0001-0250.md#L32695-L32697,True
clatter,clatter,clatter,[],hz-006232,entry_candidate,raw_ocr,high,1,244,,dictionary/C/C-06.md,hz-006232-clatter,sources/Hezareh_Dictionary_Index/source/Hezareh_Part_01_PDF_0001-0250.md#L32698-L32708,True
clause,clause,clause,[],hz-006233,entry_candidate,raw_ocr,high,1,245,,dictionary/C/C-06.md,hz-006233-clause,sources/Hezareh_Dictionary_Index/source/Hezareh_Part_01_PDF_0001-0250.md#L32721-L32722,True
claustrophobia,claustrophobia,claustrophobia,[],hz-006235,entry_candidate,raw_ocr,high,1,245,,dictionary/C/C-06.md,hz-006235-claustrophobia,sources/Hezareh_Dictionary_Index/source/Hezareh_Part_01_PDF_0001-0250.md#L32726-L32731,True
claustrophobiC,claustrophobic,claustrophobic,[],hz-006236,entry_candidate,raw_ocr,hint_only,1,245,,dictionary/C/C-06.md,hz-006236-claustrophobic,sources/Hezareh_Dictionary_Index/source/Hezareh_Part_01_PDF_0001-0250.md#L32712-L32712,False
clave,clave,clave,[],hz-006237,entry_candidate,raw_ocr,hint_only,1,245,,dictionary/C/C-06.md,hz-006237-clave,sources/Hezareh_Dictionary_Index/source/Hezareh_Part_01_PDF_0001-0250.md#L32712-L32712,False
clavichord,clavichord,clavichord,[],hz-006238,entry_candidate,raw_ocr,medium,1,245,,dictionary/C/C-06.md,hz-006238-clavichord,sources/Hezareh_Dictionary_Index/source/Hezareh_Part_01_PDF_0001-0250.md#L32732-L32746,True
claviclei'klaevikI,claviclei'klaeviki,claviclei'klaeviki,[],hz-006239,entry_candidate,raw_ocr,hint_only,1,245,,dictionary/C/C-06.md,hz-006239-claviclei-klaeviki,sources/Hezareh_Dictionary_Index/source/Hezareh_Part_01_PDF_0001-0250.md#L32712-L32712,False
claw,claw,claw,[],hz-006240,entry_candidate,raw_ocr,medium,1,245,,dictionary/C/C-07.md,hz-006240-claw,sources/Hezareh_Dictionary_Index/source/Hezareh_Part_01_PDF_0001-0250.md#L32747-L32752,True
claw one's way across,claw one's way across,claw one's way across,[],hz-006241,entry_candidate,raw_ocr,medium,1,245,,dictionary/C/C-07.md,hz-006241-claw-one-s-way-across,sources/Hezareh_Dictionary_Index/source/Hezareh_Part_01_PDF_0001-0250.md#L32747-L32752,True
claw-back,claw-back,claw-back,[],hz-006242,entry_candidate,raw_ocr,medium,1,245,,dictionary/C/C-07.md,hz-006242-claw-back,sources/Hezareh_Dictionary_Index/source/Hezareh_Part_01_PDF_0001-0250.md#L32753-L32754,True
claw-hammer,claw-hammer,claw-hammer,[],hz-006243,entry_candidate,raw_ocr,medium,1,245,,dictionary/C/C-07.md,hz-006243-claw-hammer,sources/Hezareh_Dictionary_Index/source/Hezareh_Part_01_PDF_0001-0250.md#L32755-L32758,True
clay,clay,clay,[],hz-006244,entry_candidate,raw_ocr,medium,1,245,,dictionary/C/C-07.md,hz-006244-clay,sources/Hezareh_Dictionary_Index/source/Hezareh_Part_01_PDF_0001-0250.md#L32759-L32759,True
clay court,clay court,clay court,[],hz-006245,entry_candidate,raw_ocr,medium,1,245,,dictionary/C/C-07.md,hz-006245-clay-court,sources/Hezareh_Dictionary_Index/source/Hezareh_Part_01_PDF_0001-0250.md#L32759-L32759,True
clay pigeon,clay pigeon,clay pigeon,[],hz-006248,entry_candidate,raw_ocr,medium,1,245,,dictionary/C/C-07.md,hz-006248-clay-pigeon,sources/Hezareh_Dictionary_Index/source/Hezareh_Part_01_PDF_0001-0250.md#L32762-L32782,True
clayey,clayey,clayey,[],hz-006246,entry_candidate,raw_ocr,medium,1,245,,dictionary/C/C-07.md,hz-006246-clayey,sources/Hezareh_Dictionary_Index/source/Hezareh_Part_01_PDF_0001-0250.md#L32760-L32760,True
claymore,claymore,claymore,[],hz-006247,entry_candidate,raw_ocr,medium,1,245,,dictionary/C/C-07.md,hz-006247-claymore,sources/Hezareh_Dictionary_Index/source/Hezareh_Part_01_PDF_0001-0250.md#L32761-L32761,True
clean,clean,clean,[],hz-006249,entry_candidate,raw_ocr,high,1,245,,dictionary/C/C-07.md,hz-006249-clean,sources/Hezareh_Dictionary_Index/source/Hezareh_Part_01_PDF_0001-0250.md#L32783-L32820,True
clean-cut,clean-cut,clean-cut,[],hz-006251,entry_candidate,raw_ocr,medium,1,246,,dictionary/C/C-07.md,hz-006251-clean-cut,sources/Hezareh_Dictionary_Index/source/Hezareh_Part_01_PDF_0001-0250.md#L32840-L32840,True
clean-limbed,clean-limbed,clean-limbed,[],hz-006257,entry_candidate,raw_ocr,medium,1,246,,dictionary/C/C-07.md,hz-006257-clean-limbed,sources/Hezareh_Dictionary_Index/source/Hezareh_Part_01_PDF_0001-0250.md#L32857-L32858,True
clean-living,clean-living,clean-living,[],hz-006259,entry_candidate,raw_ocr,medium,1,246,,dictionary/C/C-07.md,hz-006259-clean-living,sources/Hezareh_Dictionary_Index/source/Hezareh_Part_01_PDF_0001-0250.md#L32860-L32866,True
clean-shaven,clean-shaven,clean-shaven,[],hz-006262,entry_candidate,raw_ocr,medium,1,246,,dictionary/C/C-07.md,hz-006262-clean-shaven,sources/Hezareh_Dictionary_Index/source/Hezareh_Part_01_PDF_0001-0250.md#L32871-L32873,True
clean-up,clean-up,clean-up,[],hz-006263,entry_candidate,raw_ocr,medium,1,246,,dictionary/C/C-07.md,hz-006263-clean-up,sources/Hezareh_Dictionary_Index/source/Hezareh_Part_01_PDF_0001-0250.md#L32874-L32903,True
cleaner,cleaner,cleaner,[],hz-006252,entry_candidate,raw_ocr,medium,1,246,,dictionary/C/C-07.md,hz-006252-cleaner,sources/Hezareh_Dictionary_Index/source/Hezareh_Part_01_PDF_0001-0250.md#L32841-L32844,True
cleaning,cleaning,cleaning,[],hz-006254,entry_candidate,raw_ocr,high,1,246,,dictionary/C/C-07.md,hz-006254-cleaning,sources/Hezareh_Dictionary_Index/source/Hezareh_Part_01_PDF_0001-0250.md#L32855-L32855,True
cleaning lady,cleaning lady,cleaning lady,[],hz-006255,entry_candidate,raw_ocr,low,1,246,,dictionary/C/C-07.md,hz-006255-cleaning-lady,sources/Hezareh_Dictionary_Index/source/Hezareh_Part_01_PDF_0001-0250.md#L32856-L32856,True
cleaning woman,cleaning woman,cleaning woman,[],hz-006256,entry_candidate,raw_ocr,high,1,246,,dictionary/C/C-07.md,hz-006256-cleaning-woman,sources/Hezareh_Dictionary_Index/source/Hezareh_Part_01_PDF_0001-0250.md#L32855-L32855,True
cleanlineSS,cleanliness,cleanliness,[],hz-006258,entry_candidate,raw_ocr,medium,1,246,,dictionary/C/C-07.md,hz-006258-cleanliness,sources/Hezareh_Dictionary_Index/source/Hezareh_Part_01_PDF_0001-0250.md#L32859-L32859,True
cleanse,cleanse,cleanse,[],hz-006260,entry_candidate,raw_ocr,medium,1,246,,dictionary/C/C-07.md,hz-006260-cleanse,sources/Hezareh_Dictionary_Index/source/Hezareh_Part_01_PDF_0001-0250.md#L32867-L32868,True
cleanser,cleanser,cleanser,[],hz-006261,entry_candidate,raw_ocr,medium,1,246,,dictionary/C/C-07.md,hz-006261-cleanser,sources/Hezareh_Dictionary_Index/source/Hezareh_Part_01_PDF_0001-0250.md#L32869-L32870,True
clear a way,clear a way,clear a way,[],hz-006265,entry_candidate,raw_ocr,medium,1,247,,dictionary/C/C-07.md,hz-006265-clear-a-way,sources/Hezareh_Dictionary_Index/source/Hezareh_Part_01_PDF_0001-0250.md#L33004-L33047,True
clear-headed,clear-headed,clear-headed,[],hz-006267,entry_candidate,raw_ocr,hint_only,1,247,,dictionary/C/C-07.md,hz-006267-clear-headed,sources/Hezareh_Dictionary_Index/source/Hezareh_Part_01_PDF_0001-0250.md#L32938-L32938,False
clear-headedly,clear-headedly,clear-headedly,[],hz-006268,entry_candidate,raw_ocr,medium,1,247,,dictionary/C/C-07.md,hz-006268-clear-headedly,sources/Hezareh_Dictionary_Index/source/Hezareh_Part_01_PDF_0001-0250.md#L33055-L33058,True
clear-headednesszue 'hedrdnrs,clear-headednesszue 'hedrdnrs,clear-headednesszue 'hedrdnrs,[],hz-006269,entry_candidate,raw_ocr,hint_only,1,247,,dictionary/C/C-07.md,hz-006269-clear-headednesszue-hedrdnrs,sources/Hezareh_Dictionary_Index/source/Hezareh_Part_01_PDF_0001-0250.md#L32938-L32938,False
clear-sighted,clear-sighted,clear-sighted,[],hz-006274,entry_candidate,raw_ocr,medium,1,248,,dictionary/C/C-07.md,hz-006274-clear-sighted,sources/Hezareh_Dictionary_Index/source/Hezareh_Part_01_PDF_0001-0250.md#L33082-L33083,True
clearance,clearance,clearance,[],hz-006266,entry_candidate,raw_ocr,low,1,247,,dictionary/C/C-07.md,hz-006266-clearance,sources/Hezareh_Dictionary_Index/source/Hezareh_Part_01_PDF_0001-0250.md#L33048-L33054,True
clearing,clearing,clearing,[],hz-006270,entry_candidate,raw_ocr,low,1,247,,dictionary/C/C-07.md,hz-006270-clearing,sources/Hezareh_Dictionary_Index/source/Hezareh_Part_01_PDF_0001-0250.md#L33059-L33061,True
clearing bank,clearing bank,clearing bank,[],hz-006271,entry_candidate,raw_ocr,medium,1,248,,dictionary/C/C-07.md,hz-006271-clearing-bank,sources/Hezareh_Dictionary_Index/source/Hezareh_Part_01_PDF_0001-0250.md#L33075-L33076,True
clearing-house,clearing-house,clearing-house,[],hz-006272,entry_candidate,raw_ocr,medium,1,248,,dictionary/C/C-07.md,hz-006272-clearing-house,sources/Hezareh_Dictionary_Index/source/Hezareh_Part_01_PDF_0001-0250.md#L33077-L33078,True
clearly,clearly,clearly,[],hz-006273,entry_candidate,raw_ocr,low,1,248,,dictionary/C/C-07.md,hz-006273-clearly,sources/Hezareh_Dictionary_Index/source/Hezareh_Part_01_PDF_0001-0250.md#L33079-L33081,True
clearway,clearway,clearway,[],hz-006275,entry_candidate,raw_ocr,low,1,248,,dictionary/C/C-07.md,hz-006275-clearway,sources/Hezareh_Dictionary_Index/source/Hezareh_Part_01_PDF_0001-0250.md#L33084-L33084,True
cleat,cleat,cleat,[],hz-006276,entry_candidate,raw_ocr,medium,1,248,,dictionary/C/C-07.md,hz-006276-cleat,sources/Hezareh_Dictionary_Index/source/Hezareh_Part_01_PDF_0001-0250.md#L33085-L33086,True
cleavage,cleavage,cleavage,[],hz-006277,entry_candidate,raw_ocr,medium,1,248,,dictionary/C/C-07.md,hz-006277-cleavage,sources/Hezareh_Dictionary_Index/source/Hezareh_Part_01_PDF_0001-0250.md#L33087-L33103,True
cleaver,cleaver,cleaver,[],hz-006278,entry_candidate,raw_ocr,medium,1,248,,dictionary/C/C-07.md,hz-006278-cleaver,sources/Hezareh_Dictionary_Index/source/Hezareh_Part_01_PDF_0001-0250.md#L33104-L33104,True
clef,clef,clef,[],hz-006279,entry_candidate,raw_ocr,medium,1,248,,dictionary/C/C-07.md,hz-006279-clef,sources/Hezareh_Dictionary_Index/source/Hezareh_Part_01_PDF_0001-0250.md#L33105-L33109,True
cleft,cleft,cleft,[],hz-006283,entry_candidate,raw_ocr,high,1,248,,dictionary/C/C-07.md,hz-006283-cleft,sources/Hezareh_Dictionary_Index/source/Hezareh_Part_01_PDF_0001-0250.md#L33110-L33110,True
cleft lip,cleft lip,cleft lip,[],hz-006284,entry_candidate,raw_ocr,medium,1,248,,dictionary/C/C-07.md,hz-006284-cleft-lip,sources/Hezareh_Dictionary_Index/source/Hezareh_Part_01_PDF_0001-0250.md#L33111-L33111,True
cleft palate,cleft palate,cleft palate,[],hz-006285,entry_candidate,raw_ocr,medium,1,248,,dictionary/C/C-07.md,hz-006285-cleft-palate,sources/Hezareh_Dictionary_Index/source/Hezareh_Part_01_PDF_0001-0250.md#L33112-L33113,True
clematis,clematis,clematis,[],hz-006286,entry_candidate,raw_ocr,medium,1,248,,dictionary/C/C-07.md,hz-006286-clematis,sources/Hezareh_Dictionary_Index/source/Hezareh_Part_01_PDF_0001-0250.md#L33114-L33114,True
clemency,clemency,clemency,[],hz-006287,entry_candidate,raw_ocr,medium,1,248,,dictionary/C/C-07.md,hz-006287-clemency,sources/Hezareh_Dictionary_Index/source/Hezareh_Part_01_PDF_0001-0250.md#L33115-L33126,True
clementine,clementine,clementine,[],hz-006280,entry_candidate,raw_ocr,high,1,248,,dictionary/C/C-07.md,hz-006280-clementine,sources/Hezareh_Dictionary_Index/source/Hezareh_Part_01_PDF_0001-0250.md#L33127-L33127,True
clench,clench,clench,[],hz-006281,entry_candidate,raw_ocr,high,1,248,,dictionary/C/C-07.md,hz-006281-clench,sources/Hezareh_Dictionary_Index/source/Hezareh_Part_01_PDF_0001-0250.md#L33128-L33136,True
clerestory,clerestory,clerestory,[],hz-006282,entry_candidate,raw_ocr,high,1,248,,dictionary/C/C-07.md,hz-006282-clerestory,sources/Hezareh_Dictionary_Index/source/Hezareh_Part_01_PDF_0001-0250.md#L33137-L33138,True
clergy,clergy,clergy,[],hz-006289,entry_candidate,raw_ocr,high,1,248,,dictionary/C/C-07.md,hz-006289-clergy,sources/Hezareh_Dictionary_Index/source/Hezareh_Part_01_PDF_0001-0250.md#L33139-L33140,True
clergyman,clergyman,clergyman,[],hz-006290,entry_candidate,raw_ocr,high,1,248,,dictionary/C/C-07.md,hz-006290-clergyman,sources/Hezareh_Dictionary_Index/source/Hezareh_Part_01_PDF_0001-0250.md#L33141-L33143,True
cleric,cleric,cleric,[],hz-006291,entry_candidate,raw_ocr,high,1,248,,dictionary/C/C-07.md,hz-006291-cleric,sources/Hezareh_Dictionary_Index/source/Hezareh_Part_01_PDF_0001-0250.md#L33144-L33144,True
clerical,clerical,clerical,[],hz-006292,entry_candidate,raw_ocr,high,1,248,,dictionary/C/C-07.md,hz-006292-clerical,sources/Hezareh_Dictionary_Index/source/Hezareh_Part_01_PDF_0001-0250.md#L33145-L33156,True
clerihew,clerihew,clerihew,[],hz-006293,entry_candidate,raw_ocr,hint_only,1,248,,dictionary/C/C-07.md,hz-006293-clerihew,sources/Hezareh_Dictionary_Index/source/Hezareh_Part_01_PDF_0001-0250.md#L33065-L33065,False
clerk,clerk,clerk,[],hz-006294,entry_candidate,raw_ocr,high,1,248,,dictionary/C/C-07.md,hz-006294-clerk,sources/Hezareh_Dictionary_Index/source/Hezareh_Part_01_PDF_0001-0250.md#L33157-L33157,True
clever,clever,clever,[],hz-006295,entry_candidate,raw_ocr,high,1,248,,dictionary/C/C-07.md,hz-006295-clever,sources/Hezareh_Dictionary_Index/source/Hezareh_Part_01_PDF_0001-0250.md#L33158-L33168,True
clever clogs,clever clogs,clever clogs,[],hz-006296,entry_candidate,raw_ocr,high,1,248,,dictionary/C/C-07.md,hz-006296-clever-clogs,sources/Hezareh_Dictionary_Index/source/Hezareh_Part_01_PDF_0001-0250.md#L33169-L33169,True
clever Dick,clever dick,clever dick,[],hz-006297,entry_candidate,raw_ocr,high,1,248,,dictionary/C/C-07.md,hz-006297-clever-dick,sources/Hezareh_Dictionary_Index/source/Hezareh_Part_01_PDF_0001-0250.md#L33170-L33175,True
cleverly,cleverly,cleverly,[],hz-006298,entry_candidate,raw_ocr,high,1,249,,dictionary/C/C-07.md,hz-006298-cleverly,sources/Hezareh_Dictionary_Index/source/Hezareh_Part_01_PDF_0001-0250.md#L33188-L33192,True
cleverneSS,cleverness,cleverness,[],hz-006299,entry_candidate,raw_ocr,medium,1,249,,dictionary/C/C-07.md,hz-006299-cleverness,sources/Hezareh_Dictionary_Index/source/Hezareh_Part_01_PDF_0001-0250.md#L33193-L33196,True
clew,clew,clew,[],hz-006300,entry_candidate,raw_ocr,low,1,249,,dictionary/C/C-07.md,hz-006300-clew,sources/Hezareh_Dictionary_Index/source/Hezareh_Part_01_PDF_0001-0250.md#L33197-L33201,True
cliche,cliche,cliche,[],hz-006301,entry_candidate,raw_ocr,hint_only,1,249,,dictionary/C/C-07.md,hz-006301-cliche,sources/Hezareh_Dictionary_Index/source/Hezareh_Part_01_PDF_0001-0250.md#L33179-L33179,False
click,click,click,[],hz-006302,entry_candidate,raw_ocr,medium,1,249,,dictionary/C/C-07.md,hz-006302-click,sources/Hezareh_Dictionary_Index/source/Hezareh_Part_01_PDF_0001-0250.md#L33202-L33210,True
client,client,client,[],hz-006303,entry_candidate,raw_ocr,medium,1,249,,dictionary/C/C-07.md,hz-006303-client,sources/Hezareh_Dictionary_Index/source/Hezareh_Part_01_PDF_0001-0250.md#L33211-L33212,True
clientele,clientele,clientele,[],hz-006304,entry_candidate,raw_ocr,medium,1,249,,dictionary/C/C-07.md,hz-006304-clientele,sources/Hezareh_Dictionary_Index/source/Hezareh_Part_01_PDF_0001-0250.md#L33213-L33216,True
cliff,cliff,cliff,[],hz-006305,entry_candidate,raw_ocr,hint_only,1,249,,dictionary/C/C-07.md,hz-006305-cliff,sources/Hezareh_Dictionary_Index/source/Hezareh_Part_01_PDF_0001-0250.md#L33179-L33179,False
cliff-dweller,cliff-dweller,cliff-dweller,[],hz-006306,entry_candidate,raw_ocr,medium,1,249,,dictionary/C/C-07.md,hz-006306-cliff-dweller,sources/Hezareh_Dictionary_Index/source/Hezareh_Part_01_PDF_0001-0250.md#L33217-L33221,True
cliff-hanger,cliff-hanger,cliff-hanger,[],hz-006307,entry_candidate,raw_ocr,hint_only,1,249,,dictionary/C/C-07.md,hz-006307-cliff-hanger,sources/Hezareh_Dictionary_Index/source/Hezareh_Part_01_PDF_0001-0250.md#L33179-L33179,False
cliff-hanging,cliff-hanging,cliff-hanging,[],hz-006308,entry_candidate,raw_ocr,medium,1,249,,dictionary/C/C-07.md,hz-006308-cliff-hanging,sources/Hezareh_Dictionary_Index/source/Hezareh_Part_01_PDF_0001-0250.md#L33222-L33223,True
climacteric,climacteric,climacteric,[],hz-006309,entry_candidate,raw_ocr,medium,1,249,,dictionary/C/C-07.md,hz-006309-climacteric,sources/Hezareh_Dictionary_Index/source/Hezareh_Part_01_PDF_0001-0250.md#L33224-L33227,True
climactic,climactic,climactic,[],hz-006310,entry_candidate,raw_ocr,medium,1,249,,dictionary/C/C-07.md,hz-006310-climactic,sources/Hezareh_Dictionary_Index/source/Hezareh_Part_01_PDF_0001-0250.md#L33228-L33229,True
climate,climate,climate,[],hz-006311,entry_candidate,raw_ocr,medium,1,249,,dictionary/C/C-07.md,hz-006311-climate,sources/Hezareh_Dictionary_Index/source/Hezareh_Part_01_PDF_0001-0250.md#L33230-L33233,True
climatiC,climatic,climatic,[],hz-006312,entry_candidate,raw_ocr,medium,1,249,,dictionary/C/C-07.md,hz-006312-climatic,sources/Hezareh_Dictionary_Index/source/Hezareh_Part_01_PDF_0001-0250.md#L33234-L33241,True
climatology,climatology,climatology,[],hz-006313,entry_candidate,raw_ocr,medium,1,249,,dictionary/C/C-07.md,hz-006313-climatology,sources/Hezareh_Dictionary_Index/source/Hezareh_Part_01_PDF_0001-0250.md#L33242-L33266,True
climb,climb,climb,[],hz-002486,entry_candidate,raw_ocr,medium,1,94,,dictionary/C/C-07.md,hz-002486-climb,sources/Hezareh_Dictionary_Index/source/Hezareh_Part_01_PDF_0001-0250.md#L12587-L12599,True
climb-down,climb-down,climb-down,[],hz-006315,entry_candidate,raw_ocr,hint_only,1,249,,dictionary/C/C-07.md,hz-006315-climb-down,sources/Hezareh_Dictionary_Index/source/Hezareh_Part_01_PDF_0001-0250.md#L33179-L33179,False
climber,climber,climber,[],hz-006316,entry_candidate,raw_ocr,medium,1,249,,dictionary/C/C-07.md,hz-006316-climber,sources/Hezareh_Dictionary_Index/source/Hezareh_Part_01_PDF_0001-0250.md#L33267-L33271,True
climbing,climbing,climbing,[],hz-006317,entry_candidate,raw_ocr,high,1,249,,dictionary/C/C-07.md,hz-006317-climbing,sources/Hezareh_Dictionary_Index/source/Hezareh_Part_01_PDF_0001-0250.md#L33272-L33273,True
climbing irons,climbing irons,climbing irons,[],hz-006318,entry_candidate,raw_ocr,high,1,249,,dictionary/C/C-07.md,hz-006318-climbing-irons,sources/Hezareh_Dictionary_Index/source/Hezareh_Part_01_PDF_0001-0250.md#L33272-L33273,True
climbing speed,climbing speed,climbing speed,[],hz-006319,entry_candidate,raw_ocr,high,1,249,,dictionary/C/C-07.md,hz-006319-climbing-speed,sources/Hezareh_Dictionary_Index/source/Hezareh_Part_01_PDF_0001-0250.md#L33274-L33275,True
clime,clime,clime,[],hz-006320,entry_candidate,raw_ocr,medium,1,249,,dictionary/C/C-07.md,hz-006320-clime,sources/Hezareh_Dictionary_Index/source/Hezareh_Part_01_PDF_0001-0250.md#L33276-L33287,True
clincher,clincher,clincher,[],hz-006322,entry_candidate,raw_ocr,medium,1,250,,dictionary/C/C-07.md,hz-006322-clincher,sources/Hezareh_Dictionary_Index/source/Hezareh_Part_01_PDF_0001-0250.md#L33304-L33305,True
clinchiklmtf,clinchiklmtf,clinchiklmtf,[],hz-006321,entry_candidate,raw_ocr,hint_only,1,249,,dictionary/C/C-07.md,hz-006321-clinchiklmtf,sources/Hezareh_Dictionary_Index/source/Hezareh_Part_01_PDF_0001-0250.md#L33179-L33179,False
cline,cline,cline,[],hz-006323,entry_candidate,raw_ocr,low,1,250,,dictionary/C/C-07.md,hz-006323-cline,sources/Hezareh_Dictionary_Index/source/Hezareh_Part_01_PDF_0001-0250.md#L33306-L33306,True
cling,cling,cling,[],hz-006324,entry_candidate,raw_ocr,medium,1,250,,dictionary/C/C-07.md,hz-006324-cling,sources/Hezareh_Dictionary_Index/source/Hezareh_Part_01_PDF_0001-0250.md#L33307-L33317,True
cling,cling,cling,[],hz-020970,entry_candidate,raw_ocr,medium,4,925,,dictionary/C/C-07.md,hz-020970-cling,sources/Hezareh_Dictionary_Index/source/Hezareh_Part_04_PDF_0751-1000.md#L19922-L19927,True
cling film,cling film,cling film,[],hz-006325,entry_candidate,raw_ocr,hint_only,1,250,,dictionary/C/C-07.md,hz-006325-cling-film,sources/Hezareh_Dictionary_Index/source/Hezareh_Part_01_PDF_0001-0250.md#L33291-L33291,False
clinging,clinging,clinging,[],hz-006326,entry_candidate,raw_ocr,high,1,250,,dictionary/C/C-07.md,hz-006326-clinging,sources/Hezareh_Dictionary_Index/source/Hezareh_Part_01_PDF_0001-0250.md#L33318-L33318,True
clingy,clingy,clingy,[],hz-006327,entry_candidate,raw_ocr,low,1,250,,dictionary/C/C-07.md,hz-006327-clingy,sources/Hezareh_Dictionary_Index/source/Hezareh_Part_01_PDF_0001-0250.md#L33318-L33318,True
clinic,clinic,clinic,[],hz-006328,entry_candidate,raw_ocr,medium,1,250,,dictionary/C/C-07.md,hz-006328-clinic,sources/Hezareh_Dictionary_Index/source/Hezareh_Part_01_PDF_0001-0250.md#L33319-L33325,True
clinical,clinical,clinical,[],hz-006329,entry_candidate,raw_ocr,low,1,250,,dictionary/C/C-07.md,hz-006329-clinical,sources/Hezareh_Dictionary_Index/source/Hezareh_Part_01_PDF_0001-0250.md#L33326-L33328,True
clinically,clinically,clinically,[],hz-006331,entry_candidate,raw_ocr,medium,1,250,,dictionary/C/C-07.md,hz-006331-clinically,sources/Hezareh_Dictionary_Index/source/Hezareh_Part_01_PDF_0001-0250.md#L33329-L33335,True
clink,clink,clink,[],hz-006330,entry_candidate,raw_ocr,high,1,250,,dictionary/C/C-07.md,hz-006330-clink,sources/Hezareh_Dictionary_Index/source/Hezareh_Part_01_PDF_0001-0250.md#L33336-L33341,True
clinker,clinker,clinker,[],hz-006332,entry_candidate,raw_ocr,medium,1,250,,dictionary/C/C-07.md,hz-006332-clinker,sources/Hezareh_Dictionary_Index/source/Hezareh_Part_01_PDF_0001-0250.md#L33342-L33345,True
clinker-builti'klrab brlt,clinker-builti'klrab brlt,clinker-builti'klrab brlt,[],hz-006333,entry_candidate,raw_ocr,hint_only,1,250,,dictionary/C/C-07.md,hz-006333-clinker-builti-klrab-brlt,sources/Hezareh_Dictionary_Index/source/Hezareh_Part_01_PDF_0001-0250.md#L33291-L33291,False
clip,clip,clip,[],hz-006334,entry_candidate,raw_ocr,high,1,250,,dictionary/C/C-07.md,hz-006334-clip,sources/Hezareh_Dictionary_Index/source/Hezareh_Part_01_PDF_0001-0250.md#L33346-L33396,True
clip-joint,clip-joint,clip-joint,[],hz-006336,entry_candidate,raw_ocr,high,1,250,,dictionary/C/C-07.md,hz-006336-clip-joint,sources/Hezareh_Dictionary_Index/source/Hezareh_Part_01_PDF_0001-0250.md#L33399-L33402,True
clip-on,clip-on,clip-on,[],hz-006337,entry_candidate,raw_ocr,low,1,250,,dictionary/C/C-07.md,hz-006337-clip-on,sources/Hezareh_Dictionary_Index/source/Hezareh_Part_01_PDF_0001-0250.md#L33403-L33406,True
clipboard,clipboard,clipboard,[],hz-006335,entry_candidate,raw_ocr,high,1,250,,dictionary/C/C-07.md,hz-006335-clipboard,sources/Hezareh_Dictionary_Index/source/Hezareh_Part_01_PDF_0001-0250.md#L33397-L33398,True
clipped,clipped,clipped,[],hz-006338,entry_candidate,raw_ocr,medium,1,250,,dictionary/C/C-07.md,hz-006338-clipped,sources/Hezareh_Dictionary_Index/source/Hezareh_Part_01_PDF_0001-0250.md#L33407-L33416,True
clipper,clipper,clipper,[],hz-006339,entry_candidate,raw_ocr,medium,1,250,,dictionary/C/C-07.md,hz-006339-clipper,sources/Hezareh_Dictionary_Index/source/Hezareh_Part_01_PDF_0001-0250.md#L33417-L33426,True
clipping,clipping,clipping,[],hz-006340,entry_candidate,raw_ocr,high,1,250,,dictionary/C/C-07.md,hz-006340-clipping,sources/Hezareh_Dictionary_Index/source/Hezareh_Part_01_PDF_0001-0250.md#L33427-L33430,True
clique,clique,clique,[],hz-006341,entry_candidate,raw_ocr,medium,1,250,,dictionary/C/C-07.md,hz-006341-clique,sources/Hezareh_Dictionary_Index/source/Hezareh_Part_01_PDF_0001-0250.md#L33431-L33432,True
cliquey,cliquey,cliquey,[],hz-006342,entry_candidate,raw_ocr,high,1,250,,dictionary/C/C-07.md,hz-006342-cliquey,sources/Hezareh_Dictionary_Index/source/Hezareh_Part_01_PDF_0001-0250.md#L33433-L33434,True
cliquish,cliquish,cliquish,[],hz-006343,entry_candidate,raw_ocr,high,1,250,,dictionary/C/C-07.md,hz-006343-cliquish,sources/Hezareh_Dictionary_Index/source/Hezareh_Part_01_PDF_0001-0250.md#L33435-L33438,True
cliquy,cliquy,cliquy,[],hz-006344,entry_candidate,raw_ocr,high,1,250,,dictionary/C/C-07.md,hz-006344-cliquy,sources/Hezareh_Dictionary_Index/source/Hezareh_Part_01_PDF_0001-0250.md#L33439-L33449,True
clisjunctive,clisjunctive,clisjunctive,[],hz-010441,entry_candidate,raw_ocr,hint_only,2,427,,dictionary/C/C-07.md,hz-010441-clisjunctive,sources/Hezareh_Dictionary_Index/source/Hezareh_Part_02_PDF_0251-0500.md#L20923-L20923,False
clispenSe,clispense,clispense,[],hz-010480,entry_candidate,raw_ocr,hint_only,2,429,,dictionary/C/C-07.md,hz-010480-clispense,sources/Hezareh_Dictionary_Index/source/Hezareh_Part_02_PDF_0251-0500.md#L21148-L21148,False
clitoriS,clitoris,clitoris,[],hz-006345,entry_candidate,raw_ocr,high,2,251,,dictionary/C/C-07.md,hz-006345-clitoris,sources/Hezareh_Dictionary_Index/source/Hezareh_Part_02_PDF_0251-0500.md#L197-L198,True
Cllr,cllr,cllr,[],hz-006346,entry_candidate,raw_ocr,medium,2,251,,dictionary/C/C-07.md,hz-006346-cllr,sources/Hezareh_Dictionary_Index/source/Hezareh_Part_02_PDF_0251-0500.md#L199-L200,True
cloak,cloak,cloak,[],hz-006347,entry_candidate,raw_ocr,medium,2,251,,dictionary/C/C-07.md,hz-006347-cloak,sources/Hezareh_Dictionary_Index/source/Hezareh_Part_02_PDF_0251-0500.md#L201-L205,True
cloak-and-dagger,cloak-and-dagger,cloak-and-dagger,[],hz-006348,entry_candidate,raw_ocr,high,2,251,,dictionary/C/C-07.md,hz-006348-cloak-and-dagger,sources/Hezareh_Dictionary_Index/source/Hezareh_Part_02_PDF_0251-0500.md#L206-L208,True
cloakroom,cloakroom,cloakroom,[],hz-006349,entry_candidate,raw_ocr,medium,2,251,,dictionary/C/C-07.md,hz-006349-cloakroom,sources/Hezareh_Dictionary_Index/source/Hezareh_Part_02_PDF_0251-0500.md#L209-L217,True
cloche,cloche,cloche,[],hz-006350,entry_candidate,raw_ocr,medium,2,251,,dictionary/C/C-07.md,hz-006350-cloche,sources/Hezareh_Dictionary_Index/source/Hezareh_Part_02_PDF_0251-0500.md#L218-L249,True
clock,clock,clock,[],hz-006351,entry_candidate,raw_ocr,medium,2,251,,dictionary/C/C-07.md,hz-006351-clock,sources/Hezareh_Dictionary_Index/source/Hezareh_Part_02_PDF_0251-0500.md#L254-L254,True
clock radio,clock radio,clock radio,[],hz-006355,entry_candidate,raw_ocr,medium,2,251,,dictionary/C/C-07.md,hz-006355-clock-radio,sources/Hezareh_Dictionary_Index/source/Hezareh_Part_02_PDF_0251-0500.md#L253-L253,True
clock tower,clock tower,clock tower,[],hz-006356,entry_candidate,raw_ocr,medium,2,251,,dictionary/C/C-07.md,hz-006356-clock-tower,sources/Hezareh_Dictionary_Index/source/Hezareh_Part_02_PDF_0251-0500.md#L254-L254,True
clock-dial,clock-dial,clock-dial,[],hz-006352,entry_candidate,raw_ocr,medium,2,251,,dictionary/C/C-07.md,hz-006352-clock-dial,sources/Hezareh_Dictionary_Index/source/Hezareh_Part_02_PDF_0251-0500.md#L250-L251,True
clock-facet'klok fers,clock-facet'klok fers,clock-facet'klok fers,[],hz-006353,entry_candidate,raw_ocr,hint_only,2,251,,dictionary/C/C-07.md,hz-006353-clock-facet-klok-fers,sources/Hezareh_Dictionary_Index/source/Hezareh_Part_02_PDF_0251-0500.md#L188-L188,False
clock-maker,clock-maker,clock-maker,[],hz-006354,entry_candidate,raw_ocr,medium,2,251,,dictionary/C/C-07.md,hz-006354-clock-maker,sources/Hezareh_Dictionary_Index/source/Hezareh_Part_02_PDF_0251-0500.md#L252-L252,True
clock-watcher,clock-watcher,clock-watcher,[],hz-006357,entry_candidate,raw_ocr,high,2,251,,dictionary/C/C-07.md,hz-006357-clock-watcher,sources/Hezareh_Dictionary_Index/source/Hezareh_Part_02_PDF_0251-0500.md#L255-L256,True
clock-watching,clock-watching,clock-watching,[],hz-006358,entry_candidate,raw_ocr,high,2,251,,dictionary/C/C-07.md,hz-006358-clock-watching,sources/Hezareh_Dictionary_Index/source/Hezareh_Part_02_PDF_0251-0500.md#L257-L260,True
clockwise,clockwise,clockwise,[],hz-006366,entry_candidate,raw_ocr,hint_only,2,251,,dictionary/C/C-07.md,hz-006366-clockwise,sources/Hezareh_Dictionary_Index/source/Hezareh_Part_02_PDF_0251-0500.md#L188-L188,False
clockwork,clockwork,clockwork,[],hz-006359,entry_candidate,raw_ocr,medium,2,251,,dictionary/C/C-07.md,hz-006359-clockwork,sources/Hezareh_Dictionary_Index/source/Hezareh_Part_02_PDF_0251-0500.md#L261-L266,True
cloctrine,cloctrine,cloctrine,[],hz-010705,entry_candidate,raw_ocr,hint_only,2,441,,dictionary/C/C-07.md,hz-010705-cloctrine,sources/Hezareh_Dictionary_Index/source/Hezareh_Part_02_PDF_0251-0500.md#L22522-L22522,False
clod,clod,clod,[],hz-006360,entry_candidate,raw_ocr,medium,2,251,,dictionary/C/C-07.md,hz-006360-clod,sources/Hezareh_Dictionary_Index/source/Hezareh_Part_02_PDF_0251-0500.md#L267-L281,True
clog,clog,clog,[],hz-006361,entry_candidate,raw_ocr,high,2,251,,dictionary/C/C-07.md,hz-006361-clog,sources/Hezareh_Dictionary_Index/source/Hezareh_Part_02_PDF_0251-0500.md#L282-L282,True
clog-collar,clog-collar,clog-collar,[],hz-010731,entry_candidate,raw_ocr,hint_only,2,442,,dictionary/C/C-07.md,hz-010731-clog-collar,sources/Hezareh_Dictionary_Index/source/Hezareh_Part_02_PDF_0251-0500.md#L22634-L22634,False
clog-dance,clog-dance,clog-dance,[],hz-006362,entry_candidate,raw_ocr,high,2,251,,dictionary/C/C-07.md,hz-006362-clog-dance,sources/Hezareh_Dictionary_Index/source/Hezareh_Part_02_PDF_0251-0500.md#L283-L288,True
cloister,cloister,cloister,[],hz-006364,entry_candidate,raw_ocr,medium,2,251,,dictionary/C/C-07.md,hz-006364-cloister,sources/Hezareh_Dictionary_Index/source/Hezareh_Part_02_PDF_0251-0500.md#L289-L296,True
cloistered,cloistered,cloistered,[],hz-006365,entry_candidate,raw_ocr,hint_only,2,251,,dictionary/C/C-07.md,hz-006365-cloistered,sources/Hezareh_Dictionary_Index/source/Hezareh_Part_02_PDF_0251-0500.md#L188-L188,False
cloJJiJo c,clojjijo c,clojjijo c,[],hz-023463,entry_candidate,raw_ocr,hint_only,5,1073,,dictionary/C/C-07.md,hz-023463-clojjijo-c,sources/Hezareh_Dictionary_Index/source/Hezareh_Part_05_PDF_1001-1250.md#L8656-L8656,False
clolsonne,clolsonne,clolsonne,[],hz-006363,entry_candidate,raw_ocr,hint_only,2,251,,dictionary/C/C-07.md,hz-006363-clolsonne,sources/Hezareh_Dictionary_Index/source/Hezareh_Part_02_PDF_0251-0500.md#L188-L188,False
clominiOn,clominion,clominion,[],hz-010804,entry_candidate,raw_ocr,hint_only,2,445,,dictionary/C/C-07.md,hz-010804-clominion,sources/Hezareh_Dictionary_Index/source/Hezareh_Part_02_PDF_0251-0500.md#L22974-L22974,False
clone,clone,clone,[],hz-006367,entry_candidate,raw_ocr,low,2,252,,dictionary/C/C-07.md,hz-006367-clone,sources/Hezareh_Dictionary_Index/source/Hezareh_Part_02_PDF_0251-0500.md#L312-L317,True
clonk,clonk,clonk,[],hz-006368,entry_candidate,raw_ocr,medium,2,252,,dictionary/C/C-07.md,hz-006368-clonk,sources/Hezareh_Dictionary_Index/source/Hezareh_Part_02_PDF_0251-0500.md#L318-L346,True
close,close,close,[],hz-006371,entry_candidate,raw_ocr,high,2,252,,dictionary/C/C-07.md,hz-006371-close,sources/Hezareh_Dictionary_Index/source/Hezareh_Part_02_PDF_0251-0500.md#L385-L400,True
close arouncl I round,close arouncl i round,close arouncl i round,[],hz-006374,entry_candidate,raw_ocr,hint_only,2,252,,dictionary/C/C-07.md,hz-006374-close-arouncl-i-round,sources/Hezareh_Dictionary_Index/source/Hezareh_Part_02_PDF_0251-0500.md#L300-L300,False
close in on,close in on,close in on,[],hz-006375,entry_candidate,raw_ocr,medium,2,253,,dictionary/C/C-07.md,hz-006375-close-in-on,sources/Hezareh_Dictionary_Index/source/Hezareh_Part_02_PDF_0251-0500.md#L479-L503,True
close season,close season,close season,[],hz-006389,entry_candidate,raw_ocr,high,2,253,,dictionary/C/C-07.md,hz-006389-close-season,sources/Hezareh_Dictionary_Index/source/Hezareh_Part_02_PDF_0251-0500.md#L556-L557,True
close up,close up,close up,[],hz-006372,entry_candidate,raw_ocr,high,2,252,,dictionary/C/C-07.md,hz-006372-close-up,sources/Hezareh_Dictionary_Index/source/Hezareh_Part_02_PDF_0251-0500.md#L385-L400,True
close-down,close-down,close-down,[],hz-006381,entry_candidate,raw_ocr,low,2,253,,dictionary/C/C-07.md,hz-006381-close-down,sources/Hezareh_Dictionary_Index/source/Hezareh_Part_02_PDF_0251-0500.md#L540-L541,True
close-fisted,close-fisted,close-fisted,[],hz-006383,entry_candidate,raw_ocr,hint_only,2,253,,dictionary/C/C-07.md,hz-006383-close-fisted,sources/Hezareh_Dictionary_Index/source/Hezareh_Part_02_PDF_0251-0500.md#L461-L461,False
close-fitting,close-fitting,close-fitting,[],hz-006384,entry_candidate,raw_ocr,medium,2,253,,dictionary/C/C-07.md,hz-006384-close-fitting,sources/Hezareh_Dictionary_Index/source/Hezareh_Part_02_PDF_0251-0500.md#L545-L548,True
close-fought,close-fought,close-fought,[],hz-006385,entry_candidate,raw_ocr,medium,2,253,,dictionary/C/C-07.md,hz-006385-close-fought,sources/Hezareh_Dictionary_Index/source/Hezareh_Part_02_PDF_0251-0500.md#L555-L555,True
close-grained,close-grained,close-grained,[],hz-006386,entry_candidate,raw_ocr,medium,2,253,,dictionary/C/C-07.md,hz-006386-close-grained,sources/Hezareh_Dictionary_Index/source/Hezareh_Part_02_PDF_0251-0500.md#L549-L550,True
close-hauled,close-hauled,close-hauled,[],hz-006387,entry_candidate,raw_ocr,medium,2,253,,dictionary/C/C-07.md,hz-006387-close-hauled,sources/Hezareh_Dictionary_Index/source/Hezareh_Part_02_PDF_0251-0500.md#L551-L554,True
close-run,close-run,close-run,[],hz-006388,entry_candidate,raw_ocr,hint_only,2,253,,dictionary/C/C-07.md,hz-006388-close-run,sources/Hezareh_Dictionary_Index/source/Hezareh_Part_02_PDF_0251-0500.md#L461-L461,False
close-set,close-set,close-set,[],hz-006390,entry_candidate,raw_ocr,medium,2,253,,dictionary/C/C-07.md,hz-006390-close-set,sources/Hezareh_Dictionary_Index/source/Hezareh_Part_02_PDF_0251-0500.md#L558-L559,True
close-up,close-up,close-up,[],hz-006393,entry_candidate,raw_ocr,medium,2,253,,dictionary/C/C-07.md,hz-006393-close-up,sources/Hezareh_Dictionary_Index/source/Hezareh_Part_02_PDF_0251-0500.md#L568-L570,True
closed,closed,closed,[],hz-006378,entry_candidate,raw_ocr,high,2,253,,dictionary/C/C-07.md,hz-006378-closed,sources/Hezareh_Dictionary_Index/source/Hezareh_Part_02_PDF_0251-0500.md#L542-L544,True
closed circuit,closed circuit,closed circuit,[],hz-006379,entry_candidate,raw_ocr,medium,2,253,,dictionary/C/C-07.md,hz-006379-closed-circuit,sources/Hezareh_Dictionary_Index/source/Hezareh_Part_02_PDF_0251-0500.md#L536-L537,True
closed shop,closed shop,closed shop,[],hz-006382,entry_candidate,raw_ocr,high,2,253,,dictionary/C/C-07.md,hz-006382-closed-shop,sources/Hezareh_Dictionary_Index/source/Hezareh_Part_02_PDF_0251-0500.md#L542-L544,True
closed-circuit television,closed-circuit television,closed-circuit television,[],hz-006380,entry_candidate,raw_ocr,high,2,253,,dictionary/C/C-07.md,hz-006380-closed-circuit-television,sources/Hezareh_Dictionary_Index/source/Hezareh_Part_02_PDF_0251-0500.md#L538-L539,True
closet,closet,closet,[],hz-006391,entry_candidate,raw_ocr,medium,2,253,,dictionary/C/C-07.md,hz-006391-closet,sources/Hezareh_Dictionary_Index/source/Hezareh_Part_02_PDF_0251-0500.md#L560-L563,True
closing date,closing date,closing date,[],hz-006394,entry_candidate,raw_ocr,high,2,254,,dictionary/C/C-07.md,hz-006394-closing-date,sources/Hezareh_Dictionary_Index/source/Hezareh_Part_02_PDF_0251-0500.md#L584-L585,True
closing-time,closing-time,closing-time,[],hz-006395,entry_candidate,raw_ocr,high,2,254,,dictionary/C/C-07.md,hz-006395-closing-time,sources/Hezareh_Dictionary_Index/source/Hezareh_Part_02_PDF_0251-0500.md#L586-L587,True
closure,closure,closure,[],hz-006396,entry_candidate,raw_ocr,high,2,254,,dictionary/C/C-07.md,hz-006396-closure,sources/Hezareh_Dictionary_Index/source/Hezareh_Part_02_PDF_0251-0500.md#L588-L591,True
clot,clot,clot,[],hz-006397,entry_candidate,raw_ocr,high,2,254,,dictionary/C/C-07.md,hz-006397-clot,sources/Hezareh_Dictionary_Index/source/Hezareh_Part_02_PDF_0251-0500.md#L592-L597,True
cloth,cloth,cloth,[],hz-006398,entry_candidate,raw_ocr,high,2,254,,dictionary/C/C-07.md,hz-006398-cloth,sources/Hezareh_Dictionary_Index/source/Hezareh_Part_02_PDF_0251-0500.md#L598-L605,True
cloth cap,cloth cap,cloth cap,[],hz-006399,entry_candidate,raw_ocr,high,2,254,,dictionary/C/C-07.md,hz-006399-cloth-cap,sources/Hezareh_Dictionary_Index/source/Hezareh_Part_02_PDF_0251-0500.md#L606-L607,True
clothe,clothe,clothe,[],hz-006400,entry_candidate,raw_ocr,high,2,254,,dictionary/C/C-07.md,hz-006400-clothe,sources/Hezareh_Dictionary_Index/source/Hezareh_Part_02_PDF_0251-0500.md#L608-L612,True
clothes,clothes,clothes,[],hz-006401,entry_candidate,raw_ocr,high,2,254,,dictionary/C/C-07.md,hz-006401-clothes,sources/Hezareh_Dictionary_Index/source/Hezareh_Part_02_PDF_0251-0500.md#L613-L634,True
clothes-basket,clothes-basket,clothes-basket,[],hz-006404,entry_candidate,raw_ocr,high,2,254,,dictionary/C/C-07.md,hz-006404-clothes-basket,sources/Hezareh_Dictionary_Index/source/Hezareh_Part_02_PDF_0251-0500.md#L674-L685,True
clothes-brush,clothes-brush,clothes-brush,[],hz-006405,entry_candidate,raw_ocr,hint_only,2,254,,dictionary/C/C-07.md,hz-006405-clothes-brush,sources/Hezareh_Dictionary_Index/source/Hezareh_Part_02_PDF_0251-0500.md#L574-L574,False
clothes-hanger,clothes-hanger,clothes-hanger,[],hz-006406,entry_candidate,raw_ocr,hint_only,2,254,,dictionary/C/C-07.md,hz-006406-clothes-hanger,sources/Hezareh_Dictionary_Index/source/Hezareh_Part_02_PDF_0251-0500.md#L574-L574,False
clothes-horse,clothes-horse,clothes-horse,[],hz-006407,entry_candidate,raw_ocr,high,2,254,,dictionary/C/C-07.md,hz-006407-clothes-horse,sources/Hezareh_Dictionary_Index/source/Hezareh_Part_02_PDF_0251-0500.md#L635-L635,True
clothes-moth,clothes-moth,clothes-moth,[],hz-006408,entry_candidate,raw_ocr,high,2,255,,dictionary/C/C-07.md,hz-006408-clothes-moth,sources/Hezareh_Dictionary_Index/source/Hezareh_Part_02_PDF_0251-0500.md#L701-L702,True
clothes-peg,clothes-peg,clothes-peg,[],hz-006409,entry_candidate,raw_ocr,high,2,255,,dictionary/C/C-07.md,hz-006409-clothes-peg,sources/Hezareh_Dictionary_Index/source/Hezareh_Part_02_PDF_0251-0500.md#L703-L704,True
clothes-pin,clothes-pin,clothes-pin,[],hz-006410,entry_candidate,raw_ocr,medium,2,255,,dictionary/C/C-07.md,hz-006410-clothes-pin,sources/Hezareh_Dictionary_Index/source/Hezareh_Part_02_PDF_0251-0500.md#L705-L706,True
clothes-tree,clothes-tree,clothes-tree,[],hz-006411,entry_candidate,raw_ocr,high,2,255,,dictionary/C/C-07.md,hz-006411-clothes-tree,sources/Hezareh_Dictionary_Index/source/Hezareh_Part_02_PDF_0251-0500.md#L707-L708,True
clothing,clothing,clothing,[],hz-006412,entry_candidate,raw_ocr,medium,2,255,,dictionary/C/C-07.md,hz-006412-clothing,sources/Hezareh_Dictionary_Index/source/Hezareh_Part_02_PDF_0251-0500.md#L709-L712,True
clotted-cream,clotted-cream,clotted-cream,[],hz-006413,entry_candidate,raw_ocr,high,2,255,,dictionary/C/C-07.md,hz-006413-clotted-cream,sources/Hezareh_Dictionary_Index/source/Hezareh_Part_02_PDF_0251-0500.md#L713-L713,True
cloture,cloture,cloture,[],hz-006414,entry_candidate,raw_ocr,medium,2,255,,dictionary/C/C-07.md,hz-006414-cloture,sources/Hezareh_Dictionary_Index/source/Hezareh_Part_02_PDF_0251-0500.md#L714-L738,True
cloud,cloud,cloud,[],hz-019711,entry_candidate,raw_ocr,high,4,862,,dictionary/C/C-07.md,hz-019711-cloud,sources/Hezareh_Dictionary_Index/source/Hezareh_Part_04_PDF_0751-1000.md#L12852-L12853,True
cloud-bankt'klaud breuk,cloud-bankt'klaud breuk,cloud-bankt'klaud breuk,[],hz-006416,entry_candidate,raw_ocr,hint_only,2,255,,dictionary/C/C-07.md,hz-006416-cloud-bankt-klaud-breuk,sources/Hezareh_Dictionary_Index/source/Hezareh_Part_02_PDF_0251-0500.md#L689-L689,False
cloud-capped,cloud-capped,cloud-capped,[],hz-006418,entry_candidate,raw_ocr,medium,2,255,,dictionary/C/C-07.md,hz-006418-cloud-capped,sources/Hezareh_Dictionary_Index/source/Hezareh_Part_02_PDF_0251-0500.md#L740-L743,True
cloud-land,cloud-land,cloud-land,[],hz-006420,entry_candidate,raw_ocr,high,2,255,,dictionary/C/C-07.md,hz-006420-cloud-land,sources/Hezareh_Dictionary_Index/source/Hezareh_Part_02_PDF_0251-0500.md#L751-L754,True
cloudburst,cloudburst,cloudburst,[],hz-006417,entry_candidate,raw_ocr,high,2,255,,dictionary/C/C-07.md,hz-006417-cloudburst,sources/Hezareh_Dictionary_Index/source/Hezareh_Part_02_PDF_0251-0500.md#L739-L739,True
cloudineSS,cloudiness,cloudiness,[],hz-006419,entry_candidate,raw_ocr,low,2,255,,dictionary/C/C-07.md,hz-006419-cloudiness,sources/Hezareh_Dictionary_Index/source/Hezareh_Part_02_PDF_0251-0500.md#L744-L750,True
cloudleSS,cloudless,cloudless,[],hz-006421,entry_candidate,raw_ocr,high,2,255,,dictionary/C/C-07.md,hz-006421-cloudless,sources/Hezareh_Dictionary_Index/source/Hezareh_Part_02_PDF_0251-0500.md#L755-L755,True
cloudtklaud,cloudtklaud,cloudtklaud,[],hz-006415,entry_candidate,raw_ocr,hint_only,2,255,,dictionary/C/C-07.md,hz-006415-cloudtklaud,sources/Hezareh_Dictionary_Index/source/Hezareh_Part_02_PDF_0251-0500.md#L689-L689,False
cloudy,cloudy,cloudy,[],hz-006422,entry_candidate,raw_ocr,high,2,255,,dictionary/C/C-07.md,hz-006422-cloudy,sources/Hezareh_Dictionary_Index/source/Hezareh_Part_02_PDF_0251-0500.md#L756-L773,True
clove,clove,clove,[],hz-006423,entry_candidate,raw_ocr,high,2,255,,dictionary/C/C-07.md,hz-006423-clove,sources/Hezareh_Dictionary_Index/source/Hezareh_Part_02_PDF_0251-0500.md#L774-L777,True
clove hitch,clove hitch,clove hitch,[],hz-006424,entry_candidate,raw_ocr,high,2,255,,dictionary/C/C-07.md,hz-006424-clove-hitch,sources/Hezareh_Dictionary_Index/source/Hezareh_Part_02_PDF_0251-0500.md#L778-L781,True
cloven,cloven,cloven,[],hz-006425,entry_candidate,raw_ocr,high,2,255,,dictionary/C/C-07.md,hz-006425-cloven,sources/Hezareh_Dictionary_Index/source/Hezareh_Part_02_PDF_0251-0500.md#L786-L789,True
cloven foot,cloven foot,cloven foot,[],hz-006426,entry_candidate,raw_ocr,high,2,255,,dictionary/C/C-07.md,hz-006426-cloven-foot,sources/Hezareh_Dictionary_Index/source/Hezareh_Part_02_PDF_0251-0500.md#L782-L783,True
cloven hoof,cloven hoof,cloven hoof,[],hz-006428,entry_candidate,raw_ocr,high,2,255,,dictionary/C/C-07.md,hz-006428-cloven-hoof,sources/Hezareh_Dictionary_Index/source/Hezareh_Part_02_PDF_0251-0500.md#L786-L789,True
cloven hoofed,cloven hoofed,cloven hoofed,[],hz-006429,entry_candidate,raw_ocr,high,2,255,,dictionary/C/C-07.md,hz-006429-cloven-hoofed,sources/Hezareh_Dictionary_Index/source/Hezareh_Part_02_PDF_0251-0500.md#L790-L793,True
cloven-footed,cloven-footed,cloven-footed,[],hz-006427,entry_candidate,raw_ocr,high,2,255,,dictionary/C/C-07.md,hz-006427-cloven-footed,sources/Hezareh_Dictionary_Index/source/Hezareh_Part_02_PDF_0251-0500.md#L784-L785,True
clover,clover,clover,[],hz-006430,entry_candidate,raw_ocr,high,2,255,,dictionary/C/C-07.md,hz-006430-clover,sources/Hezareh_Dictionary_Index/source/Hezareh_Part_02_PDF_0251-0500.md#L794-L815,True
clover-leaf,clover-leaf,clover-leaf,[],hz-006432,entry_candidate,raw_ocr,hint_only,2,255,,dictionary/C/C-07.md,hz-006432-clover-leaf,sources/Hezareh_Dictionary_Index/source/Hezareh_Part_02_PDF_0251-0500.md#L689-L689,False
clown,clown,clown,[],hz-006431,entry_candidate,raw_ocr,high,2,255,,dictionary/C/C-07.md,hz-006431-clown,sources/Hezareh_Dictionary_Index/source/Hezareh_Part_02_PDF_0251-0500.md#L816-L817,True
clown about,clown about,clown about,[],hz-006433,entry_candidate,raw_ocr,high,2,255,,dictionary/C/C-07.md,hz-006433-clown-about,sources/Hezareh_Dictionary_Index/source/Hezareh_Part_02_PDF_0251-0500.md#L816-L817,True
clownish,clownish,clownish,[],hz-006434,entry_candidate,raw_ocr,medium,2,255,,dictionary/C/C-07.md,hz-006434-clownish,sources/Hezareh_Dictionary_Index/source/Hezareh_Part_02_PDF_0251-0500.md#L818-L819,True
cloy,cloy,cloy,[],hz-006435,entry_candidate,raw_ocr,low,2,255,,dictionary/C/C-07.md,hz-006435-cloy,sources/Hezareh_Dictionary_Index/source/Hezareh_Part_02_PDF_0251-0500.md#L820-L831,True
cloying,cloying,cloying,[],hz-006436,entry_candidate,raw_ocr,high,2,255,,dictionary/C/C-07.md,hz-006436-cloying,sources/Hezareh_Dictionary_Index/source/Hezareh_Part_02_PDF_0251-0500.md#L832-L843,True
clramatically,clramatically,clramatically,[],hz-011000,entry_candidate,raw_ocr,hint_only,2,454,,dictionary/C/C-07.md,hz-011000-clramatically,sources/Hezareh_Dictionary_Index/source/Hezareh_Part_02_PDF_0251-0500.md#L23989-L23989,False
clrcumtocutlon,clrcumtocutlon,clrcumtocutlon,[],hz-006087,entry_candidate,raw_ocr,hint_only,1,239,,dictionary/C/C-07.md,hz-006087-clrcumtocutlon,sources/Hezareh_Dictionary_Index/source/Hezareh_Part_01_PDF_0001-0250.md#L32029-L32029,False
clreadnought,clreadnought,clreadnought,[],hz-011045,entry_candidate,raw_ocr,hint_only,2,457,,dictionary/C/C-07.md,hz-011045-clreadnought,sources/Hezareh_Dictionary_Index/source/Hezareh_Part_02_PDF_0251-0500.md#L24329-L24329,False
club sandwich,club sandwich,club sandwich,[],hz-006442,entry_candidate,raw_ocr,high,2,256,,dictionary/C/C-07.md,hz-006442-club-sandwich,sources/Hezareh_Dictionary_Index/source/Hezareh_Part_02_PDF_0251-0500.md#L876-L880,True
club-foot,club-foot,club-foot,[],hz-006438,entry_candidate,raw_ocr,hint_only,2,256,,dictionary/C/C-07.md,hz-006438-club-foot,sources/Hezareh_Dictionary_Index/source/Hezareh_Part_02_PDF_0251-0500.md#L847-L847,False
clubbable,clubbable,clubbable,[],hz-006437,entry_candidate,raw_ocr,medium,2,256,,dictionary/C/C-07.md,hz-006437-clubbable,sources/Hezareh_Dictionary_Index/source/Hezareh_Part_02_PDF_0251-0500.md#L866-L871,True
clubhouse,clubhouse,clubhouse,[],hz-006439,entry_candidate,raw_ocr,medium,2,256,,dictionary/C/C-07.md,hz-006439-clubhouse,sources/Hezareh_Dictionary_Index/source/Hezareh_Part_02_PDF_0251-0500.md#L872-L873,True
clubland,clubland,clubland,[],hz-006440,entry_candidate,raw_ocr,medium,2,256,,dictionary/C/C-07.md,hz-006440-clubland,sources/Hezareh_Dictionary_Index/source/Hezareh_Part_02_PDF_0251-0500.md#L874-L875,True
cluckiklAk,cluckiklak,cluckiklak,[],hz-006443,entry_candidate,raw_ocr,hint_only,2,256,,dictionary/C/C-07.md,hz-006443-cluckiklak,sources/Hezareh_Dictionary_Index/source/Hezareh_Part_02_PDF_0251-0500.md#L847-L847,False
clue,clue,clue,[],hz-006444,entry_candidate,raw_ocr,medium,2,256,,dictionary/C/C-07.md,hz-006444-clue,sources/Hezareh_Dictionary_Index/source/Hezareh_Part_02_PDF_0251-0500.md#L881-L908,True
clumpy,clumpy,clumpy,[],hz-006445,entry_candidate,raw_ocr,medium,2,256,,dictionary/C/C-07.md,hz-006445-clumpy,sources/Hezareh_Dictionary_Index/source/Hezareh_Part_02_PDF_0251-0500.md#L909-L911,True
clumsily,clumsily,clumsily,[],hz-006446,entry_candidate,raw_ocr,high,2,256,,dictionary/C/C-07.md,hz-006446-clumsily,sources/Hezareh_Dictionary_Index/source/Hezareh_Part_02_PDF_0251-0500.md#L912-L914,True
clumsineSS,clumsiness,clumsiness,[],hz-006447,entry_candidate,raw_ocr,high,2,256,,dictionary/C/C-07.md,hz-006447-clumsiness,sources/Hezareh_Dictionary_Index/source/Hezareh_Part_02_PDF_0251-0500.md#L915-L917,True
clumsy,clumsy,clumsy,[],hz-006448,entry_candidate,raw_ocr,high,2,256,,dictionary/C/C-07.md,hz-006448-clumsy,sources/Hezareh_Dictionary_Index/source/Hezareh_Part_02_PDF_0251-0500.md#L918-L925,True
clunk,clunk,clunk,[],hz-006449,entry_candidate,raw_ocr,high,2,256,,dictionary/C/C-07.md,hz-006449-clunk,sources/Hezareh_Dictionary_Index/source/Hezareh_Part_02_PDF_0251-0500.md#L926-L927,True
cluster,cluster,cluster,[],hz-006450,entry_candidate,raw_ocr,high,2,256,,dictionary/C/C-07.md,hz-006450-cluster,sources/Hezareh_Dictionary_Index/source/Hezareh_Part_02_PDF_0251-0500.md#L928-L938,True
clutch,clutch,clutch,[],hz-033226,entry_candidate,raw_ocr,medium,7,1665,,dictionary/C/C-07.md,hz-033226-clutch,sources/Hezareh_Dictionary_Index/source/Hezareh_Part_07_PDF_1501-1750.md#L19359-L19366,True
clutter,clutter,clutter,[],hz-006452,entry_candidate,raw_ocr,high,2,256,,dictionary/C/C-07.md,hz-006452-clutter,sources/Hezareh_Dictionary_Index/source/Hezareh_Part_02_PDF_0251-0500.md#L950-L957,True
cm,cm,cm,[],hz-006453,entry_candidate,raw_ocr,high,2,257,,dictionary/C/C-07.md,hz-006453-cm,sources/Hezareh_Dictionary_Index/source/Hezareh_Part_02_PDF_0251-0500.md#L974-L975,True
Cmdr,cmdr,cmdr,[],hz-006454,entry_candidate,raw_ocr,high,2,257,,dictionary/C/C-07.md,hz-006454-cmdr,sources/Hezareh_Dictionary_Index/source/Hezareh_Part_02_PDF_0251-0500.md#L976-L976,True
Cmdre,cmdre,cmdre,[],hz-006455,entry_candidate,raw_ocr,high,2,257,,dictionary/C/C-07.md,hz-006455-cmdre,sources/Hezareh_Dictionary_Index/source/Hezareh_Part_02_PDF_0251-0500.md#L977-L977,True
CND,cnd,cnd,[],hz-006456,entry_candidate,raw_ocr,high,2,257,,dictionary/C/C-07.md,hz-006456-cnd,sources/Hezareh_Dictionary_Index/source/Hezareh_Part_02_PDF_0251-0500.md#L978-L997,True
CO St price,co st price,co st price,[],hz-007911,entry_candidate,raw_ocr,hint_only,2,321,,dictionary/C/C-07.md,hz-007911-co-st-price,sources/Hezareh_Dictionary_Index/source/Hezareh_Part_02_PDF_0251-0500.md#L8663-L8663,False
CO-,co-,co-,[],hz-038783,entry_candidate,raw_ocr,medium,8,1961,,dictionary/C/C-07.md,hz-038783-co,sources/Hezareh_Dictionary_Index/source/Hezareh_Part_08_PDF_1751-1976.md#L24798-L24800,True
co-driver,co-driver,co-driver,[],hz-006565,entry_candidate,raw_ocr,high,2,261,,dictionary/C/C-07.md,hz-006565-co-driver,sources/Hezareh_Dictionary_Index/source/Hezareh_Part_02_PDF_0251-0500.md#L1434-L1435,True
co-op,co-op,co-op,[],hz-007676,entry_candidate,raw_ocr,high,2,313,,dictionary/C/C-07.md,hz-007676-co-op,sources/Hezareh_Dictionary_Index/source/Hezareh_Part_02_PDF_0251-0500.md#L7695-L7698,True
co-operate I kau'nparcrt,co-operate i kau'nparcrt,co-operate i kau'nparcrt,[],hz-007678,entry_candidate,raw_ocr,hint_only,2,313,,dictionary/C/C-07.md,hz-007678-co-operate-i-kau-nparcrt,sources/Hezareh_Dictionary_Index/source/Hezareh_Part_02_PDF_0251-0500.md#L7686-L7686,False
co-operation,co-operation,co-operation,[],hz-007679,entry_candidate,raw_ocr,medium,2,313,,dictionary/C/C-07.md,hz-007679-co-operation,sources/Hezareh_Dictionary_Index/source/Hezareh_Part_02_PDF_0251-0500.md#L7704-L7714,True
co-operatively,co-operatively,co-operatively,[],hz-007680,entry_candidate,raw_ocr,medium,2,313,,dictionary/C/C-07.md,hz-007680-co-operatively,sources/Hezareh_Dictionary_Index/source/Hezareh_Part_02_PDF_0251-0500.md#L7715-L7736,True
co-opt,co-opt,co-opt,[],hz-007681,entry_candidate,raw_ocr,hint_only,2,313,,dictionary/C/C-07.md,hz-007681-co-opt,sources/Hezareh_Dictionary_Index/source/Hezareh_Part_02_PDF_0251-0500.md#L7686-L7686,False
co-ordinate clause,co-ordinate clause,co-ordinate clause,[],hz-007682,entry_candidate,raw_ocr,high,2,313,,dictionary/C/C-07.md,hz-007682-co-ordinate-clause,sources/Hezareh_Dictionary_Index/source/Hezareh_Part_02_PDF_0251-0500.md#L7737-L7738,True
co-ordination,co-ordination,co-ordination,[],hz-007684,entry_candidate,raw_ocr,medium,2,313,,dictionary/C/C-07.md,hz-007684-co-ordination,sources/Hezareh_Dictionary_Index/source/Hezareh_Part_02_PDF_0251-0500.md#L7742-L7750,True
co-ordinator,co-ordinator,co-ordinator,[],hz-007685,entry_candidate,raw_ocr,high,2,313,,dictionary/C/C-07.md,hz-007685-co-ordinator,sources/Hezareh_Dictionary_Index/source/Hezareh_Part_02_PDF_0251-0500.md#L7751-L7768,True
CO-partner,co-partner,co-partner,[],hz-007687,entry_candidate,raw_ocr,hint_only,2,313,,dictionary/C/C-07.md,hz-007687-co-partner,sources/Hezareh_Dictionary_Index/source/Hezareh_Part_02_PDF_0251-0500.md#L7686-L7686,False
CO-pilot,co-pilot,co-pilot,[],hz-007694,entry_candidate,raw_ocr,medium,2,314,,dictionary/C/C-07.md,hz-007694-co-pilot,sources/Hezareh_Dictionary_Index/source/Hezareh_Part_02_PDF_0251-0500.md#L7813-L7813,True
co-religionist,co-religionist,co-religionist,[],hz-007745,entry_candidate,raw_ocr,hint_only,2,315,,dictionary/C/C-07.md,hz-007745-co-religionist,sources/Hezareh_Dictionary_Index/source/Hezareh_Part_02_PDF_0251-0500.md#L7915-L7915,False
co-respondent,co-respondent,co-respondent,[],hz-007746,entry_candidate,raw_ocr,high,2,315,,dictionary/C/C-07.md,hz-007746-co-respondent,sources/Hezareh_Dictionary_Index/source/Hezareh_Part_02_PDF_0251-0500.md#L7998-L7999,True
CO-Signatory,co-signatory,co-signatory,[],hz-007879,entry_candidate,raw_ocr,high,2,320,,dictionary/C/C-07.md,hz-007879-co-signatory,sources/Hezareh_Dictionary_Index/source/Hezareh_Part_02_PDF_0251-0500.md#L8565-L8566,True
co-star,co-star,co-star,[],hz-007897,entry_candidate,raw_ocr,high,2,321,,dictionary/C/C-07.md,hz-007897-co-star,sources/Hezareh_Dictionary_Index/source/Hezareh_Part_02_PDF_0251-0500.md#L8702-L8708,True
CO-tenant,co-tenant,co-tenant,[],hz-007926,entry_candidate,raw_ocr,medium,2,322,,dictionary/C/C-07.md,hz-007926-co-tenant,sources/Hezareh_Dictionary_Index/source/Hezareh_Part_02_PDF_0251-0500.md#L8796-L8796,True
coach,coach,coach,[],hz-006457,entry_candidate,raw_ocr,high,2,257,,dictionary/C/C-07.md,hz-006457-coach,sources/Hezareh_Dictionary_Index/source/Hezareh_Part_02_PDF_0251-0500.md#L998-L1010,True
coach station l'butf sterju,coach station l'butf sterju,coach station l'butf sterju,[],hz-006462,entry_candidate,raw_ocr,hint_only,2,257,,dictionary/C/C-07.md,hz-006462-coach-station-l-butf-sterju,sources/Hezareh_Dictionary_Index/source/Hezareh_Part_02_PDF_0251-0500.md#L961-L961,False
coach trip,coach trip,coach trip,[],hz-006463,entry_candidate,raw_ocr,high,2,257,,dictionary/C/C-07.md,hz-006463-coach-trip,sources/Hezareh_Dictionary_Index/source/Hezareh_Part_02_PDF_0251-0500.md#L1015-L1021,True
coach-bullder,coach-bullder,coach-bullder,[],hz-006458,entry_candidate,raw_ocr,hint_only,2,257,,dictionary/C/C-07.md,hz-006458-coach-bullder,sources/Hezareh_Dictionary_Index/source/Hezareh_Part_02_PDF_0251-0500.md#L961-L961,False
coach-house neau haus,coach-house neau haus,coach-house neau haus,[],hz-006459,entry_candidate,raw_ocr,hint_only,2,257,,dictionary/C/C-07.md,hz-006459-coach-house-neau-haus,sources/Hezareh_Dictionary_Index/source/Hezareh_Part_02_PDF_0251-0500.md#L961-L961,False
coachloadt'butflaud,coachloadt'butflaud,coachloadt'butflaud,[],hz-006460,entry_candidate,raw_ocr,hint_only,2,257,,dictionary/C/C-07.md,hz-006460-coachloadt-butflaud,sources/Hezareh_Dictionary_Index/source/Hezareh_Part_02_PDF_0251-0500.md#L961-L961,False
coachman,coachman,coachman,[],hz-006461,entry_candidate,raw_ocr,high,2,257,,dictionary/C/C-07.md,hz-006461-coachman,sources/Hezareh_Dictionary_Index/source/Hezareh_Part_02_PDF_0251-0500.md#L1011-L1014,True
coagulate,coagulate,coagulate,[],hz-006464,entry_candidate,raw_ocr,medium,2,257,,dictionary/C/C-07.md,hz-006464-coagulate,sources/Hezareh_Dictionary_Index/source/Hezareh_Part_02_PDF_0251-0500.md#L1022-L1023,True
coagulation,coagulation,coagulation,[],hz-006465,entry_candidate,raw_ocr,medium,2,257,,dictionary/C/C-07.md,hz-006465-coagulation,sources/Hezareh_Dictionary_Index/source/Hezareh_Part_02_PDF_0251-0500.md#L1024-L1025,True
coal,coal,coal,[],hz-006466,entry_candidate,raw_ocr,medium,2,257,,dictionary/C/C-07.md,hz-006466-coal,sources/Hezareh_Dictionary_Index/source/Hezareh_Part_02_PDF_0251-0500.md#L1026-L1033,True
coal gas,coal gas,coal gas,[],hz-006472,entry_candidate,raw_ocr,low,2,257,,dictionary/C/C-07.md,hz-006472-coal-gas,sources/Hezareh_Dictionary_Index/source/Hezareh_Part_02_PDF_0251-0500.md#L1046-L1047,True
coal industry,coal industry,coal industry,[],hz-006474,entry_candidate,raw_ocr,low,2,257,,dictionary/C/C-07.md,hz-006474-coal-industry,sources/Hezareh_Dictionary_Index/source/Hezareh_Part_02_PDF_0251-0500.md#L1048-L1050,True
coal measures,coal measures,coal measures,[],hz-006477,entry_candidate,raw_ocr,medium,2,257,,dictionary/C/C-07.md,hz-006477-coal-measures,sources/Hezareh_Dictionary_Index/source/Hezareh_Part_02_PDF_0251-0500.md#L1055-L1058,True
coal miner,coal miner,coal miner,[],hz-006479,entry_candidate,raw_ocr,hint_only,2,257,,dictionary/C/C-07.md,hz-006479-coal-miner,sources/Hezareh_Dictionary_Index/source/Hezareh_Part_02_PDF_0251-0500.md#L961-L961,False
coal oil,coal oil,coal oil,[],hz-006480,entry_candidate,raw_ocr,medium,2,257,,dictionary/C/C-08.md,hz-006480-coal-oil,sources/Hezareh_Dictionary_Index/source/Hezareh_Part_02_PDF_0251-0500.md#L1059-L1060,True
coal tar,coal tar,coal tar,[],hz-006484,entry_candidate,raw_ocr,medium,2,257,,dictionary/C/C-08.md,hz-006484-coal-tar,sources/Hezareh_Dictionary_Index/source/Hezareh_Part_02_PDF_0251-0500.md#L1063-L1065,True
coal-dust,coal-dust,coal-dust,[],hz-006468,entry_candidate,raw_ocr,medium,2,257,,dictionary/C/C-08.md,hz-006468-coal-dust,sources/Hezareh_Dictionary_Index/source/Hezareh_Part_02_PDF_0251-0500.md#L1037-L1042,True
coal-fired,coal-fired,coal-fired,[],hz-006471,entry_candidate,raw_ocr,medium,2,257,,dictionary/C/C-08.md,hz-006471-coal-fired,sources/Hezareh_Dictionary_Index/source/Hezareh_Part_02_PDF_0251-0500.md#L1045-L1045,True
coal-holet'bul haul,coal-holet'bul haul,coal-holet'bul haul,[],hz-006473,entry_candidate,raw_ocr,hint_only,2,257,,dictionary/C/C-08.md,hz-006473-coal-holet-bul-haul,sources/Hezareh_Dictionary_Index/source/Hezareh_Part_02_PDF_0251-0500.md#L961-L961,False
coal-pit,coal-pit,coal-pit,[],hz-006481,entry_candidate,raw_ocr,hint_only,2,257,,dictionary/C/C-08.md,hz-006481-coal-pit,sources/Hezareh_Dictionary_Index/source/Hezareh_Part_02_PDF_0251-0500.md#L961-L961,False
coal-scuttle,coal-scuttle,coal-scuttle,[],hz-006482,entry_candidate,raw_ocr,medium,2,257,,dictionary/C/C-08.md,hz-006482-coal-scuttle,sources/Hezareh_Dictionary_Index/source/Hezareh_Part_02_PDF_0251-0500.md#L1061-L1061,True
coal-seam,coal-seam,coal-seam,[],hz-006483,entry_candidate,raw_ocr,medium,2,257,,dictionary/C/C-08.md,hz-006483-coal-seam,sources/Hezareh_Dictionary_Index/source/Hezareh_Part_02_PDF_0251-0500.md#L1062-L1062,True
coalbin,coalbin,coalbin,[],hz-006467,entry_candidate,raw_ocr,medium,2,257,,dictionary/C/C-08.md,hz-006467-coalbin,sources/Hezareh_Dictionary_Index/source/Hezareh_Part_02_PDF_0251-0500.md#L1034-L1036,True
coalescence,coalescence,coalescence,[],hz-006469,entry_candidate,raw_ocr,hint_only,2,257,,dictionary/C/C-08.md,hz-006469-coalescence,sources/Hezareh_Dictionary_Index/source/Hezareh_Part_02_PDF_0251-0500.md#L961-L961,False
coalface,coalface,coalface,[],hz-006470,entry_candidate,raw_ocr,medium,2,257,,dictionary/C/C-08.md,hz-006470-coalface,sources/Hezareh_Dictionary_Index/source/Hezareh_Part_02_PDF_0251-0500.md#L1043-L1044,True
coalition,coalition,coalition,[],hz-006475,entry_candidate,raw_ocr,low,2,257,,dictionary/C/C-08.md,hz-006475-coalition,sources/Hezareh_Dictionary_Index/source/Hezareh_Part_02_PDF_0251-0500.md#L1051-L1052,True
coalman,coalman,coalman,[],hz-006476,entry_candidate,raw_ocr,medium,2,257,,dictionary/C/C-08.md,hz-006476-coalman,sources/Hezareh_Dictionary_Index/source/Hezareh_Part_02_PDF_0251-0500.md#L1053-L1054,True
coalmine,coalmine,coalmine,[],hz-006478,entry_candidate,raw_ocr,hint_only,2,257,,dictionary/C/C-08.md,hz-006478-coalmine,sources/Hezareh_Dictionary_Index/source/Hezareh_Part_02_PDF_0251-0500.md#L961-L961,False
coaming,coaming,coaming,[],hz-006485,entry_candidate,raw_ocr,hint_only,2,257,,dictionary/C/C-08.md,hz-006485-coaming,sources/Hezareh_Dictionary_Index/source/Hezareh_Part_02_PDF_0251-0500.md#L961-L961,False
coarse,coarse,coarse,[],hz-006486,entry_candidate,raw_ocr,medium,2,257,,dictionary/C/C-08.md,hz-006486-coarse,sources/Hezareh_Dictionary_Index/source/Hezareh_Part_02_PDF_0251-0500.md#L1066-L1069,True
coarse fish,coarse fish,coarse fish,[],hz-006487,entry_candidate,raw_ocr,high,2,258,,dictionary/C/C-08.md,hz-006487-coarse-fish,sources/Hezareh_Dictionary_Index/source/Hezareh_Part_02_PDF_0251-0500.md#L1088-L1089,True
coarse fishing,coarse fishing,coarse fishing,[],hz-006488,entry_candidate,raw_ocr,medium,2,258,,dictionary/C/C-08.md,hz-006488-coarse-fishing,sources/Hezareh_Dictionary_Index/source/Hezareh_Part_02_PDF_0251-0500.md#L1090-L1090,True
coarse-grained,coarse-grained,coarse-grained,[],hz-006489,entry_candidate,raw_ocr,medium,2,258,,dictionary/C/C-08.md,hz-006489-coarse-grained,sources/Hezareh_Dictionary_Index/source/Hezareh_Part_02_PDF_0251-0500.md#L1091-L1091,True
coarsely,coarsely,coarsely,[],hz-006490,entry_candidate,raw_ocr,low,2,258,,dictionary/C/C-08.md,hz-006490-coarsely,sources/Hezareh_Dictionary_Index/source/Hezareh_Part_02_PDF_0251-0500.md#L1092-L1094,True
coarsen,coarsen,coarsen,[],hz-006491,entry_candidate,raw_ocr,medium,2,258,,dictionary/C/C-08.md,hz-006491-coarsen,sources/Hezareh_Dictionary_Index/source/Hezareh_Part_02_PDF_0251-0500.md#L1095-L1098,True
coarseness,coarseness,coarseness,[],hz-006492,entry_candidate,raw_ocr,medium,2,258,,dictionary/C/C-08.md,hz-006492-coarseness,sources/Hezareh_Dictionary_Index/source/Hezareh_Part_02_PDF_0251-0500.md#L1099-L1113,True
coast,coast,coast,[],hz-006495,entry_candidate,raw_ocr,medium,2,258,,dictionary/C/C-08.md,hz-006495-coast,sources/Hezareh_Dictionary_Index/source/Hezareh_Part_02_PDF_0251-0500.md#L1136-L1143,True
coastal I 'koustl,coastal i 'koustl,coastal i 'koustl,[],hz-006496,entry_candidate,raw_ocr,hint_only,2,258,,dictionary/C/C-08.md,hz-006496-coastal-i-koustl,sources/Hezareh_Dictionary_Index/source/Hezareh_Part_02_PDF_0251-0500.md#L1073-L1073,False
coaster,coaster,coaster,[],hz-006497,entry_candidate,raw_ocr,medium,2,258,,dictionary/C/C-08.md,hz-006497-coaster,sources/Hezareh_Dictionary_Index/source/Hezareh_Part_02_PDF_0251-0500.md#L1144-L1146,True
coastline,coastline,coastline,[],hz-006498,entry_candidate,raw_ocr,high,2,258,,dictionary/C/C-08.md,hz-006498-coastline,sources/Hezareh_Dictionary_Index/source/Hezareh_Part_02_PDF_0251-0500.md#L1147-L1150,True
coat,coat,coat,[],hz-006499,entry_candidate,raw_ocr,high,2,258,,dictionary/C/C-08.md,hz-006499-coat,sources/Hezareh_Dictionary_Index/source/Hezareh_Part_02_PDF_0251-0500.md#L1151-L1160,True
coat hanger,coat hanger,coat hanger,[],hz-006501,entry_candidate,raw_ocr,high,2,258,,dictionary/C/C-08.md,hz-006501-coat-hanger,sources/Hezareh_Dictionary_Index/source/Hezareh_Part_02_PDF_0251-0500.md#L1162-L1166,True
coat of arms,coat of arms,coat of arms,[],hz-006502,entry_candidate,raw_ocr,high,2,258,,dictionary/C/C-08.md,hz-006502-coat-of-arms,sources/Hezareh_Dictionary_Index/source/Hezareh_Part_02_PDF_0251-0500.md#L1167-L1168,True
coat of mail,coat of mail,coat of mail,[],hz-006503,entry_candidate,raw_ocr,high,2,258,,dictionary/C/C-08.md,hz-006503-coat-of-mail,sources/Hezareh_Dictionary_Index/source/Hezareh_Part_02_PDF_0251-0500.md#L1169-L1171,True
coatee,coatee,coatee,[],hz-006500,entry_candidate,raw_ocr,high,2,258,,dictionary/C/C-08.md,hz-006500-coatee,sources/Hezareh_Dictionary_Index/source/Hezareh_Part_02_PDF_0251-0500.md#L1161-L1161,True
coatstandi'butstrend,coatstandi'butstrend,coatstandi'butstrend,[],hz-006504,entry_candidate,raw_ocr,hint_only,2,258,,dictionary/C/C-08.md,hz-006504-coatstandi-butstrend,sources/Hezareh_Dictionary_Index/source/Hezareh_Part_02_PDF_0251-0500.md#L1073-L1073,False
coattails,coattails,coattails,[],hz-006494,entry_candidate,raw_ocr,high,2,258,,dictionary/C/C-08.md,hz-006494-coattails,sources/Hezareh_Dictionary_Index/source/Hezareh_Part_02_PDF_0251-0500.md#L1172-L1174,True
coax,coax,coax,[],hz-006505,entry_candidate,raw_ocr,high,2,258,,dictionary/C/C-08.md,hz-006505-coax,sources/Hezareh_Dictionary_Index/source/Hezareh_Part_02_PDF_0251-0500.md#L1175-L1184,True
coax sth from,coax sth from,coax sth from,[],hz-006506,entry_candidate,raw_ocr,hint_only,2,259,,dictionary/C/C-08.md,hz-006506-coax-sth-from,sources/Hezareh_Dictionary_Index/source/Hezareh_Part_02_PDF_0251-0500.md#L1188-L1188,False
coaxingly,coaxingly,coaxingly,[],hz-006507,entry_candidate,raw_ocr,medium,2,259,,dictionary/C/C-08.md,hz-006507-coaxingly,sources/Hezareh_Dictionary_Index/source/Hezareh_Part_02_PDF_0251-0500.md#L1205-L1206,True
cob,cob,cob,[],hz-006508,entry_candidate,raw_ocr,medium,2,259,,dictionary/C/C-08.md,hz-006508-cob,sources/Hezareh_Dictionary_Index/source/Hezareh_Part_02_PDF_0251-0500.md#L1207-L1209,True
cob-nut,cob-nut,cob-nut,[],hz-006516,entry_candidate,raw_ocr,medium,2,259,,dictionary/C/C-08.md,hz-006516-cob-nut,sources/Hezareh_Dictionary_Index/source/Hezareh_Part_02_PDF_0251-0500.md#L1227-L1227,True
cobalt,cobalt,cobalt,[],hz-006509,entry_candidate,raw_ocr,medium,2,259,,dictionary/C/C-08.md,hz-006509-cobalt,sources/Hezareh_Dictionary_Index/source/Hezareh_Part_02_PDF_0251-0500.md#L1210-L1210,True
cobber,cobber,cobber,[],hz-006510,entry_candidate,raw_ocr,medium,2,259,,dictionary/C/C-08.md,hz-006510-cobber,sources/Hezareh_Dictionary_Index/source/Hezareh_Part_02_PDF_0251-0500.md#L1211-L1211,True
cobble,cobble,cobble,[],hz-006511,entry_candidate,raw_ocr,medium,2,259,,dictionary/C/C-08.md,hz-006511-cobble,sources/Hezareh_Dictionary_Index/source/Hezareh_Part_02_PDF_0251-0500.md#L1212-L1218,True
cobble-,cobble-,cobble-,[],hz-006512,entry_candidate,raw_ocr,hint_only,2,259,,dictionary/C/C-08.md,hz-006512-cobble,sources/Hezareh_Dictionary_Index/source/Hezareh_Part_02_PDF_0251-0500.md#L1188-L1188,False
cobble-stone,cobble-stone,cobble-stone,[],hz-006515,entry_candidate,raw_ocr,medium,2,259,,dictionary/C/C-08.md,hz-006515-cobble-stone,sources/Hezareh_Dictionary_Index/source/Hezareh_Part_02_PDF_0251-0500.md#L1226-L1226,True
cobbler,cobbler,cobbler,[],hz-006513,entry_candidate,raw_ocr,medium,2,259,,dictionary/C/C-08.md,hz-006513-cobbler,sources/Hezareh_Dictionary_Index/source/Hezareh_Part_02_PDF_0251-0500.md#L1219-L1221,True
cobblers,cobblers,cobblers,[],hz-006514,entry_candidate,raw_ocr,medium,2,259,,dictionary/C/C-08.md,hz-006514-cobblers,sources/Hezareh_Dictionary_Index/source/Hezareh_Part_02_PDF_0251-0500.md#L1222-L1225,True
COBOL,cobol,cobol,[],hz-006517,entry_candidate,raw_ocr,low,2,259,,dictionary/C/C-08.md,hz-006517-cobol,sources/Hezareh_Dictionary_Index/source/Hezareh_Part_02_PDF_0251-0500.md#L1228-L1229,True
cobra,cobra,cobra,[],hz-006518,entry_candidate,raw_ocr,medium,2,259,,dictionary/C/C-08.md,hz-006518-cobra,sources/Hezareh_Dictionary_Index/source/Hezareh_Part_02_PDF_0251-0500.md#L1230-L1230,True
cobweb,cobweb,cobweb,[],hz-006519,entry_candidate,raw_ocr,medium,2,259,,dictionary/C/C-08.md,hz-006519-cobweb,sources/Hezareh_Dictionary_Index/source/Hezareh_Part_02_PDF_0251-0500.md#L1231-L1233,True
cocaine I kou'kem,cocaine i kou'kem,cocaine i kou'kem,[],hz-006520,entry_candidate,raw_ocr,hint_only,2,259,,dictionary/C/C-08.md,hz-006520-cocaine-i-kou-kem,sources/Hezareh_Dictionary_Index/source/Hezareh_Part_02_PDF_0251-0500.md#L1188-L1188,False
coccyges,coccyges,coccyges,[],hz-006521,entry_candidate,raw_ocr,high,2,259,,dictionary/C/C-08.md,hz-006521-coccyges,sources/Hezareh_Dictionary_Index/source/Hezareh_Part_02_PDF_0251-0500.md#L1234-L1237,True
coccyx I 'knkstks,coccyx i 'knkstks,coccyx i 'knkstks,[],hz-006522,entry_candidate,raw_ocr,hint_only,2,259,,dictionary/C/C-08.md,hz-006522-coccyx-i-knkstks,sources/Hezareh_Dictionary_Index/source/Hezareh_Part_02_PDF_0251-0500.md#L1188-L1188,False
cochlea,cochlea,cochlea,[],hz-006523,entry_candidate,raw_ocr,high,2,259,,dictionary/C/C-08.md,hz-006523-cochlea,sources/Hezareh_Dictionary_Index/source/Hezareh_Part_02_PDF_0251-0500.md#L1238-L1239,True
cochleae,cochleae,cochleae,[],hz-006524,entry_candidate,raw_ocr,high,2,259,,dictionary/C/C-08.md,hz-006524-cochleae,sources/Hezareh_Dictionary_Index/source/Hezareh_Part_02_PDF_0251-0500.md#L1240-L1270,True
cock,cock,cock,[],hz-006525,entry_candidate,raw_ocr,medium,2,259,,dictionary/C/C-08.md,hz-006525-cock,sources/Hezareh_Dictionary_Index/source/Hezareh_Part_02_PDF_0251-0500.md#L1298-L1298,True
cock an ear for,cock an ear for,cock an ear for,[],hz-011409,entry_candidate,raw_ocr,high,2,475,,dictionary/C/C-08.md,hz-011409-cock-an-ear-for,sources/Hezareh_Dictionary_Index/source/Hezareh_Part_02_PDF_0251-0500.md#L26457-L26458,True
cock an eye for,cock an eye for,cock an eye for,[],hz-006528,entry_candidate,raw_ocr,medium,2,259,,dictionary/C/C-08.md,hz-006528-cock-an-eye-for,sources/Hezareh_Dictionary_Index/source/Hezareh_Part_02_PDF_0251-0500.md#L1271-L1280,True
cock an eye for,cock an eye for,cock an eye for,[],hz-012878,entry_candidate,raw_ocr,high,3,543,,dictionary/C/C-08.md,hz-012878-cock-an-eye-for,sources/Hezareh_Dictionary_Index/source/Hezareh_Part_03_PDF_0501-0750.md#L4943-L4949,True
cock fighting,cock fighting,cock fighting,[],hz-006537,entry_candidate,raw_ocr,medium,2,259,,dictionary/C/C-08.md,hz-006537-cock-fighting,sources/Hezareh_Dictionary_Index/source/Hezareh_Part_02_PDF_0251-0500.md#L1298-L1298,True
cock-a-doodle-doo,cock-a-doodle-doo,cock-a-doodle-doo,[],hz-006527,entry_candidate,raw_ocr,medium,2,259,,dictionary/C/C-08.md,hz-006527-cock-a-doodle-doo,sources/Hezareh_Dictionary_Index/source/Hezareh_Part_02_PDF_0251-0500.md#L1281-L1282,True
cock-a-hoop,cock-a-hoop,cock-a-hoop,[],hz-006529,entry_candidate,raw_ocr,medium,2,259,,dictionary/C/C-08.md,hz-006529-cock-a-hoop,sources/Hezareh_Dictionary_Index/source/Hezareh_Part_02_PDF_0251-0500.md#L1283-L1284,True
cock-and-bull story,cock-and-bull story,cock-and-bull story,[],hz-006530,entry_candidate,raw_ocr,medium,2,259,,dictionary/C/C-08.md,hz-006530-cock-and-bull-story,sources/Hezareh_Dictionary_Index/source/Hezareh_Part_02_PDF_0251-0500.md#L1285-L1289,True
cock-crow,cock-crow,cock-crow,[],hz-006532,entry_candidate,raw_ocr,hint_only,2,259,,dictionary/C/C-08.md,hz-006532-cock-crow,sources/Hezareh_Dictionary_Index/source/Hezareh_Part_02_PDF_0251-0500.md#L1188-L1188,False
cock-eyed,cock-eyed,cock-eyed,[],hz-006536,entry_candidate,raw_ocr,medium,2,259,,dictionary/C/C-08.md,hz-006536-cock-eyed,sources/Hezareh_Dictionary_Index/source/Hezareh_Part_02_PDF_0251-0500.md#L1295-L1297,True
cock-up,cock-up,cock-up,[],hz-006561,entry_candidate,raw_ocr,high,2,260,,dictionary/C/C-08.md,hz-006561-cock-up,sources/Hezareh_Dictionary_Index/source/Hezareh_Part_02_PDF_0251-0500.md#L1351-L1352,True
cockade,cockade,cockade,[],hz-006526,entry_candidate,raw_ocr,hint_only,2,259,,dictionary/C/C-08.md,hz-006526-cockade,sources/Hezareh_Dictionary_Index/source/Hezareh_Part_02_PDF_0251-0500.md#L1188-L1188,False
cockchafer,cockchafer,cockchafer,[],hz-006531,entry_candidate,raw_ocr,medium,2,259,,dictionary/C/C-08.md,hz-006531-cockchafer,sources/Hezareh_Dictionary_Index/source/Hezareh_Part_02_PDF_0251-0500.md#L1290-L1291,True
cocker,cocker,cocker,[],hz-006533,entry_candidate,raw_ocr,medium,2,259,,dictionary/C/C-08.md,hz-006533-cocker,sources/Hezareh_Dictionary_Index/source/Hezareh_Part_02_PDF_0251-0500.md#L1292-L1292,True
cocker spaniel,cocker spaniel,cocker spaniel,[],hz-006535,entry_candidate,raw_ocr,low,2,259,,dictionary/C/C-08.md,hz-006535-cocker-spaniel,sources/Hezareh_Dictionary_Index/source/Hezareh_Part_02_PDF_0251-0500.md#L1294-L1294,True
cockerel,cockerel,cockerel,[],hz-006534,entry_candidate,raw_ocr,medium,2,259,,dictionary/C/C-08.md,hz-006534-cockerel,sources/Hezareh_Dictionary_Index/source/Hezareh_Part_02_PDF_0251-0500.md#L1293-L1293,True
cockhorse,cockhorse,cockhorse,[],hz-006538,entry_candidate,raw_ocr,medium,2,259,,dictionary/C/C-08.md,hz-006538-cockhorse,sources/Hezareh_Dictionary_Index/source/Hezareh_Part_02_PDF_0251-0500.md#L1299-L1300,True
cockily,cockily,cockily,[],hz-006539,entry_candidate,raw_ocr,high,2,260,,dictionary/C/C-08.md,hz-006539-cockily,sources/Hezareh_Dictionary_Index/source/Hezareh_Part_02_PDF_0251-0500.md#L1315-L1317,True
cockiness,cockiness,cockiness,[],hz-006541,entry_candidate,raw_ocr,high,2,260,,dictionary/C/C-08.md,hz-006541-cockiness,sources/Hezareh_Dictionary_Index/source/Hezareh_Part_02_PDF_0251-0500.md#L1318-L1319,True
cockle,cockle,cockle,[],hz-006542,entry_candidate,raw_ocr,high,2,260,,dictionary/C/C-08.md,hz-006542-cockle,sources/Hezareh_Dictionary_Index/source/Hezareh_Part_02_PDF_0251-0500.md#L1320-L1326,True
cockle-shell,cockle-shell,cockle-shell,[],hz-006544,entry_candidate,raw_ocr,high,2,260,,dictionary/C/C-08.md,hz-006544-cockle-shell,sources/Hezareh_Dictionary_Index/source/Hezareh_Part_02_PDF_0251-0500.md#L1327-L1327,True
cockney,cockney,cockney,[],hz-006545,entry_candidate,raw_ocr,high,2,260,,dictionary/C/C-08.md,hz-006545-cockney,sources/Hezareh_Dictionary_Index/source/Hezareh_Part_02_PDF_0251-0500.md#L1328-L1330,True
cockpit,cockpit,cockpit,[],hz-006546,entry_candidate,raw_ocr,high,2,260,,dictionary/C/C-08.md,hz-006546-cockpit,sources/Hezareh_Dictionary_Index/source/Hezareh_Part_02_PDF_0251-0500.md#L1331-L1333,True
cockroach,cockroach,cockroach,[],hz-006547,entry_candidate,raw_ocr,high,2,260,,dictionary/C/C-08.md,hz-006547-cockroach,sources/Hezareh_Dictionary_Index/source/Hezareh_Part_02_PDF_0251-0500.md#L1334-L1334,True
cockscomb,cockscomb,cockscomb,[],hz-006548,entry_candidate,raw_ocr,high,2,260,,dictionary/C/C-08.md,hz-006548-cockscomb,sources/Hezareh_Dictionary_Index/source/Hezareh_Part_02_PDF_0251-0500.md#L1335-L1336,True
cocksure,cocksure,cocksure,[],hz-006549,entry_candidate,raw_ocr,high,2,260,,dictionary/C/C-08.md,hz-006549-cocksure,sources/Hezareh_Dictionary_Index/source/Hezareh_Part_02_PDF_0251-0500.md#L1337-L1338,True
cocktail,cocktail,cocktail,[],hz-006550,entry_candidate,raw_ocr,high,2,260,,dictionary/C/C-08.md,hz-006550-cocktail,sources/Hezareh_Dictionary_Index/source/Hezareh_Part_02_PDF_0251-0500.md#L1339-L1341,True
cocktail dress,cocktail dress,cocktail dress,[],hz-006551,entry_candidate,raw_ocr,high,2,260,,dictionary/C/C-08.md,hz-006551-cocktail-dress,sources/Hezareh_Dictionary_Index/source/Hezareh_Part_02_PDF_0251-0500.md#L1342-L1342,True
cocktail onion,cocktail onion,cocktail onion,[],hz-006552,entry_candidate,raw_ocr,high,2,260,,dictionary/C/C-08.md,hz-006552-cocktail-onion,sources/Hezareh_Dictionary_Index/source/Hezareh_Part_02_PDF_0251-0500.md#L1343-L1343,True
cocktail sausage,cocktail sausage,cocktail sausage,[],hz-006553,entry_candidate,raw_ocr,high,2,260,,dictionary/C/C-08.md,hz-006553-cocktail-sausage,sources/Hezareh_Dictionary_Index/source/Hezareh_Part_02_PDF_0251-0500.md#L1344-L1345,True
cocktail shaker,cocktail shaker,cocktail shaker,[],hz-006554,entry_candidate,raw_ocr,high,2,260,,dictionary/C/C-08.md,hz-006554-cocktail-shaker,sources/Hezareh_Dictionary_Index/source/Hezareh_Part_02_PDF_0251-0500.md#L1346-L1347,True
cocktail stick,cocktail stick,cocktail stick,[],hz-006559,entry_candidate,raw_ocr,high,2,260,,dictionary/C/C-08.md,hz-006559-cocktail-stick,sources/Hezareh_Dictionary_Index/source/Hezareh_Part_02_PDF_0251-0500.md#L1348-L1348,True
cocktail table,cocktail table,cocktail table,[],hz-006560,entry_candidate,raw_ocr,high,2,260,,dictionary/C/C-08.md,hz-006560-cocktail-table,sources/Hezareh_Dictionary_Index/source/Hezareh_Part_02_PDF_0251-0500.md#L1349-L1350,True
cocky,cocky,cocky,[],hz-006555,entry_candidate,raw_ocr,high,2,260,,dictionary/C/C-08.md,hz-006555-cocky,sources/Hezareh_Dictionary_Index/source/Hezareh_Part_02_PDF_0251-0500.md#L1353-L1354,True
COCO,coco,coco,[],hz-006556,entry_candidate,raw_ocr,high,2,260,,dictionary/C/C-08.md,hz-006556-coco,sources/Hezareh_Dictionary_Index/source/Hezareh_Part_02_PDF_0251-0500.md#L1355-L1355,True
cocoa,cocoa,cocoa,[],hz-006557,entry_candidate,raw_ocr,high,2,260,,dictionary/C/C-08.md,hz-006557-cocoa,sources/Hezareh_Dictionary_Index/source/Hezareh_Part_02_PDF_0251-0500.md#L1356-L1356,True
coconut,coconut,coconut,[],hz-006558,entry_candidate,raw_ocr,high,2,260,,dictionary/C/C-08.md,hz-006558-coconut,sources/Hezareh_Dictionary_Index/source/Hezareh_Part_02_PDF_0251-0500.md#L1357-L1414,True
cod-liver oil,cod-liver oil,cod-liver oil,[],hz-006564,entry_candidate,raw_ocr,high,2,261,,dictionary/C/C-08.md,hz-006564-cod-liver-oil,sources/Hezareh_Dictionary_Index/source/Hezareh_Part_02_PDF_0251-0500.md#L1433-L1433,True
codification,codification,codification,[],hz-006562,entry_candidate,raw_ocr,high,2,261,,dictionary/C/C-08.md,hz-006562-codification,sources/Hezareh_Dictionary_Index/source/Hezareh_Part_02_PDF_0251-0500.md#L1428-L1429,True
codify,codify,codify,[],hz-006563,entry_candidate,raw_ocr,high,2,261,,dictionary/C/C-08.md,hz-006563-codify,sources/Hezareh_Dictionary_Index/source/Hezareh_Part_02_PDF_0251-0500.md#L1430-L1432,True
coed,coed,coed,[],hz-006566,entry_candidate,raw_ocr,high,2,261,,dictionary/C/C-08.md,hz-006566-coed,sources/Hezareh_Dictionary_Index/source/Hezareh_Part_02_PDF_0251-0500.md#L1436-L1439,True
coeducation,coeducation,coeducation,[],hz-006567,entry_candidate,raw_ocr,high,2,261,,dictionary/C/C-08.md,hz-006567-coeducation,sources/Hezareh_Dictionary_Index/source/Hezareh_Part_02_PDF_0251-0500.md#L1440-L1440,True
coeducational,coeducational,coeducational,[],hz-006568,entry_candidate,raw_ocr,high,2,261,,dictionary/C/C-08.md,hz-006568-coeducational,sources/Hezareh_Dictionary_Index/source/Hezareh_Part_02_PDF_0251-0500.md#L1441-L1443,True
coefficient,coefficient,coefficient,[],hz-006569,entry_candidate,raw_ocr,hint_only,2,261,,dictionary/C/C-08.md,hz-006569-coefficient,sources/Hezareh_Dictionary_Index/source/Hezareh_Part_02_PDF_0251-0500.md#L1418-L1418,False
coerce,coerce,coerce,[],hz-006570,entry_candidate,raw_ocr,high,2,261,,dictionary/C/C-08.md,hz-006570-coerce,sources/Hezareh_Dictionary_Index/source/Hezareh_Part_02_PDF_0251-0500.md#L1444-L1445,True
coercion,coercion,coercion,[],hz-006571,entry_candidate,raw_ocr,high,2,261,,dictionary/C/C-08.md,hz-006571-coercion,sources/Hezareh_Dictionary_Index/source/Hezareh_Part_02_PDF_0251-0500.md#L1446-L1447,True
coercive,coercive,coercive,[],hz-006572,entry_candidate,raw_ocr,high,2,261,,dictionary/C/C-08.md,hz-006572-coercive,sources/Hezareh_Dictionary_Index/source/Hezareh_Part_02_PDF_0251-0500.md#L1448-L1449,True
coeval,coeval,coeval,[],hz-006573,entry_candidate,raw_ocr,high,2,261,,dictionary/C/C-08.md,hz-006573-coeval,sources/Hezareh_Dictionary_Index/source/Hezareh_Part_02_PDF_0251-0500.md#L1450-L1451,True
coexist,coexist,coexist,[],hz-006574,entry_candidate,raw_ocr,high,2,261,,dictionary/C/C-08.md,hz-006574-coexist,sources/Hezareh_Dictionary_Index/source/Hezareh_Part_02_PDF_0251-0500.md#L1452-L1454,True
coffee,coffee,coffee,[],hz-006576,entry_candidate,raw_ocr,high,2,261,,dictionary/C/C-08.md,hz-006576-coffee,sources/Hezareh_Dictionary_Index/source/Hezareh_Part_02_PDF_0251-0500.md#L1459-L1462,True
coffee bar,coffee bar,coffee bar,[],hz-006577,entry_candidate,raw_ocr,high,2,261,,dictionary/C/C-08.md,hz-006577-coffee-bar,sources/Hezareh_Dictionary_Index/source/Hezareh_Part_02_PDF_0251-0500.md#L1463-L1464,True
coffee break,coffee break,coffee break,[],hz-006579,entry_candidate,raw_ocr,hint_only,2,261,,dictionary/C/C-08.md,hz-006579-coffee-break,sources/Hezareh_Dictionary_Index/source/Hezareh_Part_02_PDF_0251-0500.md#L1418-L1418,False
coffee cup,coffee cup,coffee cup,[],hz-006581,entry_candidate,raw_ocr,high,2,261,,dictionary/C/C-08.md,hz-006581-coffee-cup,sources/Hezareh_Dictionary_Index/source/Hezareh_Part_02_PDF_0251-0500.md#L1470-L1470,True
coffee percolator,coffee percolator,coffee percolator,[],hz-006585,entry_candidate,raw_ocr,high,2,261,,dictionary/C/C-08.md,hz-006585-coffee-percolator,sources/Hezareh_Dictionary_Index/source/Hezareh_Part_02_PDF_0251-0500.md#L1480-L1481,True
coffee table,coffee table,coffee table,[],hz-006588,entry_candidate,raw_ocr,high,2,261,,dictionary/C/C-08.md,hz-006588-coffee-table,sources/Hezareh_Dictionary_Index/source/Hezareh_Part_02_PDF_0251-0500.md#L1487-L1487,True
coffee tree,coffee tree,coffee tree,[],hz-006590,entry_candidate,raw_ocr,high,2,261,,dictionary/C/C-08.md,hz-006590-coffee-tree,sources/Hezareh_Dictionary_Index/source/Hezareh_Part_02_PDF_0251-0500.md#L1491-L1491,True
coffee-bean,coffee-bean,coffee-bean,[],hz-006578,entry_candidate,raw_ocr,high,2,261,,dictionary/C/C-08.md,hz-006578-coffee-bean,sources/Hezareh_Dictionary_Index/source/Hezareh_Part_02_PDF_0251-0500.md#L1465-L1467,True
coffee-coloured,coffee-coloured,coffee-coloured,[],hz-006580,entry_candidate,raw_ocr,high,2,261,,dictionary/C/C-08.md,hz-006580-coffee-coloured,sources/Hezareh_Dictionary_Index/source/Hezareh_Part_02_PDF_0251-0500.md#L1468-L1469,True
coffee-house,coffee-house,coffee-house,[],hz-006582,entry_candidate,raw_ocr,high,2,261,,dictionary/C/C-08.md,hz-006582-coffee-house,sources/Hezareh_Dictionary_Index/source/Hezareh_Part_02_PDF_0251-0500.md#L1471-L1472,True
coffee-mill,coffee-mill,coffee-mill,[],hz-006583,entry_candidate,raw_ocr,high,2,261,,dictionary/C/C-08.md,hz-006583-coffee-mill,sources/Hezareh_Dictionary_Index/source/Hezareh_Part_02_PDF_0251-0500.md#L1473-L1477,True
coffee-morning,coffee-morning,coffee-morning,[],hz-006584,entry_candidate,raw_ocr,high,2,261,,dictionary/C/C-08.md,hz-006584-coffee-morning,sources/Hezareh_Dictionary_Index/source/Hezareh_Part_02_PDF_0251-0500.md#L1478-L1479,True
coffee-stall,coffee-stall,coffee-stall,[],hz-006587,entry_candidate,raw_ocr,high,2,261,,dictionary/C/C-08.md,hz-006587-coffee-stall,sources/Hezareh_Dictionary_Index/source/Hezareh_Part_02_PDF_0251-0500.md#L1486-L1486,True
coffee-table book,coffee-table book,coffee-table book,[],hz-006589,entry_candidate,raw_ocr,high,2,261,,dictionary/C/C-08.md,hz-006589-coffee-table-book,sources/Hezareh_Dictionary_Index/source/Hezareh_Part_02_PDF_0251-0500.md#L1488-L1490,True
coffeepot,coffeepot,coffeepot,[],hz-006586,entry_candidate,raw_ocr,high,2,261,,dictionary/C/C-08.md,hz-006586-coffeepot,sources/Hezareh_Dictionary_Index/source/Hezareh_Part_02_PDF_0251-0500.md#L1482-L1485,True
coffer,coffer,coffer,[],hz-006591,entry_candidate,raw_ocr,high,2,261,,dictionary/C/C-08.md,hz-006591-coffer,sources/Hezareh_Dictionary_Index/source/Hezareh_Part_02_PDF_0251-0500.md#L1492-L1497,True
coffer-dam,coffer-dam,coffer-dam,[],hz-006592,entry_candidate,raw_ocr,medium,2,261,,dictionary/C/C-08.md,hz-006592-coffer-dam,sources/Hezareh_Dictionary_Index/source/Hezareh_Part_02_PDF_0251-0500.md#L1498-L1499,True
coffin,coffin,coffin,[],hz-006593,entry_candidate,raw_ocr,medium,2,261,,dictionary/C/C-08.md,hz-006593-coffin,sources/Hezareh_Dictionary_Index/source/Hezareh_Part_02_PDF_0251-0500.md#L1500-L1503,True
cog,cog,cog,[],hz-006594,entry_candidate,raw_ocr,medium,2,261,,dictionary/C/C-08.md,hz-006594-cog,sources/Hezareh_Dictionary_Index/source/Hezareh_Part_02_PDF_0251-0500.md#L1504-L1508,True
cogency,cogency,cogency,[],hz-006595,entry_candidate,raw_ocr,hint_only,2,261,,dictionary/C/C-08.md,hz-006595-cogency,sources/Hezareh_Dictionary_Index/source/Hezareh_Part_02_PDF_0251-0500.md#L1418-L1418,False
cogent,cogent,cogent,[],hz-006596,entry_candidate,raw_ocr,medium,2,261,,dictionary/C/C-08.md,hz-006596-cogent,sources/Hezareh_Dictionary_Index/source/Hezareh_Part_02_PDF_0251-0500.md#L1509-L1510,True
cogently,cogently,cogently,[],hz-006597,entry_candidate,raw_ocr,low,2,261,,dictionary/C/C-08.md,hz-006597-cogently,sources/Hezareh_Dictionary_Index/source/Hezareh_Part_02_PDF_0251-0500.md#L1511-L1516,True
cogitate,cogitate,cogitate,[],hz-006598,entry_candidate,raw_ocr,hint_only,2,261,,dictionary/C/C-08.md,hz-006598-cogitate,sources/Hezareh_Dictionary_Index/source/Hezareh_Part_02_PDF_0251-0500.md#L1418-L1418,False
cogitatiOn,cogitation,cogitation,[],hz-006599,entry_candidate,raw_ocr,hint_only,2,261,,dictionary/C/C-08.md,hz-006599-cogitation,sources/Hezareh_Dictionary_Index/source/Hezareh_Part_02_PDF_0251-0500.md#L1418-L1418,False
cognac,cognac,cognac,[],hz-006600,entry_candidate,raw_ocr,low,2,261,,dictionary/C/C-08.md,hz-006600-cognac,sources/Hezareh_Dictionary_Index/source/Hezareh_Part_02_PDF_0251-0500.md#L1517-L1517,True
cognate,cognate,cognate,[],hz-006601,entry_candidate,raw_ocr,medium,2,261,,dictionary/C/C-08.md,hz-006601-cognate,sources/Hezareh_Dictionary_Index/source/Hezareh_Part_02_PDF_0251-0500.md#L1518-L1522,True
cognition,cognition,cognition,[],hz-006602,entry_candidate,raw_ocr,medium,2,261,,dictionary/C/C-08.md,hz-006602-cognition,sources/Hezareh_Dictionary_Index/source/Hezareh_Part_02_PDF_0251-0500.md#L1523-L1524,True
cognitive,cognitive,cognitive,[],hz-006603,entry_candidate,raw_ocr,medium,2,261,,dictionary/C/C-08.md,hz-006603-cognitive,sources/Hezareh_Dictionary_Index/source/Hezareh_Part_02_PDF_0251-0500.md#L1525-L1527,True
cognizance,cognizance,cognizance,[],hz-006604,entry_candidate,raw_ocr,medium,2,262,,dictionary/C/C-08.md,hz-006604-cognizance,sources/Hezareh_Dictionary_Index/source/Hezareh_Part_02_PDF_0251-0500.md#L1541-L1559,True
cognizantt'kognmnt,cognizantt'kognmnt,cognizantt'kognmnt,[],hz-006605,entry_candidate,raw_ocr,hint_only,2,262,,dictionary/C/C-08.md,hz-006605-cognizantt-kognmnt,sources/Hezareh_Dictionary_Index/source/Hezareh_Part_02_PDF_0251-0500.md#L1531-L1531,False
cognomen,cognomen,cognomen,[],hz-006606,entry_candidate,raw_ocr,hint_only,2,262,,dictionary/C/C-08.md,hz-006606-cognomen,sources/Hezareh_Dictionary_Index/source/Hezareh_Part_02_PDF_0251-0500.md#L1531-L1531,False
cogwheel,cogwheel,cogwheel,[],hz-006607,entry_candidate,raw_ocr,medium,2,262,,dictionary/C/C-08.md,hz-006607-cogwheel,sources/Hezareh_Dictionary_Index/source/Hezareh_Part_02_PDF_0251-0500.md#L1560-L1560,True
cohabit,cohabit,cohabit,[],hz-006608,entry_candidate,raw_ocr,medium,2,262,,dictionary/C/C-08.md,hz-006608-cohabit,sources/Hezareh_Dictionary_Index/source/Hezareh_Part_02_PDF_0251-0500.md#L1561-L1562,True
cohabitation,cohabitation,cohabitation,[],hz-006609,entry_candidate,raw_ocr,medium,2,262,,dictionary/C/C-08.md,hz-006609-cohabitation,sources/Hezareh_Dictionary_Index/source/Hezareh_Part_02_PDF_0251-0500.md#L1563-L1564,True
cohere,cohere,cohere,[],hz-006610,entry_candidate,raw_ocr,medium,2,262,,dictionary/C/C-08.md,hz-006610-cohere,sources/Hezareh_Dictionary_Index/source/Hezareh_Part_02_PDF_0251-0500.md#L1565-L1574,True
coherency,coherency,coherency,[],hz-006611,entry_candidate,raw_ocr,high,2,262,,dictionary/C/C-08.md,hz-006611-coherency,sources/Hezareh_Dictionary_Index/source/Hezareh_Part_02_PDF_0251-0500.md#L1575-L1575,True
coherent,coherent,coherent,[],hz-006612,entry_candidate,raw_ocr,medium,2,262,,dictionary/C/C-08.md,hz-006612-coherent,sources/Hezareh_Dictionary_Index/source/Hezareh_Part_02_PDF_0251-0500.md#L1576-L1579,True
coherently,coherently,coherently,[],hz-006613,entry_candidate,raw_ocr,medium,2,262,,dictionary/C/C-08.md,hz-006613-coherently,sources/Hezareh_Dictionary_Index/source/Hezareh_Part_02_PDF_0251-0500.md#L1580-L1582,True
cohesion,cohesion,cohesion,[],hz-006614,entry_candidate,raw_ocr,high,2,262,,dictionary/C/C-08.md,hz-006614-cohesion,sources/Hezareh_Dictionary_Index/source/Hezareh_Part_02_PDF_0251-0500.md#L1583-L1592,True
cohesive,cohesive,cohesive,[],hz-006620,entry_candidate,raw_ocr,high,2,262,,dictionary/C/C-08.md,hz-006620-cohesive,sources/Hezareh_Dictionary_Index/source/Hezareh_Part_02_PDF_0251-0500.md#L1593-L1595,True
cohesively,cohesively,cohesively,[],hz-006621,entry_candidate,raw_ocr,high,2,262,,dictionary/C/C-08.md,hz-006621-cohesively,sources/Hezareh_Dictionary_Index/source/Hezareh_Part_02_PDF_0251-0500.md#L1596-L1599,True
cohort,cohort,cohort,[],hz-006622,entry_candidate,raw_ocr,medium,2,262,,dictionary/C/C-08.md,hz-006622-cohort,sources/Hezareh_Dictionary_Index/source/Hezareh_Part_02_PDF_0251-0500.md#L1600-L1603,True
coif,coif,coif,[],hz-006615,entry_candidate,raw_ocr,high,2,262,,dictionary/C/C-08.md,hz-006615-coif,sources/Hezareh_Dictionary_Index/source/Hezareh_Part_02_PDF_0251-0500.md#L1604-L1604,True
COiffeur,coiffeur,coiffeur,[],hz-006616,entry_candidate,raw_ocr,high,2,262,,dictionary/C/C-08.md,hz-006616-coiffeur,sources/Hezareh_Dictionary_Index/source/Hezareh_Part_02_PDF_0251-0500.md#L1605-L1605,True
coiffeuse,coiffeuse,coiffeuse,[],hz-006617,entry_candidate,raw_ocr,high,2,262,,dictionary/C/C-08.md,hz-006617-coiffeuse,sources/Hezareh_Dictionary_Index/source/Hezareh_Part_02_PDF_0251-0500.md#L1606-L1606,True
coiffure,coiffure,coiffure,[],hz-006618,entry_candidate,raw_ocr,high,2,262,,dictionary/C/C-08.md,hz-006618-coiffure,sources/Hezareh_Dictionary_Index/source/Hezareh_Part_02_PDF_0251-0500.md#L1607-L1607,True
coiffured,coiffured,coiffured,[],hz-006619,entry_candidate,raw_ocr,high,2,262,,dictionary/C/C-08.md,hz-006619-coiffured,sources/Hezareh_Dictionary_Index/source/Hezareh_Part_02_PDF_0251-0500.md#L1608-L1627,True
COign Of vantage,coign of vantage,coign of vantage,[],hz-006624,entry_candidate,raw_ocr,hint_only,2,262,,dictionary/C/C-08.md,hz-006624-coign-of-vantage,sources/Hezareh_Dictionary_Index/source/Hezareh_Part_02_PDF_0251-0500.md#L1531-L1531,False
coigntbm,coigntbm,coigntbm,[],hz-006623,entry_candidate,raw_ocr,hint_only,2,262,,dictionary/C/C-08.md,hz-006623-coigntbm,sources/Hezareh_Dictionary_Index/source/Hezareh_Part_02_PDF_0251-0500.md#L1531-L1531,False
COiiision,coiiision,coiiision,[],hz-006707,entry_candidate,raw_ocr,hint_only,2,265,,dictionary/C/C-08.md,hz-006707-coiiision,sources/Hezareh_Dictionary_Index/source/Hezareh_Part_02_PDF_0251-0500.md#L1871-L1871,False
coiltbil,coiltbil,coiltbil,[],hz-006625,entry_candidate,raw_ocr,hint_only,2,262,,dictionary/C/C-08.md,hz-006625-coiltbil,sources/Hezareh_Dictionary_Index/source/Hezareh_Part_02_PDF_0251-0500.md#L1531-L1531,False
coin,coin,coin,[],hz-006626,entry_candidate,raw_ocr,high,2,262,,dictionary/C/C-08.md,hz-006626-coin,sources/Hezareh_Dictionary_Index/source/Hezareh_Part_02_PDF_0251-0500.md#L1630-L1641,True
coin it,coin it,coin it,[],hz-006628,entry_candidate,raw_ocr,high,2,262,,dictionary/C/C-08.md,hz-006628-coin-it,sources/Hezareh_Dictionary_Index/source/Hezareh_Part_02_PDF_0251-0500.md#L1630-L1641,True
coin-operated,coin-operated,coin-operated,[],hz-006635,entry_candidate,raw_ocr,medium,2,263,,dictionary/C/C-08.md,hz-006635-coin-operated,sources/Hezareh_Dictionary_Index/source/Hezareh_Part_02_PDF_0251-0500.md#L1675-L1675,True
coincide,coincide,coincide,[],hz-006629,entry_candidate,raw_ocr,high,2,263,,dictionary/C/C-08.md,hz-006629-coincide,sources/Hezareh_Dictionary_Index/source/Hezareh_Part_02_PDF_0251-0500.md#L1654-L1660,True
coincidence,coincidence,coincidence,[],hz-006630,entry_candidate,raw_ocr,medium,2,263,,dictionary/C/C-08.md,hz-006630-coincidence,sources/Hezareh_Dictionary_Index/source/Hezareh_Part_02_PDF_0251-0500.md#L1661-L1665,True
coincident,coincident,coincident,[],hz-006631,entry_candidate,raw_ocr,medium,2,263,,dictionary/C/C-08.md,hz-006631-coincident,sources/Hezareh_Dictionary_Index/source/Hezareh_Part_02_PDF_0251-0500.md#L1666-L1668,True
coincidental,coincidental,coincidental,[],hz-006632,entry_candidate,raw_ocr,medium,2,263,,dictionary/C/C-08.md,hz-006632-coincidental,sources/Hezareh_Dictionary_Index/source/Hezareh_Part_02_PDF_0251-0500.md#L1669-L1670,True
coincidentally,coincidentally,coincidentally,[],hz-006633,entry_candidate,raw_ocr,high,2,263,,dictionary/C/C-08.md,hz-006633-coincidentally,sources/Hezareh_Dictionary_Index/source/Hezareh_Part_02_PDF_0251-0500.md#L1671-L1673,True
coiner,coiner,coiner,[],hz-006634,entry_candidate,raw_ocr,medium,2,263,,dictionary/C/C-08.md,hz-006634-coiner,sources/Hezareh_Dictionary_Index/source/Hezareh_Part_02_PDF_0251-0500.md#L1674-L1674,True
COIOU rinQ,coiou rinq,coiou rinq,[],hz-006756,entry_candidate,raw_ocr,hint_only,2,267,,dictionary/C/C-08.md,hz-006756-coiou-rinq,sources/Hezareh_Dictionary_Index/source/Hezareh_Part_02_PDF_0251-0500.md#L2132-L2132,False
coir,coir,coir,[],hz-006636,entry_candidate,raw_ocr,medium,2,263,,dictionary/C/C-08.md,hz-006636-coir,sources/Hezareh_Dictionary_Index/source/Hezareh_Part_02_PDF_0251-0500.md#L1676-L1676,True
coital,coital,coital,[],hz-006637,entry_candidate,raw_ocr,low,2,263,,dictionary/C/C-08.md,hz-006637-coital,sources/Hezareh_Dictionary_Index/source/Hezareh_Part_02_PDF_0251-0500.md#L1677-L1678,True
coition,coition,coition,[],hz-006638,entry_candidate,raw_ocr,high,2,263,,dictionary/C/C-08.md,hz-006638-coition,sources/Hezareh_Dictionary_Index/source/Hezareh_Part_02_PDF_0251-0500.md#L1679-L1679,True
coitUS,coitus,coitus,[],hz-006639,entry_candidate,raw_ocr,medium,2,263,,dictionary/C/C-08.md,hz-006639-coitus,sources/Hezareh_Dictionary_Index/source/Hezareh_Part_02_PDF_0251-0500.md#L1680-L1686,True
cokernut,cokernut,cokernut,[],hz-006640,entry_candidate,raw_ocr,high,2,263,,dictionary/C/C-08.md,hz-006640-cokernut,sources/Hezareh_Dictionary_Index/source/Hezareh_Part_02_PDF_0251-0500.md#L1687-L1689,True
Col,col,col,[],hz-006642,entry_candidate,raw_ocr,medium,2,263,,dictionary/C/C-08.md,hz-006642-col,sources/Hezareh_Dictionary_Index/source/Hezareh_Part_02_PDF_0251-0500.md#L1690-L1690,True
col',col',col',[],hz-006641,entry_candidate,raw_ocr,hint_only,2,263,,dictionary/C/C-08.md,hz-006641-col,sources/Hezareh_Dictionary_Index/source/Hezareh_Part_02_PDF_0251-0500.md#L1645-L1645,False
col-,col-,col-,[],hz-038791,entry_candidate,raw_ocr,medium,8,1961,,dictionary/C/C-08.md,hz-038791-col,sources/Hezareh_Dictionary_Index/source/Hezareh_Part_08_PDF_1751-1976.md#L24801-L24802,True
cola,cola,cola,[],hz-006643,entry_candidate,raw_ocr,high,2,263,,dictionary/C/C-08.md,hz-006643-cola,sources/Hezareh_Dictionary_Index/source/Hezareh_Part_02_PDF_0251-0500.md#L1691-L1691,True
cola-nut,cola-nut,cola-nut,[],hz-006645,entry_candidate,raw_ocr,high,2,263,,dictionary/C/C-08.md,hz-006645-cola-nut,sources/Hezareh_Dictionary_Index/source/Hezareh_Part_02_PDF_0251-0500.md#L1694-L1694,True
colander,colander,colander,[],hz-006644,entry_candidate,raw_ocr,medium,2,263,,dictionary/C/C-08.md,hz-006644-colander,sources/Hezareh_Dictionary_Index/source/Hezareh_Part_02_PDF_0251-0500.md#L1692-L1693,True
cold,cold,cold,[],hz-006646,entry_candidate,raw_ocr,high,2,263,,dictionary/C/C-08.md,hz-006646-cold,sources/Hezareh_Dictionary_Index/source/Hezareh_Part_02_PDF_0251-0500.md#L1695-L1712,True
cold buffet,cold buffet,cold buffet,[],hz-006648,entry_candidate,raw_ocr,low,2,263,,dictionary/C/C-08.md,hz-006648-cold-buffet,sources/Hezareh_Dictionary_Index/source/Hezareh_Part_02_PDF_0251-0500.md#L1742-L1742,True
cold chisel,cold chisel,cold chisel,[],hz-006649,entry_candidate,raw_ocr,medium,2,263,,dictionary/C/C-08.md,hz-006649-cold-chisel,sources/Hezareh_Dictionary_Index/source/Hezareh_Part_02_PDF_0251-0500.md#L1743-L1744,True
cold comfort,cold comfort,cold comfort,[],hz-006650,entry_candidate,raw_ocr,medium,2,263,,dictionary/C/C-08.md,hz-006650-cold-comfort,sources/Hezareh_Dictionary_Index/source/Hezareh_Part_02_PDF_0251-0500.md#L1745-L1745,True
cold cream,cold cream,cold cream,[],hz-006651,entry_candidate,raw_ocr,medium,2,263,,dictionary/C/C-08.md,hz-006651-cold-cream,sources/Hezareh_Dictionary_Index/source/Hezareh_Part_02_PDF_0251-0500.md#L1746-L1746,True
cold cuts,cold cuts,cold cuts,[],hz-006652,entry_candidate,raw_ocr,medium,2,263,,dictionary/C/C-08.md,hz-006652-cold-cuts,sources/Hezareh_Dictionary_Index/source/Hezareh_Part_02_PDF_0251-0500.md#L1747-L1749,True
cold frame I 'kould frerrn,cold frame i 'kould frerrn,cold frame i 'kould frerrn,[],hz-006653,entry_candidate,raw_ocr,hint_only,2,263,,dictionary/C/C-08.md,hz-006653-cold-frame-i-kould-frerrn,sources/Hezareh_Dictionary_Index/source/Hezareh_Part_02_PDF_0251-0500.md#L1645-L1645,False
cold front,cold front,cold front,[],hz-006654,entry_candidate,raw_ocr,low,2,263,,dictionary/C/C-08.md,hz-006654-cold-front,sources/Hezareh_Dictionary_Index/source/Hezareh_Part_02_PDF_0251-0500.md#L1750-L1753,True
cold snap,cold snap,cold snap,[],hz-006658,entry_candidate,raw_ocr,high,2,264,,dictionary/C/C-08.md,hz-006658-cold-snap,sources/Hezareh_Dictionary_Index/source/Hezareh_Part_02_PDF_0251-0500.md#L1773-L1773,True
cold sore,cold sore,cold sore,[],hz-006659,entry_candidate,raw_ocr,medium,2,264,,dictionary/C/C-08.md,hz-006659-cold-sore,sources/Hezareh_Dictionary_Index/source/Hezareh_Part_02_PDF_0251-0500.md#L1774-L1774,True
cold steel,cold steel,cold steel,[],hz-006660,entry_candidate,raw_ocr,medium,2,264,,dictionary/C/C-08.md,hz-006660-cold-steel,sources/Hezareh_Dictionary_Index/source/Hezareh_Part_02_PDF_0251-0500.md#L1775-L1777,True
cold store,cold store,cold store,[],hz-006661,entry_candidate,raw_ocr,medium,2,264,,dictionary/C/C-08.md,hz-006661-cold-store,sources/Hezareh_Dictionary_Index/source/Hezareh_Part_02_PDF_0251-0500.md#L1778-L1778,True
cold sweat,cold sweat,cold sweat,[],hz-006662,entry_candidate,raw_ocr,medium,2,264,,dictionary/C/C-08.md,hz-006662-cold-sweat,sources/Hezareh_Dictionary_Index/source/Hezareh_Part_02_PDF_0251-0500.md#L1779-L1779,True
cold turkey,cold turkey,cold turkey,[],hz-006663,entry_candidate,raw_ocr,low,2,264,,dictionary/C/C-08.md,hz-006663-cold-turkey,sources/Hezareh_Dictionary_Index/source/Hezareh_Part_02_PDF_0251-0500.md#L1780-L1785,True
cold war,cold war,cold war,[],hz-006672,entry_candidate,raw_ocr,medium,2,264,,dictionary/C/C-08.md,hz-006672-cold-war,sources/Hezareh_Dictionary_Index/source/Hezareh_Part_02_PDF_0251-0500.md#L1786-L1787,True
cold-hearted,cold-hearted,cold-hearted,[],hz-006655,entry_candidate,raw_ocr,hint_only,2,263,,dictionary/C/C-08.md,hz-006655-cold-hearted,sources/Hezareh_Dictionary_Index/source/Hezareh_Part_02_PDF_0251-0500.md#L1645-L1645,False
coldly,coldly,coldly,[],hz-006656,entry_candidate,raw_ocr,medium,2,264,,dictionary/C/C-08.md,hz-006656-coldly,sources/Hezareh_Dictionary_Index/source/Hezareh_Part_02_PDF_0251-0500.md#L1767-L1772,True
coldnesst'buldrus,coldnesst'buldrus,coldnesst'buldrus,[],hz-006657,entry_candidate,raw_ocr,hint_only,2,264,,dictionary/C/C-08.md,hz-006657-coldnesst-buldrus,sources/Hezareh_Dictionary_Index/source/Hezareh_Part_02_PDF_0251-0500.md#L1757-L1757,False
colic,colic,colic,[],hz-006673,entry_candidate,raw_ocr,medium,2,264,,dictionary/C/C-08.md,hz-006673-colic,sources/Hezareh_Dictionary_Index/source/Hezareh_Part_02_PDF_0251-0500.md#L1788-L1788,True
colicky,colicky,colicky,[],hz-006674,entry_candidate,raw_ocr,medium,2,264,,dictionary/C/C-08.md,hz-006674-colicky,sources/Hezareh_Dictionary_Index/source/Hezareh_Part_02_PDF_0251-0500.md#L1789-L1790,True
colitis,colitis,colitis,[],hz-006664,entry_candidate,raw_ocr,medium,2,264,,dictionary/C/C-08.md,hz-006664-colitis,sources/Hezareh_Dictionary_Index/source/Hezareh_Part_02_PDF_0251-0500.md#L1791-L1791,True
collaborate,collaborate,collaborate,[],hz-006665,entry_candidate,raw_ocr,medium,2,264,,dictionary/C/C-08.md,hz-006665-collaborate,sources/Hezareh_Dictionary_Index/source/Hezareh_Part_02_PDF_0251-0500.md#L1792-L1795,True
collaboration,collaboration,collaboration,[],hz-006666,entry_candidate,raw_ocr,medium,2,264,,dictionary/C/C-08.md,hz-006666-collaboration,sources/Hezareh_Dictionary_Index/source/Hezareh_Part_02_PDF_0251-0500.md#L1796-L1799,True
collaborative,collaborative,collaborative,[],hz-006667,entry_candidate,raw_ocr,medium,2,264,,dictionary/C/C-08.md,hz-006667-collaborative,sources/Hezareh_Dictionary_Index/source/Hezareh_Part_02_PDF_0251-0500.md#L1800-L1801,True
collaborator,collaborator,collaborator,[],hz-006668,entry_candidate,raw_ocr,medium,2,264,,dictionary/C/C-08.md,hz-006668-collaborator,sources/Hezareh_Dictionary_Index/source/Hezareh_Part_02_PDF_0251-0500.md#L1802-L1803,True
collage,collage,collage,[],hz-006669,entry_candidate,raw_ocr,medium,2,264,,dictionary/C/C-08.md,hz-006669-collage,sources/Hezareh_Dictionary_Index/source/Hezareh_Part_02_PDF_0251-0500.md#L1804-L1805,True
collapsable,collapsable,collapsable,[],hz-006670,entry_candidate,raw_ocr,high,2,264,,dictionary/C/C-08.md,hz-006670-collapsable,sources/Hezareh_Dictionary_Index/source/Hezareh_Part_02_PDF_0251-0500.md#L1806-L1806,True
collapse,collapse,collapse,[],hz-006671,entry_candidate,raw_ocr,medium,2,264,,dictionary/C/C-08.md,hz-006671-collapse,sources/Hezareh_Dictionary_Index/source/Hezareh_Part_02_PDF_0251-0500.md#L1807-L1848,True
collapsibletka'lrepsabl,collapsibletka'lrepsabl,collapsibletka'lrepsabl,[],hz-006675,entry_candidate,raw_ocr,hint_only,2,264,,dictionary/C/C-08.md,hz-006675-collapsibletka-lrepsabl,sources/Hezareh_Dictionary_Index/source/Hezareh_Part_02_PDF_0251-0500.md#L1757-L1757,False
collar,collar,collar,[],hz-006676,entry_candidate,raw_ocr,high,2,264,,dictionary/C/C-08.md,hz-006676-collar,sources/Hezareh_Dictionary_Index/source/Hezareh_Part_02_PDF_0251-0500.md#L1849-L1849,True
collar stud,collar stud,collar stud,[],hz-006677,entry_candidate,raw_ocr,high,2,264,,dictionary/C/C-08.md,hz-006677-collar-stud,sources/Hezareh_Dictionary_Index/source/Hezareh_Part_02_PDF_0251-0500.md#L1849-L1849,True
collate,collate,collate,[],hz-006678,entry_candidate,raw_ocr,high,2,264,,dictionary/C/C-08.md,hz-006678-collate,sources/Hezareh_Dictionary_Index/source/Hezareh_Part_02_PDF_0251-0500.md#L1850-L1859,True
collateraltb'lretaral,collateraltb'lretaral,collateraltb'lretaral,[],hz-006679,entry_candidate,raw_ocr,hint_only,2,264,,dictionary/C/C-08.md,hz-006679-collateraltb-lretaral,sources/Hezareh_Dictionary_Index/source/Hezareh_Part_02_PDF_0251-0500.md#L1757-L1757,False
collation,collation,collation,[],hz-006680,entry_candidate,raw_ocr,high,2,264,,dictionary/C/C-08.md,hz-006680-collation,sources/Hezareh_Dictionary_Index/source/Hezareh_Part_02_PDF_0251-0500.md#L1860-L1862,True
colleague,colleague,colleague,[],hz-006681,entry_candidate,raw_ocr,high,2,264,,dictionary/C/C-08.md,hz-006681-colleague,sources/Hezareh_Dictionary_Index/source/Hezareh_Part_02_PDF_0251-0500.md#L1863-L1867,True
collect,collect,collect,[],hz-038270,entry_candidate,raw_ocr,medium,8,1930,,dictionary/C/C-08.md,hz-038270-collect,sources/Hezareh_Dictionary_Index/source/Hezareh_Part_08_PDF_1751-1976.md#L21143-L21144,True
collected,collected,collected,[],hz-006682,entry_candidate,raw_ocr,low,2,265,,dictionary/C/C-08.md,hz-006682-collected,sources/Hezareh_Dictionary_Index/source/Hezareh_Part_02_PDF_0251-0500.md#L1901-L1901,True
collectedly,collectedly,collectedly,[],hz-006683,entry_candidate,raw_ocr,low,2,265,,dictionary/C/C-08.md,hz-006683-collectedly,sources/Hezareh_Dictionary_Index/source/Hezareh_Part_02_PDF_0251-0500.md#L1902-L1904,True
collection,collection,collection,[],hz-006684,entry_candidate,raw_ocr,medium,2,265,,dictionary/C/C-08.md,hz-006684-collection,sources/Hezareh_Dictionary_Index/source/Hezareh_Part_02_PDF_0251-0500.md#L1905-L1916,True
collective,collective,collective,[],hz-006685,entry_candidate,raw_ocr,high,2,265,,dictionary/C/C-08.md,hz-006685-collective,sources/Hezareh_Dictionary_Index/source/Hezareh_Part_02_PDF_0251-0500.md#L1917-L1919,True
collective bargaining,collective bargaining,collective bargaining,[],hz-006686,entry_candidate,raw_ocr,high,2,265,,dictionary/C/C-08.md,hz-006686-collective-bargaining,sources/Hezareh_Dictionary_Index/source/Hezareh_Part_02_PDF_0251-0500.md#L1917-L1919,True
collective farm,collective farm,collective farm,[],hz-006687,entry_candidate,raw_ocr,high,2,265,,dictionary/C/C-08.md,hz-006687-collective-farm,sources/Hezareh_Dictionary_Index/source/Hezareh_Part_02_PDF_0251-0500.md#L1920-L1921,True
collective noun,collective noun,collective noun,[],hz-006689,entry_candidate,raw_ocr,high,2,265,,dictionary/C/C-08.md,hz-006689-collective-noun,sources/Hezareh_Dictionary_Index/source/Hezareh_Part_02_PDF_0251-0500.md#L1924-L1925,True
Collective numbers,collective numbers,collective numbers,[],hz-038943,entry_candidate,raw_ocr,hint_only,8,1973,,dictionary/C/C-08.md,hz-038943-collective-numbers,sources/Hezareh_Dictionary_Index/source/Hezareh_Part_08_PDF_1751-1976.md#L25933-L25933,False
collective ownership,collective ownership,collective ownership,[],hz-006690,entry_candidate,raw_ocr,medium,2,265,,dictionary/C/C-08.md,hz-006690-collective-ownership,sources/Hezareh_Dictionary_Index/source/Hezareh_Part_02_PDF_0251-0500.md#L1926-L1932,True
collectively,collectively,collectively,[],hz-006688,entry_candidate,raw_ocr,low,2,265,,dictionary/C/C-08.md,hz-006688-collectively,sources/Hezareh_Dictionary_Index/source/Hezareh_Part_02_PDF_0251-0500.md#L1922-L1923,True
collectivisation,collectivisation,collectivisation,[],hz-006691,entry_candidate,raw_ocr,high,2,265,,dictionary/C/C-08.md,hz-006691-collectivisation,sources/Hezareh_Dictionary_Index/source/Hezareh_Part_02_PDF_0251-0500.md#L1933-L1936,True
collectivise,collectivise,collectivise,[],hz-006692,entry_candidate,raw_ocr,high,2,265,,dictionary/C/C-08.md,hz-006692-collectivise,sources/Hezareh_Dictionary_Index/source/Hezareh_Part_02_PDF_0251-0500.md#L1937-L1937,True
collectivism,collectivism,collectivism,[],hz-006693,entry_candidate,raw_ocr,high,2,265,,dictionary/C/C-08.md,hz-006693-collectivism,sources/Hezareh_Dictionary_Index/source/Hezareh_Part_02_PDF_0251-0500.md#L1938-L1946,True
collectivist,collectivist,collectivist,[],hz-006694,entry_candidate,raw_ocr,hint_only,2,265,,dictionary/C/C-08.md,hz-006694-collectivist,sources/Hezareh_Dictionary_Index/source/Hezareh_Part_02_PDF_0251-0500.md#L1871-L1871,False
collectivization,collectivization,collectivization,[],hz-006695,entry_candidate,raw_ocr,high,2,265,,dictionary/C/C-08.md,hz-006695-collectivization,sources/Hezareh_Dictionary_Index/source/Hezareh_Part_02_PDF_0251-0500.md#L1947-L1948,True
collectivize,collectivize,collectivize,[],hz-006696,entry_candidate,raw_ocr,medium,2,265,,dictionary/C/C-08.md,hz-006696-collectivize,sources/Hezareh_Dictionary_Index/source/Hezareh_Part_02_PDF_0251-0500.md#L1949-L1950,True
collector,collector,collector,[],hz-006697,entry_candidate,raw_ocr,medium,2,265,,dictionary/C/C-08.md,hz-006697-collector,sources/Hezareh_Dictionary_Index/source/Hezareh_Part_02_PDF_0251-0500.md#L1951-L1956,True
collector's item,collector's item,collector's item,[],hz-006698,entry_candidate,raw_ocr,high,2,265,,dictionary/C/C-08.md,hz-006698-collector-s-item,sources/Hezareh_Dictionary_Index/source/Hezareh_Part_02_PDF_0251-0500.md#L1958-L1958,True
collector's piece,collector's piece,collector's piece,[],hz-006699,entry_candidate,raw_ocr,medium,2,265,,dictionary/C/C-08.md,hz-006699-collector-s-piece,sources/Hezareh_Dictionary_Index/source/Hezareh_Part_02_PDF_0251-0500.md#L1957-L1957,True
colleen,colleen,colleen,[],hz-006700,entry_candidate,raw_ocr,medium,2,265,,dictionary/C/C-08.md,hz-006700-colleen,sources/Hezareh_Dictionary_Index/source/Hezareh_Part_02_PDF_0251-0500.md#L1959-L1959,True
college,college,college,[],hz-006701,entry_candidate,raw_ocr,medium,2,265,,dictionary/C/C-08.md,hz-006701-college,sources/Hezareh_Dictionary_Index/source/Hezareh_Part_02_PDF_0251-0500.md#L1960-L1962,True
collegiate,collegiate,collegiate,[],hz-006702,entry_candidate,raw_ocr,medium,2,265,,dictionary/C/C-08.md,hz-006702-collegiate,sources/Hezareh_Dictionary_Index/source/Hezareh_Part_02_PDF_0251-0500.md#L1963-L1972,True
collide,collide,collide,[],hz-006703,entry_candidate,raw_ocr,low,2,265,,dictionary/C/C-08.md,hz-006703-collide,sources/Hezareh_Dictionary_Index/source/Hezareh_Part_02_PDF_0251-0500.md#L1973-L1976,True
collie,collie,collie,[],hz-006704,entry_candidate,raw_ocr,medium,2,265,,dictionary/C/C-08.md,hz-006704-collie,sources/Hezareh_Dictionary_Index/source/Hezareh_Part_02_PDF_0251-0500.md#L1977-L1977,True
collier,collier,collier,[],hz-006705,entry_candidate,raw_ocr,medium,2,265,,dictionary/C/C-08.md,hz-006705-collier,sources/Hezareh_Dictionary_Index/source/Hezareh_Part_02_PDF_0251-0500.md#L1978-L1979,True
colliery,colliery,colliery,[],hz-006706,entry_candidate,raw_ocr,medium,2,265,,dictionary/C/C-08.md,hz-006706-colliery,sources/Hezareh_Dictionary_Index/source/Hezareh_Part_02_PDF_0251-0500.md#L1980-L1983,True
collision course,collision course,collision course,[],hz-006709,entry_candidate,raw_ocr,low,2,265,,dictionary/C/C-08.md,hz-006709-collision-course,sources/Hezareh_Dictionary_Index/source/Hezareh_Part_02_PDF_0251-0500.md#L1989-L1992,True
collocate,collocate,collocate,[],hz-006712,entry_candidate,raw_ocr,high,2,266,,dictionary/C/C-08.md,hz-006712-collocate,sources/Hezareh_Dictionary_Index/source/Hezareh_Part_02_PDF_0251-0500.md#L2006-L2010,True
collocation,collocation,collocation,[],hz-006713,entry_candidate,raw_ocr,high,2,266,,dictionary/C/C-08.md,hz-006713-collocation,sources/Hezareh_Dictionary_Index/source/Hezareh_Part_02_PDF_0251-0500.md#L2011-L2014,True
colloquial,colloquial,colloquial,[],hz-006714,entry_candidate,raw_ocr,high,2,266,,dictionary/C/C-08.md,hz-006714-colloquial,sources/Hezareh_Dictionary_Index/source/Hezareh_Part_02_PDF_0251-0500.md#L2015-L2016,True
colloquialism,colloquialism,colloquialism,[],hz-006715,entry_candidate,raw_ocr,high,2,266,,dictionary/C/C-08.md,hz-006715-colloquialism,sources/Hezareh_Dictionary_Index/source/Hezareh_Part_02_PDF_0251-0500.md#L2017-L2018,True
colloquially,colloquially,colloquially,[],hz-006716,entry_candidate,raw_ocr,high,2,266,,dictionary/C/C-08.md,hz-006716-colloquially,sources/Hezareh_Dictionary_Index/source/Hezareh_Part_02_PDF_0251-0500.md#L2019-L2020,True
colloquy,colloquy,colloquy,[],hz-006717,entry_candidate,raw_ocr,high,2,266,,dictionary/C/C-08.md,hz-006717-colloquy,sources/Hezareh_Dictionary_Index/source/Hezareh_Part_02_PDF_0251-0500.md#L2021-L2021,True
collude,collude,collude,[],hz-006718,entry_candidate,raw_ocr,high,2,266,,dictionary/C/C-08.md,hz-006718-collude,sources/Hezareh_Dictionary_Index/source/Hezareh_Part_02_PDF_0251-0500.md#L2022-L2023,True
collusion,collusion,collusion,[],hz-006719,entry_candidate,raw_ocr,high,2,266,,dictionary/C/C-08.md,hz-006719-collusion,sources/Hezareh_Dictionary_Index/source/Hezareh_Part_02_PDF_0251-0500.md#L2024-L2025,True
collusive,collusive,collusive,[],hz-006720,entry_candidate,raw_ocr,high,2,266,,dictionary/C/C-08.md,hz-006720-collusive,sources/Hezareh_Dictionary_Index/source/Hezareh_Part_02_PDF_0251-0500.md#L2026-L2027,True
collywobbles,collywobbles,collywobbles,[],hz-006721,entry_candidate,raw_ocr,high,2,266,,dictionary/C/C-08.md,hz-006721-collywobbles,sources/Hezareh_Dictionary_Index/source/Hezareh_Part_02_PDF_0251-0500.md#L2028-L2030,True
colon,colon,colon,[],hz-006710,entry_candidate,raw_ocr,high,2,266,,dictionary/C/C-08.md,hz-006710-colon,sources/Hezareh_Dictionary_Index/source/Hezareh_Part_02_PDF_0251-0500.md#L2031-L2032,True
colonel,colonel,colonel,[],hz-006711,entry_candidate,raw_ocr,high,2,266,,dictionary/C/C-08.md,hz-006711-colonel,sources/Hezareh_Dictionary_Index/source/Hezareh_Part_02_PDF_0251-0500.md#L2033-L2033,True
colonial,colonial,colonial,[],hz-006722,entry_candidate,raw_ocr,high,2,266,,dictionary/C/C-08.md,hz-006722-colonial,sources/Hezareh_Dictionary_Index/source/Hezareh_Part_02_PDF_0251-0500.md#L2034-L2037,True
colonialism,colonialism,colonialism,[],hz-006723,entry_candidate,raw_ocr,high,2,266,,dictionary/C/C-08.md,hz-006723-colonialism,sources/Hezareh_Dictionary_Index/source/Hezareh_Part_02_PDF_0251-0500.md#L2038-L2039,True
colonialiSt,colonialist,colonialist,[],hz-006724,entry_candidate,raw_ocr,high,2,266,,dictionary/C/C-08.md,hz-006724-colonialist,sources/Hezareh_Dictionary_Index/source/Hezareh_Part_02_PDF_0251-0500.md#L2040-L2042,True
colonisation,colonisation,colonisation,[],hz-006725,entry_candidate,raw_ocr,high,2,266,,dictionary/C/C-08.md,hz-006725-colonisation,sources/Hezareh_Dictionary_Index/source/Hezareh_Part_02_PDF_0251-0500.md#L2043-L2044,True
colonise,colonise,colonise,[],hz-006726,entry_candidate,raw_ocr,high,2,266,,dictionary/C/C-08.md,hz-006726-colonise,sources/Hezareh_Dictionary_Index/source/Hezareh_Part_02_PDF_0251-0500.md#L2045-L2045,True
colonist,colonist,colonist,[],hz-006727,entry_candidate,raw_ocr,high,2,266,,dictionary/C/C-08.md,hz-006727-colonist,sources/Hezareh_Dictionary_Index/source/Hezareh_Part_02_PDF_0251-0500.md#L2046-L2046,True
colonization,colonization,colonization,[],hz-006728,entry_candidate,raw_ocr,high,2,266,,dictionary/C/C-08.md,hz-006728-colonization,sources/Hezareh_Dictionary_Index/source/Hezareh_Part_02_PDF_0251-0500.md#L2047-L2048,True
colonize,colonize,colonize,[],hz-006729,entry_candidate,raw_ocr,high,2,266,,dictionary/C/C-08.md,hz-006729-colonize,sources/Hezareh_Dictionary_Index/source/Hezareh_Part_02_PDF_0251-0500.md#L2049-L2057,True
colonizer,colonizer,colonizer,[],hz-006730,entry_candidate,raw_ocr,high,2,266,,dictionary/C/C-08.md,hz-006730-colonizer,sources/Hezareh_Dictionary_Index/source/Hezareh_Part_02_PDF_0251-0500.md#L2058-L2060,True
colonnade,colonnade,colonnade,[],hz-006731,entry_candidate,raw_ocr,high,2,266,,dictionary/C/C-08.md,hz-006731-colonnade,sources/Hezareh_Dictionary_Index/source/Hezareh_Part_02_PDF_0251-0500.md#L2061-L2066,True
colony,colony,colony,[],hz-006732,entry_candidate,raw_ocr,medium,2,266,,dictionary/C/C-08.md,hz-006732-colony,sources/Hezareh_Dictionary_Index/source/Hezareh_Part_02_PDF_0251-0500.md#L2067-L2073,True
color,color,color,[],hz-006733,entry_candidate,raw_ocr,high,2,266,,dictionary/C/C-08.md,hz-006733-color,sources/Hezareh_Dictionary_Index/source/Hezareh_Part_02_PDF_0251-0500.md#L2074-L2075,True
coloration,coloration,coloration,[],hz-006734,entry_candidate,raw_ocr,medium,2,266,,dictionary/C/C-08.md,hz-006734-coloration,sources/Hezareh_Dictionary_Index/source/Hezareh_Part_02_PDF_0251-0500.md#L2076-L2082,True
coloratura,coloratura,coloratura,[],hz-006735,entry_candidate,raw_ocr,hint_only,2,266,,dictionary/C/C-08.md,hz-006735-coloratura,sources/Hezareh_Dictionary_Index/source/Hezareh_Part_02_PDF_0251-0500.md#L1996-L1996,False
colorcast,colorcast,colorcast,[],hz-006736,entry_candidate,raw_ocr,high,2,266,,dictionary/C/C-08.md,hz-006736-colorcast,sources/Hezareh_Dictionary_Index/source/Hezareh_Part_02_PDF_0251-0500.md#L2083-L2087,True
colored,colored,colored,[],hz-006737,entry_candidate,raw_ocr,high,2,266,,dictionary/C/C-08.md,hz-006737-colored,sources/Hezareh_Dictionary_Index/source/Hezareh_Part_02_PDF_0251-0500.md#L2088-L2089,True
colorful,colorful,colorful,[],hz-006738,entry_candidate,raw_ocr,high,2,266,,dictionary/C/C-08.md,hz-006738-colorful,sources/Hezareh_Dictionary_Index/source/Hezareh_Part_02_PDF_0251-0500.md#L2090-L2091,True
coloring,coloring,coloring,[],hz-006739,entry_candidate,raw_ocr,high,2,266,,dictionary/C/C-08.md,hz-006739-coloring,sources/Hezareh_Dictionary_Index/source/Hezareh_Part_02_PDF_0251-0500.md#L2092-L2093,True
colorless,colorless,colorless,[],hz-006740,entry_candidate,raw_ocr,high,2,266,,dictionary/C/C-09.md,hz-006740-colorless,sources/Hezareh_Dictionary_Index/source/Hezareh_Part_02_PDF_0251-0500.md#L2094-L2095,True
colossal,colossal,colossal,[],hz-006741,entry_candidate,raw_ocr,high,2,266,,dictionary/C/C-09.md,hz-006741-colossal,sources/Hezareh_Dictionary_Index/source/Hezareh_Part_02_PDF_0251-0500.md#L2096-L2099,True
colossally,colossally,colossally,[],hz-006742,entry_candidate,raw_ocr,high,2,266,,dictionary/C/C-09.md,hz-006742-colossally,sources/Hezareh_Dictionary_Index/source/Hezareh_Part_02_PDF_0251-0500.md#L2100-L2104,True
colossi,colossi,colossi,[],hz-006743,entry_candidate,raw_ocr,high,2,266,,dictionary/C/C-09.md,hz-006743-colossi,sources/Hezareh_Dictionary_Index/source/Hezareh_Part_02_PDF_0251-0500.md#L2105-L2106,True
colossus,colossus,colossus,[],hz-006744,entry_candidate,raw_ocr,high,2,266,,dictionary/C/C-09.md,hz-006744-colossus,sources/Hezareh_Dictionary_Index/source/Hezareh_Part_02_PDF_0251-0500.md#L2107-L2128,True
colour code,colour code,colour code,[],hz-006751,entry_candidate,raw_ocr,high,2,267,,dictionary/C/C-09.md,hz-006751-colour-code,sources/Hezareh_Dictionary_Index/source/Hezareh_Part_02_PDF_0251-0500.md#L2195-L2195,True
colour coded,colour coded,colour coded,[],hz-006752,entry_candidate,raw_ocr,high,2,267,,dictionary/C/C-09.md,hz-006752-colour-coded,sources/Hezareh_Dictionary_Index/source/Hezareh_Part_02_PDF_0251-0500.md#L2196-L2201,True
colour problem,colour problem,colour problem,[],hz-006758,entry_candidate,raw_ocr,high,2,267,,dictionary/C/C-09.md,hz-006758-colour-problem,sources/Hezareh_Dictionary_Index/source/Hezareh_Part_02_PDF_0251-0500.md#L2216-L2217,True
colour scheme,colour scheme,colour scheme,[],hz-006759,entry_candidate,raw_ocr,high,2,267,,dictionary/C/C-09.md,hz-006759-colour-scheme,sources/Hezareh_Dictionary_Index/source/Hezareh_Part_02_PDF_0251-0500.md#L2218-L2219,True
colour sergeant,colour sergeant,colour sergeant,[],hz-006760,entry_candidate,raw_ocr,high,2,267,,dictionary/C/C-09.md,hz-006760-colour-sergeant,sources/Hezareh_Dictionary_Index/source/Hezareh_Part_02_PDF_0251-0500.md#L2220-L2220,True
colour supplement,colour supplement,colour supplement,[],hz-006761,entry_candidate,raw_ocr,high,2,267,,dictionary/C/C-09.md,hz-006761-colour-supplement,sources/Hezareh_Dictionary_Index/source/Hezareh_Part_02_PDF_0251-0500.md#L2221-L2222,True
colour TV,colour tv,colour tv,[],hz-006762,entry_candidate,raw_ocr,high,2,267,,dictionary/C/C-09.md,hz-006762-colour-tv,sources/Hezareh_Dictionary_Index/source/Hezareh_Part_02_PDF_0251-0500.md#L2223-L2223,True
colour-bar,colour-bar,colour-bar,[],hz-006748,entry_candidate,raw_ocr,medium,2,267,,dictionary/C/C-09.md,hz-006748-colour-bar,sources/Hezareh_Dictionary_Index/source/Hezareh_Part_02_PDF_0251-0500.md#L2189-L2192,True
colour-blind,colour-blind,colour-blind,[],hz-006749,entry_candidate,raw_ocr,high,2,267,,dictionary/C/C-09.md,hz-006749-colour-blind,sources/Hezareh_Dictionary_Index/source/Hezareh_Part_02_PDF_0251-0500.md#L2193-L2193,True
colour-blindneSS,colour-blindness,colour-blindness,[],hz-006750,entry_candidate,raw_ocr,high,2,267,,dictionary/C/C-09.md,hz-006750-colour-blindness,sources/Hezareh_Dictionary_Index/source/Hezareh_Part_02_PDF_0251-0500.md#L2194-L2194,True
colour-fast,colour-fast,colour-fast,[],hz-006754,entry_candidate,raw_ocr,high,2,267,,dictionary/C/C-09.md,hz-006754-colour-fast,sources/Hezareh_Dictionary_Index/source/Hezareh_Part_02_PDF_0251-0500.md#L2202-L2203,True
colour-wash,colour-wash,colour-wash,[],hz-006763,entry_candidate,raw_ocr,high,2,267,,dictionary/C/C-09.md,hz-006763-colour-wash,sources/Hezareh_Dictionary_Index/source/Hezareh_Part_02_PDF_0251-0500.md#L2224-L2227,True
colouredi'kAiact,colouredi'kaiact,colouredi'kaiact,[],hz-006753,entry_candidate,raw_ocr,hint_only,2,267,,dictionary/C/C-09.md,hz-006753-colouredi-kaiact,sources/Hezareh_Dictionary_Index/source/Hezareh_Part_02_PDF_0251-0500.md#L2132-L2132,False
colourful,colourful,colourful,[],hz-006755,entry_candidate,raw_ocr,high,2,267,,dictionary/C/C-09.md,hz-006755-colourful,sources/Hezareh_Dictionary_Index/source/Hezareh_Part_02_PDF_0251-0500.md#L2204-L2211,True
colourless,colourless,colourless,[],hz-006757,entry_candidate,raw_ocr,high,2,267,,dictionary/C/C-09.md,hz-006757-colourless,sources/Hezareh_Dictionary_Index/source/Hezareh_Part_02_PDF_0251-0500.md#L2212-L2215,True
colter,colter,colter,[],hz-006764,entry_candidate,raw_ocr,hint_only,2,267,,dictionary/C/C-09.md,hz-006764-colter,sources/Hezareh_Dictionary_Index/source/Hezareh_Part_02_PDF_0251-0500.md#L2132-L2132,False
coltish,coltish,coltish,[],hz-006765,entry_candidate,raw_ocr,high,2,267,,dictionary/C/C-09.md,hz-006765-coltish,sources/Hezareh_Dictionary_Index/source/Hezareh_Part_02_PDF_0251-0500.md#L2228-L2230,True
columbine,columbine,columbine,[],hz-006766,entry_candidate,raw_ocr,high,2,267,,dictionary/C/C-09.md,hz-006766-columbine,sources/Hezareh_Dictionary_Index/source/Hezareh_Part_02_PDF_0251-0500.md#L2231-L2232,True
Columbine,columbine,columbine,[],hz-006767,entry_candidate,raw_ocr,high,2,267,,dictionary/C/C-09.md,hz-006767-columbine,sources/Hezareh_Dictionary_Index/source/Hezareh_Part_02_PDF_0251-0500.md#L2231-L2232,True
Columbus,columbus,columbus,[],hz-006768,entry_candidate,raw_ocr,high,2,267,,dictionary/C/C-09.md,hz-006768-columbus,sources/Hezareh_Dictionary_Index/source/Hezareh_Part_02_PDF_0251-0500.md#L2233-L2233,True
column,column,column,[],hz-006769,entry_candidate,raw_ocr,high,2,267,,dictionary/C/C-09.md,hz-006769-column,sources/Hezareh_Dictionary_Index/source/Hezareh_Part_02_PDF_0251-0500.md#L2234-L2240,True
columnist,columnist,columnist,[],hz-006770,entry_candidate,raw_ocr,medium,2,268,,dictionary/C/C-09.md,hz-006770-columnist,sources/Hezareh_Dictionary_Index/source/Hezareh_Part_02_PDF_0251-0500.md#L2254-L2255,True
com minatory,com minatory,com minatory,[],hz-006866,entry_candidate,raw_ocr,hint_only,2,275,,dictionary/C/C-09.md,hz-006866-com-minatory,sources/Hezareh_Dictionary_Index/source/Hezareh_Part_02_PDF_0251-0500.md#L3087-L3087,False
com-,com-,com-,[],hz-038792,entry_candidate,raw_ocr,medium,8,1961,,dictionary/C/C-09.md,hz-038792-com,sources/Hezareh_Dictionary_Index/source/Hezareh_Part_08_PDF_1751-1976.md#L24803-L24808,True
coma,coma,coma,[],hz-006771,entry_candidate,raw_ocr,medium,2,268,,dictionary/C/C-09.md,hz-006771-coma,sources/Hezareh_Dictionary_Index/source/Hezareh_Part_02_PDF_0251-0500.md#L2256-L2259,True
comatose,comatose,comatose,[],hz-006772,entry_candidate,raw_ocr,medium,2,268,,dictionary/C/C-09.md,hz-006772-comatose,sources/Hezareh_Dictionary_Index/source/Hezareh_Part_02_PDF_0251-0500.md#L2260-L2261,True
comb,comb,comb,[],hz-006773,entry_candidate,raw_ocr,medium,2,268,,dictionary/C/C-09.md,hz-006773-comb,sources/Hezareh_Dictionary_Index/source/Hezareh_Part_02_PDF_0251-0500.md#L2262-L2273,True
comb-out,comb-out,comb-out,[],hz-006784,entry_candidate,raw_ocr,high,2,268,,dictionary/C/C-09.md,hz-006784-comb-out,sources/Hezareh_Dictionary_Index/source/Hezareh_Part_02_PDF_0251-0500.md#L2324-L2324,True
combat,combat,combat,[],hz-006774,entry_candidate,raw_ocr,medium,2,268,,dictionary/C/C-09.md,hz-006774-combat,sources/Hezareh_Dictionary_Index/source/Hezareh_Part_02_PDF_0251-0500.md#L2274-L2279,True
combatant,combatant,combatant,[],hz-006775,entry_candidate,raw_ocr,high,2,268,,dictionary/C/C-09.md,hz-006775-combatant,sources/Hezareh_Dictionary_Index/source/Hezareh_Part_02_PDF_0251-0500.md#L2280-L2282,True
combative,combative,combative,[],hz-006776,entry_candidate,raw_ocr,high,2,268,,dictionary/C/C-09.md,hz-006776-combative,sources/Hezareh_Dictionary_Index/source/Hezareh_Part_02_PDF_0251-0500.md#L2283-L2284,True
combatively,combatively,combatively,[],hz-006777,entry_candidate,raw_ocr,high,2,268,,dictionary/C/C-09.md,hz-006777-combatively,sources/Hezareh_Dictionary_Index/source/Hezareh_Part_02_PDF_0251-0500.md#L2285-L2294,True
combination,combination,combination,[],hz-006778,entry_candidate,raw_ocr,high,2,268,,dictionary/C/C-09.md,hz-006778-combination,sources/Hezareh_Dictionary_Index/source/Hezareh_Part_02_PDF_0251-0500.md#L2297-L2317,True
combination room,combination room,combination room,[],hz-006780,entry_candidate,raw_ocr,high,2,268,,dictionary/C/C-09.md,hz-006780-combination-room,sources/Hezareh_Dictionary_Index/source/Hezareh_Part_02_PDF_0251-0500.md#L2297-L2317,True
combination-lock,combination-lock,combination-lock,[],hz-006779,entry_candidate,raw_ocr,high,2,268,,dictionary/C/C-09.md,hz-006779-combination-lock,sources/Hezareh_Dictionary_Index/source/Hezareh_Part_02_PDF_0251-0500.md#L2295-L2296,True
combine harvester,combine harvester,combine harvester,[],hz-006781,entry_candidate,raw_ocr,high,2,268,,dictionary/C/C-09.md,hz-006781-combine-harvester,sources/Hezareh_Dictionary_Index/source/Hezareh_Part_02_PDF_0251-0500.md#L2318-L2319,True
combining form,combining form,combining form,[],hz-006782,entry_candidate,raw_ocr,high,2,268,,dictionary/C/C-09.md,hz-006782-combining-form,sources/Hezareh_Dictionary_Index/source/Hezareh_Part_02_PDF_0251-0500.md#L2320-L2321,True
combo,combo,combo,[],hz-006783,entry_candidate,raw_ocr,high,2,268,,dictionary/C/C-09.md,hz-006783-combo,sources/Hezareh_Dictionary_Index/source/Hezareh_Part_02_PDF_0251-0500.md#L2322-L2323,True
combustible,combustible,combustible,[],hz-006785,entry_candidate,raw_ocr,high,2,268,,dictionary/C/C-09.md,hz-006785-combustible,sources/Hezareh_Dictionary_Index/source/Hezareh_Part_02_PDF_0251-0500.md#L2325-L2328,True
combustion,combustion,combustion,[],hz-006786,entry_candidate,raw_ocr,high,2,268,,dictionary/C/C-09.md,hz-006786-combustion,sources/Hezareh_Dictionary_Index/source/Hezareh_Part_02_PDF_0251-0500.md#L2329-L2330,True
combustion chamber,combustion chamber,combustion chamber,[],hz-006787,entry_candidate,raw_ocr,high,2,268,,dictionary/C/C-09.md,hz-006787-combustion-chamber,sources/Hezareh_Dictionary_Index/source/Hezareh_Part_02_PDF_0251-0500.md#L2331-L2354,True
come,come,come,[],hz-001390,entry_candidate,raw_ocr,high,1,56,,dictionary/C/C-09.md,hz-001390-come,sources/Hezareh_Dictionary_Index/source/Hezareh_Part_01_PDF_0001-0250.md#L7211-L7215,True
come,come,come,[],hz-021363,entry_candidate,raw_ocr,high,4,947,,dictionary/C/C-09.md,hz-021363-come,sources/Hezareh_Dictionary_Index/source/Hezareh_Part_04_PDF_0751-1000.md#L22527-L22541,True
come,come,come,[],hz-023059,entry_candidate,raw_ocr,high,5,1046,,dictionary/C/C-09.md,hz-023059-come,sources/Hezareh_Dictionary_Index/source/Hezareh_Part_05_PDF_1001-1250.md#L5564-L5579,True
come,come,come,[],hz-028996,entry_candidate,raw_ocr,medium,6,1417,,dictionary/C/C-09.md,hz-028996-come,sources/Hezareh_Dictionary_Index/source/Hezareh_Part_06_PDF_1251-1500.md#L19405-L19423,True
come,come,come,[],hz-032446,entry_candidate,raw_ocr,medium,7,1619,,dictionary/C/C-09.md,hz-032446-come,sources/Hezareh_Dictionary_Index/source/Hezareh_Part_07_PDF_1501-1750.md#L13954-L13971,True
come,come,come,[],hz-033287,entry_candidate,raw_ocr,medium,7,1669,,dictionary/C/C-09.md,hz-033287-come,sources/Hezareh_Dictionary_Index/source/Hezareh_Part_07_PDF_1501-1750.md#L19771-L19794,True
come,come,come,[],hz-038465,entry_candidate,raw_ocr,medium,8,1939,,dictionary/C/C-09.md,hz-038465-come,sources/Hezareh_Dictionary_Index/source/Hezareh_Part_08_PDF_1751-1976.md#L22307-L22313,True
come back,come back,come back,[],hz-011440,entry_candidate,raw_ocr,medium,2,477,,dictionary/C/C-09.md,hz-011440-come-back,sources/Hezareh_Dictionary_Index/source/Hezareh_Part_02_PDF_0251-0500.md#L26719-L26720,True
come down in favour of sb,come down in favour of sb,come down in favour of sb,[],hz-006788,entry_candidate,raw_ocr,hint_only,2,269,,dictionary/C/C-09.md,hz-006788-come-down-in-favour-of-sb,sources/Hezareh_Dictionary_Index/source/Hezareh_Part_02_PDF_0251-0500.md#L2358-L2358,False
come I appear from,come i appear from,come i appear from,[],hz-024292,entry_candidate,raw_ocr,hint_only,5,1129,,dictionary/C/C-09.md,hz-024292-come-i-appear-from,sources/Hezareh_Dictionary_Index/source/Hezareh_Part_05_PDF_1001-1250.md#L15005-L15005,False
come in,come in,come in,[],hz-034866,entry_candidate,raw_ocr,high,7,1746,,dictionary/C/C-09.md,hz-034866-come-in,sources/Hezareh_Dictionary_Index/source/Hezareh_Part_07_PDF_1501-1750.md#L28731-L28746,True
come in handy,come in handy,come in handy,[],hz-006790,entry_candidate,raw_ocr,high,2,270,,dictionary/C/C-09.md,hz-006790-come-in-handy,sources/Hezareh_Dictionary_Index/source/Hezareh_Part_02_PDF_0251-0500.md#L2512-L2571,True
come through,come through,come through,[],hz-006747,entry_candidate,raw_ocr,high,2,267,,dictionary/C/C-09.md,hz-006747-come-through,sources/Hezareh_Dictionary_Index/source/Hezareh_Part_02_PDF_0251-0500.md#L2167-L2188,True
come through,come through,come through,[],hz-014070,entry_candidate,raw_ocr,high,3,610,,dictionary/C/C-09.md,hz-014070-come-through,sources/Hezareh_Dictionary_Index/source/Hezareh_Part_03_PDF_0501-0750.md#L12670-L12671,True
come to,come to,come to,[],hz-000712,entry_candidate,raw_ocr,high,1,33,,dictionary/C/C-09.md,hz-000712-come-to,sources/Hezareh_Dictionary_Index/source/Hezareh_Part_01_PDF_0001-0250.md#L4062-L4065,True
come to,come to,come to,[],hz-009133,entry_candidate,raw_ocr,high,2,374,,dictionary/C/C-09.md,hz-009133-come-to,sources/Hezareh_Dictionary_Index/source/Hezareh_Part_02_PDF_0251-0500.md#L14890-L14899,True
come to,come to,come to,[],hz-011415,entry_candidate,raw_ocr,medium,2,476,,dictionary/C/C-09.md,hz-011415-come-to,sources/Hezareh_Dictionary_Index/source/Hezareh_Part_02_PDF_0251-0500.md#L26515-L26520,True
come to,come to,come to,[],hz-034981,entry_candidate,raw_ocr,high,8,1755,,dictionary/C/C-09.md,hz-034981-come-to,sources/Hezareh_Dictionary_Index/source/Hezareh_Part_08_PDF_1751-1976.md#L689-L700,True
come to a bad,come to a bad,come to a bad,[],hz-011983,entry_candidate,raw_ocr,high,3,502,,dictionary/C/C-09.md,hz-011983-come-to-a-bad,sources/Hezareh_Dictionary_Index/source/Hezareh_Part_03_PDF_0501-0750.md#L294-L350,True
come to a halt,come to a halt,come to a halt,[],hz-006791,entry_candidate,raw_ocr,medium,2,271,,dictionary/C/C-09.md,hz-006791-come-to-a-halt,sources/Hezareh_Dictionary_Index/source/Hezareh_Part_02_PDF_0251-0500.md#L2685-L2695,True
come to one's senses,come to one's senses,come to one's senses,[],hz-006792,entry_candidate,raw_ocr,hint_only,2,271,,dictionary/C/C-09.md,hz-006792-come-to-one-s-senses,sources/Hezareh_Dictionary_Index/source/Hezareh_Part_02_PDF_0251-0500.md#L2585-L2585,False
come to terms with sb,come to terms with sb,come to terms with sb,[],hz-034667,entry_candidate,raw_ocr,medium,7,1735,,dictionary/C/C-09.md,hz-034667-come-to-terms-with-sb,sources/Hezareh_Dictionary_Index/source/Hezareh_Part_07_PDF_1501-1750.md#L27453-L27467,True
come under,come under,come under,[],hz-029213,entry_candidate,raw_ocr,hint_only,6,1431,,dictionary/C/C-09.md,hz-029213-come-under,sources/Hezareh_Dictionary_Index/source/Hezareh_Part_06_PDF_1251-1500.md#L20974-L20974,False
come-at-able,come-at-able,come-at-able,[],hz-006793,entry_candidate,raw_ocr,medium,2,272,,dictionary/C/C-09.md,hz-006793-come-at-able,sources/Hezareh_Dictionary_Index/source/Hezareh_Part_02_PDF_0251-0500.md#L2743-L2744,True
come-hither,come-hither,come-hither,[],hz-006800,entry_candidate,raw_ocr,high,2,272,,dictionary/C/C-09.md,hz-006800-come-hither,sources/Hezareh_Dictionary_Index/source/Hezareh_Part_02_PDF_0251-0500.md#L2782-L2785,True
come-on,come-on,come-on,[],hz-006803,entry_candidate,raw_ocr,high,2,272,,dictionary/C/C-09.md,hz-006803-come-on,sources/Hezareh_Dictionary_Index/source/Hezareh_Part_02_PDF_0251-0500.md#L2798-L2803,True
comeback,comeback,comeback,[],hz-006794,entry_candidate,raw_ocr,medium,2,272,,dictionary/C/C-09.md,hz-006794-comeback,sources/Hezareh_Dictionary_Index/source/Hezareh_Part_02_PDF_0251-0500.md#L2745-L2751,True
comedian,comedian,comedian,[],hz-006795,entry_candidate,raw_ocr,medium,2,272,,dictionary/C/C-09.md,hz-006795-comedian,sources/Hezareh_Dictionary_Index/source/Hezareh_Part_02_PDF_0251-0500.md#L2752-L2759,True
comedienne,comedienne,comedienne,[],hz-006796,entry_candidate,raw_ocr,medium,2,272,,dictionary/C/C-09.md,hz-006796-comedienne,sources/Hezareh_Dictionary_Index/source/Hezareh_Part_02_PDF_0251-0500.md#L2764-L2777,True
comedown l'kAmdaun,comedown l'kamdaun,comedown l'kamdaun,[],hz-006797,entry_candidate,raw_ocr,hint_only,2,272,,dictionary/C/C-09.md,hz-006797-comedown-l-kamdaun,sources/Hezareh_Dictionary_Index/source/Hezareh_Part_02_PDF_0251-0500.md#L2699-L2699,False
comedy,comedy,comedy,[],hz-006798,entry_candidate,raw_ocr,high,2,272,,dictionary/C/C-09.md,hz-006798-comedy,sources/Hezareh_Dictionary_Index/source/Hezareh_Part_02_PDF_0251-0500.md#L2778-L2781,True
comedy of manners,comedy of manners,comedy of manners,[],hz-006799,entry_candidate,raw_ocr,high,2,272,,dictionary/C/C-09.md,hz-006799-comedy-of-manners,sources/Hezareh_Dictionary_Index/source/Hezareh_Part_02_PDF_0251-0500.md#L2778-L2781,True
comeliness,comeliness,comeliness,[],hz-006801,entry_candidate,raw_ocr,high,2,272,,dictionary/C/C-09.md,hz-006801-comeliness,sources/Hezareh_Dictionary_Index/source/Hezareh_Part_02_PDF_0251-0500.md#L2786-L2791,True
comely,comely,comely,[],hz-006802,entry_candidate,raw_ocr,medium,2,272,,dictionary/C/C-09.md,hz-006802-comely,sources/Hezareh_Dictionary_Index/source/Hezareh_Part_02_PDF_0251-0500.md#L2792-L2797,True
Comer,comer,comer,[],hz-006804,entry_candidate,raw_ocr,high,2,272,,dictionary/C/C-09.md,hz-006804-comer,sources/Hezareh_Dictionary_Index/source/Hezareh_Part_02_PDF_0251-0500.md#L2804-L2813,True
comestible,comestible,comestible,[],hz-006805,entry_candidate,raw_ocr,high,2,272,,dictionary/C/C-09.md,hz-006805-comestible,sources/Hezareh_Dictionary_Index/source/Hezareh_Part_02_PDF_0251-0500.md#L2814-L2817,True
comet,comet,comet,[],hz-006806,entry_candidate,raw_ocr,high,2,272,,dictionary/C/C-09.md,hz-006806-comet,sources/Hezareh_Dictionary_Index/source/Hezareh_Part_02_PDF_0251-0500.md#L2818-L2821,True
comeuppance,comeuppance,comeuppance,[],hz-006807,entry_candidate,raw_ocr,high,2,272,,dictionary/C/C-09.md,hz-006807-comeuppance,sources/Hezareh_Dictionary_Index/source/Hezareh_Part_02_PDF_0251-0500.md#L2822-L2829,True
comfit,comfit,comfit,[],hz-006808,entry_candidate,raw_ocr,high,2,272,,dictionary/C/C-09.md,hz-006808-comfit,sources/Hezareh_Dictionary_Index/source/Hezareh_Part_02_PDF_0251-0500.md#L2830-L2856,True
comfort,comfort,comfort,[],hz-006809,entry_candidate,raw_ocr,high,2,272,,dictionary/C/C-09.md,hz-006809-comfort,sources/Hezareh_Dictionary_Index/source/Hezareh_Part_02_PDF_0251-0500.md#L2760-L2763,True
comfort-station,comfort-station,comfort-station,[],hz-006816,entry_candidate,raw_ocr,medium,2,273,,dictionary/C/C-09.md,hz-006816-comfort-station,sources/Hezareh_Dictionary_Index/source/Hezareh_Part_02_PDF_0251-0500.md#L2898-L2898,True
comfortable,comfortable,comfortable,[],hz-006810,entry_candidate,raw_ocr,high,2,273,,dictionary/C/C-09.md,hz-006810-comfortable,sources/Hezareh_Dictionary_Index/source/Hezareh_Part_02_PDF_0251-0500.md#L2870-L2884,True
comfortably l'kAmftabh,comfortably l'kamftabh,comfortably l'kamftabh,[],hz-006811,entry_candidate,raw_ocr,hint_only,2,273,,dictionary/C/C-09.md,hz-006811-comfortably-l-kamftabh,sources/Hezareh_Dictionary_Index/source/Hezareh_Part_02_PDF_0251-0500.md#L2860-L2860,False
comforter,comforter,comforter,[],hz-006812,entry_candidate,raw_ocr,medium,2,273,,dictionary/C/C-09.md,hz-006812-comforter,sources/Hezareh_Dictionary_Index/source/Hezareh_Part_02_PDF_0251-0500.md#L2885-L2889,True
comforting,comforting,comforting,[],hz-006813,entry_candidate,raw_ocr,medium,2,273,,dictionary/C/C-09.md,hz-006813-comforting,sources/Hezareh_Dictionary_Index/source/Hezareh_Part_02_PDF_0251-0500.md#L2890-L2891,True
comfortingly,comfortingly,comfortingly,[],hz-006814,entry_candidate,raw_ocr,medium,2,273,,dictionary/C/C-09.md,hz-006814-comfortingly,sources/Hezareh_Dictionary_Index/source/Hezareh_Part_02_PDF_0251-0500.md#L2892-L2894,True
comfortleSS,comfortless,comfortless,[],hz-006815,entry_candidate,raw_ocr,medium,2,273,,dictionary/C/C-09.md,hz-006815-comfortless,sources/Hezareh_Dictionary_Index/source/Hezareh_Part_02_PDF_0251-0500.md#L2895-L2897,True
comfrey,comfrey,comfrey,[],hz-006817,entry_candidate,raw_ocr,medium,2,273,,dictionary/C/C-09.md,hz-006817-comfrey,sources/Hezareh_Dictionary_Index/source/Hezareh_Part_02_PDF_0251-0500.md#L2899-L2900,True
comfy,comfy,comfy,[],hz-006818,entry_candidate,raw_ocr,high,2,273,,dictionary/C/C-09.md,hz-006818-comfy,sources/Hezareh_Dictionary_Index/source/Hezareh_Part_02_PDF_0251-0500.md#L2901-L2907,True
comiC,comic,comic,[],hz-006819,entry_candidate,raw_ocr,medium,2,273,,dictionary/C/C-09.md,hz-006819-comic,sources/Hezareh_Dictionary_Index/source/Hezareh_Part_02_PDF_0251-0500.md#L2914-L2914,True
comic book,comic book,comic book,[],hz-006822,entry_candidate,raw_ocr,medium,2,273,,dictionary/C/C-09.md,hz-006822-comic-book,sources/Hezareh_Dictionary_Index/source/Hezareh_Part_02_PDF_0251-0500.md#L2912-L2913,True
comic strip,comic strip,comic strip,[],hz-006823,entry_candidate,raw_ocr,medium,2,273,,dictionary/C/C-09.md,hz-006823-comic-strip,sources/Hezareh_Dictionary_Index/source/Hezareh_Part_02_PDF_0251-0500.md#L2914-L2914,True
comical,comical,comical,[],hz-006820,entry_candidate,raw_ocr,medium,2,273,,dictionary/C/C-09.md,hz-006820-comical,sources/Hezareh_Dictionary_Index/source/Hezareh_Part_02_PDF_0251-0500.md#L2908-L2909,True
comically,comically,comically,[],hz-006821,entry_candidate,raw_ocr,low,2,273,,dictionary/C/C-09.md,hz-006821-comically,sources/Hezareh_Dictionary_Index/source/Hezareh_Part_02_PDF_0251-0500.md#L2910-L2911,True
coming,coming,coming,[],hz-006824,entry_candidate,raw_ocr,medium,2,273,,dictionary/C/C-09.md,hz-006824-coming,sources/Hezareh_Dictionary_Index/source/Hezareh_Part_02_PDF_0251-0500.md#L2915-L2928,True
comity,comity,comity,[],hz-006825,entry_candidate,raw_ocr,high,2,273,,dictionary/C/C-09.md,hz-006825-comity,sources/Hezareh_Dictionary_Index/source/Hezareh_Part_02_PDF_0251-0500.md#L2929-L2930,True
comity of nations,comity of nations,comity of nations,[],hz-006826,entry_candidate,raw_ocr,high,2,273,,dictionary/C/C-09.md,hz-006826-comity-of-nations,sources/Hezareh_Dictionary_Index/source/Hezareh_Part_02_PDF_0251-0500.md#L2929-L2930,True
comma,comma,comma,[],hz-006827,entry_candidate,raw_ocr,high,2,273,,dictionary/C/C-09.md,hz-006827-comma,sources/Hezareh_Dictionary_Index/source/Hezareh_Part_02_PDF_0251-0500.md#L2931-L2945,True
command,command,command,[],hz-006828,entry_candidate,raw_ocr,medium,2,273,,dictionary/C/C-09.md,hz-006828-command,sources/Hezareh_Dictionary_Index/source/Hezareh_Part_02_PDF_0251-0500.md#L2946-L2952,True
Command,command,command,[],hz-006830,entry_candidate,raw_ocr,high,2,274,,dictionary/C/C-09.md,hz-006830-command,sources/Hezareh_Dictionary_Index/source/Hezareh_Part_02_PDF_0251-0500.md#L3001-L3003,True
command module,command module,command module,[],hz-006836,entry_candidate,raw_ocr,high,2,274,,dictionary/C/C-09.md,hz-006836-command-module,sources/Hezareh_Dictionary_Index/source/Hezareh_Part_02_PDF_0251-0500.md#L3001-L3003,True
command performance,command performance,command performance,[],hz-006838,entry_candidate,raw_ocr,high,2,274,,dictionary/C/C-09.md,hz-006838-command-performance,sources/Hezareh_Dictionary_Index/source/Hezareh_Part_02_PDF_0251-0500.md#L3008-L3009,True
commandant,commandant,commandant,[],hz-006831,entry_candidate,raw_ocr,hint_only,2,274,,dictionary/C/C-09.md,hz-006831-commandant,sources/Hezareh_Dictionary_Index/source/Hezareh_Part_02_PDF_0251-0500.md#L2972-L2972,False
commandeer,commandeer,commandeer,[],hz-006832,entry_candidate,raw_ocr,medium,2,274,,dictionary/C/C-09.md,hz-006832-commandeer,sources/Hezareh_Dictionary_Index/source/Hezareh_Part_02_PDF_0251-0500.md#L2984-L2986,True
commander,commander,commander,[],hz-006833,entry_candidate,raw_ocr,high,2,274,,dictionary/C/C-09.md,hz-006833-commander,sources/Hezareh_Dictionary_Index/source/Hezareh_Part_02_PDF_0251-0500.md#L2987-L2992,True
commanding,commanding,commanding,[],hz-006834,entry_candidate,raw_ocr,high,2,274,,dictionary/C/C-09.md,hz-006834-commanding,sources/Hezareh_Dictionary_Index/source/Hezareh_Part_02_PDF_0251-0500.md#L2993-L2996,True
commandment,commandment,commandment,[],hz-006835,entry_candidate,raw_ocr,high,2,274,,dictionary/C/C-09.md,hz-006835-commandment,sources/Hezareh_Dictionary_Index/source/Hezareh_Part_02_PDF_0251-0500.md#L2997-L3000,True
commando,commando,commando,[],hz-006837,entry_candidate,raw_ocr,high,2,274,,dictionary/C/C-09.md,hz-006837-commando,sources/Hezareh_Dictionary_Index/source/Hezareh_Part_02_PDF_0251-0500.md#L3004-L3007,True
commemorate,commemorate,commemorate,[],hz-006839,entry_candidate,raw_ocr,low,2,274,,dictionary/C/C-09.md,hz-006839-commemorate,sources/Hezareh_Dictionary_Index/source/Hezareh_Part_02_PDF_0251-0500.md#L3010-L3013,True
commemoration,commemoration,commemoration,[],hz-006840,entry_candidate,raw_ocr,medium,2,274,,dictionary/C/C-09.md,hz-006840-commemoration,sources/Hezareh_Dictionary_Index/source/Hezareh_Part_02_PDF_0251-0500.md#L3014-L3018,True
commemorative,commemorative,commemorative,[],hz-006841,entry_candidate,raw_ocr,high,2,274,,dictionary/C/C-09.md,hz-006841-commemorative,sources/Hezareh_Dictionary_Index/source/Hezareh_Part_02_PDF_0251-0500.md#L3019-L3023,True
commencement,commencement,commencement,[],hz-006843,entry_candidate,raw_ocr,medium,2,274,,dictionary/C/C-09.md,hz-006843-commencement,sources/Hezareh_Dictionary_Index/source/Hezareh_Part_02_PDF_0251-0500.md#L3024-L3035,True
commencetka'mens,commencetka'mens,commencetka'mens,[],hz-006842,entry_candidate,raw_ocr,hint_only,2,274,,dictionary/C/C-09.md,hz-006842-commencetka-mens,sources/Hezareh_Dictionary_Index/source/Hezareh_Part_02_PDF_0251-0500.md#L2972-L2972,False
commend,commend,commend,[],hz-006844,entry_candidate,raw_ocr,high,2,274,,dictionary/C/C-09.md,hz-006844-commend,sources/Hezareh_Dictionary_Index/source/Hezareh_Part_02_PDF_0251-0500.md#L3036-L3041,True
commendable,commendable,commendable,[],hz-006845,entry_candidate,raw_ocr,high,2,274,,dictionary/C/C-09.md,hz-006845-commendable,sources/Hezareh_Dictionary_Index/source/Hezareh_Part_02_PDF_0251-0500.md#L3042-L3045,True
commendably,commendably,commendably,[],hz-006846,entry_candidate,raw_ocr,high,2,274,,dictionary/C/C-09.md,hz-006846-commendably,sources/Hezareh_Dictionary_Index/source/Hezareh_Part_02_PDF_0251-0500.md#L3046-L3048,True
commendation,commendation,commendation,[],hz-006847,entry_candidate,raw_ocr,high,2,274,,dictionary/C/C-09.md,hz-006847-commendation,sources/Hezareh_Dictionary_Index/source/Hezareh_Part_02_PDF_0251-0500.md#L3049-L3055,True
commensurable,commensurable,commensurable,[],hz-006848,entry_candidate,raw_ocr,hint_only,2,274,,dictionary/C/C-09.md,hz-006848-commensurable,sources/Hezareh_Dictionary_Index/source/Hezareh_Part_02_PDF_0251-0500.md#L2972-L2972,False
commensurate,commensurate,commensurate,[],hz-006849,entry_candidate,raw_ocr,high,2,274,,dictionary/C/C-09.md,hz-006849-commensurate,sources/Hezareh_Dictionary_Index/source/Hezareh_Part_02_PDF_0251-0500.md#L3056-L3057,True
comment,comment,comment,[],hz-006850,entry_candidate,raw_ocr,high,2,274,,dictionary/C/C-09.md,hz-006850-comment,sources/Hezareh_Dictionary_Index/source/Hezareh_Part_02_PDF_0251-0500.md#L3058-L3065,True
commentary,commentary,commentary,[],hz-006851,entry_candidate,raw_ocr,high,2,274,,dictionary/C/C-09.md,hz-006851-commentary,sources/Hezareh_Dictionary_Index/source/Hezareh_Part_02_PDF_0251-0500.md#L3066-L3071,True
commentate,commentate,commentate,[],hz-006852,entry_candidate,raw_ocr,high,2,274,,dictionary/C/C-09.md,hz-006852-commentate,sources/Hezareh_Dictionary_Index/source/Hezareh_Part_02_PDF_0251-0500.md#L3072-L3083,True
commerce,commerce,commerce,[],hz-006853,entry_candidate,raw_ocr,high,2,275,,dictionary/C/C-09.md,hz-006853-commerce,sources/Hezareh_Dictionary_Index/source/Hezareh_Part_02_PDF_0251-0500.md#L3096-L3105,True
commercial,commercial,commercial,[],hz-006854,entry_candidate,raw_ocr,high,2,275,,dictionary/C/C-09.md,hz-006854-commercial,sources/Hezareh_Dictionary_Index/source/Hezareh_Part_02_PDF_0251-0500.md#L3128-L3129,True
commercial art,commercial art,commercial art,[],hz-006856,entry_candidate,raw_ocr,medium,2,275,,dictionary/C/C-09.md,hz-006856-commercial-art,sources/Hezareh_Dictionary_Index/source/Hezareh_Part_02_PDF_0251-0500.md#L3108-L3108,True
commercial break,commercial break,commercial break,[],hz-006857,entry_candidate,raw_ocr,medium,2,275,,dictionary/C/C-09.md,hz-006857-commercial-break,sources/Hezareh_Dictionary_Index/source/Hezareh_Part_02_PDF_0251-0500.md#L3109-L3110,True
commercial traveller,commercial traveller,commercial traveller,[],hz-006862,entry_candidate,raw_ocr,high,2,275,,dictionary/C/C-09.md,hz-006862-commercial-traveller,sources/Hezareh_Dictionary_Index/source/Hezareh_Part_02_PDF_0251-0500.md#L3126-L3127,True
commercial TV,commercial tv,commercial tv,[],hz-006855,entry_candidate,raw_ocr,medium,2,275,,dictionary/C/C-09.md,hz-006855-commercial-tv,sources/Hezareh_Dictionary_Index/source/Hezareh_Part_02_PDF_0251-0500.md#L3106-L3107,True
commercial vehicles,commercial vehicles,commercial vehicles,[],hz-006863,entry_candidate,raw_ocr,high,2,275,,dictionary/C/C-09.md,hz-006863-commercial-vehicles,sources/Hezareh_Dictionary_Index/source/Hezareh_Part_02_PDF_0251-0500.md#L3128-L3129,True
commercialise,commercialise,commercialise,[],hz-006858,entry_candidate,raw_ocr,high,2,275,,dictionary/C/C-09.md,hz-006858-commercialise,sources/Hezareh_Dictionary_Index/source/Hezareh_Part_02_PDF_0251-0500.md#L3111-L3111,True
commercialism,commercialism,commercialism,[],hz-006859,entry_candidate,raw_ocr,medium,2,275,,dictionary/C/C-09.md,hz-006859-commercialism,sources/Hezareh_Dictionary_Index/source/Hezareh_Part_02_PDF_0251-0500.md#L3112-L3116,True
commercialize,commercialize,commercialize,[],hz-006860,entry_candidate,raw_ocr,low,2,275,,dictionary/C/C-09.md,hz-006860-commercialize,sources/Hezareh_Dictionary_Index/source/Hezareh_Part_02_PDF_0251-0500.md#L3117-L3117,True
commercially,commercially,commercially,[],hz-006861,entry_candidate,raw_ocr,medium,2,275,,dictionary/C/C-09.md,hz-006861-commercially,sources/Hezareh_Dictionary_Index/source/Hezareh_Part_02_PDF_0251-0500.md#L3118-L3125,True
commie,commie,commie,[],hz-006864,entry_candidate,raw_ocr,medium,2,275,,dictionary/C/C-09.md,hz-006864-commie,sources/Hezareh_Dictionary_Index/source/Hezareh_Part_02_PDF_0251-0500.md#L3130-L3130,True
commination,commination,commination,[],hz-006865,entry_candidate,raw_ocr,medium,2,275,,dictionary/C/C-09.md,hz-006865-commination,sources/Hezareh_Dictionary_Index/source/Hezareh_Part_02_PDF_0251-0500.md#L3131-L3134,True
commingle,commingle,commingle,[],hz-006867,entry_candidate,raw_ocr,medium,2,275,,dictionary/C/C-09.md,hz-006867-commingle,sources/Hezareh_Dictionary_Index/source/Hezareh_Part_02_PDF_0251-0500.md#L3135-L3137,True
commiserate,commiserate,commiserate,[],hz-006868,entry_candidate,raw_ocr,medium,2,275,,dictionary/C/C-09.md,hz-006868-commiserate,sources/Hezareh_Dictionary_Index/source/Hezareh_Part_02_PDF_0251-0500.md#L3138-L3140,True
commiseration,commiseration,commiseration,[],hz-006869,entry_candidate,raw_ocr,medium,2,275,,dictionary/C/C-09.md,hz-006869-commiseration,sources/Hezareh_Dictionary_Index/source/Hezareh_Part_02_PDF_0251-0500.md#L3141-L3142,True
commissar,commissar,commissar,[],hz-006870,entry_candidate,raw_ocr,medium,2,275,,dictionary/C/C-09.md,hz-006870-commissar,sources/Hezareh_Dictionary_Index/source/Hezareh_Part_02_PDF_0251-0500.md#L3143-L3148,True
commissariat,commissariat,commissariat,[],hz-006871,entry_candidate,raw_ocr,medium,2,275,,dictionary/C/C-09.md,hz-006871-commissariat,sources/Hezareh_Dictionary_Index/source/Hezareh_Part_02_PDF_0251-0500.md#L3149-L3151,True
commissary,commissary,commissary,[],hz-006872,entry_candidate,raw_ocr,high,2,275,,dictionary/C/C-09.md,hz-006872-commissary,sources/Hezareh_Dictionary_Index/source/Hezareh_Part_02_PDF_0251-0500.md#L3152-L3178,True
commission,commission,commission,[],hz-006873,entry_candidate,raw_ocr,high,2,275,,dictionary/C/C-09.md,hz-006873-commission,sources/Hezareh_Dictionary_Index/source/Hezareh_Part_02_PDF_0251-0500.md#L3179-L3180,True
commission agent,commission agent,commission agent,[],hz-006874,entry_candidate,raw_ocr,high,2,275,,dictionary/C/C-09.md,hz-006874-commission-agent,sources/Hezareh_Dictionary_Index/source/Hezareh_Part_02_PDF_0251-0500.md#L3179-L3180,True
commissionaire,commissionaire,commissionaire,[],hz-006875,entry_candidate,raw_ocr,high,2,275,,dictionary/C/C-09.md,hz-006875-commissionaire,sources/Hezareh_Dictionary_Index/source/Hezareh_Part_02_PDF_0251-0500.md#L3181-L3182,True
commissioned officer,commissioned officer,commissioned officer,[],hz-006876,entry_candidate,raw_ocr,medium,2,275,,dictionary/C/C-09.md,hz-006876-commissioned-officer,sources/Hezareh_Dictionary_Index/source/Hezareh_Part_02_PDF_0251-0500.md#L3183-L3184,True
commissioner,commissioner,commissioner,[],hz-006877,entry_candidate,raw_ocr,medium,2,275,,dictionary/C/C-09.md,hz-006877-commissioner,sources/Hezareh_Dictionary_Index/source/Hezareh_Part_02_PDF_0251-0500.md#L3185-L3188,True
commit,commit,commit,[],hz-006878,entry_candidate,raw_ocr,medium,2,275,,dictionary/C/C-09.md,hz-006878-commit,sources/Hezareh_Dictionary_Index/source/Hezareh_Part_02_PDF_0251-0500.md#L3189-L3196,True
commit sth to paper,commit sth to paper,commit sth to paper,[],hz-006879,entry_candidate,raw_ocr,hint_only,2,276,,dictionary/C/C-09.md,hz-006879-commit-sth-to-paper,sources/Hezareh_Dictionary_Index/source/Hezareh_Part_02_PDF_0251-0500.md#L3200-L3200,False
commitment,commitment,commitment,[],hz-006880,entry_candidate,raw_ocr,high,2,276,,dictionary/C/C-09.md,hz-006880-commitment,sources/Hezareh_Dictionary_Index/source/Hezareh_Part_02_PDF_0251-0500.md#L3228-L3228,True
committal,committal,committal,[],hz-006881,entry_candidate,raw_ocr,low,2,276,,dictionary/C/C-09.md,hz-006881-committal,sources/Hezareh_Dictionary_Index/source/Hezareh_Part_02_PDF_0251-0500.md#L3228-L3228,True
committed,committed,committed,[],hz-006882,entry_candidate,raw_ocr,medium,2,276,,dictionary/C/C-09.md,hz-006882-committed,sources/Hezareh_Dictionary_Index/source/Hezareh_Part_02_PDF_0251-0500.md#L3229-L3230,True
committee,committee,committee,[],hz-006883,entry_candidate,raw_ocr,medium,2,276,,dictionary/C/C-09.md,hz-006883-committee,sources/Hezareh_Dictionary_Index/source/Hezareh_Part_02_PDF_0251-0500.md#L3231-L3237,True
commode,commode,commode,[],hz-006886,entry_candidate,raw_ocr,medium,2,276,,dictionary/C/C-09.md,hz-006886-commode,sources/Hezareh_Dictionary_Index/source/Hezareh_Part_02_PDF_0251-0500.md#L3238-L3239,True
commodious,commodious,commodious,[],hz-006884,entry_candidate,raw_ocr,medium,2,276,,dictionary/C/C-09.md,hz-006884-commodious,sources/Hezareh_Dictionary_Index/source/Hezareh_Part_02_PDF_0251-0500.md#L3240-L3241,True
commodity,commodity,commodity,[],hz-006885,entry_candidate,raw_ocr,high,2,276,,dictionary/C/C-09.md,hz-006885-commodity,sources/Hezareh_Dictionary_Index/source/Hezareh_Part_02_PDF_0251-0500.md#L3242-L3265,True
common as dirt,common as dirt,common as dirt,[],hz-006887,entry_candidate,raw_ocr,medium,2,276,,dictionary/C/C-09.md,hz-006887-common-as-dirt,sources/Hezareh_Dictionary_Index/source/Hezareh_Part_02_PDF_0251-0500.md#L3266-L3281,True
common belief,common belief,common belief,[],hz-006889,entry_candidate,raw_ocr,medium,2,276,,dictionary/C/C-09.md,hz-006889-common-belief,sources/Hezareh_Dictionary_Index/source/Hezareh_Part_02_PDF_0251-0500.md#L3284-L3285,True
common Carrier,common carrier,common carrier,[],hz-006890,entry_candidate,raw_ocr,medium,2,276,,dictionary/C/C-09.md,hz-006890-common-carrier,sources/Hezareh_Dictionary_Index/source/Hezareh_Part_02_PDF_0251-0500.md#L3286-L3287,True
COmmon decency,common decency,common decency,[],hz-006891,entry_candidate,raw_ocr,medium,2,276,,dictionary/C/C-09.md,hz-006891-common-decency,sources/Hezareh_Dictionary_Index/source/Hezareh_Part_02_PDF_0251-0500.md#L3288-L3288,True
common denominator,common denominator,common denominator,[],hz-006892,entry_candidate,raw_ocr,high,2,276,,dictionary/C/C-09.md,hz-006892-common-denominator,sources/Hezareh_Dictionary_Index/source/Hezareh_Part_02_PDF_0251-0500.md#L3289-L3291,True
common divisor,common divisor,common divisor,[],hz-006893,entry_candidate,raw_ocr,high,2,276,,dictionary/C/C-09.md,hz-006893-common-divisor,sources/Hezareh_Dictionary_Index/source/Hezareh_Part_02_PDF_0251-0500.md#L3292-L3295,True
common factor,common factor,common factor,[],hz-006894,entry_candidate,raw_ocr,high,2,276,,dictionary/C/C-09.md,hz-006894-common-factor,sources/Hezareh_Dictionary_Index/source/Hezareh_Part_02_PDF_0251-0500.md#L3296-L3296,True
common fraction,common fraction,common fraction,[],hz-006895,entry_candidate,raw_ocr,high,2,276,,dictionary/C/C-09.md,hz-006895-common-fraction,sources/Hezareh_Dictionary_Index/source/Hezareh_Part_02_PDF_0251-0500.md#L3297-L3298,True
common ground,common ground,common ground,[],hz-006896,entry_candidate,raw_ocr,high,2,276,,dictionary/C/C-09.md,hz-006896-common-ground,sources/Hezareh_Dictionary_Index/source/Hezareh_Part_02_PDF_0251-0500.md#L3299-L3300,True
common herd,common herd,common herd,[],hz-006897,entry_candidate,raw_ocr,high,2,276,,dictionary/C/C-09.md,hz-006897-common-herd,sources/Hezareh_Dictionary_Index/source/Hezareh_Part_02_PDF_0251-0500.md#L3301-L3304,True
common knowledge,common knowledge,common knowledge,[],hz-006898,entry_candidate,raw_ocr,high,2,276,,dictionary/C/C-09.md,hz-006898-common-knowledge,sources/Hezareh_Dictionary_Index/source/Hezareh_Part_02_PDF_0251-0500.md#L3305-L3305,True
common land,common land,common land,[],hz-006899,entry_candidate,raw_ocr,high,2,276,,dictionary/C/C-09.md,hz-006899-common-land,sources/Hezareh_Dictionary_Index/source/Hezareh_Part_02_PDF_0251-0500.md#L3306-L3311,True
common man,common man,common man,[],hz-006904,entry_candidate,raw_ocr,high,2,277,,dictionary/C/C-09.md,hz-006904-common-man,sources/Hezareh_Dictionary_Index/source/Hezareh_Part_02_PDF_0251-0500.md#L3336-L3338,True
common measure,common measure,common measure,[],hz-006905,entry_candidate,raw_ocr,high,2,277,,dictionary/C/C-09.md,hz-006905-common-measure,sources/Hezareh_Dictionary_Index/source/Hezareh_Part_02_PDF_0251-0500.md#L3339-L3340,True
common metre,common metre,common metre,[],hz-006906,entry_candidate,raw_ocr,high,2,277,,dictionary/C/C-09.md,hz-006906-common-metre,sources/Hezareh_Dictionary_Index/source/Hezareh_Part_02_PDF_0251-0500.md#L3341-L3342,True
common multiple,common multiple,common multiple,[],hz-006907,entry_candidate,raw_ocr,high,2,277,,dictionary/C/C-09.md,hz-006907-common-multiple,sources/Hezareh_Dictionary_Index/source/Hezareh_Part_02_PDF_0251-0500.md#L3343-L3345,True
common nuisance,common nuisance,common nuisance,[],hz-006908,entry_candidate,raw_ocr,high,2,277,,dictionary/C/C-09.md,hz-006908-common-nuisance,sources/Hezareh_Dictionary_Index/source/Hezareh_Part_02_PDF_0251-0500.md#L3346-L3351,True
Common property,common property,common property,[],hz-006910,entry_candidate,raw_ocr,high,2,277,,dictionary/C/C-09.md,hz-006910-common-property,sources/Hezareh_Dictionary_Index/source/Hezareh_Part_02_PDF_0251-0500.md#L3355-L3358,True
common run,common run,common run,[],hz-006912,entry_candidate,raw_ocr,high,2,277,,dictionary/C/C-09.md,hz-006912-common-run,sources/Hezareh_Dictionary_Index/source/Hezareh_Part_02_PDF_0251-0500.md#L3359-L3360,True
common salt,common salt,common salt,[],hz-006915,entry_candidate,raw_ocr,high,2,277,,dictionary/C/C-09.md,hz-006915-common-salt,sources/Hezareh_Dictionary_Index/source/Hezareh_Part_02_PDF_0251-0500.md#L3370-L3370,True
common sense,common sense,common sense,[],hz-006916,entry_candidate,raw_ocr,high,2,277,,dictionary/C/C-09.md,hz-006916-common-sense,sources/Hezareh_Dictionary_Index/source/Hezareh_Part_02_PDF_0251-0500.md#L3371-L3378,True
common soldier,common soldier,common soldier,[],hz-006917,entry_candidate,raw_ocr,high,2,277,,dictionary/C/C-09.md,hz-006917-common-soldier,sources/Hezareh_Dictionary_Index/source/Hezareh_Part_02_PDF_0251-0500.md#L3379-L3380,True
common time,common time,common time,[],hz-006918,entry_candidate,raw_ocr,high,2,277,,dictionary/C/C-09.md,hz-006918-common-time,sources/Hezareh_Dictionary_Index/source/Hezareh_Part_02_PDF_0251-0500.md#L3381-L3382,True
common-law,common-law,common-law,[],hz-006900,entry_candidate,raw_ocr,high,2,277,,dictionary/C/C-09.md,hz-006900-common-law,sources/Hezareh_Dictionary_Index/source/Hezareh_Part_02_PDF_0251-0500.md#L3325-L3326,True
common-law husband,common-law husband,common-law husband,[],hz-006901,entry_candidate,raw_ocr,high,2,277,,dictionary/C/C-09.md,hz-006901-common-law-husband,sources/Hezareh_Dictionary_Index/source/Hezareh_Part_02_PDF_0251-0500.md#L3327-L3328,True
common-law marriage,common-law marriage,common-law marriage,[],hz-006902,entry_candidate,raw_ocr,high,2,277,,dictionary/C/C-09.md,hz-006902-common-law-marriage,sources/Hezareh_Dictionary_Index/source/Hezareh_Part_02_PDF_0251-0500.md#L3329-L3332,True
common-room,common-room,common-room,[],hz-006911,entry_candidate,raw_ocr,hint_only,2,277,,dictionary/C/C-09.md,hz-006911-common-room,sources/Hezareh_Dictionary_Index/source/Hezareh_Part_02_PDF_0251-0500.md#L3315-L3315,False
commonalty,commonalty,commonalty,[],hz-006888,entry_candidate,raw_ocr,high,2,276,,dictionary/C/C-09.md,hz-006888-commonalty,sources/Hezareh_Dictionary_Index/source/Hezareh_Part_02_PDF_0251-0500.md#L3282-L3283,True
commonly,commonly,commonly,[],hz-006903,entry_candidate,raw_ocr,high,2,277,,dictionary/C/C-09.md,hz-006903-commonly,sources/Hezareh_Dictionary_Index/source/Hezareh_Part_02_PDF_0251-0500.md#L3333-L3335,True
commonplace,commonplace,commonplace,[],hz-006909,entry_candidate,raw_ocr,high,2,277,,dictionary/C/C-09.md,hz-006909-commonplace,sources/Hezareh_Dictionary_Index/source/Hezareh_Part_02_PDF_0251-0500.md#L3352-L3354,True
commons,commons,commons,[],hz-006913,entry_candidate,raw_ocr,high,2,277,,dictionary/C/C-09.md,hz-006913-commons,sources/Hezareh_Dictionary_Index/source/Hezareh_Part_02_PDF_0251-0500.md#L3361-L3369,True
Commons,commons,commons,[],hz-006914,entry_candidate,raw_ocr,high,2,277,,dictionary/C/C-09.md,hz-006914-commons,sources/Hezareh_Dictionary_Index/source/Hezareh_Part_02_PDF_0251-0500.md#L3361-L3369,True
commonweal,commonweal,commonweal,[],hz-006919,entry_candidate,raw_ocr,medium,2,277,,dictionary/C/C-09.md,hz-006919-commonweal,sources/Hezareh_Dictionary_Index/source/Hezareh_Part_02_PDF_0251-0500.md#L3383-L3384,True
commonwealth,commonwealth,commonwealth,[],hz-006920,entry_candidate,raw_ocr,high,2,277,,dictionary/C/C-09.md,hz-006920-commonwealth,sources/Hezareh_Dictionary_Index/source/Hezareh_Part_02_PDF_0251-0500.md#L3385-L3391,True
Commonwealth,commonwealth,commonwealth,[],hz-006921,entry_candidate,raw_ocr,high,2,277,,dictionary/C/C-09.md,hz-006921-commonwealth,sources/Hezareh_Dictionary_Index/source/Hezareh_Part_02_PDF_0251-0500.md#L3385-L3391,True
commotion,commotion,commotion,[],hz-006922,entry_candidate,raw_ocr,medium,2,277,,dictionary/C/C-09.md,hz-006922-commotion,sources/Hezareh_Dictionary_Index/source/Hezareh_Part_02_PDF_0251-0500.md#L3392-L3395,True
communal,communal,communal,[],hz-006923,entry_candidate,raw_ocr,high,2,277,,dictionary/C/C-09.md,hz-006923-communal,sources/Hezareh_Dictionary_Index/source/Hezareh_Part_02_PDF_0251-0500.md#L3396-L3400,True
communally,communally,communally,[],hz-006924,entry_candidate,raw_ocr,medium,2,277,,dictionary/C/C-09.md,hz-006924-communally,sources/Hezareh_Dictionary_Index/source/Hezareh_Part_02_PDF_0251-0500.md#L3401-L3410,True
commune,commune,commune,[],hz-006925,entry_candidate,raw_ocr,low,2,277,,dictionary/C/C-09.md,hz-006925-commune,sources/Hezareh_Dictionary_Index/source/Hezareh_Part_02_PDF_0251-0500.md#L3411-L3411,True
communicable,communicable,communicable,[],hz-006926,entry_candidate,raw_ocr,medium,2,277,,dictionary/C/C-09.md,hz-006926-communicable,sources/Hezareh_Dictionary_Index/source/Hezareh_Part_02_PDF_0251-0500.md#L3412-L3417,True
communicant,communicant,communicant,[],hz-006927,entry_candidate,raw_ocr,hint_only,2,277,,dictionary/C/C-09.md,hz-006927-communicant,sources/Hezareh_Dictionary_Index/source/Hezareh_Part_02_PDF_0251-0500.md#L3315-L3315,False
communicate,communicate,communicate,[],hz-006928,entry_candidate,raw_ocr,medium,2,277,,dictionary/C/C-09.md,hz-006928-communicate,sources/Hezareh_Dictionary_Index/source/Hezareh_Part_02_PDF_0251-0500.md#L3418-L3423,True
communication,communication,communication,[],hz-006929,entry_candidate,raw_ocr,high,2,278,,dictionary/C/C-09.md,hz-006929-communication,sources/Hezareh_Dictionary_Index/source/Hezareh_Part_02_PDF_0251-0500.md#L3458-L3459,True
communication cord,communication cord,communication cord,[],hz-006930,entry_candidate,raw_ocr,high,2,278,,dictionary/C/C-09.md,hz-006930-communication-cord,sources/Hezareh_Dictionary_Index/source/Hezareh_Part_02_PDF_0251-0500.md#L3458-L3459,True
communicative,communicative,communicative,[],hz-006931,entry_candidate,raw_ocr,high,2,278,,dictionary/C/C-09.md,hz-006931-communicative,sources/Hezareh_Dictionary_Index/source/Hezareh_Part_02_PDF_0251-0500.md#L3460-L3462,True
communicator,communicator,communicator,[],hz-006932,entry_candidate,raw_ocr,medium,2,278,,dictionary/C/C-09.md,hz-006932-communicator,sources/Hezareh_Dictionary_Index/source/Hezareh_Part_02_PDF_0251-0500.md#L3463-L3467,True
communion,communion,communion,[],hz-006933,entry_candidate,raw_ocr,medium,2,278,,dictionary/C/C-09.md,hz-006933-communion,sources/Hezareh_Dictionary_Index/source/Hezareh_Part_02_PDF_0251-0500.md#L3468-L3478,True
communique,communique,communique,[],hz-006934,entry_candidate,raw_ocr,hint_only,2,278,,dictionary/C/C-09.md,hz-006934-communique,sources/Hezareh_Dictionary_Index/source/Hezareh_Part_02_PDF_0251-0500.md#L3427-L3427,False
communism,communism,communism,[],hz-006935,entry_candidate,raw_ocr,medium,2,278,,dictionary/C/C-09.md,hz-006935-communism,sources/Hezareh_Dictionary_Index/source/Hezareh_Part_02_PDF_0251-0500.md#L3479-L3537,True
compact,compact,compact,[],hz-006937,entry_candidate,raw_ocr,high,2,279,,dictionary/C/C-09.md,hz-006937-compact,sources/Hezareh_Dictionary_Index/source/Hezareh_Part_02_PDF_0251-0500.md#L3550-L3551,True
compact disc,compact disc,compact disc,[],hz-006938,entry_candidate,raw_ocr,medium,2,279,,dictionary/C/C-09.md,hz-006938-compact-disc,sources/Hezareh_Dictionary_Index/source/Hezareh_Part_02_PDF_0251-0500.md#L3563-L3564,True
compact',compact',compact',[],hz-006936,entry_candidate,raw_ocr,medium,2,279,,dictionary/C/C-09.md,hz-006936-compact,sources/Hezareh_Dictionary_Index/source/Hezareh_Part_02_PDF_0251-0500.md#L3552-L3562,True
compactly,compactly,compactly,[],hz-006939,entry_candidate,raw_ocr,medium,2,279,,dictionary/C/C-09.md,hz-006939-compactly,sources/Hezareh_Dictionary_Index/source/Hezareh_Part_02_PDF_0251-0500.md#L3565-L3568,True
compactneSS,compactness,compactness,[],hz-006940,entry_candidate,raw_ocr,medium,2,279,,dictionary/C/C-09.md,hz-006940-compactness,sources/Hezareh_Dictionary_Index/source/Hezareh_Part_02_PDF_0251-0500.md#L3569-L3579,True
companion,companion,companion,[],hz-006941,entry_candidate,raw_ocr,medium,2,279,,dictionary/C/C-09.md,hz-006941-companion,sources/Hezareh_Dictionary_Index/source/Hezareh_Part_02_PDF_0251-0500.md#L3580-L3581,True
companion-way,companion-way,companion-way,[],hz-006944,entry_candidate,raw_ocr,high,2,279,,dictionary/C/C-09.md,hz-006944-companion-way,sources/Hezareh_Dictionary_Index/source/Hezareh_Part_02_PDF_0251-0500.md#L3589-L3590,True
companionable,companionable,companionable,[],hz-006942,entry_candidate,raw_ocr,high,2,279,,dictionary/C/C-09.md,hz-006942-companionable,sources/Hezareh_Dictionary_Index/source/Hezareh_Part_02_PDF_0251-0500.md#L3582-L3585,True
companionship,companionship,companionship,[],hz-006943,entry_candidate,raw_ocr,medium,2,279,,dictionary/C/C-09.md,hz-006943-companionship,sources/Hezareh_Dictionary_Index/source/Hezareh_Part_02_PDF_0251-0500.md#L3586-L3588,True
company,company,company,[],hz-006945,entry_candidate,raw_ocr,medium,2,279,,dictionary/C/C-09.md,hz-006945-company,sources/Hezareh_Dictionary_Index/source/Hezareh_Part_02_PDF_0251-0500.md#L3591-L3618,True
comparable,comparable,comparable,[],hz-006947,entry_candidate,raw_ocr,medium,2,279,,dictionary/C/C-09.md,hz-006947-comparable,sources/Hezareh_Dictionary_Index/source/Hezareh_Part_02_PDF_0251-0500.md#L3626-L3627,True
comparably,comparably,comparably,[],hz-006948,entry_candidate,raw_ocr,medium,2,279,,dictionary/C/C-09.md,hz-006948-comparably,sources/Hezareh_Dictionary_Index/source/Hezareh_Part_02_PDF_0251-0500.md#L3628-L3630,True
Comparative,comparative,comparative,[],hz-006949,entry_candidate,raw_ocr,low,2,279,,dictionary/C/C-09.md,hz-006949-comparative,sources/Hezareh_Dictionary_Index/source/Hezareh_Part_02_PDF_0251-0500.md#L3631-L3633,True
comparatively,comparatively,comparatively,[],hz-006950,entry_candidate,raw_ocr,low,2,279,,dictionary/C/C-09.md,hz-006950-comparatively,sources/Hezareh_Dictionary_Index/source/Hezareh_Part_02_PDF_0251-0500.md#L3634-L3635,True
compare,compare,compare,[],hz-006951,entry_candidate,raw_ocr,medium,2,279,,dictionary/C/C-09.md,hz-006951-compare,sources/Hezareh_Dictionary_Index/source/Hezareh_Part_02_PDF_0251-0500.md#L3636-L3643,True
COmparisOn,comparison,comparison,[],hz-006953,entry_candidate,raw_ocr,hint_only,2,279,,dictionary/C/C-09.md,hz-006953-comparison,sources/Hezareh_Dictionary_Index/source/Hezareh_Part_02_PDF_0251-0500.md#L3541-L3541,False
compartment,compartment,compartment,[],hz-006955,entry_candidate,raw_ocr,medium,2,280,,dictionary/C/C-09.md,hz-006955-compartment,sources/Hezareh_Dictionary_Index/source/Hezareh_Part_02_PDF_0251-0500.md#L3675-L3676,True
compartmentalise,compartmentalise,compartmentalise,[],hz-006956,entry_candidate,raw_ocr,high,2,280,,dictionary/C/C-09.md,hz-006956-compartmentalise,sources/Hezareh_Dictionary_Index/source/Hezareh_Part_02_PDF_0251-0500.md#L3677-L3678,True
compartmentalize,compartmentalize,compartmentalize,[],hz-006957,entry_candidate,raw_ocr,high,2,280,,dictionary/C/C-09.md,hz-006957-compartmentalize,sources/Hezareh_Dictionary_Index/source/Hezareh_Part_02_PDF_0251-0500.md#L3679-L3689,True
compass card,compass card,compass card,[],hz-006958,entry_candidate,raw_ocr,medium,2,280,,dictionary/C/C-09.md,hz-006958-compass-card,sources/Hezareh_Dictionary_Index/source/Hezareh_Part_02_PDF_0251-0500.md#L3690-L3691,True
compass course,compass course,compass course,[],hz-006959,entry_candidate,raw_ocr,medium,2,280,,dictionary/C/C-09.md,hz-006959-compass-course,sources/Hezareh_Dictionary_Index/source/Hezareh_Part_02_PDF_0251-0500.md#L3692-L3693,True
compass saw,compass saw,compass saw,[],hz-006964,entry_candidate,raw_ocr,high,2,280,,dictionary/C/C-09.md,hz-006964-compass-saw,sources/Hezareh_Dictionary_Index/source/Hezareh_Part_02_PDF_0251-0500.md#L3715-L3716,True
compassion,compassion,compassion,[],hz-006960,entry_candidate,raw_ocr,medium,2,280,,dictionary/C/C-09.md,hz-006960-compassion,sources/Hezareh_Dictionary_Index/source/Hezareh_Part_02_PDF_0251-0500.md#L3694-L3702,True
compassionate,compassionate,compassionate,[],hz-006961,entry_candidate,raw_ocr,high,2,280,,dictionary/C/C-09.md,hz-006961-compassionate,sources/Hezareh_Dictionary_Index/source/Hezareh_Part_02_PDF_0251-0500.md#L3703-L3704,True
compassionate leave,compassionate leave,compassionate leave,[],hz-006962,entry_candidate,raw_ocr,high,2,280,,dictionary/C/C-09.md,hz-006962-compassionate-leave,sources/Hezareh_Dictionary_Index/source/Hezareh_Part_02_PDF_0251-0500.md#L3703-L3704,True
compassionately,compassionately,compassionately,[],hz-006963,entry_candidate,raw_ocr,medium,2,280,,dictionary/C/C-09.md,hz-006963-compassionately,sources/Hezareh_Dictionary_Index/source/Hezareh_Part_02_PDF_0251-0500.md#L3705-L3714,True
compatibility,compatibility,compatibility,[],hz-006965,entry_candidate,raw_ocr,high,2,280,,dictionary/C/C-09.md,hz-006965-compatibility,sources/Hezareh_Dictionary_Index/source/Hezareh_Part_02_PDF_0251-0500.md#L3717-L3718,True
compatible,compatible,compatible,[],hz-006966,entry_candidate,raw_ocr,medium,2,280,,dictionary/C/C-10.md,hz-006966-compatible,sources/Hezareh_Dictionary_Index/source/Hezareh_Part_02_PDF_0251-0500.md#L3719-L3720,True
compatibly,compatibly,compatibly,[],hz-006967,entry_candidate,raw_ocr,high,2,280,,dictionary/C/C-10.md,hz-006967-compatibly,sources/Hezareh_Dictionary_Index/source/Hezareh_Part_02_PDF_0251-0500.md#L3721-L3724,True
compeer,compeer,compeer,[],hz-006968,entry_candidate,raw_ocr,high,2,280,,dictionary/C/C-10.md,hz-006968-compeer,sources/Hezareh_Dictionary_Index/source/Hezareh_Part_02_PDF_0251-0500.md#L3725-L3726,True
compel,compel,compel,[],hz-006969,entry_candidate,raw_ocr,high,2,280,,dictionary/C/C-10.md,hz-006969-compel,sources/Hezareh_Dictionary_Index/source/Hezareh_Part_02_PDF_0251-0500.md#L3727-L3731,True
compelling,compelling,compelling,[],hz-006970,entry_candidate,raw_ocr,high,2,280,,dictionary/C/C-10.md,hz-006970-compelling,sources/Hezareh_Dictionary_Index/source/Hezareh_Part_02_PDF_0251-0500.md#L3732-L3736,True
compendia,compendia,compendia,[],hz-006971,entry_candidate,raw_ocr,high,2,280,,dictionary/C/C-10.md,hz-006971-compendia,sources/Hezareh_Dictionary_Index/source/Hezareh_Part_02_PDF_0251-0500.md#L3737-L3737,True
compendious,compendious,compendious,[],hz-006972,entry_candidate,raw_ocr,high,2,280,,dictionary/C/C-10.md,hz-006972-compendious,sources/Hezareh_Dictionary_Index/source/Hezareh_Part_02_PDF_0251-0500.md#L3738-L3740,True
compendium,compendium,compendium,[],hz-006973,entry_candidate,raw_ocr,high,2,280,,dictionary/C/C-10.md,hz-006973-compendium,sources/Hezareh_Dictionary_Index/source/Hezareh_Part_02_PDF_0251-0500.md#L3741-L3743,True
compensate,compensate,compensate,[],hz-006974,entry_candidate,raw_ocr,high,2,280,,dictionary/C/C-10.md,hz-006974-compensate,sources/Hezareh_Dictionary_Index/source/Hezareh_Part_02_PDF_0251-0500.md#L3744-L3748,True
compensation,compensation,compensation,[],hz-006975,entry_candidate,raw_ocr,high,2,280,,dictionary/C/C-10.md,hz-006975-compensation,sources/Hezareh_Dictionary_Index/source/Hezareh_Part_02_PDF_0251-0500.md#L3749-L3752,True
compensatory,compensatory,compensatory,[],hz-006976,entry_candidate,raw_ocr,high,2,280,,dictionary/C/C-10.md,hz-006976-compensatory,sources/Hezareh_Dictionary_Index/source/Hezareh_Part_02_PDF_0251-0500.md#L3753-L3763,True
Compere,compere,compere,[],hz-006977,entry_candidate,raw_ocr,hint_only,2,280,,dictionary/C/C-10.md,hz-006977-compere,sources/Hezareh_Dictionary_Index/source/Hezareh_Part_02_PDF_0251-0500.md#L3653-L3653,False
compete,compete,compete,[],hz-006978,entry_candidate,raw_ocr,high,2,281,,dictionary/C/C-10.md,hz-006978-compete,sources/Hezareh_Dictionary_Index/source/Hezareh_Part_02_PDF_0251-0500.md#L3776-L3779,True
competence,competence,competence,[],hz-006979,entry_candidate,raw_ocr,medium,2,281,,dictionary/C/C-10.md,hz-006979-competence,sources/Hezareh_Dictionary_Index/source/Hezareh_Part_02_PDF_0251-0500.md#L3780-L3788,True
competently,competently,competently,[],hz-006980,entry_candidate,raw_ocr,medium,2,281,,dictionary/C/C-10.md,hz-006980-competently,sources/Hezareh_Dictionary_Index/source/Hezareh_Part_02_PDF_0251-0500.md#L3789-L3791,True
competition,competition,competition,[],hz-006981,entry_candidate,raw_ocr,low,2,281,,dictionary/C/C-10.md,hz-006981-competition,sources/Hezareh_Dictionary_Index/source/Hezareh_Part_02_PDF_0251-0500.md#L3792-L3795,True
competitive,competitive,competitive,[],hz-006982,entry_candidate,raw_ocr,medium,2,281,,dictionary/C/C-10.md,hz-006982-competitive,sources/Hezareh_Dictionary_Index/source/Hezareh_Part_02_PDF_0251-0500.md#L3796-L3803,True
competitively,competitively,competitively,[],hz-006983,entry_candidate,raw_ocr,medium,2,281,,dictionary/C/C-10.md,hz-006983-competitively,sources/Hezareh_Dictionary_Index/source/Hezareh_Part_02_PDF_0251-0500.md#L3804-L3807,True
competitiveneSS,competitiveness,competitiveness,[],hz-006984,entry_candidate,raw_ocr,medium,2,281,,dictionary/C/C-10.md,hz-006984-competitiveness,sources/Hezareh_Dictionary_Index/source/Hezareh_Part_02_PDF_0251-0500.md#L3808-L3809,True
competitor,competitor,competitor,[],hz-006985,entry_candidate,raw_ocr,medium,2,281,,dictionary/C/C-10.md,hz-006985-competitor,sources/Hezareh_Dictionary_Index/source/Hezareh_Part_02_PDF_0251-0500.md#L3810-L3811,True
compilation,compilation,compilation,[],hz-006986,entry_candidate,raw_ocr,medium,2,281,,dictionary/C/C-10.md,hz-006986-compilation,sources/Hezareh_Dictionary_Index/source/Hezareh_Part_02_PDF_0251-0500.md#L3812-L3815,True
compile,compile,compile,[],hz-006987,entry_candidate,raw_ocr,medium,2,281,,dictionary/C/C-10.md,hz-006987-compile,sources/Hezareh_Dictionary_Index/source/Hezareh_Part_02_PDF_0251-0500.md#L3816-L3820,True
compiler,compiler,compiler,[],hz-006988,entry_candidate,raw_ocr,medium,2,281,,dictionary/C/C-10.md,hz-006988-compiler,sources/Hezareh_Dictionary_Index/source/Hezareh_Part_02_PDF_0251-0500.md#L3821-L3826,True
complacence,complacence,complacence,[],hz-006989,entry_candidate,raw_ocr,medium,2,281,,dictionary/C/C-10.md,hz-006989-complacence,sources/Hezareh_Dictionary_Index/source/Hezareh_Part_02_PDF_0251-0500.md#L3827-L3829,True
complacency,complacency,complacency,[],hz-006990,entry_candidate,raw_ocr,high,2,281,,dictionary/C/C-10.md,hz-006990-complacency,sources/Hezareh_Dictionary_Index/source/Hezareh_Part_02_PDF_0251-0500.md#L3830-L3830,True
complacent,complacent,complacent,[],hz-006991,entry_candidate,raw_ocr,medium,2,281,,dictionary/C/C-10.md,hz-006991-complacent,sources/Hezareh_Dictionary_Index/source/Hezareh_Part_02_PDF_0251-0500.md#L3831-L3835,True
complacently,complacently,complacently,[],hz-006992,entry_candidate,raw_ocr,low,2,281,,dictionary/C/C-10.md,hz-006992-complacently,sources/Hezareh_Dictionary_Index/source/Hezareh_Part_02_PDF_0251-0500.md#L3836-L3837,True
complain,complain,complain,[],hz-006993,entry_candidate,raw_ocr,medium,2,281,,dictionary/C/C-10.md,hz-006993-complain,sources/Hezareh_Dictionary_Index/source/Hezareh_Part_02_PDF_0251-0500.md#L3838-L3842,True
complainingly,complainingly,complainingly,[],hz-006994,entry_candidate,raw_ocr,medium,2,281,,dictionary/C/C-10.md,hz-006994-complainingly,sources/Hezareh_Dictionary_Index/source/Hezareh_Part_02_PDF_0251-0500.md#L3843-L3845,True
complaint,complaint,complaint,[],hz-006995,entry_candidate,raw_ocr,medium,2,281,,dictionary/C/C-10.md,hz-006995-complaint,sources/Hezareh_Dictionary_Index/source/Hezareh_Part_02_PDF_0251-0500.md#L3846-L3848,True
complaisance,complaisance,complaisance,[],hz-006997,entry_candidate,raw_ocr,medium,2,281,,dictionary/C/C-10.md,hz-006997-complaisance,sources/Hezareh_Dictionary_Index/source/Hezareh_Part_02_PDF_0251-0500.md#L3851-L3853,True
complaisant,complaisant,complaisant,[],hz-006998,entry_candidate,raw_ocr,medium,2,281,,dictionary/C/C-10.md,hz-006998-complaisant,sources/Hezareh_Dictionary_Index/source/Hezareh_Part_02_PDF_0251-0500.md#L3854-L3856,True
complement,complement,complement,[],hz-006999,entry_candidate,raw_ocr,medium,2,281,,dictionary/C/C-10.md,hz-006999-complement,sources/Hezareh_Dictionary_Index/source/Hezareh_Part_02_PDF_0251-0500.md#L3857-L3864,True
complementary,complementary,complementary,[],hz-007000,entry_candidate,raw_ocr,high,2,281,,dictionary/C/C-10.md,hz-007000-complementary,sources/Hezareh_Dictionary_Index/source/Hezareh_Part_02_PDF_0251-0500.md#L3865-L3866,True
complementary angle,complementary angle,complementary angle,[],hz-007001,entry_candidate,raw_ocr,high,2,281,,dictionary/C/C-10.md,hz-007001-complementary-angle,sources/Hezareh_Dictionary_Index/source/Hezareh_Part_02_PDF_0251-0500.md#L3865-L3866,True
complementary colour,complementary colour,complementary colour,[],hz-007002,entry_candidate,raw_ocr,high,2,281,,dictionary/C/C-10.md,hz-007002-complementary-colour,sources/Hezareh_Dictionary_Index/source/Hezareh_Part_02_PDF_0251-0500.md#L3867-L3868,True
complementary medicine,complementary medicine,complementary medicine,[],hz-007003,entry_candidate,raw_ocr,high,2,281,,dictionary/C/C-10.md,hz-007003-complementary-medicine,sources/Hezareh_Dictionary_Index/source/Hezareh_Part_02_PDF_0251-0500.md#L3869-L3874,True
completely,completely,completely,[],hz-007004,entry_candidate,raw_ocr,medium,2,282,,dictionary/C/C-10.md,hz-007004-completely,sources/Hezareh_Dictionary_Index/source/Hezareh_Part_02_PDF_0251-0500.md#L3893-L3894,True
completeneSS,completeness,completeness,[],hz-007005,entry_candidate,raw_ocr,low,2,282,,dictionary/C/C-10.md,hz-007005-completeness,sources/Hezareh_Dictionary_Index/source/Hezareh_Part_02_PDF_0251-0500.md#L3895-L3896,True
completion,completion,completion,[],hz-007006,entry_candidate,raw_ocr,medium,2,282,,dictionary/C/C-10.md,hz-007006-completion,sources/Hezareh_Dictionary_Index/source/Hezareh_Part_02_PDF_0251-0500.md#L3897-L3909,True
complex sentence,complex sentence,complex sentence,[],hz-007009,entry_candidate,raw_ocr,high,2,282,,dictionary/C/C-10.md,hz-007009-complex-sentence,sources/Hezareh_Dictionary_Index/source/Hezareh_Part_02_PDF_0251-0500.md#L3916-L3917,True
complexion,complexion,complexion,[],hz-007007,entry_candidate,raw_ocr,medium,2,282,,dictionary/C/C-10.md,hz-007007-complexion,sources/Hezareh_Dictionary_Index/source/Hezareh_Part_02_PDF_0251-0500.md#L3910-L3913,True
complexity,complexity,complexity,[],hz-007008,entry_candidate,raw_ocr,medium,2,282,,dictionary/C/C-10.md,hz-007008-complexity,sources/Hezareh_Dictionary_Index/source/Hezareh_Part_02_PDF_0251-0500.md#L3914-L3915,True
compliance,compliance,compliance,[],hz-007010,entry_candidate,raw_ocr,medium,2,282,,dictionary/C/C-10.md,hz-007010-compliance,sources/Hezareh_Dictionary_Index/source/Hezareh_Part_02_PDF_0251-0500.md#L3918-L3922,True
compliant,compliant,compliant,[],hz-007011,entry_candidate,raw_ocr,medium,2,282,,dictionary/C/C-10.md,hz-007011-compliant,sources/Hezareh_Dictionary_Index/source/Hezareh_Part_02_PDF_0251-0500.md#L3923-L3924,True
complicate,complicate,complicate,[],hz-007012,entry_candidate,raw_ocr,medium,2,282,,dictionary/C/C-10.md,hz-007012-complicate,sources/Hezareh_Dictionary_Index/source/Hezareh_Part_02_PDF_0251-0500.md#L3925-L3926,True
complicated,complicated,complicated,[],hz-007013,entry_candidate,raw_ocr,medium,2,282,,dictionary/C/C-10.md,hz-007013-complicated,sources/Hezareh_Dictionary_Index/source/Hezareh_Part_02_PDF_0251-0500.md#L3927-L3932,True
complicity,complicity,complicity,[],hz-007014,entry_candidate,raw_ocr,medium,2,282,,dictionary/C/C-10.md,hz-007014-complicity,sources/Hezareh_Dictionary_Index/source/Hezareh_Part_02_PDF_0251-0500.md#L3933-L3958,True
complin,complin,complin,[],hz-007015,entry_candidate,raw_ocr,high,2,282,,dictionary/C/C-10.md,hz-007015-complin,sources/Hezareh_Dictionary_Index/source/Hezareh_Part_02_PDF_0251-0500.md#L3959-L3959,True
compline,compline,compline,[],hz-007016,entry_candidate,raw_ocr,high,2,282,,dictionary/C/C-10.md,hz-007016-compline,sources/Hezareh_Dictionary_Index/source/Hezareh_Part_02_PDF_0251-0500.md#L3960-L3961,True
comply,comply,comply,[],hz-007017,entry_candidate,raw_ocr,high,2,282,,dictionary/C/C-10.md,hz-007017-comply,sources/Hezareh_Dictionary_Index/source/Hezareh_Part_02_PDF_0251-0500.md#L3962-L3965,True
component,component,component,[],hz-007018,entry_candidate,raw_ocr,high,2,282,,dictionary/C/C-10.md,hz-007018-component,sources/Hezareh_Dictionary_Index/source/Hezareh_Part_02_PDF_0251-0500.md#L3966-L3970,True
comport,comport,comport,[],hz-007019,entry_candidate,raw_ocr,high,2,282,,dictionary/C/C-10.md,hz-007019-comport,sources/Hezareh_Dictionary_Index/source/Hezareh_Part_02_PDF_0251-0500.md#L3971-L3972,True
Compos mentis,compos mentis,compos mentis,[],hz-007027,entry_candidate,raw_ocr,low,2,283,,dictionary/C/C-10.md,hz-007027-compos-mentis,sources/Hezareh_Dictionary_Index/source/Hezareh_Part_02_PDF_0251-0500.md#L4033-L4034,True
COmpOSe,compose,compose,[],hz-007020,entry_candidate,raw_ocr,high,2,282,,dictionary/C/C-10.md,hz-007020-compose,sources/Hezareh_Dictionary_Index/source/Hezareh_Part_02_PDF_0251-0500.md#L3973-L3990,True
composedibm'pauzd,composedibm'pauzd,composedibm'pauzd,[],hz-007021,entry_candidate,raw_ocr,hint_only,2,283,,dictionary/C/C-10.md,hz-007021-composedibm-pauzd,sources/Hezareh_Dictionary_Index/source/Hezareh_Part_02_PDF_0251-0500.md#L3994-L3994,False
composedly,composedly,composedly,[],hz-007022,entry_candidate,raw_ocr,medium,2,283,,dictionary/C/C-10.md,hz-007022-composedly,sources/Hezareh_Dictionary_Index/source/Hezareh_Part_02_PDF_0251-0500.md#L4009-L4010,True
composer,composer,composer,[],hz-007023,entry_candidate,raw_ocr,high,2,283,,dictionary/C/C-10.md,hz-007023-composer,sources/Hezareh_Dictionary_Index/source/Hezareh_Part_02_PDF_0251-0500.md#L4011-L4012,True
composite,composite,composite,[],hz-007024,entry_candidate,raw_ocr,medium,2,283,,dictionary/C/C-10.md,hz-007024-composite,sources/Hezareh_Dictionary_Index/source/Hezareh_Part_02_PDF_0251-0500.md#L4013-L4017,True
composition,composition,composition,[],hz-007025,entry_candidate,raw_ocr,low,2,283,,dictionary/C/C-10.md,hz-007025-composition,sources/Hezareh_Dictionary_Index/source/Hezareh_Part_02_PDF_0251-0500.md#L4018-L4032,True
compositor,compositor,compositor,[],hz-007026,entry_candidate,raw_ocr,hint_only,2,283,,dictionary/C/C-10.md,hz-007026-compositor,sources/Hezareh_Dictionary_Index/source/Hezareh_Part_02_PDF_0251-0500.md#L3994-L3994,False
compost,compost,compost,[],hz-007028,entry_candidate,raw_ocr,medium,2,283,,dictionary/C/C-10.md,hz-007028-compost,sources/Hezareh_Dictionary_Index/source/Hezareh_Part_02_PDF_0251-0500.md#L4035-L4040,True
composure,composure,composure,[],hz-007029,entry_candidate,raw_ocr,hint_only,2,283,,dictionary/C/C-10.md,hz-007029-composure,sources/Hezareh_Dictionary_Index/source/Hezareh_Part_02_PDF_0251-0500.md#L3994-L3994,False
compote,compote,compote,[],hz-007030,entry_candidate,raw_ocr,medium,2,283,,dictionary/C/C-10.md,hz-007030-compote,sources/Hezareh_Dictionary_Index/source/Hezareh_Part_02_PDF_0251-0500.md#L4041-L4042,True
compound,compound,compound,[],hz-007033,entry_candidate,raw_ocr,high,2,283,,dictionary/C/C-10.md,hz-007033-compound,sources/Hezareh_Dictionary_Index/source/Hezareh_Part_02_PDF_0251-0500.md#L4058-L4059,True
compound interest,compound interest,compound interest,[],hz-007034,entry_candidate,raw_ocr,high,2,283,,dictionary/C/C-10.md,hz-007034-compound-interest,sources/Hezareh_Dictionary_Index/source/Hezareh_Part_02_PDF_0251-0500.md#L4060-L4063,True
compound',compound',compound',[],hz-007031,entry_candidate,raw_ocr,medium,2,283,,dictionary/C/C-10.md,hz-007031-compound,sources/Hezareh_Dictionary_Index/source/Hezareh_Part_02_PDF_0251-0500.md#L4043-L4057,True
compound-,compound-,compound-,[],hz-007032,entry_candidate,raw_ocr,hint_only,2,283,,dictionary/C/C-10.md,hz-007032-compound,sources/Hezareh_Dictionary_Index/source/Hezareh_Part_02_PDF_0251-0500.md#L3994-L3994,False
comprehend,comprehend,comprehend,[],hz-007035,entry_candidate,raw_ocr,medium,2,283,,dictionary/C/C-10.md,hz-007035-comprehend,sources/Hezareh_Dictionary_Index/source/Hezareh_Part_02_PDF_0251-0500.md#L4064-L4066,True
comprehensibility,comprehensibility,comprehensibility,[],hz-007036,entry_candidate,raw_ocr,high,2,283,,dictionary/C/C-10.md,hz-007036-comprehensibility,sources/Hezareh_Dictionary_Index/source/Hezareh_Part_02_PDF_0251-0500.md#L4067-L4068,True
comprehensible,comprehensible,comprehensible,[],hz-007037,entry_candidate,raw_ocr,low,2,283,,dictionary/C/C-10.md,hz-007037-comprehensible,sources/Hezareh_Dictionary_Index/source/Hezareh_Part_02_PDF_0251-0500.md#L4069-L4071,True
comprehension,comprehension,comprehension,[],hz-007038,entry_candidate,raw_ocr,medium,2,283,,dictionary/C/C-10.md,hz-007038-comprehension,sources/Hezareh_Dictionary_Index/source/Hezareh_Part_02_PDF_0251-0500.md#L4072-L4075,True
comprehensive,comprehensive,comprehensive,[],hz-007039,entry_candidate,raw_ocr,high,2,283,,dictionary/C/C-10.md,hz-007039-comprehensive,sources/Hezareh_Dictionary_Index/source/Hezareh_Part_02_PDF_0251-0500.md#L4076-L4081,True
comprehensively,comprehensively,comprehensively,[],hz-007040,entry_candidate,raw_ocr,medium,2,283,,dictionary/C/C-10.md,hz-007040-comprehensively,sources/Hezareh_Dictionary_Index/source/Hezareh_Part_02_PDF_0251-0500.md#L4082-L4083,True
comprehensiveness,comprehensiveness,comprehensiveness,[],hz-007041,entry_candidate,raw_ocr,medium,2,283,,dictionary/C/C-10.md,hz-007041-comprehensiveness,sources/Hezareh_Dictionary_Index/source/Hezareh_Part_02_PDF_0251-0500.md#L4084-L4091,True
COmpreSS,compress,compress,[],hz-007043,entry_candidate,raw_ocr,hint_only,2,283,,dictionary/C/C-10.md,hz-007043-compress,sources/Hezareh_Dictionary_Index/source/Hezareh_Part_02_PDF_0251-0500.md#L3994-L3994,False
compress ',compress ',compress ',[],hz-007042,entry_candidate,raw_ocr,hint_only,2,283,,dictionary/C/C-10.md,hz-007042-compress,sources/Hezareh_Dictionary_Index/source/Hezareh_Part_02_PDF_0251-0500.md#L3994-L3994,False
compression,compression,compression,[],hz-007044,entry_candidate,raw_ocr,medium,2,283,,dictionary/C/C-10.md,hz-007044-compression,sources/Hezareh_Dictionary_Index/source/Hezareh_Part_02_PDF_0251-0500.md#L4092-L4094,True
compressor,compressor,compressor,[],hz-007045,entry_candidate,raw_ocr,high,2,283,,dictionary/C/C-10.md,hz-007045-compressor,sources/Hezareh_Dictionary_Index/source/Hezareh_Part_02_PDF_0251-0500.md#L4095-L4096,True
comprise,comprise,comprise,[],hz-007046,entry_candidate,raw_ocr,medium,2,283,,dictionary/C/C-10.md,hz-007046-comprise,sources/Hezareh_Dictionary_Index/source/Hezareh_Part_02_PDF_0251-0500.md#L4097-L4101,True
compromise,compromise,compromise,[],hz-007047,entry_candidate,raw_ocr,medium,2,284,,dictionary/C/C-10.md,hz-007047-compromise,sources/Hezareh_Dictionary_Index/source/Hezareh_Part_02_PDF_0251-0500.md#L4115-L4125,True
compromising,compromising,compromising,[],hz-007048,entry_candidate,raw_ocr,low,2,284,,dictionary/C/C-10.md,hz-007048-compromising,sources/Hezareh_Dictionary_Index/source/Hezareh_Part_02_PDF_0251-0500.md#L4126-L4127,True
Comptometer,comptometer,comptometer,[],hz-007049,entry_candidate,raw_ocr,high,2,284,,dictionary/C/C-10.md,hz-007049-comptometer,sources/Hezareh_Dictionary_Index/source/Hezareh_Part_02_PDF_0251-0500.md#L4128-L4130,True
comptroller,comptroller,comptroller,[],hz-007050,entry_candidate,raw_ocr,hint_only,2,284,,dictionary/C/C-10.md,hz-007050-comptroller,sources/Hezareh_Dictionary_Index/source/Hezareh_Part_02_PDF_0251-0500.md#L4105-L4105,False
compulsion,compulsion,compulsion,[],hz-007051,entry_candidate,raw_ocr,medium,2,284,,dictionary/C/C-10.md,hz-007051-compulsion,sources/Hezareh_Dictionary_Index/source/Hezareh_Part_02_PDF_0251-0500.md#L4131-L4139,True
compulsively,compulsively,compulsively,[],hz-007052,entry_candidate,raw_ocr,medium,2,284,,dictionary/C/C-10.md,hz-007052-compulsively,sources/Hezareh_Dictionary_Index/source/Hezareh_Part_02_PDF_0251-0500.md#L4140-L4145,True
compulsory,compulsory,compulsory,[],hz-007053,entry_candidate,raw_ocr,medium,2,284,,dictionary/C/C-10.md,hz-007053-compulsory,sources/Hezareh_Dictionary_Index/source/Hezareh_Part_02_PDF_0251-0500.md#L4146-L4152,True
computation,computation,computation,[],hz-007054,entry_candidate,raw_ocr,hint_only,2,284,,dictionary/C/C-10.md,hz-007054-computation,sources/Hezareh_Dictionary_Index/source/Hezareh_Part_02_PDF_0251-0500.md#L4105-L4105,False
computational,computational,computational,[],hz-007055,entry_candidate,raw_ocr,medium,2,284,,dictionary/C/C-10.md,hz-007055-computational,sources/Hezareh_Dictionary_Index/source/Hezareh_Part_02_PDF_0251-0500.md#L4153-L4154,True
compute,compute,compute,[],hz-007056,entry_candidate,raw_ocr,medium,2,284,,dictionary/C/C-10.md,hz-007056-compute,sources/Hezareh_Dictionary_Index/source/Hezareh_Part_02_PDF_0251-0500.md#L4155-L4156,True
computer,computer,computer,[],hz-007057,entry_candidate,raw_ocr,medium,2,284,,dictionary/C/C-10.md,hz-007057-computer,sources/Hezareh_Dictionary_Index/source/Hezareh_Part_02_PDF_0251-0500.md#L4157-L4168,True
computerisation,computerisation,computerisation,[],hz-007058,entry_candidate,raw_ocr,high,2,284,,dictionary/C/C-10.md,hz-007058-computerisation,sources/Hezareh_Dictionary_Index/source/Hezareh_Part_02_PDF_0251-0500.md#L4169-L4170,True
computerise,computerise,computerise,[],hz-007059,entry_candidate,raw_ocr,high,2,284,,dictionary/C/C-10.md,hz-007059-computerise,sources/Hezareh_Dictionary_Index/source/Hezareh_Part_02_PDF_0251-0500.md#L4171-L4171,True
computerization,computerization,computerization,[],hz-007060,entry_candidate,raw_ocr,high,2,284,,dictionary/C/C-10.md,hz-007060-computerization,sources/Hezareh_Dictionary_Index/source/Hezareh_Part_02_PDF_0251-0500.md#L4172-L4173,True
computerize,computerize,computerize,[],hz-007061,entry_candidate,raw_ocr,high,2,284,,dictionary/C/C-10.md,hz-007061-computerize,sources/Hezareh_Dictionary_Index/source/Hezareh_Part_02_PDF_0251-0500.md#L4174-L4179,True
comrade,comrade,comrade,[],hz-007062,entry_candidate,raw_ocr,medium,2,284,,dictionary/C/C-10.md,hz-007062-comrade,sources/Hezareh_Dictionary_Index/source/Hezareh_Part_02_PDF_0251-0500.md#L4180-L4183,True
comradely,comradely,comradely,[],hz-007063,entry_candidate,raw_ocr,high,2,284,,dictionary/C/C-10.md,hz-007063-comradely,sources/Hezareh_Dictionary_Index/source/Hezareh_Part_02_PDF_0251-0500.md#L4184-L4185,True
comradeship,comradeship,comradeship,[],hz-007064,entry_candidate,raw_ocr,high,2,284,,dictionary/C/C-10.md,hz-007064-comradeship,sources/Hezareh_Dictionary_Index/source/Hezareh_Part_02_PDF_0251-0500.md#L4186-L4199,True
con man,con man,con man,[],hz-007291,entry_candidate,raw_ocr,medium,2,294,,dictionary/C/C-10.md,hz-007291-con-man,sources/Hezareh_Dictionary_Index/source/Hezareh_Part_02_PDF_0251-0500.md#L5336-L5357,True
con-,con-,con-,[],hz-038793,entry_candidate,raw_ocr,high,8,1961,,dictionary/C/C-10.md,hz-038793-con,sources/Hezareh_Dictionary_Index/source/Hezareh_Part_08_PDF_1751-1976.md#L24818-L24823,True
concatenate,concatenate,concatenate,[],hz-007065,entry_candidate,raw_ocr,high,2,284,,dictionary/C/C-10.md,hz-007065-concatenate,sources/Hezareh_Dictionary_Index/source/Hezareh_Part_02_PDF_0251-0500.md#L4200-L4202,True
concatenation,concatenation,concatenation,[],hz-007066,entry_candidate,raw_ocr,high,2,284,,dictionary/C/C-10.md,hz-007066-concatenation,sources/Hezareh_Dictionary_Index/source/Hezareh_Part_02_PDF_0251-0500.md#L4203-L4204,True
concave,concave,concave,[],hz-007067,entry_candidate,raw_ocr,high,2,284,,dictionary/C/C-10.md,hz-007067-concave,sources/Hezareh_Dictionary_Index/source/Hezareh_Part_02_PDF_0251-0500.md#L4205-L4208,True
concavity,concavity,concavity,[],hz-007068,entry_candidate,raw_ocr,hint_only,2,284,,dictionary/C/C-10.md,hz-007068-concavity,sources/Hezareh_Dictionary_Index/source/Hezareh_Part_02_PDF_0251-0500.md#L4105-L4105,False
conceal,conceal,conceal,[],hz-007069,entry_candidate,raw_ocr,high,2,284,,dictionary/C/C-10.md,hz-007069-conceal,sources/Hezareh_Dictionary_Index/source/Hezareh_Part_02_PDF_0251-0500.md#L4209-L4216,True
concealment,concealment,concealment,[],hz-007070,entry_candidate,raw_ocr,high,2,285,,dictionary/C/C-10.md,hz-007070-concealment,sources/Hezareh_Dictionary_Index/source/Hezareh_Part_02_PDF_0251-0500.md#L4229-L4234,True
concede,concede,concede,[],hz-007071,entry_candidate,raw_ocr,medium,2,285,,dictionary/C/C-10.md,hz-007071-concede,sources/Hezareh_Dictionary_Index/source/Hezareh_Part_02_PDF_0251-0500.md#L4235-L4240,True
conceit,conceit,conceit,[],hz-007072,entry_candidate,raw_ocr,medium,2,285,,dictionary/C/C-10.md,hz-007072-conceit,sources/Hezareh_Dictionary_Index/source/Hezareh_Part_02_PDF_0251-0500.md#L4241-L4248,True
conceitedly,conceitedly,conceitedly,[],hz-007073,entry_candidate,raw_ocr,high,2,285,,dictionary/C/C-10.md,hz-007073-conceitedly,sources/Hezareh_Dictionary_Index/source/Hezareh_Part_02_PDF_0251-0500.md#L4249-L4250,True
conceivable,conceivable,conceivable,[],hz-007074,entry_candidate,raw_ocr,medium,2,285,,dictionary/C/C-10.md,hz-007074-conceivable,sources/Hezareh_Dictionary_Index/source/Hezareh_Part_02_PDF_0251-0500.md#L4251-L4254,True
conceive,conceive,conceive,[],hz-007075,entry_candidate,raw_ocr,medium,2,285,,dictionary/C/C-10.md,hz-007075-conceive,sources/Hezareh_Dictionary_Index/source/Hezareh_Part_02_PDF_0251-0500.md#L4255-L4263,True
concentrate,concentrate,concentrate,[],hz-007076,entry_candidate,raw_ocr,medium,2,285,,dictionary/C/C-10.md,hz-007076-concentrate,sources/Hezareh_Dictionary_Index/source/Hezareh_Part_02_PDF_0251-0500.md#L4264-L4270,True
concentrated,concentrated,concentrated,[],hz-007077,entry_candidate,raw_ocr,medium,2,285,,dictionary/C/C-10.md,hz-007077-concentrated,sources/Hezareh_Dictionary_Index/source/Hezareh_Part_02_PDF_0251-0500.md#L4271-L4274,True
concentration,concentration,concentration,[],hz-007078,entry_candidate,raw_ocr,high,2,285,,dictionary/C/C-10.md,hz-007078-concentration,sources/Hezareh_Dictionary_Index/source/Hezareh_Part_02_PDF_0251-0500.md#L4275-L4281,True
concentration camp,concentration camp,concentration camp,[],hz-007079,entry_candidate,raw_ocr,high,2,285,,dictionary/C/C-10.md,hz-007079-concentration-camp,sources/Hezareh_Dictionary_Index/source/Hezareh_Part_02_PDF_0251-0500.md#L4275-L4281,True
concentric,concentric,concentric,[],hz-007080,entry_candidate,raw_ocr,medium,2,285,,dictionary/C/C-10.md,hz-007080-concentric,sources/Hezareh_Dictionary_Index/source/Hezareh_Part_02_PDF_0251-0500.md#L4282-L4283,True
concept,concept,concept,[],hz-007081,entry_candidate,raw_ocr,hint_only,2,285,,dictionary/C/C-10.md,hz-007081-concept,sources/Hezareh_Dictionary_Index/source/Hezareh_Part_02_PDF_0251-0500.md#L4220-L4220,False
conception,conception,conception,[],hz-007082,entry_candidate,raw_ocr,medium,2,285,,dictionary/C/C-10.md,hz-007082-conception,sources/Hezareh_Dictionary_Index/source/Hezareh_Part_02_PDF_0251-0500.md#L4284-L4290,True
conceptual,conceptual,conceptual,[],hz-007083,entry_candidate,raw_ocr,high,2,285,,dictionary/C/C-10.md,hz-007083-conceptual,sources/Hezareh_Dictionary_Index/source/Hezareh_Part_02_PDF_0251-0500.md#L4291-L4292,True
conceptualise,conceptualise,conceptualise,[],hz-007084,entry_candidate,raw_ocr,high,2,285,,dictionary/C/C-10.md,hz-007084-conceptualise,sources/Hezareh_Dictionary_Index/source/Hezareh_Part_02_PDF_0251-0500.md#L4293-L4296,True
conceptualize,conceptualize,conceptualize,[],hz-007085,entry_candidate,raw_ocr,high,2,285,,dictionary/C/C-10.md,hz-007085-conceptualize,sources/Hezareh_Dictionary_Index/source/Hezareh_Part_02_PDF_0251-0500.md#L4297-L4326,True
concern,concern,concern,[],hz-007086,entry_candidate,raw_ocr,high,2,285,,dictionary/C/C-10.md,hz-007086-concern,sources/Hezareh_Dictionary_Index/source/Hezareh_Part_02_PDF_0251-0500.md#L4327-L4329,True
concerned,concerned,concerned,[],hz-007088,entry_candidate,raw_ocr,medium,2,286,,dictionary/C/C-10.md,hz-007088-concerned,sources/Hezareh_Dictionary_Index/source/Hezareh_Part_02_PDF_0251-0500.md#L4366-L4368,True
concernedly,concernedly,concernedly,[],hz-007089,entry_candidate,raw_ocr,medium,2,286,,dictionary/C/C-10.md,hz-007089-concernedly,sources/Hezareh_Dictionary_Index/source/Hezareh_Part_02_PDF_0251-0500.md#L4369-L4371,True
concerning,concerning,concerning,[],hz-007090,entry_candidate,raw_ocr,medium,2,286,,dictionary/C/C-10.md,hz-007090-concerning,sources/Hezareh_Dictionary_Index/source/Hezareh_Part_02_PDF_0251-0500.md#L4372-L4383,True
concert grand,concert grand,concert grand,[],hz-007093,entry_candidate,raw_ocr,medium,2,286,,dictionary/C/C-10.md,hz-007093-concert-grand,sources/Hezareh_Dictionary_Index/source/Hezareh_Part_02_PDF_0251-0500.md#L4388-L4388,True
concert-hall,concert-hall,concert-hall,[],hz-007094,entry_candidate,raw_ocr,medium,2,286,,dictionary/C/C-10.md,hz-007094-concert-hall,sources/Hezareh_Dictionary_Index/source/Hezareh_Part_02_PDF_0251-0500.md#L4389-L4390,True
concerted,concerted,concerted,[],hz-007091,entry_candidate,raw_ocr,medium,2,286,,dictionary/C/C-10.md,hz-007091-concerted,sources/Hezareh_Dictionary_Index/source/Hezareh_Part_02_PDF_0251-0500.md#L4384-L4386,True
COncertgoer,concertgoer,concertgoer,[],hz-007092,entry_candidate,raw_ocr,medium,2,286,,dictionary/C/C-10.md,hz-007092-concertgoer,sources/Hezareh_Dictionary_Index/source/Hezareh_Part_02_PDF_0251-0500.md#L4387-L4387,True
concertina,concertina,concertina,[],hz-007095,entry_candidate,raw_ocr,high,2,286,,dictionary/C/C-10.md,hz-007095-concertina,sources/Hezareh_Dictionary_Index/source/Hezareh_Part_02_PDF_0251-0500.md#L4391-L4394,True
concertmaster,concertmaster,concertmaster,[],hz-007096,entry_candidate,raw_ocr,high,2,286,,dictionary/C/C-10.md,hz-007096-concertmaster,sources/Hezareh_Dictionary_Index/source/Hezareh_Part_02_PDF_0251-0500.md#L4395-L4396,True
concertO,concerto,concerto,[],hz-007097,entry_candidate,raw_ocr,high,2,286,,dictionary/C/C-10.md,hz-007097-concerto,sources/Hezareh_Dictionary_Index/source/Hezareh_Part_02_PDF_0251-0500.md#L4397-L4399,True
concession,concession,concession,[],hz-007098,entry_candidate,raw_ocr,medium,2,286,,dictionary/C/C-10.md,hz-007098-concession,sources/Hezareh_Dictionary_Index/source/Hezareh_Part_02_PDF_0251-0500.md#L4400-L4403,True
concessionaire,concessionaire,concessionaire,[],hz-007099,entry_candidate,raw_ocr,high,2,286,,dictionary/C/C-10.md,hz-007099-concessionaire,sources/Hezareh_Dictionary_Index/source/Hezareh_Part_02_PDF_0251-0500.md#L4404-L4405,True
concessionary,concessionary,concessionary,[],hz-007100,entry_candidate,raw_ocr,high,2,286,,dictionary/C/C-10.md,hz-007100-concessionary,sources/Hezareh_Dictionary_Index/source/Hezareh_Part_02_PDF_0251-0500.md#L4406-L4415,True
concessive,concessive,concessive,[],hz-007101,entry_candidate,raw_ocr,high,2,286,,dictionary/C/C-10.md,hz-007101-concessive,sources/Hezareh_Dictionary_Index/source/Hezareh_Part_02_PDF_0251-0500.md#L4416-L4419,True
conch,conch,conch,[],hz-007102,entry_candidate,raw_ocr,high,2,286,,dictionary/C/C-10.md,hz-007102-conch,sources/Hezareh_Dictionary_Index/source/Hezareh_Part_02_PDF_0251-0500.md#L4420-L4424,True
conchai'kouka,conchai'kouka,conchai'kouka,[],hz-007103,entry_candidate,raw_ocr,hint_only,2,286,,dictionary/C/C-10.md,hz-007103-conchai-kouka,sources/Hezareh_Dictionary_Index/source/Hezareh_Part_02_PDF_0251-0500.md#L4354-L4354,False
conchology I knrj'knladsr,conchology i knrj'knladsr,conchology i knrj'knladsr,[],hz-007104,entry_candidate,raw_ocr,hint_only,2,286,,dictionary/C/C-10.md,hz-007104-conchology-i-knrj-knladsr,sources/Hezareh_Dictionary_Index/source/Hezareh_Part_02_PDF_0251-0500.md#L4354-L4354,False
concierge,concierge,concierge,[],hz-007105,entry_candidate,raw_ocr,high,2,286,,dictionary/C/C-10.md,hz-007105-concierge,sources/Hezareh_Dictionary_Index/source/Hezareh_Part_02_PDF_0251-0500.md#L4425-L4426,True
conciliate,conciliate,conciliate,[],hz-007106,entry_candidate,raw_ocr,high,2,286,,dictionary/C/C-10.md,hz-007106-conciliate,sources/Hezareh_Dictionary_Index/source/Hezareh_Part_02_PDF_0251-0500.md#L4427-L4432,True
conciliation,conciliation,conciliation,[],hz-007107,entry_candidate,raw_ocr,high,2,286,,dictionary/C/C-10.md,hz-007107-conciliation,sources/Hezareh_Dictionary_Index/source/Hezareh_Part_02_PDF_0251-0500.md#L4433-L4436,True
conciliator,conciliator,conciliator,[],hz-007108,entry_candidate,raw_ocr,high,2,286,,dictionary/C/C-10.md,hz-007108-conciliator,sources/Hezareh_Dictionary_Index/source/Hezareh_Part_02_PDF_0251-0500.md#L4437-L4438,True
conciliatory,conciliatory,conciliatory,[],hz-007109,entry_candidate,raw_ocr,high,2,286,,dictionary/C/C-10.md,hz-007109-conciliatory,sources/Hezareh_Dictionary_Index/source/Hezareh_Part_02_PDF_0251-0500.md#L4439-L4442,True
concise,concise,concise,[],hz-007110,entry_candidate,raw_ocr,high,2,286,,dictionary/C/C-10.md,hz-007110-concise,sources/Hezareh_Dictionary_Index/source/Hezareh_Part_02_PDF_0251-0500.md#L4443-L4444,True
concisely,concisely,concisely,[],hz-007111,entry_candidate,raw_ocr,high,2,286,,dictionary/C/C-10.md,hz-007111-concisely,sources/Hezareh_Dictionary_Index/source/Hezareh_Part_02_PDF_0251-0500.md#L4445-L4446,True
concisenesS,conciseness,conciseness,[],hz-007112,entry_candidate,raw_ocr,high,2,286,,dictionary/C/C-10.md,hz-007112-conciseness,sources/Hezareh_Dictionary_Index/source/Hezareh_Part_02_PDF_0251-0500.md#L4447-L4449,True
concision,concision,concision,[],hz-007113,entry_candidate,raw_ocr,hint_only,2,286,,dictionary/C/C-10.md,hz-007113-concision,sources/Hezareh_Dictionary_Index/source/Hezareh_Part_02_PDF_0251-0500.md#L4354-L4354,False
conclave,conclave,conclave,[],hz-007114,entry_candidate,raw_ocr,high,2,286,,dictionary/C/C-10.md,hz-007114-conclave,sources/Hezareh_Dictionary_Index/source/Hezareh_Part_02_PDF_0251-0500.md#L4450-L4452,True
conclude,conclude,conclude,[],hz-007115,entry_candidate,raw_ocr,high,2,286,,dictionary/C/C-10.md,hz-007115-conclude,sources/Hezareh_Dictionary_Index/source/Hezareh_Part_02_PDF_0251-0500.md#L4453-L4464,True
concluding,concluding,concluding,[],hz-007116,entry_candidate,raw_ocr,high,2,287,,dictionary/C/C-10.md,hz-007116-concluding,sources/Hezareh_Dictionary_Index/source/Hezareh_Part_02_PDF_0251-0500.md#L4477-L4479,True
conclusion,conclusion,conclusion,[],hz-007117,entry_candidate,raw_ocr,medium,2,287,,dictionary/C/C-10.md,hz-007117-conclusion,sources/Hezareh_Dictionary_Index/source/Hezareh_Part_02_PDF_0251-0500.md#L4480-L4493,True
conclusive,conclusive,conclusive,[],hz-007118,entry_candidate,raw_ocr,low,2,287,,dictionary/C/C-10.md,hz-007118-conclusive,sources/Hezareh_Dictionary_Index/source/Hezareh_Part_02_PDF_0251-0500.md#L4494-L4498,True
conclusively,conclusively,conclusively,[],hz-007119,entry_candidate,raw_ocr,hint_only,2,287,,dictionary/C/C-10.md,hz-007119-conclusively,sources/Hezareh_Dictionary_Index/source/Hezareh_Part_02_PDF_0251-0500.md#L4468-L4468,False
concoct,concoct,concoct,[],hz-007120,entry_candidate,raw_ocr,medium,2,287,,dictionary/C/C-10.md,hz-007120-concoct,sources/Hezareh_Dictionary_Index/source/Hezareh_Part_02_PDF_0251-0500.md#L4499-L4502,True
concoction,concoction,concoction,[],hz-007121,entry_candidate,raw_ocr,medium,2,287,,dictionary/C/C-10.md,hz-007121-concoction,sources/Hezareh_Dictionary_Index/source/Hezareh_Part_02_PDF_0251-0500.md#L4503-L4505,True
concomitant,concomitant,concomitant,[],hz-007122,entry_candidate,raw_ocr,low,2,287,,dictionary/C/C-10.md,hz-007122-concomitant,sources/Hezareh_Dictionary_Index/source/Hezareh_Part_02_PDF_0251-0500.md#L4506-L4508,True
concord,concord,concord,[],hz-007123,entry_candidate,raw_ocr,medium,2,287,,dictionary/C/C-10.md,hz-007123-concord,sources/Hezareh_Dictionary_Index/source/Hezareh_Part_02_PDF_0251-0500.md#L4509-L4511,True
concordance,concordance,concordance,[],hz-007124,entry_candidate,raw_ocr,medium,2,287,,dictionary/C/C-10.md,hz-007124-concordance,sources/Hezareh_Dictionary_Index/source/Hezareh_Part_02_PDF_0251-0500.md#L4512-L4514,True
concordant,concordant,concordant,[],hz-007125,entry_candidate,raw_ocr,medium,2,287,,dictionary/C/C-10.md,hz-007125-concordant,sources/Hezareh_Dictionary_Index/source/Hezareh_Part_02_PDF_0251-0500.md#L4515-L4516,True
concordat,concordat,concordat,[],hz-007126,entry_candidate,raw_ocr,low,2,287,,dictionary/C/C-10.md,hz-007126-concordat,sources/Hezareh_Dictionary_Index/source/Hezareh_Part_02_PDF_0251-0500.md#L4517-L4518,True
concourse,concourse,concourse,[],hz-007127,entry_candidate,raw_ocr,low,2,287,,dictionary/C/C-10.md,hz-007127-concourse,sources/Hezareh_Dictionary_Index/source/Hezareh_Part_02_PDF_0251-0500.md#L4519-L4537,True
concrete mixer,concrete mixer,concrete mixer,[],hz-007129,entry_candidate,raw_ocr,high,2,287,,dictionary/C/C-10.md,hz-007129-concrete-mixer,sources/Hezareh_Dictionary_Index/source/Hezareh_Part_02_PDF_0251-0500.md#L4543-L4546,True
concrete music,concrete music,concrete music,[],hz-007130,entry_candidate,raw_ocr,hint_only,2,287,,dictionary/C/C-10.md,hz-007130-concrete-music,sources/Hezareh_Dictionary_Index/source/Hezareh_Part_02_PDF_0251-0500.md#L4468-L4468,False
concrete poetry,concrete poetry,concrete poetry,[],hz-007131,entry_candidate,raw_ocr,high,2,287,,dictionary/C/C-10.md,hz-007131-concrete-poetry,sources/Hezareh_Dictionary_Index/source/Hezareh_Part_02_PDF_0251-0500.md#L4547-L4548,True
concretely,concretely,concretely,[],hz-007128,entry_candidate,raw_ocr,low,2,287,,dictionary/C/C-10.md,hz-007128-concretely,sources/Hezareh_Dictionary_Index/source/Hezareh_Part_02_PDF_0251-0500.md#L4538-L4542,True
concretion,concretion,concretion,[],hz-007132,entry_candidate,raw_ocr,medium,2,287,,dictionary/C/C-10.md,hz-007132-concretion,sources/Hezareh_Dictionary_Index/source/Hezareh_Part_02_PDF_0251-0500.md#L4549-L4554,True
concubinel'koukjubam,concubinel'koukjubam,concubinel'koukjubam,[],hz-007133,entry_candidate,raw_ocr,hint_only,2,287,,dictionary/C/C-10.md,hz-007133-concubinel-koukjubam,sources/Hezareh_Dictionary_Index/source/Hezareh_Part_02_PDF_0251-0500.md#L4468-L4468,False
concur,concur,concur,[],hz-007134,entry_candidate,raw_ocr,high,2,287,,dictionary/C/C-10.md,hz-007134-concur,sources/Hezareh_Dictionary_Index/source/Hezareh_Part_02_PDF_0251-0500.md#L4555-L4559,True
concurrence,concurrence,concurrence,[],hz-007135,entry_candidate,raw_ocr,medium,2,287,,dictionary/C/C-10.md,hz-007135-concurrence,sources/Hezareh_Dictionary_Index/source/Hezareh_Part_02_PDF_0251-0500.md#L4560-L4562,True
concurrent,concurrent,concurrent,[],hz-007136,entry_candidate,raw_ocr,low,2,287,,dictionary/C/C-10.md,hz-007136-concurrent,sources/Hezareh_Dictionary_Index/source/Hezareh_Part_02_PDF_0251-0500.md#L4563-L4565,True
concurrently,concurrently,concurrently,[],hz-007137,entry_candidate,raw_ocr,medium,2,287,,dictionary/C/C-10.md,hz-007137-concurrently,sources/Hezareh_Dictionary_Index/source/Hezareh_Part_02_PDF_0251-0500.md#L4566-L4567,True
concUSS,concuss,concuss,[],hz-007138,entry_candidate,raw_ocr,medium,2,287,,dictionary/C/C-10.md,hz-007138-concuss,sources/Hezareh_Dictionary_Index/source/Hezareh_Part_02_PDF_0251-0500.md#L4568-L4569,True
concussion,concussion,concussion,[],hz-007139,entry_candidate,raw_ocr,medium,2,287,,dictionary/C/C-10.md,hz-007139-concussion,sources/Hezareh_Dictionary_Index/source/Hezareh_Part_02_PDF_0251-0500.md#L4570-L4572,True
condemn,condemn,condemn,[],hz-007140,entry_candidate,raw_ocr,medium,2,287,,dictionary/C/C-10.md,hz-007140-condemn,sources/Hezareh_Dictionary_Index/source/Hezareh_Part_02_PDF_0251-0500.md#L4573-L4577,True
condemnable,condemnable,condemnable,[],hz-007141,entry_candidate,raw_ocr,medium,2,288,,dictionary/C/C-10.md,hz-007141-condemnable,sources/Hezareh_Dictionary_Index/source/Hezareh_Part_02_PDF_0251-0500.md#L4596-L4597,True
condemnation,condemnation,condemnation,[],hz-007142,entry_candidate,raw_ocr,medium,2,288,,dictionary/C/C-10.md,hz-007142-condemnation,sources/Hezareh_Dictionary_Index/source/Hezareh_Part_02_PDF_0251-0500.md#L4598-L4600,True
condemned cell,condemned cell,condemned cell,[],hz-007143,entry_candidate,raw_ocr,high,2,288,,dictionary/C/C-10.md,hz-007143-condemned-cell,sources/Hezareh_Dictionary_Index/source/Hezareh_Part_02_PDF_0251-0500.md#L4601-L4602,True
condensation,condensation,condensation,[],hz-007144,entry_candidate,raw_ocr,medium,2,288,,dictionary/C/C-10.md,hz-007144-condensation,sources/Hezareh_Dictionary_Index/source/Hezareh_Part_02_PDF_0251-0500.md#L4603-L4606,True
condense,condense,condense,[],hz-007145,entry_candidate,raw_ocr,medium,2,288,,dictionary/C/C-10.md,hz-007145-condense,sources/Hezareh_Dictionary_Index/source/Hezareh_Part_02_PDF_0251-0500.md#L4607-L4627,True
condensed milk,condensed milk,condensed milk,[],hz-007146,entry_candidate,raw_ocr,hint_only,2,288,,dictionary/C/C-10.md,hz-007146-condensed-milk,sources/Hezareh_Dictionary_Index/source/Hezareh_Part_02_PDF_0251-0500.md#L4581-L4581,False
condescending,condescending,condescending,[],hz-007147,entry_candidate,raw_ocr,high,2,288,,dictionary/C/C-10.md,hz-007147-condescending,sources/Hezareh_Dictionary_Index/source/Hezareh_Part_02_PDF_0251-0500.md#L4628-L4642,True
condescendingly,condescendingly,condescendingly,[],hz-007148,entry_candidate,raw_ocr,medium,2,288,,dictionary/C/C-10.md,hz-007148-condescendingly,sources/Hezareh_Dictionary_Index/source/Hezareh_Part_02_PDF_0251-0500.md#L4643-L4646,True
condescension,condescension,condescension,[],hz-007149,entry_candidate,raw_ocr,high,2,288,,dictionary/C/C-10.md,hz-007149-condescension,sources/Hezareh_Dictionary_Index/source/Hezareh_Part_02_PDF_0251-0500.md#L4647-L4650,True
condign,condign,condign,[],hz-007150,entry_candidate,raw_ocr,medium,2,288,,dictionary/C/C-10.md,hz-007150-condign,sources/Hezareh_Dictionary_Index/source/Hezareh_Part_02_PDF_0251-0500.md#L4651-L4652,True
condiment,condiment,condiment,[],hz-007151,entry_candidate,raw_ocr,high,2,288,,dictionary/C/C-10.md,hz-007151-condiment,sources/Hezareh_Dictionary_Index/source/Hezareh_Part_02_PDF_0251-0500.md#L4653-L4691,True
conditional,conditional,conditional,[],hz-007152,entry_candidate,raw_ocr,high,2,289,,dictionary/C/C-10.md,hz-007152-conditional,sources/Hezareh_Dictionary_Index/source/Hezareh_Part_02_PDF_0251-0500.md#L4704-L4710,True
conditional on,conditional on,conditional on,[],hz-007153,entry_candidate,raw_ocr,low,2,289,,dictionary/C/C-10.md,hz-007153-conditional-on,sources/Hezareh_Dictionary_Index/source/Hezareh_Part_02_PDF_0251-0500.md#L4711-L4712,True
conditionally,conditionally,conditionally,[],hz-007154,entry_candidate,raw_ocr,medium,2,289,,dictionary/C/C-10.md,hz-007154-conditionally,sources/Hezareh_Dictionary_Index/source/Hezareh_Part_02_PDF_0251-0500.md#L4713-L4716,True
conditioned,conditioned,conditioned,[],hz-007155,entry_candidate,raw_ocr,high,2,289,,dictionary/C/C-10.md,hz-007155-conditioned,sources/Hezareh_Dictionary_Index/source/Hezareh_Part_02_PDF_0251-0500.md#L4717-L4718,True
conditioned reflex,conditioned reflex,conditioned reflex,[],hz-007156,entry_candidate,raw_ocr,high,2,289,,dictionary/C/C-10.md,hz-007156-conditioned-reflex,sources/Hezareh_Dictionary_Index/source/Hezareh_Part_02_PDF_0251-0500.md#L4717-L4718,True
conditioner,conditioner,conditioner,[],hz-007157,entry_candidate,raw_ocr,medium,2,289,,dictionary/C/C-10.md,hz-007157-conditioner,sources/Hezareh_Dictionary_Index/source/Hezareh_Part_02_PDF_0251-0500.md#L4719-L4719,True
conditioning,conditioning,conditioning,[],hz-007158,entry_candidate,raw_ocr,high,2,289,,dictionary/C/C-10.md,hz-007158-conditioning,sources/Hezareh_Dictionary_Index/source/Hezareh_Part_02_PDF_0251-0500.md#L4720-L4722,True
condolatory,condolatory,condolatory,[],hz-007159,entry_candidate,raw_ocr,medium,2,289,,dictionary/C/C-10.md,hz-007159-condolatory,sources/Hezareh_Dictionary_Index/source/Hezareh_Part_02_PDF_0251-0500.md#L4723-L4724,True
condole,condole,condole,[],hz-007160,entry_candidate,raw_ocr,medium,2,289,,dictionary/C/C-10.md,hz-007160-condole,sources/Hezareh_Dictionary_Index/source/Hezareh_Part_02_PDF_0251-0500.md#L4725-L4726,True
condolence,condolence,condolence,[],hz-007161,entry_candidate,raw_ocr,high,2,289,,dictionary/C/C-10.md,hz-007161-condolence,sources/Hezareh_Dictionary_Index/source/Hezareh_Part_02_PDF_0251-0500.md#L4727-L4728,True
condom,condom,condom,[],hz-007162,entry_candidate,raw_ocr,medium,2,289,,dictionary/C/C-10.md,hz-007162-condom,sources/Hezareh_Dictionary_Index/source/Hezareh_Part_02_PDF_0251-0500.md#L4729-L4729,True
condominium,condominium,condominium,[],hz-007163,entry_candidate,raw_ocr,high,2,289,,dictionary/C/C-10.md,hz-007163-condominium,sources/Hezareh_Dictionary_Index/source/Hezareh_Part_02_PDF_0251-0500.md#L4730-L4737,True
condone,condone,condone,[],hz-007164,entry_candidate,raw_ocr,medium,2,289,,dictionary/C/C-10.md,hz-007164-condone,sources/Hezareh_Dictionary_Index/source/Hezareh_Part_02_PDF_0251-0500.md#L4738-L4740,True
condor,condor,condor,[],hz-007165,entry_candidate,raw_ocr,medium,2,289,,dictionary/C/C-10.md,hz-007165-condor,sources/Hezareh_Dictionary_Index/source/Hezareh_Part_02_PDF_0251-0500.md#L4741-L4741,True
conduce,conduce,conduce,[],hz-007166,entry_candidate,raw_ocr,medium,2,289,,dictionary/C/C-10.md,hz-007166-conduce,sources/Hezareh_Dictionary_Index/source/Hezareh_Part_02_PDF_0251-0500.md#L4742-L4744,True
conducive,conducive,conducive,[],hz-007167,entry_candidate,raw_ocr,medium,2,289,,dictionary/C/C-10.md,hz-007167-conducive,sources/Hezareh_Dictionary_Index/source/Hezareh_Part_02_PDF_0251-0500.md#L4745-L4763,True
conducted tour,conducted tour,conducted tour,[],hz-007168,entry_candidate,raw_ocr,high,2,289,,dictionary/C/C-10.md,hz-007168-conducted-tour,sources/Hezareh_Dictionary_Index/source/Hezareh_Part_02_PDF_0251-0500.md#L4764-L4765,True
conduction,conduction,conduction,[],hz-007169,entry_candidate,raw_ocr,medium,2,289,,dictionary/C/C-10.md,hz-007169-conduction,sources/Hezareh_Dictionary_Index/source/Hezareh_Part_02_PDF_0251-0500.md#L4766-L4767,True
conductive,conductive,conductive,[],hz-007170,entry_candidate,raw_ocr,low,2,289,,dictionary/C/C-10.md,hz-007170-conductive,sources/Hezareh_Dictionary_Index/source/Hezareh_Part_02_PDF_0251-0500.md#L4768-L4769,True
conductivity,conductivity,conductivity,[],hz-007171,entry_candidate,raw_ocr,medium,2,289,,dictionary/C/C-10.md,hz-007171-conductivity,sources/Hezareh_Dictionary_Index/source/Hezareh_Part_02_PDF_0251-0500.md#L4770-L4776,True
conductor,conductor,conductor,[],hz-007172,entry_candidate,raw_ocr,high,2,289,,dictionary/C/C-10.md,hz-007172-conductor,sources/Hezareh_Dictionary_Index/source/Hezareh_Part_02_PDF_0251-0500.md#L4777-L4778,True
conductor rail,conductor rail,conductor rail,[],hz-007173,entry_candidate,raw_ocr,high,2,289,,dictionary/C/C-10.md,hz-007173-conductor-rail,sources/Hezareh_Dictionary_Index/source/Hezareh_Part_02_PDF_0251-0500.md#L4777-L4778,True
conductress,conductress,conductress,[],hz-007174,entry_candidate,raw_ocr,medium,2,289,,dictionary/C/C-10.md,hz-007174-conductress,sources/Hezareh_Dictionary_Index/source/Hezareh_Part_02_PDF_0251-0500.md#L4779-L4780,True
conduit,conduit,conduit,[],hz-007175,entry_candidate,raw_ocr,high,2,289,,dictionary/C/C-10.md,hz-007175-conduit,sources/Hezareh_Dictionary_Index/source/Hezareh_Part_02_PDF_0251-0500.md#L4781-L4785,True
cone,cone,cone,[],hz-007176,entry_candidate,raw_ocr,low,2,289,,dictionary/C/C-10.md,hz-007176-cone,sources/Hezareh_Dictionary_Index/source/Hezareh_Part_02_PDF_0251-0500.md#L4786-L4788,True
coney,coney,coney,[],hz-007177,entry_candidate,raw_ocr,low,2,289,,dictionary/C/C-10.md,hz-007177-coney,sources/Hezareh_Dictionary_Index/source/Hezareh_Part_02_PDF_0251-0500.md#L4789-L4791,True
confab,confab,confab,[],hz-007178,entry_candidate,raw_ocr,high,2,289,,dictionary/C/C-10.md,hz-007178-confab,sources/Hezareh_Dictionary_Index/source/Hezareh_Part_02_PDF_0251-0500.md#L4792-L4795,True
confabulation,confabulation,confabulation,[],hz-007179,entry_candidate,raw_ocr,medium,2,289,,dictionary/C/C-10.md,hz-007179-confabulation,sources/Hezareh_Dictionary_Index/source/Hezareh_Part_02_PDF_0251-0500.md#L4796-L4797,True
COnfection,confection,confection,[],hz-007180,entry_candidate,raw_ocr,medium,2,289,,dictionary/C/C-10.md,hz-007180-confection,sources/Hezareh_Dictionary_Index/source/Hezareh_Part_02_PDF_0251-0500.md#L4798-L4802,True
Confectionery,confectionery,confectionery,[],hz-007182,entry_candidate,raw_ocr,medium,2,290,,dictionary/C/C-10.md,hz-007182-confectionery,sources/Hezareh_Dictionary_Index/source/Hezareh_Part_02_PDF_0251-0500.md#L4818-L4820,True
confederacy,confederacy,confederacy,[],hz-007183,entry_candidate,raw_ocr,medium,2,290,,dictionary/C/C-10.md,hz-007183-confederacy,sources/Hezareh_Dictionary_Index/source/Hezareh_Part_02_PDF_0251-0500.md#L4821-L4834,True
Confederate States,confederate states,confederate states,[],hz-007184,entry_candidate,raw_ocr,high,2,290,,dictionary/C/C-10.md,hz-007184-confederate-states,sources/Hezareh_Dictionary_Index/source/Hezareh_Part_02_PDF_0251-0500.md#L4835-L4836,True
confederation,confederation,confederation,[],hz-007185,entry_candidate,raw_ocr,high,2,290,,dictionary/C/C-10.md,hz-007185-confederation,sources/Hezareh_Dictionary_Index/source/Hezareh_Part_02_PDF_0251-0500.md#L4837-L4838,True
confer,confer,confer,[],hz-007186,entry_candidate,raw_ocr,high,2,290,,dictionary/C/C-10.md,hz-007186-confer,sources/Hezareh_Dictionary_Index/source/Hezareh_Part_02_PDF_0251-0500.md#L4839-L4843,True
confer a degree on,confer a degree on,confer a degree on,[],hz-009457,entry_candidate,raw_ocr,high,2,388,,dictionary/C/C-10.md,hz-009457-confer-a-degree-on,sources/Hezareh_Dictionary_Index/source/Hezareh_Part_02_PDF_0251-0500.md#L16555-L16560,True
conference,conference,conference,[],hz-007187,entry_candidate,raw_ocr,medium,2,290,,dictionary/C/C-10.md,hz-007187-conference,sources/Hezareh_Dictionary_Index/source/Hezareh_Part_02_PDF_0251-0500.md#L4844-L4845,True
conferment,conferment,conferment,[],hz-007188,entry_candidate,raw_ocr,medium,2,290,,dictionary/C/C-10.md,hz-007188-conferment,sources/Hezareh_Dictionary_Index/source/Hezareh_Part_02_PDF_0251-0500.md#L4846-L4847,True
confess,confess,confess,[],hz-007189,entry_candidate,raw_ocr,medium,2,290,,dictionary/C/C-10.md,hz-007189-confess,sources/Hezareh_Dictionary_Index/source/Hezareh_Part_02_PDF_0251-0500.md#L4848-L4853,True
confessedly,confessedly,confessedly,[],hz-007190,entry_candidate,raw_ocr,medium,2,290,,dictionary/C/C-10.md,hz-007190-confessedly,sources/Hezareh_Dictionary_Index/source/Hezareh_Part_02_PDF_0251-0500.md#L4854-L4867,True
confession,confession,confession,[],hz-007191,entry_candidate,raw_ocr,low,2,290,,dictionary/C/C-10.md,hz-007191-confession,sources/Hezareh_Dictionary_Index/source/Hezareh_Part_02_PDF_0251-0500.md#L4868-L4870,True
confessionaltbn'fefanl,confessionaltbn'fefanl,confessionaltbn'fefanl,[],hz-007192,entry_candidate,raw_ocr,hint_only,2,290,,dictionary/C/C-10.md,hz-007192-confessionaltbn-fefanl,sources/Hezareh_Dictionary_Index/source/Hezareh_Part_02_PDF_0251-0500.md#L4806-L4806,False
confessor,confessor,confessor,[],hz-007193,entry_candidate,raw_ocr,high,2,290,,dictionary/C/C-10.md,hz-007193-confessor,sources/Hezareh_Dictionary_Index/source/Hezareh_Part_02_PDF_0251-0500.md#L4871-L4872,True
confetti,confetti,confetti,[],hz-007194,entry_candidate,raw_ocr,high,2,290,,dictionary/C/C-10.md,hz-007194-confetti,sources/Hezareh_Dictionary_Index/source/Hezareh_Part_02_PDF_0251-0500.md#L4873-L4874,True
confidant,confidant,confidant,[],hz-007195,entry_candidate,raw_ocr,medium,2,290,,dictionary/C/C-10.md,hz-007195-confidant,sources/Hezareh_Dictionary_Index/source/Hezareh_Part_02_PDF_0251-0500.md#L4875-L4882,True
confidence,confidence,confidence,[],hz-007196,entry_candidate,raw_ocr,high,2,290,,dictionary/C/C-10.md,hz-007196-confidence,sources/Hezareh_Dictionary_Index/source/Hezareh_Part_02_PDF_0251-0500.md#L4883-L4897,True
confidence game,confidence game,confidence game,[],hz-007197,entry_candidate,raw_ocr,high,2,290,,dictionary/C/C-10.md,hz-007197-confidence-game,sources/Hezareh_Dictionary_Index/source/Hezareh_Part_02_PDF_0251-0500.md#L4898-L4899,True
confidence man,confidence man,confidence man,[],hz-007198,entry_candidate,raw_ocr,high,2,290,,dictionary/C/C-10.md,hz-007198-confidence-man,sources/Hezareh_Dictionary_Index/source/Hezareh_Part_02_PDF_0251-0500.md#L4900-L4901,True
confidence trick,confidence trick,confidence trick,[],hz-007199,entry_candidate,raw_ocr,high,2,290,,dictionary/C/C-10.md,hz-007199-confidence-trick,sources/Hezareh_Dictionary_Index/source/Hezareh_Part_02_PDF_0251-0500.md#L4902-L4903,True
confidence trickster,confidence trickster,confidence trickster,[],hz-007200,entry_candidate,raw_ocr,high,2,290,,dictionary/C/C-10.md,hz-007200-confidence-trickster,sources/Hezareh_Dictionary_Index/source/Hezareh_Part_02_PDF_0251-0500.md#L4904-L4905,True
confident,confident,confident,[],hz-007201,entry_candidate,raw_ocr,high,2,290,,dictionary/C/C-10.md,hz-007201-confident,sources/Hezareh_Dictionary_Index/source/Hezareh_Part_02_PDF_0251-0500.md#L4906-L4909,True
confidential,confidential,confidential,[],hz-007202,entry_candidate,raw_ocr,high,2,290,,dictionary/C/C-10.md,hz-007202-confidential,sources/Hezareh_Dictionary_Index/source/Hezareh_Part_02_PDF_0251-0500.md#L4910-L4916,True
confidentiality,confidentiality,confidentiality,[],hz-007203,entry_candidate,raw_ocr,high,2,291,,dictionary/C/C-10.md,hz-007203-confidentiality,sources/Hezareh_Dictionary_Index/source/Hezareh_Part_02_PDF_0251-0500.md#L4930-L4933,True
confidentially,confidentially,confidentially,[],hz-007204,entry_candidate,raw_ocr,high,2,291,,dictionary/C/C-10.md,hz-007204-confidentially,sources/Hezareh_Dictionary_Index/source/Hezareh_Part_02_PDF_0251-0500.md#L4934-L4936,True
confidently,confidently,confidently,[],hz-007205,entry_candidate,raw_ocr,medium,2,291,,dictionary/C/C-10.md,hz-007205-confidently,sources/Hezareh_Dictionary_Index/source/Hezareh_Part_02_PDF_0251-0500.md#L4937-L4940,True
confiding,confiding,confiding,[],hz-007206,entry_candidate,raw_ocr,medium,2,291,,dictionary/C/C-10.md,hz-007206-confiding,sources/Hezareh_Dictionary_Index/source/Hezareh_Part_02_PDF_0251-0500.md#L4941-L4942,True
confidingly,confidingly,confidingly,[],hz-007207,entry_candidate,raw_ocr,medium,2,291,,dictionary/C/C-10.md,hz-007207-confidingly,sources/Hezareh_Dictionary_Index/source/Hezareh_Part_02_PDF_0251-0500.md#L4943-L4944,True
configuration,configuration,configuration,[],hz-007208,entry_candidate,raw_ocr,high,2,291,,dictionary/C/C-10.md,hz-007208-configuration,sources/Hezareh_Dictionary_Index/source/Hezareh_Part_02_PDF_0251-0500.md#L4945-L4948,True
confine,confine,confine,[],hz-007209,entry_candidate,raw_ocr,medium,2,291,,dictionary/C/C-10.md,hz-007209-confine,sources/Hezareh_Dictionary_Index/source/Hezareh_Part_02_PDF_0251-0500.md#L4949-L4959,True
confined,confined,confined,[],hz-007210,entry_candidate,raw_ocr,medium,2,291,,dictionary/C/C-10.md,hz-007210-confined,sources/Hezareh_Dictionary_Index/source/Hezareh_Part_02_PDF_0251-0500.md#L4960-L4961,True
confinement,confinement,confinement,[],hz-007211,entry_candidate,raw_ocr,medium,2,291,,dictionary/C/C-10.md,hz-007211-confinement,sources/Hezareh_Dictionary_Index/source/Hezareh_Part_02_PDF_0251-0500.md#L4962-L4966,True
confines,confines,confines,[],hz-007212,entry_candidate,raw_ocr,medium,2,291,,dictionary/C/C-11.md,hz-007212-confines,sources/Hezareh_Dictionary_Index/source/Hezareh_Part_02_PDF_0251-0500.md#L4967-L4968,True
confirm,confirm,confirm,[],hz-007213,entry_candidate,raw_ocr,medium,2,291,,dictionary/C/C-11.md,hz-007213-confirm,sources/Hezareh_Dictionary_Index/source/Hezareh_Part_02_PDF_0251-0500.md#L4969-L4983,True
confirmation,confirmation,confirmation,[],hz-007214,entry_candidate,raw_ocr,hint_only,2,291,,dictionary/C/C-11.md,hz-007214-confirmation,sources/Hezareh_Dictionary_Index/source/Hezareh_Part_02_PDF_0251-0500.md#L4920-L4920,False
confirmed,confirmed,confirmed,[],hz-007215,entry_candidate,raw_ocr,high,2,291,,dictionary/C/C-11.md,hz-007215-confirmed,sources/Hezareh_Dictionary_Index/source/Hezareh_Part_02_PDF_0251-0500.md#L4984-L4987,True
confiscate,confiscate,confiscate,[],hz-007216,entry_candidate,raw_ocr,high,2,291,,dictionary/C/C-11.md,hz-007216-confiscate,sources/Hezareh_Dictionary_Index/source/Hezareh_Part_02_PDF_0251-0500.md#L4988-L4990,True
COnfiscation,confiscation,confiscation,[],hz-007217,entry_candidate,raw_ocr,high,2,291,,dictionary/C/C-11.md,hz-007217-confiscation,sources/Hezareh_Dictionary_Index/source/Hezareh_Part_02_PDF_0251-0500.md#L4991-L4992,True
conflagrant,conflagrant,conflagrant,[],hz-007218,entry_candidate,raw_ocr,high,2,291,,dictionary/C/C-11.md,hz-007218-conflagrant,sources/Hezareh_Dictionary_Index/source/Hezareh_Part_02_PDF_0251-0500.md#L4993-L4993,True
conflagration,conflagration,conflagration,[],hz-007219,entry_candidate,raw_ocr,high,2,291,,dictionary/C/C-11.md,hz-007219-conflagration,sources/Hezareh_Dictionary_Index/source/Hezareh_Part_02_PDF_0251-0500.md#L4994-L4994,True
conflict,conflict,conflict,[],hz-007222,entry_candidate,raw_ocr,high,2,291,,dictionary/C/C-11.md,hz-007222-conflict,sources/Hezareh_Dictionary_Index/source/Hezareh_Part_02_PDF_0251-0500.md#L4995-L5007,True
conflicting,conflicting,conflicting,[],hz-007223,entry_candidate,raw_ocr,high,2,291,,dictionary/C/C-11.md,hz-007223-conflicting,sources/Hezareh_Dictionary_Index/source/Hezareh_Part_02_PDF_0251-0500.md#L5008-L5009,True
confluence,confluence,confluence,[],hz-007224,entry_candidate,raw_ocr,high,2,291,,dictionary/C/C-11.md,hz-007224-confluence,sources/Hezareh_Dictionary_Index/source/Hezareh_Part_02_PDF_0251-0500.md#L5010-L5015,True
confluent,confluent,confluent,[],hz-007225,entry_candidate,raw_ocr,hint_only,2,291,,dictionary/C/C-11.md,hz-007225-confluent,sources/Hezareh_Dictionary_Index/source/Hezareh_Part_02_PDF_0251-0500.md#L4920-L4920,False
conform,conform,conform,[],hz-007226,entry_candidate,raw_ocr,high,2,291,,dictionary/C/C-11.md,hz-007226-conform,sources/Hezareh_Dictionary_Index/source/Hezareh_Part_02_PDF_0251-0500.md#L5016-L5021,True
conformable,conformable,conformable,[],hz-007227,entry_candidate,raw_ocr,high,2,291,,dictionary/C/C-11.md,hz-007227-conformable,sources/Hezareh_Dictionary_Index/source/Hezareh_Part_02_PDF_0251-0500.md#L5022-L5027,True
conformation,conformation,conformation,[],hz-007228,entry_candidate,raw_ocr,hint_only,2,291,,dictionary/C/C-11.md,hz-007228-conformation,sources/Hezareh_Dictionary_Index/source/Hezareh_Part_02_PDF_0251-0500.md#L4920-L4920,False
conformist,conformist,conformist,[],hz-007229,entry_candidate,raw_ocr,medium,2,292,,dictionary/C/C-11.md,hz-007229-conformist,sources/Hezareh_Dictionary_Index/source/Hezareh_Part_02_PDF_0251-0500.md#L5041-L5044,True
conformity,conformity,conformity,[],hz-007230,entry_candidate,raw_ocr,medium,2,292,,dictionary/C/C-11.md,hz-007230-conformity,sources/Hezareh_Dictionary_Index/source/Hezareh_Part_02_PDF_0251-0500.md#L5045-L5060,True
confounded,confounded,confounded,[],hz-007231,entry_candidate,raw_ocr,high,2,292,,dictionary/C/C-11.md,hz-007231-confounded,sources/Hezareh_Dictionary_Index/source/Hezareh_Part_02_PDF_0251-0500.md#L5061-L5062,True
confoundedly,confoundedly,confoundedly,[],hz-007232,entry_candidate,raw_ocr,medium,2,292,,dictionary/C/C-11.md,hz-007232-confoundedly,sources/Hezareh_Dictionary_Index/source/Hezareh_Part_02_PDF_0251-0500.md#L5063-L5064,True
confrere,confrere,confrere,[],hz-007233,entry_candidate,raw_ocr,medium,2,292,,dictionary/C/C-11.md,hz-007233-confrere,sources/Hezareh_Dictionary_Index/source/Hezareh_Part_02_PDF_0251-0500.md#L5065-L5065,True
confront,confront,confront,[],hz-007234,entry_candidate,raw_ocr,medium,2,292,,dictionary/C/C-11.md,hz-007234-confront,sources/Hezareh_Dictionary_Index/source/Hezareh_Part_02_PDF_0251-0500.md#L5066-L5070,True
confrontation,confrontation,confrontation,[],hz-007235,entry_candidate,raw_ocr,low,2,292,,dictionary/C/C-11.md,hz-007235-confrontation,sources/Hezareh_Dictionary_Index/source/Hezareh_Part_02_PDF_0251-0500.md#L5071-L5072,True
Confucian,confucian,confucian,[],hz-007236,entry_candidate,raw_ocr,medium,2,292,,dictionary/C/C-11.md,hz-007236-confucian,sources/Hezareh_Dictionary_Index/source/Hezareh_Part_02_PDF_0251-0500.md#L5073-L5074,True
ConfuciUS,confucius,confucius,[],hz-007237,entry_candidate,raw_ocr,medium,2,292,,dictionary/C/C-11.md,hz-007237-confucius,sources/Hezareh_Dictionary_Index/source/Hezareh_Part_02_PDF_0251-0500.md#L5075-L5076,True
confuse,confuse,confuse,[],hz-007238,entry_candidate,raw_ocr,medium,2,292,,dictionary/C/C-11.md,hz-007238-confuse,sources/Hezareh_Dictionary_Index/source/Hezareh_Part_02_PDF_0251-0500.md#L5077-L5093,True
confused,confused,confused,[],hz-007239,entry_candidate,raw_ocr,high,2,292,,dictionary/C/C-11.md,hz-007239-confused,sources/Hezareh_Dictionary_Index/source/Hezareh_Part_02_PDF_0251-0500.md#L5094-L5100,True
confusedly,confusedly,confusedly,[],hz-007240,entry_candidate,raw_ocr,high,2,292,,dictionary/C/C-11.md,hz-007240-confusedly,sources/Hezareh_Dictionary_Index/source/Hezareh_Part_02_PDF_0251-0500.md#L5101-L5105,True
confusingly,confusingly,confusingly,[],hz-007241,entry_candidate,raw_ocr,high,2,292,,dictionary/C/C-11.md,hz-007241-confusingly,sources/Hezareh_Dictionary_Index/source/Hezareh_Part_02_PDF_0251-0500.md#L5106-L5106,True
confusion,confusion,confusion,[],hz-007242,entry_candidate,raw_ocr,high,2,292,,dictionary/C/C-11.md,hz-007242-confusion,sources/Hezareh_Dictionary_Index/source/Hezareh_Part_02_PDF_0251-0500.md#L5107-L5112,True
confutation,confutation,confutation,[],hz-007243,entry_candidate,raw_ocr,hint_only,2,292,,dictionary/C/C-11.md,hz-007243-confutation,sources/Hezareh_Dictionary_Index/source/Hezareh_Part_02_PDF_0251-0500.md#L5031-L5031,False
confute,confute,confute,[],hz-007244,entry_candidate,raw_ocr,high,2,292,,dictionary/C/C-11.md,hz-007244-confute,sources/Hezareh_Dictionary_Index/source/Hezareh_Part_02_PDF_0251-0500.md#L5113-L5115,True
conga,conga,conga,[],hz-007245,entry_candidate,raw_ocr,high,2,292,,dictionary/C/C-11.md,hz-007245-conga,sources/Hezareh_Dictionary_Index/source/Hezareh_Part_02_PDF_0251-0500.md#L5116-L5116,True
conge,conge,conge,[],hz-007246,entry_candidate,raw_ocr,high,2,292,,dictionary/C/C-11.md,hz-007246-conge,sources/Hezareh_Dictionary_Index/source/Hezareh_Part_02_PDF_0251-0500.md#L5117-L5119,True
congeal,congeal,congeal,[],hz-007247,entry_candidate,raw_ocr,low,2,292,,dictionary/C/C-11.md,hz-007247-congeal,sources/Hezareh_Dictionary_Index/source/Hezareh_Part_02_PDF_0251-0500.md#L5120-L5124,True
congenial,congenial,congenial,[],hz-007248,entry_candidate,raw_ocr,high,2,292,,dictionary/C/C-11.md,hz-007248-congenial,sources/Hezareh_Dictionary_Index/source/Hezareh_Part_02_PDF_0251-0500.md#L5125-L5130,True
congenially,congenially,congenially,[],hz-007249,entry_candidate,raw_ocr,hint_only,2,292,,dictionary/C/C-11.md,hz-007249-congenially,sources/Hezareh_Dictionary_Index/source/Hezareh_Part_02_PDF_0251-0500.md#L5031-L5031,False
congenital,congenital,congenital,[],hz-007250,entry_candidate,raw_ocr,high,2,292,,dictionary/C/C-11.md,hz-007250-congenital,sources/Hezareh_Dictionary_Index/source/Hezareh_Part_02_PDF_0251-0500.md#L5131-L5134,True
Conger,conger,conger,[],hz-007251,entry_candidate,raw_ocr,high,2,292,,dictionary/C/C-11.md,hz-007251-conger,sources/Hezareh_Dictionary_Index/source/Hezareh_Part_02_PDF_0251-0500.md#L5135-L5135,True
conger eel,conger eel,conger eel,[],hz-007252,entry_candidate,raw_ocr,high,2,292,,dictionary/C/C-11.md,hz-007252-conger-eel,sources/Hezareh_Dictionary_Index/source/Hezareh_Part_02_PDF_0251-0500.md#L5136-L5136,True
congested,congested,congested,[],hz-007253,entry_candidate,raw_ocr,high,2,292,,dictionary/C/C-11.md,hz-007253-congested,sources/Hezareh_Dictionary_Index/source/Hezareh_Part_02_PDF_0251-0500.md#L5137-L5142,True
congestion,congestion,congestion,[],hz-007254,entry_candidate,raw_ocr,medium,2,293,,dictionary/C/C-11.md,hz-007254-congestion,sources/Hezareh_Dictionary_Index/source/Hezareh_Part_02_PDF_0251-0500.md#L5158-L5171,True
conglomeration,conglomeration,conglomeration,[],hz-007255,entry_candidate,raw_ocr,medium,2,293,,dictionary/C/C-11.md,hz-007255-conglomeration,sources/Hezareh_Dictionary_Index/source/Hezareh_Part_02_PDF_0251-0500.md#L5172-L5174,True
Congolese,congolese,congolese,[],hz-007256,entry_candidate,raw_ocr,medium,2,293,,dictionary/C/C-11.md,hz-007256-congolese,sources/Hezareh_Dictionary_Index/source/Hezareh_Part_02_PDF_0251-0500.md#L5175-L5176,True
congratulate,congratulate,congratulate,[],hz-007257,entry_candidate,raw_ocr,medium,2,293,,dictionary/C/C-11.md,hz-007257-congratulate,sources/Hezareh_Dictionary_Index/source/Hezareh_Part_02_PDF_0251-0500.md#L5177-L5185,True
congratulation,congratulation,congratulation,[],hz-007258,entry_candidate,raw_ocr,hint_only,2,293,,dictionary/C/C-11.md,hz-007258-congratulation,sources/Hezareh_Dictionary_Index/source/Hezareh_Part_02_PDF_0251-0500.md#L5146-L5146,False
congratulatory,congratulatory,congratulatory,[],hz-007259,entry_candidate,raw_ocr,high,2,293,,dictionary/C/C-11.md,hz-007259-congratulatory,sources/Hezareh_Dictionary_Index/source/Hezareh_Part_02_PDF_0251-0500.md#L5186-L5188,True
congregate,congregate,congregate,[],hz-007260,entry_candidate,raw_ocr,medium,2,293,,dictionary/C/C-11.md,hz-007260-congregate,sources/Hezareh_Dictionary_Index/source/Hezareh_Part_02_PDF_0251-0500.md#L5189-L5191,True
congregation,congregation,congregation,[],hz-007261,entry_candidate,raw_ocr,medium,2,293,,dictionary/C/C-11.md,hz-007261-congregation,sources/Hezareh_Dictionary_Index/source/Hezareh_Part_02_PDF_0251-0500.md#L5192-L5194,True
congregational,congregational,congregational,[],hz-007262,entry_candidate,raw_ocr,high,2,293,,dictionary/C/C-11.md,hz-007262-congregational,sources/Hezareh_Dictionary_Index/source/Hezareh_Part_02_PDF_0251-0500.md#L5195-L5201,True
congregationalism,congregationalism,congregationalism,[],hz-007263,entry_candidate,raw_ocr,high,2,293,,dictionary/C/C-11.md,hz-007263-congregationalism,sources/Hezareh_Dictionary_Index/source/Hezareh_Part_02_PDF_0251-0500.md#L5202-L5209,True
congreSS,congress,congress,[],hz-007264,entry_candidate,raw_ocr,medium,2,293,,dictionary/C/C-11.md,hz-007264-congress,sources/Hezareh_Dictionary_Index/source/Hezareh_Part_02_PDF_0251-0500.md#L5210-L5215,True
congressional,congressional,congressional,[],hz-007265,entry_candidate,raw_ocr,hint_only,2,293,,dictionary/C/C-11.md,hz-007265-congressional,sources/Hezareh_Dictionary_Index/source/Hezareh_Part_02_PDF_0251-0500.md#L5146-L5146,False
Congressman,congressman,congressman,[],hz-007266,entry_candidate,raw_ocr,high,2,293,,dictionary/C/C-11.md,hz-007266-congressman,sources/Hezareh_Dictionary_Index/source/Hezareh_Part_02_PDF_0251-0500.md#L5216-L5218,True
Congresswoman,congresswoman,congresswoman,[],hz-007267,entry_candidate,raw_ocr,high,2,293,,dictionary/C/C-11.md,hz-007267-congresswoman,sources/Hezareh_Dictionary_Index/source/Hezareh_Part_02_PDF_0251-0500.md#L5219-L5232,True
COngruent,congruent,congruent,[],hz-007268,entry_candidate,raw_ocr,hint_only,2,293,,dictionary/C/C-11.md,hz-007268-congruent,sources/Hezareh_Dictionary_Index/source/Hezareh_Part_02_PDF_0251-0500.md#L5146-L5146,False
congruity,congruity,congruity,[],hz-007269,entry_candidate,raw_ocr,hint_only,2,293,,dictionary/C/C-11.md,hz-007269-congruity,sources/Hezareh_Dictionary_Index/source/Hezareh_Part_02_PDF_0251-0500.md#L5146-L5146,False
COniC,conic,conic,[],hz-007270,entry_candidate,raw_ocr,medium,2,293,,dictionary/C/C-11.md,hz-007270-conic,sources/Hezareh_Dictionary_Index/source/Hezareh_Part_02_PDF_0251-0500.md#L5233-L5234,True
conical,conical,conical,[],hz-007271,entry_candidate,raw_ocr,medium,2,293,,dictionary/C/C-11.md,hz-007271-conical,sources/Hezareh_Dictionary_Index/source/Hezareh_Part_02_PDF_0251-0500.md#L5235-L5236,True
COnifer,conifer,conifer,[],hz-007272,entry_candidate,raw_ocr,medium,2,293,,dictionary/C/C-11.md,hz-007272-conifer,sources/Hezareh_Dictionary_Index/source/Hezareh_Part_02_PDF_0251-0500.md#L5237-L5237,True
coniferous,coniferous,coniferous,[],hz-007273,entry_candidate,raw_ocr,medium,2,293,,dictionary/C/C-11.md,hz-007273-coniferous,sources/Hezareh_Dictionary_Index/source/Hezareh_Part_02_PDF_0251-0500.md#L5238-L5239,True
conjectural,conjectural,conjectural,[],hz-007274,entry_candidate,raw_ocr,medium,2,293,,dictionary/C/C-11.md,hz-007274-conjectural,sources/Hezareh_Dictionary_Index/source/Hezareh_Part_02_PDF_0251-0500.md#L5240-L5241,True
conjecture,conjecture,conjecture,[],hz-007275,entry_candidate,raw_ocr,medium,2,293,,dictionary/C/C-11.md,hz-007275-conjecture,sources/Hezareh_Dictionary_Index/source/Hezareh_Part_02_PDF_0251-0500.md#L5242-L5248,True
conjoint,conjoint,conjoint,[],hz-007277,entry_candidate,raw_ocr,medium,2,293,,dictionary/C/C-11.md,hz-007277-conjoint,sources/Hezareh_Dictionary_Index/source/Hezareh_Part_02_PDF_0251-0500.md#L5249-L5251,True
conjointly,conjointly,conjointly,[],hz-007278,entry_candidate,raw_ocr,medium,2,293,,dictionary/C/C-11.md,hz-007278-conjointly,sources/Hezareh_Dictionary_Index/source/Hezareh_Part_02_PDF_0251-0500.md#L5252-L5255,True
COnJOln,conjoln,conjoln,[],hz-007276,entry_candidate,raw_ocr,hint_only,2,293,,dictionary/C/C-11.md,hz-007276-conjoln,sources/Hezareh_Dictionary_Index/source/Hezareh_Part_02_PDF_0251-0500.md#L5146-L5146,False
conjugal,conjugal,conjugal,[],hz-007279,entry_candidate,raw_ocr,medium,2,294,,dictionary/C/C-11.md,hz-007279-conjugal,sources/Hezareh_Dictionary_Index/source/Hezareh_Part_02_PDF_0251-0500.md#L5269-L5273,True
COnjugate,conjugate,conjugate,[],hz-007280,entry_candidate,raw_ocr,low,2,294,,dictionary/C/C-11.md,hz-007280-conjugate,sources/Hezareh_Dictionary_Index/source/Hezareh_Part_02_PDF_0251-0500.md#L5274-L5277,True
conjugated,conjugated,conjugated,[],hz-007281,entry_candidate,raw_ocr,medium,2,294,,dictionary/C/C-11.md,hz-007281-conjugated,sources/Hezareh_Dictionary_Index/source/Hezareh_Part_02_PDF_0251-0500.md#L5278-L5279,True
conjugation,conjugation,conjugation,[],hz-007282,entry_candidate,raw_ocr,medium,2,294,,dictionary/C/C-11.md,hz-007282-conjugation,sources/Hezareh_Dictionary_Index/source/Hezareh_Part_02_PDF_0251-0500.md#L5280-L5282,True
conjunction,conjunction,conjunction,[],hz-007283,entry_candidate,raw_ocr,medium,2,294,,dictionary/C/C-11.md,hz-007283-conjunction,sources/Hezareh_Dictionary_Index/source/Hezareh_Part_02_PDF_0251-0500.md#L5283-L5287,True
conjunctiva,conjunctiva,conjunctiva,[],hz-007284,entry_candidate,raw_ocr,low,2,294,,dictionary/C/C-11.md,hz-007284-conjunctiva,sources/Hezareh_Dictionary_Index/source/Hezareh_Part_02_PDF_0251-0500.md#L5288-L5292,True
conjunctivetkan'dJAQkUv,conjunctivetkan'djaqkuv,conjunctivetkan'djaqkuv,[],hz-007285,entry_candidate,raw_ocr,hint_only,2,294,,dictionary/C/C-11.md,hz-007285-conjunctivetkan-djaqkuv,sources/Hezareh_Dictionary_Index/source/Hezareh_Part_02_PDF_0251-0500.md#L5259-L5259,False
COnjunctivitiS,conjunctivitis,conjunctivitis,[],hz-007286,entry_candidate,raw_ocr,medium,2,294,,dictionary/C/C-11.md,hz-007286-conjunctivitis,sources/Hezareh_Dictionary_Index/source/Hezareh_Part_02_PDF_0251-0500.md#L5293-L5296,True
conjuration,conjuration,conjuration,[],hz-007287,entry_candidate,raw_ocr,medium,2,294,,dictionary/C/C-11.md,hz-007287-conjuration,sources/Hezareh_Dictionary_Index/source/Hezareh_Part_02_PDF_0251-0500.md#L5297-L5323,True
conjurer,conjurer,conjurer,[],hz-007288,entry_candidate,raw_ocr,high,2,294,,dictionary/C/C-11.md,hz-007288-conjurer,sources/Hezareh_Dictionary_Index/source/Hezareh_Part_02_PDF_0251-0500.md#L5324-L5325,True
conjuror,conjuror,conjuror,[],hz-007289,entry_candidate,raw_ocr,high,2,294,,dictionary/C/C-11.md,hz-007289-conjuror,sources/Hezareh_Dictionary_Index/source/Hezareh_Part_02_PDF_0251-0500.md#L5326-L5333,True
conker,conker,conker,[],hz-007290,entry_candidate,raw_ocr,high,2,294,,dictionary/C/C-11.md,hz-007290-conker,sources/Hezareh_Dictionary_Index/source/Hezareh_Part_02_PDF_0251-0500.md#L5334-L5335,True
connect sb,connect sb,connect sb,[],hz-007293,entry_candidate,raw_ocr,hint_only,2,294,,dictionary/C/C-11.md,hz-007293-connect-sb,sources/Hezareh_Dictionary_Index/source/Hezareh_Part_02_PDF_0251-0500.md#L5259-L5259,False
connect sth up to,connect sth up to,connect sth up to,[],hz-007294,entry_candidate,raw_ocr,high,2,294,,dictionary/C/C-11.md,hz-007294-connect-sth-up-to,sources/Hezareh_Dictionary_Index/source/Hezareh_Part_02_PDF_0251-0500.md#L5358-L5359,True
connecting rod,connecting rod,connecting rod,[],hz-007295,entry_candidate,raw_ocr,high,2,294,,dictionary/C/C-11.md,hz-007295-connecting-rod,sources/Hezareh_Dictionary_Index/source/Hezareh_Part_02_PDF_0251-0500.md#L5360-L5360,True
connection,connection,connection,[],hz-007296,entry_candidate,raw_ocr,high,2,294,,dictionary/C/C-11.md,hz-007296-connection,sources/Hezareh_Dictionary_Index/source/Hezareh_Part_02_PDF_0251-0500.md#L5361-L5370,True
connectiveika'nektrv,connectiveika'nektrv,connectiveika'nektrv,[],hz-007297,entry_candidate,raw_ocr,hint_only,2,295,,dictionary/C/C-11.md,hz-007297-connectiveika-nektrv,sources/Hezareh_Dictionary_Index/source/Hezareh_Part_02_PDF_0251-0500.md#L5374-L5374,False
connecttka'nekt,connecttka'nekt,connecttka'nekt,[],hz-007292,entry_candidate,raw_ocr,hint_only,2,294,,dictionary/C/C-11.md,hz-007292-connecttka-nekt,sources/Hezareh_Dictionary_Index/source/Hezareh_Part_02_PDF_0251-0500.md#L5259-L5259,False
connexion,connexion,connexion,[],hz-007298,entry_candidate,raw_ocr,high,2,295,,dictionary/C/C-11.md,hz-007298-connexion,sources/Hezareh_Dictionary_Index/source/Hezareh_Part_02_PDF_0251-0500.md#L5400-L5400,True
Conning tower,conning tower,conning tower,[],hz-007299,entry_candidate,raw_ocr,medium,2,295,,dictionary/C/C-11.md,hz-007299-conning-tower,sources/Hezareh_Dictionary_Index/source/Hezareh_Part_02_PDF_0251-0500.md#L5401-L5402,True
connivance,connivance,connivance,[],hz-007300,entry_candidate,raw_ocr,medium,2,295,,dictionary/C/C-11.md,hz-007300-connivance,sources/Hezareh_Dictionary_Index/source/Hezareh_Part_02_PDF_0251-0500.md#L5403-L5405,True
connive,connive,connive,[],hz-007301,entry_candidate,raw_ocr,medium,2,295,,dictionary/C/C-11.md,hz-007301-connive,sources/Hezareh_Dictionary_Index/source/Hezareh_Part_02_PDF_0251-0500.md#L5406-L5407,True
connive at,connive at,connive at,[],hz-007302,entry_candidate,raw_ocr,medium,2,295,,dictionary/C/C-11.md,hz-007302-connive-at,sources/Hezareh_Dictionary_Index/source/Hezareh_Part_02_PDF_0251-0500.md#L5408-L5410,True
connoisseur,connoisseur,connoisseur,[],hz-007303,entry_candidate,raw_ocr,medium,2,295,,dictionary/C/C-11.md,hz-007303-connoisseur,sources/Hezareh_Dictionary_Index/source/Hezareh_Part_02_PDF_0251-0500.md#L5411-L5412,True
connotation,connotation,connotation,[],hz-007304,entry_candidate,raw_ocr,medium,2,295,,dictionary/C/C-11.md,hz-007304-connotation,sources/Hezareh_Dictionary_Index/source/Hezareh_Part_02_PDF_0251-0500.md#L5413-L5414,True
COnnote,connote,connote,[],hz-007305,entry_candidate,raw_ocr,medium,2,295,,dictionary/C/C-11.md,hz-007305-connote,sources/Hezareh_Dictionary_Index/source/Hezareh_Part_02_PDF_0251-0500.md#L5415-L5418,True
connubial,connubial,connubial,[],hz-007306,entry_candidate,raw_ocr,medium,2,295,,dictionary/C/C-11.md,hz-007306-connubial,sources/Hezareh_Dictionary_Index/source/Hezareh_Part_02_PDF_0251-0500.md#L5419-L5420,True
conquer,conquer,conquer,[],hz-007307,entry_candidate,raw_ocr,medium,2,295,,dictionary/C/C-11.md,hz-007307-conquer,sources/Hezareh_Dictionary_Index/source/Hezareh_Part_02_PDF_0251-0500.md#L5421-L5428,True
conqueror,conqueror,conqueror,[],hz-007308,entry_candidate,raw_ocr,hint_only,2,295,,dictionary/C/C-11.md,hz-007308-conqueror,sources/Hezareh_Dictionary_Index/source/Hezareh_Part_02_PDF_0251-0500.md#L5374-L5374,False
conquest,conquest,conquest,[],hz-007309,entry_candidate,raw_ocr,medium,2,295,,dictionary/C/C-11.md,hz-007309-conquest,sources/Hezareh_Dictionary_Index/source/Hezareh_Part_02_PDF_0251-0500.md#L5429-L5438,True
conquistador,conquistador,conquistador,[],hz-007310,entry_candidate,raw_ocr,high,2,295,,dictionary/C/C-11.md,hz-007310-conquistador,sources/Hezareh_Dictionary_Index/source/Hezareh_Part_02_PDF_0251-0500.md#L5439-L5441,True
Cons,cons,cons,[],hz-007311,entry_candidate,raw_ocr,high,2,295,,dictionary/C/C-11.md,hz-007311-cons,sources/Hezareh_Dictionary_Index/source/Hezareh_Part_02_PDF_0251-0500.md#L5442-L5443,True
consanguinity,consanguinity,consanguinity,[],hz-007312,entry_candidate,raw_ocr,low,2,295,,dictionary/C/C-11.md,hz-007312-consanguinity,sources/Hezareh_Dictionary_Index/source/Hezareh_Part_02_PDF_0251-0500.md#L5444-L5461,True
conscience,conscience,conscience,[],hz-007313,entry_candidate,raw_ocr,medium,2,295,,dictionary/C/C-11.md,hz-007313-conscience,sources/Hezareh_Dictionary_Index/source/Hezareh_Part_02_PDF_0251-0500.md#L5462-L5463,True
conscience money,conscience money,conscience money,[],hz-007314,entry_candidate,raw_ocr,medium,2,295,,dictionary/C/C-11.md,hz-007314-conscience-money,sources/Hezareh_Dictionary_Index/source/Hezareh_Part_02_PDF_0251-0500.md#L5462-L5463,True
conscience-smitten,conscience-smitten,conscience-smitten,[],hz-007315,entry_candidate,raw_ocr,high,2,295,,dictionary/C/C-11.md,hz-007315-conscience-smitten,sources/Hezareh_Dictionary_Index/source/Hezareh_Part_02_PDF_0251-0500.md#L5464-L5467,True
conscientious,conscientious,conscientious,[],hz-007316,entry_candidate,raw_ocr,high,2,295,,dictionary/C/C-11.md,hz-007316-conscientious,sources/Hezareh_Dictionary_Index/source/Hezareh_Part_02_PDF_0251-0500.md#L5468-L5477,True
conscientious objector,conscientious objector,conscientious objector,[],hz-007318,entry_candidate,raw_ocr,low,2,295,,dictionary/C/C-11.md,hz-007318-conscientious-objector,sources/Hezareh_Dictionary_Index/source/Hezareh_Part_02_PDF_0251-0500.md#L5478-L5479,True
conscientiousness,conscientiousness,conscientiousness,[],hz-007317,entry_candidate,raw_ocr,hint_only,2,295,,dictionary/C/C-11.md,hz-007317-conscientiousness,sources/Hezareh_Dictionary_Index/source/Hezareh_Part_02_PDF_0251-0500.md#L5374-L5374,False
COnSCiOUS,conscious,conscious,[],hz-007319,entry_candidate,raw_ocr,medium,2,295,,dictionary/C/C-11.md,hz-007319-conscious,sources/Hezareh_Dictionary_Index/source/Hezareh_Part_02_PDF_0251-0500.md#L5480-L5482,True
consciously,consciously,consciously,[],hz-007320,entry_candidate,raw_ocr,high,2,296,,dictionary/C/C-11.md,hz-007320-consciously,sources/Hezareh_Dictionary_Index/source/Hezareh_Part_02_PDF_0251-0500.md#L5500-L5501,True
COnsciousneSS,consciousness,consciousness,[],hz-007321,entry_candidate,raw_ocr,medium,2,296,,dictionary/C/C-11.md,hz-007321-consciousness,sources/Hezareh_Dictionary_Index/source/Hezareh_Part_02_PDF_0251-0500.md#L5502-L5520,True
consciousness-raisingt'konfasms rerznj,consciousness-raisingt'konfasms rerznj,consciousness-raisingt'konfasms rerznj,[],hz-007322,entry_candidate,raw_ocr,hint_only,2,296,,dictionary/C/C-11.md,hz-007322-consciousness-raisingt-konfasms-rerznj,sources/Hezareh_Dictionary_Index/source/Hezareh_Part_02_PDF_0251-0500.md#L5486-L5486,False
conscript',conscript',conscript',[],hz-007323,entry_candidate,raw_ocr,hint_only,2,296,,dictionary/C/C-11.md,hz-007323-conscript,sources/Hezareh_Dictionary_Index/source/Hezareh_Part_02_PDF_0251-0500.md#L5486-L5486,False
conscriptiontkan'slmpfn,conscriptiontkan'slmpfn,conscriptiontkan'slmpfn,[],hz-007324,entry_candidate,raw_ocr,hint_only,2,296,,dictionary/C/C-11.md,hz-007324-conscriptiontkan-slmpfn,sources/Hezareh_Dictionary_Index/source/Hezareh_Part_02_PDF_0251-0500.md#L5486-L5486,False
consecratet'konsrkrert,consecratet'konsrkrert,consecratet'konsrkrert,[],hz-007325,entry_candidate,raw_ocr,hint_only,2,296,,dictionary/C/C-11.md,hz-007325-consecratet-konsrkrert,sources/Hezareh_Dictionary_Index/source/Hezareh_Part_02_PDF_0251-0500.md#L5486-L5486,False
consecration,consecration,consecration,[],hz-007326,entry_candidate,raw_ocr,medium,2,296,,dictionary/C/C-11.md,hz-007326-consecration,sources/Hezareh_Dictionary_Index/source/Hezareh_Part_02_PDF_0251-0500.md#L5521-L5523,True
consecutive,consecutive,consecutive,[],hz-007327,entry_candidate,raw_ocr,medium,2,296,,dictionary/C/C-11.md,hz-007327-consecutive,sources/Hezareh_Dictionary_Index/source/Hezareh_Part_02_PDF_0251-0500.md#L5524-L5525,True
consecutively,consecutively,consecutively,[],hz-007328,entry_candidate,raw_ocr,medium,2,296,,dictionary/C/C-11.md,hz-007328-consecutively,sources/Hezareh_Dictionary_Index/source/Hezareh_Part_02_PDF_0251-0500.md#L5526-L5528,True
consensus,consensus,consensus,[],hz-007329,entry_candidate,raw_ocr,high,2,296,,dictionary/C/C-11.md,hz-007329-consensus,sources/Hezareh_Dictionary_Index/source/Hezareh_Part_02_PDF_0251-0500.md#L5529-L5531,True
consent,consent,consent,[],hz-007330,entry_candidate,raw_ocr,medium,2,296,,dictionary/C/C-11.md,hz-007330-consent,sources/Hezareh_Dictionary_Index/source/Hezareh_Part_02_PDF_0251-0500.md#L5532-L5547,True
COnsequence,consequence,consequence,[],hz-007331,entry_candidate,raw_ocr,medium,2,296,,dictionary/C/C-11.md,hz-007331-consequence,sources/Hezareh_Dictionary_Index/source/Hezareh_Part_02_PDF_0251-0500.md#L5548-L5553,True
Consequent,consequent,consequent,[],hz-007333,entry_candidate,raw_ocr,medium,2,296,,dictionary/C/C-11.md,hz-007333-consequent,sources/Hezareh_Dictionary_Index/source/Hezareh_Part_02_PDF_0251-0500.md#L5560-L5568,True
consequent on,consequent on,consequent on,[],hz-007334,entry_candidate,raw_ocr,hint_only,2,296,,dictionary/C/C-11.md,hz-007334-consequent-on,sources/Hezareh_Dictionary_Index/source/Hezareh_Part_02_PDF_0251-0500.md#L5486-L5486,False
consequential,consequential,consequential,[],hz-007335,entry_candidate,raw_ocr,high,2,296,,dictionary/C/C-11.md,hz-007335-consequential,sources/Hezareh_Dictionary_Index/source/Hezareh_Part_02_PDF_0251-0500.md#L5569-L5579,True
consequently,consequently,consequently,[],hz-007336,entry_candidate,raw_ocr,medium,2,296,,dictionary/C/C-11.md,hz-007336-consequently,sources/Hezareh_Dictionary_Index/source/Hezareh_Part_02_PDF_0251-0500.md#L5580-L5589,True
conservancy,conservancy,conservancy,[],hz-007337,entry_candidate,raw_ocr,high,2,296,,dictionary/C/C-11.md,hz-007337-conservancy,sources/Hezareh_Dictionary_Index/source/Hezareh_Part_02_PDF_0251-0500.md#L5590-L5591,True
ConservatiOn,conservation,conservation,[],hz-007338,entry_candidate,raw_ocr,high,2,296,,dictionary/C/C-11.md,hz-007338-conservation,sources/Hezareh_Dictionary_Index/source/Hezareh_Part_02_PDF_0251-0500.md#L5592-L5596,True
conservation area,conservation area,conservation area,[],hz-007339,entry_candidate,raw_ocr,high,2,296,,dictionary/C/C-11.md,hz-007339-conservation-area,sources/Hezareh_Dictionary_Index/source/Hezareh_Part_02_PDF_0251-0500.md#L5597-L5598,True
conservationist,conservationist,conservationist,[],hz-007340,entry_candidate,raw_ocr,low,2,296,,dictionary/C/C-11.md,hz-007340-conservationist,sources/Hezareh_Dictionary_Index/source/Hezareh_Part_02_PDF_0251-0500.md#L5599-L5605,True
conServative,conservative,conservative,[],hz-007341,entry_candidate,raw_ocr,high,2,296,,dictionary/C/C-11.md,hz-007341-conservative,sources/Hezareh_Dictionary_Index/source/Hezareh_Part_02_PDF_0251-0500.md#L5606-L5612,True
Conservative,conservative,conservative,[],hz-007342,entry_candidate,raw_ocr,high,2,297,,dictionary/C/C-11.md,hz-007342-conservative,sources/Hezareh_Dictionary_Index/source/Hezareh_Part_02_PDF_0251-0500.md#L5634-L5638,True
Conservative Party,conservative party,conservative party,[],hz-007344,entry_candidate,raw_ocr,high,2,297,,dictionary/C/C-11.md,hz-007344-conservative-party,sources/Hezareh_Dictionary_Index/source/Hezareh_Part_02_PDF_0251-0500.md#L5642-L5643,True
conservatively,conservatively,conservatively,[],hz-007343,entry_candidate,raw_ocr,medium,2,297,,dictionary/C/C-11.md,hz-007343-conservatively,sources/Hezareh_Dictionary_Index/source/Hezareh_Part_02_PDF_0251-0500.md#L5639-L5641,True
COnservatoire,conservatoire,conservatoire,[],hz-007345,entry_candidate,raw_ocr,medium,2,297,,dictionary/C/C-11.md,hz-007345-conservatoire,sources/Hezareh_Dictionary_Index/source/Hezareh_Part_02_PDF_0251-0500.md#L5644-L5645,True
conservatory,conservatory,conservatory,[],hz-007346,entry_candidate,raw_ocr,high,2,297,,dictionary/C/C-11.md,hz-007346-conservatory,sources/Hezareh_Dictionary_Index/source/Hezareh_Part_02_PDF_0251-0500.md#L5646-L5650,True
conserve,conserve,conserve,[],hz-007347,entry_candidate,raw_ocr,medium,2,297,,dictionary/C/C-11.md,hz-007347-conserve,sources/Hezareh_Dictionary_Index/source/Hezareh_Part_02_PDF_0251-0500.md#L5651-L5651,True
consider,consider,consider,[],hz-007348,entry_candidate,raw_ocr,medium,2,297,,dictionary/C/C-11.md,hz-007348-consider,sources/Hezareh_Dictionary_Index/source/Hezareh_Part_02_PDF_0251-0500.md#L5652-L5667,True
considerable,considerable,considerable,[],hz-007352,entry_candidate,raw_ocr,medium,2,297,,dictionary/C/C-11.md,hz-007352-considerable,sources/Hezareh_Dictionary_Index/source/Hezareh_Part_02_PDF_0251-0500.md#L5668-L5676,True
considerate,considerate,considerate,[],hz-007349,entry_candidate,raw_ocr,medium,2,297,,dictionary/C/C-11.md,hz-007349-considerate,sources/Hezareh_Dictionary_Index/source/Hezareh_Part_02_PDF_0251-0500.md#L5677-L5682,True
considerateneSS,considerateness,considerateness,[],hz-007350,entry_candidate,raw_ocr,medium,2,297,,dictionary/C/C-11.md,hz-007350-considerateness,sources/Hezareh_Dictionary_Index/source/Hezareh_Part_02_PDF_0251-0500.md#L5683-L5684,True
consideration,consideration,consideration,[],hz-007351,entry_candidate,raw_ocr,medium,2,297,,dictionary/C/C-11.md,hz-007351-consideration,sources/Hezareh_Dictionary_Index/source/Hezareh_Part_02_PDF_0251-0500.md#L5685-L5711,True
considering,considering,considering,[],hz-007353,entry_candidate,raw_ocr,medium,2,297,,dictionary/C/C-11.md,hz-007353-considering,sources/Hezareh_Dictionary_Index/source/Hezareh_Part_02_PDF_0251-0500.md#L5712-L5720,True
consign,consign,consign,[],hz-007354,entry_candidate,raw_ocr,hint_only,2,297,,dictionary/C/C-11.md,hz-007354-consign,sources/Hezareh_Dictionary_Index/source/Hezareh_Part_02_PDF_0251-0500.md#L5616-L5616,False
consignee,consignee,consignee,[],hz-007355,entry_candidate,raw_ocr,medium,2,297,,dictionary/C/C-11.md,hz-007355-consignee,sources/Hezareh_Dictionary_Index/source/Hezareh_Part_02_PDF_0251-0500.md#L5721-L5722,True
consigner,consigner,consigner,[],hz-007356,entry_candidate,raw_ocr,high,2,297,,dictionary/C/C-11.md,hz-007356-consigner,sources/Hezareh_Dictionary_Index/source/Hezareh_Part_02_PDF_0251-0500.md#L5723-L5724,True
consignment,consignment,consignment,[],hz-007357,entry_candidate,raw_ocr,high,2,298,,dictionary/C/C-11.md,hz-007357-consignment,sources/Hezareh_Dictionary_Index/source/Hezareh_Part_02_PDF_0251-0500.md#L5738-L5742,True
consignor,consignor,consignor,[],hz-007358,entry_candidate,raw_ocr,high,2,298,,dictionary/C/C-11.md,hz-007358-consignor,sources/Hezareh_Dictionary_Index/source/Hezareh_Part_02_PDF_0251-0500.md#L5743-L5744,True
consist,consist,consist,[],hz-007359,entry_candidate,raw_ocr,high,2,298,,dictionary/C/C-11.md,hz-007359-consist,sources/Hezareh_Dictionary_Index/source/Hezareh_Part_02_PDF_0251-0500.md#L5745-L5791,True
consistence,consistence,consistence,[],hz-007360,entry_candidate,raw_ocr,medium,2,298,,dictionary/C/C-11.md,hz-007360-consistence,sources/Hezareh_Dictionary_Index/source/Hezareh_Part_02_PDF_0251-0500.md#L5792-L5792,True
consistency,consistency,consistency,[],hz-007361,entry_candidate,raw_ocr,high,2,298,,dictionary/C/C-11.md,hz-007361-consistency,sources/Hezareh_Dictionary_Index/source/Hezareh_Part_02_PDF_0251-0500.md#L5793-L5796,True
consistent,consistent,consistent,[],hz-007362,entry_candidate,raw_ocr,medium,2,298,,dictionary/C/C-11.md,hz-007362-consistent,sources/Hezareh_Dictionary_Index/source/Hezareh_Part_02_PDF_0251-0500.md#L5797-L5801,True
consistently,consistently,consistently,[],hz-007363,entry_candidate,raw_ocr,high,2,298,,dictionary/C/C-11.md,hz-007363-consistently,sources/Hezareh_Dictionary_Index/source/Hezareh_Part_02_PDF_0251-0500.md#L5802-L5804,True
consistory,consistory,consistory,[],hz-007364,entry_candidate,raw_ocr,high,2,298,,dictionary/C/C-11.md,hz-007364-consistory,sources/Hezareh_Dictionary_Index/source/Hezareh_Part_02_PDF_0251-0500.md#L5805-L5807,True
consolation,consolation,consolation,[],hz-007365,entry_candidate,raw_ocr,high,2,298,,dictionary/C/C-11.md,hz-007365-consolation,sources/Hezareh_Dictionary_Index/source/Hezareh_Part_02_PDF_0251-0500.md#L5808-L5809,True
consolation prize,consolation prize,consolation prize,[],hz-007366,entry_candidate,raw_ocr,high,2,298,,dictionary/C/C-11.md,hz-007366-consolation-prize,sources/Hezareh_Dictionary_Index/source/Hezareh_Part_02_PDF_0251-0500.md#L5810-L5811,True
consolatory,consolatory,consolatory,[],hz-007367,entry_candidate,raw_ocr,high,2,298,,dictionary/C/C-11.md,hz-007367-consolatory,sources/Hezareh_Dictionary_Index/source/Hezareh_Part_02_PDF_0251-0500.md#L5812-L5819,True
console table,console table,console table,[],hz-007368,entry_candidate,raw_ocr,high,2,298,,dictionary/C/C-11.md,hz-007368-console-table,sources/Hezareh_Dictionary_Index/source/Hezareh_Part_02_PDF_0251-0500.md#L5820-L5828,True
consolidated annuities,consolidated annuities,consolidated annuities,[],hz-007369,entry_candidate,raw_ocr,high,2,298,,dictionary/C/C-11.md,hz-007369-consolidated-annuities,sources/Hezareh_Dictionary_Index/source/Hezareh_Part_02_PDF_0251-0500.md#L5829-L5831,True
Consolidated Fund,consolidated fund,consolidated fund,[],hz-007370,entry_candidate,raw_ocr,high,2,298,,dictionary/C/C-11.md,hz-007370-consolidated-fund,sources/Hezareh_Dictionary_Index/source/Hezareh_Part_02_PDF_0251-0500.md#L5832-L5833,True
consolidation,consolidation,consolidation,[],hz-007371,entry_candidate,raw_ocr,high,2,298,,dictionary/C/C-11.md,hz-007371-consolidation,sources/Hezareh_Dictionary_Index/source/Hezareh_Part_02_PDF_0251-0500.md#L5834-L5840,True
consols,consols,consols,[],hz-007375,entry_candidate,raw_ocr,high,2,299,,dictionary/C/C-11.md,hz-007375-consols,sources/Hezareh_Dictionary_Index/source/Hezareh_Part_02_PDF_0251-0500.md#L5853-L5857,True
consonance,consonance,consonance,[],hz-007373,entry_candidate,raw_ocr,medium,2,299,,dictionary/C/C-11.md,hz-007373-consonance,sources/Hezareh_Dictionary_Index/source/Hezareh_Part_02_PDF_0251-0500.md#L5858-L5865,True
consonantal,consonantal,consonantal,[],hz-007374,entry_candidate,raw_ocr,medium,2,299,,dictionary/C/C-11.md,hz-007374-consonantal,sources/Hezareh_Dictionary_Index/source/Hezareh_Part_02_PDF_0251-0500.md#L5866-L5872,True
consornme,consornme,consornme,[],hz-007372,entry_candidate,raw_ocr,hint_only,2,299,,dictionary/C/C-11.md,hz-007372-consornme,sources/Hezareh_Dictionary_Index/source/Hezareh_Part_02_PDF_0251-0500.md#L5844-L5844,False
COnSOrt,consort,consort,[],hz-007376,entry_candidate,raw_ocr,medium,2,299,,dictionary/C/C-11.md,hz-007376-consort,sources/Hezareh_Dictionary_Index/source/Hezareh_Part_02_PDF_0251-0500.md#L5873-L5877,True
consort,consort,consort,[],hz-007377,entry_candidate,raw_ocr,medium,2,299,,dictionary/C/C-11.md,hz-007377-consort,sources/Hezareh_Dictionary_Index/source/Hezareh_Part_02_PDF_0251-0500.md#L5873-L5877,True
consortia,consortia,consortia,[],hz-007378,entry_candidate,raw_ocr,high,2,299,,dictionary/C/C-11.md,hz-007378-consortia,sources/Hezareh_Dictionary_Index/source/Hezareh_Part_02_PDF_0251-0500.md#L5878-L5878,True
consortium,consortium,consortium,[],hz-007379,entry_candidate,raw_ocr,high,2,299,,dictionary/C/C-11.md,hz-007379-consortium,sources/Hezareh_Dictionary_Index/source/Hezareh_Part_02_PDF_0251-0500.md#L5879-L5881,True
conspectuS,conspectus,conspectus,[],hz-007380,entry_candidate,raw_ocr,high,2,299,,dictionary/C/C-11.md,hz-007380-conspectus,sources/Hezareh_Dictionary_Index/source/Hezareh_Part_02_PDF_0251-0500.md#L5882-L5893,True
conspicuous,conspicuous,conspicuous,[],hz-007381,entry_candidate,raw_ocr,high,2,299,,dictionary/C/C-11.md,hz-007381-conspicuous,sources/Hezareh_Dictionary_Index/source/Hezareh_Part_02_PDF_0251-0500.md#L5894-L5895,True
conspicuous consumption,conspicuous consumption,conspicuous consumption,[],hz-007382,entry_candidate,raw_ocr,high,2,299,,dictionary/C/C-11.md,hz-007382-conspicuous-consumption,sources/Hezareh_Dictionary_Index/source/Hezareh_Part_02_PDF_0251-0500.md#L5894-L5895,True
conspicuously,conspicuously,conspicuously,[],hz-007384,entry_candidate,raw_ocr,medium,2,299,,dictionary/C/C-11.md,hz-007384-conspicuously,sources/Hezareh_Dictionary_Index/source/Hezareh_Part_02_PDF_0251-0500.md#L5896-L5904,True
conspicuousneSS,conspicuousness,conspicuousness,[],hz-007385,entry_candidate,raw_ocr,medium,2,299,,dictionary/C/C-11.md,hz-007385-conspicuousness,sources/Hezareh_Dictionary_Index/source/Hezareh_Part_02_PDF_0251-0500.md#L5905-L5906,True
conspiracy,conspiracy,conspiracy,[],hz-007386,entry_candidate,raw_ocr,medium,2,299,,dictionary/C/C-11.md,hz-007386-conspiracy,sources/Hezareh_Dictionary_Index/source/Hezareh_Part_02_PDF_0251-0500.md#L5907-L5909,True
conspirator,conspirator,conspirator,[],hz-007387,entry_candidate,raw_ocr,medium,2,299,,dictionary/C/C-11.md,hz-007387-conspirator,sources/Hezareh_Dictionary_Index/source/Hezareh_Part_02_PDF_0251-0500.md#L5910-L5912,True
conspiratorial,conspiratorial,conspiratorial,[],hz-007388,entry_candidate,raw_ocr,high,2,299,,dictionary/C/C-11.md,hz-007388-conspiratorial,sources/Hezareh_Dictionary_Index/source/Hezareh_Part_02_PDF_0251-0500.md#L5913-L5914,True
conspire,conspire,conspire,[],hz-007389,entry_candidate,raw_ocr,medium,2,299,,dictionary/C/C-11.md,hz-007389-conspire,sources/Hezareh_Dictionary_Index/source/Hezareh_Part_02_PDF_0251-0500.md#L5915-L5919,True
constable,constable,constable,[],hz-007390,entry_candidate,raw_ocr,high,2,299,,dictionary/C/C-11.md,hz-007390-constable,sources/Hezareh_Dictionary_Index/source/Hezareh_Part_02_PDF_0251-0500.md#L5920-L5924,True
constabulary,constabulary,constabulary,[],hz-007391,entry_candidate,raw_ocr,high,2,299,,dictionary/C/C-11.md,hz-007391-constabulary,sources/Hezareh_Dictionary_Index/source/Hezareh_Part_02_PDF_0251-0500.md#L5925-L5926,True
constancy,constancy,constancy,[],hz-007392,entry_candidate,raw_ocr,medium,2,299,,dictionary/C/C-11.md,hz-007392-constancy,sources/Hezareh_Dictionary_Index/source/Hezareh_Part_02_PDF_0251-0500.md#L5927-L5929,True
constant,constant,constant,[],hz-007393,entry_candidate,raw_ocr,medium,2,299,,dictionary/C/C-11.md,hz-007393-constant,sources/Hezareh_Dictionary_Index/source/Hezareh_Part_02_PDF_0251-0500.md#L5930-L5936,True
Constantinople,constantinople,constantinople,[],hz-007394,entry_candidate,raw_ocr,medium,2,299,,dictionary/C/C-11.md,hz-007394-constantinople,sources/Hezareh_Dictionary_Index/source/Hezareh_Part_02_PDF_0251-0500.md#L5937-L5941,True
constantlyi'konstantlr,constantlyi'konstantlr,constantlyi'konstantlr,[],hz-007395,entry_candidate,raw_ocr,hint_only,2,299,,dictionary/C/C-11.md,hz-007395-constantlyi-konstantlr,sources/Hezareh_Dictionary_Index/source/Hezareh_Part_02_PDF_0251-0500.md#L5844-L5844,False
constellation,constellation,constellation,[],hz-007396,entry_candidate,raw_ocr,medium,2,299,,dictionary/C/C-11.md,hz-007396-constellation,sources/Hezareh_Dictionary_Index/source/Hezareh_Part_02_PDF_0251-0500.md#L5942-L5943,True
consternation,consternation,consternation,[],hz-007397,entry_candidate,raw_ocr,high,2,299,,dictionary/C/C-11.md,hz-007397-consternation,sources/Hezareh_Dictionary_Index/source/Hezareh_Part_02_PDF_0251-0500.md#L5944-L5946,True
COnstipate,constipate,constipate,[],hz-007398,entry_candidate,raw_ocr,medium,2,299,,dictionary/C/C-11.md,hz-007398-constipate,sources/Hezareh_Dictionary_Index/source/Hezareh_Part_02_PDF_0251-0500.md#L5947-L5948,True
constipated,constipated,constipated,[],hz-007399,entry_candidate,raw_ocr,medium,2,299,,dictionary/C/C-11.md,hz-007399-constipated,sources/Hezareh_Dictionary_Index/source/Hezareh_Part_02_PDF_0251-0500.md#L5949-L5949,True
constipation,constipation,constipation,[],hz-007400,entry_candidate,raw_ocr,medium,2,299,,dictionary/C/C-11.md,hz-007400-constipation,sources/Hezareh_Dictionary_Index/source/Hezareh_Part_02_PDF_0251-0500.md#L5950-L5950,True
constituency,constituency,constituency,[],hz-007401,entry_candidate,raw_ocr,high,2,299,,dictionary/C/C-11.md,hz-007401-constituency,sources/Hezareh_Dictionary_Index/source/Hezareh_Part_02_PDF_0251-0500.md#L5951-L5952,True
constituent,constituent,constituent,[],hz-007402,entry_candidate,raw_ocr,high,2,300,,dictionary/C/C-11.md,hz-007402-constituent,sources/Hezareh_Dictionary_Index/source/Hezareh_Part_02_PDF_0251-0500.md#L5974-L5975,True
constituent assembly,constituent assembly,constituent assembly,[],hz-007403,entry_candidate,raw_ocr,high,2,300,,dictionary/C/C-11.md,hz-007403-constituent-assembly,sources/Hezareh_Dictionary_Index/source/Hezareh_Part_02_PDF_0251-0500.md#L5974-L5975,True
constitute,constitute,constitute,[],hz-007404,entry_candidate,raw_ocr,medium,2,300,,dictionary/C/C-11.md,hz-007404-constitute,sources/Hezareh_Dictionary_Index/source/Hezareh_Part_02_PDF_0251-0500.md#L5976-L5980,True
Constitution,constitution,constitution,[],hz-007405,entry_candidate,raw_ocr,high,2,300,,dictionary/C/C-11.md,hz-007405-constitution,sources/Hezareh_Dictionary_Index/source/Hezareh_Part_02_PDF_0251-0500.md#L5981-L5989,True
constitutional,constitutional,constitutional,[],hz-007406,entry_candidate,raw_ocr,high,2,300,,dictionary/C/C-11.md,hz-007406-constitutional,sources/Hezareh_Dictionary_Index/source/Hezareh_Part_02_PDF_0251-0500.md#L5990-L6002,True
constitutionalist,constitutionalist,constitutionalist,[],hz-007408,entry_candidate,raw_ocr,high,2,300,,dictionary/C/C-11.md,hz-007408-constitutionalist,sources/Hezareh_Dictionary_Index/source/Hezareh_Part_02_PDF_0251-0500.md#L6003-L6004,True
constitutionalize,constitutionalize,constitutionalize,[],hz-007409,entry_candidate,raw_ocr,high,2,300,,dictionary/C/C-11.md,hz-007409-constitutionalize,sources/Hezareh_Dictionary_Index/source/Hezareh_Part_02_PDF_0251-0500.md#L6005-L6006,True
constitutionally,constitutionally,constitutionally,[],hz-007410,entry_candidate,raw_ocr,high,2,300,,dictionary/C/C-11.md,hz-007410-constitutionally,sources/Hezareh_Dictionary_Index/source/Hezareh_Part_02_PDF_0251-0500.md#L6007-L6026,True
constitutlcnallsm,constitutlcnallsm,constitutlcnallsm,[],hz-007407,entry_candidate,raw_ocr,hint_only,2,300,,dictionary/C/C-11.md,hz-007407-constitutlcnallsm,sources/Hezareh_Dictionary_Index/source/Hezareh_Part_02_PDF_0251-0500.md#L5956-L5956,False
constrain,constrain,constrain,[],hz-007411,entry_candidate,raw_ocr,high,2,300,,dictionary/C/C-11.md,hz-007411-constrain,sources/Hezareh_Dictionary_Index/source/Hezareh_Part_02_PDF_0251-0500.md#L6027-L6036,True
constrained,constrained,constrained,[],hz-007412,entry_candidate,raw_ocr,high,2,300,,dictionary/C/C-11.md,hz-007412-constrained,sources/Hezareh_Dictionary_Index/source/Hezareh_Part_02_PDF_0251-0500.md#L6037-L6042,True
constrainedly,constrainedly,constrainedly,[],hz-007413,entry_candidate,raw_ocr,high,2,300,,dictionary/C/C-11.md,hz-007413-constrainedly,sources/Hezareh_Dictionary_Index/source/Hezareh_Part_02_PDF_0251-0500.md#L6043-L6046,True
constraint,constraint,constraint,[],hz-007414,entry_candidate,raw_ocr,low,2,300,,dictionary/C/C-11.md,hz-007414-constraint,sources/Hezareh_Dictionary_Index/source/Hezareh_Part_02_PDF_0251-0500.md#L6047-L6058,True
COnStriCt,constrict,constrict,[],hz-007415,entry_candidate,raw_ocr,medium,2,300,,dictionary/C/C-11.md,hz-007415-constrict,sources/Hezareh_Dictionary_Index/source/Hezareh_Part_02_PDF_0251-0500.md#L6059-L6064,True
constricted,constricted,constricted,[],hz-007416,entry_candidate,raw_ocr,low,2,300,,dictionary/C/C-11.md,hz-007416-constricted,sources/Hezareh_Dictionary_Index/source/Hezareh_Part_02_PDF_0251-0500.md#L6065-L6070,True
constriction,constriction,constriction,[],hz-007417,entry_candidate,raw_ocr,high,2,300,,dictionary/C/C-11.md,hz-007417-constriction,sources/Hezareh_Dictionary_Index/source/Hezareh_Part_02_PDF_0251-0500.md#L6071-L6084,True
construct,construct,construct,[],hz-007418,entry_candidate,raw_ocr,hint_only,2,300,,dictionary/C/C-11.md,hz-007418-construct,sources/Hezareh_Dictionary_Index/source/Hezareh_Part_02_PDF_0251-0500.md#L5956-L5956,False
construction,construction,construction,[],hz-007419,entry_candidate,raw_ocr,high,2,300,,dictionary/C/C-11.md,hz-007419-construction,sources/Hezareh_Dictionary_Index/source/Hezareh_Part_02_PDF_0251-0500.md#L6085-L6102,True
constructional,constructional,constructional,[],hz-007420,entry_candidate,raw_ocr,high,2,300,,dictionary/C/C-11.md,hz-007420-constructional,sources/Hezareh_Dictionary_Index/source/Hezareh_Part_02_PDF_0251-0500.md#L6103-L6113,True
constructive,constructive,constructive,[],hz-007421,entry_candidate,raw_ocr,high,2,301,,dictionary/C/C-11.md,hz-007421-constructive,sources/Hezareh_Dictionary_Index/source/Hezareh_Part_02_PDF_0251-0500.md#L6126-L6132,True
constructively,constructively,constructively,[],hz-007422,entry_candidate,raw_ocr,hint_only,2,301,,dictionary/C/C-11.md,hz-007422-constructively,sources/Hezareh_Dictionary_Index/source/Hezareh_Part_02_PDF_0251-0500.md#L6117-L6117,False
constructor,constructor,constructor,[],hz-007423,entry_candidate,raw_ocr,medium,2,301,,dictionary/C/C-11.md,hz-007423-constructor,sources/Hezareh_Dictionary_Index/source/Hezareh_Part_02_PDF_0251-0500.md#L6133-L6135,True
construe,construe,construe,[],hz-007424,entry_candidate,raw_ocr,medium,2,301,,dictionary/C/C-11.md,hz-007424-construe,sources/Hezareh_Dictionary_Index/source/Hezareh_Part_02_PDF_0251-0500.md#L6136-L6146,True
consul,consul,consul,[],hz-007425,entry_candidate,raw_ocr,medium,2,301,,dictionary/C/C-11.md,hz-007425-consul,sources/Hezareh_Dictionary_Index/source/Hezareh_Part_02_PDF_0251-0500.md#L6147-L6148,True
consular,consular,consular,[],hz-007426,entry_candidate,raw_ocr,hint_only,2,301,,dictionary/C/C-11.md,hz-007426-consular,sources/Hezareh_Dictionary_Index/source/Hezareh_Part_02_PDF_0251-0500.md#L6117-L6117,False
consulate,consulate,consulate,[],hz-007427,entry_candidate,raw_ocr,medium,2,301,,dictionary/C/C-11.md,hz-007427-consulate,sources/Hezareh_Dictionary_Index/source/Hezareh_Part_02_PDF_0251-0500.md#L6149-L6152,True
consult,consult,consult,[],hz-007428,entry_candidate,raw_ocr,medium,2,301,,dictionary/C/C-11.md,hz-007428-consult,sources/Hezareh_Dictionary_Index/source/Hezareh_Part_02_PDF_0251-0500.md#L6153-L6161,True
consultant,consultant,consultant,[],hz-007429,entry_candidate,raw_ocr,medium,2,301,,dictionary/C/C-11.md,hz-007429-consultant,sources/Hezareh_Dictionary_Index/source/Hezareh_Part_02_PDF_0251-0500.md#L6162-L6164,True
ConsultatiOn,consultation,consultation,[],hz-007430,entry_candidate,raw_ocr,medium,2,301,,dictionary/C/C-11.md,hz-007430-consultation,sources/Hezareh_Dictionary_Index/source/Hezareh_Part_02_PDF_0251-0500.md#L6165-L6167,True
consultative,consultative,consultative,[],hz-007431,entry_candidate,raw_ocr,medium,2,301,,dictionary/C/C-11.md,hz-007431-consultative,sources/Hezareh_Dictionary_Index/source/Hezareh_Part_02_PDF_0251-0500.md#L6168-L6169,True
COnsume,consume,consume,[],hz-007432,entry_candidate,raw_ocr,medium,2,301,,dictionary/C/C-11.md,hz-007432-consume,sources/Hezareh_Dictionary_Index/source/Hezareh_Part_02_PDF_0251-0500.md#L6170-L6192,True
consumer,consumer,consumer,[],hz-007433,entry_candidate,raw_ocr,high,2,301,,dictionary/C/C-11.md,hz-007433-consumer,sources/Hezareh_Dictionary_Index/source/Hezareh_Part_02_PDF_0251-0500.md#L6201-L6204,True
consumer credit,consumer credit,consumer credit,[],hz-007434,entry_candidate,raw_ocr,high,2,301,,dictionary/C/C-11.md,hz-007434-consumer-credit,sources/Hezareh_Dictionary_Index/source/Hezareh_Part_02_PDF_0251-0500.md#L6193-L6196,True
consumer durables,consumer durables,consumer durables,[],hz-007435,entry_candidate,raw_ocr,medium,2,301,,dictionary/C/C-11.md,hz-007435-consumer-durables,sources/Hezareh_Dictionary_Index/source/Hezareh_Part_02_PDF_0251-0500.md#L6197-L6200,True
consumer economics,consumer economics,consumer economics,[],hz-007436,entry_candidate,raw_ocr,high,2,301,,dictionary/C/C-11.md,hz-007436-consumer-economics,sources/Hezareh_Dictionary_Index/source/Hezareh_Part_02_PDF_0251-0500.md#L6201-L6204,True
consumer goods,consumer goods,consumer goods,[],hz-007437,entry_candidate,raw_ocr,high,2,301,,dictionary/C/C-11.md,hz-007437-consumer-goods,sources/Hezareh_Dictionary_Index/source/Hezareh_Part_02_PDF_0251-0500.md#L6205-L6208,True
consumer protection,consumer protection,consumer protection,[],hz-007440,entry_candidate,raw_ocr,high,2,301,,dictionary/C/C-11.md,hz-007440-consumer-protection,sources/Hezareh_Dictionary_Index/source/Hezareh_Part_02_PDF_0251-0500.md#L6219-L6222,True
consumer research,consumer research,consumer research,[],hz-007441,entry_candidate,raw_ocr,high,2,301,,dictionary/C/C-11.md,hz-007441-consumer-research,sources/Hezareh_Dictionary_Index/source/Hezareh_Part_02_PDF_0251-0500.md#L6223-L6226,True
consumer resistance,consumer resistance,consumer resistance,[],hz-007442,entry_candidate,raw_ocr,high,2,301,,dictionary/C/C-11.md,hz-007442-consumer-resistance,sources/Hezareh_Dictionary_Index/source/Hezareh_Part_02_PDF_0251-0500.md#L6227-L6230,True
consumer sales resistance,consumer sales resistance,consumer sales resistance,[],hz-007443,entry_candidate,raw_ocr,high,2,301,,dictionary/C/C-11.md,hz-007443-consumer-sales-resistance,sources/Hezareh_Dictionary_Index/source/Hezareh_Part_02_PDF_0251-0500.md#L6231-L6234,True
consumer society,consumer society,consumer society,[],hz-007444,entry_candidate,raw_ocr,high,2,301,,dictionary/C/C-11.md,hz-007444-consumer-society,sources/Hezareh_Dictionary_Index/source/Hezareh_Part_02_PDF_0251-0500.md#L6235-L6240,True
consumerism,consumerism,consumerism,[],hz-007438,entry_candidate,raw_ocr,medium,2,301,,dictionary/C/C-11.md,hz-007438-consumerism,sources/Hezareh_Dictionary_Index/source/Hezareh_Part_02_PDF_0251-0500.md#L6209-L6214,True
consumerist,consumerist,consumerist,[],hz-007439,entry_candidate,raw_ocr,medium,2,301,,dictionary/C/C-11.md,hz-007439-consumerist,sources/Hezareh_Dictionary_Index/source/Hezareh_Part_02_PDF_0251-0500.md#L6215-L6218,True
consuming,consuming,consuming,[],hz-007445,entry_candidate,raw_ocr,high,2,301,,dictionary/C/C-11.md,hz-007445-consuming,sources/Hezareh_Dictionary_Index/source/Hezareh_Part_02_PDF_0251-0500.md#L6241-L6266,True
consummation,consummation,consummation,[],hz-007446,entry_candidate,raw_ocr,hint_only,2,301,,dictionary/C/C-11.md,hz-007446-consummation,sources/Hezareh_Dictionary_Index/source/Hezareh_Part_02_PDF_0251-0500.md#L6117-L6117,False
COnsumptiOn,consumption,consumption,[],hz-007447,entry_candidate,raw_ocr,high,2,301,,dictionary/C/C-11.md,hz-007447-consumption,sources/Hezareh_Dictionary_Index/source/Hezareh_Part_02_PDF_0251-0500.md#L6267-L6271,True
consumptive,consumptive,consumptive,[],hz-007448,entry_candidate,raw_ocr,medium,2,302,,dictionary/C/C-11.md,hz-007448-consumptive,sources/Hezareh_Dictionary_Index/source/Hezareh_Part_02_PDF_0251-0500.md#L6285-L6297,True
contact,contact,contact,[],hz-007449,entry_candidate,raw_ocr,high,2,302,,dictionary/C/C-11.md,hz-007449-contact,sources/Hezareh_Dictionary_Index/source/Hezareh_Part_02_PDF_0251-0500.md#L6298-L6333,True
contact breaker,contact breaker,contact breaker,[],hz-007450,entry_candidate,raw_ocr,high,2,302,,dictionary/C/C-11.md,hz-007450-contact-breaker,sources/Hezareh_Dictionary_Index/source/Hezareh_Part_02_PDF_0251-0500.md#L6334-L6337,True
contact lens,contact lens,contact lens,[],hz-007451,entry_candidate,raw_ocr,high,2,302,,dictionary/C/C-11.md,hz-007451-contact-lens,sources/Hezareh_Dictionary_Index/source/Hezareh_Part_02_PDF_0251-0500.md#L6338-L6339,True
contact man,contact man,contact man,[],hz-007452,entry_candidate,raw_ocr,high,2,302,,dictionary/C/C-11.md,hz-007452-contact-man,sources/Hezareh_Dictionary_Index/source/Hezareh_Part_02_PDF_0251-0500.md#L6340-L6343,True
contact print,contact print,contact print,[],hz-007453,entry_candidate,raw_ocr,high,2,302,,dictionary/C/C-11.md,hz-007453-contact-print,sources/Hezareh_Dictionary_Index/source/Hezareh_Part_02_PDF_0251-0500.md#L6344-L6345,True
contagion,contagion,contagion,[],hz-007454,entry_candidate,raw_ocr,high,2,302,,dictionary/C/C-11.md,hz-007454-contagion,sources/Hezareh_Dictionary_Index/source/Hezareh_Part_02_PDF_0251-0500.md#L6346-L6355,True
contagious,contagious,contagious,[],hz-007455,entry_candidate,raw_ocr,high,2,302,,dictionary/C/C-11.md,hz-007455-contagious,sources/Hezareh_Dictionary_Index/source/Hezareh_Part_02_PDF_0251-0500.md#L6356-L6361,True
contagiously,contagiously,contagiously,[],hz-007456,entry_candidate,raw_ocr,high,2,302,,dictionary/C/C-11.md,hz-007456-contagiously,sources/Hezareh_Dictionary_Index/source/Hezareh_Part_02_PDF_0251-0500.md#L6362-L6367,True
contain,contain,contain,[],hz-007457,entry_candidate,raw_ocr,high,2,302,,dictionary/C/C-11.md,hz-007457-contain,sources/Hezareh_Dictionary_Index/source/Hezareh_Part_02_PDF_0251-0500.md#L6368-L6391,True
container,container,container,[],hz-007458,entry_candidate,raw_ocr,high,2,302,,dictionary/C/C-11.md,hz-007458-container,sources/Hezareh_Dictionary_Index/source/Hezareh_Part_02_PDF_0251-0500.md#L6392-L6395,True
containerisation,containerisation,containerisation,[],hz-007459,entry_candidate,raw_ocr,hint_only,2,302,,dictionary/C/C-11.md,hz-007459-containerisation,sources/Hezareh_Dictionary_Index/source/Hezareh_Part_02_PDF_0251-0500.md#L6275-L6275,False
containerise,containerise,containerise,[],hz-007461,entry_candidate,raw_ocr,high,2,302,,dictionary/C/C-11.md,hz-007461-containerise,sources/Hezareh_Dictionary_Index/source/Hezareh_Part_02_PDF_0251-0500.md#L6400-L6400,True
containerization,containerization,containerization,[],hz-007462,entry_candidate,raw_ocr,high,2,302,,dictionary/C/C-11.md,hz-007462-containerization,sources/Hezareh_Dictionary_Index/source/Hezareh_Part_02_PDF_0251-0500.md#L6401-L6402,True
Containerize,containerize,containerize,[],hz-007463,entry_candidate,raw_ocr,high,2,302,,dictionary/C/C-12.md,hz-007463-containerize,sources/Hezareh_Dictionary_Index/source/Hezareh_Part_02_PDF_0251-0500.md#L6403-L6404,True
containment,containment,containment,[],hz-007464,entry_candidate,raw_ocr,high,2,302,,dictionary/C/C-12.md,hz-007464-containment,sources/Hezareh_Dictionary_Index/source/Hezareh_Part_02_PDF_0251-0500.md#L6405-L6407,True
contaminant,contaminant,contaminant,[],hz-007465,entry_candidate,raw_ocr,high,2,302,,dictionary/C/C-12.md,hz-007465-contaminant,sources/Hezareh_Dictionary_Index/source/Hezareh_Part_02_PDF_0251-0500.md#L6408-L6409,True
contaminate,contaminate,contaminate,[],hz-007466,entry_candidate,raw_ocr,high,2,302,,dictionary/C/C-12.md,hz-007466-contaminate,sources/Hezareh_Dictionary_Index/source/Hezareh_Part_02_PDF_0251-0500.md#L6410-L6412,True
contamination,contamination,contamination,[],hz-007467,entry_candidate,raw_ocr,high,2,302,,dictionary/C/C-12.md,hz-007467-contamination,sources/Hezareh_Dictionary_Index/source/Hezareh_Part_02_PDF_0251-0500.md#L6413-L6415,True
contd,contd,contd,[],hz-007468,entry_candidate,raw_ocr,high,2,302,,dictionary/C/C-12.md,hz-007468-contd,sources/Hezareh_Dictionary_Index/source/Hezareh_Part_02_PDF_0251-0500.md#L6416-L6416,True
contectloner,contectloner,contectloner,[],hz-007181,entry_candidate,raw_ocr,hint_only,2,289,,dictionary/C/C-12.md,hz-007181-contectloner,sources/Hezareh_Dictionary_Index/source/Hezareh_Part_02_PDF_0251-0500.md#L4695-L4695,False
contemn,contemn,contemn,[],hz-007469,entry_candidate,raw_ocr,high,2,302,,dictionary/C/C-12.md,hz-007469-contemn,sources/Hezareh_Dictionary_Index/source/Hezareh_Part_02_PDF_0251-0500.md#L6417-L6418,True
contemplate,contemplate,contemplate,[],hz-007470,entry_candidate,raw_ocr,high,2,302,,dictionary/C/C-12.md,hz-007470-contemplate,sources/Hezareh_Dictionary_Index/source/Hezareh_Part_02_PDF_0251-0500.md#L6419-L6430,True
contemplative,contemplative,contemplative,[],hz-007471,entry_candidate,raw_ocr,low,2,303,,dictionary/C/C-12.md,hz-007471-contemplative,sources/Hezareh_Dictionary_Index/source/Hezareh_Part_02_PDF_0251-0500.md#L6450-L6458,True
contemporaneously,contemporaneously,contemporaneously,[],hz-007472,entry_candidate,raw_ocr,high,2,303,,dictionary/C/C-12.md,hz-007472-contemporaneously,sources/Hezareh_Dictionary_Index/source/Hezareh_Part_02_PDF_0251-0500.md#L6459-L6460,True
Contemporary,contemporary,contemporary,[],hz-007473,entry_candidate,raw_ocr,low,2,303,,dictionary/C/C-12.md,hz-007473-contemporary,sources/Hezareh_Dictionary_Index/source/Hezareh_Part_02_PDF_0251-0500.md#L6461-L6475,True
contempt,contempt,contempt,[],hz-007474,entry_candidate,raw_ocr,high,2,303,,dictionary/C/C-12.md,hz-007474-contempt,sources/Hezareh_Dictionary_Index/source/Hezareh_Part_02_PDF_0251-0500.md#L6479-L6480,True
contempt of court,contempt of court,contempt of court,[],hz-007476,entry_candidate,raw_ocr,high,2,303,,dictionary/C/C-12.md,hz-007476-contempt-of-court,sources/Hezareh_Dictionary_Index/source/Hezareh_Part_02_PDF_0251-0500.md#L6479-L6480,True
contemptible,contemptible,contemptible,[],hz-007475,entry_candidate,raw_ocr,medium,2,303,,dictionary/C/C-12.md,hz-007475-contemptible,sources/Hezareh_Dictionary_Index/source/Hezareh_Part_02_PDF_0251-0500.md#L6476-L6478,True
contemptuous,contemptuous,contemptuous,[],hz-007477,entry_candidate,raw_ocr,high,2,303,,dictionary/C/C-12.md,hz-007477-contemptuous,sources/Hezareh_Dictionary_Index/source/Hezareh_Part_02_PDF_0251-0500.md#L6481-L6484,True
contemptuously,contemptuously,contemptuously,[],hz-007478,entry_candidate,raw_ocr,medium,2,303,,dictionary/C/C-12.md,hz-007478-contemptuously,sources/Hezareh_Dictionary_Index/source/Hezareh_Part_02_PDF_0251-0500.md#L6485-L6487,True
contend,contend,contend,[],hz-007479,entry_candidate,raw_ocr,medium,2,303,,dictionary/C/C-12.md,hz-007479-contend,sources/Hezareh_Dictionary_Index/source/Hezareh_Part_02_PDF_0251-0500.md#L6488-L6503,True
contending,contending,contending,[],hz-007480,entry_candidate,raw_ocr,high,2,303,,dictionary/C/C-12.md,hz-007480-contending,sources/Hezareh_Dictionary_Index/source/Hezareh_Part_02_PDF_0251-0500.md#L6504-L6534,True
content',content',content',[],hz-007481,entry_candidate,raw_ocr,hint_only,2,303,,dictionary/C/C-12.md,hz-007481-content,sources/Hezareh_Dictionary_Index/source/Hezareh_Part_02_PDF_0251-0500.md#L6434-L6434,False
content-,content-,content-,[],hz-007482,entry_candidate,raw_ocr,hint_only,2,303,,dictionary/C/C-12.md,hz-007482-content,sources/Hezareh_Dictionary_Index/source/Hezareh_Part_02_PDF_0251-0500.md#L6434-L6434,False
contented,contented,contented,[],hz-007483,entry_candidate,raw_ocr,medium,2,303,,dictionary/C/C-12.md,hz-007483-contented,sources/Hezareh_Dictionary_Index/source/Hezareh_Part_02_PDF_0251-0500.md#L6535-L6540,True
contentedly,contentedly,contentedly,[],hz-007484,entry_candidate,raw_ocr,hint_only,2,303,,dictionary/C/C-12.md,hz-007484-contentedly,sources/Hezareh_Dictionary_Index/source/Hezareh_Part_02_PDF_0251-0500.md#L6434-L6434,False
COntention,contention,contention,[],hz-007485,entry_candidate,raw_ocr,medium,2,303,,dictionary/C/C-12.md,hz-007485-contention,sources/Hezareh_Dictionary_Index/source/Hezareh_Part_02_PDF_0251-0500.md#L6541-L6553,True
COntentment,contentment,contentment,[],hz-007486,entry_candidate,raw_ocr,high,2,303,,dictionary/C/C-12.md,hz-007486-contentment,sources/Hezareh_Dictionary_Index/source/Hezareh_Part_02_PDF_0251-0500.md#L6554-L6558,True
conterminoUS,conterminous,conterminous,[],hz-007487,entry_candidate,raw_ocr,hint_only,2,303,,dictionary/C/C-12.md,hz-007487-conterminous,sources/Hezareh_Dictionary_Index/source/Hezareh_Part_02_PDF_0251-0500.md#L6434-L6434,False
contest',contest',contest',[],hz-007488,entry_candidate,raw_ocr,medium,2,303,,dictionary/C/C-12.md,hz-007488-contest,sources/Hezareh_Dictionary_Index/source/Hezareh_Part_02_PDF_0251-0500.md#L6559-L6563,True
contest-,contest-,contest-,[],hz-007489,entry_candidate,raw_ocr,hint_only,2,304,,dictionary/C/C-12.md,hz-007489-contest,sources/Hezareh_Dictionary_Index/source/Hezareh_Part_02_PDF_0251-0500.md#L6567-L6567,False
contestant,contestant,contestant,[],hz-007490,entry_candidate,raw_ocr,high,2,304,,dictionary/C/C-12.md,hz-007490-contestant,sources/Hezareh_Dictionary_Index/source/Hezareh_Part_02_PDF_0251-0500.md#L6586-L6587,True
context,context,context,[],hz-007491,entry_candidate,raw_ocr,medium,2,304,,dictionary/C/C-12.md,hz-007491-context,sources/Hezareh_Dictionary_Index/source/Hezareh_Part_02_PDF_0251-0500.md#L6588-L6590,True
contextual,contextual,contextual,[],hz-007492,entry_candidate,raw_ocr,medium,2,304,,dictionary/C/C-12.md,hz-007492-contextual,sources/Hezareh_Dictionary_Index/source/Hezareh_Part_02_PDF_0251-0500.md#L6591-L6592,True
contextually,contextually,contextually,[],hz-007493,entry_candidate,raw_ocr,medium,2,304,,dictionary/C/C-12.md,hz-007493-contextually,sources/Hezareh_Dictionary_Index/source/Hezareh_Part_02_PDF_0251-0500.md#L6593-L6594,True
contiguity,contiguity,contiguity,[],hz-007494,entry_candidate,raw_ocr,medium,2,304,,dictionary/C/C-12.md,hz-007494-contiguity,sources/Hezareh_Dictionary_Index/source/Hezareh_Part_02_PDF_0251-0500.md#L6595-L6596,True
contigUOUS,contiguous,contiguous,[],hz-007495,entry_candidate,raw_ocr,medium,2,304,,dictionary/C/C-12.md,hz-007495-contiguous,sources/Hezareh_Dictionary_Index/source/Hezareh_Part_02_PDF_0251-0500.md#L6597-L6598,True
contiguously,contiguously,contiguously,[],hz-007496,entry_candidate,raw_ocr,low,2,304,,dictionary/C/C-12.md,hz-007496-contiguously,sources/Hezareh_Dictionary_Index/source/Hezareh_Part_02_PDF_0251-0500.md#L6599-L6601,True
Continence,continence,continence,[],hz-007497,entry_candidate,raw_ocr,medium,2,304,,dictionary/C/C-12.md,hz-007497-continence,sources/Hezareh_Dictionary_Index/source/Hezareh_Part_02_PDF_0251-0500.md#L6602-L6603,True
continent',continent',continent',[],hz-007498,entry_candidate,raw_ocr,medium,2,304,,dictionary/C/C-12.md,hz-007498-continent,sources/Hezareh_Dictionary_Index/source/Hezareh_Part_02_PDF_0251-0500.md#L6604-L6612,True
continent-,continent-,continent-,[],hz-007499,entry_candidate,raw_ocr,hint_only,2,304,,dictionary/C/C-12.md,hz-007499-continent,sources/Hezareh_Dictionary_Index/source/Hezareh_Part_02_PDF_0251-0500.md#L6567-L6567,False
continental,continental,continental,[],hz-007500,entry_candidate,raw_ocr,high,2,304,,dictionary/C/C-12.md,hz-007500-continental,sources/Hezareh_Dictionary_Index/source/Hezareh_Part_02_PDF_0251-0500.md#L6613-L6614,True
continental breakfast hontmentl 'brekfast,continental breakfast hontmentl 'brekfast,continental breakfast hontmentl 'brekfast,[],hz-007501,entry_candidate,raw_ocr,hint_only,2,304,,dictionary/C/C-12.md,hz-007501-continental-breakfast-hontmentl-brekfast,sources/Hezareh_Dictionary_Index/source/Hezareh_Part_02_PDF_0251-0500.md#L6567-L6567,False
continental drift,continental drift,continental drift,[],hz-007502,entry_candidate,raw_ocr,medium,2,304,,dictionary/C/C-12.md,hz-007502-continental-drift,sources/Hezareh_Dictionary_Index/source/Hezareh_Part_02_PDF_0251-0500.md#L6615-L6616,True
continental quilt,continental quilt,continental quilt,[],hz-007503,entry_candidate,raw_ocr,medium,2,304,,dictionary/C/C-12.md,hz-007503-continental-quilt,sources/Hezareh_Dictionary_Index/source/Hezareh_Part_02_PDF_0251-0500.md#L6617-L6617,True
continental shelf,continental shelf,continental shelf,[],hz-007504,entry_candidate,raw_ocr,high,2,304,,dictionary/C/C-12.md,hz-007504-continental-shelf,sources/Hezareh_Dictionary_Index/source/Hezareh_Part_02_PDF_0251-0500.md#L6618-L6619,True
contingency,contingency,contingency,[],hz-007505,entry_candidate,raw_ocr,high,2,304,,dictionary/C/C-12.md,hz-007505-contingency,sources/Hezareh_Dictionary_Index/source/Hezareh_Part_02_PDF_0251-0500.md#L6620-L6630,True
contingency arrangements,contingency arrangements,contingency arrangements,[],hz-007506,entry_candidate,raw_ocr,medium,2,304,,dictionary/C/C-12.md,hz-007506-contingency-arrangements,sources/Hezareh_Dictionary_Index/source/Hezareh_Part_02_PDF_0251-0500.md#L6631-L6634,True
contingency funds,contingency funds,contingency funds,[],hz-007507,entry_candidate,raw_ocr,medium,2,304,,dictionary/C/C-12.md,hz-007507-contingency-funds,sources/Hezareh_Dictionary_Index/source/Hezareh_Part_02_PDF_0251-0500.md#L6635-L6638,True
contingency plans,contingency plans,contingency plans,[],hz-007508,entry_candidate,raw_ocr,high,2,304,,dictionary/C/C-12.md,hz-007508-contingency-plans,sources/Hezareh_Dictionary_Index/source/Hezareh_Part_02_PDF_0251-0500.md#L6639-L6666,True
contingency table I kcn'tmdsonsr terbl,contingency table i kcn'tmdsonsr terbl,contingency table i kcn'tmdsonsr terbl,[],hz-007509,entry_candidate,raw_ocr,hint_only,2,304,,dictionary/C/C-12.md,hz-007509-contingency-table-i-kcn-tmdsonsr-terbl,sources/Hezareh_Dictionary_Index/source/Hezareh_Part_02_PDF_0251-0500.md#L6567-L6567,False
continua,continua,continua,[],hz-007510,entry_candidate,raw_ocr,high,2,304,,dictionary/C/C-12.md,hz-007510-continua,sources/Hezareh_Dictionary_Index/source/Hezareh_Part_02_PDF_0251-0500.md#L6667-L6668,True
continual,continual,continual,[],hz-007511,entry_candidate,raw_ocr,high,2,304,,dictionary/C/C-12.md,hz-007511-continual,sources/Hezareh_Dictionary_Index/source/Hezareh_Part_02_PDF_0251-0500.md#L6669-L6674,True
continually,continually,continually,[],hz-007512,entry_candidate,raw_ocr,medium,2,304,,dictionary/C/C-12.md,hz-007512-continually,sources/Hezareh_Dictionary_Index/source/Hezareh_Part_02_PDF_0251-0500.md#L6675-L6682,True
continuanCe,continuance,continuance,[],hz-007513,entry_candidate,raw_ocr,medium,2,304,,dictionary/C/C-12.md,hz-007513-continuance,sources/Hezareh_Dictionary_Index/source/Hezareh_Part_02_PDF_0251-0500.md#L6683-L6690,True
continuation,continuation,continuation,[],hz-007514,entry_candidate,raw_ocr,high,2,304,,dictionary/C/C-12.md,hz-007514-continuation,sources/Hezareh_Dictionary_Index/source/Hezareh_Part_02_PDF_0251-0500.md#L6691-L6698,True
continue,continue,continue,[],hz-007515,entry_candidate,raw_ocr,high,2,304,,dictionary/C/C-12.md,hz-007515-continue,sources/Hezareh_Dictionary_Index/source/Hezareh_Part_02_PDF_0251-0500.md#L6699-L6714,True
continued,continued,continued,[],hz-007516,entry_candidate,raw_ocr,high,2,304,,dictionary/C/C-12.md,hz-007516-continued,sources/Hezareh_Dictionary_Index/source/Hezareh_Part_02_PDF_0251-0500.md#L6715-L6725,True
continuing,continuing,continuing,[],hz-007517,entry_candidate,raw_ocr,high,2,305,,dictionary/C/C-12.md,hz-007517-continuing,sources/Hezareh_Dictionary_Index/source/Hezareh_Part_02_PDF_0251-0500.md#L6740-L6740,True
COntinuity,continuity,continuity,[],hz-007518,entry_candidate,raw_ocr,high,2,305,,dictionary/C/C-12.md,hz-007518-continuity,sources/Hezareh_Dictionary_Index/source/Hezareh_Part_02_PDF_0251-0500.md#L6741-L6773,True
continuous,continuous,continuous,[],hz-007519,entry_candidate,raw_ocr,high,2,305,,dictionary/C/C-12.md,hz-007519-continuous,sources/Hezareh_Dictionary_Index/source/Hezareh_Part_02_PDF_0251-0500.md#L6774-L6775,True
continuous assessment,continuous assessment,continuous assessment,[],hz-007520,entry_candidate,raw_ocr,high,2,305,,dictionary/C/C-12.md,hz-007520-continuous-assessment,sources/Hezareh_Dictionary_Index/source/Hezareh_Part_02_PDF_0251-0500.md#L6774-L6775,True
continuous tense,continuous tense,continuous tense,[],hz-007522,entry_candidate,raw_ocr,medium,2,305,,dictionary/C/C-12.md,hz-007522-continuous-tense,sources/Hezareh_Dictionary_Index/source/Hezareh_Part_02_PDF_0251-0500.md#L6778-L6779,True
continuously,continuously,continuously,[],hz-007521,entry_candidate,raw_ocr,medium,2,305,,dictionary/C/C-12.md,hz-007521-continuously,sources/Hezareh_Dictionary_Index/source/Hezareh_Part_02_PDF_0251-0500.md#L6776-L6777,True
continuum,continuum,continuum,[],hz-007523,entry_candidate,raw_ocr,high,2,305,,dictionary/C/C-12.md,hz-007523-continuum,sources/Hezareh_Dictionary_Index/source/Hezareh_Part_02_PDF_0251-0500.md#L6780-L6782,True
contlict',contlict',contlict',[],hz-007220,entry_candidate,raw_ocr,hint_only,2,291,,dictionary/C/C-12.md,hz-007220-contlict,sources/Hezareh_Dictionary_Index/source/Hezareh_Part_02_PDF_0251-0500.md#L4920-L4920,False
contort,contort,contort,[],hz-007524,entry_candidate,raw_ocr,medium,2,305,,dictionary/C/C-12.md,hz-007524-contort,sources/Hezareh_Dictionary_Index/source/Hezareh_Part_02_PDF_0251-0500.md#L6783-L6788,True
contorted,contorted,contorted,[],hz-007525,entry_candidate,raw_ocr,high,2,305,,dictionary/C/C-12.md,hz-007525-contorted,sources/Hezareh_Dictionary_Index/source/Hezareh_Part_02_PDF_0251-0500.md#L6789-L6791,True
contortion,contortion,contortion,[],hz-007526,entry_candidate,raw_ocr,high,2,305,,dictionary/C/C-12.md,hz-007526-contortion,sources/Hezareh_Dictionary_Index/source/Hezareh_Part_02_PDF_0251-0500.md#L6792-L6794,True
contortionist,contortionist,contortionist,[],hz-007527,entry_candidate,raw_ocr,high,2,305,,dictionary/C/C-12.md,hz-007527-contortionist,sources/Hezareh_Dictionary_Index/source/Hezareh_Part_02_PDF_0251-0500.md#L6795-L6795,True
contour,contour,contour,[],hz-007528,entry_candidate,raw_ocr,high,2,305,,dictionary/C/C-12.md,hz-007528-contour,sources/Hezareh_Dictionary_Index/source/Hezareh_Part_02_PDF_0251-0500.md#L6796-L6803,True
contour line,contour line,contour line,[],hz-007530,entry_candidate,raw_ocr,high,2,305,,dictionary/C/C-12.md,hz-007530-contour-line,sources/Hezareh_Dictionary_Index/source/Hezareh_Part_02_PDF_0251-0500.md#L6804-L6805,True
COntOUr map,contour map,contour map,[],hz-007531,entry_candidate,raw_ocr,high,2,305,,dictionary/C/C-12.md,hz-007531-contour-map,sources/Hezareh_Dictionary_Index/source/Hezareh_Part_02_PDF_0251-0500.md#L6806-L6806,True
contour ploughing,contour ploughing,contour ploughing,[],hz-007532,entry_candidate,raw_ocr,high,2,305,,dictionary/C/C-12.md,hz-007532-contour-ploughing,sources/Hezareh_Dictionary_Index/source/Hezareh_Part_02_PDF_0251-0500.md#L6807-L6808,True
contoured,contoured,contoured,[],hz-007529,entry_candidate,raw_ocr,hint_only,2,305,,dictionary/C/C-12.md,hz-007529-contoured,sources/Hezareh_Dictionary_Index/source/Hezareh_Part_02_PDF_0251-0500.md#L6729-L6729,False
contra-,contra-,contra-,[],hz-007533,entry_candidate,raw_ocr,high,2,305,,dictionary/C/C-12.md,hz-007533-contra,sources/Hezareh_Dictionary_Index/source/Hezareh_Part_02_PDF_0251-0500.md#L6809-L6810,True
contra-,contra-,contra-,[],hz-038794,entry_candidate,raw_ocr,medium,8,1961,,dictionary/C/C-12.md,hz-038794-contra,sources/Hezareh_Dictionary_Index/source/Hezareh_Part_08_PDF_1751-1976.md#L24809-L24816,True
contraband,contraband,contraband,[],hz-007534,entry_candidate,raw_ocr,high,2,305,,dictionary/C/C-12.md,hz-007534-contraband,sources/Hezareh_Dictionary_Index/source/Hezareh_Part_02_PDF_0251-0500.md#L6811-L6818,True
contrabandist,contrabandist,contrabandist,[],hz-007535,entry_candidate,raw_ocr,hint_only,2,305,,dictionary/C/C-12.md,hz-007535-contrabandist,sources/Hezareh_Dictionary_Index/source/Hezareh_Part_02_PDF_0251-0500.md#L6729-L6729,False
contraception,contraception,contraception,[],hz-007536,entry_candidate,raw_ocr,hint_only,2,305,,dictionary/C/C-12.md,hz-007536-contraception,sources/Hezareh_Dictionary_Index/source/Hezareh_Part_02_PDF_0251-0500.md#L6729-L6729,False
COntraceptiVe,contraceptive,contraceptive,[],hz-007537,entry_candidate,raw_ocr,high,2,305,,dictionary/C/C-12.md,hz-007537-contraceptive,sources/Hezareh_Dictionary_Index/source/Hezareh_Part_02_PDF_0251-0500.md#L6819-L6827,True
contractible,contractible,contractible,[],hz-007539,entry_candidate,raw_ocr,medium,2,306,,dictionary/C/C-12.md,hz-007539-contractible,sources/Hezareh_Dictionary_Index/source/Hezareh_Part_02_PDF_0251-0500.md#L6876-L6878,True
COntractile,contractile,contractile,[],hz-007540,entry_candidate,raw_ocr,high,2,306,,dictionary/C/C-12.md,hz-007540-contractile,sources/Hezareh_Dictionary_Index/source/Hezareh_Part_02_PDF_0251-0500.md#L6879-L6880,True
contraction,contraction,contraction,[],hz-007541,entry_candidate,raw_ocr,medium,2,306,,dictionary/C/C-12.md,hz-007541-contraction,sources/Hezareh_Dictionary_Index/source/Hezareh_Part_02_PDF_0251-0500.md#L6881-L6886,True
contractor,contractor,contractor,[],hz-007542,entry_candidate,raw_ocr,medium,2,306,,dictionary/C/C-12.md,hz-007542-contractor,sources/Hezareh_Dictionary_Index/source/Hezareh_Part_02_PDF_0251-0500.md#L6887-L6888,True
contractual,contractual,contractual,[],hz-007543,entry_candidate,raw_ocr,medium,2,306,,dictionary/C/C-12.md,hz-007543-contractual,sources/Hezareh_Dictionary_Index/source/Hezareh_Part_02_PDF_0251-0500.md#L6889-L6889,True
contradict,contradict,contradict,[],hz-007544,entry_candidate,raw_ocr,medium,2,306,,dictionary/C/C-12.md,hz-007544-contradict,sources/Hezareh_Dictionary_Index/source/Hezareh_Part_02_PDF_0251-0500.md#L6890-L6911,True
contradictory,contradictory,contradictory,[],hz-007545,entry_candidate,raw_ocr,medium,2,306,,dictionary/C/C-12.md,hz-007545-contradictory,sources/Hezareh_Dictionary_Index/source/Hezareh_Part_02_PDF_0251-0500.md#L6912-L6915,True
contradistinction,contradistinction,contradistinction,[],hz-007546,entry_candidate,raw_ocr,low,2,306,,dictionary/C/C-12.md,hz-007546-contradistinction,sources/Hezareh_Dictionary_Index/source/Hezareh_Part_02_PDF_0251-0500.md#L6916-L6916,True
contradistinguish,contradistinguish,contradistinguish,[],hz-007548,entry_candidate,raw_ocr,high,2,306,,dictionary/C/C-12.md,hz-007548-contradistinguish,sources/Hezareh_Dictionary_Index/source/Hezareh_Part_02_PDF_0251-0500.md#L6917-L6924,True
contraflow I 'kontroflao,contraflow i 'kontroflao,contraflow i 'kontroflao,[],hz-007549,entry_candidate,raw_ocr,hint_only,2,306,,dictionary/C/C-12.md,hz-007549-contraflow-i-kontroflao,sources/Hezareh_Dictionary_Index/source/Hezareh_Part_02_PDF_0251-0500.md#L6840-L6840,False
contraindication,contraindication,contraindication,[],hz-007550,entry_candidate,raw_ocr,high,2,306,,dictionary/C/C-12.md,hz-007550-contraindication,sources/Hezareh_Dictionary_Index/source/Hezareh_Part_02_PDF_0251-0500.md#L6925-L6926,True
contralto,contralto,contralto,[],hz-007551,entry_candidate,raw_ocr,high,2,306,,dictionary/C/C-12.md,hz-007551-contralto,sources/Hezareh_Dictionary_Index/source/Hezareh_Part_02_PDF_0251-0500.md#L6927-L6928,True
contraption,contraption,contraption,[],hz-007552,entry_candidate,raw_ocr,high,2,306,,dictionary/C/C-12.md,hz-007552-contraption,sources/Hezareh_Dictionary_Index/source/Hezareh_Part_02_PDF_0251-0500.md#L6929-L6932,True
contrariety,contrariety,contrariety,[],hz-007553,entry_candidate,raw_ocr,high,2,306,,dictionary/C/C-12.md,hz-007553-contrariety,sources/Hezareh_Dictionary_Index/source/Hezareh_Part_02_PDF_0251-0500.md#L6933-L6940,True
contrariness,contrariness,contrariness,[],hz-007554,entry_candidate,raw_ocr,high,2,306,,dictionary/C/C-12.md,hz-007554-contrariness,sources/Hezareh_Dictionary_Index/source/Hezareh_Part_02_PDF_0251-0500.md#L6941-L6950,True
contrary,contrary,contrary,[],hz-007555,entry_candidate,raw_ocr,high,2,307,,dictionary/C/C-12.md,hz-007555-contrary,sources/Hezareh_Dictionary_Index/source/Hezareh_Part_02_PDF_0251-0500.md#L6963-L6987,True
contrast',contrast',contrast',[],hz-007556,entry_candidate,raw_ocr,hint_only,2,307,,dictionary/C/C-12.md,hz-007556-contrast,sources/Hezareh_Dictionary_Index/source/Hezareh_Part_02_PDF_0251-0500.md#L6954-L6954,False
contravene,contravene,contravene,[],hz-007557,entry_candidate,raw_ocr,medium,2,307,,dictionary/C/C-12.md,hz-007557-contravene,sources/Hezareh_Dictionary_Index/source/Hezareh_Part_02_PDF_0251-0500.md#L6988-L6994,True
contravention,contravention,contravention,[],hz-007558,entry_candidate,raw_ocr,medium,2,307,,dictionary/C/C-12.md,hz-007558-contravention,sources/Hezareh_Dictionary_Index/source/Hezareh_Part_02_PDF_0251-0500.md#L6995-L6997,True
contretemps,contretemps,contretemps,[],hz-007559,entry_candidate,raw_ocr,high,2,307,,dictionary/C/C-12.md,hz-007559-contretemps,sources/Hezareh_Dictionary_Index/source/Hezareh_Part_02_PDF_0251-0500.md#L6998-L6999,True
contribute,contribute,contribute,[],hz-007560,entry_candidate,raw_ocr,high,2,307,,dictionary/C/C-12.md,hz-007560-contribute,sources/Hezareh_Dictionary_Index/source/Hezareh_Part_02_PDF_0251-0500.md#L7000-L7013,True
contribution,contribution,contribution,[],hz-007561,entry_candidate,raw_ocr,low,2,307,,dictionary/C/C-12.md,hz-007561-contribution,sources/Hezareh_Dictionary_Index/source/Hezareh_Part_02_PDF_0251-0500.md#L7014-L7015,True
contributor,contributor,contributor,[],hz-007562,entry_candidate,raw_ocr,high,2,307,,dictionary/C/C-12.md,hz-007562-contributor,sources/Hezareh_Dictionary_Index/source/Hezareh_Part_02_PDF_0251-0500.md#L7016-L7019,True
contributory,contributory,contributory,[],hz-007563,entry_candidate,raw_ocr,high,2,307,,dictionary/C/C-12.md,hz-007563-contributory,sources/Hezareh_Dictionary_Index/source/Hezareh_Part_02_PDF_0251-0500.md#L7020-L7023,True
contrite,contrite,contrite,[],hz-007564,entry_candidate,raw_ocr,high,2,307,,dictionary/C/C-12.md,hz-007564-contrite,sources/Hezareh_Dictionary_Index/source/Hezareh_Part_02_PDF_0251-0500.md#L7024-L7028,True
contritely,contritely,contritely,[],hz-007565,entry_candidate,raw_ocr,hint_only,2,307,,dictionary/C/C-12.md,hz-007565-contritely,sources/Hezareh_Dictionary_Index/source/Hezareh_Part_02_PDF_0251-0500.md#L6954-L6954,False
contrition,contrition,contrition,[],hz-007566,entry_candidate,raw_ocr,high,2,307,,dictionary/C/C-12.md,hz-007566-contrition,sources/Hezareh_Dictionary_Index/source/Hezareh_Part_02_PDF_0251-0500.md#L7029-L7034,True
contrivance,contrivance,contrivance,[],hz-007567,entry_candidate,raw_ocr,hint_only,2,307,,dictionary/C/C-12.md,hz-007567-contrivance,sources/Hezareh_Dictionary_Index/source/Hezareh_Part_02_PDF_0251-0500.md#L6954-L6954,False
contrive,contrive,contrive,[],hz-007568,entry_candidate,raw_ocr,high,2,307,,dictionary/C/C-12.md,hz-007568-contrive,sources/Hezareh_Dictionary_Index/source/Hezareh_Part_02_PDF_0251-0500.md#L7035-L7059,True
control panel,control panel,control panel,[],hz-007574,entry_candidate,raw_ocr,high,2,308,,dictionary/C/C-12.md,hz-007574-control-panel,sources/Hezareh_Dictionary_Index/source/Hezareh_Part_02_PDF_0251-0500.md#L7158-L7159,True
control room,control room,control room,[],hz-007575,entry_candidate,raw_ocr,high,2,308,,dictionary/C/C-12.md,hz-007575-control-room,sources/Hezareh_Dictionary_Index/source/Hezareh_Part_02_PDF_0251-0500.md#L7160-L7161,True
control tower,control tower,control tower,[],hz-007576,entry_candidate,raw_ocr,high,2,308,,dictionary/C/C-12.md,hz-007576-control-tower,sources/Hezareh_Dictionary_Index/source/Hezareh_Part_02_PDF_0251-0500.md#L7162-L7163,True
controllable,controllable,controllable,[],hz-007570,entry_candidate,raw_ocr,high,2,308,,dictionary/C/C-12.md,hz-007570-controllable,sources/Hezareh_Dictionary_Index/source/Hezareh_Part_02_PDF_0251-0500.md#L7143-L7151,True
controlledtbn'trnuld,controlledtbn'trnuld,controlledtbn'trnuld,[],hz-007571,entry_candidate,raw_ocr,hint_only,2,308,,dictionary/C/C-12.md,hz-007571-controlledtbn-trnuld,sources/Hezareh_Dictionary_Index/source/Hezareh_Part_02_PDF_0251-0500.md#L7065-L7065,False
controller,controller,controller,[],hz-007572,entry_candidate,raw_ocr,high,2,308,,dictionary/C/C-12.md,hz-007572-controller,sources/Hezareh_Dictionary_Index/source/Hezareh_Part_02_PDF_0251-0500.md#L7152-L7157,True
controlllnq interest,controlllnq interest,controlllnq interest,[],hz-007573,entry_candidate,raw_ocr,hint_only,2,308,,dictionary/C/C-12.md,hz-007573-controlllnq-interest,sources/Hezareh_Dictionary_Index/source/Hezareh_Part_02_PDF_0251-0500.md#L7065-L7065,False
controversial,controversial,controversial,[],hz-007577,entry_candidate,raw_ocr,high,2,308,,dictionary/C/C-12.md,hz-007577-controversial,sources/Hezareh_Dictionary_Index/source/Hezareh_Part_02_PDF_0251-0500.md#L7164-L7165,True
COntroversialiSt,controversialist,controversialist,[],hz-007578,entry_candidate,raw_ocr,high,2,308,,dictionary/C/C-12.md,hz-007578-controversialist,sources/Hezareh_Dictionary_Index/source/Hezareh_Part_02_PDF_0251-0500.md#L7166-L7167,True
controversially,controversially,controversially,[],hz-007579,entry_candidate,raw_ocr,high,2,308,,dictionary/C/C-12.md,hz-007579-controversially,sources/Hezareh_Dictionary_Index/source/Hezareh_Part_02_PDF_0251-0500.md#L7168-L7171,True
Controversy,controversy,controversy,[],hz-007580,entry_candidate,raw_ocr,high,2,308,,dictionary/C/C-12.md,hz-007580-controversy,sources/Hezareh_Dictionary_Index/source/Hezareh_Part_02_PDF_0251-0500.md#L7172-L7179,True
COntrOVert,controvert,controvert,[],hz-007581,entry_candidate,raw_ocr,high,2,309,,dictionary/C/C-12.md,hz-007581-controvert,sources/Hezareh_Dictionary_Index/source/Hezareh_Part_02_PDF_0251-0500.md#L7192-L7195,True
contumacious,contumacious,contumacious,[],hz-007582,entry_candidate,raw_ocr,high,2,309,,dictionary/C/C-12.md,hz-007582-contumacious,sources/Hezareh_Dictionary_Index/source/Hezareh_Part_02_PDF_0251-0500.md#L7196-L7198,True
contumaciously,contumaciously,contumaciously,[],hz-007583,entry_candidate,raw_ocr,medium,2,309,,dictionary/C/C-12.md,hz-007583-contumaciously,sources/Hezareh_Dictionary_Index/source/Hezareh_Part_02_PDF_0251-0500.md#L7199-L7201,True
contumacy,contumacy,contumacy,[],hz-007584,entry_candidate,raw_ocr,high,2,309,,dictionary/C/C-12.md,hz-007584-contumacy,sources/Hezareh_Dictionary_Index/source/Hezareh_Part_02_PDF_0251-0500.md#L7202-L7204,True
contumelious,contumelious,contumelious,[],hz-007585,entry_candidate,raw_ocr,high,2,309,,dictionary/C/C-12.md,hz-007585-contumelious,sources/Hezareh_Dictionary_Index/source/Hezareh_Part_02_PDF_0251-0500.md#L7205-L7208,True
contumeliously,contumeliously,contumeliously,[],hz-007586,entry_candidate,raw_ocr,high,2,309,,dictionary/C/C-12.md,hz-007586-contumeliously,sources/Hezareh_Dictionary_Index/source/Hezareh_Part_02_PDF_0251-0500.md#L7209-L7212,True
contumely,contumely,contumely,[],hz-007587,entry_candidate,raw_ocr,low,2,309,,dictionary/C/C-12.md,hz-007587-contumely,sources/Hezareh_Dictionary_Index/source/Hezareh_Part_02_PDF_0251-0500.md#L7213-L7214,True
contuse,contuse,contuse,[],hz-007588,entry_candidate,raw_ocr,medium,2,309,,dictionary/C/C-12.md,hz-007588-contuse,sources/Hezareh_Dictionary_Index/source/Hezareh_Part_02_PDF_0251-0500.md#L7215-L7216,True
contusion,contusion,contusion,[],hz-007589,entry_candidate,raw_ocr,high,2,309,,dictionary/C/C-12.md,hz-007589-contusion,sources/Hezareh_Dictionary_Index/source/Hezareh_Part_02_PDF_0251-0500.md#L7217-L7218,True
conundrum,conundrum,conundrum,[],hz-007590,entry_candidate,raw_ocr,medium,2,309,,dictionary/C/C-12.md,hz-007590-conundrum,sources/Hezareh_Dictionary_Index/source/Hezareh_Part_02_PDF_0251-0500.md#L7219-L7226,True
conurbation,conurbation,conurbation,[],hz-007591,entry_candidate,raw_ocr,hint_only,2,309,,dictionary/C/C-12.md,hz-007591-conurbation,sources/Hezareh_Dictionary_Index/source/Hezareh_Part_02_PDF_0251-0500.md#L7183-L7183,False
convalescent,convalescent,convalescent,[],hz-007592,entry_candidate,raw_ocr,medium,2,309,,dictionary/C/C-12.md,hz-007592-convalescent,sources/Hezareh_Dictionary_Index/source/Hezareh_Part_02_PDF_0251-0500.md#L7227-L7231,True
convection,convection,convection,[],hz-007595,entry_candidate,raw_ocr,medium,2,309,,dictionary/C/C-12.md,hz-007595-convection,sources/Hezareh_Dictionary_Index/source/Hezareh_Part_02_PDF_0251-0500.md#L7232-L7235,True
convector,convector,convector,[],hz-007593,entry_candidate,raw_ocr,high,2,309,,dictionary/C/C-12.md,hz-007593-convector,sources/Hezareh_Dictionary_Index/source/Hezareh_Part_02_PDF_0251-0500.md#L7236-L7237,True
convector heater,convector heater,convector heater,[],hz-007594,entry_candidate,raw_ocr,high,2,309,,dictionary/C/C-12.md,hz-007594-convector-heater,sources/Hezareh_Dictionary_Index/source/Hezareh_Part_02_PDF_0251-0500.md#L7236-L7237,True
convene,convene,convene,[],hz-007596,entry_candidate,raw_ocr,medium,2,309,,dictionary/C/C-12.md,hz-007596-convene,sources/Hezareh_Dictionary_Index/source/Hezareh_Part_02_PDF_0251-0500.md#L7238-L7251,True
convener,convener,convener,[],hz-007597,entry_candidate,raw_ocr,medium,2,309,,dictionary/C/C-12.md,hz-007597-convener,sources/Hezareh_Dictionary_Index/source/Hezareh_Part_02_PDF_0251-0500.md#L7252-L7268,True
convenience,convenience,convenience,[],hz-007598,entry_candidate,raw_ocr,high,2,309,,dictionary/C/C-12.md,hz-007598-convenience,sources/Hezareh_Dictionary_Index/source/Hezareh_Part_02_PDF_0251-0500.md#L7269-L7270,True
convenience food,convenience food,convenience food,[],hz-007599,entry_candidate,raw_ocr,high,2,309,,dictionary/C/C-12.md,hz-007599-convenience-food,sources/Hezareh_Dictionary_Index/source/Hezareh_Part_02_PDF_0251-0500.md#L7269-L7270,True
convenience store,convenience store,convenience store,[],hz-007600,entry_candidate,raw_ocr,high,2,309,,dictionary/C/C-12.md,hz-007600-convenience-store,sources/Hezareh_Dictionary_Index/source/Hezareh_Part_02_PDF_0251-0500.md#L7271-L7272,True
convenient,convenient,convenient,[],hz-007601,entry_candidate,raw_ocr,medium,2,309,,dictionary/C/C-12.md,hz-007601-convenient,sources/Hezareh_Dictionary_Index/source/Hezareh_Part_02_PDF_0251-0500.md#L7273-L7276,True
conveniently,conveniently,conveniently,[],hz-007602,entry_candidate,raw_ocr,low,2,309,,dictionary/C/C-12.md,hz-007602-conveniently,sources/Hezareh_Dictionary_Index/source/Hezareh_Part_02_PDF_0251-0500.md#L7277-L7284,True
convening,convening,convening,[],hz-007603,entry_candidate,raw_ocr,low,2,309,,dictionary/C/C-12.md,hz-007603-convening,sources/Hezareh_Dictionary_Index/source/Hezareh_Part_02_PDF_0251-0500.md#L7285-L7286,True
convenor,convenor,convenor,[],hz-007604,entry_candidate,raw_ocr,hint_only,2,309,,dictionary/C/C-12.md,hz-007604-convenor,sources/Hezareh_Dictionary_Index/source/Hezareh_Part_02_PDF_0251-0500.md#L7183-L7183,False
COnVent,convent,convent,[],hz-007605,entry_candidate,raw_ocr,medium,2,309,,dictionary/C/C-12.md,hz-007605-convent,sources/Hezareh_Dictionary_Index/source/Hezareh_Part_02_PDF_0251-0500.md#L7287-L7288,True
conventicle,conventicle,conventicle,[],hz-007606,entry_candidate,raw_ocr,medium,2,309,,dictionary/C/C-12.md,hz-007606-conventicle,sources/Hezareh_Dictionary_Index/source/Hezareh_Part_02_PDF_0251-0500.md#L7289-L7295,True
conventional,conventional,conventional,[],hz-007609,entry_candidate,raw_ocr,medium,2,310,,dictionary/C/C-12.md,hz-007609-conventional,sources/Hezareh_Dictionary_Index/source/Hezareh_Part_02_PDF_0251-0500.md#L7311-L7316,True
conventionality,conventionality,conventionality,[],hz-007610,entry_candidate,raw_ocr,high,2,310,,dictionary/C/C-12.md,hz-007610-conventionality,sources/Hezareh_Dictionary_Index/source/Hezareh_Part_02_PDF_0251-0500.md#L7317-L7319,True
conventionally,conventionally,conventionally,[],hz-007611,entry_candidate,raw_ocr,medium,2,310,,dictionary/C/C-12.md,hz-007611-conventionally,sources/Hezareh_Dictionary_Index/source/Hezareh_Part_02_PDF_0251-0500.md#L7320-L7322,True
conventiontkan'venfn,conventiontkan'venfn,conventiontkan'venfn,[],hz-007607,entry_candidate,raw_ocr,hint_only,2,309,,dictionary/C/C-12.md,hz-007607-conventiontkan-venfn,sources/Hezareh_Dictionary_Index/source/Hezareh_Part_02_PDF_0251-0500.md#L7183-L7183,False
converge,converge,converge,[],hz-007612,entry_candidate,raw_ocr,medium,2,310,,dictionary/C/C-12.md,hz-007612-converge,sources/Hezareh_Dictionary_Index/source/Hezareh_Part_02_PDF_0251-0500.md#L7323-L7326,True
convergence,convergence,convergence,[],hz-007613,entry_candidate,raw_ocr,medium,2,310,,dictionary/C/C-12.md,hz-007613-convergence,sources/Hezareh_Dictionary_Index/source/Hezareh_Part_02_PDF_0251-0500.md#L7327-L7332,True
converging,converging,converging,[],hz-007608,entry_candidate,raw_ocr,medium,2,310,,dictionary/C/C-12.md,hz-007608-converging,sources/Hezareh_Dictionary_Index/source/Hezareh_Part_02_PDF_0251-0500.md#L7333-L7334,True
conversant,conversant,conversant,[],hz-007614,entry_candidate,raw_ocr,medium,2,310,,dictionary/C/C-12.md,hz-007614-conversant,sources/Hezareh_Dictionary_Index/source/Hezareh_Part_02_PDF_0251-0500.md#L7335-L7336,True
COnversatiOn,conversation,conversation,[],hz-007615,entry_candidate,raw_ocr,medium,2,310,,dictionary/C/C-12.md,hz-007615-conversation,sources/Hezareh_Dictionary_Index/source/Hezareh_Part_02_PDF_0251-0500.md#L7337-L7340,True
conversational,conversational,conversational,[],hz-007616,entry_candidate,raw_ocr,medium,2,310,,dictionary/C/C-12.md,hz-007616-conversational,sources/Hezareh_Dictionary_Index/source/Hezareh_Part_02_PDF_0251-0500.md#L7341-L7352,True
conversely,conversely,conversely,[],hz-007617,entry_candidate,raw_ocr,medium,2,310,,dictionary/C/C-12.md,hz-007617-conversely,sources/Hezareh_Dictionary_Index/source/Hezareh_Part_02_PDF_0251-0500.md#L7353-L7359,True
Conversion,conversion,conversion,[],hz-007618,entry_candidate,raw_ocr,high,2,310,,dictionary/C/C-12.md,hz-007618-conversion,sources/Hezareh_Dictionary_Index/source/Hezareh_Part_02_PDF_0251-0500.md#L7362-L7383,True
convert,convert,convert,[],hz-007619,entry_candidate,raw_ocr,high,2,310,,dictionary/C/C-12.md,hz-007619-convert,sources/Hezareh_Dictionary_Index/source/Hezareh_Part_02_PDF_0251-0500.md#L7384-L7387,True
converted,converted,converted,[],hz-007620,entry_candidate,raw_ocr,medium,2,310,,dictionary/C/C-12.md,hz-007620-converted,sources/Hezareh_Dictionary_Index/source/Hezareh_Part_02_PDF_0251-0500.md#L7388-L7391,True
converter,converter,converter,[],hz-007621,entry_candidate,raw_ocr,medium,2,310,,dictionary/C/C-12.md,hz-007621-converter,sources/Hezareh_Dictionary_Index/source/Hezareh_Part_02_PDF_0251-0500.md#L7392-L7395,True
convertibility,convertibility,convertibility,[],hz-007622,entry_candidate,raw_ocr,high,2,310,,dictionary/C/C-12.md,hz-007622-convertibility,sources/Hezareh_Dictionary_Index/source/Hezareh_Part_02_PDF_0251-0500.md#L7396-L7399,True
convertible,convertible,convertible,[],hz-007623,entry_candidate,raw_ocr,medium,2,310,,dictionary/C/C-12.md,hz-007623-convertible,sources/Hezareh_Dictionary_Index/source/Hezareh_Part_02_PDF_0251-0500.md#L7400-L7407,True
convex,convex,convex,[],hz-007624,entry_candidate,raw_ocr,medium,2,310,,dictionary/C/C-12.md,hz-007624-convex,sources/Hezareh_Dictionary_Index/source/Hezareh_Part_02_PDF_0251-0500.md#L7408-L7411,True
convexity,convexity,convexity,[],hz-007625,entry_candidate,raw_ocr,high,2,310,,dictionary/C/C-12.md,hz-007625-convexity,sources/Hezareh_Dictionary_Index/source/Hezareh_Part_02_PDF_0251-0500.md#L7412-L7415,True
convexly,convexly,convexly,[],hz-007626,entry_candidate,raw_ocr,medium,2,310,,dictionary/C/C-12.md,hz-007626-convexly,sources/Hezareh_Dictionary_Index/source/Hezareh_Part_02_PDF_0251-0500.md#L7416-L7419,True
convey,convey,convey,[],hz-007627,entry_candidate,raw_ocr,high,2,310,,dictionary/C/C-12.md,hz-007627-convey,sources/Hezareh_Dictionary_Index/source/Hezareh_Part_02_PDF_0251-0500.md#L7420-L7429,True
conveyance,conveyance,conveyance,[],hz-007628,entry_candidate,raw_ocr,high,2,310,,dictionary/C/C-12.md,hz-007628-conveyance,sources/Hezareh_Dictionary_Index/source/Hezareh_Part_02_PDF_0251-0500.md#L7430-L7435,True
conveyancer,conveyancer,conveyancer,[],hz-007629,entry_candidate,raw_ocr,medium,2,310,,dictionary/C/C-12.md,hz-007629-conveyancer,sources/Hezareh_Dictionary_Index/source/Hezareh_Part_02_PDF_0251-0500.md#L7436-L7456,True
conveyancing,conveyancing,conveyancing,[],hz-007630,entry_candidate,raw_ocr,hint_only,2,310,,dictionary/C/C-12.md,hz-007630-conveyancing,sources/Hezareh_Dictionary_Index/source/Hezareh_Part_02_PDF_0251-0500.md#L7299-L7299,False
conveyer,conveyer,conveyer,[],hz-007631,entry_candidate,raw_ocr,hint_only,2,310,,dictionary/C/C-12.md,hz-007631-conveyer,sources/Hezareh_Dictionary_Index/source/Hezareh_Part_02_PDF_0251-0500.md#L7299-L7299,False
conveyor,conveyor,conveyor,[],hz-007632,entry_candidate,raw_ocr,high,2,310,,dictionary/C/C-12.md,hz-007632-conveyor,sources/Hezareh_Dictionary_Index/source/Hezareh_Part_02_PDF_0251-0500.md#L7360-L7361,True
conveyor belt,conveyor belt,conveyor belt,[],hz-007633,entry_candidate,raw_ocr,high,2,311,,dictionary/C/C-12.md,hz-007633-conveyor-belt,sources/Hezareh_Dictionary_Index/source/Hezareh_Part_02_PDF_0251-0500.md#L7469-L7474,True
convictiOn,conviction,conviction,[],hz-007634,entry_candidate,raw_ocr,medium,2,311,,dictionary/C/C-12.md,hz-007634-conviction,sources/Hezareh_Dictionary_Index/source/Hezareh_Part_02_PDF_0251-0500.md#L7475-L7478,True
convince,convince,convince,[],hz-007636,entry_candidate,raw_ocr,medium,2,311,,dictionary/C/C-12.md,hz-007636-convince,sources/Hezareh_Dictionary_Index/source/Hezareh_Part_02_PDF_0251-0500.md#L7485-L7486,True
convinced,convinced,convinced,[],hz-007637,entry_candidate,raw_ocr,medium,2,311,,dictionary/C/C-12.md,hz-007637-convinced,sources/Hezareh_Dictionary_Index/source/Hezareh_Part_02_PDF_0251-0500.md#L7487-L7489,True
convincible,convincible,convincible,[],hz-007638,entry_candidate,raw_ocr,medium,2,311,,dictionary/C/C-12.md,hz-007638-convincible,sources/Hezareh_Dictionary_Index/source/Hezareh_Part_02_PDF_0251-0500.md#L7490-L7491,True
convincing,convincing,convincing,[],hz-007639,entry_candidate,raw_ocr,medium,2,311,,dictionary/C/C-12.md,hz-007639-convincing,sources/Hezareh_Dictionary_Index/source/Hezareh_Part_02_PDF_0251-0500.md#L7492-L7495,True
convincingly,convincingly,convincingly,[],hz-007640,entry_candidate,raw_ocr,low,2,311,,dictionary/C/C-12.md,hz-007640-convincingly,sources/Hezareh_Dictionary_Index/source/Hezareh_Part_02_PDF_0251-0500.md#L7496-L7499,True
convivial,convivial,convivial,[],hz-007641,entry_candidate,raw_ocr,medium,2,311,,dictionary/C/C-12.md,hz-007641-convivial,sources/Hezareh_Dictionary_Index/source/Hezareh_Part_02_PDF_0251-0500.md#L7500-L7504,True
conviviality,conviviality,conviviality,[],hz-007642,entry_candidate,raw_ocr,medium,2,311,,dictionary/C/C-12.md,hz-007642-conviviality,sources/Hezareh_Dictionary_Index/source/Hezareh_Part_02_PDF_0251-0500.md#L7505-L7508,True
convocation,convocation,convocation,[],hz-007643,entry_candidate,raw_ocr,medium,2,311,,dictionary/C/C-12.md,hz-007643-convocation,sources/Hezareh_Dictionary_Index/source/Hezareh_Part_02_PDF_0251-0500.md#L7509-L7511,True
convoke,convoke,convoke,[],hz-007644,entry_candidate,raw_ocr,medium,2,311,,dictionary/C/C-12.md,hz-007644-convoke,sources/Hezareh_Dictionary_Index/source/Hezareh_Part_02_PDF_0251-0500.md#L7512-L7514,True
convoluted,convoluted,convoluted,[],hz-007645,entry_candidate,raw_ocr,high,2,311,,dictionary/C/C-12.md,hz-007645-convoluted,sources/Hezareh_Dictionary_Index/source/Hezareh_Part_02_PDF_0251-0500.md#L7515-L7522,True
convolution,convolution,convolution,[],hz-007646,entry_candidate,raw_ocr,medium,2,311,,dictionary/C/C-12.md,hz-007646-convolution,sources/Hezareh_Dictionary_Index/source/Hezareh_Part_02_PDF_0251-0500.md#L7523-L7525,True
convolvulus,convolvulus,convolvulus,[],hz-007647,entry_candidate,raw_ocr,high,2,311,,dictionary/C/C-12.md,hz-007647-convolvulus,sources/Hezareh_Dictionary_Index/source/Hezareh_Part_02_PDF_0251-0500.md#L7526-L7529,True
convoy,convoy,convoy,[],hz-007648,entry_candidate,raw_ocr,medium,2,311,,dictionary/C/C-12.md,hz-007648-convoy,sources/Hezareh_Dictionary_Index/source/Hezareh_Part_02_PDF_0251-0500.md#L7530-L7542,True
convulse,convulse,convulse,[],hz-007649,entry_candidate,raw_ocr,hint_only,2,311,,dictionary/C/C-12.md,hz-007649-convulse,sources/Hezareh_Dictionary_Index/source/Hezareh_Part_02_PDF_0251-0500.md#L7460-L7460,False
convulsion,convulsion,convulsion,[],hz-007650,entry_candidate,raw_ocr,medium,2,311,,dictionary/C/C-12.md,hz-007650-convulsion,sources/Hezareh_Dictionary_Index/source/Hezareh_Part_02_PDF_0251-0500.md#L7543-L7548,True
convulsive,convulsive,convulsive,[],hz-007651,entry_candidate,raw_ocr,medium,2,311,,dictionary/C/C-12.md,hz-007651-convulsive,sources/Hezareh_Dictionary_Index/source/Hezareh_Part_02_PDF_0251-0500.md#L7549-L7553,True
convulsively,convulsively,convulsively,[],hz-007652,entry_candidate,raw_ocr,hint_only,2,311,,dictionary/C/C-12.md,hz-007652-convulsively,sources/Hezareh_Dictionary_Index/source/Hezareh_Part_02_PDF_0251-0500.md#L7460-L7460,False
cony,cony,cony,[],hz-007653,entry_candidate,raw_ocr,medium,2,311,,dictionary/C/C-12.md,hz-007653-cony,sources/Hezareh_Dictionary_Index/source/Hezareh_Part_02_PDF_0251-0500.md#L7554-L7561,True
coo,coo,coo,[],hz-007654,entry_candidate,raw_ocr,low,2,311,,dictionary/C/C-12.md,hz-007654-coo,sources/Hezareh_Dictionary_Index/source/Hezareh_Part_02_PDF_0251-0500.md#L7562-L7564,True
COOk,cook,cook,[],hz-007655,entry_candidate,raw_ocr,medium,2,311,,dictionary/C/C-12.md,hz-007655-cook,sources/Hezareh_Dictionary_Index/source/Hezareh_Part_02_PDF_0251-0500.md#L7565-L7568,True
cookbookt'kukbuk,cookbookt'kukbuk,cookbookt'kukbuk,[],hz-007656,entry_candidate,raw_ocr,hint_only,2,312,,dictionary/C/C-12.md,hz-007656-cookbookt-kukbuk,sources/Hezareh_Dictionary_Index/source/Hezareh_Part_02_PDF_0251-0500.md#L7572-L7572,False
cooker,cooker,cooker,[],hz-007657,entry_candidate,raw_ocr,medium,2,312,,dictionary/C/C-12.md,hz-007657-cooker,sources/Hezareh_Dictionary_Index/source/Hezareh_Part_02_PDF_0251-0500.md#L7602-L7606,True
cookery-bookt'kubn buk,cookery-bookt'kubn buk,cookery-bookt'kubn buk,[],hz-007659,entry_candidate,raw_ocr,hint_only,2,312,,dictionary/C/C-12.md,hz-007659-cookery-bookt-kubn-buk,sources/Hezareh_Dictionary_Index/source/Hezareh_Part_02_PDF_0251-0500.md#L7572-L7572,False
cookeryt'kubn,cookeryt'kubn,cookeryt'kubn,[],hz-007658,entry_candidate,raw_ocr,hint_only,2,312,,dictionary/C/C-12.md,hz-007658-cookeryt-kubn,sources/Hezareh_Dictionary_Index/source/Hezareh_Part_02_PDF_0251-0500.md#L7572-L7572,False
cookhouse,cookhouse,cookhouse,[],hz-007660,entry_candidate,raw_ocr,high,2,312,,dictionary/C/C-12.md,hz-007660-cookhouse,sources/Hezareh_Dictionary_Index/source/Hezareh_Part_02_PDF_0251-0500.md#L7607-L7608,True
cookie,cookie,cookie,[],hz-007661,entry_candidate,raw_ocr,high,2,312,,dictionary/C/C-12.md,hz-007661-cookie,sources/Hezareh_Dictionary_Index/source/Hezareh_Part_02_PDF_0251-0500.md#L7609-L7612,True
cooking,cooking,cooking,[],hz-007662,entry_candidate,raw_ocr,high,2,312,,dictionary/C/C-12.md,hz-007662-cooking,sources/Hezareh_Dictionary_Index/source/Hezareh_Part_02_PDF_0251-0500.md#L7613-L7613,True
cookware,cookware,cookware,[],hz-007665,entry_candidate,raw_ocr,medium,2,312,,dictionary/C/C-12.md,hz-007665-cookware,sources/Hezareh_Dictionary_Index/source/Hezareh_Part_02_PDF_0251-0500.md#L7614-L7615,True
cooky,cooky,cooky,[],hz-007663,entry_candidate,raw_ocr,medium,2,312,,dictionary/C/C-12.md,hz-007663-cooky,sources/Hezareh_Dictionary_Index/source/Hezareh_Part_02_PDF_0251-0500.md#L7616-L7642,True
COOl,cool,cool,[],hz-007664,entry_candidate,raw_ocr,high,2,312,,dictionary/C/C-12.md,hz-007664-cool,sources/Hezareh_Dictionary_Index/source/Hezareh_Part_02_PDF_0251-0500.md#L7643-L7655,True
cool,cool,cool,[],hz-007666,entry_candidate,raw_ocr,high,2,312,,dictionary/C/C-12.md,hz-007666-cool,sources/Hezareh_Dictionary_Index/source/Hezareh_Part_02_PDF_0251-0500.md#L7643-L7655,True
cool-headed,cool-headed,cool-headed,[],hz-007669,entry_candidate,raw_ocr,hint_only,2,312,,dictionary/C/C-12.md,hz-007669-cool-headed,sources/Hezareh_Dictionary_Index/source/Hezareh_Part_02_PDF_0251-0500.md#L7572-L7572,False
coolant,coolant,coolant,[],hz-007667,entry_candidate,raw_ocr,hint_only,2,312,,dictionary/C/C-12.md,hz-007667-coolant,sources/Hezareh_Dictionary_Index/source/Hezareh_Part_02_PDF_0251-0500.md#L7572-L7572,False
cooler,cooler,cooler,[],hz-007668,entry_candidate,raw_ocr,high,2,312,,dictionary/C/C-12.md,hz-007668-cooler,sources/Hezareh_Dictionary_Index/source/Hezareh_Part_02_PDF_0251-0500.md#L7656-L7661,True
cooling tower,cooling tower,cooling tower,[],hz-007671,entry_candidate,raw_ocr,high,2,312,,dictionary/C/C-12.md,hz-007671-cooling-tower,sources/Hezareh_Dictionary_Index/source/Hezareh_Part_02_PDF_0251-0500.md#L7664-L7665,True
cooling-off period,cooling-off period,cooling-off period,[],hz-007670,entry_candidate,raw_ocr,high,2,312,,dictionary/C/C-12.md,hz-007670-cooling-off-period,sources/Hezareh_Dictionary_Index/source/Hezareh_Part_02_PDF_0251-0500.md#L7662-L7663,True
coolly,coolly,coolly,[],hz-007672,entry_candidate,raw_ocr,high,2,312,,dictionary/C/C-12.md,hz-007672-coolly,sources/Hezareh_Dictionary_Index/source/Hezareh_Part_02_PDF_0251-0500.md#L7666-L7668,True
coolneSS,coolness,coolness,[],hz-007673,entry_candidate,raw_ocr,high,2,312,,dictionary/C/C-12.md,hz-007673-coolness,sources/Hezareh_Dictionary_Index/source/Hezareh_Part_02_PDF_0251-0500.md#L7669-L7674,True
COOn,coon,coon,[],hz-007674,entry_candidate,raw_ocr,hint_only,2,312,,dictionary/C/C-12.md,hz-007674-coon,sources/Hezareh_Dictionary_Index/source/Hezareh_Part_02_PDF_0251-0500.md#L7572-L7572,False
COOp,coop,coop,[],hz-007675,entry_candidate,raw_ocr,high,2,312,,dictionary/C/C-12.md,hz-007675-coop,sources/Hezareh_Dictionary_Index/source/Hezareh_Part_02_PDF_0251-0500.md#L7675-L7682,True
cooper,cooper,cooper,[],hz-007677,entry_candidate,raw_ocr,medium,2,313,,dictionary/C/C-12.md,hz-007677-cooper,sources/Hezareh_Dictionary_Index/source/Hezareh_Part_02_PDF_0251-0500.md#L7699-L7703,True
coordinately,coordinately,coordinately,[],hz-007683,entry_candidate,raw_ocr,high,2,313,,dictionary/C/C-12.md,hz-007683-coordinately,sources/Hezareh_Dictionary_Index/source/Hezareh_Part_02_PDF_0251-0500.md#L7739-L7741,True
cop,cop,cop,[],hz-007686,entry_candidate,raw_ocr,low,2,313,,dictionary/C/C-12.md,hz-007686-cop,sources/Hezareh_Dictionary_Index/source/Hezareh_Part_02_PDF_0251-0500.md#L7769-L7790,True
cop-out,cop-out,cop-out,[],hz-007699,entry_candidate,raw_ocr,medium,2,314,,dictionary/C/C-12.md,hz-007699-cop-out,sources/Hezareh_Dictionary_Index/source/Hezareh_Part_02_PDF_0251-0500.md#L7824-L7830,True
copeck,copeck,copeck,[],hz-007688,entry_candidate,raw_ocr,hint_only,2,313,,dictionary/C/C-12.md,hz-007688-copeck,sources/Hezareh_Dictionary_Index/source/Hezareh_Part_02_PDF_0251-0500.md#L7686-L7686,False
Copenhagen,copenhagen,copenhagen,[],hz-007689,entry_candidate,raw_ocr,medium,2,313,,dictionary/C/C-12.md,hz-007689-copenhagen,sources/Hezareh_Dictionary_Index/source/Hezareh_Part_02_PDF_0251-0500.md#L7791-L7792,True
Copernican,copernican,copernican,[],hz-007690,entry_candidate,raw_ocr,medium,2,313,,dictionary/C/C-12.md,hz-007690-copernican,sources/Hezareh_Dictionary_Index/source/Hezareh_Part_02_PDF_0251-0500.md#L7793-L7794,True
Copernicus,copernicus,copernicus,[],hz-007691,entry_candidate,raw_ocr,medium,2,313,,dictionary/C/C-12.md,hz-007691-copernicus,sources/Hezareh_Dictionary_Index/source/Hezareh_Part_02_PDF_0251-0500.md#L7795-L7795,True
copestone,copestone,copestone,[],hz-007692,entry_candidate,raw_ocr,high,2,313,,dictionary/C/C-12.md,hz-007692-copestone,sources/Hezareh_Dictionary_Index/source/Hezareh_Part_02_PDF_0251-0500.md#L7796-L7797,True
copier,copier,copier,[],hz-007693,entry_candidate,raw_ocr,medium,2,314,,dictionary/C/C-12.md,hz-007693-copier,sources/Hezareh_Dictionary_Index/source/Hezareh_Part_02_PDF_0251-0500.md#L7811-L7812,True
coping,coping,coping,[],hz-007695,entry_candidate,raw_ocr,medium,2,314,,dictionary/C/C-12.md,hz-007695-coping,sources/Hezareh_Dictionary_Index/source/Hezareh_Part_02_PDF_0251-0500.md#L7814-L7815,True
COping-StOne,coping-stone,coping-stone,[],hz-007696,entry_candidate,raw_ocr,medium,2,314,,dictionary/C/C-12.md,hz-007696-coping-stone,sources/Hezareh_Dictionary_Index/source/Hezareh_Part_02_PDF_0251-0500.md#L7816-L7818,True
copious,copious,copious,[],hz-007697,entry_candidate,raw_ocr,medium,2,314,,dictionary/C/C-12.md,hz-007697-copious,sources/Hezareh_Dictionary_Index/source/Hezareh_Part_02_PDF_0251-0500.md#L7819-L7820,True
copiously,copiously,copiously,[],hz-007698,entry_candidate,raw_ocr,high,2,314,,dictionary/C/C-12.md,hz-007698-copiously,sources/Hezareh_Dictionary_Index/source/Hezareh_Part_02_PDF_0251-0500.md#L7821-L7823,True
copper age,copper age,copper age,[],hz-007700,entry_candidate,raw_ocr,medium,2,314,,dictionary/C/C-12.md,hz-007700-copper-age,sources/Hezareh_Dictionary_Index/source/Hezareh_Part_02_PDF_0251-0500.md#L7831-L7831,True
copper beech,copper beech,copper beech,[],hz-007701,entry_candidate,raw_ocr,low,2,314,,dictionary/C/C-12.md,hz-007701-copper-beech,sources/Hezareh_Dictionary_Index/source/Hezareh_Part_02_PDF_0251-0500.md#L7832-L7832,True
copper-bottom,copper-bottom,copper-bottom,[],hz-007702,entry_candidate,raw_ocr,high,2,314,,dictionary/C/C-12.md,hz-007702-copper-bottom,sources/Hezareh_Dictionary_Index/source/Hezareh_Part_02_PDF_0251-0500.md#L7833-L7834,True
copper-bottomed,copper-bottomed,copper-bottomed,[],hz-007703,entry_candidate,raw_ocr,high,2,314,,dictionary/C/C-12.md,hz-007703-copper-bottomed,sources/Hezareh_Dictionary_Index/source/Hezareh_Part_02_PDF_0251-0500.md#L7835-L7839,True
copperhead,copperhead,copperhead,[],hz-007704,entry_candidate,raw_ocr,medium,2,314,,dictionary/C/C-12.md,hz-007704-copperhead,sources/Hezareh_Dictionary_Index/source/Hezareh_Part_02_PDF_0251-0500.md#L7840-L7842,True
copperplate handwriting,copperplate handwriting,copperplate handwriting,[],hz-007705,entry_candidate,raw_ocr,high,2,314,,dictionary/C/C-12.md,hz-007705-copperplate-handwriting,sources/Hezareh_Dictionary_Index/source/Hezareh_Part_02_PDF_0251-0500.md#L7843-L7844,True
coppersmith,coppersmith,coppersmith,[],hz-007706,entry_candidate,raw_ocr,medium,2,314,,dictionary/C/C-12.md,hz-007706-coppersmith,sources/Hezareh_Dictionary_Index/source/Hezareh_Part_02_PDF_0251-0500.md#L7845-L7845,True
coppery,coppery,coppery,[],hz-007707,entry_candidate,raw_ocr,medium,2,314,,dictionary/C/C-12.md,hz-007707-coppery,sources/Hezareh_Dictionary_Index/source/Hezareh_Part_02_PDF_0251-0500.md#L7846-L7847,True
coppice,coppice,coppice,[],hz-007708,entry_candidate,raw_ocr,medium,2,314,,dictionary/C/C-12.md,hz-007708-coppice,sources/Hezareh_Dictionary_Index/source/Hezareh_Part_02_PDF_0251-0500.md#L7848-L7848,True
copra,copra,copra,[],hz-007709,entry_candidate,raw_ocr,medium,2,314,,dictionary/C/C-12.md,hz-007709-copra,sources/Hezareh_Dictionary_Index/source/Hezareh_Part_02_PDF_0251-0500.md#L7849-L7849,True
copse,copse,copse,[],hz-007710,entry_candidate,raw_ocr,high,2,314,,dictionary/C/C-12.md,hz-007710-copse,sources/Hezareh_Dictionary_Index/source/Hezareh_Part_02_PDF_0251-0500.md#L7850-L7850,True
Copt,copt,copt,[],hz-007711,entry_candidate,raw_ocr,medium,2,314,,dictionary/C/C-12.md,hz-007711-copt,sources/Hezareh_Dictionary_Index/source/Hezareh_Part_02_PDF_0251-0500.md#L7851-L7852,True
Coptic,coptic,coptic,[],hz-007712,entry_candidate,raw_ocr,high,2,314,,dictionary/C/C-12.md,hz-007712-coptic,sources/Hezareh_Dictionary_Index/source/Hezareh_Part_02_PDF_0251-0500.md#L7853-L7854,True
Coptic Church,coptic church,coptic church,[],hz-007713,entry_candidate,raw_ocr,medium,2,314,,dictionary/C/C-12.md,hz-007713-coptic-church,sources/Hezareh_Dictionary_Index/source/Hezareh_Part_02_PDF_0251-0500.md#L7855-L7862,True
copula,copula,copula,[],hz-007714,entry_candidate,raw_ocr,high,2,314,,dictionary/C/C-12.md,hz-007714-copula,sources/Hezareh_Dictionary_Index/source/Hezareh_Part_02_PDF_0251-0500.md#L7863-L7864,True
copulate,copulate,copulate,[],hz-007715,entry_candidate,raw_ocr,high,2,314,,dictionary/C/C-12.md,hz-007715-copulate,sources/Hezareh_Dictionary_Index/source/Hezareh_Part_02_PDF_0251-0500.md#L7865-L7866,True
copulation,copulation,copulation,[],hz-007716,entry_candidate,raw_ocr,high,2,314,,dictionary/C/C-12.md,hz-007716-copulation,sources/Hezareh_Dictionary_Index/source/Hezareh_Part_02_PDF_0251-0500.md#L7867-L7868,True
copulative,copulative,copulative,[],hz-007717,entry_candidate,raw_ocr,high,2,314,,dictionary/C/C-12.md,hz-007717-copulative,sources/Hezareh_Dictionary_Index/source/Hezareh_Part_02_PDF_0251-0500.md#L7869-L7890,True
copy desk,copy desk,copy desk,[],hz-007719,entry_candidate,raw_ocr,high,2,314,,dictionary/C/C-12.md,hz-007719-copy-desk,sources/Hezareh_Dictionary_Index/source/Hezareh_Part_02_PDF_0251-0500.md#L7893-L7894,True
copy editor,copy editor,copy editor,[],hz-007720,entry_candidate,raw_ocr,high,2,314,,dictionary/C/C-12.md,hz-007720-copy-editor,sources/Hezareh_Dictionary_Index/source/Hezareh_Part_02_PDF_0251-0500.md#L7895-L7896,True
copy reader,copy reader,copy reader,[],hz-007724,entry_candidate,raw_ocr,high,2,314,,dictionary/C/C-12.md,hz-007724-copy-reader,sources/Hezareh_Dictionary_Index/source/Hezareh_Part_02_PDF_0251-0500.md#L7902-L7902,True
Copycat,copycat,copycat,[],hz-007718,entry_candidate,raw_ocr,high,2,314,,dictionary/C/C-12.md,hz-007718-copycat,sources/Hezareh_Dictionary_Index/source/Hezareh_Part_02_PDF_0251-0500.md#L7891-L7892,True
copyhold,copyhold,copyhold,[],hz-007721,entry_candidate,raw_ocr,high,2,314,,dictionary/C/C-12.md,hz-007721-copyhold,sources/Hezareh_Dictionary_Index/source/Hezareh_Part_02_PDF_0251-0500.md#L7897-L7898,True
copyholder,copyholder,copyholder,[],hz-007722,entry_candidate,raw_ocr,high,2,314,,dictionary/C/C-12.md,hz-007722-copyholder,sources/Hezareh_Dictionary_Index/source/Hezareh_Part_02_PDF_0251-0500.md#L7899-L7899,True
copyist,copyist,copyist,[],hz-007723,entry_candidate,raw_ocr,high,2,314,,dictionary/C/C-13.md,hz-007723-copyist,sources/Hezareh_Dictionary_Index/source/Hezareh_Part_02_PDF_0251-0500.md#L7900-L7901,True
copyright,copyright,copyright,[],hz-007725,entry_candidate,raw_ocr,high,2,314,,dictionary/C/C-13.md,hz-007725-copyright,sources/Hezareh_Dictionary_Index/source/Hezareh_Part_02_PDF_0251-0500.md#L7903-L7911,True
copywriter,copywriter,copywriter,[],hz-007726,entry_candidate,raw_ocr,high,2,315,,dictionary/C/C-13.md,hz-007726-copywriter,sources/Hezareh_Dictionary_Index/source/Hezareh_Part_02_PDF_0251-0500.md#L7924-L7928,True
coquette,coquette,coquette,[],hz-007727,entry_candidate,raw_ocr,medium,2,315,,dictionary/C/C-13.md,hz-007727-coquette,sources/Hezareh_Dictionary_Index/source/Hezareh_Part_02_PDF_0251-0500.md#L7929-L7930,True
coquettish,coquettish,coquettish,[],hz-007728,entry_candidate,raw_ocr,medium,2,315,,dictionary/C/C-13.md,hz-007728-coquettish,sources/Hezareh_Dictionary_Index/source/Hezareh_Part_02_PDF_0251-0500.md#L7931-L7938,True
cor anglais,cor anglais,cor anglais,[],hz-007732,entry_candidate,raw_ocr,high,2,315,,dictionary/C/C-13.md,hz-007732-cor-anglais,sources/Hezareh_Dictionary_Index/source/Hezareh_Part_02_PDF_0251-0500.md#L7943-L7952,True
cor-,cor-,cor-,[],hz-038784,entry_candidate,raw_ocr,medium,8,1961,,dictionary/C/C-13.md,hz-038784-cor,sources/Hezareh_Dictionary_Index/source/Hezareh_Part_08_PDF_1751-1976.md#L24817-L24817,True
cora,cora,cora,[],hz-007730,entry_candidate,raw_ocr,hint_only,2,315,,dictionary/C/C-13.md,hz-007730-cora,sources/Hezareh_Dictionary_Index/source/Hezareh_Part_02_PDF_0251-0500.md#L7915-L7915,False
coracle i'korakI,coracle i'koraki,coracle i'koraki,[],hz-007729,entry_candidate,raw_ocr,hint_only,2,315,,dictionary/C/C-13.md,hz-007729-coracle-i-koraki,sources/Hezareh_Dictionary_Index/source/Hezareh_Part_02_PDF_0251-0500.md#L7915-L7915,False
coral island,coral island,coral island,[],hz-007731,entry_candidate,raw_ocr,high,2,315,,dictionary/C/C-13.md,hz-007731-coral-island,sources/Hezareh_Dictionary_Index/source/Hezareh_Part_02_PDF_0251-0500.md#L7939-L7942,True
cord,cord,cord,[],hz-007733,entry_candidate,raw_ocr,hint_only,2,315,,dictionary/C/C-13.md,hz-007733-cord,sources/Hezareh_Dictionary_Index/source/Hezareh_Part_02_PDF_0251-0500.md#L7915-L7915,False
cord less,cord less,cord less,[],hz-007738,entry_candidate,raw_ocr,hint_only,2,315,,dictionary/C/C-13.md,hz-007738-cord-less,sources/Hezareh_Dictionary_Index/source/Hezareh_Part_02_PDF_0251-0500.md#L7915-L7915,False
cordage,cordage,cordage,[],hz-007734,entry_candidate,raw_ocr,medium,2,315,,dictionary/C/C-13.md,hz-007734-cordage,sources/Hezareh_Dictionary_Index/source/Hezareh_Part_02_PDF_0251-0500.md#L7953-L7959,True
cordiality,cordiality,cordiality,[],hz-007735,entry_candidate,raw_ocr,high,2,315,,dictionary/C/C-13.md,hz-007735-cordiality,sources/Hezareh_Dictionary_Index/source/Hezareh_Part_02_PDF_0251-0500.md#L7960-L7962,True
cordially,cordially,cordially,[],hz-007736,entry_candidate,raw_ocr,medium,2,315,,dictionary/C/C-13.md,hz-007736-cordially,sources/Hezareh_Dictionary_Index/source/Hezareh_Part_02_PDF_0251-0500.md#L7963-L7964,True
cordite,cordite,cordite,[],hz-007737,entry_candidate,raw_ocr,medium,2,315,,dictionary/C/C-13.md,hz-007737-cordite,sources/Hezareh_Dictionary_Index/source/Hezareh_Part_02_PDF_0251-0500.md#L7965-L7977,True
cords,cords,cords,[],hz-007739,entry_candidate,raw_ocr,medium,2,315,,dictionary/C/C-13.md,hz-007739-cords,sources/Hezareh_Dictionary_Index/source/Hezareh_Part_02_PDF_0251-0500.md#L7978-L7981,True
corduroy,corduroy,corduroy,[],hz-007740,entry_candidate,raw_ocr,medium,2,315,,dictionary/C/C-13.md,hz-007740-corduroy,sources/Hezareh_Dictionary_Index/source/Hezareh_Part_02_PDF_0251-0500.md#L7982-L7992,True
corduroy road,corduroy road,corduroy road,[],hz-007741,entry_candidate,raw_ocr,medium,2,315,,dictionary/C/C-13.md,hz-007741-corduroy-road,sources/Hezareh_Dictionary_Index/source/Hezareh_Part_02_PDF_0251-0500.md#L7982-L7992,True
core,core,core,[],hz-007742,entry_candidate,raw_ocr,high,2,315,,dictionary/C/C-13.md,hz-007742-core,sources/Hezareh_Dictionary_Index/source/Hezareh_Part_02_PDF_0251-0500.md#L7993-L7997,True
Core,core,core,[],hz-007743,entry_candidate,raw_ocr,high,2,315,,dictionary/C/C-13.md,hz-007743-core,sources/Hezareh_Dictionary_Index/source/Hezareh_Part_02_PDF_0251-0500.md#L7993-L7997,True
CORE,core,core,[],hz-007744,entry_candidate,raw_ocr,high,2,315,,dictionary/C/C-13.md,hz-007744-core,sources/Hezareh_Dictionary_Index/source/Hezareh_Part_02_PDF_0251-0500.md#L7993-L7997,True
corgi,corgi,corgi,[],hz-007747,entry_candidate,raw_ocr,low,2,315,,dictionary/C/C-13.md,hz-007747-corgi,sources/Hezareh_Dictionary_Index/source/Hezareh_Part_02_PDF_0251-0500.md#L8000-L8000,True
coriander,coriander,coriander,[],hz-007748,entry_candidate,raw_ocr,medium,2,315,,dictionary/C/C-13.md,hz-007748-coriander,sources/Hezareh_Dictionary_Index/source/Hezareh_Part_02_PDF_0251-0500.md#L8001-L8004,True
Corinth,corinth,corinth,[],hz-007749,entry_candidate,raw_ocr,hint_only,2,315,,dictionary/C/C-13.md,hz-007749-corinth,sources/Hezareh_Dictionary_Index/source/Hezareh_Part_02_PDF_0251-0500.md#L7915-L7915,False
Corinthian,corinthian,corinthian,[],hz-007750,entry_candidate,raw_ocr,low,2,315,,dictionary/C/C-13.md,hz-007750-corinthian,sources/Hezareh_Dictionary_Index/source/Hezareh_Part_02_PDF_0251-0500.md#L8005-L8008,True
cork,cork,cork,[],hz-007751,entry_candidate,raw_ocr,low,2,315,,dictionary/C/C-13.md,hz-007751-cork,sources/Hezareh_Dictionary_Index/source/Hezareh_Part_02_PDF_0251-0500.md#L8009-L8015,True
cork tree,cork tree,cork tree,[],hz-007757,entry_candidate,raw_ocr,high,2,316,,dictionary/C/C-13.md,hz-007757-cork-tree,sources/Hezareh_Dictionary_Index/source/Hezareh_Part_02_PDF_0251-0500.md#L8042-L8042,True
cork-oak,cork-oak,cork-oak,[],hz-007755,entry_candidate,raw_ocr,low,2,316,,dictionary/C/C-13.md,hz-007755-cork-oak,sources/Hezareh_Dictionary_Index/source/Hezareh_Part_02_PDF_0251-0500.md#L8042-L8042,True
corkage,corkage,corkage,[],hz-007752,entry_candidate,raw_ocr,medium,2,315,,dictionary/C/C-13.md,hz-007752-corkage,sources/Hezareh_Dictionary_Index/source/Hezareh_Part_02_PDF_0251-0500.md#L8016-L8016,True
corked,corked,corked,[],hz-007753,entry_candidate,raw_ocr,low,2,315,,dictionary/C/C-13.md,hz-007753-corked,sources/Hezareh_Dictionary_Index/source/Hezareh_Part_02_PDF_0251-0500.md#L8017-L8018,True
corker,corker,corker,[],hz-007754,entry_candidate,raw_ocr,medium,2,315,,dictionary/C/C-13.md,hz-007754-corker,sources/Hezareh_Dictionary_Index/source/Hezareh_Part_02_PDF_0251-0500.md#L8019-L8023,True
corkscrew,corkscrew,corkscrew,[],hz-007756,entry_candidate,raw_ocr,medium,2,316,,dictionary/C/C-13.md,hz-007756-corkscrew,sources/Hezareh_Dictionary_Index/source/Hezareh_Part_02_PDF_0251-0500.md#L8038-L8041,True
corm,corm,corm,[],hz-007758,entry_candidate,raw_ocr,high,2,316,,dictionary/C/C-13.md,hz-007758-corm,sources/Hezareh_Dictionary_Index/source/Hezareh_Part_02_PDF_0251-0500.md#L8043-L8043,True
cormorant,cormorant,cormorant,[],hz-007759,entry_candidate,raw_ocr,high,2,316,,dictionary/C/C-13.md,hz-007759-cormorant,sources/Hezareh_Dictionary_Index/source/Hezareh_Part_02_PDF_0251-0500.md#L8044-L8047,True
corn,corn,corn,[],hz-007760,entry_candidate,raw_ocr,high,2,316,,dictionary/C/C-13.md,hz-007760-corn,sources/Hezareh_Dictionary_Index/source/Hezareh_Part_02_PDF_0251-0500.md#L8048-L8054,True
corn on the cob,corn on the cob,corn on the cob,[],hz-007779,entry_candidate,raw_ocr,high,2,317,,dictionary/C/C-13.md,hz-007779-corn-on-the-cob,sources/Hezareh_Dictionary_Index/source/Hezareh_Part_02_PDF_0251-0500.md#L8154-L8154,True
corn pone,corn pone,corn pone,[],hz-007780,entry_candidate,raw_ocr,high,2,317,,dictionary/C/C-13.md,hz-007780-corn-pone,sources/Hezareh_Dictionary_Index/source/Hezareh_Part_02_PDF_0251-0500.md#L8155-L8155,True
corn whiskey,corn whiskey,corn whiskey,[],hz-007783,entry_candidate,raw_ocr,high,2,317,,dictionary/C/C-13.md,hz-007783-corn-whiskey,sources/Hezareh_Dictionary_Index/source/Hezareh_Part_02_PDF_0251-0500.md#L8160-L8161,True
corn-cob,corn-cob,corn-cob,[],hz-007761,entry_candidate,raw_ocr,high,2,316,,dictionary/C/C-13.md,hz-007761-corn-cob,sources/Hezareh_Dictionary_Index/source/Hezareh_Part_02_PDF_0251-0500.md#L8055-L8057,True
corn-exchange,corn-exchange,corn-exchange,[],hz-007772,entry_candidate,raw_ocr,high,2,316,,dictionary/C/C-13.md,hz-007772-corn-exchange,sources/Hezareh_Dictionary_Index/source/Hezareh_Part_02_PDF_0251-0500.md#L8123-L8123,True
cornea,cornea,cornea,[],hz-007762,entry_candidate,raw_ocr,hint_only,2,316,,dictionary/C/C-13.md,hz-007762-cornea,sources/Hezareh_Dictionary_Index/source/Hezareh_Part_02_PDF_0251-0500.md#L8027-L8027,False
corneal,corneal,corneal,[],hz-007763,entry_candidate,raw_ocr,high,2,316,,dictionary/C/C-13.md,hz-007763-corneal,sources/Hezareh_Dictionary_Index/source/Hezareh_Part_02_PDF_0251-0500.md#L8058-L8059,True
corned beef,corned beef,corned beef,[],hz-007764,entry_candidate,raw_ocr,high,2,316,,dictionary/C/C-13.md,hz-007764-corned-beef,sources/Hezareh_Dictionary_Index/source/Hezareh_Part_02_PDF_0251-0500.md#L8060-L8105,True
COrneJian,cornejian,cornejian,[],hz-007765,entry_candidate,raw_ocr,hint_only,2,316,,dictionary/C/C-13.md,hz-007765-cornejian,sources/Hezareh_Dictionary_Index/source/Hezareh_Part_02_PDF_0251-0500.md#L8027-L8027,False
corner kick,corner kick,corner kick,[],hz-007767,entry_candidate,raw_ocr,high,2,316,,dictionary/C/C-13.md,hz-007767-corner-kick,sources/Hezareh_Dictionary_Index/source/Hezareh_Part_02_PDF_0251-0500.md#L8108-L8108,True
corner shop,corner shop,corner shop,[],hz-007768,entry_candidate,raw_ocr,high,2,316,,dictionary/C/C-13.md,hz-007768-corner-shop,sources/Hezareh_Dictionary_Index/source/Hezareh_Part_02_PDF_0251-0500.md#L8109-L8109,True
cornered,cornered,cornered,[],hz-007766,entry_candidate,raw_ocr,high,2,316,,dictionary/C/C-13.md,hz-007766-cornered,sources/Hezareh_Dictionary_Index/source/Hezareh_Part_02_PDF_0251-0500.md#L8106-L8107,True
COrnerstone,cornerstone,cornerstone,[],hz-007769,entry_candidate,raw_ocr,high,2,316,,dictionary/C/C-13.md,hz-007769-cornerstone,sources/Hezareh_Dictionary_Index/source/Hezareh_Part_02_PDF_0251-0500.md#L8110-L8116,True
cornerways,cornerways,cornerways,[],hz-007770,entry_candidate,raw_ocr,low,2,316,,dictionary/C/C-13.md,hz-007770-cornerways,sources/Hezareh_Dictionary_Index/source/Hezareh_Part_02_PDF_0251-0500.md#L8117-L8122,True
cornerwise,cornerwise,cornerwise,[],hz-007771,entry_candidate,raw_ocr,hint_only,2,316,,dictionary/C/C-13.md,hz-007771-cornerwise,sources/Hezareh_Dictionary_Index/source/Hezareh_Part_02_PDF_0251-0500.md#L8027-L8027,False
cornflakes,cornflakes,cornflakes,[],hz-007773,entry_candidate,raw_ocr,high,2,316,,dictionary/C/C-13.md,hz-007773-cornflakes,sources/Hezareh_Dictionary_Index/source/Hezareh_Part_02_PDF_0251-0500.md#L8124-L8124,True
cornflour,cornflour,cornflour,[],hz-007774,entry_candidate,raw_ocr,high,2,316,,dictionary/C/C-13.md,hz-007774-cornflour,sources/Hezareh_Dictionary_Index/source/Hezareh_Part_02_PDF_0251-0500.md#L8125-L8126,True
cornflower,cornflower,cornflower,[],hz-007775,entry_candidate,raw_ocr,high,2,316,,dictionary/C/C-13.md,hz-007775-cornflower,sources/Hezareh_Dictionary_Index/source/Hezareh_Part_02_PDF_0251-0500.md#L8127-L8128,True
cornice,cornice,cornice,[],hz-007776,entry_candidate,raw_ocr,high,2,316,,dictionary/C/C-13.md,hz-007776-cornice,sources/Hezareh_Dictionary_Index/source/Hezareh_Part_02_PDF_0251-0500.md#L8129-L8135,True
Cornish,cornish,cornish,[],hz-007777,entry_candidate,raw_ocr,high,2,316,,dictionary/C/C-13.md,hz-007777-cornish,sources/Hezareh_Dictionary_Index/source/Hezareh_Part_02_PDF_0251-0500.md#L8136-L8140,True
Cornish pasty,cornish pasty,cornish pasty,[],hz-007778,entry_candidate,raw_ocr,high,2,316,,dictionary/C/C-13.md,hz-007778-cornish-pasty,sources/Hezareh_Dictionary_Index/source/Hezareh_Part_02_PDF_0251-0500.md#L8136-L8140,True
cornstarch,cornstarch,cornstarch,[],hz-007781,entry_candidate,raw_ocr,high,2,317,,dictionary/C/C-13.md,hz-007781-cornstarch,sources/Hezareh_Dictionary_Index/source/Hezareh_Part_02_PDF_0251-0500.md#L8156-L8156,True
cornucopia,cornucopia,cornucopia,[],hz-007782,entry_candidate,raw_ocr,high,2,317,,dictionary/C/C-13.md,hz-007782-cornucopia,sources/Hezareh_Dictionary_Index/source/Hezareh_Part_02_PDF_0251-0500.md#L8157-L8159,True
corny,corny,corny,[],hz-007784,entry_candidate,raw_ocr,high,2,317,,dictionary/C/C-13.md,hz-007784-corny,sources/Hezareh_Dictionary_Index/source/Hezareh_Part_02_PDF_0251-0500.md#L8162-L8164,True
corolla,corolla,corolla,[],hz-007785,entry_candidate,raw_ocr,high,2,317,,dictionary/C/C-13.md,hz-007785-corolla,sources/Hezareh_Dictionary_Index/source/Hezareh_Part_02_PDF_0251-0500.md#L8165-L8165,True
corollary,corollary,corollary,[],hz-007786,entry_candidate,raw_ocr,high,2,317,,dictionary/C/C-13.md,hz-007786-corollary,sources/Hezareh_Dictionary_Index/source/Hezareh_Part_02_PDF_0251-0500.md#L8166-L8167,True
corona,corona,corona,[],hz-007787,entry_candidate,raw_ocr,high,2,317,,dictionary/C/C-13.md,hz-007787-corona,sources/Hezareh_Dictionary_Index/source/Hezareh_Part_02_PDF_0251-0500.md#L8168-L8172,True
Corona Australis,corona australis,corona australis,[],hz-007788,entry_candidate,raw_ocr,high,2,317,,dictionary/C/C-13.md,hz-007788-corona-australis,sources/Hezareh_Dictionary_Index/source/Hezareh_Part_02_PDF_0251-0500.md#L8173-L8174,True
Corona Borealis,corona borealis,corona borealis,[],hz-007789,entry_candidate,raw_ocr,high,2,317,,dictionary/C/C-13.md,hz-007789-corona-borealis,sources/Hezareh_Dictionary_Index/source/Hezareh_Part_02_PDF_0251-0500.md#L8175-L8176,True
coronae,coronae,coronae,[],hz-007790,entry_candidate,raw_ocr,high,2,317,,dictionary/C/C-13.md,hz-007790-coronae,sources/Hezareh_Dictionary_Index/source/Hezareh_Part_02_PDF_0251-0500.md#L8177-L8177,True
coronary,coronary,coronary,[],hz-007791,entry_candidate,raw_ocr,high,2,317,,dictionary/C/C-13.md,hz-007791-coronary,sources/Hezareh_Dictionary_Index/source/Hezareh_Part_02_PDF_0251-0500.md#L8178-L8181,True
coronary artery,coronary artery,coronary artery,[],hz-007792,entry_candidate,raw_ocr,high,2,317,,dictionary/C/C-13.md,hz-007792-coronary-artery,sources/Hezareh_Dictionary_Index/source/Hezareh_Part_02_PDF_0251-0500.md#L8182-L8183,True
coronary heart disease,coronary heart disease,coronary heart disease,[],hz-007793,entry_candidate,raw_ocr,high,2,317,,dictionary/C/C-13.md,hz-007793-coronary-heart-disease,sources/Hezareh_Dictionary_Index/source/Hezareh_Part_02_PDF_0251-0500.md#L8184-L8185,True
coronary thrombosis,coronary thrombosis,coronary thrombosis,[],hz-007794,entry_candidate,raw_ocr,high,2,317,,dictionary/C/C-13.md,hz-007794-coronary-thrombosis,sources/Hezareh_Dictionary_Index/source/Hezareh_Part_02_PDF_0251-0500.md#L8186-L8188,True
coronatiOn,coronation,coronation,[],hz-007795,entry_candidate,raw_ocr,high,2,317,,dictionary/C/C-13.md,hz-007795-coronation,sources/Hezareh_Dictionary_Index/source/Hezareh_Part_02_PDF_0251-0500.md#L8189-L8190,True
coroner,coroner,coroner,[],hz-007796,entry_candidate,raw_ocr,high,2,317,,dictionary/C/C-13.md,hz-007796-coroner,sources/Hezareh_Dictionary_Index/source/Hezareh_Part_02_PDF_0251-0500.md#L8191-L8193,True
coroner's inquest,coroner's inquest,coroner's inquest,[],hz-007797,entry_candidate,raw_ocr,high,2,317,,dictionary/C/C-13.md,hz-007797-coroner-s-inquest,sources/Hezareh_Dictionary_Index/source/Hezareh_Part_02_PDF_0251-0500.md#L8194-L8195,True
coronet,coronet,coronet,[],hz-007798,entry_candidate,raw_ocr,high,2,317,,dictionary/C/C-13.md,hz-007798-coronet,sources/Hezareh_Dictionary_Index/source/Hezareh_Part_02_PDF_0251-0500.md#L8196-L8197,True
Corp,corp,corp,[],hz-007799,entry_candidate,raw_ocr,high,2,317,,dictionary/C/C-13.md,hz-007799-corp,sources/Hezareh_Dictionary_Index/source/Hezareh_Part_02_PDF_0251-0500.md#L8198-L8205,True
corpora,corpora,corpora,[],hz-007800,entry_candidate,raw_ocr,high,2,317,,dictionary/C/C-13.md,hz-007800-corpora,sources/Hezareh_Dictionary_Index/source/Hezareh_Part_02_PDF_0251-0500.md#L8206-L8210,True
corporal,corporal,corporal,[],hz-007801,entry_candidate,raw_ocr,high,2,317,,dictionary/C/C-13.md,hz-007801-corporal,sources/Hezareh_Dictionary_Index/source/Hezareh_Part_02_PDF_0251-0500.md#L8211-L8213,True
corporal punishment,corporal punishment,corporal punishment,[],hz-007802,entry_candidate,raw_ocr,high,2,317,,dictionary/C/C-13.md,hz-007802-corporal-punishment,sources/Hezareh_Dictionary_Index/source/Hezareh_Part_02_PDF_0251-0500.md#L8214-L8223,True
corporate,corporate,corporate,[],hz-007803,entry_candidate,raw_ocr,high,2,317,,dictionary/C/C-13.md,hz-007803-corporate,sources/Hezareh_Dictionary_Index/source/Hezareh_Part_02_PDF_0251-0500.md#L8224-L8229,True
corporation,corporation,corporation,[],hz-007804,entry_candidate,raw_ocr,high,2,317,,dictionary/C/C-13.md,hz-007804-corporation,sources/Hezareh_Dictionary_Index/source/Hezareh_Part_02_PDF_0251-0500.md#L8230-L8232,True
corporation tax,corporation tax,corporation tax,[],hz-007805,entry_candidate,raw_ocr,high,2,317,,dictionary/C/C-13.md,hz-007805-corporation-tax,sources/Hezareh_Dictionary_Index/source/Hezareh_Part_02_PDF_0251-0500.md#L8230-L8232,True
corporeal,corporeal,corporeal,[],hz-007806,entry_candidate,raw_ocr,medium,2,317,,dictionary/C/C-13.md,hz-007806-corporeal,sources/Hezareh_Dictionary_Index/source/Hezareh_Part_02_PDF_0251-0500.md#L8233-L8244,True
corpS,corps,corps,[],hz-007807,entry_candidate,raw_ocr,high,2,317,,dictionary/C/C-13.md,hz-007807-corps,sources/Hezareh_Dictionary_Index/source/Hezareh_Part_02_PDF_0251-0500.md#L8245-L8245,True
corps de ballet,corps de ballet,corps de ballet,[],hz-007808,entry_candidate,raw_ocr,high,2,317,,dictionary/C/C-13.md,hz-007808-corps-de-ballet,sources/Hezareh_Dictionary_Index/source/Hezareh_Part_02_PDF_0251-0500.md#L8245-L8245,True
corpse,corpse,corpse,[],hz-007809,entry_candidate,raw_ocr,high,2,317,,dictionary/C/C-13.md,hz-007809-corpse,sources/Hezareh_Dictionary_Index/source/Hezareh_Part_02_PDF_0251-0500.md#L8246-L8246,True
corpulence,corpulence,corpulence,[],hz-007810,entry_candidate,raw_ocr,high,2,317,,dictionary/C/C-13.md,hz-007810-corpulence,sources/Hezareh_Dictionary_Index/source/Hezareh_Part_02_PDF_0251-0500.md#L8247-L8248,True
corpulent,corpulent,corpulent,[],hz-007811,entry_candidate,raw_ocr,high,2,317,,dictionary/C/C-13.md,hz-007811-corpulent,sources/Hezareh_Dictionary_Index/source/Hezareh_Part_02_PDF_0251-0500.md#L8249-L8251,True
corpUS,corpus,corpus,[],hz-007812,entry_candidate,raw_ocr,high,2,317,,dictionary/C/C-13.md,hz-007812-corpus,sources/Hezareh_Dictionary_Index/source/Hezareh_Part_02_PDF_0251-0500.md#L8252-L8256,True
corpuscle,corpuscle,corpuscle,[],hz-007813,entry_candidate,raw_ocr,high,2,317,,dictionary/C/C-13.md,hz-007813-corpuscle,sources/Hezareh_Dictionary_Index/source/Hezareh_Part_02_PDF_0251-0500.md#L8257-L8261,True
corpuscular,corpuscular,corpuscular,[],hz-007814,entry_candidate,raw_ocr,medium,2,317,,dictionary/C/C-13.md,hz-007814-corpuscular,sources/Hezareh_Dictionary_Index/source/Hezareh_Part_02_PDF_0251-0500.md#L8262-L8262,True
corral,corral,corral,[],hz-007815,entry_candidate,raw_ocr,low,2,317,,dictionary/C/C-13.md,hz-007815-corral,sources/Hezareh_Dictionary_Index/source/Hezareh_Part_02_PDF_0251-0500.md#L8263-L8271,True
correct-,correct-,correct-,[],hz-007816,entry_candidate,raw_ocr,hint_only,2,318,,dictionary/C/C-13.md,hz-007816-correct,sources/Hezareh_Dictionary_Index/source/Hezareh_Part_02_PDF_0251-0500.md#L8275-L8275,False
correction,correction,correction,[],hz-007817,entry_candidate,raw_ocr,medium,2,318,,dictionary/C/C-13.md,hz-007817-correction,sources/Hezareh_Dictionary_Index/source/Hezareh_Part_02_PDF_0251-0500.md#L8298-L8303,True
correctitude,correctitude,correctitude,[],hz-007818,entry_candidate,raw_ocr,high,2,318,,dictionary/C/C-13.md,hz-007818-correctitude,sources/Hezareh_Dictionary_Index/source/Hezareh_Part_02_PDF_0251-0500.md#L8304-L8305,True
corrective,corrective,corrective,[],hz-007819,entry_candidate,raw_ocr,medium,2,318,,dictionary/C/C-13.md,hz-007819-corrective,sources/Hezareh_Dictionary_Index/source/Hezareh_Part_02_PDF_0251-0500.md#L8306-L8317,True
correctly,correctly,correctly,[],hz-007820,entry_candidate,raw_ocr,hint_only,2,318,,dictionary/C/C-13.md,hz-007820-correctly,sources/Hezareh_Dictionary_Index/source/Hezareh_Part_02_PDF_0251-0500.md#L8275-L8275,False
correlate,correlate,correlate,[],hz-007821,entry_candidate,raw_ocr,medium,2,318,,dictionary/C/C-13.md,hz-007821-correlate,sources/Hezareh_Dictionary_Index/source/Hezareh_Part_02_PDF_0251-0500.md#L8318-L8323,True
correlation,correlation,correlation,[],hz-007822,entry_candidate,raw_ocr,medium,2,318,,dictionary/C/C-13.md,hz-007822-correlation,sources/Hezareh_Dictionary_Index/source/Hezareh_Part_02_PDF_0251-0500.md#L8324-L8325,True
correlative,correlative,correlative,[],hz-007823,entry_candidate,raw_ocr,medium,2,318,,dictionary/C/C-13.md,hz-007823-correlative,sources/Hezareh_Dictionary_Index/source/Hezareh_Part_02_PDF_0251-0500.md#L8326-L8327,True
correspond,correspond,correspond,[],hz-007824,entry_candidate,raw_ocr,high,2,318,,dictionary/C/C-13.md,hz-007824-correspond,sources/Hezareh_Dictionary_Index/source/Hezareh_Part_02_PDF_0251-0500.md#L8328-L8347,True
correspondence,correspondence,correspondence,[],hz-007825,entry_candidate,raw_ocr,high,2,318,,dictionary/C/C-13.md,hz-007825-correspondence,sources/Hezareh_Dictionary_Index/source/Hezareh_Part_02_PDF_0251-0500.md#L8348-L8350,True
correspondence column,correspondence column,correspondence column,[],hz-007826,entry_candidate,raw_ocr,high,2,318,,dictionary/C/C-13.md,hz-007826-correspondence-column,sources/Hezareh_Dictionary_Index/source/Hezareh_Part_02_PDF_0251-0500.md#L8348-L8350,True
correspondence course,correspondence course,correspondence course,[],hz-007827,entry_candidate,raw_ocr,medium,2,318,,dictionary/C/C-13.md,hz-007827-correspondence-course,sources/Hezareh_Dictionary_Index/source/Hezareh_Part_02_PDF_0251-0500.md#L8351-L8352,True
correspondent,correspondent,correspondent,[],hz-007828,entry_candidate,raw_ocr,medium,2,318,,dictionary/C/C-13.md,hz-007828-correspondent,sources/Hezareh_Dictionary_Index/source/Hezareh_Part_02_PDF_0251-0500.md#L8353-L8358,True
corresponding,corresponding,corresponding,[],hz-007829,entry_candidate,raw_ocr,high,2,318,,dictionary/C/C-13.md,hz-007829-corresponding,sources/Hezareh_Dictionary_Index/source/Hezareh_Part_02_PDF_0251-0500.md#L8359-L8361,True
correspondingly,correspondingly,correspondingly,[],hz-007830,entry_candidate,raw_ocr,medium,2,318,,dictionary/C/C-13.md,hz-007830-correspondingly,sources/Hezareh_Dictionary_Index/source/Hezareh_Part_02_PDF_0251-0500.md#L8362-L8363,True
corridor,corridor,corridor,[],hz-007831,entry_candidate,raw_ocr,high,2,318,,dictionary/C/C-13.md,hz-007831-corridor,sources/Hezareh_Dictionary_Index/source/Hezareh_Part_02_PDF_0251-0500.md#L8364-L8369,True
corrigenda,corrigenda,corrigenda,[],hz-007832,entry_candidate,raw_ocr,low,2,318,,dictionary/C/C-13.md,hz-007832-corrigenda,sources/Hezareh_Dictionary_Index/source/Hezareh_Part_02_PDF_0251-0500.md#L8370-L8371,True
corrigendum,corrigendum,corrigendum,[],hz-007833,entry_candidate,raw_ocr,high,2,318,,dictionary/C/C-13.md,hz-007833-corrigendum,sources/Hezareh_Dictionary_Index/source/Hezareh_Part_02_PDF_0251-0500.md#L8370-L8371,True
corrigible,corrigible,corrigible,[],hz-007834,entry_candidate,raw_ocr,high,2,318,,dictionary/C/C-13.md,hz-007834-corrigible,sources/Hezareh_Dictionary_Index/source/Hezareh_Part_02_PDF_0251-0500.md#L8372-L8374,True
corroborant,corroborant,corroborant,[],hz-007835,entry_candidate,raw_ocr,high,2,318,,dictionary/C/C-13.md,hz-007835-corroborant,sources/Hezareh_Dictionary_Index/source/Hezareh_Part_02_PDF_0251-0500.md#L8375-L8379,True
corroboration,corroboration,corroboration,[],hz-007836,entry_candidate,raw_ocr,high,2,318,,dictionary/C/C-13.md,hz-007836-corroboration,sources/Hezareh_Dictionary_Index/source/Hezareh_Part_02_PDF_0251-0500.md#L8380-L8386,True
corroborative,corroborative,corroborative,[],hz-007837,entry_candidate,raw_ocr,high,2,319,,dictionary/C/C-13.md,hz-007837-corroborative,sources/Hezareh_Dictionary_Index/source/Hezareh_Part_02_PDF_0251-0500.md#L8400-L8401,True
corroboratory,corroboratory,corroboratory,[],hz-007838,entry_candidate,raw_ocr,high,2,319,,dictionary/C/C-13.md,hz-007838-corroboratory,sources/Hezareh_Dictionary_Index/source/Hezareh_Part_02_PDF_0251-0500.md#L8402-L8402,True
corrode,corrode,corrode,[],hz-007839,entry_candidate,raw_ocr,medium,2,319,,dictionary/C/C-13.md,hz-007839-corrode,sources/Hezareh_Dictionary_Index/source/Hezareh_Part_02_PDF_0251-0500.md#L8403-L8410,True
corrosiVe,corrosive,corrosive,[],hz-007840,entry_candidate,raw_ocr,medium,2,319,,dictionary/C/C-13.md,hz-007840-corrosive,sources/Hezareh_Dictionary_Index/source/Hezareh_Part_02_PDF_0251-0500.md#L8411-L8420,True
corrugate,corrugate,corrugate,[],hz-007841,entry_candidate,raw_ocr,hint_only,2,319,,dictionary/C/C-13.md,hz-007841-corrugate,sources/Hezareh_Dictionary_Index/source/Hezareh_Part_02_PDF_0251-0500.md#L8390-L8390,False
corrugated,corrugated,corrugated,[],hz-007842,entry_candidate,raw_ocr,medium,2,319,,dictionary/C/C-13.md,hz-007842-corrugated,sources/Hezareh_Dictionary_Index/source/Hezareh_Part_02_PDF_0251-0500.md#L8421-L8443,True
COrrugatiOn,corrugation,corrugation,[],hz-007843,entry_candidate,raw_ocr,hint_only,2,319,,dictionary/C/C-13.md,hz-007843-corrugation,sources/Hezareh_Dictionary_Index/source/Hezareh_Part_02_PDF_0251-0500.md#L8390-L8390,False
corrupt',corrupt',corrupt',[],hz-007844,entry_candidate,raw_ocr,hint_only,2,319,,dictionary/C/C-13.md,hz-007844-corrupt,sources/Hezareh_Dictionary_Index/source/Hezareh_Part_02_PDF_0251-0500.md#L8390-L8390,False
corruptibility,corruptibility,corruptibility,[],hz-007845,entry_candidate,raw_ocr,medium,2,319,,dictionary/C/C-13.md,hz-007845-corruptibility,sources/Hezareh_Dictionary_Index/source/Hezareh_Part_02_PDF_0251-0500.md#L8444-L8451,True
corruptible,corruptible,corruptible,[],hz-007846,entry_candidate,raw_ocr,high,2,319,,dictionary/C/C-13.md,hz-007846-corruptible,sources/Hezareh_Dictionary_Index/source/Hezareh_Part_02_PDF_0251-0500.md#L8452-L8455,True
corruption,corruption,corruption,[],hz-007847,entry_candidate,raw_ocr,high,2,319,,dictionary/C/C-13.md,hz-007847-corruption,sources/Hezareh_Dictionary_Index/source/Hezareh_Part_02_PDF_0251-0500.md#L8456-L8461,True
corruptly,corruptly,corruptly,[],hz-007848,entry_candidate,raw_ocr,high,2,319,,dictionary/C/C-13.md,hz-007848-corruptly,sources/Hezareh_Dictionary_Index/source/Hezareh_Part_02_PDF_0251-0500.md#L8462-L8467,True
corruptneSS,corruptness,corruptness,[],hz-007849,entry_candidate,raw_ocr,medium,2,319,,dictionary/C/C-13.md,hz-007849-corruptness,sources/Hezareh_Dictionary_Index/source/Hezareh_Part_02_PDF_0251-0500.md#L8468-L8471,True
cors anglais,cors anglais,cors anglais,[],hz-007852,entry_candidate,raw_ocr,high,2,319,,dictionary/C/C-13.md,hz-007852-cors-anglais,sources/Hezareh_Dictionary_Index/source/Hezareh_Part_02_PDF_0251-0500.md#L8480-L8483,True
corsage,corsage,corsage,[],hz-007850,entry_candidate,raw_ocr,medium,2,319,,dictionary/C/C-13.md,hz-007850-corsage,sources/Hezareh_Dictionary_Index/source/Hezareh_Part_02_PDF_0251-0500.md#L8472-L8475,True
corsair,corsair,corsair,[],hz-007851,entry_candidate,raw_ocr,medium,2,319,,dictionary/C/C-13.md,hz-007851-corsair,sources/Hezareh_Dictionary_Index/source/Hezareh_Part_02_PDF_0251-0500.md#L8476-L8479,True
corse,corse,corse,[],hz-007853,entry_candidate,raw_ocr,high,2,319,,dictionary/C/C-13.md,hz-007853-corse,sources/Hezareh_Dictionary_Index/source/Hezareh_Part_02_PDF_0251-0500.md#L8484-L8485,True
corselet,corselet,corselet,[],hz-007854,entry_candidate,raw_ocr,high,2,319,,dictionary/C/C-13.md,hz-007854-corselet,sources/Hezareh_Dictionary_Index/source/Hezareh_Part_02_PDF_0251-0500.md#L8486-L8487,True
corset,corset,corset,[],hz-007855,entry_candidate,raw_ocr,high,2,319,,dictionary/C/C-13.md,hz-007855-corset,sources/Hezareh_Dictionary_Index/source/Hezareh_Part_02_PDF_0251-0500.md#L8488-L8491,True
corslet,corslet,corslet,[],hz-007856,entry_candidate,raw_ocr,high,2,319,,dictionary/C/C-13.md,hz-007856-corslet,sources/Hezareh_Dictionary_Index/source/Hezareh_Part_02_PDF_0251-0500.md#L8492-L8493,True
cortege,cortege,cortege,[],hz-007857,entry_candidate,raw_ocr,medium,2,319,,dictionary/C/C-13.md,hz-007857-cortege,sources/Hezareh_Dictionary_Index/source/Hezareh_Part_02_PDF_0251-0500.md#L8494-L8501,True
corteqe,corteqe,corteqe,[],hz-007858,entry_candidate,raw_ocr,hint_only,2,319,,dictionary/C/C-13.md,hz-007858-corteqe,sources/Hezareh_Dictionary_Index/source/Hezareh_Part_02_PDF_0251-0500.md#L8390-L8390,False
cortex,cortex,cortex,[],hz-007859,entry_candidate,raw_ocr,high,2,319,,dictionary/C/C-13.md,hz-007859-cortex,sources/Hezareh_Dictionary_Index/source/Hezareh_Part_02_PDF_0251-0500.md#L8502-L8507,True
cortical,cortical,cortical,[],hz-007860,entry_candidate,raw_ocr,medium,2,319,,dictionary/C/C-13.md,hz-007860-cortical,sources/Hezareh_Dictionary_Index/source/Hezareh_Part_02_PDF_0251-0500.md#L8508-L8513,True
cortices,cortices,cortices,[],hz-007861,entry_candidate,raw_ocr,high,2,319,,dictionary/C/C-13.md,hz-007861-cortices,sources/Hezareh_Dictionary_Index/source/Hezareh_Part_02_PDF_0251-0500.md#L8514-L8515,True
cortisone,cortisone,cortisone,[],hz-007862,entry_candidate,raw_ocr,high,2,319,,dictionary/C/C-13.md,hz-007862-cortisone,sources/Hezareh_Dictionary_Index/source/Hezareh_Part_02_PDF_0251-0500.md#L8516-L8517,True
corundum,corundum,corundum,[],hz-007863,entry_candidate,raw_ocr,high,2,319,,dictionary/C/C-13.md,hz-007863-corundum,sources/Hezareh_Dictionary_Index/source/Hezareh_Part_02_PDF_0251-0500.md#L8518-L8533,True
COrUSCate,coruscate,coruscate,[],hz-007866,entry_candidate,raw_ocr,hint_only,2,319,,dictionary/C/C-13.md,hz-007866-coruscate,sources/Hezareh_Dictionary_Index/source/Hezareh_Part_02_PDF_0251-0500.md#L8390-L8390,False
corvee,corvee,corvee,[],hz-007864,entry_candidate,raw_ocr,hint_only,2,319,,dictionary/C/C-13.md,hz-007864-corvee,sources/Hezareh_Dictionary_Index/source/Hezareh_Part_02_PDF_0251-0500.md#L8390-L8390,False
corvette,corvette,corvette,[],hz-007865,entry_candidate,raw_ocr,medium,2,319,,dictionary/C/C-13.md,hz-007865-corvette,sources/Hezareh_Dictionary_Index/source/Hezareh_Part_02_PDF_0251-0500.md#L8534-L8544,True
corymb,corymb,corymb,[],hz-007867,entry_candidate,raw_ocr,hint_only,2,319,,dictionary/C/C-13.md,hz-007867-corymb,sources/Hezareh_Dictionary_Index/source/Hezareh_Part_02_PDF_0251-0500.md#L8390-L8390,False
COS,cos,cos,[],hz-007868,entry_candidate,raw_ocr,hint_only,2,319,,dictionary/C/C-13.md,hz-007868-cos,sources/Hezareh_Dictionary_Index/source/Hezareh_Part_02_PDF_0251-0500.md#L8390-L8390,False
cos lettuce,cos lettuce,cos lettuce,[],hz-007883,entry_candidate,raw_ocr,high,2,320,,dictionary/C/C-13.md,hz-007883-cos-lettuce,sources/Hezareh_Dictionary_Index/source/Hezareh_Part_02_PDF_0251-0500.md#L8570-L8570,True
cosec,cosec,cosec,[],hz-007869,entry_candidate,raw_ocr,hint_only,2,320,,dictionary/C/C-13.md,hz-007869-cosec,sources/Hezareh_Dictionary_Index/source/Hezareh_Part_02_PDF_0251-0500.md#L8548-L8548,False
cosecant,cosecant,cosecant,[],hz-007876,entry_candidate,raw_ocr,high,2,320,,dictionary/C/C-13.md,hz-007876-cosecant,sources/Hezareh_Dictionary_Index/source/Hezareh_Part_02_PDF_0251-0500.md#L8560-L8561,True
cosh,cosh,cosh,[],hz-007877,entry_candidate,raw_ocr,high,2,320,,dictionary/C/C-13.md,hz-007877-cosh,sources/Hezareh_Dictionary_Index/source/Hezareh_Part_02_PDF_0251-0500.md#L8562-L8564,True
cosily,cosily,cosily,[],hz-007880,entry_candidate,raw_ocr,high,2,320,,dictionary/C/C-13.md,hz-007880-cosily,sources/Hezareh_Dictionary_Index/source/Hezareh_Part_02_PDF_0251-0500.md#L8567-L8567,True
cosine,cosine,cosine,[],hz-007881,entry_candidate,raw_ocr,high,2,320,,dictionary/C/C-13.md,hz-007881-cosine,sources/Hezareh_Dictionary_Index/source/Hezareh_Part_02_PDF_0251-0500.md#L8568-L8568,True
cosiness,cosiness,cosiness,[],hz-007882,entry_candidate,raw_ocr,high,2,320,,dictionary/C/C-13.md,hz-007882-cosiness,sources/Hezareh_Dictionary_Index/source/Hezareh_Part_02_PDF_0251-0500.md#L8569-L8569,True
cosmetiC,cosmetic,cosmetic,[],hz-007884,entry_candidate,raw_ocr,high,2,320,,dictionary/C/C-13.md,hz-007884-cosmetic,sources/Hezareh_Dictionary_Index/source/Hezareh_Part_02_PDF_0251-0500.md#L8571-L8573,True
cosmetic surgery,cosmetic surgery,cosmetic surgery,[],hz-007887,entry_candidate,raw_ocr,high,2,320,,dictionary/C/C-13.md,hz-007887-cosmetic-surgery,sources/Hezareh_Dictionary_Index/source/Hezareh_Part_02_PDF_0251-0500.md#L8578-L8579,True
cosmetically,cosmetically,cosmetically,[],hz-007885,entry_candidate,raw_ocr,high,2,320,,dictionary/C/C-13.md,hz-007885-cosmetically,sources/Hezareh_Dictionary_Index/source/Hezareh_Part_02_PDF_0251-0500.md#L8574-L8575,True
cosmetician,cosmetician,cosmetician,[],hz-007886,entry_candidate,raw_ocr,high,2,320,,dictionary/C/C-13.md,hz-007886-cosmetician,sources/Hezareh_Dictionary_Index/source/Hezareh_Part_02_PDF_0251-0500.md#L8576-L8577,True
COSmiC,cosmic,cosmic,[],hz-007888,entry_candidate,raw_ocr,high,2,320,,dictionary/C/C-13.md,hz-007888-cosmic,sources/Hezareh_Dictionary_Index/source/Hezareh_Part_02_PDF_0251-0500.md#L8580-L8581,True
cosmic dust,cosmic dust,cosmic dust,[],hz-007870,entry_candidate,raw_ocr,high,2,320,,dictionary/C/C-13.md,hz-007870-cosmic-dust,sources/Hezareh_Dictionary_Index/source/Hezareh_Part_02_PDF_0251-0500.md#L8582-L8582,True
cosmic ray,cosmic ray,cosmic ray,[],hz-007871,entry_candidate,raw_ocr,high,2,320,,dictionary/C/C-13.md,hz-007871-cosmic-ray,sources/Hezareh_Dictionary_Index/source/Hezareh_Part_02_PDF_0251-0500.md#L8583-L8583,True
cosmogony,cosmogony,cosmogony,[],hz-007872,entry_candidate,raw_ocr,high,2,320,,dictionary/C/C-13.md,hz-007872-cosmogony,sources/Hezareh_Dictionary_Index/source/Hezareh_Part_02_PDF_0251-0500.md#L8584-L8585,True
cosmography,cosmography,cosmography,[],hz-007873,entry_candidate,raw_ocr,high,2,320,,dictionary/C/C-13.md,hz-007873-cosmography,sources/Hezareh_Dictionary_Index/source/Hezareh_Part_02_PDF_0251-0500.md#L8586-L8586,True
cosmologist,cosmologist,cosmologist,[],hz-007874,entry_candidate,raw_ocr,high,2,320,,dictionary/C/C-13.md,hz-007874-cosmologist,sources/Hezareh_Dictionary_Index/source/Hezareh_Part_02_PDF_0251-0500.md#L8587-L8587,True
cosmology,cosmology,cosmology,[],hz-007875,entry_candidate,raw_ocr,high,2,320,,dictionary/C/C-13.md,hz-007875-cosmology,sources/Hezareh_Dictionary_Index/source/Hezareh_Part_02_PDF_0251-0500.md#L8588-L8589,True
cosmonaut,cosmonaut,cosmonaut,[],hz-007889,entry_candidate,raw_ocr,high,2,320,,dictionary/C/C-13.md,hz-007889-cosmonaut,sources/Hezareh_Dictionary_Index/source/Hezareh_Part_02_PDF_0251-0500.md#L8590-L8590,True
cosmopolitan,cosmopolitan,cosmopolitan,[],hz-007890,entry_candidate,raw_ocr,high,2,320,,dictionary/C/C-13.md,hz-007890-cosmopolitan,sources/Hezareh_Dictionary_Index/source/Hezareh_Part_02_PDF_0251-0500.md#L8591-L8596,True
Cossack,cossack,cossack,[],hz-007891,entry_candidate,raw_ocr,high,2,320,,dictionary/C/C-13.md,hz-007891-cossack,sources/Hezareh_Dictionary_Index/source/Hezareh_Part_02_PDF_0251-0500.md#L8597-L8597,True
cosset,cosset,cosset,[],hz-007892,entry_candidate,raw_ocr,high,2,320,,dictionary/C/C-13.md,hz-007892-cosset,sources/Hezareh_Dictionary_Index/source/Hezareh_Part_02_PDF_0251-0500.md#L8598-L8600,True
cost,cost,cost,[],hz-007893,entry_candidate,raw_ocr,high,2,320,,dictionary/C/C-13.md,hz-007893-cost,sources/Hezareh_Dictionary_Index/source/Hezareh_Part_02_PDF_0251-0500.md#L8601-L8644,True
COSt accountant,cost accountant,cost accountant,[],hz-007895,entry_candidate,raw_ocr,high,2,321,,dictionary/C/C-13.md,hz-007895-cost-accountant,sources/Hezareh_Dictionary_Index/source/Hezareh_Part_02_PDF_0251-0500.md#L8698-L8699,True
cost accounting,cost accounting,cost accounting,[],hz-007896,entry_candidate,raw_ocr,high,2,321,,dictionary/C/C-13.md,hz-007896-cost-accounting,sources/Hezareh_Dictionary_Index/source/Hezareh_Part_02_PDF_0251-0500.md#L8700-L8701,True
cost of living,cost of living,cost of living,[],hz-007907,entry_candidate,raw_ocr,high,2,321,,dictionary/C/C-13.md,hz-007907-cost-of-living,sources/Hezareh_Dictionary_Index/source/Hezareh_Part_02_PDF_0251-0500.md#L8740-L8741,True
cost-benefit,cost-benefit,cost-benefit,[],hz-007898,entry_candidate,raw_ocr,high,2,321,,dictionary/C/C-13.md,hz-007898-cost-benefit,sources/Hezareh_Dictionary_Index/source/Hezareh_Part_02_PDF_0251-0500.md#L8709-L8716,True
cost-cuttinq,cost-cuttinq,cost-cuttinq,[],hz-007899,entry_candidate,raw_ocr,hint_only,2,321,,dictionary/C/C-13.md,hz-007899-cost-cuttinq,sources/Hezareh_Dictionary_Index/source/Hezareh_Part_02_PDF_0251-0500.md#L8663-L8663,False
COSt-effectiVe,cost-effective,cost-effective,[],hz-007900,entry_candidate,raw_ocr,hint_only,2,321,,dictionary/C/C-13.md,hz-007900-cost-effective,sources/Hezareh_Dictionary_Index/source/Hezareh_Part_02_PDF_0251-0500.md#L8663-L8663,False
COSt-effectiveneSS,cost-effectiveness,cost-effectiveness,[],hz-007901,entry_candidate,raw_ocr,high,2,321,,dictionary/C/C-13.md,hz-007901-cost-effectiveness,sources/Hezareh_Dictionary_Index/source/Hezareh_Part_02_PDF_0251-0500.md#L8717-L8718,True
cost-of-living allowance,cost-of-living allowance,cost-of-living allowance,[],hz-007908,entry_candidate,raw_ocr,high,2,321,,dictionary/C/C-13.md,hz-007908-cost-of-living-allowance,sources/Hezareh_Dictionary_Index/source/Hezareh_Part_02_PDF_0251-0500.md#L8742-L8743,True
cost-of-living index,cost-of-living index,cost-of-living index,[],hz-007909,entry_candidate,raw_ocr,high,2,321,,dictionary/C/C-13.md,hz-007909-cost-of-living-index,sources/Hezareh_Dictionary_Index/source/Hezareh_Part_02_PDF_0251-0500.md#L8744-L8745,True
cost-plus,cost-plus,cost-plus,[],hz-007910,entry_candidate,raw_ocr,medium,2,321,,dictionary/C/C-13.md,hz-007910-cost-plus,sources/Hezareh_Dictionary_Index/source/Hezareh_Part_02_PDF_0251-0500.md#L8746-L8754,True
coster,coster,coster,[],hz-007902,entry_candidate,raw_ocr,high,2,321,,dictionary/C/C-13.md,hz-007902-coster,sources/Hezareh_Dictionary_Index/source/Hezareh_Part_02_PDF_0251-0500.md#L8719-L8723,True
costermonger,costermonger,costermonger,[],hz-007903,entry_candidate,raw_ocr,high,2,321,,dictionary/C/C-13.md,hz-007903-costermonger,sources/Hezareh_Dictionary_Index/source/Hezareh_Part_02_PDF_0251-0500.md#L8724-L8725,True
COSting,costing,costing,[],hz-007904,entry_candidate,raw_ocr,high,2,321,,dictionary/C/C-13.md,hz-007904-costing,sources/Hezareh_Dictionary_Index/source/Hezareh_Part_02_PDF_0251-0500.md#L8726-L8735,True
costliness,costliness,costliness,[],hz-007905,entry_candidate,raw_ocr,hint_only,2,321,,dictionary/C/C-13.md,hz-007905-costliness,sources/Hezareh_Dictionary_Index/source/Hezareh_Part_02_PDF_0251-0500.md#L8663-L8663,False
costly,costly,costly,[],hz-007906,entry_candidate,raw_ocr,high,2,321,,dictionary/C/C-13.md,hz-007906-costly,sources/Hezareh_Dictionary_Index/source/Hezareh_Part_02_PDF_0251-0500.md#L8736-L8739,True
costume,costume,costume,[],hz-007912,entry_candidate,raw_ocr,high,2,321,,dictionary/C/C-13.md,hz-007912-costume,sources/Hezareh_Dictionary_Index/source/Hezareh_Part_02_PDF_0251-0500.md#L8755-L8756,True
costume ball,costume ball,costume ball,[],hz-007913,entry_candidate,raw_ocr,high,2,321,,dictionary/C/C-13.md,hz-007913-costume-ball,sources/Hezareh_Dictionary_Index/source/Hezareh_Part_02_PDF_0251-0500.md#L8755-L8756,True
costume jewellery,costume jewellery,costume jewellery,[],hz-007915,entry_candidate,raw_ocr,high,2,321,,dictionary/C/C-13.md,hz-007915-costume-jewellery,sources/Hezareh_Dictionary_Index/source/Hezareh_Part_02_PDF_0251-0500.md#L8759-L8760,True
costume piece,costume piece,costume piece,[],hz-007916,entry_candidate,raw_ocr,high,2,321,,dictionary/C/C-13.md,hz-007916-costume-piece,sources/Hezareh_Dictionary_Index/source/Hezareh_Part_02_PDF_0251-0500.md#L8761-L8762,True
costume play,costume play,costume play,[],hz-007917,entry_candidate,raw_ocr,high,2,321,,dictionary/C/C-13.md,hz-007917-costume-play,sources/Hezareh_Dictionary_Index/source/Hezareh_Part_02_PDF_0251-0500.md#L8763-L8764,True
costumed,costumed,costumed,[],hz-007914,entry_candidate,raw_ocr,high,2,321,,dictionary/C/C-13.md,hz-007914-costumed,sources/Hezareh_Dictionary_Index/source/Hezareh_Part_02_PDF_0251-0500.md#L8757-L8758,True
costumer,costumer,costumer,[],hz-007918,entry_candidate,raw_ocr,high,2,321,,dictionary/C/C-13.md,hz-007918-costumer,sources/Hezareh_Dictionary_Index/source/Hezareh_Part_02_PDF_0251-0500.md#L8765-L8765,True
costumier,costumier,costumier,[],hz-007919,entry_candidate,raw_ocr,high,2,321,,dictionary/C/C-13.md,hz-007919-costumier,sources/Hezareh_Dictionary_Index/source/Hezareh_Part_02_PDF_0251-0500.md#L8766-L8771,True
cosy,cosy,cosy,[],hz-007920,entry_candidate,raw_ocr,hint_only,2,321,,dictionary/C/C-13.md,hz-007920-cosy,sources/Hezareh_Dictionary_Index/source/Hezareh_Part_02_PDF_0251-0500.md#L8663-L8663,False
cosy,cosy,cosy,[],hz-007921,entry_candidate,raw_ocr,medium,2,322,,dictionary/C/C-13.md,hz-007921-cosy,sources/Hezareh_Dictionary_Index/source/Hezareh_Part_02_PDF_0251-0500.md#L8786-L8786,True
COt,cot,cot,[],hz-007922,entry_candidate,raw_ocr,medium,2,322,,dictionary/C/C-13.md,hz-007922-cot,sources/Hezareh_Dictionary_Index/source/Hezareh_Part_02_PDF_0251-0500.md#L8787-L8790,True
cot-death,cot-death,cot-death,[],hz-007924,entry_candidate,raw_ocr,medium,2,322,,dictionary/C/C-13.md,hz-007924-cot-death,sources/Hezareh_Dictionary_Index/source/Hezareh_Part_02_PDF_0251-0500.md#L8793-L8793,True
cotangent,cotangent,cotangent,[],hz-007923,entry_candidate,raw_ocr,medium,2,322,,dictionary/C/C-13.md,hz-007923-cotangent,sources/Hezareh_Dictionary_Index/source/Hezareh_Part_02_PDF_0251-0500.md#L8791-L8792,True
cote,cote,cote,[],hz-007925,entry_candidate,raw_ocr,medium,2,322,,dictionary/C/C-13.md,hz-007925-cote,sources/Hezareh_Dictionary_Index/source/Hezareh_Part_02_PDF_0251-0500.md#L8794-L8795,True
Coterie,coterie,coterie,[],hz-007927,entry_candidate,raw_ocr,medium,2,322,,dictionary/C/C-13.md,hz-007927-coterie,sources/Hezareh_Dictionary_Index/source/Hezareh_Part_02_PDF_0251-0500.md#L8797-L8798,True
coterminous,coterminous,coterminous,[],hz-007928,entry_candidate,raw_ocr,medium,2,322,,dictionary/C/C-13.md,hz-007928-coterminous,sources/Hezareh_Dictionary_Index/source/Hezareh_Part_02_PDF_0251-0500.md#L8799-L8801,True
cotilion,cotilion,cotilion,[],hz-007929,entry_candidate,raw_ocr,high,2,322,,dictionary/C/C-13.md,hz-007929-cotilion,sources/Hezareh_Dictionary_Index/source/Hezareh_Part_02_PDF_0251-0500.md#L8802-L8802,True
cotillion,cotillion,cotillion,[],hz-007930,entry_candidate,raw_ocr,medium,2,322,,dictionary/C/C-13.md,hz-007930-cotillion,sources/Hezareh_Dictionary_Index/source/Hezareh_Part_02_PDF_0251-0500.md#L8803-L8805,True
cottage,cottage,cottage,[],hz-007931,entry_candidate,raw_ocr,high,2,322,,dictionary/C/C-13.md,hz-007931-cottage,sources/Hezareh_Dictionary_Index/source/Hezareh_Part_02_PDF_0251-0500.md#L8807-L8810,True
cottage cheese,cottage cheese,cottage cheese,[],hz-007932,entry_candidate,raw_ocr,medium,2,322,,dictionary/C/C-13.md,hz-007932-cottage-cheese,sources/Hezareh_Dictionary_Index/source/Hezareh_Part_02_PDF_0251-0500.md#L8806-L8806,True
cottage hospital,cottage hospital,cottage hospital,[],hz-007933,entry_candidate,raw_ocr,high,2,322,,dictionary/C/C-13.md,hz-007933-cottage-hospital,sources/Hezareh_Dictionary_Index/source/Hezareh_Part_02_PDF_0251-0500.md#L8807-L8810,True
cottage loaf,cottage loaf,cottage loaf,[],hz-007934,entry_candidate,raw_ocr,medium,2,322,,dictionary/C/C-13.md,hz-007934-cottage-loaf,sources/Hezareh_Dictionary_Index/source/Hezareh_Part_02_PDF_0251-0500.md#L8811-L8811,True
Cottage pie,cottage pie,cottage pie,[],hz-007935,entry_candidate,raw_ocr,medium,2,322,,dictionary/C/C-13.md,hz-007935-cottage-pie,sources/Hezareh_Dictionary_Index/source/Hezareh_Part_02_PDF_0251-0500.md#L8812-L8814,True
Cottager,cottager,cottager,[],hz-007936,entry_candidate,raw_ocr,hint_only,2,322,,dictionary/C/C-13.md,hz-007936-cottager,sources/Hezareh_Dictionary_Index/source/Hezareh_Part_02_PDF_0251-0500.md#L8775-L8775,False
cottar,cottar,cottar,[],hz-007937,entry_candidate,raw_ocr,medium,2,322,,dictionary/C/C-13.md,hz-007937-cottar,sources/Hezareh_Dictionary_Index/source/Hezareh_Part_02_PDF_0251-0500.md#L8815-L8816,True
cotter,cotter,cotter,[],hz-007938,entry_candidate,raw_ocr,high,2,322,,dictionary/C/C-13.md,hz-007938-cotter,sources/Hezareh_Dictionary_Index/source/Hezareh_Part_02_PDF_0251-0500.md#L8817-L8828,True
cotton batting,cotton batting,cotton batting,[],hz-007939,entry_candidate,raw_ocr,high,2,322,,dictionary/C/C-13.md,hz-007939-cotton-batting,sources/Hezareh_Dictionary_Index/source/Hezareh_Part_02_PDF_0251-0500.md#L8829-L8836,True
cotton belt,cotton belt,cotton belt,[],hz-007940,entry_candidate,raw_ocr,medium,2,322,,dictionary/C/C-13.md,hz-007940-cotton-belt,sources/Hezareh_Dictionary_Index/source/Hezareh_Part_02_PDF_0251-0500.md#L8837-L8837,True
cotton cake,cotton cake,cotton cake,[],hz-007941,entry_candidate,raw_ocr,high,2,322,,dictionary/C/C-13.md,hz-007941-cotton-cake,sources/Hezareh_Dictionary_Index/source/Hezareh_Part_02_PDF_0251-0500.md#L8838-L8838,True
cotton candy,cotton candy,cotton candy,[],hz-007942,entry_candidate,raw_ocr,medium,2,322,,dictionary/C/C-13.md,hz-007942-cotton-candy,sources/Hezareh_Dictionary_Index/source/Hezareh_Part_02_PDF_0251-0500.md#L8839-L8839,True
Cotton gin,cotton gin,cotton gin,[],hz-007943,entry_candidate,raw_ocr,high,2,322,,dictionary/C/C-13.md,hz-007943-cotton-gin,sources/Hezareh_Dictionary_Index/source/Hezareh_Part_02_PDF_0251-0500.md#L8840-L8840,True
cotton goods,cotton goods,cotton goods,[],hz-007944,entry_candidate,raw_ocr,medium,2,322,,dictionary/C/C-13.md,hz-007944-cotton-goods,sources/Hezareh_Dictionary_Index/source/Hezareh_Part_02_PDF_0251-0500.md#L8841-L8842,True
cotton grass,cotton grass,cotton grass,[],hz-007945,entry_candidate,raw_ocr,high,2,322,,dictionary/C/C-13.md,hz-007945-cotton-grass,sources/Hezareh_Dictionary_Index/source/Hezareh_Part_02_PDF_0251-0500.md#L8843-L8844,True
cotton mill,cotton mill,cotton mill,[],hz-007946,entry_candidate,raw_ocr,hint_only,2,322,,dictionary/C/C-13.md,hz-007946-cotton-mill,sources/Hezareh_Dictionary_Index/source/Hezareh_Part_02_PDF_0251-0500.md#L8775-L8775,False
cotton yarn,cotton yarn,cotton yarn,[],hz-007952,entry_candidate,raw_ocr,hint_only,2,322,,dictionary/C/C-13.md,hz-007952-cotton-yarn,sources/Hezareh_Dictionary_Index/source/Hezareh_Part_02_PDF_0251-0500.md#L8775-L8775,False
cotton-plant,cotton-plant,cotton-plant,[],hz-007947,entry_candidate,raw_ocr,high,2,322,,dictionary/C/C-13.md,hz-007947-cotton-plant,sources/Hezareh_Dictionary_Index/source/Hezareh_Part_02_PDF_0251-0500.md#L8845-L8845,True
cotton-tail,cotton-tail,cotton-tail,[],hz-007950,entry_candidate,raw_ocr,high,2,322,,dictionary/C/C-13.md,hz-007950-cotton-tail,sources/Hezareh_Dictionary_Index/source/Hezareh_Part_02_PDF_0251-0500.md#L8848-L8848,True
cotton-wool,cotton-wool,cotton-wool,[],hz-007951,entry_candidate,raw_ocr,high,2,322,,dictionary/C/C-13.md,hz-007951-cotton-wool,sources/Hezareh_Dictionary_Index/source/Hezareh_Part_02_PDF_0251-0500.md#L8849-L8851,True
cottonseed,cottonseed,cottonseed,[],hz-007948,entry_candidate,raw_ocr,high,2,322,,dictionary/C/C-13.md,hz-007948-cottonseed,sources/Hezareh_Dictionary_Index/source/Hezareh_Part_02_PDF_0251-0500.md#L8846-L8846,True
cottonseed oil,cottonseed oil,cottonseed oil,[],hz-007949,entry_candidate,raw_ocr,high,2,322,,dictionary/C/C-13.md,hz-007949-cottonseed-oil,sources/Hezareh_Dictionary_Index/source/Hezareh_Part_02_PDF_0251-0500.md#L8847-L8847,True
cotyledon,cotyledon,cotyledon,[],hz-007953,entry_candidate,raw_ocr,high,2,322,,dictionary/C/C-13.md,hz-007953-cotyledon,sources/Hezareh_Dictionary_Index/source/Hezareh_Part_02_PDF_0251-0500.md#L8852-L8861,True
couch potato,couch potato,couch potato,[],hz-007957,entry_candidate,raw_ocr,high,2,322,,dictionary/C/C-13.md,hz-007957-couch-potato,sources/Hezareh_Dictionary_Index/source/Hezareh_Part_02_PDF_0251-0500.md#L8866-L8866,True
COUCh-graSS,couch-grass,couch-grass,[],hz-007956,entry_candidate,raw_ocr,high,2,322,,dictionary/C/C-13.md,hz-007956-couch-grass,sources/Hezareh_Dictionary_Index/source/Hezareh_Part_02_PDF_0251-0500.md#L8865-L8865,True
couchant,couchant,couchant,[],hz-007954,entry_candidate,raw_ocr,high,2,322,,dictionary/C/C-13.md,hz-007954-couchant,sources/Hezareh_Dictionary_Index/source/Hezareh_Part_02_PDF_0251-0500.md#L8862-L8863,True
couchette,couchette,couchette,[],hz-007955,entry_candidate,raw_ocr,high,2,322,,dictionary/C/C-13.md,hz-007955-couchette,sources/Hezareh_Dictionary_Index/source/Hezareh_Part_02_PDF_0251-0500.md#L8864-L8864,True
cougar,cougar,cougar,[],hz-007958,entry_candidate,raw_ocr,high,2,322,,dictionary/C/C-13.md,hz-007958-cougar,sources/Hezareh_Dictionary_Index/source/Hezareh_Part_02_PDF_0251-0500.md#L8867-L8867,True
cough,cough,cough,[],hz-007959,entry_candidate,raw_ocr,high,2,322,,dictionary/C/C-13.md,hz-007959-cough,sources/Hezareh_Dictionary_Index/source/Hezareh_Part_02_PDF_0251-0500.md#L8868-L8885,True
cough mixture,cough mixture,cough mixture,[],hz-007962,entry_candidate,raw_ocr,high,2,323,,dictionary/C/C-13.md,hz-007962-cough-mixture,sources/Hezareh_Dictionary_Index/source/Hezareh_Part_02_PDF_0251-0500.md#L8906-L8908,True
cough-drop,cough-drop,cough-drop,[],hz-007960,entry_candidate,raw_ocr,high,2,323,,dictionary/C/C-13.md,hz-007960-cough-drop,sources/Hezareh_Dictionary_Index/source/Hezareh_Part_02_PDF_0251-0500.md#L8902-L8903,True
cough-lozenge,cough-lozenge,cough-lozenge,[],hz-007961,entry_candidate,raw_ocr,high,2,323,,dictionary/C/C-13.md,hz-007961-cough-lozenge,sources/Hezareh_Dictionary_Index/source/Hezareh_Part_02_PDF_0251-0500.md#L8904-L8905,True
could,could,could,[],hz-007963,entry_candidate,raw_ocr,high,2,323,,dictionary/C/C-13.md,hz-007963-could,sources/Hezareh_Dictionary_Index/source/Hezareh_Part_02_PDF_0251-0500.md#L8909-L8942,True
could I would,could i would,could i would,[],hz-034890,entry_candidate,raw_ocr,hint_only,7,1749,,dictionary/C/C-13.md,hz-034890-could-i-would,sources/Hezareh_Dictionary_Index/source/Hezareh_Part_07_PDF_1501-1750.md#L28987-L28987,False
couldn't,couldn't,couldn't,[],hz-007965,entry_candidate,raw_ocr,high,2,324,,dictionary/C/C-13.md,hz-007965-couldn-t,sources/Hezareh_Dictionary_Index/source/Hezareh_Part_02_PDF_0251-0500.md#L9018-L9030,True
council,council,council,[],hz-007967,entry_candidate,raw_ocr,high,2,324,,dictionary/C/C-13.md,hz-007967-council,sources/Hezareh_Dictionary_Index/source/Hezareh_Part_02_PDF_0251-0500.md#L9032-L9034,True
council estate,council estate,council estate,[],hz-007969,entry_candidate,raw_ocr,high,2,324,,dictionary/C/C-13.md,hz-007969-council-estate,sources/Hezareh_Dictionary_Index/source/Hezareh_Part_02_PDF_0251-0500.md#L9032-L9034,True
council house,council house,council house,[],hz-007971,entry_candidate,raw_ocr,high,2,324,,dictionary/C/C-13.md,hz-007971-council-house,sources/Hezareh_Dictionary_Index/source/Hezareh_Part_02_PDF_0251-0500.md#L9035-L9037,True
council of war,council of war,council of war,[],hz-007972,entry_candidate,raw_ocr,high,2,324,,dictionary/C/C-13.md,hz-007972-council-of-war,sources/Hezareh_Dictionary_Index/source/Hezareh_Part_02_PDF_0251-0500.md#L9038-L9039,True
council tax,council tax,council tax,[],hz-007974,entry_candidate,raw_ocr,high,2,324,,dictionary/C/C-13.md,hz-007974-council-tax,sources/Hezareh_Dictionary_Index/source/Hezareh_Part_02_PDF_0251-0500.md#L9041-L9042,True
council-chamber,council-chamber,council-chamber,[],hz-007968,entry_candidate,raw_ocr,high,2,324,,dictionary/C/C-13.md,hz-007968-council-chamber,sources/Hezareh_Dictionary_Index/source/Hezareh_Part_02_PDF_0251-0500.md#L9031-L9031,True
councilflatt'kaunsl flret,councilflatt'kaunsl flret,councilflatt'kaunsl flret,[],hz-007970,entry_candidate,raw_ocr,hint_only,2,324,,dictionary/C/C-13.md,hz-007970-councilflatt-kaunsl-flret,sources/Hezareh_Dictionary_Index/source/Hezareh_Part_02_PDF_0251-0500.md#L9008-L9008,False
councilor,councilor,councilor,[],hz-007973,entry_candidate,raw_ocr,high,2,324,,dictionary/C/C-13.md,hz-007973-councilor,sources/Hezareh_Dictionary_Index/source/Hezareh_Part_02_PDF_0251-0500.md#L9040-L9040,True
counler-espionage,counler-espionage,counler-espionage,[],hz-008001,entry_candidate,raw_ocr,hint_only,2,325,,dictionary/C/C-13.md,hz-008001-counler-espionage,sources/Hezareh_Dictionary_Index/source/Hezareh_Part_02_PDF_0251-0500.md#L9122-L9122,False
counsel,counsel,counsel,[],hz-007977,entry_candidate,raw_ocr,high,2,324,,dictionary/C/C-13.md,hz-007977-counsel,sources/Hezareh_Dictionary_Index/source/Hezareh_Part_02_PDF_0251-0500.md#L9056-L9061,True
counsel',counsel',counsel',[],hz-007975,entry_candidate,raw_ocr,high,2,324,,dictionary/C/C-13.md,hz-007975-counsel,sources/Hezareh_Dictionary_Index/source/Hezareh_Part_02_PDF_0251-0500.md#L9043-L9053,True
counselling,counselling,counselling,[],hz-007978,entry_candidate,raw_ocr,high,2,324,,dictionary/C/C-13.md,hz-007978-counselling,sources/Hezareh_Dictionary_Index/source/Hezareh_Part_02_PDF_0251-0500.md#L9062-L9070,True
counsellor,counsellor,counsellor,[],hz-007979,entry_candidate,raw_ocr,medium,2,324,,dictionary/C/C-13.md,hz-007979-counsellor,sources/Hezareh_Dictionary_Index/source/Hezareh_Part_02_PDF_0251-0500.md#L9071-L9073,True
counselor,counselor,counselor,[],hz-007980,entry_candidate,raw_ocr,medium,2,324,,dictionary/C/C-13.md,hz-007980-counselor,sources/Hezareh_Dictionary_Index/source/Hezareh_Part_02_PDF_0251-0500.md#L9074-L9118,True
COUnt,count,count,[],hz-007981,entry_candidate,raw_ocr,high,2,325,,dictionary/C/C-13.md,hz-007981-count,sources/Hezareh_Dictionary_Index/source/Hezareh_Part_02_PDF_0251-0500.md#L9152-L9152,True
count,count,count,[],hz-007984,entry_candidate,raw_ocr,high,2,325,,dictionary/C/C-13.md,hz-007984-count,sources/Hezareh_Dictionary_Index/source/Hezareh_Part_02_PDF_0251-0500.md#L9152-L9152,True
count noun,count noun,count noun,[],hz-008033,entry_candidate,raw_ocr,medium,2,326,,dictionary/C/C-13.md,hz-008033-count-noun,sources/Hezareh_Dictionary_Index/source/Hezareh_Part_02_PDF_0251-0500.md#L9332-L9334,True
countable,countable,countable,[],hz-007985,entry_candidate,raw_ocr,medium,2,325,,dictionary/C/C-13.md,hz-007985-countable,sources/Hezareh_Dictionary_Index/source/Hezareh_Part_02_PDF_0251-0500.md#L9152-L9152,True
countable noun,countable noun,countable noun,[],hz-007982,entry_candidate,raw_ocr,hint_only,2,325,,dictionary/C/C-13.md,hz-007982-countable-noun,sources/Hezareh_Dictionary_Index/source/Hezareh_Part_02_PDF_0251-0500.md#L9122-L9122,False
countdown,countdown,countdown,[],hz-007983,entry_candidate,raw_ocr,medium,2,325,,dictionary/C/C-13.md,hz-007983-countdown,sources/Hezareh_Dictionary_Index/source/Hezareh_Part_02_PDF_0251-0500.md#L9153-L9153,True
countenance,countenance,countenance,[],hz-007986,entry_candidate,raw_ocr,medium,2,325,,dictionary/C/C-13.md,hz-007986-countenance,sources/Hezareh_Dictionary_Index/source/Hezareh_Part_02_PDF_0251-0500.md#L9154-L9165,True
counter',counter',counter',[],hz-007988,entry_candidate,raw_ocr,medium,2,325,,dictionary/C/C-13.md,hz-007988-counter,sources/Hezareh_Dictionary_Index/source/Hezareh_Part_02_PDF_0251-0500.md#L9170-L9193,True
counter-,counter-,counter-,[],hz-007989,entry_candidate,raw_ocr,medium,2,325,,dictionary/C/C-14.md,hz-007989-counter,sources/Hezareh_Dictionary_Index/source/Hezareh_Part_02_PDF_0251-0500.md#L9194-L9194,True
COUnter-,counter-,counter-,[],hz-007990,entry_candidate,raw_ocr,medium,2,325,,dictionary/C/C-14.md,hz-007990-counter,sources/Hezareh_Dictionary_Index/source/Hezareh_Part_02_PDF_0251-0500.md#L9194-L9194,True
counter-attack,counter-attack,counter-attack,[],hz-007993,entry_candidate,raw_ocr,medium,2,325,,dictionary/C/C-14.md,hz-007993-counter-attack,sources/Hezareh_Dictionary_Index/source/Hezareh_Part_02_PDF_0251-0500.md#L9202-L9204,True
counter-attraction,counter-attraction,counter-attraction,[],hz-007994,entry_candidate,raw_ocr,high,2,325,,dictionary/C/C-14.md,hz-007994-counter-attraction,sources/Hezareh_Dictionary_Index/source/Hezareh_Part_02_PDF_0251-0500.md#L9205-L9209,True
counter-clockwlse,counter-clockwlse,counter-clockwlse,[],hz-008000,entry_candidate,raw_ocr,hint_only,2,325,,dictionary/C/C-14.md,hz-008000-counter-clockwlse,sources/Hezareh_Dictionary_Index/source/Hezareh_Part_02_PDF_0251-0500.md#L9122-L9122,False
counter-insurgency,counter-insurgency,counter-insurgency,[],hz-008005,entry_candidate,raw_ocr,high,2,326,,dictionary/C/C-14.md,hz-008005-counter-insurgency,sources/Hezareh_Dictionary_Index/source/Hezareh_Part_02_PDF_0251-0500.md#L9254-L9255,True
counter-intelligence,counter-intelligence,counter-intelligence,[],hz-008006,entry_candidate,raw_ocr,high,2,326,,dictionary/C/C-14.md,hz-008006-counter-intelligence,sources/Hezareh_Dictionary_Index/source/Hezareh_Part_02_PDF_0251-0500.md#L9256-L9257,True
counter-intuitive,counter-intuitive,counter-intuitive,[],hz-008007,entry_candidate,raw_ocr,high,2,326,,dictionary/C/C-14.md,hz-008007-counter-intuitive,sources/Hezareh_Dictionary_Index/source/Hezareh_Part_02_PDF_0251-0500.md#L9258-L9259,True
COUnter-irritant,counter-irritant,counter-irritant,[],hz-008008,entry_candidate,raw_ocr,medium,2,326,,dictionary/C/C-14.md,hz-008008-counter-irritant,sources/Hezareh_Dictionary_Index/source/Hezareh_Part_02_PDF_0251-0500.md#L9260-L9261,True
counter-revolution,counter-revolution,counter-revolution,[],hz-008018,entry_candidate,raw_ocr,medium,2,326,,dictionary/C/C-14.md,hz-008018-counter-revolution,sources/Hezareh_Dictionary_Index/source/Hezareh_Part_02_PDF_0251-0500.md#L9300-L9301,True
counter-revolutionary,counter-revolutionary,counter-revolutionary,[],hz-008019,entry_candidate,raw_ocr,high,2,326,,dictionary/C/C-14.md,hz-008019-counter-revolutionary,sources/Hezareh_Dictionary_Index/source/Hezareh_Part_02_PDF_0251-0500.md#L9302-L9309,True
counter-tenor,counter-tenor,counter-tenor,[],hz-008025,entry_candidate,raw_ocr,medium,2,326,,dictionary/C/C-14.md,hz-008025-counter-tenor,sources/Hezareh_Dictionary_Index/source/Hezareh_Part_02_PDF_0251-0500.md#L9316-L9318,True
COUnteract,counteract,counteract,[],hz-007991,entry_candidate,raw_ocr,medium,2,325,,dictionary/C/C-14.md,hz-007991-counteract,sources/Hezareh_Dictionary_Index/source/Hezareh_Part_02_PDF_0251-0500.md#L9195-L9197,True
COUnteraction,counteraction,counteraction,[],hz-007992,entry_candidate,raw_ocr,medium,2,325,,dictionary/C/C-14.md,hz-007992-counteraction,sources/Hezareh_Dictionary_Index/source/Hezareh_Part_02_PDF_0251-0500.md#L9198-L9201,True
counterbalance,counterbalance,counterbalance,[],hz-007995,entry_candidate,raw_ocr,low,2,325,,dictionary/C/C-14.md,hz-007995-counterbalance,sources/Hezareh_Dictionary_Index/source/Hezareh_Part_02_PDF_0251-0500.md#L9210-L9211,True
counterblast,counterblast,counterblast,[],hz-007996,entry_candidate,raw_ocr,high,2,325,,dictionary/C/C-14.md,hz-007996-counterblast,sources/Hezareh_Dictionary_Index/source/Hezareh_Part_02_PDF_0251-0500.md#L9212-L9213,True
countercharge,countercharge,countercharge,[],hz-007997,entry_candidate,raw_ocr,medium,2,325,,dictionary/C/C-14.md,hz-007997-countercharge,sources/Hezareh_Dictionary_Index/source/Hezareh_Part_02_PDF_0251-0500.md#L9214-L9219,True
counterchecki'kauntotfek,counterchecki'kauntotfek,counterchecki'kauntotfek,[],hz-007998,entry_candidate,raw_ocr,hint_only,2,325,,dictionary/C/C-14.md,hz-007998-counterchecki-kauntotfek,sources/Hezareh_Dictionary_Index/source/Hezareh_Part_02_PDF_0251-0500.md#L9122-L9122,False
counterclaim,counterclaim,counterclaim,[],hz-007999,entry_candidate,raw_ocr,medium,2,325,,dictionary/C/C-14.md,hz-007999-counterclaim,sources/Hezareh_Dictionary_Index/source/Hezareh_Part_02_PDF_0251-0500.md#L9220-L9225,True
counterfeit,counterfeit,counterfeit,[],hz-008002,entry_candidate,raw_ocr,medium,2,325,,dictionary/C/C-14.md,hz-008002-counterfeit,sources/Hezareh_Dictionary_Index/source/Hezareh_Part_02_PDF_0251-0500.md#L9226-L9230,True
counterfeiter,counterfeiter,counterfeiter,[],hz-008003,entry_candidate,raw_ocr,low,2,326,,dictionary/C/C-14.md,hz-008003-counterfeiter,sources/Hezareh_Dictionary_Index/source/Hezareh_Part_02_PDF_0251-0500.md#L9249-L9251,True
counterfoil,counterfoil,counterfoil,[],hz-008004,entry_candidate,raw_ocr,medium,2,326,,dictionary/C/C-14.md,hz-008004-counterfoil,sources/Hezareh_Dictionary_Index/source/Hezareh_Part_02_PDF_0251-0500.md#L9252-L9253,True
countermand,countermand,countermand,[],hz-008009,entry_candidate,raw_ocr,high,2,326,,dictionary/C/C-14.md,hz-008009-countermand,sources/Hezareh_Dictionary_Index/source/Hezareh_Part_02_PDF_0251-0500.md#L9262-L9266,True
countermeasure,countermeasure,countermeasure,[],hz-008010,entry_candidate,raw_ocr,medium,2,326,,dictionary/C/C-14.md,hz-008010-countermeasure,sources/Hezareh_Dictionary_Index/source/Hezareh_Part_02_PDF_0251-0500.md#L9267-L9268,True
countermine,countermine,countermine,[],hz-008011,entry_candidate,raw_ocr,low,2,326,,dictionary/C/C-14.md,hz-008011-countermine,sources/Hezareh_Dictionary_Index/source/Hezareh_Part_02_PDF_0251-0500.md#L9269-L9275,True
counteroffer,counteroffer,counteroffer,[],hz-008012,entry_candidate,raw_ocr,medium,2,326,,dictionary/C/C-14.md,hz-008012-counteroffer,sources/Hezareh_Dictionary_Index/source/Hezareh_Part_02_PDF_0251-0500.md#L9276-L9277,True
counterpane,counterpane,counterpane,[],hz-008013,entry_candidate,raw_ocr,hint_only,2,326,,dictionary/C/C-14.md,hz-008013-counterpane,sources/Hezareh_Dictionary_Index/source/Hezareh_Part_02_PDF_0251-0500.md#L9234-L9234,False
counterpart,counterpart,counterpart,[],hz-008014,entry_candidate,raw_ocr,low,2,326,,dictionary/C/C-14.md,hz-008014-counterpart,sources/Hezareh_Dictionary_Index/source/Hezareh_Part_02_PDF_0251-0500.md#L9278-L9281,True
counterplot,counterplot,counterplot,[],hz-008015,entry_candidate,raw_ocr,high,2,326,,dictionary/C/C-14.md,hz-008015-counterplot,sources/Hezareh_Dictionary_Index/source/Hezareh_Part_02_PDF_0251-0500.md#L9282-L9285,True
COUnterpoint,counterpoint,counterpoint,[],hz-008016,entry_candidate,raw_ocr,medium,2,326,,dictionary/C/C-14.md,hz-008016-counterpoint,sources/Hezareh_Dictionary_Index/source/Hezareh_Part_02_PDF_0251-0500.md#L9286-L9287,True
COUnterpoiSe,counterpoise,counterpoise,[],hz-008017,entry_candidate,raw_ocr,medium,2,326,,dictionary/C/C-14.md,hz-008017-counterpoise,sources/Hezareh_Dictionary_Index/source/Hezareh_Part_02_PDF_0251-0500.md#L9288-L9299,True
countersank,countersank,countersank,[],hz-008020,entry_candidate,raw_ocr,low,2,326,,dictionary/C/C-14.md,hz-008020-countersank,sources/Hezareh_Dictionary_Index/source/Hezareh_Part_02_PDF_0251-0500.md#L9312-L9314,True
countersignature,countersignature,countersignature,[],hz-008022,entry_candidate,raw_ocr,medium,2,326,,dictionary/C/C-14.md,hz-008022-countersignature,sources/Hezareh_Dictionary_Index/source/Hezareh_Part_02_PDF_0251-0500.md#L9310-L9311,True
countersignl'kauntasarn,countersignl'kauntasarn,countersignl'kauntasarn,[],hz-008021,entry_candidate,raw_ocr,hint_only,2,326,,dictionary/C/C-14.md,hz-008021-countersignl-kauntasarn,sources/Hezareh_Dictionary_Index/source/Hezareh_Part_02_PDF_0251-0500.md#L9234-L9234,False
countersink,countersink,countersink,[],hz-008023,entry_candidate,raw_ocr,medium,2,326,,dictionary/C/C-14.md,hz-008023-countersink,sources/Hezareh_Dictionary_Index/source/Hezareh_Part_02_PDF_0251-0500.md#L9312-L9314,True
countersunk,countersunk,countersunk,[],hz-008024,entry_candidate,raw_ocr,medium,2,326,,dictionary/C/C-14.md,hz-008024-countersunk,sources/Hezareh_Dictionary_Index/source/Hezareh_Part_02_PDF_0251-0500.md#L9315-L9315,True
countervail,countervail,countervail,[],hz-008026,entry_candidate,raw_ocr,medium,2,326,,dictionary/C/C-14.md,hz-008026-countervail,sources/Hezareh_Dictionary_Index/source/Hezareh_Part_02_PDF_0251-0500.md#L9319-L9323,True
counterweight,counterweight,counterweight,[],hz-008027,entry_candidate,raw_ocr,high,2,326,,dictionary/C/C-14.md,hz-008027-counterweight,sources/Hezareh_Dictionary_Index/source/Hezareh_Part_02_PDF_0251-0500.md#L9324-L9324,True
countess,countess,countess,[],hz-008028,entry_candidate,raw_ocr,medium,2,326,,dictionary/C/C-14.md,hz-008028-countess,sources/Hezareh_Dictionary_Index/source/Hezareh_Part_02_PDF_0251-0500.md#L9325-L9325,True
counting house,counting house,counting house,[],hz-008029,entry_candidate,raw_ocr,high,2,326,,dictionary/C/C-14.md,hz-008029-counting-house,sources/Hezareh_Dictionary_Index/source/Hezareh_Part_02_PDF_0251-0500.md#L9326-L9327,True
countleSS,countless,countless,[],hz-008030,entry_candidate,raw_ocr,high,2,326,,dictionary/C/C-14.md,hz-008030-countless,sources/Hezareh_Dictionary_Index/source/Hezareh_Part_02_PDF_0251-0500.md#L9328-L9331,True
countrified,countrified,countrified,[],hz-008031,entry_candidate,raw_ocr,hint_only,2,326,,dictionary/C/C-14.md,hz-008031-countrified,sources/Hezareh_Dictionary_Index/source/Hezareh_Part_02_PDF_0251-0500.md#L9234-L9234,False
COUntry,country,country,[],hz-008032,entry_candidate,raw_ocr,high,2,326,,dictionary/C/C-14.md,hz-008032-country,sources/Hezareh_Dictionary_Index/source/Hezareh_Part_02_PDF_0251-0500.md#L9335-L9344,True
country and western,country and western,country and western,[],hz-008034,entry_candidate,raw_ocr,high,2,327,,dictionary/C/C-14.md,hz-008034-country-and-western,sources/Hezareh_Dictionary_Index/source/Hezareh_Part_02_PDF_0251-0500.md#L9396-L9398,True
country born,country born,country born,[],hz-008035,entry_candidate,raw_ocr,high,2,327,,dictionary/C/C-14.md,hz-008035-country-born,sources/Hezareh_Dictionary_Index/source/Hezareh_Part_02_PDF_0251-0500.md#L9399-L9399,True
country bred,country bred,country bred,[],hz-008036,entry_candidate,raw_ocr,high,2,327,,dictionary/C/C-14.md,hz-008036-country-bred,sources/Hezareh_Dictionary_Index/source/Hezareh_Part_02_PDF_0251-0500.md#L9400-L9407,True
country club,country club,country club,[],hz-008037,entry_candidate,raw_ocr,hint_only,2,327,,dictionary/C/C-14.md,hz-008037-country-club,sources/Hezareh_Dictionary_Index/source/Hezareh_Part_02_PDF_0251-0500.md#L9348-L9348,False
country cousin,country cousin,country cousin,[],hz-008038,entry_candidate,raw_ocr,hint_only,2,327,,dictionary/C/C-14.md,hz-008038-country-cousin,sources/Hezareh_Dictionary_Index/source/Hezareh_Part_02_PDF_0251-0500.md#L9348-L9348,False
country dance,country dance,country dance,[],hz-008039,entry_candidate,raw_ocr,high,2,327,,dictionary/C/C-14.md,hz-008039-country-dance,sources/Hezareh_Dictionary_Index/source/Hezareh_Part_02_PDF_0251-0500.md#L9408-L9410,True
country dweller,country dweller,country dweller,[],hz-008040,entry_candidate,raw_ocr,high,2,327,,dictionary/C/C-14.md,hz-008040-country-dweller,sources/Hezareh_Dictionary_Index/source/Hezareh_Part_02_PDF_0251-0500.md#L9411-L9416,True
country gentleman,country gentleman,country gentleman,[],hz-008042,entry_candidate,raw_ocr,high,2,327,,dictionary/C/C-14.md,hz-008042-country-gentleman,sources/Hezareh_Dictionary_Index/source/Hezareh_Part_02_PDF_0251-0500.md#L9417-L9419,True
country house,country house,country house,[],hz-008043,entry_candidate,raw_ocr,high,2,327,,dictionary/C/C-14.md,hz-008043-country-house,sources/Hezareh_Dictionary_Index/source/Hezareh_Part_02_PDF_0251-0500.md#L9420-L9422,True
country life,country life,country life,[],hz-008044,entry_candidate,raw_ocr,high,2,327,,dictionary/C/C-14.md,hz-008044-country-life,sources/Hezareh_Dictionary_Index/source/Hezareh_Part_02_PDF_0251-0500.md#L9423-L9423,True
country party,country party,country party,[],hz-008046,entry_candidate,raw_ocr,high,2,327,,dictionary/C/C-14.md,hz-008046-country-party,sources/Hezareh_Dictionary_Index/source/Hezareh_Part_02_PDF_0251-0500.md#L9428-L9431,True
country people,country people,country people,[],hz-008047,entry_candidate,raw_ocr,high,2,327,,dictionary/C/C-14.md,hz-008047-country-people,sources/Hezareh_Dictionary_Index/source/Hezareh_Part_02_PDF_0251-0500.md#L9432-L9432,True
country road,country road,country road,[],hz-008048,entry_candidate,raw_ocr,high,2,327,,dictionary/C/C-14.md,hz-008048-country-road,sources/Hezareh_Dictionary_Index/source/Hezareh_Part_02_PDF_0251-0500.md#L9433-L9433,True
country seat,country seat,country seat,[],hz-008049,entry_candidate,raw_ocr,high,2,327,,dictionary/C/C-14.md,hz-008049-country-seat,sources/Hezareh_Dictionary_Index/source/Hezareh_Part_02_PDF_0251-0500.md#L9434-L9434,True
country-wide,country-wide,country-wide,[],hz-008051,entry_candidate,raw_ocr,high,2,327,,dictionary/C/C-14.md,hz-008051-country-wide,sources/Hezareh_Dictionary_Index/source/Hezareh_Part_02_PDF_0251-0500.md#L9440-L9443,True
countryfolki'kAntn fouk,countryfolki'kantn fouk,countryfolki'kantn fouk,[],hz-008041,entry_candidate,raw_ocr,hint_only,2,327,,dictionary/C/C-14.md,hz-008041-countryfolki-kantn-fouk,sources/Hezareh_Dictionary_Index/source/Hezareh_Part_02_PDF_0251-0500.md#L9348-L9348,False
countryman,countryman,countryman,[],hz-008045,entry_candidate,raw_ocr,high,2,327,,dictionary/C/C-14.md,hz-008045-countryman,sources/Hezareh_Dictionary_Index/source/Hezareh_Part_02_PDF_0251-0500.md#L9424-L9427,True
countryside,countryside,countryside,[],hz-008050,entry_candidate,raw_ocr,high,2,327,,dictionary/C/C-14.md,hz-008050-countryside,sources/Hezareh_Dictionary_Index/source/Hezareh_Part_02_PDF_0251-0500.md#L9435-L9439,True
countrywoman,countrywoman,countrywoman,[],hz-008052,entry_candidate,raw_ocr,low,2,327,,dictionary/C/C-14.md,hz-008052-countrywoman,sources/Hezareh_Dictionary_Index/source/Hezareh_Part_02_PDF_0251-0500.md#L9444-L9458,True
county,county,county,[],hz-008053,entry_candidate,raw_ocr,high,2,327,,dictionary/C/C-14.md,hz-008053-county,sources/Hezareh_Dictionary_Index/source/Hezareh_Part_02_PDF_0251-0500.md#L9459-L9462,True
county borough,county borough,county borough,[],hz-008054,entry_candidate,raw_ocr,high,2,327,,dictionary/C/C-14.md,hz-008054-county-borough,sources/Hezareh_Dictionary_Index/source/Hezareh_Part_02_PDF_0251-0500.md#L9459-L9462,True
county council,county council,county council,[],hz-008055,entry_candidate,raw_ocr,high,2,327,,dictionary/C/C-14.md,hz-008055-county-council,sources/Hezareh_Dictionary_Index/source/Hezareh_Part_02_PDF_0251-0500.md#L9463-L9464,True
county councillor,county councillor,county councillor,[],hz-008056,entry_candidate,raw_ocr,high,2,327,,dictionary/C/C-14.md,hz-008056-county-councillor,sources/Hezareh_Dictionary_Index/source/Hezareh_Part_02_PDF_0251-0500.md#L9465-L9466,True
county court,county court,county court,[],hz-008057,entry_candidate,raw_ocr,high,2,327,,dictionary/C/C-14.md,hz-008057-county-court,sources/Hezareh_Dictionary_Index/source/Hezareh_Part_02_PDF_0251-0500.md#L9467-L9467,True
county family,county family,county family,[],hz-008058,entry_candidate,raw_ocr,high,2,327,,dictionary/C/C-14.md,hz-008058-county-family,sources/Hezareh_Dictionary_Index/source/Hezareh_Part_02_PDF_0251-0500.md#L9468-L9469,True
county seat,county seat,county seat,[],hz-008059,entry_candidate,raw_ocr,high,2,327,,dictionary/C/C-14.md,hz-008059-county-seat,sources/Hezareh_Dictionary_Index/source/Hezareh_Part_02_PDF_0251-0500.md#L9470-L9470,True
county town,county town,county town,[],hz-008060,entry_candidate,raw_ocr,high,2,327,,dictionary/C/C-14.md,hz-008060-county-town,sources/Hezareh_Dictionary_Index/source/Hezareh_Part_02_PDF_0251-0500.md#L9471-L9472,True
coup,coup,coup,[],hz-008061,entry_candidate,raw_ocr,high,2,327,,dictionary/C/C-14.md,hz-008061-coup,sources/Hezareh_Dictionary_Index/source/Hezareh_Part_02_PDF_0251-0500.md#L9473-L9475,True
coup de grace,coup de grace,coup de grace,[],hz-008063,entry_candidate,raw_ocr,high,2,328,,dictionary/C/C-14.md,hz-008063-coup-de-grace,sources/Hezareh_Dictionary_Index/source/Hezareh_Part_02_PDF_0251-0500.md#L9489-L9494,True
coupe,coupe,coupe,[],hz-008062,entry_candidate,raw_ocr,medium,2,328,,dictionary/C/C-14.md,hz-008062-coupe,sources/Hezareh_Dictionary_Index/source/Hezareh_Part_02_PDF_0251-0500.md#L9495-L9509,True
COUpe,coupe,coupe,[],hz-008064,entry_candidate,raw_ocr,medium,2,328,,dictionary/C/C-14.md,hz-008064-coupe,sources/Hezareh_Dictionary_Index/source/Hezareh_Part_02_PDF_0251-0500.md#L9495-L9509,True
couplet,couplet,couplet,[],hz-008065,entry_candidate,raw_ocr,medium,2,328,,dictionary/C/C-14.md,hz-008065-couplet,sources/Hezareh_Dictionary_Index/source/Hezareh_Part_02_PDF_0251-0500.md#L9510-L9510,True
coupling,coupling,coupling,[],hz-008066,entry_candidate,raw_ocr,medium,2,328,,dictionary/C/C-14.md,hz-008066-coupling,sources/Hezareh_Dictionary_Index/source/Hezareh_Part_02_PDF_0251-0500.md#L9511-L9513,True
coupon,coupon,coupon,[],hz-008067,entry_candidate,raw_ocr,medium,2,328,,dictionary/C/C-14.md,hz-008067-coupon,sources/Hezareh_Dictionary_Index/source/Hezareh_Part_02_PDF_0251-0500.md#L9514-L9514,True
courage,courage,courage,[],hz-008068,entry_candidate,raw_ocr,medium,2,328,,dictionary/C/C-14.md,hz-008068-courage,sources/Hezareh_Dictionary_Index/source/Hezareh_Part_02_PDF_0251-0500.md#L9515-L9524,True
courageoUS,courageous,courageous,[],hz-008070,entry_candidate,raw_ocr,medium,2,328,,dictionary/C/C-14.md,hz-008070-courageous,sources/Hezareh_Dictionary_Index/source/Hezareh_Part_02_PDF_0251-0500.md#L9531-L9533,True
courageously,courageously,courageously,[],hz-008071,entry_candidate,raw_ocr,medium,2,328,,dictionary/C/C-14.md,hz-008071-courageously,sources/Hezareh_Dictionary_Index/source/Hezareh_Part_02_PDF_0251-0500.md#L9534-L9545,True
courgette,courgette,courgette,[],hz-008072,entry_candidate,raw_ocr,hint_only,2,328,,dictionary/C/C-14.md,hz-008072-courgette,sources/Hezareh_Dictionary_Index/source/Hezareh_Part_02_PDF_0251-0500.md#L9479-L9479,False
Courier,courier,courier,[],hz-008073,entry_candidate,raw_ocr,high,2,328,,dictionary/C/C-14.md,hz-008073-courier,sources/Hezareh_Dictionary_Index/source/Hezareh_Part_02_PDF_0251-0500.md#L9546-L9548,True
course,course,course,[],hz-008074,entry_candidate,raw_ocr,high,2,328,,dictionary/C/C-14.md,hz-008074-course,sources/Hezareh_Dictionary_Index/source/Hezareh_Part_02_PDF_0251-0500.md#L9549-L9569,True
course of action,course of action,course of action,[],hz-008076,entry_candidate,raw_ocr,high,2,329,,dictionary/C/C-14.md,hz-008076-course-of-action,sources/Hezareh_Dictionary_Index/source/Hezareh_Part_02_PDF_0251-0500.md#L9608-L9609,True
courser,courser,courser,[],hz-008077,entry_candidate,raw_ocr,medium,2,329,,dictionary/C/C-14.md,hz-008077-courser,sources/Hezareh_Dictionary_Index/source/Hezareh_Part_02_PDF_0251-0500.md#L9610-L9621,True
court,court,court,[],hz-008078,entry_candidate,raw_ocr,high,2,329,,dictionary/C/C-14.md,hz-008078-court,sources/Hezareh_Dictionary_Index/source/Hezareh_Part_02_PDF_0251-0500.md#L9712-L9716,True
Court of Exchequer,court of exchequer,court of exchequer,[],hz-008095,entry_candidate,raw_ocr,hint_only,2,329,,dictionary/C/C-14.md,hz-008095-court-of-exchequer,sources/Hezareh_Dictionary_Index/source/Hezareh_Part_02_PDF_0251-0500.md#L9595-L9595,False
court of law,court of law,court of law,[],hz-008097,entry_candidate,raw_ocr,low,2,329,,dictionary/C/C-14.md,hz-008097-court-of-law,sources/Hezareh_Dictionary_Index/source/Hezareh_Part_02_PDF_0251-0500.md#L9622-L9627,True
court order,court order,court order,[],hz-008098,entry_candidate,raw_ocr,medium,2,329,,dictionary/C/C-14.md,hz-008098-court-order,sources/Hezareh_Dictionary_Index/source/Hezareh_Part_02_PDF_0251-0500.md#L9717-L9717,True
court shoe,court shoe,court shoe,[],hz-008101,entry_candidate,raw_ocr,high,2,330,,dictionary/C/C-14.md,hz-008101-court-shoe,sources/Hezareh_Dictionary_Index/source/Hezareh_Part_02_PDF_0251-0500.md#L9738-L9741,True
court-card,court-card,court-card,[],hz-008081,entry_candidate,raw_ocr,high,2,329,,dictionary/C/C-14.md,hz-008081-court-card,sources/Hezareh_Dictionary_Index/source/Hezareh_Part_02_PDF_0251-0500.md#L9657-L9662,True
court-house,court-house,court-house,[],hz-008090,entry_candidate,raw_ocr,high,2,329,,dictionary/C/C-14.md,hz-008090-court-house,sources/Hezareh_Dictionary_Index/source/Hezareh_Part_02_PDF_0251-0500.md#L9687-L9692,True
court-martial,court-martial,court-martial,[],hz-008094,entry_candidate,raw_ocr,high,2,329,,dictionary/C/C-14.md,hz-008094-court-martial,sources/Hezareh_Dictionary_Index/source/Hezareh_Part_02_PDF_0251-0500.md#L9698-L9711,True
courteously,courteously,courteously,[],hz-008082,entry_candidate,raw_ocr,medium,2,329,,dictionary/C/C-14.md,hz-008082-courteously,sources/Hezareh_Dictionary_Index/source/Hezareh_Part_02_PDF_0251-0500.md#L9663-L9665,True
courter,courter,courter,[],hz-007966,entry_candidate,raw_ocr,hint_only,2,324,,dictionary/C/C-14.md,hz-007966-courter,sources/Hezareh_Dictionary_Index/source/Hezareh_Part_02_PDF_0251-0500.md#L9008-L9008,False
Courtesan,courtesan,courtesan,[],hz-008083,entry_candidate,raw_ocr,high,2,329,,dictionary/C/C-14.md,hz-008083-courtesan,sources/Hezareh_Dictionary_Index/source/Hezareh_Part_02_PDF_0251-0500.md#L9666-L9674,True
courtesy,courtesy,courtesy,[],hz-008084,entry_candidate,raw_ocr,high,2,329,,dictionary/C/C-14.md,hz-008084-courtesy,sources/Hezareh_Dictionary_Index/source/Hezareh_Part_02_PDF_0251-0500.md#L9678-L9679,True
courtesy call,courtesy call,courtesy call,[],hz-008085,entry_candidate,raw_ocr,medium,2,329,,dictionary/C/C-14.md,hz-008085-courtesy-call,sources/Hezareh_Dictionary_Index/source/Hezareh_Part_02_PDF_0251-0500.md#L9675-L9677,True
courtesy card,courtesy card,courtesy card,[],hz-008086,entry_candidate,raw_ocr,high,2,329,,dictionary/C/C-14.md,hz-008086-courtesy-card,sources/Hezareh_Dictionary_Index/source/Hezareh_Part_02_PDF_0251-0500.md#L9678-L9679,True
courtesy light,courtesy light,courtesy light,[],hz-008087,entry_candidate,raw_ocr,high,2,329,,dictionary/C/C-14.md,hz-008087-courtesy-light,sources/Hezareh_Dictionary_Index/source/Hezareh_Part_02_PDF_0251-0500.md#L9680-L9683,True
courtesy title,courtesy title,courtesy title,[],hz-008088,entry_candidate,raw_ocr,high,2,329,,dictionary/C/C-14.md,hz-008088-courtesy-title,sources/Hezareh_Dictionary_Index/source/Hezareh_Part_02_PDF_0251-0500.md#L9684-L9685,True
courtesy visit,courtesy visit,courtesy visit,[],hz-008089,entry_candidate,raw_ocr,high,2,329,,dictionary/C/C-14.md,hz-008089-courtesy-visit,sources/Hezareh_Dictionary_Index/source/Hezareh_Part_02_PDF_0251-0500.md#L9686-L9686,True
courtier,courtier,courtier,[],hz-008091,entry_candidate,raw_ocr,hint_only,2,329,,dictionary/C/C-14.md,hz-008091-courtier,sources/Hezareh_Dictionary_Index/source/Hezareh_Part_02_PDF_0251-0500.md#L9595-L9595,False
courtliness,courtliness,courtliness,[],hz-008092,entry_candidate,raw_ocr,high,2,329,,dictionary/C/C-14.md,hz-008092-courtliness,sources/Hezareh_Dictionary_Index/source/Hezareh_Part_02_PDF_0251-0500.md#L9693-L9694,True
courtly,courtly,courtly,[],hz-008093,entry_candidate,raw_ocr,high,2,329,,dictionary/C/C-14.md,hz-008093-courtly,sources/Hezareh_Dictionary_Index/source/Hezareh_Part_02_PDF_0251-0500.md#L9695-L9697,True
courtot inquiry,courtot inquiry,courtot inquiry,[],hz-008096,entry_candidate,raw_ocr,hint_only,2,329,,dictionary/C/C-14.md,hz-008096-courtot-inquiry,sources/Hezareh_Dictionary_Index/source/Hezareh_Part_02_PDF_0251-0500.md#L9595-L9595,False
courtroom,courtroom,courtroom,[],hz-008099,entry_candidate,raw_ocr,high,2,329,,dictionary/C/C-14.md,hz-008099-courtroom,sources/Hezareh_Dictionary_Index/source/Hezareh_Part_02_PDF_0251-0500.md#L9718-L9720,True
courtship,courtship,courtship,[],hz-008100,entry_candidate,raw_ocr,high,2,329,,dictionary/C/C-14.md,hz-008100-courtship,sources/Hezareh_Dictionary_Index/source/Hezareh_Part_02_PDF_0251-0500.md#L9721-L9724,True
cousin,cousin,cousin,[],hz-008102,entry_candidate,raw_ocr,medium,2,330,,dictionary/C/C-14.md,hz-008102-cousin,sources/Hezareh_Dictionary_Index/source/Hezareh_Part_02_PDF_0251-0500.md#L9742-L9746,True
cousinly,cousinly,cousinly,[],hz-008103,entry_candidate,raw_ocr,high,2,330,,dictionary/C/C-14.md,hz-008103-cousinly,sources/Hezareh_Dictionary_Index/source/Hezareh_Part_02_PDF_0251-0500.md#L9747-L9747,True
COUtUre,couture,couture,[],hz-008104,entry_candidate,raw_ocr,medium,2,330,,dictionary/C/C-14.md,hz-008104-couture,sources/Hezareh_Dictionary_Index/source/Hezareh_Part_02_PDF_0251-0500.md#L9748-L9750,True
couturier,couturier,couturier,[],hz-008105,entry_candidate,raw_ocr,medium,2,330,,dictionary/C/C-14.md,hz-008105-couturier,sources/Hezareh_Dictionary_Index/source/Hezareh_Part_02_PDF_0251-0500.md#L9751-L9752,True
covalence,covalence,covalence,[],hz-008106,entry_candidate,raw_ocr,medium,2,330,,dictionary/C/C-14.md,hz-008106-covalence,sources/Hezareh_Dictionary_Index/source/Hezareh_Part_02_PDF_0251-0500.md#L9753-L9761,True
coven,coven,coven,[],hz-008107,entry_candidate,raw_ocr,medium,2,330,,dictionary/C/C-14.md,hz-008107-coven,sources/Hezareh_Dictionary_Index/source/Hezareh_Part_02_PDF_0251-0500.md#L9762-L9762,True
covenant,covenant,covenant,[],hz-008108,entry_candidate,raw_ocr,medium,2,330,,dictionary/C/C-14.md,hz-008108-covenant,sources/Hezareh_Dictionary_Index/source/Hezareh_Part_02_PDF_0251-0500.md#L9763-L9770,True
Coventry,coventry,coventry,[],hz-008109,entry_candidate,raw_ocr,low,2,330,,dictionary/C/C-14.md,hz-008109-coventry,sources/Hezareh_Dictionary_Index/source/Hezareh_Part_02_PDF_0251-0500.md#L9771-L9830,True
cover a Jot of,cover a jot of,cover a jot of,[],hz-016093,entry_candidate,raw_ocr,hint_only,3,711,,dictionary/C/C-14.md,hz-016093-cover-a-jot-of,sources/Hezareh_Dictionary_Index/source/Hezareh_Part_03_PDF_0501-0750.md#L24244-L24244,False
cover charge,cover charge,cover charge,[],hz-008111,entry_candidate,raw_ocr,high,2,331,,dictionary/C/C-14.md,hz-008111-cover-charge,sources/Hezareh_Dictionary_Index/source/Hezareh_Part_02_PDF_0251-0500.md#L9869-L9874,True
cover girl,cover girl,cover girl,[],hz-008113,entry_candidate,raw_ocr,medium,2,331,,dictionary/C/C-14.md,hz-008113-cover-girl,sources/Hezareh_Dictionary_Index/source/Hezareh_Part_02_PDF_0251-0500.md#L9877-L9880,True
cover letter,cover letter,cover letter,[],hz-008118,entry_candidate,raw_ocr,high,2,331,,dictionary/C/C-14.md,hz-008118-cover-letter,sources/Hezareh_Dictionary_Index/source/Hezareh_Part_02_PDF_0251-0500.md#L9886-L9886,True
cover note,cover note,cover note,[],hz-008119,entry_candidate,raw_ocr,medium,2,331,,dictionary/C/C-14.md,hz-008119-cover-note,sources/Hezareh_Dictionary_Index/source/Hezareh_Part_02_PDF_0251-0500.md#L9887-L9887,True
cover story,cover story,cover story,[],hz-008120,entry_candidate,raw_ocr,medium,2,331,,dictionary/C/C-14.md,hz-008120-cover-story,sources/Hezareh_Dictionary_Index/source/Hezareh_Part_02_PDF_0251-0500.md#L9888-L9889,True
cover-up,cover-up,cover-up,[],hz-008135,entry_candidate,raw_ocr,medium,2,331,,dictionary/C/C-14.md,hz-008135-cover-up,sources/Hezareh_Dictionary_Index/source/Hezareh_Part_02_PDF_0251-0500.md#L9898-L9907,True
coveralls,coveralls,coveralls,[],hz-008110,entry_candidate,raw_ocr,medium,2,331,,dictionary/C/C-14.md,hz-008110-coveralls,sources/Hezareh_Dictionary_Index/source/Hezareh_Part_02_PDF_0251-0500.md#L9867-L9868,True
covered wagon,covered wagon,covered wagon,[],hz-008112,entry_candidate,raw_ocr,high,2,331,,dictionary/C/C-14.md,hz-008112-covered-wagon,sources/Hezareh_Dictionary_Index/source/Hezareh_Part_02_PDF_0251-0500.md#L9875-L9876,True
covering,covering,covering,[],hz-008114,entry_candidate,raw_ocr,medium,2,331,,dictionary/C/C-14.md,hz-008114-covering,sources/Hezareh_Dictionary_Index/source/Hezareh_Part_02_PDF_0251-0500.md#L9883-L9884,True
covering fire,covering fire,covering fire,[],hz-008115,entry_candidate,raw_ocr,low,2,331,,dictionary/C/C-14.md,hz-008115-covering-fire,sources/Hezareh_Dictionary_Index/source/Hezareh_Part_02_PDF_0251-0500.md#L9881-L9882,True
covering letter,covering letter,covering letter,[],hz-008116,entry_candidate,raw_ocr,medium,2,331,,dictionary/C/C-14.md,hz-008116-covering-letter,sources/Hezareh_Dictionary_Index/source/Hezareh_Part_02_PDF_0251-0500.md#L9883-L9884,True
coverlet,coverlet,coverlet,[],hz-008117,entry_candidate,raw_ocr,medium,2,331,,dictionary/C/C-14.md,hz-008117-coverlet,sources/Hezareh_Dictionary_Index/source/Hezareh_Part_02_PDF_0251-0500.md#L9885-L9885,True
covert,covert,covert,[],hz-008121,entry_candidate,raw_ocr,medium,2,331,,dictionary/C/C-14.md,hz-008121-covert,sources/Hezareh_Dictionary_Index/source/Hezareh_Part_02_PDF_0251-0500.md#L9890-L9895,True
covertly,covertly,covertly,[],hz-008122,entry_candidate,raw_ocr,medium,2,331,,dictionary/C/C-14.md,hz-008122-covertly,sources/Hezareh_Dictionary_Index/source/Hezareh_Part_02_PDF_0251-0500.md#L9896-L9897,True
covetOUS,covetous,covetous,[],hz-008123,entry_candidate,raw_ocr,high,2,331,,dictionary/C/C-14.md,hz-008123-covetous,sources/Hezareh_Dictionary_Index/source/Hezareh_Part_02_PDF_0251-0500.md#L9908-L9911,True
covetously,covetously,covetously,[],hz-008124,entry_candidate,raw_ocr,medium,2,331,,dictionary/C/C-14.md,hz-008124-covetously,sources/Hezareh_Dictionary_Index/source/Hezareh_Part_02_PDF_0251-0500.md#L9912-L9915,True
covetousness,covetousness,covetousness,[],hz-008125,entry_candidate,raw_ocr,medium,2,331,,dictionary/C/C-14.md,hz-008125-covetousness,sources/Hezareh_Dictionary_Index/source/Hezareh_Part_02_PDF_0251-0500.md#L9916-L9918,True
covey,covey,covey,[],hz-008126,entry_candidate,raw_ocr,high,2,331,,dictionary/C/C-14.md,hz-008126-covey,sources/Hezareh_Dictionary_Index/source/Hezareh_Part_02_PDF_0251-0500.md#L9919-L9928,True
cow,cow,cow,[],hz-008127,entry_candidate,raw_ocr,high,2,331,,dictionary/C/C-14.md,hz-008127-cow,sources/Hezareh_Dictionary_Index/source/Hezareh_Part_02_PDF_0251-0500.md#L9929-L9931,True
cow parsley,cow parsley,cow parsley,[],hz-008145,entry_candidate,raw_ocr,low,2,332,,dictionary/C/C-14.md,hz-008145-cow-parsley,sources/Hezareh_Dictionary_Index/source/Hezareh_Part_02_PDF_0251-0500.md#L9992-L9992,True
cow-catcher,cow-catcher,cow-catcher,[],hz-008133,entry_candidate,raw_ocr,high,2,331,,dictionary/C/C-14.md,hz-008133-cow-catcher,sources/Hezareh_Dictionary_Index/source/Hezareh_Part_02_PDF_0251-0500.md#L9953-L9954,True
cow-pat,cow-pat,cow-pat,[],hz-008146,entry_candidate,raw_ocr,high,2,332,,dictionary/C/C-14.md,hz-008146-cow-pat,sources/Hezareh_Dictionary_Index/source/Hezareh_Part_02_PDF_0251-0500.md#L9993-L9993,True
coward,coward,coward,[],hz-008128,entry_candidate,raw_ocr,high,2,331,,dictionary/C/C-14.md,hz-008128-coward,sources/Hezareh_Dictionary_Index/source/Hezareh_Part_02_PDF_0251-0500.md#L9932-L9935,True
cowardice,cowardice,cowardice,[],hz-008129,entry_candidate,raw_ocr,medium,2,331,,dictionary/C/C-14.md,hz-008129-cowardice,sources/Hezareh_Dictionary_Index/source/Hezareh_Part_02_PDF_0251-0500.md#L9936-L9938,True
cowardly,cowardly,cowardly,[],hz-008130,entry_candidate,raw_ocr,high,2,331,,dictionary/C/C-14.md,hz-008130-cowardly,sources/Hezareh_Dictionary_Index/source/Hezareh_Part_02_PDF_0251-0500.md#L9939-L9942,True
cowbell,cowbell,cowbell,[],hz-008131,entry_candidate,raw_ocr,high,2,331,,dictionary/C/C-14.md,hz-008131-cowbell,sources/Hezareh_Dictionary_Index/source/Hezareh_Part_02_PDF_0251-0500.md#L9943-L9944,True
cowboy,cowboy,cowboy,[],hz-008132,entry_candidate,raw_ocr,medium,2,331,,dictionary/C/C-14.md,hz-008132-cowboy,sources/Hezareh_Dictionary_Index/source/Hezareh_Part_02_PDF_0251-0500.md#L9945-L9952,True
cowed,cowed,cowed,[],hz-008134,entry_candidate,raw_ocr,medium,2,331,,dictionary/C/C-14.md,hz-008134-cowed,sources/Hezareh_Dictionary_Index/source/Hezareh_Part_02_PDF_0251-0500.md#L9955-L9965,True
cower,cower,cower,[],hz-008136,entry_candidate,raw_ocr,hint_only,2,331,,dictionary/C/C-14.md,hz-008136-cower,sources/Hezareh_Dictionary_Index/source/Hezareh_Part_02_PDF_0251-0500.md#L9843-L9843,False
cowhand,cowhand,cowhand,[],hz-008137,entry_candidate,raw_ocr,low,2,331,,dictionary/C/C-14.md,hz-008137-cowhand,sources/Hezareh_Dictionary_Index/source/Hezareh_Part_02_PDF_0251-0500.md#L9966-L9967,True
cowherd,cowherd,cowherd,[],hz-008138,entry_candidate,raw_ocr,high,2,331,,dictionary/C/C-14.md,hz-008138-cowherd,sources/Hezareh_Dictionary_Index/source/Hezareh_Part_02_PDF_0251-0500.md#L9966-L9967,True
cowhide,cowhide,cowhide,[],hz-008139,entry_candidate,raw_ocr,medium,2,332,,dictionary/C/C-14.md,hz-008139-cowhide,sources/Hezareh_Dictionary_Index/source/Hezareh_Part_02_PDF_0251-0500.md#L9981-L9983,True
cowhouse,cowhouse,cowhouse,[],hz-008140,entry_candidate,raw_ocr,medium,2,332,,dictionary/C/C-14.md,hz-008140-cowhouse,sources/Hezareh_Dictionary_Index/source/Hezareh_Part_02_PDF_0251-0500.md#L9984-L9984,True
cowl,cowl,cowl,[],hz-008141,entry_candidate,raw_ocr,low,2,332,,dictionary/C/C-14.md,hz-008141-cowl,sources/Hezareh_Dictionary_Index/source/Hezareh_Part_02_PDF_0251-0500.md#L9985-L9986,True
cowlick,cowlick,cowlick,[],hz-008142,entry_candidate,raw_ocr,medium,2,332,,dictionary/C/C-14.md,hz-008142-cowlick,sources/Hezareh_Dictionary_Index/source/Hezareh_Part_02_PDF_0251-0500.md#L9987-L9987,True
cowling,cowling,cowling,[],hz-008143,entry_candidate,raw_ocr,medium,2,332,,dictionary/C/C-14.md,hz-008143-cowling,sources/Hezareh_Dictionary_Index/source/Hezareh_Part_02_PDF_0251-0500.md#L9988-L9988,True
cowman,cowman,cowman,[],hz-008144,entry_candidate,raw_ocr,high,2,332,,dictionary/C/C-14.md,hz-008144-cowman,sources/Hezareh_Dictionary_Index/source/Hezareh_Part_02_PDF_0251-0500.md#L9989-L9991,True
COWpOX,cowpox,cowpox,[],hz-008147,entry_candidate,raw_ocr,medium,2,332,,dictionary/C/C-14.md,hz-008147-cowpox,sources/Hezareh_Dictionary_Index/source/Hezareh_Part_02_PDF_0251-0500.md#L9994-L9997,True
cowrie,cowrie,cowrie,[],hz-008148,entry_candidate,raw_ocr,hint_only,2,332,,dictionary/C/C-14.md,hz-008148-cowrie,sources/Hezareh_Dictionary_Index/source/Hezareh_Part_02_PDF_0251-0500.md#L9971-L9971,False
cowskin,cowskin,cowskin,[],hz-008149,entry_candidate,raw_ocr,medium,2,332,,dictionary/C/C-14.md,hz-008149-cowskin,sources/Hezareh_Dictionary_Index/source/Hezareh_Part_02_PDF_0251-0500.md#L9998-L9998,True
cowslip,cowslip,cowslip,[],hz-008150,entry_candidate,raw_ocr,medium,2,332,,dictionary/C/C-14.md,hz-008150-cowslip,sources/Hezareh_Dictionary_Index/source/Hezareh_Part_02_PDF_0251-0500.md#L9999-L9999,True
COX,cox,cox,[],hz-008151,entry_candidate,raw_ocr,medium,2,332,,dictionary/C/C-14.md,hz-008151-cox,sources/Hezareh_Dictionary_Index/source/Hezareh_Part_02_PDF_0251-0500.md#L10000-L10002,True
coxcomb,coxcomb,coxcomb,[],hz-008152,entry_candidate,raw_ocr,medium,2,332,,dictionary/C/C-14.md,hz-008152-coxcomb,sources/Hezareh_Dictionary_Index/source/Hezareh_Part_02_PDF_0251-0500.md#L10003-L10004,True
coxswain,coxswain,coxswain,[],hz-008153,entry_candidate,raw_ocr,medium,2,332,,dictionary/C/C-14.md,hz-008153-coxswain,sources/Hezareh_Dictionary_Index/source/Hezareh_Part_02_PDF_0251-0500.md#L10005-L10006,True
coy,coy,coy,[],hz-008154,entry_candidate,raw_ocr,high,2,332,,dictionary/C/C-14.md,hz-008154-coy,sources/Hezareh_Dictionary_Index/source/Hezareh_Part_02_PDF_0251-0500.md#L10007-L10009,True
coyly,coyly,coyly,[],hz-008155,entry_candidate,raw_ocr,low,2,332,,dictionary/C/C-14.md,hz-008155-coyly,sources/Hezareh_Dictionary_Index/source/Hezareh_Part_02_PDF_0251-0500.md#L10010-L10011,True
coyness,coyness,coyness,[],hz-008156,entry_candidate,raw_ocr,medium,2,332,,dictionary/C/C-14.md,hz-008156-coyness,sources/Hezareh_Dictionary_Index/source/Hezareh_Part_02_PDF_0251-0500.md#L10012-L10013,True
coyote,coyote,coyote,[],hz-008157,entry_candidate,raw_ocr,low,2,332,,dictionary/C/C-14.md,hz-008157-coyote,sources/Hezareh_Dictionary_Index/source/Hezareh_Part_02_PDF_0251-0500.md#L10014-L10015,True
COypU,coypu,coypu,[],hz-008158,entry_candidate,raw_ocr,low,2,332,,dictionary/C/C-14.md,hz-008158-coypu,sources/Hezareh_Dictionary_Index/source/Hezareh_Part_02_PDF_0251-0500.md#L10016-L10020,True
cozent'kAzn,cozent'kazn,cozent'kazn,[],hz-008159,entry_candidate,raw_ocr,hint_only,2,332,,dictionary/C/C-14.md,hz-008159-cozent-kazn,sources/Hezareh_Dictionary_Index/source/Hezareh_Part_02_PDF_0251-0500.md#L9971-L9971,False
cozy,cozy,cozy,[],hz-008160,entry_candidate,raw_ocr,hint_only,2,332,,dictionary/C/C-14.md,hz-008160-cozy,sources/Hezareh_Dictionary_Index/source/Hezareh_Part_02_PDF_0251-0500.md#L9971-L9971,False
CP,cp,cp,[],hz-008161,entry_candidate,raw_ocr,high,2,332,,dictionary/C/C-14.md,hz-008161-cp,sources/Hezareh_Dictionary_Index/source/Hezareh_Part_02_PDF_0251-0500.md#L10021-L10032,True
cp,cp,cp,[],hz-008162,entry_candidate,raw_ocr,high,2,332,,dictionary/C/C-14.md,hz-008162-cp,sources/Hezareh_Dictionary_Index/source/Hezareh_Part_02_PDF_0251-0500.md#L10021-L10032,True
Cpl,cpl,cpl,[],hz-008163,entry_candidate,raw_ocr,hint_only,2,332,,dictionary/C/C-14.md,hz-008163-cpl,sources/Hezareh_Dictionary_Index/source/Hezareh_Part_02_PDF_0251-0500.md#L9971-L9971,False
cps,cps,cps,[],hz-008164,entry_candidate,raw_ocr,high,2,332,,dictionary/C/C-14.md,hz-008164-cps,sources/Hezareh_Dictionary_Index/source/Hezareh_Part_02_PDF_0251-0500.md#L10033-L10034,True
CPU,cpu,cpu,[],hz-008165,entry_candidate,raw_ocr,high,2,332,,dictionary/C/C-14.md,hz-008165-cpu,sources/Hezareh_Dictionary_Index/source/Hezareh_Part_02_PDF_0251-0500.md#L10035-L10040,True
crab,crab,crab,[],hz-008166,entry_candidate,raw_ocr,high,2,332,,dictionary/C/C-14.md,hz-008166-crab,sources/Hezareh_Dictionary_Index/source/Hezareh_Part_02_PDF_0251-0500.md#L10041-L10045,True
Crab,crab,crab,[],hz-008168,entry_candidate,raw_ocr,high,2,332,,dictionary/C/C-14.md,hz-008168-crab,sources/Hezareh_Dictionary_Index/source/Hezareh_Part_02_PDF_0251-0500.md#L10041-L10045,True
crab one's act,crab one's act,crab one's act,[],hz-008167,entry_candidate,raw_ocr,high,2,332,,dictionary/C/C-14.md,hz-008167-crab-one-s-act,sources/Hezareh_Dictionary_Index/source/Hezareh_Part_02_PDF_0251-0500.md#L10046-L10050,True
crab-apple,crab-apple,crab-apple,[],hz-008169,entry_candidate,raw_ocr,high,2,332,,dictionary/C/C-14.md,hz-008169-crab-apple,sources/Hezareh_Dictionary_Index/source/Hezareh_Part_02_PDF_0251-0500.md#L10051-L10052,True
crab-louse,crab-louse,crab-louse,[],hz-008172,entry_candidate,raw_ocr,high,2,332,,dictionary/C/C-14.md,hz-008172-crab-louse,sources/Hezareh_Dictionary_Index/source/Hezareh_Part_02_PDF_0251-0500.md#L10060-L10060,True
crabbed,crabbed,crabbed,[],hz-008170,entry_candidate,raw_ocr,high,2,332,,dictionary/C/C-14.md,hz-008170-crabbed,sources/Hezareh_Dictionary_Index/source/Hezareh_Part_02_PDF_0251-0500.md#L10053-L10056,True
crabby,crabby,crabby,[],hz-008171,entry_candidate,raw_ocr,high,2,332,,dictionary/C/C-14.md,hz-008171-crabby,sources/Hezareh_Dictionary_Index/source/Hezareh_Part_02_PDF_0251-0500.md#L10057-L10059,True
crabwise,crabwise,crabwise,[],hz-008173,entry_candidate,raw_ocr,high,2,332,,dictionary/C/C-14.md,hz-008173-crabwise,sources/Hezareh_Dictionary_Index/source/Hezareh_Part_02_PDF_0251-0500.md#L10061-L10081,True
crack one's finger joints,crack one's finger joints,crack one's finger joints,[],hz-008175,entry_candidate,raw_ocr,high,2,333,,dictionary/C/C-14.md,hz-008175-crack-one-s-finger-joints,sources/Hezareh_Dictionary_Index/source/Hezareh_Part_02_PDF_0251-0500.md#L10127-L10165,True
crack-upi'krrek Ap,crack-upi'krrek ap,crack-upi'krrek ap,[],hz-008186,entry_candidate,raw_ocr,hint_only,2,333,,dictionary/C/C-14.md,hz-008186-crack-upi-krrek-ap,sources/Hezareh_Dictionary_Index/source/Hezareh_Part_02_PDF_0251-0500.md#L10085-L10085,False
cracked,cracked,cracked,[],hz-008176,entry_candidate,raw_ocr,medium,2,333,,dictionary/C/C-14.md,hz-008176-cracked,sources/Hezareh_Dictionary_Index/source/Hezareh_Part_02_PDF_0251-0500.md#L10166-L10169,True
cracker,cracker,cracker,[],hz-008177,entry_candidate,raw_ocr,medium,2,333,,dictionary/C/C-14.md,hz-008177-cracker,sources/Hezareh_Dictionary_Index/source/Hezareh_Part_02_PDF_0251-0500.md#L10170-L10174,True
crackerjack,crackerjack,crackerjack,[],hz-008178,entry_candidate,raw_ocr,medium,2,333,,dictionary/C/C-14.md,hz-008178-crackerjack,sources/Hezareh_Dictionary_Index/source/Hezareh_Part_02_PDF_0251-0500.md#L10175-L10179,True
crackers,crackers,crackers,[],hz-008179,entry_candidate,raw_ocr,medium,2,333,,dictionary/C/C-14.md,hz-008179-crackers,sources/Hezareh_Dictionary_Index/source/Hezareh_Part_02_PDF_0251-0500.md#L10180-L10191,True
crackle,crackle,crackle,[],hz-008181,entry_candidate,raw_ocr,medium,2,333,,dictionary/C/C-14.md,hz-008181-crackle,sources/Hezareh_Dictionary_Index/source/Hezareh_Part_02_PDF_0251-0500.md#L10192-L10194,True
crackle-chtna,crackle-chtna,crackle-chtna,[],hz-008182,entry_candidate,raw_ocr,hint_only,2,333,,dictionary/C/C-14.md,hz-008182-crackle-chtna,sources/Hezareh_Dictionary_Index/source/Hezareh_Part_02_PDF_0251-0500.md#L10085-L10085,False
crackle-ware,crackle-ware,crackle-ware,[],hz-008183,entry_candidate,raw_ocr,medium,2,333,,dictionary/C/C-14.md,hz-008183-crackle-ware,sources/Hezareh_Dictionary_Index/source/Hezareh_Part_02_PDF_0251-0500.md#L10195-L10195,True
crackling,crackling,crackling,[],hz-008184,entry_candidate,raw_ocr,low,2,333,,dictionary/C/C-14.md,hz-008184-crackling,sources/Hezareh_Dictionary_Index/source/Hezareh_Part_02_PDF_0251-0500.md#L10196-L10204,True
cracks man,cracks man,cracks man,[],hz-008185,entry_candidate,raw_ocr,hint_only,2,333,,dictionary/C/C-14.md,hz-008185-cracks-man,sources/Hezareh_Dictionary_Index/source/Hezareh_Part_02_PDF_0251-0500.md#L10085-L10085,False
craclc-jaw,craclc-jaw,craclc-jaw,[],hz-008180,entry_candidate,raw_ocr,hint_only,2,333,,dictionary/C/C-14.md,hz-008180-craclc-jaw,sources/Hezareh_Dictionary_Index/source/Hezareh_Part_02_PDF_0251-0500.md#L10085-L10085,False
cradle,cradle,cradle,[],hz-008187,entry_candidate,raw_ocr,high,2,334,,dictionary/C/C-14.md,hz-008187-cradle,sources/Hezareh_Dictionary_Index/source/Hezareh_Part_02_PDF_0251-0500.md#L10222-L10233,True
craft,craft,craft,[],hz-008188,entry_candidate,raw_ocr,medium,2,334,,dictionary/C/C-14.md,hz-008188-craft,sources/Hezareh_Dictionary_Index/source/Hezareh_Part_02_PDF_0251-0500.md#L10234-L10242,True
craftily,craftily,craftily,[],hz-008189,entry_candidate,raw_ocr,medium,2,334,,dictionary/C/C-14.md,hz-008189-craftily,sources/Hezareh_Dictionary_Index/source/Hezareh_Part_02_PDF_0251-0500.md#L10243-L10248,True
craftineSS,craftiness,craftiness,[],hz-008190,entry_candidate,raw_ocr,hint_only,2,334,,dictionary/C/C-14.md,hz-008190-craftiness,sources/Hezareh_Dictionary_Index/source/Hezareh_Part_02_PDF_0251-0500.md#L10208-L10208,False
craftsman,craftsman,craftsman,[],hz-008191,entry_candidate,raw_ocr,high,2,334,,dictionary/C/C-14.md,hz-008191-craftsman,sources/Hezareh_Dictionary_Index/source/Hezareh_Part_02_PDF_0251-0500.md#L10249-L10250,True
craftsmanship,craftsmanship,craftsmanship,[],hz-008192,entry_candidate,raw_ocr,high,2,334,,dictionary/C/C-14.md,hz-008192-craftsmanship,sources/Hezareh_Dictionary_Index/source/Hezareh_Part_02_PDF_0251-0500.md#L10251-L10252,True
crafty,crafty,crafty,[],hz-008193,entry_candidate,raw_ocr,high,2,334,,dictionary/C/C-14.md,hz-008193-crafty,sources/Hezareh_Dictionary_Index/source/Hezareh_Part_02_PDF_0251-0500.md#L10253-L10255,True
Crag,crag,crag,[],hz-008194,entry_candidate,raw_ocr,medium,2,334,,dictionary/C/C-14.md,hz-008194-crag,sources/Hezareh_Dictionary_Index/source/Hezareh_Part_02_PDF_0251-0500.md#L10256-L10256,True
cragged,cragged,cragged,[],hz-008195,entry_candidate,raw_ocr,medium,2,334,,dictionary/C/C-14.md,hz-008195-cragged,sources/Hezareh_Dictionary_Index/source/Hezareh_Part_02_PDF_0251-0500.md#L10257-L10271,True
craggy,craggy,craggy,[],hz-008196,entry_candidate,raw_ocr,hint_only,2,334,,dictionary/C/C-14.md,hz-008196-craggy,sources/Hezareh_Dictionary_Index/source/Hezareh_Part_02_PDF_0251-0500.md#L10208-L10208,False
crags man,crags man,crags man,[],hz-008197,entry_candidate,raw_ocr,hint_only,2,334,,dictionary/C/C-14.md,hz-008197-crags-man,sources/Hezareh_Dictionary_Index/source/Hezareh_Part_02_PDF_0251-0500.md#L10208-L10208,False
crake,crake,crake,[],hz-008199,entry_candidate,raw_ocr,high,2,334,,dictionary/C/C-14.md,hz-008199-crake,sources/Hezareh_Dictionary_Index/source/Hezareh_Part_02_PDF_0251-0500.md#L10272-L10272,True
cram,cram,cram,[],hz-008200,entry_candidate,raw_ocr,high,2,334,,dictionary/C/C-14.md,hz-008200-cram,sources/Hezareh_Dictionary_Index/source/Hezareh_Part_02_PDF_0251-0500.md#L10273-L10286,True
crammer,crammer,crammer,[],hz-008201,entry_candidate,raw_ocr,hint_only,2,334,,dictionary/C/C-14.md,hz-008201-crammer,sources/Hezareh_Dictionary_Index/source/Hezareh_Part_02_PDF_0251-0500.md#L10208-L10208,False
cramp,cramp,cramp,[],hz-008204,entry_candidate,raw_ocr,high,2,334,,dictionary/C/C-14.md,hz-008204-cramp,sources/Hezareh_Dictionary_Index/source/Hezareh_Part_02_PDF_0251-0500.md#L10287-L10297,True
cramp-,cramp-,cramp-,[],hz-008202,entry_candidate,raw_ocr,hint_only,2,334,,dictionary/C/C-14.md,hz-008202-cramp,sources/Hezareh_Dictionary_Index/source/Hezareh_Part_02_PDF_0251-0500.md#L10208-L10208,False
Cramp-iron,cramp-iron,cramp-iron,[],hz-008205,entry_candidate,raw_ocr,high,2,334,,dictionary/C/C-14.md,hz-008205-cramp-iron,sources/Hezareh_Dictionary_Index/source/Hezareh_Part_02_PDF_0251-0500.md#L10298-L10301,True
cranberry,cranberry,cranberry,[],hz-008206,entry_candidate,raw_ocr,high,2,334,,dictionary/C/C-14.md,hz-008206-cranberry,sources/Hezareh_Dictionary_Index/source/Hezareh_Part_02_PDF_0251-0500.md#L10302-L10303,True
crane,crane,crane,[],hz-008198,entry_candidate,raw_ocr,high,2,334,,dictionary/C/C-14.md,hz-008198-crane,sources/Hezareh_Dictionary_Index/source/Hezareh_Part_02_PDF_0251-0500.md#L10304-L10309,True
crane's-bill,crane's-bill,crane's-bill,[],hz-008207,entry_candidate,raw_ocr,high,2,334,,dictionary/C/C-14.md,hz-008207-crane-s-bill,sources/Hezareh_Dictionary_Index/source/Hezareh_Part_02_PDF_0251-0500.md#L10310-L10310,True
crania,crania,crania,[],hz-008208,entry_candidate,raw_ocr,high,2,334,,dictionary/C/C-14.md,hz-008208-crania,sources/Hezareh_Dictionary_Index/source/Hezareh_Part_02_PDF_0251-0500.md#L10311-L10311,True
cranial,cranial,cranial,[],hz-008209,entry_candidate,raw_ocr,high,2,334,,dictionary/C/C-14.md,hz-008209-cranial,sources/Hezareh_Dictionary_Index/source/Hezareh_Part_02_PDF_0251-0500.md#L10312-L10318,True
cranium,cranium,cranium,[],hz-008210,entry_candidate,raw_ocr,high,2,335,,dictionary/C/C-14.md,hz-008210-cranium,sources/Hezareh_Dictionary_Index/source/Hezareh_Part_02_PDF_0251-0500.md#L10332-L10341,True
crankcase,crankcase,crankcase,[],hz-008211,entry_candidate,raw_ocr,medium,2,335,,dictionary/C/C-14.md,hz-008211-crankcase,sources/Hezareh_Dictionary_Index/source/Hezareh_Part_02_PDF_0251-0500.md#L10342-L10342,True
crankshaft,crankshaft,crankshaft,[],hz-008212,entry_candidate,raw_ocr,low,2,335,,dictionary/C/C-14.md,hz-008212-crankshaft,sources/Hezareh_Dictionary_Index/source/Hezareh_Part_02_PDF_0251-0500.md#L10343-L10349,True
cranky,cranky,cranky,[],hz-008213,entry_candidate,raw_ocr,hint_only,2,335,,dictionary/C/C-14.md,hz-008213-cranky,sources/Hezareh_Dictionary_Index/source/Hezareh_Part_02_PDF_0251-0500.md#L10322-L10322,False
crannied,crannied,crannied,[],hz-008214,entry_candidate,raw_ocr,medium,2,335,,dictionary/C/C-14.md,hz-008214-crannied,sources/Hezareh_Dictionary_Index/source/Hezareh_Part_02_PDF_0251-0500.md#L10350-L10350,True
cranny,cranny,cranny,[],hz-008215,entry_candidate,raw_ocr,medium,2,335,,dictionary/C/C-14.md,hz-008215-cranny,sources/Hezareh_Dictionary_Index/source/Hezareh_Part_02_PDF_0251-0500.md#L10351-L10358,True
crap,crap,crap,[],hz-008216,entry_candidate,raw_ocr,medium,2,335,,dictionary/C/C-14.md,hz-008216-crap,sources/Hezareh_Dictionary_Index/source/Hezareh_Part_02_PDF_0251-0500.md#L10359-L10361,True
crap-shooting,crap-shooting,crap-shooting,[],hz-008219,entry_candidate,raw_ocr,hint_only,2,335,,dictionary/C/C-14.md,hz-008219-crap-shooting,sources/Hezareh_Dictionary_Index/source/Hezareh_Part_02_PDF_0251-0500.md#L10322-L10322,False
crappy,crappy,crappy,[],hz-008217,entry_candidate,raw_ocr,low,2,335,,dictionary/C/C-14.md,hz-008217-crappy,sources/Hezareh_Dictionary_Index/source/Hezareh_Part_02_PDF_0251-0500.md#L10362-L10364,True
craps,craps,craps,[],hz-008218,entry_candidate,raw_ocr,medium,2,335,,dictionary/C/C-14.md,hz-008218-craps,sources/Hezareh_Dictionary_Index/source/Hezareh_Part_02_PDF_0251-0500.md#L10365-L10369,True
crapulence,crapulence,crapulence,[],hz-008220,entry_candidate,raw_ocr,hint_only,2,335,,dictionary/C/C-14.md,hz-008220-crapulence,sources/Hezareh_Dictionary_Index/source/Hezareh_Part_02_PDF_0251-0500.md#L10322-L10322,False
crapulent,crapulent,crapulent,[],hz-008221,entry_candidate,raw_ocr,medium,2,335,,dictionary/C/C-14.md,hz-008221-crapulent,sources/Hezareh_Dictionary_Index/source/Hezareh_Part_02_PDF_0251-0500.md#L10370-L10373,True
crash,crash,crash,[],hz-008223,entry_candidate,raw_ocr,high,2,335,,dictionary/C/C-14.md,hz-008223-crash,sources/Hezareh_Dictionary_Index/source/Hezareh_Part_02_PDF_0251-0500.md#L10420-L10421,True
crash barrier,crash barrier,crash barrier,[],hz-008224,entry_candidate,raw_ocr,medium,2,335,,dictionary/C/C-14.md,hz-008224-crash-barrier,sources/Hezareh_Dictionary_Index/source/Hezareh_Part_02_PDF_0251-0500.md#L10405-L10410,True
crash pad,crash pad,crash pad,[],hz-008229,entry_candidate,raw_ocr,medium,2,335,,dictionary/C/C-14.md,hz-008229-crash-pad,sources/Hezareh_Dictionary_Index/source/Hezareh_Part_02_PDF_0251-0500.md#L10419-L10419,True
crash programme,crash programme,crash programme,[],hz-008230,entry_candidate,raw_ocr,high,2,335,,dictionary/C/C-14.md,hz-008230-crash-programme,sources/Hezareh_Dictionary_Index/source/Hezareh_Part_02_PDF_0251-0500.md#L10420-L10421,True
crash',crash',crash',[],hz-008222,entry_candidate,raw_ocr,medium,2,335,,dictionary/C/C-14.md,hz-008222-crash,sources/Hezareh_Dictionary_Index/source/Hezareh_Part_02_PDF_0251-0500.md#L10374-L10404,True
crash-dlve zuej darv,crash-dlve zuej darv,crash-dlve zuej darv,[],hz-008225,entry_candidate,raw_ocr,hint_only,2,335,,dictionary/C/C-14.md,hz-008225-crash-dlve-zuej-darv,sources/Hezareh_Dictionary_Index/source/Hezareh_Part_02_PDF_0251-0500.md#L10322-L10322,False
crash-helmet,crash-helmet,crash-helmet,[],hz-008226,entry_candidate,raw_ocr,medium,2,335,,dictionary/C/C-14.md,hz-008226-crash-helmet,sources/Hezareh_Dictionary_Index/source/Hezareh_Part_02_PDF_0251-0500.md#L10411-L10416,True
crash-land,crash-land,crash-land,[],hz-008227,entry_candidate,raw_ocr,hint_only,2,335,,dictionary/C/C-14.md,hz-008227-crash-land,sources/Hezareh_Dictionary_Index/source/Hezareh_Part_02_PDF_0251-0500.md#L10322-L10322,False
crash-landing,crash-landing,crash-landing,[],hz-008228,entry_candidate,raw_ocr,medium,2,335,,dictionary/C/C-14.md,hz-008228-crash-landing,sources/Hezareh_Dictionary_Index/source/Hezareh_Part_02_PDF_0251-0500.md#L10417-L10418,True
crass,crass,crass,[],hz-008231,entry_candidate,raw_ocr,medium,2,335,,dictionary/C/C-14.md,hz-008231-crass,sources/Hezareh_Dictionary_Index/source/Hezareh_Part_02_PDF_0251-0500.md#L10422-L10425,True
crassly,crassly,crassly,[],hz-008232,entry_candidate,raw_ocr,medium,2,335,,dictionary/C/C-14.md,hz-008232-crassly,sources/Hezareh_Dictionary_Index/source/Hezareh_Part_02_PDF_0251-0500.md#L10426-L10429,True
crassnesS,crassness,crassness,[],hz-008233,entry_candidate,raw_ocr,medium,2,336,,dictionary/C/C-14.md,hz-008233-crassness,sources/Hezareh_Dictionary_Index/source/Hezareh_Part_02_PDF_0251-0500.md#L10443-L10446,True
crate,crate,crate,[],hz-008234,entry_candidate,raw_ocr,medium,2,336,,dictionary/C/C-14.md,hz-008234-crate,sources/Hezareh_Dictionary_Index/source/Hezareh_Part_02_PDF_0251-0500.md#L10447-L10450,True
crater,crater,crater,[],hz-008235,entry_candidate,raw_ocr,medium,2,336,,dictionary/C/C-14.md,hz-008235-crater,sources/Hezareh_Dictionary_Index/source/Hezareh_Part_02_PDF_0251-0500.md#L10451-L10452,True
crater lake,crater lake,crater lake,[],hz-008236,entry_candidate,raw_ocr,low,2,336,,dictionary/C/C-14.md,hz-008236-crater-lake,sources/Hezareh_Dictionary_Index/source/Hezareh_Part_02_PDF_0251-0500.md#L10453-L10453,True
Cravat,cravat,cravat,[],hz-008237,entry_candidate,raw_ocr,medium,2,336,,dictionary/C/C-14.md,hz-008237-cravat,sources/Hezareh_Dictionary_Index/source/Hezareh_Part_02_PDF_0251-0500.md#L10454-L10454,True
crave,crave,crave,[],hz-008238,entry_candidate,raw_ocr,medium,2,336,,dictionary/C/C-14.md,hz-008238-crave,sources/Hezareh_Dictionary_Index/source/Hezareh_Part_02_PDF_0251-0500.md#L10455-L10463,True
craven,craven,craven,[],hz-008239,entry_candidate,raw_ocr,medium,2,336,,dictionary/C/C-14.md,hz-008239-craven,sources/Hezareh_Dictionary_Index/source/Hezareh_Part_02_PDF_0251-0500.md#L10464-L10465,True
craving,craving,craving,[],hz-008240,entry_candidate,raw_ocr,low,2,336,,dictionary/C/C-14.md,hz-008240-craving,sources/Hezareh_Dictionary_Index/source/Hezareh_Part_02_PDF_0251-0500.md#L10466-L10468,True
crawfish,crawfish,crawfish,[],hz-008241,entry_candidate,raw_ocr,high,2,336,,dictionary/C/C-14.md,hz-008241-crawfish,sources/Hezareh_Dictionary_Index/source/Hezareh_Part_02_PDF_0251-0500.md#L10469-L10469,True
crawl,crawl,crawl,[],hz-008242,entry_candidate,raw_ocr,medium,2,336,,dictionary/C/C-14.md,hz-008242-crawl,sources/Hezareh_Dictionary_Index/source/Hezareh_Part_02_PDF_0251-0500.md#L10470-L10495,True
crawler,crawler,crawler,[],hz-008244,entry_candidate,raw_ocr,high,2,336,,dictionary/C/C-14.md,hz-008244-crawler,sources/Hezareh_Dictionary_Index/source/Hezareh_Part_02_PDF_0251-0500.md#L10496-L10499,True
crayfish,crayfish,crayfish,[],hz-008245,entry_candidate,raw_ocr,high,2,336,,dictionary/C/C-14.md,hz-008245-crayfish,sources/Hezareh_Dictionary_Index/source/Hezareh_Part_02_PDF_0251-0500.md#L10500-L10500,True
crayon,crayon,crayon,[],hz-008246,entry_candidate,raw_ocr,high,2,336,,dictionary/C/C-14.md,hz-008246-crayon,sources/Hezareh_Dictionary_Index/source/Hezareh_Part_02_PDF_0251-0500.md#L10501-L10502,True
craze,craze,craze,[],hz-008247,entry_candidate,raw_ocr,high,2,336,,dictionary/C/C-14.md,hz-008247-craze,sources/Hezareh_Dictionary_Index/source/Hezareh_Part_02_PDF_0251-0500.md#L10503-L10509,True
crazed,crazed,crazed,[],hz-008248,entry_candidate,raw_ocr,high,2,336,,dictionary/C/C-14.md,hz-008248-crazed,sources/Hezareh_Dictionary_Index/source/Hezareh_Part_02_PDF_0251-0500.md#L10510-L10511,True
crazily,crazily,crazily,[],hz-008249,entry_candidate,raw_ocr,high,2,336,,dictionary/C/C-14.md,hz-008249-crazily,sources/Hezareh_Dictionary_Index/source/Hezareh_Part_02_PDF_0251-0500.md#L10512-L10513,True
craziness,craziness,craziness,[],hz-008250,entry_candidate,raw_ocr,high,2,336,,dictionary/C/C-14.md,hz-008250-craziness,sources/Hezareh_Dictionary_Index/source/Hezareh_Part_02_PDF_0251-0500.md#L10514-L10526,True
crazy i'krem,crazy i'krem,crazy i'krem,[],hz-008251,entry_candidate,raw_ocr,hint_only,2,336,,dictionary/C/C-14.md,hz-008251-crazy-i-krem,sources/Hezareh_Dictionary_Index/source/Hezareh_Part_02_PDF_0251-0500.md#L10433-L10433,False
Crazy-paVing,crazy-paving,crazy-paving,[],hz-008252,entry_candidate,raw_ocr,high,2,336,,dictionary/C/C-15.md,hz-008252-crazy-paving,sources/Hezareh_Dictionary_Index/source/Hezareh_Part_02_PDF_0251-0500.md#L10527-L10527,True
crder-book,crder-book,crder-book,[],hz-024820,entry_candidate,raw_ocr,hint_only,5,1167,,dictionary/C/C-15.md,hz-024820-crder-book,sources/Hezareh_Dictionary_Index/source/Hezareh_Part_05_PDF_1001-1250.md#L19316-L19316,False
creak,creak,creak,[],hz-008253,entry_candidate,raw_ocr,high,2,336,,dictionary/C/C-15.md,hz-008253-creak,sources/Hezareh_Dictionary_Index/source/Hezareh_Part_02_PDF_0251-0500.md#L10528-L10532,True
creaky,creaky,creaky,[],hz-008254,entry_candidate,raw_ocr,high,2,336,,dictionary/C/C-15.md,hz-008254-creaky,sources/Hezareh_Dictionary_Index/source/Hezareh_Part_02_PDF_0251-0500.md#L10533-L10535,True
cream,cream,cream,[],hz-008255,entry_candidate,raw_ocr,high,2,336,,dictionary/C/C-15.md,hz-008255-cream,sources/Hezareh_Dictionary_Index/source/Hezareh_Part_02_PDF_0251-0500.md#L10536-L10544,True
cream cheese,cream cheese,cream cheese,[],hz-008256,entry_candidate,raw_ocr,high,2,337,,dictionary/C/C-15.md,hz-008256-cream-cheese,sources/Hezareh_Dictionary_Index/source/Hezareh_Part_02_PDF_0251-0500.md#L10557-L10574,True
cream cracker,cream cracker,cream cracker,[],hz-008257,entry_candidate,raw_ocr,high,2,337,,dictionary/C/C-15.md,hz-008257-cream-cracker,sources/Hezareh_Dictionary_Index/source/Hezareh_Part_02_PDF_0251-0500.md#L10575-L10576,True
cream tea,cream tea,cream tea,[],hz-008259,entry_candidate,raw_ocr,medium,2,337,,dictionary/C/C-15.md,hz-008259-cream-tea,sources/Hezareh_Dictionary_Index/source/Hezareh_Part_02_PDF_0251-0500.md#L10579-L10579,True
Creamery,creamery,creamery,[],hz-008258,entry_candidate,raw_ocr,medium,2,337,,dictionary/C/C-15.md,hz-008258-creamery,sources/Hezareh_Dictionary_Index/source/Hezareh_Part_02_PDF_0251-0500.md#L10577-L10578,True
creamy,creamy,creamy,[],hz-008260,entry_candidate,raw_ocr,high,2,337,,dictionary/C/C-15.md,hz-008260-creamy,sources/Hezareh_Dictionary_Index/source/Hezareh_Part_02_PDF_0251-0500.md#L10580-L10582,True
crease,crease,crease,[],hz-008261,entry_candidate,raw_ocr,medium,2,337,,dictionary/C/C-15.md,hz-008261-crease,sources/Hezareh_Dictionary_Index/source/Hezareh_Part_02_PDF_0251-0500.md#L10583-L10596,True
create,create,create,[],hz-008262,entry_candidate,raw_ocr,low,2,337,,dictionary/C/C-15.md,hz-008262-create,sources/Hezareh_Dictionary_Index/source/Hezareh_Part_02_PDF_0251-0500.md#L10597-L10598,True
creation,creation,creation,[],hz-008263,entry_candidate,raw_ocr,medium,2,337,,dictionary/C/C-15.md,hz-008263-creation,sources/Hezareh_Dictionary_Index/source/Hezareh_Part_02_PDF_0251-0500.md#L10599-L10609,True
creative,creative,creative,[],hz-008264,entry_candidate,raw_ocr,medium,2,337,,dictionary/C/C-15.md,hz-008264-creative,sources/Hezareh_Dictionary_Index/source/Hezareh_Part_02_PDF_0251-0500.md#L10610-L10612,True
creatively,creatively,creatively,[],hz-008265,entry_candidate,raw_ocr,medium,2,337,,dictionary/C/C-15.md,hz-008265-creatively,sources/Hezareh_Dictionary_Index/source/Hezareh_Part_02_PDF_0251-0500.md#L10613-L10616,True
creativeness,creativeness,creativeness,[],hz-008266,entry_candidate,raw_ocr,hint_only,2,337,,dictionary/C/C-15.md,hz-008266-creativeness,sources/Hezareh_Dictionary_Index/source/Hezareh_Part_02_PDF_0251-0500.md#L10548-L10548,False
creativity,creativity,creativity,[],hz-008267,entry_candidate,raw_ocr,medium,2,337,,dictionary/C/C-15.md,hz-008267-creativity,sources/Hezareh_Dictionary_Index/source/Hezareh_Part_02_PDF_0251-0500.md#L10617-L10618,True
creator,creator,creator,[],hz-008268,entry_candidate,raw_ocr,medium,2,337,,dictionary/C/C-15.md,hz-008268-creator,sources/Hezareh_Dictionary_Index/source/Hezareh_Part_02_PDF_0251-0500.md#L10619-L10630,True
creature,creature,creature,[],hz-008269,entry_candidate,raw_ocr,medium,2,337,,dictionary/C/C-15.md,hz-008269-creature,sources/Hezareh_Dictionary_Index/source/Hezareh_Part_02_PDF_0251-0500.md#L10631-L10634,True
creature comforts,creature comforts,creature comforts,[],hz-008270,entry_candidate,raw_ocr,medium,2,337,,dictionary/C/C-15.md,hz-008270-creature-comforts,sources/Hezareh_Dictionary_Index/source/Hezareh_Part_02_PDF_0251-0500.md#L10631-L10634,True
credence,credence,credence,[],hz-008271,entry_candidate,raw_ocr,medium,2,337,,dictionary/C/C-15.md,hz-008271-credence,sources/Hezareh_Dictionary_Index/source/Hezareh_Part_02_PDF_0251-0500.md#L10635-L10639,True
credentialS,credentials,credentials,[],hz-008272,entry_candidate,raw_ocr,high,2,337,,dictionary/C/C-15.md,hz-008272-credentials,sources/Hezareh_Dictionary_Index/source/Hezareh_Part_02_PDF_0251-0500.md#L10640-L10644,True
credibility,credibility,credibility,[],hz-008273,entry_candidate,raw_ocr,high,2,337,,dictionary/C/C-15.md,hz-008273-credibility,sources/Hezareh_Dictionary_Index/source/Hezareh_Part_02_PDF_0251-0500.md#L10648-L10649,True
credibility gap,credibility gap,credibility gap,[],hz-008274,entry_candidate,raw_ocr,medium,2,337,,dictionary/C/C-15.md,hz-008274-credibility-gap,sources/Hezareh_Dictionary_Index/source/Hezareh_Part_02_PDF_0251-0500.md#L10645-L10647,True
credibility rating,credibility rating,credibility rating,[],hz-008275,entry_candidate,raw_ocr,high,2,337,,dictionary/C/C-15.md,hz-008275-credibility-rating,sources/Hezareh_Dictionary_Index/source/Hezareh_Part_02_PDF_0251-0500.md#L10648-L10649,True
credible,credible,credible,[],hz-008276,entry_candidate,raw_ocr,medium,2,337,,dictionary/C/C-15.md,hz-008276-credible,sources/Hezareh_Dictionary_Index/source/Hezareh_Part_02_PDF_0251-0500.md#L10650-L10652,True
credibly,credibly,credibly,[],hz-008277,entry_candidate,raw_ocr,medium,2,337,,dictionary/C/C-15.md,hz-008277-credibly,sources/Hezareh_Dictionary_Index/source/Hezareh_Part_02_PDF_0251-0500.md#L10653-L10656,True
credit,credit,credit,[],hz-008278,entry_candidate,raw_ocr,high,2,338,,dictionary/C/C-15.md,hz-008278-credit,sources/Hezareh_Dictionary_Index/source/Hezareh_Part_02_PDF_0251-0500.md#L10731-L10732,True
credit balance,credit balance,credit balance,[],hz-008282,entry_candidate,raw_ocr,high,2,338,,dictionary/C/C-15.md,hz-008282-credit-balance,sources/Hezareh_Dictionary_Index/source/Hezareh_Part_02_PDF_0251-0500.md#L10731-L10732,True
credit card,credit card,credit card,[],hz-008283,entry_candidate,raw_ocr,high,2,338,,dictionary/C/C-15.md,hz-008283-credit-card,sources/Hezareh_Dictionary_Index/source/Hezareh_Part_02_PDF_0251-0500.md#L10733-L10736,True
credit entry,credit entry,credit entry,[],hz-008284,entry_candidate,raw_ocr,high,2,338,,dictionary/C/C-15.md,hz-008284-credit-entry,sources/Hezareh_Dictionary_Index/source/Hezareh_Part_02_PDF_0251-0500.md#L10737-L10738,True
credit facilities,credit facilities,credit facilities,[],hz-008285,entry_candidate,raw_ocr,high,2,338,,dictionary/C/C-15.md,hz-008285-credit-facilities,sources/Hezareh_Dictionary_Index/source/Hezareh_Part_02_PDF_0251-0500.md#L10739-L10740,True
credit note,credit note,credit note,[],hz-008286,entry_candidate,raw_ocr,high,2,338,,dictionary/C/C-15.md,hz-008286-credit-note,sources/Hezareh_Dictionary_Index/source/Hezareh_Part_02_PDF_0251-0500.md#L10741-L10741,True
credit rating,credit rating,credit rating,[],hz-008288,entry_candidate,raw_ocr,high,2,338,,dictionary/C/C-15.md,hz-008288-credit-rating,sources/Hezareh_Dictionary_Index/source/Hezareh_Part_02_PDF_0251-0500.md#L10743-L10744,True
credit sale,credit sale,credit sale,[],hz-008289,entry_candidate,raw_ocr,high,2,338,,dictionary/C/C-15.md,hz-008289-credit-sale,sources/Hezareh_Dictionary_Index/source/Hezareh_Part_02_PDF_0251-0500.md#L10745-L10749,True
credit sb,credit sb,credit sb,[],hz-008279,entry_candidate,raw_ocr,high,2,338,,dictionary/C/C-15.md,hz-008279-credit-sb,sources/Hezareh_Dictionary_Index/source/Hezareh_Part_02_PDF_0251-0500.md#L10708-L10721,True
credit squeeze,credit squeeze,credit squeeze,[],hz-008290,entry_candidate,raw_ocr,high,2,338,,dictionary/C/C-15.md,hz-008290-credit-squeeze,sources/Hezareh_Dictionary_Index/source/Hezareh_Part_02_PDF_0251-0500.md#L10750-L10751,True
credit titles,credit titles,credit titles,[],hz-008291,entry_candidate,raw_ocr,high,2,338,,dictionary/C/C-15.md,hz-008291-credit-titles,sources/Hezareh_Dictionary_Index/source/Hezareh_Part_02_PDF_0251-0500.md#L10752-L10753,True
credit transfer,credit transfer,credit transfer,[],hz-008292,entry_candidate,raw_ocr,high,2,338,,dictionary/C/C-15.md,hz-008292-credit-transfer,sources/Hezareh_Dictionary_Index/source/Hezareh_Part_02_PDF_0251-0500.md#L10754-L10755,True
creditable,creditable,creditable,[],hz-008280,entry_candidate,raw_ocr,high,2,338,,dictionary/C/C-15.md,hz-008280-creditable,sources/Hezareh_Dictionary_Index/source/Hezareh_Part_02_PDF_0251-0500.md#L10722-L10725,True
creditably,creditably,creditably,[],hz-008281,entry_candidate,raw_ocr,high,2,338,,dictionary/C/C-15.md,hz-008281-creditably,sources/Hezareh_Dictionary_Index/source/Hezareh_Part_02_PDF_0251-0500.md#L10726-L10730,True
creditor,creditor,creditor,[],hz-008287,entry_candidate,raw_ocr,high,2,338,,dictionary/C/C-15.md,hz-008287-creditor,sources/Hezareh_Dictionary_Index/source/Hezareh_Part_02_PDF_0251-0500.md#L10742-L10742,True
creditworthineSS,creditworthiness,creditworthiness,[],hz-008293,entry_candidate,raw_ocr,high,2,338,,dictionary/C/C-15.md,hz-008293-creditworthiness,sources/Hezareh_Dictionary_Index/source/Hezareh_Part_02_PDF_0251-0500.md#L10756-L10757,True
creditworthy,creditworthy,creditworthy,[],hz-008294,entry_candidate,raw_ocr,high,2,338,,dictionary/C/C-15.md,hz-008294-creditworthy,sources/Hezareh_Dictionary_Index/source/Hezareh_Part_02_PDF_0251-0500.md#L10758-L10759,True
credo,credo,credo,[],hz-008295,entry_candidate,raw_ocr,high,2,338,,dictionary/C/C-15.md,hz-008295-credo,sources/Hezareh_Dictionary_Index/source/Hezareh_Part_02_PDF_0251-0500.md#L10760-L10760,True
credulity,credulity,credulity,[],hz-008296,entry_candidate,raw_ocr,high,2,338,,dictionary/C/C-15.md,hz-008296-credulity,sources/Hezareh_Dictionary_Index/source/Hezareh_Part_02_PDF_0251-0500.md#L10761-L10762,True
credulOUS,credulous,credulous,[],hz-008297,entry_candidate,raw_ocr,high,2,338,,dictionary/C/C-15.md,hz-008297-credulous,sources/Hezareh_Dictionary_Index/source/Hezareh_Part_02_PDF_0251-0500.md#L10763-L10764,True
credulously,credulously,credulously,[],hz-008298,entry_candidate,raw_ocr,high,2,338,,dictionary/C/C-15.md,hz-008298-credulously,sources/Hezareh_Dictionary_Index/source/Hezareh_Part_02_PDF_0251-0500.md#L10765-L10770,True
creek,creek,creek,[],hz-008299,entry_candidate,raw_ocr,low,2,339,,dictionary/C/C-15.md,hz-008299-creek,sources/Hezareh_Dictionary_Index/source/Hezareh_Part_02_PDF_0251-0500.md#L10791-L10791,True
creel,creel,creel,[],hz-008300,entry_candidate,raw_ocr,low,2,339,,dictionary/C/C-15.md,hz-008300-creel,sources/Hezareh_Dictionary_Index/source/Hezareh_Part_02_PDF_0251-0500.md#L10792-L10792,True
creep,creep,creep,[],hz-008301,entry_candidate,raw_ocr,high,2,339,,dictionary/C/C-15.md,hz-008301-creep,sources/Hezareh_Dictionary_Index/source/Hezareh_Part_02_PDF_0251-0500.md#L10793-L10808,True
creeper,creeper,creeper,[],hz-008302,entry_candidate,raw_ocr,medium,2,339,,dictionary/C/C-15.md,hz-008302-creeper,sources/Hezareh_Dictionary_Index/source/Hezareh_Part_02_PDF_0251-0500.md#L10809-L10811,True
creeping,creeping,creeping,[],hz-008303,entry_candidate,raw_ocr,medium,2,339,,dictionary/C/C-15.md,hz-008303-creeping,sources/Hezareh_Dictionary_Index/source/Hezareh_Part_02_PDF_0251-0500.md#L10812-L10813,True
creepy,creepy,creepy,[],hz-008304,entry_candidate,raw_ocr,high,2,339,,dictionary/C/C-15.md,hz-008304-creepy,sources/Hezareh_Dictionary_Index/source/Hezareh_Part_02_PDF_0251-0500.md#L10814-L10819,True
cremate,cremate,cremate,[],hz-008305,entry_candidate,raw_ocr,medium,2,339,,dictionary/C/C-15.md,hz-008305-cremate,sources/Hezareh_Dictionary_Index/source/Hezareh_Part_02_PDF_0251-0500.md#L10820-L10821,True
cremationikn'merfn,cremationikn'merfn,cremationikn'merfn,[],hz-008306,entry_candidate,raw_ocr,hint_only,2,339,,dictionary/C/C-15.md,hz-008306-cremationikn-merfn,sources/Hezareh_Dictionary_Index/source/Hezareh_Part_02_PDF_0251-0500.md#L10774-L10774,False
crematoria,crematoria,crematoria,[],hz-008307,entry_candidate,raw_ocr,high,2,339,,dictionary/C/C-15.md,hz-008307-crematoria,sources/Hezareh_Dictionary_Index/source/Hezareh_Part_02_PDF_0251-0500.md#L10822-L10822,True
crematorium,crematorium,crematorium,[],hz-008308,entry_candidate,raw_ocr,high,2,339,,dictionary/C/C-15.md,hz-008308-crematorium,sources/Hezareh_Dictionary_Index/source/Hezareh_Part_02_PDF_0251-0500.md#L10823-L10825,True
crematory,crematory,crematory,[],hz-008309,entry_candidate,raw_ocr,high,2,339,,dictionary/C/C-15.md,hz-008309-crematory,sources/Hezareh_Dictionary_Index/source/Hezareh_Part_02_PDF_0251-0500.md#L10826-L10833,True
creme de la creme,creme de la creme,creme de la creme,[],hz-008310,entry_candidate,raw_ocr,hint_only,2,339,,dictionary/C/C-15.md,hz-008310-creme-de-la-creme,sources/Hezareh_Dictionary_Index/source/Hezareh_Part_02_PDF_0251-0500.md#L10774-L10774,False
crenelated,crenelated,crenelated,[],hz-008311,entry_candidate,raw_ocr,high,2,339,,dictionary/C/C-15.md,hz-008311-crenelated,sources/Hezareh_Dictionary_Index/source/Hezareh_Part_02_PDF_0251-0500.md#L10834-L10834,True
crenelation,crenelation,crenelation,[],hz-008312,entry_candidate,raw_ocr,high,2,339,,dictionary/C/C-15.md,hz-008312-crenelation,sources/Hezareh_Dictionary_Index/source/Hezareh_Part_02_PDF_0251-0500.md#L10835-L10835,True
crenellated,crenellated,crenellated,[],hz-008313,entry_candidate,raw_ocr,high,2,339,,dictionary/C/C-15.md,hz-008313-crenellated,sources/Hezareh_Dictionary_Index/source/Hezareh_Part_02_PDF_0251-0500.md#L10836-L10837,True
crenellation,crenellation,crenellation,[],hz-008314,entry_candidate,raw_ocr,high,2,339,,dictionary/C/C-15.md,hz-008314-crenellation,sources/Hezareh_Dictionary_Index/source/Hezareh_Part_02_PDF_0251-0500.md#L10838-L10839,True
Creole,creole,creole,[],hz-008315,entry_candidate,raw_ocr,high,2,339,,dictionary/C/C-15.md,hz-008315-creole,sources/Hezareh_Dictionary_Index/source/Hezareh_Part_02_PDF_0251-0500.md#L10840-L10843,True
creole,creole,creole,[],hz-008316,entry_candidate,raw_ocr,high,2,339,,dictionary/C/C-15.md,hz-008316-creole,sources/Hezareh_Dictionary_Index/source/Hezareh_Part_02_PDF_0251-0500.md#L10840-L10843,True
creosote,creosote,creosote,[],hz-008317,entry_candidate,raw_ocr,high,2,339,,dictionary/C/C-15.md,hz-008317-creosote,sources/Hezareh_Dictionary_Index/source/Hezareh_Part_02_PDF_0251-0500.md#L10844-L10850,True
crepe,crepe,crepe,[],hz-008318,entry_candidate,raw_ocr,high,2,339,,dictionary/C/C-15.md,hz-008318-crepe,sources/Hezareh_Dictionary_Index/source/Hezareh_Part_02_PDF_0251-0500.md#L10851-L10851,True
crepe de Chine,crepe de chine,crepe de chine,[],hz-008319,entry_candidate,raw_ocr,hint_only,2,339,,dictionary/C/C-15.md,hz-008319-crepe-de-chine,sources/Hezareh_Dictionary_Index/source/Hezareh_Part_02_PDF_0251-0500.md#L10774-L10774,False
Crepe paper,crepe paper,crepe paper,[],hz-008320,entry_candidate,raw_ocr,high,2,339,,dictionary/C/C-15.md,hz-008320-crepe-paper,sources/Hezareh_Dictionary_Index/source/Hezareh_Part_02_PDF_0251-0500.md#L10851-L10851,True
crepe rubber,crepe rubber,crepe rubber,[],hz-008321,entry_candidate,raw_ocr,high,2,339,,dictionary/C/C-15.md,hz-008321-crepe-rubber,sources/Hezareh_Dictionary_Index/source/Hezareh_Part_02_PDF_0251-0500.md#L10852-L10852,True
crepe-soled shoes,crepe-soled shoes,crepe-soled shoes,[],hz-008322,entry_candidate,raw_ocr,high,2,339,,dictionary/C/C-15.md,hz-008322-crepe-soled-shoes,sources/Hezareh_Dictionary_Index/source/Hezareh_Part_02_PDF_0251-0500.md#L10853-L10854,True
crepitate,crepitate,crepitate,[],hz-008323,entry_candidate,raw_ocr,high,2,339,,dictionary/C/C-15.md,hz-008323-crepitate,sources/Hezareh_Dictionary_Index/source/Hezareh_Part_02_PDF_0251-0500.md#L10855-L10855,True
crepitation,crepitation,crepitation,[],hz-008324,entry_candidate,raw_ocr,high,2,339,,dictionary/C/C-15.md,hz-008324-crepitation,sources/Hezareh_Dictionary_Index/source/Hezareh_Part_02_PDF_0251-0500.md#L10856-L10856,True
crept,crept,crept,[],hz-008325,entry_candidate,raw_ocr,high,2,339,,dictionary/C/C-15.md,hz-008325-crept,sources/Hezareh_Dictionary_Index/source/Hezareh_Part_02_PDF_0251-0500.md#L10857-L10857,True
crepuscular,crepuscular,crepuscular,[],hz-008326,entry_candidate,raw_ocr,high,2,339,,dictionary/C/C-15.md,hz-008326-crepuscular,sources/Hezareh_Dictionary_Index/source/Hezareh_Part_02_PDF_0251-0500.md#L10858-L10864,True
Crescent,crescent,crescent,[],hz-008328,entry_candidate,raw_ocr,high,2,339,,dictionary/C/C-15.md,hz-008328-crescent,sources/Hezareh_Dictionary_Index/source/Hezareh_Part_02_PDF_0251-0500.md#L10865-L10881,True
Crescenti'kresnt,crescenti'kresnt,crescenti'kresnt,[],hz-008327,entry_candidate,raw_ocr,hint_only,2,339,,dictionary/C/C-15.md,hz-008327-crescenti-kresnt,sources/Hezareh_Dictionary_Index/source/Hezareh_Part_02_PDF_0251-0500.md#L10774-L10774,False
creSS,cress,cress,[],hz-008329,entry_candidate,raw_ocr,hint_only,2,339,,dictionary/C/C-15.md,hz-008329-cress,sources/Hezareh_Dictionary_Index/source/Hezareh_Part_02_PDF_0251-0500.md#L10774-L10774,False
crested,crested,crested,[],hz-008332,entry_candidate,raw_ocr,low,2,340,,dictionary/C/C-15.md,hz-008332-crested,sources/Hezareh_Dictionary_Index/source/Hezareh_Part_02_PDF_0251-0500.md#L10898-L10902,True
crestfallen,crestfallen,crestfallen,[],hz-008333,entry_candidate,raw_ocr,low,2,340,,dictionary/C/C-15.md,hz-008333-crestfallen,sources/Hezareh_Dictionary_Index/source/Hezareh_Part_02_PDF_0251-0500.md#L10903-L10904,True
crestikrest,crestikrest,crestikrest,[],hz-008330,entry_candidate,raw_ocr,hint_only,2,339,,dictionary/C/C-15.md,hz-008330-crestikrest,sources/Hezareh_Dictionary_Index/source/Hezareh_Part_02_PDF_0251-0500.md#L10774-L10774,False
cretaceous,cretaceous,cretaceous,[],hz-008334,entry_candidate,raw_ocr,medium,2,340,,dictionary/C/C-15.md,hz-008334-cretaceous,sources/Hezareh_Dictionary_Index/source/Hezareh_Part_02_PDF_0251-0500.md#L10905-L10907,True
Cretan,cretan,cretan,[],hz-008335,entry_candidate,raw_ocr,low,2,340,,dictionary/C/C-15.md,hz-008335-cretan,sources/Hezareh_Dictionary_Index/source/Hezareh_Part_02_PDF_0251-0500.md#L10908-L10909,True
Crete,crete,crete,[],hz-008336,entry_candidate,raw_ocr,low,2,340,,dictionary/C/C-15.md,hz-008336-crete,sources/Hezareh_Dictionary_Index/source/Hezareh_Part_02_PDF_0251-0500.md#L10910-L10910,True
cretin,cretin,cretin,[],hz-008337,entry_candidate,raw_ocr,medium,2,340,,dictionary/C/C-15.md,hz-008337-cretin,sources/Hezareh_Dictionary_Index/source/Hezareh_Part_02_PDF_0251-0500.md#L10911-L10912,True
cretinism,cretinism,cretinism,[],hz-008338,entry_candidate,raw_ocr,high,2,340,,dictionary/C/C-15.md,hz-008338-cretinism,sources/Hezareh_Dictionary_Index/source/Hezareh_Part_02_PDF_0251-0500.md#L10913-L10914,True
cretinous,cretinous,cretinous,[],hz-008339,entry_candidate,raw_ocr,high,2,340,,dictionary/C/C-15.md,hz-008339-cretinous,sources/Hezareh_Dictionary_Index/source/Hezareh_Part_02_PDF_0251-0500.md#L10915-L10917,True
cretonne,cretonne,cretonne,[],hz-008340,entry_candidate,raw_ocr,medium,2,340,,dictionary/C/C-15.md,hz-008340-cretonne,sources/Hezareh_Dictionary_Index/source/Hezareh_Part_02_PDF_0251-0500.md#L10918-L10918,True
crevasse,crevasse,crevasse,[],hz-008341,entry_candidate,raw_ocr,medium,2,340,,dictionary/C/C-15.md,hz-008341-crevasse,sources/Hezareh_Dictionary_Index/source/Hezareh_Part_02_PDF_0251-0500.md#L10919-L10919,True
crevice,crevice,crevice,[],hz-008342,entry_candidate,raw_ocr,medium,2,340,,dictionary/C/C-15.md,hz-008342-crevice,sources/Hezareh_Dictionary_Index/source/Hezareh_Part_02_PDF_0251-0500.md#L10920-L10926,True
crew,crew,crew,[],hz-008343,entry_candidate,raw_ocr,high,2,340,,dictionary/C/C-15.md,hz-008343-crew,sources/Hezareh_Dictionary_Index/source/Hezareh_Part_02_PDF_0251-0500.md#L10927-L10927,True
crew neck,crew neck,crew neck,[],hz-008345,entry_candidate,raw_ocr,medium,2,340,,dictionary/C/C-15.md,hz-008345-crew-neck,sources/Hezareh_Dictionary_Index/source/Hezareh_Part_02_PDF_0251-0500.md#L10929-L10934,True
crew-cut,crew-cut,crew-cut,[],hz-008344,entry_candidate,raw_ocr,medium,2,340,,dictionary/C/C-15.md,hz-008344-crew-cut,sources/Hezareh_Dictionary_Index/source/Hezareh_Part_02_PDF_0251-0500.md#L10928-L10928,True
crib,crib,crib,[],hz-008346,entry_candidate,raw_ocr,medium,2,340,,dictionary/C/C-15.md,hz-008346-crib,sources/Hezareh_Dictionary_Index/source/Hezareh_Part_02_PDF_0251-0500.md#L10935-L10947,True
cribbage,cribbage,cribbage,[],hz-008347,entry_candidate,raw_ocr,high,2,340,,dictionary/C/C-15.md,hz-008347-cribbage,sources/Hezareh_Dictionary_Index/source/Hezareh_Part_02_PDF_0251-0500.md#L10948-L10950,True
cribbage board,cribbage board,cribbage board,[],hz-008348,entry_candidate,raw_ocr,hint_only,2,340,,dictionary/C/C-15.md,hz-008348-cribbage-board,sources/Hezareh_Dictionary_Index/source/Hezareh_Part_02_PDF_0251-0500.md#L10885-L10885,False
crick,crick,crick,[],hz-008349,entry_candidate,raw_ocr,high,2,340,,dictionary/C/C-15.md,hz-008349-crick,sources/Hezareh_Dictionary_Index/source/Hezareh_Part_02_PDF_0251-0500.md#L10951-L10954,True
cricket,cricket,cricket,[],hz-008350,entry_candidate,raw_ocr,high,2,340,,dictionary/C/C-15.md,hz-008350-cricket,sources/Hezareh_Dictionary_Index/source/Hezareh_Part_02_PDF_0251-0500.md#L10955-L10957,True
cricketer,cricketer,cricketer,[],hz-008351,entry_candidate,raw_ocr,high,2,340,,dictionary/C/C-15.md,hz-008351-cricketer,sources/Hezareh_Dictionary_Index/source/Hezareh_Part_02_PDF_0251-0500.md#L10958-L10958,True
cricketing,cricketing,cricketing,[],hz-008352,entry_candidate,raw_ocr,high,2,340,,dictionary/C/C-15.md,hz-008352-cricketing,sources/Hezareh_Dictionary_Index/source/Hezareh_Part_02_PDF_0251-0500.md#L10959-L10960,True
crier,crier,crier,[],hz-008353,entry_candidate,raw_ocr,high,2,340,,dictionary/C/C-15.md,hz-008353-crier,sources/Hezareh_Dictionary_Index/source/Hezareh_Part_02_PDF_0251-0500.md#L10961-L10963,True
crikey,crikey,crikey,[],hz-008354,entry_candidate,raw_ocr,high,2,340,,dictionary/C/C-15.md,hz-008354-crikey,sources/Hezareh_Dictionary_Index/source/Hezareh_Part_02_PDF_0251-0500.md#L10964-L10965,True
crime,crime,crime,[],hz-008355,entry_candidate,raw_ocr,high,2,340,,dictionary/C/C-15.md,hz-008355-crime,sources/Hezareh_Dictionary_Index/source/Hezareh_Part_02_PDF_0251-0500.md#L10966-L10971,True
crime fiction,crime fiction,crime fiction,[],hz-008361,entry_candidate,raw_ocr,high,2,340,,dictionary/C/C-15.md,hz-008361-crime-fiction,sources/Hezareh_Dictionary_Index/source/Hezareh_Part_02_PDF_0251-0500.md#L10973-L10974,True
crime sheet,crime sheet,crime sheet,[],hz-008362,entry_candidate,raw_ocr,high,2,340,,dictionary/C/C-15.md,hz-008362-crime-sheet,sources/Hezareh_Dictionary_Index/source/Hezareh_Part_02_PDF_0251-0500.md#L10975-L10976,True
Crimea,crimea,crimea,[],hz-008360,entry_candidate,raw_ocr,high,2,340,,dictionary/C/C-15.md,hz-008360-crimea,sources/Hezareh_Dictionary_Index/source/Hezareh_Part_02_PDF_0251-0500.md#L10972-L10972,True
criminal,criminal,criminal,[],hz-008356,entry_candidate,raw_ocr,high,2,340,,dictionary/C/C-15.md,hz-008356-criminal,sources/Hezareh_Dictionary_Index/source/Hezareh_Part_02_PDF_0251-0500.md#L10977-L10985,True
criminalise,criminalise,criminalise,[],hz-008357,entry_candidate,raw_ocr,high,2,340,,dictionary/C/C-15.md,hz-008357-criminalise,sources/Hezareh_Dictionary_Index/source/Hezareh_Part_02_PDF_0251-0500.md#L10986-L10986,True
criminality,criminality,criminality,[],hz-008358,entry_candidate,raw_ocr,high,2,340,,dictionary/C/C-15.md,hz-008358-criminality,sources/Hezareh_Dictionary_Index/source/Hezareh_Part_02_PDF_0251-0500.md#L10987-L10988,True
criminalize,criminalize,criminalize,[],hz-008359,entry_candidate,raw_ocr,high,2,340,,dictionary/C/C-15.md,hz-008359-criminalize,sources/Hezareh_Dictionary_Index/source/Hezareh_Part_02_PDF_0251-0500.md#L10989-L10995,True
criminally,criminally,criminally,[],hz-008363,entry_candidate,raw_ocr,high,2,341,,dictionary/C/C-15.md,hz-008363-criminally,sources/Hezareh_Dictionary_Index/source/Hezareh_Part_02_PDF_0251-0500.md#L11008-L11011,True
criminologist,criminologist,criminologist,[],hz-008364,entry_candidate,raw_ocr,medium,2,341,,dictionary/C/C-15.md,hz-008364-criminologist,sources/Hezareh_Dictionary_Index/source/Hezareh_Part_02_PDF_0251-0500.md#L11012-L11013,True
Crimp,crimp,crimp,[],hz-008365,entry_candidate,raw_ocr,medium,2,341,,dictionary/C/C-15.md,hz-008365-crimp,sources/Hezareh_Dictionary_Index/source/Hezareh_Part_02_PDF_0251-0500.md#L11014-L11018,True
crimson,crimson,crimson,[],hz-008366,entry_candidate,raw_ocr,medium,2,341,,dictionary/C/C-15.md,hz-008366-crimson,sources/Hezareh_Dictionary_Index/source/Hezareh_Part_02_PDF_0251-0500.md#L11019-L11022,True
cringe,cringe,cringe,[],hz-008367,entry_candidate,raw_ocr,medium,2,341,,dictionary/C/C-15.md,hz-008367-cringe,sources/Hezareh_Dictionary_Index/source/Hezareh_Part_02_PDF_0251-0500.md#L11023-L11032,True
crinkly,crinkly,crinkly,[],hz-008368,entry_candidate,raw_ocr,low,2,341,,dictionary/C/C-15.md,hz-008368-crinkly,sources/Hezareh_Dictionary_Index/source/Hezareh_Part_02_PDF_0251-0500.md#L11033-L11034,True
crinoline,crinoline,crinoline,[],hz-008369,entry_candidate,raw_ocr,medium,2,341,,dictionary/C/C-15.md,hz-008369-crinoline,sources/Hezareh_Dictionary_Index/source/Hezareh_Part_02_PDF_0251-0500.md#L11035-L11036,True
cripes,cripes,cripes,[],hz-008370,entry_candidate,raw_ocr,medium,2,341,,dictionary/C/C-15.md,hz-008370-cripes,sources/Hezareh_Dictionary_Index/source/Hezareh_Part_02_PDF_0251-0500.md#L11037-L11037,True
cripple,cripple,cripple,[],hz-008371,entry_candidate,raw_ocr,high,2,341,,dictionary/C/C-15.md,hz-008371-cripple,sources/Hezareh_Dictionary_Index/source/Hezareh_Part_02_PDF_0251-0500.md#L11038-L11044,True
crises,crises,crises,[],hz-008372,entry_candidate,raw_ocr,low,2,341,,dictionary/C/C-15.md,hz-008372-crises,sources/Hezareh_Dictionary_Index/source/Hezareh_Part_02_PDF_0251-0500.md#L11045-L11051,True
crisis,crisis,crisis,[],hz-008373,entry_candidate,raw_ocr,medium,2,341,,dictionary/C/C-15.md,hz-008373-crisis,sources/Hezareh_Dictionary_Index/source/Hezareh_Part_02_PDF_0251-0500.md#L11045-L11051,True
crisp,crisp,crisp,[],hz-008374,entry_candidate,raw_ocr,high,2,341,,dictionary/C/C-15.md,hz-008374-crisp,sources/Hezareh_Dictionary_Index/source/Hezareh_Part_02_PDF_0251-0500.md#L11052-L11064,True
crispbread,crispbread,crispbread,[],hz-008375,entry_candidate,raw_ocr,low,2,341,,dictionary/C/C-15.md,hz-008375-crispbread,sources/Hezareh_Dictionary_Index/source/Hezareh_Part_02_PDF_0251-0500.md#L11065-L11066,True
crisply,crisply,crisply,[],hz-008376,entry_candidate,raw_ocr,medium,2,341,,dictionary/C/C-15.md,hz-008376-crisply,sources/Hezareh_Dictionary_Index/source/Hezareh_Part_02_PDF_0251-0500.md#L11067-L11069,True
crispness,crispness,crispness,[],hz-008377,entry_candidate,raw_ocr,medium,2,341,,dictionary/C/C-15.md,hz-008377-crispness,sources/Hezareh_Dictionary_Index/source/Hezareh_Part_02_PDF_0251-0500.md#L11070-L11071,True
crispy,crispy,crispy,[],hz-008378,entry_candidate,raw_ocr,low,2,341,,dictionary/C/C-15.md,hz-008378-crispy,sources/Hezareh_Dictionary_Index/source/Hezareh_Part_02_PDF_0251-0500.md#L11072-L11074,True
crisscross,crisscross,crisscross,[],hz-008379,entry_candidate,raw_ocr,medium,2,341,,dictionary/C/C-15.md,hz-008379-crisscross,sources/Hezareh_Dictionary_Index/source/Hezareh_Part_02_PDF_0251-0500.md#L11075-L11083,True
criterion,criterion,criterion,[],hz-008380,entry_candidate,raw_ocr,high,2,341,,dictionary/C/C-15.md,hz-008380-criterion,sources/Hezareh_Dictionary_Index/source/Hezareh_Part_02_PDF_0251-0500.md#L11084-L11085,True
critiC,critic,critic,[],hz-008381,entry_candidate,raw_ocr,low,2,341,,dictionary/C/C-15.md,hz-008381-critic,sources/Hezareh_Dictionary_Index/source/Hezareh_Part_02_PDF_0251-0500.md#L11086-L11087,True
critical,critical,critical,[],hz-008382,entry_candidate,raw_ocr,low,2,341,,dictionary/C/C-15.md,hz-008382-critical,sources/Hezareh_Dictionary_Index/source/Hezareh_Part_02_PDF_0251-0500.md#L11088-L11092,True
critically,critically,critically,[],hz-008383,entry_candidate,raw_ocr,medium,2,341,,dictionary/C/C-15.md,hz-008383-critically,sources/Hezareh_Dictionary_Index/source/Hezareh_Part_02_PDF_0251-0500.md#L11093-L11097,True
criticise,criticise,criticise,[],hz-008384,entry_candidate,raw_ocr,high,2,341,,dictionary/C/C-15.md,hz-008384-criticise,sources/Hezareh_Dictionary_Index/source/Hezareh_Part_02_PDF_0251-0500.md#L11098-L11098,True
criticism,criticism,criticism,[],hz-008385,entry_candidate,raw_ocr,medium,2,341,,dictionary/C/C-15.md,hz-008385-criticism,sources/Hezareh_Dictionary_Index/source/Hezareh_Part_02_PDF_0251-0500.md#L11099-L11100,True
Criticize,criticize,criticize,[],hz-008386,entry_candidate,raw_ocr,medium,2,341,,dictionary/C/C-15.md,hz-008386-criticize,sources/Hezareh_Dictionary_Index/source/Hezareh_Part_02_PDF_0251-0500.md#L11101-L11106,True
critique,critique,critique,[],hz-008387,entry_candidate,raw_ocr,high,2,342,,dictionary/C/C-15.md,hz-008387-critique,sources/Hezareh_Dictionary_Index/source/Hezareh_Part_02_PDF_0251-0500.md#L11121-L11122,True
croak,croak,croak,[],hz-008388,entry_candidate,raw_ocr,low,2,342,,dictionary/C/C-15.md,hz-008388-croak,sources/Hezareh_Dictionary_Index/source/Hezareh_Part_02_PDF_0251-0500.md#L11123-L11133,True
Croat,croat,croat,[],hz-008389,entry_candidate,raw_ocr,high,2,342,,dictionary/C/C-15.md,hz-008389-croat,sources/Hezareh_Dictionary_Index/source/Hezareh_Part_02_PDF_0251-0500.md#L11134-L11135,True
Croatia,croatia,croatia,[],hz-008390,entry_candidate,raw_ocr,high,2,342,,dictionary/C/C-15.md,hz-008390-croatia,sources/Hezareh_Dictionary_Index/source/Hezareh_Part_02_PDF_0251-0500.md#L11136-L11137,True
Croatian,croatian,croatian,[],hz-008391,entry_candidate,raw_ocr,high,2,342,,dictionary/C/C-15.md,hz-008391-croatian,sources/Hezareh_Dictionary_Index/source/Hezareh_Part_02_PDF_0251-0500.md#L11138-L11140,True
crochet,crochet,crochet,[],hz-008392,entry_candidate,raw_ocr,high,2,342,,dictionary/C/C-15.md,hz-008392-crochet,sources/Hezareh_Dictionary_Index/source/Hezareh_Part_02_PDF_0251-0500.md#L11141-L11165,True
crockery,crockery,crockery,[],hz-008393,entry_candidate,raw_ocr,high,2,342,,dictionary/C/C-15.md,hz-008393-crockery,sources/Hezareh_Dictionary_Index/source/Hezareh_Part_02_PDF_0251-0500.md#L11166-L11171,True
crocodife,crocodife,crocodife,[],hz-008394,entry_candidate,raw_ocr,hint_only,2,342,,dictionary/C/C-15.md,hz-008394-crocodife,sources/Hezareh_Dictionary_Index/source/Hezareh_Part_02_PDF_0251-0500.md#L11110-L11110,False
crocus,crocus,crocus,[],hz-008395,entry_candidate,raw_ocr,high,2,342,,dictionary/C/C-15.md,hz-008395-crocus,sources/Hezareh_Dictionary_Index/source/Hezareh_Part_02_PDF_0251-0500.md#L11172-L11174,True
Croesus,croesus,croesus,[],hz-008396,entry_candidate,raw_ocr,high,2,342,,dictionary/C/C-15.md,hz-008396-croesus,sources/Hezareh_Dictionary_Index/source/Hezareh_Part_02_PDF_0251-0500.md#L11175-L11178,True
croft,croft,croft,[],hz-008398,entry_candidate,raw_ocr,high,2,342,,dictionary/C/C-15.md,hz-008398-croft,sources/Hezareh_Dictionary_Index/source/Hezareh_Part_02_PDF_0251-0500.md#L11179-L11180,True
crofter,crofter,crofter,[],hz-008399,entry_candidate,raw_ocr,high,2,342,,dictionary/C/C-15.md,hz-008399-crofter,sources/Hezareh_Dictionary_Index/source/Hezareh_Part_02_PDF_0251-0500.md#L11181-L11189,True
croissant,croissant,croissant,[],hz-008400,entry_candidate,raw_ocr,medium,2,342,,dictionary/C/C-15.md,hz-008400-croissant,sources/Hezareh_Dictionary_Index/source/Hezareh_Part_02_PDF_0251-0500.md#L11190-L11196,True
cromfech,cromfech,cromfech,[],hz-008401,entry_candidate,raw_ocr,hint_only,2,342,,dictionary/C/C-15.md,hz-008401-cromfech,sources/Hezareh_Dictionary_Index/source/Hezareh_Part_02_PDF_0251-0500.md#L11110-L11110,False
CrOne,crone,crone,[],hz-008402,entry_candidate,raw_ocr,medium,2,342,,dictionary/C/C-15.md,hz-008402-crone,sources/Hezareh_Dictionary_Index/source/Hezareh_Part_02_PDF_0251-0500.md#L11197-L11213,True
crony,crony,crony,[],hz-008403,entry_candidate,raw_ocr,hint_only,2,342,,dictionary/C/C-15.md,hz-008403-crony,sources/Hezareh_Dictionary_Index/source/Hezareh_Part_02_PDF_0251-0500.md#L11110-L11110,False
crook,crook,crook,[],hz-008404,entry_candidate,raw_ocr,low,2,342,,dictionary/C/C-15.md,hz-008404-crook,sources/Hezareh_Dictionary_Index/source/Hezareh_Part_02_PDF_0251-0500.md#L11214-L11218,True
crook-back,crook-back,crook-back,[],hz-008405,entry_candidate,raw_ocr,low,2,342,,dictionary/C/C-15.md,hz-008405-crook-back,sources/Hezareh_Dictionary_Index/source/Hezareh_Part_02_PDF_0251-0500.md#L11219-L11220,True
crook-backed,crook-backed,crook-backed,[],hz-008406,entry_candidate,raw_ocr,high,2,342,,dictionary/C/C-15.md,hz-008406-crook-backed,sources/Hezareh_Dictionary_Index/source/Hezareh_Part_02_PDF_0251-0500.md#L11219-L11220,True
crooked,crooked,crooked,[],hz-008407,entry_candidate,raw_ocr,high,2,342,,dictionary/C/C-15.md,hz-008407-crooked,sources/Hezareh_Dictionary_Index/source/Hezareh_Part_02_PDF_0251-0500.md#L11221-L11230,True
crookedly,crookedly,crookedly,[],hz-008408,entry_candidate,raw_ocr,low,2,342,,dictionary/C/C-15.md,hz-008408-crookedly,sources/Hezareh_Dictionary_Index/source/Hezareh_Part_02_PDF_0251-0500.md#L11231-L11234,True
crookedness,crookedness,crookedness,[],hz-008409,entry_candidate,raw_ocr,medium,2,342,,dictionary/C/C-15.md,hz-008409-crookedness,sources/Hezareh_Dictionary_Index/source/Hezareh_Part_02_PDF_0251-0500.md#L11235-L11237,True
croon,croon,croon,[],hz-008410,entry_candidate,raw_ocr,medium,2,342,,dictionary/C/C-15.md,hz-008410-croon,sources/Hezareh_Dictionary_Index/source/Hezareh_Part_02_PDF_0251-0500.md#L11238-L11241,True
crooner,crooner,crooner,[],hz-008411,entry_candidate,raw_ocr,medium,2,342,,dictionary/C/C-15.md,hz-008411-crooner,sources/Hezareh_Dictionary_Index/source/Hezareh_Part_02_PDF_0251-0500.md#L11242-L11242,True
crop,crop,crop,[],hz-008412,entry_candidate,raw_ocr,high,2,342,,dictionary/C/C-15.md,hz-008412-crop,sources/Hezareh_Dictionary_Index/source/Hezareh_Part_02_PDF_0251-0500.md#L11243-L11253,True
crop rotation,crop rotation,crop rotation,[],hz-008417,entry_candidate,raw_ocr,low,2,343,,dictionary/C/C-15.md,hz-008417-crop-rotation,sources/Hezareh_Dictionary_Index/source/Hezareh_Part_02_PDF_0251-0500.md#L11295-L11296,True
crop-duster,crop-duster,crop-duster,[],hz-008413,entry_candidate,raw_ocr,high,2,343,,dictionary/C/C-15.md,hz-008413-crop-duster,sources/Hezareh_Dictionary_Index/source/Hezareh_Part_02_PDF_0251-0500.md#L11266-L11284,True
crop-dusting,crop-dusting,crop-dusting,[],hz-008414,entry_candidate,raw_ocr,medium,2,343,,dictionary/C/C-15.md,hz-008414-crop-dusting,sources/Hezareh_Dictionary_Index/source/Hezareh_Part_02_PDF_0251-0500.md#L11285-L11285,True
crop-sprayer,crop-sprayer,crop-sprayer,[],hz-008418,entry_candidate,raw_ocr,high,2,343,,dictionary/C/C-15.md,hz-008418-crop-sprayer,sources/Hezareh_Dictionary_Index/source/Hezareh_Part_02_PDF_0251-0500.md#L11297-L11297,True
crop-spraying,crop-spraying,crop-spraying,[],hz-008419,entry_candidate,raw_ocr,high,2,343,,dictionary/C/C-15.md,hz-008419-crop-spraying,sources/Hezareh_Dictionary_Index/source/Hezareh_Part_02_PDF_0251-0500.md#L11298-L11298,True
cropper,cropper,cropper,[],hz-008415,entry_candidate,raw_ocr,medium,2,343,,dictionary/C/C-15.md,hz-008415-cropper,sources/Hezareh_Dictionary_Index/source/Hezareh_Part_02_PDF_0251-0500.md#L11286-L11294,True
croquet,croquet,croquet,[],hz-008420,entry_candidate,raw_ocr,medium,2,343,,dictionary/C/C-15.md,hz-008420-croquet,sources/Hezareh_Dictionary_Index/source/Hezareh_Part_02_PDF_0251-0500.md#L11299-L11302,True
croquette I krou'ket,croquette i krou'ket,croquette i krou'ket,[],hz-008421,entry_candidate,raw_ocr,hint_only,2,343,,dictionary/C/C-15.md,hz-008421-croquette-i-krou-ket,sources/Hezareh_Dictionary_Index/source/Hezareh_Part_02_PDF_0251-0500.md#L11257-L11257,False
crore,crore,crore,[],hz-008422,entry_candidate,raw_ocr,hint_only,2,343,,dictionary/C/C-15.md,hz-008422-crore,sources/Hezareh_Dictionary_Index/source/Hezareh_Part_02_PDF_0251-0500.md#L11257-L11257,False
Crosier,crosier,crosier,[],hz-008423,entry_candidate,raw_ocr,medium,2,343,,dictionary/C/C-15.md,hz-008423-crosier,sources/Hezareh_Dictionary_Index/source/Hezareh_Part_02_PDF_0251-0500.md#L11303-L11321,True
cross,cross,cross,[],hz-008424,entry_candidate,raw_ocr,high,2,343,,dictionary/C/C-15.md,hz-008424-cross,sources/Hezareh_Dictionary_Index/source/Hezareh_Part_02_PDF_0251-0500.md#L11322-L11364,True
CrOSS,cross,cross,[],hz-008425,entry_candidate,raw_ocr,high,2,343,,dictionary/C/C-15.md,hz-008425-cross,sources/Hezareh_Dictionary_Index/source/Hezareh_Part_02_PDF_0251-0500.md#L11322-L11364,True
cross,cross,cross,[],hz-008427,entry_candidate,raw_ocr,high,2,344,,dictionary/C/C-15.md,hz-008427-cross,sources/Hezareh_Dictionary_Index/source/Hezareh_Part_02_PDF_0251-0500.md#L11393-L11403,True
cross-,cross-,cross-,[],hz-038785,entry_candidate,raw_ocr,medium,8,1961,,dictionary/C/C-15.md,hz-038785-cross,sources/Hezareh_Dictionary_Index/source/Hezareh_Part_08_PDF_1751-1976.md#L24824-L24827,True
cross-check,cross-check,cross-check,[],hz-008438,entry_candidate,raw_ocr,high,2,344,,dictionary/C/C-15.md,hz-008438-cross-check,sources/Hezareh_Dictionary_Index/source/Hezareh_Part_02_PDF_0251-0500.md#L11436-L11442,True
cross-cultural,cross-cultural,cross-cultural,[],hz-008439,entry_candidate,raw_ocr,high,2,344,,dictionary/C/C-15.md,hz-008439-cross-cultural,sources/Hezareh_Dictionary_Index/source/Hezareh_Part_02_PDF_0251-0500.md#L11443-L11444,True
cross-current,cross-current,cross-current,[],hz-008440,entry_candidate,raw_ocr,high,2,344,,dictionary/C/C-15.md,hz-008440-cross-current,sources/Hezareh_Dictionary_Index/source/Hezareh_Part_02_PDF_0251-0500.md#L11445-L11446,True
cross-dress,cross-dress,cross-dress,[],hz-008442,entry_candidate,raw_ocr,hint_only,2,344,,dictionary/C/C-15.md,hz-008442-cross-dress,sources/Hezareh_Dictionary_Index/source/Hezareh_Part_02_PDF_0251-0500.md#L11368-L11368,False
cross-dresser,cross-dresser,cross-dresser,[],hz-008443,entry_candidate,raw_ocr,high,2,344,,dictionary/C/C-15.md,hz-008443-cross-dresser,sources/Hezareh_Dictionary_Index/source/Hezareh_Part_02_PDF_0251-0500.md#L11455-L11459,True
Cross-examination,cross-examination,cross-examination,[],hz-008445,entry_candidate,raw_ocr,high,2,344,,dictionary/C/C-15.md,hz-008445-cross-examination,sources/Hezareh_Dictionary_Index/source/Hezareh_Part_02_PDF_0251-0500.md#L11462-L11468,True
cross-fertilization,cross-fertilization,cross-fertilization,[],hz-008448,entry_candidate,raw_ocr,high,2,345,,dictionary/C/C-15.md,hz-008448-cross-fertilization,sources/Hezareh_Dictionary_Index/source/Hezareh_Part_02_PDF_0251-0500.md#L11492-L11495,True
cross-fertilize,cross-fertilize,cross-fertilize,[],hz-008449,entry_candidate,raw_ocr,high,2,345,,dictionary/C/C-15.md,hz-008449-cross-fertilize,sources/Hezareh_Dictionary_Index/source/Hezareh_Part_02_PDF_0251-0500.md#L11496-L11499,True
cross-hatch,cross-hatch,cross-hatch,[],hz-008452,entry_candidate,raw_ocr,high,2,345,,dictionary/C/C-15.md,hz-008452-cross-hatch,sources/Hezareh_Dictionary_Index/source/Hezareh_Part_02_PDF_0251-0500.md#L11506-L11511,True
cross-head,cross-head,cross-head,[],hz-008453,entry_candidate,raw_ocr,high,2,345,,dictionary/C/C-15.md,hz-008453-cross-head,sources/Hezareh_Dictionary_Index/source/Hezareh_Part_02_PDF_0251-0500.md#L11513-L11513,True
cross-heading,cross-heading,cross-heading,[],hz-008454,entry_candidate,raw_ocr,high,2,345,,dictionary/C/C-15.md,hz-008454-cross-heading,sources/Hezareh_Dictionary_Index/source/Hezareh_Part_02_PDF_0251-0500.md#L11512-L11512,True
cross-index,cross-index,cross-index,[],hz-008455,entry_candidate,raw_ocr,high,2,345,,dictionary/C/C-15.md,hz-008455-cross-index,sources/Hezareh_Dictionary_Index/source/Hezareh_Part_02_PDF_0251-0500.md#L11514-L11517,True
cross-legged,cross-legged,cross-legged,[],hz-008457,entry_candidate,raw_ocr,medium,2,345,,dictionary/C/C-15.md,hz-008457-cross-legged,sources/Hezareh_Dictionary_Index/source/Hezareh_Part_02_PDF_0251-0500.md#L11522-L11523,True
cross-ply,cross-ply,cross-ply,[],hz-008462,entry_candidate,raw_ocr,high,2,345,,dictionary/C/C-15.md,hz-008462-cross-ply,sources/Hezareh_Dictionary_Index/source/Hezareh_Part_02_PDF_0251-0500.md#L11535-L11536,True
cross-purpose,cross-purpose,cross-purpose,[],hz-008463,entry_candidate,raw_ocr,high,2,345,,dictionary/C/C-15.md,hz-008463-cross-purpose,sources/Hezareh_Dictionary_Index/source/Hezareh_Part_02_PDF_0251-0500.md#L11537-L11545,True
cross-question,cross-question,cross-question,[],hz-008464,entry_candidate,raw_ocr,high,2,345,,dictionary/C/C-15.md,hz-008464-cross-question,sources/Hezareh_Dictionary_Index/source/Hezareh_Part_02_PDF_0251-0500.md#L11546-L11547,True
cross-reference,cross-reference,cross-reference,[],hz-008465,entry_candidate,raw_ocr,high,2,345,,dictionary/C/C-15.md,hz-008465-cross-reference,sources/Hezareh_Dictionary_Index/source/Hezareh_Part_02_PDF_0251-0500.md#L11548-L11551,True
cross-section,cross-section,cross-section,[],hz-008468,entry_candidate,raw_ocr,high,2,345,,dictionary/C/C-15.md,hz-008468-cross-section,sources/Hezareh_Dictionary_Index/source/Hezareh_Part_02_PDF_0251-0500.md#L11558-L11560,True
cross-stitch,cross-stitch,cross-stitch,[],hz-008469,entry_candidate,raw_ocr,medium,2,345,,dictionary/C/C-15.md,hz-008469-cross-stitch,sources/Hezareh_Dictionary_Index/source/Hezareh_Part_02_PDF_0251-0500.md#L11561-L11569,True
cross-tertllise,cross-tertllise,cross-tertllise,[],hz-008447,entry_candidate,raw_ocr,hint_only,2,344,,dictionary/C/C-15.md,hz-008447-cross-tertllise,sources/Hezareh_Dictionary_Index/source/Hezareh_Part_02_PDF_0251-0500.md#L11368-L11368,False
crossbar,crossbar,crossbar,[],hz-008428,entry_candidate,raw_ocr,high,2,344,,dictionary/C/C-15.md,hz-008428-crossbar,sources/Hezareh_Dictionary_Index/source/Hezareh_Part_02_PDF_0251-0500.md#L11404-L11405,True
crossbeam,crossbeam,crossbeam,[],hz-008429,entry_candidate,raw_ocr,high,2,344,,dictionary/C/C-15.md,hz-008429-crossbeam,sources/Hezareh_Dictionary_Index/source/Hezareh_Part_02_PDF_0251-0500.md#L11406-L11407,True
crossbencher,crossbencher,crossbencher,[],hz-008430,entry_candidate,raw_ocr,high,2,344,,dictionary/C/C-15.md,hz-008430-crossbencher,sources/Hezareh_Dictionary_Index/source/Hezareh_Part_02_PDF_0251-0500.md#L11408-L11409,True
crossbencheS,crossbenches,crossbenches,[],hz-008431,entry_candidate,raw_ocr,high,2,344,,dictionary/C/C-15.md,hz-008431-crossbenches,sources/Hezareh_Dictionary_Index/source/Hezareh_Part_02_PDF_0251-0500.md#L11410-L11411,True
crossbill,crossbill,crossbill,[],hz-008432,entry_candidate,raw_ocr,high,2,344,,dictionary/C/C-15.md,hz-008432-crossbill,sources/Hezareh_Dictionary_Index/source/Hezareh_Part_02_PDF_0251-0500.md#L11412-L11413,True
crossbones,crossbones,crossbones,[],hz-008433,entry_candidate,raw_ocr,high,2,344,,dictionary/C/C-15.md,hz-008433-crossbones,sources/Hezareh_Dictionary_Index/source/Hezareh_Part_02_PDF_0251-0500.md#L11414-L11416,True
crossbow,crossbow,crossbow,[],hz-008434,entry_candidate,raw_ocr,high,2,344,,dictionary/C/C-15.md,hz-008434-crossbow,sources/Hezareh_Dictionary_Index/source/Hezareh_Part_02_PDF_0251-0500.md#L11417-L11418,True
crossbred,crossbred,crossbred,[],hz-008436,entry_candidate,raw_ocr,high,2,344,,dictionary/C/C-15.md,hz-008436-crossbred,sources/Hezareh_Dictionary_Index/source/Hezareh_Part_02_PDF_0251-0500.md#L11421-L11429,True
crossbred',crossbred',crossbred',[],hz-008435,entry_candidate,raw_ocr,high,2,344,,dictionary/C/C-15.md,hz-008435-crossbred,sources/Hezareh_Dictionary_Index/source/Hezareh_Part_02_PDF_0251-0500.md#L11419-L11420,True
crossbreed,crossbreed,crossbreed,[],hz-008437,entry_candidate,raw_ocr,high,2,344,,dictionary/C/C-15.md,hz-008437-crossbreed,sources/Hezareh_Dictionary_Index/source/Hezareh_Part_02_PDF_0251-0500.md#L11430-L11435,True
crosscut,crosscut,crosscut,[],hz-008441,entry_candidate,raw_ocr,high,2,344,,dictionary/C/C-15.md,hz-008441-crosscut,sources/Hezareh_Dictionary_Index/source/Hezareh_Part_02_PDF_0251-0500.md#L11447-L11454,True
Crosse,crosse,crosse,[],hz-008444,entry_candidate,raw_ocr,high,2,344,,dictionary/C/C-15.md,hz-008444-crosse,sources/Hezareh_Dictionary_Index/source/Hezareh_Part_02_PDF_0251-0500.md#L11460-L11461,True
crosseyed,crosseyed,crosseyed,[],hz-008446,entry_candidate,raw_ocr,high,2,344,,dictionary/C/C-15.md,hz-008446-crosseyed,sources/Hezareh_Dictionary_Index/source/Hezareh_Part_02_PDF_0251-0500.md#L11469-L11478,True
crossfire,crossfire,crossfire,[],hz-008450,entry_candidate,raw_ocr,medium,2,345,,dictionary/C/C-15.md,hz-008450-crossfire,sources/Hezareh_Dictionary_Index/source/Hezareh_Part_02_PDF_0251-0500.md#L11500-L11505,True
crossing,crossing,crossing,[],hz-008456,entry_candidate,raw_ocr,medium,2,345,,dictionary/C/C-15.md,hz-008456-crossing,sources/Hezareh_Dictionary_Index/source/Hezareh_Part_02_PDF_0251-0500.md#L11518-L11521,True
crossly,crossly,crossly,[],hz-008458,entry_candidate,raw_ocr,medium,2,345,,dictionary/C/C-15.md,hz-008458-crossly,sources/Hezareh_Dictionary_Index/source/Hezareh_Part_02_PDF_0251-0500.md#L11524-L11528,True
Crossness,crossness,crossness,[],hz-008459,entry_candidate,raw_ocr,hint_only,2,345,,dictionary/C/C-15.md,hz-008459-crossness,sources/Hezareh_Dictionary_Index/source/Hezareh_Part_02_PDF_0251-0500.md#L11482-L11482,False
crossover,crossover,crossover,[],hz-008460,entry_candidate,raw_ocr,medium,2,345,,dictionary/C/C-15.md,hz-008460-crossover,sources/Hezareh_Dictionary_Index/source/Hezareh_Part_02_PDF_0251-0500.md#L11529-L11530,True
crosspatch,crosspatch,crosspatch,[],hz-008461,entry_candidate,raw_ocr,high,2,345,,dictionary/C/C-15.md,hz-008461-crosspatch,sources/Hezareh_Dictionary_Index/source/Hezareh_Part_02_PDF_0251-0500.md#L11531-L11534,True
crossroad,crossroad,crossroad,[],hz-008466,entry_candidate,raw_ocr,high,2,345,,dictionary/C/C-15.md,hz-008466-crossroad,sources/Hezareh_Dictionary_Index/source/Hezareh_Part_02_PDF_0251-0500.md#L11552-L11553,True
crossroads,crossroads,crossroads,[],hz-008467,entry_candidate,raw_ocr,high,2,345,,dictionary/C/C-15.md,hz-008467-crossroads,sources/Hezareh_Dictionary_Index/source/Hezareh_Part_02_PDF_0251-0500.md#L11554-L11557,True
crosstrees,crosstrees,crosstrees,[],hz-008470,entry_candidate,raw_ocr,medium,2,345,,dictionary/C/C-15.md,hz-008470-crosstrees,sources/Hezareh_Dictionary_Index/source/Hezareh_Part_02_PDF_0251-0500.md#L11570-L11571,True
crosswalk,crosswalk,crosswalk,[],hz-008471,entry_candidate,raw_ocr,high,2,345,,dictionary/C/C-15.md,hz-008471-crosswalk,sources/Hezareh_Dictionary_Index/source/Hezareh_Part_02_PDF_0251-0500.md#L11572-L11573,True
crosswind,crosswind,crosswind,[],hz-008472,entry_candidate,raw_ocr,medium,2,345,,dictionary/C/C-15.md,hz-008472-crosswind,sources/Hezareh_Dictionary_Index/source/Hezareh_Part_02_PDF_0251-0500.md#L11574-L11574,True
crosswise,crosswise,crosswise,[],hz-008473,entry_candidate,raw_ocr,medium,2,345,,dictionary/C/C-15.md,hz-008473-crosswise,sources/Hezareh_Dictionary_Index/source/Hezareh_Part_02_PDF_0251-0500.md#L11575-L11576,True
crossword,crossword,crossword,[],hz-008474,entry_candidate,raw_ocr,high,2,345,,dictionary/C/C-15.md,hz-008474-crossword,sources/Hezareh_Dictionary_Index/source/Hezareh_Part_02_PDF_0251-0500.md#L11577-L11578,True
crotch,crotch,crotch,[],hz-008475,entry_candidate,raw_ocr,medium,2,345,,dictionary/C/C-15.md,hz-008475-crotch,sources/Hezareh_Dictionary_Index/source/Hezareh_Part_02_PDF_0251-0500.md#L11579-L11585,True
crotchet,crotchet,crotchet,[],hz-008476,entry_candidate,raw_ocr,hint_only,2,345,,dictionary/C/C-15.md,hz-008476-crotchet,sources/Hezareh_Dictionary_Index/source/Hezareh_Part_02_PDF_0251-0500.md#L11482-L11482,False
crotchety,crotchety,crotchety,[],hz-008477,entry_candidate,raw_ocr,hint_only,2,345,,dictionary/C/C-15.md,hz-008477-crotchety,sources/Hezareh_Dictionary_Index/source/Hezareh_Part_02_PDF_0251-0500.md#L11482-L11482,False
crouch,crouch,crouch,[],hz-008478,entry_candidate,raw_ocr,medium,2,345,,dictionary/C/C-15.md,hz-008478-crouch,sources/Hezareh_Dictionary_Index/source/Hezareh_Part_02_PDF_0251-0500.md#L11586-L11590,True
crouched,crouched,crouched,[],hz-008479,entry_candidate,raw_ocr,high,2,346,,dictionary/C/C-15.md,hz-008479-crouched,sources/Hezareh_Dictionary_Index/source/Hezareh_Part_02_PDF_0251-0500.md#L11605-L11607,True
croupier,croupier,croupier,[],hz-008480,entry_candidate,raw_ocr,high,2,346,,dictionary/C/C-15.md,hz-008480-croupier,sources/Hezareh_Dictionary_Index/source/Hezareh_Part_02_PDF_0251-0500.md#L11608-L11617,True
crouton,crouton,crouton,[],hz-008481,entry_candidate,raw_ocr,hint_only,2,346,,dictionary/C/C-15.md,hz-008481-crouton,sources/Hezareh_Dictionary_Index/source/Hezareh_Part_02_PDF_0251-0500.md#L11594-L11594,False
crow,crow,crow,[],hz-008482,entry_candidate,raw_ocr,high,2,346,,dictionary/C/C-15.md,hz-008482-crow,sources/Hezareh_Dictionary_Index/source/Hezareh_Part_02_PDF_0251-0500.md#L11618-L11624,True
crow's-feet,crow's-feet,crow's-feet,[],hz-008499,entry_candidate,raw_ocr,low,2,347,,dictionary/C/C-15.md,hz-008499-crow-s-feet,sources/Hezareh_Dictionary_Index/source/Hezareh_Part_02_PDF_0251-0500.md#L11740-L11741,True
crow's-nest,crow's-nest,crow's-nest,[],hz-008500,entry_candidate,raw_ocr,medium,2,347,,dictionary/C/C-15.md,hz-008500-crow-s-nest,sources/Hezareh_Dictionary_Index/source/Hezareh_Part_02_PDF_0251-0500.md#L11742-L11743,True
crowbar,crowbar,crowbar,[],hz-008483,entry_candidate,raw_ocr,high,2,346,,dictionary/C/C-15.md,hz-008483-crowbar,sources/Hezareh_Dictionary_Index/source/Hezareh_Part_02_PDF_0251-0500.md#L11625-L11634,True
crowd-puller,crowd-puller,crowd-puller,[],hz-008486,entry_candidate,raw_ocr,hint_only,2,346,,dictionary/C/C-15.md,hz-008486-crowd-puller,sources/Hezareh_Dictionary_Index/source/Hezareh_Part_02_PDF_0251-0500.md#L11594-L11594,False
crowded,crowded,crowded,[],hz-008485,entry_candidate,raw_ocr,high,2,346,,dictionary/C/C-15.md,hz-008485-crowded,sources/Hezareh_Dictionary_Index/source/Hezareh_Part_02_PDF_0251-0500.md#L11665-L11686,True
crowds,crowds,crowds,[],hz-008484,entry_candidate,raw_ocr,high,2,346,,dictionary/C/C-15.md,hz-008484-crowds,sources/Hezareh_Dictionary_Index/source/Hezareh_Part_02_PDF_0251-0500.md#L11635-L11664,True
crowfoot,crowfoot,crowfoot,[],hz-008487,entry_candidate,raw_ocr,hint_only,2,346,,dictionary/C/C-15.md,hz-008487-crowfoot,sources/Hezareh_Dictionary_Index/source/Hezareh_Part_02_PDF_0251-0500.md#L11594-L11594,False
crown,crown,crown,[],hz-008488,entry_candidate,raw_ocr,high,2,346,,dictionary/C/C-15.md,hz-008488-crown,sources/Hezareh_Dictionary_Index/source/Hezareh_Part_02_PDF_0251-0500.md#L11687-L11704,True
crown colony,crown colony,crown colony,[],hz-008489,entry_candidate,raw_ocr,high,2,347,,dictionary/C/C-15.md,hz-008489-crown-colony,sources/Hezareh_Dictionary_Index/source/Hezareh_Part_02_PDF_0251-0500.md#L11717-L11724,True
Crown COUrt,crown court,crown court,[],hz-008490,entry_candidate,raw_ocr,medium,2,347,,dictionary/C/C-15.md,hz-008490-crown-court,sources/Hezareh_Dictionary_Index/source/Hezareh_Part_02_PDF_0251-0500.md#L11725-L11725,True
crown jewels,crown jewels,crown jewels,[],hz-008492,entry_candidate,raw_ocr,medium,2,347,,dictionary/C/C-15.md,hz-008492-crown-jewels,sources/Hezareh_Dictionary_Index/source/Hezareh_Part_02_PDF_0251-0500.md#L11728-L11728,True
crown law,crown law,crown law,[],hz-008494,entry_candidate,raw_ocr,medium,2,347,,dictionary/C/C-15.md,hz-008494-crown-law,sources/Hezareh_Dictionary_Index/source/Hezareh_Part_02_PDF_0251-0500.md#L11731-L11732,True
crown prince,crown prince,crown prince,[],hz-008495,entry_candidate,raw_ocr,medium,2,347,,dictionary/C/C-15.md,hz-008495-crown-prince,sources/Hezareh_Dictionary_Index/source/Hezareh_Part_02_PDF_0251-0500.md#L11733-L11733,True
CrOWn princess,crown princess,crown princess,[],hz-008496,entry_candidate,raw_ocr,medium,2,347,,dictionary/C/C-15.md,hz-008496-crown-princess,sources/Hezareh_Dictionary_Index/source/Hezareh_Part_02_PDF_0251-0500.md#L11734-L11735,True
crown wheel,crown wheel,crown wheel,[],hz-008497,entry_candidate,raw_ocr,high,2,347,,dictionary/C/C-15.md,hz-008497-crown-wheel,sources/Hezareh_Dictionary_Index/source/Hezareh_Part_02_PDF_0251-0500.md#L11736-L11737,True
crown Witness,crown witness,crown witness,[],hz-008498,entry_candidate,raw_ocr,high,2,347,,dictionary/C/C-15.md,hz-008498-crown-witness,sources/Hezareh_Dictionary_Index/source/Hezareh_Part_02_PDF_0251-0500.md#L11738-L11739,True
crown-land,crown-land,crown-land,[],hz-008493,entry_candidate,raw_ocr,medium,2,347,,dictionary/C/C-15.md,hz-008493-crown-land,sources/Hezareh_Dictionary_Index/source/Hezareh_Part_02_PDF_0251-0500.md#L11729-L11730,True
crowning,crowning,crowning,[],hz-008491,entry_candidate,raw_ocr,medium,2,347,,dictionary/C/C-15.md,hz-008491-crowning,sources/Hezareh_Dictionary_Index/source/Hezareh_Part_02_PDF_0251-0500.md#L11726-L11727,True
crozier,crozier,crozier,[],hz-008501,entry_candidate,raw_ocr,high,2,347,,dictionary/C/C-15.md,hz-008501-crozier,sources/Hezareh_Dictionary_Index/source/Hezareh_Part_02_PDF_0251-0500.md#L11744-L11744,True
cruces,cruces,cruces,[],hz-008502,entry_candidate,raw_ocr,high,2,347,,dictionary/C/C-15.md,hz-008502-cruces,sources/Hezareh_Dictionary_Index/source/Hezareh_Part_02_PDF_0251-0500.md#L11745-L11748,True
crucially,crucially,crucially,[],hz-008503,entry_candidate,raw_ocr,medium,2,347,,dictionary/C/C-15.md,hz-008503-crucially,sources/Hezareh_Dictionary_Index/source/Hezareh_Part_02_PDF_0251-0500.md#L11749-L11751,True
crucible,crucible,crucible,[],hz-008504,entry_candidate,raw_ocr,medium,2,347,,dictionary/C/C-15.md,hz-008504-crucible,sources/Hezareh_Dictionary_Index/source/Hezareh_Part_02_PDF_0251-0500.md#L11752-L11759,True
cruciform,cruciform,cruciform,[],hz-008506,entry_candidate,raw_ocr,medium,2,347,,dictionary/C/C-15.md,hz-008506-cruciform,sources/Hezareh_Dictionary_Index/source/Hezareh_Part_02_PDF_0251-0500.md#L11760-L11761,True
crucify,crucify,crucify,[],hz-008507,entry_candidate,raw_ocr,high,2,347,,dictionary/C/C-16.md,hz-008507-crucify,sources/Hezareh_Dictionary_Index/source/Hezareh_Part_02_PDF_0251-0500.md#L11762-L11770,True
crucltlxlon,crucltlxlon,crucltlxlon,[],hz-008505,entry_candidate,raw_ocr,hint_only,2,347,,dictionary/C/C-16.md,hz-008505-crucltlxlon,sources/Hezareh_Dictionary_Index/source/Hezareh_Part_02_PDF_0251-0500.md#L11708-L11708,False
cruddy,cruddy,cruddy,[],hz-008508,entry_candidate,raw_ocr,medium,2,347,,dictionary/C/C-16.md,hz-008508-cruddy,sources/Hezareh_Dictionary_Index/source/Hezareh_Part_02_PDF_0251-0500.md#L11771-L11771,True
crude,crude,crude,[],hz-008509,entry_candidate,raw_ocr,low,2,347,,dictionary/C/C-16.md,hz-008509-crude,sources/Hezareh_Dictionary_Index/source/Hezareh_Part_02_PDF_0251-0500.md#L11772-L11780,True
crudely,crudely,crudely,[],hz-008510,entry_candidate,raw_ocr,medium,2,347,,dictionary/C/C-16.md,hz-008510-crudely,sources/Hezareh_Dictionary_Index/source/Hezareh_Part_02_PDF_0251-0500.md#L11781-L11789,True
crudity,crudity,crudity,[],hz-008512,entry_candidate,raw_ocr,low,2,347,,dictionary/C/C-16.md,hz-008512-crudity,sources/Hezareh_Dictionary_Index/source/Hezareh_Part_02_PDF_0251-0500.md#L11790-L11791,True
crudltes,crudltes,crudltes,[],hz-008511,entry_candidate,raw_ocr,hint_only,2,347,,dictionary/C/C-16.md,hz-008511-crudltes,sources/Hezareh_Dictionary_Index/source/Hezareh_Part_02_PDF_0251-0500.md#L11708-L11708,False
cruel,cruel,cruel,[],hz-008513,entry_candidate,raw_ocr,high,2,347,,dictionary/C/C-16.md,hz-008513-cruel,sources/Hezareh_Dictionary_Index/source/Hezareh_Part_02_PDF_0251-0500.md#L11792-L11795,True
cruelly,cruelly,cruelly,[],hz-008514,entry_candidate,raw_ocr,low,2,347,,dictionary/C/C-16.md,hz-008514-cruelly,sources/Hezareh_Dictionary_Index/source/Hezareh_Part_02_PDF_0251-0500.md#L11796-L11798,True
cruelty,cruelty,cruelty,[],hz-008515,entry_candidate,raw_ocr,medium,2,347,,dictionary/C/C-16.md,hz-008515-cruelty,sources/Hezareh_Dictionary_Index/source/Hezareh_Part_02_PDF_0251-0500.md#L11799-L11803,True
cruet,cruet,cruet,[],hz-008516,entry_candidate,raw_ocr,low,2,347,,dictionary/C/C-16.md,hz-008516-cruet,sources/Hezareh_Dictionary_Index/source/Hezareh_Part_02_PDF_0251-0500.md#L11804-L11804,True
cruet-stand,cruet-stand,cruet-stand,[],hz-008517,entry_candidate,raw_ocr,low,2,347,,dictionary/C/C-16.md,hz-008517-cruet-stand,sources/Hezareh_Dictionary_Index/source/Hezareh_Part_02_PDF_0251-0500.md#L11805-L11806,True
cruise,cruise,cruise,[],hz-008518,entry_candidate,raw_ocr,medium,2,347,,dictionary/C/C-16.md,hz-008518-cruise,sources/Hezareh_Dictionary_Index/source/Hezareh_Part_02_PDF_0251-0500.md#L11807-L11815,True
cruise missile,cruise missile,cruise missile,[],hz-008519,entry_candidate,raw_ocr,high,2,348,,dictionary/C/C-16.md,hz-008519-cruise-missile,sources/Hezareh_Dictionary_Index/source/Hezareh_Part_02_PDF_0251-0500.md#L11839-L11840,True
cruiser,cruiser,cruiser,[],hz-008520,entry_candidate,raw_ocr,medium,2,348,,dictionary/C/C-16.md,hz-008520-cruiser,sources/Hezareh_Dictionary_Index/source/Hezareh_Part_02_PDF_0251-0500.md#L11841-L11843,True
crumb,crumb,crumb,[],hz-008521,entry_candidate,raw_ocr,low,2,348,,dictionary/C/C-16.md,hz-008521-crumb,sources/Hezareh_Dictionary_Index/source/Hezareh_Part_02_PDF_0251-0500.md#L11844-L11847,True
crumble,crumble,crumble,[],hz-008522,entry_candidate,raw_ocr,medium,2,348,,dictionary/C/C-16.md,hz-008522-crumble,sources/Hezareh_Dictionary_Index/source/Hezareh_Part_02_PDF_0251-0500.md#L11848-L11854,True
crumbly,crumbly,crumbly,[],hz-008523,entry_candidate,raw_ocr,medium,2,348,,dictionary/C/C-16.md,hz-008523-crumbly,sources/Hezareh_Dictionary_Index/source/Hezareh_Part_02_PDF_0251-0500.md#L11855-L11858,True
crumbs,crumbs,crumbs,[],hz-008524,entry_candidate,raw_ocr,hint_only,2,348,,dictionary/C/C-16.md,hz-008524-crumbs,sources/Hezareh_Dictionary_Index/source/Hezareh_Part_02_PDF_0251-0500.md#L11819-L11819,False
crummy,crummy,crummy,[],hz-008525,entry_candidate,raw_ocr,high,2,348,,dictionary/C/C-16.md,hz-008525-crummy,sources/Hezareh_Dictionary_Index/source/Hezareh_Part_02_PDF_0251-0500.md#L11859-L11872,True
crumple,crumple,crumple,[],hz-008526,entry_candidate,raw_ocr,high,2,348,,dictionary/C/C-16.md,hz-008526-crumple,sources/Hezareh_Dictionary_Index/source/Hezareh_Part_02_PDF_0251-0500.md#L11873-L11880,True
crumpled,crumpled,crumpled,[],hz-008527,entry_candidate,raw_ocr,high,2,348,,dictionary/C/C-16.md,hz-008527-crumpled,sources/Hezareh_Dictionary_Index/source/Hezareh_Part_02_PDF_0251-0500.md#L11881-L11881,True
crunch,crunch,crunch,[],hz-008528,entry_candidate,raw_ocr,high,2,348,,dictionary/C/C-16.md,hz-008528-crunch,sources/Hezareh_Dictionary_Index/source/Hezareh_Part_02_PDF_0251-0500.md#L11882-L11891,True
crunchy,crunchy,crunchy,[],hz-008529,entry_candidate,raw_ocr,high,2,348,,dictionary/C/C-16.md,hz-008529-crunchy,sources/Hezareh_Dictionary_Index/source/Hezareh_Part_02_PDF_0251-0500.md#L11892-L11894,True
crupper,crupper,crupper,[],hz-008530,entry_candidate,raw_ocr,high,2,348,,dictionary/C/C-16.md,hz-008530-crupper,sources/Hezareh_Dictionary_Index/source/Hezareh_Part_02_PDF_0251-0500.md#L11895-L11896,True
crusade,crusade,crusade,[],hz-008531,entry_candidate,raw_ocr,medium,2,348,,dictionary/C/C-16.md,hz-008531-crusade,sources/Hezareh_Dictionary_Index/source/Hezareh_Part_02_PDF_0251-0500.md#L11897-L11901,True
crusader,crusader,crusader,[],hz-008532,entry_candidate,raw_ocr,high,2,348,,dictionary/C/C-16.md,hz-008532-crusader,sources/Hezareh_Dictionary_Index/source/Hezareh_Part_02_PDF_0251-0500.md#L11902-L11932,True
crush barrier,crush barrier,crush barrier,[],hz-008534,entry_candidate,raw_ocr,high,2,348,,dictionary/C/C-16.md,hz-008534-crush-barrier,sources/Hezareh_Dictionary_Index/source/Hezareh_Part_02_PDF_0251-0500.md#L11936-L11945,True
crush resistant,crush resistant,crush resistant,[],hz-008537,entry_candidate,raw_ocr,medium,2,349,,dictionary/C/C-16.md,hz-008537-crush-resistant,sources/Hezareh_Dictionary_Index/source/Hezareh_Part_02_PDF_0251-0500.md#L11964-L11964,True
crushing,crushing,crushing,[],hz-008535,entry_candidate,raw_ocr,high,2,349,,dictionary/C/C-16.md,hz-008535-crushing,sources/Hezareh_Dictionary_Index/source/Hezareh_Part_02_PDF_0251-0500.md#L11958-L11963,True
crushingly,crushingly,crushingly,[],hz-008536,entry_candidate,raw_ocr,hint_only,2,349,,dictionary/C/C-16.md,hz-008536-crushingly,sources/Hezareh_Dictionary_Index/source/Hezareh_Part_02_PDF_0251-0500.md#L11949-L11949,False
crust,crust,crust,[],hz-008538,entry_candidate,raw_ocr,medium,2,349,,dictionary/C/C-16.md,hz-008538-crust,sources/Hezareh_Dictionary_Index/source/Hezareh_Part_02_PDF_0251-0500.md#L11965-L11974,True
crustacean,crustacean,crustacean,[],hz-008539,entry_candidate,raw_ocr,medium,2,349,,dictionary/C/C-16.md,hz-008539-crustacean,sources/Hezareh_Dictionary_Index/source/Hezareh_Part_02_PDF_0251-0500.md#L11975-L11975,True
crusted,crusted,crusted,[],hz-008540,entry_candidate,raw_ocr,medium,2,349,,dictionary/C/C-16.md,hz-008540-crusted,sources/Hezareh_Dictionary_Index/source/Hezareh_Part_02_PDF_0251-0500.md#L11976-L11980,True
crusty,crusty,crusty,[],hz-008541,entry_candidate,raw_ocr,medium,2,349,,dictionary/C/C-16.md,hz-008541-crusty,sources/Hezareh_Dictionary_Index/source/Hezareh_Part_02_PDF_0251-0500.md#L11981-L11988,True
crutchikrAtJ,crutchikratj,crutchikratj,[],hz-008542,entry_candidate,raw_ocr,hint_only,2,349,,dictionary/C/C-16.md,hz-008542-crutchikratj,sources/Hezareh_Dictionary_Index/source/Hezareh_Part_02_PDF_0251-0500.md#L11949-L11949,False
crux,crux,crux,[],hz-008543,entry_candidate,raw_ocr,high,2,349,,dictionary/C/C-16.md,hz-008543-crux,sources/Hezareh_Dictionary_Index/source/Hezareh_Part_02_PDF_0251-0500.md#L11989-L12002,True
cry,cry,cry,[],hz-008546,entry_candidate,raw_ocr,high,2,349,,dictionary/C/C-16.md,hz-008546-cry,sources/Hezareh_Dictionary_Index/source/Hezareh_Part_02_PDF_0251-0500.md#L12036-L12044,True
cry I publish I proclaim,cry i publish i proclaim,cry i publish i proclaim,[],hz-017742,entry_candidate,raw_ocr,hint_only,4,785,,dictionary/C/C-16.md,hz-017742-cry-i-publish-i-proclaim,sources/Hezareh_Dictionary_Index/source/Hezareh_Part_04_PDF_0751-1000.md#L4067-L4067,False
cry one's eyes,cry one's eyes,cry one's eyes,[],hz-008544,entry_candidate,raw_ocr,medium,2,349,,dictionary/C/C-16.md,hz-008544-cry-one-s-eyes,sources/Hezareh_Dictionary_Index/source/Hezareh_Part_02_PDF_0251-0500.md#L12003-L12010,True
cry-baby,cry-baby,cry-baby,[],hz-008548,entry_candidate,raw_ocr,medium,2,349,,dictionary/C/C-16.md,hz-008548-cry-baby,sources/Hezareh_Dictionary_Index/source/Hezareh_Part_02_PDF_0251-0500.md#L12057-L12070,True
crying,crying,crying,[],hz-008549,entry_candidate,raw_ocr,low,2,349,,dictionary/C/C-16.md,hz-008549-crying,sources/Hezareh_Dictionary_Index/source/Hezareh_Part_02_PDF_0251-0500.md#L12014-L12035,True
crypt,crypt,crypt,[],hz-008551,entry_candidate,raw_ocr,medium,2,350,,dictionary/C/C-16.md,hz-008551-crypt,sources/Hezareh_Dictionary_Index/source/Hezareh_Part_02_PDF_0251-0500.md#L12085-L12085,True
cryptiC,cryptic,cryptic,[],hz-008552,entry_candidate,raw_ocr,medium,2,350,,dictionary/C/C-16.md,hz-008552-cryptic,sources/Hezareh_Dictionary_Index/source/Hezareh_Part_02_PDF_0251-0500.md#L12086-L12087,True
cryptically,cryptically,cryptically,[],hz-008553,entry_candidate,raw_ocr,low,2,350,,dictionary/C/C-16.md,hz-008553-cryptically,sources/Hezareh_Dictionary_Index/source/Hezareh_Part_02_PDF_0251-0500.md#L12088-L12093,True
crypto-,crypto-,crypto-,[],hz-038786,entry_candidate,raw_ocr,medium,8,1961,,dictionary/C/C-16.md,hz-038786-crypto,sources/Hezareh_Dictionary_Index/source/Hezareh_Part_08_PDF_1751-1976.md#L24828-L24830,True
cryptogam,cryptogam,cryptogam,[],hz-008554,entry_candidate,raw_ocr,medium,2,350,,dictionary/C/C-16.md,hz-008554-cryptogam,sources/Hezareh_Dictionary_Index/source/Hezareh_Part_02_PDF_0251-0500.md#L12094-L12094,True
Cryptogram,cryptogram,cryptogram,[],hz-008555,entry_candidate,raw_ocr,high,2,350,,dictionary/C/C-16.md,hz-008555-cryptogram,sources/Hezareh_Dictionary_Index/source/Hezareh_Part_02_PDF_0251-0500.md#L12095-L12095,True
cryptography,cryptography,cryptography,[],hz-008556,entry_candidate,raw_ocr,medium,2,350,,dictionary/C/C-16.md,hz-008556-cryptography,sources/Hezareh_Dictionary_Index/source/Hezareh_Part_02_PDF_0251-0500.md#L12096-L12099,True
crystal,crystal,crystal,[],hz-008557,entry_candidate,raw_ocr,medium,2,350,,dictionary/C/C-16.md,hz-008557-crystal,sources/Hezareh_Dictionary_Index/source/Hezareh_Part_02_PDF_0251-0500.md#L12100-L12100,True
crystal ball,crystal ball,crystal ball,[],hz-008558,entry_candidate,raw_ocr,medium,2,350,,dictionary/C/C-16.md,hz-008558-crystal-ball,sources/Hezareh_Dictionary_Index/source/Hezareh_Part_02_PDF_0251-0500.md#L12100-L12100,True
crystal clear,crystal clear,crystal clear,[],hz-008559,entry_candidate,raw_ocr,low,2,350,,dictionary/C/C-16.md,hz-008559-crystal-clear,sources/Hezareh_Dictionary_Index/source/Hezareh_Part_02_PDF_0251-0500.md#L12101-L12102,True
crystal set,crystal set,crystal set,[],hz-008568,entry_candidate,raw_ocr,medium,2,350,,dictionary/C/C-16.md,hz-008568-crystal-set,sources/Hezareh_Dictionary_Index/source/Hezareh_Part_02_PDF_0251-0500.md#L12124-L12129,True
crystal-gazing,crystal-gazing,crystal-gazing,[],hz-008560,entry_candidate,raw_ocr,high,2,350,,dictionary/C/C-16.md,hz-008560-crystal-gazing,sources/Hezareh_Dictionary_Index/source/Hezareh_Part_02_PDF_0251-0500.md#L12103-L12104,True
crystalline,crystalline,crystalline,[],hz-008561,entry_candidate,raw_ocr,medium,2,350,,dictionary/C/C-16.md,hz-008561-crystalline,sources/Hezareh_Dictionary_Index/source/Hezareh_Part_02_PDF_0251-0500.md#L12105-L12107,True
crystallisation,crystallisation,crystallisation,[],hz-008562,entry_candidate,raw_ocr,high,2,350,,dictionary/C/C-16.md,hz-008562-crystallisation,sources/Hezareh_Dictionary_Index/source/Hezareh_Part_02_PDF_0251-0500.md#L12108-L12109,True
crystallise,crystallise,crystallise,[],hz-008563,entry_candidate,raw_ocr,high,2,350,,dictionary/C/C-16.md,hz-008563-crystallise,sources/Hezareh_Dictionary_Index/source/Hezareh_Part_02_PDF_0251-0500.md#L12110-L12110,True
crystallised,crystallised,crystallised,[],hz-008564,entry_candidate,raw_ocr,high,2,350,,dictionary/C/C-16.md,hz-008564-crystallised,sources/Hezareh_Dictionary_Index/source/Hezareh_Part_02_PDF_0251-0500.md#L12111-L12111,True
crystallization,crystallization,crystallization,[],hz-008565,entry_candidate,raw_ocr,high,2,350,,dictionary/C/C-16.md,hz-008565-crystallization,sources/Hezareh_Dictionary_Index/source/Hezareh_Part_02_PDF_0251-0500.md#L12112-L12113,True
crystallize,crystallize,crystallize,[],hz-008566,entry_candidate,raw_ocr,medium,2,350,,dictionary/C/C-16.md,hz-008566-crystallize,sources/Hezareh_Dictionary_Index/source/Hezareh_Part_02_PDF_0251-0500.md#L12114-L12120,True
crystallized,crystallized,crystallized,[],hz-008550,entry_candidate,raw_ocr,medium,2,350,,dictionary/C/C-16.md,hz-008550-crystallized,sources/Hezareh_Dictionary_Index/source/Hezareh_Part_02_PDF_0251-0500.md#L12121-L12122,True
crystallography,crystallography,crystallography,[],hz-008567,entry_candidate,raw_ocr,high,2,350,,dictionary/C/C-16.md,hz-008567-crystallography,sources/Hezareh_Dictionary_Index/source/Hezareh_Part_02_PDF_0251-0500.md#L12123-L12123,True
CS gas,cs gas,cs gas,[],hz-008569,entry_candidate,raw_ocr,medium,2,350,,dictionary/C/C-16.md,hz-008569-cs-gas,sources/Hezareh_Dictionary_Index/source/Hezareh_Part_02_PDF_0251-0500.md#L12130-L12137,True
CST,cst,cst,[],hz-008570,entry_candidate,raw_ocr,high,2,350,,dictionary/C/C-16.md,hz-008570-cst,sources/Hezareh_Dictionary_Index/source/Hezareh_Part_02_PDF_0251-0500.md#L12138-L12141,True
Ct,ct,ct,[],hz-008571,entry_candidate,raw_ocr,high,2,350,,dictionary/C/C-16.md,hz-008571-ct,sources/Hezareh_Dictionary_Index/source/Hezareh_Part_02_PDF_0251-0500.md#L12142-L12144,True
CU,cu,cu,[],hz-008572,entry_candidate,raw_ocr,high,2,350,,dictionary/C/C-16.md,hz-008572-cu,sources/Hezareh_Dictionary_Index/source/Hezareh_Part_02_PDF_0251-0500.md#L12145-L12145,True
CU re,cu re,cu re,[],hz-008656,entry_candidate,raw_ocr,hint_only,2,353,,dictionary/C/C-16.md,hz-008656-cu-re,sources/Hezareh_Dictionary_Index/source/Hezareh_Part_02_PDF_0251-0500.md#L12415-L12415,False
cub,cub,cub,[],hz-008573,entry_candidate,raw_ocr,high,2,350,,dictionary/C/C-16.md,hz-008573-cub,sources/Hezareh_Dictionary_Index/source/Hezareh_Part_02_PDF_0251-0500.md#L12146-L12148,True
Cub Scout,cub scout,cub scout,[],hz-008582,entry_candidate,raw_ocr,high,2,350,,dictionary/C/C-16.md,hz-008582-cub-scout,sources/Hezareh_Dictionary_Index/source/Hezareh_Part_02_PDF_0251-0500.md#L12174-L12174,True
Cuba,cuba,cuba,[],hz-008574,entry_candidate,raw_ocr,high,2,350,,dictionary/C/C-16.md,hz-008574-cuba,sources/Hezareh_Dictionary_Index/source/Hezareh_Part_02_PDF_0251-0500.md#L12149-L12149,True
Cuban,cuban,cuban,[],hz-008575,entry_candidate,raw_ocr,high,2,350,,dictionary/C/C-16.md,hz-008575-cuban,sources/Hezareh_Dictionary_Index/source/Hezareh_Part_02_PDF_0251-0500.md#L12150-L12153,True
cube,cube,cube,[],hz-008576,entry_candidate,raw_ocr,high,2,350,,dictionary/C/C-16.md,hz-008576-cube,sources/Hezareh_Dictionary_Index/source/Hezareh_Part_02_PDF_0251-0500.md#L12154-L12158,True
cube root,cube root,cube root,[],hz-008577,entry_candidate,raw_ocr,high,2,350,,dictionary/C/C-16.md,hz-008577-cube-root,sources/Hezareh_Dictionary_Index/source/Hezareh_Part_02_PDF_0251-0500.md#L12159-L12159,True
CUbiC,cubic,cubic,[],hz-008578,entry_candidate,raw_ocr,high,2,350,,dictionary/C/C-16.md,hz-008578-cubic,sources/Hezareh_Dictionary_Index/source/Hezareh_Part_02_PDF_0251-0500.md#L12160-L12163,True
cubical,cubical,cubical,[],hz-008579,entry_candidate,raw_ocr,high,2,350,,dictionary/C/C-16.md,hz-008579-cubical,sources/Hezareh_Dictionary_Index/source/Hezareh_Part_02_PDF_0251-0500.md#L12164-L12164,True
cubicle,cubicle,cubicle,[],hz-008580,entry_candidate,raw_ocr,high,2,350,,dictionary/C/C-16.md,hz-008580-cubicle,sources/Hezareh_Dictionary_Index/source/Hezareh_Part_02_PDF_0251-0500.md#L12165-L12166,True
cubism,cubism,cubism,[],hz-008584,entry_candidate,raw_ocr,high,2,350,,dictionary/C/C-16.md,hz-008584-cubism,sources/Hezareh_Dictionary_Index/source/Hezareh_Part_02_PDF_0251-0500.md#L12167-L12167,True
cubist,cubist,cubist,[],hz-008585,entry_candidate,raw_ocr,high,2,350,,dictionary/C/C-16.md,hz-008585-cubist,sources/Hezareh_Dictionary_Index/source/Hezareh_Part_02_PDF_0251-0500.md#L12168-L12169,True
cubit,cubit,cubit,[],hz-008581,entry_candidate,raw_ocr,high,2,350,,dictionary/C/C-16.md,hz-008581-cubit,sources/Hezareh_Dictionary_Index/source/Hezareh_Part_02_PDF_0251-0500.md#L12170-L12173,True
cuckold,cuckold,cuckold,[],hz-008583,entry_candidate,raw_ocr,high,2,350,,dictionary/C/C-16.md,hz-008583-cuckold,sources/Hezareh_Dictionary_Index/source/Hezareh_Part_02_PDF_0251-0500.md#L12175-L12179,True
cuckoo,cuckoo,cuckoo,[],hz-008586,entry_candidate,raw_ocr,high,2,350,,dictionary/C/C-16.md,hz-008586-cuckoo,sources/Hezareh_Dictionary_Index/source/Hezareh_Part_02_PDF_0251-0500.md#L12180-L12186,True
cuckoo-clock,cuckoo-clock,cuckoo-clock,[],hz-008587,entry_candidate,raw_ocr,high,2,351,,dictionary/C/C-16.md,hz-008587-cuckoo-clock,sources/Hezareh_Dictionary_Index/source/Hezareh_Part_02_PDF_0251-0500.md#L12199-L12201,True
cucumber,cucumber,cucumber,[],hz-008588,entry_candidate,raw_ocr,medium,2,351,,dictionary/C/C-16.md,hz-008588-cucumber,sources/Hezareh_Dictionary_Index/source/Hezareh_Part_02_PDF_0251-0500.md#L12202-L12203,True
cud,cud,cud,[],hz-008589,entry_candidate,raw_ocr,low,2,351,,dictionary/C/C-16.md,hz-008589-cud,sources/Hezareh_Dictionary_Index/source/Hezareh_Part_02_PDF_0251-0500.md#L12204-L12205,True
cuddle,cuddle,cuddle,[],hz-008590,entry_candidate,raw_ocr,medium,2,351,,dictionary/C/C-16.md,hz-008590-cuddle,sources/Hezareh_Dictionary_Index/source/Hezareh_Part_02_PDF_0251-0500.md#L12206-L12210,True
cuddle up to,cuddle up to,cuddle up to,[],hz-008591,entry_candidate,raw_ocr,medium,2,351,,dictionary/C/C-16.md,hz-008591-cuddle-up-to,sources/Hezareh_Dictionary_Index/source/Hezareh_Part_02_PDF_0251-0500.md#L12211-L12212,True
cuddlesomei'kAdlsam,cuddlesomei'kadlsam,cuddlesomei'kadlsam,[],hz-008592,entry_candidate,raw_ocr,hint_only,2,351,,dictionary/C/C-16.md,hz-008592-cuddlesomei-kadlsam,sources/Hezareh_Dictionary_Index/source/Hezareh_Part_02_PDF_0251-0500.md#L12190-L12190,False
cuddly,cuddly,cuddly,[],hz-008593,entry_candidate,raw_ocr,high,2,351,,dictionary/C/C-16.md,hz-008593-cuddly,sources/Hezareh_Dictionary_Index/source/Hezareh_Part_02_PDF_0251-0500.md#L12213-L12215,True
cudgel,cudgel,cudgel,[],hz-008594,entry_candidate,raw_ocr,high,2,351,,dictionary/C/C-16.md,hz-008594-cudgel,sources/Hezareh_Dictionary_Index/source/Hezareh_Part_02_PDF_0251-0500.md#L12216-L12234,True
cue,cue,cue,[],hz-008595,entry_candidate,raw_ocr,medium,2,351,,dictionary/C/C-16.md,hz-008595-cue,sources/Hezareh_Dictionary_Index/source/Hezareh_Part_02_PDF_0251-0500.md#L12235-L12241,True
cuff,cuff,cuff,[],hz-008596,entry_candidate,raw_ocr,medium,2,351,,dictionary/C/C-16.md,hz-008596-cuff,sources/Hezareh_Dictionary_Index/source/Hezareh_Part_02_PDF_0251-0500.md#L12242-L12243,True
cuff-links,cuff-links,cuff-links,[],hz-008597,entry_candidate,raw_ocr,medium,2,351,,dictionary/C/C-16.md,hz-008597-cuff-links,sources/Hezareh_Dictionary_Index/source/Hezareh_Part_02_PDF_0251-0500.md#L12244-L12244,True
cuirass,cuirass,cuirass,[],hz-008598,entry_candidate,raw_ocr,medium,2,351,,dictionary/C/C-16.md,hz-008598-cuirass,sources/Hezareh_Dictionary_Index/source/Hezareh_Part_02_PDF_0251-0500.md#L12245-L12245,True
cuirassier,cuirassier,cuirassier,[],hz-008599,entry_candidate,raw_ocr,medium,2,351,,dictionary/C/C-16.md,hz-008599-cuirassier,sources/Hezareh_Dictionary_Index/source/Hezareh_Part_02_PDF_0251-0500.md#L12246-L12252,True
cul n poor,cul n poor,cul n poor,[],hz-013504,entry_candidate,raw_ocr,hint_only,3,580,,dictionary/C/C-16.md,hz-013504-cul-n-poor,sources/Hezareh_Dictionary_Index/source/Hezareh_Part_03_PDF_0501-0750.md#L9207-L9207,False
cul-de-sac Ac da srek,cul-de-sac ac da srek,cul-de-sac ac da srek,[],hz-008600,entry_candidate,raw_ocr,hint_only,2,351,,dictionary/C/C-16.md,hz-008600-cul-de-sac-ac-da-srek,sources/Hezareh_Dictionary_Index/source/Hezareh_Part_02_PDF_0251-0500.md#L12190-L12190,False
culinary,culinary,culinary,[],hz-008601,entry_candidate,raw_ocr,high,2,351,,dictionary/C/C-16.md,hz-008601-culinary,sources/Hezareh_Dictionary_Index/source/Hezareh_Part_02_PDF_0251-0500.md#L12253-L12255,True
cull,cull,cull,[],hz-008602,entry_candidate,raw_ocr,medium,2,351,,dictionary/C/C-16.md,hz-008602-cull,sources/Hezareh_Dictionary_Index/source/Hezareh_Part_02_PDF_0251-0500.md#L12256-L12260,True
cullender,cullender,cullender,[],hz-008603,entry_candidate,raw_ocr,high,2,351,,dictionary/C/C-16.md,hz-008603-cullender,sources/Hezareh_Dictionary_Index/source/Hezareh_Part_02_PDF_0251-0500.md#L12261-L12261,True
culminate,culminate,culminate,[],hz-008604,entry_candidate,raw_ocr,medium,2,351,,dictionary/C/C-16.md,hz-008604-culminate,sources/Hezareh_Dictionary_Index/source/Hezareh_Part_02_PDF_0251-0500.md#L12262-L12267,True
culottes,culottes,culottes,[],hz-008605,entry_candidate,raw_ocr,medium,2,351,,dictionary/C/C-16.md,hz-008605-culottes,sources/Hezareh_Dictionary_Index/source/Hezareh_Part_02_PDF_0251-0500.md#L12268-L12268,True
culpability,culpability,culpability,[],hz-008606,entry_candidate,raw_ocr,medium,2,351,,dictionary/C/C-16.md,hz-008606-culpability,sources/Hezareh_Dictionary_Index/source/Hezareh_Part_02_PDF_0251-0500.md#L12269-L12270,True
culpable,culpable,culpable,[],hz-008607,entry_candidate,raw_ocr,medium,2,351,,dictionary/C/C-16.md,hz-008607-culpable,sources/Hezareh_Dictionary_Index/source/Hezareh_Part_02_PDF_0251-0500.md#L12271-L12276,True
culprit,culprit,culprit,[],hz-008608,entry_candidate,raw_ocr,medium,2,351,,dictionary/C/C-16.md,hz-008608-culprit,sources/Hezareh_Dictionary_Index/source/Hezareh_Part_02_PDF_0251-0500.md#L12277-L12283,True
cultikAlt,cultikalt,cultikalt,[],hz-008609,entry_candidate,raw_ocr,hint_only,2,351,,dictionary/C/C-16.md,hz-008609-cultikalt,sources/Hezareh_Dictionary_Index/source/Hezareh_Part_02_PDF_0251-0500.md#L12190-L12190,False
cultivable,cultivable,cultivable,[],hz-008610,entry_candidate,raw_ocr,low,2,351,,dictionary/C/C-16.md,hz-008610-cultivable,sources/Hezareh_Dictionary_Index/source/Hezareh_Part_02_PDF_0251-0500.md#L12284-L12286,True
cultivate,cultivate,cultivate,[],hz-008611,entry_candidate,raw_ocr,medium,2,351,,dictionary/C/C-16.md,hz-008611-cultivate,sources/Hezareh_Dictionary_Index/source/Hezareh_Part_02_PDF_0251-0500.md#L12287-L12293,True
cultivated,cultivated,cultivated,[],hz-008612,entry_candidate,raw_ocr,medium,2,351,,dictionary/C/C-16.md,hz-008612-cultivated,sources/Hezareh_Dictionary_Index/source/Hezareh_Part_02_PDF_0251-0500.md#L12294-L12297,True
cultivation,cultivation,cultivation,[],hz-008613,entry_candidate,raw_ocr,medium,2,352,,dictionary/C/C-16.md,hz-008613-cultivation,sources/Hezareh_Dictionary_Index/source/Hezareh_Part_02_PDF_0251-0500.md#L12311-L12315,True
cultivator,cultivator,cultivator,[],hz-008614,entry_candidate,raw_ocr,medium,2,352,,dictionary/C/C-16.md,hz-008614-cultivator,sources/Hezareh_Dictionary_Index/source/Hezareh_Part_02_PDF_0251-0500.md#L12316-L12319,True
culturally,culturally,culturally,[],hz-008615,entry_candidate,raw_ocr,medium,2,352,,dictionary/C/C-16.md,hz-008615-culturally,sources/Hezareh_Dictionary_Index/source/Hezareh_Part_02_PDF_0251-0500.md#L12320-L12329,True
culture shock,culture shock,culture shock,[],hz-008617,entry_candidate,raw_ocr,high,2,352,,dictionary/C/C-16.md,hz-008617-culture-shock,sources/Hezareh_Dictionary_Index/source/Hezareh_Part_02_PDF_0251-0500.md#L12331-L12332,True
cultured,cultured,cultured,[],hz-008616,entry_candidate,raw_ocr,low,2,352,,dictionary/C/C-16.md,hz-008616-cultured,sources/Hezareh_Dictionary_Index/source/Hezareh_Part_02_PDF_0251-0500.md#L12330-L12330,True
culvert,culvert,culvert,[],hz-008618,entry_candidate,raw_ocr,medium,2,352,,dictionary/C/C-16.md,hz-008618-culvert,sources/Hezareh_Dictionary_Index/source/Hezareh_Part_02_PDF_0251-0500.md#L12333-L12338,True
cumber,cumber,cumber,[],hz-008619,entry_candidate,raw_ocr,hint_only,2,352,,dictionary/C/C-16.md,hz-008619-cumber,sources/Hezareh_Dictionary_Index/source/Hezareh_Part_02_PDF_0251-0500.md#L12301-L12301,False
cumbersome,cumbersome,cumbersome,[],hz-008620,entry_candidate,raw_ocr,medium,2,352,,dictionary/C/C-16.md,hz-008620-cumbersome,sources/Hezareh_Dictionary_Index/source/Hezareh_Part_02_PDF_0251-0500.md#L12339-L12341,True
cumbrous,cumbrous,cumbrous,[],hz-008621,entry_candidate,raw_ocr,high,2,352,,dictionary/C/C-16.md,hz-008621-cumbrous,sources/Hezareh_Dictionary_Index/source/Hezareh_Part_02_PDF_0251-0500.md#L12342-L12342,True
cumin,cumin,cumin,[],hz-008622,entry_candidate,raw_ocr,medium,2,352,,dictionary/C/C-16.md,hz-008622-cumin,sources/Hezareh_Dictionary_Index/source/Hezareh_Part_02_PDF_0251-0500.md#L12343-L12343,True
cummerbund,cummerbund,cummerbund,[],hz-008623,entry_candidate,raw_ocr,medium,2,352,,dictionary/C/C-16.md,hz-008623-cummerbund,sources/Hezareh_Dictionary_Index/source/Hezareh_Part_02_PDF_0251-0500.md#L12344-L12344,True
cumulative,cumulative,cumulative,[],hz-008624,entry_candidate,raw_ocr,high,2,352,,dictionary/C/C-16.md,hz-008624-cumulative,sources/Hezareh_Dictionary_Index/source/Hezareh_Part_02_PDF_0251-0500.md#L12345-L12350,True
cumuli,cumuli,cumuli,[],hz-008625,entry_candidate,raw_ocr,high,2,352,,dictionary/C/C-16.md,hz-008625-cumuli,sources/Hezareh_Dictionary_Index/source/Hezareh_Part_02_PDF_0251-0500.md#L12351-L12351,True
cumulonimbus,cumulonimbus,cumulonimbus,[],hz-008626,entry_candidate,raw_ocr,high,2,352,,dictionary/C/C-16.md,hz-008626-cumulonimbus,sources/Hezareh_Dictionary_Index/source/Hezareh_Part_02_PDF_0251-0500.md#L12352-L12353,True
cumulus,cumulus,cumulus,[],hz-008627,entry_candidate,raw_ocr,medium,2,352,,dictionary/C/C-16.md,hz-008627-cumulus,sources/Hezareh_Dictionary_Index/source/Hezareh_Part_02_PDF_0251-0500.md#L12354-L12362,True
cuneiform,cuneiform,cuneiform,[],hz-008628,entry_candidate,raw_ocr,high,2,352,,dictionary/C/C-16.md,hz-008628-cuneiform,sources/Hezareh_Dictionary_Index/source/Hezareh_Part_02_PDF_0251-0500.md#L12363-L12366,True
cunnilingus,cunnilingus,cunnilingus,[],hz-008629,entry_candidate,raw_ocr,high,2,352,,dictionary/C/C-16.md,hz-008629-cunnilingus,sources/Hezareh_Dictionary_Index/source/Hezareh_Part_02_PDF_0251-0500.md#L12367-L12374,True
cunningly,cunningly,cunningly,[],hz-008630,entry_candidate,raw_ocr,high,2,352,,dictionary/C/C-16.md,hz-008630-cunningly,sources/Hezareh_Dictionary_Index/source/Hezareh_Part_02_PDF_0251-0500.md#L12375-L12395,True
cup bearer,cup bearer,cup bearer,[],hz-008631,entry_candidate,raw_ocr,high,2,352,,dictionary/C/C-16.md,hz-008631-cup-bearer,sources/Hezareh_Dictionary_Index/source/Hezareh_Part_02_PDF_0251-0500.md#L12396-L12396,True
cup-final,cup-final,cup-final,[],hz-008635,entry_candidate,raw_ocr,high,2,352,,dictionary/C/C-16.md,hz-008635-cup-final,sources/Hezareh_Dictionary_Index/source/Hezareh_Part_02_PDF_0251-0500.md#L12402-L12403,True
cup-tie,cup-tie,cup-tie,[],hz-008644,entry_candidate,raw_ocr,medium,2,353,,dictionary/C/C-16.md,hz-008644-cup-tie,sources/Hezareh_Dictionary_Index/source/Hezareh_Part_02_PDF_0251-0500.md#L12438-L12440,True
cupboard,cupboard,cupboard,[],hz-008632,entry_candidate,raw_ocr,high,2,352,,dictionary/C/C-16.md,hz-008632-cupboard,sources/Hezareh_Dictionary_Index/source/Hezareh_Part_02_PDF_0251-0500.md#L12397-L12398,True
cupboard love,cupboard love,cupboard love,[],hz-008633,entry_candidate,raw_ocr,high,2,352,,dictionary/C/C-16.md,hz-008633-cupboard-love,sources/Hezareh_Dictionary_Index/source/Hezareh_Part_02_PDF_0251-0500.md#L12399-L12400,True
cupcake,cupcake,cupcake,[],hz-008634,entry_candidate,raw_ocr,high,2,352,,dictionary/C/C-16.md,hz-008634-cupcake,sources/Hezareh_Dictionary_Index/source/Hezareh_Part_02_PDF_0251-0500.md#L12401-L12401,True
cupful,cupful,cupful,[],hz-008636,entry_candidate,raw_ocr,high,2,352,,dictionary/C/C-16.md,hz-008636-cupful,sources/Hezareh_Dictionary_Index/source/Hezareh_Part_02_PDF_0251-0500.md#L12404-L12404,True
Cupid,cupid,cupid,[],hz-008637,entry_candidate,raw_ocr,high,2,352,,dictionary/C/C-16.md,hz-008637-cupid,sources/Hezareh_Dictionary_Index/source/Hezareh_Part_02_PDF_0251-0500.md#L12405-L12411,True
cupidity,cupidity,cupidity,[],hz-008638,entry_candidate,raw_ocr,high,2,353,,dictionary/C/C-16.md,hz-008638-cupidity,sources/Hezareh_Dictionary_Index/source/Hezareh_Part_02_PDF_0251-0500.md#L12424-L12426,True
cupola,cupola,cupola,[],hz-008639,entry_candidate,raw_ocr,medium,2,353,,dictionary/C/C-16.md,hz-008639-cupola,sources/Hezareh_Dictionary_Index/source/Hezareh_Part_02_PDF_0251-0500.md#L12427-L12428,True
cuppa,cuppa,cuppa,[],hz-008640,entry_candidate,raw_ocr,low,2,353,,dictionary/C/C-16.md,hz-008640-cuppa,sources/Hezareh_Dictionary_Index/source/Hezareh_Part_02_PDF_0251-0500.md#L12429-L12435,True
cupric,cupric,cupric,[],hz-008642,entry_candidate,raw_ocr,low,2,353,,dictionary/C/C-16.md,hz-008642-cupric,sources/Hezareh_Dictionary_Index/source/Hezareh_Part_02_PDF_0251-0500.md#L12436-L12436,True
cupro-nickel,cupro-nickel,cupro-nickel,[],hz-008643,entry_candidate,raw_ocr,medium,2,353,,dictionary/C/C-16.md,hz-008643-cupro-nickel,sources/Hezareh_Dictionary_Index/source/Hezareh_Part_02_PDF_0251-0500.md#L12437-L12437,True
cur,cur,cur,[],hz-008645,entry_candidate,raw_ocr,hint_only,2,353,,dictionary/C/C-16.md,hz-008645-cur,sources/Hezareh_Dictionary_Index/source/Hezareh_Part_02_PDF_0251-0500.md#L12415-L12415,False
curability,curability,curability,[],hz-008646,entry_candidate,raw_ocr,low,2,353,,dictionary/C/C-16.md,hz-008646-curability,sources/Hezareh_Dictionary_Index/source/Hezareh_Part_02_PDF_0251-0500.md#L12441-L12442,True
curable,curable,curable,[],hz-008647,entry_candidate,raw_ocr,medium,2,353,,dictionary/C/C-16.md,hz-008647-curable,sources/Hezareh_Dictionary_Index/source/Hezareh_Part_02_PDF_0251-0500.md#L12443-L12447,True
curacy,curacy,curacy,[],hz-008648,entry_candidate,raw_ocr,medium,2,353,,dictionary/C/C-16.md,hz-008648-curacy,sources/Hezareh_Dictionary_Index/source/Hezareh_Part_02_PDF_0251-0500.md#L12448-L12448,True
curate,curate,curate,[],hz-008649,entry_candidate,raw_ocr,medium,2,353,,dictionary/C/C-16.md,hz-008649-curate,sources/Hezareh_Dictionary_Index/source/Hezareh_Part_02_PDF_0251-0500.md#L12449-L12450,True
curative,curative,curative,[],hz-008650,entry_candidate,raw_ocr,medium,2,353,,dictionary/C/C-16.md,hz-008650-curative,sources/Hezareh_Dictionary_Index/source/Hezareh_Part_02_PDF_0251-0500.md#L12451-L12453,True
curator,curator,curator,[],hz-008651,entry_candidate,raw_ocr,medium,2,353,,dictionary/C/C-16.md,hz-008651-curator,sources/Hezareh_Dictionary_Index/source/Hezareh_Part_02_PDF_0251-0500.md#L12454-L12455,True
curb,curb,curb,[],hz-008652,entry_candidate,raw_ocr,medium,2,353,,dictionary/C/C-16.md,hz-008652-curb,sources/Hezareh_Dictionary_Index/source/Hezareh_Part_02_PDF_0251-0500.md#L12456-L12466,True
curd,curd,curd,[],hz-008653,entry_candidate,raw_ocr,medium,2,353,,dictionary/C/C-16.md,hz-008653-curd,sources/Hezareh_Dictionary_Index/source/Hezareh_Part_02_PDF_0251-0500.md#L12467-L12468,True
curdle,curdle,curdle,[],hz-008654,entry_candidate,raw_ocr,medium,2,353,,dictionary/C/C-16.md,hz-008654-curdle,sources/Hezareh_Dictionary_Index/source/Hezareh_Part_02_PDF_0251-0500.md#L12469-L12483,True
cure,cure,cure,[],hz-008641,entry_candidate,raw_ocr,low,2,353,,dictionary/C/C-16.md,hz-008641-cure,sources/Hezareh_Dictionary_Index/source/Hezareh_Part_02_PDF_0251-0500.md#L12496-L12499,True
cure-all,cure-all,cure-all,[],hz-008657,entry_candidate,raw_ocr,medium,2,353,,dictionary/C/C-16.md,hz-008657-cure-all,sources/Hezareh_Dictionary_Index/source/Hezareh_Part_02_PDF_0251-0500.md#L12500-L12500,True
curfew,curfew,curfew,[],hz-008658,entry_candidate,raw_ocr,medium,2,353,,dictionary/C/C-16.md,hz-008658-curfew,sources/Hezareh_Dictionary_Index/source/Hezareh_Part_02_PDF_0251-0500.md#L12501-L12508,True
curiO,curio,curio,[],hz-008659,entry_candidate,raw_ocr,hint_only,2,353,,dictionary/C/C-16.md,hz-008659-curio,sources/Hezareh_Dictionary_Index/source/Hezareh_Part_02_PDF_0251-0500.md#L12415-L12415,False
curiosity,curiosity,curiosity,[],hz-008660,entry_candidate,raw_ocr,medium,2,353,,dictionary/C/C-16.md,hz-008660-curiosity,sources/Hezareh_Dictionary_Index/source/Hezareh_Part_02_PDF_0251-0500.md#L12509-L12513,True
curiOUS,curious,curious,[],hz-008661,entry_candidate,raw_ocr,medium,2,353,,dictionary/C/C-16.md,hz-008661-curious,sources/Hezareh_Dictionary_Index/source/Hezareh_Part_02_PDF_0251-0500.md#L12514-L12518,True
curiously,curiously,curiously,[],hz-008662,entry_candidate,raw_ocr,medium,2,353,,dictionary/C/C-16.md,hz-008662-curiously,sources/Hezareh_Dictionary_Index/source/Hezareh_Part_02_PDF_0251-0500.md#L12519-L12525,True
curler,curler,curler,[],hz-008663,entry_candidate,raw_ocr,medium,2,354,,dictionary/C/C-16.md,hz-008663-curler,sources/Hezareh_Dictionary_Index/source/Hezareh_Part_02_PDF_0251-0500.md#L12559-L12562,True
curling-irons,curling-irons,curling-irons,[],hz-008664,entry_candidate,raw_ocr,high,2,354,,dictionary/C/C-16.md,hz-008664-curling-irons,sources/Hezareh_Dictionary_Index/source/Hezareh_Part_02_PDF_0251-0500.md#L12563-L12564,True
curling-pins,curling-pins,curling-pins,[],hz-008665,entry_candidate,raw_ocr,medium,2,354,,dictionary/C/C-16.md,hz-008665-curling-pins,sources/Hezareh_Dictionary_Index/source/Hezareh_Part_02_PDF_0251-0500.md#L12565-L12565,True
curling-tongs,curling-tongs,curling-tongs,[],hz-008666,entry_candidate,raw_ocr,low,2,354,,dictionary/C/C-16.md,hz-008666-curling-tongs,sources/Hezareh_Dictionary_Index/source/Hezareh_Part_02_PDF_0251-0500.md#L12566-L12566,True
curly,curly,curly,[],hz-008667,entry_candidate,raw_ocr,high,2,354,,dictionary/C/C-16.md,hz-008667-curly,sources/Hezareh_Dictionary_Index/source/Hezareh_Part_02_PDF_0251-0500.md#L12567-L12574,True
curmudgeonly,curmudgeonly,curmudgeonly,[],hz-008668,entry_candidate,raw_ocr,medium,2,354,,dictionary/C/C-16.md,hz-008668-curmudgeonly,sources/Hezareh_Dictionary_Index/source/Hezareh_Part_02_PDF_0251-0500.md#L12575-L12580,True
currant,currant,currant,[],hz-008669,entry_candidate,raw_ocr,low,2,354,,dictionary/C/C-16.md,hz-008669-currant,sources/Hezareh_Dictionary_Index/source/Hezareh_Part_02_PDF_0251-0500.md#L12581-L12597,True
currency,currency,currency,[],hz-008670,entry_candidate,raw_ocr,high,2,354,,dictionary/C/C-16.md,hz-008670-currency,sources/Hezareh_Dictionary_Index/source/Hezareh_Part_02_PDF_0251-0500.md#L12598-L12608,True
Currency note,currency note,currency note,[],hz-008671,entry_candidate,raw_ocr,high,2,354,,dictionary/C/C-16.md,hz-008671-currency-note,sources/Hezareh_Dictionary_Index/source/Hezareh_Part_02_PDF_0251-0500.md#L12598-L12608,True
current,current,current,[],hz-008672,entry_candidate,raw_ocr,high,2,354,,dictionary/C/C-16.md,hz-008672-current,sources/Hezareh_Dictionary_Index/source/Hezareh_Part_02_PDF_0251-0500.md#L12609-L12618,True
current account,current account,current account,[],hz-008673,entry_candidate,raw_ocr,high,2,354,,dictionary/C/C-16.md,hz-008673-current-account,sources/Hezareh_Dictionary_Index/source/Hezareh_Part_02_PDF_0251-0500.md#L12619-L12620,True
current affairs,current affairs,current affairs,[],hz-008674,entry_candidate,raw_ocr,high,2,354,,dictionary/C/C-16.md,hz-008674-current-affairs,sources/Hezareh_Dictionary_Index/source/Hezareh_Part_02_PDF_0251-0500.md#L12621-L12625,True
currentlyt'kmnth,currentlyt'kmnth,currentlyt'kmnth,[],hz-008675,entry_candidate,raw_ocr,hint_only,2,354,,dictionary/C/C-16.md,hz-008675-currentlyt-kmnth,sources/Hezareh_Dictionary_Index/source/Hezareh_Part_02_PDF_0251-0500.md#L12529-L12529,False
curricula,curricula,curricula,[],hz-008676,entry_candidate,raw_ocr,high,2,354,,dictionary/C/C-16.md,hz-008676-curricula,sources/Hezareh_Dictionary_Index/source/Hezareh_Part_02_PDF_0251-0500.md#L12626-L12629,True
curriculum,curriculum,curriculum,[],hz-008677,entry_candidate,raw_ocr,high,2,354,,dictionary/C/C-16.md,hz-008677-curriculum,sources/Hezareh_Dictionary_Index/source/Hezareh_Part_02_PDF_0251-0500.md#L12630-L12639,True
curriculum vitae,curriculum vitae,curriculum vitae,[],hz-008678,entry_candidate,raw_ocr,high,2,354,,dictionary/C/C-16.md,hz-008678-curriculum-vitae,sources/Hezareh_Dictionary_Index/source/Hezareh_Part_02_PDF_0251-0500.md#L12630-L12639,True
curriedt'kwd,curriedt'kwd,curriedt'kwd,[],hz-008679,entry_candidate,raw_ocr,hint_only,2,354,,dictionary/C/C-16.md,hz-008679-curriedt-kwd,sources/Hezareh_Dictionary_Index/source/Hezareh_Part_02_PDF_0251-0500.md#L12529-L12529,False
currishly,currishly,currishly,[],hz-008680,entry_candidate,raw_ocr,high,2,355,,dictionary/C/C-16.md,hz-008680-currishly,sources/Hezareh_Dictionary_Index/source/Hezareh_Part_02_PDF_0251-0500.md#L12652-L12658,True
curry,curry,curry,[],hz-008681,entry_candidate,raw_ocr,medium,2,355,,dictionary/C/C-16.md,hz-008681-curry,sources/Hezareh_Dictionary_Index/source/Hezareh_Part_02_PDF_0251-0500.md#L12659-L12663,True
curry-powder,curry-powder,curry-powder,[],hz-008683,entry_candidate,raw_ocr,medium,2,355,,dictionary/C/C-16.md,hz-008683-curry-powder,sources/Hezareh_Dictionary_Index/source/Hezareh_Part_02_PDF_0251-0500.md#L12665-L12676,True
currycomb,currycomb,currycomb,[],hz-008682,entry_candidate,raw_ocr,low,2,355,,dictionary/C/C-16.md,hz-008682-currycomb,sources/Hezareh_Dictionary_Index/source/Hezareh_Part_02_PDF_0251-0500.md#L12664-L12664,True
curse,curse,curse,[],hz-008684,entry_candidate,raw_ocr,medium,2,355,,dictionary/C/C-16.md,hz-008684-curse,sources/Hezareh_Dictionary_Index/source/Hezareh_Part_02_PDF_0251-0500.md#L12677-L12680,True
cursed,cursed,cursed,[],hz-008685,entry_candidate,raw_ocr,medium,2,355,,dictionary/C/C-16.md,hz-008685-cursed,sources/Hezareh_Dictionary_Index/source/Hezareh_Part_02_PDF_0251-0500.md#L12681-L12689,True
cursedly,cursedly,cursedly,[],hz-008686,entry_candidate,raw_ocr,hint_only,2,355,,dictionary/C/C-16.md,hz-008686-cursedly,sources/Hezareh_Dictionary_Index/source/Hezareh_Part_02_PDF_0251-0500.md#L12643-L12643,False
cursive,cursive,cursive,[],hz-008687,entry_candidate,raw_ocr,hint_only,2,355,,dictionary/C/C-16.md,hz-008687-cursive,sources/Hezareh_Dictionary_Index/source/Hezareh_Part_02_PDF_0251-0500.md#L12643-L12643,False
cursor,cursor,cursor,[],hz-008688,entry_candidate,raw_ocr,medium,2,355,,dictionary/C/C-16.md,hz-008688-cursor,sources/Hezareh_Dictionary_Index/source/Hezareh_Part_02_PDF_0251-0500.md#L12690-L12690,True
cursorily,cursorily,cursorily,[],hz-008689,entry_candidate,raw_ocr,medium,2,355,,dictionary/C/C-16.md,hz-008689-cursorily,sources/Hezareh_Dictionary_Index/source/Hezareh_Part_02_PDF_0251-0500.md#L12691-L12693,True
cursory,cursory,cursory,[],hz-008690,entry_candidate,raw_ocr,medium,2,355,,dictionary/C/C-16.md,hz-008690-cursory,sources/Hezareh_Dictionary_Index/source/Hezareh_Part_02_PDF_0251-0500.md#L12694-L12697,True
curst,curst,curst,[],hz-008691,entry_candidate,raw_ocr,high,2,355,,dictionary/C/C-16.md,hz-008691-curst,sources/Hezareh_Dictionary_Index/source/Hezareh_Part_02_PDF_0251-0500.md#L12698-L12698,True
curt,curt,curt,[],hz-008692,entry_candidate,raw_ocr,medium,2,355,,dictionary/C/C-16.md,hz-008692-curt,sources/Hezareh_Dictionary_Index/source/Hezareh_Part_02_PDF_0251-0500.md#L12699-L12735,True
curtailment,curtailment,curtailment,[],hz-008693,entry_candidate,raw_ocr,hint_only,2,355,,dictionary/C/C-16.md,hz-008693-curtailment,sources/Hezareh_Dictionary_Index/source/Hezareh_Part_02_PDF_0251-0500.md#L12643-L12643,False
curtain,curtain,curtain,[],hz-008694,entry_candidate,raw_ocr,high,2,355,,dictionary/C/C-16.md,hz-008694-curtain,sources/Hezareh_Dictionary_Index/source/Hezareh_Part_02_PDF_0251-0500.md#L12736-L12740,True
curtain hook,curtain hook,curtain hook,[],hz-008696,entry_candidate,raw_ocr,high,2,355,,dictionary/C/C-16.md,hz-008696-curtain-hook,sources/Hezareh_Dictionary_Index/source/Hezareh_Part_02_PDF_0251-0500.md#L12736-L12740,True
curtain ring,curtain ring,curtain ring,[],hz-008698,entry_candidate,raw_ocr,high,2,355,,dictionary/C/C-16.md,hz-008698-curtain-ring,sources/Hezareh_Dictionary_Index/source/Hezareh_Part_02_PDF_0251-0500.md#L12743-L12744,True
curtain rod,curtain rod,curtain rod,[],hz-008699,entry_candidate,raw_ocr,high,2,355,,dictionary/C/C-16.md,hz-008699-curtain-rod,sources/Hezareh_Dictionary_Index/source/Hezareh_Part_02_PDF_0251-0500.md#L12745-L12746,True
curtain-call,curtain-call,curtain-call,[],hz-008695,entry_candidate,raw_ocr,hint_only,2,355,,dictionary/C/C-16.md,hz-008695-curtain-call,sources/Hezareh_Dictionary_Index/source/Hezareh_Part_02_PDF_0251-0500.md#L12643-L12643,False
curtain-raiser,curtain-raiser,curtain-raiser,[],hz-008697,entry_candidate,raw_ocr,high,2,355,,dictionary/C/C-16.md,hz-008697-curtain-raiser,sources/Hezareh_Dictionary_Index/source/Hezareh_Part_02_PDF_0251-0500.md#L12741-L12742,True
curtly,curtly,curtly,[],hz-008700,entry_candidate,raw_ocr,medium,2,355,,dictionary/C/C-16.md,hz-008700-curtly,sources/Hezareh_Dictionary_Index/source/Hezareh_Part_02_PDF_0251-0500.md#L12747-L12749,True
curtnesS,curtness,curtness,[],hz-008701,entry_candidate,raw_ocr,high,2,355,,dictionary/C/C-16.md,hz-008701-curtness,sources/Hezareh_Dictionary_Index/source/Hezareh_Part_02_PDF_0251-0500.md#L12750-L12751,True
curtsey,curtsey,curtsey,[],hz-008702,entry_candidate,raw_ocr,high,2,355,,dictionary/C/C-16.md,hz-008702-curtsey,sources/Hezareh_Dictionary_Index/source/Hezareh_Part_02_PDF_0251-0500.md#L12752-L12760,True
curtsy,curtsy,curtsy,[],hz-008703,entry_candidate,raw_ocr,hint_only,2,355,,dictionary/C/C-16.md,hz-008703-curtsy,sources/Hezareh_Dictionary_Index/source/Hezareh_Part_02_PDF_0251-0500.md#L12643-L12643,False
curvaceous,curvaceous,curvaceous,[],hz-008704,entry_candidate,raw_ocr,medium,2,355,,dictionary/C/C-16.md,hz-008704-curvaceous,sources/Hezareh_Dictionary_Index/source/Hezareh_Part_02_PDF_0251-0500.md#L12761-L12762,True
curvature,curvature,curvature,[],hz-008705,entry_candidate,raw_ocr,medium,2,355,,dictionary/C/C-16.md,hz-008705-curvature,sources/Hezareh_Dictionary_Index/source/Hezareh_Part_02_PDF_0251-0500.md#L12763-L12766,True
curve,curve,curve,[],hz-008706,entry_candidate,raw_ocr,hint_only,2,356,,dictionary/C/C-16.md,hz-008706-curve,sources/Hezareh_Dictionary_Index/source/Hezareh_Part_02_PDF_0251-0500.md#L12770-L12770,False
curved,curved,curved,[],hz-008707,entry_candidate,raw_ocr,medium,2,356,,dictionary/C/C-16.md,hz-008707-curved,sources/Hezareh_Dictionary_Index/source/Hezareh_Part_02_PDF_0251-0500.md#L12786-L12787,True
curvet,curvet,curvet,[],hz-008708,entry_candidate,raw_ocr,medium,2,356,,dictionary/C/C-16.md,hz-008708-curvet,sources/Hezareh_Dictionary_Index/source/Hezareh_Part_02_PDF_0251-0500.md#L12788-L12789,True
curvy,curvy,curvy,[],hz-008709,entry_candidate,raw_ocr,high,2,356,,dictionary/C/C-16.md,hz-008709-curvy,sources/Hezareh_Dictionary_Index/source/Hezareh_Part_02_PDF_0251-0500.md#L12790-L12803,True
cushion,cushion,cushion,[],hz-008710,entry_candidate,raw_ocr,hint_only,2,356,,dictionary/C/C-16.md,hz-008710-cushion,sources/Hezareh_Dictionary_Index/source/Hezareh_Part_02_PDF_0251-0500.md#L12770-L12770,False
cushy,cushy,cushy,[],hz-008711,entry_candidate,raw_ocr,high,2,356,,dictionary/C/C-16.md,hz-008711-cushy,sources/Hezareh_Dictionary_Index/source/Hezareh_Part_02_PDF_0251-0500.md#L12804-L12810,True
cusp ikAsp,cusp ikasp,cusp ikasp,[],hz-008712,entry_candidate,raw_ocr,hint_only,2,356,,dictionary/C/C-16.md,hz-008712-cusp-ikasp,sources/Hezareh_Dictionary_Index/source/Hezareh_Part_02_PDF_0251-0500.md#L12770-L12770,False
CUSS,cuss,cuss,[],hz-008713,entry_candidate,raw_ocr,medium,2,356,,dictionary/C/C-16.md,hz-008713-cuss,sources/Hezareh_Dictionary_Index/source/Hezareh_Part_02_PDF_0251-0500.md#L12811-L12812,True
cussed,cussed,cussed,[],hz-008715,entry_candidate,raw_ocr,medium,2,356,,dictionary/C/C-16.md,hz-008715-cussed,sources/Hezareh_Dictionary_Index/source/Hezareh_Part_02_PDF_0251-0500.md#L12816-L12817,True
cussedly,cussedly,cussedly,[],hz-008716,entry_candidate,raw_ocr,medium,2,356,,dictionary/C/C-16.md,hz-008716-cussedly,sources/Hezareh_Dictionary_Index/source/Hezareh_Part_02_PDF_0251-0500.md#L12818-L12822,True
custard,custard,custard,[],hz-008717,entry_candidate,raw_ocr,medium,2,356,,dictionary/C/C-16.md,hz-008717-custard,sources/Hezareh_Dictionary_Index/source/Hezareh_Part_02_PDF_0251-0500.md#L12823-L12836,True
custard pie,custard pie,custard pie,[],hz-008718,entry_candidate,raw_ocr,medium,2,356,,dictionary/C/C-16.md,hz-008718-custard-pie,sources/Hezareh_Dictionary_Index/source/Hezareh_Part_02_PDF_0251-0500.md#L12823-L12836,True
custodial I kx'stoudrol,custodial i kx'stoudrol,custodial i kx'stoudrol,[],hz-008719,entry_candidate,raw_ocr,hint_only,2,356,,dictionary/C/C-16.md,hz-008719-custodial-i-kx-stoudrol,sources/Hezareh_Dictionary_Index/source/Hezareh_Part_02_PDF_0251-0500.md#L12770-L12770,False
custodian,custodian,custodian,[],hz-008720,entry_candidate,raw_ocr,high,2,356,,dictionary/C/C-16.md,hz-008720-custodian,sources/Hezareh_Dictionary_Index/source/Hezareh_Part_02_PDF_0251-0500.md#L12837-L12839,True
custody,custody,custody,[],hz-008721,entry_candidate,raw_ocr,high,2,356,,dictionary/C/C-16.md,hz-008721-custody,sources/Hezareh_Dictionary_Index/source/Hezareh_Part_02_PDF_0251-0500.md#L12840-L12846,True
custom,custom,custom,[],hz-008722,entry_candidate,raw_ocr,high,2,356,,dictionary/C/C-16.md,hz-008722-custom,sources/Hezareh_Dictionary_Index/source/Hezareh_Part_02_PDF_0251-0500.md#L12847-L12857,True
custom-built,custom-built,custom-built,[],hz-008725,entry_candidate,raw_ocr,high,2,356,,dictionary/C/C-16.md,hz-008725-custom-built,sources/Hezareh_Dictionary_Index/source/Hezareh_Part_02_PDF_0251-0500.md#L12863-L12866,True
custom-made,custom-made,custom-made,[],hz-008728,entry_candidate,raw_ocr,high,2,356,,dictionary/C/C-16.md,hz-008728-custom-made,sources/Hezareh_Dictionary_Index/source/Hezareh_Part_02_PDF_0251-0500.md#L12872-L12873,True
customarily,customarily,customarily,[],hz-008723,entry_candidate,raw_ocr,high,2,356,,dictionary/C/C-16.md,hz-008723-customarily,sources/Hezareh_Dictionary_Index/source/Hezareh_Part_02_PDF_0251-0500.md#L12858-L12862,True
customary,customary,customary,[],hz-008724,entry_candidate,raw_ocr,hint_only,2,356,,dictionary/C/C-16.md,hz-008724-customary,sources/Hezareh_Dictionary_Index/source/Hezareh_Part_02_PDF_0251-0500.md#L12770-L12770,False
customise,customise,customise,[],hz-008726,entry_candidate,raw_ocr,high,2,356,,dictionary/C/C-16.md,hz-008726-customise,sources/Hezareh_Dictionary_Index/source/Hezareh_Part_02_PDF_0251-0500.md#L12867-L12867,True
customize,customize,customize,[],hz-008727,entry_candidate,raw_ocr,high,2,356,,dictionary/C/C-16.md,hz-008727-customize,sources/Hezareh_Dictionary_Index/source/Hezareh_Part_02_PDF_0251-0500.md#L12868-L12871,True
customs,customs,customs,[],hz-008729,entry_candidate,raw_ocr,high,2,356,,dictionary/C/C-16.md,hz-008729-customs,sources/Hezareh_Dictionary_Index/source/Hezareh_Part_02_PDF_0251-0500.md#L12874-L12880,True
customs duties,customs duties,customs duties,[],hz-008730,entry_candidate,raw_ocr,high,2,357,,dictionary/C/C-16.md,hz-008730-customs-duties,sources/Hezareh_Dictionary_Index/source/Hezareh_Part_02_PDF_0251-0500.md#L12894-L12897,True
customs inspection,customs inspection,customs inspection,[],hz-008731,entry_candidate,raw_ocr,high,2,357,,dictionary/C/C-16.md,hz-008731-customs-inspection,sources/Hezareh_Dictionary_Index/source/Hezareh_Part_02_PDF_0251-0500.md#L12898-L12899,True
customs union,customs union,customs union,[],hz-008732,entry_candidate,raw_ocr,medium,2,357,,dictionary/C/C-16.md,hz-008732-customs-union,sources/Hezareh_Dictionary_Index/source/Hezareh_Part_02_PDF_0251-0500.md#L12900-L12929,True
cut,cut,cut,[],hz-008738,entry_candidate,raw_ocr,high,2,359,,dictionary/C/C-16.md,hz-008738-cut,sources/Hezareh_Dictionary_Index/source/Hezareh_Part_02_PDF_0251-0500.md#L13161-L13162,True
cut and dried,cut and dried,cut and dried,[],hz-008739,entry_candidate,raw_ocr,medium,2,359,,dictionary/C/C-16.md,hz-008739-cut-and-dried,sources/Hezareh_Dictionary_Index/source/Hezareh_Part_02_PDF_0251-0500.md#L13144-L13145,True
cut both,cut both,cut both,[],hz-008735,entry_candidate,raw_ocr,medium,2,357,,dictionary/C/C-16.md,hz-008735-cut-both,sources/Hezareh_Dictionary_Index/source/Hezareh_Part_02_PDF_0251-0500.md#L12954-L12965,True
cut flowers,cut flowers,cut flowers,[],hz-008745,entry_candidate,raw_ocr,medium,2,359,,dictionary/C/C-16.md,hz-008745-cut-flowers,sources/Hezareh_Dictionary_Index/source/Hezareh_Part_02_PDF_0251-0500.md#L13160-L13160,True
cut glass,cut glass,cut glass,[],hz-008746,entry_candidate,raw_ocr,high,2,359,,dictionary/C/C-16.md,hz-008746-cut-glass,sources/Hezareh_Dictionary_Index/source/Hezareh_Part_02_PDF_0251-0500.md#L13161-L13162,True
cut no,cut no,cut no,[],hz-008736,entry_candidate,raw_ocr,medium,2,357,,dictionary/C/C-16.md,hz-008736-cut-no,sources/Hezareh_Dictionary_Index/source/Hezareh_Part_02_PDF_0251-0500.md#L12966-L12976,True
cut sb,cut sb,cut sb,[],hz-008734,entry_candidate,raw_ocr,medium,2,357,,dictionary/C/C-16.md,hz-008734-cut-sb,sources/Hezareh_Dictionary_Index/source/Hezareh_Part_02_PDF_0251-0500.md#L12977-L12992,True
cut sth in half,cut sth in half,cut sth in half,[],hz-008733,entry_candidate,raw_ocr,medium,2,357,,dictionary/C/C-16.md,hz-008733-cut-sth-in-half,sources/Hezareh_Dictionary_Index/source/Hezareh_Part_02_PDF_0251-0500.md#L12930-L12953,True
cut sth in half,cut sth in half,cut sth in half,[],hz-016387,entry_candidate,raw_ocr,medium,3,723,,dictionary/C/C-16.md,hz-016387-cut-sth-in-half,sources/Hezareh_Dictionary_Index/source/Hezareh_Part_03_PDF_0501-0750.md#L25597-L25605,True
cut tobacco,cut tobacco,cut tobacco,[],hz-008761,entry_candidate,raw_ocr,medium,2,359,,dictionary/C/C-16.md,hz-008761-cut-tobacco,sources/Hezareh_Dictionary_Index/source/Hezareh_Part_02_PDF_0251-0500.md#L13207-L13207,True
cut-off,cut-off,cut-off,[],hz-008751,entry_candidate,raw_ocr,high,2,359,,dictionary/C/C-16.md,hz-008751-cut-off,sources/Hezareh_Dictionary_Index/source/Hezareh_Part_02_PDF_0251-0500.md#L13176-L13178,True
cut-out,cut-out,cut-out,[],hz-008752,entry_candidate,raw_ocr,medium,2,359,,dictionary/C/C-16.md,hz-008752-cut-out,sources/Hezareh_Dictionary_Index/source/Hezareh_Part_02_PDF_0251-0500.md#L13179-L13192,True
cutaneOUS,cutaneous,cutaneous,[],hz-008740,entry_candidate,raw_ocr,medium,2,359,,dictionary/C/C-16.md,hz-008740-cutaneous,sources/Hezareh_Dictionary_Index/source/Hezareh_Part_02_PDF_0251-0500.md#L13146-L13151,True
cutaway,cutaway,cutaway,[],hz-008741,entry_candidate,raw_ocr,hint_only,2,359,,dictionary/C/C-16.md,hz-008741-cutaway,sources/Hezareh_Dictionary_Index/source/Hezareh_Part_02_PDF_0251-0500.md#L13110-L13110,False
cute,cute,cute,[],hz-008742,entry_candidate,raw_ocr,medium,2,359,,dictionary/C/C-16.md,hz-008742-cute,sources/Hezareh_Dictionary_Index/source/Hezareh_Part_02_PDF_0251-0500.md#L13152-L13154,True
cutely,cutely,cutely,[],hz-008743,entry_candidate,raw_ocr,low,2,359,,dictionary/C/C-16.md,hz-008743-cutely,sources/Hezareh_Dictionary_Index/source/Hezareh_Part_02_PDF_0251-0500.md#L13155-L13156,True
cuteness,cuteness,cuteness,[],hz-008744,entry_candidate,raw_ocr,low,2,359,,dictionary/C/C-16.md,hz-008744-cuteness,sources/Hezareh_Dictionary_Index/source/Hezareh_Part_02_PDF_0251-0500.md#L13157-L13159,True
cuticle,cuticle,cuticle,[],hz-008753,entry_candidate,raw_ocr,low,2,359,,dictionary/C/C-16.md,hz-008753-cuticle,sources/Hezareh_Dictionary_Index/source/Hezareh_Part_02_PDF_0251-0500.md#L13163-L13170,True
CUtie,cutie,cutie,[],hz-008754,entry_candidate,raw_ocr,hint_only,2,359,,dictionary/C/C-16.md,hz-008754-cutie,sources/Hezareh_Dictionary_Index/source/Hezareh_Part_02_PDF_0251-0500.md#L13110-L13110,False
cutlasS,cutlass,cutlass,[],hz-008747,entry_candidate,raw_ocr,medium,2,359,,dictionary/C/C-16.md,hz-008747-cutlass,sources/Hezareh_Dictionary_Index/source/Hezareh_Part_02_PDF_0251-0500.md#L13171-L13171,True
cutler,cutler,cutler,[],hz-008748,entry_candidate,raw_ocr,medium,2,359,,dictionary/C/C-16.md,hz-008748-cutler,sources/Hezareh_Dictionary_Index/source/Hezareh_Part_02_PDF_0251-0500.md#L13172-L13174,True
cutlery,cutlery,cutlery,[],hz-008749,entry_candidate,raw_ocr,hint_only,2,359,,dictionary/C/C-16.md,hz-008749-cutlery,sources/Hezareh_Dictionary_Index/source/Hezareh_Part_02_PDF_0251-0500.md#L13110-L13110,False
cutlet,cutlet,cutlet,[],hz-008750,entry_candidate,raw_ocr,medium,2,359,,dictionary/C/C-16.md,hz-008750-cutlet,sources/Hezareh_Dictionary_Index/source/Hezareh_Part_02_PDF_0251-0500.md#L13175-L13175,True
cutpurse,cutpurse,cutpurse,[],hz-008755,entry_candidate,raw_ocr,hint_only,2,359,,dictionary/C/C-16.md,hz-008755-cutpurse,sources/Hezareh_Dictionary_Index/source/Hezareh_Part_02_PDF_0251-0500.md#L13110-L13110,False
cutthroat,cutthroat,cutthroat,[],hz-008756,entry_candidate,raw_ocr,medium,2,359,,dictionary/C/C-16.md,hz-008756-cutthroat,sources/Hezareh_Dictionary_Index/source/Hezareh_Part_02_PDF_0251-0500.md#L13193-L13199,True
cutthroat razor,cutthroat razor,cutthroat razor,[],hz-008757,entry_candidate,raw_ocr,medium,2,359,,dictionary/C/C-17.md,hz-008757-cutthroat-razor,sources/Hezareh_Dictionary_Index/source/Hezareh_Part_02_PDF_0251-0500.md#L13193-L13199,True
cutting,cutting,cutting,[],hz-008758,entry_candidate,raw_ocr,low,2,359,,dictionary/C/C-17.md,hz-008758-cutting,sources/Hezareh_Dictionary_Index/source/Hezareh_Part_02_PDF_0251-0500.md#L13200-L13204,True
cutting-room,cutting-room,cutting-room,[],hz-008759,entry_candidate,raw_ocr,medium,2,359,,dictionary/C/C-17.md,hz-008759-cutting-room,sources/Hezareh_Dictionary_Index/source/Hezareh_Part_02_PDF_0251-0500.md#L13205-L13205,True
cuttlefish,cuttlefish,cuttlefish,[],hz-008760,entry_candidate,raw_ocr,low,2,359,,dictionary/C/C-17.md,hz-008760-cuttlefish,sources/Hezareh_Dictionary_Index/source/Hezareh_Part_02_PDF_0251-0500.md#L13206-L13206,True
cutworm,cutworm,cutworm,[],hz-008762,entry_candidate,raw_ocr,medium,2,359,,dictionary/C/C-17.md,hz-008762-cutworm,sources/Hezareh_Dictionary_Index/source/Hezareh_Part_02_PDF_0251-0500.md#L13208-L13208,True
CV,cv,cv,[],hz-008763,entry_candidate,raw_ocr,high,2,359,,dictionary/C/C-17.md,hz-008763-cv,sources/Hezareh_Dictionary_Index/source/Hezareh_Part_02_PDF_0251-0500.md#L13209-L13211,True
cwm,cwm,cwm,[],hz-008764,entry_candidate,raw_ocr,medium,2,359,,dictionary/C/C-17.md,hz-008764-cwm,sources/Hezareh_Dictionary_Index/source/Hezareh_Part_02_PDF_0251-0500.md#L13212-L13215,True
cwt,cwt,cwt,[],hz-008765,entry_candidate,raw_ocr,hint_only,2,359,,dictionary/C/C-17.md,hz-008765-cwt,sources/Hezareh_Dictionary_Index/source/Hezareh_Part_02_PDF_0251-0500.md#L13110-L13110,False
cyanide,cyanide,cyanide,[],hz-008766,entry_candidate,raw_ocr,medium,2,359,,dictionary/C/C-17.md,hz-008766-cyanide,sources/Hezareh_Dictionary_Index/source/Hezareh_Part_02_PDF_0251-0500.md#L13216-L13216,True
cybernetic,cybernetic,cybernetic,[],hz-008767,entry_candidate,raw_ocr,medium,2,359,,dictionary/C/C-17.md,hz-008767-cybernetic,sources/Hezareh_Dictionary_Index/source/Hezareh_Part_02_PDF_0251-0500.md#L13217-L13219,True
cybernetics,cybernetics,cybernetics,[],hz-008768,entry_candidate,raw_ocr,medium,2,360,,dictionary/C/C-17.md,hz-008768-cybernetics,sources/Hezareh_Dictionary_Index/source/Hezareh_Part_02_PDF_0251-0500.md#L13233-L13234,True
cybernetics,cybernetics,cybernetics,[],hz-008837,entry_candidate,raw_ocr,medium,2,362,,dictionary/C/C-17.md,hz-008837-cybernetics,sources/Hezareh_Dictionary_Index/source/Hezareh_Part_02_PDF_0251-0500.md#L13435-L13436,True
cyclamate,cyclamate,cyclamate,[],hz-008769,entry_candidate,raw_ocr,medium,2,360,,dictionary/C/C-17.md,hz-008769-cyclamate,sources/Hezareh_Dictionary_Index/source/Hezareh_Part_02_PDF_0251-0500.md#L13235-L13235,True
cyclamate,cyclamate,cyclamate,[],hz-008838,entry_candidate,raw_ocr,medium,2,362,,dictionary/C/C-17.md,hz-008838-cyclamate,sources/Hezareh_Dictionary_Index/source/Hezareh_Part_02_PDF_0251-0500.md#L13437-L13437,True
cyclamen,cyclamen,cyclamen,[],hz-008770,entry_candidate,raw_ocr,medium,2,360,,dictionary/C/C-17.md,hz-008770-cyclamen,sources/Hezareh_Dictionary_Index/source/Hezareh_Part_02_PDF_0251-0500.md#L13236-L13237,True
cyclamen,cyclamen,cyclamen,[],hz-008839,entry_candidate,raw_ocr,medium,2,362,,dictionary/C/C-17.md,hz-008839-cyclamen,sources/Hezareh_Dictionary_Index/source/Hezareh_Part_02_PDF_0251-0500.md#L13438-L13439,True
cycle,cycle,cycle,[],hz-008771,entry_candidate,raw_ocr,medium,2,360,,dictionary/C/C-17.md,hz-008771-cycle,sources/Hezareh_Dictionary_Index/source/Hezareh_Part_02_PDF_0251-0500.md#L13238-L13245,True
cycle,cycle,cycle,[],hz-008840,entry_candidate,raw_ocr,medium,2,362,,dictionary/C/C-17.md,hz-008840-cycle,sources/Hezareh_Dictionary_Index/source/Hezareh_Part_02_PDF_0251-0500.md#L13440-L13447,True
cyclic,cyclic,cyclic,[],hz-008772,entry_candidate,raw_ocr,low,2,360,,dictionary/C/C-17.md,hz-008772-cyclic,sources/Hezareh_Dictionary_Index/source/Hezareh_Part_02_PDF_0251-0500.md#L13246-L13246,True
cyclic,cyclic,cyclic,[],hz-008841,entry_candidate,raw_ocr,medium,2,362,,dictionary/C/C-17.md,hz-008841-cyclic,sources/Hezareh_Dictionary_Index/source/Hezareh_Part_02_PDF_0251-0500.md#L13448-L13448,True
cyclical,cyclical,cyclical,[],hz-008773,entry_candidate,raw_ocr,high,2,360,,dictionary/C/C-17.md,hz-008773-cyclical,sources/Hezareh_Dictionary_Index/source/Hezareh_Part_02_PDF_0251-0500.md#L13246-L13246,True
cyclical,cyclical,cyclical,[],hz-008842,entry_candidate,raw_ocr,low,2,362,,dictionary/C/C-17.md,hz-008842-cyclical,sources/Hezareh_Dictionary_Index/source/Hezareh_Part_02_PDF_0251-0500.md#L13448-L13448,True
cyclically,cyclically,cyclically,[],hz-008774,entry_candidate,raw_ocr,high,2,360,,dictionary/C/C-17.md,hz-008774-cyclically,sources/Hezareh_Dictionary_Index/source/Hezareh_Part_02_PDF_0251-0500.md#L13247-L13248,True
cyclically,cyclically,cyclically,[],hz-008843,entry_candidate,raw_ocr,medium,2,362,,dictionary/C/C-17.md,hz-008843-cyclically,sources/Hezareh_Dictionary_Index/source/Hezareh_Part_02_PDF_0251-0500.md#L13449-L13450,True
cycling,cycling,cycling,[],hz-008775,entry_candidate,raw_ocr,medium,2,360,,dictionary/C/C-17.md,hz-008775-cycling,sources/Hezareh_Dictionary_Index/source/Hezareh_Part_02_PDF_0251-0500.md#L13249-L13249,True
cycling,cycling,cycling,[],hz-008844,entry_candidate,raw_ocr,medium,2,362,,dictionary/C/C-17.md,hz-008844-cycling,sources/Hezareh_Dictionary_Index/source/Hezareh_Part_02_PDF_0251-0500.md#L13451-L13451,True
cyclist,cyclist,cyclist,[],hz-008776,entry_candidate,raw_ocr,medium,2,360,,dictionary/C/C-17.md,hz-008776-cyclist,sources/Hezareh_Dictionary_Index/source/Hezareh_Part_02_PDF_0251-0500.md#L13250-L13250,True
cyclist,cyclist,cyclist,[],hz-008845,entry_candidate,raw_ocr,medium,2,362,,dictionary/C/C-17.md,hz-008845-cyclist,sources/Hezareh_Dictionary_Index/source/Hezareh_Part_02_PDF_0251-0500.md#L13452-L13452,True
cyclone,cyclone,cyclone,[],hz-008777,entry_candidate,raw_ocr,medium,2,360,,dictionary/C/C-17.md,hz-008777-cyclone,sources/Hezareh_Dictionary_Index/source/Hezareh_Part_02_PDF_0251-0500.md#L13251-L13252,True
cyclone,cyclone,cyclone,[],hz-008846,entry_candidate,raw_ocr,medium,2,362,,dictionary/C/C-17.md,hz-008846-cyclone,sources/Hezareh_Dictionary_Index/source/Hezareh_Part_02_PDF_0251-0500.md#L13453-L13454,True
cycloniC,cyclonic,cyclonic,[],hz-008778,entry_candidate,raw_ocr,medium,2,360,,dictionary/C/C-17.md,hz-008778-cyclonic,sources/Hezareh_Dictionary_Index/source/Hezareh_Part_02_PDF_0251-0500.md#L13253-L13255,True
cyclonic,cyclonic,cyclonic,[],hz-008847,entry_candidate,raw_ocr,medium,2,362,,dictionary/C/C-17.md,hz-008847-cyclonic,sources/Hezareh_Dictionary_Index/source/Hezareh_Part_02_PDF_0251-0500.md#L13455-L13457,True
cyclopaedia,cyclopaedia,cyclopaedia,[],hz-008779,entry_candidate,raw_ocr,medium,2,360,,dictionary/C/C-17.md,hz-008779-cyclopaedia,sources/Hezareh_Dictionary_Index/source/Hezareh_Part_02_PDF_0251-0500.md#L13256-L13256,True
cyclopaedia,cyclopaedia,cyclopaedia,[],hz-008848,entry_candidate,raw_ocr,high,2,362,,dictionary/C/C-17.md,hz-008848-cyclopaedia,sources/Hezareh_Dictionary_Index/source/Hezareh_Part_02_PDF_0251-0500.md#L13458-L13458,True
Cyclopean,cyclopean,cyclopean,[],hz-008780,entry_candidate,raw_ocr,high,2,360,,dictionary/C/C-17.md,hz-008780-cyclopean,sources/Hezareh_Dictionary_Index/source/Hezareh_Part_02_PDF_0251-0500.md#L13257-L13259,True
Cyclopean,cyclopean,cyclopean,[],hz-008849,entry_candidate,raw_ocr,high,2,362,,dictionary/C/C-17.md,hz-008849-cyclopean,sources/Hezareh_Dictionary_Index/source/Hezareh_Part_02_PDF_0251-0500.md#L13459-L13463,True
Cyclops,cyclops,cyclops,[],hz-008781,entry_candidate,raw_ocr,medium,2,360,,dictionary/C/C-17.md,hz-008781-cyclops,sources/Hezareh_Dictionary_Index/source/Hezareh_Part_02_PDF_0251-0500.md#L13260-L13261,True
CyclopSi'sarklops,cyclopsi'sarklops,cyclopsi'sarklops,[],hz-008850,entry_candidate,raw_ocr,hint_only,2,362,,dictionary/C/C-17.md,hz-008850-cyclopsi-sarklops,sources/Hezareh_Dictionary_Index/source/Hezareh_Part_02_PDF_0251-0500.md#L13425-L13425,False
cyclostyle,cyclostyle,cyclostyle,[],hz-008782,entry_candidate,raw_ocr,medium,2,360,,dictionary/C/C-17.md,hz-008782-cyclostyle,sources/Hezareh_Dictionary_Index/source/Hezareh_Part_02_PDF_0251-0500.md#L13262-L13264,True
cyclostyle,cyclostyle,cyclostyle,[],hz-008851,entry_candidate,raw_ocr,medium,2,362,,dictionary/C/C-17.md,hz-008851-cyclostyle,sources/Hezareh_Dictionary_Index/source/Hezareh_Part_02_PDF_0251-0500.md#L13464-L13466,True
cyclotron,cyclotron,cyclotron,[],hz-008783,entry_candidate,raw_ocr,medium,2,360,,dictionary/C/C-17.md,hz-008783-cyclotron,sources/Hezareh_Dictionary_Index/source/Hezareh_Part_02_PDF_0251-0500.md#L13265-L13266,True
cyclotron,cyclotron,cyclotron,[],hz-008852,entry_candidate,raw_ocr,low,2,362,,dictionary/C/C-17.md,hz-008852-cyclotron,sources/Hezareh_Dictionary_Index/source/Hezareh_Part_02_PDF_0251-0500.md#L13467-L13468,True
cyder,cyder,cyder,[],hz-008784,entry_candidate,raw_ocr,high,2,360,,dictionary/C/C-17.md,hz-008784-cyder,sources/Hezareh_Dictionary_Index/source/Hezareh_Part_02_PDF_0251-0500.md#L13267-L13267,True
cyder,cyder,cyder,[],hz-008853,entry_candidate,raw_ocr,high,2,362,,dictionary/C/C-17.md,hz-008853-cyder,sources/Hezareh_Dictionary_Index/source/Hezareh_Part_02_PDF_0251-0500.md#L13469-L13469,True
cygnet,cygnet,cygnet,[],hz-008785,entry_candidate,raw_ocr,medium,2,360,,dictionary/C/C-17.md,hz-008785-cygnet,sources/Hezareh_Dictionary_Index/source/Hezareh_Part_02_PDF_0251-0500.md#L13268-L13281,True
cygnet,cygnet,cygnet,[],hz-008854,entry_candidate,raw_ocr,medium,2,362,,dictionary/C/C-17.md,hz-008854-cygnet,sources/Hezareh_Dictionary_Index/source/Hezareh_Part_02_PDF_0251-0500.md#L13470-L13483,True
cylinder,cylinder,cylinder,[],hz-008786,entry_candidate,raw_ocr,high,2,360,,dictionary/C/C-17.md,hz-008786-cylinder,sources/Hezareh_Dictionary_Index/source/Hezareh_Part_02_PDF_0251-0500.md#L13282-L13283,True
cylinder,cylinder,cylinder,[],hz-008855,entry_candidate,raw_ocr,medium,2,362,,dictionary/C/C-17.md,hz-008855-cylinder,sources/Hezareh_Dictionary_Index/source/Hezareh_Part_02_PDF_0251-0500.md#L13484-L13485,True
cylinder block,cylinder block,cylinder block,[],hz-008788,entry_candidate,raw_ocr,high,2,360,,dictionary/C/C-17.md,hz-008788-cylinder-block,sources/Hezareh_Dictionary_Index/source/Hezareh_Part_02_PDF_0251-0500.md#L13282-L13283,True
cylinder block,cylinder block,cylinder block,[],hz-008856,entry_candidate,raw_ocr,medium,2,362,,dictionary/C/C-17.md,hz-008856-cylinder-block,sources/Hezareh_Dictionary_Index/source/Hezareh_Part_02_PDF_0251-0500.md#L13484-L13485,True
cylinder head,cylinder head,cylinder head,[],hz-008789,entry_candidate,raw_ocr,high,2,360,,dictionary/C/C-17.md,hz-008789-cylinder-head,sources/Hezareh_Dictionary_Index/source/Hezareh_Part_02_PDF_0251-0500.md#L13284-L13284,True
cylinder head,cylinder head,cylinder head,[],hz-008857,entry_candidate,raw_ocr,medium,2,362,,dictionary/C/C-17.md,hz-008857-cylinder-head,sources/Hezareh_Dictionary_Index/source/Hezareh_Part_02_PDF_0251-0500.md#L13486-L13486,True
cylindrical,cylindrical,cylindrical,[],hz-008790,entry_candidate,raw_ocr,high,2,360,,dictionary/C/C-17.md,hz-008790-cylindrical,sources/Hezareh_Dictionary_Index/source/Hezareh_Part_02_PDF_0251-0500.md#L13285-L13285,True
cylindrical,cylindrical,cylindrical,[],hz-008858,entry_candidate,raw_ocr,medium,2,362,,dictionary/C/C-17.md,hz-008858-cylindrical,sources/Hezareh_Dictionary_Index/source/Hezareh_Part_02_PDF_0251-0500.md#L13487-L13487,True
cymbal,cymbal,cymbal,[],hz-008791,entry_candidate,raw_ocr,high,2,360,,dictionary/C/C-17.md,hz-008791-cymbal,sources/Hezareh_Dictionary_Index/source/Hezareh_Part_02_PDF_0251-0500.md#L13286-L13286,True
cymbal,cymbal,cymbal,[],hz-008859,entry_candidate,raw_ocr,medium,2,362,,dictionary/C/C-17.md,hz-008859-cymbal,sources/Hezareh_Dictionary_Index/source/Hezareh_Part_02_PDF_0251-0500.md#L13488-L13488,True
cynic,cynic,cynic,[],hz-008792,entry_candidate,raw_ocr,high,2,360,,dictionary/C/C-17.md,hz-008792-cynic,sources/Hezareh_Dictionary_Index/source/Hezareh_Part_02_PDF_0251-0500.md#L13287-L13288,True
Cynic,cynic,cynic,[],hz-008793,entry_candidate,raw_ocr,high,2,360,,dictionary/C/C-17.md,hz-008793-cynic,sources/Hezareh_Dictionary_Index/source/Hezareh_Part_02_PDF_0251-0500.md#L13287-L13288,True
cyniC,cynic,cynic,[],hz-008860,entry_candidate,raw_ocr,medium,2,362,,dictionary/C/C-17.md,hz-008860-cynic,sources/Hezareh_Dictionary_Index/source/Hezareh_Part_02_PDF_0251-0500.md#L13489-L13494,True
Cynic,cynic,cynic,[],hz-008861,entry_candidate,raw_ocr,medium,2,362,,dictionary/C/C-17.md,hz-008861-cynic,sources/Hezareh_Dictionary_Index/source/Hezareh_Part_02_PDF_0251-0500.md#L13489-L13494,True
cynical,cynical,cynical,[],hz-008794,entry_candidate,raw_ocr,high,2,360,,dictionary/C/C-17.md,hz-008794-cynical,sources/Hezareh_Dictionary_Index/source/Hezareh_Part_02_PDF_0251-0500.md#L13289-L13292,True
cynically,cynically,cynically,[],hz-008795,entry_candidate,raw_ocr,high,2,360,,dictionary/C/C-17.md,hz-008795-cynically,sources/Hezareh_Dictionary_Index/source/Hezareh_Part_02_PDF_0251-0500.md#L13293-L13295,True
cynically,cynically,cynically,[],hz-008863,entry_candidate,raw_ocr,low,2,362,,dictionary/C/C-17.md,hz-008863-cynically,sources/Hezareh_Dictionary_Index/source/Hezareh_Part_02_PDF_0251-0500.md#L13495-L13497,True
cynicism,cynicism,cynicism,[],hz-008796,entry_candidate,raw_ocr,high,2,360,,dictionary/C/C-17.md,hz-008796-cynicism,sources/Hezareh_Dictionary_Index/source/Hezareh_Part_02_PDF_0251-0500.md#L13296-L13296,True
cynicism,cynicism,cynicism,[],hz-008864,entry_candidate,raw_ocr,medium,2,362,,dictionary/C/C-17.md,hz-008864-cynicism,sources/Hezareh_Dictionary_Index/source/Hezareh_Part_02_PDF_0251-0500.md#L13498-L13498,True
cynosure,cynosure,cynosure,[],hz-008797,entry_candidate,raw_ocr,high,2,360,,dictionary/C/C-17.md,hz-008797-cynosure,sources/Hezareh_Dictionary_Index/source/Hezareh_Part_02_PDF_0251-0500.md#L13297-L13301,True
cynosure,cynosure,cynosure,[],hz-008865,entry_candidate,raw_ocr,high,2,362,,dictionary/C/C-17.md,hz-008865-cynosure,sources/Hezareh_Dictionary_Index/source/Hezareh_Part_02_PDF_0251-0500.md#L13499-L13502,True
Cynosure,cynosure,cynosure,[],hz-008866,entry_candidate,raw_ocr,high,2,362,,dictionary/C/C-17.md,hz-008866-cynosure,sources/Hezareh_Dictionary_Index/source/Hezareh_Part_02_PDF_0251-0500.md#L13499-L13502,True
cypher,cypher,cypher,[],hz-008867,entry_candidate,raw_ocr,high,2,362,,dictionary/C/C-17.md,hz-008867-cypher,sources/Hezareh_Dictionary_Index/source/Hezareh_Part_02_PDF_0251-0500.md#L13503-L13503,True
cypress,cypress,cypress,[],hz-008798,entry_candidate,raw_ocr,high,2,360,,dictionary/C/C-17.md,hz-008798-cypress,sources/Hezareh_Dictionary_Index/source/Hezareh_Part_02_PDF_0251-0500.md#L13302-L13303,True
cypreSS,cypress,cypress,[],hz-008868,entry_candidate,raw_ocr,medium,2,362,,dictionary/C/C-17.md,hz-008868-cypress,sources/Hezareh_Dictionary_Index/source/Hezareh_Part_02_PDF_0251-0500.md#L13504-L13507,True
Cypriot,cypriot,cypriot,[],hz-008801,entry_candidate,raw_ocr,high,2,360,,dictionary/C/C-17.md,hz-008801-cypriot,sources/Hezareh_Dictionary_Index/source/Hezareh_Part_02_PDF_0251-0500.md#L13304-L13306,True
Cyprus,cyprus,cyprus,[],hz-008869,entry_candidate,raw_ocr,high,2,362,,dictionary/C/C-17.md,hz-008869-cyprus,sources/Hezareh_Dictionary_Index/source/Hezareh_Part_02_PDF_0251-0500.md#L13508-L13508,True
Cyprus t'saxpras,cyprus t'saxpras,cyprus t'saxpras,[],hz-008802,entry_candidate,raw_ocr,hint_only,2,360,,dictionary/C/C-17.md,hz-008802-cyprus-t-saxpras,sources/Hezareh_Dictionary_Index/source/Hezareh_Part_02_PDF_0251-0500.md#L13223-L13223,False
Cyrillic,cyrillic,cyrillic,[],hz-008803,entry_candidate,raw_ocr,high,2,360,,dictionary/C/C-17.md,hz-008803-cyrillic,sources/Hezareh_Dictionary_Index/source/Hezareh_Part_02_PDF_0251-0500.md#L13307-L13309,True
Cyrillic,cyrillic,cyrillic,[],hz-008870,entry_candidate,raw_ocr,medium,2,362,,dictionary/C/C-17.md,hz-008870-cyrillic,sources/Hezareh_Dictionary_Index/source/Hezareh_Part_02_PDF_0251-0500.md#L13509-L13511,True
cyst,cyst,cyst,[],hz-008804,entry_candidate,raw_ocr,high,2,360,,dictionary/C/C-17.md,hz-008804-cyst,sources/Hezareh_Dictionary_Index/source/Hezareh_Part_02_PDF_0251-0500.md#L13310-L13310,True
cyst,cyst,cyst,[],hz-008871,entry_candidate,raw_ocr,medium,2,362,,dictionary/C/C-17.md,hz-008871-cyst,sources/Hezareh_Dictionary_Index/source/Hezareh_Part_02_PDF_0251-0500.md#L13512-L13512,True
cystic fibrosis,cystic fibrosis,cystic fibrosis,[],hz-008805,entry_candidate,raw_ocr,high,2,360,,dictionary/C/C-17.md,hz-008805-cystic-fibrosis,sources/Hezareh_Dictionary_Index/source/Hezareh_Part_02_PDF_0251-0500.md#L13311-L13312,True
cystic fibrosis,cystic fibrosis,cystic fibrosis,[],hz-008872,entry_candidate,raw_ocr,medium,2,362,,dictionary/C/C-17.md,hz-008872-cystic-fibrosis,sources/Hezareh_Dictionary_Index/source/Hezareh_Part_02_PDF_0251-0500.md#L13513-L13515,True
cystitis,cystitis,cystitis,[],hz-008799,entry_candidate,raw_ocr,high,2,360,,dictionary/C/C-17.md,hz-008799-cystitis,sources/Hezareh_Dictionary_Index/source/Hezareh_Part_02_PDF_0251-0500.md#L13313-L13313,True
cytology,cytology,cytology,[],hz-008800,entry_candidate,raw_ocr,high,2,360,,dictionary/C/C-17.md,hz-008800-cytology,sources/Hezareh_Dictionary_Index/source/Hezareh_Part_02_PDF_0251-0500.md#L13314-L13314,True
cytology,cytology,cytology,[],hz-008873,entry_candidate,raw_ocr,medium,2,362,,dictionary/C/C-17.md,hz-008873-cytology,sources/Hezareh_Dictionary_Index/source/Hezareh_Part_02_PDF_0251-0500.md#L13516-L13516,True
czar,czar,czar,[],hz-008806,entry_candidate,raw_ocr,high,2,360,,dictionary/C/C-17.md,hz-008806-czar,sources/Hezareh_Dictionary_Index/source/Hezareh_Part_02_PDF_0251-0500.md#L13315-L13316,True
czar,czar,czar,[],hz-008874,entry_candidate,raw_ocr,medium,2,362,,dictionary/C/C-17.md,hz-008874-czar,sources/Hezareh_Dictionary_Index/source/Hezareh_Part_02_PDF_0251-0500.md#L13517-L13517,True
czarina,czarina,czarina,[],hz-008807,entry_candidate,raw_ocr,hint_only,2,360,,dictionary/C/C-17.md,hz-008807-czarina,sources/Hezareh_Dictionary_Index/source/Hezareh_Part_02_PDF_0251-0500.md#L13223-L13223,False
czarina,czarina,czarina,[],hz-008875,entry_candidate,raw_ocr,medium,2,362,,dictionary/C/C-17.md,hz-008875-czarina,sources/Hezareh_Dictionary_Index/source/Hezareh_Part_02_PDF_0251-0500.md#L13518-L13518,True
Czech,czech,czech,[],hz-008808,entry_candidate,raw_ocr,high,2,360,,dictionary/C/C-17.md,hz-008808-czech,sources/Hezareh_Dictionary_Index/source/Hezareh_Part_02_PDF_0251-0500.md#L13317-L13317,True
Czech,czech,czech,[],hz-008876,entry_candidate,raw_ocr,medium,2,362,,dictionary/C/C-17.md,hz-008876-czech,sources/Hezareh_Dictionary_Index/source/Hezareh_Part_02_PDF_0251-0500.md#L13519-L13529,True
Czechoslovak,czechoslovak,czechoslovak,[],hz-008809,entry_candidate,raw_ocr,high,2,360,,dictionary/C/C-17.md,hz-008809-czechoslovak,sources/Hezareh_Dictionary_Index/source/Hezareh_Part_02_PDF_0251-0500.md#L13318-L13321,True
Czechoslovakia,czechoslovakia,czechoslovakia,[],hz-008810,entry_candidate,raw_ocr,hint_only,2,360,,dictionary/C/C-17.md,hz-008810-czechoslovakia,sources/Hezareh_Dictionary_Index/source/Hezareh_Part_02_PDF_0251-0500.md#L13223-L13223,False
Czechoslovakia,czechoslovakia,czechoslovakia,[],hz-008877,entry_candidate,raw_ocr,hint_only,2,362,,dictionary/C/C-17.md,hz-008877-czechoslovakia,sources/Hezareh_Dictionary_Index/source/Hezareh_Part_02_PDF_0251-0500.md#L13425-L13425,False
Czechoslovakian,czechoslovakian,czechoslovakian,[],hz-008811,entry_candidate,raw_ocr,high,2,360,,dictionary/C/C-17.md,hz-008811-czechoslovakian,sources/Hezareh_Dictionary_Index/source/Hezareh_Part_02_PDF_0251-0500.md#L13322-L13327,True
