headword,normalized_headword,base_normalized_headword,aliases,record_id,record_type,verification_status,boundary_confidence,part,pdf_page,printed_page,file,anchor,source_pointer,entry_text_available
f tried hard and finally,f tried hard and finally,f tried hard and finally,[],hz-020730,entry_candidate,raw_ocr,hint_only,4,911,,dictionary/F/F-01.md,hz-020730-f-tried-hard-and-finally,sources/Hezareh_Dictionary_Index/source/Hezareh_Part_04_PDF_0751-1000.md#L18279-L18279,False
f usually,f usually,f usually,[],hz-036778,entry_candidate,raw_ocr,hint_only,8,1857,,dictionary/F/F-01.md,hz-036778-f-usually,sources/Hezareh_Dictionary_Index/source/Hezareh_Part_08_PDF_1751-1976.md#L12730-L12730,False
fa adv coconut matting,fa adv coconut matting,fa adv coconut matting,[],hz-006540,entry_candidate,raw_ocr,hint_only,2,260,,dictionary/F/F-01.md,hz-006540-fa-adv-coconut-matting,sources/Hezareh_Dictionary_Index/source/Hezareh_Part_02_PDF_0251-0500.md#L1304-L1304,False
fabled,fabled,fabled,[],hz-012917,entry_candidate,raw_ocr,high,3,546,,dictionary/F/F-01.md,hz-012917-fabled,sources/Hezareh_Dictionary_Index/source/Hezareh_Part_03_PDF_0501-0750.md#L5240-L5245,True
fabricate,fabricate,fabricate,[],hz-012918,entry_candidate,raw_ocr,high,3,546,,dictionary/F/F-01.md,hz-012918-fabricate,sources/Hezareh_Dictionary_Index/source/Hezareh_Part_03_PDF_0501-0750.md#L5246-L5262,True
fabulOUS,fabulous,fabulous,[],hz-012919,entry_candidate,raw_ocr,high,3,546,,dictionary/F/F-01.md,hz-012919-fabulous,sources/Hezareh_Dictionary_Index/source/Hezareh_Part_03_PDF_0501-0750.md#L5263-L5266,True
fabulously,fabulously,fabulously,[],hz-012920,entry_candidate,raw_ocr,high,3,546,,dictionary/F/F-01.md,hz-012920-fabulously,sources/Hezareh_Dictionary_Index/source/Hezareh_Part_03_PDF_0501-0750.md#L5267-L5268,True
facade,facade,facade,[],hz-012921,entry_candidate,raw_ocr,high,3,546,,dictionary/F/F-01.md,hz-012921-facade,sources/Hezareh_Dictionary_Index/source/Hezareh_Part_03_PDF_0501-0750.md#L5269-L5282,True
face value,face value,face value,[],hz-012936,entry_candidate,raw_ocr,medium,3,548,,dictionary/F/F-01.md,hz-012936-face-value,sources/Hezareh_Dictionary_Index/source/Hezareh_Part_03_PDF_0501-0750.md#L5444-L5447,True
face-cloth,face-cloth,face-cloth,[],hz-012927,entry_candidate,raw_ocr,high,3,547,,dictionary/F/F-01.md,hz-012927-face-cloth,sources/Hezareh_Dictionary_Index/source/Hezareh_Part_03_PDF_0501-0750.md#L5404-L5405,True
face-cream,face-cream,face-cream,[],hz-012928,entry_candidate,raw_ocr,low,3,547,,dictionary/F/F-01.md,hz-012928-face-cream,sources/Hezareh_Dictionary_Index/source/Hezareh_Part_03_PDF_0501-0750.md#L5406-L5406,True
face-lifting,face-lifting,face-lifting,[],hz-012930,entry_candidate,raw_ocr,medium,3,547,,dictionary/F/F-01.md,hz-012930-face-lifting,sources/Hezareh_Dictionary_Index/source/Hezareh_Part_03_PDF_0501-0750.md#L5411-L5413,True
face-powder,face-powder,face-powder,[],hz-012931,entry_candidate,raw_ocr,hint_only,3,548,,dictionary/F/F-01.md,hz-012931-face-powder,sources/Hezareh_Dictionary_Index/source/Hezareh_Part_03_PDF_0501-0750.md#L5417-L5417,False
face-saving,face-saving,face-saving,[],hz-012933,entry_candidate,raw_ocr,hint_only,3,548,,dictionary/F/F-01.md,hz-012933-face-saving,sources/Hezareh_Dictionary_Index/source/Hezareh_Part_03_PDF_0501-0750.md#L5417-L5417,False
faceless,faceless,faceless,[],hz-012929,entry_candidate,raw_ocr,medium,3,547,,dictionary/F/F-01.md,hz-012929-faceless,sources/Hezareh_Dictionary_Index/source/Hezareh_Part_03_PDF_0501-0750.md#L5407-L5410,True
facer,facer,facer,[],hz-012932,entry_candidate,raw_ocr,medium,3,548,,dictionary/F/F-01.md,hz-012932-facer,sources/Hezareh_Dictionary_Index/source/Hezareh_Part_03_PDF_0501-0750.md#L5428-L5435,True
facetiOUS,facetious,facetious,[],hz-012934,entry_candidate,raw_ocr,medium,3,548,,dictionary/F/F-01.md,hz-012934-facetious,sources/Hezareh_Dictionary_Index/source/Hezareh_Part_03_PDF_0501-0750.md#L5436-L5438,True
facetiously,facetiously,facetiously,[],hz-012935,entry_candidate,raw_ocr,medium,3,548,,dictionary/F/F-01.md,hz-012935-facetiously,sources/Hezareh_Dictionary_Index/source/Hezareh_Part_03_PDF_0501-0750.md#L5439-L5443,True
facia,facia,facia,[],hz-012937,entry_candidate,raw_ocr,high,3,548,,dictionary/F/F-01.md,hz-012937-facia,sources/Hezareh_Dictionary_Index/source/Hezareh_Part_03_PDF_0501-0750.md#L5448-L5448,True
facial,facial,facial,[],hz-012938,entry_candidate,raw_ocr,medium,3,548,,dictionary/F/F-01.md,hz-012938-facial,sources/Hezareh_Dictionary_Index/source/Hezareh_Part_03_PDF_0501-0750.md#L5449-L5452,True
facile,facile,facile,[],hz-012939,entry_candidate,raw_ocr,medium,3,548,,dictionary/F/F-01.md,hz-012939-facile,sources/Hezareh_Dictionary_Index/source/Hezareh_Part_03_PDF_0501-0750.md#L5453-L5456,True
facilitate,facilitate,facilitate,[],hz-012940,entry_candidate,raw_ocr,medium,3,548,,dictionary/F/F-01.md,hz-012940-facilitate,sources/Hezareh_Dictionary_Index/source/Hezareh_Part_03_PDF_0501-0750.md#L5457-L5459,True
facilitation,facilitation,facilitation,[],hz-012941,entry_candidate,raw_ocr,medium,3,548,,dictionary/F/F-01.md,hz-012941-facilitation,sources/Hezareh_Dictionary_Index/source/Hezareh_Part_03_PDF_0501-0750.md#L5460-L5463,True
facilitator,facilitator,facilitator,[],hz-012942,entry_candidate,raw_ocr,hint_only,3,548,,dictionary/F/F-01.md,hz-012942-facilitator,sources/Hezareh_Dictionary_Index/source/Hezareh_Part_03_PDF_0501-0750.md#L5417-L5417,False
facility,facility,facility,[],hz-012943,entry_candidate,raw_ocr,medium,3,548,,dictionary/F/F-01.md,hz-012943-facility,sources/Hezareh_Dictionary_Index/source/Hezareh_Part_03_PDF_0501-0750.md#L5464-L5478,True
facing,facing,facing,[],hz-012944,entry_candidate,raw_ocr,high,3,548,,dictionary/F/F-01.md,hz-012944-facing,sources/Hezareh_Dictionary_Index/source/Hezareh_Part_03_PDF_0501-0750.md#L5479-L5479,True
facsimile,facsimile,facsimile,[],hz-012945,entry_candidate,raw_ocr,high,3,548,,dictionary/F/F-01.md,hz-012945-facsimile,sources/Hezareh_Dictionary_Index/source/Hezareh_Part_03_PDF_0501-0750.md#L5480-L5508,True
factional,factional,factional,[],hz-012946,entry_candidate,raw_ocr,high,3,548,,dictionary/F/F-01.md,hz-012946-factional,sources/Hezareh_Dictionary_Index/source/Hezareh_Part_03_PDF_0501-0750.md#L5509-L5510,True
factious,factious,factious,[],hz-012947,entry_candidate,raw_ocr,high,3,548,,dictionary/F/F-01.md,hz-012947-factious,sources/Hezareh_Dictionary_Index/source/Hezareh_Part_03_PDF_0501-0750.md#L5511-L5513,True
factitious,factitious,factitious,[],hz-012949,entry_candidate,raw_ocr,high,3,548,,dictionary/F/F-01.md,hz-012949-factitious,sources/Hezareh_Dictionary_Index/source/Hezareh_Part_03_PDF_0501-0750.md#L5514-L5516,True
factor,factor,factor,[],hz-012948,entry_candidate,raw_ocr,low,3,548,,dictionary/F/F-01.md,hz-012948-factor,sources/Hezareh_Dictionary_Index/source/Hezareh_Part_03_PDF_0501-0750.md#L5517-L5518,True
factorial,factorial,factorial,[],hz-012950,entry_candidate,raw_ocr,high,3,548,,dictionary/F/F-01.md,hz-012950-factorial,sources/Hezareh_Dictionary_Index/source/Hezareh_Part_03_PDF_0501-0750.md#L5519-L5520,True
factorisation,factorisation,factorisation,[],hz-012951,entry_candidate,raw_ocr,high,3,548,,dictionary/F/F-01.md,hz-012951-factorisation,sources/Hezareh_Dictionary_Index/source/Hezareh_Part_03_PDF_0501-0750.md#L5521-L5522,True
factorise,factorise,factorise,[],hz-012952,entry_candidate,raw_ocr,high,3,548,,dictionary/F/F-01.md,hz-012952-factorise,sources/Hezareh_Dictionary_Index/source/Hezareh_Part_03_PDF_0501-0750.md#L5523-L5527,True
factorization,factorization,factorization,[],hz-012953,entry_candidate,raw_ocr,high,3,549,,dictionary/F/F-01.md,hz-012953-factorization,sources/Hezareh_Dictionary_Index/source/Hezareh_Part_03_PDF_0501-0750.md#L5540-L5542,True
factorize,factorize,factorize,[],hz-012954,entry_candidate,raw_ocr,medium,3,549,,dictionary/F/F-01.md,hz-012954-factorize,sources/Hezareh_Dictionary_Index/source/Hezareh_Part_03_PDF_0501-0750.md#L5543-L5547,True
Factory Acts,factory acts,factory acts,[],hz-012955,entry_candidate,raw_ocr,medium,3,549,,dictionary/F/F-01.md,hz-012955-factory-acts,sources/Hezareh_Dictionary_Index/source/Hezareh_Part_03_PDF_0501-0750.md#L5548-L5549,True
factory farm,factory farm,factory farm,[],hz-012956,entry_candidate,raw_ocr,high,3,549,,dictionary/F/F-01.md,hz-012956-factory-farm,sources/Hezareh_Dictionary_Index/source/Hezareh_Part_03_PDF_0501-0750.md#L5550-L5551,True
factory farming,factory farming,factory farming,[],hz-012957,entry_candidate,raw_ocr,medium,3,549,,dictionary/F/F-01.md,hz-012957-factory-farming,sources/Hezareh_Dictionary_Index/source/Hezareh_Part_03_PDF_0501-0750.md#L5552-L5553,True
factory hand,factory hand,factory hand,[],hz-012958,entry_candidate,raw_ocr,high,3,549,,dictionary/F/F-01.md,hz-012958-factory-hand,sources/Hezareh_Dictionary_Index/source/Hezareh_Part_03_PDF_0501-0750.md#L5554-L5555,True
factory ship,factory ship,factory ship,[],hz-012959,entry_candidate,raw_ocr,medium,3,549,,dictionary/F/F-01.md,hz-012959-factory-ship,sources/Hezareh_Dictionary_Index/source/Hezareh_Part_03_PDF_0501-0750.md#L5556-L5556,True
factotum,factotum,factotum,[],hz-012960,entry_candidate,raw_ocr,medium,3,549,,dictionary/F/F-01.md,hz-012960-factotum,sources/Hezareh_Dictionary_Index/source/Hezareh_Part_03_PDF_0501-0750.md#L5557-L5561,True
factually,factually,factually,[],hz-012961,entry_candidate,raw_ocr,medium,3,549,,dictionary/F/F-01.md,hz-012961-factually,sources/Hezareh_Dictionary_Index/source/Hezareh_Part_03_PDF_0501-0750.md#L5562-L5565,True
faculty,faculty,faculty,[],hz-012962,entry_candidate,raw_ocr,medium,3,549,,dictionary/F/F-01.md,hz-012962-faculty,sources/Hezareh_Dictionary_Index/source/Hezareh_Part_03_PDF_0501-0750.md#L5566-L5570,True
fad,fad,fad,[],hz-012963,entry_candidate,raw_ocr,medium,3,549,,dictionary/F/F-01.md,hz-012963-fad,sources/Hezareh_Dictionary_Index/source/Hezareh_Part_03_PDF_0501-0750.md#L5571-L5572,True
faddiness,faddiness,faddiness,[],hz-012964,entry_candidate,raw_ocr,low,3,549,,dictionary/F/F-01.md,hz-012964-faddiness,sources/Hezareh_Dictionary_Index/source/Hezareh_Part_03_PDF_0501-0750.md#L5573-L5575,True
faddish,faddish,faddish,[],hz-012965,entry_candidate,raw_ocr,hint_only,3,549,,dictionary/F/F-01.md,hz-012965-faddish,sources/Hezareh_Dictionary_Index/source/Hezareh_Part_03_PDF_0501-0750.md#L5531-L5531,False
faddy,faddy,faddy,[],hz-012966,entry_candidate,raw_ocr,low,3,549,,dictionary/F/F-01.md,hz-012966-faddy,sources/Hezareh_Dictionary_Index/source/Hezareh_Part_03_PDF_0501-0750.md#L5576-L5598,True
fade,fade,fade,[],hz-012967,entry_candidate,raw_ocr,low,3,549,,dictionary/F/F-01.md,hz-012967-fade,sources/Hezareh_Dictionary_Index/source/Hezareh_Part_03_PDF_0501-0750.md#L5599-L5615,True
fade-in,fade-in,fade-in,[],hz-012968,entry_candidate,raw_ocr,medium,3,549,,dictionary/F/F-01.md,hz-012968-fade-in,sources/Hezareh_Dictionary_Index/source/Hezareh_Part_03_PDF_0501-0750.md#L5616-L5617,True
fade-out,fade-out,fade-out,[],hz-012969,entry_candidate,raw_ocr,medium,3,549,,dictionary/F/F-01.md,hz-012969-fade-out,sources/Hezareh_Dictionary_Index/source/Hezareh_Part_03_PDF_0501-0750.md#L5618-L5620,True
faecal,faecal,faecal,[],hz-012970,entry_candidate,raw_ocr,low,3,549,,dictionary/F/F-01.md,hz-012970-faecal,sources/Hezareh_Dictionary_Index/source/Hezareh_Part_03_PDF_0501-0750.md#L5621-L5621,True
faeces,faeces,faeces,[],hz-012971,entry_candidate,raw_ocr,low,3,549,,dictionary/F/F-01.md,hz-012971-faeces,sources/Hezareh_Dictionary_Index/source/Hezareh_Part_03_PDF_0501-0750.md#L5622-L5623,True
faerie,faerie,faerie,[],hz-012972,entry_candidate,raw_ocr,medium,3,549,,dictionary/F/F-01.md,hz-012972-faerie,sources/Hezareh_Dictionary_Index/source/Hezareh_Part_03_PDF_0501-0750.md#L5624-L5625,True
faery,faery,faery,[],hz-012973,entry_candidate,raw_ocr,high,3,549,,dictionary/F/F-01.md,hz-012973-faery,sources/Hezareh_Dictionary_Index/source/Hezareh_Part_03_PDF_0501-0750.md#L5626-L5639,True
fag-end,fag-end,fag-end,[],hz-012974,entry_candidate,raw_ocr,low,3,550,,dictionary/F/F-01.md,hz-012974-fag-end,sources/Hezareh_Dictionary_Index/source/Hezareh_Part_03_PDF_0501-0750.md#L5655-L5658,True
fagged,fagged,fagged,[],hz-012975,entry_candidate,raw_ocr,high,3,550,,dictionary/F/F-01.md,hz-012975-fagged,sources/Hezareh_Dictionary_Index/source/Hezareh_Part_03_PDF_0501-0750.md#L5659-L5662,True
fagged out,fagged out,fagged out,[],hz-012976,entry_candidate,raw_ocr,medium,3,550,,dictionary/F/F-01.md,hz-012976-fagged-out,sources/Hezareh_Dictionary_Index/source/Hezareh_Part_03_PDF_0501-0750.md#L5659-L5662,True
faggot,faggot,faggot,[],hz-012977,entry_candidate,raw_ocr,medium,3,550,,dictionary/F/F-01.md,hz-012977-faggot,sources/Hezareh_Dictionary_Index/source/Hezareh_Part_03_PDF_0501-0750.md#L5663-L5666,True
fagot,fagot,fagot,[],hz-012978,entry_candidate,raw_ocr,low,3,550,,dictionary/F/F-01.md,hz-012978-fagot,sources/Hezareh_Dictionary_Index/source/Hezareh_Part_03_PDF_0501-0750.md#L5663-L5666,True
faience,faience,faience,[],hz-012979,entry_candidate,raw_ocr,low,3,550,,dictionary/F/F-01.md,hz-012979-faience,sources/Hezareh_Dictionary_Index/source/Hezareh_Part_03_PDF_0501-0750.md#L5667-L5706,True
faif-safe,faif-safe,faif-safe,[],hz-012984,entry_candidate,raw_ocr,hint_only,3,550,,dictionary/F/F-01.md,hz-012984-faif-safe,sources/Hezareh_Dictionary_Index/source/Hezareh_Part_03_PDF_0501-0750.md#L5643-L5643,False
fail,fail,fail,[],hz-012980,entry_candidate,raw_ocr,low,3,550,,dictionary/F/F-01.md,hz-012980-fail,sources/Hezareh_Dictionary_Index/source/Hezareh_Part_03_PDF_0501-0750.md#L5707-L5712,True
fail accompli,fail accompli,fail accompli,[],hz-013013,entry_candidate,raw_ocr,hint_only,3,552,,dictionary/F/F-01.md,hz-013013-fail-accompli,sources/Hezareh_Dictionary_Index/source/Hezareh_Part_03_PDF_0501-0750.md#L5868-L5868,False
failed,failed,failed,[],hz-012981,entry_candidate,raw_ocr,high,3,550,,dictionary/F/F-01.md,hz-012981-failed,sources/Hezareh_Dictionary_Index/source/Hezareh_Part_03_PDF_0501-0750.md#L5713-L5714,True
failing,failing,failing,[],hz-012982,entry_candidate,raw_ocr,high,3,550,,dictionary/F/F-01.md,hz-012982-failing,sources/Hezareh_Dictionary_Index/source/Hezareh_Part_03_PDF_0501-0750.md#L5715-L5718,True
failing star,failing star,failing star,[],hz-013045,entry_candidate,raw_ocr,medium,3,555,,dictionary/F/F-01.md,hz-013045-failing-star,sources/Hezareh_Dictionary_Index/source/Hezareh_Part_03_PDF_0501-0750.md#L6327-L6328,True
failing this,failing this,failing this,[],hz-012983,entry_candidate,raw_ocr,high,3,550,,dictionary/F/F-01.md,hz-012983-failing-this,sources/Hezareh_Dictionary_Index/source/Hezareh_Part_03_PDF_0501-0750.md#L5719-L5722,True
failure,failure,failure,[],hz-012985,entry_candidate,raw_ocr,high,3,550,,dictionary/F/F-01.md,hz-012985-failure,sources/Hezareh_Dictionary_Index/source/Hezareh_Part_03_PDF_0501-0750.md#L5723-L5733,True
fain,fain,fain,[],hz-012986,entry_candidate,raw_ocr,high,3,550,,dictionary/F/F-01.md,hz-012986-fain,sources/Hezareh_Dictionary_Index/source/Hezareh_Part_03_PDF_0501-0750.md#L5734-L5745,True
fainlly,fainlly,fainlly,[],hz-012991,entry_candidate,raw_ocr,hint_only,3,551,,dictionary/F/F-01.md,hz-012991-fainlly,sources/Hezareh_Dictionary_Index/source/Hezareh_Part_03_PDF_0501-0750.md#L5757-L5757,False
faint heart,faint heart,faint heart,[],hz-012989,entry_candidate,raw_ocr,high,3,551,,dictionary/F/F-01.md,hz-012989-faint-heart,sources/Hezareh_Dictionary_Index/source/Hezareh_Part_03_PDF_0501-0750.md#L5776-L5783,True
faintness,faintness,faintness,[],hz-012992,entry_candidate,raw_ocr,medium,3,551,,dictionary/F/F-01.md,hz-012992-faintness,sources/Hezareh_Dictionary_Index/source/Hezareh_Part_03_PDF_0501-0750.md#L5784-L5801,True
Fair do,fair do,fair do,[],hz-012993,entry_candidate,raw_ocr,medium,3,551,,dictionary/F/F-01.md,hz-012993-fair-do,sources/Hezareh_Dictionary_Index/source/Hezareh_Part_03_PDF_0501-0750.md#L5802-L5856,True
fair game,fair game,fair game,[],hz-012995,entry_candidate,raw_ocr,high,3,551,,dictionary/F/F-01.md,hz-012995-fair-game,sources/Hezareh_Dictionary_Index/source/Hezareh_Part_03_PDF_0501-0750.md#L5858-L5862,True
fair sex,fair sex,fair sex,[],hz-013004,entry_candidate,raw_ocr,high,3,552,,dictionary/F/F-01.md,hz-013004-fair-sex,sources/Hezareh_Dictionary_Index/source/Hezareh_Part_03_PDF_0501-0750.md#L5939-L5939,True
fair-haired,fair-haired,fair-haired,[],hz-012996,entry_candidate,raw_ocr,high,3,551,,dictionary/F/F-01.md,hz-012996-fair-haired,sources/Hezareh_Dictionary_Index/source/Hezareh_Part_03_PDF_0501-0750.md#L5863-L5864,True
fair-sized,fair-sized,fair-sized,[],hz-013005,entry_candidate,raw_ocr,high,3,552,,dictionary/F/F-01.md,hz-013005-fair-sized,sources/Hezareh_Dictionary_Index/source/Hezareh_Part_03_PDF_0501-0750.md#L5940-L5942,True
fair-weather friend,fair-weather friend,fair-weather friend,[],hz-013008,entry_candidate,raw_ocr,hint_only,3,552,,dictionary/F/F-01.md,hz-013008-fair-weather-friend,sources/Hezareh_Dictionary_Index/source/Hezareh_Part_03_PDF_0501-0750.md#L5868-L5868,False
fairer sex,fairer sex,fairer sex,[],hz-012994,entry_candidate,raw_ocr,high,3,551,,dictionary/F/F-01.md,hz-012994-fairer-sex,sources/Hezareh_Dictionary_Index/source/Hezareh_Part_03_PDF_0501-0750.md#L5857-L5857,True
fairing,fairing,fairing,[],hz-012997,entry_candidate,raw_ocr,medium,3,552,,dictionary/F/F-01.md,hz-012997-fairing,sources/Hezareh_Dictionary_Index/source/Hezareh_Part_03_PDF_0501-0750.md#L5878-L5879,True
fairish,fairish,fairish,[],hz-012998,entry_candidate,raw_ocr,medium,3,552,,dictionary/F/F-01.md,hz-012998-fairish,sources/Hezareh_Dictionary_Index/source/Hezareh_Part_03_PDF_0501-0750.md#L5880-L5900,True
fairly,fairly,fairly,[],hz-012999,entry_candidate,raw_ocr,high,3,552,,dictionary/F/F-01.md,hz-012999-fairly,sources/Hezareh_Dictionary_Index/source/Hezareh_Part_03_PDF_0501-0750.md#L5901-L5903,True
fairway,fairway,fairway,[],hz-013007,entry_candidate,raw_ocr,high,3,552,,dictionary/F/F-01.md,hz-013007-fairway,sources/Hezareh_Dictionary_Index/source/Hezareh_Part_03_PDF_0501-0750.md#L5943-L5960,True
fairy lights,fairy lights,fairy lights,[],hz-013010,entry_candidate,raw_ocr,hint_only,3,552,,dictionary/F/F-01.md,hz-013010-fairy-lights,sources/Hezareh_Dictionary_Index/source/Hezareh_Part_03_PDF_0501-0750.md#L5868-L5868,False
fairy story,fairy story,fairy story,[],hz-013011,entry_candidate,raw_ocr,high,3,552,,dictionary/F/F-01.md,hz-013011-fairy-story,sources/Hezareh_Dictionary_Index/source/Hezareh_Part_03_PDF_0501-0750.md#L5961-L5966,True
fairytalet'foon tell,fairytalet'foon tell,fairytalet'foon tell,[],hz-013012,entry_candidate,raw_ocr,hint_only,3,552,,dictionary/F/F-01.md,hz-013012-fairytalet-foon-tell,sources/Hezareh_Dictionary_Index/source/Hezareh_Part_03_PDF_0501-0750.md#L5868-L5868,False
faith,faith,faith,[],hz-013014,entry_candidate,raw_ocr,high,3,552,,dictionary/F/F-01.md,hz-013014-faith,sources/Hezareh_Dictionary_Index/source/Hezareh_Part_03_PDF_0501-0750.md#L5967-L5979,True
faith cure,faith cure,faith cure,[],hz-013015,entry_candidate,raw_ocr,high,3,553,,dictionary/F/F-01.md,hz-013015-faith-cure,sources/Hezareh_Dictionary_Index/source/Hezareh_Part_03_PDF_0501-0750.md#L5992-L6004,True
faith-healer,faith-healer,faith-healer,[],hz-013019,entry_candidate,raw_ocr,hint_only,3,553,,dictionary/F/F-01.md,hz-013019-faith-healer,sources/Hezareh_Dictionary_Index/source/Hezareh_Part_03_PDF_0501-0750.md#L5983-L5983,False
faith-healing,faith-healing,faith-healing,[],hz-013020,entry_candidate,raw_ocr,medium,3,553,,dictionary/F/F-01.md,hz-013020-faith-healing,sources/Hezareh_Dictionary_Index/source/Hezareh_Part_03_PDF_0501-0750.md#L6023-L6024,True
faithful,faithful,faithful,[],hz-013016,entry_candidate,raw_ocr,medium,3,553,,dictionary/F/F-01.md,hz-013016-faithful,sources/Hezareh_Dictionary_Index/source/Hezareh_Part_03_PDF_0501-0750.md#L6005-L6012,True
faithfully,faithfully,faithfully,[],hz-013017,entry_candidate,raw_ocr,low,3,553,,dictionary/F/F-01.md,hz-013017-faithfully,sources/Hezareh_Dictionary_Index/source/Hezareh_Part_03_PDF_0501-0750.md#L6013-L6018,True
faithfulness,faithfulness,faithfulness,[],hz-013018,entry_candidate,raw_ocr,medium,3,553,,dictionary/F/F-01.md,hz-013018-faithfulness,sources/Hezareh_Dictionary_Index/source/Hezareh_Part_03_PDF_0501-0750.md#L6019-L6022,True
faithless,faithless,faithless,[],hz-013021,entry_candidate,raw_ocr,low,3,553,,dictionary/F/F-01.md,hz-013021-faithless,sources/Hezareh_Dictionary_Index/source/Hezareh_Part_03_PDF_0501-0750.md#L6025-L6027,True
faithlessly,faithlessly,faithlessly,[],hz-013022,entry_candidate,raw_ocr,low,3,553,,dictionary/F/F-01.md,hz-013022-faithlessly,sources/Hezareh_Dictionary_Index/source/Hezareh_Part_03_PDF_0501-0750.md#L6028-L6030,True
faithlessness,faithlessness,faithlessness,[],hz-013023,entry_candidate,raw_ocr,medium,3,553,,dictionary/F/F-01.md,hz-013023-faithlessness,sources/Hezareh_Dictionary_Index/source/Hezareh_Part_03_PDF_0501-0750.md#L6031-L6033,True
faits accomplis,faits accomplis,faits accomplis,[],hz-013024,entry_candidate,raw_ocr,high,3,553,,dictionary/F/F-01.md,hz-013024-faits-accomplis,sources/Hezareh_Dictionary_Index/source/Hezareh_Part_03_PDF_0501-0750.md#L6034-L6052,True
fake,fake,fake,[],hz-013025,entry_candidate,raw_ocr,high,3,553,,dictionary/F/F-01.md,hz-013025-fake,sources/Hezareh_Dictionary_Index/source/Hezareh_Part_03_PDF_0501-0750.md#L6053-L6053,True
faker,faker,faker,[],hz-013026,entry_candidate,raw_ocr,medium,3,553,,dictionary/F/F-01.md,hz-013026-faker,sources/Hezareh_Dictionary_Index/source/Hezareh_Part_03_PDF_0501-0750.md#L6054-L6056,True
fakir,fakir,fakir,[],hz-013027,entry_candidate,raw_ocr,high,3,553,,dictionary/F/F-01.md,hz-013027-fakir,sources/Hezareh_Dictionary_Index/source/Hezareh_Part_03_PDF_0501-0750.md#L6057-L6059,True
falcon,falcon,falcon,[],hz-013028,entry_candidate,raw_ocr,high,3,553,,dictionary/F/F-01.md,hz-013028-falcon,sources/Hezareh_Dictionary_Index/source/Hezareh_Part_03_PDF_0501-0750.md#L6060-L6062,True
falconer,falconer,falconer,[],hz-013029,entry_candidate,raw_ocr,high,3,553,,dictionary/F/F-01.md,hz-013029-falconer,sources/Hezareh_Dictionary_Index/source/Hezareh_Part_03_PDF_0501-0750.md#L6063-L6064,True
falconry,falconry,falconry,[],hz-013030,entry_candidate,raw_ocr,medium,3,553,,dictionary/F/F-01.md,hz-013030-falconry,sources/Hezareh_Dictionary_Index/source/Hezareh_Part_03_PDF_0501-0750.md#L6065-L6110,True
fall,fall,fall,[],hz-000033,entry_candidate,raw_ocr,high,1,7,,dictionary/F/F-01.md,hz-000033-fall,sources/Hezareh_Dictionary_Index/source/Hezareh_Part_01_PDF_0001-0250.md#L512-L515,True
fall,fall,fall,[],hz-002938,entry_candidate,raw_ocr,high,1,112,,dictionary/F/F-01.md,hz-002938-fall,sources/Hezareh_Dictionary_Index/source/Hezareh_Part_01_PDF_0001-0250.md#L15242-L15261,True
fall,fall,fall,[],hz-016091,entry_candidate,raw_ocr,medium,3,711,,dictionary/F/F-01.md,hz-016091-fall,sources/Hezareh_Dictionary_Index/source/Hezareh_Part_03_PDF_0501-0750.md#L24266-L24275,True
fall guy,fall guy,fall guy,[],hz-013042,entry_candidate,raw_ocr,low,3,555,,dictionary/F/F-01.md,hz-013042-fall-guy,sources/Hezareh_Dictionary_Index/source/Hezareh_Part_03_PDF_0501-0750.md#L6319-L6321,True
fall in Jove with sb,fall in jove with sb,fall in jove with sb,[],hz-013033,entry_candidate,raw_ocr,hint_only,3,554,,dictionary/F/F-01.md,hz-013033-fall-in-jove-with-sb,sources/Hezareh_Dictionary_Index/source/Hezareh_Part_03_PDF_0501-0750.md#L6114-L6114,False
fall on,fall on,fall on,[],hz-013032,entry_candidate,raw_ocr,medium,3,554,,dictionary/F/F-01.md,hz-013032-fall-on,sources/Hezareh_Dictionary_Index/source/Hezareh_Part_03_PDF_0501-0750.md#L6140-L6159,True
fall on bad times,fall on bad times,fall on bad times,[],hz-013037,entry_candidate,raw_ocr,medium,3,555,,dictionary/F/F-01.md,hz-013037-fall-on-bad-times,sources/Hezareh_Dictionary_Index/source/Hezareh_Part_03_PDF_0501-0750.md#L6272-L6308,True
fall on stn,fall on stn,fall on stn,[],hz-013036,entry_candidate,raw_ocr,hint_only,3,555,,dictionary/F/F-01.md,hz-013036-fall-on-stn,sources/Hezareh_Dictionary_Index/source/Hezareh_Part_03_PDF_0501-0750.md#L6228-L6228,False
fall out of,fall out of,fall out of,[],hz-013031,entry_candidate,raw_ocr,medium,3,554,,dictionary/F/F-01.md,hz-013031-fall-out-of,sources/Hezareh_Dictionary_Index/source/Hezareh_Part_03_PDF_0501-0750.md#L6160-L6219,True
fall out of love with sb,fall out of love with sb,fall out of love with sb,[],hz-013034,entry_candidate,raw_ocr,medium,3,554,,dictionary/F/F-01.md,hz-013034-fall-out-of-love-with-sb,sources/Hezareh_Dictionary_Index/source/Hezareh_Part_03_PDF_0501-0750.md#L6160-L6219,True
fall to one's Jot,fall to one's jot,fall to one's jot,[],hz-013038,entry_candidate,raw_ocr,hint_only,3,555,,dictionary/F/F-01.md,hz-013038-fall-to-one-s-jot,sources/Hezareh_Dictionary_Index/source/Hezareh_Part_03_PDF_0501-0750.md#L6228-L6228,False
fall-off,fall-off,fall-off,[],hz-013046,entry_candidate,raw_ocr,low,3,555,,dictionary/F/F-01.md,hz-013046-fall-off,sources/Hezareh_Dictionary_Index/source/Hezareh_Part_03_PDF_0501-0750.md#L6329-L6330,True
fallacious,fallacious,fallacious,[],hz-013039,entry_candidate,raw_ocr,high,3,555,,dictionary/F/F-01.md,hz-013039-fallacious,sources/Hezareh_Dictionary_Index/source/Hezareh_Part_03_PDF_0501-0750.md#L6237-L6271,True
fallacy,fallacy,fallacy,[],hz-013040,entry_candidate,raw_ocr,medium,3,555,,dictionary/F/F-01.md,hz-013040-fallacy,sources/Hezareh_Dictionary_Index/source/Hezareh_Part_03_PDF_0501-0750.md#L6309-L6310,True
fallen,fallen,fallen,[],hz-013041,entry_candidate,raw_ocr,high,3,555,,dictionary/F/F-01.md,hz-013041-fallen,sources/Hezareh_Dictionary_Index/source/Hezareh_Part_03_PDF_0501-0750.md#L6311-L6318,True
fallibility,fallibility,fallibility,[],hz-013043,entry_candidate,raw_ocr,medium,3,555,,dictionary/F/F-01.md,hz-013043-fallibility,sources/Hezareh_Dictionary_Index/source/Hezareh_Part_03_PDF_0501-0750.md#L6322-L6325,True
falling-off,falling-off,falling-off,[],hz-013044,entry_candidate,raw_ocr,low,3,555,,dictionary/F/F-01.md,hz-013044-falling-off,sources/Hezareh_Dictionary_Index/source/Hezareh_Part_03_PDF_0501-0750.md#L6326-L6326,True
fallinwithsb,fallinwithsb,fallinwithsb,[],hz-013035,entry_candidate,raw_ocr,hint_only,3,555,,dictionary/F/F-01.md,hz-013035-fallinwithsb,sources/Hezareh_Dictionary_Index/source/Hezareh_Part_03_PDF_0501-0750.md#L6228-L6228,False
Fallopian tube,fallopian tube,fallopian tube,[],hz-013047,entry_candidate,raw_ocr,high,3,555,,dictionary/F/F-01.md,hz-013047-fallopian-tube,sources/Hezareh_Dictionary_Index/source/Hezareh_Part_03_PDF_0501-0750.md#L6331-L6336,True
fallow,fallow,fallow,[],hz-013048,entry_candidate,raw_ocr,high,3,556,,dictionary/F/F-01.md,hz-013048-fallow,sources/Hezareh_Dictionary_Index/source/Hezareh_Part_03_PDF_0501-0750.md#L6350-L6354,True
fallow deer,fallow deer,fallow deer,[],hz-013049,entry_candidate,raw_ocr,high,3,556,,dictionary/F/F-01.md,hz-013049-fallow-deer,sources/Hezareh_Dictionary_Index/source/Hezareh_Part_03_PDF_0501-0750.md#L6355-L6388,True
false,false,false,[],hz-013050,entry_candidate,raw_ocr,high,3,556,,dictionary/F/F-01.md,hz-013050-false,sources/Hezareh_Dictionary_Index/source/Hezareh_Part_03_PDF_0501-0750.md#L6407-L6408,True
false alarm,false alarm,false alarm,[],hz-013051,entry_candidate,raw_ocr,medium,3,556,,dictionary/F/F-01.md,hz-013051-false-alarm,sources/Hezareh_Dictionary_Index/source/Hezareh_Part_03_PDF_0501-0750.md#L6389-L6390,True
false move,false move,false move,[],hz-013054,entry_candidate,raw_ocr,medium,3,556,,dictionary/F/F-01.md,hz-013054-false-move,sources/Hezareh_Dictionary_Index/source/Hezareh_Part_03_PDF_0501-0750.md#L6402-L6403,True
false start,false start,false start,[],hz-013056,entry_candidate,raw_ocr,high,3,556,,dictionary/F/F-01.md,hz-013056-false-start,sources/Hezareh_Dictionary_Index/source/Hezareh_Part_03_PDF_0501-0750.md#L6407-L6408,True
falsehood,falsehood,falsehood,[],hz-013052,entry_candidate,raw_ocr,low,3,556,,dictionary/F/F-01.md,hz-013052-falsehood,sources/Hezareh_Dictionary_Index/source/Hezareh_Part_03_PDF_0501-0750.md#L6391-L6392,True
falsely,falsely,falsely,[],hz-013053,entry_candidate,raw_ocr,medium,3,556,,dictionary/F/F-01.md,hz-013053-falsely,sources/Hezareh_Dictionary_Index/source/Hezareh_Part_03_PDF_0501-0750.md#L6393-L6401,True
falseness,falseness,falseness,[],hz-013055,entry_candidate,raw_ocr,medium,3,556,,dictionary/F/F-01.md,hz-013055-falseness,sources/Hezareh_Dictionary_Index/source/Hezareh_Part_03_PDF_0501-0750.md#L6404-L6406,True
falsetto,falsetto,falsetto,[],hz-013057,entry_candidate,raw_ocr,high,3,556,,dictionary/F/F-01.md,hz-013057-falsetto,sources/Hezareh_Dictionary_Index/source/Hezareh_Part_03_PDF_0501-0750.md#L6409-L6411,True
falsies,falsies,falsies,[],hz-013058,entry_candidate,raw_ocr,high,3,556,,dictionary/F/F-01.md,hz-013058-falsies,sources/Hezareh_Dictionary_Index/source/Hezareh_Part_03_PDF_0501-0750.md#L6412-L6413,True
falsification,falsification,falsification,[],hz-013059,entry_candidate,raw_ocr,high,3,556,,dictionary/F/F-01.md,hz-013059-falsification,sources/Hezareh_Dictionary_Index/source/Hezareh_Part_03_PDF_0501-0750.md#L6414-L6416,True
falsify,falsify,falsify,[],hz-013060,entry_candidate,raw_ocr,high,3,556,,dictionary/F/F-01.md,hz-013060-falsify,sources/Hezareh_Dictionary_Index/source/Hezareh_Part_03_PDF_0501-0750.md#L6417-L6424,True
falsity,falsity,falsity,[],hz-013061,entry_candidate,raw_ocr,high,3,556,,dictionary/F/F-01.md,hz-013061-falsity,sources/Hezareh_Dictionary_Index/source/Hezareh_Part_03_PDF_0501-0750.md#L6425-L6435,True
falter,falter,falter,[],hz-013062,entry_candidate,raw_ocr,high,3,556,,dictionary/F/F-01.md,hz-013062-falter,sources/Hezareh_Dictionary_Index/source/Hezareh_Part_03_PDF_0501-0750.md#L6436-L6436,True
faltering,faltering,faltering,[],hz-013063,entry_candidate,raw_ocr,high,3,556,,dictionary/F/F-01.md,hz-013063-faltering,sources/Hezareh_Dictionary_Index/source/Hezareh_Part_03_PDF_0501-0750.md#L6437-L6437,True
falteringly,falteringly,falteringly,[],hz-013064,entry_candidate,raw_ocr,high,3,556,,dictionary/F/F-01.md,hz-013064-falteringly,sources/Hezareh_Dictionary_Index/source/Hezareh_Part_03_PDF_0501-0750.md#L6438-L6440,True
fame,fame,fame,[],hz-013065,entry_candidate,raw_ocr,high,3,556,,dictionary/F/F-01.md,hz-013065-fame,sources/Hezareh_Dictionary_Index/source/Hezareh_Part_03_PDF_0501-0750.md#L6441-L6442,True
famed,famed,famed,[],hz-013066,entry_candidate,raw_ocr,high,3,556,,dictionary/F/F-01.md,hz-013066-famed,sources/Hezareh_Dictionary_Index/source/Hezareh_Part_03_PDF_0501-0750.md#L6443-L6444,True
familial,familial,familial,[],hz-013067,entry_candidate,raw_ocr,high,3,556,,dictionary/F/F-01.md,hz-013067-familial,sources/Hezareh_Dictionary_Index/source/Hezareh_Part_03_PDF_0501-0750.md#L6445-L6450,True
familiar,familiar,familiar,[],hz-013068,entry_candidate,raw_ocr,high,3,557,,dictionary/F/F-01.md,hz-013068-familiar,sources/Hezareh_Dictionary_Index/source/Hezareh_Part_03_PDF_0501-0750.md#L6463-L6486,True
familiarise,familiarise,familiarise,[],hz-013069,entry_candidate,raw_ocr,high,3,557,,dictionary/F/F-01.md,hz-013069-familiarise,sources/Hezareh_Dictionary_Index/source/Hezareh_Part_03_PDF_0501-0750.md#L6487-L6493,True
familiarity,familiarity,familiarity,[],hz-013070,entry_candidate,raw_ocr,high,3,557,,dictionary/F/F-01.md,hz-013070-familiarity,sources/Hezareh_Dictionary_Index/source/Hezareh_Part_03_PDF_0501-0750.md#L6494-L6495,True
familiarization,familiarization,familiarization,[],hz-013071,entry_candidate,raw_ocr,high,3,557,,dictionary/F/F-01.md,hz-013071-familiarization,sources/Hezareh_Dictionary_Index/source/Hezareh_Part_03_PDF_0501-0750.md#L6496-L6518,True
family,family,family,[],hz-013072,entry_candidate,raw_ocr,high,3,557,,dictionary/F/F-01.md,hz-013072-family,sources/Hezareh_Dictionary_Index/source/Hezareh_Part_03_PDF_0501-0750.md#L6519-L6520,True
family allowance,family allowance,family allowance,[],hz-013073,entry_candidate,raw_ocr,high,3,557,,dictionary/F/F-01.md,hz-013073-family-allowance,sources/Hezareh_Dictionary_Index/source/Hezareh_Part_03_PDF_0501-0750.md#L6519-L6520,True
family credit,family credit,family credit,[],hz-013074,entry_candidate,raw_ocr,low,3,557,,dictionary/F/F-01.md,hz-013074-family-credit,sources/Hezareh_Dictionary_Index/source/Hezareh_Part_03_PDF_0501-0750.md#L6521-L6522,True
family doctor,family doctor,family doctor,[],hz-013075,entry_candidate,raw_ocr,medium,3,557,,dictionary/F/F-01.md,hz-013075-family-doctor,sources/Hezareh_Dictionary_Index/source/Hezareh_Part_03_PDF_0501-0750.md#L6523-L6524,True
family hotel,family hotel,family hotel,[],hz-013076,entry_candidate,raw_ocr,medium,3,557,,dictionary/F/F-01.md,hz-013076-family-hotel,sources/Hezareh_Dictionary_Index/source/Hezareh_Part_03_PDF_0501-0750.md#L6525-L6526,True
family likeness,family likeness,family likeness,[],hz-013077,entry_candidate,raw_ocr,high,3,557,,dictionary/F/F-01.md,hz-013077-family-likeness,sources/Hezareh_Dictionary_Index/source/Hezareh_Part_03_PDF_0501-0750.md#L6527-L6528,True
family man,family man,family man,[],hz-013078,entry_candidate,raw_ocr,low,3,557,,dictionary/F/F-01.md,hz-013078-family-man,sources/Hezareh_Dictionary_Index/source/Hezareh_Part_03_PDF_0501-0750.md#L6529-L6530,True
family name,family name,family name,[],hz-013079,entry_candidate,raw_ocr,medium,3,557,,dictionary/F/F-01.md,hz-013079-family-name,sources/Hezareh_Dictionary_Index/source/Hezareh_Part_03_PDF_0501-0750.md#L6531-L6532,True
family planning,family planning,family planning,[],hz-013080,entry_candidate,raw_ocr,medium,3,557,,dictionary/F/F-01.md,hz-013080-family-planning,sources/Hezareh_Dictionary_Index/source/Hezareh_Part_03_PDF_0501-0750.md#L6533-L6535,True
family tree,family tree,family tree,[],hz-013081,entry_candidate,raw_ocr,hint_only,3,557,,dictionary/F/F-01.md,hz-013081-family-tree,sources/Hezareh_Dictionary_Index/source/Hezareh_Part_03_PDF_0501-0750.md#L6454-L6454,False
famine,famine,famine,[],hz-013082,entry_candidate,raw_ocr,medium,3,557,,dictionary/F/F-01.md,hz-013082-famine,sources/Hezareh_Dictionary_Index/source/Hezareh_Part_03_PDF_0501-0750.md#L6536-L6544,True
famished,famished,famished,[],hz-013083,entry_candidate,raw_ocr,low,3,557,,dictionary/F/F-01.md,hz-013083-famished,sources/Hezareh_Dictionary_Index/source/Hezareh_Part_03_PDF_0501-0750.md#L6545-L6546,True
famous,famous,famous,[],hz-013084,entry_candidate,raw_ocr,medium,3,557,,dictionary/F/F-01.md,hz-013084-famous,sources/Hezareh_Dictionary_Index/source/Hezareh_Part_03_PDF_0501-0750.md#L6547-L6551,True
famously,famously,famously,[],hz-013085,entry_candidate,raw_ocr,medium,3,557,,dictionary/F/F-01.md,hz-013085-famously,sources/Hezareh_Dictionary_Index/source/Hezareh_Part_03_PDF_0501-0750.md#L6552-L6558,True
fan,fan,fan,[],hz-013086,entry_candidate,raw_ocr,high,3,557,,dictionary/F/F-01.md,hz-013086-fan,sources/Hezareh_Dictionary_Index/source/Hezareh_Part_03_PDF_0501-0750.md#L6559-L6562,True
fan beltt'fren belt,fan beltt'fren belt,fan beltt'fren belt,[],hz-013089,entry_candidate,raw_ocr,hint_only,3,558,,dictionary/F/F-01.md,hz-013089-fan-beltt-fren-belt,sources/Hezareh_Dictionary_Index/source/Hezareh_Part_03_PDF_0501-0750.md#L6566-L6566,False
fan club,fan club,fan club,[],hz-013092,entry_candidate,raw_ocr,medium,3,558,,dictionary/F/F-01.md,hz-013092-fan-club,sources/Hezareh_Dictionary_Index/source/Hezareh_Part_03_PDF_0501-0750.md#L6607-L6618,True
fan heater,fan heater,fan heater,[],hz-013101,entry_candidate,raw_ocr,high,3,558,,dictionary/F/F-01.md,hz-013101-fan-heater,sources/Hezareh_Dictionary_Index/source/Hezareh_Part_03_PDF_0501-0750.md#L6672-L6676,True
fan mail,fan mail,fan mail,[],hz-013103,entry_candidate,raw_ocr,medium,3,559,,dictionary/F/F-01.md,hz-013103-fan-mail,sources/Hezareh_Dictionary_Index/source/Hezareh_Part_03_PDF_0501-0750.md#L6691-L6692,True
fan VaUlting,fan vaulting,fan vaulting,[],hz-013116,entry_candidate,raw_ocr,low,3,559,,dictionary/F/F-01.md,hz-013116-fan-vaulting,sources/Hezareh_Dictionary_Index/source/Hezareh_Part_03_PDF_0501-0750.md#L6721-L6721,True
fan-shaped,fan-shaped,fan-shaped,[],hz-013105,entry_candidate,raw_ocr,medium,3,559,,dictionary/F/F-01.md,hz-013105-fan-shaped,sources/Hezareh_Dictionary_Index/source/Hezareh_Part_03_PDF_0501-0750.md#L6695-L6696,True
fanatical,fanatical,fanatical,[],hz-013087,entry_candidate,raw_ocr,medium,3,558,,dictionary/F/F-01.md,hz-013087-fanatical,sources/Hezareh_Dictionary_Index/source/Hezareh_Part_03_PDF_0501-0750.md#L6589-L6592,True
fanaticism,fanaticism,fanaticism,[],hz-013088,entry_candidate,raw_ocr,medium,3,558,,dictionary/F/F-01.md,hz-013088-fanaticism,sources/Hezareh_Dictionary_Index/source/Hezareh_Part_03_PDF_0501-0750.md#L6593-L6595,True
fancier,fancier,fancier,[],hz-013090,entry_candidate,raw_ocr,medium,3,558,,dictionary/F/F-01.md,hz-013090-fancier,sources/Hezareh_Dictionary_Index/source/Hezareh_Part_03_PDF_0501-0750.md#L6596-L6597,True
fanciful,fanciful,fanciful,[],hz-013091,entry_candidate,raw_ocr,medium,3,558,,dictionary/F/F-01.md,hz-013091-fanciful,sources/Hezareh_Dictionary_Index/source/Hezareh_Part_03_PDF_0501-0750.md#L6598-L6606,True
fancy,fancy,fancy,[],hz-013094,entry_candidate,raw_ocr,high,3,558,,dictionary/F/F-01.md,hz-013094-fancy,sources/Hezareh_Dictionary_Index/source/Hezareh_Part_03_PDF_0501-0750.md#L6653-L6654,True
fancy dress,fancy dress,fancy dress,[],hz-013097,entry_candidate,raw_ocr,high,3,558,,dictionary/F/F-01.md,hz-013097-fancy-dress,sources/Hezareh_Dictionary_Index/source/Hezareh_Part_03_PDF_0501-0750.md#L6653-L6654,True
fancy dress ball,fancy dress ball,fancy dress ball,[],hz-013098,entry_candidate,raw_ocr,high,3,558,,dictionary/F/F-01.md,hz-013098-fancy-dress-ball,sources/Hezareh_Dictionary_Index/source/Hezareh_Part_03_PDF_0501-0750.md#L6655-L6657,True
fancy goods,fancy goods,fancy goods,[],hz-013099,entry_candidate,raw_ocr,high,3,558,,dictionary/F/F-01.md,hz-013099-fancy-goods,sources/Hezareh_Dictionary_Index/source/Hezareh_Part_03_PDF_0501-0750.md#L6658-L6659,True
fancy woman,fancy woman,fancy woman,[],hz-013095,entry_candidate,raw_ocr,high,3,558,,dictionary/F/F-01.md,hz-013095-fancy-woman,sources/Hezareh_Dictionary_Index/source/Hezareh_Part_03_PDF_0501-0750.md#L6660-L6662,True
fandango,fandango,fandango,[],hz-013100,entry_candidate,raw_ocr,high,3,558,,dictionary/F/F-01.md,hz-013100-fandango,sources/Hezareh_Dictionary_Index/source/Hezareh_Part_03_PDF_0501-0750.md#L6663-L6666,True
fanfare,fanfare,fanfare,[],hz-013096,entry_candidate,raw_ocr,high,3,558,,dictionary/F/F-01.md,hz-013096-fanfare,sources/Hezareh_Dictionary_Index/source/Hezareh_Part_03_PDF_0501-0750.md#L6667-L6671,True
fanfight,fanfight,fanfight,[],hz-013102,entry_candidate,raw_ocr,hint_only,3,559,,dictionary/F/F-01.md,hz-013102-fanfight,sources/Hezareh_Dictionary_Index/source/Hezareh_Part_03_PDF_0501-0750.md#L6680-L6680,False
fanny,fanny,fanny,[],hz-013104,entry_candidate,raw_ocr,medium,3,559,,dictionary/F/F-01.md,hz-013104-fanny,sources/Hezareh_Dictionary_Index/source/Hezareh_Part_03_PDF_0501-0750.md#L6693-L6694,True
fantail,fantail,fantail,[],hz-013106,entry_candidate,raw_ocr,medium,3,559,,dictionary/F/F-01.md,hz-013106-fantail,sources/Hezareh_Dictionary_Index/source/Hezareh_Part_03_PDF_0501-0750.md#L6697-L6697,True
fantail pigeon,fantail pigeon,fantail pigeon,[],hz-013107,entry_candidate,raw_ocr,low,3,559,,dictionary/F/F-01.md,hz-013107-fantail-pigeon,sources/Hezareh_Dictionary_Index/source/Hezareh_Part_03_PDF_0501-0750.md#L6697-L6697,True
fantan,fantan,fantan,[],hz-013108,entry_candidate,raw_ocr,medium,3,559,,dictionary/F/F-01.md,hz-013108-fantan,sources/Hezareh_Dictionary_Index/source/Hezareh_Part_03_PDF_0501-0750.md#L6698-L6699,True
fantasia,fantasia,fantasia,[],hz-013109,entry_candidate,raw_ocr,medium,3,559,,dictionary/F/F-01.md,hz-013109-fantasia,sources/Hezareh_Dictionary_Index/source/Hezareh_Part_03_PDF_0501-0750.md#L6700-L6701,True
fantasise,fantasise,fantasise,[],hz-013110,entry_candidate,raw_ocr,high,3,559,,dictionary/F/F-01.md,hz-013110-fantasise,sources/Hezareh_Dictionary_Index/source/Hezareh_Part_03_PDF_0501-0750.md#L6702-L6702,True
fantasist,fantasist,fantasist,[],hz-013111,entry_candidate,raw_ocr,medium,3,559,,dictionary/F/F-01.md,hz-013111-fantasist,sources/Hezareh_Dictionary_Index/source/Hezareh_Part_03_PDF_0501-0750.md#L6703-L6705,True
fantasize,fantasize,fantasize,[],hz-013112,entry_candidate,raw_ocr,low,3,559,,dictionary/F/F-01.md,hz-013112-fantasize,sources/Hezareh_Dictionary_Index/source/Hezareh_Part_03_PDF_0501-0750.md#L6702-L6702,True
fantastic,fantastic,fantastic,[],hz-013113,entry_candidate,raw_ocr,medium,3,559,,dictionary/F/F-01.md,hz-013113-fantastic,sources/Hezareh_Dictionary_Index/source/Hezareh_Part_03_PDF_0501-0750.md#L6706-L6713,True
fantastically,fantastically,fantastically,[],hz-013114,entry_candidate,raw_ocr,medium,3,559,,dictionary/F/F-01.md,hz-013114-fantastically,sources/Hezareh_Dictionary_Index/source/Hezareh_Part_03_PDF_0501-0750.md#L6714-L6716,True
fantasy,fantasy,fantasy,[],hz-013115,entry_candidate,raw_ocr,medium,3,559,,dictionary/F/F-01.md,hz-013115-fantasy,sources/Hezareh_Dictionary_Index/source/Hezareh_Part_03_PDF_0501-0750.md#L6717-L6720,True
fanzine,fanzine,fanzine,[],hz-013117,entry_candidate,raw_ocr,medium,3,559,,dictionary/F/F-01.md,hz-013117-fanzine,sources/Hezareh_Dictionary_Index/source/Hezareh_Part_03_PDF_0501-0750.md#L6722-L6747,True
far,far,far,[],hz-038492,entry_candidate,raw_ocr,medium,8,1941,,dictionary/F/F-01.md,hz-038492-far,sources/Hezareh_Dictionary_Index/source/Hezareh_Part_08_PDF_1751-1976.md#L22525-L22531,True
far and near,far and near,far and near,[],hz-013120,entry_candidate,raw_ocr,medium,3,559,,dictionary/F/F-01.md,hz-013120-far-and-near,sources/Hezareh_Dictionary_Index/source/Hezareh_Part_03_PDF_0501-0750.md#L6765-L6790,True
far I farther,far i farther,far i farther,[],hz-000606,entry_candidate,raw_ocr,hint_only,1,28,,dictionary/F/F-01.md,hz-000606-far-i-farther,sources/Hezareh_Dictionary_Index/source/Hezareh_Part_01_PDF_0001-0250.md#L3380-L3380,False
far in,far in,far in,[],hz-013121,entry_candidate,raw_ocr,medium,3,560,,dictionary/F/F-01.md,hz-013121-far-in,sources/Hezareh_Dictionary_Index/source/Hezareh_Part_03_PDF_0501-0750.md#L6811-L6813,True
far out,far out,far out,[],hz-013141,entry_candidate,raw_ocr,medium,3,561,,dictionary/F/F-01.md,hz-013141-far-out,sources/Hezareh_Dictionary_Index/source/Hezareh_Part_03_PDF_0501-0750.md#L6924-L6929,True
Far West,far west,far west,[],hz-013152,entry_candidate,raw_ocr,high,3,561,,dictionary/F/F-01.md,hz-013152-far-west,sources/Hezareh_Dictionary_Index/source/Hezareh_Part_03_PDF_0501-0750.md#L6971-L6972,True
far-famed,far-famed,far-famed,[],hz-013128,entry_candidate,raw_ocr,high,3,560,,dictionary/F/F-01.md,hz-013128-far-famed,sources/Hezareh_Dictionary_Index/source/Hezareh_Part_03_PDF_0501-0750.md#L6868-L6872,True
far-flung,far-flung,far-flung,[],hz-013129,entry_candidate,raw_ocr,high,3,560,,dictionary/F/F-01.md,hz-013129-far-flung,sources/Hezareh_Dictionary_Index/source/Hezareh_Part_03_PDF_0501-0750.md#L6873-L6874,True
far-gone,far-gone,far-gone,[],hz-013130,entry_candidate,raw_ocr,high,3,560,,dictionary/F/F-01.md,hz-013130-far-gone,sources/Hezareh_Dictionary_Index/source/Hezareh_Part_03_PDF_0501-0750.md#L6875-L6877,True
far-off,far-off,far-off,[],hz-013140,entry_candidate,raw_ocr,medium,3,561,,dictionary/F/F-01.md,hz-013140-far-off,sources/Hezareh_Dictionary_Index/source/Hezareh_Part_03_PDF_0501-0750.md#L6922-L6923,True
far-reachlnq,far-reachlnq,far-reachlnq,[],hz-013142,entry_candidate,raw_ocr,hint_only,3,561,,dictionary/F/F-01.md,hz-013142-far-reachlnq,sources/Hezareh_Dictionary_Index/source/Hezareh_Part_03_PDF_0501-0750.md#L6908-L6908,False
far-seeing,far-seeing,far-seeing,[],hz-013145,entry_candidate,raw_ocr,medium,3,561,,dictionary/F/F-01.md,hz-013145-far-seeing,sources/Hezareh_Dictionary_Index/source/Hezareh_Part_03_PDF_0501-0750.md#L6934-L6936,True
far-sighted,far-sighted,far-sighted,[],hz-013146,entry_candidate,raw_ocr,medium,3,561,,dictionary/F/F-01.md,hz-013146-far-sighted,sources/Hezareh_Dictionary_Index/source/Hezareh_Part_03_PDF_0501-0750.md#L6937-L6939,True
far-sightednesS,far-sightedness,far-sightedness,[],hz-013147,entry_candidate,raw_ocr,medium,3,561,,dictionary/F/F-01.md,hz-013147-far-sightedness,sources/Hezareh_Dictionary_Index/source/Hezareh_Part_03_PDF_0501-0750.md#L6940-L6945,True
faraway,faraway,faraway,[],hz-013123,entry_candidate,raw_ocr,medium,3,560,,dictionary/F/F-01.md,hz-013123-faraway,sources/Hezareh_Dictionary_Index/source/Hezareh_Part_03_PDF_0501-0750.md#L6819-L6821,True
farce,farce,farce,[],hz-013124,entry_candidate,raw_ocr,medium,3,560,,dictionary/F/F-01.md,hz-013124-farce,sources/Hezareh_Dictionary_Index/source/Hezareh_Part_03_PDF_0501-0750.md#L6822-L6824,True
farcical,farcical,farcical,[],hz-013125,entry_candidate,raw_ocr,medium,3,560,,dictionary/F/F-01.md,hz-013125-farcical,sources/Hezareh_Dictionary_Index/source/Hezareh_Part_03_PDF_0501-0750.md#L6825-L6827,True
farcically,farcically,farcically,[],hz-013126,entry_candidate,raw_ocr,medium,3,560,,dictionary/F/F-01.md,hz-013126-farcically,sources/Hezareh_Dictionary_Index/source/Hezareh_Part_03_PDF_0501-0750.md#L6828-L6832,True
fare,fare,fare,[],hz-013127,entry_candidate,raw_ocr,medium,3,560,,dictionary/F/F-01.md,hz-013127-fare,sources/Hezareh_Dictionary_Index/source/Hezareh_Part_03_PDF_0501-0750.md#L6833-L6867,True
farinaceOUS,farinaceous,farinaceous,[],hz-013131,entry_candidate,raw_ocr,high,3,560,,dictionary/F/F-01.md,hz-013131-farinaceous,sources/Hezareh_Dictionary_Index/source/Hezareh_Part_03_PDF_0501-0750.md#L6878-L6879,True
farm,farm,farm,[],hz-013132,entry_candidate,raw_ocr,high,3,560,,dictionary/F/F-01.md,hz-013132-farm,sources/Hezareh_Dictionary_Index/source/Hezareh_Part_03_PDF_0501-0750.md#L6880-L6893,True
farmer,farmer,farmer,[],hz-013133,entry_candidate,raw_ocr,high,3,560,,dictionary/F/F-01.md,hz-013133-farmer,sources/Hezareh_Dictionary_Index/source/Hezareh_Part_03_PDF_0501-0750.md#L6894-L6894,True
farmhand,farmhand,farmhand,[],hz-013134,entry_candidate,raw_ocr,high,3,560,,dictionary/F/F-01.md,hz-013134-farmhand,sources/Hezareh_Dictionary_Index/source/Hezareh_Part_03_PDF_0501-0750.md#L6895-L6896,True
farmhouse,farmhouse,farmhouse,[],hz-013135,entry_candidate,raw_ocr,high,3,560,,dictionary/F/F-01.md,hz-013135-farmhouse,sources/Hezareh_Dictionary_Index/source/Hezareh_Part_03_PDF_0501-0750.md#L6897-L6898,True
farming,farming,farming,[],hz-013136,entry_candidate,raw_ocr,high,3,560,,dictionary/F/F-01.md,hz-013136-farming,sources/Hezareh_Dictionary_Index/source/Hezareh_Part_03_PDF_0501-0750.md#L6899-L6904,True
farmland,farmland,farmland,[],hz-013137,entry_candidate,raw_ocr,medium,3,561,,dictionary/F/F-01.md,hz-013137-farmland,sources/Hezareh_Dictionary_Index/source/Hezareh_Part_03_PDF_0501-0750.md#L6918-L6919,True
farmstead,farmstead,farmstead,[],hz-013138,entry_candidate,raw_ocr,high,3,561,,dictionary/F/F-01.md,hz-013138-farmstead,sources/Hezareh_Dictionary_Index/source/Hezareh_Part_03_PDF_0501-0750.md#L6920-L6920,True
farmyard,farmyard,farmyard,[],hz-013139,entry_candidate,raw_ocr,medium,3,561,,dictionary/F/F-01.md,hz-013139-farmyard,sources/Hezareh_Dictionary_Index/source/Hezareh_Part_03_PDF_0501-0750.md#L6921-L6921,True
farrier,farrier,farrier,[],hz-013143,entry_candidate,raw_ocr,high,3,561,,dictionary/F/F-01.md,hz-013143-farrier,sources/Hezareh_Dictionary_Index/source/Hezareh_Part_03_PDF_0501-0750.md#L6930-L6930,True
farrow,farrow,farrow,[],hz-013144,entry_candidate,raw_ocr,medium,3,561,,dictionary/F/F-01.md,hz-013144-farrow,sources/Hezareh_Dictionary_Index/source/Hezareh_Part_03_PDF_0501-0750.md#L6931-L6933,True
fart,fart,fart,[],hz-013148,entry_candidate,raw_ocr,medium,3,561,,dictionary/F/F-01.md,hz-013148-fart,sources/Hezareh_Dictionary_Index/source/Hezareh_Part_03_PDF_0501-0750.md#L6946-L6948,True
fart about,fart about,fart about,[],hz-013149,entry_candidate,raw_ocr,medium,3,561,,dictionary/F/F-01.md,hz-013149-fart-about,sources/Hezareh_Dictionary_Index/source/Hezareh_Part_03_PDF_0501-0750.md#L6946-L6948,True
farther,farther,farther,[],hz-013150,entry_candidate,raw_ocr,high,3,561,,dictionary/F/F-01.md,hz-013150-farther,sources/Hezareh_Dictionary_Index/source/Hezareh_Part_03_PDF_0501-0750.md#L6949-L6962,True
farthing,farthing,farthing,[],hz-013161,entry_candidate,raw_ocr,low,3,561,,dictionary/F/F-01.md,hz-013161-farthing,sources/Hezareh_Dictionary_Index/source/Hezareh_Part_03_PDF_0501-0750.md#L6963-L6968,True
fascia,fascia,fascia,[],hz-013153,entry_candidate,raw_ocr,medium,3,561,,dictionary/F/F-01.md,hz-013153-fascia,sources/Hezareh_Dictionary_Index/source/Hezareh_Part_03_PDF_0501-0750.md#L6973-L6974,True
fascinate,fascinate,fascinate,[],hz-013154,entry_candidate,raw_ocr,low,3,561,,dictionary/F/F-01.md,hz-013154-fascinate,sources/Hezareh_Dictionary_Index/source/Hezareh_Part_03_PDF_0501-0750.md#L6975-L6980,True
fascinating,fascinating,fascinating,[],hz-013155,entry_candidate,raw_ocr,medium,3,561,,dictionary/F/F-01.md,hz-013155-fascinating,sources/Hezareh_Dictionary_Index/source/Hezareh_Part_03_PDF_0501-0750.md#L6981-L6983,True
fascinatingly,fascinatingly,fascinatingly,[],hz-013156,entry_candidate,raw_ocr,medium,3,561,,dictionary/F/F-01.md,hz-013156-fascinatingly,sources/Hezareh_Dictionary_Index/source/Hezareh_Part_03_PDF_0501-0750.md#L6984-L6986,True
fascination,fascination,fascination,[],hz-013157,entry_candidate,raw_ocr,medium,3,561,,dictionary/F/F-02.md,hz-013157-fascination,sources/Hezareh_Dictionary_Index/source/Hezareh_Part_03_PDF_0501-0750.md#L6987-L6989,True
fascism,fascism,fascism,[],hz-013158,entry_candidate,raw_ocr,medium,3,561,,dictionary/F/F-02.md,hz-013158-fascism,sources/Hezareh_Dictionary_Index/source/Hezareh_Part_03_PDF_0501-0750.md#L6990-L6994,True
fascist,fascist,fascist,[],hz-013159,entry_candidate,raw_ocr,hint_only,3,561,,dictionary/F/F-02.md,hz-013159-fascist,sources/Hezareh_Dictionary_Index/source/Hezareh_Part_03_PDF_0501-0750.md#L6908-L6908,False
fashion,fashion,fashion,[],hz-013160,entry_candidate,raw_ocr,medium,3,561,,dictionary/F/F-02.md,hz-013160-fashion,sources/Hezareh_Dictionary_Index/source/Hezareh_Part_03_PDF_0501-0750.md#L6995-L7016,True
fashion designer,fashion designer,fashion designer,[],hz-013164,entry_candidate,raw_ocr,medium,3,562,,dictionary/F/F-02.md,hz-013164-fashion-designer,sources/Hezareh_Dictionary_Index/source/Hezareh_Part_03_PDF_0501-0750.md#L7042-L7042,True
fashion house,fashion house,fashion house,[],hz-013165,entry_candidate,raw_ocr,medium,3,562,,dictionary/F/F-02.md,hz-013165-fashion-house,sources/Hezareh_Dictionary_Index/source/Hezareh_Part_03_PDF_0501-0750.md#L7043-L7044,True
fashion parade,fashion parade,fashion parade,[],hz-013166,entry_candidate,raw_ocr,hint_only,3,562,,dictionary/F/F-02.md,hz-013166-fashion-parade,sources/Hezareh_Dictionary_Index/source/Hezareh_Part_03_PDF_0501-0750.md#L7020-L7020,False
fashion plate,fashion plate,fashion plate,[],hz-013167,entry_candidate,raw_ocr,medium,3,562,,dictionary/F/F-02.md,hz-013167-fashion-plate,sources/Hezareh_Dictionary_Index/source/Hezareh_Part_03_PDF_0501-0750.md#L7045-L7047,True
fashion show,fashion show,fashion show,[],hz-013168,entry_candidate,raw_ocr,medium,3,562,,dictionary/F/F-02.md,hz-013168-fashion-show,sources/Hezareh_Dictionary_Index/source/Hezareh_Part_03_PDF_0501-0750.md#L7048-L7069,True
fashion-consciouS,fashion-conscious,fashion-conscious,[],hz-013163,entry_candidate,raw_ocr,high,3,562,,dictionary/F/F-02.md,hz-013163-fashion-conscious,sources/Hezareh_Dictionary_Index/source/Hezareh_Part_03_PDF_0501-0750.md#L7040-L7041,True
fashionably,fashionably,fashionably,[],hz-013162,entry_candidate,raw_ocr,low,3,562,,dictionary/F/F-02.md,hz-013162-fashionably,sources/Hezareh_Dictionary_Index/source/Hezareh_Part_03_PDF_0501-0750.md#L7038-L7039,True
fast,fast,fast,[],hz-013169,entry_candidate,raw_ocr,high,3,562,,dictionary/F/F-02.md,hz-013169-fast,sources/Hezareh_Dictionary_Index/source/Hezareh_Part_03_PDF_0501-0750.md#L7070-L7104,True
fast breeder,fast breeder,fast breeder,[],hz-013170,entry_candidate,raw_ocr,high,3,562,,dictionary/F/F-02.md,hz-013170-fast-breeder,sources/Hezareh_Dictionary_Index/source/Hezareh_Part_03_PDF_0501-0750.md#L7105-L7106,True
fast breeder reactor,fast breeder reactor,fast breeder reactor,[],hz-013171,entry_candidate,raw_ocr,high,3,562,,dictionary/F/F-02.md,hz-013171-fast-breeder-reactor,sources/Hezareh_Dictionary_Index/source/Hezareh_Part_03_PDF_0501-0750.md#L7107-L7108,True
fast food,fast food,fast food,[],hz-013177,entry_candidate,raw_ocr,medium,3,563,,dictionary/F/F-02.md,hz-013177-fast-food,sources/Hezareh_Dictionary_Index/source/Hezareh_Part_03_PDF_0501-0750.md#L7152-L7153,True
fast-forward,fast-forward,fast-forward,[],hz-013178,entry_candidate,raw_ocr,medium,3,563,,dictionary/F/F-02.md,hz-013178-fast-forward,sources/Hezareh_Dictionary_Index/source/Hezareh_Part_03_PDF_0501-0750.md#L7154-L7160,True
fasten,fasten,fasten,[],hz-013172,entry_candidate,raw_ocr,high,3,562,,dictionary/F/F-02.md,hz-013172-fasten,sources/Hezareh_Dictionary_Index/source/Hezareh_Part_03_PDF_0501-0750.md#L7109-L7112,True
fasten on,fasten on,fasten on,[],hz-013173,entry_candidate,raw_ocr,high,3,562,,dictionary/F/F-02.md,hz-013173-fasten-on,sources/Hezareh_Dictionary_Index/source/Hezareh_Part_03_PDF_0501-0750.md#L7113-L7118,True
fasten oneself on,fasten oneself on,fasten oneself on,[],hz-013174,entry_candidate,raw_ocr,high,3,562,,dictionary/F/F-02.md,hz-013174-fasten-oneself-on,sources/Hezareh_Dictionary_Index/source/Hezareh_Part_03_PDF_0501-0750.md#L7119-L7130,True
fastener,fastener,fastener,[],hz-013175,entry_candidate,raw_ocr,high,3,563,,dictionary/F/F-02.md,hz-013175-fastener,sources/Hezareh_Dictionary_Index/source/Hezareh_Part_03_PDF_0501-0750.md#L7143-L7147,True
fastening,fastening,fastening,[],hz-013176,entry_candidate,raw_ocr,high,3,563,,dictionary/F/F-02.md,hz-013176-fastening,sources/Hezareh_Dictionary_Index/source/Hezareh_Part_03_PDF_0501-0750.md#L7148-L7151,True
fastidiously,fastidiously,fastidiously,[],hz-013180,entry_candidate,raw_ocr,medium,3,563,,dictionary/F/F-02.md,hz-013180-fastidiously,sources/Hezareh_Dictionary_Index/source/Hezareh_Part_03_PDF_0501-0750.md#L7161-L7165,True
fastidlous,fastidlous,fastidlous,[],hz-013179,entry_candidate,raw_ocr,hint_only,3,563,,dictionary/F/F-02.md,hz-013179-fastidlous,sources/Hezareh_Dictionary_Index/source/Hezareh_Part_03_PDF_0501-0750.md#L7134-L7134,False
fastness,fastness,fastness,[],hz-013181,entry_candidate,raw_ocr,medium,3,563,,dictionary/F/F-02.md,hz-013181-fastness,sources/Hezareh_Dictionary_Index/source/Hezareh_Part_03_PDF_0501-0750.md#L7166-L7209,True
fat cat,fat cat,fat cat,[],hz-013189,entry_candidate,raw_ocr,hint_only,3,563,,dictionary/F/F-02.md,hz-013189-fat-cat,sources/Hezareh_Dictionary_Index/source/Hezareh_Part_03_PDF_0501-0750.md#L7134-L7134,False
fat-head,fat-head,fat-head,[],hz-013193,entry_candidate,raw_ocr,medium,3,564,,dictionary/F/F-02.md,hz-013193-fat-head,sources/Hezareh_Dictionary_Index/source/Hezareh_Part_03_PDF_0501-0750.md#L7271-L7312,True
fat-headed,fat-headed,fat-headed,[],hz-013194,entry_candidate,raw_ocr,hint_only,3,564,,dictionary/F/F-02.md,hz-013194-fat-headed,sources/Hezareh_Dictionary_Index/source/Hezareh_Part_03_PDF_0501-0750.md#L7248-L7248,False
fatal,fatal,fatal,[],hz-013183,entry_candidate,raw_ocr,low,3,563,,dictionary/F/F-02.md,hz-013183-fatal,sources/Hezareh_Dictionary_Index/source/Hezareh_Part_03_PDF_0501-0750.md#L7217-L7220,True
fatalism,fatalism,fatalism,[],hz-013184,entry_candidate,raw_ocr,low,3,563,,dictionary/F/F-02.md,hz-013184-fatalism,sources/Hezareh_Dictionary_Index/source/Hezareh_Part_03_PDF_0501-0750.md#L7221-L7222,True
fatalist,fatalist,fatalist,[],hz-013185,entry_candidate,raw_ocr,medium,3,563,,dictionary/F/F-02.md,hz-013185-fatalist,sources/Hezareh_Dictionary_Index/source/Hezareh_Part_03_PDF_0501-0750.md#L7223-L7223,True
fatalistiC,fatalistic,fatalistic,[],hz-013186,entry_candidate,raw_ocr,low,3,563,,dictionary/F/F-02.md,hz-013186-fatalistic,sources/Hezareh_Dictionary_Index/source/Hezareh_Part_03_PDF_0501-0750.md#L7224-L7230,True
fatality I fo'nelou,fatality i fo'nelou,fatality i fo'nelou,[],hz-013187,entry_candidate,raw_ocr,hint_only,3,563,,dictionary/F/F-02.md,hz-013187-fatality-i-fo-nelou,sources/Hezareh_Dictionary_Index/source/Hezareh_Part_03_PDF_0501-0750.md#L7134-L7134,False
fatally,fatally,fatally,[],hz-013188,entry_candidate,raw_ocr,medium,3,563,,dictionary/F/F-02.md,hz-013188-fatally,sources/Hezareh_Dictionary_Index/source/Hezareh_Part_03_PDF_0501-0750.md#L7231-L7234,True
fate,fate,fate,[],hz-013190,entry_candidate,raw_ocr,medium,3,563,,dictionary/F/F-02.md,hz-013190-fate,sources/Hezareh_Dictionary_Index/source/Hezareh_Part_03_PDF_0501-0750.md#L7235-L7244,True
fated,fated,fated,[],hz-013191,entry_candidate,raw_ocr,low,3,564,,dictionary/F/F-02.md,hz-013191-fated,sources/Hezareh_Dictionary_Index/source/Hezareh_Part_03_PDF_0501-0750.md#L7259-L7266,True
fatefully,fatefully,fatefully,[],hz-013192,entry_candidate,raw_ocr,medium,3,564,,dictionary/F/F-02.md,hz-013192-fatefully,sources/Hezareh_Dictionary_Index/source/Hezareh_Part_03_PDF_0501-0750.md#L7267-L7270,True
Father Christmas,father christmas,father christmas,[],hz-013196,entry_candidate,raw_ocr,high,3,564,,dictionary/F/F-02.md,hz-013196-father-christmas,sources/Hezareh_Dictionary_Index/source/Hezareh_Part_03_PDF_0501-0750.md#L7313-L7313,True
Father Time,father time,father time,[],hz-013204,entry_candidate,raw_ocr,hint_only,3,564,,dictionary/F/F-02.md,hz-013204-father-time,sources/Hezareh_Dictionary_Index/source/Hezareh_Part_03_PDF_0501-0750.md#L7248-L7248,False
Father's Day,father's day,father's day,[],hz-013203,entry_candidate,raw_ocr,high,3,564,,dictionary/F/F-02.md,hz-013203-father-s-day,sources/Hezareh_Dictionary_Index/source/Hezareh_Part_03_PDF_0501-0750.md#L7325-L7333,True
father-figure,father-figure,father-figure,[],hz-013197,entry_candidate,raw_ocr,high,3,564,,dictionary/F/F-02.md,hz-013197-father-figure,sources/Hezareh_Dictionary_Index/source/Hezareh_Part_03_PDF_0501-0750.md#L7314-L7316,True
father-in-law,father-in-law,father-in-law,[],hz-013198,entry_candidate,raw_ocr,high,3,564,,dictionary/F/F-02.md,hz-013198-father-in-law,sources/Hezareh_Dictionary_Index/source/Hezareh_Part_03_PDF_0501-0750.md#L7319-L7320,True
fatherhood,fatherhood,fatherhood,[],hz-013199,entry_candidate,raw_ocr,high,3,564,,dictionary/F/F-02.md,hz-013199-fatherhood,sources/Hezareh_Dictionary_Index/source/Hezareh_Part_03_PDF_0501-0750.md#L7317-L7318,True
fatherland,fatherland,fatherland,[],hz-013200,entry_candidate,raw_ocr,high,3,564,,dictionary/F/F-02.md,hz-013200-fatherland,sources/Hezareh_Dictionary_Index/source/Hezareh_Part_03_PDF_0501-0750.md#L7321-L7322,True
fatherless,fatherless,fatherless,[],hz-013201,entry_candidate,raw_ocr,high,3,564,,dictionary/F/F-02.md,hz-013201-fatherless,sources/Hezareh_Dictionary_Index/source/Hezareh_Part_03_PDF_0501-0750.md#L7323-L7323,True
fatherly,fatherly,fatherly,[],hz-013202,entry_candidate,raw_ocr,high,3,564,,dictionary/F/F-02.md,hz-013202-fatherly,sources/Hezareh_Dictionary_Index/source/Hezareh_Part_03_PDF_0501-0750.md#L7324-L7324,True
fathom i'freoom,fathom i'freoom,fathom i'freoom,[],hz-013205,entry_candidate,raw_ocr,hint_only,3,564,,dictionary/F/F-02.md,hz-013205-fathom-i-freoom,sources/Hezareh_Dictionary_Index/source/Hezareh_Part_03_PDF_0501-0750.md#L7248-L7248,False
fathomless,fathomless,fathomless,[],hz-013206,entry_candidate,raw_ocr,high,3,564,,dictionary/F/F-02.md,hz-013206-fathomless,sources/Hezareh_Dictionary_Index/source/Hezareh_Part_03_PDF_0501-0750.md#L7334-L7341,True
fatigue dress,fatigue dress,fatigue dress,[],hz-013208,entry_candidate,raw_ocr,high,3,564,,dictionary/F/F-02.md,hz-013208-fatigue-dress,sources/Hezareh_Dictionary_Index/source/Hezareh_Part_03_PDF_0501-0750.md#L7346-L7346,True
fatigue duty,fatigue duty,fatigue duty,[],hz-013209,entry_candidate,raw_ocr,high,3,564,,dictionary/F/F-02.md,hz-013209-fatigue-duty,sources/Hezareh_Dictionary_Index/source/Hezareh_Part_03_PDF_0501-0750.md#L7347-L7348,True
fatigue limit,fatigue limit,fatigue limit,[],hz-013210,entry_candidate,raw_ocr,high,3,564,,dictionary/F/F-02.md,hz-013210-fatigue-limit,sources/Hezareh_Dictionary_Index/source/Hezareh_Part_03_PDF_0501-0750.md#L7349-L7349,True
fatigue party,fatigue party,fatigue party,[],hz-013211,entry_candidate,raw_ocr,high,3,564,,dictionary/F/F-02.md,hz-013211-fatigue-party,sources/Hezareh_Dictionary_Index/source/Hezareh_Part_03_PDF_0501-0750.md#L7350-L7350,True
fatigued,fatigued,fatigued,[],hz-013207,entry_candidate,raw_ocr,high,3,564,,dictionary/F/F-02.md,hz-013207-fatigued,sources/Hezareh_Dictionary_Index/source/Hezareh_Part_03_PDF_0501-0750.md#L7342-L7345,True
fatless,fatless,fatless,[],hz-013212,entry_candidate,raw_ocr,high,3,564,,dictionary/F/F-02.md,hz-013212-fatless,sources/Hezareh_Dictionary_Index/source/Hezareh_Part_03_PDF_0501-0750.md#L7351-L7351,True
fatness,fatness,fatness,[],hz-013213,entry_candidate,raw_ocr,high,3,564,,dictionary/F/F-02.md,hz-013213-fatness,sources/Hezareh_Dictionary_Index/source/Hezareh_Part_03_PDF_0501-0750.md#L7352-L7352,True
fatstock,fatstock,fatstock,[],hz-013214,entry_candidate,raw_ocr,high,3,564,,dictionary/F/F-02.md,hz-013214-fatstock,sources/Hezareh_Dictionary_Index/source/Hezareh_Part_03_PDF_0501-0750.md#L7353-L7358,True
fattening,fattening,fattening,[],hz-013217,entry_candidate,raw_ocr,high,3,565,,dictionary/F/F-02.md,hz-013217-fattening,sources/Hezareh_Dictionary_Index/source/Hezareh_Part_03_PDF_0501-0750.md#L7388-L7390,True
fattening-up,fattening-up,fattening-up,[],hz-013218,entry_candidate,raw_ocr,high,3,565,,dictionary/F/F-02.md,hz-013218-fattening-up,sources/Hezareh_Dictionary_Index/source/Hezareh_Part_03_PDF_0501-0750.md#L7391-L7392,True
fattish,fattish,fattish,[],hz-013219,entry_candidate,raw_ocr,high,3,565,,dictionary/F/F-02.md,hz-013219-fattish,sources/Hezareh_Dictionary_Index/source/Hezareh_Part_03_PDF_0501-0750.md#L7393-L7395,True
fatty,fatty,fatty,[],hz-013220,entry_candidate,raw_ocr,high,3,565,,dictionary/F/F-02.md,hz-013220-fatty,sources/Hezareh_Dictionary_Index/source/Hezareh_Part_03_PDF_0501-0750.md#L7396-L7404,True
fatuity,fatuity,fatuity,[],hz-013221,entry_candidate,raw_ocr,high,3,565,,dictionary/F/F-02.md,hz-013221-fatuity,sources/Hezareh_Dictionary_Index/source/Hezareh_Part_03_PDF_0501-0750.md#L7405-L7411,True
fatuous,fatuous,fatuous,[],hz-013222,entry_candidate,raw_ocr,high,3,565,,dictionary/F/F-02.md,hz-013222-fatuous,sources/Hezareh_Dictionary_Index/source/Hezareh_Part_03_PDF_0501-0750.md#L7412-L7426,True
fault,fault,fault,[],hz-013223,entry_candidate,raw_ocr,medium,3,565,,dictionary/F/F-02.md,hz-013223-fault,sources/Hezareh_Dictionary_Index/source/Hezareh_Part_03_PDF_0501-0750.md#L7427-L7439,True
fault-finder,fault-finder,fault-finder,[],hz-013224,entry_candidate,raw_ocr,medium,3,565,,dictionary/F/F-02.md,hz-013224-fault-finder,sources/Hezareh_Dictionary_Index/source/Hezareh_Part_03_PDF_0501-0750.md#L7440-L7443,True
fault-finding,fault-finding,fault-finding,[],hz-013225,entry_candidate,raw_ocr,hint_only,3,565,,dictionary/F/F-02.md,hz-013225-fault-finding,sources/Hezareh_Dictionary_Index/source/Hezareh_Part_03_PDF_0501-0750.md#L7362-L7362,False
faultily,faultily,faultily,[],hz-013226,entry_candidate,raw_ocr,low,3,565,,dictionary/F/F-02.md,hz-013226-faultily,sources/Hezareh_Dictionary_Index/source/Hezareh_Part_03_PDF_0501-0750.md#L7444-L7448,True
faultless,faultless,faultless,[],hz-013215,entry_candidate,raw_ocr,low,3,565,,dictionary/F/F-02.md,hz-013215-faultless,sources/Hezareh_Dictionary_Index/source/Hezareh_Part_03_PDF_0501-0750.md#L7449-L7458,True
faultlessly,faultlessly,faultlessly,[],hz-013216,entry_candidate,raw_ocr,hint_only,3,565,,dictionary/F/F-02.md,hz-013216-faultlessly,sources/Hezareh_Dictionary_Index/source/Hezareh_Part_03_PDF_0501-0750.md#L7362-L7362,False
fauna,fauna,fauna,[],hz-013227,entry_candidate,raw_ocr,medium,3,565,,dictionary/F/F-02.md,hz-013227-fauna,sources/Hezareh_Dictionary_Index/source/Hezareh_Part_03_PDF_0501-0750.md#L7459-L7460,True
faunae,faunae,faunae,[],hz-013228,entry_candidate,raw_ocr,high,3,565,,dictionary/F/F-02.md,hz-013228-faunae,sources/Hezareh_Dictionary_Index/source/Hezareh_Part_03_PDF_0501-0750.md#L7461-L7461,True
faux pas,faux pas,faux pas,[],hz-013229,entry_candidate,raw_ocr,high,3,565,,dictionary/F/F-02.md,hz-013229-faux-pas,sources/Hezareh_Dictionary_Index/source/Hezareh_Part_03_PDF_0501-0750.md#L7462-L7463,True
favor,favor,favor,[],hz-013230,entry_candidate,raw_ocr,high,3,565,,dictionary/F/F-02.md,hz-013230-favor,sources/Hezareh_Dictionary_Index/source/Hezareh_Part_03_PDF_0501-0750.md#L7464-L7464,True
favorable,favorable,favorable,[],hz-013231,entry_candidate,raw_ocr,high,3,565,,dictionary/F/F-02.md,hz-013231-favorable,sources/Hezareh_Dictionary_Index/source/Hezareh_Part_03_PDF_0501-0750.md#L7465-L7465,True
favorably,favorably,favorably,[],hz-013232,entry_candidate,raw_ocr,high,3,565,,dictionary/F/F-02.md,hz-013232-favorably,sources/Hezareh_Dictionary_Index/source/Hezareh_Part_03_PDF_0501-0750.md#L7466-L7466,True
favored,favored,favored,[],hz-013233,entry_candidate,raw_ocr,high,3,565,,dictionary/F/F-02.md,hz-013233-favored,sources/Hezareh_Dictionary_Index/source/Hezareh_Part_03_PDF_0501-0750.md#L7467-L7467,True
favorite,favorite,favorite,[],hz-013234,entry_candidate,raw_ocr,high,3,565,,dictionary/F/F-02.md,hz-013234-favorite,sources/Hezareh_Dictionary_Index/source/Hezareh_Part_03_PDF_0501-0750.md#L7468-L7468,True
favoritism,favoritism,favoritism,[],hz-013235,entry_candidate,raw_ocr,high,3,565,,dictionary/F/F-02.md,hz-013235-favoritism,sources/Hezareh_Dictionary_Index/source/Hezareh_Part_03_PDF_0501-0750.md#L7469-L7496,True
favourable,favourable,favourable,[],hz-013239,entry_candidate,raw_ocr,medium,3,566,,dictionary/F/F-02.md,hz-013239-favourable,sources/Hezareh_Dictionary_Index/source/Hezareh_Part_03_PDF_0501-0750.md#L7535-L7538,True
favourably,favourably,favourably,[],hz-013240,entry_candidate,raw_ocr,medium,3,566,,dictionary/F/F-02.md,hz-013240-favourably,sources/Hezareh_Dictionary_Index/source/Hezareh_Part_03_PDF_0501-0750.md#L7539-L7542,True
favoured,favoured,favoured,[],hz-013241,entry_candidate,raw_ocr,medium,3,566,,dictionary/F/F-02.md,hz-013241-favoured,sources/Hezareh_Dictionary_Index/source/Hezareh_Part_03_PDF_0501-0750.md#L7543-L7546,True
favourite,favourite,favourite,[],hz-013242,entry_candidate,raw_ocr,medium,3,566,,dictionary/F/F-02.md,hz-013242-favourite,sources/Hezareh_Dictionary_Index/source/Hezareh_Part_03_PDF_0501-0750.md#L7547-L7561,True
favouritism,favouritism,favouritism,[],hz-013243,entry_candidate,raw_ocr,high,3,566,,dictionary/F/F-02.md,hz-013243-favouritism,sources/Hezareh_Dictionary_Index/source/Hezareh_Part_03_PDF_0501-0750.md#L7562-L7571,True
fawn on,fawn on,fawn on,[],hz-013244,entry_candidate,raw_ocr,high,3,566,,dictionary/F/F-02.md,hz-013244-fawn-on,sources/Hezareh_Dictionary_Index/source/Hezareh_Part_03_PDF_0501-0750.md#L7572-L7572,True
fax,fax,fax,[],hz-013245,entry_candidate,raw_ocr,high,3,566,,dictionary/F/F-02.md,hz-013245-fax,sources/Hezareh_Dictionary_Index/source/Hezareh_Part_03_PDF_0501-0750.md#L7573-L7578,True
FBI,fbi,fbi,[],hz-013246,entry_candidate,raw_ocr,high,3,566,,dictionary/F/F-02.md,hz-013246-fbi,sources/Hezareh_Dictionary_Index/source/Hezareh_Part_03_PDF_0501-0750.md#L7579-L7580,True
FC,fc,fc,[],hz-013247,entry_candidate,raw_ocr,high,3,566,,dictionary/F/F-02.md,hz-013247-fc,sources/Hezareh_Dictionary_Index/source/Hezareh_Part_03_PDF_0501-0750.md#L7581-L7582,True
FCO,fco,fco,[],hz-013248,entry_candidate,raw_ocr,high,3,566,,dictionary/F/F-02.md,hz-013248-fco,sources/Hezareh_Dictionary_Index/source/Hezareh_Part_03_PDF_0501-0750.md#L7583-L7585,True
fealty,fealty,fealty,[],hz-013249,entry_candidate,raw_ocr,high,3,566,,dictionary/F/F-02.md,hz-013249-fealty,sources/Hezareh_Dictionary_Index/source/Hezareh_Part_03_PDF_0501-0750.md#L7586-L7598,True
fear,fear,fear,[],hz-013252,entry_candidate,raw_ocr,high,3,567,,dictionary/F/F-02.md,hz-013252-fear,sources/Hezareh_Dictionary_Index/source/Hezareh_Part_03_PDF_0501-0750.md#L7623-L7636,True
fearful,fearful,fearful,[],hz-013251,entry_candidate,raw_ocr,medium,3,567,,dictionary/F/F-02.md,hz-013251-fearful,sources/Hezareh_Dictionary_Index/source/Hezareh_Part_03_PDF_0501-0750.md#L7637-L7641,True
fearless,fearless,fearless,[],hz-013253,entry_candidate,raw_ocr,high,3,567,,dictionary/F/F-02.md,hz-013253-fearless,sources/Hezareh_Dictionary_Index/source/Hezareh_Part_03_PDF_0501-0750.md#L7642-L7648,True
fearlessly,fearlessly,fearlessly,[],hz-013254,entry_candidate,raw_ocr,hint_only,3,567,,dictionary/F/F-02.md,hz-013254-fearlessly,sources/Hezareh_Dictionary_Index/source/Hezareh_Part_03_PDF_0501-0750.md#L7614-L7614,False
fearsome,fearsome,fearsome,[],hz-013255,entry_candidate,raw_ocr,medium,3,567,,dictionary/F/F-02.md,hz-013255-fearsome,sources/Hezareh_Dictionary_Index/source/Hezareh_Part_03_PDF_0501-0750.md#L7649-L7650,True
feasibility,feasibility,feasibility,[],hz-013256,entry_candidate,raw_ocr,medium,3,567,,dictionary/F/F-02.md,hz-013256-feasibility,sources/Hezareh_Dictionary_Index/source/Hezareh_Part_03_PDF_0501-0750.md#L7651-L7653,True
feasible,feasible,feasible,[],hz-013257,entry_candidate,raw_ocr,medium,3,567,,dictionary/F/F-02.md,hz-013257-feasible,sources/Hezareh_Dictionary_Index/source/Hezareh_Part_03_PDF_0501-0750.md#L7654-L7666,True
feast one's eyes on sb,feast one's eyes on sb,feast one's eyes on sb,[],hz-013258,entry_candidate,raw_ocr,hint_only,3,567,,dictionary/F/F-02.md,hz-013258-feast-one-s-eyes-on-sb,sources/Hezareh_Dictionary_Index/source/Hezareh_Part_03_PDF_0501-0750.md#L7614-L7614,False
feast-day,feast-day,feast-day,[],hz-013259,entry_candidate,raw_ocr,medium,3,567,,dictionary/F/F-02.md,hz-013259-feast-day,sources/Hezareh_Dictionary_Index/source/Hezareh_Part_03_PDF_0501-0750.md#L7667-L7680,True
feat,feat,feat,[],hz-013260,entry_candidate,raw_ocr,hint_only,3,567,,dictionary/F/F-02.md,hz-013260-feat,sources/Hezareh_Dictionary_Index/source/Hezareh_Part_03_PDF_0501-0750.md#L7614-L7614,False
feather boa,feather boa,feather boa,[],hz-013264,entry_candidate,raw_ocr,low,3,567,,dictionary/F/F-02.md,hz-013264-feather-boa,sources/Hezareh_Dictionary_Index/source/Hezareh_Part_03_PDF_0501-0750.md#L7703-L7703,True
feather-beet,feather-beet,feather-beet,[],hz-013263,entry_candidate,raw_ocr,hint_only,3,567,,dictionary/F/F-02.md,hz-013263-feather-beet,sources/Hezareh_Dictionary_Index/source/Hezareh_Part_03_PDF_0501-0750.md#L7614-L7614,False
feather-brain,feather-brain,feather-brain,[],hz-013265,entry_candidate,raw_ocr,medium,3,567,,dictionary/F/F-02.md,hz-013265-feather-brain,sources/Hezareh_Dictionary_Index/source/Hezareh_Part_03_PDF_0501-0750.md#L7704-L7705,True
feather-brained,feather-brained,feather-brained,[],hz-013266,entry_candidate,raw_ocr,medium,3,567,,dictionary/F/F-02.md,hz-013266-feather-brained,sources/Hezareh_Dictionary_Index/source/Hezareh_Part_03_PDF_0501-0750.md#L7706-L7710,True
feather-edge,feather-edge,feather-edge,[],hz-013267,entry_candidate,raw_ocr,hint_only,3,567,,dictionary/F/F-02.md,hz-013267-feather-edge,sources/Hezareh_Dictionary_Index/source/Hezareh_Part_03_PDF_0501-0750.md#L7614-L7614,False
feathery,feathery,feathery,[],hz-013268,entry_candidate,raw_ocr,medium,3,567,,dictionary/F/F-02.md,hz-013268-feathery,sources/Hezareh_Dictionary_Index/source/Hezareh_Part_03_PDF_0501-0750.md#L7711-L7712,True
feature,feature,feature,[],hz-013269,entry_candidate,raw_ocr,medium,3,567,,dictionary/F/F-02.md,hz-013269-feature,sources/Hezareh_Dictionary_Index/source/Hezareh_Part_03_PDF_0501-0750.md#L7713-L7722,True
Feb,feb,feb,[],hz-013270,entry_candidate,raw_ocr,high,3,568,,dictionary/F/F-02.md,hz-013270-feb,sources/Hezareh_Dictionary_Index/source/Hezareh_Part_03_PDF_0501-0750.md#L7747-L7747,True
febrile,febrile,febrile,[],hz-013271,entry_candidate,raw_ocr,medium,3,568,,dictionary/F/F-02.md,hz-013271-febrile,sources/Hezareh_Dictionary_Index/source/Hezareh_Part_03_PDF_0501-0750.md#L7748-L7751,True
February,february,february,[],hz-013272,entry_candidate,raw_ocr,low,3,568,,dictionary/F/F-02.md,hz-013272-february,sources/Hezareh_Dictionary_Index/source/Hezareh_Part_03_PDF_0501-0750.md#L7747-L7747,True
fecal,fecal,fecal,[],hz-013273,entry_candidate,raw_ocr,high,3,568,,dictionary/F/F-02.md,hz-013273-fecal,sources/Hezareh_Dictionary_Index/source/Hezareh_Part_03_PDF_0501-0750.md#L7752-L7752,True
feces,feces,feces,[],hz-013274,entry_candidate,raw_ocr,high,3,568,,dictionary/F/F-02.md,hz-013274-feces,sources/Hezareh_Dictionary_Index/source/Hezareh_Part_03_PDF_0501-0750.md#L7753-L7753,True
feckleSS,feckless,feckless,[],hz-013275,entry_candidate,raw_ocr,medium,3,568,,dictionary/F/F-02.md,hz-013275-feckless,sources/Hezareh_Dictionary_Index/source/Hezareh_Part_03_PDF_0501-0750.md#L7754-L7757,True
fecklessly,fecklessly,fecklessly,[],hz-013276,entry_candidate,raw_ocr,medium,3,568,,dictionary/F/F-02.md,hz-013276-fecklessly,sources/Hezareh_Dictionary_Index/source/Hezareh_Part_03_PDF_0501-0750.md#L7758-L7759,True
fecklessness,fecklessness,fecklessness,[],hz-013277,entry_candidate,raw_ocr,low,3,568,,dictionary/F/F-02.md,hz-013277-fecklessness,sources/Hezareh_Dictionary_Index/source/Hezareh_Part_03_PDF_0501-0750.md#L7760-L7762,True
fecund,fecund,fecund,[],hz-013278,entry_candidate,raw_ocr,medium,3,568,,dictionary/F/F-02.md,hz-013278-fecund,sources/Hezareh_Dictionary_Index/source/Hezareh_Part_03_PDF_0501-0750.md#L7763-L7765,True
fecundity,fecundity,fecundity,[],hz-013279,entry_candidate,raw_ocr,low,3,568,,dictionary/F/F-02.md,hz-013279-fecundity,sources/Hezareh_Dictionary_Index/source/Hezareh_Part_03_PDF_0501-0750.md#L7766-L7767,True
fed,fed,fed,[],hz-013280,entry_candidate,raw_ocr,high,3,568,,dictionary/F/F-02.md,hz-013280-fed,sources/Hezareh_Dictionary_Index/source/Hezareh_Part_03_PDF_0501-0750.md#L7768-L7774,True
fed up,fed up,fed up,[],hz-013285,entry_candidate,raw_ocr,high,3,568,,dictionary/F/F-02.md,hz-013285-fed-up,sources/Hezareh_Dictionary_Index/source/Hezareh_Part_03_PDF_0501-0750.md#L7802-L7805,True
federalism,federalism,federalism,[],hz-013281,entry_candidate,raw_ocr,high,3,568,,dictionary/F/F-02.md,hz-013281-federalism,sources/Hezareh_Dictionary_Index/source/Hezareh_Part_03_PDF_0501-0750.md#L7775-L7776,True
federalist,federalist,federalist,[],hz-013282,entry_candidate,raw_ocr,medium,3,568,,dictionary/F/F-02.md,hz-013282-federalist,sources/Hezareh_Dictionary_Index/source/Hezareh_Part_03_PDF_0501-0750.md#L7777-L7778,True
federally,federally,federally,[],hz-013283,entry_candidate,raw_ocr,medium,3,568,,dictionary/F/F-02.md,hz-013283-federally,sources/Hezareh_Dictionary_Index/source/Hezareh_Part_03_PDF_0501-0750.md#L7779-L7792,True
federation,federation,federation,[],hz-013284,entry_candidate,raw_ocr,high,3,568,,dictionary/F/F-02.md,hz-013284-federation,sources/Hezareh_Dictionary_Index/source/Hezareh_Part_03_PDF_0501-0750.md#L7793-L7801,True
fee,fee,fee,[],hz-013286,entry_candidate,raw_ocr,high,3,568,,dictionary/F/F-02.md,hz-013286-fee,sources/Hezareh_Dictionary_Index/source/Hezareh_Part_03_PDF_0501-0750.md#L7806-L7836,True
fee tail,fee tail,fee tail,[],hz-013303,entry_candidate,raw_ocr,high,3,570,,dictionary/F/F-02.md,hz-013303-fee-tail,sources/Hezareh_Dictionary_Index/source/Hezareh_Part_03_PDF_0501-0750.md#L8069-L8078,True
fee-paying school,fee-paying school,fee-paying school,[],hz-013301,entry_candidate,raw_ocr,high,3,570,,dictionary/F/F-02.md,hz-013301-fee-paying-school,sources/Hezareh_Dictionary_Index/source/Hezareh_Part_03_PDF_0501-0750.md#L8061-L8068,True
feed,feed,feed,[],hz-013287,entry_candidate,raw_ocr,high,3,569,,dictionary/F/F-02.md,hz-013287-feed,sources/Hezareh_Dictionary_Index/source/Hezareh_Part_03_PDF_0501-0750.md#L7867-L7897,True
feed off,feed off,feed off,[],hz-013288,entry_candidate,raw_ocr,low,3,569,,dictionary/F/F-02.md,hz-013288-feed-off,sources/Hezareh_Dictionary_Index/source/Hezareh_Part_03_PDF_0501-0750.md#L7898-L7907,True
feedback,feedback,feedback,[],hz-013289,entry_candidate,raw_ocr,medium,3,569,,dictionary/F/F-02.md,hz-013289-feedback,sources/Hezareh_Dictionary_Index/source/Hezareh_Part_03_PDF_0501-0750.md#L7908-L7912,True
feedbag,feedbag,feedbag,[],hz-013290,entry_candidate,raw_ocr,medium,3,569,,dictionary/F/F-02.md,hz-013290-feedbag,sources/Hezareh_Dictionary_Index/source/Hezareh_Part_03_PDF_0501-0750.md#L7913-L7914,True
feeder,feeder,feeder,[],hz-013291,entry_candidate,raw_ocr,high,3,569,,dictionary/F/F-02.md,hz-013291-feeder,sources/Hezareh_Dictionary_Index/source/Hezareh_Part_03_PDF_0501-0750.md#L7915-L7930,True
feeding,feeding,feeding,[],hz-013292,entry_candidate,raw_ocr,low,3,569,,dictionary/F/F-02.md,hz-013292-feeding,sources/Hezareh_Dictionary_Index/source/Hezareh_Part_03_PDF_0501-0750.md#L7931-L7933,True
feedpipe,feedpipe,feedpipe,[],hz-013293,entry_candidate,raw_ocr,medium,3,569,,dictionary/F/F-02.md,hz-013293-feedpipe,sources/Hezareh_Dictionary_Index/source/Hezareh_Part_03_PDF_0501-0750.md#L7934-L7934,True
feedstuff,feedstuff,feedstuff,[],hz-013294,entry_candidate,raw_ocr,medium,3,569,,dictionary/F/F-02.md,hz-013294-feedstuff,sources/Hezareh_Dictionary_Index/source/Hezareh_Part_03_PDF_0501-0750.md#L7935-L7937,True
feel,feel,feel,[],hz-020997,entry_candidate,raw_ocr,high,4,926,,dictionary/F/F-02.md,hz-020997-feel,sources/Hezareh_Dictionary_Index/source/Hezareh_Part_04_PDF_0751-1000.md#L20043-L20071,True
feel,feel,feel,[],hz-031918,entry_candidate,raw_ocr,medium,7,1594,,dictionary/F/F-02.md,hz-031918-feel,sources/Hezareh_Dictionary_Index/source/Hezareh_Part_07_PDF_1501-1750.md#L11069-L11081,True
feel,feel,feel,[],hz-035682,entry_candidate,raw_ocr,high,8,1790,,dictionary/F/F-02.md,hz-035682-feel,sources/Hezareh_Dictionary_Index/source/Hezareh_Part_08_PDF_1751-1976.md#L4911-L4912,True
feel below,feel below,feel below,[],hz-025397,entry_candidate,raw_ocr,high,5,1202,,dictionary/F/F-02.md,hz-025397-feel-below,sources/Hezareh_Dictionary_Index/source/Hezareh_Part_05_PDF_1001-1250.md#L23415-L23427,True
feel for,feel for,feel for,[],hz-013296,entry_candidate,raw_ocr,medium,3,569,,dictionary/F/F-02.md,hz-013296-feel-for,sources/Hezareh_Dictionary_Index/source/Hezareh_Part_03_PDF_0501-0750.md#L7967-L7975,True
feel low,feel low,feel low,[],hz-021750,entry_candidate,raw_ocr,high,4,974,,dictionary/F/F-02.md,hz-021750-feel-low,sources/Hezareh_Dictionary_Index/source/Hezareh_Part_04_PDF_0751-1000.md#L25685-L25690,True
feeler,feeler,feeler,[],hz-013298,entry_candidate,raw_ocr,low,3,570,,dictionary/F/F-02.md,hz-013298-feeler,sources/Hezareh_Dictionary_Index/source/Hezareh_Part_03_PDF_0501-0750.md#L8021-L8025,True
feeling,feeling,feeling,[],hz-013299,entry_candidate,raw_ocr,medium,3,570,,dictionary/F/F-02.md,hz-013299-feeling,sources/Hezareh_Dictionary_Index/source/Hezareh_Part_03_PDF_0501-0750.md#L8026-L8039,True
feelingly,feelingly,feelingly,[],hz-013300,entry_candidate,raw_ocr,medium,3,570,,dictionary/F/F-02.md,hz-013300-feelingly,sources/Hezareh_Dictionary_Index/source/Hezareh_Part_03_PDF_0501-0750.md#L8057-L8060,True
feet,feet,feet,[],hz-013302,entry_candidate,raw_ocr,hint_only,3,570,,dictionary/F/F-02.md,hz-013302-feet,sources/Hezareh_Dictionary_Index/source/Hezareh_Part_03_PDF_0501-0750.md#L7979-L7979,False
feficitOUS,feficitous,feficitous,[],hz-013309,entry_candidate,raw_ocr,hint_only,3,570,,dictionary/F/F-02.md,hz-013309-feficitous,sources/Hezareh_Dictionary_Index/source/Hezareh_Part_03_PDF_0501-0750.md#L7979-L7979,False
feign,feign,feign,[],hz-013304,entry_candidate,raw_ocr,low,3,570,,dictionary/F/F-02.md,hz-013304-feign,sources/Hezareh_Dictionary_Index/source/Hezareh_Part_03_PDF_0501-0750.md#L8079-L8079,True
feigned,feigned,feigned,[],hz-013305,entry_candidate,raw_ocr,medium,3,570,,dictionary/F/F-02.md,hz-013305-feigned,sources/Hezareh_Dictionary_Index/source/Hezareh_Part_03_PDF_0501-0750.md#L8080-L8082,True
feint,feint,feint,[],hz-013306,entry_candidate,raw_ocr,medium,3,570,,dictionary/F/F-02.md,hz-013306-feint,sources/Hezareh_Dictionary_Index/source/Hezareh_Part_03_PDF_0501-0750.md#L8083-L8093,True
feldspar,feldspar,feldspar,[],hz-013307,entry_candidate,raw_ocr,high,3,570,,dictionary/F/F-02.md,hz-013307-feldspar,sources/Hezareh_Dictionary_Index/source/Hezareh_Part_03_PDF_0501-0750.md#L8094-L8097,True
felicitate,felicitate,felicitate,[],hz-013308,entry_candidate,raw_ocr,medium,3,570,,dictionary/F/F-02.md,hz-013308-felicitate,sources/Hezareh_Dictionary_Index/source/Hezareh_Part_03_PDF_0501-0750.md#L8098-L8119,True
felicitously,felicitously,felicitously,[],hz-013310,entry_candidate,raw_ocr,high,3,570,,dictionary/F/F-02.md,hz-013310-felicitously,sources/Hezareh_Dictionary_Index/source/Hezareh_Part_03_PDF_0501-0750.md#L8040-L8056,True
felicity,felicity,felicity,[],hz-013311,entry_candidate,raw_ocr,high,3,571,,dictionary/F/F-02.md,hz-013311-felicity,sources/Hezareh_Dictionary_Index/source/Hezareh_Part_03_PDF_0501-0750.md#L8133-L8143,True
fell,fell,fell,[],hz-013312,entry_candidate,raw_ocr,high,3,571,,dictionary/F/F-02.md,hz-013312-fell,sources/Hezareh_Dictionary_Index/source/Hezareh_Part_03_PDF_0501-0750.md#L8144-L8159,True
fella,fella,fella,[],hz-013313,entry_candidate,raw_ocr,high,3,571,,dictionary/F/F-02.md,hz-013313-fella,sources/Hezareh_Dictionary_Index/source/Hezareh_Part_03_PDF_0501-0750.md#L8160-L8161,True
fellah,fellah,fellah,[],hz-013314,entry_candidate,raw_ocr,high,3,571,,dictionary/F/F-02.md,hz-013314-fellah,sources/Hezareh_Dictionary_Index/source/Hezareh_Part_03_PDF_0501-0750.md#L8162-L8164,True
fellaheen,fellaheen,fellaheen,[],hz-013315,entry_candidate,raw_ocr,medium,3,571,,dictionary/F/F-02.md,hz-013315-fellaheen,sources/Hezareh_Dictionary_Index/source/Hezareh_Part_03_PDF_0501-0750.md#L8165-L8165,True
fellahin,fellahin,fellahin,[],hz-013316,entry_candidate,raw_ocr,high,3,571,,dictionary/F/F-02.md,hz-013316-fellahin,sources/Hezareh_Dictionary_Index/source/Hezareh_Part_03_PDF_0501-0750.md#L8166-L8169,True
feller,feller,feller,[],hz-013317,entry_candidate,raw_ocr,medium,3,571,,dictionary/F/F-02.md,hz-013317-feller,sources/Hezareh_Dictionary_Index/source/Hezareh_Part_03_PDF_0501-0750.md#L8170-L8172,True
fellow,fellow,fellow,[],hz-013318,entry_candidate,raw_ocr,high,3,571,,dictionary/F/F-02.md,hz-013318-fellow,sources/Hezareh_Dictionary_Index/source/Hezareh_Part_03_PDF_0501-0750.md#L8173-L8200,True
fellow creature,fellow creature,fellow creature,[],hz-013320,entry_candidate,raw_ocr,high,3,571,,dictionary/F/F-02.md,hz-013320-fellow-creature,sources/Hezareh_Dictionary_Index/source/Hezareh_Part_03_PDF_0501-0750.md#L8204-L8204,True
fellow worker,fellow worker,fellow worker,[],hz-013323,entry_candidate,raw_ocr,high,3,571,,dictionary/F/F-02.md,hz-013323-fellow-worker,sources/Hezareh_Dictionary_Index/source/Hezareh_Part_03_PDF_0501-0750.md#L8214-L8214,True
fellow-citizen,fellow-citizen,fellow-citizen,[],hz-013319,entry_candidate,raw_ocr,high,3,571,,dictionary/F/F-02.md,hz-013319-fellow-citizen,sources/Hezareh_Dictionary_Index/source/Hezareh_Part_03_PDF_0501-0750.md#L8201-L8203,True
fellow-feeling,fellow-feeling,fellow-feeling,[],hz-013321,entry_candidate,raw_ocr,high,3,571,,dictionary/F/F-02.md,hz-013321-fellow-feeling,sources/Hezareh_Dictionary_Index/source/Hezareh_Part_03_PDF_0501-0750.md#L8205-L8205,True
fellowship,fellowship,fellowship,[],hz-013322,entry_candidate,raw_ocr,high,3,571,,dictionary/F/F-02.md,hz-013322-fellowship,sources/Hezareh_Dictionary_Index/source/Hezareh_Part_03_PDF_0501-0750.md#L8206-L8213,True
felon,felon,felon,[],hz-013324,entry_candidate,raw_ocr,high,3,571,,dictionary/F/F-02.md,hz-013324-felon,sources/Hezareh_Dictionary_Index/source/Hezareh_Part_03_PDF_0501-0750.md#L8215-L8215,True
felonious,felonious,felonious,[],hz-013325,entry_candidate,raw_ocr,high,3,571,,dictionary/F/F-02.md,hz-013325-felonious,sources/Hezareh_Dictionary_Index/source/Hezareh_Part_03_PDF_0501-0750.md#L8216-L8217,True
felony,felony,felony,[],hz-013326,entry_candidate,raw_ocr,high,3,571,,dictionary/F/F-02.md,hz-013326-felony,sources/Hezareh_Dictionary_Index/source/Hezareh_Part_03_PDF_0501-0750.md#L8218-L8218,True
felspar,felspar,felspar,[],hz-013327,entry_candidate,raw_ocr,high,3,571,,dictionary/F/F-02.md,hz-013327-felspar,sources/Hezareh_Dictionary_Index/source/Hezareh_Part_03_PDF_0501-0750.md#L8219-L8219,True
felt,felt,felt,[],hz-013328,entry_candidate,raw_ocr,high,3,571,,dictionary/F/F-02.md,hz-013328-felt,sources/Hezareh_Dictionary_Index/source/Hezareh_Part_03_PDF_0501-0750.md#L8220-L8221,True
felt-tip,felt-tip,felt-tip,[],hz-013329,entry_candidate,raw_ocr,high,3,571,,dictionary/F/F-02.md,hz-013329-felt-tip,sources/Hezareh_Dictionary_Index/source/Hezareh_Part_03_PDF_0501-0750.md#L8222-L8222,True
felt-tip pen,felt-tip pen,felt-tip pen,[],hz-013331,entry_candidate,raw_ocr,high,3,571,,dictionary/F/F-02.md,hz-013331-felt-tip-pen,sources/Hezareh_Dictionary_Index/source/Hezareh_Part_03_PDF_0501-0750.md#L8224-L8224,True
felt-tipped pen,felt-tipped pen,felt-tipped pen,[],hz-013330,entry_candidate,raw_ocr,high,3,571,,dictionary/F/F-02.md,hz-013330-felt-tipped-pen,sources/Hezareh_Dictionary_Index/source/Hezareh_Part_03_PDF_0501-0750.md#L8223-L8223,True
felucca,felucca,felucca,[],hz-013332,entry_candidate,raw_ocr,high,3,571,,dictionary/F/F-02.md,hz-013332-felucca,sources/Hezareh_Dictionary_Index/source/Hezareh_Part_03_PDF_0501-0750.md#L8225-L8225,True
fem,fem,fem,[],hz-013333,entry_candidate,raw_ocr,high,3,571,,dictionary/F/F-02.md,hz-013333-fem,sources/Hezareh_Dictionary_Index/source/Hezareh_Part_03_PDF_0501-0750.md#L8226-L8227,True
female,female,female,[],hz-013334,entry_candidate,raw_ocr,high,3,571,,dictionary/F/F-02.md,hz-013334-female,sources/Hezareh_Dictionary_Index/source/Hezareh_Part_03_PDF_0501-0750.md#L8228-L8239,True
feminine,feminine,feminine,[],hz-013336,entry_candidate,raw_ocr,medium,3,572,,dictionary/F/F-02.md,hz-013336-feminine,sources/Hezareh_Dictionary_Index/source/Hezareh_Part_03_PDF_0501-0750.md#L8274-L8276,True
femininity,femininity,femininity,[],hz-013337,entry_candidate,raw_ocr,medium,3,572,,dictionary/F/F-02.md,hz-013337-femininity,sources/Hezareh_Dictionary_Index/source/Hezareh_Part_03_PDF_0501-0750.md#L8277-L8278,True
feminism,feminism,feminism,[],hz-013338,entry_candidate,raw_ocr,medium,3,572,,dictionary/F/F-02.md,hz-013338-feminism,sources/Hezareh_Dictionary_Index/source/Hezareh_Part_03_PDF_0501-0750.md#L8279-L8281,True
femme fatale,femme fatale,femme fatale,[],hz-013340,entry_candidate,raw_ocr,high,3,572,,dictionary/F/F-02.md,hz-013340-femme-fatale,sources/Hezareh_Dictionary_Index/source/Hezareh_Part_03_PDF_0501-0750.md#L8282-L8283,True
femmes fatales,femmes fatales,femmes fatales,[],hz-013341,entry_candidate,raw_ocr,medium,3,572,,dictionary/F/F-02.md,hz-013341-femmes-fatales,sources/Hezareh_Dictionary_Index/source/Hezareh_Part_03_PDF_0501-0750.md#L8284-L8284,True
femora,femora,femora,[],hz-013342,entry_candidate,raw_ocr,high,3,572,,dictionary/F/F-02.md,hz-013342-femora,sources/Hezareh_Dictionary_Index/source/Hezareh_Part_03_PDF_0501-0750.md#L8285-L8285,True
femoral,femoral,femoral,[],hz-013343,entry_candidate,raw_ocr,medium,3,572,,dictionary/F/F-02.md,hz-013343-femoral,sources/Hezareh_Dictionary_Index/source/Hezareh_Part_03_PDF_0501-0750.md#L8286-L8287,True
femur,femur,femur,[],hz-013344,entry_candidate,raw_ocr,high,3,572,,dictionary/F/F-02.md,hz-013344-femur,sources/Hezareh_Dictionary_Index/source/Hezareh_Part_03_PDF_0501-0750.md#L8288-L8289,True
fen,fen,fen,[],hz-013345,entry_candidate,raw_ocr,medium,3,572,,dictionary/F/F-02.md,hz-013345-fen,sources/Hezareh_Dictionary_Index/source/Hezareh_Part_03_PDF_0501-0750.md#L8290-L8326,True
fence-sitter,fence-sitter,fence-sitter,[],hz-013346,entry_candidate,raw_ocr,medium,3,572,,dictionary/F/F-02.md,hz-013346-fence-sitter,sources/Hezareh_Dictionary_Index/source/Hezareh_Part_03_PDF_0501-0750.md#L8327-L8327,True
fence-sitting,fence-sitting,fence-sitting,[],hz-013347,entry_candidate,raw_ocr,medium,3,572,,dictionary/F/F-02.md,hz-013347-fence-sitting,sources/Hezareh_Dictionary_Index/source/Hezareh_Part_03_PDF_0501-0750.md#L8328-L8332,True
fend,fend,fend,[],hz-013348,entry_candidate,raw_ocr,high,3,572,,dictionary/F/F-02.md,hz-013348-fend,sources/Hezareh_Dictionary_Index/source/Hezareh_Part_03_PDF_0501-0750.md#L8333-L8339,True
fender,fender,fender,[],hz-013349,entry_candidate,raw_ocr,medium,3,572,,dictionary/F/F-02.md,hz-013349-fender,sources/Hezareh_Dictionary_Index/source/Hezareh_Part_03_PDF_0501-0750.md#L8340-L8344,True
fenland,fenland,fenland,[],hz-013350,entry_candidate,raw_ocr,high,3,572,,dictionary/F/F-02.md,hz-013350-fenland,sources/Hezareh_Dictionary_Index/source/Hezareh_Part_03_PDF_0501-0750.md#L8345-L8348,True
fennel,fennel,fennel,[],hz-013351,entry_candidate,raw_ocr,high,3,572,,dictionary/F/F-02.md,hz-013351-fennel,sources/Hezareh_Dictionary_Index/source/Hezareh_Part_03_PDF_0501-0750.md#L8349-L8350,True
feral,feral,feral,[],hz-013352,entry_candidate,raw_ocr,high,3,572,,dictionary/F/F-02.md,hz-013352-feral,sources/Hezareh_Dictionary_Index/source/Hezareh_Part_03_PDF_0501-0750.md#L8351-L8371,True
fermentation,fermentation,fermentation,[],hz-013354,entry_candidate,raw_ocr,high,3,573,,dictionary/F/F-02.md,hz-013354-fermentation,sources/Hezareh_Dictionary_Index/source/Hezareh_Part_03_PDF_0501-0750.md#L8384-L8394,True
ferocious,ferocious,ferocious,[],hz-013355,entry_candidate,raw_ocr,medium,3,573,,dictionary/F/F-02.md,hz-013355-ferocious,sources/Hezareh_Dictionary_Index/source/Hezareh_Part_03_PDF_0501-0750.md#L8395-L8398,True
ferociously,ferociously,ferociously,[],hz-013356,entry_candidate,raw_ocr,medium,3,573,,dictionary/F/F-02.md,hz-013356-ferociously,sources/Hezareh_Dictionary_Index/source/Hezareh_Part_03_PDF_0501-0750.md#L8399-L8401,True
ferocity,ferocity,ferocity,[],hz-013370,entry_candidate,raw_ocr,low,3,573,,dictionary/F/F-02.md,hz-013370-ferocity,sources/Hezareh_Dictionary_Index/source/Hezareh_Part_03_PDF_0501-0750.md#L8402-L8403,True
ferret,ferret,ferret,[],hz-013371,entry_candidate,raw_ocr,medium,3,573,,dictionary/F/F-02.md,hz-013371-ferret,sources/Hezareh_Dictionary_Index/source/Hezareh_Part_03_PDF_0501-0750.md#L8404-L8408,True
ferret about,ferret about,ferret about,[],hz-013372,entry_candidate,raw_ocr,medium,3,573,,dictionary/F/F-02.md,hz-013372-ferret-about,sources/Hezareh_Dictionary_Index/source/Hezareh_Part_03_PDF_0501-0750.md#L8409-L8412,True
Ferris wheel,ferris wheel,ferris wheel,[],hz-013373,entry_candidate,raw_ocr,medium,3,573,,dictionary/F/F-02.md,hz-013373-ferris-wheel,sources/Hezareh_Dictionary_Index/source/Hezareh_Part_03_PDF_0501-0750.md#L8413-L8415,True
ferroconcrete,ferroconcrete,ferroconcrete,[],hz-013374,entry_candidate,raw_ocr,hint_only,3,573,,dictionary/F/F-02.md,hz-013374-ferroconcrete,sources/Hezareh_Dictionary_Index/source/Hezareh_Part_03_PDF_0501-0750.md#L8375-L8375,False
ferrous,ferrous,ferrous,[],hz-013375,entry_candidate,raw_ocr,medium,3,573,,dictionary/F/F-02.md,hz-013375-ferrous,sources/Hezareh_Dictionary_Index/source/Hezareh_Part_03_PDF_0501-0750.md#L8416-L8416,True
ferrule,ferrule,ferrule,[],hz-013376,entry_candidate,raw_ocr,medium,3,573,,dictionary/F/F-02.md,hz-013376-ferrule,sources/Hezareh_Dictionary_Index/source/Hezareh_Part_03_PDF_0501-0750.md#L8417-L8418,True
ferry,ferry,ferry,[],hz-013377,entry_candidate,raw_ocr,medium,3,573,,dictionary/F/F-02.md,hz-013377-ferry,sources/Hezareh_Dictionary_Index/source/Hezareh_Part_03_PDF_0501-0750.md#L8419-L8429,True
ferry sb I sth across,ferry sb i sth across,ferry sb i sth across,[],hz-013378,entry_candidate,raw_ocr,hint_only,3,573,,dictionary/F/F-02.md,hz-013378-ferry-sb-i-sth-across,sources/Hezareh_Dictionary_Index/source/Hezareh_Part_03_PDF_0501-0750.md#L8375-L8375,False
ferryboat,ferryboat,ferryboat,[],hz-013379,entry_candidate,raw_ocr,medium,3,573,,dictionary/F/F-02.md,hz-013379-ferryboat,sources/Hezareh_Dictionary_Index/source/Hezareh_Part_03_PDF_0501-0750.md#L8430-L8439,True
fertile,fertile,fertile,[],hz-013357,entry_candidate,raw_ocr,medium,3,573,,dictionary/F/F-02.md,hz-013357-fertile,sources/Hezareh_Dictionary_Index/source/Hezareh_Part_03_PDF_0501-0750.md#L8440-L8444,True
fertilisation,fertilisation,fertilisation,[],hz-013358,entry_candidate,raw_ocr,high,3,573,,dictionary/F/F-02.md,hz-013358-fertilisation,sources/Hezareh_Dictionary_Index/source/Hezareh_Part_03_PDF_0501-0750.md#L8445-L8447,True
fertilise,fertilise,fertilise,[],hz-013359,entry_candidate,raw_ocr,high,3,573,,dictionary/F/F-02.md,hz-013359-fertilise,sources/Hezareh_Dictionary_Index/source/Hezareh_Part_03_PDF_0501-0750.md#L8448-L8449,True
fertiliser,fertiliser,fertiliser,[],hz-013360,entry_candidate,raw_ocr,high,3,573,,dictionary/F/F-02.md,hz-013360-fertiliser,sources/Hezareh_Dictionary_Index/source/Hezareh_Part_03_PDF_0501-0750.md#L8450-L8451,True
fertility,fertility,fertility,[],hz-013361,entry_candidate,raw_ocr,high,3,573,,dictionary/F/F-02.md,hz-013361-fertility,sources/Hezareh_Dictionary_Index/source/Hezareh_Part_03_PDF_0501-0750.md#L8452-L8455,True
fertilization,fertilization,fertilization,[],hz-013362,entry_candidate,raw_ocr,high,3,573,,dictionary/F/F-02.md,hz-013362-fertilization,sources/Hezareh_Dictionary_Index/source/Hezareh_Part_03_PDF_0501-0750.md#L8456-L8460,True
fertilize,fertilize,fertilize,[],hz-013363,entry_candidate,raw_ocr,medium,3,573,,dictionary/F/F-02.md,hz-013363-fertilize,sources/Hezareh_Dictionary_Index/source/Hezareh_Part_03_PDF_0501-0750.md#L8461-L8467,True
fertilizer,fertilizer,fertilizer,[],hz-013364,entry_candidate,raw_ocr,low,3,573,,dictionary/F/F-02.md,hz-013364-fertilizer,sources/Hezareh_Dictionary_Index/source/Hezareh_Part_03_PDF_0501-0750.md#L8450-L8451,True
ferule,ferule,ferule,[],hz-013365,entry_candidate,raw_ocr,high,3,573,,dictionary/F/F-02.md,hz-013365-ferule,sources/Hezareh_Dictionary_Index/source/Hezareh_Part_03_PDF_0501-0750.md#L8468-L8473,True
fervent,fervent,fervent,[],hz-013366,entry_candidate,raw_ocr,medium,3,573,,dictionary/F/F-02.md,hz-013366-fervent,sources/Hezareh_Dictionary_Index/source/Hezareh_Part_03_PDF_0501-0750.md#L8474-L8477,True
fervently,fervently,fervently,[],hz-013367,entry_candidate,raw_ocr,medium,3,573,,dictionary/F/F-02.md,hz-013367-fervently,sources/Hezareh_Dictionary_Index/source/Hezareh_Part_03_PDF_0501-0750.md#L8478-L8481,True
fervid,fervid,fervid,[],hz-013368,entry_candidate,raw_ocr,high,3,573,,dictionary/F/F-02.md,hz-013368-fervid,sources/Hezareh_Dictionary_Index/source/Hezareh_Part_03_PDF_0501-0750.md#L8482-L8484,True
fervidly,fervidly,fervidly,[],hz-013369,entry_candidate,raw_ocr,low,3,573,,dictionary/F/F-02.md,hz-013369-fervidly,sources/Hezareh_Dictionary_Index/source/Hezareh_Part_03_PDF_0501-0750.md#L8485-L8488,True
fervor,fervor,fervor,[],hz-013380,entry_candidate,raw_ocr,high,3,573,,dictionary/F/F-02.md,hz-013380-fervor,sources/Hezareh_Dictionary_Index/source/Hezareh_Part_03_PDF_0501-0750.md#L8489-L8490,True
fervour,fervour,fervour,[],hz-013381,entry_candidate,raw_ocr,high,3,573,,dictionary/F/F-02.md,hz-013381-fervour,sources/Hezareh_Dictionary_Index/source/Hezareh_Part_03_PDF_0501-0750.md#L8491-L8493,True
festal,festal,festal,[],hz-013382,entry_candidate,raw_ocr,low,3,573,,dictionary/F/F-02.md,hz-013382-festal,sources/Hezareh_Dictionary_Index/source/Hezareh_Part_03_PDF_0501-0750.md#L8494-L8498,True
fester,fester,fester,[],hz-013383,entry_candidate,raw_ocr,high,3,573,,dictionary/F/F-02.md,hz-013383-fester,sources/Hezareh_Dictionary_Index/source/Hezareh_Part_03_PDF_0501-0750.md#L8499-L8502,True
festival,festival,festival,[],hz-013384,entry_candidate,raw_ocr,high,3,573,,dictionary/F/F-02.md,hz-013384-festival,sources/Hezareh_Dictionary_Index/source/Hezareh_Part_03_PDF_0501-0750.md#L8503-L8504,True
festivet'festrv,festivet'festrv,festivet'festrv,[],hz-013385,entry_candidate,raw_ocr,hint_only,3,574,,dictionary/F/F-02.md,hz-013385-festivet-festrv,sources/Hezareh_Dictionary_Index/source/Hezareh_Part_03_PDF_0501-0750.md#L8508-L8508,False
festivity,festivity,festivity,[],hz-013386,entry_candidate,raw_ocr,medium,3,574,,dictionary/F/F-02.md,hz-013386-festivity,sources/Hezareh_Dictionary_Index/source/Hezareh_Part_03_PDF_0501-0750.md#L8526-L8527,True
festoon,festoon,festoon,[],hz-013387,entry_candidate,raw_ocr,low,3,574,,dictionary/F/F-02.md,hz-013387-festoon,sources/Hezareh_Dictionary_Index/source/Hezareh_Part_03_PDF_0501-0750.md#L8528-L8534,True
feta,feta,feta,[],hz-013388,entry_candidate,raw_ocr,medium,3,574,,dictionary/F/F-02.md,hz-013388-feta,sources/Hezareh_Dictionary_Index/source/Hezareh_Part_03_PDF_0501-0750.md#L8535-L8535,True
fetal,fetal,fetal,[],hz-013389,entry_candidate,raw_ocr,high,3,574,,dictionary/F/F-02.md,hz-013389-fetal,sources/Hezareh_Dictionary_Index/source/Hezareh_Part_03_PDF_0501-0750.md#L8536-L8553,True
fetching,fetching,fetching,[],hz-013402,entry_candidate,raw_ocr,low,3,574,,dictionary/F/F-02.md,hz-013402-fetching,sources/Hezareh_Dictionary_Index/source/Hezareh_Part_03_PDF_0501-0750.md#L8554-L8571,True
fetchingly,fetchingly,fetchingly,[],hz-013403,entry_candidate,raw_ocr,hint_only,3,574,,dictionary/F/F-02.md,hz-013403-fetchingly,sources/Hezareh_Dictionary_Index/source/Hezareh_Part_03_PDF_0501-0750.md#L8508-L8508,False
fete,fete,fete,[],hz-013404,entry_candidate,raw_ocr,hint_only,3,574,,dictionary/F/F-02.md,hz-013404-fete,sources/Hezareh_Dictionary_Index/source/Hezareh_Part_03_PDF_0501-0750.md#L8508-L8508,False
fete-day,fete-day,fete-day,[],hz-013390,entry_candidate,raw_ocr,hint_only,3,574,,dictionary/F/F-02.md,hz-013390-fete-day,sources/Hezareh_Dictionary_Index/source/Hezareh_Part_03_PDF_0501-0750.md#L8508-L8508,False
fetid,fetid,fetid,[],hz-013391,entry_candidate,raw_ocr,high,3,574,,dictionary/F/F-02.md,hz-013391-fetid,sources/Hezareh_Dictionary_Index/source/Hezareh_Part_03_PDF_0501-0750.md#L8572-L8572,True
fetish,fetish,fetish,[],hz-013392,entry_candidate,raw_ocr,high,3,574,,dictionary/F/F-02.md,hz-013392-fetish,sources/Hezareh_Dictionary_Index/source/Hezareh_Part_03_PDF_0501-0750.md#L8573-L8575,True
fetishism,fetishism,fetishism,[],hz-013393,entry_candidate,raw_ocr,high,3,574,,dictionary/F/F-02.md,hz-013393-fetishism,sources/Hezareh_Dictionary_Index/source/Hezareh_Part_03_PDF_0501-0750.md#L8576-L8577,True
fetishist,fetishist,fetishist,[],hz-013394,entry_candidate,raw_ocr,high,3,574,,dictionary/F/F-02.md,hz-013394-fetishist,sources/Hezareh_Dictionary_Index/source/Hezareh_Part_03_PDF_0501-0750.md#L8578-L8579,True
fetlock,fetlock,fetlock,[],hz-013395,entry_candidate,raw_ocr,high,3,574,,dictionary/F/F-02.md,hz-013395-fetlock,sources/Hezareh_Dictionary_Index/source/Hezareh_Part_03_PDF_0501-0750.md#L8580-L8580,True
fetta,fetta,fetta,[],hz-013396,entry_candidate,raw_ocr,high,3,574,,dictionary/F/F-02.md,hz-013396-fetta,sources/Hezareh_Dictionary_Index/source/Hezareh_Part_03_PDF_0501-0750.md#L8581-L8581,True
fetter,fetter,fetter,[],hz-013397,entry_candidate,raw_ocr,high,3,574,,dictionary/F/F-02.md,hz-013397-fetter,sources/Hezareh_Dictionary_Index/source/Hezareh_Part_03_PDF_0501-0750.md#L8582-L8587,True
fettle,fettle,fettle,[],hz-013398,entry_candidate,raw_ocr,low,3,574,,dictionary/F/F-02.md,hz-013398-fettle,sources/Hezareh_Dictionary_Index/source/Hezareh_Part_03_PDF_0501-0750.md#L8588-L8589,True
fetus,fetus,fetus,[],hz-013400,entry_candidate,raw_ocr,high,3,574,,dictionary/F/F-02.md,hz-013400-fetus,sources/Hezareh_Dictionary_Index/source/Hezareh_Part_03_PDF_0501-0750.md#L8590-L8590,True
feu,feu,feu,[],hz-013401,entry_candidate,raw_ocr,high,3,574,,dictionary/F/F-02.md,hz-013401-feu,sources/Hezareh_Dictionary_Index/source/Hezareh_Part_03_PDF_0501-0750.md#L8591-L8599,True
feudal,feudal,feudal,[],hz-013405,entry_candidate,raw_ocr,high,3,574,,dictionary/F/F-02.md,hz-013405-feudal,sources/Hezareh_Dictionary_Index/source/Hezareh_Part_03_PDF_0501-0750.md#L8600-L8603,True
feudalism,feudalism,feudalism,[],hz-013406,entry_candidate,raw_ocr,high,3,574,,dictionary/F/F-02.md,hz-013406-feudalism,sources/Hezareh_Dictionary_Index/source/Hezareh_Part_03_PDF_0501-0750.md#L8604-L8607,True
feudatory,feudatory,feudatory,[],hz-013407,entry_candidate,raw_ocr,high,3,574,,dictionary/F/F-02.md,hz-013407-feudatory,sources/Hezareh_Dictionary_Index/source/Hezareh_Part_03_PDF_0501-0750.md#L8608-L8610,True
fever,fever,fever,[],hz-013408,entry_candidate,raw_ocr,high,3,574,,dictionary/F/F-02.md,hz-013408-fever,sources/Hezareh_Dictionary_Index/source/Hezareh_Part_03_PDF_0501-0750.md#L8611-L8619,True
fever blister,fever blister,fever blister,[],hz-013409,entry_candidate,raw_ocr,high,3,575,,dictionary/F/F-02.md,hz-013409-fever-blister,sources/Hezareh_Dictionary_Index/source/Hezareh_Part_03_PDF_0501-0750.md#L8637-L8644,True
fever heat,fever heat,fever heat,[],hz-013410,entry_candidate,raw_ocr,medium,3,575,,dictionary/F/F-02.md,hz-013410-fever-heat,sources/Hezareh_Dictionary_Index/source/Hezareh_Part_03_PDF_0501-0750.md#L8645-L8654,True
fever sore,fever sore,fever sore,[],hz-013412,entry_candidate,raw_ocr,high,3,575,,dictionary/F/F-02.md,hz-013412-fever-sore,sources/Hezareh_Dictionary_Index/source/Hezareh_Part_03_PDF_0501-0750.md#L8661-L8662,True
feverishly,feverishly,feverishly,[],hz-013411,entry_candidate,raw_ocr,high,3,575,,dictionary/F/F-02.md,hz-013411-feverishly,sources/Hezareh_Dictionary_Index/source/Hezareh_Part_03_PDF_0501-0750.md#L8655-L8660,True
feW,few,few,[],hz-013413,entry_candidate,raw_ocr,high,3,575,,dictionary/F/F-03.md,hz-013413-few,sources/Hezareh_Dictionary_Index/source/Hezareh_Part_03_PDF_0501-0750.md#L8663-L8722,True
feytfe,feytfe,feytfe,[],hz-013414,entry_candidate,raw_ocr,hint_only,3,575,,dictionary/F/F-03.md,hz-013414-feytfe,sources/Hezareh_Dictionary_Index/source/Hezareh_Part_03_PDF_0501-0750.md#L8623-L8623,False
fez I fez,fez i fez,fez i fez,[],hz-013415,entry_candidate,raw_ocr,hint_only,3,575,,dictionary/F/F-03.md,hz-013415-fez-i-fez,sources/Hezareh_Dictionary_Index/source/Hezareh_Part_03_PDF_0501-0750.md#L8623-L8623,False
fiat,fiat,fiat,[],hz-013418,entry_candidate,raw_ocr,medium,3,575,,dictionary/F/F-03.md,hz-013418-fiat,sources/Hezareh_Dictionary_Index/source/Hezareh_Part_03_PDF_0501-0750.md#L8748-L8748,True
fiat money,fiat money,fiat money,[],hz-013419,entry_candidate,raw_ocr,medium,3,575,,dictionary/F/F-03.md,hz-013419-fiat-money,sources/Hezareh_Dictionary_Index/source/Hezareh_Part_03_PDF_0501-0750.md#L8749-L8751,True
fib,fib,fib,[],hz-013420,entry_candidate,raw_ocr,high,3,576,,dictionary/F/F-03.md,hz-013420-fib,sources/Hezareh_Dictionary_Index/source/Hezareh_Part_03_PDF_0501-0750.md#L8765-L8767,True
fibber,fibber,fibber,[],hz-013421,entry_candidate,raw_ocr,high,3,576,,dictionary/F/F-03.md,hz-013421-fibber,sources/Hezareh_Dictionary_Index/source/Hezareh_Part_03_PDF_0501-0750.md#L8768-L8770,True
fiber,fiber,fiber,[],hz-013422,entry_candidate,raw_ocr,high,3,576,,dictionary/F/F-03.md,hz-013422-fiber,sources/Hezareh_Dictionary_Index/source/Hezareh_Part_03_PDF_0501-0750.md#L8771-L8771,True
fiberboard,fiberboard,fiberboard,[],hz-013423,entry_candidate,raw_ocr,high,3,576,,dictionary/F/F-03.md,hz-013423-fiberboard,sources/Hezareh_Dictionary_Index/source/Hezareh_Part_03_PDF_0501-0750.md#L8772-L8772,True
fiberglass,fiberglass,fiberglass,[],hz-013424,entry_candidate,raw_ocr,high,3,576,,dictionary/F/F-03.md,hz-013424-fiberglass,sources/Hezareh_Dictionary_Index/source/Hezareh_Part_03_PDF_0501-0750.md#L8773-L8774,True
fibre,fibre,fibre,[],hz-013425,entry_candidate,raw_ocr,high,3,576,,dictionary/F/F-03.md,hz-013425-fibre,sources/Hezareh_Dictionary_Index/source/Hezareh_Part_03_PDF_0501-0750.md#L8775-L8781,True
fibreboard,fibreboard,fibreboard,[],hz-013426,entry_candidate,raw_ocr,high,3,576,,dictionary/F/F-03.md,hz-013426-fibreboard,sources/Hezareh_Dictionary_Index/source/Hezareh_Part_03_PDF_0501-0750.md#L8782-L8782,True
fibreglass,fibreglass,fibreglass,[],hz-013427,entry_candidate,raw_ocr,high,3,576,,dictionary/F/F-03.md,hz-013427-fibreglass,sources/Hezareh_Dictionary_Index/source/Hezareh_Part_03_PDF_0501-0750.md#L8783-L8786,True
fibroid,fibroid,fibroid,[],hz-013428,entry_candidate,raw_ocr,high,3,576,,dictionary/F/F-03.md,hz-013428-fibroid,sources/Hezareh_Dictionary_Index/source/Hezareh_Part_03_PDF_0501-0750.md#L8787-L8788,True
fibroma,fibroma,fibroma,[],hz-013429,entry_candidate,raw_ocr,high,3,576,,dictionary/F/F-03.md,hz-013429-fibroma,sources/Hezareh_Dictionary_Index/source/Hezareh_Part_03_PDF_0501-0750.md#L8789-L8789,True
fibrosiS,fibrosis,fibrosis,[],hz-013430,entry_candidate,raw_ocr,high,3,576,,dictionary/F/F-03.md,hz-013430-fibrosis,sources/Hezareh_Dictionary_Index/source/Hezareh_Part_03_PDF_0501-0750.md#L8790-L8790,True
fibrositis,fibrositis,fibrositis,[],hz-013431,entry_candidate,raw_ocr,high,3,576,,dictionary/F/F-03.md,hz-013431-fibrositis,sources/Hezareh_Dictionary_Index/source/Hezareh_Part_03_PDF_0501-0750.md#L8791-L8792,True
fibrous,fibrous,fibrous,[],hz-013432,entry_candidate,raw_ocr,high,3,576,,dictionary/F/F-03.md,hz-013432-fibrous,sources/Hezareh_Dictionary_Index/source/Hezareh_Part_03_PDF_0501-0750.md#L8793-L8794,True
fibula,fibula,fibula,[],hz-013433,entry_candidate,raw_ocr,high,3,576,,dictionary/F/F-03.md,hz-013433-fibula,sources/Hezareh_Dictionary_Index/source/Hezareh_Part_03_PDF_0501-0750.md#L8795-L8796,True
fibulae,fibulae,fibulae,[],hz-013434,entry_candidate,raw_ocr,high,3,576,,dictionary/F/F-03.md,hz-013434-fibulae,sources/Hezareh_Dictionary_Index/source/Hezareh_Part_03_PDF_0501-0750.md#L8797-L8797,True
fickle,fickle,fickle,[],hz-013435,entry_candidate,raw_ocr,high,3,576,,dictionary/F/F-03.md,hz-013435-fickle,sources/Hezareh_Dictionary_Index/source/Hezareh_Part_03_PDF_0501-0750.md#L8798-L8805,True
fiction,fiction,fiction,[],hz-013436,entry_candidate,raw_ocr,low,3,576,,dictionary/F/F-03.md,hz-013436-fiction,sources/Hezareh_Dictionary_Index/source/Hezareh_Part_03_PDF_0501-0750.md#L8806-L8807,True
fictional,fictional,fictional,[],hz-013437,entry_candidate,raw_ocr,high,3,576,,dictionary/F/F-03.md,hz-013437-fictional,sources/Hezareh_Dictionary_Index/source/Hezareh_Part_03_PDF_0501-0750.md#L8808-L8816,True
fictionalise,fictionalise,fictionalise,[],hz-013438,entry_candidate,raw_ocr,high,3,576,,dictionary/F/F-03.md,hz-013438-fictionalise,sources/Hezareh_Dictionary_Index/source/Hezareh_Part_03_PDF_0501-0750.md#L8817-L8817,True
fictionalize,fictionalize,fictionalize,[],hz-013439,entry_candidate,raw_ocr,high,3,576,,dictionary/F/F-03.md,hz-013439-fictionalize,sources/Hezareh_Dictionary_Index/source/Hezareh_Part_03_PDF_0501-0750.md#L8818-L8819,True
fictitious,fictitious,fictitious,[],hz-013440,entry_candidate,raw_ocr,high,3,576,,dictionary/F/F-03.md,hz-013440-fictitious,sources/Hezareh_Dictionary_Index/source/Hezareh_Part_03_PDF_0501-0750.md#L8820-L8842,True
fiddle about,fiddle about,fiddle about,[],hz-013441,entry_candidate,raw_ocr,high,3,576,,dictionary/F/F-03.md,hz-013441-fiddle-about,sources/Hezareh_Dictionary_Index/source/Hezareh_Part_03_PDF_0501-0750.md#L8843-L8845,True
fiddle-faddle,fiddle-faddle,fiddle-faddle,[],hz-013442,entry_candidate,raw_ocr,high,3,576,,dictionary/F/F-03.md,hz-013442-fiddle-faddle,sources/Hezareh_Dictionary_Index/source/Hezareh_Part_03_PDF_0501-0750.md#L8846-L8847,True
fiddler,fiddler,fiddler,[],hz-013443,entry_candidate,raw_ocr,high,3,576,,dictionary/F/F-03.md,hz-013443-fiddler,sources/Hezareh_Dictionary_Index/source/Hezareh_Part_03_PDF_0501-0750.md#L8848-L8851,True
fiddling,fiddling,fiddling,[],hz-013445,entry_candidate,raw_ocr,high,3,576,,dictionary/F/F-03.md,hz-013445-fiddling,sources/Hezareh_Dictionary_Index/source/Hezareh_Part_03_PDF_0501-0750.md#L8852-L8854,True
fidelity,fidelity,fidelity,[],hz-013446,entry_candidate,raw_ocr,high,3,576,,dictionary/F/F-03.md,hz-013446-fidelity,sources/Hezareh_Dictionary_Index/source/Hezareh_Part_03_PDF_0501-0750.md#L8855-L8858,True
fidget,fidget,fidget,[],hz-013447,entry_candidate,raw_ocr,high,3,576,,dictionary/F/F-03.md,hz-013447-fidget,sources/Hezareh_Dictionary_Index/source/Hezareh_Part_03_PDF_0501-0750.md#L8859-L8865,True
fidgety,fidgety,fidgety,[],hz-013448,entry_candidate,raw_ocr,high,3,577,,dictionary/F/F-03.md,hz-013448-fidgety,sources/Hezareh_Dictionary_Index/source/Hezareh_Part_03_PDF_0501-0750.md#L8878-L8893,True
fief,fief,fief,[],hz-013449,entry_candidate,raw_ocr,medium,3,577,,dictionary/F/F-03.md,hz-013449-fief,sources/Hezareh_Dictionary_Index/source/Hezareh_Part_03_PDF_0501-0750.md#L8894-L8922,True
field,field,field,[],hz-013450,entry_candidate,raw_ocr,high,3,577,,dictionary/F/F-03.md,hz-013450-field,sources/Hezareh_Dictionary_Index/source/Hezareh_Part_03_PDF_0501-0750.md#L8951-L8952,True
field artillery,field artillery,field artillery,[],hz-013451,entry_candidate,raw_ocr,medium,3,577,,dictionary/F/F-03.md,hz-013451-field-artillery,sources/Hezareh_Dictionary_Index/source/Hezareh_Part_03_PDF_0501-0750.md#L8923-L8923,True
field glasses,field glasses,field glasses,[],hz-013455,entry_candidate,raw_ocr,medium,3,577,,dictionary/F/F-03.md,hz-013455-field-glasses,sources/Hezareh_Dictionary_Index/source/Hezareh_Part_03_PDF_0501-0750.md#L8937-L8938,True
field gun,field gun,field gun,[],hz-013456,entry_candidate,raw_ocr,medium,3,577,,dictionary/F/F-03.md,hz-013456-field-gun,sources/Hezareh_Dictionary_Index/source/Hezareh_Part_03_PDF_0501-0750.md#L8939-L8939,True
field hockey,field hockey,field hockey,[],hz-013457,entry_candidate,raw_ocr,medium,3,577,,dictionary/F/F-03.md,hz-013457-field-hockey,sources/Hezareh_Dictionary_Index/source/Hezareh_Part_03_PDF_0501-0750.md#L8940-L8941,True
field house,field house,field house,[],hz-013459,entry_candidate,raw_ocr,medium,3,577,,dictionary/F/F-03.md,hz-013459-field-house,sources/Hezareh_Dictionary_Index/source/Hezareh_Part_03_PDF_0501-0750.md#L8944-L8947,True
Field Marshal,field marshal,field marshal,[],hz-013460,entry_candidate,raw_ocr,hint_only,3,577,,dictionary/F/F-03.md,hz-013460-field-marshal,sources/Hezareh_Dictionary_Index/source/Hezareh_Part_03_PDF_0501-0750.md#L8869-L8869,False
field mouse,field mouse,field mouse,[],hz-013461,entry_candidate,raw_ocr,medium,3,577,,dictionary/F/F-03.md,hz-013461-field-mouse,sources/Hezareh_Dictionary_Index/source/Hezareh_Part_03_PDF_0501-0750.md#L8948-L8948,True
field of vlslon,field of vlslon,field of vlslon,[],hz-013463,entry_candidate,raw_ocr,hint_only,3,577,,dictionary/F/F-03.md,hz-013463-field-of-vlslon,sources/Hezareh_Dictionary_Index/source/Hezareh_Part_03_PDF_0501-0750.md#L8869-L8869,False
field sports,field sports,field sports,[],hz-013465,entry_candidate,raw_ocr,medium,3,577,,dictionary/F/F-03.md,hz-013465-field-sports,sources/Hezareh_Dictionary_Index/source/Hezareh_Part_03_PDF_0501-0750.md#L8955-L8955,True
field trip,field trip,field trip,[],hz-013467,entry_candidate,raw_ocr,medium,3,577,,dictionary/F/F-03.md,hz-013467-field-trip,sources/Hezareh_Dictionary_Index/source/Hezareh_Part_03_PDF_0501-0750.md#L8958-L8958,True
field-day,field-day,field-day,[],hz-013452,entry_candidate,raw_ocr,medium,3,577,,dictionary/F/F-03.md,hz-013452-field-day,sources/Hezareh_Dictionary_Index/source/Hezareh_Part_03_PDF_0501-0750.md#L8924-L8932,True
field-hospital,field-hospital,field-hospital,[],hz-013458,entry_candidate,raw_ocr,medium,3,577,,dictionary/F/F-03.md,hz-013458-field-hospital,sources/Hezareh_Dictionary_Index/source/Hezareh_Part_03_PDF_0501-0750.md#L8942-L8943,True
field-officer,field-officer,field-officer,[],hz-013462,entry_candidate,raw_ocr,high,3,577,,dictionary/F/F-03.md,hz-013462-field-officer,sources/Hezareh_Dictionary_Index/source/Hezareh_Part_03_PDF_0501-0750.md#L8949-L8950,True
field-test,field-test,field-test,[],hz-013466,entry_candidate,raw_ocr,medium,3,577,,dictionary/F/F-03.md,hz-013466-field-test,sources/Hezareh_Dictionary_Index/source/Hezareh_Part_03_PDF_0501-0750.md#L8956-L8957,True
field-work,field-work,field-work,[],hz-013468,entry_candidate,raw_ocr,low,3,577,,dictionary/F/F-03.md,hz-013468-field-work,sources/Hezareh_Dictionary_Index/source/Hezareh_Part_03_PDF_0501-0750.md#L8959-L8961,True
fielder,fielder,fielder,[],hz-013453,entry_candidate,raw_ocr,low,3,577,,dictionary/F/F-03.md,hz-013453-fielder,sources/Hezareh_Dictionary_Index/source/Hezareh_Part_03_PDF_0501-0750.md#L8933-L8935,True
fieldfare,fieldfare,fieldfare,[],hz-013454,entry_candidate,raw_ocr,medium,3,577,,dictionary/F/F-03.md,hz-013454-fieldfare,sources/Hezareh_Dictionary_Index/source/Hezareh_Part_03_PDF_0501-0750.md#L8936-L8936,True
fieldsman,fieldsman,fieldsman,[],hz-013464,entry_candidate,raw_ocr,high,3,577,,dictionary/F/F-03.md,hz-013464-fieldsman,sources/Hezareh_Dictionary_Index/source/Hezareh_Part_03_PDF_0501-0750.md#L8953-L8954,True
fiend,fiend,fiend,[],hz-013469,entry_candidate,raw_ocr,medium,3,577,,dictionary/F/F-03.md,hz-013469-fiend,sources/Hezareh_Dictionary_Index/source/Hezareh_Part_03_PDF_0501-0750.md#L8962-L8966,True
fiendish,fiendish,fiendish,[],hz-013470,entry_candidate,raw_ocr,medium,3,577,,dictionary/F/F-03.md,hz-013470-fiendish,sources/Hezareh_Dictionary_Index/source/Hezareh_Part_03_PDF_0501-0750.md#L8967-L8971,True
fiendishly,fiendishly,fiendishly,[],hz-013471,entry_candidate,raw_ocr,low,3,577,,dictionary/F/F-03.md,hz-013471-fiendishly,sources/Hezareh_Dictionary_Index/source/Hezareh_Part_03_PDF_0501-0750.md#L8972-L8972,True
fierce,fierce,fierce,[],hz-013472,entry_candidate,raw_ocr,high,3,577,,dictionary/F/F-03.md,hz-013472-fierce,sources/Hezareh_Dictionary_Index/source/Hezareh_Part_03_PDF_0501-0750.md#L8973-L8977,True
fiercely,fiercely,fiercely,[],hz-013473,entry_candidate,raw_ocr,medium,3,578,,dictionary/F/F-03.md,hz-013473-fiercely,sources/Hezareh_Dictionary_Index/source/Hezareh_Part_03_PDF_0501-0750.md#L8995-L8998,True
fierceness,fierceness,fierceness,[],hz-013474,entry_candidate,raw_ocr,medium,3,578,,dictionary/F/F-03.md,hz-013474-fierceness,sources/Hezareh_Dictionary_Index/source/Hezareh_Part_03_PDF_0501-0750.md#L8999-L9001,True
fierily,fierily,fierily,[],hz-013475,entry_candidate,raw_ocr,medium,3,578,,dictionary/F/F-03.md,hz-013475-fierily,sources/Hezareh_Dictionary_Index/source/Hezareh_Part_03_PDF_0501-0750.md#L9002-L9008,True
fiery,fiery,fiery,[],hz-013476,entry_candidate,raw_ocr,medium,3,578,,dictionary/F/F-03.md,hz-013476-fiery,sources/Hezareh_Dictionary_Index/source/Hezareh_Part_03_PDF_0501-0750.md#L9009-L9017,True
fiesta,fiesta,fiesta,[],hz-013477,entry_candidate,raw_ocr,medium,3,578,,dictionary/F/F-03.md,hz-013477-fiesta,sources/Hezareh_Dictionary_Index/source/Hezareh_Part_03_PDF_0501-0750.md#L9018-L9019,True
fife,fife,fife,[],hz-013478,entry_candidate,raw_ocr,medium,3,578,,dictionary/F/F-03.md,hz-013478-fife,sources/Hezareh_Dictionary_Index/source/Hezareh_Part_03_PDF_0501-0750.md#L9020-L9022,True
fifteen,fifteen,fifteen,[],hz-038868,entry_candidate,raw_ocr,high,8,1971,,dictionary/F/F-03.md,hz-038868-fifteen,sources/Hezareh_Dictionary_Index/source/Hezareh_Part_08_PDF_1751-1976.md#L25732-L25732,True
fifteenth,fifteenth,fifteenth,[],hz-013479,entry_candidate,raw_ocr,medium,3,578,,dictionary/F/F-03.md,hz-013479-fifteenth,sources/Hezareh_Dictionary_Index/source/Hezareh_Part_03_PDF_0501-0750.md#L9023-L9026,True
fifteenth,fifteenth,fifteenth,[],hz-038898,entry_candidate,raw_ocr,high,8,1971,,dictionary/F/F-03.md,hz-038898-fifteenth,sources/Hezareh_Dictionary_Index/source/Hezareh_Part_08_PDF_1751-1976.md#L25799-L25799,True
fifth,fifth,fifth,[],hz-013480,entry_candidate,raw_ocr,high,3,578,,dictionary/F/F-03.md,hz-013480-fifth,sources/Hezareh_Dictionary_Index/source/Hezareh_Part_03_PDF_0501-0750.md#L9027-L9043,True
fifth,fifth,fifth,[],hz-038888,entry_candidate,raw_ocr,high,8,1971,,dictionary/F/F-03.md,hz-038888-fifth,sources/Hezareh_Dictionary_Index/source/Hezareh_Part_08_PDF_1751-1976.md#L25788-L25788,True
fifth column,fifth column,fifth column,[],hz-013481,entry_candidate,raw_ocr,high,3,578,,dictionary/F/F-03.md,hz-013481-fifth-column,sources/Hezareh_Dictionary_Index/source/Hezareh_Part_03_PDF_0501-0750.md#L9027-L9043,True
fifthly,fifthly,fifthly,[],hz-013482,entry_candidate,raw_ocr,hint_only,3,578,,dictionary/F/F-03.md,hz-013482-fifthly,sources/Hezareh_Dictionary_Index/source/Hezareh_Part_03_PDF_0501-0750.md#L8981-L8981,False
fiftieth,fiftieth,fiftieth,[],hz-013484,entry_candidate,raw_ocr,hint_only,3,578,,dictionary/F/F-03.md,hz-013484-fiftieth,sources/Hezareh_Dictionary_Index/source/Hezareh_Part_03_PDF_0501-0750.md#L8981-L8981,False
fiftieth,fiftieth,fiftieth,[],hz-038909,entry_candidate,raw_ocr,high,8,1971,,dictionary/F/F-03.md,hz-038909-fiftieth,sources/Hezareh_Dictionary_Index/source/Hezareh_Part_08_PDF_1751-1976.md#L25824-L25824,True
fifty,fifty,fifty,[],hz-013483,entry_candidate,raw_ocr,high,3,578,,dictionary/F/F-03.md,hz-013483-fifty,sources/Hezareh_Dictionary_Index/source/Hezareh_Part_03_PDF_0501-0750.md#L9044-L9050,True
fifty,fifty,fifty,[],hz-038879,entry_candidate,raw_ocr,high,8,1971,,dictionary/F/F-03.md,hz-038879-fifty,sources/Hezareh_Dictionary_Index/source/Hezareh_Part_08_PDF_1751-1976.md#L25749-L25749,True
fifty cents,fifty cents,fifty cents,[],hz-013485,entry_candidate,raw_ocr,high,3,578,,dictionary/F/F-03.md,hz-013485-fifty-cents,sources/Hezareh_Dictionary_Index/source/Hezareh_Part_03_PDF_0501-0750.md#L9044-L9050,True
fifty p,fifty p,fifty p,[],hz-013486,entry_candidate,raw_ocr,high,3,578,,dictionary/F/F-03.md,hz-013486-fifty-p,sources/Hezareh_Dictionary_Index/source/Hezareh_Part_03_PDF_0501-0750.md#L9051-L9051,True
fifty pence,fifty pence,fifty pence,[],hz-013487,entry_candidate,raw_ocr,high,3,578,,dictionary/F/F-03.md,hz-013487-fifty-pence,sources/Hezareh_Dictionary_Index/source/Hezareh_Part_03_PDF_0501-0750.md#L9052-L9062,True
fig,fig,fig,[],hz-013488,entry_candidate,raw_ocr,high,3,578,,dictionary/F/F-03.md,hz-013488-fig,sources/Hezareh_Dictionary_Index/source/Hezareh_Part_03_PDF_0501-0750.md#L9063-L9079,True
fig-leaf,fig-leaf,fig-leaf,[],hz-013497,entry_candidate,raw_ocr,medium,3,579,,dictionary/F/F-03.md,hz-013497-fig-leaf,sources/Hezareh_Dictionary_Index/source/Hezareh_Part_03_PDF_0501-0750.md#L9169-L9170,True
fight,fight,fight,[],hz-013489,entry_candidate,raw_ocr,high,3,578,,dictionary/F/F-03.md,hz-013489-fight,sources/Hezareh_Dictionary_Index/source/Hezareh_Part_03_PDF_0501-0750.md#L9080-L9091,True
fightback,fightback,fightback,[],hz-013491,entry_candidate,raw_ocr,high,3,579,,dictionary/F/F-03.md,hz-013491-fightback,sources/Hezareh_Dictionary_Index/source/Hezareh_Part_03_PDF_0501-0750.md#L9104-L9149,True
fighter,fighter,fighter,[],hz-013492,entry_candidate,raw_ocr,hint_only,3,579,,dictionary/F/F-03.md,hz-013492-fighter,sources/Hezareh_Dictionary_Index/source/Hezareh_Part_03_PDF_0501-0750.md#L9095-L9095,False
fighter-bomber,fighter-bomber,fighter-bomber,[],hz-013493,entry_candidate,raw_ocr,low,3,579,,dictionary/F/F-03.md,hz-013493-fighter-bomber,sources/Hezareh_Dictionary_Index/source/Hezareh_Part_03_PDF_0501-0750.md#L9150-L9160,True
fighting,fighting,fighting,[],hz-013494,entry_candidate,raw_ocr,medium,3,579,,dictionary/F/F-03.md,hz-013494-fighting,sources/Hezareh_Dictionary_Index/source/Hezareh_Part_03_PDF_0501-0750.md#L9161-L9164,True
fighting words,fighting words,fighting words,[],hz-013496,entry_candidate,raw_ocr,medium,3,579,,dictionary/F/F-03.md,hz-013496-fighting-words,sources/Hezareh_Dictionary_Index/source/Hezareh_Part_03_PDF_0501-0750.md#L9165-L9168,True
figment,figment,figment,[],hz-013498,entry_candidate,raw_ocr,high,3,579,,dictionary/F/F-03.md,hz-013498-figment,sources/Hezareh_Dictionary_Index/source/Hezareh_Part_03_PDF_0501-0750.md#L9171-L9171,True
figurative,figurative,figurative,[],hz-013500,entry_candidate,raw_ocr,medium,3,579,,dictionary/F/F-03.md,hz-013500-figurative,sources/Hezareh_Dictionary_Index/source/Hezareh_Part_03_PDF_0501-0750.md#L9175-L9177,True
figuratively,figuratively,figuratively,[],hz-013501,entry_candidate,raw_ocr,low,3,579,,dictionary/F/F-03.md,hz-013501-figuratively,sources/Hezareh_Dictionary_Index/source/Hezareh_Part_03_PDF_0501-0750.md#L9178-L9179,True
figure,figure,figure,[],hz-013502,entry_candidate,raw_ocr,medium,3,579,,dictionary/F/F-03.md,hz-013502-figure,sources/Hezareh_Dictionary_Index/source/Hezareh_Part_03_PDF_0501-0750.md#L9180-L9203,True
figure eight,figure eight,figure eight,[],hz-013507,entry_candidate,raw_ocr,high,3,580,,dictionary/F/F-03.md,hz-013507-figure-eight,sources/Hezareh_Dictionary_Index/source/Hezareh_Part_03_PDF_0501-0750.md#L9241-L9242,True
figure of eight,figure of eight,figure of eight,[],hz-013509,entry_candidate,raw_ocr,high,3,580,,dictionary/F/F-03.md,hz-013509-figure-of-eight,sources/Hezareh_Dictionary_Index/source/Hezareh_Part_03_PDF_0501-0750.md#L9246-L9247,True
figure s,figure s,figure s,[],hz-013505,entry_candidate,raw_ocr,hint_only,3,580,,dictionary/F/F-03.md,hz-013505-figure-s,sources/Hezareh_Dictionary_Index/source/Hezareh_Part_03_PDF_0501-0750.md#L9207-L9207,False
figure skating,figure skating,figure skating,[],hz-013510,entry_candidate,raw_ocr,high,3,580,,dictionary/F/F-03.md,hz-013510-figure-skating,sources/Hezareh_Dictionary_Index/source/Hezareh_Part_03_PDF_0501-0750.md#L9248-L9250,True
figured,figured,figured,[],hz-013506,entry_candidate,raw_ocr,high,3,580,,dictionary/F/F-03.md,hz-013506-figured,sources/Hezareh_Dictionary_Index/source/Hezareh_Part_03_PDF_0501-0750.md#L9237-L9240,True
figurehead,figurehead,figurehead,[],hz-013508,entry_candidate,raw_ocr,high,3,580,,dictionary/F/F-03.md,hz-013508-figurehead,sources/Hezareh_Dictionary_Index/source/Hezareh_Part_03_PDF_0501-0750.md#L9243-L9245,True
figures of speech,figures of speech,figures of speech,[],hz-013511,entry_candidate,raw_ocr,high,3,580,,dictionary/F/F-03.md,hz-013511-figures-of-speech,sources/Hezareh_Dictionary_Index/source/Hezareh_Part_03_PDF_0501-0750.md#L9251-L9254,True
figurine,figurine,figurine,[],hz-013512,entry_candidate,raw_ocr,high,3,580,,dictionary/F/F-03.md,hz-013512-figurine,sources/Hezareh_Dictionary_Index/source/Hezareh_Part_03_PDF_0501-0750.md#L9255-L9257,True
fiinty,fiinty,fiinty,[],hz-013946,entry_candidate,raw_ocr,hint_only,3,602,,dictionary/F/F-03.md,hz-013946-fiinty,sources/Hezareh_Dictionary_Index/source/Hezareh_Part_03_PDF_0501-0750.md#L11711-L11711,False
filature,filature,filature,[],hz-013513,entry_candidate,raw_ocr,high,3,580,,dictionary/F/F-03.md,hz-013513-filature,sources/Hezareh_Dictionary_Index/source/Hezareh_Part_03_PDF_0501-0750.md#L9258-L9259,True
filbert,filbert,filbert,[],hz-013514,entry_candidate,raw_ocr,high,3,580,,dictionary/F/F-03.md,hz-013514-filbert,sources/Hezareh_Dictionary_Index/source/Hezareh_Part_03_PDF_0501-0750.md#L9260-L9299,True
file clerk,file clerk,file clerk,[],hz-013515,entry_candidate,raw_ocr,hint_only,3,580,,dictionary/F/F-03.md,hz-013515-file-clerk,sources/Hezareh_Dictionary_Index/source/Hezareh_Part_03_PDF_0501-0750.md#L9207-L9207,False
filial,filial,filial,[],hz-013516,entry_candidate,raw_ocr,high,3,580,,dictionary/F/F-03.md,hz-013516-filial,sources/Hezareh_Dictionary_Index/source/Hezareh_Part_03_PDF_0501-0750.md#L9300-L9301,True
filiation,filiation,filiation,[],hz-013517,entry_candidate,raw_ocr,high,3,580,,dictionary/F/F-03.md,hz-013517-filiation,sources/Hezareh_Dictionary_Index/source/Hezareh_Part_03_PDF_0501-0750.md#L9302-L9303,True
filibuster,filibuster,filibuster,[],hz-013518,entry_candidate,raw_ocr,high,3,580,,dictionary/F/F-03.md,hz-013518-filibuster,sources/Hezareh_Dictionary_Index/source/Hezareh_Part_03_PDF_0501-0750.md#L9304-L9318,True
filigree,filigree,filigree,[],hz-013519,entry_candidate,raw_ocr,high,3,581,,dictionary/F/F-03.md,hz-013519-filigree,sources/Hezareh_Dictionary_Index/source/Hezareh_Part_03_PDF_0501-0750.md#L9331-L9334,True
filings,filings,filings,[],hz-013520,entry_candidate,raw_ocr,medium,3,581,,dictionary/F/F-03.md,hz-013520-filings,sources/Hezareh_Dictionary_Index/source/Hezareh_Part_03_PDF_0501-0750.md#L9335-L9366,True
fill,fill,fill,[],hz-013521,entry_candidate,raw_ocr,high,3,581,,dictionary/F/F-03.md,hz-013521-fill,sources/Hezareh_Dictionary_Index/source/Hezareh_Part_03_PDF_0501-0750.md#L9367-L9394,True
filler,filler,filler,[],hz-013522,entry_candidate,raw_ocr,hint_only,3,581,,dictionary/F/F-03.md,hz-013522-filler,sources/Hezareh_Dictionary_Index/source/Hezareh_Part_03_PDF_0501-0750.md#L9322-L9322,False
fillet,fillet,fillet,[],hz-013523,entry_candidate,raw_ocr,high,3,581,,dictionary/F/F-03.md,hz-013523-fillet,sources/Hezareh_Dictionary_Index/source/Hezareh_Part_03_PDF_0501-0750.md#L9395-L9404,True
filling station,filling station,filling station,[],hz-013524,entry_candidate,raw_ocr,high,3,581,,dictionary/F/F-03.md,hz-013524-filling-station,sources/Hezareh_Dictionary_Index/source/Hezareh_Part_03_PDF_0501-0750.md#L9405-L9405,True
fillip,fillip,fillip,[],hz-013525,entry_candidate,raw_ocr,high,3,581,,dictionary/F/F-03.md,hz-013525-fillip,sources/Hezareh_Dictionary_Index/source/Hezareh_Part_03_PDF_0501-0750.md#L9406-L9408,True
filly,filly,filly,[],hz-013526,entry_candidate,raw_ocr,high,3,581,,dictionary/F/F-03.md,hz-013526-filly,sources/Hezareh_Dictionary_Index/source/Hezareh_Part_03_PDF_0501-0750.md#L9409-L9410,True
film,film,film,[],hz-013527,entry_candidate,raw_ocr,high,3,581,,dictionary/F/F-03.md,hz-013527-film,sources/Hezareh_Dictionary_Index/source/Hezareh_Part_03_PDF_0501-0750.md#L9411-L9413,True
film camera,film camera,film camera,[],hz-013534,entry_candidate,raw_ocr,high,3,582,,dictionary/F/F-03.md,hz-013534-film-camera,sources/Hezareh_Dictionary_Index/source/Hezareh_Part_03_PDF_0501-0750.md#L9443-L9443,True
film fan,film fan,film fan,[],hz-013535,entry_candidate,raw_ocr,high,3,582,,dictionary/F/F-03.md,hz-013535-film-fan,sources/Hezareh_Dictionary_Index/source/Hezareh_Part_03_PDF_0501-0750.md#L9444-L9444,True
film library,film library,film library,[],hz-013536,entry_candidate,raw_ocr,high,3,582,,dictionary/F/F-03.md,hz-013536-film-library,sources/Hezareh_Dictionary_Index/source/Hezareh_Part_03_PDF_0501-0750.md#L9445-L9445,True
film premiere,film premiere,film premiere,[],hz-013538,entry_candidate,raw_ocr,high,3,582,,dictionary/F/F-03.md,hz-013538-film-premiere,sources/Hezareh_Dictionary_Index/source/Hezareh_Part_03_PDF_0501-0750.md#L9447-L9448,True
film rights,film rights,film rights,[],hz-013529,entry_candidate,raw_ocr,high,3,582,,dictionary/F/F-03.md,hz-013529-film-rights,sources/Hezareh_Dictionary_Index/source/Hezareh_Part_03_PDF_0501-0750.md#L9449-L9449,True
film script,film script,film script,[],hz-013530,entry_candidate,raw_ocr,high,3,582,,dictionary/F/F-03.md,hz-013530-film-script,sources/Hezareh_Dictionary_Index/source/Hezareh_Part_03_PDF_0501-0750.md#L9450-L9450,True
film star,film star,film star,[],hz-013531,entry_candidate,raw_ocr,high,3,582,,dictionary/F/F-03.md,hz-013531-film-star,sources/Hezareh_Dictionary_Index/source/Hezareh_Part_03_PDF_0501-0750.md#L9451-L9451,True
film stock,film stock,film stock,[],hz-013532,entry_candidate,raw_ocr,high,3,582,,dictionary/F/F-03.md,hz-013532-film-stock,sources/Hezareh_Dictionary_Index/source/Hezareh_Part_03_PDF_0501-0750.md#L9452-L9452,True
film studio,film studio,film studio,[],hz-013540,entry_candidate,raw_ocr,high,3,582,,dictionary/F/F-03.md,hz-013540-film-studio,sources/Hezareh_Dictionary_Index/source/Hezareh_Part_03_PDF_0501-0750.md#L9454-L9455,True
film test,film test,film test,[],hz-013539,entry_candidate,raw_ocr,high,3,582,,dictionary/F/F-03.md,hz-013539-film-test,sources/Hezareh_Dictionary_Index/source/Hezareh_Part_03_PDF_0501-0750.md#L9456-L9457,True
film-maker,film-maker,film-maker,[],hz-013537,entry_candidate,raw_ocr,high,3,582,,dictionary/F/F-03.md,hz-013537-film-maker,sources/Hezareh_Dictionary_Index/source/Hezareh_Part_03_PDF_0501-0750.md#L9446-L9446,True
film-strip,film-strip,film-strip,[],hz-013533,entry_candidate,raw_ocr,high,3,582,,dictionary/F/F-03.md,hz-013533-film-strip,sources/Hezareh_Dictionary_Index/source/Hezareh_Part_03_PDF_0501-0750.md#L9453-L9453,True
filmy,filmy,filmy,[],hz-013541,entry_candidate,raw_ocr,high,3,582,,dictionary/F/F-03.md,hz-013541-filmy,sources/Hezareh_Dictionary_Index/source/Hezareh_Part_03_PDF_0501-0750.md#L9458-L9460,True
FilofaX,filofax,filofax,[],hz-013542,entry_candidate,raw_ocr,high,3,582,,dictionary/F/F-03.md,hz-013542-filofax,sources/Hezareh_Dictionary_Index/source/Hezareh_Part_03_PDF_0501-0750.md#L9461-L9481,True
filter bed,filter bed,filter bed,[],hz-013543,entry_candidate,raw_ocr,high,3,582,,dictionary/F/F-03.md,hz-013543-filter-bed,sources/Hezareh_Dictionary_Index/source/Hezareh_Part_03_PDF_0501-0750.md#L9482-L9484,True
filter light,filter light,filter light,[],hz-013544,entry_candidate,raw_ocr,high,3,582,,dictionary/F/F-03.md,hz-013544-filter-light,sources/Hezareh_Dictionary_Index/source/Hezareh_Part_03_PDF_0501-0750.md#L9485-L9485,True
filter paper,filter paper,filter paper,[],hz-013545,entry_candidate,raw_ocr,high,3,582,,dictionary/F/F-03.md,hz-013545-filter-paper,sources/Hezareh_Dictionary_Index/source/Hezareh_Part_03_PDF_0501-0750.md#L9486-L9486,True
filter tip,filter tip,filter tip,[],hz-013546,entry_candidate,raw_ocr,high,3,582,,dictionary/F/F-03.md,hz-013546-filter-tip,sources/Hezareh_Dictionary_Index/source/Hezareh_Part_03_PDF_0501-0750.md#L9487-L9494,True
filter tipped,filter tipped,filter tipped,[],hz-013547,entry_candidate,raw_ocr,high,3,582,,dictionary/F/F-03.md,hz-013547-filter-tipped,sources/Hezareh_Dictionary_Index/source/Hezareh_Part_03_PDF_0501-0750.md#L9495-L9495,True
filth,filth,filth,[],hz-013548,entry_candidate,raw_ocr,high,3,582,,dictionary/F/F-03.md,hz-013548-filth,sources/Hezareh_Dictionary_Index/source/Hezareh_Part_03_PDF_0501-0750.md#L9496-L9502,True
filthiness,filthiness,filthiness,[],hz-013549,entry_candidate,raw_ocr,hint_only,3,582,,dictionary/F/F-03.md,hz-013549-filthiness,sources/Hezareh_Dictionary_Index/source/Hezareh_Part_03_PDF_0501-0750.md#L9433-L9433,False
filthy,filthy,filthy,[],hz-013550,entry_candidate,raw_ocr,high,3,582,,dictionary/F/F-03.md,hz-013550-filthy,sources/Hezareh_Dictionary_Index/source/Hezareh_Part_03_PDF_0501-0750.md#L9503-L9509,True
filtrate,filtrate,filtrate,[],hz-013551,entry_candidate,raw_ocr,high,3,582,,dictionary/F/F-03.md,hz-013551-filtrate,sources/Hezareh_Dictionary_Index/source/Hezareh_Part_03_PDF_0501-0750.md#L9510-L9515,True
filtration,filtration,filtration,[],hz-013552,entry_candidate,raw_ocr,high,3,582,,dictionary/F/F-03.md,hz-013552-filtration,sources/Hezareh_Dictionary_Index/source/Hezareh_Part_03_PDF_0501-0750.md#L9516-L9516,True
fin,fin,fin,[],hz-013553,entry_candidate,raw_ocr,high,3,582,,dictionary/F/F-03.md,hz-013553-fin,sources/Hezareh_Dictionary_Index/source/Hezareh_Part_03_PDF_0501-0750.md#L9517-L9518,True
finable,finable,finable,[],hz-013554,entry_candidate,raw_ocr,high,3,582,,dictionary/F/F-03.md,hz-013554-finable,sources/Hezareh_Dictionary_Index/source/Hezareh_Part_03_PDF_0501-0750.md#L9519-L9532,True
finalise,finalise,finalise,[],hz-013556,entry_candidate,raw_ocr,high,3,582,,dictionary/F/F-03.md,hz-013556-finalise,sources/Hezareh_Dictionary_Index/source/Hezareh_Part_03_PDF_0501-0750.md#L9537-L9537,True
finalist,finalist,finalist,[],hz-013557,entry_candidate,raw_ocr,high,3,582,,dictionary/F/F-03.md,hz-013557-finalist,sources/Hezareh_Dictionary_Index/source/Hezareh_Part_03_PDF_0501-0750.md#L9538-L9543,True
finality,finality,finality,[],hz-013558,entry_candidate,raw_ocr,high,3,583,,dictionary/F/F-03.md,hz-013558-finality,sources/Hezareh_Dictionary_Index/source/Hezareh_Part_03_PDF_0501-0750.md#L9556-L9559,True
finalize,finalize,finalize,[],hz-013559,entry_candidate,raw_ocr,medium,3,583,,dictionary/F/F-03.md,hz-013559-finalize,sources/Hezareh_Dictionary_Index/source/Hezareh_Part_03_PDF_0501-0750.md#L9560-L9562,True
finally,finally,finally,[],hz-013560,entry_candidate,raw_ocr,medium,3,583,,dictionary/F/F-03.md,hz-013560-finally,sources/Hezareh_Dictionary_Index/source/Hezareh_Part_03_PDF_0501-0750.md#L9563-L9575,True
finance,finance,finance,[],hz-013561,entry_candidate,raw_ocr,high,3,583,,dictionary/F/F-03.md,hz-013561-finance,sources/Hezareh_Dictionary_Index/source/Hezareh_Part_03_PDF_0501-0750.md#L9576-L9577,True
finance COITipany,finance coitipany,finance coitipany,[],hz-013562,entry_candidate,raw_ocr,hint_only,3,583,,dictionary/F/F-03.md,hz-013562-finance-coitipany,sources/Hezareh_Dictionary_Index/source/Hezareh_Part_03_PDF_0501-0750.md#L9547-L9547,False
finance house,finance house,finance house,[],hz-013563,entry_candidate,raw_ocr,high,3,583,,dictionary/F/F-03.md,hz-013563-finance-house,sources/Hezareh_Dictionary_Index/source/Hezareh_Part_03_PDF_0501-0750.md#L9578-L9579,True
financial,financial,financial,[],hz-013565,entry_candidate,raw_ocr,medium,3,583,,dictionary/F/F-03.md,hz-013565-financial,sources/Hezareh_Dictionary_Index/source/Hezareh_Part_03_PDF_0501-0750.md#L9580-L9584,True
financial year,financial year,financial year,[],hz-013566,entry_candidate,raw_ocr,hint_only,3,583,,dictionary/F/F-03.md,hz-013566-financial-year,sources/Hezareh_Dictionary_Index/source/Hezareh_Part_03_PDF_0501-0750.md#L9547-L9547,False
financier,financier,financier,[],hz-013567,entry_candidate,raw_ocr,high,3,583,,dictionary/F/F-03.md,hz-013567-financier,sources/Hezareh_Dictionary_Index/source/Hezareh_Part_03_PDF_0501-0750.md#L9585-L9586,True
finch,finch,finch,[],hz-013568,entry_candidate,raw_ocr,medium,3,583,,dictionary/F/F-03.md,hz-013568-finch,sources/Hezareh_Dictionary_Index/source/Hezareh_Part_03_PDF_0501-0750.md#L9587-L9611,True
find,find,find,[],hz-012877,entry_candidate,raw_ocr,high,3,543,,dictionary/F/F-03.md,hz-012877-find,sources/Hezareh_Dictionary_Index/source/Hezareh_Part_03_PDF_0501-0750.md#L4937-L4942,True
find,find,find,[],hz-013569,entry_candidate,raw_ocr,high,3,583,,dictionary/F/F-03.md,hz-013569-find,sources/Hezareh_Dictionary_Index/source/Hezareh_Part_03_PDF_0501-0750.md#L9630-L9654,True
find,find,find,[],hz-030330,entry_candidate,raw_ocr,high,7,1504,,dictionary/F/F-03.md,hz-030330-find,sources/Hezareh_Dictionary_Index/source/Hezareh_Part_07_PDF_1501-1750.md#L591-L591,True
find it in one's hcart,find it in one's hcart,find it in one's hcart,[],hz-013570,entry_candidate,raw_ocr,hint_only,3,583,,dictionary/F/F-03.md,hz-013570-find-it-in-one-s-hcart,sources/Hezareh_Dictionary_Index/source/Hezareh_Part_03_PDF_0501-0750.md#L9547-L9547,False
find neither hide nor hair of sb,find neither hide nor hair of sb,find neither hide nor hair of sb,[],hz-017155,entry_candidate,raw_ocr,medium,4,760,,dictionary/F/F-03.md,hz-017155-find-neither-hide-nor-hair-of-sb,sources/Hezareh_Dictionary_Index/source/Hezareh_Part_04_PDF_0751-1000.md#L1179-L1182,True
find one's voice,find one's voice,find one's voice,[],hz-013564,entry_candidate,raw_ocr,medium,3,583,,dictionary/F/F-03.md,hz-013564-find-one-s-voice,sources/Hezareh_Dictionary_Index/source/Hezareh_Part_03_PDF_0501-0750.md#L9612-L9629,True
find out,find out,find out,[],hz-021217,entry_candidate,raw_ocr,medium,4,937,,dictionary/F/F-03.md,hz-021217-find-out,sources/Hezareh_Dictionary_Index/source/Hezareh_Part_04_PDF_0751-1000.md#L21335-L21377,True
find sh,find sh,find sh,[],hz-013571,entry_candidate,raw_ocr,hint_only,3,583,,dictionary/F/F-03.md,hz-013571-find-sh,sources/Hezareh_Dictionary_Index/source/Hezareh_Part_03_PDF_0501-0750.md#L9547-L9547,False
find sth heavy going,find sth heavy going,find sth heavy going,[],hz-016927,entry_candidate,raw_ocr,low,4,751,,dictionary/F/F-03.md,hz-016927-find-sth-heavy-going,sources/Hezareh_Dictionary_Index/source/Hezareh_Part_04_PDF_0751-1000.md#L184-L193,True
finder,finder,finder,[],hz-013572,entry_candidate,raw_ocr,high,3,584,,dictionary/F/F-03.md,hz-013572-finder,sources/Hezareh_Dictionary_Index/source/Hezareh_Part_03_PDF_0501-0750.md#L9678-L9680,True
finding,finding,finding,[],hz-013573,entry_candidate,raw_ocr,high,3,584,,dictionary/F/F-03.md,hz-013573-finding,sources/Hezareh_Dictionary_Index/source/Hezareh_Part_03_PDF_0501-0750.md#L9681-L9739,True
fine art,fine art,fine art,[],hz-013576,entry_candidate,raw_ocr,high,3,584,,dictionary/F/F-03.md,hz-013576-fine-art,sources/Hezareh_Dictionary_Index/source/Hezareh_Part_03_PDF_0501-0750.md#L9750-L9750,True
fine arts,fine arts,fine arts,[],hz-013577,entry_candidate,raw_ocr,high,3,584,,dictionary/F/F-03.md,hz-013577-fine-arts,sources/Hezareh_Dictionary_Index/source/Hezareh_Part_03_PDF_0501-0750.md#L9751-L9751,True
fine-drawn,fine-drawn,fine-drawn,[],hz-013578,entry_candidate,raw_ocr,high,3,584,,dictionary/F/F-03.md,hz-013578-fine-drawn,sources/Hezareh_Dictionary_Index/source/Hezareh_Part_03_PDF_0501-0750.md#L9752-L9756,True
fine-spoken,fine-spoken,fine-spoken,[],hz-013581,entry_candidate,raw_ocr,medium,3,585,,dictionary/F/F-03.md,hz-013581-fine-spoken,sources/Hezareh_Dictionary_Index/source/Hezareh_Part_03_PDF_0501-0750.md#L9783-L9784,True
fine-spun,fine-spun,fine-spun,[],hz-013582,entry_candidate,raw_ocr,medium,3,585,,dictionary/F/F-03.md,hz-013582-fine-spun,sources/Hezareh_Dictionary_Index/source/Hezareh_Part_03_PDF_0501-0750.md#L9785-L9786,True
fine-tooth comb,fine-tooth comb,fine-tooth comb,[],hz-013584,entry_candidate,raw_ocr,medium,3,585,,dictionary/F/F-03.md,hz-013584-fine-tooth-comb,sources/Hezareh_Dictionary_Index/source/Hezareh_Part_03_PDF_0501-0750.md#L9792-L9794,True
fine-tune,fine-tune,fine-tune,[],hz-013585,entry_candidate,raw_ocr,high,3,585,,dictionary/F/F-03.md,hz-013585-fine-tune,sources/Hezareh_Dictionary_Index/source/Hezareh_Part_03_PDF_0501-0750.md#L9795-L9803,True
fineable,fineable,fineable,[],hz-013575,entry_candidate,raw_ocr,high,3,584,,dictionary/F/F-03.md,hz-013575-fineable,sources/Hezareh_Dictionary_Index/source/Hezareh_Part_03_PDF_0501-0750.md#L9748-L9749,True
finely,finely,finely,[],hz-013579,entry_candidate,raw_ocr,high,3,584,,dictionary/F/F-03.md,hz-013579-finely,sources/Hezareh_Dictionary_Index/source/Hezareh_Part_03_PDF_0501-0750.md#L9757-L9767,True
finery,finery,finery,[],hz-013580,entry_candidate,raw_ocr,high,3,585,,dictionary/F/F-03.md,hz-013580-finery,sources/Hezareh_Dictionary_Index/source/Hezareh_Part_03_PDF_0501-0750.md#L9780-L9782,True
finesse,finesse,finesse,[],hz-013583,entry_candidate,raw_ocr,medium,3,585,,dictionary/F/F-03.md,hz-013583-finesse,sources/Hezareh_Dictionary_Index/source/Hezareh_Part_03_PDF_0501-0750.md#L9787-L9791,True
finger,finger,finger,[],hz-013586,entry_candidate,raw_ocr,low,3,585,,dictionary/F/F-03.md,hz-013586-finger,sources/Hezareh_Dictionary_Index/source/Hezareh_Part_03_PDF_0501-0750.md#L9849-L9855,True
finger-alphabet,finger-alphabet,finger-alphabet,[],hz-013588,entry_candidate,raw_ocr,high,3,585,,dictionary/F/F-03.md,hz-013588-finger-alphabet,sources/Hezareh_Dictionary_Index/source/Hezareh_Part_03_PDF_0501-0750.md#L9856-L9857,True
finger-board,finger-board,finger-board,[],hz-013589,entry_candidate,raw_ocr,medium,3,585,,dictionary/F/F-03.md,hz-013589-finger-board,sources/Hezareh_Dictionary_Index/source/Hezareh_Part_03_PDF_0501-0750.md#L9858-L9859,True
finger-bowl,finger-bowl,finger-bowl,[],hz-013590,entry_candidate,raw_ocr,low,3,585,,dictionary/F/F-03.md,hz-013590-finger-bowl,sources/Hezareh_Dictionary_Index/source/Hezareh_Part_03_PDF_0501-0750.md#L9860-L9860,True
finger-mark,finger-mark,finger-mark,[],hz-013592,entry_candidate,raw_ocr,medium,3,585,,dictionary/F/F-03.md,hz-013592-finger-mark,sources/Hezareh_Dictionary_Index/source/Hezareh_Part_03_PDF_0501-0750.md#L9865-L9866,True
finger-plate,finger-plate,finger-plate,[],hz-013594,entry_candidate,raw_ocr,medium,3,585,,dictionary/F/F-03.md,hz-013594-finger-plate,sources/Hezareh_Dictionary_Index/source/Hezareh_Part_03_PDF_0501-0750.md#L9868-L9877,True
fingering,fingering,fingering,[],hz-013591,entry_candidate,raw_ocr,medium,3,585,,dictionary/F/F-03.md,hz-013591-fingering,sources/Hezareh_Dictionary_Index/source/Hezareh_Part_03_PDF_0501-0750.md#L9861-L9864,True
fingernail,fingernail,fingernail,[],hz-013593,entry_candidate,raw_ocr,medium,3,585,,dictionary/F/F-03.md,hz-013593-fingernail,sources/Hezareh_Dictionary_Index/source/Hezareh_Part_03_PDF_0501-0750.md#L9867-L9867,True
fingerstall,fingerstall,fingerstall,[],hz-013595,entry_candidate,raw_ocr,low,3,585,,dictionary/F/F-03.md,hz-013595-fingerstall,sources/Hezareh_Dictionary_Index/source/Hezareh_Part_03_PDF_0501-0750.md#L9878-L9878,True
fingertip,fingertip,fingertip,[],hz-013596,entry_candidate,raw_ocr,medium,3,585,,dictionary/F/F-03.md,hz-013596-fingertip,sources/Hezareh_Dictionary_Index/source/Hezareh_Part_03_PDF_0501-0750.md#L9879-L9882,True
finial,finial,finial,[],hz-013597,entry_candidate,raw_ocr,medium,3,586,,dictionary/F/F-03.md,hz-013597-finial,sources/Hezareh_Dictionary_Index/source/Hezareh_Part_03_PDF_0501-0750.md#L9897-L9898,True
finical,finical,finical,[],hz-013598,entry_candidate,raw_ocr,high,3,586,,dictionary/F/F-03.md,hz-013598-finical,sources/Hezareh_Dictionary_Index/source/Hezareh_Part_03_PDF_0501-0750.md#L9899-L9899,True
finicking,finicking,finicking,[],hz-013599,entry_candidate,raw_ocr,high,3,586,,dictionary/F/F-03.md,hz-013599-finicking,sources/Hezareh_Dictionary_Index/source/Hezareh_Part_03_PDF_0501-0750.md#L9900-L9903,True
finicky,finicky,finicky,[],hz-013600,entry_candidate,raw_ocr,low,3,586,,dictionary/F/F-03.md,hz-013600-finicky,sources/Hezareh_Dictionary_Index/source/Hezareh_Part_03_PDF_0501-0750.md#L9899-L9899,True
finis,finis,finis,[],hz-013601,entry_candidate,raw_ocr,low,3,586,,dictionary/F/F-03.md,hz-013601-finis,sources/Hezareh_Dictionary_Index/source/Hezareh_Part_03_PDF_0501-0750.md#L9904-L9949,True
finish,finish,finish,[],hz-013602,entry_candidate,raw_ocr,high,3,586,,dictionary/F/F-03.md,hz-013602-finish,sources/Hezareh_Dictionary_Index/source/Hezareh_Part_03_PDF_0501-0750.md#L9950-L9971,True
finished,finished,finished,[],hz-013603,entry_candidate,raw_ocr,low,3,586,,dictionary/F/F-03.md,hz-013603-finished,sources/Hezareh_Dictionary_Index/source/Hezareh_Part_03_PDF_0501-0750.md#L9972-L9977,True
finisher,finisher,finisher,[],hz-013604,entry_candidate,raw_ocr,hint_only,3,586,,dictionary/F/F-03.md,hz-013604-finisher,sources/Hezareh_Dictionary_Index/source/Hezareh_Part_03_PDF_0501-0750.md#L9886-L9886,False
finishing line,finishing line,finishing line,[],hz-013605,entry_candidate,raw_ocr,high,3,586,,dictionary/F/F-03.md,hz-013605-finishing-line,sources/Hezareh_Dictionary_Index/source/Hezareh_Part_03_PDF_0501-0750.md#L9978-L9978,True
finishing school,finishing school,finishing school,[],hz-013606,entry_candidate,raw_ocr,high,3,586,,dictionary/F/F-03.md,hz-013606-finishing-school,sources/Hezareh_Dictionary_Index/source/Hezareh_Part_03_PDF_0501-0750.md#L9979-L9980,True
finite,finite,finite,[],hz-013607,entry_candidate,raw_ocr,high,3,586,,dictionary/F/F-03.md,hz-013607-finite,sources/Hezareh_Dictionary_Index/source/Hezareh_Part_03_PDF_0501-0750.md#L9981-L9983,True
Finland,finland,finland,[],hz-013608,entry_candidate,raw_ocr,high,3,586,,dictionary/F/F-03.md,hz-013608-finland,sources/Hezareh_Dictionary_Index/source/Hezareh_Part_03_PDF_0501-0750.md#L9984-L9984,True
Finn,finn,finn,[],hz-013609,entry_candidate,raw_ocr,high,3,586,,dictionary/F/F-03.md,hz-013609-finn,sources/Hezareh_Dictionary_Index/source/Hezareh_Part_03_PDF_0501-0750.md#L9985-L9986,True
finnan haddie,finnan haddie,finnan haddie,[],hz-013611,entry_candidate,raw_ocr,high,3,586,,dictionary/F/F-03.md,hz-013611-finnan-haddie,sources/Hezareh_Dictionary_Index/source/Hezareh_Part_03_PDF_0501-0750.md#L9987-L9988,True
finnant'fman,finnant'fman,finnant'fman,[],hz-013610,entry_candidate,raw_ocr,hint_only,3,586,,dictionary/F/F-03.md,hz-013610-finnant-fman,sources/Hezareh_Dictionary_Index/source/Hezareh_Part_03_PDF_0501-0750.md#L9886-L9886,False
Finnish,finnish,finnish,[],hz-013612,entry_candidate,raw_ocr,high,3,586,,dictionary/F/F-03.md,hz-013612-finnish,sources/Hezareh_Dictionary_Index/source/Hezareh_Part_03_PDF_0501-0750.md#L9989-L9991,True
fiord,fiord,fiord,[],hz-013613,entry_candidate,raw_ocr,high,3,586,,dictionary/F/F-03.md,hz-013613-fiord,sources/Hezareh_Dictionary_Index/source/Hezareh_Part_03_PDF_0501-0750.md#L9992-L9996,True
fir,fir,fir,[],hz-013614,entry_candidate,raw_ocr,high,3,587,,dictionary/F/F-03.md,hz-013614-fir,sources/Hezareh_Dictionary_Index/source/Hezareh_Part_03_PDF_0501-0750.md#L10009-L10068,True
fire at,fire at,fire at,[],hz-013615,entry_candidate,raw_ocr,medium,3,587,,dictionary/F/F-03.md,hz-013615-fire-at,sources/Hezareh_Dictionary_Index/source/Hezareh_Part_03_PDF_0501-0750.md#L10094-L10108,True
fire brigade,fire brigade,fire brigade,[],hz-013623,entry_candidate,raw_ocr,high,3,588,,dictionary/F/F-03.md,hz-013623-fire-brigade,sources/Hezareh_Dictionary_Index/source/Hezareh_Part_03_PDF_0501-0750.md#L10139-L10140,True
fire department,fire department,fire department,[],hz-013629,entry_candidate,raw_ocr,high,3,588,,dictionary/F/F-03.md,hz-013629-fire-department,sources/Hezareh_Dictionary_Index/source/Hezareh_Part_03_PDF_0501-0750.md#L10147-L10148,True
fire door,fire door,fire door,[],hz-013631,entry_candidate,raw_ocr,hint_only,3,588,,dictionary/F/F-03.md,hz-013631-fire-door,sources/Hezareh_Dictionary_Index/source/Hezareh_Part_03_PDF_0501-0750.md#L10112-L10112,False
fire exit,fire exit,fire exit,[],hz-013635,entry_candidate,raw_ocr,high,3,588,,dictionary/F/F-03.md,hz-013635-fire-exit,sources/Hezareh_Dictionary_Index/source/Hezareh_Part_03_PDF_0501-0750.md#L10160-L10160,True
fire extinguisher,fire extinguisher,fire extinguisher,[],hz-013636,entry_candidate,raw_ocr,high,3,588,,dictionary/F/F-03.md,hz-013636-fire-extinguisher,sources/Hezareh_Dictionary_Index/source/Hezareh_Part_03_PDF_0501-0750.md#L10161-L10164,True
fire hydrant,fire hydrant,fire hydrant,[],hz-013642,entry_candidate,raw_ocr,high,3,588,,dictionary/F/F-03.md,hz-013642-fire-hydrant,sources/Hezareh_Dictionary_Index/source/Hezareh_Part_03_PDF_0501-0750.md#L10178-L10181,True
fire lnsurance,fire lnsurance,fire lnsurance,[],hz-013643,entry_candidate,raw_ocr,hint_only,3,588,,dictionary/F/F-03.md,hz-013643-fire-lnsurance,sources/Hezareh_Dictionary_Index/source/Hezareh_Part_03_PDF_0501-0750.md#L10112-L10112,False
fire practice,fire practice,fire practice,[],hz-013650,entry_candidate,raw_ocr,high,3,588,,dictionary/F/F-03.md,hz-013650-fire-practice,sources/Hezareh_Dictionary_Index/source/Hezareh_Part_03_PDF_0501-0750.md#L10191-L10191,True
fire prevention,fire prevention,fire prevention,[],hz-013651,entry_candidate,raw_ocr,high,3,588,,dictionary/F/F-03.md,hz-013651-fire-prevention,sources/Hezareh_Dictionary_Index/source/Hezareh_Part_03_PDF_0501-0750.md#L10192-L10193,True
Fire Service,fire service,fire service,[],hz-013654,entry_candidate,raw_ocr,high,3,588,,dictionary/F/F-03.md,hz-013654-fire-service,sources/Hezareh_Dictionary_Index/source/Hezareh_Part_03_PDF_0501-0750.md#L10198-L10198,True
fire station,fire station,fire station,[],hz-013656,entry_candidate,raw_ocr,high,3,588,,dictionary/F/F-03.md,hz-013656-fire-station,sources/Hezareh_Dictionary_Index/source/Hezareh_Part_03_PDF_0501-0750.md#L10203-L10203,True
fire warden,fire warden,fire warden,[],hz-013663,entry_candidate,raw_ocr,hint_only,3,588,,dictionary/F/F-03.md,hz-013663-fire-warden,sources/Hezareh_Dictionary_Index/source/Hezareh_Part_03_PDF_0501-0750.md#L10112-L10112,False
fire worship,fire worship,fire worship,[],hz-013664,entry_candidate,raw_ocr,high,3,589,,dictionary/F/F-03.md,hz-013664-fire-worship,sources/Hezareh_Dictionary_Index/source/Hezareh_Part_03_PDF_0501-0750.md#L10236-L10244,True
fire-alarm,fire-alarm,fire-alarm,[],hz-013616,entry_candidate,raw_ocr,high,3,588,,dictionary/F/F-03.md,hz-013616-fire-alarm,sources/Hezareh_Dictionary_Index/source/Hezareh_Part_03_PDF_0501-0750.md#L10122-L10124,True
fire-ball,fire-ball,fire-ball,[],hz-013617,entry_candidate,raw_ocr,high,3,588,,dictionary/F/F-03.md,hz-013617-fire-ball,sources/Hezareh_Dictionary_Index/source/Hezareh_Part_03_PDF_0501-0750.md#L10125-L10130,True
fire-bomb,fire-bomb,fire-bomb,[],hz-013618,entry_candidate,raw_ocr,high,3,588,,dictionary/F/F-03.md,hz-013618-fire-bomb,sources/Hezareh_Dictionary_Index/source/Hezareh_Part_03_PDF_0501-0750.md#L10131-L10131,True
fire-bOX,fire-box,fire-box,[],hz-013619,entry_candidate,raw_ocr,high,3,588,,dictionary/F/F-03.md,hz-013619-fire-box,sources/Hezareh_Dictionary_Index/source/Hezareh_Part_03_PDF_0501-0750.md#L10132-L10133,True
fire-brick,fire-brick,fire-brick,[],hz-013622,entry_candidate,raw_ocr,high,3,588,,dictionary/F/F-03.md,hz-013622-fire-brick,sources/Hezareh_Dictionary_Index/source/Hezareh_Part_03_PDF_0501-0750.md#L10138-L10138,True
fire-clay,fire-clay,fire-clay,[],hz-013625,entry_candidate,raw_ocr,high,3,588,,dictionary/F/F-03.md,hz-013625-fire-clay,sources/Hezareh_Dictionary_Index/source/Hezareh_Part_03_PDF_0501-0750.md#L10142-L10144,True
fire-drill,fire-drill,fire-drill,[],hz-013632,entry_candidate,raw_ocr,high,3,588,,dictionary/F/F-03.md,hz-013632-fire-drill,sources/Hezareh_Dictionary_Index/source/Hezareh_Part_03_PDF_0501-0750.md#L10152-L10152,True
fire-eater,fire-eater,fire-eater,[],hz-013633,entry_candidate,raw_ocr,high,3,588,,dictionary/F/F-03.md,hz-013633-fire-eater,sources/Hezareh_Dictionary_Index/source/Hezareh_Part_03_PDF_0501-0750.md#L10153-L10155,True
fire-engine,fire-engine,fire-engine,[],hz-013634,entry_candidate,raw_ocr,high,3,588,,dictionary/F/F-03.md,hz-013634-fire-engine,sources/Hezareh_Dictionary_Index/source/Hezareh_Part_03_PDF_0501-0750.md#L10156-L10159,True
fire-fighter,fire-fighter,fire-fighter,[],hz-013637,entry_candidate,raw_ocr,hint_only,3,588,,dictionary/F/F-03.md,hz-013637-fire-fighter,sources/Hezareh_Dictionary_Index/source/Hezareh_Part_03_PDF_0501-0750.md#L10112-L10112,False
fire-guard,fire-guard,fire-guard,[],hz-013639,entry_candidate,raw_ocr,high,3,588,,dictionary/F/F-03.md,hz-013639-fire-guard,sources/Hezareh_Dictionary_Index/source/Hezareh_Part_03_PDF_0501-0750.md#L10166-L10174,True
fire-hose,fire-hose,fire-hose,[],hz-013640,entry_candidate,raw_ocr,high,3,588,,dictionary/F/F-03.md,hz-013640-fire-hose,sources/Hezareh_Dictionary_Index/source/Hezareh_Part_03_PDF_0501-0750.md#L10175-L10176,True
fire-plug,fire-plug,fire-plug,[],hz-013648,entry_candidate,raw_ocr,high,3,588,,dictionary/F/F-03.md,hz-013648-fire-plug,sources/Hezareh_Dictionary_Index/source/Hezareh_Part_03_PDF_0501-0750.md#L10188-L10188,True
fire-power,fire-power,fire-power,[],hz-013649,entry_candidate,raw_ocr,high,3,588,,dictionary/F/F-03.md,hz-013649-fire-power,sources/Hezareh_Dictionary_Index/source/Hezareh_Part_03_PDF_0501-0750.md#L10189-L10190,True
fire-raisingl'fara rema,fire-raisingl'fara rema,fire-raisingl'fara rema,[],hz-013653,entry_candidate,raw_ocr,hint_only,3,588,,dictionary/F/F-03.md,hz-013653-fire-raisingl-fara-rema,sources/Hezareh_Dictionary_Index/source/Hezareh_Part_03_PDF_0501-0750.md#L10112-L10112,False
fire-walker,fire-walker,fire-walker,[],hz-013658,entry_candidate,raw_ocr,high,3,588,,dictionary/F/F-03.md,hz-013658-fire-walker,sources/Hezareh_Dictionary_Index/source/Hezareh_Part_03_PDF_0501-0750.md#L10206-L10207,True
fire-walking,fire-walking,fire-walking,[],hz-013659,entry_candidate,raw_ocr,high,3,588,,dictionary/F/F-03.md,hz-013659-fire-walking,sources/Hezareh_Dictionary_Index/source/Hezareh_Part_03_PDF_0501-0750.md#L10208-L10211,True
fire-water,fire-water,fire-water,[],hz-013660,entry_candidate,raw_ocr,high,3,588,,dictionary/F/F-03.md,hz-013660-fire-water,sources/Hezareh_Dictionary_Index/source/Hezareh_Part_03_PDF_0501-0750.md#L10212-L10213,True
firebrand,firebrand,firebrand,[],hz-013620,entry_candidate,raw_ocr,high,3,588,,dictionary/F/F-03.md,hz-013620-firebrand,sources/Hezareh_Dictionary_Index/source/Hezareh_Part_03_PDF_0501-0750.md#L10134-L10135,True
firebreak,firebreak,firebreak,[],hz-013621,entry_candidate,raw_ocr,high,3,588,,dictionary/F/F-03.md,hz-013621-firebreak,sources/Hezareh_Dictionary_Index/source/Hezareh_Part_03_PDF_0501-0750.md#L10136-L10137,True
firebug,firebug,firebug,[],hz-013624,entry_candidate,raw_ocr,high,3,588,,dictionary/F/F-03.md,hz-013624-firebug,sources/Hezareh_Dictionary_Index/source/Hezareh_Part_03_PDF_0501-0750.md#L10141-L10141,True
firecracker,firecracker,firecracker,[],hz-013627,entry_candidate,raw_ocr,high,3,588,,dictionary/F/F-03.md,hz-013627-firecracker,sources/Hezareh_Dictionary_Index/source/Hezareh_Part_03_PDF_0501-0750.md#L10145-L10145,True
firedamp,firedamp,firedamp,[],hz-013628,entry_candidate,raw_ocr,high,3,588,,dictionary/F/F-03.md,hz-013628-firedamp,sources/Hezareh_Dictionary_Index/source/Hezareh_Part_03_PDF_0501-0750.md#L10146-L10146,True
firedog,firedog,firedog,[],hz-013630,entry_candidate,raw_ocr,high,3,588,,dictionary/F/F-03.md,hz-013630-firedog,sources/Hezareh_Dictionary_Index/source/Hezareh_Part_03_PDF_0501-0750.md#L10149-L10151,True
firefly,firefly,firefly,[],hz-013638,entry_candidate,raw_ocr,high,3,588,,dictionary/F/F-04.md,hz-013638-firefly,sources/Hezareh_Dictionary_Index/source/Hezareh_Part_03_PDF_0501-0750.md#L10165-L10165,True
firehouse,firehouse,firehouse,[],hz-013641,entry_candidate,raw_ocr,high,3,588,,dictionary/F/F-04.md,hz-013641-firehouse,sources/Hezareh_Dictionary_Index/source/Hezareh_Part_03_PDF_0501-0750.md#L10177-L10177,True
firelight,firelight,firelight,[],hz-013644,entry_candidate,raw_ocr,high,3,588,,dictionary/F/F-04.md,hz-013644-firelight,sources/Hezareh_Dictionary_Index/source/Hezareh_Part_03_PDF_0501-0750.md#L10182-L10183,True
firelighter,firelighter,firelighter,[],hz-013645,entry_candidate,raw_ocr,hint_only,3,588,,dictionary/F/F-04.md,hz-013645-firelighter,sources/Hezareh_Dictionary_Index/source/Hezareh_Part_03_PDF_0501-0750.md#L10112-L10112,False
fireman,fireman,fireman,[],hz-013646,entry_candidate,raw_ocr,high,3,588,,dictionary/F/F-04.md,hz-013646-fireman,sources/Hezareh_Dictionary_Index/source/Hezareh_Part_03_PDF_0501-0750.md#L10184-L10186,True
fireman,fireman,fireman,[],hz-019928,entry_candidate,raw_ocr,high,4,872,,dictionary/F/F-04.md,hz-019928-fireman,sources/Hezareh_Dictionary_Index/source/Hezareh_Part_04_PDF_0751-1000.md#L13907-L13915,True
fireplace,fireplace,fireplace,[],hz-013647,entry_candidate,raw_ocr,high,3,588,,dictionary/F/F-04.md,hz-013647-fireplace,sources/Hezareh_Dictionary_Index/source/Hezareh_Part_03_PDF_0501-0750.md#L10187-L10187,True
fireproof,fireproof,fireproof,[],hz-013652,entry_candidate,raw_ocr,high,3,588,,dictionary/F/F-04.md,hz-013652-fireproof,sources/Hezareh_Dictionary_Index/source/Hezareh_Part_03_PDF_0501-0750.md#L10194-L10197,True
fireside,fireside,fireside,[],hz-013655,entry_candidate,raw_ocr,high,3,588,,dictionary/F/F-04.md,hz-013655-fireside,sources/Hezareh_Dictionary_Index/source/Hezareh_Part_03_PDF_0501-0750.md#L10199-L10202,True
firestone,firestone,firestone,[],hz-013657,entry_candidate,raw_ocr,high,3,588,,dictionary/F/F-04.md,hz-013657-firestone,sources/Hezareh_Dictionary_Index/source/Hezareh_Part_03_PDF_0501-0750.md#L10204-L10205,True
firewood,firewood,firewood,[],hz-013661,entry_candidate,raw_ocr,high,3,588,,dictionary/F/F-04.md,hz-013661-firewood,sources/Hezareh_Dictionary_Index/source/Hezareh_Part_03_PDF_0501-0750.md#L10214-L10214,True
firework,firework,firework,[],hz-013662,entry_candidate,raw_ocr,high,3,588,,dictionary/F/F-04.md,hz-013662-firework,sources/Hezareh_Dictionary_Index/source/Hezareh_Part_03_PDF_0501-0750.md#L10215-L10223,True
firing,firing,firing,[],hz-013665,entry_candidate,raw_ocr,high,3,589,,dictionary/F/F-04.md,hz-013665-firing,sources/Hezareh_Dictionary_Index/source/Hezareh_Part_03_PDF_0501-0750.md#L10249-L10250,True
firing order,firing order,firing order,[],hz-013667,entry_candidate,raw_ocr,high,3,589,,dictionary/F/F-04.md,hz-013667-firing-order,sources/Hezareh_Dictionary_Index/source/Hezareh_Part_03_PDF_0501-0750.md#L10249-L10250,True
firing pin,firing pin,firing pin,[],hz-013669,entry_candidate,raw_ocr,medium,3,589,,dictionary/F/F-04.md,hz-013669-firing-pin,sources/Hezareh_Dictionary_Index/source/Hezareh_Part_03_PDF_0501-0750.md#L10252-L10255,True
firing-line,firing-line,firing-line,[],hz-013666,entry_candidate,raw_ocr,medium,3,589,,dictionary/F/F-04.md,hz-013666-firing-line,sources/Hezareh_Dictionary_Index/source/Hezareh_Part_03_PDF_0501-0750.md#L10245-L10248,True
firing-party,firing-party,firing-party,[],hz-013668,entry_candidate,raw_ocr,low,3,589,,dictionary/F/F-04.md,hz-013668-firing-party,sources/Hezareh_Dictionary_Index/source/Hezareh_Part_03_PDF_0501-0750.md#L10251-L10251,True
firing-squad,firing-squad,firing-squad,[],hz-013670,entry_candidate,raw_ocr,high,3,589,,dictionary/F/F-04.md,hz-013670-firing-squad,sources/Hezareh_Dictionary_Index/source/Hezareh_Part_03_PDF_0501-0750.md#L10251-L10251,True
firkin,firkin,firkin,[],hz-013671,entry_candidate,raw_ocr,medium,3,589,,dictionary/F/F-04.md,hz-013671-firkin,sources/Hezareh_Dictionary_Index/source/Hezareh_Part_03_PDF_0501-0750.md#L10256-L10256,True
firm,firm,firm,[],hz-013672,entry_candidate,raw_ocr,high,3,589,,dictionary/F/F-04.md,hz-013672-firm,sources/Hezareh_Dictionary_Index/source/Hezareh_Part_03_PDF_0501-0750.md#L10257-L10292,True
firmament,firmament,firmament,[],hz-013673,entry_candidate,raw_ocr,medium,3,589,,dictionary/F/F-04.md,hz-013673-firmament,sources/Hezareh_Dictionary_Index/source/Hezareh_Part_03_PDF_0501-0750.md#L10293-L10294,True
firmly,firmly,firmly,[],hz-013674,entry_candidate,raw_ocr,low,3,589,,dictionary/F/F-04.md,hz-013674-firmly,sources/Hezareh_Dictionary_Index/source/Hezareh_Part_03_PDF_0501-0750.md#L10295-L10296,True
firmness,firmness,firmness,[],hz-013675,entry_candidate,raw_ocr,medium,3,589,,dictionary/F/F-04.md,hz-013675-firmness,sources/Hezareh_Dictionary_Index/source/Hezareh_Part_03_PDF_0501-0750.md#L10297-L10306,True
firs,firs,firs,[],hz-017778,entry_candidate,raw_ocr,hint_only,4,786,,dictionary/F/F-04.md,hz-017778-firs,sources/Hezareh_Dictionary_Index/source/Hezareh_Part_04_PDF_0751-1000.md#L4179-L4179,False
first,first,first,[],hz-013678,entry_candidate,raw_ocr,medium,3,589,,dictionary/F/F-04.md,hz-013678-first,sources/Hezareh_Dictionary_Index/source/Hezareh_Part_03_PDF_0501-0750.md#L10311-L10336,True
first,first,first,[],hz-038884,entry_candidate,raw_ocr,high,8,1971,,dictionary/F/F-04.md,hz-038884-first,sources/Hezareh_Dictionary_Index/source/Hezareh_Part_08_PDF_1751-1976.md#L25784-L25784,True
first aid,first aid,first aid,[],hz-013679,entry_candidate,raw_ocr,high,3,590,,dictionary/F/F-04.md,hz-013679-first-aid,sources/Hezareh_Dictionary_Index/source/Hezareh_Part_03_PDF_0501-0750.md#L10403-L10403,True
first balcony,first balcony,first balcony,[],hz-013680,entry_candidate,raw_ocr,high,3,590,,dictionary/F/F-04.md,hz-013680-first-balcony,sources/Hezareh_Dictionary_Index/source/Hezareh_Part_03_PDF_0501-0750.md#L10404-L10406,True
first cause,first cause,first cause,[],hz-013682,entry_candidate,raw_ocr,high,3,590,,dictionary/F/F-04.md,hz-013682-first-cause,sources/Hezareh_Dictionary_Index/source/Hezareh_Part_03_PDF_0501-0750.md#L10409-L10410,True
first class,first class,first class,[],hz-013683,entry_candidate,raw_ocr,high,3,590,,dictionary/F/F-04.md,hz-013683-first-class,sources/Hezareh_Dictionary_Index/source/Hezareh_Part_03_PDF_0501-0750.md#L10411-L10412,True
first coat,first coat,first coat,[],hz-013685,entry_candidate,raw_ocr,high,3,590,,dictionary/F/F-04.md,hz-013685-first-coat,sources/Hezareh_Dictionary_Index/source/Hezareh_Part_03_PDF_0501-0750.md#L10417-L10417,True
first cost,first cost,first cost,[],hz-013686,entry_candidate,raw_ocr,high,3,590,,dictionary/F/F-04.md,hz-013686-first-cost,sources/Hezareh_Dictionary_Index/source/Hezareh_Part_03_PDF_0501-0750.md#L10418-L10419,True
first cousin,first cousin,first cousin,[],hz-013687,entry_candidate,raw_ocr,high,3,590,,dictionary/F/F-04.md,hz-013687-first-cousin,sources/Hezareh_Dictionary_Index/source/Hezareh_Part_03_PDF_0501-0750.md#L10420-L10422,True
first degree,first degree,first degree,[],hz-013689,entry_candidate,raw_ocr,high,3,590,,dictionary/F/F-04.md,hz-013689-first-degree,sources/Hezareh_Dictionary_Index/source/Hezareh_Part_03_PDF_0501-0750.md#L10425-L10426,True
first edition,first edition,first edition,[],hz-013690,entry_candidate,raw_ocr,high,3,590,,dictionary/F/F-04.md,hz-013690-first-edition,sources/Hezareh_Dictionary_Index/source/Hezareh_Part_03_PDF_0501-0750.md#L10427-L10427,True
first finger,first finger,first finger,[],hz-013692,entry_candidate,raw_ocr,high,3,590,,dictionary/F/F-04.md,hz-013692-first-finger,sources/Hezareh_Dictionary_Index/source/Hezareh_Part_03_PDF_0501-0750.md#L10429-L10429,True
first floor,first floor,first floor,[],hz-013693,entry_candidate,raw_ocr,high,3,590,,dictionary/F/F-04.md,hz-013693-first-floor,sources/Hezareh_Dictionary_Index/source/Hezareh_Part_03_PDF_0501-0750.md#L10430-L10433,True
first gear,first gear,first gear,[],hz-013695,entry_candidate,raw_ocr,hint_only,3,590,,dictionary/F/F-04.md,hz-013695-first-gear,sources/Hezareh_Dictionary_Index/source/Hezareh_Part_03_PDF_0501-0750.md#L10340-L10340,False
first lady,first lady,first lady,[],hz-013697,entry_candidate,raw_ocr,high,3,590,,dictionary/F/F-04.md,hz-013697-first-lady,sources/Hezareh_Dictionary_Index/source/Hezareh_Part_03_PDF_0501-0750.md#L10441-L10442,True
first lieutenant,first lieutenant,first lieutenant,[],hz-013698,entry_candidate,raw_ocr,high,3,590,,dictionary/F/F-04.md,hz-013698-first-lieutenant,sources/Hezareh_Dictionary_Index/source/Hezareh_Part_03_PDF_0501-0750.md#L10443-L10444,True
first light,first light,first light,[],hz-013699,entry_candidate,raw_ocr,high,3,590,,dictionary/F/F-04.md,hz-013699-first-light,sources/Hezareh_Dictionary_Index/source/Hezareh_Part_03_PDF_0501-0750.md#L10445-L10450,True
first mate,first mate,first mate,[],hz-013706,entry_candidate,raw_ocr,medium,3,591,,dictionary/F/F-04.md,hz-013706-first-mate,sources/Hezareh_Dictionary_Index/source/Hezareh_Part_03_PDF_0501-0750.md#L10485-L10485,True
first name,first name,first name,[],hz-013707,entry_candidate,raw_ocr,high,3,591,,dictionary/F/F-04.md,hz-013707-first-name,sources/Hezareh_Dictionary_Index/source/Hezareh_Part_03_PDF_0501-0750.md#L10486-L10490,True
first offender,first offender,first offender,[],hz-013709,entry_candidate,raw_ocr,high,3,591,,dictionary/F/F-04.md,hz-013709-first-offender,sources/Hezareh_Dictionary_Index/source/Hezareh_Part_03_PDF_0501-0750.md#L10493-L10494,True
first person,first person,first person,[],hz-013710,entry_candidate,raw_ocr,high,3,591,,dictionary/F/F-04.md,hz-013710-first-person,sources/Hezareh_Dictionary_Index/source/Hezareh_Part_03_PDF_0501-0750.md#L10495-L10496,True
first refusal,first refusal,first refusal,[],hz-013712,entry_candidate,raw_ocr,high,3,591,,dictionary/F/F-04.md,hz-013712-first-refusal,sources/Hezareh_Dictionary_Index/source/Hezareh_Part_03_PDF_0501-0750.md#L10500-L10504,True
first violin,first violin,first violin,[],hz-013713,entry_candidate,raw_ocr,high,3,591,,dictionary/F/F-04.md,hz-013713-first-violin,sources/Hezareh_Dictionary_Index/source/Hezareh_Part_03_PDF_0501-0750.md#L10505-L10505,True
First World War,first world war,first world war,[],hz-013714,entry_candidate,raw_ocr,high,3,591,,dictionary/F/F-04.md,hz-013714-first-world-war,sources/Hezareh_Dictionary_Index/source/Hezareh_Part_03_PDF_0501-0750.md#L10506-L10507,True
first-class,first-class,first-class,[],hz-013684,entry_candidate,raw_ocr,high,3,590,,dictionary/F/F-04.md,hz-013684-first-class,sources/Hezareh_Dictionary_Index/source/Hezareh_Part_03_PDF_0501-0750.md#L10413-L10416,True
first-day cover,first-day cover,first-day cover,[],hz-013688,entry_candidate,raw_ocr,high,3,590,,dictionary/F/F-04.md,hz-013688-first-day-cover,sources/Hezareh_Dictionary_Index/source/Hezareh_Part_03_PDF_0501-0750.md#L10423-L10424,True
first-ever,first-ever,first-ever,[],hz-013691,entry_candidate,raw_ocr,high,3,590,,dictionary/F/F-04.md,hz-013691-first-ever,sources/Hezareh_Dictionary_Index/source/Hezareh_Part_03_PDF_0501-0750.md#L10428-L10428,True
first-fruitS,first-fruits,first-fruits,[],hz-013694,entry_candidate,raw_ocr,high,3,590,,dictionary/F/F-04.md,hz-013694-first-fruits,sources/Hezareh_Dictionary_Index/source/Hezareh_Part_03_PDF_0501-0750.md#L10434-L10436,True
first-nighter,first-nighter,first-nighter,[],hz-013708,entry_candidate,raw_ocr,high,3,591,,dictionary/F/F-04.md,hz-013708-first-nighter,sources/Hezareh_Dictionary_Index/source/Hezareh_Part_03_PDF_0501-0750.md#L10491-L10492,True
first-rate,first-rate,first-rate,[],hz-013711,entry_candidate,raw_ocr,high,3,591,,dictionary/F/F-04.md,hz-013711-first-rate,sources/Hezareh_Dictionary_Index/source/Hezareh_Part_03_PDF_0501-0750.md#L10497-L10499,True
firstborn,firstborn,firstborn,[],hz-013681,entry_candidate,raw_ocr,high,3,590,,dictionary/F/F-04.md,hz-013681-firstborn,sources/Hezareh_Dictionary_Index/source/Hezareh_Part_03_PDF_0501-0750.md#L10407-L10408,True
firsthand,firsthand,firsthand,[],hz-013696,entry_candidate,raw_ocr,high,3,590,,dictionary/F/F-04.md,hz-013696-firsthand,sources/Hezareh_Dictionary_Index/source/Hezareh_Part_03_PDF_0501-0750.md#L10437-L10440,True
firstly,firstly,firstly,[],hz-013700,entry_candidate,raw_ocr,high,3,591,,dictionary/F/F-04.md,hz-013700-firstly,sources/Hezareh_Dictionary_Index/source/Hezareh_Part_03_PDF_0501-0750.md#L10464-L10467,True
firth,firth,firth,[],hz-013715,entry_candidate,raw_ocr,high,3,591,,dictionary/F/F-04.md,hz-013715-firth,sources/Hezareh_Dictionary_Index/source/Hezareh_Part_03_PDF_0501-0750.md#L10508-L10509,True
fiscal,fiscal,fiscal,[],hz-013717,entry_candidate,raw_ocr,high,3,591,,dictionary/F/F-04.md,hz-013717-fiscal,sources/Hezareh_Dictionary_Index/source/Hezareh_Part_03_PDF_0501-0750.md#L10510-L10514,True
fiscal year,fiscal year,fiscal year,[],hz-013704,entry_candidate,raw_ocr,high,3,591,,dictionary/F/F-04.md,hz-013704-fiscal-year,sources/Hezareh_Dictionary_Index/source/Hezareh_Part_03_PDF_0501-0750.md#L10515-L10524,True
fish farm,fish farm,fish farm,[],hz-013724,entry_candidate,raw_ocr,hint_only,3,592,,dictionary/F/F-04.md,hz-013724-fish-farm,sources/Hezareh_Dictionary_Index/source/Hezareh_Part_03_PDF_0501-0750.md#L10565-L10565,False
fish finger,fish finger,fish finger,[],hz-013725,entry_candidate,raw_ocr,high,3,592,,dictionary/F/F-04.md,hz-013725-fish-finger,sources/Hezareh_Dictionary_Index/source/Hezareh_Part_03_PDF_0501-0750.md#L10604-L10604,True
fish fry,fish fry,fish fry,[],hz-013726,entry_candidate,raw_ocr,high,3,592,,dictionary/F/F-04.md,hz-013726-fish-fry,sources/Hezareh_Dictionary_Index/source/Hezareh_Part_03_PDF_0501-0750.md#L10605-L10606,True
fish ladder,fish ladder,fish ladder,[],hz-013733,entry_candidate,raw_ocr,high,3,592,,dictionary/F/F-04.md,hz-013733-fish-ladder,sources/Hezareh_Dictionary_Index/source/Hezareh_Part_03_PDF_0501-0750.md#L10617-L10618,True
fish manure,fish manure,fish manure,[],hz-013734,entry_candidate,raw_ocr,high,3,592,,dictionary/F/F-04.md,hz-013734-fish-manure,sources/Hezareh_Dictionary_Index/source/Hezareh_Part_03_PDF_0501-0750.md#L10619-L10627,True
fish meal,fish meal,fish meal,[],hz-013735,entry_candidate,raw_ocr,high,3,592,,dictionary/F/F-04.md,hz-013735-fish-meal,sources/Hezareh_Dictionary_Index/source/Hezareh_Part_03_PDF_0501-0750.md#L10628-L10628,True
fish stick,fish stick,fish stick,[],hz-013742,entry_candidate,raw_ocr,high,3,592,,dictionary/F/F-04.md,hz-013742-fish-stick,sources/Hezareh_Dictionary_Index/source/Hezareh_Part_03_PDF_0501-0750.md#L10636-L10636,True
fish story,fish story,fish story,[],hz-013743,entry_candidate,raw_ocr,high,3,592,,dictionary/F/F-04.md,hz-013743-fish-story,sources/Hezareh_Dictionary_Index/source/Hezareh_Part_03_PDF_0501-0750.md#L10637-L10638,True
fish-eye lens,fish-eye lens,fish-eye lens,[],hz-013723,entry_candidate,raw_ocr,high,3,592,,dictionary/F/F-04.md,hz-013723-fish-eye-lens,sources/Hezareh_Dictionary_Index/source/Hezareh_Part_03_PDF_0501-0750.md#L10600-L10603,True
fish-kettle,fish-kettle,fish-kettle,[],hz-013731,entry_candidate,raw_ocr,high,3,592,,dictionary/F/F-04.md,hz-013731-fish-kettle,sources/Hezareh_Dictionary_Index/source/Hezareh_Part_03_PDF_0501-0750.md#L10615-L10615,True
fish-knife,fish-knife,fish-knife,[],hz-013732,entry_candidate,raw_ocr,high,3,592,,dictionary/F/F-04.md,hz-013732-fish-knife,sources/Hezareh_Dictionary_Index/source/Hezareh_Part_03_PDF_0501-0750.md#L10616-L10616,True
fish-sllce znj stars,fish-sllce znj stars,fish-sllce znj stars,[],hz-013741,entry_candidate,raw_ocr,hint_only,3,592,,dictionary/F/F-04.md,hz-013741-fish-sllce-znj-stars,sources/Hezareh_Dictionary_Index/source/Hezareh_Part_03_PDF_0501-0750.md#L10565-L10565,False
fishbone,fishbone,fishbone,[],hz-013718,entry_candidate,raw_ocr,high,3,592,,dictionary/F/F-04.md,hz-013718-fishbone,sources/Hezareh_Dictionary_Index/source/Hezareh_Part_03_PDF_0501-0750.md#L10590-L10590,True
fishbowl,fishbowl,fishbowl,[],hz-013719,entry_candidate,raw_ocr,high,3,592,,dictionary/F/F-04.md,hz-013719-fishbowl,sources/Hezareh_Dictionary_Index/source/Hezareh_Part_03_PDF_0501-0750.md#L10591-L10594,True
fisher,fisher,fisher,[],hz-013720,entry_candidate,raw_ocr,hint_only,3,592,,dictionary/F/F-04.md,hz-013720-fisher,sources/Hezareh_Dictionary_Index/source/Hezareh_Part_03_PDF_0501-0750.md#L10565-L10565,False
fisherman,fisherman,fisherman,[],hz-013721,entry_candidate,raw_ocr,high,3,592,,dictionary/F/F-04.md,hz-013721-fisherman,sources/Hezareh_Dictionary_Index/source/Hezareh_Part_03_PDF_0501-0750.md#L10595-L10596,True
fishery,fishery,fishery,[],hz-013722,entry_candidate,raw_ocr,high,3,592,,dictionary/F/F-04.md,hz-013722-fishery,sources/Hezareh_Dictionary_Index/source/Hezareh_Part_03_PDF_0501-0750.md#L10597-L10599,True
fishing,fishing,fishing,[],hz-013727,entry_candidate,raw_ocr,high,3,592,,dictionary/F/F-04.md,hz-013727-fishing,sources/Hezareh_Dictionary_Index/source/Hezareh_Part_03_PDF_0501-0750.md#L10607-L10609,True
fishing harbour,fishing harbour,fishing harbour,[],hz-013728,entry_candidate,raw_ocr,high,3,592,,dictionary/F/F-04.md,hz-013728-fishing-harbour,sources/Hezareh_Dictionary_Index/source/Hezareh_Part_03_PDF_0501-0750.md#L10610-L10612,True
fishing-rod,fishing-rod,fishing-rod,[],hz-013730,entry_candidate,raw_ocr,high,3,592,,dictionary/F/F-04.md,hz-013730-fishing-rod,sources/Hezareh_Dictionary_Index/source/Hezareh_Part_03_PDF_0501-0750.md#L10613-L10614,True
fishingsline,fishingsline,fishingsline,[],hz-013729,entry_candidate,raw_ocr,hint_only,3,592,,dictionary/F/F-04.md,hz-013729-fishingsline,sources/Hezareh_Dictionary_Index/source/Hezareh_Part_03_PDF_0501-0750.md#L10565-L10565,False
fishmonger,fishmonger,fishmonger,[],hz-013736,entry_candidate,raw_ocr,high,3,592,,dictionary/F/F-04.md,hz-013736-fishmonger,sources/Hezareh_Dictionary_Index/source/Hezareh_Part_03_PDF_0501-0750.md#L10629-L10630,True
fishnet,fishnet,fishnet,[],hz-013737,entry_candidate,raw_ocr,high,3,592,,dictionary/F/F-04.md,hz-013737-fishnet,sources/Hezareh_Dictionary_Index/source/Hezareh_Part_03_PDF_0501-0750.md#L10631-L10631,True
fishpaste,fishpaste,fishpaste,[],hz-013738,entry_candidate,raw_ocr,high,3,592,,dictionary/F/F-04.md,hz-013738-fishpaste,sources/Hezareh_Dictionary_Index/source/Hezareh_Part_03_PDF_0501-0750.md#L10632-L10633,True
fishplate,fishplate,fishplate,[],hz-013739,entry_candidate,raw_ocr,hint_only,3,592,,dictionary/F/F-04.md,hz-013739-fishplate,sources/Hezareh_Dictionary_Index/source/Hezareh_Part_03_PDF_0501-0750.md#L10565-L10565,False
fishpond,fishpond,fishpond,[],hz-013740,entry_candidate,raw_ocr,high,3,592,,dictionary/F/F-04.md,hz-013740-fishpond,sources/Hezareh_Dictionary_Index/source/Hezareh_Part_03_PDF_0501-0750.md#L10634-L10635,True
fishwife,fishwife,fishwife,[],hz-013744,entry_candidate,raw_ocr,high,3,592,,dictionary/F/F-04.md,hz-013744-fishwife,sources/Hezareh_Dictionary_Index/source/Hezareh_Part_03_PDF_0501-0750.md#L10639-L10643,True
fishy l'flf,fishy l'flf,fishy l'flf,[],hz-013745,entry_candidate,raw_ocr,hint_only,3,592,,dictionary/F/F-04.md,hz-013745-fishy-l-flf,sources/Hezareh_Dictionary_Index/source/Hezareh_Part_03_PDF_0501-0750.md#L10565-L10565,False
fissile,fissile,fissile,[],hz-013746,entry_candidate,raw_ocr,high,3,592,,dictionary/F/F-04.md,hz-013746-fissile,sources/Hezareh_Dictionary_Index/source/Hezareh_Part_03_PDF_0501-0750.md#L10644-L10647,True
fissionable,fissionable,fissionable,[],hz-013747,entry_candidate,raw_ocr,high,3,592,,dictionary/F/F-04.md,hz-013747-fissionable,sources/Hezareh_Dictionary_Index/source/Hezareh_Part_03_PDF_0501-0750.md#L10648-L10648,True
fissiparous,fissiparous,fissiparous,[],hz-013748,entry_candidate,raw_ocr,high,3,592,,dictionary/F/F-04.md,hz-013748-fissiparous,sources/Hezareh_Dictionary_Index/source/Hezareh_Part_03_PDF_0501-0750.md#L10649-L10655,True
fist,fist,fist,[],hz-013749,entry_candidate,raw_ocr,high,3,592,,dictionary/F/F-04.md,hz-013749-fist,sources/Hezareh_Dictionary_Index/source/Hezareh_Part_03_PDF_0501-0750.md#L10656-L10667,True
fistful,fistful,fistful,[],hz-013750,entry_candidate,raw_ocr,high,3,592,,dictionary/F/F-04.md,hz-013750-fistful,sources/Hezareh_Dictionary_Index/source/Hezareh_Part_03_PDF_0501-0750.md#L10668-L10668,True
fisticuffs,fisticuffs,fisticuffs,[],hz-013751,entry_candidate,raw_ocr,high,3,592,,dictionary/F/F-04.md,hz-013751-fisticuffs,sources/Hezareh_Dictionary_Index/source/Hezareh_Part_03_PDF_0501-0750.md#L10669-L10670,True
fistula,fistula,fistula,[],hz-013752,entry_candidate,raw_ocr,high,3,592,,dictionary/F/F-04.md,hz-013752-fistula,sources/Hezareh_Dictionary_Index/source/Hezareh_Part_03_PDF_0501-0750.md#L10671-L10675,True
fit,fit,fit,[],hz-013753,entry_candidate,raw_ocr,high,3,593,,dictionary/F/F-04.md,hz-013753-fit,sources/Hezareh_Dictionary_Index/source/Hezareh_Part_03_PDF_0501-0750.md#L10689-L10717,True
fitful,fitful,fitful,[],hz-013755,entry_candidate,raw_ocr,medium,3,593,,dictionary/F/F-04.md,hz-013755-fitful,sources/Hezareh_Dictionary_Index/source/Hezareh_Part_03_PDF_0501-0750.md#L10770-L10772,True
fitfully,fitfully,fitfully,[],hz-013756,entry_candidate,raw_ocr,medium,3,593,,dictionary/F/F-04.md,hz-013756-fitfully,sources/Hezareh_Dictionary_Index/source/Hezareh_Part_03_PDF_0501-0750.md#L10773-L10774,True
fitment,fitment,fitment,[],hz-013757,entry_candidate,raw_ocr,medium,3,593,,dictionary/F/F-04.md,hz-013757-fitment,sources/Hezareh_Dictionary_Index/source/Hezareh_Part_03_PDF_0501-0750.md#L10775-L10777,True
fitness,fitness,fitness,[],hz-013758,entry_candidate,raw_ocr,medium,3,593,,dictionary/F/F-04.md,hz-013758-fitness,sources/Hezareh_Dictionary_Index/source/Hezareh_Part_03_PDF_0501-0750.md#L10778-L10787,True
fitter,fitter,fitter,[],hz-013759,entry_candidate,raw_ocr,low,3,593,,dictionary/F/F-04.md,hz-013759-fitter,sources/Hezareh_Dictionary_Index/source/Hezareh_Part_03_PDF_0501-0750.md#L10689-L10717,True
fitting,fitting,fitting,[],hz-013760,entry_candidate,raw_ocr,medium,3,593,,dictionary/F/F-04.md,hz-013760-fitting,sources/Hezareh_Dictionary_Index/source/Hezareh_Part_03_PDF_0501-0750.md#L10718-L10762,True
five,five,five,[],hz-013776,entry_candidate,raw_ocr,high,3,594,,dictionary/F/F-04.md,hz-013776-five,sources/Hezareh_Dictionary_Index/source/Hezareh_Part_03_PDF_0501-0750.md#L10813-L10814,True
five,five,five,[],hz-024489,entry_candidate,raw_ocr,medium,5,1141,,dictionary/F/F-04.md,hz-024489-five,sources/Hezareh_Dictionary_Index/source/Hezareh_Part_05_PDF_1001-1250.md#L16418-L16421,True
five,five,five,[],hz-038859,entry_candidate,raw_ocr,high,8,1971,,dictionary/F/F-04.md,hz-038859-five,sources/Hezareh_Dictionary_Index/source/Hezareh_Part_08_PDF_1751-1976.md#L25717-L25718,True
five and a half,five and a half,five and a half,[],hz-038938,entry_candidate,raw_ocr,high,8,1973,,dictionary/F/F-04.md,hz-038938-five-and-a-half,sources/Hezareh_Dictionary_Index/source/Hezareh_Part_08_PDF_1751-1976.md#L25952-L25953,True
five hundred and forty-second,five hundred and forty-second,five hundred and forty-second,[],hz-038935,entry_candidate,raw_ocr,high,8,1972,,dictionary/F/F-04.md,hz-038935-five-hundred-and-forty-second,sources/Hezareh_Dictionary_Index/source/Hezareh_Part_08_PDF_1751-1976.md#L25917-L25918,True
five o'clock shadow,five o'clock shadow,five o'clock shadow,[],hz-013764,entry_candidate,raw_ocr,high,3,594,,dictionary/F/F-04.md,hz-013764-five-o-clock-shadow,sources/Hezareh_Dictionary_Index/source/Hezareh_Part_03_PDF_0501-0750.md#L10813-L10814,True
five p,five p,five p,[],hz-013765,entry_candidate,raw_ocr,high,3,594,,dictionary/F/F-04.md,hz-013765-five-p,sources/Hezareh_Dictionary_Index/source/Hezareh_Part_03_PDF_0501-0750.md#L10815-L10817,True
five pence,five pence,five pence,[],hz-013766,entry_candidate,raw_ocr,high,3,594,,dictionary/F/F-04.md,hz-013766-five-pence,sources/Hezareh_Dictionary_Index/source/Hezareh_Part_03_PDF_0501-0750.md#L10818-L10818,True
five pence piece,five pence piece,five pence piece,[],hz-013767,entry_candidate,raw_ocr,high,3,594,,dictionary/F/F-04.md,hz-013767-five-pence-piece,sources/Hezareh_Dictionary_Index/source/Hezareh_Part_03_PDF_0501-0750.md#L10818-L10818,True
five point five,five point five,five point five,[],hz-038941,entry_candidate,raw_ocr,high,8,1973,,dictionary/F/F-04.md,hz-038941-five-point-five,sources/Hezareh_Dictionary_Index/source/Hezareh_Part_08_PDF_1751-1976.md#L25965-L25965,True
five-day week,five-day week,five-day week,[],hz-013761,entry_candidate,raw_ocr,medium,3,594,,dictionary/F/F-04.md,hz-013761-five-day-week,sources/Hezareh_Dictionary_Index/source/Hezareh_Part_03_PDF_0501-0750.md#L10806-L10807,True
five-star,five-star,five-star,[],hz-013771,entry_candidate,raw_ocr,medium,3,594,,dictionary/F/F-04.md,hz-013771-five-star,sources/Hezareh_Dictionary_Index/source/Hezareh_Part_03_PDF_0501-0750.md#L10822-L10822,True
five-year,five-year,five-year,[],hz-013772,entry_candidate,raw_ocr,medium,3,594,,dictionary/F/F-04.md,hz-013772-five-year,sources/Hezareh_Dictionary_Index/source/Hezareh_Part_03_PDF_0501-0750.md#L10823-L10823,True
five-year old,five-year old,five-year old,[],hz-013773,entry_candidate,raw_ocr,medium,3,594,,dictionary/F/F-04.md,hz-013773-five-year-old,sources/Hezareh_Dictionary_Index/source/Hezareh_Part_03_PDF_0501-0750.md#L10824-L10825,True
five-year plan,five-year plan,five-year plan,[],hz-013774,entry_candidate,raw_ocr,low,3,594,,dictionary/F/F-04.md,hz-013774-five-year-plan,sources/Hezareh_Dictionary_Index/source/Hezareh_Part_03_PDF_0501-0750.md#L10826-L10862,True
fivefold,fivefold,fivefold,[],hz-013762,entry_candidate,raw_ocr,medium,3,594,,dictionary/F/F-04.md,hz-013762-fivefold,sources/Hezareh_Dictionary_Index/source/Hezareh_Part_03_PDF_0501-0750.md#L10808-L10812,True
fivehundred,fivehundred,fivehundred,[],hz-013763,entry_candidate,raw_ocr,hint_only,3,594,,dictionary/F/F-04.md,hz-013763-fivehundred,sources/Hezareh_Dictionary_Index/source/Hezareh_Part_03_PDF_0501-0750.md#L10791-L10791,False
fivepenny,fivepenny,fivepenny,[],hz-013768,entry_candidate,raw_ocr,medium,3,594,,dictionary/F/F-04.md,hz-013768-fivepenny,sources/Hezareh_Dictionary_Index/source/Hezareh_Part_03_PDF_0501-0750.md#L10819-L10819,True
fiver,fiver,fiver,[],hz-013769,entry_candidate,raw_ocr,medium,3,594,,dictionary/F/F-04.md,hz-013769-fiver,sources/Hezareh_Dictionary_Index/source/Hezareh_Part_03_PDF_0501-0750.md#L10820-L10820,True
fives,fives,fives,[],hz-013770,entry_candidate,raw_ocr,medium,3,594,,dictionary/F/F-04.md,hz-013770-fives,sources/Hezareh_Dictionary_Index/source/Hezareh_Part_03_PDF_0501-0750.md#L10821-L10821,True
fix on,fix on,fix on,[],hz-013777,entry_candidate,raw_ocr,high,3,594,,dictionary/F/F-04.md,hz-013777-fix-on,sources/Hezareh_Dictionary_Index/source/Hezareh_Part_03_PDF_0501-0750.md#L10863-L10884,True
fixate,fixate,fixate,[],hz-013779,entry_candidate,raw_ocr,high,3,594,,dictionary/F/F-04.md,hz-013779-fixate,sources/Hezareh_Dictionary_Index/source/Hezareh_Part_03_PDF_0501-0750.md#L10892-L10894,True
fixated,fixated,fixated,[],hz-013780,entry_candidate,raw_ocr,high,3,594,,dictionary/F/F-04.md,hz-013780-fixated,sources/Hezareh_Dictionary_Index/source/Hezareh_Part_03_PDF_0501-0750.md#L10895-L10901,True
fixative,fixative,fixative,[],hz-013781,entry_candidate,raw_ocr,medium,3,595,,dictionary/F/F-04.md,hz-013781-fixative,sources/Hezareh_Dictionary_Index/source/Hezareh_Part_03_PDF_0501-0750.md#L10917-L10922,True
fixed,fixed,fixed,[],hz-013782,entry_candidate,raw_ocr,high,3,595,,dictionary/F/F-04.md,hz-013782-fixed,sources/Hezareh_Dictionary_Index/source/Hezareh_Part_03_PDF_0501-0750.md#L10923-L10936,True
fixed costs,fixed costs,fixed costs,[],hz-013783,entry_candidate,raw_ocr,medium,3,595,,dictionary/F/F-04.md,hz-013783-fixed-costs,sources/Hezareh_Dictionary_Index/source/Hezareh_Part_03_PDF_0501-0750.md#L10937-L10939,True
fixedly,fixedly,fixedly,[],hz-013784,entry_candidate,raw_ocr,hint_only,3,595,,dictionary/F/F-04.md,hz-013784-fixedly,sources/Hezareh_Dictionary_Index/source/Hezareh_Part_03_PDF_0501-0750.md#L10905-L10905,False
fixer,fixer,fixer,[],hz-013785,entry_candidate,raw_ocr,medium,3,595,,dictionary/F/F-04.md,hz-013785-fixer,sources/Hezareh_Dictionary_Index/source/Hezareh_Part_03_PDF_0501-0750.md#L10940-L10942,True
fixings,fixings,fixings,[],hz-013786,entry_candidate,raw_ocr,low,3,595,,dictionary/F/F-04.md,hz-013786-fixings,sources/Hezareh_Dictionary_Index/source/Hezareh_Part_03_PDF_0501-0750.md#L10943-L10951,True
fizzle,fizzle,fizzle,[],hz-013787,entry_candidate,raw_ocr,low,3,595,,dictionary/F/F-04.md,hz-013787-fizzle,sources/Hezareh_Dictionary_Index/source/Hezareh_Part_03_PDF_0501-0750.md#L10952-L10956,True
fizzy,fizzy,fizzy,[],hz-013788,entry_candidate,raw_ocr,high,3,595,,dictionary/F/F-04.md,hz-013788-fizzy,sources/Hezareh_Dictionary_Index/source/Hezareh_Part_03_PDF_0501-0750.md#L10957-L10958,True
fjord,fjord,fjord,[],hz-013789,entry_candidate,raw_ocr,high,3,595,,dictionary/F/F-04.md,hz-013789-fjord,sources/Hezareh_Dictionary_Index/source/Hezareh_Part_03_PDF_0501-0750.md#L10959-L10959,True
fl OZ,fl oz,fl oz,[],hz-014021,entry_candidate,raw_ocr,hint_only,3,607,,dictionary/F/F-04.md,hz-014021-fl-oz,sources/Hezareh_Dictionary_Index/source/Hezareh_Part_03_PDF_0501-0750.md#L12287-L12287,False
flab,flab,flab,[],hz-013790,entry_candidate,raw_ocr,low,3,595,,dictionary/F/F-04.md,hz-013790-flab,sources/Hezareh_Dictionary_Index/source/Hezareh_Part_03_PDF_0501-0750.md#L10960-L10964,True
flabbergast,flabbergast,flabbergast,[],hz-013791,entry_candidate,raw_ocr,high,3,595,,dictionary/F/F-04.md,hz-013791-flabbergast,sources/Hezareh_Dictionary_Index/source/Hezareh_Part_03_PDF_0501-0750.md#L10965-L10968,True
flabbily,flabbily,flabbily,[],hz-013792,entry_candidate,raw_ocr,medium,3,595,,dictionary/F/F-04.md,hz-013792-flabbily,sources/Hezareh_Dictionary_Index/source/Hezareh_Part_03_PDF_0501-0750.md#L10969-L10972,True
flabby,flabby,flabby,[],hz-013793,entry_candidate,raw_ocr,high,3,595,,dictionary/F/F-04.md,hz-013793-flabby,sources/Hezareh_Dictionary_Index/source/Hezareh_Part_03_PDF_0501-0750.md#L10973-L10980,True
flag,flag,flag,[],hz-013794,entry_candidate,raw_ocr,medium,3,595,,dictionary/F/F-04.md,hz-013794-flag,sources/Hezareh_Dictionary_Index/source/Hezareh_Part_03_PDF_0501-0750.md#L10981-L11004,True
flag rant I 'flergram,flag rant i 'flergram,flag rant i 'flergram,[],hz-013806,entry_candidate,raw_ocr,hint_only,3,596,,dictionary/F/F-04.md,hz-013806-flag-rant-i-flergram,sources/Hezareh_Dictionary_Index/source/Hezareh_Part_03_PDF_0501-0750.md#L11016-L11016,False
flag stop,flag stop,flag stop,[],hz-013810,entry_candidate,raw_ocr,medium,3,596,,dictionary/F/F-04.md,hz-013810-flag-stop,sources/Hezareh_Dictionary_Index/source/Hezareh_Part_03_PDF_0501-0750.md#L11067-L11068,True
flag waving,flag waving,flag waving,[],hz-013811,entry_candidate,raw_ocr,medium,3,596,,dictionary/F/F-04.md,hz-013811-flag-waving,sources/Hezareh_Dictionary_Index/source/Hezareh_Part_03_PDF_0501-0750.md#L11069-L11077,True
flag-day,flag-day,flag-day,[],hz-013797,entry_candidate,raw_ocr,medium,3,596,,dictionary/F/F-04.md,hz-013797-flag-day,sources/Hezareh_Dictionary_Index/source/Hezareh_Part_03_PDF_0501-0750.md#L11037-L11038,True
Flag-Day,flag-day,flag-day,[],hz-013798,entry_candidate,raw_ocr,medium,3,596,,dictionary/F/F-04.md,hz-013798-flag-day,sources/Hezareh_Dictionary_Index/source/Hezareh_Part_03_PDF_0501-0750.md#L11037-L11038,True
flag-officer,flag-officer,flag-officer,[],hz-013803,entry_candidate,raw_ocr,medium,3,596,,dictionary/F/F-04.md,hz-013803-flag-officer,sources/Hezareh_Dictionary_Index/source/Hezareh_Part_03_PDF_0501-0750.md#L11050-L11051,True
flagellant,flagellant,flagellant,[],hz-013799,entry_candidate,raw_ocr,medium,3,596,,dictionary/F/F-04.md,hz-013799-flagellant,sources/Hezareh_Dictionary_Index/source/Hezareh_Part_03_PDF_0501-0750.md#L11039-L11040,True
flagellate,flagellate,flagellate,[],hz-013800,entry_candidate,raw_ocr,medium,3,596,,dictionary/F/F-04.md,hz-013800-flagellate,sources/Hezareh_Dictionary_Index/source/Hezareh_Part_03_PDF_0501-0750.md#L11041-L11044,True
flagellation,flagellation,flagellation,[],hz-013801,entry_candidate,raw_ocr,medium,3,596,,dictionary/F/F-04.md,hz-013801-flagellation,sources/Hezareh_Dictionary_Index/source/Hezareh_Part_03_PDF_0501-0750.md#L11045-L11046,True
flageolet,flageolet,flageolet,[],hz-013802,entry_candidate,raw_ocr,medium,3,596,,dictionary/F/F-04.md,hz-013802-flageolet,sources/Hezareh_Dictionary_Index/source/Hezareh_Part_03_PDF_0501-0750.md#L11047-L11049,True
flagon,flagon,flagon,[],hz-013804,entry_candidate,raw_ocr,medium,3,596,,dictionary/F/F-04.md,hz-013804-flagon,sources/Hezareh_Dictionary_Index/source/Hezareh_Part_03_PDF_0501-0750.md#L11052-L11053,True
flagpole,flagpole,flagpole,[],hz-013805,entry_candidate,raw_ocr,high,3,596,,dictionary/F/F-04.md,hz-013805-flagpole,sources/Hezareh_Dictionary_Index/source/Hezareh_Part_03_PDF_0501-0750.md#L11054-L11057,True
flagrantly,flagrantly,flagrantly,[],hz-013807,entry_candidate,raw_ocr,medium,3,596,,dictionary/F/F-04.md,hz-013807-flagrantly,sources/Hezareh_Dictionary_Index/source/Hezareh_Part_03_PDF_0501-0750.md#L11058-L11063,True
flagstaff,flagstaff,flagstaff,[],hz-013808,entry_candidate,raw_ocr,medium,3,596,,dictionary/F/F-04.md,hz-013808-flagstaff,sources/Hezareh_Dictionary_Index/source/Hezareh_Part_03_PDF_0501-0750.md#L11064-L11065,True
flagstone,flagstone,flagstone,[],hz-013809,entry_candidate,raw_ocr,high,3,596,,dictionary/F/F-04.md,hz-013809-flagstone,sources/Hezareh_Dictionary_Index/source/Hezareh_Part_03_PDF_0501-0750.md#L11066-L11066,True
flail,flail,flail,[],hz-013812,entry_candidate,raw_ocr,high,3,596,,dictionary/F/F-04.md,hz-013812-flail,sources/Hezareh_Dictionary_Index/source/Hezareh_Part_03_PDF_0501-0750.md#L11078-L11082,True
flair,flair,flair,[],hz-013813,entry_candidate,raw_ocr,high,3,596,,dictionary/F/F-04.md,hz-013813-flair,sources/Hezareh_Dictionary_Index/source/Hezareh_Part_03_PDF_0501-0750.md#L11083-L11093,True
flak,flak,flak,[],hz-013814,entry_candidate,raw_ocr,high,3,596,,dictionary/F/F-04.md,hz-013814-flak,sources/Hezareh_Dictionary_Index/source/Hezareh_Part_03_PDF_0501-0750.md#L11099-L11099,True
flak jacket,flak jacket,flak jacket,[],hz-013818,entry_candidate,raw_ocr,high,3,596,,dictionary/F/F-04.md,hz-013818-flak-jacket,sources/Hezareh_Dictionary_Index/source/Hezareh_Part_03_PDF_0501-0750.md#L11099-L11099,True
flaked,flaked,flaked,[],hz-013815,entry_candidate,raw_ocr,high,3,596,,dictionary/F/F-04.md,hz-013815-flaked,sources/Hezareh_Dictionary_Index/source/Hezareh_Part_03_PDF_0501-0750.md#L11094-L11095,True
flaked-out,flaked-out,flaked-out,[],hz-013816,entry_candidate,raw_ocr,high,3,596,,dictionary/F/F-04.md,hz-013816-flaked-out,sources/Hezareh_Dictionary_Index/source/Hezareh_Part_03_PDF_0501-0750.md#L11096-L11096,True
flakiness,flakiness,flakiness,[],hz-013817,entry_candidate,raw_ocr,high,3,596,,dictionary/F/F-04.md,hz-013817-flakiness,sources/Hezareh_Dictionary_Index/source/Hezareh_Part_03_PDF_0501-0750.md#L11097-L11098,True
flaky,flaky,flaky,[],hz-013819,entry_candidate,raw_ocr,high,3,596,,dictionary/F/F-04.md,hz-013819-flaky,sources/Hezareh_Dictionary_Index/source/Hezareh_Part_03_PDF_0501-0750.md#L11100-L11107,True
flambeau I 'flaimbou,flambeau i 'flaimbou,flambeau i 'flaimbou,[],hz-013821,entry_candidate,raw_ocr,hint_only,3,596,,dictionary/F/F-04.md,hz-013821-flambeau-i-flaimbou,sources/Hezareh_Dictionary_Index/source/Hezareh_Part_03_PDF_0501-0750.md#L11016-L11016,False
flambeaux,flambeaux,flambeaux,[],hz-013823,entry_candidate,raw_ocr,high,3,596,,dictionary/F/F-04.md,hz-013823-flambeaux,sources/Hezareh_Dictionary_Index/source/Hezareh_Part_03_PDF_0501-0750.md#L11108-L11108,True
flamboyance,flamboyance,flamboyance,[],hz-013824,entry_candidate,raw_ocr,high,3,596,,dictionary/F/F-04.md,hz-013824-flamboyance,sources/Hezareh_Dictionary_Index/source/Hezareh_Part_03_PDF_0501-0750.md#L11109-L11110,True
flamboyant,flamboyant,flamboyant,[],hz-013825,entry_candidate,raw_ocr,high,3,596,,dictionary/F/F-04.md,hz-013825-flamboyant,sources/Hezareh_Dictionary_Index/source/Hezareh_Part_03_PDF_0501-0750.md#L11111-L11126,True
flame,flame,flame,[],hz-013826,entry_candidate,raw_ocr,high,3,597,,dictionary/F/F-04.md,hz-013826-flame,sources/Hezareh_Dictionary_Index/source/Hezareh_Part_03_PDF_0501-0750.md#L11139-L11148,True
flame-proof,flame-proof,flame-proof,[],hz-013829,entry_candidate,raw_ocr,medium,3,597,,dictionary/F/F-04.md,hz-013829-flame-proof,sources/Hezareh_Dictionary_Index/source/Hezareh_Part_03_PDF_0501-0750.md#L11151-L11153,True
flamenco,flamenco,flamenco,[],hz-013828,entry_candidate,raw_ocr,high,3,597,,dictionary/F/F-04.md,hz-013828-flamenco,sources/Hezareh_Dictionary_Index/source/Hezareh_Part_03_PDF_0501-0750.md#L11149-L11150,True
flaming,flaming,flaming,[],hz-013830,entry_candidate,raw_ocr,medium,3,597,,dictionary/F/F-04.md,hz-013830-flaming,sources/Hezareh_Dictionary_Index/source/Hezareh_Part_03_PDF_0501-0750.md#L11154-L11159,True
flammable,flammable,flammable,[],hz-013831,entry_candidate,raw_ocr,medium,3,597,,dictionary/F/F-04.md,hz-013831-flammable,sources/Hezareh_Dictionary_Index/source/Hezareh_Part_03_PDF_0501-0750.md#L11160-L11162,True
flangeiflrend,flangeiflrend,flangeiflrend,[],hz-013832,entry_candidate,raw_ocr,hint_only,3,597,,dictionary/F/F-04.md,hz-013832-flangeiflrend,sources/Hezareh_Dictionary_Index/source/Hezareh_Part_03_PDF_0501-0750.md#L11130-L11130,False
flank,flank,flank,[],hz-013833,entry_candidate,raw_ocr,medium,3,597,,dictionary/F/F-04.md,hz-013833-flank,sources/Hezareh_Dictionary_Index/source/Hezareh_Part_03_PDF_0501-0750.md#L11163-L11171,True
flannel,flannel,flannel,[],hz-013834,entry_candidate,raw_ocr,medium,3,597,,dictionary/F/F-04.md,hz-013834-flannel,sources/Hezareh_Dictionary_Index/source/Hezareh_Part_03_PDF_0501-0750.md#L11172-L11176,True
flannelette,flannelette,flannelette,[],hz-013835,entry_candidate,raw_ocr,medium,3,597,,dictionary/F/F-04.md,hz-013835-flannelette,sources/Hezareh_Dictionary_Index/source/Hezareh_Part_03_PDF_0501-0750.md#L11177-L11193,True
flap,flap,flap,[],hz-013836,entry_candidate,raw_ocr,high,3,597,,dictionary/F/F-04.md,hz-013836-flap,sources/Hezareh_Dictionary_Index/source/Hezareh_Part_03_PDF_0501-0750.md#L11194-L11200,True
flapjack,flapjack,flapjack,[],hz-013837,entry_candidate,raw_ocr,hint_only,3,597,,dictionary/F/F-04.md,hz-013837-flapjack,sources/Hezareh_Dictionary_Index/source/Hezareh_Part_03_PDF_0501-0750.md#L11130-L11130,False
flapper,flapper,flapper,[],hz-013838,entry_candidate,raw_ocr,medium,3,597,,dictionary/F/F-04.md,hz-013838-flapper,sources/Hezareh_Dictionary_Index/source/Hezareh_Part_03_PDF_0501-0750.md#L11201-L11236,True
flare-path,flare-path,flare-path,[],hz-013839,entry_candidate,raw_ocr,high,3,597,,dictionary/F/F-04.md,hz-013839-flare-path,sources/Hezareh_Dictionary_Index/source/Hezareh_Part_03_PDF_0501-0750.md#L11237-L11254,True
flash,flash,flash,[],hz-013840,entry_candidate,raw_ocr,low,3,597,,dictionary/F/F-04.md,hz-013840-flash,sources/Hezareh_Dictionary_Index/source/Hezareh_Part_03_PDF_0501-0750.md#L11255-L11256,True
flash burn,flash burn,flash burn,[],hz-013844,entry_candidate,raw_ocr,medium,3,598,,dictionary/F/F-04.md,hz-013844-flash-burn,sources/Hezareh_Dictionary_Index/source/Hezareh_Part_03_PDF_0501-0750.md#L11304-L11307,True
flash through,flash through,flash through,[],hz-013841,entry_candidate,raw_ocr,high,3,598,,dictionary/F/F-04.md,hz-013841-flash-through,sources/Hezareh_Dictionary_Index/source/Hezareh_Part_03_PDF_0501-0750.md#L11290-L11299,True
flashback,flashback,flashback,[],hz-013842,entry_candidate,raw_ocr,medium,3,598,,dictionary/F/F-04.md,hz-013842-flashback,sources/Hezareh_Dictionary_Index/source/Hezareh_Part_03_PDF_0501-0750.md#L11300-L11302,True
flashbulb,flashbulb,flashbulb,[],hz-013843,entry_candidate,raw_ocr,medium,3,598,,dictionary/F/F-04.md,hz-013843-flashbulb,sources/Hezareh_Dictionary_Index/source/Hezareh_Part_03_PDF_0501-0750.md#L11303-L11303,True
flasher,flasher,flasher,[],hz-013845,entry_candidate,raw_ocr,medium,3,598,,dictionary/F/F-04.md,hz-013845-flasher,sources/Hezareh_Dictionary_Index/source/Hezareh_Part_03_PDF_0501-0750.md#L11308-L11312,True
flashily,flashily,flashily,[],hz-013846,entry_candidate,raw_ocr,low,3,598,,dictionary/F/F-04.md,hz-013846-flashily,sources/Hezareh_Dictionary_Index/source/Hezareh_Part_03_PDF_0501-0750.md#L11313-L11322,True
flashlight,flashlight,flashlight,[],hz-013847,entry_candidate,raw_ocr,high,3,598,,dictionary/F/F-04.md,hz-013847-flashlight,sources/Hezareh_Dictionary_Index/source/Hezareh_Part_03_PDF_0501-0750.md#L11323-L11327,True
flashy,flashy,flashy,[],hz-013848,entry_candidate,raw_ocr,medium,3,598,,dictionary/F/F-04.md,hz-013848-flashy,sources/Hezareh_Dictionary_Index/source/Hezareh_Part_03_PDF_0501-0750.md#L11328-L11332,True
flask,flask,flask,[],hz-013849,entry_candidate,raw_ocr,high,3,598,,dictionary/F/F-04.md,hz-013849-flask,sources/Hezareh_Dictionary_Index/source/Hezareh_Part_03_PDF_0501-0750.md#L11333-L11370,True
flat racing,flat racing,flat racing,[],hz-013861,entry_candidate,raw_ocr,medium,3,599,,dictionary/F/F-04.md,hz-013861-flat-racing,sources/Hezareh_Dictionary_Index/source/Hezareh_Part_03_PDF_0501-0750.md#L11416-L11417,True
flat rate,flat rate,flat rate,[],hz-013862,entry_candidate,raw_ocr,hint_only,3,599,,dictionary/F/F-04.md,hz-013862-flat-rate,sources/Hezareh_Dictionary_Index/source/Hezareh_Part_03_PDF_0501-0750.md#L11374-L11374,False
flat spin,flat spin,flat spin,[],hz-013863,entry_candidate,raw_ocr,medium,3,599,,dictionary/F/F-04.md,hz-013863-flat-spin,sources/Hezareh_Dictionary_Index/source/Hezareh_Part_03_PDF_0501-0750.md#L11418-L11420,True
flat-bottomed,flat-bottomed,flat-bottomed,[],hz-013850,entry_candidate,raw_ocr,high,3,599,,dictionary/F/F-04.md,hz-013850-flat-bottomed,sources/Hezareh_Dictionary_Index/source/Hezareh_Part_03_PDF_0501-0750.md#L11383-L11398,True
flat-dweller,flat-dweller,flat-dweller,[],hz-013852,entry_candidate,raw_ocr,medium,3,599,,dictionary/F/F-04.md,hz-013852-flat-dweller,sources/Hezareh_Dictionary_Index/source/Hezareh_Part_03_PDF_0501-0750.md#L11399-L11399,True
flat-hunting,flat-hunting,flat-hunting,[],hz-013855,entry_candidate,raw_ocr,low,3,599,,dictionary/F/F-04.md,hz-013855-flat-hunting,sources/Hezareh_Dictionary_Index/source/Hezareh_Part_03_PDF_0501-0750.md#L11404-L11405,True
flat-iron,flat-iron,flat-iron,[],hz-013856,entry_candidate,raw_ocr,medium,3,599,,dictionary/F/F-04.md,hz-013856-flat-iron,sources/Hezareh_Dictionary_Index/source/Hezareh_Part_03_PDF_0501-0750.md#L11406-L11407,True
flatcar,flatcar,flatcar,[],hz-013851,entry_candidate,raw_ocr,hint_only,3,599,,dictionary/F/F-04.md,hz-013851-flatcar,sources/Hezareh_Dictionary_Index/source/Hezareh_Part_03_PDF_0501-0750.md#L11374-L11374,False
flatfish,flatfish,flatfish,[],hz-013853,entry_candidate,raw_ocr,low,3,599,,dictionary/F/F-04.md,hz-013853-flatfish,sources/Hezareh_Dictionary_Index/source/Hezareh_Part_03_PDF_0501-0750.md#L11400-L11403,True
flatlet,flatlet,flatlet,[],hz-013857,entry_candidate,raw_ocr,hint_only,3,599,,dictionary/F/F-04.md,hz-013857-flatlet,sources/Hezareh_Dictionary_Index/source/Hezareh_Part_03_PDF_0501-0750.md#L11374-L11374,False
flatly,flatly,flatly,[],hz-013858,entry_candidate,raw_ocr,medium,3,599,,dictionary/F/F-04.md,hz-013858-flatly,sources/Hezareh_Dictionary_Index/source/Hezareh_Part_03_PDF_0501-0750.md#L11408-L11410,True
flatmate,flatmate,flatmate,[],hz-013859,entry_candidate,raw_ocr,medium,3,599,,dictionary/F/F-04.md,hz-013859-flatmate,sources/Hezareh_Dictionary_Index/source/Hezareh_Part_03_PDF_0501-0750.md#L11411-L11411,True
flatness,flatness,flatness,[],hz-013860,entry_candidate,raw_ocr,low,3,599,,dictionary/F/F-04.md,hz-013860-flatness,sources/Hezareh_Dictionary_Index/source/Hezareh_Part_03_PDF_0501-0750.md#L11412-L11415,True
flatten,flatten,flatten,[],hz-013864,entry_candidate,raw_ocr,medium,3,599,,dictionary/F/F-04.md,hz-013864-flatten,sources/Hezareh_Dictionary_Index/source/Hezareh_Part_03_PDF_0501-0750.md#L11421-L11439,True
flatter,flatter,flatter,[],hz-013865,entry_candidate,raw_ocr,medium,3,599,,dictionary/F/F-04.md,hz-013865-flatter,sources/Hezareh_Dictionary_Index/source/Hezareh_Part_03_PDF_0501-0750.md#L11440-L11448,True
flatterer,flatterer,flatterer,[],hz-013866,entry_candidate,raw_ocr,medium,3,599,,dictionary/F/F-04.md,hz-013866-flatterer,sources/Hezareh_Dictionary_Index/source/Hezareh_Part_03_PDF_0501-0750.md#L11449-L11450,True
flattering,flattering,flattering,[],hz-013867,entry_candidate,raw_ocr,medium,3,599,,dictionary/F/F-04.md,hz-013867-flattering,sources/Hezareh_Dictionary_Index/source/Hezareh_Part_03_PDF_0501-0750.md#L11451-L11453,True
flattery,flattery,flattery,[],hz-013868,entry_candidate,raw_ocr,medium,3,599,,dictionary/F/F-04.md,hz-013868-flattery,sources/Hezareh_Dictionary_Index/source/Hezareh_Part_03_PDF_0501-0750.md#L11454-L11455,True
flatulence,flatulence,flatulence,[],hz-013869,entry_candidate,raw_ocr,medium,3,599,,dictionary/F/F-04.md,hz-013869-flatulence,sources/Hezareh_Dictionary_Index/source/Hezareh_Part_03_PDF_0501-0750.md#L11456-L11457,True
flatulent,flatulent,flatulent,[],hz-013870,entry_candidate,raw_ocr,low,3,599,,dictionary/F/F-04.md,hz-013870-flatulent,sources/Hezareh_Dictionary_Index/source/Hezareh_Part_03_PDF_0501-0750.md#L11458-L11461,True
flaunt,flaunt,flaunt,[],hz-013871,entry_candidate,raw_ocr,medium,3,599,,dictionary/F/F-04.md,hz-013871-flaunt,sources/Hezareh_Dictionary_Index/source/Hezareh_Part_03_PDF_0501-0750.md#L11462-L11469,True
flautist,flautist,flautist,[],hz-013872,entry_candidate,raw_ocr,medium,3,599,,dictionary/F/F-04.md,hz-013872-flautist,sources/Hezareh_Dictionary_Index/source/Hezareh_Part_03_PDF_0501-0750.md#L11470-L11470,True
flavor,flavor,flavor,[],hz-013873,entry_candidate,raw_ocr,high,3,599,,dictionary/F/F-04.md,hz-013873-flavor,sources/Hezareh_Dictionary_Index/source/Hezareh_Part_03_PDF_0501-0750.md#L11471-L11471,True
flavoring,flavoring,flavoring,[],hz-013874,entry_candidate,raw_ocr,high,3,599,,dictionary/F/F-04.md,hz-013874-flavoring,sources/Hezareh_Dictionary_Index/source/Hezareh_Part_03_PDF_0501-0750.md#L11472-L11472,True
flavorless,flavorless,flavorless,[],hz-013875,entry_candidate,raw_ocr,high,3,599,,dictionary/F/F-04.md,hz-013875-flavorless,sources/Hezareh_Dictionary_Index/source/Hezareh_Part_03_PDF_0501-0750.md#L11473-L11473,True
flavour,flavour,flavour,[],hz-013876,entry_candidate,raw_ocr,medium,3,599,,dictionary/F/F-04.md,hz-013876-flavour,sources/Hezareh_Dictionary_Index/source/Hezareh_Part_03_PDF_0501-0750.md#L11474-L11481,True
flavouring,flavouring,flavouring,[],hz-013877,entry_candidate,raw_ocr,medium,3,600,,dictionary/F/F-04.md,hz-013877-flavouring,sources/Hezareh_Dictionary_Index/source/Hezareh_Part_03_PDF_0501-0750.md#L11497-L11498,True
flavourless,flavourless,flavourless,[],hz-013878,entry_candidate,raw_ocr,high,3,600,,dictionary/F/F-04.md,hz-013878-flavourless,sources/Hezareh_Dictionary_Index/source/Hezareh_Part_03_PDF_0501-0750.md#L11499-L11500,True
flaW,flaw,flaw,[],hz-013879,entry_candidate,raw_ocr,low,3,600,,dictionary/F/F-04.md,hz-013879-flaw,sources/Hezareh_Dictionary_Index/source/Hezareh_Part_03_PDF_0501-0750.md#L11501-L11504,True
flawed,flawed,flawed,[],hz-013880,entry_candidate,raw_ocr,low,3,600,,dictionary/F/F-04.md,hz-013880-flawed,sources/Hezareh_Dictionary_Index/source/Hezareh_Part_03_PDF_0501-0750.md#L11505-L11505,True
flawless,flawless,flawless,[],hz-013881,entry_candidate,raw_ocr,medium,3,600,,dictionary/F/F-04.md,hz-013881-flawless,sources/Hezareh_Dictionary_Index/source/Hezareh_Part_03_PDF_0501-0750.md#L11506-L11506,True
flawlessly,flawlessly,flawlessly,[],hz-013882,entry_candidate,raw_ocr,low,3,600,,dictionary/F/F-04.md,hz-013882-flawlessly,sources/Hezareh_Dictionary_Index/source/Hezareh_Part_03_PDF_0501-0750.md#L11507-L11508,True
flax,flax,flax,[],hz-013883,entry_candidate,raw_ocr,medium,3,600,,dictionary/F/F-04.md,hz-013883-flax,sources/Hezareh_Dictionary_Index/source/Hezareh_Part_03_PDF_0501-0750.md#L11509-L11526,True
flaxen I 'flarksn,flaxen i 'flarksn,flaxen i 'flarksn,[],hz-013884,entry_candidate,raw_ocr,hint_only,3,600,,dictionary/F/F-04.md,hz-013884-flaxen-i-flarksn,sources/Hezareh_Dictionary_Index/source/Hezareh_Part_03_PDF_0501-0750.md#L11485-L11485,False
fle',fle',fle',[],hz-010689,entry_candidate,raw_ocr,hint_only,2,438,,dictionary/F/F-04.md,hz-010689-fle,sources/Hezareh_Dictionary_Index/source/Hezareh_Part_02_PDF_0251-0500.md#L22181-L22181,False
flea market,flea market,flea market,[],hz-013886,entry_candidate,raw_ocr,hint_only,3,600,,dictionary/F/F-04.md,hz-013886-flea-market,sources/Hezareh_Dictionary_Index/source/Hezareh_Part_03_PDF_0501-0750.md#L11485-L11485,False
flea-pit,flea-pit,flea-pit,[],hz-013887,entry_candidate,raw_ocr,medium,3,600,,dictionary/F/F-04.md,hz-013887-flea-pit,sources/Hezareh_Dictionary_Index/source/Hezareh_Part_03_PDF_0501-0750.md#L11527-L11528,True
fleck,fleck,fleck,[],hz-013888,entry_candidate,raw_ocr,low,3,600,,dictionary/F/F-04.md,hz-013888-fleck,sources/Hezareh_Dictionary_Index/source/Hezareh_Part_03_PDF_0501-0750.md#L11529-L11533,True
fled I fled,fled i fled,fled i fled,[],hz-013889,entry_candidate,raw_ocr,hint_only,3,600,,dictionary/F/F-04.md,hz-013889-fled-i-fled,sources/Hezareh_Dictionary_Index/source/Hezareh_Part_03_PDF_0501-0750.md#L11485-L11485,False
fledged,fledged,fledged,[],hz-013890,entry_candidate,raw_ocr,medium,3,600,,dictionary/F/F-04.md,hz-013890-fledged,sources/Hezareh_Dictionary_Index/source/Hezareh_Part_03_PDF_0501-0750.md#L11534-L11535,True
fledgeling,fledgeling,fledgeling,[],hz-013891,entry_candidate,raw_ocr,high,3,600,,dictionary/F/F-04.md,hz-013891-fledgeling,sources/Hezareh_Dictionary_Index/source/Hezareh_Part_03_PDF_0501-0750.md#L11536-L11536,True
fledgling,fledgling,fledgling,[],hz-013892,entry_candidate,raw_ocr,medium,3,600,,dictionary/F/F-04.md,hz-013892-fledgling,sources/Hezareh_Dictionary_Index/source/Hezareh_Part_03_PDF_0501-0750.md#L11537-L11538,True
flee,flee,flee,[],hz-013893,entry_candidate,raw_ocr,medium,3,600,,dictionary/F/F-04.md,hz-013893-flee,sources/Hezareh_Dictionary_Index/source/Hezareh_Part_03_PDF_0501-0750.md#L11539-L11549,True
fleece,fleece,fleece,[],hz-013894,entry_candidate,raw_ocr,high,3,600,,dictionary/F/F-04.md,hz-013894-fleece,sources/Hezareh_Dictionary_Index/source/Hezareh_Part_03_PDF_0501-0750.md#L11550-L11555,True
fleecy,fleecy,fleecy,[],hz-013895,entry_candidate,raw_ocr,medium,3,600,,dictionary/F/F-04.md,hz-013895-fleecy,sources/Hezareh_Dictionary_Index/source/Hezareh_Part_03_PDF_0501-0750.md#L11556-L11564,True
fleet-admiral,fleet-admiral,fleet-admiral,[],hz-013896,entry_candidate,raw_ocr,high,3,600,,dictionary/F/F-04.md,hz-013896-fleet-admiral,sources/Hezareh_Dictionary_Index/source/Hezareh_Part_03_PDF_0501-0750.md#L11565-L11566,True
fleet-footed,fleet-footed,fleet-footed,[],hz-013897,entry_candidate,raw_ocr,high,3,600,,dictionary/F/F-04.md,hz-013897-fleet-footed,sources/Hezareh_Dictionary_Index/source/Hezareh_Part_03_PDF_0501-0750.md#L11567-L11569,True
fleetingly,fleetingly,fleetingly,[],hz-013898,entry_candidate,raw_ocr,high,3,600,,dictionary/F/F-04.md,hz-013898-fleetingly,sources/Hezareh_Dictionary_Index/source/Hezareh_Part_03_PDF_0501-0750.md#L11570-L11571,True
fleetness,fleetness,fleetness,[],hz-013899,entry_candidate,raw_ocr,high,3,600,,dictionary/F/F-04.md,hz-013899-fleetness,sources/Hezareh_Dictionary_Index/source/Hezareh_Part_03_PDF_0501-0750.md#L11572-L11576,True
FleetStreet,fleetstreet,fleetstreet,[],hz-013900,entry_candidate,raw_ocr,hint_only,3,600,,dictionary/F/F-04.md,hz-013900-fleetstreet,sources/Hezareh_Dictionary_Index/source/Hezareh_Part_03_PDF_0501-0750.md#L11485-L11485,False
Fleming,fleming,fleming,[],hz-013901,entry_candidate,raw_ocr,high,3,600,,dictionary/F/F-04.md,hz-013901-fleming,sources/Hezareh_Dictionary_Index/source/Hezareh_Part_03_PDF_0501-0750.md#L11577-L11577,True
Flemish,flemish,flemish,[],hz-013902,entry_candidate,raw_ocr,high,3,600,,dictionary/F/F-04.md,hz-013902-flemish,sources/Hezareh_Dictionary_Index/source/Hezareh_Part_03_PDF_0501-0750.md#L11578-L11581,True
flesh,flesh,flesh,[],hz-013903,entry_candidate,raw_ocr,high,3,600,,dictionary/F/F-04.md,hz-013903-flesh,sources/Hezareh_Dictionary_Index/source/Hezareh_Part_03_PDF_0501-0750.md#L11582-L11595,True
flesh-eating,flesh-eating,flesh-eating,[],hz-013907,entry_candidate,raw_ocr,high,3,601,,dictionary/F/F-04.md,hz-013907-flesh-eating,sources/Hezareh_Dictionary_Index/source/Hezareh_Part_03_PDF_0501-0750.md#L11608-L11623,True
fleshings,fleshings,fleshings,[],hz-013908,entry_candidate,raw_ocr,medium,3,601,,dictionary/F/F-04.md,hz-013908-fleshings,sources/Hezareh_Dictionary_Index/source/Hezareh_Part_03_PDF_0501-0750.md#L11624-L11625,True
fleshly,fleshly,fleshly,[],hz-013909,entry_candidate,raw_ocr,medium,3,601,,dictionary/F/F-04.md,hz-013909-fleshly,sources/Hezareh_Dictionary_Index/source/Hezareh_Part_03_PDF_0501-0750.md#L11626-L11628,True
fleshpots,fleshpots,fleshpots,[],hz-013910,entry_candidate,raw_ocr,medium,3,601,,dictionary/F/F-04.md,hz-013910-fleshpots,sources/Hezareh_Dictionary_Index/source/Hezareh_Part_03_PDF_0501-0750.md#L11629-L11634,True
fleshy,fleshy,fleshy,[],hz-013911,entry_candidate,raw_ocr,medium,3,601,,dictionary/F/F-04.md,hz-013911-fleshy,sources/Hezareh_Dictionary_Index/source/Hezareh_Part_03_PDF_0501-0750.md#L11635-L11636,True
fleur-de-lis,fleur-de-lis,fleur-de-lis,[],hz-013912,entry_candidate,raw_ocr,high,3,601,,dictionary/F/F-05.md,hz-013912-fleur-de-lis,sources/Hezareh_Dictionary_Index/source/Hezareh_Part_03_PDF_0501-0750.md#L11637-L11639,True
fleur-de-lys,fleur-de-lys,fleur-de-lys,[],hz-013913,entry_candidate,raw_ocr,high,3,601,,dictionary/F/F-05.md,hz-013913-fleur-de-lys,sources/Hezareh_Dictionary_Index/source/Hezareh_Part_03_PDF_0501-0750.md#L11640-L11640,True
fleurs-de-lis,fleurs-de-lis,fleurs-de-lis,[],hz-013914,entry_candidate,raw_ocr,medium,3,601,,dictionary/F/F-05.md,hz-013914-fleurs-de-lis,sources/Hezareh_Dictionary_Index/source/Hezareh_Part_03_PDF_0501-0750.md#L11641-L11641,True
flew,flew,flew,[],hz-013915,entry_candidate,raw_ocr,high,3,601,,dictionary/F/F-05.md,hz-013915-flew,sources/Hezareh_Dictionary_Index/source/Hezareh_Part_03_PDF_0501-0750.md#L11642-L11643,True
flex,flex,flex,[],hz-013916,entry_candidate,raw_ocr,medium,3,601,,dictionary/F/F-05.md,hz-013916-flex,sources/Hezareh_Dictionary_Index/source/Hezareh_Part_03_PDF_0501-0750.md#L11644-L11646,True
fleX,flex,flex,[],hz-013917,entry_candidate,raw_ocr,medium,3,601,,dictionary/F/F-05.md,hz-013917-flex,sources/Hezareh_Dictionary_Index/source/Hezareh_Part_03_PDF_0501-0750.md#L11644-L11646,True
flexibility,flexibility,flexibility,[],hz-013918,entry_candidate,raw_ocr,medium,3,601,,dictionary/F/F-05.md,hz-013918-flexibility,sources/Hezareh_Dictionary_Index/source/Hezareh_Part_03_PDF_0501-0750.md#L11647-L11653,True
flexible,flexible,flexible,[],hz-013919,entry_candidate,raw_ocr,hint_only,3,601,,dictionary/F/F-05.md,hz-013919-flexible,sources/Hezareh_Dictionary_Index/source/Hezareh_Part_03_PDF_0501-0750.md#L11599-L11599,False
flexibly,flexibly,flexibly,[],hz-013920,entry_candidate,raw_ocr,low,3,601,,dictionary/F/F-05.md,hz-013920-flexibly,sources/Hezareh_Dictionary_Index/source/Hezareh_Part_03_PDF_0501-0750.md#L11654-L11655,True
flexion,flexion,flexion,[],hz-013921,entry_candidate,raw_ocr,medium,3,601,,dictionary/F/F-05.md,hz-013921-flexion,sources/Hezareh_Dictionary_Index/source/Hezareh_Part_03_PDF_0501-0750.md#L11656-L11659,True
flexitime,flexitime,flexitime,[],hz-013905,entry_candidate,raw_ocr,high,3,601,,dictionary/F/F-05.md,hz-013905-flexitime,sources/Hezareh_Dictionary_Index/source/Hezareh_Part_03_PDF_0501-0750.md#L11660-L11660,True
flexor,flexor,flexor,[],hz-013906,entry_candidate,raw_ocr,high,3,601,,dictionary/F/F-05.md,hz-013906-flexor,sources/Hezareh_Dictionary_Index/source/Hezareh_Part_03_PDF_0501-0750.md#L11661-L11661,True
flextime,flextime,flextime,[],hz-013922,entry_candidate,raw_ocr,high,3,601,,dictionary/F/F-05.md,hz-013922-flextime,sources/Hezareh_Dictionary_Index/source/Hezareh_Part_03_PDF_0501-0750.md#L11662-L11662,True
flibbertigibbet,flibbertigibbet,flibbertigibbet,[],hz-013923,entry_candidate,raw_ocr,high,3,601,,dictionary/F/F-05.md,hz-013923-flibbertigibbet,sources/Hezareh_Dictionary_Index/source/Hezareh_Part_03_PDF_0501-0750.md#L11663-L11664,True
flick,flick,flick,[],hz-013924,entry_candidate,raw_ocr,high,3,601,,dictionary/F/F-05.md,hz-013924-flick,sources/Hezareh_Dictionary_Index/source/Hezareh_Part_03_PDF_0501-0750.md#L11665-L11671,True
flick sth away,flick sth away,flick sth away,[],hz-013925,entry_candidate,raw_ocr,high,3,601,,dictionary/F/F-05.md,hz-013925-flick-sth-away,sources/Hezareh_Dictionary_Index/source/Hezareh_Part_03_PDF_0501-0750.md#L11672-L11676,True
flick-knlfe,flick-knlfe,flick-knlfe,[],hz-013927,entry_candidate,raw_ocr,hint_only,3,601,,dictionary/F/F-05.md,hz-013927-flick-knlfe,sources/Hezareh_Dictionary_Index/source/Hezareh_Part_03_PDF_0501-0750.md#L11599-L11599,False
flicker,flicker,flicker,[],hz-013926,entry_candidate,raw_ocr,high,3,601,,dictionary/F/F-05.md,hz-013926-flicker,sources/Hezareh_Dictionary_Index/source/Hezareh_Part_03_PDF_0501-0750.md#L11677-L11687,True
flier,flier,flier,[],hz-013928,entry_candidate,raw_ocr,high,3,601,,dictionary/F/F-05.md,hz-013928-flier,sources/Hezareh_Dictionary_Index/source/Hezareh_Part_03_PDF_0501-0750.md#L11688-L11688,True
flies,flies,flies,[],hz-013929,entry_candidate,raw_ocr,high,3,601,,dictionary/F/F-05.md,hz-013929-flies,sources/Hezareh_Dictionary_Index/source/Hezareh_Part_03_PDF_0501-0750.md#L11689-L11707,True
flight deck,flight deck,flight deck,[],hz-013931,entry_candidate,raw_ocr,medium,3,602,,dictionary/F/F-05.md,hz-013931-flight-deck,sources/Hezareh_Dictionary_Index/source/Hezareh_Part_03_PDF_0501-0750.md#L11730-L11731,True
flight lieutenant,flight lieutenant,flight lieutenant,[],hz-013933,entry_candidate,raw_ocr,high,3,602,,dictionary/F/F-05.md,hz-013933-flight-lieutenant,sources/Hezareh_Dictionary_Index/source/Hezareh_Part_03_PDF_0501-0750.md#L11734-L11735,True
flight path,flight path,flight path,[],hz-013934,entry_candidate,raw_ocr,high,3,602,,dictionary/F/F-05.md,hz-013934-flight-path,sources/Hezareh_Dictionary_Index/source/Hezareh_Part_03_PDF_0501-0750.md#L11736-L11736,True
flight simulator,flight simulator,flight simulator,[],hz-013936,entry_candidate,raw_ocr,medium,3,602,,dictionary/F/F-05.md,hz-013936-flight-simulator,sources/Hezareh_Dictionary_Index/source/Hezareh_Part_03_PDF_0501-0750.md#L11741-L11742,True
flight-recorder,flight-recorder,flight-recorder,[],hz-013935,entry_candidate,raw_ocr,medium,3,602,,dictionary/F/F-05.md,hz-013935-flight-recorder,sources/Hezareh_Dictionary_Index/source/Hezareh_Part_03_PDF_0501-0750.md#L11737-L11740,True
flight-test,flight-test,flight-test,[],hz-013937,entry_candidate,raw_ocr,medium,3,602,,dictionary/F/F-05.md,hz-013937-flight-test,sources/Hezareh_Dictionary_Index/source/Hezareh_Part_03_PDF_0501-0750.md#L11743-L11744,True
flightless,flightless,flightless,[],hz-013932,entry_candidate,raw_ocr,low,3,602,,dictionary/F/F-05.md,hz-013932-flightless,sources/Hezareh_Dictionary_Index/source/Hezareh_Part_03_PDF_0501-0750.md#L11732-L11733,True
flighty,flighty,flighty,[],hz-013938,entry_candidate,raw_ocr,high,3,602,,dictionary/F/F-05.md,hz-013938-flighty,sources/Hezareh_Dictionary_Index/source/Hezareh_Part_03_PDF_0501-0750.md#L11745-L11748,True
flimsily,flimsily,flimsily,[],hz-013939,entry_candidate,raw_ocr,medium,3,602,,dictionary/F/F-05.md,hz-013939-flimsily,sources/Hezareh_Dictionary_Index/source/Hezareh_Part_03_PDF_0501-0750.md#L11749-L11753,True
flimsy,flimsy,flimsy,[],hz-013940,entry_candidate,raw_ocr,high,3,602,,dictionary/F/F-05.md,hz-013940-flimsy,sources/Hezareh_Dictionary_Index/source/Hezareh_Part_03_PDF_0501-0750.md#L11754-L11790,True
flinchtflmtf,flinchtflmtf,flinchtflmtf,[],hz-013941,entry_candidate,raw_ocr,hint_only,3,602,,dictionary/F/F-05.md,hz-013941-flinchtflmtf,sources/Hezareh_Dictionary_Index/source/Hezareh_Part_03_PDF_0501-0750.md#L11711-L11711,False
fling,fling,fling,[],hz-013942,entry_candidate,raw_ocr,high,3,602,,dictionary/F/F-05.md,hz-013942-fling,sources/Hezareh_Dictionary_Index/source/Hezareh_Part_03_PDF_0501-0750.md#L11791-L11816,True
fling,fling,fling,[],hz-023590,entry_candidate,raw_ocr,medium,5,1083,,dictionary/F/F-05.md,hz-023590-fling,sources/Hezareh_Dictionary_Index/source/Hezareh_Part_05_PDF_1001-1250.md#L9893-L9909,True
fling oneself at sb,fling oneself at sb,fling oneself at sb,[],hz-013943,entry_candidate,raw_ocr,high,3,602,,dictionary/F/F-05.md,hz-013943-fling-oneself-at-sb,sources/Hezareh_Dictionary_Index/source/Hezareh_Part_03_PDF_0501-0750.md#L11791-L11816,True
flint,flint,flint,[],hz-013944,entry_candidate,raw_ocr,hint_only,3,602,,dictionary/F/F-05.md,hz-013944-flint,sources/Hezareh_Dictionary_Index/source/Hezareh_Part_03_PDF_0501-0750.md#L11711-L11711,False
flintlock,flintlock,flintlock,[],hz-013945,entry_candidate,raw_ocr,hint_only,3,602,,dictionary/F/F-05.md,hz-013945-flintlock,sources/Hezareh_Dictionary_Index/source/Hezareh_Part_03_PDF_0501-0750.md#L11711-L11711,False
flip,flip,flip,[],hz-013947,entry_candidate,raw_ocr,high,3,602,,dictionary/F/F-05.md,hz-013947-flip,sources/Hezareh_Dictionary_Index/source/Hezareh_Part_03_PDF_0501-0750.md#L11817-L11821,True
flip chart,flip chart,flip chart,[],hz-013948,entry_candidate,raw_ocr,high,3,603,,dictionary/F/F-05.md,hz-013948-flip-chart,sources/Hezareh_Dictionary_Index/source/Hezareh_Part_03_PDF_0501-0750.md#L11834-L11858,True
flip side,flip side,flip side,[],hz-013951,entry_candidate,raw_ocr,medium,3,603,,dictionary/F/F-05.md,hz-013951-flip-side,sources/Hezareh_Dictionary_Index/source/Hezareh_Part_03_PDF_0501-0750.md#L11870-L11874,True
flippancy,flippancy,flippancy,[],hz-013949,entry_candidate,raw_ocr,low,3,603,,dictionary/F/F-05.md,hz-013949-flippancy,sources/Hezareh_Dictionary_Index/source/Hezareh_Part_03_PDF_0501-0750.md#L11859-L11864,True
flippantly,flippantly,flippantly,[],hz-013950,entry_candidate,raw_ocr,medium,3,603,,dictionary/F/F-05.md,hz-013950-flippantly,sources/Hezareh_Dictionary_Index/source/Hezareh_Part_03_PDF_0501-0750.md#L11865-L11869,True
flirt,flirt,flirt,[],hz-013952,entry_candidate,raw_ocr,low,3,603,,dictionary/F/F-05.md,hz-013952-flirt,sources/Hezareh_Dictionary_Index/source/Hezareh_Part_03_PDF_0501-0750.md#L11875-L11885,True
flirtation,flirtation,flirtation,[],hz-013953,entry_candidate,raw_ocr,hint_only,3,603,,dictionary/F/F-05.md,hz-013953-flirtation,sources/Hezareh_Dictionary_Index/source/Hezareh_Part_03_PDF_0501-0750.md#L11825-L11825,False
flirtatiOUS,flirtatious,flirtatious,[],hz-013954,entry_candidate,raw_ocr,medium,3,603,,dictionary/F/F-05.md,hz-013954-flirtatious,sources/Hezareh_Dictionary_Index/source/Hezareh_Part_03_PDF_0501-0750.md#L11886-L11887,True
flit,flit,flit,[],hz-013955,entry_candidate,raw_ocr,medium,3,603,,dictionary/F/F-05.md,hz-013955-flit,sources/Hezareh_Dictionary_Index/source/Hezareh_Part_03_PDF_0501-0750.md#L11888-L11919,True
float,float,float,[],hz-000737,entry_candidate,raw_ocr,high,1,33,,dictionary/F/F-05.md,hz-000737-float,sources/Hezareh_Dictionary_Index/source/Hezareh_Part_01_PDF_0001-0250.md#L4159-L4161,True
float about,float about,float about,[],hz-013956,entry_candidate,raw_ocr,medium,3,603,,dictionary/F/F-05.md,hz-013956-float-about,sources/Hezareh_Dictionary_Index/source/Hezareh_Part_03_PDF_0501-0750.md#L11920-L11926,True
floating assets,floating assets,floating assets,[],hz-013958,entry_candidate,raw_ocr,low,3,603,,dictionary/F/F-05.md,hz-013958-floating-assets,sources/Hezareh_Dictionary_Index/source/Hezareh_Part_03_PDF_0501-0750.md#L11927-L11928,True
floating bridge,floating bridge,floating bridge,[],hz-013959,entry_candidate,raw_ocr,medium,3,603,,dictionary/F/F-05.md,hz-013959-floating-bridge,sources/Hezareh_Dictionary_Index/source/Hezareh_Part_03_PDF_0501-0750.md#L11929-L11930,True
floating debt,floating debt,floating debt,[],hz-013960,entry_candidate,raw_ocr,hint_only,3,603,,dictionary/F/F-05.md,hz-013960-floating-debt,sources/Hezareh_Dictionary_Index/source/Hezareh_Part_03_PDF_0501-0750.md#L11825-L11825,False
floating dock,floating dock,floating dock,[],hz-013961,entry_candidate,raw_ocr,high,3,603,,dictionary/F/F-05.md,hz-013961-floating-dock,sources/Hezareh_Dictionary_Index/source/Hezareh_Part_03_PDF_0501-0750.md#L11931-L11933,True
floating l'nautra,floating l'nautra,floating l'nautra,[],hz-013957,entry_candidate,raw_ocr,hint_only,3,603,,dictionary/F/F-05.md,hz-013957-floating-l-nautra,sources/Hezareh_Dictionary_Index/source/Hezareh_Part_03_PDF_0501-0750.md#L11825-L11825,False
floating vote,floating vote,floating vote,[],hz-013962,entry_candidate,raw_ocr,high,3,604,,dictionary/F/F-05.md,hz-013962-floating-vote,sources/Hezareh_Dictionary_Index/source/Hezareh_Part_03_PDF_0501-0750.md#L11952-L11954,True
floating voter,floating voter,floating voter,[],hz-013963,entry_candidate,raw_ocr,high,3,604,,dictionary/F/F-05.md,hz-013963-floating-voter,sources/Hezareh_Dictionary_Index/source/Hezareh_Part_03_PDF_0501-0750.md#L11955-L11976,True
floe,floe,floe,[],hz-013964,entry_candidate,raw_ocr,hint_only,3,604,,dictionary/F/F-05.md,hz-013964-floe,sources/Hezareh_Dictionary_Index/source/Hezareh_Part_03_PDF_0501-0750.md#L11937-L11937,False
flog,flog,flog,[],hz-013965,entry_candidate,raw_ocr,high,3,604,,dictionary/F/F-05.md,hz-013965-flog,sources/Hezareh_Dictionary_Index/source/Hezareh_Part_03_PDF_0501-0750.md#L11977-L11990,True
flog oneself,flog oneself,flog oneself,[],hz-016087,entry_candidate,raw_ocr,high,3,710,,dictionary/F/F-05.md,hz-016087-flog-oneself,sources/Hezareh_Dictionary_Index/source/Hezareh_Part_03_PDF_0501-0750.md#L24235-L24235,True
flog oneself to death,flog oneself to death,flog oneself to death,[],hz-013966,entry_candidate,raw_ocr,high,3,604,,dictionary/F/F-05.md,hz-013966-flog-oneself-to-death,sources/Hezareh_Dictionary_Index/source/Hezareh_Part_03_PDF_0501-0750.md#L11991-L11992,True
flogging,flogging,flogging,[],hz-013967,entry_candidate,raw_ocr,medium,3,604,,dictionary/F/F-05.md,hz-013967-flogging,sources/Hezareh_Dictionary_Index/source/Hezareh_Part_03_PDF_0501-0750.md#L11993-L12027,True
flood control,flood control,flood control,[],hz-013968,entry_candidate,raw_ocr,hint_only,3,604,,dictionary/F/F-05.md,hz-013968-flood-control,sources/Hezareh_Dictionary_Index/source/Hezareh_Part_03_PDF_0501-0750.md#L11937-L11937,False
flood-plain i'llAd plem,flood-plain i'llad plem,flood-plain i'llad plem,[],hz-013971,entry_candidate,raw_ocr,hint_only,3,604,,dictionary/F/F-05.md,hz-013971-flood-plain-i-llad-plem,sources/Hezareh_Dictionary_Index/source/Hezareh_Part_03_PDF_0501-0750.md#L11937-L11937,False
floodlight,floodlight,floodlight,[],hz-013969,entry_candidate,raw_ocr,high,3,604,,dictionary/F/F-05.md,hz-013969-floodlight,sources/Hezareh_Dictionary_Index/source/Hezareh_Part_03_PDF_0501-0750.md#L12028-L12032,True
floodlit,floodlit,floodlit,[],hz-013970,entry_candidate,raw_ocr,high,3,604,,dictionary/F/F-05.md,hz-013970-floodlit,sources/Hezareh_Dictionary_Index/source/Hezareh_Part_03_PDF_0501-0750.md#L12033-L12052,True
floor leader,floor leader,floor leader,[],hz-013975,entry_candidate,raw_ocr,medium,3,605,,dictionary/F/F-05.md,hz-013975-floor-leader,sources/Hezareh_Dictionary_Index/source/Hezareh_Part_03_PDF_0501-0750.md#L12093-L12094,True
floor show,floor show,floor show,[],hz-013976,entry_candidate,raw_ocr,medium,3,605,,dictionary/F/F-05.md,hz-013976-floor-show,sources/Hezareh_Dictionary_Index/source/Hezareh_Part_03_PDF_0501-0750.md#L12095-L12096,True
floor-walker,floor-walker,floor-walker,[],hz-013977,entry_candidate,raw_ocr,high,3,605,,dictionary/F/F-05.md,hz-013977-floor-walker,sources/Hezareh_Dictionary_Index/source/Hezareh_Part_03_PDF_0501-0750.md#L12097-L12098,True
floorboard,floorboard,floorboard,[],hz-013973,entry_candidate,raw_ocr,medium,3,605,,dictionary/F/F-05.md,hz-013973-floorboard,sources/Hezareh_Dictionary_Index/source/Hezareh_Part_03_PDF_0501-0750.md#L12088-L12091,True
flooring,flooring,flooring,[],hz-013974,entry_candidate,raw_ocr,low,3,605,,dictionary/F/F-05.md,hz-013974-flooring,sources/Hezareh_Dictionary_Index/source/Hezareh_Part_03_PDF_0501-0750.md#L12092-L12092,True
floosie,floosie,floosie,[],hz-013978,entry_candidate,raw_ocr,low,3,605,,dictionary/F/F-05.md,hz-013978-floosie,sources/Hezareh_Dictionary_Index/source/Hezareh_Part_03_PDF_0501-0750.md#L12099-L12101,True
floozie,floozie,floozie,[],hz-013979,entry_candidate,raw_ocr,high,3,605,,dictionary/F/F-05.md,hz-013979-floozie,sources/Hezareh_Dictionary_Index/source/Hezareh_Part_03_PDF_0501-0750.md#L12099-L12101,True
floozy,floozy,floozy,[],hz-013980,entry_candidate,raw_ocr,high,3,605,,dictionary/F/F-05.md,hz-013980-floozy,sources/Hezareh_Dictionary_Index/source/Hezareh_Part_03_PDF_0501-0750.md#L12102-L12102,True
flop,flop,flop,[],hz-013981,entry_candidate,raw_ocr,high,3,605,,dictionary/F/F-05.md,hz-013981-flop,sources/Hezareh_Dictionary_Index/source/Hezareh_Part_03_PDF_0501-0750.md#L12103-L12115,True
floppy,floppy,floppy,[],hz-013982,entry_candidate,raw_ocr,medium,3,605,,dictionary/F/F-05.md,hz-013982-floppy,sources/Hezareh_Dictionary_Index/source/Hezareh_Part_03_PDF_0501-0750.md#L12116-L12121,True
floppy disk,floppy disk,floppy disk,[],hz-013983,entry_candidate,raw_ocr,medium,3,605,,dictionary/F/F-05.md,hz-013983-floppy-disk,sources/Hezareh_Dictionary_Index/source/Hezareh_Part_03_PDF_0501-0750.md#L12116-L12121,True
flora,flora,flora,[],hz-013984,entry_candidate,raw_ocr,high,3,605,,dictionary/F/F-05.md,hz-013984-flora,sources/Hezareh_Dictionary_Index/source/Hezareh_Part_03_PDF_0501-0750.md#L12122-L12122,True
floral,floral,floral,[],hz-013985,entry_candidate,raw_ocr,medium,3,605,,dictionary/F/F-05.md,hz-013985-floral,sources/Hezareh_Dictionary_Index/source/Hezareh_Part_03_PDF_0501-0750.md#L12123-L12125,True
Florence i'florans,florence i'florans,florence i'florans,[],hz-013986,entry_candidate,raw_ocr,hint_only,3,605,,dictionary/F/F-05.md,hz-013986-florence-i-florans,sources/Hezareh_Dictionary_Index/source/Hezareh_Part_03_PDF_0501-0750.md#L12062-L12062,False
Florentine,florentine,florentine,[],hz-013987,entry_candidate,raw_ocr,medium,3,605,,dictionary/F/F-05.md,hz-013987-florentine,sources/Hezareh_Dictionary_Index/source/Hezareh_Part_03_PDF_0501-0750.md#L12126-L12128,True
floret,floret,floret,[],hz-013988,entry_candidate,raw_ocr,medium,3,605,,dictionary/F/F-05.md,hz-013988-floret,sources/Hezareh_Dictionary_Index/source/Hezareh_Part_03_PDF_0501-0750.md#L12129-L12129,True
floriculture,floriculture,floriculture,[],hz-013989,entry_candidate,raw_ocr,medium,3,605,,dictionary/F/F-05.md,hz-013989-floriculture,sources/Hezareh_Dictionary_Index/source/Hezareh_Part_03_PDF_0501-0750.md#L12130-L12130,True
florid,florid,florid,[],hz-013990,entry_candidate,raw_ocr,medium,3,605,,dictionary/F/F-05.md,hz-013990-florid,sources/Hezareh_Dictionary_Index/source/Hezareh_Part_03_PDF_0501-0750.md#L12131-L12134,True
florin,florin,florin,[],hz-013991,entry_candidate,raw_ocr,medium,3,605,,dictionary/F/F-05.md,hz-013991-florin,sources/Hezareh_Dictionary_Index/source/Hezareh_Part_03_PDF_0501-0750.md#L12135-L12136,True
florist,florist,florist,[],hz-013992,entry_candidate,raw_ocr,medium,3,605,,dictionary/F/F-05.md,hz-013992-florist,sources/Hezareh_Dictionary_Index/source/Hezareh_Part_03_PDF_0501-0750.md#L12137-L12141,True
floss,floss,floss,[],hz-013993,entry_candidate,raw_ocr,medium,3,605,,dictionary/F/F-05.md,hz-013993-floss,sources/Hezareh_Dictionary_Index/source/Hezareh_Part_03_PDF_0501-0750.md#L12142-L12142,True
flotation,flotation,flotation,[],hz-013994,entry_candidate,raw_ocr,medium,3,605,,dictionary/F/F-05.md,hz-013994-flotation,sources/Hezareh_Dictionary_Index/source/Hezareh_Part_03_PDF_0501-0750.md#L12143-L12145,True
flotilla,flotilla,flotilla,[],hz-013995,entry_candidate,raw_ocr,medium,3,605,,dictionary/F/F-05.md,hz-013995-flotilla,sources/Hezareh_Dictionary_Index/source/Hezareh_Part_03_PDF_0501-0750.md#L12146-L12147,True
flotsam,flotsam,flotsam,[],hz-013996,entry_candidate,raw_ocr,medium,3,605,,dictionary/F/F-05.md,hz-013996-flotsam,sources/Hezareh_Dictionary_Index/source/Hezareh_Part_03_PDF_0501-0750.md#L12148-L12169,True
flounced,flounced,flounced,[],hz-013997,entry_candidate,raw_ocr,hint_only,3,605,,dictionary/F/F-05.md,hz-013997-flounced,sources/Hezareh_Dictionary_Index/source/Hezareh_Part_03_PDF_0501-0750.md#L12062-L12062,False
flour,flour,flour,[],hz-013998,entry_candidate,raw_ocr,high,3,606,,dictionary/F/F-05.md,hz-013998-flour,sources/Hezareh_Dictionary_Index/source/Hezareh_Part_03_PDF_0501-0750.md#L12185-L12186,True
flourish,flourish,flourish,[],hz-013999,entry_candidate,raw_ocr,medium,3,606,,dictionary/F/F-05.md,hz-013999-flourish,sources/Hezareh_Dictionary_Index/source/Hezareh_Part_03_PDF_0501-0750.md#L12187-L12210,True
flouryl'flauan,flouryl'flauan,flouryl'flauan,[],hz-014000,entry_candidate,raw_ocr,hint_only,3,606,,dictionary/F/F-05.md,hz-014000-flouryl-flauan,sources/Hezareh_Dictionary_Index/source/Hezareh_Part_03_PDF_0501-0750.md#L12173-L12173,False
flout,flout,flout,[],hz-014001,entry_candidate,raw_ocr,medium,3,606,,dictionary/F/F-05.md,hz-014001-flout,sources/Hezareh_Dictionary_Index/source/Hezareh_Part_03_PDF_0501-0750.md#L12211-L12241,True
flow,flow,flow,[],hz-014002,entry_candidate,raw_ocr,high,3,606,,dictionary/F/F-05.md,hz-014002-flow,sources/Hezareh_Dictionary_Index/source/Hezareh_Part_03_PDF_0501-0750.md#L12242-L12246,True
flow chart,flow chart,flow chart,[],hz-014004,entry_candidate,raw_ocr,low,3,606,,dictionary/F/F-05.md,hz-014004-flow-chart,sources/Hezareh_Dictionary_Index/source/Hezareh_Part_03_PDF_0501-0750.md#L12247-L12254,True
flow diagram,flow diagram,flow diagram,[],hz-014005,entry_candidate,raw_ocr,high,3,606,,dictionary/F/F-05.md,hz-014005-flow-diagram,sources/Hezareh_Dictionary_Index/source/Hezareh_Part_03_PDF_0501-0750.md#L12247-L12254,True
flow in,flow in,flow in,[],hz-014003,entry_candidate,raw_ocr,high,3,606,,dictionary/F/F-05.md,hz-014003-flow-in,sources/Hezareh_Dictionary_Index/source/Hezareh_Part_03_PDF_0501-0750.md#L12242-L12246,True
flower arrangement,flower arrangement,flower arrangement,[],hz-014006,entry_candidate,raw_ocr,high,3,606,,dictionary/F/F-05.md,hz-014006-flower-arrangement,sources/Hezareh_Dictionary_Index/source/Hezareh_Part_03_PDF_0501-0750.md#L12255-L12256,True
flower children,flower children,flower children,[],hz-014008,entry_candidate,raw_ocr,high,3,606,,dictionary/F/F-05.md,hz-014008-flower-children,sources/Hezareh_Dictionary_Index/source/Hezareh_Part_03_PDF_0501-0750.md#L12259-L12260,True
flower garden,flower garden,flower garden,[],hz-014010,entry_candidate,raw_ocr,high,3,606,,dictionary/F/F-05.md,hz-014010-flower-garden,sources/Hezareh_Dictionary_Index/source/Hezareh_Part_03_PDF_0501-0750.md#L12262-L12262,True
flower people,flower people,flower people,[],hz-014014,entry_candidate,raw_ocr,high,3,606,,dictionary/F/F-05.md,hz-014014-flower-people,sources/Hezareh_Dictionary_Index/source/Hezareh_Part_03_PDF_0501-0750.md#L12271-L12271,True
flower power,flower power,flower power,[],hz-014016,entry_candidate,raw_ocr,high,3,606,,dictionary/F/F-05.md,hz-014016-flower-power,sources/Hezareh_Dictionary_Index/source/Hezareh_Part_03_PDF_0501-0750.md#L12273-L12273,True
flower show,flower show,flower show,[],hz-014017,entry_candidate,raw_ocr,high,3,606,,dictionary/F/F-05.md,hz-014017-flower-show,sources/Hezareh_Dictionary_Index/source/Hezareh_Part_03_PDF_0501-0750.md#L12274-L12274,True
flower-girl,flower-girl,flower-girl,[],hz-014011,entry_candidate,raw_ocr,high,3,606,,dictionary/F/F-05.md,hz-014011-flower-girl,sources/Hezareh_Dictionary_Index/source/Hezareh_Part_03_PDF_0501-0750.md#L12263-L12263,True
flowerbed,flowerbed,flowerbed,[],hz-014007,entry_candidate,raw_ocr,high,3,606,,dictionary/F/F-05.md,hz-014007-flowerbed,sources/Hezareh_Dictionary_Index/source/Hezareh_Part_03_PDF_0501-0750.md#L12257-L12258,True
flowered,flowered,flowered,[],hz-014009,entry_candidate,raw_ocr,high,3,606,,dictionary/F/F-05.md,hz-014009-flowered,sources/Hezareh_Dictionary_Index/source/Hezareh_Part_03_PDF_0501-0750.md#L12261-L12261,True
flowering,flowering,flowering,[],hz-014012,entry_candidate,raw_ocr,high,3,606,,dictionary/F/F-05.md,hz-014012-flowering,sources/Hezareh_Dictionary_Index/source/Hezareh_Part_03_PDF_0501-0750.md#L12264-L12268,True
flowerleSS,flowerless,flowerless,[],hz-014013,entry_candidate,raw_ocr,high,3,606,,dictionary/F/F-05.md,hz-014013-flowerless,sources/Hezareh_Dictionary_Index/source/Hezareh_Part_03_PDF_0501-0750.md#L12269-L12270,True
flowerpot,flowerpot,flowerpot,[],hz-014015,entry_candidate,raw_ocr,high,3,606,,dictionary/F/F-05.md,hz-014015-flowerpot,sources/Hezareh_Dictionary_Index/source/Hezareh_Part_03_PDF_0501-0750.md#L12272-L12272,True
flowery,flowery,flowery,[],hz-014018,entry_candidate,raw_ocr,high,3,606,,dictionary/F/F-05.md,hz-014018-flowery,sources/Hezareh_Dictionary_Index/source/Hezareh_Part_03_PDF_0501-0750.md#L12275-L12283,True
flowing,flowing,flowing,[],hz-014019,entry_candidate,raw_ocr,high,3,607,,dictionary/F/F-05.md,hz-014019-flowing,sources/Hezareh_Dictionary_Index/source/Hezareh_Part_03_PDF_0501-0750.md#L12296-L12301,True
flown,flown,flown,[],hz-014020,entry_candidate,raw_ocr,high,3,607,,dictionary/F/F-05.md,hz-014020-flown,sources/Hezareh_Dictionary_Index/source/Hezareh_Part_03_PDF_0501-0750.md#L12302-L12302,True
Flt Lt,flt lt,flt lt,[],hz-014022,entry_candidate,raw_ocr,high,3,607,,dictionary/F/F-05.md,hz-014022-flt-lt,sources/Hezareh_Dictionary_Index/source/Hezareh_Part_03_PDF_0501-0750.md#L12305-L12306,True
flu,flu,flu,[],hz-014023,entry_candidate,raw_ocr,medium,3,607,,dictionary/F/F-05.md,hz-014023-flu,sources/Hezareh_Dictionary_Index/source/Hezareh_Part_03_PDF_0501-0750.md#L12307-L12312,True
fluctuate,fluctuate,fluctuate,[],hz-014024,entry_candidate,raw_ocr,high,3,607,,dictionary/F/F-05.md,hz-014024-fluctuate,sources/Hezareh_Dictionary_Index/source/Hezareh_Part_03_PDF_0501-0750.md#L12313-L12325,True
flue,flue,flue,[],hz-014025,entry_candidate,raw_ocr,hint_only,3,607,,dictionary/F/F-05.md,hz-014025-flue,sources/Hezareh_Dictionary_Index/source/Hezareh_Part_03_PDF_0501-0750.md#L12287-L12287,False
fluent,fluent,fluent,[],hz-014026,entry_candidate,raw_ocr,low,3,607,,dictionary/F/F-05.md,hz-014026-fluent,sources/Hezareh_Dictionary_Index/source/Hezareh_Part_03_PDF_0501-0750.md#L12326-L12348,True
fluid,fluid,fluid,[],hz-014027,entry_candidate,raw_ocr,high,3,607,,dictionary/F/F-05.md,hz-014027-fluid,sources/Hezareh_Dictionary_Index/source/Hezareh_Part_03_PDF_0501-0750.md#L12349-L12359,True
fluid ounce,fluid ounce,fluid ounce,[],hz-014029,entry_candidate,raw_ocr,low,3,607,,dictionary/F/F-05.md,hz-014029-fluid-ounce,sources/Hezareh_Dictionary_Index/source/Hezareh_Part_03_PDF_0501-0750.md#L12303-L12304,True
fluidity,fluidity,fluidity,[],hz-014028,entry_candidate,raw_ocr,low,3,607,,dictionary/F/F-05.md,hz-014028-fluidity,sources/Hezareh_Dictionary_Index/source/Hezareh_Part_03_PDF_0501-0750.md#L12360-L12371,True
flukey,flukey,flukey,[],hz-014030,entry_candidate,raw_ocr,high,3,607,,dictionary/F/F-05.md,hz-014030-flukey,sources/Hezareh_Dictionary_Index/source/Hezareh_Part_03_PDF_0501-0750.md#L12372-L12374,True
fluky,fluky,fluky,[],hz-014031,entry_candidate,raw_ocr,low,3,607,,dictionary/F/F-05.md,hz-014031-fluky,sources/Hezareh_Dictionary_Index/source/Hezareh_Part_03_PDF_0501-0750.md#L12372-L12374,True
flume,flume,flume,[],hz-014032,entry_candidate,raw_ocr,medium,3,607,,dictionary/F/F-05.md,hz-014032-flume,sources/Hezareh_Dictionary_Index/source/Hezareh_Part_03_PDF_0501-0750.md#L12375-L12376,True
flummox,flummox,flummox,[],hz-014033,entry_candidate,raw_ocr,medium,3,607,,dictionary/F/F-05.md,hz-014033-flummox,sources/Hezareh_Dictionary_Index/source/Hezareh_Part_03_PDF_0501-0750.md#L12377-L12378,True
flung,flung,flung,[],hz-014034,entry_candidate,raw_ocr,medium,3,607,,dictionary/F/F-05.md,hz-014034-flung,sources/Hezareh_Dictionary_Index/source/Hezareh_Part_03_PDF_0501-0750.md#L12379-L12379,True
flunk,flunk,flunk,[],hz-014035,entry_candidate,raw_ocr,low,3,607,,dictionary/F/F-05.md,hz-014035-flunk,sources/Hezareh_Dictionary_Index/source/Hezareh_Part_03_PDF_0501-0750.md#L12380-L12386,True
flunkey,flunkey,flunkey,[],hz-014036,entry_candidate,raw_ocr,high,3,607,,dictionary/F/F-05.md,hz-014036-flunkey,sources/Hezareh_Dictionary_Index/source/Hezareh_Part_03_PDF_0501-0750.md#L12387-L12389,True
flunky,flunky,flunky,[],hz-014037,entry_candidate,raw_ocr,high,3,607,,dictionary/F/F-05.md,hz-014037-flunky,sources/Hezareh_Dictionary_Index/source/Hezareh_Part_03_PDF_0501-0750.md#L12390-L12398,True
fluoridate,fluoridate,fluoridate,[],hz-014039,entry_candidate,raw_ocr,hint_only,3,607,,dictionary/F/F-05.md,hz-014039-fluoridate,sources/Hezareh_Dictionary_Index/source/Hezareh_Part_03_PDF_0501-0750.md#L12287-L12287,False
fluoridisation,fluoridisation,fluoridisation,[],hz-014040,entry_candidate,raw_ocr,medium,3,607,,dictionary/F/F-05.md,hz-014040-fluoridisation,sources/Hezareh_Dictionary_Index/source/Hezareh_Part_03_PDF_0501-0750.md#L12399-L12401,True
fluoridization,fluoridization,fluoridization,[],hz-014041,entry_candidate,raw_ocr,high,3,608,,dictionary/F/F-05.md,hz-014041-fluoridization,sources/Hezareh_Dictionary_Index/source/Hezareh_Part_03_PDF_0501-0750.md#L12415-L12416,True
fluoridize,fluoridize,fluoridize,[],hz-014042,entry_candidate,raw_ocr,high,3,608,,dictionary/F/F-05.md,hz-014042-fluoridize,sources/Hezareh_Dictionary_Index/source/Hezareh_Part_03_PDF_0501-0750.md#L12417-L12418,True
flurry,flurry,flurry,[],hz-014043,entry_candidate,raw_ocr,high,3,608,,dictionary/F/F-05.md,hz-014043-flurry,sources/Hezareh_Dictionary_Index/source/Hezareh_Part_03_PDF_0501-0750.md#L12419-L12469,True
flushed,flushed,flushed,[],hz-014045,entry_candidate,raw_ocr,low,3,608,,dictionary/F/F-05.md,hz-014045-flushed,sources/Hezareh_Dictionary_Index/source/Hezareh_Part_03_PDF_0501-0750.md#L12470-L12472,True
fluster,fluster,fluster,[],hz-014046,entry_candidate,raw_ocr,high,3,608,,dictionary/F/F-05.md,hz-014046-fluster,sources/Hezareh_Dictionary_Index/source/Hezareh_Part_03_PDF_0501-0750.md#L12473-L12476,True
flute,flute,flute,[],hz-014047,entry_candidate,raw_ocr,high,3,608,,dictionary/F/F-05.md,hz-014047-flute,sources/Hezareh_Dictionary_Index/source/Hezareh_Part_03_PDF_0501-0750.md#L12477-L12480,True
fluted,fluted,fluted,[],hz-014048,entry_candidate,raw_ocr,high,3,608,,dictionary/F/F-05.md,hz-014048-fluted,sources/Hezareh_Dictionary_Index/source/Hezareh_Part_03_PDF_0501-0750.md#L12481-L12482,True
fluting,fluting,fluting,[],hz-014049,entry_candidate,raw_ocr,high,3,608,,dictionary/F/F-05.md,hz-014049-fluting,sources/Hezareh_Dictionary_Index/source/Hezareh_Part_03_PDF_0501-0750.md#L12483-L12485,True
flutist,flutist,flutist,[],hz-014050,entry_candidate,raw_ocr,hint_only,3,608,,dictionary/F/F-05.md,hz-014050-flutist,sources/Hezareh_Dictionary_Index/source/Hezareh_Part_03_PDF_0501-0750.md#L12405-L12405,False
flutter,flutter,flutter,[],hz-014051,entry_candidate,raw_ocr,high,3,608,,dictionary/F/F-05.md,hz-014051-flutter,sources/Hezareh_Dictionary_Index/source/Hezareh_Part_03_PDF_0501-0750.md#L12486-L12509,True
fluvial,fluvial,fluvial,[],hz-014044,entry_candidate,raw_ocr,high,3,608,,dictionary/F/F-05.md,hz-014044-fluvial,sources/Hezareh_Dictionary_Index/source/Hezareh_Part_03_PDF_0501-0750.md#L12510-L12515,True
flux,flux,flux,[],hz-014052,entry_candidate,raw_ocr,high,3,609,,dictionary/F/F-05.md,hz-014052-flux,sources/Hezareh_Dictionary_Index/source/Hezareh_Part_03_PDF_0501-0750.md#L12528-L12536,True
flx ',flx ',flx ',[],hz-013775,entry_candidate,raw_ocr,hint_only,3,594,,dictionary/F/F-05.md,hz-013775-flx,sources/Hezareh_Dictionary_Index/source/Hezareh_Part_03_PDF_0501-0750.md#L10791-L10791,False
fly,fly,fly,[],hz-013796,entry_candidate,raw_ocr,medium,3,595,,dictionary/F/F-05.md,hz-013796-fly,sources/Hezareh_Dictionary_Index/source/Hezareh_Part_03_PDF_0501-0750.md#L11005-L11012,True
fly,fly,fly,[],hz-014054,entry_candidate,raw_ocr,high,3,609,,dictionary/F/F-05.md,hz-014054-fly,sources/Hezareh_Dictionary_Index/source/Hezareh_Part_03_PDF_0501-0750.md#L12602-L12623,True
fly into a rage,fly into a rage,fly into a rage,[],hz-014056,entry_candidate,raw_ocr,high,3,609,,dictionary/F/F-05.md,hz-014056-fly-into-a-rage,sources/Hezareh_Dictionary_Index/source/Hezareh_Part_03_PDF_0501-0750.md#L12602-L12623,True
fly swat t'flai swot,fly swat t'flai swot,fly swat t'flai swot,[],hz-014089,entry_candidate,raw_ocr,hint_only,3,610,,dictionary/F/F-05.md,hz-014089-fly-swat-t-flai-swot,sources/Hezareh_Dictionary_Index/source/Hezareh_Part_03_PDF_0501-0750.md#L12631-L12631,False
fly swatter,fly swatter,fly swatter,[],hz-014090,entry_candidate,raw_ocr,high,3,610,,dictionary/F/F-05.md,hz-014090-fly-swatter,sources/Hezareh_Dictionary_Index/source/Hezareh_Part_03_PDF_0501-0750.md#L12720-L12720,True
fly-away,fly-away,fly-away,[],hz-014058,entry_candidate,raw_ocr,medium,3,609,,dictionary/F/F-05.md,hz-014058-fly-away,sources/Hezareh_Dictionary_Index/source/Hezareh_Part_03_PDF_0501-0750.md#L12624-L12624,True
fly-blown,fly-blown,fly-blown,[],hz-014059,entry_candidate,raw_ocr,medium,3,609,,dictionary/F/F-05.md,hz-014059-fly-blown,sources/Hezareh_Dictionary_Index/source/Hezareh_Part_03_PDF_0501-0750.md#L12625-L12627,True
fly-by,fly-by,fly-by,[],hz-014060,entry_candidate,raw_ocr,high,3,610,,dictionary/F/F-05.md,hz-014060-fly-by,sources/Hezareh_Dictionary_Index/source/Hezareh_Part_03_PDF_0501-0750.md#L12641-L12641,True
fly-by-night,fly-by-night,fly-by-night,[],hz-014061,entry_candidate,raw_ocr,high,3,610,,dictionary/F/F-05.md,hz-014061-fly-by-night,sources/Hezareh_Dictionary_Index/source/Hezareh_Part_03_PDF_0501-0750.md#L12642-L12644,True
fly-fish,fly-fish,fly-fish,[],hz-014064,entry_candidate,raw_ocr,high,3,610,,dictionary/F/F-05.md,hz-014064-fly-fish,sources/Hezareh_Dictionary_Index/source/Hezareh_Part_03_PDF_0501-0750.md#L12656-L12656,True
fly-fishing,fly-fishing,fly-fishing,[],hz-014065,entry_candidate,raw_ocr,high,3,610,,dictionary/F/F-05.md,hz-014065-fly-fishing,sources/Hezareh_Dictionary_Index/source/Hezareh_Part_03_PDF_0501-0750.md#L12657-L12657,True
fly-half,fly-half,fly-half,[],hz-014067,entry_candidate,raw_ocr,high,3,610,,dictionary/F/F-05.md,hz-014067-fly-half,sources/Hezareh_Dictionary_Index/source/Hezareh_Part_03_PDF_0501-0750.md#L12658-L12661,True
fly-trap,fly-trap,fly-trap,[],hz-014091,entry_candidate,raw_ocr,high,3,610,,dictionary/F/F-05.md,hz-014091-fly-trap,sources/Hezareh_Dictionary_Index/source/Hezareh_Part_03_PDF_0501-0750.md#L12721-L12722,True
flycatcher,flycatcher,flycatcher,[],hz-014062,entry_candidate,raw_ocr,high,3,610,,dictionary/F/F-05.md,hz-014062-flycatcher,sources/Hezareh_Dictionary_Index/source/Hezareh_Part_03_PDF_0501-0750.md#L12645-L12645,True
flyer,flyer,flyer,[],hz-014063,entry_candidate,raw_ocr,high,3,610,,dictionary/F/F-05.md,hz-014063-flyer,sources/Hezareh_Dictionary_Index/source/Hezareh_Part_03_PDF_0501-0750.md#L12646-L12655,True
flying boat,flying boat,flying boat,[],hz-014066,entry_candidate,raw_ocr,high,3,610,,dictionary/F/F-05.md,hz-014066-flying-boat,sources/Hezareh_Dictionary_Index/source/Hezareh_Part_03_PDF_0501-0750.md#L12662-L12663,True
flying club,flying club,flying club,[],hz-014069,entry_candidate,raw_ocr,high,3,610,,dictionary/F/F-05.md,hz-014069-flying-club,sources/Hezareh_Dictionary_Index/source/Hezareh_Part_03_PDF_0501-0750.md#L12667-L12669,True
flying column,flying column,flying column,[],hz-014071,entry_candidate,raw_ocr,high,3,610,,dictionary/F/F-05.md,hz-014071-flying-column,sources/Hezareh_Dictionary_Index/source/Hezareh_Part_03_PDF_0501-0750.md#L12672-L12673,True
flying doctor,flying doctor,flying doctor,[],hz-014072,entry_candidate,raw_ocr,high,3,610,,dictionary/F/F-05.md,hz-014072-flying-doctor,sources/Hezareh_Dictionary_Index/source/Hezareh_Part_03_PDF_0501-0750.md#L12674-L12674,True
Flying Dutchman,flying dutchman,flying dutchman,[],hz-014073,entry_candidate,raw_ocr,high,3,610,,dictionary/F/F-05.md,hz-014073-flying-dutchman,sources/Hezareh_Dictionary_Index/source/Hezareh_Part_03_PDF_0501-0750.md#L12675-L12676,True
flying field,flying field,flying field,[],hz-014074,entry_candidate,raw_ocr,high,3,610,,dictionary/F/F-05.md,hz-014074-flying-field,sources/Hezareh_Dictionary_Index/source/Hezareh_Part_03_PDF_0501-0750.md#L12677-L12678,True
flying insect,flying insect,flying insect,[],hz-014077,entry_candidate,raw_ocr,high,3,610,,dictionary/F/F-05.md,hz-014077-flying-insect,sources/Hezareh_Dictionary_Index/source/Hezareh_Part_03_PDF_0501-0750.md#L12681-L12681,True
flying jump,flying jump,flying jump,[],hz-014078,entry_candidate,raw_ocr,high,3,610,,dictionary/F/F-05.md,hz-014078-flying-jump,sources/Hezareh_Dictionary_Index/source/Hezareh_Part_03_PDF_0501-0750.md#L12682-L12682,True
flying leap,flying leap,flying leap,[],hz-014079,entry_candidate,raw_ocr,high,3,610,,dictionary/F/F-05.md,hz-014079-flying-leap,sources/Hezareh_Dictionary_Index/source/Hezareh_Part_03_PDF_0501-0750.md#L12683-L12692,True
flying officer,flying officer,flying officer,[],hz-014080,entry_candidate,raw_ocr,high,3,610,,dictionary/F/F-05.md,hz-014080-flying-officer,sources/Hezareh_Dictionary_Index/source/Hezareh_Part_03_PDF_0501-0750.md#L12693-L12696,True
flying picket,flying picket,flying picket,[],hz-014081,entry_candidate,raw_ocr,hint_only,3,610,,dictionary/F/F-05.md,hz-014081-flying-picket,sources/Hezareh_Dictionary_Index/source/Hezareh_Part_03_PDF_0501-0750.md#L12631-L12631,False
flying squad,flying squad,flying squad,[],hz-014082,entry_candidate,raw_ocr,high,3,610,,dictionary/F/F-05.md,hz-014082-flying-squad,sources/Hezareh_Dictionary_Index/source/Hezareh_Part_03_PDF_0501-0750.md#L12697-L12701,True
flying-bomb,flying-bomb,flying-bomb,[],hz-014068,entry_candidate,raw_ocr,high,3,610,,dictionary/F/F-05.md,hz-014068-flying-bomb,sources/Hezareh_Dictionary_Index/source/Hezareh_Part_03_PDF_0501-0750.md#L12664-L12666,True
flying-fish,flying-fish,flying-fish,[],hz-014075,entry_candidate,raw_ocr,high,3,610,,dictionary/F/F-05.md,hz-014075-flying-fish,sources/Hezareh_Dictionary_Index/source/Hezareh_Part_03_PDF_0501-0750.md#L12679-L12679,True
flying-fOX,flying-fox,flying-fox,[],hz-014076,entry_candidate,raw_ocr,high,3,610,,dictionary/F/F-05.md,hz-014076-flying-fox,sources/Hezareh_Dictionary_Index/source/Hezareh_Part_03_PDF_0501-0750.md#L12680-L12680,True
flyleaf,flyleaf,flyleaf,[],hz-014084,entry_candidate,raw_ocr,high,3,610,,dictionary/F/F-05.md,hz-014084-flyleaf,sources/Hezareh_Dictionary_Index/source/Hezareh_Part_03_PDF_0501-0750.md#L12706-L12707,True
flyleaves,flyleaves,flyleaves,[],hz-014085,entry_candidate,raw_ocr,high,3,610,,dictionary/F/F-05.md,hz-014085-flyleaves,sources/Hezareh_Dictionary_Index/source/Hezareh_Part_03_PDF_0501-0750.md#L12708-L12708,True
flyover,flyover,flyover,[],hz-014086,entry_candidate,raw_ocr,high,3,610,,dictionary/F/F-05.md,hz-014086-flyover,sources/Hezareh_Dictionary_Index/source/Hezareh_Part_03_PDF_0501-0750.md#L12709-L12719,True
flypast,flypast,flypast,[],hz-014087,entry_candidate,raw_ocr,low,3,610,,dictionary/F/F-05.md,hz-014087-flypast,sources/Hezareh_Dictionary_Index/source/Hezareh_Part_03_PDF_0501-0750.md#L12641-L12641,True
flypost,flypost,flypost,[],hz-014088,entry_candidate,raw_ocr,hint_only,3,610,,dictionary/F/F-05.md,hz-014088-flypost,sources/Hezareh_Dictionary_Index/source/Hezareh_Part_03_PDF_0501-0750.md#L12631-L12631,False
flyweight,flyweight,flyweight,[],hz-014092,entry_candidate,raw_ocr,high,3,610,,dictionary/F/F-05.md,hz-014092-flyweight,sources/Hezareh_Dictionary_Index/source/Hezareh_Part_03_PDF_0501-0750.md#L12723-L12726,True
flywheel,flywheel,flywheel,[],hz-014093,entry_candidate,raw_ocr,high,3,610,,dictionary/F/F-05.md,hz-014093-flywheel,sources/Hezareh_Dictionary_Index/source/Hezareh_Part_03_PDF_0501-0750.md#L12727-L12728,True
FM,fm,fm,[],hz-014094,entry_candidate,raw_ocr,high,3,610,,dictionary/F/F-05.md,hz-014094-fm,sources/Hezareh_Dictionary_Index/source/Hezareh_Part_03_PDF_0501-0750.md#L12729-L12732,True
FO,fo,fo,[],hz-014095,entry_candidate,raw_ocr,high,3,610,,dictionary/F/F-05.md,hz-014095-fo,sources/Hezareh_Dictionary_Index/source/Hezareh_Part_03_PDF_0501-0750.md#L12733-L12734,True
fo'c'sle,fo'c'sle,fo'c'sle,[],hz-014106,entry_candidate,raw_ocr,high,3,611,,dictionary/F/F-05.md,hz-014106-fo-c-sle,sources/Hezareh_Dictionary_Index/source/Hezareh_Part_03_PDF_0501-0750.md#L12782-L12782,True
foal,foal,foal,[],hz-014096,entry_candidate,raw_ocr,high,3,610,,dictionary/F/F-05.md,hz-014096-foal,sources/Hezareh_Dictionary_Index/source/Hezareh_Part_03_PDF_0501-0750.md#L12735-L12741,True
foam,foam,foam,[],hz-014097,entry_candidate,raw_ocr,high,3,611,,dictionary/F/F-05.md,hz-014097-foam,sources/Hezareh_Dictionary_Index/source/Hezareh_Part_03_PDF_0501-0750.md#L12754-L12760,True
foam rubber,foam rubber,foam rubber,[],hz-014098,entry_candidate,raw_ocr,medium,3,611,,dictionary/F/F-05.md,hz-014098-foam-rubber,sources/Hezareh_Dictionary_Index/source/Hezareh_Part_03_PDF_0501-0750.md#L12761-L12761,True
foamy,foamy,foamy,[],hz-014099,entry_candidate,raw_ocr,medium,3,611,,dictionary/F/F-05.md,hz-014099-foamy,sources/Hezareh_Dictionary_Index/source/Hezareh_Part_03_PDF_0501-0750.md#L12762-L12768,True
fob,fob,fob,[],hz-014100,entry_candidate,raw_ocr,high,3,611,,dictionary/F/F-05.md,hz-014100-fob,sources/Hezareh_Dictionary_Index/source/Hezareh_Part_03_PDF_0501-0750.md#L12769-L12776,True
focal,focal,focal,[],hz-014101,entry_candidate,raw_ocr,medium,3,611,,dictionary/F/F-05.md,hz-014101-focal,sources/Hezareh_Dictionary_Index/source/Hezareh_Part_03_PDF_0501-0750.md#L12777-L12778,True
focal distance,focal distance,focal distance,[],hz-014102,entry_candidate,raw_ocr,low,3,611,,dictionary/F/F-05.md,hz-014102-focal-distance,sources/Hezareh_Dictionary_Index/source/Hezareh_Part_03_PDF_0501-0750.md#L12777-L12778,True
focal length,focal length,focal length,[],hz-014103,entry_candidate,raw_ocr,medium,3,611,,dictionary/F/F-05.md,hz-014103-focal-length,sources/Hezareh_Dictionary_Index/source/Hezareh_Part_03_PDF_0501-0750.md#L12777-L12778,True
focal point,focal point,focal point,[],hz-014104,entry_candidate,raw_ocr,low,3,611,,dictionary/F/F-05.md,hz-014104-focal-point,sources/Hezareh_Dictionary_Index/source/Hezareh_Part_03_PDF_0501-0750.md#L12779-L12780,True
foci,foci,foci,[],hz-014105,entry_candidate,raw_ocr,high,3,611,,dictionary/F/F-05.md,hz-014105-foci,sources/Hezareh_Dictionary_Index/source/Hezareh_Part_03_PDF_0501-0750.md#L12781-L12781,True
focus,focus,focus,[],hz-014107,entry_candidate,raw_ocr,high,3,611,,dictionary/F/F-05.md,hz-014107-focus,sources/Hezareh_Dictionary_Index/source/Hezareh_Part_03_PDF_0501-0750.md#L12783-L12783,True
focused,focused,focused,[],hz-014108,entry_candidate,raw_ocr,high,3,611,,dictionary/F/F-05.md,hz-014108-focused,sources/Hezareh_Dictionary_Index/source/Hezareh_Part_03_PDF_0501-0750.md#L12784-L12810,True
fodder,fodder,fodder,[],hz-014109,entry_candidate,raw_ocr,low,3,611,,dictionary/F/F-05.md,hz-014109-fodder,sources/Hezareh_Dictionary_Index/source/Hezareh_Part_03_PDF_0501-0750.md#L12811-L12811,True
foe,foe,foe,[],hz-014110,entry_candidate,raw_ocr,low,3,611,,dictionary/F/F-05.md,hz-014110-foe,sources/Hezareh_Dictionary_Index/source/Hezareh_Part_03_PDF_0501-0750.md#L12812-L12813,True
foetal,foetal,foetal,[],hz-014111,entry_candidate,raw_ocr,hint_only,3,611,,dictionary/F/F-05.md,hz-014111-foetal,sources/Hezareh_Dictionary_Index/source/Hezareh_Part_03_PDF_0501-0750.md#L12745-L12745,False
foetus,foetus,foetus,[],hz-014112,entry_candidate,raw_ocr,medium,3,611,,dictionary/F/F-05.md,hz-014112-foetus,sources/Hezareh_Dictionary_Index/source/Hezareh_Part_03_PDF_0501-0750.md#L12814-L12814,True
fog,fog,fog,[],hz-014113,entry_candidate,raw_ocr,high,3,611,,dictionary/F/F-05.md,hz-014113-fog,sources/Hezareh_Dictionary_Index/source/Hezareh_Part_03_PDF_0501-0750.md#L12815-L12840,True
fog-bound,fog-bound,fog-bound,[],hz-014114,entry_candidate,raw_ocr,medium,3,611,,dictionary/F/F-05.md,hz-014114-fog-bound,sources/Hezareh_Dictionary_Index/source/Hezareh_Part_03_PDF_0501-0750.md#L12841-L12842,True
fog-horn,fog-horn,fog-horn,[],hz-014117,entry_candidate,raw_ocr,medium,3,612,,dictionary/F/F-05.md,hz-014117-fog-horn,sources/Hezareh_Dictionary_Index/source/Hezareh_Part_03_PDF_0501-0750.md#L12866-L12867,True
fog-lamp,fog-lamp,fog-lamp,[],hz-014118,entry_candidate,raw_ocr,high,3,612,,dictionary/F/F-05.md,hz-014118-fog-lamp,sources/Hezareh_Dictionary_Index/source/Hezareh_Part_03_PDF_0501-0750.md#L12868-L12868,True
fog-light,fog-light,fog-light,[],hz-014119,entry_candidate,raw_ocr,medium,3,612,,dictionary/F/F-05.md,hz-014119-fog-light,sources/Hezareh_Dictionary_Index/source/Hezareh_Part_03_PDF_0501-0750.md#L12868-L12868,True
fog-signal,fog-signal,fog-signal,[],hz-014120,entry_candidate,raw_ocr,medium,3,612,,dictionary/F/F-05.md,hz-014120-fog-signal,sources/Hezareh_Dictionary_Index/source/Hezareh_Part_03_PDF_0501-0750.md#L12869-L12871,True
fogey,fogey,fogey,[],hz-014115,entry_candidate,raw_ocr,high,3,611,,dictionary/F/F-05.md,hz-014115-fogey,sources/Hezareh_Dictionary_Index/source/Hezareh_Part_03_PDF_0501-0750.md#L12843-L12844,True
foggy,foggy,foggy,[],hz-014116,entry_candidate,raw_ocr,high,3,611,,dictionary/F/F-05.md,hz-014116-foggy,sources/Hezareh_Dictionary_Index/source/Hezareh_Part_03_PDF_0501-0750.md#L12845-L12852,True
foible,foible,foible,[],hz-014121,entry_candidate,raw_ocr,medium,3,612,,dictionary/F/F-05.md,hz-014121-foible,sources/Hezareh_Dictionary_Index/source/Hezareh_Part_03_PDF_0501-0750.md#L12872-L12872,True
foif,foif,foif,[],hz-014123,entry_candidate,raw_ocr,hint_only,3,612,,dictionary/F/F-05.md,hz-014123-foif,sources/Hezareh_Dictionary_Index/source/Hezareh_Part_03_PDF_0501-0750.md#L12856-L12856,False
foil,foil,foil,[],hz-014122,entry_candidate,raw_ocr,medium,3,612,,dictionary/F/F-05.md,hz-014122-foil,sources/Hezareh_Dictionary_Index/source/Hezareh_Part_03_PDF_0501-0750.md#L12873-L12884,True
foirv lamps,foirv lamps,foirv lamps,[],hz-013009,entry_candidate,raw_ocr,hint_only,3,552,,dictionary/F/F-05.md,hz-013009-foirv-lamps,sources/Hezareh_Dictionary_Index/source/Hezareh_Part_03_PDF_0501-0750.md#L5868-L5868,False
foist,foist,foist,[],hz-014124,entry_candidate,raw_ocr,high,3,612,,dictionary/F/F-05.md,hz-014124-foist,sources/Hezareh_Dictionary_Index/source/Hezareh_Part_03_PDF_0501-0750.md#L12885-L12926,True
fol,fol,fol,[],hz-024228,entry_candidate,raw_ocr,hint_only,5,1123,,dictionary/F/F-05.md,hz-024228-fol,sources/Hezareh_Dictionary_Index/source/Hezareh_Part_05_PDF_1001-1250.md#L14327-L14327,False
fold sth,fold sth,fold sth,[],hz-014125,entry_candidate,raw_ocr,high,3,612,,dictionary/F/F-05.md,hz-014125-fold-sth,sources/Hezareh_Dictionary_Index/source/Hezareh_Part_03_PDF_0501-0750.md#L12927-L12939,True
foldaway,foldaway,foldaway,[],hz-014126,entry_candidate,raw_ocr,high,3,612,,dictionary/F/F-05.md,hz-014126-foldaway,sources/Hezareh_Dictionary_Index/source/Hezareh_Part_03_PDF_0501-0750.md#L12940-L12940,True
folder,folder,folder,[],hz-014127,entry_candidate,raw_ocr,high,3,612,,dictionary/F/F-05.md,hz-014127-folder,sources/Hezareh_Dictionary_Index/source/Hezareh_Part_03_PDF_0501-0750.md#L12941-L12944,True
folerantly,folerantly,folerantly,[],hz-035287,entry_candidate,raw_ocr,hint_only,8,1773,,dictionary/F/F-05.md,hz-035287-folerantly,sources/Hezareh_Dictionary_Index/source/Hezareh_Part_08_PDF_1751-1976.md#L2883-L2883,False
foliage,foliage,foliage,[],hz-014131,entry_candidate,raw_ocr,high,3,612,,dictionary/F/F-05.md,hz-014131-foliage,sources/Hezareh_Dictionary_Index/source/Hezareh_Part_03_PDF_0501-0750.md#L12945-L12945,True
foliO,folio,folio,[],hz-014132,entry_candidate,raw_ocr,high,3,612,,dictionary/F/F-05.md,hz-014132-folio,sources/Hezareh_Dictionary_Index/source/Hezareh_Part_03_PDF_0501-0750.md#L12946-L12949,True
folk,folk,folk,[],hz-014133,entry_candidate,raw_ocr,high,3,612,,dictionary/F/F-05.md,hz-014133-folk,sources/Hezareh_Dictionary_Index/source/Hezareh_Part_03_PDF_0501-0750.md#L12950-L12959,True
folk memory,folk memory,folk memory,[],hz-014129,entry_candidate,raw_ocr,high,3,612,,dictionary/F/F-05.md,hz-014129-folk-memory,sources/Hezareh_Dictionary_Index/source/Hezareh_Part_03_PDF_0501-0750.md#L12960-L12960,True
folk music,folk music,folk music,[],hz-014130,entry_candidate,raw_ocr,high,3,612,,dictionary/F/F-05.md,hz-014130-folk-music,sources/Hezareh_Dictionary_Index/source/Hezareh_Part_03_PDF_0501-0750.md#L12961-L12966,True
folk song,folk song,folk song,[],hz-014136,entry_candidate,raw_ocr,medium,3,613,,dictionary/F/F-05.md,hz-014136-folk-song,sources/Hezareh_Dictionary_Index/source/Hezareh_Part_03_PDF_0501-0750.md#L12982-L12983,True
folk-dance,folk-dance,folk-dance,[],hz-014134,entry_candidate,raw_ocr,hint_only,3,612,,dictionary/F/F-05.md,hz-014134-folk-dance,sources/Hezareh_Dictionary_Index/source/Hezareh_Part_03_PDF_0501-0750.md#L12856-L12856,False
folk-singer,folk-singer,folk-singer,[],hz-014135,entry_candidate,raw_ocr,high,3,613,,dictionary/F/F-05.md,hz-014135-folk-singer,sources/Hezareh_Dictionary_Index/source/Hezareh_Part_03_PDF_0501-0750.md#L12979-L12981,True
folk-talet'fouk teII,folk-talet'fouk teii,folk-talet'fouk teii,[],hz-014138,entry_candidate,raw_ocr,hint_only,3,613,,dictionary/F/F-05.md,hz-014138-folk-talet-fouk-teii,sources/Hezareh_Dictionary_Index/source/Hezareh_Part_03_PDF_0501-0750.md#L12970-L12970,False
folklore,folklore,folklore,[],hz-014128,entry_candidate,raw_ocr,hint_only,3,612,,dictionary/F/F-05.md,hz-014128-folklore,sources/Hezareh_Dictionary_Index/source/Hezareh_Part_03_PDF_0501-0750.md#L12856-L12856,False
folksy,folksy,folksy,[],hz-014137,entry_candidate,raw_ocr,low,3,613,,dictionary/F/F-05.md,hz-014137-folksy,sources/Hezareh_Dictionary_Index/source/Hezareh_Part_03_PDF_0501-0750.md#L12984-L12988,True
foll,foll,foll,[],hz-014139,entry_candidate,raw_ocr,low,3,613,,dictionary/F/F-05.md,hz-014139-foll,sources/Hezareh_Dictionary_Index/source/Hezareh_Part_03_PDF_0501-0750.md#L12989-L13013,True
foll-free,foll-free,foll-free,[],hz-035292,entry_candidate,raw_ocr,hint_only,8,1773,,dictionary/F/F-05.md,hz-035292-foll-free,sources/Hezareh_Dictionary_Index/source/Hezareh_Part_08_PDF_1751-1976.md#L2883-L2883,False
foll-house,foll-house,foll-house,[],hz-035294,entry_candidate,raw_ocr,hint_only,8,1773,,dictionary/F/F-05.md,hz-035294-foll-house,sources/Hezareh_Dictionary_Index/source/Hezareh_Part_08_PDF_1751-1976.md#L2883-L2883,False
folliclet'folikl,folliclet'folikl,folliclet'folikl,[],hz-014140,entry_candidate,raw_ocr,hint_only,3,613,,dictionary/F/F-05.md,hz-014140-folliclet-folikl,sources/Hezareh_Dictionary_Index/source/Hezareh_Part_03_PDF_0501-0750.md#L12970-L12970,False
follOW,follow,follow,[],hz-014141,entry_candidate,raw_ocr,high,3,613,,dictionary/F/F-05.md,hz-014141-follow,sources/Hezareh_Dictionary_Index/source/Hezareh_Part_03_PDF_0501-0750.md#L13014-L13039,True
follow sb about,follow sb about,follow sb about,[],hz-014142,entry_candidate,raw_ocr,medium,3,613,,dictionary/F/F-05.md,hz-014142-follow-sb-about,sources/Hezareh_Dictionary_Index/source/Hezareh_Part_03_PDF_0501-0750.md#L13040-L13056,True
follow-on,follow-on,follow-on,[],hz-014145,entry_candidate,raw_ocr,medium,3,613,,dictionary/F/F-05.md,hz-014145-follow-on,sources/Hezareh_Dictionary_Index/source/Hezareh_Part_03_PDF_0501-0750.md#L13066-L13066,True
follow-through,follow-through,follow-through,[],hz-014146,entry_candidate,raw_ocr,medium,3,613,,dictionary/F/F-05.md,hz-014146-follow-through,sources/Hezareh_Dictionary_Index/source/Hezareh_Part_03_PDF_0501-0750.md#L13067-L13068,True
follow-up,follow-up,follow-up,[],hz-014147,entry_candidate,raw_ocr,medium,3,613,,dictionary/F/F-05.md,hz-014147-follow-up,sources/Hezareh_Dictionary_Index/source/Hezareh_Part_03_PDF_0501-0750.md#L13069-L13073,True
follower,follower,follower,[],hz-014143,entry_candidate,raw_ocr,medium,3,613,,dictionary/F/F-05.md,hz-014143-follower,sources/Hezareh_Dictionary_Index/source/Hezareh_Part_03_PDF_0501-0750.md#L13057-L13065,True
following,following,following,[],hz-014144,entry_candidate,raw_ocr,medium,3,613,,dictionary/F/F-06.md,hz-014144-following,sources/Hezareh_Dictionary_Index/source/Hezareh_Part_03_PDF_0501-0750.md#L12989-L13013,True
folly,folly,folly,[],hz-014148,entry_candidate,raw_ocr,medium,3,613,,dictionary/F/F-06.md,hz-014148-folly,sources/Hezareh_Dictionary_Index/source/Hezareh_Part_03_PDF_0501-0750.md#L13074-L13076,True
foment,foment,foment,[],hz-014149,entry_candidate,raw_ocr,medium,3,613,,dictionary/F/F-06.md,hz-014149-foment,sources/Hezareh_Dictionary_Index/source/Hezareh_Part_03_PDF_0501-0750.md#L13077-L13078,True
foment,foment,foment,[],hz-029238,entry_candidate,raw_ocr,medium,6,1433,,dictionary/F/F-06.md,hz-029238-foment,sources/Hezareh_Dictionary_Index/source/Hezareh_Part_06_PDF_1251-1500.md#L21219-L21224,True
fond,fond,fond,[],hz-014150,entry_candidate,raw_ocr,high,3,614,,dictionary/F/F-06.md,hz-014150-fond,sources/Hezareh_Dictionary_Index/source/Hezareh_Part_03_PDF_0501-0750.md#L13098-L13106,True
fondant,fondant,fondant,[],hz-014151,entry_candidate,raw_ocr,medium,3,614,,dictionary/F/F-06.md,hz-014151-fondant,sources/Hezareh_Dictionary_Index/source/Hezareh_Part_03_PDF_0501-0750.md#L13107-L13107,True
fondle,fondle,fondle,[],hz-014152,entry_candidate,raw_ocr,medium,3,614,,dictionary/F/F-06.md,hz-014152-fondle,sources/Hezareh_Dictionary_Index/source/Hezareh_Part_03_PDF_0501-0750.md#L13108-L13108,True
fondly,fondly,fondly,[],hz-014153,entry_candidate,raw_ocr,medium,3,614,,dictionary/F/F-06.md,hz-014153-fondly,sources/Hezareh_Dictionary_Index/source/Hezareh_Part_03_PDF_0501-0750.md#L13109-L13112,True
fondness,fondness,fondness,[],hz-014154,entry_candidate,raw_ocr,medium,3,614,,dictionary/F/F-06.md,hz-014154-fondness,sources/Hezareh_Dictionary_Index/source/Hezareh_Part_03_PDF_0501-0750.md#L13113-L13117,True
fonnu,fonnu,fonnu,[],hz-026623,entry_candidate,raw_ocr,hint_only,6,1271,,dictionary/F/F-06.md,hz-026623-fonnu,sources/Hezareh_Dictionary_Index/source/Hezareh_Part_06_PDF_1251-1500.md#L2473-L2473,False
font,font,font,[],hz-014155,entry_candidate,raw_ocr,medium,3,614,,dictionary/F/F-06.md,hz-014155-font,sources/Hezareh_Dictionary_Index/source/Hezareh_Part_03_PDF_0501-0750.md#L13118-L13132,True
food,food,food,[],hz-014156,entry_candidate,raw_ocr,high,3,614,,dictionary/F/F-06.md,hz-014156-food,sources/Hezareh_Dictionary_Index/source/Hezareh_Part_03_PDF_0501-0750.md#L13136-L13144,True
food mixer,food mixer,food mixer,[],hz-014158,entry_candidate,raw_ocr,medium,3,614,,dictionary/F/F-06.md,hz-014158-food-mixer,sources/Hezareh_Dictionary_Index/source/Hezareh_Part_03_PDF_0501-0750.md#L13134-L13134,True
food poisoning,food poisoning,food poisoning,[],hz-014159,entry_candidate,raw_ocr,medium,3,614,,dictionary/F/F-06.md,hz-014159-food-poisoning,sources/Hezareh_Dictionary_Index/source/Hezareh_Part_03_PDF_0501-0750.md#L13135-L13135,True
food processor,food processor,food processor,[],hz-014160,entry_candidate,raw_ocr,high,3,614,,dictionary/F/F-06.md,hz-014160-food-processor,sources/Hezareh_Dictionary_Index/source/Hezareh_Part_03_PDF_0501-0750.md#L13136-L13144,True
food rationing,food rationing,food rationing,[],hz-014161,entry_candidate,raw_ocr,medium,3,614,,dictionary/F/F-06.md,hz-014161-food-rationing,sources/Hezareh_Dictionary_Index/source/Hezareh_Part_03_PDF_0501-0750.md#L13145-L13145,True
food stamp,food stamp,food stamp,[],hz-014162,entry_candidate,raw_ocr,medium,3,614,,dictionary/F/F-06.md,hz-014162-food-stamp,sources/Hezareh_Dictionary_Index/source/Hezareh_Part_03_PDF_0501-0750.md#L13146-L13147,True
food subsidy,food subsidy,food subsidy,[],hz-014164,entry_candidate,raw_ocr,high,3,614,,dictionary/F/F-06.md,hz-014164-food-subsidy,sources/Hezareh_Dictionary_Index/source/Hezareh_Part_03_PDF_0501-0750.md#L13150-L13151,True
food supplies,food supplies,food supplies,[],hz-014165,entry_candidate,raw_ocr,high,3,614,,dictionary/F/F-06.md,hz-014165-food-supplies,sources/Hezareh_Dictionary_Index/source/Hezareh_Part_03_PDF_0501-0750.md#L13152-L13152,True
food value,food value,food value,[],hz-014166,entry_candidate,raw_ocr,high,3,614,,dictionary/F/F-06.md,hz-014166-food-value,sources/Hezareh_Dictionary_Index/source/Hezareh_Part_03_PDF_0501-0750.md#L13153-L13166,True
foodless,foodless,foodless,[],hz-014157,entry_candidate,raw_ocr,medium,3,614,,dictionary/F/F-06.md,hz-014157-foodless,sources/Hezareh_Dictionary_Index/source/Hezareh_Part_03_PDF_0501-0750.md#L13133-L13133,True
foodstuff,foodstuff,foodstuff,[],hz-014163,entry_candidate,raw_ocr,high,3,614,,dictionary/F/F-06.md,hz-014163-foodstuff,sources/Hezareh_Dictionary_Index/source/Hezareh_Part_03_PDF_0501-0750.md#L13148-L13149,True
fool about,fool about,fool about,[],hz-014169,entry_candidate,raw_ocr,medium,3,615,,dictionary/F/F-06.md,hz-014169-fool-about,sources/Hezareh_Dictionary_Index/source/Hezareh_Part_03_PDF_0501-0750.md#L13209-L13218,True
fool's paradise,fool's paradise,fool's paradise,[],hz-014174,entry_candidate,raw_ocr,medium,3,615,,dictionary/F/F-06.md,hz-014174-fool-s-paradise,sources/Hezareh_Dictionary_Index/source/Hezareh_Part_03_PDF_0501-0750.md#L13234-L13282,True
foolhardiness,foolhardiness,foolhardiness,[],hz-014170,entry_candidate,raw_ocr,low,3,615,,dictionary/F/F-06.md,hz-014170-foolhardiness,sources/Hezareh_Dictionary_Index/source/Hezareh_Part_03_PDF_0501-0750.md#L13219-L13222,True
foolish,foolish,foolish,[],hz-014171,entry_candidate,raw_ocr,medium,3,615,,dictionary/F/F-06.md,hz-014171-foolish,sources/Hezareh_Dictionary_Index/source/Hezareh_Part_03_PDF_0501-0750.md#L13223-L13229,True
foolishness,foolishness,foolishness,[],hz-014172,entry_candidate,raw_ocr,hint_only,3,615,,dictionary/F/F-06.md,hz-014172-foolishness,sources/Hezareh_Dictionary_Index/source/Hezareh_Part_03_PDF_0501-0750.md#L13197-L13197,False
foolproof,foolproof,foolproof,[],hz-014173,entry_candidate,raw_ocr,medium,3,615,,dictionary/F/F-06.md,hz-014173-foolproof,sources/Hezareh_Dictionary_Index/source/Hezareh_Part_03_PDF_0501-0750.md#L13230-L13233,True
foot soldier,foot soldier,foot soldier,[],hz-014204,entry_candidate,raw_ocr,medium,3,617,,dictionary/F/F-06.md,hz-014204-foot-soldier,sources/Hezareh_Dictionary_Index/source/Hezareh_Part_03_PDF_0501-0750.md#L13452-L13454,True
foot-and-mouth,foot-and-mouth,foot-and-mouth,[],hz-014181,entry_candidate,raw_ocr,high,3,616,,dictionary/F/F-06.md,hz-014181-foot-and-mouth,sources/Hezareh_Dictionary_Index/source/Hezareh_Part_03_PDF_0501-0750.md#L13345-L13346,True
foot-and-mouth disease,foot-and-mouth disease,foot-and-mouth disease,[],hz-014182,entry_candidate,raw_ocr,high,3,616,,dictionary/F/F-06.md,hz-014182-foot-and-mouth-disease,sources/Hezareh_Dictionary_Index/source/Hezareh_Part_03_PDF_0501-0750.md#L13347-L13348,True
foot-bridget'fut brrdr,foot-bridget'fut brrdr,foot-bridget'fut brrdr,[],hz-014186,entry_candidate,raw_ocr,hint_only,3,616,,dictionary/F/F-06.md,hz-014186-foot-bridget-fut-brrdr,sources/Hezareh_Dictionary_Index/source/Hezareh_Part_03_PDF_0501-0750.md#L13309-L13309,False
foot-pound,foot-pound,foot-pound,[],hz-014199,entry_candidate,raw_ocr,medium,3,617,,dictionary/F/F-06.md,hz-014199-foot-pound,sources/Hezareh_Dictionary_Index/source/Hezareh_Part_03_PDF_0501-0750.md#L13438-L13439,True
foot-slog,foot-slog,foot-slog,[],hz-014202,entry_candidate,raw_ocr,medium,3,617,,dictionary/F/F-06.md,hz-014202-foot-slog,sources/Hezareh_Dictionary_Index/source/Hezareh_Part_03_PDF_0501-0750.md#L13448-L13449,True
foot-slogger,foot-slogger,foot-slogger,[],hz-014203,entry_candidate,raw_ocr,medium,3,617,,dictionary/F/F-06.md,hz-014203-foot-slogger,sources/Hezareh_Dictionary_Index/source/Hezareh_Part_03_PDF_0501-0750.md#L13450-L13451,True
football,football,football,[],hz-014183,entry_candidate,raw_ocr,high,3,616,,dictionary/F/F-06.md,hz-014183-football,sources/Hezareh_Dictionary_Index/source/Hezareh_Part_03_PDF_0501-0750.md#L13349-L13353,True
football pools,football pools,football pools,[],hz-014187,entry_candidate,raw_ocr,high,3,616,,dictionary/F/F-06.md,hz-014187-football-pools,sources/Hezareh_Dictionary_Index/source/Hezareh_Part_03_PDF_0501-0750.md#L13356-L13356,True
footballer,footballer,footballer,[],hz-014184,entry_candidate,raw_ocr,high,3,616,,dictionary/F/F-06.md,hz-014184-footballer,sources/Hezareh_Dictionary_Index/source/Hezareh_Part_03_PDF_0501-0750.md#L13354-L13355,True
footbath,footbath,footbath,[],hz-014188,entry_candidate,raw_ocr,high,3,616,,dictionary/F/F-06.md,hz-014188-footbath,sources/Hezareh_Dictionary_Index/source/Hezareh_Part_03_PDF_0501-0750.md#L13357-L13358,True
footboard,footboard,footboard,[],hz-014185,entry_candidate,raw_ocr,high,3,616,,dictionary/F/F-06.md,hz-014185-footboard,sources/Hezareh_Dictionary_Index/source/Hezareh_Part_03_PDF_0501-0750.md#L13359-L13374,True
footfault,footfault,footfault,[],hz-014189,entry_candidate,raw_ocr,high,3,616,,dictionary/F/F-06.md,hz-014189-footfault,sources/Hezareh_Dictionary_Index/source/Hezareh_Part_03_PDF_0501-0750.md#L13375-L13376,True
footfe,footfe,footfe,[],hz-014192,entry_candidate,raw_ocr,hint_only,3,616,,dictionary/F/F-06.md,hz-014192-footfe,sources/Hezareh_Dictionary_Index/source/Hezareh_Part_03_PDF_0501-0750.md#L13309-L13309,False
foothill,foothill,foothill,[],hz-014190,entry_candidate,raw_ocr,medium,3,616,,dictionary/F/F-06.md,hz-014190-foothill,sources/Hezareh_Dictionary_Index/source/Hezareh_Part_03_PDF_0501-0750.md#L13377-L13377,True
foothold,foothold,foothold,[],hz-014191,entry_candidate,raw_ocr,medium,3,616,,dictionary/F/F-06.md,hz-014191-foothold,sources/Hezareh_Dictionary_Index/source/Hezareh_Part_03_PDF_0501-0750.md#L13378-L13400,True
footlights,footlights,footlights,[],hz-014193,entry_candidate,raw_ocr,high,3,616,,dictionary/F/F-06.md,hz-014193-footlights,sources/Hezareh_Dictionary_Index/source/Hezareh_Part_03_PDF_0501-0750.md#L13401-L13404,True
footloose,footloose,footloose,[],hz-014194,entry_candidate,raw_ocr,high,3,616,,dictionary/F/F-06.md,hz-014194-footloose,sources/Hezareh_Dictionary_Index/source/Hezareh_Part_03_PDF_0501-0750.md#L13405-L13408,True
footman,footman,footman,[],hz-014195,entry_candidate,raw_ocr,high,3,616,,dictionary/F/F-06.md,hz-014195-footman,sources/Hezareh_Dictionary_Index/source/Hezareh_Part_03_PDF_0501-0750.md#L13409-L13411,True
footnote,footnote,footnote,[],hz-014196,entry_candidate,raw_ocr,high,3,616,,dictionary/F/F-06.md,hz-014196-footnote,sources/Hezareh_Dictionary_Index/source/Hezareh_Part_03_PDF_0501-0750.md#L13412-L13419,True
footpath,footpath,footpath,[],hz-014197,entry_candidate,raw_ocr,high,3,617,,dictionary/F/F-06.md,hz-014197-footpath,sources/Hezareh_Dictionary_Index/source/Hezareh_Part_03_PDF_0501-0750.md#L13432-L13435,True
footplate,footplate,footplate,[],hz-014198,entry_candidate,raw_ocr,medium,3,617,,dictionary/F/F-06.md,hz-014198-footplate,sources/Hezareh_Dictionary_Index/source/Hezareh_Part_03_PDF_0501-0750.md#L13436-L13437,True
footprint,footprint,footprint,[],hz-014200,entry_candidate,raw_ocr,high,3,617,,dictionary/F/F-06.md,hz-014200-footprint,sources/Hezareh_Dictionary_Index/source/Hezareh_Part_03_PDF_0501-0750.md#L13440-L13444,True
footsie,footsie,footsie,[],hz-014201,entry_candidate,raw_ocr,high,3,617,,dictionary/F/F-06.md,hz-014201-footsie,sources/Hezareh_Dictionary_Index/source/Hezareh_Part_03_PDF_0501-0750.md#L13445-L13447,True
footsore,footsore,footsore,[],hz-014205,entry_candidate,raw_ocr,low,3,617,,dictionary/F/F-06.md,hz-014205-footsore,sources/Hezareh_Dictionary_Index/source/Hezareh_Part_03_PDF_0501-0750.md#L13455-L13457,True
footstep,footstep,footstep,[],hz-014206,entry_candidate,raw_ocr,medium,3,617,,dictionary/F/F-06.md,hz-014206-footstep,sources/Hezareh_Dictionary_Index/source/Hezareh_Part_03_PDF_0501-0750.md#L13458-L13461,True
footstool,footstool,footstool,[],hz-014207,entry_candidate,raw_ocr,medium,3,617,,dictionary/F/F-06.md,hz-014207-footstool,sources/Hezareh_Dictionary_Index/source/Hezareh_Part_03_PDF_0501-0750.md#L13462-L13463,True
footsure,footsure,footsure,[],hz-014208,entry_candidate,raw_ocr,medium,3,617,,dictionary/F/F-06.md,hz-014208-footsure,sources/Hezareh_Dictionary_Index/source/Hezareh_Part_03_PDF_0501-0750.md#L13464-L13466,True
footwear,footwear,footwear,[],hz-014209,entry_candidate,raw_ocr,hint_only,3,617,,dictionary/F/F-06.md,hz-014209-footwear,sources/Hezareh_Dictionary_Index/source/Hezareh_Part_03_PDF_0501-0750.md#L13423-L13423,False
footwork,footwork,footwork,[],hz-014210,entry_candidate,raw_ocr,medium,3,617,,dictionary/F/F-06.md,hz-014210-footwork,sources/Hezareh_Dictionary_Index/source/Hezareh_Part_03_PDF_0501-0750.md#L13467-L13469,True
fop,fop,fop,[],hz-014211,entry_candidate,raw_ocr,low,3,617,,dictionary/F/F-06.md,hz-014211-fop,sources/Hezareh_Dictionary_Index/source/Hezareh_Part_03_PDF_0501-0750.md#L13470-L13471,True
foppish,foppish,foppish,[],hz-014212,entry_candidate,raw_ocr,medium,3,617,,dictionary/F/F-06.md,hz-014212-foppish,sources/Hezareh_Dictionary_Index/source/Hezareh_Part_03_PDF_0501-0750.md#L13472-L13500,True
for,for,for,[],hz-014816,entry_candidate,raw_ocr,high,3,645,,dictionary/F/F-06.md,hz-014816-for,sources/Hezareh_Dictionary_Index/source/Hezareh_Part_03_PDF_0501-0750.md#L16677-L16682,True
for,for,for,[],hz-023388,entry_candidate,raw_ocr,medium,5,1067,,dictionary/F/F-06.md,hz-023388-for,sources/Hezareh_Dictionary_Index/source/Hezareh_Part_05_PDF_1001-1250.md#L8059-L8061,True
for al,for al,for al,[],hz-020400,entry_candidate,raw_ocr,hint_only,4,899,,dictionary/F/F-06.md,hz-020400-for-al,sources/Hezareh_Dictionary_Index/source/Hezareh_Part_04_PDF_0751-1000.md#L16918-L16918,False
for all I know,for all i know,for all i know,[],hz-000872,entry_candidate,raw_ocr,high,1,38,,dictionary/F/F-06.md,hz-000872-for-all-i-know,sources/Hezareh_Dictionary_Index/source/Hezareh_Part_01_PDF_0001-0250.md#L4732-L4739,True
for aught I all one,for aught i all one,for aught i all one,[],hz-020393,entry_candidate,raw_ocr,hint_only,4,898,,dictionary/F/F-06.md,hz-020393-for-aught-i-all-one,sources/Hezareh_Dictionary_Index/source/Hezareh_Part_04_PDF_0751-1000.md#L16804-L16804,False
for good or ill,for good or ill,for good or ill,[],hz-015706,entry_candidate,raw_ocr,medium,3,694,,dictionary/F/F-06.md,hz-015706-for-good-or-ill,sources/Hezareh_Dictionary_Index/source/Hezareh_Part_03_PDF_0501-0750.md#L22327-L22353,True
for goodness' I Christ's I Heaven's,for goodness' i christ's i heaven's,for goodness' i christ's i heaven's,[],hz-029855,entry_candidate,raw_ocr,hint_only,6,1476,,dictionary/F/F-06.md,hz-029855-for-goodness-i-christ-s-i-heaven-s,sources/Hezareh_Dictionary_Index/source/Hezareh_Part_06_PDF_1251-1500.md#L26150-L26150,False
forage,forage,forage,[],hz-014214,entry_candidate,raw_ocr,high,3,618,,dictionary/F/F-06.md,hz-014214-forage,sources/Hezareh_Dictionary_Index/source/Hezareh_Part_03_PDF_0501-0750.md#L13572-L13574,True
forage cap,forage cap,forage cap,[],hz-014215,entry_candidate,raw_ocr,high,3,618,,dictionary/F/F-06.md,hz-014215-forage-cap,sources/Hezareh_Dictionary_Index/source/Hezareh_Part_03_PDF_0501-0750.md#L13575-L13576,True
forasmuch as,forasmuch as,forasmuch as,[],hz-014216,entry_candidate,raw_ocr,high,3,618,,dictionary/F/F-06.md,hz-014216-forasmuch-as,sources/Hezareh_Dictionary_Index/source/Hezareh_Part_03_PDF_0501-0750.md#L13577-L13578,True
foray,foray,foray,[],hz-014217,entry_candidate,raw_ocr,high,3,618,,dictionary/F/F-06.md,hz-014217-foray,sources/Hezareh_Dictionary_Index/source/Hezareh_Part_03_PDF_0501-0750.md#L13579-L13583,True
forbad,forbad,forbad,[],hz-014222,entry_candidate,raw_ocr,high,3,618,,dictionary/F/F-06.md,hz-014222-forbad,sources/Hezareh_Dictionary_Index/source/Hezareh_Part_03_PDF_0501-0750.md#L13587-L13587,True
forbade,forbade,forbade,[],hz-014223,entry_candidate,raw_ocr,high,3,618,,dictionary/F/F-06.md,hz-014223-forbade,sources/Hezareh_Dictionary_Index/source/Hezareh_Part_03_PDF_0501-0750.md#L13588-L13595,True
forbear,forbear,forbear,[],hz-014219,entry_candidate,raw_ocr,high,3,618,,dictionary/F/F-06.md,hz-014219-forbear,sources/Hezareh_Dictionary_Index/source/Hezareh_Part_03_PDF_0501-0750.md#L13596-L13607,True
forbearing,forbearing,forbearing,[],hz-014220,entry_candidate,raw_ocr,high,3,618,,dictionary/F/F-06.md,hz-014220-forbearing,sources/Hezareh_Dictionary_Index/source/Hezareh_Part_03_PDF_0501-0750.md#L13608-L13609,True
forbears,forbears,forbears,[],hz-014221,entry_candidate,raw_ocr,high,3,618,,dictionary/F/F-06.md,hz-014221-forbears,sources/Hezareh_Dictionary_Index/source/Hezareh_Part_03_PDF_0501-0750.md#L13610-L13611,True
forbid,forbid,forbid,[],hz-014224,entry_candidate,raw_ocr,high,3,618,,dictionary/F/F-06.md,hz-014224-forbid,sources/Hezareh_Dictionary_Index/source/Hezareh_Part_03_PDF_0501-0750.md#L13612-L13616,True
forbidden,forbidden,forbidden,[],hz-014226,entry_candidate,raw_ocr,high,3,618,,dictionary/F/F-06.md,hz-014226-forbidden,sources/Hezareh_Dictionary_Index/source/Hezareh_Part_03_PDF_0501-0750.md#L13622-L13624,True
forbidding,forbidding,forbidding,[],hz-014227,entry_candidate,raw_ocr,high,3,618,,dictionary/F/F-06.md,hz-014227-forbidding,sources/Hezareh_Dictionary_Index/source/Hezareh_Part_03_PDF_0501-0750.md#L13625-L13626,True
forbiddingly,forbiddingly,forbiddingly,[],hz-014228,entry_candidate,raw_ocr,high,3,618,,dictionary/F/F-06.md,hz-014228-forbiddingly,sources/Hezareh_Dictionary_Index/source/Hezareh_Part_03_PDF_0501-0750.md#L13627-L13629,True
forbore,forbore,forbore,[],hz-014229,entry_candidate,raw_ocr,high,3,618,,dictionary/F/F-06.md,hz-014229-forbore,sources/Hezareh_Dictionary_Index/source/Hezareh_Part_03_PDF_0501-0750.md#L13630-L13630,True
forborne,forborne,forborne,[],hz-014230,entry_candidate,raw_ocr,high,3,618,,dictionary/F/F-06.md,hz-014230-forborne,sources/Hezareh_Dictionary_Index/source/Hezareh_Part_03_PDF_0501-0750.md#L13631-L13644,True
force I ram,force i ram,force i ram,[],hz-034973,entry_candidate,raw_ocr,hint_only,8,1755,,dictionary/F/F-06.md,hz-034973-force-i-ram,sources/Hezareh_Dictionary_Index/source/Hezareh_Part_08_PDF_1751-1976.md#L592-L592,False
force majeure,force majeure,force majeure,[],hz-014239,entry_candidate,raw_ocr,low,3,619,,dictionary/F/F-06.md,hz-014239-force-majeure,sources/Hezareh_Dictionary_Index/source/Hezareh_Part_03_PDF_0501-0750.md#L13737-L13761,True
force-fed,force-fed,force-fed,[],hz-014235,entry_candidate,raw_ocr,medium,3,619,,dictionary/F/F-06.md,hz-014235-force-fed,sources/Hezareh_Dictionary_Index/source/Hezareh_Part_03_PDF_0501-0750.md#L13722-L13722,True
force-feed,force-feed,force-feed,[],hz-014236,entry_candidate,raw_ocr,high,3,619,,dictionary/F/F-06.md,hz-014236-force-feed,sources/Hezareh_Dictionary_Index/source/Hezareh_Part_03_PDF_0501-0750.md#L13723-L13728,True
force-land,force-land,force-land,[],hz-014238,entry_candidate,raw_ocr,hint_only,3,619,,dictionary/F/F-06.md,hz-014238-force-land,sources/Hezareh_Dictionary_Index/source/Hezareh_Part_03_PDF_0501-0750.md#L13648-L13648,False
forced,forced,forced,[],hz-014231,entry_candidate,raw_ocr,medium,3,619,,dictionary/F/F-06.md,hz-014231-forced,sources/Hezareh_Dictionary_Index/source/Hezareh_Part_03_PDF_0501-0750.md#L13718-L13719,True
forced labour,forced labour,forced labour,[],hz-014232,entry_candidate,raw_ocr,medium,3,619,,dictionary/F/F-06.md,hz-014232-forced-labour,sources/Hezareh_Dictionary_Index/source/Hezareh_Part_03_PDF_0501-0750.md#L13717-L13717,True
forced landing,forced landing,forced landing,[],hz-014233,entry_candidate,raw_ocr,medium,3,619,,dictionary/F/F-06.md,hz-014233-forced-landing,sources/Hezareh_Dictionary_Index/source/Hezareh_Part_03_PDF_0501-0750.md#L13718-L13719,True
forced march,forced march,forced march,[],hz-014234,entry_candidate,raw_ocr,medium,3,619,,dictionary/F/F-06.md,hz-014234-forced-march,sources/Hezareh_Dictionary_Index/source/Hezareh_Part_03_PDF_0501-0750.md#L13720-L13721,True
forcefully,forcefully,forcefully,[],hz-014237,entry_candidate,raw_ocr,low,3,619,,dictionary/F/F-06.md,hz-014237-forcefully,sources/Hezareh_Dictionary_Index/source/Hezareh_Part_03_PDF_0501-0750.md#L13729-L13736,True
forearm,forearm,forearm,[],hz-014241,entry_candidate,raw_ocr,medium,3,620,,dictionary/F/F-06.md,hz-014241-forearm,sources/Hezareh_Dictionary_Index/source/Hezareh_Part_03_PDF_0501-0750.md#L13778-L13780,True
forearm',forearm',forearm',[],hz-014240,entry_candidate,raw_ocr,medium,3,620,,dictionary/F/F-06.md,hz-014240-forearm,sources/Hezareh_Dictionary_Index/source/Hezareh_Part_03_PDF_0501-0750.md#L13777-L13777,True
forebears,forebears,forebears,[],hz-014242,entry_candidate,raw_ocr,high,3,620,,dictionary/F/F-06.md,hz-014242-forebears,sources/Hezareh_Dictionary_Index/source/Hezareh_Part_03_PDF_0501-0750.md#L13781-L13781,True
forebode,forebode,forebode,[],hz-014243,entry_candidate,raw_ocr,medium,3,620,,dictionary/F/F-06.md,hz-014243-forebode,sources/Hezareh_Dictionary_Index/source/Hezareh_Part_03_PDF_0501-0750.md#L13782-L13786,True
foreboding,foreboding,foreboding,[],hz-014244,entry_candidate,raw_ocr,low,3,620,,dictionary/F/F-06.md,hz-014244-foreboding,sources/Hezareh_Dictionary_Index/source/Hezareh_Part_03_PDF_0501-0750.md#L13787-L13788,True
forecast,forecast,forecast,[],hz-014245,entry_candidate,raw_ocr,high,3,620,,dictionary/F/F-06.md,hz-014245-forecast,sources/Hezareh_Dictionary_Index/source/Hezareh_Part_03_PDF_0501-0750.md#L13789-L13791,True
forecaster,forecaster,forecaster,[],hz-014246,entry_candidate,raw_ocr,high,3,620,,dictionary/F/F-06.md,hz-014246-forecaster,sources/Hezareh_Dictionary_Index/source/Hezareh_Part_03_PDF_0501-0750.md#L13792-L13793,True
forecastle,forecastle,forecastle,[],hz-014247,entry_candidate,raw_ocr,medium,3,620,,dictionary/F/F-06.md,hz-014247-forecastle,sources/Hezareh_Dictionary_Index/source/Hezareh_Part_03_PDF_0501-0750.md#L13794-L13795,True
foreclose,foreclose,foreclose,[],hz-014248,entry_candidate,raw_ocr,medium,3,620,,dictionary/F/F-06.md,hz-014248-foreclose,sources/Hezareh_Dictionary_Index/source/Hezareh_Part_03_PDF_0501-0750.md#L13796-L13800,True
foreclose on sb,foreclose on sb,foreclose on sb,[],hz-014249,entry_candidate,raw_ocr,medium,3,620,,dictionary/F/F-06.md,hz-014249-foreclose-on-sb,sources/Hezareh_Dictionary_Index/source/Hezareh_Part_03_PDF_0501-0750.md#L13801-L13802,True
foreclosure,foreclosure,foreclosure,[],hz-014250,entry_candidate,raw_ocr,medium,3,620,,dictionary/F/F-06.md,hz-014250-foreclosure,sources/Hezareh_Dictionary_Index/source/Hezareh_Part_03_PDF_0501-0750.md#L13803-L13804,True
forecourt,forecourt,forecourt,[],hz-014251,entry_candidate,raw_ocr,medium,3,620,,dictionary/F/F-06.md,hz-014251-forecourt,sources/Hezareh_Dictionary_Index/source/Hezareh_Part_03_PDF_0501-0750.md#L13805-L13807,True
foredoomed,foredoomed,foredoomed,[],hz-014252,entry_candidate,raw_ocr,medium,3,620,,dictionary/F/F-06.md,hz-014252-foredoomed,sources/Hezareh_Dictionary_Index/source/Hezareh_Part_03_PDF_0501-0750.md#L13808-L13812,True
forefeet,forefeet,forefeet,[],hz-014253,entry_candidate,raw_ocr,high,3,620,,dictionary/F/F-06.md,hz-014253-forefeet,sources/Hezareh_Dictionary_Index/source/Hezareh_Part_03_PDF_0501-0750.md#L13813-L13813,True
forefinger,forefinger,forefinger,[],hz-014254,entry_candidate,raw_ocr,high,3,620,,dictionary/F/F-06.md,hz-014254-forefinger,sources/Hezareh_Dictionary_Index/source/Hezareh_Part_03_PDF_0501-0750.md#L13814-L13815,True
forefoot,forefoot,forefoot,[],hz-014255,entry_candidate,raw_ocr,medium,3,620,,dictionary/F/F-06.md,hz-014255-forefoot,sources/Hezareh_Dictionary_Index/source/Hezareh_Part_03_PDF_0501-0750.md#L13816-L13834,True
foregone,foregone,foregone,[],hz-014256,entry_candidate,raw_ocr,high,3,620,,dictionary/F/F-06.md,hz-014256-foregone,sources/Hezareh_Dictionary_Index/source/Hezareh_Part_03_PDF_0501-0750.md#L13835-L13838,True
foreground,foreground,foreground,[],hz-014257,entry_candidate,raw_ocr,high,3,620,,dictionary/F/F-06.md,hz-014257-foreground,sources/Hezareh_Dictionary_Index/source/Hezareh_Part_03_PDF_0501-0750.md#L13839-L13843,True
forehand,forehand,forehand,[],hz-014258,entry_candidate,raw_ocr,high,3,620,,dictionary/F/F-06.md,hz-014258-forehand,sources/Hezareh_Dictionary_Index/source/Hezareh_Part_03_PDF_0501-0750.md#L13844-L13846,True
forehead,forehead,forehead,[],hz-014259,entry_candidate,raw_ocr,high,3,620,,dictionary/F/F-06.md,hz-014259-forehead,sources/Hezareh_Dictionary_Index/source/Hezareh_Part_03_PDF_0501-0750.md#L13847-L13847,True
foreign,foreign,foreign,[],hz-014260,entry_candidate,raw_ocr,high,3,620,,dictionary/F/F-06.md,hz-014260-foreign,sources/Hezareh_Dictionary_Index/source/Hezareh_Part_03_PDF_0501-0750.md#L13848-L13861,True
Foreign and Commonwealth Office,foreign and commonwealth office,foreign and commonwealth office,[],hz-014261,entry_candidate,raw_ocr,high,3,620,,dictionary/F/F-06.md,hz-014261-foreign-and-commonwealth-office,sources/Hezareh_Dictionary_Index/source/Hezareh_Part_03_PDF_0501-0750.md#L13862-L13864,True
foreign exchange,foreign exchange,foreign exchange,[],hz-014264,entry_candidate,raw_ocr,high,3,620,,dictionary/F/F-06.md,hz-014264-foreign-exchange,sources/Hezareh_Dictionary_Index/source/Hezareh_Part_03_PDF_0501-0750.md#L13868-L13869,True
Foreign Office,foreign office,foreign office,[],hz-014265,entry_candidate,raw_ocr,high,3,620,,dictionary/F/F-06.md,hz-014265-foreign-office,sources/Hezareh_Dictionary_Index/source/Hezareh_Part_03_PDF_0501-0750.md#L13870-L13875,True
Foreign Secretary,foreign secretary,foreign secretary,[],hz-014266,entry_candidate,raw_ocr,high,3,621,,dictionary/F/F-06.md,hz-014266-foreign-secretary,sources/Hezareh_Dictionary_Index/source/Hezareh_Part_03_PDF_0501-0750.md#L13889-L13892,True
foreign-born,foreign-born,foreign-born,[],hz-014262,entry_candidate,raw_ocr,high,3,620,,dictionary/F/F-06.md,hz-014262-foreign-born,sources/Hezareh_Dictionary_Index/source/Hezareh_Part_03_PDF_0501-0750.md#L13865-L13865,True
foreigner,foreigner,foreigner,[],hz-014263,entry_candidate,raw_ocr,high,3,620,,dictionary/F/F-06.md,hz-014263-foreigner,sources/Hezareh_Dictionary_Index/source/Hezareh_Part_03_PDF_0501-0750.md#L13866-L13867,True
foreland,foreland,foreland,[],hz-014267,entry_candidate,raw_ocr,medium,3,621,,dictionary/F/F-06.md,hz-014267-foreland,sources/Hezareh_Dictionary_Index/source/Hezareh_Part_03_PDF_0501-0750.md#L13893-L13894,True
foreleg,foreleg,foreleg,[],hz-014268,entry_candidate,raw_ocr,low,3,621,,dictionary/F/F-06.md,hz-014268-foreleg,sources/Hezareh_Dictionary_Index/source/Hezareh_Part_03_PDF_0501-0750.md#L13895-L13895,True
forelock,forelock,forelock,[],hz-014269,entry_candidate,raw_ocr,medium,3,621,,dictionary/F/F-06.md,hz-014269-forelock,sources/Hezareh_Dictionary_Index/source/Hezareh_Part_03_PDF_0501-0750.md#L13896-L13902,True
foreman,foreman,foreman,[],hz-014271,entry_candidate,raw_ocr,medium,3,621,,dictionary/F/F-06.md,hz-014271-foreman,sources/Hezareh_Dictionary_Index/source/Hezareh_Part_03_PDF_0501-0750.md#L13903-L13904,True
foremast,foremast,foremast,[],hz-014272,entry_candidate,raw_ocr,high,3,621,,dictionary/F/F-06.md,hz-014272-foremast,sources/Hezareh_Dictionary_Index/source/Hezareh_Part_03_PDF_0501-0750.md#L13905-L13906,True
foremost,foremost,foremost,[],hz-014273,entry_candidate,raw_ocr,medium,3,621,,dictionary/F/F-06.md,hz-014273-foremost,sources/Hezareh_Dictionary_Index/source/Hezareh_Part_03_PDF_0501-0750.md#L13907-L13913,True
forename,forename,forename,[],hz-014274,entry_candidate,raw_ocr,medium,3,621,,dictionary/F/F-06.md,hz-014274-forename,sources/Hezareh_Dictionary_Index/source/Hezareh_Part_03_PDF_0501-0750.md#L13914-L13914,True
forenoon,forenoon,forenoon,[],hz-014275,entry_candidate,raw_ocr,medium,3,621,,dictionary/F/F-06.md,hz-014275-forenoon,sources/Hezareh_Dictionary_Index/source/Hezareh_Part_03_PDF_0501-0750.md#L13915-L13915,True
forensic,forensic,forensic,[],hz-014276,entry_candidate,raw_ocr,medium,3,621,,dictionary/F/F-06.md,hz-014276-forensic,sources/Hezareh_Dictionary_Index/source/Hezareh_Part_03_PDF_0501-0750.md#L13916-L13924,True
forepart,forepart,forepart,[],hz-014277,entry_candidate,raw_ocr,medium,3,621,,dictionary/F/F-06.md,hz-014277-forepart,sources/Hezareh_Dictionary_Index/source/Hezareh_Part_03_PDF_0501-0750.md#L13925-L13929,True
forequarter,forequarter,forequarter,[],hz-014278,entry_candidate,raw_ocr,hint_only,3,621,,dictionary/F/F-06.md,hz-014278-forequarter,sources/Hezareh_Dictionary_Index/source/Hezareh_Part_03_PDF_0501-0750.md#L13879-L13879,False
forerunner,forerunner,forerunner,[],hz-014279,entry_candidate,raw_ocr,low,3,621,,dictionary/F/F-06.md,hz-014279-forerunner,sources/Hezareh_Dictionary_Index/source/Hezareh_Part_03_PDF_0501-0750.md#L13930-L13933,True
foresail,foresail,foresail,[],hz-014280,entry_candidate,raw_ocr,medium,3,621,,dictionary/F/F-06.md,hz-014280-foresail,sources/Hezareh_Dictionary_Index/source/Hezareh_Part_03_PDF_0501-0750.md#L13934-L13942,True
foreseeable,foreseeable,foreseeable,[],hz-014270,entry_candidate,raw_ocr,low,3,621,,dictionary/F/F-06.md,hz-014270-foreseeable,sources/Hezareh_Dictionary_Index/source/Hezareh_Part_03_PDF_0501-0750.md#L13943-L13946,True
foreshadOW,foreshadow,foreshadow,[],hz-014281,entry_candidate,raw_ocr,medium,3,621,,dictionary/F/F-06.md,hz-014281-foreshadow,sources/Hezareh_Dictionary_Index/source/Hezareh_Part_03_PDF_0501-0750.md#L13947-L13950,True
foreshore,foreshore,foreshore,[],hz-014282,entry_candidate,raw_ocr,hint_only,3,621,,dictionary/F/F-06.md,hz-014282-foreshore,sources/Hezareh_Dictionary_Index/source/Hezareh_Part_03_PDF_0501-0750.md#L13879-L13879,False
foreshorten,foreshorten,foreshorten,[],hz-014283,entry_candidate,raw_ocr,medium,3,621,,dictionary/F/F-06.md,hz-014283-foreshorten,sources/Hezareh_Dictionary_Index/source/Hezareh_Part_03_PDF_0501-0750.md#L13951-L13952,True
foresight,foresight,foresight,[],hz-014284,entry_candidate,raw_ocr,low,3,621,,dictionary/F/F-06.md,hz-014284-foresight,sources/Hezareh_Dictionary_Index/source/Hezareh_Part_03_PDF_0501-0750.md#L13953-L13954,True
foreskin,foreskin,foreskin,[],hz-014285,entry_candidate,raw_ocr,medium,3,621,,dictionary/F/F-06.md,hz-014285-foreskin,sources/Hezareh_Dictionary_Index/source/Hezareh_Part_03_PDF_0501-0750.md#L13955-L13958,True
forest,forest,forest,[],hz-014286,entry_candidate,raw_ocr,high,3,621,,dictionary/F/F-06.md,hz-014286-forest,sources/Hezareh_Dictionary_Index/source/Hezareh_Part_03_PDF_0501-0750.md#L13959-L13959,True
forestall,forestall,forestall,[],hz-014287,entry_candidate,raw_ocr,medium,3,621,,dictionary/F/F-06.md,hz-014287-forestall,sources/Hezareh_Dictionary_Index/source/Hezareh_Part_03_PDF_0501-0750.md#L13960-L13963,True
forested,forested,forested,[],hz-014288,entry_candidate,raw_ocr,medium,3,621,,dictionary/F/F-06.md,hz-014288-forested,sources/Hezareh_Dictionary_Index/source/Hezareh_Part_03_PDF_0501-0750.md#L13964-L13965,True
forester,forester,forester,[],hz-014289,entry_candidate,raw_ocr,high,3,621,,dictionary/F/F-06.md,hz-014289-forester,sources/Hezareh_Dictionary_Index/source/Hezareh_Part_03_PDF_0501-0750.md#L13966-L13967,True
forestry,forestry,forestry,[],hz-014290,entry_candidate,raw_ocr,medium,3,621,,dictionary/F/F-06.md,hz-014290-forestry,sources/Hezareh_Dictionary_Index/source/Hezareh_Part_03_PDF_0501-0750.md#L13968-L13970,True
foretaste,foretaste,foretaste,[],hz-014291,entry_candidate,raw_ocr,high,3,621,,dictionary/F/F-06.md,hz-014291-foretaste,sources/Hezareh_Dictionary_Index/source/Hezareh_Part_03_PDF_0501-0750.md#L13971-L13977,True
foretold,foretold,foretold,[],hz-014292,entry_candidate,raw_ocr,medium,3,621,,dictionary/F/F-06.md,hz-014292-foretold,sources/Hezareh_Dictionary_Index/source/Hezareh_Part_03_PDF_0501-0750.md#L13978-L13978,True
foretop,foretop,foretop,[],hz-014293,entry_candidate,raw_ocr,medium,3,621,,dictionary/F/F-06.md,hz-014293-foretop,sources/Hezareh_Dictionary_Index/source/Hezareh_Part_03_PDF_0501-0750.md#L13979-L13987,True
forewarn,forewarn,forewarn,[],hz-014294,entry_candidate,raw_ocr,medium,3,622,,dictionary/F/F-06.md,hz-014294-forewarn,sources/Hezareh_Dictionary_Index/source/Hezareh_Part_03_PDF_0501-0750.md#L14001-L14005,True
forewoman,forewoman,forewoman,[],hz-014295,entry_candidate,raw_ocr,high,3,622,,dictionary/F/F-06.md,hz-014295-forewoman,sources/Hezareh_Dictionary_Index/source/Hezareh_Part_03_PDF_0501-0750.md#L14006-L14007,True
foreword,foreword,foreword,[],hz-014296,entry_candidate,raw_ocr,low,3,622,,dictionary/F/F-06.md,hz-014296-foreword,sources/Hezareh_Dictionary_Index/source/Hezareh_Part_03_PDF_0501-0750.md#L14008-L14019,True
forgather,forgather,forgather,[],hz-014297,entry_candidate,raw_ocr,medium,3,622,,dictionary/F/F-06.md,hz-014297-forgather,sources/Hezareh_Dictionary_Index/source/Hezareh_Part_03_PDF_0501-0750.md#L14020-L14021,True
forgave,forgave,forgave,[],hz-014298,entry_candidate,raw_ocr,low,3,622,,dictionary/F/F-06.md,hz-014298-forgave,sources/Hezareh_Dictionary_Index/source/Hezareh_Part_03_PDF_0501-0750.md#L14022-L14034,True
forger,forger,forger,[],hz-014299,entry_candidate,raw_ocr,medium,3,622,,dictionary/F/F-06.md,hz-014299-forger,sources/Hezareh_Dictionary_Index/source/Hezareh_Part_03_PDF_0501-0750.md#L14035-L14067,True
forget I fo'get,forget i fo'get,forget i fo'get,[],hz-014300,entry_candidate,raw_ocr,hint_only,3,622,,dictionary/F/F-06.md,hz-014300-forget-i-fo-get,sources/Hezareh_Dictionary_Index/source/Hezareh_Part_03_PDF_0501-0750.md#L13991-L13991,False
forgetful,forgetful,forgetful,[],hz-014301,entry_candidate,raw_ocr,hint_only,3,622,,dictionary/F/F-06.md,hz-014301-forgetful,sources/Hezareh_Dictionary_Index/source/Hezareh_Part_03_PDF_0501-0750.md#L13991-L13991,False
forgetfully,forgetfully,forgetfully,[],hz-014302,entry_candidate,raw_ocr,high,3,622,,dictionary/F/F-06.md,hz-014302-forgetfully,sources/Hezareh_Dictionary_Index/source/Hezareh_Part_03_PDF_0501-0750.md#L14068-L14069,True
forgetfulneSS,forgetfulness,forgetfulness,[],hz-014303,entry_candidate,raw_ocr,high,3,622,,dictionary/F/F-06.md,hz-014303-forgetfulness,sources/Hezareh_Dictionary_Index/source/Hezareh_Part_03_PDF_0501-0750.md#L14070-L14074,True
forgivable,forgivable,forgivable,[],hz-014305,entry_candidate,raw_ocr,high,3,622,,dictionary/F/F-06.md,hz-014305-forgivable,sources/Hezareh_Dictionary_Index/source/Hezareh_Part_03_PDF_0501-0750.md#L14075-L14077,True
forgivably,forgivably,forgivably,[],hz-014306,entry_candidate,raw_ocr,high,3,622,,dictionary/F/F-06.md,hz-014306-forgivably,sources/Hezareh_Dictionary_Index/source/Hezareh_Part_03_PDF_0501-0750.md#L14078-L14079,True
forgive,forgive,forgive,[],hz-014307,entry_candidate,raw_ocr,high,3,622,,dictionary/F/F-06.md,hz-014307-forgive,sources/Hezareh_Dictionary_Index/source/Hezareh_Part_03_PDF_0501-0750.md#L14080-L14089,True
forgiven,forgiven,forgiven,[],hz-014308,entry_candidate,raw_ocr,high,3,622,,dictionary/F/F-06.md,hz-014308-forgiven,sources/Hezareh_Dictionary_Index/source/Hezareh_Part_03_PDF_0501-0750.md#L14090-L14093,True
forgiveness I fo'grvnrs,forgiveness i fo'grvnrs,forgiveness i fo'grvnrs,[],hz-014309,entry_candidate,raw_ocr,hint_only,3,622,,dictionary/F/F-06.md,hz-014309-forgiveness-i-fo-grvnrs,sources/Hezareh_Dictionary_Index/source/Hezareh_Part_03_PDF_0501-0750.md#L13991-L13991,False
forgiving,forgiving,forgiving,[],hz-014310,entry_candidate,raw_ocr,high,3,622,,dictionary/F/F-06.md,hz-014310-forgiving,sources/Hezareh_Dictionary_Index/source/Hezareh_Part_03_PDF_0501-0750.md#L14094-L14095,True
forgivingly,forgivingly,forgivingly,[],hz-014311,entry_candidate,raw_ocr,high,3,622,,dictionary/F/F-06.md,hz-014311-forgivingly,sources/Hezareh_Dictionary_Index/source/Hezareh_Part_03_PDF_0501-0750.md#L14096-L14101,True
forgot,forgot,forgot,[],hz-014312,entry_candidate,raw_ocr,high,3,623,,dictionary/F/F-06.md,hz-014312-forgot,sources/Hezareh_Dictionary_Index/source/Hezareh_Part_03_PDF_0501-0750.md#L14118-L14134,True
fork,fork,fork,[],hz-014313,entry_candidate,raw_ocr,high,3,623,,dictionary/F/F-06.md,hz-014313-fork,sources/Hezareh_Dictionary_Index/source/Hezareh_Part_03_PDF_0501-0750.md#L14135-L14138,True
fork lunch,fork lunch,fork lunch,[],hz-014315,entry_candidate,raw_ocr,medium,3,623,,dictionary/F/F-06.md,hz-014315-fork-lunch,sources/Hezareh_Dictionary_Index/source/Hezareh_Part_03_PDF_0501-0750.md#L14140-L14140,True
fork supper,fork supper,fork supper,[],hz-014316,entry_candidate,raw_ocr,medium,3,623,,dictionary/F/F-06.md,hz-014316-fork-supper,sources/Hezareh_Dictionary_Index/source/Hezareh_Part_03_PDF_0501-0750.md#L14141-L14141,True
fork-lift truck,fork-lift truck,fork-lift truck,[],hz-014314,entry_candidate,raw_ocr,medium,3,623,,dictionary/F/F-06.md,hz-014314-fork-lift-truck,sources/Hezareh_Dictionary_Index/source/Hezareh_Part_03_PDF_0501-0750.md#L14139-L14139,True
forlorn,forlorn,forlorn,[],hz-014317,entry_candidate,raw_ocr,medium,3,623,,dictionary/F/F-06.md,hz-014317-forlorn,sources/Hezareh_Dictionary_Index/source/Hezareh_Part_03_PDF_0501-0750.md#L14142-L14148,True
forlornly,forlornly,forlornly,[],hz-014318,entry_candidate,raw_ocr,low,3,623,,dictionary/F/F-06.md,hz-014318-forlornly,sources/Hezareh_Dictionary_Index/source/Hezareh_Part_03_PDF_0501-0750.md#L14149-L14150,True
forlornness,forlornness,forlornness,[],hz-014319,entry_candidate,raw_ocr,high,3,623,,dictionary/F/F-06.md,hz-014319-forlornness,sources/Hezareh_Dictionary_Index/source/Hezareh_Part_03_PDF_0501-0750.md#L14151-L14183,True
form,form,form,[],hz-014320,entry_candidate,raw_ocr,medium,3,623,,dictionary/F/F-06.md,hz-014320-form,sources/Hezareh_Dictionary_Index/source/Hezareh_Part_03_PDF_0501-0750.md#L14184-L14210,True
formal,formal,formal,[],hz-014321,entry_candidate,raw_ocr,low,3,623,,dictionary/F/F-06.md,hz-014321-formal,sources/Hezareh_Dictionary_Index/source/Hezareh_Part_03_PDF_0501-0750.md#L14211-L14213,True
formal evening dress,formal evening dress,formal evening dress,[],hz-006403,entry_candidate,raw_ocr,high,2,254,,dictionary/F/F-06.md,hz-006403-formal-evening-dress,sources/Hezareh_Dictionary_Index/source/Hezareh_Part_02_PDF_0251-0500.md#L672-L673,True
formaldehyde,formaldehyde,formaldehyde,[],hz-014322,entry_candidate,raw_ocr,medium,3,624,,dictionary/F/F-06.md,hz-014322-formaldehyde,sources/Hezareh_Dictionary_Index/source/Hezareh_Part_03_PDF_0501-0750.md#L14236-L14237,True
formalin,formalin,formalin,[],hz-014323,entry_candidate,raw_ocr,medium,3,624,,dictionary/F/F-06.md,hz-014323-formalin,sources/Hezareh_Dictionary_Index/source/Hezareh_Part_03_PDF_0501-0750.md#L14238-L14238,True
formalisation,formalisation,formalisation,[],hz-014324,entry_candidate,raw_ocr,high,3,624,,dictionary/F/F-06.md,hz-014324-formalisation,sources/Hezareh_Dictionary_Index/source/Hezareh_Part_03_PDF_0501-0750.md#L14239-L14239,True
formalise,formalise,formalise,[],hz-014325,entry_candidate,raw_ocr,high,3,624,,dictionary/F/F-06.md,hz-014325-formalise,sources/Hezareh_Dictionary_Index/source/Hezareh_Part_03_PDF_0501-0750.md#L14241-L14241,True
formalism,formalism,formalism,[],hz-014326,entry_candidate,raw_ocr,medium,3,624,,dictionary/F/F-06.md,hz-014326-formalism,sources/Hezareh_Dictionary_Index/source/Hezareh_Part_03_PDF_0501-0750.md#L14242-L14243,True
formalist,formalist,formalist,[],hz-014327,entry_candidate,raw_ocr,medium,3,624,,dictionary/F/F-06.md,hz-014327-formalist,sources/Hezareh_Dictionary_Index/source/Hezareh_Part_03_PDF_0501-0750.md#L14244-L14252,True
formality,formality,formality,[],hz-014328,entry_candidate,raw_ocr,low,3,624,,dictionary/F/F-06.md,hz-014328-formality,sources/Hezareh_Dictionary_Index/source/Hezareh_Part_03_PDF_0501-0750.md#L14253-L14256,True
formalization,formalization,formalization,[],hz-014329,entry_candidate,raw_ocr,high,3,624,,dictionary/F/F-06.md,hz-014329-formalization,sources/Hezareh_Dictionary_Index/source/Hezareh_Part_03_PDF_0501-0750.md#L14240-L14240,True
formalize,formalize,formalize,[],hz-014330,entry_candidate,raw_ocr,medium,3,624,,dictionary/F/F-06.md,hz-014330-formalize,sources/Hezareh_Dictionary_Index/source/Hezareh_Part_03_PDF_0501-0750.md#L14257-L14259,True
formally,formally,formally,[],hz-014331,entry_candidate,raw_ocr,medium,3,624,,dictionary/F/F-06.md,hz-014331-formally,sources/Hezareh_Dictionary_Index/source/Hezareh_Part_03_PDF_0501-0750.md#L14260-L14263,True
format,format,format,[],hz-014332,entry_candidate,raw_ocr,medium,3,624,,dictionary/F/F-06.md,hz-014332-format,sources/Hezareh_Dictionary_Index/source/Hezareh_Part_03_PDF_0501-0750.md#L14264-L14279,True
formation,formation,formation,[],hz-014333,entry_candidate,raw_ocr,low,3,624,,dictionary/F/F-06.md,hz-014333-formation,sources/Hezareh_Dictionary_Index/source/Hezareh_Part_03_PDF_0501-0750.md#L14280-L14290,True
formerly,formerly,formerly,[],hz-014335,entry_candidate,raw_ocr,high,3,624,,dictionary/F/F-06.md,hz-014335-formerly,sources/Hezareh_Dictionary_Index/source/Hezareh_Part_03_PDF_0501-0750.md#L14299-L14300,True
formic acid,formic acid,formic acid,[],hz-014337,entry_candidate,raw_ocr,high,3,624,,dictionary/F/F-06.md,hz-014337-formic-acid,sources/Hezareh_Dictionary_Index/source/Hezareh_Part_03_PDF_0501-0750.md#L14302-L14308,True
Formica,formica,formica,[],hz-014336,entry_candidate,raw_ocr,high,3,624,,dictionary/F/F-06.md,hz-014336-formica,sources/Hezareh_Dictionary_Index/source/Hezareh_Part_03_PDF_0501-0750.md#L14301-L14301,True
formidably,formidably,formidably,[],hz-014338,entry_candidate,raw_ocr,high,3,624,,dictionary/F/F-06.md,hz-014338-formidably,sources/Hezareh_Dictionary_Index/source/Hezareh_Part_03_PDF_0501-0750.md#L14309-L14312,True
formless,formless,formless,[],hz-014339,entry_candidate,raw_ocr,high,3,624,,dictionary/F/F-06.md,hz-014339-formless,sources/Hezareh_Dictionary_Index/source/Hezareh_Part_03_PDF_0501-0750.md#L14313-L14315,True
formlessly,formlessly,formlessly,[],hz-014340,entry_candidate,raw_ocr,high,3,624,,dictionary/F/F-06.md,hz-014340-formlessly,sources/Hezareh_Dictionary_Index/source/Hezareh_Part_03_PDF_0501-0750.md#L14316-L14317,True
Formosa,formosa,formosa,[],hz-014341,entry_candidate,raw_ocr,high,3,624,,dictionary/F/F-06.md,hz-014341-formosa,sources/Hezareh_Dictionary_Index/source/Hezareh_Part_03_PDF_0501-0750.md#L14318-L14318,True
formula,formula,formula,[],hz-014342,entry_candidate,raw_ocr,high,3,624,,dictionary/F/F-06.md,hz-014342-formula,sources/Hezareh_Dictionary_Index/source/Hezareh_Part_03_PDF_0501-0750.md#L14319-L14327,True
formulae,formulae,formulae,[],hz-014343,entry_candidate,raw_ocr,high,3,625,,dictionary/F/F-06.md,hz-014343-formulae,sources/Hezareh_Dictionary_Index/source/Hezareh_Part_03_PDF_0501-0750.md#L14343-L14343,True
formulaic,formulaic,formulaic,[],hz-014344,entry_candidate,raw_ocr,medium,3,625,,dictionary/F/F-06.md,hz-014344-formulaic,sources/Hezareh_Dictionary_Index/source/Hezareh_Part_03_PDF_0501-0750.md#L14344-L14344,True
formulate,formulate,formulate,[],hz-014345,entry_candidate,raw_ocr,medium,3,625,,dictionary/F/F-06.md,hz-014345-formulate,sources/Hezareh_Dictionary_Index/source/Hezareh_Part_03_PDF_0501-0750.md#L14345-L14349,True
formulation,formulation,formulation,[],hz-014346,entry_candidate,raw_ocr,low,3,625,,dictionary/F/F-06.md,hz-014346-formulation,sources/Hezareh_Dictionary_Index/source/Hezareh_Part_03_PDF_0501-0750.md#L14350-L14352,True
fornicate,fornicate,fornicate,[],hz-014347,entry_candidate,raw_ocr,low,3,625,,dictionary/F/F-06.md,hz-014347-fornicate,sources/Hezareh_Dictionary_Index/source/Hezareh_Part_03_PDF_0501-0750.md#L14353-L14353,True
fornication,fornication,fornication,[],hz-014348,entry_candidate,raw_ocr,medium,3,625,,dictionary/F/F-06.md,hz-014348-fornication,sources/Hezareh_Dictionary_Index/source/Hezareh_Part_03_PDF_0501-0750.md#L14354-L14362,True
forsake,forsake,forsake,[],hz-014350,entry_candidate,raw_ocr,low,3,625,,dictionary/F/F-06.md,hz-014350-forsake,sources/Hezareh_Dictionary_Index/source/Hezareh_Part_03_PDF_0501-0750.md#L14364-L14364,True
forsaken,forsaken,forsaken,[],hz-014351,entry_candidate,raw_ocr,high,3,625,,dictionary/F/F-06.md,hz-014351-forsaken,sources/Hezareh_Dictionary_Index/source/Hezareh_Part_03_PDF_0501-0750.md#L14363-L14363,True
forsooth,forsooth,forsooth,[],hz-014352,entry_candidate,raw_ocr,medium,3,625,,dictionary/F/F-06.md,hz-014352-forsooth,sources/Hezareh_Dictionary_Index/source/Hezareh_Part_03_PDF_0501-0750.md#L14365-L14367,True
forswear,forswear,forswear,[],hz-014353,entry_candidate,raw_ocr,high,3,625,,dictionary/F/F-06.md,hz-014353-forswear,sources/Hezareh_Dictionary_Index/source/Hezareh_Part_03_PDF_0501-0750.md#L14368-L14372,True
forswore,forswore,forswore,[],hz-014354,entry_candidate,raw_ocr,high,3,625,,dictionary/F/F-06.md,hz-014354-forswore,sources/Hezareh_Dictionary_Index/source/Hezareh_Part_03_PDF_0501-0750.md#L14373-L14374,True
forsythia,forsythia,forsythia,[],hz-014362,entry_candidate,raw_ocr,medium,3,625,,dictionary/F/F-06.md,hz-014362-forsythia,sources/Hezareh_Dictionary_Index/source/Hezareh_Part_03_PDF_0501-0750.md#L14375-L14375,True
fort,fort,fort,[],hz-014363,entry_candidate,raw_ocr,high,3,625,,dictionary/F/F-06.md,hz-014363-fort,sources/Hezareh_Dictionary_Index/source/Hezareh_Part_03_PDF_0501-0750.md#L14376-L14391,True
forth,forth,forth,[],hz-014364,entry_candidate,raw_ocr,low,3,625,,dictionary/F/F-06.md,hz-014364-forth,sources/Hezareh_Dictionary_Index/source/Hezareh_Part_03_PDF_0501-0750.md#L14392-L14400,True
forthright,forthright,forthright,[],hz-014355,entry_candidate,raw_ocr,hint_only,3,625,,dictionary/F/F-06.md,hz-014355-forthright,sources/Hezareh_Dictionary_Index/source/Hezareh_Part_03_PDF_0501-0750.md#L14331-L14331,False
forthwith,forthwith,forthwith,[],hz-014356,entry_candidate,raw_ocr,medium,3,625,,dictionary/F/F-06.md,hz-014356-forthwith,sources/Hezareh_Dictionary_Index/source/Hezareh_Part_03_PDF_0501-0750.md#L14401-L14402,True
fortieth,fortieth,fortieth,[],hz-014357,entry_candidate,raw_ocr,medium,3,625,,dictionary/F/F-06.md,hz-014357-fortieth,sources/Hezareh_Dictionary_Index/source/Hezareh_Part_03_PDF_0501-0750.md#L14403-L14408,True
fortieth,fortieth,fortieth,[],hz-038908,entry_candidate,raw_ocr,high,8,1971,,dictionary/F/F-06.md,hz-038908-fortieth,sources/Hezareh_Dictionary_Index/source/Hezareh_Part_08_PDF_1751-1976.md#L25823-L25823,True
fortified wine,fortified wine,fortified wine,[],hz-014358,entry_candidate,raw_ocr,medium,3,625,,dictionary/F/F-06.md,hz-014358-fortified-wine,sources/Hezareh_Dictionary_Index/source/Hezareh_Part_03_PDF_0501-0750.md#L14409-L14410,True
fortify,fortify,fortify,[],hz-014359,entry_candidate,raw_ocr,high,3,625,,dictionary/F/F-06.md,hz-014359-fortify,sources/Hezareh_Dictionary_Index/source/Hezareh_Part_03_PDF_0501-0750.md#L14411-L14416,True
fortissimo,fortissimo,fortissimo,[],hz-014360,entry_candidate,raw_ocr,low,3,625,,dictionary/F/F-06.md,hz-014360-fortissimo,sources/Hezareh_Dictionary_Index/source/Hezareh_Part_03_PDF_0501-0750.md#L14417-L14418,True
fortitude,fortitude,fortitude,[],hz-014361,entry_candidate,raw_ocr,medium,3,625,,dictionary/F/F-06.md,hz-014361-fortitude,sources/Hezareh_Dictionary_Index/source/Hezareh_Part_03_PDF_0501-0750.md#L14419-L14439,True
fortunately,fortunately,fortunately,[],hz-014365,entry_candidate,raw_ocr,high,3,626,,dictionary/F/F-06.md,hz-014365-fortunately,sources/Hezareh_Dictionary_Index/source/Hezareh_Part_03_PDF_0501-0750.md#L14463-L14489,True
fortune,fortune,fortune,[],hz-014366,entry_candidate,raw_ocr,high,3,626,,dictionary/F/F-06.md,hz-014366-fortune,sources/Hezareh_Dictionary_Index/source/Hezareh_Part_03_PDF_0501-0750.md#L14490-L14491,True
fortune cookie,fortune cookie,fortune cookie,[],hz-014367,entry_candidate,raw_ocr,high,3,626,,dictionary/F/F-06.md,hz-014367-fortune-cookie,sources/Hezareh_Dictionary_Index/source/Hezareh_Part_03_PDF_0501-0750.md#L14490-L14491,True
fortune hunter,fortune hunter,fortune hunter,[],hz-014368,entry_candidate,raw_ocr,high,3,626,,dictionary/F/F-06.md,hz-014368-fortune-hunter,sources/Hezareh_Dictionary_Index/source/Hezareh_Part_03_PDF_0501-0750.md#L14492-L14494,True
fortune teller,fortune teller,fortune teller,[],hz-014369,entry_candidate,raw_ocr,high,3,626,,dictionary/F/F-06.md,hz-014369-fortune-teller,sources/Hezareh_Dictionary_Index/source/Hezareh_Part_03_PDF_0501-0750.md#L14495-L14510,True
forty,forty,forty,[],hz-014370,entry_candidate,raw_ocr,high,3,626,,dictionary/F/F-06.md,hz-014370-forty,sources/Hezareh_Dictionary_Index/source/Hezareh_Part_03_PDF_0501-0750.md#L14511-L14513,True
forty,forty,forty,[],hz-038878,entry_candidate,raw_ocr,high,8,1971,,dictionary/F/F-06.md,hz-038878-forty,sources/Hezareh_Dictionary_Index/source/Hezareh_Part_08_PDF_1751-1976.md#L25748-L25748,True
forty winks,forty winks,forty winks,[],hz-014371,entry_candidate,raw_ocr,high,3,626,,dictionary/F/F-06.md,hz-014371-forty-winks,sources/Hezareh_Dictionary_Index/source/Hezareh_Part_03_PDF_0501-0750.md#L14511-L14513,True
forum,forum,forum,[],hz-014372,entry_candidate,raw_ocr,high,3,626,,dictionary/F/F-06.md,hz-014372-forum,sources/Hezareh_Dictionary_Index/source/Hezareh_Part_03_PDF_0501-0750.md#L14514-L14553,True
forward-looking,forward-looking,forward-looking,[],hz-014375,entry_candidate,raw_ocr,medium,3,627,,dictionary/F/F-06.md,hz-014375-forward-looking,sources/Hezareh_Dictionary_Index/source/Hezareh_Part_03_PDF_0501-0750.md#L14586-L14588,True
forwarding,forwarding,forwarding,[],hz-014373,entry_candidate,raw_ocr,high,3,627,,dictionary/F/F-06.md,hz-014373-forwarding,sources/Hezareh_Dictionary_Index/source/Hezareh_Part_03_PDF_0501-0750.md#L14584-L14585,True
forwarding address,forwarding address,forwarding address,[],hz-014374,entry_candidate,raw_ocr,high,3,627,,dictionary/F/F-06.md,hz-014374-forwarding-address,sources/Hezareh_Dictionary_Index/source/Hezareh_Part_03_PDF_0501-0750.md#L14584-L14585,True
forwardness,forwardness,forwardness,[],hz-014376,entry_candidate,raw_ocr,medium,3,627,,dictionary/F/F-06.md,hz-014376-forwardness,sources/Hezareh_Dictionary_Index/source/Hezareh_Part_03_PDF_0501-0750.md#L14589-L14592,True
forwardS,forwards,forwards,[],hz-014377,entry_candidate,raw_ocr,high,3,627,,dictionary/F/F-06.md,hz-014377-forwards,sources/Hezareh_Dictionary_Index/source/Hezareh_Part_03_PDF_0501-0750.md#L14593-L14594,True
fosse,fosse,fosse,[],hz-014378,entry_candidate,raw_ocr,high,3,627,,dictionary/F/F-06.md,hz-014378-fosse,sources/Hezareh_Dictionary_Index/source/Hezareh_Part_03_PDF_0501-0750.md#L14595-L14598,True
fossil,fossil,fossil,[],hz-014379,entry_candidate,raw_ocr,medium,3,627,,dictionary/F/F-06.md,hz-014379-fossil,sources/Hezareh_Dictionary_Index/source/Hezareh_Part_03_PDF_0501-0750.md#L14599-L14600,True
fossil fuel,fossil fuel,fossil fuel,[],hz-014380,entry_candidate,raw_ocr,medium,3,627,,dictionary/F/F-06.md,hz-014380-fossil-fuel,sources/Hezareh_Dictionary_Index/source/Hezareh_Part_03_PDF_0501-0750.md#L14599-L14600,True
fossilisation,fossilisation,fossilisation,[],hz-014381,entry_candidate,raw_ocr,high,3,627,,dictionary/F/F-06.md,hz-014381-fossilisation,sources/Hezareh_Dictionary_Index/source/Hezareh_Part_03_PDF_0501-0750.md#L14601-L14602,True
fossilise,fossilise,fossilise,[],hz-014382,entry_candidate,raw_ocr,high,3,627,,dictionary/F/F-06.md,hz-014382-fossilise,sources/Hezareh_Dictionary_Index/source/Hezareh_Part_03_PDF_0501-0750.md#L14603-L14603,True
fossilization,fossilization,fossilization,[],hz-014383,entry_candidate,raw_ocr,high,3,627,,dictionary/F/F-06.md,hz-014383-fossilization,sources/Hezareh_Dictionary_Index/source/Hezareh_Part_03_PDF_0501-0750.md#L14604-L14605,True
fossilize,fossilize,fossilize,[],hz-014384,entry_candidate,raw_ocr,medium,3,627,,dictionary/F/F-06.md,hz-014384-fossilize,sources/Hezareh_Dictionary_Index/source/Hezareh_Part_03_PDF_0501-0750.md#L14606-L14610,True
foster,foster,foster,[],hz-014385,entry_candidate,raw_ocr,medium,3,627,,dictionary/F/F-06.md,hz-014385-foster,sources/Hezareh_Dictionary_Index/source/Hezareh_Part_03_PDF_0501-0750.md#L14611-L14620,True
foster-,foster-,foster-,[],hz-038800,entry_candidate,raw_ocr,medium,8,1962,,dictionary/F/F-06.md,hz-038800-foster,sources/Hezareh_Dictionary_Index/source/Hezareh_Part_08_PDF_1751-1976.md#L24880-L24881,True
foster-brother,foster-brother,foster-brother,[],hz-014386,entry_candidate,raw_ocr,low,3,627,,dictionary/F/F-06.md,hz-014386-foster-brother,sources/Hezareh_Dictionary_Index/source/Hezareh_Part_03_PDF_0501-0750.md#L14621-L14622,True
foster-child,foster-child,foster-child,[],hz-014387,entry_candidate,raw_ocr,medium,3,627,,dictionary/F/F-06.md,hz-014387-foster-child,sources/Hezareh_Dictionary_Index/source/Hezareh_Part_03_PDF_0501-0750.md#L14623-L14623,True
foster-father,foster-father,foster-father,[],hz-014388,entry_candidate,raw_ocr,high,3,627,,dictionary/F/F-06.md,hz-014388-foster-father,sources/Hezareh_Dictionary_Index/source/Hezareh_Part_03_PDF_0501-0750.md#L14624-L14627,True
foster-parents,foster-parents,foster-parents,[],hz-014389,entry_candidate,raw_ocr,medium,3,627,,dictionary/F/F-06.md,hz-014389-foster-parents,sources/Hezareh_Dictionary_Index/source/Hezareh_Part_03_PDF_0501-0750.md#L14628-L14629,True
foster-sister,foster-sister,foster-sister,[],hz-014390,entry_candidate,raw_ocr,high,3,627,,dictionary/F/F-06.md,hz-014390-foster-sister,sources/Hezareh_Dictionary_Index/source/Hezareh_Part_03_PDF_0501-0750.md#L14630-L14631,True
fought,fought,fought,[],hz-014391,entry_candidate,raw_ocr,medium,3,627,,dictionary/F/F-07.md,hz-014391-fought,sources/Hezareh_Dictionary_Index/source/Hezareh_Part_03_PDF_0501-0750.md#L14632-L14657,True
foul play,foul play,foul play,[],hz-014395,entry_candidate,raw_ocr,medium,3,628,,dictionary/F/F-07.md,hz-014395-foul-play,sources/Hezareh_Dictionary_Index/source/Hezareh_Part_03_PDF_0501-0750.md#L14679-L14680,True
foul-mouthed,foul-mouthed,foul-mouthed,[],hz-014393,entry_candidate,raw_ocr,medium,3,627,,dictionary/F/F-07.md,hz-014393-foul-mouthed,sources/Hezareh_Dictionary_Index/source/Hezareh_Part_03_PDF_0501-0750.md#L14660-L14661,True
foul-smelling,foul-smelling,foul-smelling,[],hz-014396,entry_candidate,raw_ocr,medium,3,628,,dictionary/F/F-07.md,hz-014396-foul-smelling,sources/Hezareh_Dictionary_Index/source/Hezareh_Part_03_PDF_0501-0750.md#L14681-L14681,True
foul-spoken,foul-spoken,foul-spoken,[],hz-014397,entry_candidate,raw_ocr,high,3,628,,dictionary/F/F-07.md,hz-014397-foul-spoken,sources/Hezareh_Dictionary_Index/source/Hezareh_Part_03_PDF_0501-0750.md#L14682-L14682,True
foul-up,foul-up,foul-up,[],hz-014398,entry_candidate,raw_ocr,medium,3,628,,dictionary/F/F-07.md,hz-014398-foul-up,sources/Hezareh_Dictionary_Index/source/Hezareh_Part_03_PDF_0501-0750.md#L14683-L14707,True
foully,foully,foully,[],hz-014392,entry_candidate,raw_ocr,low,3,627,,dictionary/F/F-07.md,hz-014392-foully,sources/Hezareh_Dictionary_Index/source/Hezareh_Part_03_PDF_0501-0750.md#L14658-L14659,True
foulness,foulness,foulness,[],hz-014394,entry_candidate,raw_ocr,medium,3,627,,dictionary/F/F-07.md,hz-014394-foulness,sources/Hezareh_Dictionary_Index/source/Hezareh_Part_03_PDF_0501-0750.md#L14662-L14665,True
foundation,foundation,foundation,[],hz-014399,entry_candidate,raw_ocr,high,3,628,,dictionary/F/F-07.md,hz-014399-foundation,sources/Hezareh_Dictionary_Index/source/Hezareh_Part_03_PDF_0501-0750.md#L14708-L14709,True
foundation cream,foundation cream,foundation cream,[],hz-014400,entry_candidate,raw_ocr,high,3,628,,dictionary/F/F-07.md,hz-014400-foundation-cream,sources/Hezareh_Dictionary_Index/source/Hezareh_Part_03_PDF_0501-0750.md#L14708-L14709,True
foundation garment,foundation garment,foundation garment,[],hz-014401,entry_candidate,raw_ocr,high,3,628,,dictionary/F/F-07.md,hz-014401-foundation-garment,sources/Hezareh_Dictionary_Index/source/Hezareh_Part_03_PDF_0501-0750.md#L14710-L14711,True
foundation-stone,foundation-stone,foundation-stone,[],hz-014402,entry_candidate,raw_ocr,medium,3,628,,dictionary/F/F-07.md,hz-014402-foundation-stone,sources/Hezareh_Dictionary_Index/source/Hezareh_Part_03_PDF_0501-0750.md#L14712-L14721,True
founder member,founder member,founder member,[],hz-014403,entry_candidate,raw_ocr,high,3,628,,dictionary/F/F-07.md,hz-014403-founder-member,sources/Hezareh_Dictionary_Index/source/Hezareh_Part_03_PDF_0501-0750.md#L14722-L14735,True
founding,founding,founding,[],hz-014404,entry_candidate,raw_ocr,high,3,628,,dictionary/F/F-07.md,hz-014404-founding,sources/Hezareh_Dictionary_Index/source/Hezareh_Part_03_PDF_0501-0750.md#L14736-L14737,True
Founding Father,founding father,founding father,[],hz-014405,entry_candidate,raw_ocr,high,3,628,,dictionary/F/F-07.md,hz-014405-founding-father,sources/Hezareh_Dictionary_Index/source/Hezareh_Part_03_PDF_0501-0750.md#L14736-L14737,True
foundling,foundling,foundling,[],hz-014406,entry_candidate,raw_ocr,high,3,628,,dictionary/F/F-07.md,hz-014406-foundling,sources/Hezareh_Dictionary_Index/source/Hezareh_Part_03_PDF_0501-0750.md#L14738-L14741,True
foundresst'faundns,foundresst'faundns,foundresst'faundns,[],hz-014407,entry_candidate,raw_ocr,hint_only,3,628,,dictionary/F/F-07.md,hz-014407-foundresst-faundns,sources/Hezareh_Dictionary_Index/source/Hezareh_Part_03_PDF_0501-0750.md#L14669-L14669,False
foundry,foundry,foundry,[],hz-014408,entry_candidate,raw_ocr,high,3,628,,dictionary/F/F-07.md,hz-014408-foundry,sources/Hezareh_Dictionary_Index/source/Hezareh_Part_03_PDF_0501-0750.md#L14742-L14743,True
fount,fount,fount,[],hz-014409,entry_candidate,raw_ocr,high,3,628,,dictionary/F/F-07.md,hz-014409-fount,sources/Hezareh_Dictionary_Index/source/Hezareh_Part_03_PDF_0501-0750.md#L14744-L14746,True
fountain,fountain,fountain,[],hz-014410,entry_candidate,raw_ocr,high,3,628,,dictionary/F/F-07.md,hz-014410-fountain,sources/Hezareh_Dictionary_Index/source/Hezareh_Part_03_PDF_0501-0750.md#L14747-L14748,True
fountain-head,fountain-head,fountain-head,[],hz-014411,entry_candidate,raw_ocr,high,3,628,,dictionary/F/F-07.md,hz-014411-fountain-head,sources/Hezareh_Dictionary_Index/source/Hezareh_Part_03_PDF_0501-0750.md#L14749-L14762,True
four,four,four,[],hz-038858,entry_candidate,raw_ocr,high,8,1971,,dictionary/F/F-07.md,hz-038858-four,sources/Hezareh_Dictionary_Index/source/Hezareh_Part_08_PDF_1751-1976.md#L25715-L25716,True
four-door,four-door,four-door,[],hz-014412,entry_candidate,raw_ocr,high,3,628,,dictionary/F/F-07.md,hz-014412-four-door,sources/Hezareh_Dictionary_Index/source/Hezareh_Part_03_PDF_0501-0750.md#L14763-L14767,True
four-engined,four-engined,four-engined,[],hz-014413,entry_candidate,raw_ocr,hint_only,3,628,,dictionary/F/F-07.md,hz-014413-four-engined,sources/Hezareh_Dictionary_Index/source/Hezareh_Part_03_PDF_0501-0750.md#L14669-L14669,False
four-figure,four-figure,four-figure,[],hz-014414,entry_candidate,raw_ocr,high,3,628,,dictionary/F/F-07.md,hz-014414-four-figure,sources/Hezareh_Dictionary_Index/source/Hezareh_Part_03_PDF_0501-0750.md#L14768-L14769,True
four-footed,four-footed,four-footed,[],hz-014417,entry_candidate,raw_ocr,high,3,628,,dictionary/F/F-07.md,hz-014417-four-footed,sources/Hezareh_Dictionary_Index/source/Hezareh_Part_03_PDF_0501-0750.md#L14773-L14779,True
four-in-hand,four-in-hand,four-in-hand,[],hz-014418,entry_candidate,raw_ocr,high,3,629,,dictionary/F/F-07.md,hz-014418-four-in-hand,sources/Hezareh_Dictionary_Index/source/Hezareh_Part_03_PDF_0501-0750.md#L14793-L14794,True
four-letter word,four-letter word,four-letter word,[],hz-014419,entry_candidate,raw_ocr,high,3,629,,dictionary/F/F-07.md,hz-014419-four-letter-word,sources/Hezareh_Dictionary_Index/source/Hezareh_Part_03_PDF_0501-0750.md#L14795-L14796,True
four-o'clock,four-o'clock,four-o'clock,[],hz-014420,entry_candidate,raw_ocr,high,3,629,,dictionary/F/F-07.md,hz-014420-four-o-clock,sources/Hezareh_Dictionary_Index/source/Hezareh_Part_03_PDF_0501-0750.md#L14797-L14799,True
four-ply,four-ply,four-ply,[],hz-014424,entry_candidate,raw_ocr,high,3,629,,dictionary/F/F-07.md,hz-014424-four-ply,sources/Hezareh_Dictionary_Index/source/Hezareh_Part_03_PDF_0501-0750.md#L14802-L14803,True
four-poster bed,four-poster bed,four-poster bed,[],hz-014425,entry_candidate,raw_ocr,high,3,629,,dictionary/F/F-07.md,hz-014425-four-poster-bed,sources/Hezareh_Dictionary_Index/source/Hezareh_Part_03_PDF_0501-0750.md#L14804-L14805,True
four-wheel drive,four-wheel drive,four-wheel drive,[],hz-014433,entry_candidate,raw_ocr,high,3,629,,dictionary/F/F-07.md,hz-014433-four-wheel-drive,sources/Hezareh_Dictionary_Index/source/Hezareh_Part_03_PDF_0501-0750.md#L14828-L14829,True
four-wheeler,four-wheeler,four-wheeler,[],hz-014434,entry_candidate,raw_ocr,high,3,629,,dictionary/F/F-07.md,hz-014434-four-wheeler,sources/Hezareh_Dictionary_Index/source/Hezareh_Part_03_PDF_0501-0750.md#L14830-L14831,True
fourflusher,fourflusher,fourflusher,[],hz-014415,entry_candidate,raw_ocr,high,3,628,,dictionary/F/F-07.md,hz-014415-fourflusher,sources/Hezareh_Dictionary_Index/source/Hezareh_Part_03_PDF_0501-0750.md#L14770-L14772,True
fourfoldt'fafould,fourfoldt'fafould,fourfoldt'fafould,[],hz-014416,entry_candidate,raw_ocr,hint_only,3,628,,dictionary/F/F-07.md,hz-014416-fourfoldt-fafould,sources/Hezareh_Dictionary_Index/source/Hezareh_Part_03_PDF_0501-0750.md#L14669-L14669,False
fourpence,fourpence,fourpence,[],hz-014422,entry_candidate,raw_ocr,high,3,629,,dictionary/F/F-07.md,hz-014422-fourpence,sources/Hezareh_Dictionary_Index/source/Hezareh_Part_03_PDF_0501-0750.md#L14800-L14800,True
fourpenny,fourpenny,fourpenny,[],hz-014423,entry_candidate,raw_ocr,high,3,629,,dictionary/F/F-07.md,hz-014423-fourpenny,sources/Hezareh_Dictionary_Index/source/Hezareh_Part_03_PDF_0501-0750.md#L14801-L14801,True
fourscore,fourscore,fourscore,[],hz-014426,entry_candidate,raw_ocr,high,3,629,,dictionary/F/F-07.md,hz-014426-fourscore,sources/Hezareh_Dictionary_Index/source/Hezareh_Part_03_PDF_0501-0750.md#L14806-L14808,True
foursome,foursome,foursome,[],hz-014427,entry_candidate,raw_ocr,high,3,629,,dictionary/F/F-07.md,hz-014427-foursome,sources/Hezareh_Dictionary_Index/source/Hezareh_Part_03_PDF_0501-0750.md#L14809-L14817,True
fourteen,fourteen,fourteen,[],hz-014428,entry_candidate,raw_ocr,hint_only,3,629,,dictionary/F/F-07.md,hz-014428-fourteen,sources/Hezareh_Dictionary_Index/source/Hezareh_Part_03_PDF_0501-0750.md#L14783-L14783,False
fourteen,fourteen,fourteen,[],hz-038867,entry_candidate,raw_ocr,high,8,1971,,dictionary/F/F-07.md,hz-038867-fourteen,sources/Hezareh_Dictionary_Index/source/Hezareh_Part_08_PDF_1751-1976.md#L25731-L25731,True
fourteenth,fourteenth,fourteenth,[],hz-014429,entry_candidate,raw_ocr,high,3,629,,dictionary/F/F-07.md,hz-014429-fourteenth,sources/Hezareh_Dictionary_Index/source/Hezareh_Part_03_PDF_0501-0750.md#L14818-L14819,True
fourteenth,fourteenth,fourteenth,[],hz-038897,entry_candidate,raw_ocr,high,8,1971,,dictionary/F/F-07.md,hz-038897-fourteenth,sources/Hezareh_Dictionary_Index/source/Hezareh_Part_08_PDF_1751-1976.md#L25797-L25798,True
fourth,fourth,fourth,[],hz-014436,entry_candidate,raw_ocr,high,3,629,,dictionary/F/F-07.md,hz-014436-fourth,sources/Hezareh_Dictionary_Index/source/Hezareh_Part_03_PDF_0501-0750.md#L14820-L14821,True
fourth,fourth,fourth,[],hz-038887,entry_candidate,raw_ocr,high,8,1971,,dictionary/F/F-07.md,hz-038887-fourth,sources/Hezareh_Dictionary_Index/source/Hezareh_Part_08_PDF_1751-1976.md#L25787-L25787,True
fourth dimension,fourth dimension,fourth dimension,[],hz-014430,entry_candidate,raw_ocr,high,3,629,,dictionary/F/F-07.md,hz-014430-fourth-dimension,sources/Hezareh_Dictionary_Index/source/Hezareh_Part_03_PDF_0501-0750.md#L14822-L14822,True
fourth estate,fourth estate,fourth estate,[],hz-014431,entry_candidate,raw_ocr,high,3,629,,dictionary/F/F-07.md,hz-014431-fourth-estate,sources/Hezareh_Dictionary_Index/source/Hezareh_Part_03_PDF_0501-0750.md#L14823-L14825,True
Fourth of July,fourth of july,fourth of july,[],hz-014432,entry_candidate,raw_ocr,high,3,629,,dictionary/F/F-07.md,hz-014432-fourth-of-july,sources/Hezareh_Dictionary_Index/source/Hezareh_Part_03_PDF_0501-0750.md#L14826-L14827,True
fowl,fowl,fowl,[],hz-014435,entry_candidate,raw_ocr,high,3,629,,dictionary/F/F-07.md,hz-014435-fowl,sources/Hezareh_Dictionary_Index/source/Hezareh_Part_03_PDF_0501-0750.md#L14832-L14843,True
fowl-pest,fowl-pest,fowl-pest,[],hz-014439,entry_candidate,raw_ocr,medium,3,629,,dictionary/F/F-07.md,hz-014439-fowl-pest,sources/Hezareh_Dictionary_Index/source/Hezareh_Part_03_PDF_0501-0750.md#L14847-L14847,True
fowl-run,fowl-run,fowl-run,[],hz-014440,entry_candidate,raw_ocr,medium,3,629,,dictionary/F/F-07.md,hz-014440-fowl-run,sources/Hezareh_Dictionary_Index/source/Hezareh_Part_03_PDF_0501-0750.md#L14848-L14854,True
fowler,fowler,fowler,[],hz-014437,entry_candidate,raw_ocr,medium,3,629,,dictionary/F/F-07.md,hz-014437-fowler,sources/Hezareh_Dictionary_Index/source/Hezareh_Part_03_PDF_0501-0750.md#L14844-L14844,True
fowling-piece,fowling-piece,fowling-piece,[],hz-014438,entry_candidate,raw_ocr,high,3,629,,dictionary/F/F-07.md,hz-014438-fowling-piece,sources/Hezareh_Dictionary_Index/source/Hezareh_Part_03_PDF_0501-0750.md#L14845-L14846,True
fOX,fox,fox,[],hz-014441,entry_candidate,raw_ocr,medium,3,629,,dictionary/F/F-07.md,hz-014441-fox,sources/Hezareh_Dictionary_Index/source/Hezareh_Part_03_PDF_0501-0750.md#L14855-L14856,True
fox cub,fox cub,fox cub,[],hz-014442,entry_candidate,raw_ocr,medium,3,629,,dictionary/F/F-07.md,hz-014442-fox-cub,sources/Hezareh_Dictionary_Index/source/Hezareh_Part_03_PDF_0501-0750.md#L14855-L14856,True
fox-hunting,fox-hunting,fox-hunting,[],hz-014448,entry_candidate,raw_ocr,medium,3,629,,dictionary/F/F-07.md,hz-014448-fox-hunting,sources/Hezareh_Dictionary_Index/source/Hezareh_Part_03_PDF_0501-0750.md#L14864-L14864,True
fox-terrier,fox-terrier,fox-terrier,[],hz-014449,entry_candidate,raw_ocr,medium,3,629,,dictionary/F/F-07.md,hz-014449-fox-terrier,sources/Hezareh_Dictionary_Index/source/Hezareh_Part_03_PDF_0501-0750.md#L14865-L14866,True
foxed,foxed,foxed,[],hz-014443,entry_candidate,raw_ocr,high,3,629,,dictionary/F/F-07.md,hz-014443-foxed,sources/Hezareh_Dictionary_Index/source/Hezareh_Part_03_PDF_0501-0750.md#L14857-L14857,True
foxglove,foxglove,foxglove,[],hz-014444,entry_candidate,raw_ocr,medium,3,629,,dictionary/F/F-07.md,hz-014444-foxglove,sources/Hezareh_Dictionary_Index/source/Hezareh_Part_03_PDF_0501-0750.md#L14858-L14858,True
foxhole,foxhole,foxhole,[],hz-014445,entry_candidate,raw_ocr,medium,3,629,,dictionary/F/F-07.md,hz-014445-foxhole,sources/Hezareh_Dictionary_Index/source/Hezareh_Part_03_PDF_0501-0750.md#L14859-L14859,True
foxhound,foxhound,foxhound,[],hz-014446,entry_candidate,raw_ocr,medium,3,629,,dictionary/F/F-07.md,hz-014446-foxhound,sources/Hezareh_Dictionary_Index/source/Hezareh_Part_03_PDF_0501-0750.md#L14860-L14861,True
foxhunt,foxhunt,foxhunt,[],hz-014447,entry_candidate,raw_ocr,medium,3,629,,dictionary/F/F-07.md,hz-014447-foxhunt,sources/Hezareh_Dictionary_Index/source/Hezareh_Part_03_PDF_0501-0750.md#L14862-L14863,True
foxtrot,foxtrot,foxtrot,[],hz-014450,entry_candidate,raw_ocr,medium,3,629,,dictionary/F/F-07.md,hz-014450-foxtrot,sources/Hezareh_Dictionary_Index/source/Hezareh_Part_03_PDF_0501-0750.md#L14867-L14868,True
foxy,foxy,foxy,[],hz-014451,entry_candidate,raw_ocr,medium,3,629,,dictionary/F/F-07.md,hz-014451-foxy,sources/Hezareh_Dictionary_Index/source/Hezareh_Part_03_PDF_0501-0750.md#L14869-L14871,True
foyer,foyer,foyer,[],hz-014452,entry_candidate,raw_ocr,medium,3,629,,dictionary/F/F-07.md,hz-014452-foyer,sources/Hezareh_Dictionary_Index/source/Hezareh_Part_03_PDF_0501-0750.md#L14872-L14878,True
FPA,fpa,fpa,[],hz-014453,entry_candidate,raw_ocr,hint_only,3,629,,dictionary/F/F-07.md,hz-014453-fpa,sources/Hezareh_Dictionary_Index/source/Hezareh_Part_03_PDF_0501-0750.md#L14783-L14783,False
fr I frreQk,fr i frreqk,fr i frreqk,[],hz-014454,entry_candidate,raw_ocr,hint_only,3,629,,dictionary/F/F-07.md,hz-014454-fr-i-frreqk,sources/Hezareh_Dictionary_Index/source/Hezareh_Part_03_PDF_0501-0750.md#L14783-L14783,False
fracas,fracas,fracas,[],hz-014455,entry_candidate,raw_ocr,high,3,629,,dictionary/F/F-07.md,hz-014455-fracas,sources/Hezareh_Dictionary_Index/source/Hezareh_Part_03_PDF_0501-0750.md#L14879-L14881,True
fraction,fraction,fraction,[],hz-014456,entry_candidate,raw_ocr,medium,3,629,,dictionary/F/F-07.md,hz-014456-fraction,sources/Hezareh_Dictionary_Index/source/Hezareh_Part_03_PDF_0501-0750.md#L14882-L14887,True
fractional,fractional,fractional,[],hz-014457,entry_candidate,raw_ocr,low,3,629,,dictionary/F/F-07.md,hz-014457-fractional,sources/Hezareh_Dictionary_Index/source/Hezareh_Part_03_PDF_0501-0750.md#L14888-L14888,True
fractionally,fractionally,fractionally,[],hz-014458,entry_candidate,raw_ocr,medium,3,629,,dictionary/F/F-07.md,hz-014458-fractionally,sources/Hezareh_Dictionary_Index/source/Hezareh_Part_03_PDF_0501-0750.md#L14889-L14891,True
fractious,fractious,fractious,[],hz-014459,entry_candidate,raw_ocr,medium,3,630,,dictionary/F/F-07.md,hz-014459-fractious,sources/Hezareh_Dictionary_Index/source/Hezareh_Part_03_PDF_0501-0750.md#L14905-L14906,True
fractiously,fractiously,fractiously,[],hz-014460,entry_candidate,raw_ocr,medium,3,630,,dictionary/F/F-07.md,hz-014460-fractiously,sources/Hezareh_Dictionary_Index/source/Hezareh_Part_03_PDF_0501-0750.md#L14907-L14907,True
fractiousneSS,fractiousness,fractiousness,[],hz-014461,entry_candidate,raw_ocr,medium,3,630,,dictionary/F/F-07.md,hz-014461-fractiousness,sources/Hezareh_Dictionary_Index/source/Hezareh_Part_03_PDF_0501-0750.md#L14908-L14914,True
fracture,fracture,fracture,[],hz-014462,entry_candidate,raw_ocr,low,3,630,,dictionary/F/F-07.md,hz-014462-fracture,sources/Hezareh_Dictionary_Index/source/Hezareh_Part_03_PDF_0501-0750.md#L14915-L14917,True
fragile,fragile,fragile,[],hz-014463,entry_candidate,raw_ocr,medium,3,630,,dictionary/F/F-07.md,hz-014463-fragile,sources/Hezareh_Dictionary_Index/source/Hezareh_Part_03_PDF_0501-0750.md#L14918-L14921,True
fragility,fragility,fragility,[],hz-014464,entry_candidate,raw_ocr,medium,3,630,,dictionary/F/F-07.md,hz-014464-fragility,sources/Hezareh_Dictionary_Index/source/Hezareh_Part_03_PDF_0501-0750.md#L14922-L14932,True
fragmentary,fragmentary,fragmentary,[],hz-014465,entry_candidate,raw_ocr,medium,3,630,,dictionary/F/F-07.md,hz-014465-fragmentary,sources/Hezareh_Dictionary_Index/source/Hezareh_Part_03_PDF_0501-0750.md#L14933-L14937,True
fragmentation,fragmentation,fragmentation,[],hz-014466,entry_candidate,raw_ocr,high,3,630,,dictionary/F/F-07.md,hz-014466-fragmentation,sources/Hezareh_Dictionary_Index/source/Hezareh_Part_03_PDF_0501-0750.md#L14938-L14939,True
fragrance,fragrance,fragrance,[],hz-014467,entry_candidate,raw_ocr,medium,3,630,,dictionary/F/F-07.md,hz-014467-fragrance,sources/Hezareh_Dictionary_Index/source/Hezareh_Part_03_PDF_0501-0750.md#L14940-L14941,True
fragrant,fragrant,fragrant,[],hz-014468,entry_candidate,raw_ocr,medium,3,630,,dictionary/F/F-07.md,hz-014468-fragrant,sources/Hezareh_Dictionary_Index/source/Hezareh_Part_03_PDF_0501-0750.md#L14942-L14943,True
fragrantly,fragrantly,fragrantly,[],hz-014469,entry_candidate,raw_ocr,low,3,630,,dictionary/F/F-07.md,hz-014469-fragrantly,sources/Hezareh_Dictionary_Index/source/Hezareh_Part_03_PDF_0501-0750.md#L14944-L14945,True
frail,frail,frail,[],hz-014470,entry_candidate,raw_ocr,medium,3,630,,dictionary/F/F-07.md,hz-014470-frail,sources/Hezareh_Dictionary_Index/source/Hezareh_Part_03_PDF_0501-0750.md#L14946-L14956,True
frailty,frailty,frailty,[],hz-014471,entry_candidate,raw_ocr,high,3,630,,dictionary/F/F-07.md,hz-014471-frailty,sources/Hezareh_Dictionary_Index/source/Hezareh_Part_03_PDF_0501-0750.md#L14957-L14988,True
frame aerial,frame aerial,frame aerial,[],hz-014472,entry_candidate,raw_ocr,high,3,630,,dictionary/F/F-07.md,hz-014472-frame-aerial,sources/Hezareh_Dictionary_Index/source/Hezareh_Part_03_PDF_0501-0750.md#L14989-L14990,True
frame of mind,frame of mind,frame of mind,[],hz-014474,entry_candidate,raw_ocr,high,3,630,,dictionary/F/F-07.md,hz-014474-frame-of-mind,sources/Hezareh_Dictionary_Index/source/Hezareh_Part_03_PDF_0501-0750.md#L14991-L14992,True
frame of reference,frame of reference,frame of reference,[],hz-014475,entry_candidate,raw_ocr,high,3,630,,dictionary/F/F-07.md,hz-014475-frame-of-reference,sources/Hezareh_Dictionary_Index/source/Hezareh_Part_03_PDF_0501-0750.md#L14993-L14994,True
frame-house,frame-house,frame-house,[],hz-014473,entry_candidate,raw_ocr,hint_only,3,630,,dictionary/F/F-07.md,hz-014473-frame-house,sources/Hezareh_Dictionary_Index/source/Hezareh_Part_03_PDF_0501-0750.md#L14895-L14895,False
frame-up,frame-up,frame-up,[],hz-014476,entry_candidate,raw_ocr,high,3,630,,dictionary/F/F-07.md,hz-014476-frame-up,sources/Hezareh_Dictionary_Index/source/Hezareh_Part_03_PDF_0501-0750.md#L14995-L14997,True
framework,framework,framework,[],hz-014477,entry_candidate,raw_ocr,high,3,630,,dictionary/F/F-07.md,hz-014477-framework,sources/Hezareh_Dictionary_Index/source/Hezareh_Part_03_PDF_0501-0750.md#L14998-L15005,True
France,france,france,[],hz-014478,entry_candidate,raw_ocr,medium,3,631,,dictionary/F/F-07.md,hz-014478-france,sources/Hezareh_Dictionary_Index/source/Hezareh_Part_03_PDF_0501-0750.md#L15020-L15025,True
franchisee,franchisee,franchisee,[],hz-014479,entry_candidate,raw_ocr,medium,3,631,,dictionary/F/F-07.md,hz-014479-franchisee,sources/Hezareh_Dictionary_Index/source/Hezareh_Part_03_PDF_0501-0750.md#L15026-L15027,True
Franciscan,franciscan,franciscan,[],hz-014480,entry_candidate,raw_ocr,medium,3,631,,dictionary/F/F-07.md,hz-014480-franciscan,sources/Hezareh_Dictionary_Index/source/Hezareh_Part_03_PDF_0501-0750.md#L15028-L15030,True
Franco-,franco-,franco-,[],hz-014481,entry_candidate,raw_ocr,medium,3,631,,dictionary/F/F-07.md,hz-014481-franco,sources/Hezareh_Dictionary_Index/source/Hezareh_Part_03_PDF_0501-0750.md#L15031-L15032,True
Franco-,franco-,franco-,[],hz-038801,entry_candidate,raw_ocr,medium,8,1962,,dictionary/F/F-07.md,hz-038801-franco,sources/Hezareh_Dictionary_Index/source/Hezareh_Part_08_PDF_1751-1976.md#L24882-L24884,True
francophile,francophile,francophile,[],hz-014482,entry_candidate,raw_ocr,medium,3,631,,dictionary/F/F-07.md,hz-014482-francophile,sources/Hezareh_Dictionary_Index/source/Hezareh_Part_03_PDF_0501-0750.md#L15033-L15038,True
frank,frank,frank,[],hz-014483,entry_candidate,raw_ocr,medium,3,631,,dictionary/F/F-07.md,hz-014483-frank,sources/Hezareh_Dictionary_Index/source/Hezareh_Part_03_PDF_0501-0750.md#L15039-L15047,True
frankfurter,frankfurter,frankfurter,[],hz-014484,entry_candidate,raw_ocr,medium,3,631,,dictionary/F/F-07.md,hz-014484-frankfurter,sources/Hezareh_Dictionary_Index/source/Hezareh_Part_03_PDF_0501-0750.md#L15048-L15050,True
frankincense,frankincense,frankincense,[],hz-014485,entry_candidate,raw_ocr,hint_only,3,631,,dictionary/F/F-07.md,hz-014485-frankincense,sources/Hezareh_Dictionary_Index/source/Hezareh_Part_03_PDF_0501-0750.md#L15009-L15009,False
franking-machine,franking-machine,franking-machine,[],hz-014486,entry_candidate,raw_ocr,medium,3,631,,dictionary/F/F-07.md,hz-014486-franking-machine,sources/Hezareh_Dictionary_Index/source/Hezareh_Part_03_PDF_0501-0750.md#L15051-L15051,True
Frankish,frankish,frankish,[],hz-014487,entry_candidate,raw_ocr,medium,3,631,,dictionary/F/F-07.md,hz-014487-frankish,sources/Hezareh_Dictionary_Index/source/Hezareh_Part_03_PDF_0501-0750.md#L15052-L15053,True
franklin,franklin,franklin,[],hz-014488,entry_candidate,raw_ocr,medium,3,631,,dictionary/F/F-07.md,hz-014488-franklin,sources/Hezareh_Dictionary_Index/source/Hezareh_Part_03_PDF_0501-0750.md#L15054-L15055,True
frankly,frankly,frankly,[],hz-014489,entry_candidate,raw_ocr,medium,3,631,,dictionary/F/F-07.md,hz-014489-frankly,sources/Hezareh_Dictionary_Index/source/Hezareh_Part_03_PDF_0501-0750.md#L15056-L15061,True
frantic,frantic,frantic,[],hz-014490,entry_candidate,raw_ocr,medium,3,631,,dictionary/F/F-07.md,hz-014490-frantic,sources/Hezareh_Dictionary_Index/source/Hezareh_Part_03_PDF_0501-0750.md#L15062-L15074,True
frantically,frantically,frantically,[],hz-014491,entry_candidate,raw_ocr,low,3,631,,dictionary/F/F-07.md,hz-014491-frantically,sources/Hezareh_Dictionary_Index/source/Hezareh_Part_03_PDF_0501-0750.md#L15075-L15076,True
fraternal,fraternal,fraternal,[],hz-014492,entry_candidate,raw_ocr,medium,3,631,,dictionary/F/F-07.md,hz-014492-fraternal,sources/Hezareh_Dictionary_Index/source/Hezareh_Part_03_PDF_0501-0750.md#L15077-L15078,True
fraternally,fraternally,fraternally,[],hz-014493,entry_candidate,raw_ocr,medium,3,631,,dictionary/F/F-07.md,hz-014493-fraternally,sources/Hezareh_Dictionary_Index/source/Hezareh_Part_03_PDF_0501-0750.md#L15079-L15080,True
fraternisation,fraternisation,fraternisation,[],hz-014494,entry_candidate,raw_ocr,high,3,631,,dictionary/F/F-07.md,hz-014494-fraternisation,sources/Hezareh_Dictionary_Index/source/Hezareh_Part_03_PDF_0501-0750.md#L15081-L15082,True
fraternise,fraternise,fraternise,[],hz-014495,entry_candidate,raw_ocr,high,3,631,,dictionary/F/F-07.md,hz-014495-fraternise,sources/Hezareh_Dictionary_Index/source/Hezareh_Part_03_PDF_0501-0750.md#L15083-L15083,True
fraternity,fraternity,fraternity,[],hz-014496,entry_candidate,raw_ocr,high,3,631,,dictionary/F/F-07.md,hz-014496-fraternity,sources/Hezareh_Dictionary_Index/source/Hezareh_Part_03_PDF_0501-0750.md#L15084-L15087,True
fraternization,fraternization,fraternization,[],hz-014497,entry_candidate,raw_ocr,high,3,631,,dictionary/F/F-07.md,hz-014497-fraternization,sources/Hezareh_Dictionary_Index/source/Hezareh_Part_03_PDF_0501-0750.md#L15088-L15091,True
fratricidal,fratricidal,fratricidal,[],hz-014498,entry_candidate,raw_ocr,medium,3,631,,dictionary/F/F-07.md,hz-014498-fratricidal,sources/Hezareh_Dictionary_Index/source/Hezareh_Part_03_PDF_0501-0750.md#L15092-L15093,True
fratricide,fratricide,fratricide,[],hz-014499,entry_candidate,raw_ocr,medium,3,631,,dictionary/F/F-07.md,hz-014499-fratricide,sources/Hezareh_Dictionary_Index/source/Hezareh_Part_03_PDF_0501-0750.md#L15094-L15095,True
Frau,frau,frau,[],hz-014500,entry_candidate,raw_ocr,medium,3,631,,dictionary/F/F-07.md,hz-014500-frau,sources/Hezareh_Dictionary_Index/source/Hezareh_Part_03_PDF_0501-0750.md#L15096-L15097,True
fraud,fraud,fraud,[],hz-014501,entry_candidate,raw_ocr,medium,3,631,,dictionary/F/F-07.md,hz-014501-fraud,sources/Hezareh_Dictionary_Index/source/Hezareh_Part_03_PDF_0501-0750.md#L15098-L15101,True
fraudster,fraudster,fraudster,[],hz-014502,entry_candidate,raw_ocr,medium,3,631,,dictionary/F/F-07.md,hz-014502-fraudster,sources/Hezareh_Dictionary_Index/source/Hezareh_Part_03_PDF_0501-0750.md#L15102-L15103,True
fraudulence,fraudulence,fraudulence,[],hz-014503,entry_candidate,raw_ocr,medium,3,631,,dictionary/F/F-07.md,hz-014503-fraudulence,sources/Hezareh_Dictionary_Index/source/Hezareh_Part_03_PDF_0501-0750.md#L15104-L15106,True
fraudulent,fraudulent,fraudulent,[],hz-014504,entry_candidate,raw_ocr,medium,3,631,,dictionary/F/F-07.md,hz-014504-fraudulent,sources/Hezareh_Dictionary_Index/source/Hezareh_Part_03_PDF_0501-0750.md#L15107-L15109,True
fraudulently,fraudulently,fraudulently,[],hz-014505,entry_candidate,raw_ocr,high,3,631,,dictionary/F/F-07.md,hz-014505-fraudulently,sources/Hezareh_Dictionary_Index/source/Hezareh_Part_03_PDF_0501-0750.md#L15110-L15111,True
Frauen,frauen,frauen,[],hz-014506,entry_candidate,raw_ocr,high,3,631,,dictionary/F/F-07.md,hz-014506-frauen,sources/Hezareh_Dictionary_Index/source/Hezareh_Part_03_PDF_0501-0750.md#L15112-L15112,True
fraught,fraught,fraught,[],hz-014507,entry_candidate,raw_ocr,medium,3,631,,dictionary/F/F-07.md,hz-014507-fraught,sources/Hezareh_Dictionary_Index/source/Hezareh_Part_03_PDF_0501-0750.md#L15113-L15116,True
Fraulein,fraulein,fraulein,[],hz-014508,entry_candidate,raw_ocr,medium,3,632,,dictionary/F/F-07.md,hz-014508-fraulein,sources/Hezareh_Dictionary_Index/source/Hezareh_Part_03_PDF_0501-0750.md#L15132-L15181,True
frayed nerves,frayed nerves,frayed nerves,[],hz-014509,entry_candidate,raw_ocr,hint_only,3,632,,dictionary/F/F-07.md,hz-014509-frayed-nerves,sources/Hezareh_Dictionary_Index/source/Hezareh_Part_03_PDF_0501-0750.md#L15120-L15120,False
freak of nature,freak of nature,freak of nature,[],hz-014513,entry_candidate,raw_ocr,medium,3,632,,dictionary/F/F-07.md,hz-014513-freak-of-nature,sources/Hezareh_Dictionary_Index/source/Hezareh_Part_03_PDF_0501-0750.md#L15189-L15191,True
freak-out,freak-out,freak-out,[],hz-014514,entry_candidate,raw_ocr,low,3,632,,dictionary/F/F-07.md,hz-014514-freak-out,sources/Hezareh_Dictionary_Index/source/Hezareh_Part_03_PDF_0501-0750.md#L15192-L15192,True
freakish,freakish,freakish,[],hz-014510,entry_candidate,raw_ocr,high,3,632,,dictionary/F/F-07.md,hz-014510-freakish,sources/Hezareh_Dictionary_Index/source/Hezareh_Part_03_PDF_0501-0750.md#L15182-L15183,True
freakishly,freakishly,freakishly,[],hz-014511,entry_candidate,raw_ocr,low,3,632,,dictionary/F/F-07.md,hz-014511-freakishly,sources/Hezareh_Dictionary_Index/source/Hezareh_Part_03_PDF_0501-0750.md#L15184-L15185,True
freakishness,freakishness,freakishness,[],hz-014512,entry_candidate,raw_ocr,high,3,632,,dictionary/F/F-07.md,hz-014512-freakishness,sources/Hezareh_Dictionary_Index/source/Hezareh_Part_03_PDF_0501-0750.md#L15186-L15188,True
freaky,freaky,freaky,[],hz-014515,entry_candidate,raw_ocr,high,3,632,,dictionary/F/F-07.md,hz-014515-freaky,sources/Hezareh_Dictionary_Index/source/Hezareh_Part_03_PDF_0501-0750.md#L15193-L15193,True
freckle,freckle,freckle,[],hz-014516,entry_candidate,raw_ocr,high,3,632,,dictionary/F/F-07.md,hz-014516-freckle,sources/Hezareh_Dictionary_Index/source/Hezareh_Part_03_PDF_0501-0750.md#L15194-L15196,True
freckled,freckled,freckled,[],hz-014517,entry_candidate,raw_ocr,high,3,632,,dictionary/F/F-07.md,hz-014517-freckled,sources/Hezareh_Dictionary_Index/source/Hezareh_Part_03_PDF_0501-0750.md#L15197-L15236,True
free,free,free,[],hz-014519,entry_candidate,raw_ocr,high,3,633,,dictionary/F/F-07.md,hz-014519-free,sources/Hezareh_Dictionary_Index/source/Hezareh_Part_03_PDF_0501-0750.md#L15329-L15329,True
free agent,free agent,free agent,[],hz-014520,entry_candidate,raw_ocr,medium,3,633,,dictionary/F/F-07.md,hz-014520-free-agent,sources/Hezareh_Dictionary_Index/source/Hezareh_Part_03_PDF_0501-0750.md#L15279-L15284,True
Free Church,free church,free church,[],hz-014522,entry_candidate,raw_ocr,medium,3,633,,dictionary/F/F-07.md,hz-014522-free-church,sources/Hezareh_Dictionary_Index/source/Hezareh_Part_03_PDF_0501-0750.md#L15287-L15287,True
free enterprise,free enterprise,free enterprise,[],hz-014527,entry_candidate,raw_ocr,medium,3,633,,dictionary/F/F-07.md,hz-014527-free-enterprise,sources/Hezareh_Dictionary_Index/source/Hezareh_Part_03_PDF_0501-0750.md#L15305-L15306,True
free fall,free fall,free fall,[],hz-014528,entry_candidate,raw_ocr,medium,3,633,,dictionary/F/F-07.md,hz-014528-free-fall,sources/Hezareh_Dictionary_Index/source/Hezareh_Part_03_PDF_0501-0750.md#L15307-L15307,True
free fight,free fight,free fight,[],hz-014529,entry_candidate,raw_ocr,medium,3,633,,dictionary/F/F-07.md,hz-014529-free-fight,sources/Hezareh_Dictionary_Index/source/Hezareh_Part_03_PDF_0501-0750.md#L15308-L15309,True
free floating,free floating,free floating,[],hz-014530,entry_candidate,raw_ocr,medium,3,633,,dictionary/F/F-07.md,hz-014530-free-floating,sources/Hezareh_Dictionary_Index/source/Hezareh_Part_03_PDF_0501-0750.md#L15310-L15310,True
free labor,free labor,free labor,[],hz-014538,entry_candidate,raw_ocr,high,3,633,,dictionary/F/F-07.md,hz-014538-free-labor,sources/Hezareh_Dictionary_Index/source/Hezareh_Part_03_PDF_0501-0750.md#L15329-L15329,True
free labour,free labour,free labour,[],hz-014537,entry_candidate,raw_ocr,low,3,633,,dictionary/F/F-07.md,hz-014537-free-labour,sources/Hezareh_Dictionary_Index/source/Hezareh_Part_03_PDF_0501-0750.md#L15327-L15328,True
free love,free love,free love,[],hz-014544,entry_candidate,raw_ocr,high,3,634,,dictionary/F/F-07.md,hz-014544-free-love,sources/Hezareh_Dictionary_Index/source/Hezareh_Part_03_PDF_0501-0750.md#L15364-L15364,True
free market,free market,free market,[],hz-014547,entry_candidate,raw_ocr,high,3,634,,dictionary/F/F-07.md,hz-014547-free-market,sources/Hezareh_Dictionary_Index/source/Hezareh_Part_03_PDF_0501-0750.md#L15377-L15377,True
free pass,free pass,free pass,[],hz-014554,entry_candidate,raw_ocr,high,3,634,,dictionary/F/F-07.md,hz-014554-free-pass,sources/Hezareh_Dictionary_Index/source/Hezareh_Part_03_PDF_0501-0750.md#L15382-L15384,True
free range,free range,free range,[],hz-014555,entry_candidate,raw_ocr,high,3,634,,dictionary/F/F-07.md,hz-014555-free-range,sources/Hezareh_Dictionary_Index/source/Hezareh_Part_03_PDF_0501-0750.md#L15385-L15386,True
free speech,free speech,free speech,[],hz-014549,entry_candidate,raw_ocr,high,3,634,,dictionary/F/F-07.md,hz-014549-free-speech,sources/Hezareh_Dictionary_Index/source/Hezareh_Part_03_PDF_0501-0750.md#L15388-L15392,True
free translation,free translation,free translation,[],hz-014558,entry_candidate,raw_ocr,high,3,634,,dictionary/F/F-07.md,hz-014558-free-translation,sources/Hezareh_Dictionary_Index/source/Hezareh_Part_03_PDF_0501-0750.md#L15416-L15417,True
free verse,free verse,free verse,[],hz-014559,entry_candidate,raw_ocr,high,3,634,,dictionary/F/F-07.md,hz-014559-free-verse,sources/Hezareh_Dictionary_Index/source/Hezareh_Part_03_PDF_0501-0750.md#L15418-L15419,True
free vote,free vote,free vote,[],hz-014560,entry_candidate,raw_ocr,high,3,634,,dictionary/F/F-07.md,hz-014560-free-vote,sources/Hezareh_Dictionary_Index/source/Hezareh_Part_03_PDF_0501-0750.md#L15420-L15423,True
free-fiver,free-fiver,free-fiver,[],hz-014541,entry_candidate,raw_ocr,hint_only,3,633,,dictionary/F/F-07.md,hz-014541-free-fiver,sources/Hezareh_Dictionary_Index/source/Hezareh_Part_03_PDF_0501-0750.md#L15240-L15240,False
free-for-all,free-for-all,free-for-all,[],hz-014532,entry_candidate,raw_ocr,medium,3,633,,dictionary/F/F-07.md,hz-014532-free-for-all,sources/Hezareh_Dictionary_Index/source/Hezareh_Part_03_PDF_0501-0750.md#L15312-L15315,True
free-handed,free-handed,free-handed,[],hz-014534,entry_candidate,raw_ocr,medium,3,633,,dictionary/F/F-07.md,hz-014534-free-handed,sources/Hezareh_Dictionary_Index/source/Hezareh_Part_03_PDF_0501-0750.md#L15316-L15317,True
free-living,free-living,free-living,[],hz-014542,entry_candidate,raw_ocr,hint_only,3,633,,dictionary/F/F-07.md,hz-014542-free-living,sources/Hezareh_Dictionary_Index/source/Hezareh_Part_03_PDF_0501-0750.md#L15240-L15240,False
free-thinker,free-thinker,free-thinker,[],hz-014556,entry_candidate,raw_ocr,high,3,634,,dictionary/F/F-07.md,hz-014556-free-thinker,sources/Hezareh_Dictionary_Index/source/Hezareh_Part_03_PDF_0501-0750.md#L15396-L15413,True
free-trader,free-trader,free-trader,[],hz-014557,entry_candidate,raw_ocr,high,3,634,,dictionary/F/F-07.md,hz-014557-free-trader,sources/Hezareh_Dictionary_Index/source/Hezareh_Part_03_PDF_0501-0750.md#L15414-L15415,True
free-wheel,free-wheel,free-wheel,[],hz-014562,entry_candidate,raw_ocr,high,3,634,,dictionary/F/F-07.md,hz-014562-free-wheel,sources/Hezareh_Dictionary_Index/source/Hezareh_Part_03_PDF_0501-0750.md#L15426-L15432,True
free-will,free-will,free-will,[],hz-014563,entry_candidate,raw_ocr,high,3,634,,dictionary/F/F-07.md,hz-014563-free-will,sources/Hezareh_Dictionary_Index/source/Hezareh_Part_03_PDF_0501-0750.md#L15433-L15433,True
freebie,freebie,freebie,[],hz-014521,entry_candidate,raw_ocr,medium,3,633,,dictionary/F/F-07.md,hz-014521-freebie,sources/Hezareh_Dictionary_Index/source/Hezareh_Part_03_PDF_0501-0750.md#L15285-L15286,True
freedman,freedman,freedman,[],hz-014523,entry_candidate,raw_ocr,medium,3,633,,dictionary/F/F-07.md,hz-014523-freedman,sources/Hezareh_Dictionary_Index/source/Hezareh_Part_03_PDF_0501-0750.md#L15288-L15293,True
freedom,freedom,freedom,[],hz-014524,entry_candidate,raw_ocr,medium,3,633,,dictionary/F/F-07.md,hz-014524-freedom,sources/Hezareh_Dictionary_Index/source/Hezareh_Part_03_PDF_0501-0750.md#L15303-L15304,True
freedom fighter,freedom fighter,freedom fighter,[],hz-014526,entry_candidate,raw_ocr,medium,3,633,,dictionary/F/F-07.md,hz-014526-freedom-fighter,sources/Hezareh_Dictionary_Index/source/Hezareh_Part_03_PDF_0501-0750.md#L15303-L15304,True
Freefone,freefone,freefone,[],hz-014531,entry_candidate,raw_ocr,medium,3,633,,dictionary/F/F-07.md,hz-014531-freefone,sources/Hezareh_Dictionary_Index/source/Hezareh_Part_03_PDF_0501-0750.md#L15311-L15311,True
freehand,freehand,freehand,[],hz-014533,entry_candidate,raw_ocr,hint_only,3,633,,dictionary/F/F-07.md,hz-014533-freehand,sources/Hezareh_Dictionary_Index/source/Hezareh_Part_03_PDF_0501-0750.md#L15240-L15240,False
freehold,freehold,freehold,[],hz-014535,entry_candidate,raw_ocr,medium,3,633,,dictionary/F/F-07.md,hz-014535-freehold,sources/Hezareh_Dictionary_Index/source/Hezareh_Part_03_PDF_0501-0750.md#L15318-L15321,True
freeholder,freeholder,freeholder,[],hz-014536,entry_candidate,raw_ocr,low,3,633,,dictionary/F/F-07.md,hz-014536-freeholder,sources/Hezareh_Dictionary_Index/source/Hezareh_Part_03_PDF_0501-0750.md#L15322-L15326,True
freelance,freelance,freelance,[],hz-014539,entry_candidate,raw_ocr,high,3,633,,dictionary/F/F-07.md,hz-014539-freelance,sources/Hezareh_Dictionary_Index/source/Hezareh_Part_03_PDF_0501-0750.md#L15330-L15336,True
freelancer,freelancer,freelancer,[],hz-014540,entry_candidate,raw_ocr,medium,3,633,,dictionary/F/F-07.md,hz-014540-freelancer,sources/Hezareh_Dictionary_Index/source/Hezareh_Part_03_PDF_0501-0750.md#L15337-L15347,True
freeloader,freeloader,freeloader,[],hz-014543,entry_candidate,raw_ocr,high,3,634,,dictionary/F/F-07.md,hz-014543-freeloader,sources/Hezareh_Dictionary_Index/source/Hezareh_Part_03_PDF_0501-0750.md#L15363-L15363,True
freely,freely,freely,[],hz-014545,entry_candidate,raw_ocr,high,3,634,,dictionary/F/F-07.md,hz-014545-freely,sources/Hezareh_Dictionary_Index/source/Hezareh_Part_03_PDF_0501-0750.md#L15365-L15374,True
freeman,freeman,freeman,[],hz-014546,entry_candidate,raw_ocr,high,3,634,,dictionary/F/F-07.md,hz-014546-freeman,sources/Hezareh_Dictionary_Index/source/Hezareh_Part_03_PDF_0501-0750.md#L15375-L15376,True
Freemason,freemason,freemason,[],hz-014552,entry_candidate,raw_ocr,high,3,634,,dictionary/F/F-07.md,hz-014552-freemason,sources/Hezareh_Dictionary_Index/source/Hezareh_Part_03_PDF_0501-0750.md#L15378-L15378,True
Freemasonry,freemasonry,freemasonry,[],hz-014553,entry_candidate,raw_ocr,high,3,634,,dictionary/F/F-07.md,hz-014553-freemasonry,sources/Hezareh_Dictionary_Index/source/Hezareh_Part_03_PDF_0501-0750.md#L15379-L15381,True
freesia,freesia,freesia,[],hz-014548,entry_candidate,raw_ocr,high,3,634,,dictionary/F/F-07.md,hz-014548-freesia,sources/Hezareh_Dictionary_Index/source/Hezareh_Part_03_PDF_0501-0750.md#L15387-L15387,True
freestone,freestone,freestone,[],hz-014550,entry_candidate,raw_ocr,high,3,634,,dictionary/F/F-07.md,hz-014550-freestone,sources/Hezareh_Dictionary_Index/source/Hezareh_Part_03_PDF_0501-0750.md#L15393-L15393,True
freestyle,freestyle,freestyle,[],hz-014551,entry_candidate,raw_ocr,high,3,634,,dictionary/F/F-07.md,hz-014551-freestyle,sources/Hezareh_Dictionary_Index/source/Hezareh_Part_03_PDF_0501-0750.md#L15394-L15395,True
freeway,freeway,freeway,[],hz-014561,entry_candidate,raw_ocr,high,3,634,,dictionary/F/F-07.md,hz-014561-freeway,sources/Hezareh_Dictionary_Index/source/Hezareh_Part_03_PDF_0501-0750.md#L15424-L15425,True
freeze,freeze,freeze,[],hz-014564,entry_candidate,raw_ocr,high,3,634,,dictionary/F/F-07.md,hz-014564-freeze,sources/Hezareh_Dictionary_Index/source/Hezareh_Part_03_PDF_0501-0750.md#L15434-L15479,True
freeze-dry,freeze-dry,freeze-dry,[],hz-014565,entry_candidate,raw_ocr,high,3,635,,dictionary/F/F-07.md,hz-014565-freeze-dry,sources/Hezareh_Dictionary_Index/source/Hezareh_Part_03_PDF_0501-0750.md#L15493-L15494,True
freeze-up,freeze-up,freeze-up,[],hz-014577,entry_candidate,raw_ocr,hint_only,3,635,,dictionary/F/F-07.md,hz-014577-freeze-up,sources/Hezareh_Dictionary_Index/source/Hezareh_Part_03_PDF_0501-0750.md#L15483-L15483,False
freezer,freezer,freezer,[],hz-014566,entry_candidate,raw_ocr,medium,3,635,,dictionary/F/F-07.md,hz-014566-freezer,sources/Hezareh_Dictionary_Index/source/Hezareh_Part_03_PDF_0501-0750.md#L15495-L15497,True
freezing,freezing,freezing,[],hz-014567,entry_candidate,raw_ocr,low,3,635,,dictionary/F/F-07.md,hz-014567-freezing,sources/Hezareh_Dictionary_Index/source/Hezareh_Part_03_PDF_0501-0750.md#L15498-L15499,True
freezing-mixture,freezing-mixture,freezing-mixture,[],hz-014568,entry_candidate,raw_ocr,high,3,635,,dictionary/F/F-07.md,hz-014568-freezing-mixture,sources/Hezareh_Dictionary_Index/source/Hezareh_Part_03_PDF_0501-0750.md#L15500-L15501,True
freezing-point,freezing-point,freezing-point,[],hz-014569,entry_candidate,raw_ocr,low,3,635,,dictionary/F/F-07.md,hz-014569-freezing-point,sources/Hezareh_Dictionary_Index/source/Hezareh_Part_03_PDF_0501-0750.md#L15502-L15511,True
freight,freight,freight,[],hz-014570,entry_candidate,raw_ocr,high,3,635,,dictionary/F/F-07.md,hz-014570-freight,sources/Hezareh_Dictionary_Index/source/Hezareh_Part_03_PDF_0501-0750.md#L15513-L15514,True
freight car,freight car,freight car,[],hz-014572,entry_candidate,raw_ocr,hint_only,3,635,,dictionary/F/F-07.md,hz-014572-freight-car,sources/Hezareh_Dictionary_Index/source/Hezareh_Part_03_PDF_0501-0750.md#L15483-L15483,False
freight house,freight house,freight house,[],hz-014574,entry_candidate,raw_ocr,high,3,635,,dictionary/F/F-07.md,hz-014574-freight-house,sources/Hezareh_Dictionary_Index/source/Hezareh_Part_03_PDF_0501-0750.md#L15513-L15514,True
freight plane,freight plane,freight plane,[],hz-014575,entry_candidate,raw_ocr,medium,3,635,,dictionary/F/F-07.md,hz-014575-freight-plane,sources/Hezareh_Dictionary_Index/source/Hezareh_Part_03_PDF_0501-0750.md#L15515-L15516,True
freight yard,freight yard,freight yard,[],hz-014576,entry_candidate,raw_ocr,medium,3,635,,dictionary/F/F-07.md,hz-014576-freight-yard,sources/Hezareh_Dictionary_Index/source/Hezareh_Part_03_PDF_0501-0750.md#L15517-L15529,True
freightage,freightage,freightage,[],hz-014571,entry_candidate,raw_ocr,hint_only,3,635,,dictionary/F/F-07.md,hz-014571-freightage,sources/Hezareh_Dictionary_Index/source/Hezareh_Part_03_PDF_0501-0750.md#L15483-L15483,False
freighter,freighter,freighter,[],hz-014573,entry_candidate,raw_ocr,low,3,635,,dictionary/F/F-07.md,hz-014573-freighter,sources/Hezareh_Dictionary_Index/source/Hezareh_Part_03_PDF_0501-0750.md#L15512-L15512,True
French fries,french fries,french fries,[],hz-014578,entry_candidate,raw_ocr,medium,3,635,,dictionary/F/F-07.md,hz-014578-french-fries,sources/Hezareh_Dictionary_Index/source/Hezareh_Part_03_PDF_0501-0750.md#L15530-L15531,True
French horn,french horn,french horn,[],hz-014579,entry_candidate,raw_ocr,medium,3,635,,dictionary/F/F-07.md,hz-014579-french-horn,sources/Hezareh_Dictionary_Index/source/Hezareh_Part_03_PDF_0501-0750.md#L15532-L15537,True
French-speaking,french-speaking,french-speaking,[],hz-014581,entry_candidate,raw_ocr,medium,3,635,,dictionary/F/F-07.md,hz-014581-french-speaking,sources/Hezareh_Dictionary_Index/source/Hezareh_Part_03_PDF_0501-0750.md#L15544-L15546,True
Frenchman,frenchman,frenchman,[],hz-014580,entry_candidate,raw_ocr,medium,3,635,,dictionary/F/F-07.md,hz-014580-frenchman,sources/Hezareh_Dictionary_Index/source/Hezareh_Part_03_PDF_0501-0750.md#L15538-L15543,True
Frenchwoman,frenchwoman,frenchwoman,[],hz-014582,entry_candidate,raw_ocr,high,3,635,,dictionary/F/F-07.md,hz-014582-frenchwoman,sources/Hezareh_Dictionary_Index/source/Hezareh_Part_03_PDF_0501-0750.md#L15547-L15548,True
frenetiC,frenetic,frenetic,[],hz-014583,entry_candidate,raw_ocr,medium,3,635,,dictionary/F/F-07.md,hz-014583-frenetic,sources/Hezareh_Dictionary_Index/source/Hezareh_Part_03_PDF_0501-0750.md#L15549-L15551,True
frenetically,frenetically,frenetically,[],hz-014584,entry_candidate,raw_ocr,medium,3,635,,dictionary/F/F-07.md,hz-014584-frenetically,sources/Hezareh_Dictionary_Index/source/Hezareh_Part_03_PDF_0501-0750.md#L15552-L15553,True
frenzied,frenzied,frenzied,[],hz-014585,entry_candidate,raw_ocr,medium,3,635,,dictionary/F/F-07.md,hz-014585-frenzied,sources/Hezareh_Dictionary_Index/source/Hezareh_Part_03_PDF_0501-0750.md#L15554-L15557,True
frenziedly,frenziedly,frenziedly,[],hz-014586,entry_candidate,raw_ocr,medium,3,635,,dictionary/F/F-07.md,hz-014586-frenziedly,sources/Hezareh_Dictionary_Index/source/Hezareh_Part_03_PDF_0501-0750.md#L15558-L15559,True
frenzy,frenzy,frenzy,[],hz-014587,entry_candidate,raw_ocr,medium,3,635,,dictionary/F/F-07.md,hz-014587-frenzy,sources/Hezareh_Dictionary_Index/source/Hezareh_Part_03_PDF_0501-0750.md#L15560-L15562,True
frequency,frequency,frequency,[],hz-014588,entry_candidate,raw_ocr,high,3,635,,dictionary/F/F-07.md,hz-014588-frequency,sources/Hezareh_Dictionary_Index/source/Hezareh_Part_03_PDF_0501-0750.md#L15563-L15572,True
frequently,frequently,frequently,[],hz-014589,entry_candidate,raw_ocr,medium,3,635,,dictionary/F/F-07.md,hz-014589-frequently,sources/Hezareh_Dictionary_Index/source/Hezareh_Part_03_PDF_0501-0750.md#L15573-L15575,True
fresco,fresco,fresco,[],hz-014590,entry_candidate,raw_ocr,medium,3,635,,dictionary/F/F-07.md,hz-014590-fresco,sources/Hezareh_Dictionary_Index/source/Hezareh_Part_03_PDF_0501-0750.md#L15576-L15591,True
fresh breeze,fresh breeze,fresh breeze,[],hz-014591,entry_candidate,raw_ocr,medium,3,636,,dictionary/F/F-07.md,hz-014591-fresh-breeze,sources/Hezareh_Dictionary_Index/source/Hezareh_Part_03_PDF_0501-0750.md#L15623-L15634,True
freshen i'frefn,freshen i'frefn,freshen i'frefn,[],hz-014592,entry_candidate,raw_ocr,hint_only,3,636,,dictionary/F/F-07.md,hz-014592-freshen-i-frefn,sources/Hezareh_Dictionary_Index/source/Hezareh_Part_03_PDF_0501-0750.md#L15595-L15595,False
freshener,freshener,freshener,[],hz-014594,entry_candidate,raw_ocr,medium,3,636,,dictionary/F/F-07.md,hz-014594-freshener,sources/Hezareh_Dictionary_Index/source/Hezareh_Part_03_PDF_0501-0750.md#L15635-L15636,True
fresher,fresher,fresher,[],hz-014595,entry_candidate,raw_ocr,high,3,636,,dictionary/F/F-07.md,hz-014595-fresher,sources/Hezareh_Dictionary_Index/source/Hezareh_Part_03_PDF_0501-0750.md#L15637-L15638,True
freshly,freshly,freshly,[],hz-014596,entry_candidate,raw_ocr,high,3,636,,dictionary/F/F-07.md,hz-014596-freshly,sources/Hezareh_Dictionary_Index/source/Hezareh_Part_03_PDF_0501-0750.md#L15639-L15639,True
freshman,freshman,freshman,[],hz-014597,entry_candidate,raw_ocr,high,3,636,,dictionary/F/F-07.md,hz-014597-freshman,sources/Hezareh_Dictionary_Index/source/Hezareh_Part_03_PDF_0501-0750.md#L15640-L15642,True
freshneSS,freshness,freshness,[],hz-014598,entry_candidate,raw_ocr,medium,3,636,,dictionary/F/F-07.md,hz-014598-freshness,sources/Hezareh_Dictionary_Index/source/Hezareh_Part_03_PDF_0501-0750.md#L15643-L15647,True
freshwater,freshwater,freshwater,[],hz-014599,entry_candidate,raw_ocr,medium,3,636,,dictionary/F/F-07.md,hz-014599-freshwater,sources/Hezareh_Dictionary_Index/source/Hezareh_Part_03_PDF_0501-0750.md#L15648-L15656,True
fret,fret,fret,[],hz-014593,entry_candidate,raw_ocr,high,3,636,,dictionary/F/F-07.md,hz-014593-fret,sources/Hezareh_Dictionary_Index/source/Hezareh_Part_03_PDF_0501-0750.md#L15657-L15680,True
fretfu I,fretfu i,fretfu i,[],hz-014600,entry_candidate,raw_ocr,hint_only,3,636,,dictionary/F/F-07.md,hz-014600-fretfu-i,sources/Hezareh_Dictionary_Index/source/Hezareh_Part_03_PDF_0501-0750.md#L15595-L15595,False
fretfully,fretfully,fretfully,[],hz-014601,entry_candidate,raw_ocr,high,3,636,,dictionary/F/F-07.md,hz-014601-fretfully,sources/Hezareh_Dictionary_Index/source/Hezareh_Part_03_PDF_0501-0750.md#L15681-L15684,True
fretsaw,fretsaw,fretsaw,[],hz-014602,entry_candidate,raw_ocr,high,3,636,,dictionary/F/F-07.md,hz-014602-fretsaw,sources/Hezareh_Dictionary_Index/source/Hezareh_Part_03_PDF_0501-0750.md#L15685-L15685,True
fretted,fretted,fretted,[],hz-014603,entry_candidate,raw_ocr,high,3,636,,dictionary/F/F-07.md,hz-014603-fretted,sources/Hezareh_Dictionary_Index/source/Hezareh_Part_03_PDF_0501-0750.md#L15686-L15689,True
Freudian,freudian,freudian,[],hz-014604,entry_candidate,raw_ocr,high,3,636,,dictionary/F/F-07.md,hz-014604-freudian,sources/Hezareh_Dictionary_Index/source/Hezareh_Part_03_PDF_0501-0750.md#L15690-L15691,True
Freudian slip,freudian slip,freudian slip,[],hz-014605,entry_candidate,raw_ocr,high,3,636,,dictionary/F/F-07.md,hz-014605-freudian-slip,sources/Hezareh_Dictionary_Index/source/Hezareh_Part_03_PDF_0501-0750.md#L15690-L15691,True
Fri,fri,fri,[],hz-014606,entry_candidate,raw_ocr,high,3,636,,dictionary/F/F-07.md,hz-014606-fri,sources/Hezareh_Dictionary_Index/source/Hezareh_Part_03_PDF_0501-0750.md#L15692-L15692,True
friability,friability,friability,[],hz-014607,entry_candidate,raw_ocr,high,3,636,,dictionary/F/F-07.md,hz-014607-friability,sources/Hezareh_Dictionary_Index/source/Hezareh_Part_03_PDF_0501-0750.md#L15693-L15694,True
friable,friable,friable,[],hz-014608,entry_candidate,raw_ocr,high,3,636,,dictionary/F/F-07.md,hz-014608-friable,sources/Hezareh_Dictionary_Index/source/Hezareh_Part_03_PDF_0501-0750.md#L15695-L15696,True
friar,friar,friar,[],hz-014609,entry_candidate,raw_ocr,high,3,636,,dictionary/F/F-07.md,hz-014609-friar,sources/Hezareh_Dictionary_Index/source/Hezareh_Part_03_PDF_0501-0750.md#L15697-L15698,True
friary,friary,friary,[],hz-014610,entry_candidate,raw_ocr,high,3,636,,dictionary/F/F-07.md,hz-014610-friary,sources/Hezareh_Dictionary_Index/source/Hezareh_Part_03_PDF_0501-0750.md#L15699-L15705,True
fricative,fricative,fricative,[],hz-014612,entry_candidate,raw_ocr,medium,3,637,,dictionary/F/F-07.md,hz-014612-fricative,sources/Hezareh_Dictionary_Index/source/Hezareh_Part_03_PDF_0501-0750.md#L15721-L15722,True
friction,friction,friction,[],hz-014613,entry_candidate,raw_ocr,medium,3,637,,dictionary/F/F-07.md,hz-014613-friction,sources/Hezareh_Dictionary_Index/source/Hezareh_Part_03_PDF_0501-0750.md#L15723-L15725,True
Friday,friday,friday,[],hz-014614,entry_candidate,raw_ocr,medium,3,637,,dictionary/F/F-07.md,hz-014614-friday,sources/Hezareh_Dictionary_Index/source/Hezareh_Part_03_PDF_0501-0750.md#L15726-L15729,True
fridge,fridge,fridge,[],hz-014615,entry_candidate,raw_ocr,medium,3,637,,dictionary/F/F-07.md,hz-014615-fridge,sources/Hezareh_Dictionary_Index/source/Hezareh_Part_03_PDF_0501-0750.md#L15730-L15731,True
fridge-freezer,fridge-freezer,fridge-freezer,[],hz-014616,entry_candidate,raw_ocr,hint_only,3,637,,dictionary/F/F-07.md,hz-014616-fridge-freezer,sources/Hezareh_Dictionary_Index/source/Hezareh_Part_03_PDF_0501-0750.md#L15709-L15709,False
fried,fried,fried,[],hz-014617,entry_candidate,raw_ocr,high,3,637,,dictionary/F/F-07.md,hz-014617-fried,sources/Hezareh_Dictionary_Index/source/Hezareh_Part_03_PDF_0501-0750.md#L15732-L15732,True
friend,friend,friend,[],hz-014618,entry_candidate,raw_ocr,medium,3,637,,dictionary/F/F-07.md,hz-014618-friend,sources/Hezareh_Dictionary_Index/source/Hezareh_Part_03_PDF_0501-0750.md#L15733-L15748,True
Friend,friend,friend,[],hz-014619,entry_candidate,raw_ocr,medium,3,637,,dictionary/F/F-07.md,hz-014619-friend,sources/Hezareh_Dictionary_Index/source/Hezareh_Part_03_PDF_0501-0750.md#L15733-L15748,True
friendleSS,friendless,friendless,[],hz-014620,entry_candidate,raw_ocr,medium,3,637,,dictionary/F/F-07.md,hz-014620-friendless,sources/Hezareh_Dictionary_Index/source/Hezareh_Part_03_PDF_0501-0750.md#L15749-L15750,True
friendlessnesS,friendlessness,friendlessness,[],hz-014621,entry_candidate,raw_ocr,medium,3,637,,dictionary/F/F-07.md,hz-014621-friendlessness,sources/Hezareh_Dictionary_Index/source/Hezareh_Part_03_PDF_0501-0750.md#L15751-L15751,True
friendliness,friendliness,friendliness,[],hz-014622,entry_candidate,raw_ocr,medium,3,637,,dictionary/F/F-07.md,hz-014622-friendliness,sources/Hezareh_Dictionary_Index/source/Hezareh_Part_03_PDF_0501-0750.md#L15752-L15753,True
friendly,friendly,friendly,[],hz-014623,entry_candidate,raw_ocr,high,3,637,,dictionary/F/F-07.md,hz-014623-friendly,sources/Hezareh_Dictionary_Index/source/Hezareh_Part_03_PDF_0501-0750.md#L15754-L15759,True
friendly match,friendly match,friendly match,[],hz-014624,entry_candidate,raw_ocr,medium,3,637,,dictionary/F/F-07.md,hz-014624-friendly-match,sources/Hezareh_Dictionary_Index/source/Hezareh_Part_03_PDF_0501-0750.md#L15760-L15761,True
Friendly Society,friendly society,friendly society,[],hz-014625,entry_candidate,raw_ocr,low,3,637,,dictionary/F/F-07.md,hz-014625-friendly-society,sources/Hezareh_Dictionary_Index/source/Hezareh_Part_03_PDF_0501-0750.md#L15762-L15763,True
friendship,friendship,friendship,[],hz-014626,entry_candidate,raw_ocr,medium,3,637,,dictionary/F/F-07.md,hz-014626-friendship,sources/Hezareh_Dictionary_Index/source/Hezareh_Part_03_PDF_0501-0750.md#L15764-L15769,True
fries,fries,fries,[],hz-014628,entry_candidate,raw_ocr,high,3,637,,dictionary/F/F-07.md,hz-014628-fries,sources/Hezareh_Dictionary_Index/source/Hezareh_Part_03_PDF_0501-0750.md#L15770-L15770,True
Friesian,friesian,friesian,[],hz-014629,entry_candidate,raw_ocr,high,3,637,,dictionary/F/F-07.md,hz-014629-friesian,sources/Hezareh_Dictionary_Index/source/Hezareh_Part_03_PDF_0501-0750.md#L15771-L15773,True
frig,frig,frig,[],hz-014630,entry_candidate,raw_ocr,high,3,637,,dictionary/F/F-07.md,hz-014630-frig,sources/Hezareh_Dictionary_Index/source/Hezareh_Part_03_PDF_0501-0750.md#L15774-L15775,True
frigabout,frigabout,frigabout,[],hz-014631,entry_candidate,raw_ocr,hint_only,3,637,,dictionary/F/F-07.md,hz-014631-frigabout,sources/Hezareh_Dictionary_Index/source/Hezareh_Part_03_PDF_0501-0750.md#L15709-L15709,False
frigate,frigate,frigate,[],hz-014632,entry_candidate,raw_ocr,high,3,637,,dictionary/F/F-07.md,hz-014632-frigate,sources/Hezareh_Dictionary_Index/source/Hezareh_Part_03_PDF_0501-0750.md#L15776-L15776,True
frigging,frigging,frigging,[],hz-014633,entry_candidate,raw_ocr,high,3,637,,dictionary/F/F-07.md,hz-014633-frigging,sources/Hezareh_Dictionary_Index/source/Hezareh_Part_03_PDF_0501-0750.md#L15777-L15789,True
frighten,frighten,frighten,[],hz-009174,entry_candidate,raw_ocr,high,2,377,,dictionary/F/F-07.md,hz-009174-frighten,sources/Hezareh_Dictionary_Index/source/Hezareh_Part_02_PDF_0251-0500.md#L15213-L15222,True
frighten,frighten,frighten,[],hz-014635,entry_candidate,raw_ocr,high,3,637,,dictionary/F/F-07.md,hz-014635-frighten,sources/Hezareh_Dictionary_Index/source/Hezareh_Part_03_PDF_0501-0750.md#L15790-L15804,True
frighten,frighten,frighten,[],hz-038271,entry_candidate,raw_ocr,high,8,1930,,dictionary/F/F-07.md,hz-038271-frighten,sources/Hezareh_Dictionary_Index/source/Hezareh_Part_08_PDF_1751-1976.md#L21145-L21147,True
frightened,frightened,frightened,[],hz-014636,entry_candidate,raw_ocr,high,3,637,,dictionary/F/F-07.md,hz-014636-frightened,sources/Hezareh_Dictionary_Index/source/Hezareh_Part_03_PDF_0501-0750.md#L15805-L15808,True
frightening,frightening,frightening,[],hz-014637,entry_candidate,raw_ocr,medium,3,637,,dictionary/F/F-07.md,hz-014637-frightening,sources/Hezareh_Dictionary_Index/source/Hezareh_Part_03_PDF_0501-0750.md#L15809-L15810,True
frighteningly,frighteningly,frighteningly,[],hz-014638,entry_candidate,raw_ocr,high,3,637,,dictionary/F/F-07.md,hz-014638-frighteningly,sources/Hezareh_Dictionary_Index/source/Hezareh_Part_03_PDF_0501-0750.md#L15811-L15816,True
frightfully,frightfully,frightfully,[],hz-014639,entry_candidate,raw_ocr,medium,3,638,,dictionary/F/F-07.md,hz-014639-frightfully,sources/Hezareh_Dictionary_Index/source/Hezareh_Part_03_PDF_0501-0750.md#L15833-L15838,True
frightifrart,frightifrart,frightifrart,[],hz-014634,entry_candidate,raw_ocr,hint_only,3,637,,dictionary/F/F-07.md,hz-014634-frightifrart,sources/Hezareh_Dictionary_Index/source/Hezareh_Part_03_PDF_0501-0750.md#L15709-L15709,False
frigid,frigid,frigid,[],hz-014640,entry_candidate,raw_ocr,low,3,638,,dictionary/F/F-07.md,hz-014640-frigid,sources/Hezareh_Dictionary_Index/source/Hezareh_Part_03_PDF_0501-0750.md#L15839-L15840,True
frigidity,frigidity,frigidity,[],hz-014641,entry_candidate,raw_ocr,low,3,638,,dictionary/F/F-07.md,hz-014641-frigidity,sources/Hezareh_Dictionary_Index/source/Hezareh_Part_03_PDF_0501-0750.md#L15841-L15842,True
frigidly,frigidly,frigidly,[],hz-014642,entry_candidate,raw_ocr,low,3,638,,dictionary/F/F-07.md,hz-014642-frigidly,sources/Hezareh_Dictionary_Index/source/Hezareh_Part_03_PDF_0501-0750.md#L15843-L15844,True
frill,frill,frill,[],hz-014643,entry_candidate,raw_ocr,low,3,638,,dictionary/F/F-07.md,hz-014643-frill,sources/Hezareh_Dictionary_Index/source/Hezareh_Part_03_PDF_0501-0750.md#L15845-L15847,True
frilled,frilled,frilled,[],hz-014644,entry_candidate,raw_ocr,low,3,638,,dictionary/F/F-08.md,hz-014644-frilled,sources/Hezareh_Dictionary_Index/source/Hezareh_Part_03_PDF_0501-0750.md#L15848-L15848,True
frilly,frilly,frilly,[],hz-014645,entry_candidate,raw_ocr,low,3,638,,dictionary/F/F-08.md,hz-014645-frilly,sources/Hezareh_Dictionary_Index/source/Hezareh_Part_03_PDF_0501-0750.md#L15849-L15861,True
fringe area,fringe area,fringe area,[],hz-014647,entry_candidate,raw_ocr,medium,3,638,,dictionary/F/F-08.md,hz-014647-fringe-area,sources/Hezareh_Dictionary_Index/source/Hezareh_Part_03_PDF_0501-0750.md#L15862-L15863,True
fringe benefits,fringe benefits,fringe benefits,[],hz-014648,entry_candidate,raw_ocr,low,3,638,,dictionary/F/F-08.md,hz-014648-fringe-benefits,sources/Hezareh_Dictionary_Index/source/Hezareh_Part_03_PDF_0501-0750.md#L15864-L15865,True
fringe group,fringe group,fringe group,[],hz-014649,entry_candidate,raw_ocr,medium,3,638,,dictionary/F/F-08.md,hz-014649-fringe-group,sources/Hezareh_Dictionary_Index/source/Hezareh_Part_03_PDF_0501-0750.md#L15866-L15867,True
fringetfrmd,fringetfrmd,fringetfrmd,[],hz-014646,entry_candidate,raw_ocr,hint_only,3,638,,dictionary/F/F-08.md,hz-014646-fringetfrmd,sources/Hezareh_Dictionary_Index/source/Hezareh_Part_03_PDF_0501-0750.md#L15820-L15820,False
frippery,frippery,frippery,[],hz-014650,entry_candidate,raw_ocr,medium,3,638,,dictionary/F/F-08.md,hz-014650-frippery,sources/Hezareh_Dictionary_Index/source/Hezareh_Part_03_PDF_0501-0750.md#L15868-L15872,True
Frisbee,frisbee,frisbee,[],hz-014656,entry_candidate,raw_ocr,medium,3,638,,dictionary/F/F-08.md,hz-014656-frisbee,sources/Hezareh_Dictionary_Index/source/Hezareh_Part_03_PDF_0501-0750.md#L15873-L15881,True
frisk,frisk,frisk,[],hz-014651,entry_candidate,raw_ocr,high,3,638,,dictionary/F/F-08.md,hz-014651-frisk,sources/Hezareh_Dictionary_Index/source/Hezareh_Part_03_PDF_0501-0750.md#L15882-L15886,True
frisky,frisky,frisky,[],hz-014652,entry_candidate,raw_ocr,high,3,638,,dictionary/F/F-08.md,hz-014652-frisky,sources/Hezareh_Dictionary_Index/source/Hezareh_Part_03_PDF_0501-0750.md#L15887-L15889,True
frisson,frisson,frisson,[],hz-014653,entry_candidate,raw_ocr,high,3,638,,dictionary/F/F-08.md,hz-014653-frisson,sources/Hezareh_Dictionary_Index/source/Hezareh_Part_03_PDF_0501-0750.md#L15890-L15899,True
fritillary I fn'trlorr,fritillary i fn'trlorr,fritillary i fn'trlorr,[],hz-014654,entry_candidate,raw_ocr,hint_only,3,638,,dictionary/F/F-08.md,hz-014654-fritillary-i-fn-trlorr,sources/Hezareh_Dictionary_Index/source/Hezareh_Part_03_PDF_0501-0750.md#L15820-L15820,False
frivol,frivol,frivol,[],hz-014655,entry_candidate,raw_ocr,high,3,638,,dictionary/F/F-08.md,hz-014655-frivol,sources/Hezareh_Dictionary_Index/source/Hezareh_Part_03_PDF_0501-0750.md#L15900-L15901,True
frivolity,frivolity,frivolity,[],hz-014657,entry_candidate,raw_ocr,high,3,638,,dictionary/F/F-08.md,hz-014657-frivolity,sources/Hezareh_Dictionary_Index/source/Hezareh_Part_03_PDF_0501-0750.md#L15902-L15905,True
frivolous,frivolous,frivolous,[],hz-014658,entry_candidate,raw_ocr,high,3,638,,dictionary/F/F-08.md,hz-014658-frivolous,sources/Hezareh_Dictionary_Index/source/Hezareh_Part_03_PDF_0501-0750.md#L15906-L15908,True
frivolously,frivolously,frivolously,[],hz-014659,entry_candidate,raw_ocr,high,3,638,,dictionary/F/F-08.md,hz-014659-frivolously,sources/Hezareh_Dictionary_Index/source/Hezareh_Part_03_PDF_0501-0750.md#L15909-L15916,True
frizz,frizz,frizz,[],hz-014660,entry_candidate,raw_ocr,hint_only,3,638,,dictionary/F/F-08.md,hz-014660-frizz,sources/Hezareh_Dictionary_Index/source/Hezareh_Part_03_PDF_0501-0750.md#L15820-L15820,False
frizzle,frizzle,frizzle,[],hz-014661,entry_candidate,raw_ocr,high,3,638,,dictionary/F/F-08.md,hz-014661-frizzle,sources/Hezareh_Dictionary_Index/source/Hezareh_Part_03_PDF_0501-0750.md#L15917-L15919,True
frizzly,frizzly,frizzly,[],hz-014663,entry_candidate,raw_ocr,high,3,638,,dictionary/F/F-08.md,hz-014663-frizzly,sources/Hezareh_Dictionary_Index/source/Hezareh_Part_03_PDF_0501-0750.md#L15920-L15920,True
frizzy,frizzy,frizzy,[],hz-014664,entry_candidate,raw_ocr,high,3,638,,dictionary/F/F-08.md,hz-014664-frizzy,sources/Hezareh_Dictionary_Index/source/Hezareh_Part_03_PDF_0501-0750.md#L15921-L15922,True
fro,fro,fro,[],hz-014665,entry_candidate,raw_ocr,high,3,638,,dictionary/F/F-08.md,hz-014665-fro,sources/Hezareh_Dictionary_Index/source/Hezareh_Part_03_PDF_0501-0750.md#L15923-L15925,True
frock-coat,frock-coat,frock-coat,[],hz-014662,entry_candidate,raw_ocr,high,3,638,,dictionary/F/F-08.md,hz-014662-frock-coat,sources/Hezareh_Dictionary_Index/source/Hezareh_Part_03_PDF_0501-0750.md#L15926-L15930,True
frocktfmk,frocktfmk,frocktfmk,[],hz-014666,entry_candidate,raw_ocr,hint_only,3,638,,dictionary/F/F-08.md,hz-014666-frocktfmk,sources/Hezareh_Dictionary_Index/source/Hezareh_Part_03_PDF_0501-0750.md#L15820-L15820,False
frog,frog,frog,[],hz-014667,entry_candidate,raw_ocr,high,3,639,,dictionary/F/F-08.md,hz-014667-frog,sources/Hezareh_Dictionary_Index/source/Hezareh_Part_03_PDF_0501-0750.md#L15943-L15947,True
frog-spawn,frog-spawn,frog-spawn,[],hz-014670,entry_candidate,raw_ocr,hint_only,3,639,,dictionary/F/F-08.md,hz-014670-frog-spawn,sources/Hezareh_Dictionary_Index/source/Hezareh_Part_03_PDF_0501-0750.md#L15934-L15934,False
frogman,frogman,frogman,[],hz-014668,entry_candidate,raw_ocr,high,3,639,,dictionary/F/F-08.md,hz-014668-frogman,sources/Hezareh_Dictionary_Index/source/Hezareh_Part_03_PDF_0501-0750.md#L15948-L15949,True
frogmarch,frogmarch,frogmarch,[],hz-014669,entry_candidate,raw_ocr,high,3,639,,dictionary/F/F-08.md,hz-014669-frogmarch,sources/Hezareh_Dictionary_Index/source/Hezareh_Part_03_PDF_0501-0750.md#L15950-L15953,True
froing,froing,froing,[],hz-014671,entry_candidate,raw_ocr,medium,3,639,,dictionary/F/F-08.md,hz-014671-froing,sources/Hezareh_Dictionary_Index/source/Hezareh_Part_03_PDF_0501-0750.md#L15954-L15960,True
frolic,frolic,frolic,[],hz-014672,entry_candidate,raw_ocr,high,3,639,,dictionary/F/F-08.md,hz-014672-frolic,sources/Hezareh_Dictionary_Index/source/Hezareh_Part_03_PDF_0501-0750.md#L15961-L15961,True
frolic about,frolic about,frolic about,[],hz-014673,entry_candidate,raw_ocr,high,3,639,,dictionary/F/F-08.md,hz-014673-frolic-about,sources/Hezareh_Dictionary_Index/source/Hezareh_Part_03_PDF_0501-0750.md#L15961-L15961,True
frolicsome,frolicsome,frolicsome,[],hz-014674,entry_candidate,raw_ocr,medium,3,639,,dictionary/F/F-08.md,hz-014674-frolicsome,sources/Hezareh_Dictionary_Index/source/Hezareh_Part_03_PDF_0501-0750.md#L15962-L15964,True
from,from,from,[],hz-014675,entry_candidate,raw_ocr,medium,3,639,,dictionary/F/F-08.md,hz-014675-from,sources/Hezareh_Dictionary_Index/source/Hezareh_Part_03_PDF_0501-0750.md#L15965-L15976,True
from,from,from,[],hz-021659,entry_candidate,raw_ocr,high,4,967,,dictionary/F/F-08.md,hz-021659-from,sources/Hezareh_Dictionary_Index/source/Hezareh_Part_04_PDF_0751-1000.md#L24803-L24830,True
from head to foot,from head to foot,from head to foot,[],hz-016786,entry_candidate,raw_ocr,medium,3,743,,dictionary/F/F-08.md,hz-016786-from-head-to-foot,sources/Hezareh_Dictionary_Index/source/Hezareh_Part_03_PDF_0501-0750.md#L27909-L27919,True
fromage frais,fromage frais,fromage frais,[],hz-014676,entry_candidate,raw_ocr,medium,3,639,,dictionary/F/F-08.md,hz-014676-fromage-frais,sources/Hezareh_Dictionary_Index/source/Hezareh_Part_03_PDF_0501-0750.md#L15977-L15978,True
frond,frond,frond,[],hz-014677,entry_candidate,raw_ocr,medium,3,639,,dictionary/F/F-08.md,hz-014677-frond,sources/Hezareh_Dictionary_Index/source/Hezareh_Part_03_PDF_0501-0750.md#L15979-L16038,True
front benches,front benches,front benches,[],hz-014679,entry_candidate,raw_ocr,medium,3,640,,dictionary/F/F-08.md,hz-014679-front-benches,sources/Hezareh_Dictionary_Index/source/Hezareh_Part_03_PDF_0501-0750.md#L16080-L16083,True
front door,front door,front door,[],hz-014681,entry_candidate,raw_ocr,medium,3,640,,dictionary/F/F-08.md,hz-014681-front-door,sources/Hezareh_Dictionary_Index/source/Hezareh_Part_03_PDF_0501-0750.md#L16084-L16084,True
front line,front line,front line,[],hz-014685,entry_candidate,raw_ocr,medium,3,640,,dictionary/F/F-08.md,hz-014685-front-line,sources/Hezareh_Dictionary_Index/source/Hezareh_Part_03_PDF_0501-0750.md#L16095-L16095,True
front man,front man,front man,[],hz-014686,entry_candidate,raw_ocr,medium,3,640,,dictionary/F/F-08.md,hz-014686-front-man,sources/Hezareh_Dictionary_Index/source/Hezareh_Part_03_PDF_0501-0750.md#L16096-L16100,True
front runner,front runner,front runner,[],hz-014689,entry_candidate,raw_ocr,high,3,640,,dictionary/F/F-08.md,hz-014689-front-runner,sources/Hezareh_Dictionary_Index/source/Hezareh_Part_03_PDF_0501-0750.md#L16112-L16113,True
front-bencher,front-bencher,front-bencher,[],hz-014678,entry_candidate,raw_ocr,medium,3,640,,dictionary/F/F-08.md,hz-014678-front-bencher,sources/Hezareh_Dictionary_Index/source/Hezareh_Part_03_PDF_0501-0750.md#L16077-L16079,True
front-of-house,front-of-house,front-of-house,[],hz-014687,entry_candidate,raw_ocr,medium,3,640,,dictionary/F/F-08.md,hz-014687-front-of-house,sources/Hezareh_Dictionary_Index/source/Hezareh_Part_03_PDF_0501-0750.md#L16101-L16108,True
front-page news,front-page news,front-page news,[],hz-014688,entry_candidate,raw_ocr,high,3,640,,dictionary/F/F-08.md,hz-014688-front-page-news,sources/Hezareh_Dictionary_Index/source/Hezareh_Part_03_PDF_0501-0750.md#L16110-L16111,True
front-wheel drive,front-wheel drive,front-wheel drive,[],hz-014690,entry_candidate,raw_ocr,high,3,640,,dictionary/F/F-08.md,hz-014690-front-wheel-drive,sources/Hezareh_Dictionary_Index/source/Hezareh_Part_03_PDF_0501-0750.md#L16114-L16132,True
frontage,frontage,frontage,[],hz-014680,entry_candidate,raw_ocr,medium,3,640,,dictionary/F/F-08.md,hz-014680-frontage,sources/Hezareh_Dictionary_Index/source/Hezareh_Part_03_PDF_0501-0750.md#L16065-L16076,True
frontier,frontier,frontier,[],hz-014682,entry_candidate,raw_ocr,high,3,640,,dictionary/F/F-08.md,hz-014682-frontier,sources/Hezareh_Dictionary_Index/source/Hezareh_Part_03_PDF_0501-0750.md#L16085-L16090,True
frontiersman,frontiersman,frontiersman,[],hz-014683,entry_candidate,raw_ocr,high,3,640,,dictionary/F/F-08.md,hz-014683-frontiersman,sources/Hezareh_Dictionary_Index/source/Hezareh_Part_03_PDF_0501-0750.md#L16091-L16092,True
frontispiece,frontispiece,frontispiece,[],hz-014684,entry_candidate,raw_ocr,medium,3,640,,dictionary/F/F-08.md,hz-014684-frontispiece,sources/Hezareh_Dictionary_Index/source/Hezareh_Part_03_PDF_0501-0750.md#L16093-L16094,True
frost,frost,frost,[],hz-014691,entry_candidate,raw_ocr,high,3,640,,dictionary/F/F-08.md,hz-014691-frost,sources/Hezareh_Dictionary_Index/source/Hezareh_Part_03_PDF_0501-0750.md#L16133-L16133,True
frost over,frost over,frost over,[],hz-014692,entry_candidate,raw_ocr,high,3,640,,dictionary/F/F-08.md,hz-014692-frost-over,sources/Hezareh_Dictionary_Index/source/Hezareh_Part_03_PDF_0501-0750.md#L16133-L16133,True
frostbite,frostbite,frostbite,[],hz-014693,entry_candidate,raw_ocr,high,3,640,,dictionary/F/F-08.md,hz-014693-frostbite,sources/Hezareh_Dictionary_Index/source/Hezareh_Part_03_PDF_0501-0750.md#L16134-L16134,True
frostbitten,frostbitten,frostbitten,[],hz-014694,entry_candidate,raw_ocr,high,3,640,,dictionary/F/F-08.md,hz-014694-frostbitten,sources/Hezareh_Dictionary_Index/source/Hezareh_Part_03_PDF_0501-0750.md#L16135-L16136,True
frosted,frosted,frosted,[],hz-014695,entry_candidate,raw_ocr,high,3,640,,dictionary/F/F-08.md,hz-014695-frosted,sources/Hezareh_Dictionary_Index/source/Hezareh_Part_03_PDF_0501-0750.md#L16137-L16140,True
frostily,frostily,frostily,[],hz-014696,entry_candidate,raw_ocr,high,3,640,,dictionary/F/F-08.md,hz-014696-frostily,sources/Hezareh_Dictionary_Index/source/Hezareh_Part_03_PDF_0501-0750.md#L16141-L16142,True
frostiness,frostiness,frostiness,[],hz-014697,entry_candidate,raw_ocr,high,3,640,,dictionary/F/F-08.md,hz-014697-frostiness,sources/Hezareh_Dictionary_Index/source/Hezareh_Part_03_PDF_0501-0750.md#L16143-L16144,True
frosting,frosting,frosting,[],hz-014698,entry_candidate,raw_ocr,high,3,640,,dictionary/F/F-08.md,hz-014698-frosting,sources/Hezareh_Dictionary_Index/source/Hezareh_Part_03_PDF_0501-0750.md#L16145-L16146,True
frosty,frosty,frosty,[],hz-014699,entry_candidate,raw_ocr,high,3,640,,dictionary/F/F-08.md,hz-014699-frosty,sources/Hezareh_Dictionary_Index/source/Hezareh_Part_03_PDF_0501-0750.md#L16147-L16158,True
froth,froth,froth,[],hz-014700,entry_candidate,raw_ocr,high,3,640,,dictionary/F/F-08.md,hz-014700-froth,sources/Hezareh_Dictionary_Index/source/Hezareh_Part_03_PDF_0501-0750.md#L16109-L16109,True
frothily,frothily,frothily,[],hz-014705,entry_candidate,raw_ocr,high,3,641,,dictionary/F/F-08.md,hz-014705-frothily,sources/Hezareh_Dictionary_Index/source/Hezareh_Part_03_PDF_0501-0750.md#L16171-L16173,True
frothiness,frothiness,frothiness,[],hz-014701,entry_candidate,raw_ocr,medium,3,641,,dictionary/F/F-08.md,hz-014701-frothiness,sources/Hezareh_Dictionary_Index/source/Hezareh_Part_03_PDF_0501-0750.md#L16174-L16176,True
frothy,frothy,frothy,[],hz-014702,entry_candidate,raw_ocr,high,3,641,,dictionary/F/F-08.md,hz-014702-frothy,sources/Hezareh_Dictionary_Index/source/Hezareh_Part_03_PDF_0501-0750.md#L16177-L16180,True
froward,froward,froward,[],hz-014703,entry_candidate,raw_ocr,medium,3,641,,dictionary/F/F-08.md,hz-014703-froward,sources/Hezareh_Dictionary_Index/source/Hezareh_Part_03_PDF_0501-0750.md#L16181-L16189,True
frown I fraun,frown i fraun,frown i fraun,[],hz-014704,entry_candidate,raw_ocr,hint_only,3,641,,dictionary/F/F-08.md,hz-014704-frown-i-fraun,sources/Hezareh_Dictionary_Index/source/Hezareh_Part_03_PDF_0501-0750.md#L16162-L16162,False
frown on,frown on,frown on,[],hz-014709,entry_candidate,raw_ocr,medium,3,641,,dictionary/F/F-08.md,hz-014709-frown-on,sources/Hezareh_Dictionary_Index/source/Hezareh_Part_03_PDF_0501-0750.md#L16190-L16193,True
frowning,frowning,frowning,[],hz-014710,entry_candidate,raw_ocr,medium,3,641,,dictionary/F/F-08.md,hz-014710-frowning,sources/Hezareh_Dictionary_Index/source/Hezareh_Part_03_PDF_0501-0750.md#L16194-L16195,True
frowningly,frowningly,frowningly,[],hz-014711,entry_candidate,raw_ocr,low,3,641,,dictionary/F/F-08.md,hz-014711-frowningly,sources/Hezareh_Dictionary_Index/source/Hezareh_Part_03_PDF_0501-0750.md#L16196-L16197,True
frowsty,frowsty,frowsty,[],hz-014712,entry_candidate,raw_ocr,high,3,641,,dictionary/F/F-08.md,hz-014712-frowsty,sources/Hezareh_Dictionary_Index/source/Hezareh_Part_03_PDF_0501-0750.md#L16198-L16200,True
frowzy,frowzy,frowzy,[],hz-014713,entry_candidate,raw_ocr,medium,3,641,,dictionary/F/F-08.md,hz-014713-frowzy,sources/Hezareh_Dictionary_Index/source/Hezareh_Part_03_PDF_0501-0750.md#L16201-L16203,True
froze,froze,froze,[],hz-014714,entry_candidate,raw_ocr,high,3,641,,dictionary/F/F-08.md,hz-014714-froze,sources/Hezareh_Dictionary_Index/source/Hezareh_Part_03_PDF_0501-0750.md#L16204-L16206,True
frozen,frozen,frozen,[],hz-014715,entry_candidate,raw_ocr,high,3,641,,dictionary/F/F-08.md,hz-014715-frozen,sources/Hezareh_Dictionary_Index/source/Hezareh_Part_03_PDF_0501-0750.md#L16207-L16207,True
FRS,frs,frs,[],hz-014716,entry_candidate,raw_ocr,high,3,641,,dictionary/F/F-08.md,hz-014716-frs,sources/Hezareh_Dictionary_Index/source/Hezareh_Part_03_PDF_0501-0750.md#L16208-L16209,True
fruant,fruant,fruant,[],hz-035906,entry_candidate,raw_ocr,hint_only,8,1801,,dictionary/F/F-08.md,hz-035906-fruant,sources/Hezareh_Dictionary_Index/source/Hezareh_Part_08_PDF_1751-1976.md#L6118-L6118,False
fructification,fructification,fructification,[],hz-014717,entry_candidate,raw_ocr,medium,3,641,,dictionary/F/F-08.md,hz-014717-fructification,sources/Hezareh_Dictionary_Index/source/Hezareh_Part_03_PDF_0501-0750.md#L16210-L16211,True
fructify,fructify,fructify,[],hz-014718,entry_candidate,raw_ocr,high,3,641,,dictionary/F/F-08.md,hz-014718-fructify,sources/Hezareh_Dictionary_Index/source/Hezareh_Part_03_PDF_0501-0750.md#L16212-L16216,True
fructose,fructose,fructose,[],hz-014719,entry_candidate,raw_ocr,medium,3,641,,dictionary/F/F-08.md,hz-014719-fructose,sources/Hezareh_Dictionary_Index/source/Hezareh_Part_03_PDF_0501-0750.md#L16217-L16226,True
frugality,frugality,frugality,[],hz-014706,entry_candidate,raw_ocr,high,3,641,,dictionary/F/F-08.md,hz-014706-frugality,sources/Hezareh_Dictionary_Index/source/Hezareh_Part_03_PDF_0501-0750.md#L16227-L16229,True
frugally,frugally,frugally,[],hz-014707,entry_candidate,raw_ocr,medium,3,641,,dictionary/F/F-08.md,hz-014707-frugally,sources/Hezareh_Dictionary_Index/source/Hezareh_Part_03_PDF_0501-0750.md#L16230-L16244,True
fruit,fruit,fruit,[],hz-014708,entry_candidate,raw_ocr,medium,3,641,,dictionary/F/F-08.md,hz-014708-fruit,sources/Hezareh_Dictionary_Index/source/Hezareh_Part_03_PDF_0501-0750.md#L16248-L16248,True
fruit farm,fruit farm,fruit farm,[],hz-014721,entry_candidate,raw_ocr,medium,3,641,,dictionary/F/F-08.md,hz-014721-fruit-farm,sources/Hezareh_Dictionary_Index/source/Hezareh_Part_03_PDF_0501-0750.md#L16247-L16247,True
fruit farmer,fruit farmer,fruit farmer,[],hz-014722,entry_candidate,raw_ocr,medium,3,641,,dictionary/F/F-08.md,hz-014722-fruit-farmer,sources/Hezareh_Dictionary_Index/source/Hezareh_Part_03_PDF_0501-0750.md#L16248-L16248,True
fruit farming,fruit farming,fruit farming,[],hz-014723,entry_candidate,raw_ocr,medium,3,641,,dictionary/F/F-08.md,hz-014723-fruit-farming,sources/Hezareh_Dictionary_Index/source/Hezareh_Part_03_PDF_0501-0750.md#L16249-L16249,True
fruit machine,fruit machine,fruit machine,[],hz-014731,entry_candidate,raw_ocr,medium,3,642,,dictionary/F/F-08.md,hz-014731-fruit-machine,sources/Hezareh_Dictionary_Index/source/Hezareh_Part_03_PDF_0501-0750.md#L16289-L16290,True
fruit salad,fruit salad,fruit salad,[],hz-014732,entry_candidate,raw_ocr,medium,3,642,,dictionary/F/F-08.md,hz-014732-fruit-salad,sources/Hezareh_Dictionary_Index/source/Hezareh_Part_03_PDF_0501-0750.md#L16291-L16293,True
fruit salt,fruit salt,fruit salt,[],hz-014733,entry_candidate,raw_ocr,hint_only,3,642,,dictionary/F/F-08.md,hz-014733-fruit-salt,sources/Hezareh_Dictionary_Index/source/Hezareh_Part_03_PDF_0501-0750.md#L16274-L16274,False
fruit-fly,fruit-fly,fruit-fly,[],hz-014724,entry_candidate,raw_ocr,medium,3,641,,dictionary/F/F-08.md,hz-014724-fruit-fly,sources/Hezareh_Dictionary_Index/source/Hezareh_Part_03_PDF_0501-0750.md#L16250-L16253,True
fruiterer,fruiterer,fruiterer,[],hz-014720,entry_candidate,raw_ocr,medium,3,641,,dictionary/F/F-08.md,hz-014720-fruiterer,sources/Hezareh_Dictionary_Index/source/Hezareh_Part_03_PDF_0501-0750.md#L16245-L16246,True
fruitfully,fruitfully,fruitfully,[],hz-014725,entry_candidate,raw_ocr,medium,3,641,,dictionary/F/F-08.md,hz-014725-fruitfully,sources/Hezareh_Dictionary_Index/source/Hezareh_Part_03_PDF_0501-0750.md#L16254-L16255,True
fruitfulness,fruitfulness,fruitfulness,[],hz-014726,entry_candidate,raw_ocr,high,3,641,,dictionary/F/F-08.md,hz-014726-fruitfulness,sources/Hezareh_Dictionary_Index/source/Hezareh_Part_03_PDF_0501-0750.md#L16256-L16259,True
fruitineSS,fruitiness,fruitiness,[],hz-014727,entry_candidate,raw_ocr,medium,3,641,,dictionary/F/F-08.md,hz-014727-fruitiness,sources/Hezareh_Dictionary_Index/source/Hezareh_Part_03_PDF_0501-0750.md#L16260-L16263,True
fruition,fruition,fruition,[],hz-014728,entry_candidate,raw_ocr,low,3,641,,dictionary/F/F-08.md,hz-014728-fruition,sources/Hezareh_Dictionary_Index/source/Hezareh_Part_03_PDF_0501-0750.md#L16264-L16270,True
fruitlessly,fruitlessly,fruitlessly,[],hz-014729,entry_candidate,raw_ocr,medium,3,642,,dictionary/F/F-08.md,hz-014729-fruitlessly,sources/Hezareh_Dictionary_Index/source/Hezareh_Part_03_PDF_0501-0750.md#L16284-L16284,True
fruitlessness,fruitlessness,fruitlessness,[],hz-014730,entry_candidate,raw_ocr,medium,3,642,,dictionary/F/F-08.md,hz-014730-fruitlessness,sources/Hezareh_Dictionary_Index/source/Hezareh_Part_03_PDF_0501-0750.md#L16285-L16288,True
fruity,fruity,fruity,[],hz-014734,entry_candidate,raw_ocr,high,3,642,,dictionary/F/F-08.md,hz-014734-fruity,sources/Hezareh_Dictionary_Index/source/Hezareh_Part_03_PDF_0501-0750.md#L16294-L16299,True
frump,frump,frump,[],hz-014735,entry_candidate,raw_ocr,medium,3,642,,dictionary/F/F-08.md,hz-014735-frump,sources/Hezareh_Dictionary_Index/source/Hezareh_Part_03_PDF_0501-0750.md#L16300-L16301,True
frumpish,frumpish,frumpish,[],hz-014736,entry_candidate,raw_ocr,low,3,642,,dictionary/F/F-08.md,hz-014736-frumpish,sources/Hezareh_Dictionary_Index/source/Hezareh_Part_03_PDF_0501-0750.md#L16302-L16302,True
frumpy,frumpy,frumpy,[],hz-014737,entry_candidate,raw_ocr,high,3,642,,dictionary/F/F-08.md,hz-014737-frumpy,sources/Hezareh_Dictionary_Index/source/Hezareh_Part_03_PDF_0501-0750.md#L16302-L16302,True
frustrate,frustrate,frustrate,[],hz-014738,entry_candidate,raw_ocr,high,3,642,,dictionary/F/F-08.md,hz-014738-frustrate,sources/Hezareh_Dictionary_Index/source/Hezareh_Part_03_PDF_0501-0750.md#L16303-L16308,True
frustrated,frustrated,frustrated,[],hz-014739,entry_candidate,raw_ocr,low,3,642,,dictionary/F/F-08.md,hz-014739-frustrated,sources/Hezareh_Dictionary_Index/source/Hezareh_Part_03_PDF_0501-0750.md#L16309-L16311,True
frustrating,frustrating,frustrating,[],hz-014740,entry_candidate,raw_ocr,medium,3,642,,dictionary/F/F-08.md,hz-014740-frustrating,sources/Hezareh_Dictionary_Index/source/Hezareh_Part_03_PDF_0501-0750.md#L16312-L16314,True
frustratingly,frustratingly,frustratingly,[],hz-014741,entry_candidate,raw_ocr,high,3,642,,dictionary/F/F-08.md,hz-014741-frustratingly,sources/Hezareh_Dictionary_Index/source/Hezareh_Part_03_PDF_0501-0750.md#L16315-L16317,True
frustration,frustration,frustration,[],hz-014742,entry_candidate,raw_ocr,medium,3,642,,dictionary/F/F-08.md,hz-014742-frustration,sources/Hezareh_Dictionary_Index/source/Hezareh_Part_03_PDF_0501-0750.md#L16318-L16320,True
fry,fry,fry,[],hz-014743,entry_candidate,raw_ocr,medium,3,642,,dictionary/F/F-08.md,hz-014743-fry,sources/Hezareh_Dictionary_Index/source/Hezareh_Part_03_PDF_0501-0750.md#L16321-L16328,True
fry-pan,fry-pan,fry-pan,[],hz-014748,entry_candidate,raw_ocr,high,3,642,,dictionary/F/F-08.md,hz-014748-fry-pan,sources/Hezareh_Dictionary_Index/source/Hezareh_Part_03_PDF_0501-0750.md#L16340-L16345,True
fry-up,fry-up,fry-up,[],hz-014749,entry_candidate,raw_ocr,hint_only,3,642,,dictionary/F/F-08.md,hz-014749-fry-up,sources/Hezareh_Dictionary_Index/source/Hezareh_Part_03_PDF_0501-0750.md#L16274-L16274,False
fryer,fryer,fryer,[],hz-014756,entry_candidate,raw_ocr,medium,3,642,,dictionary/F/F-08.md,hz-014756-fryer,sources/Hezareh_Dictionary_Index/source/Hezareh_Part_03_PDF_0501-0750.md#L16329-L16336,True
frying,frying,frying,[],hz-014744,entry_candidate,raw_ocr,medium,3,642,,dictionary/F/F-08.md,hz-014744-frying,sources/Hezareh_Dictionary_Index/source/Hezareh_Part_03_PDF_0501-0750.md#L16337-L16337,True
frying-pan,frying-pan,frying-pan,[],hz-014745,entry_candidate,raw_ocr,medium,3,642,,dictionary/F/F-08.md,hz-014745-frying-pan,sources/Hezareh_Dictionary_Index/source/Hezareh_Part_03_PDF_0501-0750.md#L16338-L16339,True
Ft,ft,ft,[],hz-014750,entry_candidate,raw_ocr,high,3,642,,dictionary/F/F-08.md,hz-014750-ft,sources/Hezareh_Dictionary_Index/source/Hezareh_Part_03_PDF_0501-0750.md#L16346-L16346,True
ftre-control,ftre-control,ftre-control,[],hz-013626,entry_candidate,raw_ocr,hint_only,3,588,,dictionary/F/F-08.md,hz-013626-ftre-control,sources/Hezareh_Dictionary_Index/source/Hezareh_Part_03_PDF_0501-0750.md#L10112-L10112,False
fuchsia,fuchsia,fuchsia,[],hz-014751,entry_candidate,raw_ocr,high,3,642,,dictionary/F/F-08.md,hz-014751-fuchsia,sources/Hezareh_Dictionary_Index/source/Hezareh_Part_03_PDF_0501-0750.md#L16347-L16347,True
fuck,fuck,fuck,[],hz-014752,entry_candidate,raw_ocr,high,3,642,,dictionary/F/F-08.md,hz-014752-fuck,sources/Hezareh_Dictionary_Index/source/Hezareh_Part_03_PDF_0501-0750.md#L16348-L16355,True
fuck all,fuck all,fuck all,[],hz-014754,entry_candidate,raw_ocr,high,3,642,,dictionary/F/F-08.md,hz-014754-fuck-all,sources/Hezareh_Dictionary_Index/source/Hezareh_Part_03_PDF_0501-0750.md#L16365-L16365,True
fucked,fucked,fucked,[],hz-014755,entry_candidate,raw_ocr,high,3,642,,dictionary/F/F-08.md,hz-014755-fucked,sources/Hezareh_Dictionary_Index/source/Hezareh_Part_03_PDF_0501-0750.md#L16366-L16370,True
fucker,fucker,fucker,[],hz-014746,entry_candidate,raw_ocr,hint_only,3,642,,dictionary/F/F-08.md,hz-014746-fucker,sources/Hezareh_Dictionary_Index/source/Hezareh_Part_03_PDF_0501-0750.md#L16274-L16274,False
fucking,fucking,fucking,[],hz-014747,entry_candidate,raw_ocr,high,3,642,,dictionary/F/F-08.md,hz-014747-fucking,sources/Hezareh_Dictionary_Index/source/Hezareh_Part_03_PDF_0501-0750.md#L16371-L16375,True
fuddle,fuddle,fuddle,[],hz-014757,entry_candidate,raw_ocr,high,3,642,,dictionary/F/F-08.md,hz-014757-fuddle,sources/Hezareh_Dictionary_Index/source/Hezareh_Part_03_PDF_0501-0750.md#L16376-L16377,True
fuddled,fuddled,fuddled,[],hz-014758,entry_candidate,raw_ocr,high,3,642,,dictionary/F/F-08.md,hz-014758-fuddled,sources/Hezareh_Dictionary_Index/source/Hezareh_Part_03_PDF_0501-0750.md#L16378-L16379,True
fuddy-duddy,fuddy-duddy,fuddy-duddy,[],hz-014759,entry_candidate,raw_ocr,high,3,642,,dictionary/F/F-08.md,hz-014759-fuddy-duddy,sources/Hezareh_Dictionary_Index/source/Hezareh_Part_03_PDF_0501-0750.md#L16380-L16385,True
fudge,fudge,fudge,[],hz-014760,entry_candidate,raw_ocr,high,3,643,,dictionary/F/F-08.md,hz-014760-fudge,sources/Hezareh_Dictionary_Index/source/Hezareh_Part_03_PDF_0501-0750.md#L16398-L16419,True
fuel,fuel,fuel,[],hz-014761,entry_candidate,raw_ocr,medium,3,643,,dictionary/F/F-08.md,hz-014761-fuel,sources/Hezareh_Dictionary_Index/source/Hezareh_Part_03_PDF_0501-0750.md#L16420-L16423,True
fuel injection,fuel injection,fuel injection,[],hz-014762,entry_candidate,raw_ocr,medium,3,643,,dictionary/F/F-08.md,hz-014762-fuel-injection,sources/Hezareh_Dictionary_Index/source/Hezareh_Part_03_PDF_0501-0750.md#L16420-L16423,True
fug,fug,fug,[],hz-014763,entry_candidate,raw_ocr,low,3,643,,dictionary/F/F-08.md,hz-014763-fug,sources/Hezareh_Dictionary_Index/source/Hezareh_Part_03_PDF_0501-0750.md#L16429-L16429,True
fuggy,fuggy,fuggy,[],hz-014764,entry_candidate,raw_ocr,low,3,643,,dictionary/F/F-08.md,hz-014764-fuggy,sources/Hezareh_Dictionary_Index/source/Hezareh_Part_03_PDF_0501-0750.md#L16424-L16425,True
fugitive,fugitive,fugitive,[],hz-014765,entry_candidate,raw_ocr,medium,3,643,,dictionary/F/F-08.md,hz-014765-fugitive,sources/Hezareh_Dictionary_Index/source/Hezareh_Part_03_PDF_0501-0750.md#L16426-L16428,True
fulcra,fulcra,fulcra,[],hz-014766,entry_candidate,raw_ocr,high,3,643,,dictionary/F/F-08.md,hz-014766-fulcra,sources/Hezareh_Dictionary_Index/source/Hezareh_Part_03_PDF_0501-0750.md#L16430-L16430,True
fulcrum,fulcrum,fulcrum,[],hz-014767,entry_candidate,raw_ocr,high,3,643,,dictionary/F/F-08.md,hz-014767-fulcrum,sources/Hezareh_Dictionary_Index/source/Hezareh_Part_03_PDF_0501-0750.md#L16431-L16432,True
fulfil,fulfil,fulfil,[],hz-014768,entry_candidate,raw_ocr,medium,3,643,,dictionary/F/F-08.md,hz-014768-fulfil,sources/Hezareh_Dictionary_Index/source/Hezareh_Part_03_PDF_0501-0750.md#L16433-L16439,True
fulfil,fulfil,fulfil,[],hz-027517,entry_candidate,raw_ocr,high,6,1320,,dictionary/F/F-08.md,hz-027517-fulfil,sources/Hezareh_Dictionary_Index/source/Hezareh_Part_06_PDF_1251-1500.md#L8216-L8225,True
fulfill,fulfill,fulfill,[],hz-014769,entry_candidate,raw_ocr,high,3,643,,dictionary/F/F-08.md,hz-014769-fulfill,sources/Hezareh_Dictionary_Index/source/Hezareh_Part_03_PDF_0501-0750.md#L16440-L16448,True
fulfilled,fulfilled,fulfilled,[],hz-014770,entry_candidate,raw_ocr,high,3,643,,dictionary/F/F-08.md,hz-014770-fulfilled,sources/Hezareh_Dictionary_Index/source/Hezareh_Part_03_PDF_0501-0750.md#L16433-L16439,True
fulfilling,fulfilling,fulfilling,[],hz-014771,entry_candidate,raw_ocr,high,3,643,,dictionary/F/F-08.md,hz-014771-fulfilling,sources/Hezareh_Dictionary_Index/source/Hezareh_Part_03_PDF_0501-0750.md#L16449-L16449,True
fulfillment,fulfillment,fulfillment,[],hz-014772,entry_candidate,raw_ocr,high,3,643,,dictionary/F/F-08.md,hz-014772-fulfillment,sources/Hezareh_Dictionary_Index/source/Hezareh_Part_03_PDF_0501-0750.md#L16450-L16450,True
fulfilment,fulfilment,fulfilment,[],hz-014773,entry_candidate,raw_ocr,high,3,643,,dictionary/F/F-08.md,hz-014773-fulfilment,sources/Hezareh_Dictionary_Index/source/Hezareh_Part_03_PDF_0501-0750.md#L16451-L16459,True
full,full,full,[],hz-014774,entry_candidate,raw_ocr,high,3,643,,dictionary/F/F-08.md,hz-014774-full,sources/Hezareh_Dictionary_Index/source/Hezareh_Part_03_PDF_0501-0750.md#L16484-L16493,True
full dress,full dress,full dress,[],hz-014785,entry_candidate,raw_ocr,low,3,644,,dictionary/F/F-08.md,hz-014785-full-dress,sources/Hezareh_Dictionary_Index/source/Hezareh_Part_03_PDF_0501-0750.md#L16554-L16556,True
full house,full house,full house,[],hz-014792,entry_candidate,raw_ocr,high,3,644,,dictionary/F/F-08.md,hz-014792-full-house,sources/Hezareh_Dictionary_Index/source/Hezareh_Part_03_PDF_0501-0750.md#L16573-L16575,True
full marks,full marks,full marks,[],hz-014794,entry_candidate,raw_ocr,high,3,644,,dictionary/F/F-08.md,hz-014794-full-marks,sources/Hezareh_Dictionary_Index/source/Hezareh_Part_03_PDF_0501-0750.md#L16579-L16579,True
full moon,full moon,full moon,[],hz-014795,entry_candidate,raw_ocr,high,3,644,,dictionary/F/F-08.md,hz-014795-full-moon,sources/Hezareh_Dictionary_Index/source/Hezareh_Part_03_PDF_0501-0750.md#L16580-L16590,True
full of,full of,full of,[],hz-026417,entry_candidate,raw_ocr,medium,6,1257,,dictionary/F/F-08.md,hz-026417-full-of,sources/Hezareh_Dictionary_Index/source/Hezareh_Part_06_PDF_1251-1500.md#L948-L960,True
full stop,full stop,full stop,[],hz-014799,entry_candidate,raw_ocr,high,3,644,,dictionary/F/F-08.md,hz-014799-full-stop,sources/Hezareh_Dictionary_Index/source/Hezareh_Part_03_PDF_0501-0750.md#L16593-L16597,True
full time,full time,full time,[],hz-014800,entry_candidate,raw_ocr,high,3,644,,dictionary/F/F-08.md,hz-014800-full-time,sources/Hezareh_Dictionary_Index/source/Hezareh_Part_03_PDF_0501-0750.md#L16598-L16598,True
full-backt'ful bek,full-backt'ful bek,full-backt'ful bek,[],hz-014780,entry_candidate,raw_ocr,hint_only,3,644,,dictionary/F/F-08.md,hz-014780-full-backt-ful-bek,sources/Hezareh_Dictionary_Index/source/Hezareh_Part_03_PDF_0501-0750.md#L16500-L16500,False
full-blooded,full-blooded,full-blooded,[],hz-014781,entry_candidate,raw_ocr,high,3,644,,dictionary/F/F-08.md,hz-014781-full-blooded,sources/Hezareh_Dictionary_Index/source/Hezareh_Part_03_PDF_0501-0750.md#L16545-L16549,True
full-board,full-board,full-board,[],hz-014782,entry_candidate,raw_ocr,low,3,644,,dictionary/F/F-08.md,hz-014782-full-board,sources/Hezareh_Dictionary_Index/source/Hezareh_Part_03_PDF_0501-0750.md#L16550-L16550,True
full-bodied,full-bodied,full-bodied,[],hz-014783,entry_candidate,raw_ocr,medium,3,644,,dictionary/F/F-08.md,hz-014783-full-bodied,sources/Hezareh_Dictionary_Index/source/Hezareh_Part_03_PDF_0501-0750.md#L16551-L16551,True
full-colour,full-colour,full-colour,[],hz-014784,entry_candidate,raw_ocr,medium,3,644,,dictionary/F/F-08.md,hz-014784-full-colour,sources/Hezareh_Dictionary_Index/source/Hezareh_Part_03_PDF_0501-0750.md#L16552-L16553,True
full-fashioned,full-fashioned,full-fashioned,[],hz-014787,entry_candidate,raw_ocr,medium,3,644,,dictionary/F/F-08.md,hz-014787-full-fashioned,sources/Hezareh_Dictionary_Index/source/Hezareh_Part_03_PDF_0501-0750.md#L16568-L16568,True
full-fat,full-fat,full-fat,[],hz-014789,entry_candidate,raw_ocr,high,3,644,,dictionary/F/F-08.md,hz-014789-full-fat,sources/Hezareh_Dictionary_Index/source/Hezareh_Part_03_PDF_0501-0750.md#L16569-L16569,True
full-fledged,full-fledged,full-fledged,[],hz-014790,entry_candidate,raw_ocr,high,3,644,,dictionary/F/F-08.md,hz-014790-full-fledged,sources/Hezareh_Dictionary_Index/source/Hezareh_Part_03_PDF_0501-0750.md#L16570-L16570,True
full-grown,full-grown,full-grown,[],hz-014791,entry_candidate,raw_ocr,high,3,644,,dictionary/F/F-08.md,hz-014791-full-grown,sources/Hezareh_Dictionary_Index/source/Hezareh_Part_03_PDF_0501-0750.md#L16571-L16572,True
full-size,full-size,full-size,[],hz-014797,entry_candidate,raw_ocr,high,3,644,,dictionary/F/F-08.md,hz-014797-full-size,sources/Hezareh_Dictionary_Index/source/Hezareh_Part_03_PDF_0501-0750.md#L16591-L16591,True
full-sized,full-sized,full-sized,[],hz-014798,entry_candidate,raw_ocr,high,3,644,,dictionary/F/F-08.md,hz-014798-full-sized,sources/Hezareh_Dictionary_Index/source/Hezareh_Part_03_PDF_0501-0750.md#L16592-L16592,True
full-time,full-time,full-time,[],hz-014801,entry_candidate,raw_ocr,high,3,644,,dictionary/F/F-08.md,hz-014801-full-time,sources/Hezareh_Dictionary_Index/source/Hezareh_Part_03_PDF_0501-0750.md#L16599-L16601,True
fuller,fuller,fuller,[],hz-014786,entry_candidate,raw_ocr,medium,3,644,,dictionary/F/F-08.md,hz-014786-fuller,sources/Hezareh_Dictionary_Index/source/Hezareh_Part_03_PDF_0501-0750.md#L16557-L16564,True
fuller's earth,fuller's earth,fuller's earth,[],hz-014788,entry_candidate,raw_ocr,medium,3,644,,dictionary/F/F-08.md,hz-014788-fuller-s-earth,sources/Hezareh_Dictionary_Index/source/Hezareh_Part_03_PDF_0501-0750.md#L16565-L16567,True
fulling,fulling,fulling,[],hz-014793,entry_candidate,raw_ocr,high,3,644,,dictionary/F/F-08.md,hz-014793-fulling,sources/Hezareh_Dictionary_Index/source/Hezareh_Part_03_PDF_0501-0750.md#L16576-L16578,True
fullnesst'fulms,fullnesst'fulms,fullnesst'fulms,[],hz-014796,entry_candidate,raw_ocr,hint_only,3,644,,dictionary/F/F-08.md,hz-014796-fullnesst-fulms,sources/Hezareh_Dictionary_Index/source/Hezareh_Part_03_PDF_0501-0750.md#L16500-L16500,False
fully,fully,fully,[],hz-014802,entry_candidate,raw_ocr,high,3,644,,dictionary/F/F-08.md,hz-014802-fully,sources/Hezareh_Dictionary_Index/source/Hezareh_Part_03_PDF_0501-0750.md#L16602-L16603,True
fully-fashioned,fully-fashioned,fully-fashioned,[],hz-014803,entry_candidate,raw_ocr,high,3,644,,dictionary/F/F-08.md,hz-014803-fully-fashioned,sources/Hezareh_Dictionary_Index/source/Hezareh_Part_03_PDF_0501-0750.md#L16604-L16604,True
fully-fledged,fully-fledged,fully-fledged,[],hz-014804,entry_candidate,raw_ocr,high,3,644,,dictionary/F/F-08.md,hz-014804-fully-fledged,sources/Hezareh_Dictionary_Index/source/Hezareh_Part_03_PDF_0501-0750.md#L16605-L16607,True
fully-grown,fully-grown,fully-grown,[],hz-014805,entry_candidate,raw_ocr,high,3,644,,dictionary/F/F-08.md,hz-014805-fully-grown,sources/Hezareh_Dictionary_Index/source/Hezareh_Part_03_PDF_0501-0750.md#L16608-L16613,True
fulmar,fulmar,fulmar,[],hz-014806,entry_candidate,raw_ocr,high,3,645,,dictionary/F/F-08.md,hz-014806-fulmar,sources/Hezareh_Dictionary_Index/source/Hezareh_Part_03_PDF_0501-0750.md#L16626-L16628,True
fulminate,fulminate,fulminate,[],hz-014807,entry_candidate,raw_ocr,medium,3,645,,dictionary/F/F-08.md,hz-014807-fulminate,sources/Hezareh_Dictionary_Index/source/Hezareh_Part_03_PDF_0501-0750.md#L16629-L16630,True
fulmination,fulmination,fulmination,[],hz-014808,entry_candidate,raw_ocr,high,3,645,,dictionary/F/F-08.md,hz-014808-fulmination,sources/Hezareh_Dictionary_Index/source/Hezareh_Part_03_PDF_0501-0750.md#L16631-L16632,True
fulsome,fulsome,fulsome,[],hz-014809,entry_candidate,raw_ocr,medium,3,645,,dictionary/F/F-08.md,hz-014809-fulsome,sources/Hezareh_Dictionary_Index/source/Hezareh_Part_03_PDF_0501-0750.md#L16633-L16636,True
fulsomely,fulsomely,fulsomely,[],hz-014810,entry_candidate,raw_ocr,hint_only,3,645,,dictionary/F/F-08.md,hz-014810-fulsomely,sources/Hezareh_Dictionary_Index/source/Hezareh_Part_03_PDF_0501-0750.md#L16617-L16617,False
fulsomeness,fulsomeness,fulsomeness,[],hz-014811,entry_candidate,raw_ocr,medium,3,645,,dictionary/F/F-08.md,hz-014811-fulsomeness,sources/Hezareh_Dictionary_Index/source/Hezareh_Part_03_PDF_0501-0750.md#L16637-L16637,True
fumble,fumble,fumble,[],hz-014812,entry_candidate,raw_ocr,medium,3,645,,dictionary/F/F-08.md,hz-014812-fumble,sources/Hezareh_Dictionary_Index/source/Hezareh_Part_03_PDF_0501-0750.md#L16638-L16650,True
fume,fume,fume,[],hz-014813,entry_candidate,raw_ocr,medium,3,645,,dictionary/F/F-08.md,hz-014813-fume,sources/Hezareh_Dictionary_Index/source/Hezareh_Part_03_PDF_0501-0750.md#L16651-L16660,True
fumigation,fumigation,fumigation,[],hz-014814,entry_candidate,raw_ocr,medium,3,645,,dictionary/F/F-08.md,hz-014814-fumigation,sources/Hezareh_Dictionary_Index/source/Hezareh_Part_03_PDF_0501-0750.md#L16661-L16676,True
fun,fun,fun,[],hz-014815,entry_candidate,raw_ocr,high,3,645,,dictionary/F/F-08.md,hz-014815-fun,sources/Hezareh_Dictionary_Index/source/Hezareh_Part_03_PDF_0501-0750.md#L16683-L16691,True
fun-loving,fun-loving,fun-loving,[],hz-014845,entry_candidate,raw_ocr,high,3,646,,dictionary/F/F-08.md,hz-014845-fun-loving,sources/Hezareh_Dictionary_Index/source/Hezareh_Part_03_PDF_0501-0750.md#L16812-L16812,True
function word,function word,function word,[],hz-014824,entry_candidate,raw_ocr,high,3,645,,dictionary/F/F-08.md,hz-014824-function-word,sources/Hezareh_Dictionary_Index/source/Hezareh_Part_03_PDF_0501-0750.md#L16717-L16718,True
functional,functional,functional,[],hz-014818,entry_candidate,raw_ocr,high,3,645,,dictionary/F/F-08.md,hz-014818-functional,sources/Hezareh_Dictionary_Index/source/Hezareh_Part_03_PDF_0501-0750.md#L16703-L16706,True
functionalism,functionalism,functionalism,[],hz-014819,entry_candidate,raw_ocr,high,3,645,,dictionary/F/F-08.md,hz-014819-functionalism,sources/Hezareh_Dictionary_Index/source/Hezareh_Part_03_PDF_0501-0750.md#L16707-L16708,True
functionalist,functionalist,functionalist,[],hz-014820,entry_candidate,raw_ocr,high,3,645,,dictionary/F/F-08.md,hz-014820-functionalist,sources/Hezareh_Dictionary_Index/source/Hezareh_Part_03_PDF_0501-0750.md#L16709-L16710,True
functionality,functionality,functionality,[],hz-014821,entry_candidate,raw_ocr,high,3,645,,dictionary/F/F-08.md,hz-014821-functionality,sources/Hezareh_Dictionary_Index/source/Hezareh_Part_03_PDF_0501-0750.md#L16711-L16712,True
functionally,functionally,functionally,[],hz-014822,entry_candidate,raw_ocr,high,3,645,,dictionary/F/F-08.md,hz-014822-functionally,sources/Hezareh_Dictionary_Index/source/Hezareh_Part_03_PDF_0501-0750.md#L16713-L16714,True
functionary,functionary,functionary,[],hz-014823,entry_candidate,raw_ocr,high,3,645,,dictionary/F/F-08.md,hz-014823-functionary,sources/Hezareh_Dictionary_Index/source/Hezareh_Part_03_PDF_0501-0750.md#L16715-L16716,True
fund,fund,fund,[],hz-014825,entry_candidate,raw_ocr,high,3,645,,dictionary/F/F-08.md,hz-014825-fund,sources/Hezareh_Dictionary_Index/source/Hezareh_Part_03_PDF_0501-0750.md#L16719-L16724,True
fund-raiser,fund-raiser,fund-raiser,[],hz-014831,entry_candidate,raw_ocr,medium,3,646,,dictionary/F/F-08.md,hz-014831-fund-raiser,sources/Hezareh_Dictionary_Index/source/Hezareh_Part_03_PDF_0501-0750.md#L16756-L16757,True
fund-raising,fund-raising,fund-raising,[],hz-014832,entry_candidate,raw_ocr,medium,3,646,,dictionary/F/F-08.md,hz-014832-fund-raising,sources/Hezareh_Dictionary_Index/source/Hezareh_Part_03_PDF_0501-0750.md#L16758-L16762,True
fundamental,fundamental,fundamental,[],hz-014826,entry_candidate,raw_ocr,medium,3,646,,dictionary/F/F-08.md,hz-014826-fundamental,sources/Hezareh_Dictionary_Index/source/Hezareh_Part_03_PDF_0501-0750.md#L16745-L16750,True
fundamentalism,fundamentalism,fundamentalism,[],hz-014829,entry_candidate,raw_ocr,high,3,646,,dictionary/F/F-08.md,hz-014829-fundamentalism,sources/Hezareh_Dictionary_Index/source/Hezareh_Part_03_PDF_0501-0750.md#L16751-L16755,True
fundamentalist,fundamentalist,fundamentalist,[],hz-014830,entry_candidate,raw_ocr,hint_only,3,646,,dictionary/F/F-08.md,hz-014830-fundamentalist,sources/Hezareh_Dictionary_Index/source/Hezareh_Part_03_PDF_0501-0750.md#L16728-L16728,False
funeral director,funeral director,funeral director,[],hz-014834,entry_candidate,raw_ocr,high,3,646,,dictionary/F/F-08.md,hz-014834-funeral-director,sources/Hezareh_Dictionary_Index/source/Hezareh_Part_03_PDF_0501-0750.md#L16770-L16771,True
funeral home,funeral home,funeral home,[],hz-014835,entry_candidate,raw_ocr,high,3,646,,dictionary/F/F-08.md,hz-014835-funeral-home,sources/Hezareh_Dictionary_Index/source/Hezareh_Part_03_PDF_0501-0750.md#L16772-L16772,True
funeral parlour,funeral parlour,funeral parlour,[],hz-014836,entry_candidate,raw_ocr,high,3,646,,dictionary/F/F-08.md,hz-014836-funeral-parlour,sources/Hezareh_Dictionary_Index/source/Hezareh_Part_03_PDF_0501-0750.md#L16773-L16775,True
funerary,funerary,funerary,[],hz-014837,entry_candidate,raw_ocr,medium,3,646,,dictionary/F/F-08.md,hz-014837-funerary,sources/Hezareh_Dictionary_Index/source/Hezareh_Part_03_PDF_0501-0750.md#L16776-L16778,True
funereal,funereal,funereal,[],hz-014838,entry_candidate,raw_ocr,low,3,646,,dictionary/F/F-08.md,hz-014838-funereal,sources/Hezareh_Dictionary_Index/source/Hezareh_Part_03_PDF_0501-0750.md#L16779-L16781,True
funfair,funfair,funfair,[],hz-014839,entry_candidate,raw_ocr,hint_only,3,646,,dictionary/F/F-08.md,hz-014839-funfair,sources/Hezareh_Dictionary_Index/source/Hezareh_Part_03_PDF_0501-0750.md#L16728-L16728,False
fungi,fungi,fungi,[],hz-014840,entry_candidate,raw_ocr,medium,3,646,,dictionary/F/F-08.md,hz-014840-fungi,sources/Hezareh_Dictionary_Index/source/Hezareh_Part_03_PDF_0501-0750.md#L16782-L16788,True
fungicide,fungicide,fungicide,[],hz-014827,entry_candidate,raw_ocr,high,3,646,,dictionary/F/F-08.md,hz-014827-fungicide,sources/Hezareh_Dictionary_Index/source/Hezareh_Part_03_PDF_0501-0750.md#L16790-L16790,True
fungoid,fungoid,fungoid,[],hz-014828,entry_candidate,raw_ocr,high,3,646,,dictionary/F/F-08.md,hz-014828-fungoid,sources/Hezareh_Dictionary_Index/source/Hezareh_Part_03_PDF_0501-0750.md#L16791-L16793,True
fungous,fungous,fungous,[],hz-014841,entry_candidate,raw_ocr,medium,3,646,,dictionary/F/F-08.md,hz-014841-fungous,sources/Hezareh_Dictionary_Index/source/Hezareh_Part_03_PDF_0501-0750.md#L16794-L16796,True
funguS,fungus,fungus,[],hz-014842,entry_candidate,raw_ocr,medium,3,646,,dictionary/F/F-08.md,hz-014842-fungus,sources/Hezareh_Dictionary_Index/source/Hezareh_Part_03_PDF_0501-0750.md#L16782-L16788,True
funicular,funicular,funicular,[],hz-014843,entry_candidate,raw_ocr,medium,3,646,,dictionary/F/F-08.md,hz-014843-funicular,sources/Hezareh_Dictionary_Index/source/Hezareh_Part_03_PDF_0501-0750.md#L16797-L16808,True
funky,funky,funky,[],hz-014844,entry_candidate,raw_ocr,high,3,646,,dictionary/F/F-08.md,hz-014844-funky,sources/Hezareh_Dictionary_Index/source/Hezareh_Part_03_PDF_0501-0750.md#L16809-L16811,True
funnel,funnel,funnel,[],hz-014846,entry_candidate,raw_ocr,high,3,646,,dictionary/F/F-08.md,hz-014846-funnel,sources/Hezareh_Dictionary_Index/source/Hezareh_Part_03_PDF_0501-0750.md#L16813-L16820,True
funnies,funnies,funnies,[],hz-014847,entry_candidate,raw_ocr,medium,3,646,,dictionary/F/F-08.md,hz-014847-funnies,sources/Hezareh_Dictionary_Index/source/Hezareh_Part_03_PDF_0501-0750.md#L16821-L16821,True
funnily,funnily,funnily,[],hz-014848,entry_candidate,raw_ocr,medium,3,646,,dictionary/F/F-08.md,hz-014848-funnily,sources/Hezareh_Dictionary_Index/source/Hezareh_Part_03_PDF_0501-0750.md#L16822-L16844,True
funnineSS,funniness,funniness,[],hz-014849,entry_candidate,raw_ocr,hint_only,3,646,,dictionary/F/F-08.md,hz-014849-funniness,sources/Hezareh_Dictionary_Index/source/Hezareh_Part_03_PDF_0501-0750.md#L16728-L16728,False
funny-bone,funny-bone,funny-bone,[],hz-014850,entry_candidate,raw_ocr,high,3,646,,dictionary/F/F-08.md,hz-014850-funny-bone,sources/Hezareh_Dictionary_Index/source/Hezareh_Part_03_PDF_0501-0750.md#L16789-L16789,True
fur,fur,fur,[],hz-014851,entry_candidate,raw_ocr,high,3,647,,dictionary/F/F-08.md,hz-014851-fur,sources/Hezareh_Dictionary_Index/source/Hezareh_Part_03_PDF_0501-0750.md#L16881-L16884,True
furbish,furbish,furbish,[],hz-014852,entry_candidate,raw_ocr,medium,3,647,,dictionary/F/F-08.md,hz-014852-furbish,sources/Hezareh_Dictionary_Index/source/Hezareh_Part_03_PDF_0501-0750.md#L16885-L16888,True
furiOUS,furious,furious,[],hz-014853,entry_candidate,raw_ocr,high,3,647,,dictionary/F/F-08.md,hz-014853-furious,sources/Hezareh_Dictionary_Index/source/Hezareh_Part_03_PDF_0501-0750.md#L16889-L16893,True
furiously,furiously,furiously,[],hz-014854,entry_candidate,raw_ocr,high,3,647,,dictionary/F/F-08.md,hz-014854-furiously,sources/Hezareh_Dictionary_Index/source/Hezareh_Part_03_PDF_0501-0750.md#L16894-L16898,True
furlong,furlong,furlong,[],hz-014855,entry_candidate,raw_ocr,medium,3,647,,dictionary/F/F-08.md,hz-014855-furlong,sources/Hezareh_Dictionary_Index/source/Hezareh_Part_03_PDF_0501-0750.md#L16899-L16911,True
furnace,furnace,furnace,[],hz-014856,entry_candidate,raw_ocr,hint_only,3,647,,dictionary/F/F-08.md,hz-014856-furnace,sources/Hezareh_Dictionary_Index/source/Hezareh_Part_03_PDF_0501-0750.md#L16848-L16848,False
furnish,furnish,furnish,[],hz-014857,entry_candidate,raw_ocr,high,3,647,,dictionary/F/F-08.md,hz-014857-furnish,sources/Hezareh_Dictionary_Index/source/Hezareh_Part_03_PDF_0501-0750.md#L16912-L16913,True
furnishings,furnishings,furnishings,[],hz-014858,entry_candidate,raw_ocr,high,3,647,,dictionary/F/F-08.md,hz-014858-furnishings,sources/Hezareh_Dictionary_Index/source/Hezareh_Part_03_PDF_0501-0750.md#L16914-L16919,True
furniture,furniture,furniture,[],hz-014859,entry_candidate,raw_ocr,low,3,647,,dictionary/F/F-08.md,hz-014859-furniture,sources/Hezareh_Dictionary_Index/source/Hezareh_Part_03_PDF_0501-0750.md#L16920-L16930,True
furred,furred,furred,[],hz-014860,entry_candidate,raw_ocr,medium,3,647,,dictionary/F/F-08.md,hz-014860-furred,sources/Hezareh_Dictionary_Index/source/Hezareh_Part_03_PDF_0501-0750.md#L16931-L16931,True
furrier,furrier,furrier,[],hz-014861,entry_candidate,raw_ocr,medium,3,647,,dictionary/F/F-08.md,hz-014861-furrier,sources/Hezareh_Dictionary_Index/source/Hezareh_Part_03_PDF_0501-0750.md#L16932-L16933,True
furrow,furrow,furrow,[],hz-014862,entry_candidate,raw_ocr,medium,3,647,,dictionary/F/F-08.md,hz-014862-furrow,sources/Hezareh_Dictionary_Index/source/Hezareh_Part_03_PDF_0501-0750.md#L16934-L16937,True
furry,furry,furry,[],hz-014863,entry_candidate,raw_ocr,high,3,647,,dictionary/F/F-08.md,hz-014863-furry,sources/Hezareh_Dictionary_Index/source/Hezareh_Part_03_PDF_0501-0750.md#L16938-L16951,True
further,further,further,[],hz-014864,entry_candidate,raw_ocr,high,3,647,,dictionary/F/F-08.md,hz-014864-further,sources/Hezareh_Dictionary_Index/source/Hezareh_Part_03_PDF_0501-0750.md#L16952-L16961,True
furthermore,furthermore,furthermore,[],hz-014866,entry_candidate,raw_ocr,medium,3,647,,dictionary/F/F-08.md,hz-014866-furthermore,sources/Hezareh_Dictionary_Index/source/Hezareh_Part_03_PDF_0501-0750.md#L16972-L16974,True
furthermost,furthermost,furthermost,[],hz-014867,entry_candidate,raw_ocr,medium,3,647,,dictionary/F/F-08.md,hz-014867-furthermost,sources/Hezareh_Dictionary_Index/source/Hezareh_Part_03_PDF_0501-0750.md#L16975-L16977,True
furthest,furthest,furthest,[],hz-014868,entry_candidate,raw_ocr,high,3,648,,dictionary/F/F-08.md,hz-014868-furthest,sources/Hezareh_Dictionary_Index/source/Hezareh_Part_03_PDF_0501-0750.md#L16991-L16991,True
furtive,furtive,furtive,[],hz-014869,entry_candidate,raw_ocr,low,3,648,,dictionary/F/F-08.md,hz-014869-furtive,sources/Hezareh_Dictionary_Index/source/Hezareh_Part_03_PDF_0501-0750.md#L16992-L17021,True
furtively,furtively,furtively,[],hz-014870,entry_candidate,raw_ocr,hint_only,3,648,,dictionary/F/F-08.md,hz-014870-furtively,sources/Hezareh_Dictionary_Index/source/Hezareh_Part_03_PDF_0501-0750.md#L16981-L16981,False
fury I 'fjuan,fury i 'fjuan,fury i 'fjuan,[],hz-014871,entry_candidate,raw_ocr,hint_only,3,648,,dictionary/F/F-08.md,hz-014871-fury-i-fjuan,sources/Hezareh_Dictionary_Index/source/Hezareh_Part_03_PDF_0501-0750.md#L16981-L16981,False
fuse I oil,fuse i oil,fuse i oil,[],hz-014874,entry_candidate,raw_ocr,hint_only,3,648,,dictionary/F/F-08.md,hz-014874-fuse-i-oil,sources/Hezareh_Dictionary_Index/source/Hezareh_Part_03_PDF_0501-0750.md#L16981-L16981,False
fuse wire,fuse wire,fuse wire,[],hz-014875,entry_candidate,raw_ocr,medium,3,648,,dictionary/F/F-08.md,hz-014875-fuse-wire,sources/Hezareh_Dictionary_Index/source/Hezareh_Part_03_PDF_0501-0750.md#L17025-L17025,True
fuse-bOX,fuse-box,fuse-box,[],hz-014872,entry_candidate,raw_ocr,medium,3,648,,dictionary/F/F-08.md,hz-014872-fuse-box,sources/Hezareh_Dictionary_Index/source/Hezareh_Part_03_PDF_0501-0750.md#L17022-L17022,True
fuselage,fuselage,fuselage,[],hz-014873,entry_candidate,raw_ocr,medium,3,648,,dictionary/F/F-08.md,hz-014873-fuselage,sources/Hezareh_Dictionary_Index/source/Hezareh_Part_03_PDF_0501-0750.md#L17023-L17024,True
fusible,fusible,fusible,[],hz-014876,entry_candidate,raw_ocr,medium,3,648,,dictionary/F/F-08.md,hz-014876-fusible,sources/Hezareh_Dictionary_Index/source/Hezareh_Part_03_PDF_0501-0750.md#L17026-L17027,True
fusilier,fusilier,fusilier,[],hz-014877,entry_candidate,raw_ocr,low,3,648,,dictionary/F/F-08.md,hz-014877-fusilier,sources/Hezareh_Dictionary_Index/source/Hezareh_Part_03_PDF_0501-0750.md#L17028-L17028,True
fusillade,fusillade,fusillade,[],hz-014878,entry_candidate,raw_ocr,medium,3,648,,dictionary/F/F-08.md,hz-014878-fusillade,sources/Hezareh_Dictionary_Index/source/Hezareh_Part_03_PDF_0501-0750.md#L17029-L17031,True
fusion,fusion,fusion,[],hz-014879,entry_candidate,raw_ocr,medium,3,648,,dictionary/F/F-08.md,hz-014879-fusion,sources/Hezareh_Dictionary_Index/source/Hezareh_Part_03_PDF_0501-0750.md#L17032-L17063,True
fuss,fuss,fuss,[],hz-014880,entry_candidate,raw_ocr,high,3,648,,dictionary/F/F-08.md,hz-014880-fuss,sources/Hezareh_Dictionary_Index/source/Hezareh_Part_03_PDF_0501-0750.md#L17064-L17072,True
fuss about,fuss about,fuss about,[],hz-014881,entry_candidate,raw_ocr,high,3,648,,dictionary/F/F-08.md,hz-014881-fuss-about,sources/Hezareh_Dictionary_Index/source/Hezareh_Part_03_PDF_0501-0750.md#L17064-L17072,True
fussiness,fussiness,fussiness,[],hz-014882,entry_candidate,raw_ocr,high,3,648,,dictionary/F/F-08.md,hz-014882-fussiness,sources/Hezareh_Dictionary_Index/source/Hezareh_Part_03_PDF_0501-0750.md#L17073-L17074,True
fusspot,fusspot,fusspot,[],hz-014883,entry_candidate,raw_ocr,high,3,648,,dictionary/F/F-08.md,hz-014883-fusspot,sources/Hezareh_Dictionary_Index/source/Hezareh_Part_03_PDF_0501-0750.md#L17075-L17076,True
fussy,fussy,fussy,[],hz-014884,entry_candidate,raw_ocr,high,3,648,,dictionary/F/F-08.md,hz-014884-fussy,sources/Hezareh_Dictionary_Index/source/Hezareh_Part_03_PDF_0501-0750.md#L17077-L17081,True
fustian,fustian,fustian,[],hz-014885,entry_candidate,raw_ocr,high,3,648,,dictionary/F/F-08.md,hz-014885-fustian,sources/Hezareh_Dictionary_Index/source/Hezareh_Part_03_PDF_0501-0750.md#L17082-L17086,True
fustineSS,fustiness,fustiness,[],hz-014886,entry_candidate,raw_ocr,high,3,648,,dictionary/F/F-08.md,hz-014886-fustiness,sources/Hezareh_Dictionary_Index/source/Hezareh_Part_03_PDF_0501-0750.md#L17087-L17093,True
fusty,fusty,fusty,[],hz-014887,entry_candidate,raw_ocr,high,3,649,,dictionary/F/F-08.md,hz-014887-fusty,sources/Hezareh_Dictionary_Index/source/Hezareh_Part_03_PDF_0501-0750.md#L17107-L17112,True
futile,futile,futile,[],hz-014888,entry_candidate,raw_ocr,medium,3,649,,dictionary/F/F-08.md,hz-014888-futile,sources/Hezareh_Dictionary_Index/source/Hezareh_Part_03_PDF_0501-0750.md#L17113-L17116,True
futility,futility,futility,[],hz-014889,entry_candidate,raw_ocr,medium,3,649,,dictionary/F/F-08.md,hz-014889-futility,sources/Hezareh_Dictionary_Index/source/Hezareh_Part_03_PDF_0501-0750.md#L17117-L17119,True
future,future,future,[],hz-014890,entry_candidate,raw_ocr,medium,3,649,,dictionary/F/F-08.md,hz-014890-future,sources/Hezareh_Dictionary_Index/source/Hezareh_Part_03_PDF_0501-0750.md#L17120-L17133,True
future I eternal,future i eternal,future i eternal,[],hz-021229,entry_candidate,raw_ocr,hint_only,4,938,,dictionary/F/F-08.md,hz-021229-future-i-eternal,sources/Hezareh_Dictionary_Index/source/Hezareh_Part_04_PDF_0751-1000.md#L21411-L21411,False
futureless,futureless,futureless,[],hz-014891,entry_candidate,raw_ocr,medium,3,649,,dictionary/F/F-08.md,hz-014891-futureless,sources/Hezareh_Dictionary_Index/source/Hezareh_Part_03_PDF_0501-0750.md#L17134-L17134,True
futurism,futurism,futurism,[],hz-014892,entry_candidate,raw_ocr,medium,3,649,,dictionary/F/F-08.md,hz-014892-futurism,sources/Hezareh_Dictionary_Index/source/Hezareh_Part_03_PDF_0501-0750.md#L17135-L17135,True
futurist,futurist,futurist,[],hz-014893,entry_candidate,raw_ocr,medium,3,649,,dictionary/F/F-08.md,hz-014893-futurist,sources/Hezareh_Dictionary_Index/source/Hezareh_Part_03_PDF_0501-0750.md#L17136-L17137,True
futuristic,futuristic,futuristic,[],hz-014894,entry_candidate,raw_ocr,medium,3,649,,dictionary/F/F-08.md,hz-014894-futuristic,sources/Hezareh_Dictionary_Index/source/Hezareh_Part_03_PDF_0501-0750.md#L17138-L17142,True
futurologist,futurologist,futurologist,[],hz-014895,entry_candidate,raw_ocr,medium,3,649,,dictionary/F/F-08.md,hz-014895-futurologist,sources/Hezareh_Dictionary_Index/source/Hezareh_Part_03_PDF_0501-0750.md#L17143-L17143,True
futurology,futurology,futurology,[],hz-014896,entry_candidate,raw_ocr,low,3,649,,dictionary/F/F-08.md,hz-014896-futurology,sources/Hezareh_Dictionary_Index/source/Hezareh_Part_03_PDF_0501-0750.md#L17144-L17144,True
fuze,fuze,fuze,[],hz-014897,entry_candidate,raw_ocr,low,3,649,,dictionary/F/F-08.md,hz-014897-fuze,sources/Hezareh_Dictionary_Index/source/Hezareh_Part_03_PDF_0501-0750.md#L17145-L17150,True
fuzzinesst'fAZims,fuzzinesst'fazims,fuzzinesst'fazims,[],hz-014898,entry_candidate,raw_ocr,hint_only,3,649,,dictionary/F/F-08.md,hz-014898-fuzzinesst-fazims,sources/Hezareh_Dictionary_Index/source/Hezareh_Part_03_PDF_0501-0750.md#L17097-L17097,False
fuzzy,fuzzy,fuzzy,[],hz-014899,entry_candidate,raw_ocr,high,3,649,,dictionary/F/F-09.md,hz-014899-fuzzy,sources/Hezareh_Dictionary_Index/source/Hezareh_Part_03_PDF_0501-0750.md#L17151-L17155,True
fuzzy-headed,fuzzy-headed,fuzzy-headed,[],hz-014900,entry_candidate,raw_ocr,medium,3,649,,dictionary/F/F-09.md,hz-014900-fuzzy-headed,sources/Hezareh_Dictionary_Index/source/Hezareh_Part_03_PDF_0501-0750.md#L17156-L17157,True
