headword,normalized_headword,base_normalized_headword,aliases,record_id,record_type,verification_status,boundary_confidence,part,pdf_page,printed_page,file,anchor,source_pointer,entry_text_available
H-bomb,h-bomb,h-bomb,[],hz-016782,entry_candidate,raw_ocr,high,3,742,,dictionary/H/H-01.md,hz-016782-h-bomb,sources/Hezareh_Dictionary_Index/source/Hezareh_Part_03_PDF_0501-0750.md#L27798-L27836,True
ha'p'orth,ha'p'orth,ha'p'orth,[],hz-016582,entry_candidate,raw_ocr,hint_only,3,731,,dictionary/H/H-01.md,hz-016582-ha-p-orth,sources/Hezareh_Dictionary_Index/source/Hezareh_Part_03_PDF_0501-0750.md#L26489-L26489,False
haberdasher,haberdasher,haberdasher,[],hz-016297,entry_candidate,raw_ocr,high,3,720,,dictionary/H/H-01.md,hz-016297-haberdasher,sources/Hezareh_Dictionary_Index/source/Hezareh_Part_03_PDF_0501-0750.md#L25240-L25243,True
haberdashery,haberdashery,haberdashery,[],hz-016298,entry_candidate,raw_ocr,high,3,720,,dictionary/H/H-01.md,hz-016298-haberdashery,sources/Hezareh_Dictionary_Index/source/Hezareh_Part_03_PDF_0501-0750.md#L25244-L25246,True
habilimentS,habiliments,habiliments,[],hz-016299,entry_candidate,raw_ocr,high,3,720,,dictionary/H/H-01.md,hz-016299-habiliments,sources/Hezareh_Dictionary_Index/source/Hezareh_Part_03_PDF_0501-0750.md#L25247-L25272,True
habitable,habitable,habitable,[],hz-016302,entry_candidate,raw_ocr,low,3,720,,dictionary/H/H-01.md,hz-016302-habitable,sources/Hezareh_Dictionary_Index/source/Hezareh_Part_03_PDF_0501-0750.md#L25281-L25282,True
habitat,habitat,habitat,[],hz-016303,entry_candidate,raw_ocr,medium,3,720,,dictionary/H/H-01.md,hz-016303-habitat,sources/Hezareh_Dictionary_Index/source/Hezareh_Part_03_PDF_0501-0750.md#L25283-L25284,True
habitation,habitation,habitation,[],hz-016304,entry_candidate,raw_ocr,medium,3,720,,dictionary/H/H-01.md,hz-016304-habitation,sources/Hezareh_Dictionary_Index/source/Hezareh_Part_03_PDF_0501-0750.md#L25285-L25287,True
habitual,habitual,habitual,[],hz-016305,entry_candidate,raw_ocr,medium,3,720,,dictionary/H/H-01.md,hz-016305-habitual,sources/Hezareh_Dictionary_Index/source/Hezareh_Part_03_PDF_0501-0750.md#L25288-L25290,True
habitually,habitually,habitually,[],hz-016306,entry_candidate,raw_ocr,medium,3,720,,dictionary/H/H-01.md,hz-016306-habitually,sources/Hezareh_Dictionary_Index/source/Hezareh_Part_03_PDF_0501-0750.md#L25291-L25292,True
habituate,habituate,habituate,[],hz-016307,entry_candidate,raw_ocr,medium,3,720,,dictionary/H/H-01.md,hz-016307-habituate,sources/Hezareh_Dictionary_Index/source/Hezareh_Part_03_PDF_0501-0750.md#L25293-L25295,True
habitude,habitude,habitude,[],hz-016308,entry_candidate,raw_ocr,medium,3,720,,dictionary/H/H-01.md,hz-016308-habitude,sources/Hezareh_Dictionary_Index/source/Hezareh_Part_03_PDF_0501-0750.md#L25296-L25311,True
habitue,habitue,habitue,[],hz-016309,entry_candidate,raw_ocr,hint_only,3,720,,dictionary/H/H-01.md,hz-016309-habitue,sources/Hezareh_Dictionary_Index/source/Hezareh_Part_03_PDF_0501-0750.md#L25220-L25220,False
hack,hack,hack,[],hz-016310,entry_candidate,raw_ocr,high,3,721,,dictionary/H/H-01.md,hz-016310-hack,sources/Hezareh_Dictionary_Index/source/Hezareh_Part_03_PDF_0501-0750.md#L25327-L25333,True
hacker,hacker,hacker,[],hz-016311,entry_candidate,raw_ocr,medium,3,721,,dictionary/H/H-01.md,hz-016311-hacker,sources/Hezareh_Dictionary_Index/source/Hezareh_Part_03_PDF_0501-0750.md#L25334-L25339,True
hacking,hacking,hacking,[],hz-016312,entry_candidate,raw_ocr,high,3,721,,dictionary/H/H-01.md,hz-016312-hacking,sources/Hezareh_Dictionary_Index/source/Hezareh_Part_03_PDF_0501-0750.md#L25340-L25341,True
hacking cough,hacking cough,hacking cough,[],hz-016313,entry_candidate,raw_ocr,high,3,721,,dictionary/H/H-01.md,hz-016313-hacking-cough,sources/Hezareh_Dictionary_Index/source/Hezareh_Part_03_PDF_0501-0750.md#L25340-L25341,True
hackles,hackles,hackles,[],hz-016314,entry_candidate,raw_ocr,medium,3,721,,dictionary/H/H-01.md,hz-016314-hackles,sources/Hezareh_Dictionary_Index/source/Hezareh_Part_03_PDF_0501-0750.md#L25342-L25352,True
hackney,hackney,hackney,[],hz-016315,entry_candidate,raw_ocr,high,3,721,,dictionary/H/H-01.md,hz-016315-hackney,sources/Hezareh_Dictionary_Index/source/Hezareh_Part_03_PDF_0501-0750.md#L25354-L25357,True
hackney cab,hackney cab,hackney cab,[],hz-016316,entry_candidate,raw_ocr,medium,3,721,,dictionary/H/H-01.md,hz-016316-hackney-cab,sources/Hezareh_Dictionary_Index/source/Hezareh_Part_03_PDF_0501-0750.md#L25353-L25353,True
hackney carriage,hackney carriage,hackney carriage,[],hz-016317,entry_candidate,raw_ocr,high,3,721,,dictionary/H/H-01.md,hz-016317-hackney-carriage,sources/Hezareh_Dictionary_Index/source/Hezareh_Part_03_PDF_0501-0750.md#L25354-L25357,True
hacksaw,hacksaw,hacksaw,[],hz-016318,entry_candidate,raw_ocr,medium,3,721,,dictionary/H/H-01.md,hz-016318-hacksaw,sources/Hezareh_Dictionary_Index/source/Hezareh_Part_03_PDF_0501-0750.md#L25358-L25358,True
had,had,had,[],hz-016319,entry_candidate,raw_ocr,high,3,721,,dictionary/H/H-01.md,hz-016319-had,sources/Hezareh_Dictionary_Index/source/Hezareh_Part_03_PDF_0501-0750.md#L25359-L25359,True
haddoCk,haddock,haddock,[],hz-016320,entry_candidate,raw_ocr,high,3,721,,dictionary/H/H-01.md,hz-016320-haddock,sources/Hezareh_Dictionary_Index/source/Hezareh_Part_03_PDF_0501-0750.md#L25360-L25361,True
HadeS,hades,hades,[],hz-016321,entry_candidate,raw_ocr,medium,3,721,,dictionary/H/H-01.md,hz-016321-hades,sources/Hezareh_Dictionary_Index/source/Hezareh_Part_03_PDF_0501-0750.md#L25362-L25363,True
Hadji,hadji,hadji,[],hz-016322,entry_candidate,raw_ocr,low,3,721,,dictionary/H/H-01.md,hz-016322-hadji,sources/Hezareh_Dictionary_Index/source/Hezareh_Part_03_PDF_0501-0750.md#L25364-L25364,True
hadn't,hadn't,hadn't,[],hz-016323,entry_candidate,raw_ocr,high,3,721,,dictionary/H/H-01.md,hz-016323-hadn-t,sources/Hezareh_Dictionary_Index/source/Hezareh_Part_03_PDF_0501-0750.md#L25365-L25365,True
haematite,haematite,haematite,[],hz-016324,entry_candidate,raw_ocr,high,3,721,,dictionary/H/H-01.md,hz-016324-haematite,sources/Hezareh_Dictionary_Index/source/Hezareh_Part_03_PDF_0501-0750.md#L25366-L25366,True
haematologist,haematologist,haematologist,[],hz-016325,entry_candidate,raw_ocr,medium,3,721,,dictionary/H/H-01.md,hz-016325-haematologist,sources/Hezareh_Dictionary_Index/source/Hezareh_Part_03_PDF_0501-0750.md#L25367-L25368,True
haematology,haematology,haematology,[],hz-016334,entry_candidate,raw_ocr,high,3,721,,dictionary/H/H-01.md,hz-016334-haematology,sources/Hezareh_Dictionary_Index/source/Hezareh_Part_03_PDF_0501-0750.md#L25369-L25370,True
haemo-,haemo-,haemo-,[],hz-038804,entry_candidate,raw_ocr,medium,8,1962,,dictionary/H/H-01.md,hz-038804-haemo,sources/Hezareh_Dictionary_Index/source/Hezareh_Part_08_PDF_1751-1976.md#L24901-L24904,True
haemoglobin,haemoglobin,haemoglobin,[],hz-016335,entry_candidate,raw_ocr,medium,3,721,,dictionary/H/H-01.md,hz-016335-haemoglobin,sources/Hezareh_Dictionary_Index/source/Hezareh_Part_03_PDF_0501-0750.md#L25371-L25374,True
haemophilia,haemophilia,haemophilia,[],hz-016326,entry_candidate,raw_ocr,high,3,721,,dictionary/H/H-01.md,hz-016326-haemophilia,sources/Hezareh_Dictionary_Index/source/Hezareh_Part_03_PDF_0501-0750.md#L25375-L25375,True
haemophiliac,haemophiliac,haemophiliac,[],hz-016327,entry_candidate,raw_ocr,medium,3,721,,dictionary/H/H-01.md,hz-016327-haemophiliac,sources/Hezareh_Dictionary_Index/source/Hezareh_Part_03_PDF_0501-0750.md#L25376-L25377,True
haemorrhage,haemorrhage,haemorrhage,[],hz-016328,entry_candidate,raw_ocr,medium,3,721,,dictionary/H/H-01.md,hz-016328-haemorrhage,sources/Hezareh_Dictionary_Index/source/Hezareh_Part_03_PDF_0501-0750.md#L25378-L25380,True
haemorrhoids,haemorrhoids,haemorrhoids,[],hz-016329,entry_candidate,raw_ocr,hint_only,3,721,,dictionary/H/H-01.md,hz-016329-haemorrhoids,sources/Hezareh_Dictionary_Index/source/Hezareh_Part_03_PDF_0501-0750.md#L25315-L25315,False
haft,haft,haft,[],hz-016330,entry_candidate,raw_ocr,medium,3,721,,dictionary/H/H-01.md,hz-016330-haft,sources/Hezareh_Dictionary_Index/source/Hezareh_Part_03_PDF_0501-0750.md#L25381-L25382,True
hag,hag,hag,[],hz-016331,entry_candidate,raw_ocr,medium,3,721,,dictionary/H/H-01.md,hz-016331-hag,sources/Hezareh_Dictionary_Index/source/Hezareh_Part_03_PDF_0501-0750.md#L25399-L25400,True
hag-ridden,hag-ridden,hag-ridden,[],hz-016339,entry_candidate,raw_ocr,high,3,721,,dictionary/H/H-01.md,hz-016339-hag-ridden,sources/Hezareh_Dictionary_Index/source/Hezareh_Part_03_PDF_0501-0750.md#L25399-L25400,True
haggard,haggard,haggard,[],hz-016332,entry_candidate,raw_ocr,low,3,721,,dictionary/H/H-01.md,hz-016332-haggard,sources/Hezareh_Dictionary_Index/source/Hezareh_Part_03_PDF_0501-0750.md#L25383-L25384,True
haggis,haggis,haggis,[],hz-016333,entry_candidate,raw_ocr,medium,3,721,,dictionary/H/H-01.md,hz-016333-haggis,sources/Hezareh_Dictionary_Index/source/Hezareh_Part_03_PDF_0501-0750.md#L25385-L25386,True
haggle,haggle,haggle,[],hz-016336,entry_candidate,raw_ocr,medium,3,721,,dictionary/H/H-01.md,hz-016336-haggle,sources/Hezareh_Dictionary_Index/source/Hezareh_Part_03_PDF_0501-0750.md#L25387-L25391,True
hagiography,hagiography,hagiography,[],hz-016337,entry_candidate,raw_ocr,medium,3,721,,dictionary/H/H-01.md,hz-016337-hagiography,sources/Hezareh_Dictionary_Index/source/Hezareh_Part_03_PDF_0501-0750.md#L25392-L25395,True
hagiology,hagiology,hagiology,[],hz-016338,entry_candidate,raw_ocr,high,3,721,,dictionary/H/H-01.md,hz-016338-hagiology,sources/Hezareh_Dictionary_Index/source/Hezareh_Part_03_PDF_0501-0750.md#L25396-L25398,True
Hague,hague,hague,[],hz-016340,entry_candidate,raw_ocr,high,3,721,,dictionary/H/H-01.md,hz-016340-hague,sources/Hezareh_Dictionary_Index/source/Hezareh_Part_03_PDF_0501-0750.md#L25401-L25402,True
haha,haha,haha,[],hz-016341,entry_candidate,raw_ocr,medium,3,721,,dictionary/H/H-01.md,hz-016341-haha,sources/Hezareh_Dictionary_Index/source/Hezareh_Part_03_PDF_0501-0750.md#L25403-L25411,True
hail,hail,hail,[],hz-016342,entry_candidate,raw_ocr,high,3,721,,dictionary/H/H-01.md,hz-016342-hail,sources/Hezareh_Dictionary_Index/source/Hezareh_Part_03_PDF_0501-0750.md#L25412-L25441,True
hailstone,hailstone,hailstone,[],hz-016343,entry_candidate,raw_ocr,medium,3,722,,dictionary/H/H-01.md,hz-016343-hailstone,sources/Hezareh_Dictionary_Index/source/Hezareh_Part_03_PDF_0501-0750.md#L25455-L25455,True
hailstorm,hailstorm,hailstorm,[],hz-016344,entry_candidate,raw_ocr,medium,3,722,,dictionary/H/H-01.md,hz-016344-hailstorm,sources/Hezareh_Dictionary_Index/source/Hezareh_Part_03_PDF_0501-0750.md#L25456-L25456,True
hair,hair,hair,[],hz-016345,entry_candidate,raw_ocr,medium,3,722,,dictionary/H/H-01.md,hz-016345-hair,sources/Hezareh_Dictionary_Index/source/Hezareh_Part_03_PDF_0501-0750.md#L25457-L25465,True
hair-breadth,hair-breadth,hair-breadth,[],hz-016347,entry_candidate,raw_ocr,medium,3,722,,dictionary/H/H-01.md,hz-016347-hair-breadth,sources/Hezareh_Dictionary_Index/source/Hezareh_Part_03_PDF_0501-0750.md#L25488-L25495,True
hair-drier,hair-drier,hair-drier,[],hz-016354,entry_candidate,raw_ocr,high,3,722,,dictionary/H/H-01.md,hz-016354-hair-drier,sources/Hezareh_Dictionary_Index/source/Hezareh_Part_03_PDF_0501-0750.md#L25514-L25514,True
hair-dryer,hair-dryer,hair-dryer,[],hz-016355,entry_candidate,raw_ocr,high,3,722,,dictionary/H/H-01.md,hz-016355-hair-dryer,sources/Hezareh_Dictionary_Index/source/Hezareh_Part_03_PDF_0501-0750.md#L25515-L25515,True
hair-dye,hair-dye,hair-dye,[],hz-016356,entry_candidate,raw_ocr,high,3,722,,dictionary/H/H-01.md,hz-016356-hair-dye,sources/Hezareh_Dictionary_Index/source/Hezareh_Part_03_PDF_0501-0750.md#L25516-L25517,True
hair-oil,hair-oil,hair-oil,[],hz-016363,entry_candidate,raw_ocr,hint_only,3,722,,dictionary/H/H-01.md,hz-016363-hair-oil,sources/Hezareh_Dictionary_Index/source/Hezareh_Part_03_PDF_0501-0750.md#L25445-L25445,False
hair-raising,hair-raising,hair-raising,[],hz-016368,entry_candidate,raw_ocr,high,3,722,,dictionary/H/H-01.md,hz-016368-hair-raising,sources/Hezareh_Dictionary_Index/source/Hezareh_Part_03_PDF_0501-0750.md#L25532-L25534,True
hair-shirt,hair-shirt,hair-shirt,[],hz-016370,entry_candidate,raw_ocr,high,3,722,,dictionary/H/H-01.md,hz-016370-hair-shirt,sources/Hezareh_Dictionary_Index/source/Hezareh_Part_03_PDF_0501-0750.md#L25535-L25535,True
hair-slide,hair-slide,hair-slide,[],hz-016371,entry_candidate,raw_ocr,high,3,722,,dictionary/H/H-01.md,hz-016371-hair-slide,sources/Hezareh_Dictionary_Index/source/Hezareh_Part_03_PDF_0501-0750.md#L25536-L25536,True
hair-splitting,hair-splitting,hair-splitting,[],hz-016372,entry_candidate,raw_ocr,high,3,722,,dictionary/H/H-01.md,hz-016372-hair-splitting,sources/Hezareh_Dictionary_Index/source/Hezareh_Part_03_PDF_0501-0750.md#L25537-L25539,True
hair-trigger,hair-trigger,hair-trigger,[],hz-016376,entry_candidate,raw_ocr,high,3,722,,dictionary/H/H-01.md,hz-016376-hair-trigger,sources/Hezareh_Dictionary_Index/source/Hezareh_Part_03_PDF_0501-0750.md#L25543-L25544,True
hairbrush,hairbrush,hairbrush,[],hz-016348,entry_candidate,raw_ocr,hint_only,3,722,,dictionary/H/H-01.md,hz-016348-hairbrush,sources/Hezareh_Dictionary_Index/source/Hezareh_Part_03_PDF_0501-0750.md#L25445-L25445,False
haircloth,haircloth,haircloth,[],hz-016349,entry_candidate,raw_ocr,high,3,722,,dictionary/H/H-01.md,hz-016349-haircloth,sources/Hezareh_Dictionary_Index/source/Hezareh_Part_03_PDF_0501-0750.md#L25496-L25497,True
haircut,haircut,haircut,[],hz-016350,entry_candidate,raw_ocr,medium,3,722,,dictionary/H/H-01.md,hz-016350-haircut,sources/Hezareh_Dictionary_Index/source/Hezareh_Part_03_PDF_0501-0750.md#L25498-L25508,True
hairdO,hairdo,hairdo,[],hz-016352,entry_candidate,raw_ocr,high,3,722,,dictionary/H/H-01.md,hz-016352-hairdo,sources/Hezareh_Dictionary_Index/source/Hezareh_Part_03_PDF_0501-0750.md#L25509-L25510,True
hairdresser,hairdresser,hairdresser,[],hz-016351,entry_candidate,raw_ocr,high,3,722,,dictionary/H/H-01.md,hz-016351-hairdresser,sources/Hezareh_Dictionary_Index/source/Hezareh_Part_03_PDF_0501-0750.md#L25511-L25512,True
hairdressing,hairdressing,hairdressing,[],hz-016353,entry_candidate,raw_ocr,high,3,722,,dictionary/H/H-01.md,hz-016353-hairdressing,sources/Hezareh_Dictionary_Index/source/Hezareh_Part_03_PDF_0501-0750.md#L25513-L25513,True
hairgrip,hairgrip,hairgrip,[],hz-016357,entry_candidate,raw_ocr,high,3,722,,dictionary/H/H-01.md,hz-016357-hairgrip,sources/Hezareh_Dictionary_Index/source/Hezareh_Part_03_PDF_0501-0750.md#L25518-L25518,True
hairiness,hairiness,hairiness,[],hz-016358,entry_candidate,raw_ocr,high,3,722,,dictionary/H/H-01.md,hz-016358-hairiness,sources/Hezareh_Dictionary_Index/source/Hezareh_Part_03_PDF_0501-0750.md#L25519-L25520,True
hairless,hairless,hairless,[],hz-016359,entry_candidate,raw_ocr,high,3,722,,dictionary/H/H-01.md,hz-016359-hairless,sources/Hezareh_Dictionary_Index/source/Hezareh_Part_03_PDF_0501-0750.md#L25521-L25521,True
hairlike,hairlike,hairlike,[],hz-016360,entry_candidate,raw_ocr,high,3,722,,dictionary/H/H-01.md,hz-016360-hairlike,sources/Hezareh_Dictionary_Index/source/Hezareh_Part_03_PDF_0501-0750.md#L25522-L25522,True
hairline,hairline,hairline,[],hz-016361,entry_candidate,raw_ocr,high,3,722,,dictionary/H/H-01.md,hz-016361-hairline,sources/Hezareh_Dictionary_Index/source/Hezareh_Part_03_PDF_0501-0750.md#L25523-L25525,True
hairnet,hairnet,hairnet,[],hz-016362,entry_candidate,raw_ocr,high,3,722,,dictionary/H/H-01.md,hz-016362-hairnet,sources/Hezareh_Dictionary_Index/source/Hezareh_Part_03_PDF_0501-0750.md#L25526-L25528,True
hairpin,hairpin,hairpin,[],hz-016366,entry_candidate,raw_ocr,high,3,722,,dictionary/H/H-01.md,hz-016366-hairpin,sources/Hezareh_Dictionary_Index/source/Hezareh_Part_03_PDF_0501-0750.md#L25529-L25529,True
hairpin bend,hairpin bend,hairpin bend,[],hz-016367,entry_candidate,raw_ocr,high,3,722,,dictionary/H/H-01.md,hz-016367-hairpin-bend,sources/Hezareh_Dictionary_Index/source/Hezareh_Part_03_PDF_0501-0750.md#L25530-L25531,True
hairspray,hairspray,hairspray,[],hz-016373,entry_candidate,raw_ocr,hint_only,3,722,,dictionary/H/H-01.md,hz-016373-hairspray,sources/Hezareh_Dictionary_Index/source/Hezareh_Part_03_PDF_0501-0750.md#L25445-L25445,False
hairspring,hairspring,hairspring,[],hz-016374,entry_candidate,raw_ocr,high,3,722,,dictionary/H/H-01.md,hz-016374-hairspring,sources/Hezareh_Dictionary_Index/source/Hezareh_Part_03_PDF_0501-0750.md#L25540-L25541,True
hairstylist,hairstylist,hairstylist,[],hz-016375,entry_candidate,raw_ocr,high,3,722,,dictionary/H/H-01.md,hz-016375-hairstylist,sources/Hezareh_Dictionary_Index/source/Hezareh_Part_03_PDF_0501-0750.md#L25542-L25542,True
hairy,hairy,hairy,[],hz-016377,entry_candidate,raw_ocr,high,3,722,,dictionary/H/H-01.md,hz-016377-hairy,sources/Hezareh_Dictionary_Index/source/Hezareh_Part_03_PDF_0501-0750.md#L25545-L25549,True
Haiti,haiti,haiti,[],hz-016364,entry_candidate,raw_ocr,hint_only,3,722,,dictionary/H/H-01.md,hz-016364-haiti,sources/Hezareh_Dictionary_Index/source/Hezareh_Part_03_PDF_0501-0750.md#L25445-L25445,False
Haitian,haitian,haitian,[],hz-016365,entry_candidate,raw_ocr,high,3,722,,dictionary/H/H-01.md,hz-016365-haitian,sources/Hezareh_Dictionary_Index/source/Hezareh_Part_03_PDF_0501-0750.md#L25550-L25555,True
haj,haj,haj,[],hz-016378,entry_candidate,raw_ocr,medium,3,723,,dictionary/H/H-01.md,hz-016378-haj,sources/Hezareh_Dictionary_Index/source/Hezareh_Part_03_PDF_0501-0750.md#L25569-L25569,True
hajj,hajj,hajj,[],hz-016379,entry_candidate,raw_ocr,high,3,723,,dictionary/H/H-01.md,hz-016379-hajj,sources/Hezareh_Dictionary_Index/source/Hezareh_Part_03_PDF_0501-0750.md#L25570-L25570,True
hake,hake,hake,[],hz-016380,entry_candidate,raw_ocr,medium,3,723,,dictionary/H/H-01.md,hz-016380-hake,sources/Hezareh_Dictionary_Index/source/Hezareh_Part_03_PDF_0501-0750.md#L25571-L25572,True
haky,haky,haky,[],hz-030853,entry_candidate,raw_ocr,hint_only,7,1533,,dictionary/H/H-01.md,hz-030853-haky,sources/Hezareh_Dictionary_Index/source/Hezareh_Part_07_PDF_1501-1750.md#L3893-L3893,False
halal,halal,halal,[],hz-016381,entry_candidate,raw_ocr,medium,3,723,,dictionary/H/H-01.md,hz-016381-halal,sources/Hezareh_Dictionary_Index/source/Hezareh_Part_03_PDF_0501-0750.md#L25573-L25575,True
halberd,halberd,halberd,[],hz-016382,entry_candidate,raw_ocr,medium,3,723,,dictionary/H/H-01.md,hz-016382-halberd,sources/Hezareh_Dictionary_Index/source/Hezareh_Part_03_PDF_0501-0750.md#L25576-L25577,True
halberdier,halberdier,halberdier,[],hz-016383,entry_candidate,raw_ocr,hint_only,3,723,,dictionary/H/H-01.md,hz-016383-halberdier,sources/Hezareh_Dictionary_Index/source/Hezareh_Part_03_PDF_0501-0750.md#L25559-L25559,False
halcyon,halcyon,halcyon,[],hz-016384,entry_candidate,raw_ocr,medium,3,723,,dictionary/H/H-01.md,hz-016384-halcyon,sources/Hezareh_Dictionary_Index/source/Hezareh_Part_03_PDF_0501-0750.md#L25578-L25579,True
hale,hale,hale,[],hz-016385,entry_candidate,raw_ocr,medium,3,723,,dictionary/H/H-01.md,hz-016385-hale,sources/Hezareh_Dictionary_Index/source/Hezareh_Part_03_PDF_0501-0750.md#L25580-L25596,True
half,half,half,[],hz-016386,entry_candidate,raw_ocr,high,3,723,,dictionary/H/H-01.md,hz-016386-half,sources/Hezareh_Dictionary_Index/source/Hezareh_Part_03_PDF_0501-0750.md#L25635-L25639,True
Half a loaf is better than none,half a loaf is better than none,half a loaf is better than none,[],hz-021516,entry_candidate,raw_ocr,high,4,957,,dictionary/H/H-01.md,hz-021516-half-a-loaf-is-better-than-none,sources/Hezareh_Dictionary_Index/source/Hezareh_Part_04_PDF_0751-1000.md#L23664-L23671,True
half an hour,half an hour,half an hour,[],hz-016392,entry_candidate,raw_ocr,high,3,723,,dictionary/H/H-01.md,hz-016392-half-an-hour,sources/Hezareh_Dictionary_Index/source/Hezareh_Part_03_PDF_0501-0750.md#L25635-L25639,True
half as many I much,half as many i much,half as many i much,[],hz-000644,entry_candidate,raw_ocr,hint_only,1,30,,dictionary/H/H-01.md,hz-000644-half-as-many-i-much,sources/Hezareh_Dictionary_Index/source/Hezareh_Part_01_PDF_0001-0250.md#L3664-L3664,False
half board,half board,half board,[],hz-016395,entry_candidate,raw_ocr,high,3,723,,dictionary/H/H-01.md,hz-016395-half-board,sources/Hezareh_Dictionary_Index/source/Hezareh_Part_03_PDF_0501-0750.md#L25644-L25645,True
half cock,half cock,half cock,[],hz-016400,entry_candidate,raw_ocr,high,3,723,,dictionary/H/H-01.md,hz-016400-half-cock,sources/Hezareh_Dictionary_Index/source/Hezareh_Part_03_PDF_0501-0750.md#L25653-L25657,True
half day,half day,half day,[],hz-016404,entry_candidate,raw_ocr,high,3,723,,dictionary/H/H-01.md,hz-016404-half-day,sources/Hezareh_Dictionary_Index/source/Hezareh_Part_03_PDF_0501-0750.md#L25666-L25667,True
half dollar,half dollar,half dollar,[],hz-016406,entry_candidate,raw_ocr,high,3,724,,dictionary/H/H-01.md,hz-016406-half-dollar,sources/Hezareh_Dictionary_Index/source/Hezareh_Part_03_PDF_0501-0750.md#L25683-L25684,True
half fill,half fill,half fill,[],hz-016409,entry_candidate,raw_ocr,high,3,724,,dictionary/H/H-01.md,hz-016409-half-fill,sources/Hezareh_Dictionary_Index/source/Hezareh_Part_03_PDF_0501-0750.md#L25691-L25692,True
half note,half note,half note,[],hz-016423,entry_candidate,raw_ocr,high,3,724,,dictionary/H/H-01.md,hz-016423-half-note,sources/Hezareh_Dictionary_Index/source/Hezareh_Part_03_PDF_0501-0750.md#L25714-L25715,True
half-a-crown,half-a-crown,half-a-crown,[],hz-016389,entry_candidate,raw_ocr,high,3,723,,dictionary/H/H-01.md,hz-016389-half-a-crown,sources/Hezareh_Dictionary_Index/source/Hezareh_Part_03_PDF_0501-0750.md#L25629-L25630,True
half-a-dozen,half-a-dozen,half-a-dozen,[],hz-016390,entry_candidate,raw_ocr,high,3,723,,dictionary/H/H-01.md,hz-016390-half-a-dozen,sources/Hezareh_Dictionary_Index/source/Hezareh_Part_03_PDF_0501-0750.md#L25631-L25631,True
half-and-half,half-and-half,half-and-half,[],hz-016391,entry_candidate,raw_ocr,high,3,723,,dictionary/H/H-01.md,hz-016391-half-and-half,sources/Hezareh_Dictionary_Index/source/Hezareh_Part_03_PDF_0501-0750.md#L25632-L25634,True
half-baked,half-baked,half-baked,[],hz-016393,entry_candidate,raw_ocr,hint_only,3,723,,dictionary/H/H-01.md,hz-016393-half-baked,sources/Hezareh_Dictionary_Index/source/Hezareh_Part_03_PDF_0501-0750.md#L25559-L25559,False
half-blood,half-blood,half-blood,[],hz-016394,entry_candidate,raw_ocr,high,3,723,,dictionary/H/H-01.md,hz-016394-half-blood,sources/Hezareh_Dictionary_Index/source/Hezareh_Part_03_PDF_0501-0750.md#L25640-L25643,True
half-breed,half-breed,half-breed,[],hz-016396,entry_candidate,raw_ocr,high,3,723,,dictionary/H/H-01.md,hz-016396-half-breed,sources/Hezareh_Dictionary_Index/source/Hezareh_Part_03_PDF_0501-0750.md#L25646-L25648,True
half-brother,half-brother,half-brother,[],hz-016397,entry_candidate,raw_ocr,high,3,723,,dictionary/H/H-01.md,hz-016397-half-brother,sources/Hezareh_Dictionary_Index/source/Hezareh_Part_03_PDF_0501-0750.md#L25649-L25649,True
half-caste,half-caste,half-caste,[],hz-016398,entry_candidate,raw_ocr,high,3,723,,dictionary/H/H-01.md,hz-016398-half-caste,sources/Hezareh_Dictionary_Index/source/Hezareh_Part_03_PDF_0501-0750.md#L25650-L25651,True
half-circle,half-circle,half-circle,[],hz-016399,entry_candidate,raw_ocr,high,3,723,,dictionary/H/H-01.md,hz-016399-half-circle,sources/Hezareh_Dictionary_Index/source/Hezareh_Part_03_PDF_0501-0750.md#L25652-L25652,True
half-cocked,half-cocked,half-cocked,[],hz-016401,entry_candidate,raw_ocr,high,3,723,,dictionary/H/H-01.md,hz-016401-half-cocked,sources/Hezareh_Dictionary_Index/source/Hezareh_Part_03_PDF_0501-0750.md#L25658-L25660,True
half-crazed,half-crazed,half-crazed,[],hz-016402,entry_candidate,raw_ocr,high,3,723,,dictionary/H/H-01.md,hz-016402-half-crazed,sources/Hezareh_Dictionary_Index/source/Hezareh_Part_03_PDF_0501-0750.md#L25661-L25662,True
half-crown,half-crown,half-crown,[],hz-016403,entry_candidate,raw_ocr,high,3,723,,dictionary/H/H-01.md,hz-016403-half-crown,sources/Hezareh_Dictionary_Index/source/Hezareh_Part_03_PDF_0501-0750.md#L25663-L25665,True
half-dead,half-dead,half-dead,[],hz-016405,entry_candidate,raw_ocr,high,3,724,,dictionary/H/H-01.md,hz-016405-half-dead,sources/Hezareh_Dictionary_Index/source/Hezareh_Part_03_PDF_0501-0750.md#L25681-L25682,True
half-dozen,half-dozen,half-dozen,[],hz-016407,entry_candidate,raw_ocr,high,3,724,,dictionary/H/H-01.md,hz-016407-half-dozen,sources/Hezareh_Dictionary_Index/source/Hezareh_Part_03_PDF_0501-0750.md#L25685-L25688,True
half-fare,half-fare,half-fare,[],hz-016408,entry_candidate,raw_ocr,high,3,724,,dictionary/H/H-01.md,hz-016408-half-fare,sources/Hezareh_Dictionary_Index/source/Hezareh_Part_03_PDF_0501-0750.md#L25689-L25690,True
half-full,half-full,half-full,[],hz-016410,entry_candidate,raw_ocr,high,3,724,,dictionary/H/H-01.md,hz-016410-half-full,sources/Hezareh_Dictionary_Index/source/Hezareh_Part_03_PDF_0501-0750.md#L25693-L25694,True
half-hardy,half-hardy,half-hardy,[],hz-016411,entry_candidate,raw_ocr,hint_only,3,724,,dictionary/H/H-01.md,hz-016411-half-hardy,sources/Hezareh_Dictionary_Index/source/Hezareh_Part_03_PDF_0501-0750.md#L25671-L25671,False
half-hearted,half-hearted,half-hearted,[],hz-016412,entry_candidate,raw_ocr,high,3,724,,dictionary/H/H-01.md,hz-016412-half-hearted,sources/Hezareh_Dictionary_Index/source/Hezareh_Part_03_PDF_0501-0750.md#L25695-L25697,True
half-heartedly,half-heartedly,half-heartedly,[],hz-016413,entry_candidate,raw_ocr,high,3,724,,dictionary/H/H-01.md,hz-016413-half-heartedly,sources/Hezareh_Dictionary_Index/source/Hezareh_Part_03_PDF_0501-0750.md#L25698-L25699,True
half-hitch,half-hitch,half-hitch,[],hz-016414,entry_candidate,raw_ocr,high,3,724,,dictionary/H/H-01.md,hz-016414-half-hitch,sources/Hezareh_Dictionary_Index/source/Hezareh_Part_03_PDF_0501-0750.md#L25700-L25700,True
half-holiday,half-holiday,half-holiday,[],hz-016415,entry_candidate,raw_ocr,high,3,724,,dictionary/H/H-01.md,hz-016415-half-holiday,sources/Hezareh_Dictionary_Index/source/Hezareh_Part_03_PDF_0501-0750.md#L25701-L25703,True
half-hour,half-hour,half-hour,[],hz-016416,entry_candidate,raw_ocr,hint_only,3,724,,dictionary/H/H-01.md,hz-016416-half-hour,sources/Hezareh_Dictionary_Index/source/Hezareh_Part_03_PDF_0501-0750.md#L25671-L25671,False
half-hourly,half-hourly,half-hourly,[],hz-016417,entry_candidate,raw_ocr,high,3,724,,dictionary/H/H-01.md,hz-016417-half-hourly,sources/Hezareh_Dictionary_Index/source/Hezareh_Part_03_PDF_0501-0750.md#L25704-L25705,True
half-length,half-length,half-length,[],hz-016418,entry_candidate,raw_ocr,high,3,724,,dictionary/H/H-01.md,hz-016418-half-length,sources/Hezareh_Dictionary_Index/source/Hezareh_Part_03_PDF_0501-0750.md#L25706-L25706,True
half-life,half-life,half-life,[],hz-016419,entry_candidate,raw_ocr,high,3,724,,dictionary/H/H-01.md,hz-016419-half-life,sources/Hezareh_Dictionary_Index/source/Hezareh_Part_03_PDF_0501-0750.md#L25707-L25708,True
half-light,half-light,half-light,[],hz-016420,entry_candidate,raw_ocr,high,3,724,,dictionary/H/H-01.md,hz-016420-half-light,sources/Hezareh_Dictionary_Index/source/Hezareh_Part_03_PDF_0501-0750.md#L25709-L25710,True
half-mast,half-mast,half-mast,[],hz-016421,entry_candidate,raw_ocr,low,3,724,,dictionary/H/H-01.md,hz-016421-half-mast,sources/Hezareh_Dictionary_Index/source/Hezareh_Part_03_PDF_0501-0750.md#L25711-L25712,True
half-moon,half-moon,half-moon,[],hz-016422,entry_candidate,raw_ocr,high,3,724,,dictionary/H/H-01.md,hz-016422-half-moon,sources/Hezareh_Dictionary_Index/source/Hezareh_Part_03_PDF_0501-0750.md#L25713-L25713,True
half-pay,half-pay,half-pay,[],hz-016424,entry_candidate,raw_ocr,high,3,724,,dictionary/H/H-01.md,hz-016424-half-pay,sources/Hezareh_Dictionary_Index/source/Hezareh_Part_03_PDF_0501-0750.md#L25716-L25718,True
half-price,half-price,half-price,[],hz-016428,entry_candidate,raw_ocr,high,3,724,,dictionary/H/H-01.md,hz-016428-half-price,sources/Hezareh_Dictionary_Index/source/Hezareh_Part_03_PDF_0501-0750.md#L25733-L25734,True
half-rest,half-rest,half-rest,[],hz-016429,entry_candidate,raw_ocr,high,3,724,,dictionary/H/H-01.md,hz-016429-half-rest,sources/Hezareh_Dictionary_Index/source/Hezareh_Part_03_PDF_0501-0750.md#L25735-L25736,True
half-seas-over,half-seas-over,half-seas-over,[],hz-016430,entry_candidate,raw_ocr,high,3,724,,dictionary/H/H-01.md,hz-016430-half-seas-over,sources/Hezareh_Dictionary_Index/source/Hezareh_Part_03_PDF_0501-0750.md#L25737-L25738,True
half-sister,half-sister,half-sister,[],hz-016431,entry_candidate,raw_ocr,medium,3,724,,dictionary/H/H-01.md,hz-016431-half-sister,sources/Hezareh_Dictionary_Index/source/Hezareh_Part_03_PDF_0501-0750.md#L25739-L25739,True
half-size,half-size,half-size,[],hz-016432,entry_candidate,raw_ocr,high,3,724,,dictionary/H/H-01.md,hz-016432-half-size,sources/Hezareh_Dictionary_Index/source/Hezareh_Part_03_PDF_0501-0750.md#L25740-L25741,True
half-staff,half-staff,half-staff,[],hz-016433,entry_candidate,raw_ocr,high,3,724,,dictionary/H/H-01.md,hz-016433-half-staff,sources/Hezareh_Dictionary_Index/source/Hezareh_Part_03_PDF_0501-0750.md#L25742-L25743,True
half-term,half-term,half-term,[],hz-016434,entry_candidate,raw_ocr,high,3,724,,dictionary/H/H-01.md,hz-016434-half-term,sources/Hezareh_Dictionary_Index/source/Hezareh_Part_03_PDF_0501-0750.md#L25744-L25745,True
half-timbered,half-timbered,half-timbered,[],hz-016435,entry_candidate,raw_ocr,high,3,724,,dictionary/H/H-01.md,hz-016435-half-timbered,sources/Hezareh_Dictionary_Index/source/Hezareh_Part_03_PDF_0501-0750.md#L25746-L25748,True
half-time,half-time,half-time,[],hz-016436,entry_candidate,raw_ocr,high,3,724,,dictionary/H/H-01.md,hz-016436-half-time,sources/Hezareh_Dictionary_Index/source/Hezareh_Part_03_PDF_0501-0750.md#L25749-L25751,True
half-tone,half-tone,half-tone,[],hz-016437,entry_candidate,raw_ocr,high,3,724,,dictionary/H/H-01.md,hz-016437-half-tone,sources/Hezareh_Dictionary_Index/source/Hezareh_Part_03_PDF_0501-0750.md#L25752-L25753,True
half-track,half-track,half-track,[],hz-016438,entry_candidate,raw_ocr,high,3,724,,dictionary/H/H-01.md,hz-016438-half-track,sources/Hezareh_Dictionary_Index/source/Hezareh_Part_03_PDF_0501-0750.md#L25754-L25755,True
half-tracked,half-tracked,half-tracked,[],hz-016439,entry_candidate,raw_ocr,high,3,724,,dictionary/H/H-01.md,hz-016439-half-tracked,sources/Hezareh_Dictionary_Index/source/Hezareh_Part_03_PDF_0501-0750.md#L25756-L25757,True
half-truth,half-truth,half-truth,[],hz-016440,entry_candidate,raw_ocr,high,3,724,,dictionary/H/H-01.md,hz-016440-half-truth,sources/Hezareh_Dictionary_Index/source/Hezareh_Part_03_PDF_0501-0750.md#L25758-L25759,True
half-yearly,half-yearly,half-yearly,[],hz-016444,entry_candidate,raw_ocr,high,3,724,,dictionary/H/H-01.md,hz-016444-half-yearly,sources/Hezareh_Dictionary_Index/source/Hezareh_Part_03_PDF_0501-0750.md#L25772-L25774,True
halfpence,halfpence,halfpence,[],hz-016425,entry_candidate,raw_ocr,high,3,724,,dictionary/H/H-01.md,hz-016425-halfpence,sources/Hezareh_Dictionary_Index/source/Hezareh_Part_03_PDF_0501-0750.md#L25719-L25719,True
halfpenny,halfpenny,halfpenny,[],hz-016426,entry_candidate,raw_ocr,high,3,724,,dictionary/H/H-01.md,hz-016426-halfpenny,sources/Hezareh_Dictionary_Index/source/Hezareh_Part_03_PDF_0501-0750.md#L25720-L25723,True
halfpennyworth,halfpennyworth,halfpennyworth,[],hz-016427,entry_candidate,raw_ocr,high,3,724,,dictionary/H/H-01.md,hz-016427-halfpennyworth,sources/Hezareh_Dictionary_Index/source/Hezareh_Part_03_PDF_0501-0750.md#L25724-L25732,True
halfway,halfway,halfway,[],hz-016441,entry_candidate,raw_ocr,high,3,724,,dictionary/H/H-01.md,hz-016441-halfway,sources/Hezareh_Dictionary_Index/source/Hezareh_Part_03_PDF_0501-0750.md#L25760-L25767,True
halfwit,halfwit,halfwit,[],hz-016442,entry_candidate,raw_ocr,high,3,724,,dictionary/H/H-01.md,hz-016442-halfwit,sources/Hezareh_Dictionary_Index/source/Hezareh_Part_03_PDF_0501-0750.md#L25768-L25769,True
halfwitted,halfwitted,halfwitted,[],hz-016443,entry_candidate,raw_ocr,high,3,724,,dictionary/H/H-01.md,hz-016443-halfwitted,sources/Hezareh_Dictionary_Index/source/Hezareh_Part_03_PDF_0501-0750.md#L25770-L25771,True
halibut,halibut,halibut,[],hz-016445,entry_candidate,raw_ocr,high,3,724,,dictionary/H/H-01.md,hz-016445-halibut,sources/Hezareh_Dictionary_Index/source/Hezareh_Part_03_PDF_0501-0750.md#L25775-L25775,True
halitosis,halitosis,halitosis,[],hz-016446,entry_candidate,raw_ocr,high,3,724,,dictionary/H/H-01.md,hz-016446-halitosis,sources/Hezareh_Dictionary_Index/source/Hezareh_Part_03_PDF_0501-0750.md#L25776-L25781,True
hall,hall,hall,[],hz-016447,entry_candidate,raw_ocr,high,3,725,,dictionary/H/H-01.md,hz-016447-hall,sources/Hezareh_Dictionary_Index/source/Hezareh_Part_03_PDF_0501-0750.md#L25808-L25809,True
hall of resldence nou av 'rezrdans,hall of resldence nou av 'rezrdans,hall of resldence nou av 'rezrdans,[],hz-016453,entry_candidate,raw_ocr,hint_only,3,725,,dictionary/H/H-01.md,hz-016453-hall-of-resldence-nou-av-rezrdans,sources/Hezareh_Dictionary_Index/source/Hezareh_Part_03_PDF_0501-0750.md#L25785-L25785,False
hall tree,hall tree,hall tree,[],hz-016458,entry_candidate,raw_ocr,low,3,725,,dictionary/H/H-01.md,hz-016458-hall-tree,sources/Hezareh_Dictionary_Index/source/Hezareh_Part_03_PDF_0501-0750.md#L25820-L25820,True
hallal,hallal,hallal,[],hz-016448,entry_candidate,raw_ocr,high,3,725,,dictionary/H/H-01.md,hz-016448-hallal,sources/Hezareh_Dictionary_Index/source/Hezareh_Part_03_PDF_0501-0750.md#L25800-L25800,True
hallelujah,hallelujah,hallelujah,[],hz-016449,entry_candidate,raw_ocr,medium,3,725,,dictionary/H/H-01.md,hz-016449-hallelujah,sources/Hezareh_Dictionary_Index/source/Hezareh_Part_03_PDF_0501-0750.md#L25801-L25802,True
halliard,halliard,halliard,[],hz-016450,entry_candidate,raw_ocr,high,3,725,,dictionary/H/H-01.md,hz-016450-halliard,sources/Hezareh_Dictionary_Index/source/Hezareh_Part_03_PDF_0501-0750.md#L25803-L25803,True
hallmark,hallmark,hallmark,[],hz-016451,entry_candidate,raw_ocr,medium,3,725,,dictionary/H/H-01.md,hz-016451-hallmark,sources/Hezareh_Dictionary_Index/source/Hezareh_Part_03_PDF_0501-0750.md#L25804-L25806,True
hallo,hallo,hallo,[],hz-016452,entry_candidate,raw_ocr,high,3,725,,dictionary/H/H-01.md,hz-016452-hallo,sources/Hezareh_Dictionary_Index/source/Hezareh_Part_03_PDF_0501-0750.md#L25807-L25807,True
halloo,halloo,halloo,[],hz-016454,entry_candidate,raw_ocr,medium,3,725,,dictionary/H/H-01.md,hz-016454-halloo,sources/Hezareh_Dictionary_Index/source/Hezareh_Part_03_PDF_0501-0750.md#L25810-L25811,True
hallow,hallow,hallow,[],hz-016455,entry_candidate,raw_ocr,medium,3,725,,dictionary/H/H-01.md,hz-016455-hallow,sources/Hezareh_Dictionary_Index/source/Hezareh_Part_03_PDF_0501-0750.md#L25812-L25815,True
Hallowe'en,hallowe'en,hallowe'en,[],hz-016457,entry_candidate,raw_ocr,medium,3,725,,dictionary/H/H-01.md,hz-016457-hallowe-en,sources/Hezareh_Dictionary_Index/source/Hezareh_Part_03_PDF_0501-0750.md#L25817-L25819,True
hallowed,hallowed,hallowed,[],hz-016456,entry_candidate,raw_ocr,medium,3,725,,dictionary/H/H-01.md,hz-016456-hallowed,sources/Hezareh_Dictionary_Index/source/Hezareh_Part_03_PDF_0501-0750.md#L25816-L25816,True
hallucinate,hallucinate,hallucinate,[],hz-016459,entry_candidate,raw_ocr,medium,3,725,,dictionary/H/H-01.md,hz-016459-hallucinate,sources/Hezareh_Dictionary_Index/source/Hezareh_Part_03_PDF_0501-0750.md#L25821-L25823,True
hallucination,hallucination,hallucination,[],hz-016460,entry_candidate,raw_ocr,medium,3,725,,dictionary/H/H-01.md,hz-016460-hallucination,sources/Hezareh_Dictionary_Index/source/Hezareh_Part_03_PDF_0501-0750.md#L25824-L25824,True
hallucinatory,hallucinatory,hallucinatory,[],hz-016461,entry_candidate,raw_ocr,medium,3,725,,dictionary/H/H-01.md,hz-016461-hallucinatory,sources/Hezareh_Dictionary_Index/source/Hezareh_Part_03_PDF_0501-0750.md#L25825-L25826,True
hallucinogen,hallucinogen,hallucinogen,[],hz-016462,entry_candidate,raw_ocr,medium,3,725,,dictionary/H/H-01.md,hz-016462-hallucinogen,sources/Hezareh_Dictionary_Index/source/Hezareh_Part_03_PDF_0501-0750.md#L25827-L25828,True
hallucinogeniC,hallucinogenic,hallucinogenic,[],hz-016463,entry_candidate,raw_ocr,medium,3,725,,dictionary/H/H-01.md,hz-016463-hallucinogenic,sources/Hezareh_Dictionary_Index/source/Hezareh_Part_03_PDF_0501-0750.md#L25829-L25830,True
hallway,hallway,hallway,[],hz-016464,entry_candidate,raw_ocr,medium,3,725,,dictionary/H/H-01.md,hz-016464-hallway,sources/Hezareh_Dictionary_Index/source/Hezareh_Part_03_PDF_0501-0750.md#L25831-L25832,True
halm,halm,halm,[],hz-016465,entry_candidate,raw_ocr,high,3,725,,dictionary/H/H-01.md,hz-016465-halm,sources/Hezareh_Dictionary_Index/source/Hezareh_Part_03_PDF_0501-0750.md#L25833-L25833,True
halma,halma,halma,[],hz-016466,entry_candidate,raw_ocr,medium,3,725,,dictionary/H/H-01.md,hz-016466-halma,sources/Hezareh_Dictionary_Index/source/Hezareh_Part_03_PDF_0501-0750.md#L25834-L25835,True
halo,halo,halo,[],hz-016467,entry_candidate,raw_ocr,medium,3,725,,dictionary/H/H-01.md,hz-016467-halo,sources/Hezareh_Dictionary_Index/source/Hezareh_Part_03_PDF_0501-0750.md#L25836-L25837,True
halogen,halogen,halogen,[],hz-016468,entry_candidate,raw_ocr,medium,3,725,,dictionary/H/H-01.md,hz-016468-halogen,sources/Hezareh_Dictionary_Index/source/Hezareh_Part_03_PDF_0501-0750.md#L25838-L25857,True
halr's-breadth,halr's-breadth,halr's-breadth,[],hz-016369,entry_candidate,raw_ocr,hint_only,3,722,,dictionary/H/H-01.md,hz-016369-halr-s-breadth,sources/Hezareh_Dictionary_Index/source/Hezareh_Part_03_PDF_0501-0750.md#L25445-L25445,False
halter,halter,halter,[],hz-016469,entry_candidate,raw_ocr,medium,3,725,,dictionary/H/H-01.md,hz-016469-halter,sources/Hezareh_Dictionary_Index/source/Hezareh_Part_03_PDF_0501-0750.md#L25858-L25859,True
halter-neck,halter-neck,halter-neck,[],hz-016470,entry_candidate,raw_ocr,medium,3,725,,dictionary/H/H-01.md,hz-016470-halter-neck,sources/Hezareh_Dictionary_Index/source/Hezareh_Part_03_PDF_0501-0750.md#L25860-L25860,True
halting,halting,halting,[],hz-016471,entry_candidate,raw_ocr,medium,3,725,,dictionary/H/H-01.md,hz-016471-halting,sources/Hezareh_Dictionary_Index/source/Hezareh_Part_03_PDF_0501-0750.md#L25861-L25863,True
haltingly,haltingly,haltingly,[],hz-016472,entry_candidate,raw_ocr,medium,3,725,,dictionary/H/H-01.md,hz-016472-haltingly,sources/Hezareh_Dictionary_Index/source/Hezareh_Part_03_PDF_0501-0750.md#L25864-L25865,True
halve,halve,halve,[],hz-016473,entry_candidate,raw_ocr,medium,3,725,,dictionary/H/H-01.md,hz-016473-halve,sources/Hezareh_Dictionary_Index/source/Hezareh_Part_03_PDF_0501-0750.md#L25866-L25867,True
halves,halves,halves,[],hz-016474,entry_candidate,raw_ocr,high,3,725,,dictionary/H/H-01.md,hz-016474-halves,sources/Hezareh_Dictionary_Index/source/Hezareh_Part_03_PDF_0501-0750.md#L25868-L25868,True
halyard,halyard,halyard,[],hz-016475,entry_candidate,raw_ocr,medium,3,725,,dictionary/H/H-01.md,hz-016475-halyard,sources/Hezareh_Dictionary_Index/source/Hezareh_Part_03_PDF_0501-0750.md#L25869-L25869,True
ham,ham,ham,[],hz-016476,entry_candidate,raw_ocr,high,3,725,,dictionary/H/H-01.md,hz-016476-ham,sources/Hezareh_Dictionary_Index/source/Hezareh_Part_03_PDF_0501-0750.md#L25870-L25877,True
ham-fisted,ham-fisted,ham-fisted,[],hz-016479,entry_candidate,raw_ocr,medium,3,725,,dictionary/H/H-01.md,hz-016479-ham-fisted,sources/Hezareh_Dictionary_Index/source/Hezareh_Part_03_PDF_0501-0750.md#L25884-L25884,True
ham-handed,ham-handed,ham-handed,[],hz-016480,entry_candidate,raw_ocr,hint_only,3,725,,dictionary/H/H-01.md,hz-016480-ham-handed,sources/Hezareh_Dictionary_Index/source/Hezareh_Part_03_PDF_0501-0750.md#L25785-L25785,False
hamadryad,hamadryad,hamadryad,[],hz-016477,entry_candidate,raw_ocr,medium,3,725,,dictionary/H/H-01.md,hz-016477-hamadryad,sources/Hezareh_Dictionary_Index/source/Hezareh_Part_03_PDF_0501-0750.md#L25878-L25883,True
hamburger,hamburger,hamburger,[],hz-016478,entry_candidate,raw_ocr,hint_only,3,725,,dictionary/H/H-01.md,hz-016478-hamburger,sources/Hezareh_Dictionary_Index/source/Hezareh_Part_03_PDF_0501-0750.md#L25785-L25785,False
Hamitic,hamitic,hamitic,[],hz-016481,entry_candidate,raw_ocr,medium,3,725,,dictionary/H/H-01.md,hz-016481-hamitic,sources/Hezareh_Dictionary_Index/source/Hezareh_Part_03_PDF_0501-0750.md#L25885-L25885,True
hamlet,hamlet,hamlet,[],hz-016482,entry_candidate,raw_ocr,medium,3,725,,dictionary/H/H-01.md,hz-016482-hamlet,sources/Hezareh_Dictionary_Index/source/Hezareh_Part_03_PDF_0501-0750.md#L25886-L25886,True
hammer,hammer,hammer,[],hz-016483,entry_candidate,raw_ocr,medium,3,725,,dictionary/H/H-01.md,hz-016483-hammer,sources/Hezareh_Dictionary_Index/source/Hezareh_Part_03_PDF_0501-0750.md#L25887-L25893,True
hammer and sickle,hammer and sickle,hammer and sickle,[],hz-016485,entry_candidate,raw_ocr,high,3,726,,dictionary/H/H-01.md,hz-016485-hammer-and-sickle,sources/Hezareh_Dictionary_Index/source/Hezareh_Part_03_PDF_0501-0750.md#L25940-L25941,True
hammer sth into sb,hammer sth into sb,hammer sth into sb,[],hz-016484,entry_candidate,raw_ocr,medium,3,726,,dictionary/H/H-01.md,hz-016484-hammer-sth-into-sb,sources/Hezareh_Dictionary_Index/source/Hezareh_Part_03_PDF_0501-0750.md#L25923-L25939,True
hammering,hammering,hammering,[],hz-016486,entry_candidate,raw_ocr,medium,3,726,,dictionary/H/H-01.md,hz-016486-hammering,sources/Hezareh_Dictionary_Index/source/Hezareh_Part_03_PDF_0501-0750.md#L25942-L25944,True
hammock,hammock,hammock,[],hz-016487,entry_candidate,raw_ocr,medium,3,726,,dictionary/H/H-01.md,hz-016487-hammock,sources/Hezareh_Dictionary_Index/source/Hezareh_Part_03_PDF_0501-0750.md#L25945-L25958,True
hamster,hamster,hamster,[],hz-016488,entry_candidate,raw_ocr,medium,3,726,,dictionary/H/H-01.md,hz-016488-hamster,sources/Hezareh_Dictionary_Index/source/Hezareh_Part_03_PDF_0501-0750.md#L25959-L25959,True
hamstring,hamstring,hamstring,[],hz-016489,entry_candidate,raw_ocr,medium,3,726,,dictionary/H/H-01.md,hz-016489-hamstring,sources/Hezareh_Dictionary_Index/source/Hezareh_Part_03_PDF_0501-0750.md#L25960-L25964,True
hamstrung,hamstrung,hamstrung,[],hz-016490,entry_candidate,raw_ocr,high,3,726,,dictionary/H/H-01.md,hz-016490-hamstrung,sources/Hezareh_Dictionary_Index/source/Hezareh_Part_03_PDF_0501-0750.md#L25965-L26024,True
hand grip,hand grip,hand grip,[],hz-016515,entry_candidate,raw_ocr,hint_only,3,729,,dictionary/H/H-01.md,hz-016515-hand-grip,sources/Hezareh_Dictionary_Index/source/Hezareh_Part_03_PDF_0501-0750.md#L26264-L26264,False
hand s,hand s,hand s,[],hz-016502,entry_candidate,raw_ocr,hint_only,3,728,,dictionary/H/H-01.md,hz-016502-hand-s,sources/Hezareh_Dictionary_Index/source/Hezareh_Part_03_PDF_0501-0750.md#L26150-L26150,False
hand-baggage,hand-baggage,hand-baggage,[],hz-016504,entry_candidate,raw_ocr,high,3,728,,dictionary/H/H-01.md,hz-016504-hand-baggage,sources/Hezareh_Dictionary_Index/source/Hezareh_Part_03_PDF_0501-0750.md#L26242-L26242,True
hand-barrow,hand-barrow,hand-barrow,[],hz-016506,entry_candidate,raw_ocr,high,3,728,,dictionary/H/H-01.md,hz-016506-hand-barrow,sources/Hezareh_Dictionary_Index/source/Hezareh_Part_03_PDF_0501-0750.md#L26244-L26246,True
hand-grenade,hand-grenade,hand-grenade,[],hz-016514,entry_candidate,raw_ocr,medium,3,729,,dictionary/H/H-01.md,hz-016514-hand-grenade,sources/Hezareh_Dictionary_Index/source/Hezareh_Part_03_PDF_0501-0750.md#L26279-L26280,True
hand-held,hand-held,hand-held,[],hz-016517,entry_candidate,raw_ocr,medium,3,729,,dictionary/H/H-01.md,hz-016517-hand-held,sources/Hezareh_Dictionary_Index/source/Hezareh_Part_03_PDF_0501-0750.md#L26282-L26283,True
hand-me-down,hand-me-down,hand-me-down,[],hz-016533,entry_candidate,raw_ocr,high,3,729,,dictionary/H/H-01.md,hz-016533-hand-me-down,sources/Hezareh_Dictionary_Index/source/Hezareh_Part_03_PDF_0501-0750.md#L26351-L26355,True
hand-organ,hand-organ,hand-organ,[],hz-016534,entry_candidate,raw_ocr,high,3,729,,dictionary/H/H-01.md,hz-016534-hand-organ,sources/Hezareh_Dictionary_Index/source/Hezareh_Part_03_PDF_0501-0750.md#L26356-L26356,True
hand-over-fist,hand-over-fist,hand-over-fist,[],hz-016536,entry_candidate,raw_ocr,medium,3,729,,dictionary/H/H-01.md,hz-016536-hand-over-fist,sources/Hezareh_Dictionary_Index/source/Hezareh_Part_03_PDF_0501-0750.md#L26361-L26362,True
hand-picked,hand-picked,hand-picked,[],hz-016537,entry_candidate,raw_ocr,medium,3,729,,dictionary/H/H-01.md,hz-016537-hand-picked,sources/Hezareh_Dictionary_Index/source/Hezareh_Part_03_PDF_0501-0750.md#L26363-L26363,True
hand-stitched,hand-stitched,hand-stitched,[],hz-016547,entry_candidate,raw_ocr,hint_only,3,730,,dictionary/H/H-01.md,hz-016547-hand-stitched,sources/Hezareh_Dictionary_Index/source/Hezareh_Part_03_PDF_0501-0750.md#L26375-L26375,False
hand-to-hand,hand-to-hand,hand-to-hand,[],hz-016548,entry_candidate,raw_ocr,medium,3,730,,dictionary/H/H-01.md,hz-016548-hand-to-hand,sources/Hezareh_Dictionary_Index/source/Hezareh_Part_03_PDF_0501-0750.md#L26403-L26403,True
hand-to-mouth,hand-to-mouth,hand-to-mouth,[],hz-016549,entry_candidate,raw_ocr,medium,3,730,,dictionary/H/H-01.md,hz-016549-hand-to-mouth,sources/Hezareh_Dictionary_Index/source/Hezareh_Part_03_PDF_0501-0750.md#L26404-L26405,True
hand-woven,hand-woven,hand-woven,[],hz-016551,entry_candidate,raw_ocr,medium,3,730,,dictionary/H/H-01.md,hz-016551-hand-woven,sources/Hezareh_Dictionary_Index/source/Hezareh_Part_03_PDF_0501-0750.md#L26406-L26406,True
handbag,handbag,handbag,[],hz-016503,entry_candidate,raw_ocr,high,3,728,,dictionary/H/H-01.md,hz-016503-handbag,sources/Hezareh_Dictionary_Index/source/Hezareh_Part_03_PDF_0501-0750.md#L26241-L26241,True
handball,handball,handball,[],hz-016505,entry_candidate,raw_ocr,high,3,728,,dictionary/H/H-01.md,hz-016505-handball,sources/Hezareh_Dictionary_Index/source/Hezareh_Part_03_PDF_0501-0750.md#L26243-L26243,True
handbill,handbill,handbill,[],hz-016507,entry_candidate,raw_ocr,hint_only,3,728,,dictionary/H/H-01.md,hz-016507-handbill,sources/Hezareh_Dictionary_Index/source/Hezareh_Part_03_PDF_0501-0750.md#L26150-L26150,False
handbook,handbook,handbook,[],hz-016508,entry_candidate,raw_ocr,high,3,728,,dictionary/H/H-01.md,hz-016508-handbook,sources/Hezareh_Dictionary_Index/source/Hezareh_Part_03_PDF_0501-0750.md#L26247-L26248,True
handbrake,handbrake,handbrake,[],hz-016509,entry_candidate,raw_ocr,high,3,728,,dictionary/H/H-01.md,hz-016509-handbrake,sources/Hezareh_Dictionary_Index/source/Hezareh_Part_03_PDF_0501-0750.md#L26249-L26249,True
handcart,handcart,handcart,[],hz-016510,entry_candidate,raw_ocr,high,3,728,,dictionary/H/H-01.md,hz-016510-handcart,sources/Hezareh_Dictionary_Index/source/Hezareh_Part_03_PDF_0501-0750.md#L26250-L26251,True
handclap,handclap,handclap,[],hz-016511,entry_candidate,raw_ocr,low,3,728,,dictionary/H/H-01.md,hz-016511-handclap,sources/Hezareh_Dictionary_Index/source/Hezareh_Part_03_PDF_0501-0750.md#L26252-L26255,True
handcuffs,handcuffs,handcuffs,[],hz-016512,entry_candidate,raw_ocr,high,3,728,,dictionary/H/H-01.md,hz-016512-handcuffs,sources/Hezareh_Dictionary_Index/source/Hezareh_Part_03_PDF_0501-0750.md#L26256-L26260,True
handful,handful,handful,[],hz-016513,entry_candidate,raw_ocr,high,3,729,,dictionary/H/H-01.md,hz-016513-handful,sources/Hezareh_Dictionary_Index/source/Hezareh_Part_03_PDF_0501-0750.md#L26273-L26278,True
handgun,handgun,handgun,[],hz-016516,entry_candidate,raw_ocr,medium,3,729,,dictionary/H/H-01.md,hz-016516-handgun,sources/Hezareh_Dictionary_Index/source/Hezareh_Part_03_PDF_0501-0750.md#L26281-L26281,True
handhold,handhold,handhold,[],hz-016518,entry_candidate,raw_ocr,medium,3,729,,dictionary/H/H-01.md,hz-016518-handhold,sources/Hezareh_Dictionary_Index/source/Hezareh_Part_03_PDF_0501-0750.md#L26284-L26284,True
handicap,handicap,handicap,[],hz-016519,entry_candidate,raw_ocr,high,3,729,,dictionary/H/H-01.md,hz-016519-handicap,sources/Hezareh_Dictionary_Index/source/Hezareh_Part_03_PDF_0501-0750.md#L26285-L26285,True
handicapped,handicapped,handicapped,[],hz-016520,entry_candidate,raw_ocr,low,3,729,,dictionary/H/H-01.md,hz-016520-handicapped,sources/Hezareh_Dictionary_Index/source/Hezareh_Part_03_PDF_0501-0750.md#L26286-L26296,True
handicraft,handicraft,handicraft,[],hz-016521,entry_candidate,raw_ocr,high,3,729,,dictionary/H/H-01.md,hz-016521-handicraft,sources/Hezareh_Dictionary_Index/source/Hezareh_Part_03_PDF_0501-0750.md#L26297-L26299,True
handily,handily,handily,[],hz-016522,entry_candidate,raw_ocr,medium,3,729,,dictionary/H/H-01.md,hz-016522-handily,sources/Hezareh_Dictionary_Index/source/Hezareh_Part_03_PDF_0501-0750.md#L26300-L26301,True
handinesS,handiness,handiness,[],hz-016523,entry_candidate,raw_ocr,medium,3,729,,dictionary/H/H-01.md,hz-016523-handiness,sources/Hezareh_Dictionary_Index/source/Hezareh_Part_03_PDF_0501-0750.md#L26302-L26306,True
handkerchief,handkerchief,handkerchief,[],hz-016524,entry_candidate,raw_ocr,high,3,729,,dictionary/H/H-01.md,hz-016524-handkerchief,sources/Hezareh_Dictionary_Index/source/Hezareh_Part_03_PDF_0501-0750.md#L26307-L26311,True
handle,handle,handle,[],hz-016525,entry_candidate,raw_ocr,medium,3,729,,dictionary/H/H-01.md,hz-016525-handle,sources/Hezareh_Dictionary_Index/source/Hezareh_Part_03_PDF_0501-0750.md#L26312-L26337,True
handlebar,handlebar,handlebar,[],hz-016526,entry_candidate,raw_ocr,high,3,729,,dictionary/H/H-01.md,hz-016526-handlebar,sources/Hezareh_Dictionary_Index/source/Hezareh_Part_03_PDF_0501-0750.md#L26338-L26339,True
handlebar moustache,handlebar moustache,handlebar moustache,[],hz-016527,entry_candidate,raw_ocr,high,3,729,,dictionary/H/H-01.md,hz-016527-handlebar-moustache,sources/Hezareh_Dictionary_Index/source/Hezareh_Part_03_PDF_0501-0750.md#L26338-L26339,True
handler,handler,handler,[],hz-016528,entry_candidate,raw_ocr,medium,3,729,,dictionary/H/H-01.md,hz-016528-handler,sources/Hezareh_Dictionary_Index/source/Hezareh_Part_03_PDF_0501-0750.md#L26340-L26341,True
handling,handling,handling,[],hz-016529,entry_candidate,raw_ocr,medium,3,729,,dictionary/H/H-01.md,hz-016529-handling,sources/Hezareh_Dictionary_Index/source/Hezareh_Part_03_PDF_0501-0750.md#L26342-L26347,True
handmade,handmade,handmade,[],hz-016530,entry_candidate,raw_ocr,medium,3,729,,dictionary/H/H-01.md,hz-016530-handmade,sources/Hezareh_Dictionary_Index/source/Hezareh_Part_03_PDF_0501-0750.md#L26348-L26348,True
handmaid,handmaid,handmaid,[],hz-016531,entry_candidate,raw_ocr,medium,3,729,,dictionary/H/H-01.md,hz-016531-handmaid,sources/Hezareh_Dictionary_Index/source/Hezareh_Part_03_PDF_0501-0750.md#L26349-L26349,True
handmaiden,handmaiden,handmaiden,[],hz-016532,entry_candidate,raw_ocr,high,3,729,,dictionary/H/H-01.md,hz-016532-handmaiden,sources/Hezareh_Dictionary_Index/source/Hezareh_Part_03_PDF_0501-0750.md#L26350-L26350,True
handout,handout,handout,[],hz-016535,entry_candidate,raw_ocr,medium,3,729,,dictionary/H/H-01.md,hz-016535-handout,sources/Hezareh_Dictionary_Index/source/Hezareh_Part_03_PDF_0501-0750.md#L26357-L26360,True
handrail,handrail,handrail,[],hz-016538,entry_candidate,raw_ocr,medium,3,729,,dictionary/H/H-01.md,hz-016538-handrail,sources/Hezareh_Dictionary_Index/source/Hezareh_Part_03_PDF_0501-0750.md#L26364-L26364,True
hands-off,hands-off,hands-off,[],hz-016541,entry_candidate,raw_ocr,medium,3,729,,dictionary/H/H-01.md,hz-016541-hands-off,sources/Hezareh_Dictionary_Index/source/Hezareh_Part_03_PDF_0501-0750.md#L26367-L26368,True
hands-on,hands-on,hands-on,[],hz-016544,entry_candidate,raw_ocr,medium,3,730,,dictionary/H/H-01.md,hz-016544-hands-on,sources/Hezareh_Dictionary_Index/source/Hezareh_Part_03_PDF_0501-0750.md#L26397-L26397,True
handsaw,handsaw,handsaw,[],hz-016539,entry_candidate,raw_ocr,medium,3,729,,dictionary/H/H-01.md,hz-016539-handsaw,sources/Hezareh_Dictionary_Index/source/Hezareh_Part_03_PDF_0501-0750.md#L26365-L26365,True
handshake,handshake,handshake,[],hz-016540,entry_candidate,raw_ocr,medium,3,729,,dictionary/H/H-01.md,hz-016540-handshake,sources/Hezareh_Dictionary_Index/source/Hezareh_Part_03_PDF_0501-0750.md#L26366-L26366,True
handsome,handsome,handsome,[],hz-016542,entry_candidate,raw_ocr,medium,3,729,,dictionary/H/H-01.md,hz-016542-handsome,sources/Hezareh_Dictionary_Index/source/Hezareh_Part_03_PDF_0501-0750.md#L26369-L26371,True
handsomely,handsomely,handsomely,[],hz-016543,entry_candidate,raw_ocr,medium,3,730,,dictionary/H/H-01.md,hz-016543-handsomely,sources/Hezareh_Dictionary_Index/source/Hezareh_Part_03_PDF_0501-0750.md#L26391-L26393,True
handsomeness,handsomeness,handsomeness,[],hz-016546,entry_candidate,raw_ocr,high,3,730,,dictionary/H/H-01.md,hz-016546-handsomeness,sources/Hezareh_Dictionary_Index/source/Hezareh_Part_03_PDF_0501-0750.md#L26394-L26396,True
handstand,handstand,handstand,[],hz-016545,entry_candidate,raw_ocr,medium,3,730,,dictionary/H/H-01.md,hz-016545-handstand,sources/Hezareh_Dictionary_Index/source/Hezareh_Part_03_PDF_0501-0750.md#L26398-L26402,True
handwork,handwork,handwork,[],hz-016550,entry_candidate,raw_ocr,hint_only,3,730,,dictionary/H/H-01.md,hz-016550-handwork,sources/Hezareh_Dictionary_Index/source/Hezareh_Part_03_PDF_0501-0750.md#L26375-L26375,False
handwriting,handwriting,handwriting,[],hz-016552,entry_candidate,raw_ocr,low,3,730,,dictionary/H/H-01.md,hz-016552-handwriting,sources/Hezareh_Dictionary_Index/source/Hezareh_Part_03_PDF_0501-0750.md#L26407-L26407,True
handwritten,handwritten,handwritten,[],hz-016553,entry_candidate,raw_ocr,medium,3,730,,dictionary/H/H-01.md,hz-016553-handwritten,sources/Hezareh_Dictionary_Index/source/Hezareh_Part_03_PDF_0501-0750.md#L26408-L26409,True
handy,handy,handy,[],hz-016554,entry_candidate,raw_ocr,high,3,730,,dictionary/H/H-01.md,hz-016554-handy,sources/Hezareh_Dictionary_Index/source/Hezareh_Part_03_PDF_0501-0750.md#L26410-L26417,True
handyman,handyman,handyman,[],hz-016555,entry_candidate,raw_ocr,high,3,730,,dictionary/H/H-01.md,hz-016555-handyman,sources/Hezareh_Dictionary_Index/source/Hezareh_Part_03_PDF_0501-0750.md#L26418-L26440,True
hang,hang,hang,[],hz-011611,entry_candidate,raw_ocr,high,2,486,,dictionary/H/H-01.md,hz-011611-hang,sources/Hezareh_Dictionary_Index/source/Hezareh_Part_02_PDF_0251-0500.md#L27743-L27744,True
hang,hang,hang,[],hz-016556,entry_candidate,raw_ocr,high,3,730,,dictionary/H/H-01.md,hz-016556-hang,sources/Hezareh_Dictionary_Index/source/Hezareh_Part_03_PDF_0501-0750.md#L26458-L26466,True
hang,hang,hang,[],hz-016567,entry_candidate,raw_ocr,high,3,731,,dictionary/H/H-01.md,hz-016567-hang,sources/Hezareh_Dictionary_Index/source/Hezareh_Part_03_PDF_0501-0750.md#L26498-L26533,True
hang about,hang about,hang about,[],hz-016558,entry_candidate,raw_ocr,high,3,730,,dictionary/H/H-01.md,hz-016558-hang-about,sources/Hezareh_Dictionary_Index/source/Hezareh_Part_03_PDF_0501-0750.md#L26467-L26485,True
hang out,hang out,hang out,[],hz-013795,entry_candidate,raw_ocr,hint_only,3,595,,dictionary/H/H-01.md,hz-013795-hang-out,sources/Hezareh_Dictionary_Index/source/Hezareh_Part_03_PDF_0501-0750.md#L10905-L10905,False
hang-glider,hang-glider,hang-glider,[],hz-016572,entry_candidate,raw_ocr,medium,3,731,,dictionary/H/H-01.md,hz-016572-hang-glider,sources/Hezareh_Dictionary_Index/source/Hezareh_Part_03_PDF_0501-0750.md#L26542-L26542,True
hang-gliding,hang-gliding,hang-gliding,[],hz-016573,entry_candidate,raw_ocr,low,3,731,,dictionary/H/H-01.md,hz-016573-hang-gliding,sources/Hezareh_Dictionary_Index/source/Hezareh_Part_03_PDF_0501-0750.md#L26543-L26552,True
hang-out,hang-out,hang-out,[],hz-016561,entry_candidate,raw_ocr,medium,3,731,,dictionary/H/H-01.md,hz-016561-hang-out,sources/Hezareh_Dictionary_Index/source/Hezareh_Part_03_PDF_0501-0750.md#L26556-L26556,True
hangar,hangar,hangar,[],hz-016568,entry_candidate,raw_ocr,medium,3,731,,dictionary/H/H-01.md,hz-016568-hangar,sources/Hezareh_Dictionary_Index/source/Hezareh_Part_03_PDF_0501-0750.md#L26534-L26534,True
hangdog,hangdog,hangdog,[],hz-016569,entry_candidate,raw_ocr,medium,3,731,,dictionary/H/H-01.md,hz-016569-hangdog,sources/Hezareh_Dictionary_Index/source/Hezareh_Part_03_PDF_0501-0750.md#L26535-L26539,True
hanger,hanger,hanger,[],hz-016570,entry_candidate,raw_ocr,hint_only,3,731,,dictionary/H/H-01.md,hz-016570-hanger,sources/Hezareh_Dictionary_Index/source/Hezareh_Part_03_PDF_0501-0750.md#L26489-L26489,False
hanger-on,hanger-on,hanger-on,[],hz-016571,entry_candidate,raw_ocr,high,3,731,,dictionary/H/H-01.md,hz-016571-hanger-on,sources/Hezareh_Dictionary_Index/source/Hezareh_Part_03_PDF_0501-0750.md#L26540-L26541,True
hangman,hangman,hangman,[],hz-016559,entry_candidate,raw_ocr,high,3,731,,dictionary/H/H-01.md,hz-016559-hangman,sources/Hezareh_Dictionary_Index/source/Hezareh_Part_03_PDF_0501-0750.md#L26553-L26554,True
hangnail,hangnail,hangnail,[],hz-016560,entry_candidate,raw_ocr,medium,3,731,,dictionary/H/H-01.md,hz-016560-hangnail,sources/Hezareh_Dictionary_Index/source/Hezareh_Part_03_PDF_0501-0750.md#L26555-L26555,True
hangover,hangover,hangover,[],hz-016562,entry_candidate,raw_ocr,medium,3,731,,dictionary/H/H-01.md,hz-016562-hangover,sources/Hezareh_Dictionary_Index/source/Hezareh_Part_03_PDF_0501-0750.md#L26557-L26564,True
hank,hank,hank,[],hz-016563,entry_candidate,raw_ocr,medium,3,731,,dictionary/H/H-01.md,hz-016563-hank,sources/Hezareh_Dictionary_Index/source/Hezareh_Part_03_PDF_0501-0750.md#L26565-L26566,True
hanker,hanker,hanker,[],hz-016564,entry_candidate,raw_ocr,medium,3,731,,dictionary/H/H-02.md,hz-016564-hanker,sources/Hezareh_Dictionary_Index/source/Hezareh_Part_03_PDF_0501-0750.md#L26567-L26569,True
hanker after,hanker after,hanker after,[],hz-016565,entry_candidate,raw_ocr,medium,3,731,,dictionary/H/H-02.md,hz-016565-hanker-after,sources/Hezareh_Dictionary_Index/source/Hezareh_Part_03_PDF_0501-0750.md#L26567-L26569,True
hankering,hankering,hankering,[],hz-016566,entry_candidate,raw_ocr,medium,3,731,,dictionary/H/H-02.md,hz-016566-hankering,sources/Hezareh_Dictionary_Index/source/Hezareh_Part_03_PDF_0501-0750.md#L26570-L26571,True
hanky,hanky,hanky,[],hz-016574,entry_candidate,raw_ocr,high,3,731,,dictionary/H/H-02.md,hz-016574-hanky,sources/Hezareh_Dictionary_Index/source/Hezareh_Part_03_PDF_0501-0750.md#L26572-L26579,True
hansom,hansom,hansom,[],hz-016576,entry_candidate,raw_ocr,low,3,731,,dictionary/H/H-02.md,hz-016576-hansom,sources/Hezareh_Dictionary_Index/source/Hezareh_Part_03_PDF_0501-0750.md#L26580-L26581,True
hap,hap,hap,[],hz-016577,entry_candidate,raw_ocr,medium,3,731,,dictionary/H/H-02.md,hz-016577-hap,sources/Hezareh_Dictionary_Index/source/Hezareh_Part_03_PDF_0501-0750.md#L26582-L26582,True
haphazard,haphazard,haphazard,[],hz-016578,entry_candidate,raw_ocr,high,3,731,,dictionary/H/H-02.md,hz-016578-haphazard,sources/Hezareh_Dictionary_Index/source/Hezareh_Part_03_PDF_0501-0750.md#L26583-L26586,True
haphazardly,haphazardly,haphazardly,[],hz-016579,entry_candidate,raw_ocr,medium,3,731,,dictionary/H/H-02.md,hz-016579-haphazardly,sources/Hezareh_Dictionary_Index/source/Hezareh_Part_03_PDF_0501-0750.md#L26587-L26589,True
hapleSS,hapless,hapless,[],hz-016580,entry_candidate,raw_ocr,medium,3,731,,dictionary/H/H-02.md,hz-016580-hapless,sources/Hezareh_Dictionary_Index/source/Hezareh_Part_03_PDF_0501-0750.md#L26590-L26592,True
haply,haply,haply,[],hz-016581,entry_candidate,raw_ocr,medium,3,731,,dictionary/H/H-02.md,hz-016581-haply,sources/Hezareh_Dictionary_Index/source/Hezareh_Part_03_PDF_0501-0750.md#L26593-L26596,True
happen,happen,happen,[],hz-016583,entry_candidate,raw_ocr,medium,3,732,,dictionary/H/H-02.md,hz-016583-happen,sources/Hezareh_Dictionary_Index/source/Hezareh_Part_03_PDF_0501-0750.md#L26623-L26625,True
happen on,happen on,happen on,[],hz-016585,entry_candidate,raw_ocr,hint_only,3,732,,dictionary/H/H-02.md,hz-016585-happen-on,sources/Hezareh_Dictionary_Index/source/Hezareh_Part_03_PDF_0501-0750.md#L26600-L26600,False
happening,happening,happening,[],hz-016586,entry_candidate,raw_ocr,medium,3,732,,dictionary/H/H-02.md,hz-016586-happening,sources/Hezareh_Dictionary_Index/source/Hezareh_Part_03_PDF_0501-0750.md#L26626-L26627,True
happenstance,happenstance,happenstance,[],hz-016587,entry_candidate,raw_ocr,high,3,732,,dictionary/H/H-02.md,hz-016587-happenstance,sources/Hezareh_Dictionary_Index/source/Hezareh_Part_03_PDF_0501-0750.md#L26628-L26630,True
happily,happily,happily,[],hz-016588,entry_candidate,raw_ocr,low,3,732,,dictionary/H/H-02.md,hz-016588-happily,sources/Hezareh_Dictionary_Index/source/Hezareh_Part_03_PDF_0501-0750.md#L26631-L26633,True
happiness,happiness,happiness,[],hz-016589,entry_candidate,raw_ocr,medium,3,732,,dictionary/H/H-02.md,hz-016589-happiness,sources/Hezareh_Dictionary_Index/source/Hezareh_Part_03_PDF_0501-0750.md#L26634-L26635,True
happy,happy,happy,[],hz-016590,entry_candidate,raw_ocr,high,3,732,,dictionary/H/H-02.md,hz-016590-happy,sources/Hezareh_Dictionary_Index/source/Hezareh_Part_03_PDF_0501-0750.md#L26636-L26641,True
happy hour,happy hour,happy hour,[],hz-016592,entry_candidate,raw_ocr,hint_only,3,732,,dictionary/H/H-02.md,hz-016592-happy-hour,sources/Hezareh_Dictionary_Index/source/Hezareh_Part_03_PDF_0501-0750.md#L26600-L26600,False
happy medium,happy medium,happy medium,[],hz-016593,entry_candidate,raw_ocr,high,3,732,,dictionary/H/H-02.md,hz-016593-happy-medium,sources/Hezareh_Dictionary_Index/source/Hezareh_Part_03_PDF_0501-0750.md#L26666-L26667,True
hara-kiri,hara-kiri,hara-kiri,[],hz-016594,entry_candidate,raw_ocr,high,3,732,,dictionary/H/H-02.md,hz-016594-hara-kiri,sources/Hezareh_Dictionary_Index/source/Hezareh_Part_03_PDF_0501-0750.md#L26668-L26672,True
harass,harass,harass,[],hz-016595,entry_candidate,raw_ocr,high,3,732,,dictionary/H/H-02.md,hz-016595-harass,sources/Hezareh_Dictionary_Index/source/Hezareh_Part_03_PDF_0501-0750.md#L26673-L26677,True
harassed,harassed,harassed,[],hz-016596,entry_candidate,raw_ocr,high,3,732,,dictionary/H/H-02.md,hz-016596-harassed,sources/Hezareh_Dictionary_Index/source/Hezareh_Part_03_PDF_0501-0750.md#L26678-L26679,True
harassment,harassment,harassment,[],hz-016597,entry_candidate,raw_ocr,high,3,732,,dictionary/H/H-02.md,hz-016597-harassment,sources/Hezareh_Dictionary_Index/source/Hezareh_Part_03_PDF_0501-0750.md#L26680-L26682,True
harbinger,harbinger,harbinger,[],hz-016598,entry_candidate,raw_ocr,high,3,732,,dictionary/H/H-02.md,hz-016598-harbinger,sources/Hezareh_Dictionary_Index/source/Hezareh_Part_03_PDF_0501-0750.md#L26683-L26684,True
harbor,harbor,harbor,[],hz-016599,entry_candidate,raw_ocr,high,3,732,,dictionary/H/H-02.md,hz-016599-harbor,sources/Hezareh_Dictionary_Index/source/Hezareh_Part_03_PDF_0501-0750.md#L26685-L26686,True
harbour,harbour,harbour,[],hz-016141,entry_candidate,raw_ocr,high,3,713,,dictionary/H/H-02.md,hz-016141-harbour,sources/Hezareh_Dictionary_Index/source/Hezareh_Part_03_PDF_0501-0750.md#L24576-L24576,True
harbour,harbour,harbour,[],hz-016600,entry_candidate,raw_ocr,high,3,732,,dictionary/H/H-02.md,hz-016600-harbour,sources/Hezareh_Dictionary_Index/source/Hezareh_Part_03_PDF_0501-0750.md#L26687-L26691,True
harbour-master,harbour-master,harbour-master,[],hz-016602,entry_candidate,raw_ocr,high,3,732,,dictionary/H/H-02.md,hz-016602-harbour-master,sources/Hezareh_Dictionary_Index/source/Hezareh_Part_03_PDF_0501-0750.md#L26695-L26696,True
harbourage,harbourage,harbourage,[],hz-016601,entry_candidate,raw_ocr,high,3,732,,dictionary/H/H-02.md,hz-016601-harbourage,sources/Hezareh_Dictionary_Index/source/Hezareh_Part_03_PDF_0501-0750.md#L26692-L26694,True
harbourside,harbourside,harbourside,[],hz-016603,entry_candidate,raw_ocr,high,3,732,,dictionary/H/H-02.md,hz-016603-harbourside,sources/Hezareh_Dictionary_Index/source/Hezareh_Part_03_PDF_0501-0750.md#L26697-L26698,True
harcl-worldng,harcl-worldng,harcl-worldng,[],hz-016662,entry_candidate,raw_ocr,hint_only,3,735,,dictionary/H/H-02.md,hz-016662-harcl-worldng,sources/Hezareh_Dictionary_Index/source/Hezareh_Part_03_PDF_0501-0750.md#L26939-L26939,False
hard,hard,hard,[],hz-016604,entry_candidate,raw_ocr,high,3,732,,dictionary/H/H-02.md,hz-016604-hard,sources/Hezareh_Dictionary_Index/source/Hezareh_Part_03_PDF_0501-0750.md#L26699-L26710,True
hard by,hard by,hard by,[],hz-016614,entry_candidate,raw_ocr,medium,3,733,,dictionary/H/H-02.md,hz-016614-hard-by,sources/Hezareh_Dictionary_Index/source/Hezareh_Part_03_PDF_0501-0750.md#L26806-L26806,True
hard cash,hard cash,hard cash,[],hz-016615,entry_candidate,raw_ocr,medium,3,733,,dictionary/H/H-02.md,hz-016615-hard-cash,sources/Hezareh_Dictionary_Index/source/Hezareh_Part_03_PDF_0501-0750.md#L26807-L26807,True
hard cider,hard cider,hard cider,[],hz-016616,entry_candidate,raw_ocr,medium,3,733,,dictionary/H/H-02.md,hz-016616-hard-cider,sources/Hezareh_Dictionary_Index/source/Hezareh_Part_03_PDF_0501-0750.md#L26808-L26808,True
hard copy,hard copy,hard copy,[],hz-016617,entry_candidate,raw_ocr,medium,3,733,,dictionary/H/H-02.md,hz-016617-hard-copy,sources/Hezareh_Dictionary_Index/source/Hezareh_Part_03_PDF_0501-0750.md#L26809-L26810,True
hard core,hard core,hard core,[],hz-016618,entry_candidate,raw_ocr,medium,3,733,,dictionary/H/H-02.md,hz-016618-hard-core,sources/Hezareh_Dictionary_Index/source/Hezareh_Part_03_PDF_0501-0750.md#L26811-L26813,True
hard court,hard court,hard court,[],hz-016620,entry_candidate,raw_ocr,medium,3,733,,dictionary/H/H-02.md,hz-016620-hard-court,sources/Hezareh_Dictionary_Index/source/Hezareh_Part_03_PDF_0501-0750.md#L26816-L26816,True
hard currency,hard currency,hard currency,[],hz-016623,entry_candidate,raw_ocr,medium,3,733,,dictionary/H/H-02.md,hz-016623-hard-currency,sources/Hezareh_Dictionary_Index/source/Hezareh_Part_03_PDF_0501-0750.md#L26819-L26821,True
hard disk,hard disk,hard disk,[],hz-016624,entry_candidate,raw_ocr,medium,3,734,,dictionary/H/H-02.md,hz-016624-hard-disk,sources/Hezareh_Dictionary_Index/source/Hezareh_Part_03_PDF_0501-0750.md#L26835-L26836,True
hard drink,hard drink,hard drink,[],hz-016625,entry_candidate,raw_ocr,medium,3,734,,dictionary/H/H-02.md,hz-016625-hard-drink,sources/Hezareh_Dictionary_Index/source/Hezareh_Part_03_PDF_0501-0750.md#L26837-L26837,True
hard drinker,hard drinker,hard drinker,[],hz-016626,entry_candidate,raw_ocr,medium,3,734,,dictionary/H/H-02.md,hz-016626-hard-drinker,sources/Hezareh_Dictionary_Index/source/Hezareh_Part_03_PDF_0501-0750.md#L26838-L26838,True
hard drug,hard drug,hard drug,[],hz-016628,entry_candidate,raw_ocr,medium,3,734,,dictionary/H/H-02.md,hz-016628-hard-drug,sources/Hezareh_Dictionary_Index/source/Hezareh_Part_03_PDF_0501-0750.md#L26840-L26841,True
hard hat,hard hat,hard hat,[],hz-016632,entry_candidate,raw_ocr,medium,3,734,,dictionary/H/H-02.md,hz-016632-hard-hat,sources/Hezareh_Dictionary_Index/source/Hezareh_Part_03_PDF_0501-0750.md#L26865-L26867,True
hard head,hard head,hard head,[],hz-016633,entry_candidate,raw_ocr,hint_only,3,734,,dictionary/H/H-02.md,hz-016633-hard-head,sources/Hezareh_Dictionary_Index/source/Hezareh_Part_03_PDF_0501-0750.md#L26825-L26825,False
hard labor,hard labor,hard labor,[],hz-016638,entry_candidate,raw_ocr,high,3,734,,dictionary/H/H-02.md,hz-016638-hard-labor,sources/Hezareh_Dictionary_Index/source/Hezareh_Part_03_PDF_0501-0750.md#L26874-L26874,True
hard labour,hard labour,hard labour,[],hz-016639,entry_candidate,raw_ocr,medium,3,734,,dictionary/H/H-02.md,hz-016639-hard-labour,sources/Hezareh_Dictionary_Index/source/Hezareh_Part_03_PDF_0501-0750.md#L26875-L26875,True
hard lines,hard lines,hard lines,[],hz-016642,entry_candidate,raw_ocr,high,3,734,,dictionary/H/H-02.md,hz-016642-hard-lines,sources/Hezareh_Dictionary_Index/source/Hezareh_Part_03_PDF_0501-0750.md#L26888-L26888,True
hard liquor,hard liquor,hard liquor,[],hz-016643,entry_candidate,raw_ocr,high,3,734,,dictionary/H/H-02.md,hz-016643-hard-liquor,sources/Hezareh_Dictionary_Index/source/Hezareh_Part_03_PDF_0501-0750.md#L26889-L26889,True
hard luck,hard luck,hard luck,[],hz-016644,entry_candidate,raw_ocr,high,3,734,,dictionary/H/H-02.md,hz-016644-hard-luck,sources/Hezareh_Dictionary_Index/source/Hezareh_Part_03_PDF_0501-0750.md#L26890-L26892,True
hard porn,hard porn,hard porn,[],hz-016650,entry_candidate,raw_ocr,high,3,735,,dictionary/H/H-02.md,hz-016650-hard-porn,sources/Hezareh_Dictionary_Index/source/Hezareh_Part_03_PDF_0501-0750.md#L26962-L26964,True
hard rock,hard rock,hard rock,[],hz-016652,entry_candidate,raw_ocr,high,3,735,,dictionary/H/H-02.md,hz-016652-hard-rock,sources/Hezareh_Dictionary_Index/source/Hezareh_Part_03_PDF_0501-0750.md#L26971-L26971,True
hard sell,hard sell,hard sell,[],hz-016653,entry_candidate,raw_ocr,high,3,735,,dictionary/H/H-02.md,hz-016653-hard-sell,sources/Hezareh_Dictionary_Index/source/Hezareh_Part_03_PDF_0501-0750.md#L26972-L26972,True
hard shoulder,hard shoulder,hard shoulder,[],hz-016655,entry_candidate,raw_ocr,high,3,735,,dictionary/H/H-02.md,hz-016655-hard-shoulder,sources/Hezareh_Dictionary_Index/source/Hezareh_Part_03_PDF_0501-0750.md#L26976-L26977,True
hard standing,hard standing,hard standing,[],hz-016656,entry_candidate,raw_ocr,high,3,735,,dictionary/H/H-02.md,hz-016656-hard-standing,sources/Hezareh_Dictionary_Index/source/Hezareh_Part_03_PDF_0501-0750.md#L26978-L26979,True
hard up,hard up,hard up,[],hz-016657,entry_candidate,raw_ocr,high,3,735,,dictionary/H/H-02.md,hz-016657-hard-up,sources/Hezareh_Dictionary_Index/source/Hezareh_Part_03_PDF_0501-0750.md#L26980-L26982,True
hard water,hard water,hard water,[],hz-016659,entry_candidate,raw_ocr,high,3,735,,dictionary/H/H-02.md,hz-016659-hard-water,sources/Hezareh_Dictionary_Index/source/Hezareh_Part_03_PDF_0501-0750.md#L26986-L26988,True
hard-and-fast,hard-and-fast,hard-and-fast,[],hz-016606,entry_candidate,raw_ocr,high,3,733,,dictionary/H/H-02.md,hz-016606-hard-and-fast,sources/Hezareh_Dictionary_Index/source/Hezareh_Part_03_PDF_0501-0750.md#L26784-L26791,True
hard-bitten,hard-bitten,hard-bitten,[],hz-016610,entry_candidate,raw_ocr,medium,3,733,,dictionary/H/H-02.md,hz-016610-hard-bitten,sources/Hezareh_Dictionary_Index/source/Hezareh_Part_03_PDF_0501-0750.md#L26799-L26801,True
hard-boiled,hard-boiled,hard-boiled,[],hz-016612,entry_candidate,raw_ocr,medium,3,733,,dictionary/H/H-02.md,hz-016612-hard-boiled,sources/Hezareh_Dictionary_Index/source/Hezareh_Part_03_PDF_0501-0750.md#L26803-L26804,True
hard-core,hard-core,hard-core,[],hz-016619,entry_candidate,raw_ocr,medium,3,733,,dictionary/H/H-02.md,hz-016619-hard-core,sources/Hezareh_Dictionary_Index/source/Hezareh_Part_03_PDF_0501-0750.md#L26814-L26815,True
hard-drinking,hard-drinking,hard-drinking,[],hz-016627,entry_candidate,raw_ocr,medium,3,734,,dictionary/H/H-02.md,hz-016627-hard-drinking,sources/Hezareh_Dictionary_Index/source/Hezareh_Part_03_PDF_0501-0750.md#L26839-L26839,True
hard-earned,hard-earned,hard-earned,[],hz-016629,entry_candidate,raw_ocr,medium,3,734,,dictionary/H/H-02.md,hz-016629-hard-earned,sources/Hezareh_Dictionary_Index/source/Hezareh_Part_03_PDF_0501-0750.md#L26842-L26843,True
hard-hearted,hard-hearted,hard-hearted,[],hz-016634,entry_candidate,raw_ocr,medium,3,734,,dictionary/H/H-02.md,hz-016634-hard-hearted,sources/Hezareh_Dictionary_Index/source/Hezareh_Part_03_PDF_0501-0750.md#L26868-L26869,True
hard-hitting,hard-hitting,hard-hitting,[],hz-016635,entry_candidate,raw_ocr,medium,3,734,,dictionary/H/H-02.md,hz-016635-hard-hitting,sources/Hezareh_Dictionary_Index/source/Hezareh_Part_03_PDF_0501-0750.md#L26870-L26870,True
hard-line,hard-line,hard-line,[],hz-016640,entry_candidate,raw_ocr,medium,3,734,,dictionary/H/H-02.md,hz-016640-hard-line,sources/Hezareh_Dictionary_Index/source/Hezareh_Part_03_PDF_0501-0750.md#L26876-L26878,True
hard-liner,hard-liner,hard-liner,[],hz-016641,entry_candidate,raw_ocr,medium,3,734,,dictionary/H/H-02.md,hz-016641-hard-liner,sources/Hezareh_Dictionary_Index/source/Hezareh_Part_03_PDF_0501-0750.md#L26879-L26887,True
hard-luck story,hard-luck story,hard-luck story,[],hz-016645,entry_candidate,raw_ocr,high,3,734,,dictionary/H/H-02.md,hz-016645-hard-luck-story,sources/Hezareh_Dictionary_Index/source/Hezareh_Part_03_PDF_0501-0750.md#L26893-L26903,True
hard-pressed,hard-pressed,hard-pressed,[],hz-016651,entry_candidate,raw_ocr,high,3,735,,dictionary/H/H-02.md,hz-016651-hard-pressed,sources/Hezareh_Dictionary_Index/source/Hezareh_Part_03_PDF_0501-0750.md#L26965-L26970,True
hardback,hardback,hardback,[],hz-016607,entry_candidate,raw_ocr,low,3,733,,dictionary/H/H-02.md,hz-016607-hardback,sources/Hezareh_Dictionary_Index/source/Hezareh_Part_03_PDF_0501-0750.md#L26817-L26817,True
hardbacked,hardbacked,hardbacked,[],hz-016608,entry_candidate,raw_ocr,high,3,733,,dictionary/H/H-02.md,hz-016608-hardbacked,sources/Hezareh_Dictionary_Index/source/Hezareh_Part_03_PDF_0501-0750.md#L26792-L26795,True
hardball,hardball,hardball,[],hz-016609,entry_candidate,raw_ocr,medium,3,733,,dictionary/H/H-02.md,hz-016609-hardball,sources/Hezareh_Dictionary_Index/source/Hezareh_Part_03_PDF_0501-0750.md#L26796-L26798,True
hardboard,hardboard,hardboard,[],hz-016611,entry_candidate,raw_ocr,medium,3,733,,dictionary/H/H-02.md,hz-016611-hardboard,sources/Hezareh_Dictionary_Index/source/Hezareh_Part_03_PDF_0501-0750.md#L26802-L26802,True
hardbound,hardbound,hardbound,[],hz-016613,entry_candidate,raw_ocr,high,3,733,,dictionary/H/H-02.md,hz-016613-hardbound,sources/Hezareh_Dictionary_Index/source/Hezareh_Part_03_PDF_0501-0750.md#L26805-L26805,True
hardcover,hardcover,hardcover,[],hz-016621,entry_candidate,raw_ocr,high,3,733,,dictionary/H/H-02.md,hz-016621-hardcover,sources/Hezareh_Dictionary_Index/source/Hezareh_Part_03_PDF_0501-0750.md#L26817-L26817,True
hardcovered,hardcovered,hardcovered,[],hz-016622,entry_candidate,raw_ocr,high,3,733,,dictionary/H/H-02.md,hz-016622-hardcovered,sources/Hezareh_Dictionary_Index/source/Hezareh_Part_03_PDF_0501-0750.md#L26818-L26818,True
harden,harden,harden,[],hz-016630,entry_candidate,raw_ocr,medium,3,734,,dictionary/H/H-02.md,hz-016630-harden,sources/Hezareh_Dictionary_Index/source/Hezareh_Part_03_PDF_0501-0750.md#L26844-L26855,True
hardened,hardened,hardened,[],hz-016631,entry_candidate,raw_ocr,medium,3,734,,dictionary/H/H-02.md,hz-016631-hardened,sources/Hezareh_Dictionary_Index/source/Hezareh_Part_03_PDF_0501-0750.md#L26856-L26864,True
hardihood,hardihood,hardihood,[],hz-016636,entry_candidate,raw_ocr,medium,3,734,,dictionary/H/H-02.md,hz-016636-hardihood,sources/Hezareh_Dictionary_Index/source/Hezareh_Part_03_PDF_0501-0750.md#L26871-L26872,True
hardinesS,hardiness,hardiness,[],hz-016637,entry_candidate,raw_ocr,medium,3,734,,dictionary/H/H-02.md,hz-016637-hardiness,sources/Hezareh_Dictionary_Index/source/Hezareh_Part_03_PDF_0501-0750.md#L26873-L26873,True
Hardly,hardly,hardly,[],hz-000942,entry_candidate,raw_ocr,high,1,41,,dictionary/H/H-02.md,hz-000942-hardly,sources/Hezareh_Dictionary_Index/source/Hezareh_Part_01_PDF_0001-0250.md#L5102-L5104,True
hardly,hardly,hardly,[],hz-016646,entry_candidate,raw_ocr,high,3,734,,dictionary/H/H-02.md,hz-016646-hardly,sources/Hezareh_Dictionary_Index/source/Hezareh_Part_03_PDF_0501-0750.md#L26904-L26935,True
hardly,hardly,hardly,[],hz-034769,entry_candidate,raw_ocr,high,7,1738,,dictionary/H/H-02.md,hz-034769-hardly,sources/Hezareh_Dictionary_Index/source/Hezareh_Part_07_PDF_1501-1750.md#L27831-L27841,True
hardness,hardness,hardness,[],hz-016647,entry_candidate,raw_ocr,high,3,735,,dictionary/H/H-02.md,hz-016647-hardness,sources/Hezareh_Dictionary_Index/source/Hezareh_Part_03_PDF_0501-0750.md#L26953-L26960,True
hardpan,hardpan,hardpan,[],hz-016649,entry_candidate,raw_ocr,high,3,735,,dictionary/H/H-02.md,hz-016649-hardpan,sources/Hezareh_Dictionary_Index/source/Hezareh_Part_03_PDF_0501-0750.md#L26961-L26961,True
hardship,hardship,hardship,[],hz-016654,entry_candidate,raw_ocr,high,3,735,,dictionary/H/H-02.md,hz-016654-hardship,sources/Hezareh_Dictionary_Index/source/Hezareh_Part_03_PDF_0501-0750.md#L26973-L26975,True
hardware,hardware,hardware,[],hz-016658,entry_candidate,raw_ocr,high,3,735,,dictionary/H/H-02.md,hz-016658-hardware,sources/Hezareh_Dictionary_Index/source/Hezareh_Part_03_PDF_0501-0750.md#L26983-L26985,True
hardwood,hardwood,hardwood,[],hz-016661,entry_candidate,raw_ocr,high,3,735,,dictionary/H/H-02.md,hz-016661-hardwood,sources/Hezareh_Dictionary_Index/source/Hezareh_Part_03_PDF_0501-0750.md#L26989-L26992,True
hardy,hardy,hardy,[],hz-016663,entry_candidate,raw_ocr,high,3,735,,dictionary/H/H-02.md,hz-016663-hardy,sources/Hezareh_Dictionary_Index/source/Hezareh_Part_03_PDF_0501-0750.md#L26993-L26999,True
hare,hare,hare,[],hz-016648,entry_candidate,raw_ocr,medium,3,735,,dictionary/H/H-02.md,hz-016648-hare,sources/Hezareh_Dictionary_Index/source/Hezareh_Part_03_PDF_0501-0750.md#L27000-L27011,True
hare away,hare away,hare away,[],hz-016660,entry_candidate,raw_ocr,medium,3,735,,dictionary/H/H-02.md,hz-016660-hare-away,sources/Hezareh_Dictionary_Index/source/Hezareh_Part_03_PDF_0501-0750.md#L27012-L27014,True
harebell,harebell,harebell,[],hz-016664,entry_candidate,raw_ocr,medium,3,735,,dictionary/H/H-02.md,hz-016664-harebell,sources/Hezareh_Dictionary_Index/source/Hezareh_Part_03_PDF_0501-0750.md#L27015-L27017,True
harelip,harelip,harelip,[],hz-016665,entry_candidate,raw_ocr,medium,3,735,,dictionary/H/H-02.md,hz-016665-harelip,sources/Hezareh_Dictionary_Index/source/Hezareh_Part_03_PDF_0501-0750.md#L27018-L27018,True
harem,harem,harem,[],hz-016666,entry_candidate,raw_ocr,medium,3,735,,dictionary/H/H-02.md,hz-016666-harem,sources/Hezareh_Dictionary_Index/source/Hezareh_Part_03_PDF_0501-0750.md#L27019-L27020,True
haricot,haricot,haricot,[],hz-016667,entry_candidate,raw_ocr,high,3,735,,dictionary/H/H-02.md,hz-016667-haricot,sources/Hezareh_Dictionary_Index/source/Hezareh_Part_03_PDF_0501-0750.md#L27021-L27026,True
haricot bean,haricot bean,haricot bean,[],hz-016668,entry_candidate,raw_ocr,high,3,735,,dictionary/H/H-02.md,hz-016668-haricot-bean,sources/Hezareh_Dictionary_Index/source/Hezareh_Part_03_PDF_0501-0750.md#L27021-L27026,True
harlequin,harlequin,harlequin,[],hz-016669,entry_candidate,raw_ocr,medium,3,735,,dictionary/H/H-02.md,hz-016669-harlequin,sources/Hezareh_Dictionary_Index/source/Hezareh_Part_03_PDF_0501-0750.md#L27027-L27030,True
harlot,harlot,harlot,[],hz-016670,entry_candidate,raw_ocr,medium,3,735,,dictionary/H/H-02.md,hz-016670-harlot,sources/Hezareh_Dictionary_Index/source/Hezareh_Part_03_PDF_0501-0750.md#L27031-L27031,True
harm,harm,harm,[],hz-016671,entry_candidate,raw_ocr,medium,3,735,,dictionary/H/H-02.md,hz-016671-harm,sources/Hezareh_Dictionary_Index/source/Hezareh_Part_03_PDF_0501-0750.md#L27032-L27046,True
harmattan,harmattan,harmattan,[],hz-016672,entry_candidate,raw_ocr,medium,3,736,,dictionary/H/H-02.md,hz-016672-harmattan,sources/Hezareh_Dictionary_Index/source/Hezareh_Part_03_PDF_0501-0750.md#L27060-L27060,True
harmful,harmful,harmful,[],hz-016673,entry_candidate,raw_ocr,low,3,736,,dictionary/H/H-02.md,hz-016673-harmful,sources/Hezareh_Dictionary_Index/source/Hezareh_Part_03_PDF_0501-0750.md#L27061-L27061,True
harmless,harmless,harmless,[],hz-016674,entry_candidate,raw_ocr,medium,3,736,,dictionary/H/H-02.md,hz-016674-harmless,sources/Hezareh_Dictionary_Index/source/Hezareh_Part_03_PDF_0501-0750.md#L27062-L27063,True
harmlessly,harmlessly,harmlessly,[],hz-016675,entry_candidate,raw_ocr,medium,3,736,,dictionary/H/H-02.md,hz-016675-harmlessly,sources/Hezareh_Dictionary_Index/source/Hezareh_Part_03_PDF_0501-0750.md#L27064-L27067,True
harmonic,harmonic,harmonic,[],hz-016676,entry_candidate,raw_ocr,medium,3,736,,dictionary/H/H-02.md,hz-016676-harmonic,sources/Hezareh_Dictionary_Index/source/Hezareh_Part_03_PDF_0501-0750.md#L27068-L27071,True
harmonica,harmonica,harmonica,[],hz-016677,entry_candidate,raw_ocr,low,3,736,,dictionary/H/H-02.md,hz-016677-harmonica,sources/Hezareh_Dictionary_Index/source/Hezareh_Part_03_PDF_0501-0750.md#L27072-L27072,True
harmonics,harmonics,harmonics,[],hz-016678,entry_candidate,raw_ocr,medium,3,736,,dictionary/H/H-02.md,hz-016678-harmonics,sources/Hezareh_Dictionary_Index/source/Hezareh_Part_03_PDF_0501-0750.md#L27073-L27078,True
harmoniously,harmoniously,harmoniously,[],hz-016679,entry_candidate,raw_ocr,low,3,736,,dictionary/H/H-02.md,hz-016679-harmoniously,sources/Hezareh_Dictionary_Index/source/Hezareh_Part_03_PDF_0501-0750.md#L27079-L27082,True
harmonise,harmonise,harmonise,[],hz-016681,entry_candidate,raw_ocr,hint_only,3,736,,dictionary/H/H-02.md,hz-016681-harmonise,sources/Hezareh_Dictionary_Index/source/Hezareh_Part_03_PDF_0501-0750.md#L27050-L27050,False
harmonium,harmonium,harmonium,[],hz-016682,entry_candidate,raw_ocr,hint_only,3,736,,dictionary/H/H-02.md,hz-016682-harmonium,sources/Hezareh_Dictionary_Index/source/Hezareh_Part_03_PDF_0501-0750.md#L27050-L27050,False
harmonization,harmonization,harmonization,[],hz-016683,entry_candidate,raw_ocr,high,3,736,,dictionary/H/H-02.md,hz-016683-harmonization,sources/Hezareh_Dictionary_Index/source/Hezareh_Part_03_PDF_0501-0750.md#L27085-L27112,True
harmonize,harmonize,harmonize,[],hz-016684,entry_candidate,raw_ocr,low,3,736,,dictionary/H/H-02.md,hz-016684-harmonize,sources/Hezareh_Dictionary_Index/source/Hezareh_Part_03_PDF_0501-0750.md#L27083-L27084,True
harmontsatton,harmontsatton,harmontsatton,[],hz-016680,entry_candidate,raw_ocr,hint_only,3,736,,dictionary/H/H-02.md,hz-016680-harmontsatton,sources/Hezareh_Dictionary_Index/source/Hezareh_Part_03_PDF_0501-0750.md#L27050-L27050,False
harper,harper,harper,[],hz-016687,entry_candidate,raw_ocr,high,3,736,,dictionary/H/H-02.md,hz-016687-harper,sources/Hezareh_Dictionary_Index/source/Hezareh_Part_03_PDF_0501-0750.md#L27119-L27119,True
harpist,harpist,harpist,[],hz-016688,entry_candidate,raw_ocr,high,3,736,,dictionary/H/H-02.md,hz-016688-harpist,sources/Hezareh_Dictionary_Index/source/Hezareh_Part_03_PDF_0501-0750.md#L27120-L27120,True
harpoon,harpoon,harpoon,[],hz-016689,entry_candidate,raw_ocr,high,3,736,,dictionary/H/H-02.md,hz-016689-harpoon,sources/Hezareh_Dictionary_Index/source/Hezareh_Part_03_PDF_0501-0750.md#L27121-L27124,True
harpy,harpy,harpy,[],hz-016690,entry_candidate,raw_ocr,high,3,736,,dictionary/H/H-02.md,hz-016690-harpy,sources/Hezareh_Dictionary_Index/source/Hezareh_Part_03_PDF_0501-0750.md#L27125-L27127,True
harridan,harridan,harridan,[],hz-016691,entry_candidate,raw_ocr,high,3,736,,dictionary/H/H-02.md,hz-016691-harridan,sources/Hezareh_Dictionary_Index/source/Hezareh_Part_03_PDF_0501-0750.md#L27128-L27133,True
harroW,harrow,harrow,[],hz-016692,entry_candidate,raw_ocr,high,3,736,,dictionary/H/H-02.md,hz-016692-harrow,sources/Hezareh_Dictionary_Index/source/Hezareh_Part_03_PDF_0501-0750.md#L27134-L27139,True
harrow sh,harrow sh,harrow sh,[],hz-016693,entry_candidate,raw_ocr,hint_only,3,736,,dictionary/H/H-02.md,hz-016693-harrow-sh,sources/Hezareh_Dictionary_Index/source/Hezareh_Part_03_PDF_0501-0750.md#L27050-L27050,False
harrowing,harrowing,harrowing,[],hz-016694,entry_candidate,raw_ocr,high,3,736,,dictionary/H/H-02.md,hz-016694-harrowing,sources/Hezareh_Dictionary_Index/source/Hezareh_Part_03_PDF_0501-0750.md#L27140-L27141,True
harry,harry,harry,[],hz-016695,entry_candidate,raw_ocr,high,3,736,,dictionary/H/H-02.md,hz-016695-harry,sources/Hezareh_Dictionary_Index/source/Hezareh_Part_03_PDF_0501-0750.md#L27142-L27145,True
harsh,harsh,harsh,[],hz-016696,entry_candidate,raw_ocr,high,3,736,,dictionary/H/H-02.md,hz-016696-harsh,sources/Hezareh_Dictionary_Index/source/Hezareh_Part_03_PDF_0501-0750.md#L27146-L27154,True
harshly,harshly,harshly,[],hz-016697,entry_candidate,raw_ocr,hint_only,3,736,,dictionary/H/H-02.md,hz-016697-harshly,sources/Hezareh_Dictionary_Index/source/Hezareh_Part_03_PDF_0501-0750.md#L27050-L27050,False
harshneSS,harshness,harshness,[],hz-016698,entry_candidate,raw_ocr,high,3,736,,dictionary/H/H-02.md,hz-016698-harshness,sources/Hezareh_Dictionary_Index/source/Hezareh_Part_03_PDF_0501-0750.md#L27155-L27160,True
hart,hart,hart,[],hz-016699,entry_candidate,raw_ocr,high,3,737,,dictionary/H/H-02.md,hz-016699-hart,sources/Hezareh_Dictionary_Index/source/Hezareh_Part_03_PDF_0501-0750.md#L27173-L27189,True
harum-scarum,harum-scarum,harum-scarum,[],hz-016700,entry_candidate,raw_ocr,hint_only,3,737,,dictionary/H/H-02.md,hz-016700-harum-scarum,sources/Hezareh_Dictionary_Index/source/Hezareh_Part_03_PDF_0501-0750.md#L27164-L27164,False
harvest festival,harvest festival,harvest festival,[],hz-016702,entry_candidate,raw_ocr,medium,3,737,,dictionary/H/H-02.md,hz-016702-harvest-festival,sources/Hezareh_Dictionary_Index/source/Hezareh_Part_03_PDF_0501-0750.md#L27193-L27194,True
harvest home,harvest home,harvest home,[],hz-016703,entry_candidate,raw_ocr,high,3,737,,dictionary/H/H-02.md,hz-016703-harvest-home,sources/Hezareh_Dictionary_Index/source/Hezareh_Part_03_PDF_0501-0750.md#L27195-L27196,True
harvest moon,harvest moon,harvest moon,[],hz-016704,entry_candidate,raw_ocr,high,3,737,,dictionary/H/H-02.md,hz-016704-harvest-moon,sources/Hezareh_Dictionary_Index/source/Hezareh_Part_03_PDF_0501-0750.md#L27197-L27216,True
harvester,harvester,harvester,[],hz-016701,entry_candidate,raw_ocr,medium,3,737,,dictionary/H/H-02.md,hz-016701-harvester,sources/Hezareh_Dictionary_Index/source/Hezareh_Part_03_PDF_0501-0750.md#L27190-L27192,True
hash,hash,hash,[],hz-016706,entry_candidate,raw_ocr,high,3,737,,dictionary/H/H-02.md,hz-016706-hash,sources/Hezareh_Dictionary_Index/source/Hezareh_Part_03_PDF_0501-0750.md#L27217-L27217,True
hash sign,hash sign,hash sign,[],hz-016708,entry_candidate,raw_ocr,high,3,737,,dictionary/H/H-02.md,hz-016708-hash-sign,sources/Hezareh_Dictionary_Index/source/Hezareh_Part_03_PDF_0501-0750.md#L27217-L27217,True
hashish,hashish,hashish,[],hz-016707,entry_candidate,raw_ocr,hint_only,3,737,,dictionary/H/H-02.md,hz-016707-hashish,sources/Hezareh_Dictionary_Index/source/Hezareh_Part_03_PDF_0501-0750.md#L27164-L27164,False
hasn't,hasn't,hasn't,[],hz-016709,entry_candidate,raw_ocr,high,3,737,,dictionary/H/H-02.md,hz-016709-hasn-t,sources/Hezareh_Dictionary_Index/source/Hezareh_Part_03_PDF_0501-0750.md#L27218-L27218,True
hasp,hasp,hasp,[],hz-016710,entry_candidate,raw_ocr,high,3,737,,dictionary/H/H-02.md,hz-016710-hasp,sources/Hezareh_Dictionary_Index/source/Hezareh_Part_03_PDF_0501-0750.md#L27219-L27219,True
hassle,hassle,hassle,[],hz-016711,entry_candidate,raw_ocr,medium,3,737,,dictionary/H/H-02.md,hz-016711-hassle,sources/Hezareh_Dictionary_Index/source/Hezareh_Part_03_PDF_0501-0750.md#L27220-L27230,True
hassock,hassock,hassock,[],hz-016712,entry_candidate,raw_ocr,medium,3,737,,dictionary/H/H-02.md,hz-016712-hassock,sources/Hezareh_Dictionary_Index/source/Hezareh_Part_03_PDF_0501-0750.md#L27231-L27231,True
haste,haste,haste,[],hz-016713,entry_candidate,raw_ocr,medium,3,737,,dictionary/H/H-02.md,hz-016713-haste,sources/Hezareh_Dictionary_Index/source/Hezareh_Part_03_PDF_0501-0750.md#L27232-L27240,True
hasten,hasten,hasten,[],hz-016714,entry_candidate,raw_ocr,hint_only,3,737,,dictionary/H/H-02.md,hz-016714-hasten,sources/Hezareh_Dictionary_Index/source/Hezareh_Part_03_PDF_0501-0750.md#L27164-L27164,False
hastily,hastily,hastily,[],hz-016715,entry_candidate,raw_ocr,medium,3,737,,dictionary/H/H-02.md,hz-016715-hastily,sources/Hezareh_Dictionary_Index/source/Hezareh_Part_03_PDF_0501-0750.md#L27241-L27242,True
hastineSS,hastiness,hastiness,[],hz-016716,entry_candidate,raw_ocr,medium,3,737,,dictionary/H/H-02.md,hz-016716-hastiness,sources/Hezareh_Dictionary_Index/source/Hezareh_Part_03_PDF_0501-0750.md#L27243-L27244,True
hasty,hasty,hasty,[],hz-016717,entry_candidate,raw_ocr,high,3,737,,dictionary/H/H-02.md,hz-016717-hasty,sources/Hezareh_Dictionary_Index/source/Hezareh_Part_03_PDF_0501-0750.md#L27245-L27253,True
hat,hat,hat,[],hz-016718,entry_candidate,raw_ocr,medium,3,737,,dictionary/H/H-02.md,hz-016718-hat,sources/Hezareh_Dictionary_Index/source/Hezareh_Part_03_PDF_0501-0750.md#L27263-L27271,True
hat trick,hat trick,hat trick,[],hz-016741,entry_candidate,raw_ocr,high,3,738,,dictionary/H/H-02.md,hz-016741-hat-trick,sources/Hezareh_Dictionary_Index/source/Hezareh_Part_03_PDF_0501-0750.md#L27353-L27355,True
hat-pin,hat-pin,hat-pin,[],hz-016738,entry_candidate,raw_ocr,hint_only,3,738,,dictionary/H/H-02.md,hz-016738-hat-pin,sources/Hezareh_Dictionary_Index/source/Hezareh_Part_03_PDF_0501-0750.md#L27275-L27275,False
hatband,hatband,hatband,[],hz-016732,entry_candidate,raw_ocr,low,3,738,,dictionary/H/H-02.md,hz-016732-hatband,sources/Hezareh_Dictionary_Index/source/Hezareh_Part_03_PDF_0501-0750.md#L27287-L27292,True
hatch,hatch,hatch,[],hz-016733,entry_candidate,raw_ocr,medium,3,738,,dictionary/H/H-02.md,hz-016733-hatch,sources/Hezareh_Dictionary_Index/source/Hezareh_Part_03_PDF_0501-0750.md#L27293-L27308,True
hatchback,hatchback,hatchback,[],hz-016723,entry_candidate,raw_ocr,low,3,738,,dictionary/H/H-02.md,hz-016723-hatchback,sources/Hezareh_Dictionary_Index/source/Hezareh_Part_03_PDF_0501-0750.md#L27309-L27309,True
hatchery,hatchery,hatchery,[],hz-016724,entry_candidate,raw_ocr,medium,3,738,,dictionary/H/H-02.md,hz-016724-hatchery,sources/Hezareh_Dictionary_Index/source/Hezareh_Part_03_PDF_0501-0750.md#L27310-L27314,True
hatchet,hatchet,hatchet,[],hz-016725,entry_candidate,raw_ocr,high,3,738,,dictionary/H/H-02.md,hz-016725-hatchet,sources/Hezareh_Dictionary_Index/source/Hezareh_Part_03_PDF_0501-0750.md#L27319-L27320,True
hatchet job,hatchet job,hatchet job,[],hz-016727,entry_candidate,raw_ocr,medium,3,738,,dictionary/H/H-02.md,hz-016727-hatchet-job,sources/Hezareh_Dictionary_Index/source/Hezareh_Part_03_PDF_0501-0750.md#L27317-L27318,True
hatchet man,hatchet man,hatchet man,[],hz-016728,entry_candidate,raw_ocr,high,3,738,,dictionary/H/H-02.md,hz-016728-hatchet-man,sources/Hezareh_Dictionary_Index/source/Hezareh_Part_03_PDF_0501-0750.md#L27319-L27320,True
hatchet-faced,hatchet-faced,hatchet-faced,[],hz-016726,entry_candidate,raw_ocr,medium,3,738,,dictionary/H/H-02.md,hz-016726-hatchet-faced,sources/Hezareh_Dictionary_Index/source/Hezareh_Part_03_PDF_0501-0750.md#L27315-L27316,True
hatching,hatching,hatching,[],hz-016729,entry_candidate,raw_ocr,low,3,738,,dictionary/H/H-02.md,hz-016729-hatching,sources/Hezareh_Dictionary_Index/source/Hezareh_Part_03_PDF_0501-0750.md#L27321-L27322,True
hatchway,hatchway,hatchway,[],hz-016730,entry_candidate,raw_ocr,medium,3,738,,dictionary/H/H-02.md,hz-016730-hatchway,sources/Hezareh_Dictionary_Index/source/Hezareh_Part_03_PDF_0501-0750.md#L27323-L27323,True
hate,hate,hate,[],hz-016731,entry_candidate,raw_ocr,medium,3,738,,dictionary/H/H-02.md,hz-016731-hate,sources/Hezareh_Dictionary_Index/source/Hezareh_Part_03_PDF_0501-0750.md#L27324-L27338,True
hate,hate,hate,[],hz-031223,entry_candidate,raw_ocr,high,7,1559,,dictionary/H/H-02.md,hz-031223-hate,sources/Hezareh_Dictionary_Index/source/Hezareh_Part_07_PDF_1501-1750.md#L6949-L6960,True
hateful,hateful,hateful,[],hz-016734,entry_candidate,raw_ocr,high,3,738,,dictionary/H/H-02.md,hz-016734-hateful,sources/Hezareh_Dictionary_Index/source/Hezareh_Part_03_PDF_0501-0750.md#L27339-L27341,True
hater,hater,hater,[],hz-016735,entry_candidate,raw_ocr,high,3,738,,dictionary/H/H-02.md,hz-016735-hater,sources/Hezareh_Dictionary_Index/source/Hezareh_Part_03_PDF_0501-0750.md#L27342-L27347,True
hatful,hatful,hatful,[],hz-016736,entry_candidate,raw_ocr,hint_only,3,738,,dictionary/H/H-02.md,hz-016736-hatful,sources/Hezareh_Dictionary_Index/source/Hezareh_Part_03_PDF_0501-0750.md#L27275-L27275,False
hatless,hatless,hatless,[],hz-016737,entry_candidate,raw_ocr,hint_only,3,738,,dictionary/H/H-02.md,hz-016737-hatless,sources/Hezareh_Dictionary_Index/source/Hezareh_Part_03_PDF_0501-0750.md#L27275-L27275,False
hatred,hatred,hatred,[],hz-016739,entry_candidate,raw_ocr,high,3,738,,dictionary/H/H-02.md,hz-016739-hatred,sources/Hezareh_Dictionary_Index/source/Hezareh_Part_03_PDF_0501-0750.md#L27348-L27351,True
hatter,hatter,hatter,[],hz-016740,entry_candidate,raw_ocr,low,3,738,,dictionary/H/H-02.md,hz-016740-hatter,sources/Hezareh_Dictionary_Index/source/Hezareh_Part_03_PDF_0501-0750.md#L27352-L27352,True
haughtily,haughtily,haughtily,[],hz-016742,entry_candidate,raw_ocr,high,3,738,,dictionary/H/H-02.md,hz-016742-haughtily,sources/Hezareh_Dictionary_Index/source/Hezareh_Part_03_PDF_0501-0750.md#L27356-L27357,True
haughtinesS,haughtiness,haughtiness,[],hz-016743,entry_candidate,raw_ocr,high,3,738,,dictionary/H/H-02.md,hz-016743-haughtiness,sources/Hezareh_Dictionary_Index/source/Hezareh_Part_03_PDF_0501-0750.md#L27358-L27362,True
haul,haul,haul,[],hz-016744,entry_candidate,raw_ocr,high,3,738,,dictionary/H/H-02.md,hz-016744-haul,sources/Hezareh_Dictionary_Index/source/Hezareh_Part_03_PDF_0501-0750.md#L27363-L27372,True
haul down one's flag,haul down one's flag,haul down one's flag,[],hz-016745,entry_candidate,raw_ocr,high,3,738,,dictionary/H/H-02.md,hz-016745-haul-down-one-s-flag,sources/Hezareh_Dictionary_Index/source/Hezareh_Part_03_PDF_0501-0750.md#L27373-L27379,True
haulage,haulage,haulage,[],hz-016746,entry_candidate,raw_ocr,high,3,738,,dictionary/H/H-02.md,hz-016746-haulage,sources/Hezareh_Dictionary_Index/source/Hezareh_Part_03_PDF_0501-0750.md#L27380-L27385,True
hauler,hauler,hauler,[],hz-016747,entry_candidate,raw_ocr,high,3,739,,dictionary/H/H-02.md,hz-016747-hauler,sources/Hezareh_Dictionary_Index/source/Hezareh_Part_03_PDF_0501-0750.md#L27401-L27401,True
haulier,haulier,haulier,[],hz-016748,entry_candidate,raw_ocr,medium,3,739,,dictionary/H/H-02.md,hz-016748-haulier,sources/Hezareh_Dictionary_Index/source/Hezareh_Part_03_PDF_0501-0750.md#L27402-L27404,True
haunch,haunch,haunch,[],hz-016749,entry_candidate,raw_ocr,medium,3,739,,dictionary/H/H-02.md,hz-016749-haunch,sources/Hezareh_Dictionary_Index/source/Hezareh_Part_03_PDF_0501-0750.md#L27405-L27405,True
haunt,haunt,haunt,[],hz-016750,entry_candidate,raw_ocr,medium,3,739,,dictionary/H/H-02.md,hz-016750-haunt,sources/Hezareh_Dictionary_Index/source/Hezareh_Part_03_PDF_0501-0750.md#L27406-L27416,True
haunting,haunting,haunting,[],hz-016751,entry_candidate,raw_ocr,medium,3,739,,dictionary/H/H-02.md,hz-016751-haunting,sources/Hezareh_Dictionary_Index/source/Hezareh_Part_03_PDF_0501-0750.md#L27417-L27418,True
hauntingly,hauntingly,hauntingly,[],hz-016752,entry_candidate,raw_ocr,medium,3,739,,dictionary/H/H-02.md,hz-016752-hauntingly,sources/Hezareh_Dictionary_Index/source/Hezareh_Part_03_PDF_0501-0750.md#L27419-L27420,True
hautboy,hautboy,hautboy,[],hz-016753,entry_candidate,raw_ocr,high,3,739,,dictionary/H/H-02.md,hz-016753-hautboy,sources/Hezareh_Dictionary_Index/source/Hezareh_Part_03_PDF_0501-0750.md#L27421-L27424,True
haute cuisine,haute cuisine,haute cuisine,[],hz-016754,entry_candidate,raw_ocr,low,3,739,,dictionary/H/H-02.md,hz-016754-haute-cuisine,sources/Hezareh_Dictionary_Index/source/Hezareh_Part_03_PDF_0501-0750.md#L27425-L27426,True
hauteur,hauteur,hauteur,[],hz-016755,entry_candidate,raw_ocr,medium,3,739,,dictionary/H/H-02.md,hz-016755-hauteur,sources/Hezareh_Dictionary_Index/source/Hezareh_Part_03_PDF_0501-0750.md#L27427-L27430,True
Havana,havana,havana,[],hz-016756,entry_candidate,raw_ocr,hint_only,3,739,,dictionary/H/H-02.md,hz-016756-havana,sources/Hezareh_Dictionary_Index/source/Hezareh_Part_03_PDF_0501-0750.md#L27389-L27389,False
have,have,have,[],hz-001290,entry_candidate,raw_ocr,medium,1,52,,dictionary/H/H-02.md,hz-001290-have,sources/Hezareh_Dictionary_Index/source/Hezareh_Part_01_PDF_0001-0250.md#L6699-L6758,True
have,have,have,[],hz-002284,entry_candidate,raw_ocr,medium,1,86,,dictionary/H/H-02.md,hz-002284-have,sources/Hezareh_Dictionary_Index/source/Hezareh_Part_01_PDF_0001-0250.md#L11436-L11467,True
have,have,have,[],hz-003082,entry_candidate,raw_ocr,high,1,119,,dictionary/H/H-02.md,hz-003082-have,sources/Hezareh_Dictionary_Index/source/Hezareh_Part_01_PDF_0001-0250.md#L16070-L16076,True
have,have,have,[],hz-003352,entry_candidate,raw_ocr,high,1,129,,dictionary/H/H-02.md,hz-003352-have,sources/Hezareh_Dictionary_Index/source/Hezareh_Part_01_PDF_0001-0250.md#L17488-L17490,True
have,have,have,[],hz-006647,entry_candidate,raw_ocr,medium,2,263,,dictionary/H/H-02.md,hz-006647-have,sources/Hezareh_Dictionary_Index/source/Hezareh_Part_02_PDF_0251-0500.md#L1713-L1741,True
have,have,have,[],hz-007635,entry_candidate,raw_ocr,high,2,311,,dictionary/H/H-02.md,hz-007635-have,sources/Hezareh_Dictionary_Index/source/Hezareh_Part_02_PDF_0251-0500.md#L7479-L7484,True
have,have,have,[],hz-011413,entry_candidate,raw_ocr,high,2,476,,dictionary/H/H-02.md,hz-011413-have,sources/Hezareh_Dictionary_Index/source/Hezareh_Part_02_PDF_0251-0500.md#L26495-L26514,True
have,have,have,[],hz-012898,entry_candidate,raw_ocr,medium,3,545,,dictionary/H/H-02.md,hz-012898-have,sources/Hezareh_Dictionary_Index/source/Hezareh_Part_03_PDF_0501-0750.md#L5147-L5151,True
have,have,have,[],hz-012922,entry_candidate,raw_ocr,high,3,546,,dictionary/H/H-02.md,hz-012922-have,sources/Hezareh_Dictionary_Index/source/Hezareh_Part_03_PDF_0501-0750.md#L5283-L5287,True
have,have,have,[],hz-013754,entry_candidate,raw_ocr,medium,3,593,,dictionary/H/H-02.md,hz-013754-have,sources/Hezareh_Dictionary_Index/source/Hezareh_Part_03_PDF_0501-0750.md#L10763-L10769,True
have,have,have,[],hz-014176,entry_candidate,raw_ocr,high,3,615,,dictionary/H/H-02.md,hz-014176-have,sources/Hezareh_Dictionary_Index/source/Hezareh_Part_03_PDF_0501-0750.md#L13283-L13297,True
have,have,have,[],hz-014777,entry_candidate,raw_ocr,high,3,643,,dictionary/H/H-02.md,hz-014777-have,sources/Hezareh_Dictionary_Index/source/Hezareh_Part_03_PDF_0501-0750.md#L16479-L16483,True
have,have,have,[],hz-015458,entry_candidate,raw_ocr,medium,3,677,,dictionary/H/H-02.md,hz-015458-have,sources/Hezareh_Dictionary_Index/source/Hezareh_Part_03_PDF_0501-0750.md#L20382-L20397,True
have,have,have,[],hz-016089,entry_candidate,raw_ocr,high,3,711,,dictionary/H/H-02.md,hz-016089-have,sources/Hezareh_Dictionary_Index/source/Hezareh_Part_03_PDF_0501-0750.md#L24256-L24257,True
have,have,have,[],hz-016257,entry_candidate,raw_ocr,medium,3,717,,dictionary/H/H-02.md,hz-016257-have,sources/Hezareh_Dictionary_Index/source/Hezareh_Part_03_PDF_0501-0750.md#L24984-L24986,True
have,have,have,[],hz-016494,entry_candidate,raw_ocr,high,3,727,,dictionary/H/H-02.md,hz-016494-have,sources/Hezareh_Dictionary_Index/source/Hezareh_Part_03_PDF_0501-0750.md#L26091-L26146,True
have,have,have,[],hz-016757,entry_candidate,raw_ocr,high,3,739,,dictionary/H/H-02.md,hz-016757-have,sources/Hezareh_Dictionary_Index/source/Hezareh_Part_03_PDF_0501-0750.md#L27431-L27490,True
have,have,have,[],hz-017849,entry_candidate,raw_ocr,high,4,788,,dictionary/H/H-02.md,hz-017849-have,sources/Hezareh_Dictionary_Index/source/Hezareh_Part_04_PDF_0751-1000.md#L4508-L4513,True
have,have,have,[],hz-018937,entry_candidate,raw_ocr,medium,4,832,,dictionary/H/H-02.md,hz-018937-have,sources/Hezareh_Dictionary_Index/source/Hezareh_Part_04_PDF_0751-1000.md#L9406-L9418,True
have,have,have,[],hz-019020,entry_candidate,raw_ocr,medium,4,835,,dictionary/H/H-02.md,hz-019020-have,sources/Hezareh_Dictionary_Index/source/Hezareh_Part_04_PDF_0751-1000.md#L9746-L9750,True
have,have,have,[],hz-020359,entry_candidate,raw_ocr,medium,4,895,,dictionary/H/H-02.md,hz-020359-have,sources/Hezareh_Dictionary_Index/source/Hezareh_Part_04_PDF_0751-1000.md#L16460-L16478,True
have,have,have,[],hz-020786,entry_candidate,raw_ocr,high,4,914,,dictionary/H/H-02.md,hz-020786-have,sources/Hezareh_Dictionary_Index/source/Hezareh_Part_04_PDF_0751-1000.md#L18692-L18714,True
have,have,have,[],hz-021658,entry_candidate,raw_ocr,high,4,967,,dictionary/H/H-02.md,hz-021658-have,sources/Hezareh_Dictionary_Index/source/Hezareh_Part_04_PDF_0751-1000.md#L24800-L24802,True
have,have,have,[],hz-022598,entry_candidate,raw_ocr,high,5,1022,,dictionary/H/H-02.md,hz-022598-have,sources/Hezareh_Dictionary_Index/source/Hezareh_Part_05_PDF_1001-1250.md#L2896-L2909,True
have,have,have,[],hz-024078,entry_candidate,raw_ocr,high,5,1114,,dictionary/H/H-02.md,hz-024078-have,sources/Hezareh_Dictionary_Index/source/Hezareh_Part_05_PDF_1001-1250.md#L13408-L13413,True
have,have,have,[],hz-024613,entry_candidate,raw_ocr,high,5,1151,,dictionary/H/H-02.md,hz-024613-have,sources/Hezareh_Dictionary_Index/source/Hezareh_Part_05_PDF_1001-1250.md#L17485-L17532,True
have,have,have,[],hz-024697,entry_candidate,raw_ocr,medium,5,1159,,dictionary/H/H-02.md,hz-024697-have,sources/Hezareh_Dictionary_Index/source/Hezareh_Part_05_PDF_1001-1250.md#L18505-L18514,True
have,have,have,[],hz-025583,entry_candidate,raw_ocr,high,5,1214,,dictionary/H/H-02.md,hz-025583-have,sources/Hezareh_Dictionary_Index/source/Hezareh_Part_05_PDF_1001-1250.md#L24764-L24800,True
have,have,have,[],hz-026115,entry_candidate,raw_ocr,medium,5,1241,,dictionary/H/H-02.md,hz-026115-have,sources/Hezareh_Dictionary_Index/source/Hezareh_Part_05_PDF_1001-1250.md#L27883-L27883,True
have,have,have,[],hz-027004,entry_candidate,raw_ocr,high,6,1289,,dictionary/H/H-02.md,hz-027004-have,sources/Hezareh_Dictionary_Index/source/Hezareh_Part_06_PDF_1251-1500.md#L4606-L4611,True
have,have,have,[],hz-027302,entry_candidate,raw_ocr,high,6,1308,,dictionary/H/H-02.md,hz-027302-have,sources/Hezareh_Dictionary_Index/source/Hezareh_Part_06_PDF_1251-1500.md#L6719-L6728,True
have,have,have,[],hz-027801,entry_candidate,raw_ocr,high,6,1337,,dictionary/H/H-02.md,hz-027801-have,sources/Hezareh_Dictionary_Index/source/Hezareh_Part_06_PDF_1251-1500.md#L10167-L10168,True
have,have,have,[],hz-028083,entry_candidate,raw_ocr,high,6,1356,,dictionary/H/H-02.md,hz-028083-have,sources/Hezareh_Dictionary_Index/source/Hezareh_Part_06_PDF_1251-1500.md#L12307-L12309,True
have,have,have,[],hz-028744,entry_candidate,raw_ocr,high,6,1402,,dictionary/H/H-02.md,hz-028744-have,sources/Hezareh_Dictionary_Index/source/Hezareh_Part_06_PDF_1251-1500.md#L17559-L17584,True
have,have,have,[],hz-029071,entry_candidate,raw_ocr,medium,6,1422,,dictionary/H/H-02.md,hz-029071-have,sources/Hezareh_Dictionary_Index/source/Hezareh_Part_06_PDF_1251-1500.md#L20029-L20031,True
have,have,have,[],hz-029316,entry_candidate,raw_ocr,high,6,1437,,dictionary/H/H-02.md,hz-029316-have,sources/Hezareh_Dictionary_Index/source/Hezareh_Part_06_PDF_1251-1500.md#L21673-L21712,True
have,have,have,[],hz-029743,entry_candidate,raw_ocr,medium,6,1468,,dictionary/H/H-02.md,hz-029743-have,sources/Hezareh_Dictionary_Index/source/Hezareh_Part_06_PDF_1251-1500.md#L25322-L25325,True
have,have,have,[],hz-031537,entry_candidate,raw_ocr,medium,7,1576,,dictionary/H/H-02.md,hz-031537-have,sources/Hezareh_Dictionary_Index/source/Hezareh_Part_07_PDF_1501-1750.md#L8904-L8908,True
have,have,have,[],hz-031593,entry_candidate,raw_ocr,high,7,1578,,dictionary/H/H-02.md,hz-031593-have,sources/Hezareh_Dictionary_Index/source/Hezareh_Part_07_PDF_1501-1750.md#L9174-L9179,True
have,have,have,[],hz-031831,entry_candidate,raw_ocr,medium,7,1591,,dictionary/H/H-02.md,hz-031831-have,sources/Hezareh_Dictionary_Index/source/Hezareh_Part_07_PDF_1501-1750.md#L10744-L10749,True
have,have,have,[],hz-034284,entry_candidate,raw_ocr,high,7,1718,,dictionary/H/H-02.md,hz-034284-have,sources/Hezareh_Dictionary_Index/source/Hezareh_Part_07_PDF_1501-1750.md#L25524-L25527,True
have,have,have,[],hz-034885,entry_candidate,raw_ocr,high,7,1749,,dictionary/H/H-02.md,hz-034885-have,sources/Hezareh_Dictionary_Index/source/Hezareh_Part_07_PDF_1501-1750.md#L29006-L29016,True
have,have,have,[],hz-035096,entry_candidate,raw_ocr,high,8,1764,,dictionary/H/H-02.md,hz-035096-have,sources/Hezareh_Dictionary_Index/source/Hezareh_Part_08_PDF_1751-1976.md#L1731-L1754,True
have,have,have,[],hz-037133,entry_candidate,raw_ocr,medium,8,1871,,dictionary/H/H-02.md,hz-037133-have,sources/Hezareh_Dictionary_Index/source/Hezareh_Part_08_PDF_1751-1976.md#L14449-L14454,True
have,have,have,[],hz-037224,entry_candidate,raw_ocr,medium,8,1875,,dictionary/H/H-02.md,hz-037224-have,sources/Hezareh_Dictionary_Index/source/Hezareh_Part_08_PDF_1751-1976.md#L14866-L14868,True
have,have,have,[],hz-037713,entry_candidate,raw_ocr,high,8,1900,,dictionary/H/H-02.md,hz-037713-have,sources/Hezareh_Dictionary_Index/source/Hezareh_Part_08_PDF_1751-1976.md#L17698-L17748,True
have,have,have,[],hz-038216,entry_candidate,raw_ocr,high,8,1926,,dictionary/H/H-02.md,hz-038216-have,sources/Hezareh_Dictionary_Index/source/Hezareh_Part_08_PDF_1751-1976.md#L20741-L20749,True
have,have,have,[],hz-038272,entry_candidate,raw_ocr,medium,8,1930,,dictionary/H/H-02.md,hz-038272-have,sources/Hezareh_Dictionary_Index/source/Hezareh_Part_08_PDF_1751-1976.md#L21148-L21160,True
have a bad,have a bad,have a bad,[],hz-016499,entry_candidate,raw_ocr,high,3,728,,dictionary/H/H-02.md,hz-016499-have-a-bad,sources/Hezareh_Dictionary_Index/source/Hezareh_Part_03_PDF_0501-0750.md#L26195-L26240,True
have a good,have a good,have a good,[],hz-024750,entry_candidate,raw_ocr,high,5,1163,,dictionary/H/H-02.md,hz-024750-have-a-good,sources/Hezareh_Dictionary_Index/source/Hezareh_Part_05_PDF_1001-1250.md#L18894-L18903,True
have a good word to say for sb,have a good word to say for sb,have a good word to say for sb,[],hz-030044,entry_candidate,raw_ocr,high,6,1486,,dictionary/H/H-02.md,hz-030044-have-a-good-word-to-say-for-sb,sources/Hezareh_Dictionary_Index/source/Hezareh_Part_06_PDF_1251-1500.md#L27397-L27408,True
have a hide,have a hide,have a hide,[],hz-029274,entry_candidate,raw_ocr,high,6,1434,,dictionary/H/H-02.md,hz-029274-have-a-hide,sources/Hezareh_Dictionary_Index/source/Hezareh_Part_06_PDF_1251-1500.md#L21399-L21402,True
have a lead of ten feet,have a lead of ten feet,have a lead of ten feet,[],hz-020887,entry_candidate,raw_ocr,hint_only,4,919,,dictionary/H/H-02.md,hz-020887-have-a-lead-of-ten-feet,sources/Hezareh_Dictionary_Index/source/Hezareh_Part_04_PDF_0751-1000.md#L19189-L19189,False
have a low opinion of sb,have a low opinion of sb,have a low opinion of sb,[],hz-021751,entry_candidate,raw_ocr,medium,4,975,,dictionary/H/H-03.md,hz-021751-have-a-low-opinion-of-sb,sources/Hezareh_Dictionary_Index/source/Hezareh_Part_04_PDF_0751-1000.md#L25706-L25723,True
have a lucky,have a lucky,have a lucky,[],hz-012330,entry_candidate,raw_ocr,medium,3,517,,dictionary/H/H-03.md,hz-012330-have-a-lucky,sources/Hezareh_Dictionary_Index/source/Hezareh_Part_03_PDF_0501-0750.md#L1979-L1992,True
have a lump in one's,have a lump in one's,have a lump in one's,[],hz-021863,entry_candidate,raw_ocr,high,4,979,,dictionary/H/H-03.md,hz-021863-have-a-lump-in-one-s,sources/Hezareh_Dictionary_Index/source/Hezareh_Part_04_PDF_0751-1000.md#L26247-L26252,True
have a lump in one's,have a lump in one's,have a lump in one's,[],hz-034974,entry_candidate,raw_ocr,high,8,1755,,dictionary/H/H-03.md,hz-034974-have-a-lump-in-one-s,sources/Hezareh_Dictionary_Index/source/Hezareh_Part_08_PDF_1751-1976.md#L659-L666,True
have a memory,have a memory,have a memory,[],hz-031216,entry_candidate,raw_ocr,high,7,1558,,dictionary/H/H-03.md,hz-031216-have-a-memory,sources/Hezareh_Dictionary_Index/source/Hezareh_Part_07_PDF_1501-1750.md#L6895-L6896,True
have a nodding acquaintance with sb,have a nodding acquaintance with sb,have a nodding acquaintance with sb,[],hz-024140,entry_candidate,raw_ocr,high,5,1118,,dictionary/H/H-03.md,hz-024140-have-a-nodding-acquaintance-with-sb,sources/Hezareh_Dictionary_Index/source/Hezareh_Part_05_PDF_1001-1250.md#L13850-L13855,True
have a rough,have a rough,have a rough,[],hz-035095,entry_candidate,raw_ocr,high,8,1764,,dictionary/H/H-03.md,hz-035095-have-a-rough,sources/Hezareh_Dictionary_Index/source/Hezareh_Part_08_PDF_1751-1976.md#L1731-L1754,True
have a short,have a short,have a short,[],hz-034572,entry_candidate,raw_ocr,high,7,1732,,dictionary/H/H-03.md,hz-034572-have-a-short,sources/Hezareh_Dictionary_Index/source/Hezareh_Part_07_PDF_1501-1750.md#L27062-L27070,True
have a snob value,have a snob value,have a snob value,[],hz-031858,entry_candidate,raw_ocr,medium,7,1592,,dictionary/H/H-03.md,hz-031858-have-a-snob-value,sources/Hezareh_Dictionary_Index/source/Hezareh_Part_07_PDF_1501-1750.md#L10824-L10825,True
have a soft spot for sb,have a soft spot for sb,have a soft spot for sb,[],hz-032589,entry_candidate,raw_ocr,high,7,1626,,dictionary/H/H-03.md,hz-032589-have-a-soft-spot-for-sb,sources/Hezareh_Dictionary_Index/source/Hezareh_Part_07_PDF_1501-1750.md#L14800-L14818,True
have a soft spot for sb I sth,have a soft spot for sb i sth,have a soft spot for sb i sth,[],hz-032001,entry_candidate,raw_ocr,hint_only,7,1598,,dictionary/H/H-03.md,hz-032001-have-a-soft-spot-for-sb-i-sth,sources/Hezareh_Dictionary_Index/source/Hezareh_Part_07_PDF_1501-1750.md#L11472-L11472,False
have a swelled,have a swelled,have a swelled,[],hz-033940,entry_candidate,raw_ocr,medium,7,1702,,dictionary/H/H-03.md,hz-033940-have-a-swelled,sources/Hezareh_Dictionary_Index/source/Hezareh_Part_07_PDF_1501-1750.md#L23653-L23665,True
have a tinker at,have a tinker at,have a tinker at,[],hz-035156,entry_candidate,raw_ocr,medium,8,1767,,dictionary/H/H-03.md,hz-035156-have-a-tinker-at,sources/Hezareh_Dictionary_Index/source/Hezareh_Part_08_PDF_1751-1976.md#L2118-L2120,True
have a way with sb,have a way with sb,have a way with sb,[],hz-037681,entry_candidate,raw_ocr,medium,8,1897,,dictionary/H/H-03.md,hz-037681-have-a-way-with-sb,sources/Hezareh_Dictionary_Index/source/Hezareh_Part_08_PDF_1751-1976.md#L17431-L17435,True
have a yen for sth,have a yen for sth,have a yen for sth,[],hz-038665,entry_candidate,raw_ocr,high,8,1952,,dictionary/H/H-03.md,hz-038665-have-a-yen-for-sth,sources/Hezareh_Dictionary_Index/source/Hezareh_Part_08_PDF_1751-1976.md#L23944-L23945,True
have an advantage over sb,have an advantage over sb,have an advantage over sb,[],hz-025021,entry_candidate,raw_ocr,medium,5,1179,,dictionary/H/H-03.md,hz-025021-have-an-advantage-over-sb,sources/Hezareh_Dictionary_Index/source/Hezareh_Part_05_PDF_1001-1250.md#L20800-L20859,True
have an eye for,have an eye for,have an eye for,[],hz-005619,entry_candidate,raw_ocr,high,1,218,,dictionary/H/H-03.md,hz-005619-have-an-eye-for,sources/Hezareh_Dictionary_Index/source/Hezareh_Part_01_PDF_0001-0250.md#L29658-L29659,True
have an eye for,have an eye for,have an eye for,[],hz-022061,entry_candidate,raw_ocr,high,4,988,,dictionary/H/H-03.md,hz-022061-have-an-eye-for,sources/Hezareh_Dictionary_Index/source/Hezareh_Part_04_PDF_0751-1000.md#L27176-L27182,True
have bigger,have bigger,have bigger,[],hz-013705,entry_candidate,raw_ocr,high,3,591,,dictionary/H/H-03.md,hz-013705-have-bigger,sources/Hezareh_Dictionary_Index/source/Hezareh_Part_03_PDF_0501-0750.md#L10525-L10540,True
have butterflies in the,have butterflies in the,have butterflies in the,[],hz-004628,entry_candidate,raw_ocr,high,1,182,,dictionary/H/H-03.md,hz-004628-have-butterflies-in-the,sources/Hezareh_Dictionary_Index/source/Hezareh_Part_01_PDF_0001-0250.md#L25251-L25252,True
have designs on,have designs on,have designs on,[],hz-009802,entry_candidate,raw_ocr,medium,2,401,,dictionary/H/H-03.md,hz-009802-have-designs-on,sources/Hezareh_Dictionary_Index/source/Hezareh_Part_02_PDF_0251-0500.md#L17963-L17976,True
have I want it,have i want it,have i want it,[],hz-003961,entry_candidate,raw_ocr,hint_only,1,151,,dictionary/H/H-03.md,hz-003961-have-i-want-it,sources/Hezareh_Dictionary_Index/source/Hezareh_Part_01_PDF_0001-0250.md#L20663-L20663,False
have it away,have it away,have it away,[],hz-016761,entry_candidate,raw_ocr,high,3,741,,dictionary/H/H-03.md,hz-016761-have-it-away,sources/Hezareh_Dictionary_Index/source/Hezareh_Part_03_PDF_0501-0750.md#L27627-L27659,True
have no illusions about sb,have no illusions about sb,have no illusions about sb,[],hz-018182,entry_candidate,raw_ocr,medium,4,802,,dictionary/H/H-03.md,hz-018182-have-no-illusions-about-sb,sources/Hezareh_Dictionary_Index/source/Hezareh_Part_04_PDF_0751-1000.md#L5955-L5958,True
have no sympathy with sb,have no sympathy with sb,have no sympathy with sb,[],hz-034051,entry_candidate,raw_ocr,high,7,1706,,dictionary/H/H-03.md,hz-034051-have-no-sympathy-with-sb,sources/Hezareh_Dictionary_Index/source/Hezareh_Part_07_PDF_1501-1750.md#L24183-L24186,True
have nothing on sb,have nothing on sb,have nothing on sb,[],hz-016759,entry_candidate,raw_ocr,medium,3,740,,dictionary/H/H-03.md,hz-016759-have-nothing-on-sb,sources/Hezareh_Dictionary_Index/source/Hezareh_Part_03_PDF_0501-0750.md#L27548-L27607,True
have one's,have one's,have one's,[],hz-016090,entry_candidate,raw_ocr,high,3,711,,dictionary/H/H-03.md,hz-016090-have-one-s,sources/Hezareh_Dictionary_Index/source/Hezareh_Part_03_PDF_0501-0750.md#L24258-L24265,True
have one's,have one's,have one's,[],hz-023303,entry_candidate,raw_ocr,high,5,1063,,dictionary/H/H-03.md,hz-023303-have-one-s,sources/Hezareh_Dictionary_Index/source/Hezareh_Part_05_PDF_1001-1250.md#L7592-L7598,True
have power over sb,have power over sb,have power over sb,[],hz-027026,entry_candidate,raw_ocr,medium,6,1291,,dictionary/H/H-03.md,hz-027026-have-power-over-sb,sources/Hezareh_Dictionary_Index/source/Hezareh_Part_06_PDF_1251-1500.md#L4773-L4790,True
have recourse to sb,have recourse to sb,have recourse to sb,[],hz-028492,entry_candidate,raw_ocr,medium,6,1388,,dictionary/H/H-03.md,hz-028492-have-recourse-to-sb,sources/Hezareh_Dictionary_Index/source/Hezareh_Part_06_PDF_1251-1500.md#L15869-L15878,True
have s,have s,have s,[],hz-016760,entry_candidate,raw_ocr,hint_only,3,740,,dictionary/H/H-03.md,hz-016760-have-s,sources/Hezareh_Dictionary_Index/source/Hezareh_Part_03_PDF_0501-0750.md#L27500-L27500,False
have sb,have sb,have sb,[],hz-038568,entry_candidate,raw_ocr,medium,8,1947,,dictionary/H/H-03.md,hz-038568-have-sb,sources/Hezareh_Dictionary_Index/source/Hezareh_Part_08_PDF_1751-1976.md#L23371-L23417,True
have sb over,have sb over,have sb over,[],hz-016763,entry_candidate,raw_ocr,medium,3,741,,dictionary/H/H-03.md,hz-016763-have-sb-over,sources/Hezareh_Dictionary_Index/source/Hezareh_Part_03_PDF_0501-0750.md#L27660-L27719,True
have shadows under,have shadows under,have shadows under,[],hz-030827,entry_candidate,raw_ocr,medium,7,1531,,dictionary/H/H-03.md,hz-030827-have-shadows-under,sources/Hezareh_Dictionary_Index/source/Hezareh_Part_07_PDF_1501-1750.md#L3721-L3732,True
have some sympathy with sb,have some sympathy with sb,have some sympathy with sb,[],hz-034050,entry_candidate,raw_ocr,high,7,1706,,dictionary/H/H-03.md,hz-034050-have-some-sympathy-with-sb,sources/Hezareh_Dictionary_Index/source/Hezareh_Part_07_PDF_1501-1750.md#L24180-L24182,True
have something,have something,have something,[],hz-002418,entry_candidate,raw_ocr,high,1,92,,dictionary/H/H-03.md,hz-002418-have-something,sources/Hezareh_Dictionary_Index/source/Hezareh_Part_01_PDF_0001-0250.md#L12319-L12338,True
have something,have something,have something,[],hz-010691,entry_candidate,raw_ocr,high,2,440,,dictionary/H/H-03.md,hz-010691-have-something,sources/Hezareh_Dictionary_Index/source/Hezareh_Part_02_PDF_0251-0500.md#L22420-L22479,True
have sth,have sth,have sth,[],hz-035444,entry_candidate,raw_ocr,medium,8,1781,,dictionary/H/H-03.md,hz-035444-have-sth,sources/Hezareh_Dictionary_Index/source/Hezareh_Part_08_PDF_1751-1976.md#L3854-L3855,True
have the honour of,have the honour of,have the honour of,[],hz-017517,entry_candidate,raw_ocr,medium,4,776,,dictionary/H/H-03.md,hz-017517-have-the-honour-of,sources/Hezareh_Dictionary_Index/source/Hezareh_Part_04_PDF_0751-1000.md#L3056-L3057,True
have the last,have the last,have the last,[],hz-038400,entry_candidate,raw_ocr,high,8,1935,,dictionary/H/H-03.md,hz-038400-have-the-last,sources/Hezareh_Dictionary_Index/source/Hezareh_Part_08_PDF_1751-1976.md#L21805-L21825,True
have the luck of tile devil,have the luck of tile devil,have the luck of tile devil,[],hz-021820,entry_candidate,raw_ocr,hint_only,4,978,,dictionary/H/H-03.md,hz-021820-have-the-luck-of-tile-devil,sources/Hezareh_Dictionary_Index/source/Hezareh_Part_04_PDF_0751-1000.md#L26041-L26041,False
have the pleasure of sth,have the pleasure of sth,have the pleasure of sth,[],hz-026569,entry_candidate,raw_ocr,high,6,1267,,dictionary/H/H-03.md,hz-026569-have-the-pleasure-of-sth,sources/Hezareh_Dictionary_Index/source/Hezareh_Part_06_PDF_1251-1500.md#L2041-L2048,True
have time on one's hands,have time on one's hands,have time on one's hands,[],hz-035097,entry_candidate,raw_ocr,high,8,1764,,dictionary/H/H-03.md,hz-035097-have-time-on-one-s-hands,sources/Hezareh_Dictionary_Index/source/Hezareh_Part_08_PDF_1751-1976.md#L1755-L1757,True
have two strings,have two strings,have two strings,[],hz-004001,entry_candidate,raw_ocr,high,1,153,,dictionary/H/H-03.md,hz-004001-have-two-strings,sources/Hezareh_Dictionary_Index/source/Hezareh_Part_01_PDF_0001-0250.md#L21122-L21143,True
have vertigo,have vertigo,have vertigo,[],hz-037042,entry_candidate,raw_ocr,low,8,1868,,dictionary/H/H-03.md,hz-037042-have-vertigo,sources/Hezareh_Dictionary_Index/source/Hezareh_Part_08_PDF_1751-1976.md#L14027-L14034,True
haven,haven,haven,[],hz-016764,entry_candidate,raw_ocr,high,3,741,,dictionary/H/H-03.md,hz-016764-haven,sources/Hezareh_Dictionary_Index/source/Hezareh_Part_03_PDF_0501-0750.md#L27624-L27626,True
havesb,havesb,havesb,[],hz-016762,entry_candidate,raw_ocr,hint_only,3,741,,dictionary/H/H-03.md,hz-016762-havesb,sources/Hezareh_Dictionary_Index/source/Hezareh_Part_03_PDF_0501-0750.md#L27615-L27615,False
hawthorn,hawthorn,hawthorn,[],hz-016765,entry_candidate,raw_ocr,high,3,742,,dictionary/H/H-03.md,hz-016765-hawthorn,sources/Hezareh_Dictionary_Index/source/Hezareh_Part_03_PDF_0501-0750.md#L27737-L27737,True
hay,hay,hay,[],hz-016766,entry_candidate,raw_ocr,medium,3,742,,dictionary/H/H-03.md,hz-016766-hay,sources/Hezareh_Dictionary_Index/source/Hezareh_Part_03_PDF_0501-0750.md#L27738-L27745,True
hay-fever,hay-fever,hay-fever,[],hz-016767,entry_candidate,raw_ocr,medium,3,742,,dictionary/H/H-03.md,hz-016767-hay-fever,sources/Hezareh_Dictionary_Index/source/Hezareh_Part_03_PDF_0501-0750.md#L27746-L27746,True
hay-fork,hay-fork,hay-fork,[],hz-016768,entry_candidate,raw_ocr,high,3,742,,dictionary/H/H-03.md,hz-016768-hay-fork,sources/Hezareh_Dictionary_Index/source/Hezareh_Part_03_PDF_0501-0750.md#L27747-L27747,True
hayloft,hayloft,hayloft,[],hz-016769,entry_candidate,raw_ocr,high,3,742,,dictionary/H/H-03.md,hz-016769-hayloft,sources/Hezareh_Dictionary_Index/source/Hezareh_Part_03_PDF_0501-0750.md#L27748-L27748,True
haymaker,haymaker,haymaker,[],hz-016770,entry_candidate,raw_ocr,medium,3,742,,dictionary/H/H-03.md,hz-016770-haymaker,sources/Hezareh_Dictionary_Index/source/Hezareh_Part_03_PDF_0501-0750.md#L27749-L27750,True
haymaking,haymaking,haymaking,[],hz-016771,entry_candidate,raw_ocr,medium,3,742,,dictionary/H/H-03.md,hz-016771-haymaking,sources/Hezareh_Dictionary_Index/source/Hezareh_Part_03_PDF_0501-0750.md#L27751-L27753,True
hayrick,hayrick,hayrick,[],hz-016772,entry_candidate,raw_ocr,high,3,742,,dictionary/H/H-03.md,hz-016772-hayrick,sources/Hezareh_Dictionary_Index/source/Hezareh_Part_03_PDF_0501-0750.md#L27754-L27754,True
haystack,haystack,haystack,[],hz-016773,entry_candidate,raw_ocr,medium,3,742,,dictionary/H/H-03.md,hz-016773-haystack,sources/Hezareh_Dictionary_Index/source/Hezareh_Part_03_PDF_0501-0750.md#L27755-L27756,True
haywire,haywire,haywire,[],hz-016774,entry_candidate,raw_ocr,medium,3,742,,dictionary/H/H-03.md,hz-016774-haywire,sources/Hezareh_Dictionary_Index/source/Hezareh_Part_03_PDF_0501-0750.md#L27757-L27763,True
hazard,hazard,hazard,[],hz-016775,entry_candidate,raw_ocr,medium,3,742,,dictionary/H/H-03.md,hz-016775-hazard,sources/Hezareh_Dictionary_Index/source/Hezareh_Part_03_PDF_0501-0750.md#L27764-L27769,True
hazardous,hazardous,hazardous,[],hz-016776,entry_candidate,raw_ocr,medium,3,742,,dictionary/H/H-03.md,hz-016776-hazardous,sources/Hezareh_Dictionary_Index/source/Hezareh_Part_03_PDF_0501-0750.md#L27770-L27771,True
haze,haze,haze,[],hz-016777,entry_candidate,raw_ocr,medium,3,742,,dictionary/H/H-03.md,hz-016777-haze,sources/Hezareh_Dictionary_Index/source/Hezareh_Part_03_PDF_0501-0750.md#L27772-L27775,True
hazel,hazel,hazel,[],hz-016778,entry_candidate,raw_ocr,medium,3,742,,dictionary/H/H-03.md,hz-016778-hazel,sources/Hezareh_Dictionary_Index/source/Hezareh_Part_03_PDF_0501-0750.md#L27776-L27777,True
hazelnut,hazelnut,hazelnut,[],hz-016779,entry_candidate,raw_ocr,medium,3,742,,dictionary/H/H-03.md,hz-016779-hazelnut,sources/Hezareh_Dictionary_Index/source/Hezareh_Part_03_PDF_0501-0750.md#L27778-L27778,True
hazily,hazily,hazily,[],hz-016780,entry_candidate,raw_ocr,low,3,742,,dictionary/H/H-03.md,hz-016780-hazily,sources/Hezareh_Dictionary_Index/source/Hezareh_Part_03_PDF_0501-0750.md#L27779-L27779,True
hazineSS,haziness,haziness,[],hz-016781,entry_candidate,raw_ocr,high,3,742,,dictionary/H/H-03.md,hz-016781-haziness,sources/Hezareh_Dictionary_Index/source/Hezareh_Part_03_PDF_0501-0750.md#L27780-L27790,True
hazy,hazy,hazy,[],hz-016783,entry_candidate,raw_ocr,high,3,742,,dictionary/H/H-03.md,hz-016783-hazy,sources/Hezareh_Dictionary_Index/source/Hezareh_Part_03_PDF_0501-0750.md#L27791-L27797,True
He became,he became,he became,[],hz-002810,entry_candidate,raw_ocr,high,1,108,,dictionary/H/H-03.md,hz-002810-he-became,sources/Hezareh_Dictionary_Index/source/Hezareh_Part_01_PDF_0001-0250.md#L14598-L14613,True
He didn't know if,he didn't know if,he didn't know if,[],hz-018111,entry_candidate,raw_ocr,high,4,799,,dictionary/H/H-03.md,hz-018111-he-didn-t-know-if,sources/Hezareh_Dictionary_Index/source/Hezareh_Part_04_PDF_0751-1000.md#L5657-L5671,True
He has a sick knee,he has a sick knee,he has a sick knee,[],hz-031164,entry_candidate,raw_ocr,high,7,1556,,dictionary/H/H-03.md,hz-031164-he-has-a-sick-knee,sources/Hezareh_Dictionary_Index/source/Hezareh_Part_07_PDF_1501-1750.md#L6604-L6606,True
He has got,he has got,he has got,[],hz-020112,entry_candidate,raw_ocr,high,4,880,,dictionary/H/H-03.md,hz-020112-he-has-got,sources/Hezareh_Dictionary_Index/source/Hezareh_Part_04_PDF_0751-1000.md#L14834-L14881,True
He has got the flu,he has got the flu,he has got the flu,[],hz-034792,entry_candidate,raw_ocr,high,7,1742,,dictionary/H/H-03.md,hz-034792-he-has-got-the-flu,sources/Hezareh_Dictionary_Index/source/Hezareh_Part_07_PDF_1501-1750.md#L28253-L28255,True
He has his own room,he has his own room,he has his own room,[],hz-025160,entry_candidate,raw_ocr,high,5,1188,,dictionary/H/H-03.md,hz-025160-he-has-his-own-room,sources/Hezareh_Dictionary_Index/source/Hezareh_Part_05_PDF_1001-1250.md#L21906-L21907,True
He has his very own room,he has his very own room,he has his very own room,[],hz-025161,entry_candidate,raw_ocr,high,5,1188,,dictionary/H/H-03.md,hz-025161-he-has-his-very-own-room,sources/Hezareh_Dictionary_Index/source/Hezareh_Part_05_PDF_1001-1250.md#L21908-L21908,True
he in,he in,he in,[],hz-016300,entry_candidate,raw_ocr,hint_only,3,720,,dictionary/H/H-03.md,hz-016300-he-in,sources/Hezareh_Dictionary_Index/source/Hezareh_Part_03_PDF_0501-0750.md#L25220-L25220,False
He is a hard,he is a hard,he is a hard,[],hz-026563,entry_candidate,raw_ocr,high,6,1266,,dictionary/H/H-03.md,hz-026563-he-is-a-hard,sources/Hezareh_Dictionary_Index/source/Hezareh_Part_06_PDF_1251-1500.md#L1980-L1994,True
He knocked his head on,he knocked his head on,he knocked his head on,[],hz-020380,entry_candidate,raw_ocr,high,4,896,,dictionary/H/H-03.md,hz-020380-he-knocked-his-head-on,sources/Hezareh_Dictionary_Index/source/Hezareh_Part_04_PDF_0751-1000.md#L16608-L16667,True
He learnt the news,he learnt the news,he learnt the news,[],hz-020402,entry_candidate,raw_ocr,high,4,899,,dictionary/H/H-03.md,hz-020402-he-learnt-the-news,sources/Hezareh_Dictionary_Index/source/Hezareh_Part_04_PDF_0751-1000.md#L16985-L16997,True
He nearly,he nearly,he nearly,[],hz-000940,entry_candidate,raw_ocr,high,1,41,,dictionary/H/H-03.md,hz-000940-he-nearly,sources/Hezareh_Dictionary_Index/source/Hezareh_Part_01_PDF_0001-0250.md#L5085-L5088,True
he old enough to he sh's father,he old enough to he sh's father,he old enough to he sh's father,[],hz-024609,entry_candidate,raw_ocr,hint_only,5,1150,,dictionary/H/H-03.md,hz-024609-he-old-enough-to-he-sh-s-father,sources/Hezareh_Dictionary_Index/source/Hezareh_Part_05_PDF_1001-1250.md#L17350-L17350,False
He omitted to say,he omitted to say,he omitted to say,[],hz-024642,entry_candidate,raw_ocr,high,5,1153,,dictionary/H/H-03.md,hz-024642-he-omitted-to-say,sources/Hezareh_Dictionary_Index/source/Hezareh_Part_05_PDF_1001-1250.md#L17730-L17731,True
He shot him in the brain point-blank,he shot him in the brain point-blank,he shot him in the brain point-blank,[],hz-026672,entry_candidate,raw_ocr,high,6,1274,,dictionary/H/H-03.md,hz-026672-he-shot-him-in-the-brain-point-blank,sources/Hezareh_Dictionary_Index/source/Hezareh_Part_06_PDF_1251-1500.md#L2861-L2863,True
He started,he started,he started,[],hz-002908,entry_candidate,raw_ocr,medium,1,111,,dictionary/H/H-03.md,hz-002908-he-started,sources/Hezareh_Dictionary_Index/source/Hezareh_Part_01_PDF_0001-0250.md#L15120-L15121,True
He stood gazing at Helen,he stood gazing at helen,he stood gazing at helen,[],hz-015136,entry_candidate,raw_ocr,hint_only,3,660,,dictionary/H/H-03.md,hz-015136-he-stood-gazing-at-helen,sources/Hezareh_Dictionary_Index/source/Hezareh_Part_03_PDF_0501-0750.md#L18353-L18353,False
He was hoist with,he was hoist with,he was hoist with,[],hz-017381,entry_candidate,raw_ocr,high,4,769,,dictionary/H/H-03.md,hz-017381-he-was-hoist-with,sources/Hezareh_Dictionary_Index/source/Hezareh_Part_04_PDF_0751-1000.md#L2230-L2231,True
He wasn't sure whether,he wasn't sure whether,he wasn't sure whether,[],hz-037937,entry_candidate,raw_ocr,high,8,1912,,dictionary/H/H-03.md,hz-037937-he-wasn-t-sure-whether,sources/Hezareh_Dictionary_Index/source/Hezareh_Part_08_PDF_1751-1976.md#L19050-L19069,True
He won't thank you for,he won't thank you for,he won't thank you for,[],hz-034771,entry_candidate,raw_ocr,high,7,1739,,dictionary/H/H-03.md,hz-034771-he-won-t-thank-you-for,sources/Hezareh_Dictionary_Index/source/Hezareh_Part_07_PDF_1501-1750.md#L27858-L27873,True
he'd,he'd,he'd,[],hz-016951,entry_candidate,raw_ocr,high,4,751,,dictionary/H/H-03.md,hz-016951-he-d,sources/Hezareh_Dictionary_Index/source/Hezareh_Part_04_PDF_0751-1000.md#L253-L255,True
he'll,he'll,he'll,[],hz-016997,entry_candidate,raw_ocr,high,4,754,,dictionary/H/H-03.md,hz-016997-he-ll,sources/Hezareh_Dictionary_Index/source/Hezareh_Part_04_PDF_0751-1000.md#L516-L517,True
He's,he's,he's,[],hz-032117,entry_candidate,raw_ocr,high,7,1603,,dictionary/H/H-03.md,hz-032117-he-s,sources/Hezareh_Dictionary_Index/source/Hezareh_Part_07_PDF_1501-1750.md#L12048-L12065,True
He's an odd,he's an odd,he's an odd,[],hz-013716,entry_candidate,raw_ocr,high,3,591,,dictionary/H/H-03.md,hz-013716-he-s-an-odd,sources/Hezareh_Dictionary_Index/source/Hezareh_Part_03_PDF_0501-0750.md#L10541-L10561,True
He's got cancer,he's got cancer,he's got cancer,[],hz-034791,entry_candidate,raw_ocr,high,7,1742,,dictionary/H/H-03.md,hz-034791-he-s-got-cancer,sources/Hezareh_Dictionary_Index/source/Hezareh_Part_07_PDF_1501-1750.md#L28250-L28252,True
He's junior to me,he's junior to me,he's junior to me,[],hz-020090,entry_candidate,raw_ocr,high,4,879,,dictionary/H/H-03.md,hz-020090-he-s-junior-to-me,sources/Hezareh_Dictionary_Index/source/Hezareh_Part_04_PDF_0751-1000.md#L14743-L14748,True
He's looking for somewhere lo park,he's looking for somewhere lo park,he's looking for somewhere lo park,[],hz-026436,entry_candidate,raw_ocr,hint_only,6,1259,,dictionary/H/H-03.md,hz-026436-he-s-looking-for-somewhere-lo-park,sources/Hezareh_Dictionary_Index/source/Hezareh_Part_06_PDF_1251-1500.md#L1078-L1078,False
He's nobody's,he's nobody's,he's nobody's,[],hz-014168,entry_candidate,raw_ocr,high,3,614,,dictionary/H/H-03.md,hz-014168-he-s-nobody-s,sources/Hezareh_Dictionary_Index/source/Hezareh_Part_03_PDF_0501-0750.md#L13178-L13193,True
He's talking nonsense,he's talking nonsense,he's talking nonsense,[],hz-032322,entry_candidate,raw_ocr,high,7,1614,,dictionary/H/H-03.md,hz-032322-he-s-talking-nonsense,sources/Hezareh_Dictionary_Index/source/Hezareh_Part_07_PDF_1501-1750.md#L13336-L13357,True
he-bear,he-bear,he-bear,[],hz-016939,entry_candidate,raw_ocr,medium,4,751,,dictionary/H/H-03.md,hz-016939-he-bear,sources/Hezareh_Dictionary_Index/source/Hezareh_Part_04_PDF_0751-1000.md#L225-L225,True
he-man,he-man,he-man,[],hz-017031,entry_candidate,raw_ocr,medium,4,755,,dictionary/H/H-03.md,hz-017031-he-man,sources/Hezareh_Dictionary_Index/source/Hezareh_Part_04_PDF_0751-1000.md#L697-L698,True
head,head,head,[],hz-003234,entry_candidate,raw_ocr,medium,1,125,,dictionary/H/H-03.md,hz-003234-head,sources/Hezareh_Dictionary_Index/source/Hezareh_Part_01_PDF_0001-0250.md#L16982-L16988,True
Head of State,head of state,head of state,[],hz-016814,entry_candidate,raw_ocr,medium,3,745,,dictionary/H/H-03.md,hz-016814-head-of-state,sources/Hezareh_Dictionary_Index/source/Hezareh_Part_03_PDF_0501-0750.md#L28157-L28158,True
head scarves,head scarves,head scarves,[],hz-016821,entry_candidate,raw_ocr,hint_only,3,745,,dictionary/H/H-03.md,hz-016821-head-scarves,sources/Hezareh_Dictionary_Index/source/Hezareh_Part_03_PDF_0501-0750.md#L28082-L28082,False
head start,head start,head start,[],hz-016827,entry_candidate,raw_ocr,medium,3,745,,dictionary/H/H-03.md,hz-016827-head-start,sources/Hezareh_Dictionary_Index/source/Hezareh_Part_03_PDF_0501-0750.md#L28187-L28190,True
head-on,head-on,head-on,[],hz-016815,entry_candidate,raw_ocr,medium,3,745,,dictionary/H/H-03.md,hz-016815-head-on,sources/Hezareh_Dictionary_Index/source/Hezareh_Part_03_PDF_0501-0750.md#L28159-L28160,True
headache,headache,headache,[],hz-016793,entry_candidate,raw_ocr,high,3,745,,dictionary/H/H-03.md,hz-016793-headache,sources/Hezareh_Dictionary_Index/source/Hezareh_Part_03_PDF_0501-0750.md#L28091-L28103,True
headband,headband,headband,[],hz-016794,entry_candidate,raw_ocr,medium,3,745,,dictionary/H/H-03.md,hz-016794-headband,sources/Hezareh_Dictionary_Index/source/Hezareh_Part_03_PDF_0501-0750.md#L28104-L28104,True
headboard,headboard,headboard,[],hz-016800,entry_candidate,raw_ocr,medium,3,745,,dictionary/H/H-03.md,hz-016800-headboard,sources/Hezareh_Dictionary_Index/source/Hezareh_Part_03_PDF_0501-0750.md#L28105-L28106,True
headcheese,headcheese,headcheese,[],hz-016795,entry_candidate,raw_ocr,medium,3,745,,dictionary/H/H-03.md,hz-016795-headcheese,sources/Hezareh_Dictionary_Index/source/Hezareh_Part_03_PDF_0501-0750.md#L28107-L28108,True
headcount,headcount,headcount,[],hz-016796,entry_candidate,raw_ocr,medium,3,745,,dictionary/H/H-03.md,hz-016796-headcount,sources/Hezareh_Dictionary_Index/source/Hezareh_Part_03_PDF_0501-0750.md#L28109-L28110,True
headdresS,headdress,headdress,[],hz-016797,entry_candidate,raw_ocr,medium,3,745,,dictionary/H/H-03.md,hz-016797-headdress,sources/Hezareh_Dictionary_Index/source/Hezareh_Part_03_PDF_0501-0750.md#L28111-L28112,True
headed notepaper,headed notepaper,headed notepaper,[],hz-016798,entry_candidate,raw_ocr,medium,3,745,,dictionary/H/H-03.md,hz-016798-headed-notepaper,sources/Hezareh_Dictionary_Index/source/Hezareh_Part_03_PDF_0501-0750.md#L28113-L28114,True
header,header,header,[],hz-016799,entry_candidate,raw_ocr,medium,3,745,,dictionary/H/H-03.md,hz-016799-header,sources/Hezareh_Dictionary_Index/source/Hezareh_Part_03_PDF_0501-0750.md#L28115-L28119,True
headgear,headgear,headgear,[],hz-016801,entry_candidate,raw_ocr,medium,3,745,,dictionary/H/H-03.md,hz-016801-headgear,sources/Hezareh_Dictionary_Index/source/Hezareh_Part_03_PDF_0501-0750.md#L28120-L28120,True
headhunter,headhunter,headhunter,[],hz-016802,entry_candidate,raw_ocr,medium,3,745,,dictionary/H/H-03.md,hz-016802-headhunter,sources/Hezareh_Dictionary_Index/source/Hezareh_Part_03_PDF_0501-0750.md#L28121-L28122,True
headhunting,headhunting,headhunting,[],hz-016803,entry_candidate,raw_ocr,medium,3,745,,dictionary/H/H-03.md,hz-016803-headhunting,sources/Hezareh_Dictionary_Index/source/Hezareh_Part_03_PDF_0501-0750.md#L28123-L28126,True
heading,heading,heading,[],hz-016804,entry_candidate,raw_ocr,medium,3,745,,dictionary/H/H-03.md,hz-016804-heading,sources/Hezareh_Dictionary_Index/source/Hezareh_Part_03_PDF_0501-0750.md#L28127-L28127,True
headlamp,headlamp,headlamp,[],hz-016805,entry_candidate,raw_ocr,high,3,745,,dictionary/H/H-03.md,hz-016805-headlamp,sources/Hezareh_Dictionary_Index/source/Hezareh_Part_03_PDF_0501-0750.md#L28128-L28128,True
headland,headland,headland,[],hz-016806,entry_candidate,raw_ocr,medium,3,745,,dictionary/H/H-03.md,hz-016806-headland,sources/Hezareh_Dictionary_Index/source/Hezareh_Part_03_PDF_0501-0750.md#L28129-L28130,True
headless,headless,headless,[],hz-016807,entry_candidate,raw_ocr,medium,3,745,,dictionary/H/H-03.md,hz-016807-headless,sources/Hezareh_Dictionary_Index/source/Hezareh_Part_03_PDF_0501-0750.md#L28131-L28135,True
headline,headline,headline,[],hz-016808,entry_candidate,raw_ocr,medium,3,745,,dictionary/H/H-03.md,hz-016808-headline,sources/Hezareh_Dictionary_Index/source/Hezareh_Part_03_PDF_0501-0750.md#L28136-L28144,True
headlong,headlong,headlong,[],hz-016810,entry_candidate,raw_ocr,medium,3,745,,dictionary/H/H-03.md,hz-016810-headlong,sources/Hezareh_Dictionary_Index/source/Hezareh_Part_03_PDF_0501-0750.md#L28147-L28150,True
headman,headman,headman,[],hz-016811,entry_candidate,raw_ocr,high,3,745,,dictionary/H/H-03.md,hz-016811-headman,sources/Hezareh_Dictionary_Index/source/Hezareh_Part_03_PDF_0501-0750.md#L28151-L28152,True
headmaster,headmaster,headmaster,[],hz-016812,entry_candidate,raw_ocr,high,3,745,,dictionary/H/H-03.md,hz-016812-headmaster,sources/Hezareh_Dictionary_Index/source/Hezareh_Part_03_PDF_0501-0750.md#L28153-L28154,True
headmistress,headmistress,headmistress,[],hz-016813,entry_candidate,raw_ocr,medium,3,745,,dictionary/H/H-03.md,hz-016813-headmistress,sources/Hezareh_Dictionary_Index/source/Hezareh_Part_03_PDF_0501-0750.md#L28155-L28156,True
headphones,headphones,headphones,[],hz-016816,entry_candidate,raw_ocr,medium,3,745,,dictionary/H/H-03.md,hz-016816-headphones,sources/Hezareh_Dictionary_Index/source/Hezareh_Part_03_PDF_0501-0750.md#L28161-L28164,True
headquarters,headquarters,headquarters,[],hz-016817,entry_candidate,raw_ocr,medium,3,745,,dictionary/H/H-03.md,hz-016817-headquarters,sources/Hezareh_Dictionary_Index/source/Hezareh_Part_03_PDF_0501-0750.md#L28165-L28167,True
headrest,headrest,headrest,[],hz-016818,entry_candidate,raw_ocr,medium,3,745,,dictionary/H/H-03.md,hz-016818-headrest,sources/Hezareh_Dictionary_Index/source/Hezareh_Part_03_PDF_0501-0750.md#L28168-L28169,True
headroom,headroom,headroom,[],hz-016819,entry_candidate,raw_ocr,medium,3,745,,dictionary/H/H-03.md,hz-016819-headroom,sources/Hezareh_Dictionary_Index/source/Hezareh_Part_03_PDF_0501-0750.md#L28170-L28177,True
headscarf,headscarf,headscarf,[],hz-016820,entry_candidate,raw_ocr,high,3,745,,dictionary/H/H-03.md,hz-016820-headscarf,sources/Hezareh_Dictionary_Index/source/Hezareh_Part_03_PDF_0501-0750.md#L28178-L28181,True
headset,headset,headset,[],hz-016822,entry_candidate,raw_ocr,hint_only,3,745,,dictionary/H/H-03.md,hz-016822-headset,sources/Hezareh_Dictionary_Index/source/Hezareh_Part_03_PDF_0501-0750.md#L28082-L28082,False
headship,headship,headship,[],hz-016823,entry_candidate,raw_ocr,medium,3,745,,dictionary/H/H-03.md,hz-016823-headship,sources/Hezareh_Dictionary_Index/source/Hezareh_Part_03_PDF_0501-0750.md#L28182-L28182,True
headsman,headsman,headsman,[],hz-016824,entry_candidate,raw_ocr,high,3,745,,dictionary/H/H-03.md,hz-016824-headsman,sources/Hezareh_Dictionary_Index/source/Hezareh_Part_03_PDF_0501-0750.md#L28183-L28184,True
headstall,headstall,headstall,[],hz-016825,entry_candidate,raw_ocr,low,3,745,,dictionary/H/H-03.md,hz-016825-headstall,sources/Hezareh_Dictionary_Index/source/Hezareh_Part_03_PDF_0501-0750.md#L28185-L28186,True
headstand,headstand,headstand,[],hz-016826,entry_candidate,raw_ocr,hint_only,3,745,,dictionary/H/H-03.md,hz-016826-headstand,sources/Hezareh_Dictionary_Index/source/Hezareh_Part_03_PDF_0501-0750.md#L28082-L28082,False
headstone,headstone,headstone,[],hz-016828,entry_candidate,raw_ocr,medium,3,746,,dictionary/H/H-03.md,hz-016828-headstone,sources/Hezareh_Dictionary_Index/source/Hezareh_Part_03_PDF_0501-0750.md#L28204-L28205,True
headstrong,headstrong,headstrong,[],hz-016829,entry_candidate,raw_ocr,high,3,746,,dictionary/H/H-03.md,hz-016829-headstrong,sources/Hezareh_Dictionary_Index/source/Hezareh_Part_03_PDF_0501-0750.md#L28206-L28209,True
headwaters,headwaters,headwaters,[],hz-016830,entry_candidate,raw_ocr,medium,3,746,,dictionary/H/H-03.md,hz-016830-headwaters,sources/Hezareh_Dictionary_Index/source/Hezareh_Part_03_PDF_0501-0750.md#L28210-L28210,True
headway,headway,headway,[],hz-016831,entry_candidate,raw_ocr,medium,3,746,,dictionary/H/H-03.md,hz-016831-headway,sources/Hezareh_Dictionary_Index/source/Hezareh_Part_03_PDF_0501-0750.md#L28211-L28214,True
headwind,headwind,headwind,[],hz-016832,entry_candidate,raw_ocr,medium,3,746,,dictionary/H/H-03.md,hz-016832-headwind,sources/Hezareh_Dictionary_Index/source/Hezareh_Part_03_PDF_0501-0750.md#L28215-L28217,True
headword,headword,headword,[],hz-016833,entry_candidate,raw_ocr,medium,3,746,,dictionary/H/H-03.md,hz-016833-headword,sources/Hezareh_Dictionary_Index/source/Hezareh_Part_03_PDF_0501-0750.md#L28218-L28219,True
heady,heady,heady,[],hz-016834,entry_candidate,raw_ocr,high,3,746,,dictionary/H/H-03.md,hz-016834-heady,sources/Hezareh_Dictionary_Index/source/Hezareh_Part_03_PDF_0501-0750.md#L28220-L28233,True
heal,heal,heal,[],hz-016835,entry_candidate,raw_ocr,low,3,746,,dictionary/H/H-03.md,hz-016835-heal,sources/Hezareh_Dictionary_Index/source/Hezareh_Part_03_PDF_0501-0750.md#L28234-L28235,True
healer,healer,healer,[],hz-016836,entry_candidate,raw_ocr,medium,3,746,,dictionary/H/H-03.md,hz-016836-healer,sources/Hezareh_Dictionary_Index/source/Hezareh_Part_03_PDF_0501-0750.md#L28236-L28238,True
healing,healing,healing,[],hz-016837,entry_candidate,raw_ocr,medium,3,746,,dictionary/H/H-03.md,hz-016837-healing,sources/Hezareh_Dictionary_Index/source/Hezareh_Part_03_PDF_0501-0750.md#L28239-L28267,True
health,health,health,[],hz-016838,entry_candidate,raw_ocr,high,3,746,,dictionary/H/H-03.md,hz-016838-health,sources/Hezareh_Dictionary_Index/source/Hezareh_Part_03_PDF_0501-0750.md#L28268-L28268,True
health centre,health centre,health centre,[],hz-016839,entry_candidate,raw_ocr,hint_only,3,746,,dictionary/H/H-03.md,hz-016839-health-centre,sources/Hezareh_Dictionary_Index/source/Hezareh_Part_03_PDF_0501-0750.md#L28194-L28194,False
health farm,health farm,health farm,[],hz-016840,entry_candidate,raw_ocr,hint_only,3,746,,dictionary/H/H-03.md,hz-016840-health-farm,sources/Hezareh_Dictionary_Index/source/Hezareh_Part_03_PDF_0501-0750.md#L28194-L28194,False
health food,health food,health food,[],hz-016841,entry_candidate,raw_ocr,high,3,746,,dictionary/H/H-03.md,hz-016841-health-food,sources/Hezareh_Dictionary_Index/source/Hezareh_Part_03_PDF_0501-0750.md#L28268-L28268,True
health insurance,health insurance,health insurance,[],hz-016845,entry_candidate,raw_ocr,high,3,746,,dictionary/H/H-03.md,hz-016845-health-insurance,sources/Hezareh_Dictionary_Index/source/Hezareh_Part_03_PDF_0501-0750.md#L28275-L28276,True
health service,health service,health service,[],hz-016846,entry_candidate,raw_ocr,high,3,746,,dictionary/H/H-03.md,hz-016846-health-service,sources/Hezareh_Dictionary_Index/source/Hezareh_Part_03_PDF_0501-0750.md#L28277-L28278,True
health visitor,health visitor,health visitor,[],hz-016847,entry_candidate,raw_ocr,high,3,746,,dictionary/H/H-03.md,hz-016847-health-visitor,sources/Hezareh_Dictionary_Index/source/Hezareh_Part_03_PDF_0501-0750.md#L28279-L28280,True
healthful,healthful,healthful,[],hz-016842,entry_candidate,raw_ocr,high,3,746,,dictionary/H/H-03.md,hz-016842-healthful,sources/Hezareh_Dictionary_Index/source/Hezareh_Part_03_PDF_0501-0750.md#L28269-L28270,True
healthily,healthily,healthily,[],hz-016843,entry_candidate,raw_ocr,high,3,746,,dictionary/H/H-03.md,hz-016843-healthily,sources/Hezareh_Dictionary_Index/source/Hezareh_Part_03_PDF_0501-0750.md#L28271-L28272,True
healthineSS,healthiness,healthiness,[],hz-016844,entry_candidate,raw_ocr,high,3,746,,dictionary/H/H-03.md,hz-016844-healthiness,sources/Hezareh_Dictionary_Index/source/Hezareh_Part_03_PDF_0501-0750.md#L28273-L28274,True
healthy,healthy,healthy,[],hz-016848,entry_candidate,raw_ocr,high,3,746,,dictionary/H/H-03.md,hz-016848-healthy,sources/Hezareh_Dictionary_Index/source/Hezareh_Part_03_PDF_0501-0750.md#L28281-L28286,True
heap,heap,heap,[],hz-016849,entry_candidate,raw_ocr,high,3,746,,dictionary/H/H-03.md,hz-016849-heap,sources/Hezareh_Dictionary_Index/source/Hezareh_Part_03_PDF_0501-0750.md#L28287-L28304,True
heap criticism on,heap criticism on,heap criticism on,[],hz-016853,entry_candidate,raw_ocr,high,3,747,,dictionary/H/H-03.md,hz-016853-heap-criticism-on,sources/Hezareh_Dictionary_Index/source/Hezareh_Part_03_PDF_0501-0750.md#L28328-L28334,True
heap favours,heap favours,heap favours,[],hz-016851,entry_candidate,raw_ocr,high,3,747,,dictionary/H/H-03.md,hz-016851-heap-favours,sources/Hezareh_Dictionary_Index/source/Hezareh_Part_03_PDF_0501-0750.md#L28323-L28323,True
heap reproaches on sb,heap reproaches on sb,heap reproaches on sb,[],hz-028955,phrase,visually_checked,high,6,1415,1436,dictionary/H/H-03.md,hz-028955-heap-reproaches-on-sb,sources/Hezareh_Dictionary_Index/source/Hezareh_Part_06_PDF_1251-1500.md#L19126-L19127,True
heap sth on,heap sth on,heap sth on,[],hz-016850,entry_candidate,raw_ocr,high,3,747,,dictionary/H/H-03.md,hz-016850-heap-sth-on,sources/Hezareh_Dictionary_Index/source/Hezareh_Part_03_PDF_0501-0750.md#L28319-L28322,True
heaps,heaps,heaps,[],hz-016854,entry_candidate,raw_ocr,high,3,747,,dictionary/H/H-03.md,hz-016854-heaps,sources/Hezareh_Dictionary_Index/source/Hezareh_Part_03_PDF_0501-0750.md#L28317-L28318,True
hear,hear,hear,[],hz-016855,entry_candidate,raw_ocr,high,3,747,,dictionary/H/H-03.md,hz-016855-hear,sources/Hezareh_Dictionary_Index/source/Hezareh_Part_03_PDF_0501-0750.md#L28335-L28347,True
Hear,hear,hear,[],hz-016857,entry_candidate,raw_ocr,high,3,747,,dictionary/H/H-03.md,hz-016857-hear,sources/Hezareh_Dictionary_Index/source/Hezareh_Part_03_PDF_0501-0750.md#L28335-L28347,True
heard,heard,heard,[],hz-016860,entry_candidate,raw_ocr,high,3,747,,dictionary/H/H-03.md,hz-016860-heard,sources/Hezareh_Dictionary_Index/source/Hezareh_Part_03_PDF_0501-0750.md#L28376-L28376,True
hearer,hearer,hearer,[],hz-016861,entry_candidate,raw_ocr,medium,3,747,,dictionary/H/H-03.md,hz-016861-hearer,sources/Hezareh_Dictionary_Index/source/Hezareh_Part_03_PDF_0501-0750.md#L28377-L28388,True
hearing-aid,hearing-aid,hearing-aid,[],hz-016864,entry_candidate,raw_ocr,high,3,747,,dictionary/H/H-03.md,hz-016864-hearing-aid,sources/Hezareh_Dictionary_Index/source/Hezareh_Part_03_PDF_0501-0750.md#L28393-L28393,True
hearingl'Juana,hearingl'juana,hearingl'juana,[],hz-016862,entry_candidate,raw_ocr,hint_only,3,747,,dictionary/H/H-03.md,hz-016862-hearingl-juana,sources/Hezareh_Dictionary_Index/source/Hezareh_Part_03_PDF_0501-0750.md#L28308-L28308,False
hearken,hearken,hearken,[],hz-016865,entry_candidate,raw_ocr,medium,3,747,,dictionary/H/H-03.md,hz-016865-hearken,sources/Hezareh_Dictionary_Index/source/Hezareh_Part_03_PDF_0501-0750.md#L28394-L28395,True
hearofsth,hearofsth,hearofsth,[],hz-016858,entry_candidate,raw_ocr,hint_only,3,747,,dictionary/H/H-03.md,hz-016858-hearofsth,sources/Hezareh_Dictionary_Index/source/Hezareh_Part_03_PDF_0501-0750.md#L28308-L28308,False
hearsay,hearsay,hearsay,[],hz-016866,entry_candidate,raw_ocr,medium,3,747,,dictionary/H/H-03.md,hz-016866-hearsay,sources/Hezareh_Dictionary_Index/source/Hezareh_Part_03_PDF_0501-0750.md#L28396-L28398,True
hearse,hearse,hearse,[],hz-016867,entry_candidate,raw_ocr,medium,3,747,,dictionary/H/H-03.md,hz-016867-hearse,sources/Hezareh_Dictionary_Index/source/Hezareh_Part_03_PDF_0501-0750.md#L28399-L28399,True
heart,heart,heart,[],hz-016868,entry_candidate,raw_ocr,medium,3,747,,dictionary/H/H-03.md,hz-016868-heart,sources/Hezareh_Dictionary_Index/source/Hezareh_Part_03_PDF_0501-0750.md#L28400-L28423,True
heart attack,heart attack,heart attack,[],hz-016873,entry_candidate,raw_ocr,high,3,748,,dictionary/H/H-03.md,hz-016873-heart-attack,sources/Hezareh_Dictionary_Index/source/Hezareh_Part_03_PDF_0501-0750.md#L28503-L28506,True
heart's-ease,heart's-ease,heart's-ease,[],hz-016889,entry_candidate,raw_ocr,hint_only,3,749,,dictionary/H/H-03.md,hz-016889-heart-s-ease,sources/Hezareh_Dictionary_Index/source/Hezareh_Part_03_PDF_0501-0750.md#L28541-L28541,False
heart-disease,heart-disease,heart-disease,[],hz-016878,entry_candidate,raw_ocr,high,3,748,,dictionary/H/H-03.md,hz-016878-heart-disease,sources/Hezareh_Dictionary_Index/source/Hezareh_Part_03_PDF_0501-0750.md#L28514-L28517,True
heart-failure,heart-failure,heart-failure,[],hz-016881,entry_candidate,raw_ocr,high,3,748,,dictionary/H/H-03.md,hz-016881-heart-failure,sources/Hezareh_Dictionary_Index/source/Hezareh_Part_03_PDF_0501-0750.md#L28522-L28523,True
heart-rending,heart-rending,heart-rending,[],hz-016888,entry_candidate,raw_ocr,medium,3,749,,dictionary/H/H-03.md,hz-016888-heart-rending,sources/Hezareh_Dictionary_Index/source/Hezareh_Part_03_PDF_0501-0750.md#L28562-L28566,True
heart-to-heart,heart-to-heart,heart-to-heart,[],hz-016894,entry_candidate,raw_ocr,medium,3,749,,dictionary/H/H-03.md,hz-016894-heart-to-heart,sources/Hezareh_Dictionary_Index/source/Hezareh_Part_03_PDF_0501-0750.md#L28575-L28577,True
heartbreaking,heartbreaking,heartbreaking,[],hz-016874,entry_candidate,raw_ocr,high,3,748,,dictionary/H/H-03.md,hz-016874-heartbreaking,sources/Hezareh_Dictionary_Index/source/Hezareh_Part_03_PDF_0501-0750.md#L28507-L28508,True
heartbroken,heartbroken,heartbroken,[],hz-016875,entry_candidate,raw_ocr,high,3,748,,dictionary/H/H-03.md,hz-016875-heartbroken,sources/Hezareh_Dictionary_Index/source/Hezareh_Part_03_PDF_0501-0750.md#L28509-L28511,True
heartburn,heartburn,heartburn,[],hz-016876,entry_candidate,raw_ocr,hint_only,3,748,,dictionary/H/H-03.md,hz-016876-heartburn,sources/Hezareh_Dictionary_Index/source/Hezareh_Part_03_PDF_0501-0750.md#L28427-L28427,False
heartburning,heartburning,heartburning,[],hz-016877,entry_candidate,raw_ocr,high,3,748,,dictionary/H/H-03.md,hz-016877-heartburning,sources/Hezareh_Dictionary_Index/source/Hezareh_Part_03_PDF_0501-0750.md#L28512-L28513,True
hearten,hearten,hearten,[],hz-016879,entry_candidate,raw_ocr,high,3,748,,dictionary/H/H-03.md,hz-016879-hearten,sources/Hezareh_Dictionary_Index/source/Hezareh_Part_03_PDF_0501-0750.md#L28518-L28520,True
heartening,heartening,heartening,[],hz-016880,entry_candidate,raw_ocr,high,3,748,,dictionary/H/H-03.md,hz-016880-heartening,sources/Hezareh_Dictionary_Index/source/Hezareh_Part_03_PDF_0501-0750.md#L28521-L28521,True
heartfelt,heartfelt,heartfelt,[],hz-016882,entry_candidate,raw_ocr,high,3,748,,dictionary/H/H-03.md,hz-016882-heartfelt,sources/Hezareh_Dictionary_Index/source/Hezareh_Part_03_PDF_0501-0750.md#L28524-L28524,True
hearth,hearth,hearth,[],hz-016883,entry_candidate,raw_ocr,high,3,748,,dictionary/H/H-03.md,hz-016883-hearth,sources/Hezareh_Dictionary_Index/source/Hezareh_Part_03_PDF_0501-0750.md#L28525-L28532,True
heartily,heartily,heartily,[],hz-016884,entry_candidate,raw_ocr,high,3,748,,dictionary/H/H-03.md,hz-016884-heartily,sources/Hezareh_Dictionary_Index/source/Hezareh_Part_03_PDF_0501-0750.md#L28533-L28537,True
heartland,heartland,heartland,[],hz-016885,entry_candidate,raw_ocr,medium,3,749,,dictionary/H/H-03.md,hz-016885-heartland,sources/Hezareh_Dictionary_Index/source/Hezareh_Part_03_PDF_0501-0750.md#L28554-L28554,True
heartless,heartless,heartless,[],hz-016886,entry_candidate,raw_ocr,medium,3,749,,dictionary/H/H-03.md,hz-016886-heartless,sources/Hezareh_Dictionary_Index/source/Hezareh_Part_03_PDF_0501-0750.md#L28555-L28557,True
heartlessly,heartlessly,heartlessly,[],hz-016887,entry_candidate,raw_ocr,medium,3,749,,dictionary/H/H-03.md,hz-016887-heartlessly,sources/Hezareh_Dictionary_Index/source/Hezareh_Part_03_PDF_0501-0750.md#L28558-L28561,True
heartsick,heartsick,heartsick,[],hz-016891,entry_candidate,raw_ocr,medium,3,749,,dictionary/H/H-03.md,hz-016891-heartsick,sources/Hezareh_Dictionary_Index/source/Hezareh_Part_03_PDF_0501-0750.md#L28567-L28569,True
heartthrob,heartthrob,heartthrob,[],hz-016893,entry_candidate,raw_ocr,medium,3,749,,dictionary/H/H-03.md,hz-016893-heartthrob,sources/Hezareh_Dictionary_Index/source/Hezareh_Part_03_PDF_0501-0750.md#L28573-L28574,True
heartwarming,heartwarming,heartwarming,[],hz-016895,entry_candidate,raw_ocr,high,3,749,,dictionary/H/H-03.md,hz-016895-heartwarming,sources/Hezareh_Dictionary_Index/source/Hezareh_Part_03_PDF_0501-0750.md#L28578-L28579,True
hearty,hearty,hearty,[],hz-016896,entry_candidate,raw_ocr,high,3,749,,dictionary/H/H-03.md,hz-016896-hearty,sources/Hezareh_Dictionary_Index/source/Hezareh_Part_03_PDF_0501-0750.md#L28580-L28602,True
heat,heat,heat,[],hz-016897,entry_candidate,raw_ocr,high,3,749,,dictionary/H/H-03.md,hz-016897-heat,sources/Hezareh_Dictionary_Index/source/Hezareh_Part_03_PDF_0501-0750.md#L28645-L28646,True
heat barrier,heat barrier,heat barrier,[],hz-016898,entry_candidate,raw_ocr,high,3,749,,dictionary/H/H-03.md,hz-016898-heat-barrier,sources/Hezareh_Dictionary_Index/source/Hezareh_Part_03_PDF_0501-0750.md#L28614-L28614,True
heat pump,heat pump,heat pump,[],hz-016910,entry_candidate,raw_ocr,high,3,749,,dictionary/H/H-03.md,hz-016910-heat-pump,sources/Hezareh_Dictionary_Index/source/Hezareh_Part_03_PDF_0501-0750.md#L28645-L28646,True
heat rash,heat rash,heat rash,[],hz-016911,entry_candidate,raw_ocr,medium,3,749,,dictionary/H/H-03.md,hz-016911-heat-rash,sources/Hezareh_Dictionary_Index/source/Hezareh_Part_03_PDF_0501-0750.md#L28647-L28647,True
heat shield,heat shield,heat shield,[],hz-016912,entry_candidate,raw_ocr,medium,3,749,,dictionary/H/H-03.md,hz-016912-heat-shield,sources/Hezareh_Dictionary_Index/source/Hezareh_Part_03_PDF_0501-0750.md#L28648-L28649,True
heat-flash,heat-flash,heat-flash,[],hz-016902,entry_candidate,raw_ocr,medium,3,749,,dictionary/H/H-03.md,hz-016902-heat-flash,sources/Hezareh_Dictionary_Index/source/Hezareh_Part_03_PDF_0501-0750.md#L28624-L28627,True
heated,heated,heated,[],hz-016899,entry_candidate,raw_ocr,medium,3,749,,dictionary/H/H-03.md,hz-016899-heated,sources/Hezareh_Dictionary_Index/source/Hezareh_Part_03_PDF_0501-0750.md#L28615-L28622,True
heatedly,heatedly,heatedly,[],hz-016900,entry_candidate,raw_ocr,hint_only,3,749,,dictionary/H/H-03.md,hz-016900-heatedly,sources/Hezareh_Dictionary_Index/source/Hezareh_Part_03_PDF_0501-0750.md#L28541-L28541,False
heater,heater,heater,[],hz-016901,entry_candidate,raw_ocr,medium,3,749,,dictionary/H/H-03.md,hz-016901-heater,sources/Hezareh_Dictionary_Index/source/Hezareh_Part_03_PDF_0501-0750.md#L28623-L28623,True
heath,heath,heath,[],hz-016903,entry_candidate,raw_ocr,medium,3,749,,dictionary/H/H-03.md,hz-016903-heath,sources/Hezareh_Dictionary_Index/source/Hezareh_Part_03_PDF_0501-0750.md#L28639-L28640,True
Heath Robinson,heath robinson,heath robinson,[],hz-016907,entry_candidate,raw_ocr,medium,3,749,,dictionary/H/H-03.md,hz-016907-heath-robinson,sources/Hezareh_Dictionary_Index/source/Hezareh_Part_03_PDF_0501-0750.md#L28639-L28640,True
heathen,heathen,heathen,[],hz-016904,entry_candidate,raw_ocr,medium,3,749,,dictionary/H/H-03.md,hz-016904-heathen,sources/Hezareh_Dictionary_Index/source/Hezareh_Part_03_PDF_0501-0750.md#L28628-L28633,True
heathenish,heathenish,heathenish,[],hz-016905,entry_candidate,raw_ocr,medium,3,749,,dictionary/H/H-03.md,hz-016905-heathenish,sources/Hezareh_Dictionary_Index/source/Hezareh_Part_03_PDF_0501-0750.md#L28634-L28636,True
heather,heather,heather,[],hz-016906,entry_candidate,raw_ocr,medium,3,749,,dictionary/H/H-03.md,hz-016906-heather,sources/Hezareh_Dictionary_Index/source/Hezareh_Part_03_PDF_0501-0750.md#L28637-L28638,True
heating,heating,heating,[],hz-016908,entry_candidate,raw_ocr,low,3,749,,dictionary/H/H-03.md,hz-016908-heating,sources/Hezareh_Dictionary_Index/source/Hezareh_Part_03_PDF_0501-0750.md#L28641-L28643,True
heatproof,heatproof,heatproof,[],hz-016909,entry_candidate,raw_ocr,medium,3,749,,dictionary/H/H-03.md,hz-016909-heatproof,sources/Hezareh_Dictionary_Index/source/Hezareh_Part_03_PDF_0501-0750.md#L28644-L28644,True
heatspot,heatspot,heatspot,[],hz-016913,entry_candidate,raw_ocr,medium,3,750,,dictionary/H/H-03.md,hz-016913-heatspot,sources/Hezareh_Dictionary_Index/source/Hezareh_Part_03_PDF_0501-0750.md#L28663-L28663,True
heatstroke,heatstroke,heatstroke,[],hz-016914,entry_candidate,raw_ocr,medium,3,750,,dictionary/H/H-03.md,hz-016914-heatstroke,sources/Hezareh_Dictionary_Index/source/Hezareh_Part_03_PDF_0501-0750.md#L28664-L28664,True
heatwave,heatwave,heatwave,[],hz-016915,entry_candidate,raw_ocr,medium,3,750,,dictionary/H/H-03.md,hz-016915-heatwave,sources/Hezareh_Dictionary_Index/source/Hezareh_Part_03_PDF_0501-0750.md#L28665-L28665,True
heave,heave,heave,[],hz-016916,entry_candidate,raw_ocr,high,3,750,,dictionary/H/H-03.md,hz-016916-heave,sources/Hezareh_Dictionary_Index/source/Hezareh_Part_03_PDF_0501-0750.md#L28666-L28679,True
heave at,heave at,heave at,[],hz-016917,entry_candidate,raw_ocr,medium,3,750,,dictionary/H/H-03.md,hz-016917-heave-at,sources/Hezareh_Dictionary_Index/source/Hezareh_Part_03_PDF_0501-0750.md#L28680-L28693,True
Heaven,heaven,heaven,[],hz-014225,entry_candidate,raw_ocr,high,3,618,,dictionary/H/H-03.md,hz-014225-heaven,sources/Hezareh_Dictionary_Index/source/Hezareh_Part_03_PDF_0501-0750.md#L13617-L13621,True
heaven,heaven,heaven,[],hz-016918,entry_candidate,raw_ocr,high,3,750,,dictionary/H/H-03.md,hz-016918-heaven,sources/Hezareh_Dictionary_Index/source/Hezareh_Part_03_PDF_0501-0750.md#L28694-L28726,True
heaven-sent,heaven-sent,heaven-sent,[],hz-016920,entry_candidate,raw_ocr,high,3,750,,dictionary/H/H-03.md,hz-016920-heaven-sent,sources/Hezareh_Dictionary_Index/source/Hezareh_Part_03_PDF_0501-0750.md#L28727-L28728,True
heavenlyi'hevnl,heavenlyi'hevnl,heavenlyi'hevnl,[],hz-016919,entry_candidate,raw_ocr,hint_only,3,750,,dictionary/H/H-03.md,hz-016919-heavenlyi-hevnl,sources/Hezareh_Dictionary_Index/source/Hezareh_Part_03_PDF_0501-0750.md#L28653-L28653,False
heavenward,heavenward,heavenward,[],hz-016926,entry_candidate,raw_ocr,high,3,750,,dictionary/H/H-03.md,hz-016926-heavenward,sources/Hezareh_Dictionary_Index/source/Hezareh_Part_03_PDF_0501-0750.md#L28729-L28732,True
heavenwards,heavenwards,heavenwards,[],hz-016921,entry_candidate,raw_ocr,high,3,750,,dictionary/H/H-03.md,hz-016921-heavenwards,sources/Hezareh_Dictionary_Index/source/Hezareh_Part_03_PDF_0501-0750.md#L28733-L28733,True
heavily,heavily,heavily,[],hz-016922,entry_candidate,raw_ocr,high,3,750,,dictionary/H/H-03.md,hz-016922-heavily,sources/Hezareh_Dictionary_Index/source/Hezareh_Part_03_PDF_0501-0750.md#L28734-L28742,True
heavily-built,heavily-built,heavily-built,[],hz-016923,entry_candidate,raw_ocr,high,3,750,,dictionary/H/H-03.md,hz-016923-heavily-built,sources/Hezareh_Dictionary_Index/source/Hezareh_Part_03_PDF_0501-0750.md#L28743-L28743,True
heavineSS,heaviness,heaviness,[],hz-016924,entry_candidate,raw_ocr,high,3,750,,dictionary/H/H-03.md,hz-016924-heaviness,sources/Hezareh_Dictionary_Index/source/Hezareh_Part_03_PDF_0501-0750.md#L28744-L28745,True
Heaviside layer,heaviside layer,heaviside layer,[],hz-016925,entry_candidate,raw_ocr,high,3,750,,dictionary/H/H-03.md,hz-016925-heaviside-layer,sources/Hezareh_Dictionary_Index/source/Hezareh_Part_03_PDF_0501-0750.md#L28746-L28763,True
heavy,heavy,heavy,[],hz-016929,entry_candidate,raw_ocr,high,4,751,,dictionary/H/H-04.md,hz-016929-heavy,sources/Hezareh_Dictionary_Index/source/Hezareh_Part_04_PDF_0751-1000.md#L210-L211,True
heavy,heavy,heavy,[],hz-030304,entry_candidate,raw_ocr,high,7,1503,,dictionary/H/H-04.md,hz-030304-heavy,sources/Hezareh_Dictionary_Index/source/Hezareh_Part_07_PDF_1501-1750.md#L477-L495,True
heavy hydrogen,heavy hydrogen,heavy hydrogen,[],hz-016933,entry_candidate,raw_ocr,high,4,751,,dictionary/H/H-04.md,hz-016933-heavy-hydrogen,sources/Hezareh_Dictionary_Index/source/Hezareh_Part_04_PDF_0751-1000.md#L210-L211,True
heavy industry,heavy industry,heavy industry,[],hz-016934,entry_candidate,raw_ocr,medium,4,751,,dictionary/H/H-04.md,hz-016934-heavy-industry,sources/Hezareh_Dictionary_Index/source/Hezareh_Part_04_PDF_0751-1000.md#L212-L212,True
heavy water,heavy water,heavy water,[],hz-016936,entry_candidate,raw_ocr,low,4,751,,dictionary/H/H-04.md,hz-016936-heavy-water,sources/Hezareh_Dictionary_Index/source/Hezareh_Part_04_PDF_0751-1000.md#L215-L215,True
heavy-duty,heavy-duty,heavy-duty,[],hz-016930,entry_candidate,raw_ocr,high,4,751,,dictionary/H/H-04.md,hz-016930-heavy-duty,sources/Hezareh_Dictionary_Index/source/Hezareh_Part_04_PDF_0751-1000.md#L199-L200,True
heavy-handed,heavy-handed,heavy-handed,[],hz-016931,entry_candidate,raw_ocr,medium,4,751,,dictionary/H/H-04.md,hz-016931-heavy-handed,sources/Hezareh_Dictionary_Index/source/Hezareh_Part_04_PDF_0751-1000.md#L201-L207,True
heavy-hearted,heavy-hearted,heavy-hearted,[],hz-016932,entry_candidate,raw_ocr,medium,4,751,,dictionary/H/H-04.md,hz-016932-heavy-hearted,sources/Hezareh_Dictionary_Index/source/Hezareh_Part_04_PDF_0751-1000.md#L208-L209,True
heavy-laden,heavy-laden,heavy-laden,[],hz-016935,entry_candidate,raw_ocr,medium,4,751,,dictionary/H/H-04.md,hz-016935-heavy-laden,sources/Hezareh_Dictionary_Index/source/Hezareh_Part_04_PDF_0751-1000.md#L213-L214,True
heavyweight,heavyweight,heavyweight,[],hz-016937,entry_candidate,raw_ocr,medium,4,751,,dictionary/H/H-04.md,hz-016937-heavyweight,sources/Hezareh_Dictionary_Index/source/Hezareh_Part_04_PDF_0751-1000.md#L216-L223,True
hebdomadal,hebdomadal,hebdomadal,[],hz-016938,entry_candidate,raw_ocr,medium,4,751,,dictionary/H/H-04.md,hz-016938-hebdomadal,sources/Hezareh_Dictionary_Index/source/Hezareh_Part_04_PDF_0751-1000.md#L224-L224,True
Hebraic,hebraic,hebraic,[],hz-016940,entry_candidate,raw_ocr,medium,4,751,,dictionary/H/H-04.md,hz-016940-hebraic,sources/Hezareh_Dictionary_Index/source/Hezareh_Part_04_PDF_0751-1000.md#L226-L227,True
Hebrew,hebrew,hebrew,[],hz-016941,entry_candidate,raw_ocr,medium,4,751,,dictionary/H/H-04.md,hz-016941-hebrew,sources/Hezareh_Dictionary_Index/source/Hezareh_Part_04_PDF_0751-1000.md#L228-L231,True
hecatomb,hecatomb,hecatomb,[],hz-016942,entry_candidate,raw_ocr,medium,4,751,,dictionary/H/H-04.md,hz-016942-hecatomb,sources/Hezareh_Dictionary_Index/source/Hezareh_Part_04_PDF_0751-1000.md#L232-L233,True
heck,heck,heck,[],hz-016943,entry_candidate,raw_ocr,medium,4,751,,dictionary/H/H-04.md,hz-016943-heck,sources/Hezareh_Dictionary_Index/source/Hezareh_Part_04_PDF_0751-1000.md#L234-L239,True
heckler,heckler,heckler,[],hz-016945,entry_candidate,raw_ocr,medium,4,751,,dictionary/H/H-04.md,hz-016945-heckler,sources/Hezareh_Dictionary_Index/source/Hezareh_Part_04_PDF_0751-1000.md#L240-L241,True
hecklet'hekl,hecklet'hekl,hecklet'hekl,[],hz-016944,entry_candidate,raw_ocr,hint_only,4,751,,dictionary/H/H-04.md,hz-016944-hecklet-hekl,sources/Hezareh_Dictionary_Index/source/Hezareh_Part_04_PDF_0751-1000.md#L140-L140,False
hectare,hectare,hectare,[],hz-016946,entry_candidate,raw_ocr,hint_only,4,751,,dictionary/H/H-04.md,hz-016946-hectare,sources/Hezareh_Dictionary_Index/source/Hezareh_Part_04_PDF_0751-1000.md#L140-L140,False
hectic,hectic,hectic,[],hz-016947,entry_candidate,raw_ocr,medium,4,751,,dictionary/H/H-04.md,hz-016947-hectic,sources/Hezareh_Dictionary_Index/source/Hezareh_Part_04_PDF_0751-1000.md#L242-L248,True
hecto-,hecto-,hecto-,[],hz-038805,entry_candidate,raw_ocr,medium,8,1962,,dictionary/H/H-04.md,hz-038805-hecto,sources/Hezareh_Dictionary_Index/source/Hezareh_Part_08_PDF_1751-1976.md#L24899-L24900,True
hectogram,hectogram,hectogram,[],hz-016948,entry_candidate,raw_ocr,hint_only,4,751,,dictionary/H/H-04.md,hz-016948-hectogram,sources/Hezareh_Dictionary_Index/source/Hezareh_Part_04_PDF_0751-1000.md#L140-L140,False
hectogramme,hectogramme,hectogramme,[],hz-016949,entry_candidate,raw_ocr,medium,4,751,,dictionary/H/H-04.md,hz-016949-hectogramme,sources/Hezareh_Dictionary_Index/source/Hezareh_Part_04_PDF_0751-1000.md#L249-L249,True
hector,hector,hector,[],hz-016950,entry_candidate,raw_ocr,medium,4,751,,dictionary/H/H-04.md,hz-016950-hector,sources/Hezareh_Dictionary_Index/source/Hezareh_Part_04_PDF_0751-1000.md#L250-L252,True
hedge-hop,hedge-hop,hedge-hop,[],hz-016954,entry_candidate,raw_ocr,high,4,752,,dictionary/H/H-04.md,hz-016954-hedge-hop,sources/Hezareh_Dictionary_Index/source/Hezareh_Part_04_PDF_0751-1000.md#L296-L298,True
hedge-sparrow,hedge-sparrow,hedge-sparrow,[],hz-016956,entry_candidate,raw_ocr,high,4,752,,dictionary/H/H-04.md,hz-016956-hedge-sparrow,sources/Hezareh_Dictionary_Index/source/Hezareh_Part_04_PDF_0751-1000.md#L300-L301,True
hedgehog,hedgehog,hedgehog,[],hz-016953,entry_candidate,raw_ocr,medium,4,752,,dictionary/H/H-04.md,hz-016953-hedgehog,sources/Hezareh_Dictionary_Index/source/Hezareh_Part_04_PDF_0751-1000.md#L294-L295,True
hedgerow,hedgerow,hedgerow,[],hz-016955,entry_candidate,raw_ocr,medium,4,752,,dictionary/H/H-04.md,hz-016955-hedgerow,sources/Hezareh_Dictionary_Index/source/Hezareh_Part_04_PDF_0751-1000.md#L299-L299,True
hedgethed,hedgethed,hedgethed,[],hz-016952,entry_candidate,raw_ocr,hint_only,4,752,,dictionary/H/H-04.md,hz-016952-hedgethed,sources/Hezareh_Dictionary_Index/source/Hezareh_Part_04_PDF_0751-1000.md#L259-L259,False
hedging,hedging,hedging,[],hz-016957,entry_candidate,raw_ocr,medium,4,752,,dictionary/H/H-04.md,hz-016957-hedging,sources/Hezareh_Dictionary_Index/source/Hezareh_Part_04_PDF_0751-1000.md#L302-L303,True
hedonism,hedonism,hedonism,[],hz-016958,entry_candidate,raw_ocr,high,4,752,,dictionary/H/H-04.md,hz-016958-hedonism,sources/Hezareh_Dictionary_Index/source/Hezareh_Part_04_PDF_0751-1000.md#L304-L305,True
hedonist,hedonist,hedonist,[],hz-016959,entry_candidate,raw_ocr,low,4,752,,dictionary/H/H-04.md,hz-016959-hedonist,sources/Hezareh_Dictionary_Index/source/Hezareh_Part_04_PDF_0751-1000.md#L306-L307,True
hedonistic,hedonistic,hedonistic,[],hz-016960,entry_candidate,raw_ocr,medium,4,752,,dictionary/H/H-04.md,hz-016960-hedonistic,sources/Hezareh_Dictionary_Index/source/Hezareh_Part_04_PDF_0751-1000.md#L308-L319,True
hee-haW,hee-haw,hee-haw,[],hz-016962,entry_candidate,raw_ocr,hint_only,4,752,,dictionary/H/H-04.md,hz-016962-hee-haw,sources/Hezareh_Dictionary_Index/source/Hezareh_Part_04_PDF_0751-1000.md#L259-L259,False
heedlessly,heedlessly,heedlessly,[],hz-016964,entry_candidate,raw_ocr,high,4,752,,dictionary/H/H-04.md,hz-016964-heedlessly,sources/Hezareh_Dictionary_Index/source/Hezareh_Part_04_PDF_0751-1000.md#L328-L334,True
heef,heef,heef,[],hz-016970,entry_candidate,raw_ocr,hint_only,4,753,,dictionary/H/H-04.md,hz-016970-heef,sources/Hezareh_Dictionary_Index/source/Hezareh_Part_04_PDF_0751-1000.md#L373-L373,False
heel,heel,heel,[],hz-016963,entry_candidate,raw_ocr,high,4,752,,dictionary/H/H-04.md,hz-016963-heel,sources/Hezareh_Dictionary_Index/source/Hezareh_Part_04_PDF_0751-1000.md#L320-L320,True
heftily,heftily,heftily,[],hz-016971,entry_candidate,raw_ocr,medium,4,753,,dictionary/H/H-04.md,hz-016971-heftily,sources/Hezareh_Dictionary_Index/source/Hezareh_Part_04_PDF_0751-1000.md#L387-L389,True
hefty,hefty,hefty,[],hz-016972,entry_candidate,raw_ocr,high,4,753,,dictionary/H/H-04.md,hz-016972-hefty,sources/Hezareh_Dictionary_Index/source/Hezareh_Part_04_PDF_0751-1000.md#L390-L394,True
hegemony,hegemony,hegemony,[],hz-016973,entry_candidate,raw_ocr,high,4,753,,dictionary/H/H-04.md,hz-016973-hegemony,sources/Hezareh_Dictionary_Index/source/Hezareh_Part_04_PDF_0751-1000.md#L395-L397,True
Hegira,hegira,hegira,[],hz-016974,entry_candidate,raw_ocr,medium,4,753,,dictionary/H/H-04.md,hz-016974-hegira,sources/Hezareh_Dictionary_Index/source/Hezareh_Part_04_PDF_0751-1000.md#L398-L399,True
heifer,heifer,heifer,[],hz-016975,entry_candidate,raw_ocr,medium,4,753,,dictionary/H/H-04.md,hz-016975-heifer,sources/Hezareh_Dictionary_Index/source/Hezareh_Part_04_PDF_0751-1000.md#L400-L400,True
heighhO,heighho,heighho,[],hz-016976,entry_candidate,raw_ocr,medium,4,753,,dictionary/H/H-04.md,hz-016976-heighho,sources/Hezareh_Dictionary_Index/source/Hezareh_Part_04_PDF_0751-1000.md#L401-L411,True
heighten,heighten,heighten,[],hz-016991,entry_candidate,raw_ocr,medium,4,753,,dictionary/H/H-04.md,hz-016991-heighten,sources/Hezareh_Dictionary_Index/source/Hezareh_Part_04_PDF_0751-1000.md#L412-L418,True
heighti'hart,heighti'hart,heighti'hart,[],hz-016977,entry_candidate,raw_ocr,hint_only,4,753,,dictionary/H/H-04.md,hz-016977-heighti-hart,sources/Hezareh_Dictionary_Index/source/Hezareh_Part_04_PDF_0751-1000.md#L373-L373,False
heinous,heinous,heinous,[],hz-016992,entry_candidate,raw_ocr,low,4,753,,dictionary/H/H-04.md,hz-016992-heinous,sources/Hezareh_Dictionary_Index/source/Hezareh_Part_04_PDF_0751-1000.md#L419-L420,True
heinously,heinously,heinously,[],hz-016993,entry_candidate,raw_ocr,medium,4,753,,dictionary/H/H-04.md,hz-016993-heinously,sources/Hezareh_Dictionary_Index/source/Hezareh_Part_04_PDF_0751-1000.md#L421-L422,True
heinousness,heinousness,heinousness,[],hz-016994,entry_candidate,raw_ocr,medium,4,753,,dictionary/H/H-04.md,hz-016994-heinousness,sources/Hezareh_Dictionary_Index/source/Hezareh_Part_04_PDF_0751-1000.md#L423-L428,True
heir presumptive,heir presumptive,heir presumptive,[],hz-016979,entry_candidate,raw_ocr,high,4,753,,dictionary/H/H-04.md,hz-016979-heir-presumptive,sources/Hezareh_Dictionary_Index/source/Hezareh_Part_04_PDF_0751-1000.md#L436-L439,True
heireSS,heiress,heiress,[],hz-016995,entry_candidate,raw_ocr,medium,4,753,,dictionary/H/H-04.md,hz-016995-heiress,sources/Hezareh_Dictionary_Index/source/Hezareh_Part_04_PDF_0751-1000.md#L429-L433,True
heirloom,heirloom,heirloom,[],hz-016978,entry_candidate,raw_ocr,medium,4,753,,dictionary/H/H-04.md,hz-016978-heirloom,sources/Hezareh_Dictionary_Index/source/Hezareh_Part_04_PDF_0751-1000.md#L434-L435,True
Hejira,hejira,hejira,[],hz-016980,entry_candidate,raw_ocr,high,4,753,,dictionary/H/H-04.md,hz-016980-hejira,sources/Hezareh_Dictionary_Index/source/Hezareh_Part_04_PDF_0751-1000.md#L440-L440,True
held,held,held,[],hz-016981,entry_candidate,raw_ocr,medium,4,753,,dictionary/H/H-04.md,hz-016981-held,sources/Hezareh_Dictionary_Index/source/Hezareh_Part_04_PDF_0751-1000.md#L441-L441,True
helical,helical,helical,[],hz-016982,entry_candidate,raw_ocr,medium,4,753,,dictionary/H/H-04.md,hz-016982-helical,sources/Hezareh_Dictionary_Index/source/Hezareh_Part_04_PDF_0751-1000.md#L442-L442,True
helices,helices,helices,[],hz-016984,entry_candidate,raw_ocr,high,4,753,,dictionary/H/H-04.md,hz-016984-helices,sources/Hezareh_Dictionary_Index/source/Hezareh_Part_04_PDF_0751-1000.md#L443-L443,True
helicopter,helicopter,helicopter,[],hz-016985,entry_candidate,raw_ocr,medium,4,753,,dictionary/H/H-04.md,hz-016985-helicopter,sources/Hezareh_Dictionary_Index/source/Hezareh_Part_04_PDF_0751-1000.md#L444-L444,True
heliotrope,heliotrope,heliotrope,[],hz-016986,entry_candidate,raw_ocr,medium,4,753,,dictionary/H/H-04.md,hz-016986-heliotrope,sources/Hezareh_Dictionary_Index/source/Hezareh_Part_04_PDF_0751-1000.md#L445-L447,True
heliport,heliport,heliport,[],hz-016983,entry_candidate,raw_ocr,medium,4,753,,dictionary/H/H-04.md,hz-016983-heliport,sources/Hezareh_Dictionary_Index/source/Hezareh_Part_04_PDF_0751-1000.md#L448-L449,True
helium,helium,helium,[],hz-016987,entry_candidate,raw_ocr,medium,4,753,,dictionary/H/H-04.md,hz-016987-helium,sources/Hezareh_Dictionary_Index/source/Hezareh_Part_04_PDF_0751-1000.md#L450-L450,True
helix,helix,helix,[],hz-016988,entry_candidate,raw_ocr,medium,4,753,,dictionary/H/H-04.md,hz-016988-helix,sources/Hezareh_Dictionary_Index/source/Hezareh_Part_04_PDF_0751-1000.md#L451-L451,True
hell,hell,hell,[],hz-016989,entry_candidate,raw_ocr,medium,4,753,,dictionary/H/H-04.md,hz-016989-hell,sources/Hezareh_Dictionary_Index/source/Hezareh_Part_04_PDF_0751-1000.md#L452-L452,True
hell-bent,hell-bent,hell-bent,[],hz-016998,entry_candidate,raw_ocr,high,4,754,,dictionary/H/H-04.md,hz-016998-hell-bent,sources/Hezareh_Dictionary_Index/source/Hezareh_Part_04_PDF_0751-1000.md#L518-L519,True
hell-cat,hell-cat,hell-cat,[],hz-016999,entry_candidate,raw_ocr,high,4,754,,dictionary/H/H-04.md,hz-016999-hell-cat,sources/Hezareh_Dictionary_Index/source/Hezareh_Part_04_PDF_0751-1000.md#L520-L521,True
Hellene,hellene,hellene,[],hz-017000,entry_candidate,raw_ocr,high,4,754,,dictionary/H/H-04.md,hz-017000-hellene,sources/Hezareh_Dictionary_Index/source/Hezareh_Part_04_PDF_0751-1000.md#L522-L523,True
Hellenic,hellenic,hellenic,[],hz-017001,entry_candidate,raw_ocr,high,4,754,,dictionary/H/H-04.md,hz-017001-hellenic,sources/Hezareh_Dictionary_Index/source/Hezareh_Part_04_PDF_0751-1000.md#L524-L525,True
Hellenism,hellenism,hellenism,[],hz-017002,entry_candidate,raw_ocr,high,4,754,,dictionary/H/H-04.md,hz-017002-hellenism,sources/Hezareh_Dictionary_Index/source/Hezareh_Part_04_PDF_0751-1000.md#L526-L530,True
hellfire,hellfire,hellfire,[],hz-017003,entry_candidate,raw_ocr,high,4,754,,dictionary/H/H-04.md,hz-017003-hellfire,sources/Hezareh_Dictionary_Index/source/Hezareh_Part_04_PDF_0751-1000.md#L531-L531,True
hellhole,hellhole,hellhole,[],hz-017004,entry_candidate,raw_ocr,high,4,754,,dictionary/H/H-04.md,hz-017004-hellhole,sources/Hezareh_Dictionary_Index/source/Hezareh_Part_04_PDF_0751-1000.md#L532-L532,True
hellish,hellish,hellish,[],hz-017005,entry_candidate,raw_ocr,high,4,754,,dictionary/H/H-04.md,hz-017005-hellish,sources/Hezareh_Dictionary_Index/source/Hezareh_Part_04_PDF_0751-1000.md#L533-L536,True
hellishly,hellishly,hellishly,[],hz-017006,entry_candidate,raw_ocr,high,4,754,,dictionary/H/H-04.md,hz-017006-hellishly,sources/Hezareh_Dictionary_Index/source/Hezareh_Part_04_PDF_0751-1000.md#L537-L538,True
hellO,hello,hello,[],hz-017007,entry_candidate,raw_ocr,high,4,754,,dictionary/H/H-04.md,hz-017007-hello,sources/Hezareh_Dictionary_Index/source/Hezareh_Part_04_PDF_0751-1000.md#L539-L561,True
helm,helm,helm,[],hz-017008,entry_candidate,raw_ocr,high,4,754,,dictionary/H/H-04.md,hz-017008-helm,sources/Hezareh_Dictionary_Index/source/Hezareh_Part_04_PDF_0751-1000.md#L562-L562,True
helmet,helmet,helmet,[],hz-017009,entry_candidate,raw_ocr,high,4,754,,dictionary/H/H-04.md,hz-017009-helmet,sources/Hezareh_Dictionary_Index/source/Hezareh_Part_04_PDF_0751-1000.md#L563-L563,True
helmeted,helmeted,helmeted,[],hz-017010,entry_candidate,raw_ocr,high,4,754,,dictionary/H/H-04.md,hz-017010-helmeted,sources/Hezareh_Dictionary_Index/source/Hezareh_Part_04_PDF_0751-1000.md#L564-L565,True
helmsman,helmsman,helmsman,[],hz-017011,entry_candidate,raw_ocr,high,4,754,,dictionary/H/H-04.md,hz-017011-helmsman,sources/Hezareh_Dictionary_Index/source/Hezareh_Part_04_PDF_0751-1000.md#L566-L567,True
helot,helot,helot,[],hz-017012,entry_candidate,raw_ocr,high,4,754,,dictionary/H/H-04.md,hz-017012-helot,sources/Hezareh_Dictionary_Index/source/Hezareh_Part_04_PDF_0751-1000.md#L568-L583,True
help sb off with sth,help sb off with sth,help sb off with sth,[],hz-017014,entry_candidate,raw_ocr,low,4,755,,dictionary/H/H-04.md,hz-017014-help-sb-off-with-sth,sources/Hezareh_Dictionary_Index/source/Hezareh_Part_04_PDF_0751-1000.md#L638-L651,True
helper,helper,helper,[],hz-017015,entry_candidate,raw_ocr,high,4,755,,dictionary/H/H-04.md,hz-017015-helper,sources/Hezareh_Dictionary_Index/source/Hezareh_Part_04_PDF_0751-1000.md#L608-L637,True
helpful,helpful,helpful,[],hz-017016,entry_candidate,raw_ocr,medium,4,755,,dictionary/H/H-04.md,hz-017016-helpful,sources/Hezareh_Dictionary_Index/source/Hezareh_Part_04_PDF_0751-1000.md#L652-L661,True
helpfully,helpfully,helpfully,[],hz-017017,entry_candidate,raw_ocr,medium,4,755,,dictionary/H/H-04.md,hz-017017-helpfully,sources/Hezareh_Dictionary_Index/source/Hezareh_Part_04_PDF_0751-1000.md#L662-L663,True
helpfulness,helpfulness,helpfulness,[],hz-017018,entry_candidate,raw_ocr,medium,4,755,,dictionary/H/H-04.md,hz-017018-helpfulness,sources/Hezareh_Dictionary_Index/source/Hezareh_Part_04_PDF_0751-1000.md#L664-L664,True
helping,helping,helping,[],hz-017019,entry_candidate,raw_ocr,medium,4,755,,dictionary/H/H-04.md,hz-017019-helping,sources/Hezareh_Dictionary_Index/source/Hezareh_Part_04_PDF_0751-1000.md#L665-L670,True
helpless,helpless,helpless,[],hz-017020,entry_candidate,raw_ocr,medium,4,755,,dictionary/H/H-04.md,hz-017020-helpless,sources/Hezareh_Dictionary_Index/source/Hezareh_Part_04_PDF_0751-1000.md#L671-L672,True
helplessly,helplessly,helplessly,[],hz-017021,entry_candidate,raw_ocr,medium,4,755,,dictionary/H/H-04.md,hz-017021-helplessly,sources/Hezareh_Dictionary_Index/source/Hezareh_Part_04_PDF_0751-1000.md#L673-L675,True
helplessness,helplessness,helplessness,[],hz-017022,entry_candidate,raw_ocr,low,4,755,,dictionary/H/H-04.md,hz-017022-helplessness,sources/Hezareh_Dictionary_Index/source/Hezareh_Part_04_PDF_0751-1000.md#L676-L677,True
helpline,helpline,helpline,[],hz-017023,entry_candidate,raw_ocr,medium,4,755,,dictionary/H/H-04.md,hz-017023-helpline,sources/Hezareh_Dictionary_Index/source/Hezareh_Part_04_PDF_0751-1000.md#L678-L678,True
helpmate,helpmate,helpmate,[],hz-017024,entry_candidate,raw_ocr,medium,4,755,,dictionary/H/H-04.md,hz-017024-helpmate,sources/Hezareh_Dictionary_Index/source/Hezareh_Part_04_PDF_0751-1000.md#L679-L680,True
helpmeet,helpmeet,helpmeet,[],hz-017025,entry_candidate,raw_ocr,high,4,755,,dictionary/H/H-04.md,hz-017025-helpmeet,sources/Hezareh_Dictionary_Index/source/Hezareh_Part_04_PDF_0751-1000.md#L681-L681,True
helter-skelter,helter-skelter,helter-skelter,[],hz-017026,entry_candidate,raw_ocr,high,4,755,,dictionary/H/H-04.md,hz-017026-helter-skelter,sources/Hezareh_Dictionary_Index/source/Hezareh_Part_04_PDF_0751-1000.md#L682-L685,True
helve,helve,helve,[],hz-017027,entry_candidate,raw_ocr,medium,4,755,,dictionary/H/H-04.md,hz-017027-helve,sources/Hezareh_Dictionary_Index/source/Hezareh_Part_04_PDF_0751-1000.md#L686-L686,True
hem,hem,hem,[],hz-017028,entry_candidate,raw_ocr,high,4,755,,dictionary/H/H-04.md,hz-017028-hem,sources/Hezareh_Dictionary_Index/source/Hezareh_Part_04_PDF_0751-1000.md#L687-L695,True
hem and haw,hem and haw,hem and haw,[],hz-017030,entry_candidate,raw_ocr,medium,4,755,,dictionary/H/H-04.md,hz-017030-hem-and-haw,sources/Hezareh_Dictionary_Index/source/Hezareh_Part_04_PDF_0751-1000.md#L696-L696,True
hem sth I sb about,hem sth i sb about,hem sth i sb about,[],hz-017029,entry_candidate,raw_ocr,hint_only,4,755,,dictionary/H/H-04.md,hz-017029-hem-sth-i-sb-about,sources/Hezareh_Dictionary_Index/source/Hezareh_Part_04_PDF_0751-1000.md#L599-L599,False
hematite,hematite,hematite,[],hz-017032,entry_candidate,raw_ocr,medium,4,755,,dictionary/H/H-04.md,hz-017032-hematite,sources/Hezareh_Dictionary_Index/source/Hezareh_Part_04_PDF_0751-1000.md#L699-L701,True
hematology,hematology,hematology,[],hz-017033,entry_candidate,raw_ocr,medium,4,755,,dictionary/H/H-04.md,hz-017033-hematology,sources/Hezareh_Dictionary_Index/source/Hezareh_Part_04_PDF_0751-1000.md#L702-L707,True
hemispherical,hemispherical,hemispherical,[],hz-017034,entry_candidate,raw_ocr,medium,4,756,,dictionary/H/H-04.md,hz-017034-hemispherical,sources/Hezareh_Dictionary_Index/source/Hezareh_Part_04_PDF_0751-1000.md#L723-L723,True
hemistich,hemistich,hemistich,[],hz-017035,entry_candidate,raw_ocr,medium,4,756,,dictionary/H/H-04.md,hz-017035-hemistich,sources/Hezareh_Dictionary_Index/source/Hezareh_Part_04_PDF_0751-1000.md#L724-L724,True
hemline,hemline,hemline,[],hz-017036,entry_candidate,raw_ocr,medium,4,756,,dictionary/H/H-04.md,hz-017036-hemline,sources/Hezareh_Dictionary_Index/source/Hezareh_Part_04_PDF_0751-1000.md#L725-L729,True
hemlock,hemlock,hemlock,[],hz-017037,entry_candidate,raw_ocr,medium,4,756,,dictionary/H/H-04.md,hz-017037-hemlock,sources/Hezareh_Dictionary_Index/source/Hezareh_Part_04_PDF_0751-1000.md#L730-L730,True
hemoglobin,hemoglobin,hemoglobin,[],hz-017038,entry_candidate,raw_ocr,high,4,756,,dictionary/H/H-04.md,hz-017038-hemoglobin,sources/Hezareh_Dictionary_Index/source/Hezareh_Part_04_PDF_0751-1000.md#L731-L731,True
hemophilia,hemophilia,hemophilia,[],hz-017039,entry_candidate,raw_ocr,high,4,756,,dictionary/H/H-04.md,hz-017039-hemophilia,sources/Hezareh_Dictionary_Index/source/Hezareh_Part_04_PDF_0751-1000.md#L732-L732,True
hemophiliac,hemophiliac,hemophiliac,[],hz-017040,entry_candidate,raw_ocr,high,4,756,,dictionary/H/H-04.md,hz-017040-hemophiliac,sources/Hezareh_Dictionary_Index/source/Hezareh_Part_04_PDF_0751-1000.md#L733-L733,True
hemorrhage,hemorrhage,hemorrhage,[],hz-017041,entry_candidate,raw_ocr,high,4,756,,dictionary/H/H-04.md,hz-017041-hemorrhage,sources/Hezareh_Dictionary_Index/source/Hezareh_Part_04_PDF_0751-1000.md#L734-L734,True
hemorrhoids,hemorrhoids,hemorrhoids,[],hz-017042,entry_candidate,raw_ocr,high,4,756,,dictionary/H/H-04.md,hz-017042-hemorrhoids,sources/Hezareh_Dictionary_Index/source/Hezareh_Part_04_PDF_0751-1000.md#L735-L735,True
hemp,hemp,hemp,[],hz-017043,entry_candidate,raw_ocr,medium,4,756,,dictionary/H/H-04.md,hz-017043-hemp,sources/Hezareh_Dictionary_Index/source/Hezareh_Part_04_PDF_0751-1000.md#L736-L738,True
hempen,hempen,hempen,[],hz-017044,entry_candidate,raw_ocr,hint_only,4,756,,dictionary/H/H-04.md,hz-017044-hempen,sources/Hezareh_Dictionary_Index/source/Hezareh_Part_04_PDF_0751-1000.md#L711-L711,False
hemstitch,hemstitch,hemstitch,[],hz-017045,entry_candidate,raw_ocr,medium,4,756,,dictionary/H/H-04.md,hz-017045-hemstitch,sources/Hezareh_Dictionary_Index/source/Hezareh_Part_04_PDF_0751-1000.md#L739-L741,True
hen,hen,hen,[],hz-017046,entry_candidate,raw_ocr,medium,4,756,,dictionary/H/H-04.md,hz-017046-hen,sources/Hezareh_Dictionary_Index/source/Hezareh_Part_04_PDF_0751-1000.md#L742-L742,True
hen-coop,hen-coop,hen-coop,[],hz-017051,entry_candidate,raw_ocr,medium,4,756,,dictionary/H/H-04.md,hz-017051-hen-coop,sources/Hezareh_Dictionary_Index/source/Hezareh_Part_04_PDF_0751-1000.md#L753-L755,True
hen-house ne- haus,hen-house ne- haus,hen-house ne- haus,[],hz-017052,entry_candidate,raw_ocr,hint_only,4,756,,dictionary/H/H-04.md,hz-017052-hen-house-ne-haus,sources/Hezareh_Dictionary_Index/source/Hezareh_Part_04_PDF_0751-1000.md#L711-L711,False
hen-party,hen-party,hen-party,[],hz-017055,entry_candidate,raw_ocr,low,4,756,,dictionary/H/H-04.md,hz-017055-hen-party,sources/Hezareh_Dictionary_Index/source/Hezareh_Part_04_PDF_0751-1000.md#L758-L758,True
hen-roost,hen-roost,hen-roost,[],hz-017057,entry_candidate,raw_ocr,medium,4,756,,dictionary/H/H-04.md,hz-017057-hen-roost,sources/Hezareh_Dictionary_Index/source/Hezareh_Part_04_PDF_0751-1000.md#L762-L762,True
henbane,henbane,henbane,[],hz-017047,entry_candidate,raw_ocr,medium,4,756,,dictionary/H/H-04.md,hz-017047-henbane,sources/Hezareh_Dictionary_Index/source/Hezareh_Part_04_PDF_0751-1000.md#L743-L744,True
hence,hence,hence,[],hz-017048,entry_candidate,raw_ocr,medium,4,756,,dictionary/H/H-04.md,hz-017048-hence,sources/Hezareh_Dictionary_Index/source/Hezareh_Part_04_PDF_0751-1000.md#L745-L747,True
henceforth,henceforth,henceforth,[],hz-017049,entry_candidate,raw_ocr,medium,4,756,,dictionary/H/H-04.md,hz-017049-henceforth,sources/Hezareh_Dictionary_Index/source/Hezareh_Part_04_PDF_0751-1000.md#L748-L750,True
henchman,henchman,henchman,[],hz-017050,entry_candidate,raw_ocr,medium,4,756,,dictionary/H/H-04.md,hz-017050-henchman,sources/Hezareh_Dictionary_Index/source/Hezareh_Part_04_PDF_0751-1000.md#L751-L752,True
henna,henna,henna,[],hz-017053,entry_candidate,raw_ocr,high,4,756,,dictionary/H/H-04.md,hz-017053-henna,sources/Hezareh_Dictionary_Index/source/Hezareh_Part_04_PDF_0751-1000.md#L756-L756,True
hennaed,hennaed,hennaed,[],hz-017054,entry_candidate,raw_ocr,medium,4,756,,dictionary/H/H-04.md,hz-017054-hennaed,sources/Hezareh_Dictionary_Index/source/Hezareh_Part_04_PDF_0751-1000.md#L757-L757,True
henpecked,henpecked,henpecked,[],hz-017056,entry_candidate,raw_ocr,medium,4,756,,dictionary/H/H-04.md,hz-017056-henpecked,sources/Hezareh_Dictionary_Index/source/Hezareh_Part_04_PDF_0751-1000.md#L759-L761,True
hep,hep,hep,[],hz-017058,entry_candidate,raw_ocr,high,4,756,,dictionary/H/H-04.md,hz-017058-hep,sources/Hezareh_Dictionary_Index/source/Hezareh_Part_04_PDF_0751-1000.md#L763-L763,True
hepatitis,hepatitis,hepatitis,[],hz-017059,entry_candidate,raw_ocr,medium,4,756,,dictionary/H/H-04.md,hz-017059-hepatitis,sources/Hezareh_Dictionary_Index/source/Hezareh_Part_04_PDF_0751-1000.md#L764-L772,True
heptagon,heptagon,heptagon,[],hz-017060,entry_candidate,raw_ocr,high,4,756,,dictionary/H/H-04.md,hz-017060-heptagon,sources/Hezareh_Dictionary_Index/source/Hezareh_Part_04_PDF_0751-1000.md#L773-L784,True
Her,her,her,[],hz-015795,entry_candidate,raw_ocr,medium,3,699,,dictionary/H/H-04.md,hz-015795-her,sources/Hezareh_Dictionary_Index/source/Hezareh_Part_03_PDF_0501-0750.md#L22867-L22870,True
Her back causes,her back causes,her back causes,[],hz-025243,entry_candidate,raw_ocr,high,5,1195,,dictionary/H/H-04.md,hz-025243-her-back-causes,sources/Hezareh_Dictionary_Index/source/Hezareh_Part_05_PDF_1001-1250.md#L22528-L22529,True
Her thoughts turned,her thoughts turned,her thoughts turned,[],hz-034939,entry_candidate,raw_ocr,high,8,1752,,dictionary/H/H-04.md,hz-034939-her-thoughts-turned,sources/Hezareh_Dictionary_Index/source/Hezareh_Part_08_PDF_1751-1976.md#L337-L362,True
herald,herald,herald,[],hz-017061,entry_candidate,raw_ocr,high,4,756,,dictionary/H/H-04.md,hz-017061-herald,sources/Hezareh_Dictionary_Index/source/Hezareh_Part_04_PDF_0751-1000.md#L785-L790,True
heraldic,heraldic,heraldic,[],hz-017062,entry_candidate,raw_ocr,high,4,756,,dictionary/H/H-04.md,hz-017062-heraldic,sources/Hezareh_Dictionary_Index/source/Hezareh_Part_04_PDF_0751-1000.md#L791-L795,True
heraldry,heraldry,heraldry,[],hz-017063,entry_candidate,raw_ocr,high,4,756,,dictionary/H/H-04.md,hz-017063-heraldry,sources/Hezareh_Dictionary_Index/source/Hezareh_Part_04_PDF_0751-1000.md#L796-L802,True
herb,herb,herb,[],hz-017064,entry_candidate,raw_ocr,high,4,756,,dictionary/H/H-04.md,hz-017064-herb,sources/Hezareh_Dictionary_Index/source/Hezareh_Part_04_PDF_0751-1000.md#L812-L812,True
herb beer,herb beer,herb beer,[],hz-017070,entry_candidate,raw_ocr,high,4,756,,dictionary/H/H-04.md,hz-017070-herb-beer,sources/Hezareh_Dictionary_Index/source/Hezareh_Part_04_PDF_0751-1000.md#L812-L812,True
herbaceOUS,herbaceous,herbaceous,[],hz-017065,entry_candidate,raw_ocr,high,4,756,,dictionary/H/H-04.md,hz-017065-herbaceous,sources/Hezareh_Dictionary_Index/source/Hezareh_Part_04_PDF_0751-1000.md#L803-L803,True
herbaceous border,herbaceous border,herbaceous border,[],hz-017066,entry_candidate,raw_ocr,high,4,756,,dictionary/H/H-04.md,hz-017066-herbaceous-border,sources/Hezareh_Dictionary_Index/source/Hezareh_Part_04_PDF_0751-1000.md#L804-L805,True
herbage,herbage,herbage,[],hz-017067,entry_candidate,raw_ocr,high,4,756,,dictionary/H/H-04.md,hz-017067-herbage,sources/Hezareh_Dictionary_Index/source/Hezareh_Part_04_PDF_0751-1000.md#L806-L807,True
herbal,herbal,herbal,[],hz-017068,entry_candidate,raw_ocr,high,4,756,,dictionary/H/H-04.md,hz-017068-herbal,sources/Hezareh_Dictionary_Index/source/Hezareh_Part_04_PDF_0751-1000.md#L808-L809,True
herbalist,herbalist,herbalist,[],hz-017069,entry_candidate,raw_ocr,high,4,756,,dictionary/H/H-04.md,hz-017069-herbalist,sources/Hezareh_Dictionary_Index/source/Hezareh_Part_04_PDF_0751-1000.md#L810-L811,True
herbicide,herbicide,herbicide,[],hz-017071,entry_candidate,raw_ocr,high,4,756,,dictionary/H/H-04.md,hz-017071-herbicide,sources/Hezareh_Dictionary_Index/source/Hezareh_Part_04_PDF_0751-1000.md#L813-L813,True
herbivore,herbivore,herbivore,[],hz-017072,entry_candidate,raw_ocr,high,4,756,,dictionary/H/H-04.md,hz-017072-herbivore,sources/Hezareh_Dictionary_Index/source/Hezareh_Part_04_PDF_0751-1000.md#L814-L815,True
herbivorous,herbivorous,herbivorous,[],hz-017073,entry_candidate,raw_ocr,high,4,756,,dictionary/H/H-04.md,hz-017073-herbivorous,sources/Hezareh_Dictionary_Index/source/Hezareh_Part_04_PDF_0751-1000.md#L816-L821,True
herculean,herculean,herculean,[],hz-017074,entry_candidate,raw_ocr,high,4,757,,dictionary/H/H-04.md,hz-017074-herculean,sources/Hezareh_Dictionary_Index/source/Hezareh_Part_04_PDF_0751-1000.md#L834-L843,True
herd,herd,herd,[],hz-017075,entry_candidate,raw_ocr,medium,4,757,,dictionary/H/H-04.md,hz-017075-herd,sources/Hezareh_Dictionary_Index/source/Hezareh_Part_04_PDF_0751-1000.md#L846-L847,True
herd instinct,herd instinct,herd instinct,[],hz-017077,entry_candidate,raw_ocr,medium,4,757,,dictionary/H/H-04.md,hz-017077-herd-instinct,sources/Hezareh_Dictionary_Index/source/Hezareh_Part_04_PDF_0751-1000.md#L846-L847,True
herdsman,herdsman,herdsman,[],hz-017078,entry_candidate,raw_ocr,high,4,757,,dictionary/H/H-04.md,hz-017078-herdsman,sources/Hezareh_Dictionary_Index/source/Hezareh_Part_04_PDF_0751-1000.md#L848-L860,True
here,here,here,[],hz-017079,entry_candidate,raw_ocr,low,4,757,,dictionary/H/H-04.md,hz-017079-here,sources/Hezareh_Dictionary_Index/source/Hezareh_Part_04_PDF_0751-1000.md#L886-L889,True
hereafter,hereafter,hereafter,[],hz-017081,entry_candidate,raw_ocr,high,4,757,,dictionary/H/H-04.md,hz-017081-hereafter,sources/Hezareh_Dictionary_Index/source/Hezareh_Part_04_PDF_0751-1000.md#L890-L892,True
hereby,hereby,hereby,[],hz-017082,entry_candidate,raw_ocr,medium,4,757,,dictionary/H/H-04.md,hz-017082-hereby,sources/Hezareh_Dictionary_Index/source/Hezareh_Part_04_PDF_0751-1000.md#L893-L897,True
hereditary,hereditary,hereditary,[],hz-017083,entry_candidate,raw_ocr,high,4,757,,dictionary/H/H-04.md,hz-017083-hereditary,sources/Hezareh_Dictionary_Index/source/Hezareh_Part_04_PDF_0751-1000.md#L898-L900,True
heredity,heredity,heredity,[],hz-017084,entry_candidate,raw_ocr,medium,4,757,,dictionary/H/H-04.md,hz-017084-heredity,sources/Hezareh_Dictionary_Index/source/Hezareh_Part_04_PDF_0751-1000.md#L901-L902,True
herein,herein,herein,[],hz-017085,entry_candidate,raw_ocr,medium,4,757,,dictionary/H/H-04.md,hz-017085-herein,sources/Hezareh_Dictionary_Index/source/Hezareh_Part_04_PDF_0751-1000.md#L903-L905,True
hereof,hereof,hereof,[],hz-017086,entry_candidate,raw_ocr,hint_only,4,757,,dictionary/H/H-04.md,hz-017086-hereof,sources/Hezareh_Dictionary_Index/source/Hezareh_Part_04_PDF_0751-1000.md#L825-L825,False
heresy,heresy,heresy,[],hz-017087,entry_candidate,raw_ocr,medium,4,757,,dictionary/H/H-04.md,hz-017087-heresy,sources/Hezareh_Dictionary_Index/source/Hezareh_Part_04_PDF_0751-1000.md#L906-L909,True
heretic,heretic,heretic,[],hz-017088,entry_candidate,raw_ocr,medium,4,757,,dictionary/H/H-04.md,hz-017088-heretic,sources/Hezareh_Dictionary_Index/source/Hezareh_Part_04_PDF_0751-1000.md#L910-L912,True
heretical,heretical,heretical,[],hz-017089,entry_candidate,raw_ocr,medium,4,757,,dictionary/H/H-04.md,hz-017089-heretical,sources/Hezareh_Dictionary_Index/source/Hezareh_Part_04_PDF_0751-1000.md#L913-L915,True
hereto,hereto,hereto,[],hz-017090,entry_candidate,raw_ocr,low,4,757,,dictionary/H/H-04.md,hz-017090-hereto,sources/Hezareh_Dictionary_Index/source/Hezareh_Part_04_PDF_0751-1000.md#L916-L916,True
heretofore,heretofore,heretofore,[],hz-017091,entry_candidate,raw_ocr,medium,4,757,,dictionary/H/H-04.md,hz-017091-heretofore,sources/Hezareh_Dictionary_Index/source/Hezareh_Part_04_PDF_0751-1000.md#L917-L920,True
herewith,herewith,herewith,[],hz-017092,entry_candidate,raw_ocr,medium,4,757,,dictionary/H/H-04.md,hz-017092-herewith,sources/Hezareh_Dictionary_Index/source/Hezareh_Part_04_PDF_0751-1000.md#L921-L923,True
heritable,heritable,heritable,[],hz-017093,entry_candidate,raw_ocr,medium,4,757,,dictionary/H/H-04.md,hz-017093-heritable,sources/Hezareh_Dictionary_Index/source/Hezareh_Part_04_PDF_0751-1000.md#L924-L926,True
heritage,heritage,heritage,[],hz-017094,entry_candidate,raw_ocr,low,4,757,,dictionary/H/H-04.md,hz-017094-heritage,sources/Hezareh_Dictionary_Index/source/Hezareh_Part_04_PDF_0751-1000.md#L927-L927,True
hermaphrodite,hermaphrodite,hermaphrodite,[],hz-017095,entry_candidate,raw_ocr,medium,4,757,,dictionary/H/H-04.md,hz-017095-hermaphrodite,sources/Hezareh_Dictionary_Index/source/Hezareh_Part_04_PDF_0751-1000.md#L928-L929,True
hermetic,hermetic,hermetic,[],hz-017096,entry_candidate,raw_ocr,medium,4,757,,dictionary/H/H-04.md,hz-017096-hermetic,sources/Hezareh_Dictionary_Index/source/Hezareh_Part_04_PDF_0751-1000.md#L930-L930,True
hermetically,hermetically,hermetically,[],hz-017097,entry_candidate,raw_ocr,medium,4,757,,dictionary/H/H-04.md,hz-017097-hermetically,sources/Hezareh_Dictionary_Index/source/Hezareh_Part_04_PDF_0751-1000.md#L931-L933,True
hero,hero,hero,[],hz-017098,entry_candidate,raw_ocr,high,4,758,,dictionary/H/H-04.md,hz-017098-hero,sources/Hezareh_Dictionary_Index/source/Hezareh_Part_04_PDF_0751-1000.md#L951-L960,True
heroic couplet,heroic couplet,heroic couplet,[],hz-017101,entry_candidate,raw_ocr,high,4,758,,dictionary/H/H-04.md,hz-017101-heroic-couplet,sources/Hezareh_Dictionary_Index/source/Hezareh_Part_04_PDF_0751-1000.md#L963-L964,True
heroic verse,heroic verse,heroic verse,[],hz-017103,entry_candidate,raw_ocr,high,4,758,,dictionary/H/H-04.md,hz-017103-heroic-verse,sources/Hezareh_Dictionary_Index/source/Hezareh_Part_04_PDF_0751-1000.md#L967-L971,True
heroically,heroically,heroically,[],hz-017100,entry_candidate,raw_ocr,high,4,758,,dictionary/H/H-04.md,hz-017100-heroically,sources/Hezareh_Dictionary_Index/source/Hezareh_Part_04_PDF_0751-1000.md#L961-L962,True
heroics,heroics,heroics,[],hz-017102,entry_candidate,raw_ocr,high,4,758,,dictionary/H/H-04.md,hz-017102-heroics,sources/Hezareh_Dictionary_Index/source/Hezareh_Part_04_PDF_0751-1000.md#L965-L966,True
heroicthr'raurk,heroicthr'raurk,heroicthr'raurk,[],hz-017099,entry_candidate,raw_ocr,hint_only,4,758,,dictionary/H/H-04.md,hz-017099-heroicthr-raurk,sources/Hezareh_Dictionary_Index/source/Hezareh_Part_04_PDF_0751-1000.md#L937-L937,False
heroinet'heraum,heroinet'heraum,heroinet'heraum,[],hz-017105,entry_candidate,raw_ocr,hint_only,4,758,,dictionary/H/H-04.md,hz-017105-heroinet-heraum,sources/Hezareh_Dictionary_Index/source/Hezareh_Part_04_PDF_0751-1000.md#L937-L937,False
heroint'heraum,heroint'heraum,heroint'heraum,[],hz-017104,entry_candidate,raw_ocr,hint_only,4,758,,dictionary/H/H-04.md,hz-017104-heroint-heraum,sources/Hezareh_Dictionary_Index/source/Hezareh_Part_04_PDF_0751-1000.md#L937-L937,False
heroism,heroism,heroism,[],hz-017106,entry_candidate,raw_ocr,high,4,758,,dictionary/H/H-04.md,hz-017106-heroism,sources/Hezareh_Dictionary_Index/source/Hezareh_Part_04_PDF_0751-1000.md#L972-L973,True
heron,heron,heron,[],hz-017107,entry_candidate,raw_ocr,high,4,758,,dictionary/H/H-04.md,hz-017107-heron,sources/Hezareh_Dictionary_Index/source/Hezareh_Part_04_PDF_0751-1000.md#L974-L974,True
heronry,heronry,heronry,[],hz-017108,entry_candidate,raw_ocr,high,4,758,,dictionary/H/H-04.md,hz-017108-heronry,sources/Hezareh_Dictionary_Index/source/Hezareh_Part_04_PDF_0751-1000.md#L975-L976,True
heroworship,heroworship,heroworship,[],hz-017109,entry_candidate,raw_ocr,high,4,758,,dictionary/H/H-04.md,hz-017109-heroworship,sources/Hezareh_Dictionary_Index/source/Hezareh_Part_04_PDF_0751-1000.md#L977-L980,True
herpes zoster,herpes zoster,herpes zoster,[],hz-017110,entry_candidate,raw_ocr,high,4,758,,dictionary/H/H-04.md,hz-017110-herpes-zoster,sources/Hezareh_Dictionary_Index/source/Hezareh_Part_04_PDF_0751-1000.md#L981-L981,True
Herr,herr,herr,[],hz-017111,entry_candidate,raw_ocr,high,4,758,,dictionary/H/H-04.md,hz-017111-herr,sources/Hezareh_Dictionary_Index/source/Hezareh_Part_04_PDF_0751-1000.md#L982-L983,True
Herren,herren,herren,[],hz-017112,entry_candidate,raw_ocr,high,4,758,,dictionary/H/H-04.md,hz-017112-herren,sources/Hezareh_Dictionary_Index/source/Hezareh_Part_04_PDF_0751-1000.md#L984-L984,True
herring,herring,herring,[],hz-017113,entry_candidate,raw_ocr,high,4,758,,dictionary/H/H-04.md,hz-017113-herring,sources/Hezareh_Dictionary_Index/source/Hezareh_Part_04_PDF_0751-1000.md#L985-L987,True
herringbone,herringbone,herringbone,[],hz-017114,entry_candidate,raw_ocr,high,4,758,,dictionary/H/H-04.md,hz-017114-herringbone,sources/Hezareh_Dictionary_Index/source/Hezareh_Part_04_PDF_0751-1000.md#L988-L1011,True
hertz,hertz,hertz,[],hz-017115,entry_candidate,raw_ocr,high,4,758,,dictionary/H/H-04.md,hz-017115-hertz,sources/Hezareh_Dictionary_Index/source/Hezareh_Part_04_PDF_0751-1000.md#L1012-L1013,True
Hertzian waves,hertzian waves,hertzian waves,[],hz-017116,entry_candidate,raw_ocr,high,4,758,,dictionary/H/H-04.md,hz-017116-hertzian-waves,sources/Hezareh_Dictionary_Index/source/Hezareh_Part_04_PDF_0751-1000.md#L1014-L1017,True
hesitance,hesitance,hesitance,[],hz-017117,entry_candidate,raw_ocr,high,4,758,,dictionary/H/H-04.md,hz-017117-hesitance,sources/Hezareh_Dictionary_Index/source/Hezareh_Part_04_PDF_0751-1000.md#L1018-L1020,True
hesitancy I 'hezrtonsr,hesitancy i 'hezrtonsr,hesitancy i 'hezrtonsr,[],hz-017118,entry_candidate,raw_ocr,hint_only,4,758,,dictionary/H/H-04.md,hz-017118-hesitancy-i-hezrtonsr,sources/Hezareh_Dictionary_Index/source/Hezareh_Part_04_PDF_0751-1000.md#L937-L937,False
hesitant,hesitant,hesitant,[],hz-017119,entry_candidate,raw_ocr,high,4,758,,dictionary/H/H-04.md,hz-017119-hesitant,sources/Hezareh_Dictionary_Index/source/Hezareh_Part_04_PDF_0751-1000.md#L1021-L1021,True
hesitantly,hesitantly,hesitantly,[],hz-017120,entry_candidate,raw_ocr,high,4,758,,dictionary/H/H-04.md,hz-017120-hesitantly,sources/Hezareh_Dictionary_Index/source/Hezareh_Part_04_PDF_0751-1000.md#L1022-L1022,True
hesitate,hesitate,hesitate,[],hz-017121,entry_candidate,raw_ocr,high,4,758,,dictionary/H/H-04.md,hz-017121-hesitate,sources/Hezareh_Dictionary_Index/source/Hezareh_Part_04_PDF_0751-1000.md#L1023-L1036,True
het up,het up,het up,[],hz-017127,entry_candidate,raw_ocr,medium,4,759,,dictionary/H/H-04.md,hz-017127-het-up,sources/Hezareh_Dictionary_Index/source/Hezareh_Part_04_PDF_0751-1000.md#L1070-L1072,True
hetero-,hetero-,hetero-,[],hz-038806,entry_candidate,raw_ocr,medium,8,1962,,dictionary/H/H-04.md,hz-038806-hetero,sources/Hezareh_Dictionary_Index/source/Hezareh_Part_08_PDF_1751-1976.md#L24905-L24907,True
heterodOX,heterodox,heterodox,[],hz-017122,entry_candidate,raw_ocr,high,4,758,,dictionary/H/H-04.md,hz-017122-heterodox,sources/Hezareh_Dictionary_Index/source/Hezareh_Part_04_PDF_0751-1000.md#L1037-L1039,True
heterodoxy,heterodoxy,heterodoxy,[],hz-017123,entry_candidate,raw_ocr,high,4,758,,dictionary/H/H-04.md,hz-017123-heterodoxy,sources/Hezareh_Dictionary_Index/source/Hezareh_Part_04_PDF_0751-1000.md#L1040-L1041,True
heterogeneity,heterogeneity,heterogeneity,[],hz-017124,entry_candidate,raw_ocr,high,4,758,,dictionary/H/H-04.md,hz-017124-heterogeneity,sources/Hezareh_Dictionary_Index/source/Hezareh_Part_04_PDF_0751-1000.md#L1042-L1047,True
heterosexual,heterosexual,heterosexual,[],hz-017125,entry_candidate,raw_ocr,low,4,759,,dictionary/H/H-04.md,hz-017125-heterosexual,sources/Hezareh_Dictionary_Index/source/Hezareh_Part_04_PDF_0751-1000.md#L1065-L1066,True
heterosexuality,heterosexuality,heterosexuality,[],hz-017126,entry_candidate,raw_ocr,high,4,759,,dictionary/H/H-04.md,hz-017126-heterosexuality,sources/Hezareh_Dictionary_Index/source/Hezareh_Part_04_PDF_0751-1000.md#L1067-L1069,True
heuristic,heuristic,heuristic,[],hz-017128,entry_candidate,raw_ocr,medium,4,759,,dictionary/H/H-04.md,hz-017128-heuristic,sources/Hezareh_Dictionary_Index/source/Hezareh_Part_04_PDF_0751-1000.md#L1073-L1074,True
heuristiCS,heuristics,heuristics,[],hz-017129,entry_candidate,raw_ocr,medium,4,759,,dictionary/H/H-04.md,hz-017129-heuristics,sources/Hezareh_Dictionary_Index/source/Hezareh_Part_04_PDF_0751-1000.md#L1075-L1076,True
hew,hew,hew,[],hz-017130,entry_candidate,raw_ocr,high,4,759,,dictionary/H/H-04.md,hz-017130-hew,sources/Hezareh_Dictionary_Index/source/Hezareh_Part_04_PDF_0751-1000.md#L1077-L1088,True
hewer,hewer,hewer,[],hz-017131,entry_candidate,raw_ocr,medium,4,759,,dictionary/H/H-04.md,hz-017131-hewer,sources/Hezareh_Dictionary_Index/source/Hezareh_Part_04_PDF_0751-1000.md#L1089-L1091,True
hewn,hewn,hewn,[],hz-017132,entry_candidate,raw_ocr,high,4,759,,dictionary/H/H-04.md,hz-017132-hewn,sources/Hezareh_Dictionary_Index/source/Hezareh_Part_04_PDF_0751-1000.md#L1092-L1092,True
hexagon,hexagon,hexagon,[],hz-017133,entry_candidate,raw_ocr,high,4,759,,dictionary/H/H-04.md,hz-017133-hexagon,sources/Hezareh_Dictionary_Index/source/Hezareh_Part_04_PDF_0751-1000.md#L1093-L1094,True
hexagonal,hexagonal,hexagonal,[],hz-017134,entry_candidate,raw_ocr,medium,4,759,,dictionary/H/H-04.md,hz-017134-hexagonal,sources/Hezareh_Dictionary_Index/source/Hezareh_Part_04_PDF_0751-1000.md#L1095-L1095,True
hexameter,hexameter,hexameter,[],hz-017135,entry_candidate,raw_ocr,medium,4,759,,dictionary/H/H-04.md,hz-017135-hexameter,sources/Hezareh_Dictionary_Index/source/Hezareh_Part_04_PDF_0751-1000.md#L1096-L1097,True
hey,hey,hey,[],hz-017136,entry_candidate,raw_ocr,medium,4,759,,dictionary/H/H-04.md,hz-017136-hey,sources/Hezareh_Dictionary_Index/source/Hezareh_Part_04_PDF_0751-1000.md#L1098-L1103,True
heyday,heyday,heyday,[],hz-017137,entry_candidate,raw_ocr,low,4,759,,dictionary/H/H-04.md,hz-017137-heyday,sources/Hezareh_Dictionary_Index/source/Hezareh_Part_04_PDF_0751-1000.md#L1104-L1105,True
HF,hf,hf,[],hz-017138,entry_candidate,raw_ocr,low,4,759,,dictionary/H/H-04.md,hz-017138-hf,sources/Hezareh_Dictionary_Index/source/Hezareh_Part_04_PDF_0751-1000.md#L1106-L1110,True
HG,hg,hg,[],hz-017139,entry_candidate,raw_ocr,high,4,759,,dictionary/H/H-04.md,hz-017139-hg,sources/Hezareh_Dictionary_Index/source/Hezareh_Part_04_PDF_0751-1000.md#L1111-L1112,True
HGV,hgv,hgv,[],hz-017140,entry_candidate,raw_ocr,high,4,759,,dictionary/H/H-04.md,hz-017140-hgv,sources/Hezareh_Dictionary_Index/source/Hezareh_Part_04_PDF_0751-1000.md#L1113-L1118,True
HH,hh,hh,[],hz-017141,entry_candidate,raw_ocr,high,4,759,,dictionary/H/H-04.md,hz-017141-hh,sources/Hezareh_Dictionary_Index/source/Hezareh_Part_04_PDF_0751-1000.md#L1119-L1120,True
hi,hi,hi,[],hz-017142,entry_candidate,raw_ocr,high,4,759,,dictionary/H/H-04.md,hz-017142-hi,sources/Hezareh_Dictionary_Index/source/Hezareh_Part_04_PDF_0751-1000.md#L1121-L1123,True
hi-fi,hi-fi,hi-fi,[],hz-017166,entry_candidate,raw_ocr,hint_only,4,760,,dictionary/H/H-04.md,hz-017166-hi-fi,sources/Hezareh_Dictionary_Index/source/Hezareh_Part_04_PDF_0751-1000.md#L1162-L1162,False
hi-tech,hi-tech,hi-tech,[],hz-017326,entry_candidate,raw_ocr,high,4,767,,dictionary/H/H-04.md,hz-017326-hi-tech,sources/Hezareh_Dictionary_Index/source/Hezareh_Part_04_PDF_0751-1000.md#L2028-L2029,True
hiatus,hiatus,hiatus,[],hz-017143,entry_candidate,raw_ocr,high,4,759,,dictionary/H/H-04.md,hz-017143-hiatus,sources/Hezareh_Dictionary_Index/source/Hezareh_Part_04_PDF_0751-1000.md#L1124-L1128,True
hibernate,hibernate,hibernate,[],hz-017144,entry_candidate,raw_ocr,hint_only,4,759,,dictionary/H/H-04.md,hz-017144-hibernate,sources/Hezareh_Dictionary_Index/source/Hezareh_Part_04_PDF_0751-1000.md#L1051-L1051,False
hibernation,hibernation,hibernation,[],hz-017145,entry_candidate,raw_ocr,high,4,759,,dictionary/H/H-04.md,hz-017145-hibernation,sources/Hezareh_Dictionary_Index/source/Hezareh_Part_04_PDF_0751-1000.md#L1129-L1130,True
hibiscus,hibiscus,hibiscus,[],hz-017146,entry_candidate,raw_ocr,high,4,759,,dictionary/H/H-04.md,hz-017146-hibiscus,sources/Hezareh_Dictionary_Index/source/Hezareh_Part_04_PDF_0751-1000.md#L1131-L1132,True
hiccough,hiccough,hiccough,[],hz-017147,entry_candidate,raw_ocr,high,4,759,,dictionary/H/H-04.md,hz-017147-hiccough,sources/Hezareh_Dictionary_Index/source/Hezareh_Part_04_PDF_0751-1000.md#L1133-L1137,True
hiccupttukAp,hiccupttukap,hiccupttukap,[],hz-017148,entry_candidate,raw_ocr,hint_only,4,759,,dictionary/H/H-04.md,hz-017148-hiccupttukap,sources/Hezareh_Dictionary_Index/source/Hezareh_Part_04_PDF_0751-1000.md#L1051-L1051,False
hick,hick,hick,[],hz-017149,entry_candidate,raw_ocr,high,4,759,,dictionary/H/H-04.md,hz-017149-hick,sources/Hezareh_Dictionary_Index/source/Hezareh_Part_04_PDF_0751-1000.md#L1138-L1142,True
hickory,hickory,hickory,[],hz-017150,entry_candidate,raw_ocr,hint_only,4,759,,dictionary/H/H-04.md,hz-017150-hickory,sources/Hezareh_Dictionary_Index/source/Hezareh_Part_04_PDF_0751-1000.md#L1051-L1051,False
hid,hid,hid,[],hz-017151,entry_candidate,raw_ocr,medium,4,759,,dictionary/H/H-04.md,hz-017151-hid,sources/Hezareh_Dictionary_Index/source/Hezareh_Part_04_PDF_0751-1000.md#L1143-L1143,True
hidden,hidden,hidden,[],hz-017152,entry_candidate,raw_ocr,high,4,759,,dictionary/H/H-04.md,hz-017152-hidden,sources/Hezareh_Dictionary_Index/source/Hezareh_Part_04_PDF_0751-1000.md#L1144-L1146,True
hidden agenda,hidden agenda,hidden agenda,[],hz-017153,entry_candidate,raw_ocr,high,4,759,,dictionary/H/H-04.md,hz-017153-hidden-agenda,sources/Hezareh_Dictionary_Index/source/Hezareh_Part_04_PDF_0751-1000.md#L1147-L1148,True
hide,hide,hide,[],hz-017154,entry_candidate,raw_ocr,high,4,759,,dictionary/H/H-04.md,hz-017154-hide,sources/Hezareh_Dictionary_Index/source/Hezareh_Part_04_PDF_0751-1000.md#L1149-L1158,True
hide-out,hide-out,hide-out,[],hz-017160,entry_candidate,raw_ocr,medium,4,760,,dictionary/H/H-04.md,hz-017160-hide-out,sources/Hezareh_Dictionary_Index/source/Hezareh_Part_04_PDF_0751-1000.md#L1194-L1207,True
hideaway,hideaway,hideaway,[],hz-017156,entry_candidate,raw_ocr,low,4,760,,dictionary/H/H-04.md,hz-017156-hideaway,sources/Hezareh_Dictionary_Index/source/Hezareh_Part_04_PDF_0751-1000.md#L1183-L1183,True
hidebound,hidebound,hidebound,[],hz-017157,entry_candidate,raw_ocr,low,4,760,,dictionary/H/H-04.md,hz-017157-hidebound,sources/Hezareh_Dictionary_Index/source/Hezareh_Part_04_PDF_0751-1000.md#L1184-L1187,True
hideoUS,hideous,hideous,[],hz-017158,entry_candidate,raw_ocr,low,4,760,,dictionary/H/H-04.md,hz-017158-hideous,sources/Hezareh_Dictionary_Index/source/Hezareh_Part_04_PDF_0751-1000.md#L1188-L1191,True
hideously,hideously,hideously,[],hz-017159,entry_candidate,raw_ocr,medium,4,760,,dictionary/H/H-04.md,hz-017159-hideously,sources/Hezareh_Dictionary_Index/source/Hezareh_Part_04_PDF_0751-1000.md#L1192-L1193,True
hiding-place,hiding-place,hiding-place,[],hz-017161,entry_candidate,raw_ocr,high,4,760,,dictionary/H/H-04.md,hz-017161-hiding-place,sources/Hezareh_Dictionary_Index/source/Hezareh_Part_04_PDF_0751-1000.md#L1208-L1208,True
hie,hie,hie,[],hz-017162,entry_candidate,raw_ocr,medium,4,760,,dictionary/H/H-04.md,hz-017162-hie,sources/Hezareh_Dictionary_Index/source/Hezareh_Part_04_PDF_0751-1000.md#L1209-L1214,True
hierarchy,hierarchy,hierarchy,[],hz-017163,entry_candidate,raw_ocr,high,4,760,,dictionary/H/H-04.md,hz-017163-hierarchy,sources/Hezareh_Dictionary_Index/source/Hezareh_Part_04_PDF_0751-1000.md#L1215-L1226,True
hieroglyph,hieroglyph,hieroglyph,[],hz-017164,entry_candidate,raw_ocr,medium,4,760,,dictionary/H/H-04.md,hz-017164-hieroglyph,sources/Hezareh_Dictionary_Index/source/Hezareh_Part_04_PDF_0751-1000.md#L1227-L1228,True
hieroglyphic,hieroglyphic,hieroglyphic,[],hz-017165,entry_candidate,raw_ocr,high,4,760,,dictionary/H/H-04.md,hz-017165-hieroglyphic,sources/Hezareh_Dictionary_Index/source/Hezareh_Part_04_PDF_0751-1000.md#L1229-L1237,True
higgledy-piggledy,higgledy-piggledy,higgledy-piggledy,[],hz-017167,entry_candidate,raw_ocr,high,4,760,,dictionary/H/H-04.md,hz-017167-higgledy-piggledy,sources/Hezareh_Dictionary_Index/source/Hezareh_Part_04_PDF_0751-1000.md#L1238-L1277,True
high,high,high,[],hz-017172,entry_candidate,raw_ocr,high,4,761,,dictionary/H/H-04.md,hz-017172-high,sources/Hezareh_Dictionary_Index/source/Hezareh_Part_04_PDF_0751-1000.md#L1343-L1372,True
High Church,high church,high church,[],hz-017178,entry_candidate,raw_ocr,hint_only,4,761,,dictionary/H/H-04.md,hz-017178-high-church,sources/Hezareh_Dictionary_Index/source/Hezareh_Part_04_PDF_0751-1000.md#L1281-L1281,False
High Churchman,high churchman,high churchman,[],hz-017179,entry_candidate,raw_ocr,medium,4,761,,dictionary/H/H-04.md,hz-017179-high-churchman,sources/Hezareh_Dictionary_Index/source/Hezareh_Part_04_PDF_0751-1000.md#L1391-L1394,True
high colour,high colour,high colour,[],hz-017180,entry_candidate,raw_ocr,high,4,761,,dictionary/H/H-04.md,hz-017180-high-colour,sources/Hezareh_Dictionary_Index/source/Hezareh_Part_04_PDF_0751-1000.md#L1395-L1396,True
High Commission,high commission,high commission,[],hz-017181,entry_candidate,raw_ocr,high,4,761,,dictionary/H/H-04.md,hz-017181-high-commission,sources/Hezareh_Dictionary_Index/source/Hezareh_Part_04_PDF_0751-1000.md#L1397-L1398,True
High Commissioner,high commissioner,high commissioner,[],hz-017182,entry_candidate,raw_ocr,high,4,761,,dictionary/H/H-04.md,hz-017182-high-commissioner,sources/Hezareh_Dictionary_Index/source/Hezareh_Part_04_PDF_0751-1000.md#L1399-L1402,True
High Court,high court,high court,[],hz-017183,entry_candidate,raw_ocr,high,4,761,,dictionary/H/H-04.md,hz-017183-high-court,sources/Hezareh_Dictionary_Index/source/Hezareh_Part_04_PDF_0751-1000.md#L1403-L1406,True
High Court of Justice,high court of justice,high court of justice,[],hz-017184,entry_candidate,raw_ocr,high,4,761,,dictionary/H/H-04.md,hz-017184-high-court-of-justice,sources/Hezareh_Dictionary_Index/source/Hezareh_Part_04_PDF_0751-1000.md#L1403-L1406,True
high day,high day,high day,[],hz-017185,entry_candidate,raw_ocr,high,4,761,,dictionary/H/H-04.md,hz-017185-high-day,sources/Hezareh_Dictionary_Index/source/Hezareh_Part_04_PDF_0751-1000.md#L1407-L1410,True
high explosive,high explosive,high explosive,[],hz-017191,entry_candidate,raw_ocr,high,4,762,,dictionary/H/H-04.md,hz-017191-high-explosive,sources/Hezareh_Dictionary_Index/source/Hezareh_Part_04_PDF_0751-1000.md#L1435-L1436,True
High German,high german,high german,[],hz-017199,entry_candidate,raw_ocr,high,4,762,,dictionary/H/H-04.md,hz-017199-high-german,sources/Hezareh_Dictionary_Index/source/Hezareh_Part_04_PDF_0751-1000.md#L1450-L1451,True
high hat,high hat,high hat,[],hz-017203,entry_candidate,raw_ocr,high,4,762,,dictionary/H/H-04.md,hz-017203-high-hat,sources/Hezareh_Dictionary_Index/source/Hezareh_Part_04_PDF_0751-1000.md#L1455-L1458,True
high jacking,high jacking,high jacking,[],hz-017207,entry_candidate,raw_ocr,hint_only,4,762,,dictionary/H/H-04.md,hz-017207-high-jacking,sources/Hezareh_Dictionary_Index/source/Hezareh_Part_04_PDF_0751-1000.md#L1414-L1414,False
high jinks,high jinks,high jinks,[],hz-017208,entry_candidate,raw_ocr,high,4,762,,dictionary/H/H-04.md,hz-017208-high-jinks,sources/Hezareh_Dictionary_Index/source/Hezareh_Part_04_PDF_0751-1000.md#L1463-L1463,True
high jump,high jump,high jump,[],hz-017209,entry_candidate,raw_ocr,high,4,762,,dictionary/H/H-04.md,hz-017209-high-jump,sources/Hezareh_Dictionary_Index/source/Hezareh_Part_04_PDF_0751-1000.md#L1464-L1483,True
high life,high life,high life,[],hz-017217,entry_candidate,raw_ocr,high,4,762,,dictionary/H/H-04.md,hz-017217-high-life,sources/Hezareh_Dictionary_Index/source/Hezareh_Part_04_PDF_0751-1000.md#L1489-L1490,True
high living,high living,high living,[],hz-017220,entry_candidate,raw_ocr,high,4,762,,dictionary/H/H-04.md,hz-017220-high-living,sources/Hezareh_Dictionary_Index/source/Hezareh_Part_04_PDF_0751-1000.md#L1499-L1500,True
High Mass,high mass,high mass,[],hz-017223,entry_candidate,raw_ocr,high,4,762,,dictionary/H/H-04.md,hz-017223-high-mass,sources/Hezareh_Dictionary_Index/source/Hezareh_Part_04_PDF_0751-1000.md#L1514-L1524,True
high point,high point,high point,[],hz-017231,entry_candidate,raw_ocr,hint_only,4,763,,dictionary/H/H-04.md,hz-017231-high-point,sources/Hezareh_Dictionary_Index/source/Hezareh_Part_04_PDF_0751-1000.md#L1528-L1528,False
high priest,high priest,high priest,[],hz-017235,entry_candidate,raw_ocr,medium,4,763,,dictionary/H/H-04.md,hz-017235-high-priest,sources/Hezareh_Dictionary_Index/source/Hezareh_Part_04_PDF_0751-1000.md#L1557-L1558,True
high priesteSS,high priestess,high priestess,[],hz-017236,entry_candidate,raw_ocr,medium,4,763,,dictionary/H/H-04.md,hz-017236-high-priestess,sources/Hezareh_Dictionary_Index/source/Hezareh_Part_04_PDF_0751-1000.md#L1559-L1559,True
high relief,high relief,high relief,[],hz-017238,entry_candidate,raw_ocr,medium,4,763,,dictionary/H/H-04.md,hz-017238-high-relief,sources/Hezareh_Dictionary_Index/source/Hezareh_Part_04_PDF_0751-1000.md#L1563-L1563,True
high school,high school,high school,[],hz-017241,entry_candidate,raw_ocr,medium,4,763,,dictionary/H/H-04.md,hz-017241-high-school,sources/Hezareh_Dictionary_Index/source/Hezareh_Part_04_PDF_0751-1000.md#L1568-L1573,True
high spot,high spot,high spot,[],hz-017245,entry_candidate,raw_ocr,medium,4,763,,dictionary/H/H-04.md,hz-017245-high-spot,sources/Hezareh_Dictionary_Index/source/Hezareh_Part_04_PDF_0751-1000.md#L1581-L1582,True
high street,high street,high street,[],hz-017246,entry_candidate,raw_ocr,medium,4,763,,dictionary/H/H-04.md,hz-017246-high-street,sources/Hezareh_Dictionary_Index/source/Hezareh_Part_04_PDF_0751-1000.md#L1583-L1587,True
high table,high table,high table,[],hz-017248,entry_candidate,raw_ocr,high,4,763,,dictionary/H/H-04.md,hz-017248-high-table,sources/Hezareh_Dictionary_Index/source/Hezareh_Part_04_PDF_0751-1000.md#L1589-L1592,True
high technology,high technology,high technology,[],hz-017250,entry_candidate,raw_ocr,high,4,763,,dictionary/H/H-04.md,hz-017250-high-technology,sources/Hezareh_Dictionary_Index/source/Hezareh_Part_04_PDF_0751-1000.md#L1595-L1596,True
high tide,high tide,high tide,[],hz-017252,entry_candidate,raw_ocr,high,4,763,,dictionary/H/H-04.md,hz-017252-high-tide,sources/Hezareh_Dictionary_Index/source/Hezareh_Part_04_PDF_0751-1000.md#L1598-L1598,True
high treason,high treason,high treason,[],hz-017254,entry_candidate,raw_ocr,hint_only,4,763,,dictionary/H/H-04.md,hz-017254-high-treason,sources/Hezareh_Dictionary_Index/source/Hezareh_Part_04_PDF_0751-1000.md#L1528-L1528,False
high water,high water,high water,[],hz-017256,entry_candidate,raw_ocr,high,4,763,,dictionary/H/H-04.md,hz-017256-high-water,sources/Hezareh_Dictionary_Index/source/Hezareh_Part_04_PDF_0751-1000.md#L1605-L1605,True
high wire,high wire,high wire,[],hz-017261,entry_candidate,raw_ocr,high,4,763,,dictionary/H/H-04.md,hz-017261-high-wire,sources/Hezareh_Dictionary_Index/source/Hezareh_Part_04_PDF_0751-1000.md#L1616-L1616,True
high-born,high-born,high-born,[],hz-017175,entry_candidate,raw_ocr,medium,4,761,,dictionary/H/H-04.md,hz-017175-high-born,sources/Hezareh_Dictionary_Index/source/Hezareh_Part_04_PDF_0751-1000.md#L1377-L1380,True
high-fidelity,high-fidelity,high-fidelity,[],hz-017193,entry_candidate,raw_ocr,high,4,762,,dictionary/H/H-04.md,hz-017193-high-fidelity,sources/Hezareh_Dictionary_Index/source/Hezareh_Part_04_PDF_0751-1000.md#L1439-L1441,True
high-flier,high-flier,high-flier,[],hz-017194,entry_candidate,raw_ocr,high,4,762,,dictionary/H/H-04.md,hz-017194-high-flier,sources/Hezareh_Dictionary_Index/source/Hezareh_Part_04_PDF_0751-1000.md#L1442-L1443,True
high-flown,high-flown,high-flown,[],hz-017195,entry_candidate,raw_ocr,high,4,762,,dictionary/H/H-04.md,hz-017195-high-flown,sources/Hezareh_Dictionary_Index/source/Hezareh_Part_04_PDF_0751-1000.md#L1444-L1445,True
high-flyer,high-flyer,high-flyer,[],hz-017196,entry_candidate,raw_ocr,high,4,762,,dictionary/H/H-04.md,hz-017196-high-flyer,sources/Hezareh_Dictionary_Index/source/Hezareh_Part_04_PDF_0751-1000.md#L1446-L1446,True
high-flying,high-flying,high-flying,[],hz-017197,entry_candidate,raw_ocr,high,4,762,,dictionary/H/H-04.md,hz-017197-high-flying,sources/Hezareh_Dictionary_Index/source/Hezareh_Part_04_PDF_0751-1000.md#L1447-L1447,True
high-frequency,high-frequency,high-frequency,[],hz-017198,entry_candidate,raw_ocr,high,4,762,,dictionary/H/H-05.md,hz-017198-high-frequency,sources/Hezareh_Dictionary_Index/source/Hezareh_Part_04_PDF_0751-1000.md#L1448-L1449,True
high-grade,high-grade,high-grade,[],hz-017200,entry_candidate,raw_ocr,high,4,762,,dictionary/H/H-05.md,hz-017200-high-grade,sources/Hezareh_Dictionary_Index/source/Hezareh_Part_04_PDF_0751-1000.md#L1452-L1452,True
high-handed,high-handed,high-handed,[],hz-017201,entry_candidate,raw_ocr,high,4,762,,dictionary/H/H-05.md,hz-017201-high-handed,sources/Hezareh_Dictionary_Index/source/Hezareh_Part_04_PDF_0751-1000.md#L1453-L1453,True
high-handedly,high-handedly,high-handedly,[],hz-017202,entry_candidate,raw_ocr,high,4,762,,dictionary/H/H-05.md,hz-017202-high-handedly,sources/Hezareh_Dictionary_Index/source/Hezareh_Part_04_PDF_0751-1000.md#L1454-L1454,True
high-heeled,high-heeled,high-heeled,[],hz-017204,entry_candidate,raw_ocr,high,4,762,,dictionary/H/H-05.md,hz-017204-high-heeled,sources/Hezareh_Dictionary_Index/source/Hezareh_Part_04_PDF_0751-1000.md#L1459-L1459,True
high-keyed,high-keyed,high-keyed,[],hz-017210,entry_candidate,raw_ocr,hint_only,4,762,,dictionary/H/H-05.md,hz-017210-high-keyed,sources/Hezareh_Dictionary_Index/source/Hezareh_Part_04_PDF_0751-1000.md#L1414-L1414,False
high-level,high-level,high-level,[],hz-017216,entry_candidate,raw_ocr,high,4,762,,dictionary/H/H-05.md,hz-017216-high-level,sources/Hezareh_Dictionary_Index/source/Hezareh_Part_04_PDF_0751-1000.md#L1487-L1488,True
high-necked,high-necked,high-necked,[],hz-017227,entry_candidate,raw_ocr,medium,4,763,,dictionary/H/H-05.md,hz-017227-high-necked,sources/Hezareh_Dictionary_Index/source/Hezareh_Part_04_PDF_0751-1000.md#L1540-L1540,True
high-octane,high-octane,high-octane,[],hz-017229,entry_candidate,raw_ocr,medium,4,763,,dictionary/H/H-05.md,hz-017229-high-octane,sources/Hezareh_Dictionary_Index/source/Hezareh_Part_04_PDF_0751-1000.md#L1544-L1544,True
high-pitched,high-pitched,high-pitched,[],hz-017230,entry_candidate,raw_ocr,medium,4,763,,dictionary/H/H-05.md,hz-017230-high-pitched,sources/Hezareh_Dictionary_Index/source/Hezareh_Part_04_PDF_0751-1000.md#L1545-L1548,True
high-powered,high-powered,high-powered,[],hz-017232,entry_candidate,raw_ocr,medium,4,763,,dictionary/H/H-05.md,hz-017232-high-powered,sources/Hezareh_Dictionary_Index/source/Hezareh_Part_04_PDF_0751-1000.md#L1549-L1553,True
high-pressure area,high-pressure area,high-pressure area,[],hz-017233,entry_candidate,raw_ocr,high,4,763,,dictionary/H/H-05.md,hz-017233-high-pressure-area,sources/Hezareh_Dictionary_Index/source/Hezareh_Part_04_PDF_0751-1000.md#L1554-L1555,True
high-priced,high-priced,high-priced,[],hz-017234,entry_candidate,raw_ocr,medium,4,763,,dictionary/H/H-05.md,hz-017234-high-priced,sources/Hezareh_Dictionary_Index/source/Hezareh_Part_04_PDF_0751-1000.md#L1556-L1556,True
high-principled,high-principled,high-principled,[],hz-017237,entry_candidate,raw_ocr,medium,4,763,,dictionary/H/H-05.md,hz-017237-high-principled,sources/Hezareh_Dictionary_Index/source/Hezareh_Part_04_PDF_0751-1000.md#L1560-L1562,True
high-rise,high-rise,high-rise,[],hz-017239,entry_candidate,raw_ocr,medium,4,763,,dictionary/H/H-05.md,hz-017239-high-rise,sources/Hezareh_Dictionary_Index/source/Hezareh_Part_04_PDF_0751-1000.md#L1564-L1567,True
high-rnindedly,high-rnindedly,high-rnindedly,[],hz-017225,entry_candidate,raw_ocr,hint_only,4,762,,dictionary/H/H-05.md,hz-017225-high-rnindedly,sources/Hezareh_Dictionary_Index/source/Hezareh_Part_04_PDF_0751-1000.md#L1414-L1414,False
high-sounding,high-sounding,high-sounding,[],hz-017242,entry_candidate,raw_ocr,medium,4,763,,dictionary/H/H-05.md,hz-017242-high-sounding,sources/Hezareh_Dictionary_Index/source/Hezareh_Part_04_PDF_0751-1000.md#L1574-L1575,True
high-speed,high-speed,high-speed,[],hz-017243,entry_candidate,raw_ocr,medium,4,763,,dictionary/H/H-05.md,hz-017243-high-speed,sources/Hezareh_Dictionary_Index/source/Hezareh_Part_04_PDF_0751-1000.md#L1576-L1577,True
high-spirited,high-spirited,high-spirited,[],hz-017244,entry_candidate,raw_ocr,medium,4,763,,dictionary/H/H-05.md,hz-017244-high-spirited,sources/Hezareh_Dictionary_Index/source/Hezareh_Part_04_PDF_0751-1000.md#L1578-L1580,True
high-strung,high-strung,high-strung,[],hz-017247,entry_candidate,raw_ocr,high,4,763,,dictionary/H/H-05.md,hz-017247-high-strung,sources/Hezareh_Dictionary_Index/source/Hezareh_Part_04_PDF_0751-1000.md#L1588-L1588,True
high-tech,high-tech,high-tech,[],hz-017249,entry_candidate,raw_ocr,high,4,763,,dictionary/H/H-05.md,hz-017249-high-tech,sources/Hezareh_Dictionary_Index/source/Hezareh_Part_04_PDF_0751-1000.md#L1593-L1594,True
high-tension,high-tension,high-tension,[],hz-017251,entry_candidate,raw_ocr,high,4,763,,dictionary/H/H-05.md,hz-017251-high-tension,sources/Hezareh_Dictionary_Index/source/Hezareh_Part_04_PDF_0751-1000.md#L1597-L1597,True
high-toned,high-toned,high-toned,[],hz-017253,entry_candidate,raw_ocr,high,4,763,,dictionary/H/H-05.md,hz-017253-high-toned,sources/Hezareh_Dictionary_Index/source/Hezareh_Part_04_PDF_0751-1000.md#L1599-L1604,True
high-upt'har Ap,high-upt'har ap,high-upt'har ap,[],hz-017255,entry_candidate,raw_ocr,hint_only,4,763,,dictionary/H/H-05.md,hz-017255-high-upt-har-ap,sources/Hezareh_Dictionary_Index/source/Hezareh_Part_04_PDF_0751-1000.md#L1528-L1528,False
high-water mark,high-water mark,high-water mark,[],hz-017257,entry_candidate,raw_ocr,high,4,763,,dictionary/H/H-05.md,hz-017257-high-water-mark,sources/Hezareh_Dictionary_Index/source/Hezareh_Part_04_PDF_0751-1000.md#L1606-L1610,True
highball,highball,highball,[],hz-017174,entry_candidate,raw_ocr,medium,4,761,,dictionary/H/H-05.md,hz-017174-highball,sources/Hezareh_Dictionary_Index/source/Hezareh_Part_04_PDF_0751-1000.md#L1373-L1376,True
highboy,highboy,highboy,[],hz-017176,entry_candidate,raw_ocr,high,4,761,,dictionary/H/H-05.md,hz-017176-highboy,sources/Hezareh_Dictionary_Index/source/Hezareh_Part_04_PDF_0751-1000.md#L1381-L1383,True
highbrow,highbrow,highbrow,[],hz-017177,entry_candidate,raw_ocr,low,4,761,,dictionary/H/H-05.md,hz-017177-highbrow,sources/Hezareh_Dictionary_Index/source/Hezareh_Part_04_PDF_0751-1000.md#L1384-L1390,True
higher,higher,higher,[],hz-017186,entry_candidate,raw_ocr,high,4,762,,dictionary/H/H-05.md,hz-017186-higher,sources/Hezareh_Dictionary_Index/source/Hezareh_Part_04_PDF_0751-1000.md#L1430-L1431,True
higher animals,higher animals,higher animals,[],hz-017187,entry_candidate,raw_ocr,high,4,762,,dictionary/H/H-05.md,hz-017187-higher-animals,sources/Hezareh_Dictionary_Index/source/Hezareh_Part_04_PDF_0751-1000.md#L1428-L1429,True
higher education,higher education,higher education,[],hz-017188,entry_candidate,raw_ocr,high,4,762,,dictionary/H/H-05.md,hz-017188-higher-education,sources/Hezareh_Dictionary_Index/source/Hezareh_Part_04_PDF_0751-1000.md#L1430-L1431,True
higher education I advanced teaching,higher education i advanced teaching,higher education i advanced teaching,[],hz-017169,entry_candidate,raw_ocr,hint_only,4,761,,dictionary/H/H-05.md,hz-017169-higher-education-i-advanced-teaching,sources/Hezareh_Dictionary_Index/source/Hezareh_Part_04_PDF_0751-1000.md#L1281-L1281,False
higher plants,higher plants,higher plants,[],hz-017189,entry_candidate,raw_ocr,high,4,762,,dictionary/H/H-05.md,hz-017189-higher-plants,sources/Hezareh_Dictionary_Index/source/Hezareh_Part_04_PDF_0751-1000.md#L1432-L1433,True
higher-ups,higher-ups,higher-ups,[],hz-017190,entry_candidate,raw_ocr,high,4,762,,dictionary/H/H-05.md,hz-017190-higher-ups,sources/Hezareh_Dictionary_Index/source/Hezareh_Part_04_PDF_0751-1000.md#L1434-L1434,True
highfalutin,highfalutin,highfalutin,[],hz-017192,entry_candidate,raw_ocr,high,4,762,,dictionary/H/H-05.md,hz-017192-highfalutin,sources/Hezareh_Dictionary_Index/source/Hezareh_Part_04_PDF_0751-1000.md#L1437-L1438,True
highjack,highjack,highjack,[],hz-017205,entry_candidate,raw_ocr,high,4,762,,dictionary/H/H-05.md,hz-017205-highjack,sources/Hezareh_Dictionary_Index/source/Hezareh_Part_04_PDF_0751-1000.md#L1460-L1460,True
highjacker,highjacker,highjacker,[],hz-017206,entry_candidate,raw_ocr,high,4,762,,dictionary/H/H-05.md,hz-017206-highjacker,sources/Hezareh_Dictionary_Index/source/Hezareh_Part_04_PDF_0751-1000.md#L1461-L1462,True
highland,highland,highland,[],hz-017211,entry_candidate,raw_ocr,high,4,762,,dictionary/H/H-05.md,hz-017211-highland,sources/Hezareh_Dictionary_Index/source/Hezareh_Part_04_PDF_0751-1000.md#L1485-L1486,True
Highland,highland,highland,[],hz-017212,entry_candidate,raw_ocr,high,4,762,,dictionary/H/H-05.md,hz-017212-highland,sources/Hezareh_Dictionary_Index/source/Hezareh_Part_04_PDF_0751-1000.md#L1485-L1486,True
Highland fling,highland fling,highland fling,[],hz-017215,entry_candidate,raw_ocr,high,4,762,,dictionary/H/H-05.md,hz-017215-highland-fling,sources/Hezareh_Dictionary_Index/source/Hezareh_Part_04_PDF_0751-1000.md#L1485-L1486,True
Highlander,highlander,highlander,[],hz-017213,entry_candidate,raw_ocr,high,4,762,,dictionary/H/H-05.md,hz-017213-highlander,sources/Hezareh_Dictionary_Index/source/Hezareh_Part_04_PDF_0751-1000.md#L1484-L1484,True
highlander,highlander,highlander,[],hz-017214,entry_candidate,raw_ocr,high,4,762,,dictionary/H/H-05.md,hz-017214-highlander,sources/Hezareh_Dictionary_Index/source/Hezareh_Part_04_PDF_0751-1000.md#L1484-L1484,True
highlight,highlight,highlight,[],hz-017218,entry_candidate,raw_ocr,high,4,762,,dictionary/H/H-05.md,hz-017218-highlight,sources/Hezareh_Dictionary_Index/source/Hezareh_Part_04_PDF_0751-1000.md#L1491-L1497,True
highlighter,highlighter,highlighter,[],hz-017219,entry_candidate,raw_ocr,high,4,762,,dictionary/H/H-05.md,hz-017219-highlighter,sources/Hezareh_Dictionary_Index/source/Hezareh_Part_04_PDF_0751-1000.md#L1498-L1498,True
highly,highly,highly,[],hz-017221,entry_candidate,raw_ocr,high,4,762,,dictionary/H/H-05.md,hz-017221-highly,sources/Hezareh_Dictionary_Index/source/Hezareh_Part_04_PDF_0751-1000.md#L1501-L1511,True
highly-strung,highly-strung,highly-strung,[],hz-017222,entry_candidate,raw_ocr,high,4,762,,dictionary/H/H-05.md,hz-017222-highly-strung,sources/Hezareh_Dictionary_Index/source/Hezareh_Part_04_PDF_0751-1000.md#L1512-L1513,True
highnesS,highness,highness,[],hz-017228,entry_candidate,raw_ocr,medium,4,763,,dictionary/H/H-05.md,hz-017228-highness,sources/Hezareh_Dictionary_Index/source/Hezareh_Part_04_PDF_0751-1000.md#L1541-L1543,True
highroad,highroad,highroad,[],hz-017240,entry_candidate,raw_ocr,hint_only,4,763,,dictionary/H/H-05.md,hz-017240-highroad,sources/Hezareh_Dictionary_Index/source/Hezareh_Part_04_PDF_0751-1000.md#L1528-L1528,False
highway,highway,highway,[],hz-017258,entry_candidate,raw_ocr,high,4,763,,dictionary/H/H-05.md,hz-017258-highway,sources/Hezareh_Dictionary_Index/source/Hezareh_Part_04_PDF_0751-1000.md#L1611-L1613,True
Highway Code,highway code,highway code,[],hz-017259,entry_candidate,raw_ocr,high,4,763,,dictionary/H/H-05.md,hz-017259-highway-code,sources/Hezareh_Dictionary_Index/source/Hezareh_Part_04_PDF_0751-1000.md#L1611-L1613,True
highwayman,highwayman,highwayman,[],hz-017260,entry_candidate,raw_ocr,high,4,763,,dictionary/H/H-05.md,hz-017260-highwayman,sources/Hezareh_Dictionary_Index/source/Hezareh_Part_04_PDF_0751-1000.md#L1614-L1615,True
hijack,hijack,hijack,[],hz-017262,entry_candidate,raw_ocr,high,4,763,,dictionary/H/H-05.md,hz-017262-hijack,sources/Hezareh_Dictionary_Index/source/Hezareh_Part_04_PDF_0751-1000.md#L1617-L1622,True
hijacker,hijacker,hijacker,[],hz-017263,entry_candidate,raw_ocr,high,4,763,,dictionary/H/H-05.md,hz-017263-hijacker,sources/Hezareh_Dictionary_Index/source/Hezareh_Part_04_PDF_0751-1000.md#L1623-L1623,True
hijacking,hijacking,hijacking,[],hz-017264,entry_candidate,raw_ocr,high,4,763,,dictionary/H/H-05.md,hz-017264-hijacking,sources/Hezareh_Dictionary_Index/source/Hezareh_Part_04_PDF_0751-1000.md#L1624-L1628,True
hike,hike,hike,[],hz-017265,entry_candidate,raw_ocr,high,4,763,,dictionary/H/H-05.md,hz-017265-hike,sources/Hezareh_Dictionary_Index/source/Hezareh_Part_04_PDF_0751-1000.md#L1629-L1630,True
hiker,hiker,hiker,[],hz-017266,entry_candidate,raw_ocr,high,4,763,,dictionary/H/H-05.md,hz-017266-hiker,sources/Hezareh_Dictionary_Index/source/Hezareh_Part_04_PDF_0751-1000.md#L1631-L1631,True
hiking,hiking,hiking,[],hz-017267,entry_candidate,raw_ocr,high,4,763,,dictionary/H/H-05.md,hz-017267-hiking,sources/Hezareh_Dictionary_Index/source/Hezareh_Part_04_PDF_0751-1000.md#L1632-L1635,True
hilarious,hilarious,hilarious,[],hz-017268,entry_candidate,raw_ocr,high,4,764,,dictionary/H/H-05.md,hz-017268-hilarious,sources/Hezareh_Dictionary_Index/source/Hezareh_Part_04_PDF_0751-1000.md#L1649-L1650,True
hilariously,hilariously,hilariously,[],hz-017269,entry_candidate,raw_ocr,high,4,764,,dictionary/H/H-05.md,hz-017269-hilariously,sources/Hezareh_Dictionary_Index/source/Hezareh_Part_04_PDF_0751-1000.md#L1651-L1652,True
hilarity,hilarity,hilarity,[],hz-017270,entry_candidate,raw_ocr,high,4,764,,dictionary/H/H-05.md,hz-017270-hilarity,sources/Hezareh_Dictionary_Index/source/Hezareh_Part_04_PDF_0751-1000.md#L1653-L1653,True
hill,hill,hill,[],hz-017271,entry_candidate,raw_ocr,high,4,764,,dictionary/H/H-05.md,hz-017271-hill,sources/Hezareh_Dictionary_Index/source/Hezareh_Part_04_PDF_0751-1000.md#L1654-L1662,True
hill-billy,hill-billy,hill-billy,[],hz-017272,entry_candidate,raw_ocr,high,4,764,,dictionary/H/H-05.md,hz-017272-hill-billy,sources/Hezareh_Dictionary_Index/source/Hezareh_Part_04_PDF_0751-1000.md#L1663-L1666,True
hillock,hillock,hillock,[],hz-017273,entry_candidate,raw_ocr,high,4,764,,dictionary/H/H-05.md,hz-017273-hillock,sources/Hezareh_Dictionary_Index/source/Hezareh_Part_04_PDF_0751-1000.md#L1667-L1667,True
hillside,hillside,hillside,[],hz-017274,entry_candidate,raw_ocr,high,4,764,,dictionary/H/H-05.md,hz-017274-hillside,sources/Hezareh_Dictionary_Index/source/Hezareh_Part_04_PDF_0751-1000.md#L1668-L1668,True
hilltop,hilltop,hilltop,[],hz-017275,entry_candidate,raw_ocr,high,4,764,,dictionary/H/H-05.md,hz-017275-hilltop,sources/Hezareh_Dictionary_Index/source/Hezareh_Part_04_PDF_0751-1000.md#L1669-L1669,True
hilly,hilly,hilly,[],hz-017276,entry_candidate,raw_ocr,high,4,764,,dictionary/H/H-05.md,hz-017276-hilly,sources/Hezareh_Dictionary_Index/source/Hezareh_Part_04_PDF_0751-1000.md#L1670-L1672,True
hilt,hilt,hilt,[],hz-017277,entry_candidate,raw_ocr,low,4,764,,dictionary/H/H-05.md,hz-017277-hilt,sources/Hezareh_Dictionary_Index/source/Hezareh_Part_04_PDF_0751-1000.md#L1673-L1707,True
hinder',hinder',hinder',[],hz-017278,entry_candidate,raw_ocr,hint_only,4,764,,dictionary/H/H-05.md,hz-017278-hinder,sources/Hezareh_Dictionary_Index/source/Hezareh_Part_04_PDF_0751-1000.md#L1639-L1639,False
Hindi,hindi,hindi,[],hz-017279,entry_candidate,raw_ocr,medium,4,764,,dictionary/H/H-05.md,hz-017279-hindi,sources/Hezareh_Dictionary_Index/source/Hezareh_Part_04_PDF_0751-1000.md#L1708-L1710,True
hindmost,hindmost,hindmost,[],hz-017280,entry_candidate,raw_ocr,medium,4,764,,dictionary/H/H-05.md,hz-017280-hindmost,sources/Hezareh_Dictionary_Index/source/Hezareh_Part_04_PDF_0751-1000.md#L1711-L1715,True
hindquarters,hindquarters,hindquarters,[],hz-017281,entry_candidate,raw_ocr,medium,4,764,,dictionary/H/H-05.md,hz-017281-hindquarters,sources/Hezareh_Dictionary_Index/source/Hezareh_Part_04_PDF_0751-1000.md#L1716-L1716,True
hindrance,hindrance,hindrance,[],hz-017282,entry_candidate,raw_ocr,medium,4,764,,dictionary/H/H-05.md,hz-017282-hindrance,sources/Hezareh_Dictionary_Index/source/Hezareh_Part_04_PDF_0751-1000.md#L1717-L1721,True
Hindu,hindu,hindu,[],hz-017283,entry_candidate,raw_ocr,medium,4,764,,dictionary/H/H-05.md,hz-017283-hindu,sources/Hezareh_Dictionary_Index/source/Hezareh_Part_04_PDF_0751-1000.md#L1722-L1724,True
Hinduism,hinduism,hinduism,[],hz-017284,entry_candidate,raw_ocr,medium,4,764,,dictionary/H/H-05.md,hz-017284-hinduism,sources/Hezareh_Dictionary_Index/source/Hezareh_Part_04_PDF_0751-1000.md#L1725-L1726,True
Hindustan,hindustan,hindustan,[],hz-017285,entry_candidate,raw_ocr,medium,4,764,,dictionary/H/H-05.md,hz-017285-hindustan,sources/Hezareh_Dictionary_Index/source/Hezareh_Part_04_PDF_0751-1000.md#L1727-L1727,True
Hindustani,hindustani,hindustani,[],hz-017286,entry_candidate,raw_ocr,medium,4,764,,dictionary/H/H-05.md,hz-017286-hindustani,sources/Hezareh_Dictionary_Index/source/Hezareh_Part_04_PDF_0751-1000.md#L1728-L1730,True
hinge,hinge,hinge,[],hz-017287,entry_candidate,raw_ocr,high,4,764,,dictionary/H/H-05.md,hz-017287-hinge,sources/Hezareh_Dictionary_Index/source/Hezareh_Part_04_PDF_0751-1000.md#L1731-L1733,True
hinge on,hinge on,hinge on,[],hz-017288,entry_candidate,raw_ocr,medium,4,764,,dictionary/H/H-05.md,hz-017288-hinge-on,sources/Hezareh_Dictionary_Index/source/Hezareh_Part_04_PDF_0751-1000.md#L1734-L1737,True
hint,hint,hint,[],hz-017289,entry_candidate,raw_ocr,high,4,764,,dictionary/H/H-05.md,hz-017289-hint,sources/Hezareh_Dictionary_Index/source/Hezareh_Part_04_PDF_0751-1000.md#L1738-L1745,True
hinterland,hinterland,hinterland,[],hz-017291,entry_candidate,raw_ocr,high,4,764,,dictionary/H/H-05.md,hz-017291-hinterland,sources/Hezareh_Dictionary_Index/source/Hezareh_Part_04_PDF_0751-1000.md#L1756-L1763,True
hip,hip,hip,[],hz-017292,entry_candidate,raw_ocr,high,4,765,,dictionary/H/H-05.md,hz-017292-hip,sources/Hezareh_Dictionary_Index/source/Hezareh_Part_04_PDF_0751-1000.md#L1780-L1782,True
hip-bath,hip-bath,hip-bath,[],hz-017293,entry_candidate,raw_ocr,medium,4,765,,dictionary/H/H-05.md,hz-017293-hip-bath,sources/Hezareh_Dictionary_Index/source/Hezareh_Part_04_PDF_0751-1000.md#L1783-L1784,True
hip-flask,hip-flask,hip-flask,[],hz-017294,entry_candidate,raw_ocr,medium,4,765,,dictionary/H/H-05.md,hz-017294-hip-flask,sources/Hezareh_Dictionary_Index/source/Hezareh_Part_04_PDF_0751-1000.md#L1785-L1787,True
hippie,hippie,hippie,[],hz-017295,entry_candidate,raw_ocr,high,4,765,,dictionary/H/H-05.md,hz-017295-hippie,sources/Hezareh_Dictionary_Index/source/Hezareh_Part_04_PDF_0751-1000.md#L1788-L1791,True
Hippocratic oath,hippocratic oath,hippocratic oath,[],hz-017297,entry_candidate,raw_ocr,medium,4,765,,dictionary/H/H-05.md,hz-017297-hippocratic-oath,sources/Hezareh_Dictionary_Index/source/Hezareh_Part_04_PDF_0751-1000.md#L1792-L1792,True
hippodrome,hippodrome,hippodrome,[],hz-017298,entry_candidate,raw_ocr,low,4,765,,dictionary/H/H-05.md,hz-017298-hippodrome,sources/Hezareh_Dictionary_Index/source/Hezareh_Part_04_PDF_0751-1000.md#L1793-L1794,True
hippopotami,hippopotami,hippopotami,[],hz-017299,entry_candidate,raw_ocr,medium,4,765,,dictionary/H/H-05.md,hz-017299-hippopotami,sources/Hezareh_Dictionary_Index/source/Hezareh_Part_04_PDF_0751-1000.md#L1795-L1795,True
hippopotamus,hippopotamus,hippopotamus,[],hz-017300,entry_candidate,raw_ocr,high,4,765,,dictionary/H/H-05.md,hz-017300-hippopotamus,sources/Hezareh_Dictionary_Index/source/Hezareh_Part_04_PDF_0751-1000.md#L1796-L1797,True
hippy,hippy,hippy,[],hz-017301,entry_candidate,raw_ocr,high,4,765,,dictionary/H/H-05.md,hz-017301-hippy,sources/Hezareh_Dictionary_Index/source/Hezareh_Part_04_PDF_0751-1000.md#L1798-L1846,True
hire purchase,hire purchase,hire purchase,[],hz-017304,entry_candidate,raw_ocr,medium,4,765,,dictionary/H/H-05.md,hz-017304-hire-purchase,sources/Hezareh_Dictionary_Index/source/Hezareh_Part_04_PDF_0751-1000.md#L1850-L1851,True
hired hand,hired hand,hired hand,[],hz-017302,entry_candidate,raw_ocr,medium,4,765,,dictionary/H/H-05.md,hz-017302-hired-hand,sources/Hezareh_Dictionary_Index/source/Hezareh_Part_04_PDF_0751-1000.md#L1847-L1848,True
hireling,hireling,hireling,[],hz-017303,entry_candidate,raw_ocr,medium,4,765,,dictionary/H/H-05.md,hz-017303-hireling,sources/Hezareh_Dictionary_Index/source/Hezareh_Part_04_PDF_0751-1000.md#L1849-L1849,True
hirsute,hirsute,hirsute,[],hz-017305,entry_candidate,raw_ocr,medium,4,765,,dictionary/H/H-05.md,hz-017305-hirsute,sources/Hezareh_Dictionary_Index/source/Hezareh_Part_04_PDF_0751-1000.md#L1852-L1861,True
His,his,his,[],hz-015794,entry_candidate,raw_ocr,high,3,699,,dictionary/H/H-05.md,hz-015794-his,sources/Hezareh_Dictionary_Index/source/Hezareh_Part_03_PDF_0501-0750.md#L22863-L22866,True
His,his,his,[],hz-017405,entry_candidate,raw_ocr,high,4,771,,dictionary/H/H-05.md,hz-017405-his,sources/Hezareh_Dictionary_Index/source/Hezareh_Part_04_PDF_0751-1000.md#L2550-L2550,True
His,his,his,[],hz-022093,entry_candidate,raw_ocr,medium,4,989,,dictionary/H/H-05.md,hz-022093-his,sources/Hezareh_Dictionary_Index/source/Hezareh_Part_04_PDF_0751-1000.md#L27284-L27285,True
his,his,his,[],hz-038495,entry_candidate,raw_ocr,medium,8,1942,,dictionary/H/H-05.md,hz-038495-his,sources/Hezareh_Dictionary_Index/source/Hezareh_Part_08_PDF_1751-1976.md#L22570-L22571,True
His first,his first,his first,[],hz-021738,entry_candidate,raw_ocr,medium,4,973,,dictionary/H/H-05.md,hz-021738-his-first,sources/Hezareh_Dictionary_Index/source/Hezareh_Part_04_PDF_0751-1000.md#L25515-L25551,True
His luck suffered a sharp,his luck suffered a sharp,his luck suffered a sharp,[],hz-029201,entry_candidate,raw_ocr,high,6,1431,,dictionary/H/H-05.md,hz-029201-his-luck-suffered-a-sharp,sources/Hezareh_Dictionary_Index/source/Hezareh_Part_06_PDF_1251-1500.md#L20988-L21035,True
Hispanic,hispanic,hispanic,[],hz-017306,entry_candidate,raw_ocr,medium,4,765,,dictionary/H/H-05.md,hz-017306-hispanic,sources/Hezareh_Dictionary_Index/source/Hezareh_Part_04_PDF_0751-1000.md#L1862-L1870,True
histamine,histamine,histamine,[],hz-017307,entry_candidate,raw_ocr,hint_only,4,765,,dictionary/H/H-05.md,hz-017307-histamine,sources/Hezareh_Dictionary_Index/source/Hezareh_Part_04_PDF_0751-1000.md#L1767-L1767,False
historian,historian,historian,[],hz-017308,entry_candidate,raw_ocr,low,4,765,,dictionary/H/H-05.md,hz-017308-historian,sources/Hezareh_Dictionary_Index/source/Hezareh_Part_04_PDF_0751-1000.md#L1871-L1872,True
historic,historic,historic,[],hz-017309,entry_candidate,raw_ocr,medium,4,765,,dictionary/H/H-05.md,hz-017309-historic,sources/Hezareh_Dictionary_Index/source/Hezareh_Part_04_PDF_0751-1000.md#L1873-L1876,True
historic present,historic present,historic present,[],hz-017312,entry_candidate,raw_ocr,high,4,766,,dictionary/H/H-05.md,hz-017312-historic-present,sources/Hezareh_Dictionary_Index/source/Hezareh_Part_04_PDF_0751-1000.md#L1898-L1899,True
historical,historical,historical,[],hz-017310,entry_candidate,raw_ocr,high,4,766,,dictionary/H/H-05.md,hz-017310-historical,sources/Hezareh_Dictionary_Index/source/Hezareh_Part_04_PDF_0751-1000.md#L1892-L1895,True
historically,historically,historically,[],hz-017311,entry_candidate,raw_ocr,medium,4,766,,dictionary/H/H-05.md,hz-017311-historically,sources/Hezareh_Dictionary_Index/source/Hezareh_Part_04_PDF_0751-1000.md#L1896-L1897,True
history,history,history,[],hz-017313,entry_candidate,raw_ocr,medium,4,766,,dictionary/H/H-05.md,hz-017313-history,sources/Hezareh_Dictionary_Index/source/Hezareh_Part_04_PDF_0751-1000.md#L1900-L1901,True
histrionically,histrionically,histrionically,[],hz-017315,entry_candidate,raw_ocr,medium,4,766,,dictionary/H/H-05.md,hz-017315-histrionically,sources/Hezareh_Dictionary_Index/source/Hezareh_Part_04_PDF_0751-1000.md#L1913-L1914,True
histrionics,histrionics,histrionics,[],hz-017316,entry_candidate,raw_ocr,medium,4,766,,dictionary/H/H-05.md,hz-017316-histrionics,sources/Hezareh_Dictionary_Index/source/Hezareh_Part_04_PDF_0751-1000.md#L1915-L1950,True
hit,hit,hit,[],hz-016809,entry_candidate,raw_ocr,medium,3,745,,dictionary/H/H-05.md,hz-016809-hit,sources/Hezareh_Dictionary_Index/source/Hezareh_Part_03_PDF_0501-0750.md#L28145-L28146,True
hit,hit,hit,[],hz-022199,entry_candidate,raw_ocr,high,4,996,,dictionary/H/H-05.md,hz-022199-hit,sources/Hezareh_Dictionary_Index/source/Hezareh_Part_04_PDF_0751-1000.md#L28099-L28125,True
hit,hit,hit,[],hz-024251,entry_candidate,raw_ocr,medium,5,1126,,dictionary/H/H-05.md,hz-024251-hit,sources/Hezareh_Dictionary_Index/source/Hezareh_Part_05_PDF_1001-1250.md#L14678-L14689,True
hit,hit,hit,[],hz-029347,entry_candidate,raw_ocr,high,6,1438,,dictionary/H/H-05.md,hz-029347-hit,sources/Hezareh_Dictionary_Index/source/Hezareh_Part_06_PDF_1251-1500.md#L21861-L21870,True
hit,hit,hit,[],hz-031395,entry_candidate,raw_ocr,medium,7,1569,,dictionary/H/H-05.md,hz-031395-hit,sources/Hezareh_Dictionary_Index/source/Hezareh_Part_07_PDF_1501-1750.md#L8189-L8191,True
hit,hit,hit,[],hz-038578,entry_candidate,raw_ocr,high,8,1948,,dictionary/H/H-05.md,hz-038578-hit,sources/Hezareh_Dictionary_Index/source/Hezareh_Part_08_PDF_1751-1976.md#L23498-L23529,True
hit list,hit list,hit list,[],hz-017330,entry_candidate,raw_ocr,hint_only,4,767,,dictionary/H/H-05.md,hz-017330-hit-list,sources/Hezareh_Dictionary_Index/source/Hezareh_Part_04_PDF_0751-1000.md#L1994-L1994,False
hit man,hit man,hit man,[],hz-017331,entry_candidate,raw_ocr,medium,4,767,,dictionary/H/H-05.md,hz-017331-hit-man,sources/Hezareh_Dictionary_Index/source/Hezareh_Part_04_PDF_0751-1000.md#L2035-L2036,True
hit on,hit on,hit on,[],hz-017319,entry_candidate,raw_ocr,high,4,766,,dictionary/H/H-05.md,hz-017319-hit-on,sources/Hezareh_Dictionary_Index/source/Hezareh_Part_04_PDF_0751-1000.md#L1977-L1990,True
hit or miss,hit or miss,hit or miss,[],hz-017332,entry_candidate,raw_ocr,hint_only,4,767,,dictionary/H/H-05.md,hz-017332-hit-or-miss,sources/Hezareh_Dictionary_Index/source/Hezareh_Part_04_PDF_0751-1000.md#L1994-L1994,False
hit parade,hit parade,hit parade,[],hz-017333,entry_candidate,raw_ocr,medium,4,767,,dictionary/H/H-05.md,hz-017333-hit-parade,sources/Hezareh_Dictionary_Index/source/Hezareh_Part_04_PDF_0751-1000.md#L2037-L2038,True
hit song,hit song,hit song,[],hz-017334,entry_candidate,raw_ocr,medium,4,767,,dictionary/H/H-05.md,hz-017334-hit-song,sources/Hezareh_Dictionary_Index/source/Hezareh_Part_04_PDF_0751-1000.md#L2039-L2039,True
hit the right,hit the right,hit the right,[],hz-017317,entry_candidate,raw_ocr,high,4,766,,dictionary/H/H-05.md,hz-017317-hit-the-right,sources/Hezareh_Dictionary_Index/source/Hezareh_Part_04_PDF_0751-1000.md#L1951-L1954,True
hit the roof,hit the roof,hit the roof,[],hz-017318,entry_candidate,raw_ocr,high,4,766,,dictionary/H/H-05.md,hz-017318-hit-the-roof,sources/Hezareh_Dictionary_Index/source/Hezareh_Part_04_PDF_0751-1000.md#L1955-L1976,True
hitch,hitch,hitch,[],hz-017322,entry_candidate,raw_ocr,low,4,767,,dictionary/H/H-05.md,hz-017322-hitch,sources/Hezareh_Dictionary_Index/source/Hezareh_Part_04_PDF_0751-1000.md#L2016-L2020,True
hitch a ride,hitch a ride,hitch a ride,[],hz-017323,entry_candidate,raw_ocr,low,4,767,,dictionary/H/H-05.md,hz-017323-hitch-a-ride,sources/Hezareh_Dictionary_Index/source/Hezareh_Part_04_PDF_0751-1000.md#L2021-L2024,True
hitchhike,hitchhike,hitchhike,[],hz-017324,entry_candidate,raw_ocr,medium,4,767,,dictionary/H/H-05.md,hz-017324-hitchhike,sources/Hezareh_Dictionary_Index/source/Hezareh_Part_04_PDF_0751-1000.md#L2025-L2026,True
hitchhiker,hitchhiker,hitchhiker,[],hz-017325,entry_candidate,raw_ocr,medium,4,767,,dictionary/H/H-05.md,hz-017325-hitchhiker,sources/Hezareh_Dictionary_Index/source/Hezareh_Part_04_PDF_0751-1000.md#L2027-L2027,True
hither,hither,hither,[],hz-017327,entry_candidate,raw_ocr,medium,4,767,,dictionary/H/H-05.md,hz-017327-hither,sources/Hezareh_Dictionary_Index/source/Hezareh_Part_04_PDF_0751-1000.md#L2030-L2031,True
hither and thither,hither and thither,hither and thither,[],hz-017328,entry_candidate,raw_ocr,medium,4,767,,dictionary/H/H-05.md,hz-017328-hither-and-thither,sources/Hezareh_Dictionary_Index/source/Hezareh_Part_04_PDF_0751-1000.md#L2030-L2031,True
hitherto,hitherto,hitherto,[],hz-017329,entry_candidate,raw_ocr,low,4,767,,dictionary/H/H-05.md,hz-017329-hitherto,sources/Hezareh_Dictionary_Index/source/Hezareh_Part_04_PDF_0751-1000.md#L2032-L2034,True
HIV,hiv,hiv,[],hz-017335,entry_candidate,raw_ocr,high,4,767,,dictionary/H/H-05.md,hz-017335-hiv,sources/Hezareh_Dictionary_Index/source/Hezareh_Part_04_PDF_0751-1000.md#L2040-L2047,True
hive,hive,hive,[],hz-017336,entry_candidate,raw_ocr,medium,4,767,,dictionary/H/H-05.md,hz-017336-hive,sources/Hezareh_Dictionary_Index/source/Hezareh_Part_04_PDF_0751-1000.md#L2048-L2058,True
hives,hives,hives,[],hz-017338,entry_candidate,raw_ocr,hint_only,4,767,,dictionary/H/H-05.md,hz-017338-hives,sources/Hezareh_Dictionary_Index/source/Hezareh_Part_04_PDF_0751-1000.md#L1994-L1994,False
hlp-pocket nee 'pnkrt,hlp-pocket nee 'pnkrt,hlp-pocket nee 'pnkrt,[],hz-017296,entry_candidate,raw_ocr,hint_only,4,765,,dictionary/H/H-05.md,hz-017296-hlp-pocket-nee-pnkrt,sources/Hezareh_Dictionary_Index/source/Hezareh_Part_04_PDF_0751-1000.md#L1767-L1767,False
hlqh-mlndednesa,hlqh-mlndednesa,hlqh-mlndednesa,[],hz-017226,entry_candidate,raw_ocr,hint_only,4,763,,dictionary/H/H-05.md,hz-017226-hlqh-mlndednesa,sources/Hezareh_Dictionary_Index/source/Hezareh_Part_04_PDF_0751-1000.md#L1528-L1528,False
hlt-and-mlss znn onmrs,hlt-and-mlss znn onmrs,hlt-and-mlss znn onmrs,[],hz-017320,entry_candidate,raw_ocr,hint_only,4,767,,dictionary/H/H-05.md,hz-017320-hlt-and-mlss-znn-onmrs,sources/Hezareh_Dictionary_Index/source/Hezareh_Part_04_PDF_0751-1000.md#L1994-L1994,False
hlt-and-run,hlt-and-run,hlt-and-run,[],hz-017321,entry_candidate,raw_ocr,hint_only,4,767,,dictionary/H/H-05.md,hz-017321-hlt-and-run,sources/Hezareh_Dictionary_Index/source/Hezareh_Part_04_PDF_0751-1000.md#L1994-L1994,False
HM,hm,hm,[],hz-017339,entry_candidate,raw_ocr,high,4,767,,dictionary/H/H-05.md,hz-017339-hm,sources/Hezareh_Dictionary_Index/source/Hezareh_Part_04_PDF_0751-1000.md#L2059-L2066,True
HMG,hmg,hmg,[],hz-017340,entry_candidate,raw_ocr,high,4,767,,dictionary/H/H-05.md,hz-017340-hmg,sources/Hezareh_Dictionary_Index/source/Hezareh_Part_04_PDF_0751-1000.md#L2067-L2072,True
HMI,hmi,hmi,[],hz-017341,entry_candidate,raw_ocr,hint_only,4,767,,dictionary/H/H-05.md,hz-017341-hmi,sources/Hezareh_Dictionary_Index/source/Hezareh_Part_04_PDF_0751-1000.md#L1994-L1994,False
HMS,hms,hms,[],hz-017342,entry_candidate,raw_ocr,high,4,767,,dictionary/H/H-05.md,hz-017342-hms,sources/Hezareh_Dictionary_Index/source/Hezareh_Part_04_PDF_0751-1000.md#L2073-L2080,True
HND,hnd,hnd,[],hz-017343,entry_candidate,raw_ocr,low,4,767,,dictionary/H/H-05.md,hz-017343-hnd,sources/Hezareh_Dictionary_Index/source/Hezareh_Part_04_PDF_0751-1000.md#L2081-L2084,True
ho,ho,ho,[],hz-017344,entry_candidate,raw_ocr,medium,4,767,,dictionary/H/H-05.md,hz-017344-ho,sources/Hezareh_Dictionary_Index/source/Hezareh_Part_04_PDF_0751-1000.md#L2085-L2087,True
hoar,hoar,hoar,[],hz-017345,entry_candidate,raw_ocr,medium,4,767,,dictionary/H/H-05.md,hz-017345-hoar,sources/Hezareh_Dictionary_Index/source/Hezareh_Part_04_PDF_0751-1000.md#L2085-L2087,True
hoar-frost,hoar-frost,hoar-frost,[],hz-017349,entry_candidate,raw_ocr,hint_only,4,767,,dictionary/H/H-05.md,hz-017349-hoar-frost,sources/Hezareh_Dictionary_Index/source/Hezareh_Part_04_PDF_0751-1000.md#L1994-L1994,False
hoard,hoard,hoard,[],hz-017346,entry_candidate,raw_ocr,medium,4,767,,dictionary/H/H-05.md,hz-017346-hoard,sources/Hezareh_Dictionary_Index/source/Hezareh_Part_04_PDF_0751-1000.md#L2088-L2091,True
hoarder,hoarder,hoarder,[],hz-017347,entry_candidate,raw_ocr,medium,4,767,,dictionary/H/H-05.md,hz-017347-hoarder,sources/Hezareh_Dictionary_Index/source/Hezareh_Part_04_PDF_0751-1000.md#L2092-L2093,True
hoarding,hoarding,hoarding,[],hz-017348,entry_candidate,raw_ocr,medium,4,767,,dictionary/H/H-05.md,hz-017348-hoarding,sources/Hezareh_Dictionary_Index/source/Hezareh_Part_04_PDF_0751-1000.md#L2094-L2102,True
hoarineSS,hoariness,hoariness,[],hz-017350,entry_candidate,raw_ocr,hint_only,4,767,,dictionary/H/H-05.md,hz-017350-hoariness,sources/Hezareh_Dictionary_Index/source/Hezareh_Part_04_PDF_0751-1000.md#L1994-L1994,False
hoarsely,hoarsely,hoarsely,[],hz-017351,entry_candidate,raw_ocr,medium,4,768,,dictionary/H/H-05.md,hz-017351-hoarsely,sources/Hezareh_Dictionary_Index/source/Hezareh_Part_04_PDF_0751-1000.md#L2120-L2121,True
hoary,hoary,hoary,[],hz-017352,entry_candidate,raw_ocr,high,4,768,,dictionary/H/H-05.md,hz-017352-hoary,sources/Hezareh_Dictionary_Index/source/Hezareh_Part_04_PDF_0751-1000.md#L2122-L2125,True
hoaX,hoax,hoax,[],hz-017353,entry_candidate,raw_ocr,medium,4,768,,dictionary/H/H-05.md,hz-017353-hoax,sources/Hezareh_Dictionary_Index/source/Hezareh_Part_04_PDF_0751-1000.md#L2126-L2136,True
hob,hob,hob,[],hz-017354,entry_candidate,raw_ocr,medium,4,768,,dictionary/H/H-05.md,hz-017354-hob,sources/Hezareh_Dictionary_Index/source/Hezareh_Part_04_PDF_0751-1000.md#L2144-L2145,True
hobble,hobble,hobble,[],hz-017355,entry_candidate,raw_ocr,medium,4,768,,dictionary/H/H-05.md,hz-017355-hobble,sources/Hezareh_Dictionary_Index/source/Hezareh_Part_04_PDF_0751-1000.md#L2137-L2141,True
hobbledehoy,hobbledehoy,hobbledehoy,[],hz-017356,entry_candidate,raw_ocr,medium,4,768,,dictionary/H/H-05.md,hz-017356-hobbledehoy,sources/Hezareh_Dictionary_Index/source/Hezareh_Part_04_PDF_0751-1000.md#L2142-L2143,True
hobby-horse,hobby-horse,hobby-horse,[],hz-017358,entry_candidate,raw_ocr,medium,4,768,,dictionary/H/H-05.md,hz-017358-hobby-horse,sources/Hezareh_Dictionary_Index/source/Hezareh_Part_04_PDF_0751-1000.md#L2146-L2147,True
hobbyi'hobr,hobbyi'hobr,hobbyi'hobr,[],hz-017357,entry_candidate,raw_ocr,hint_only,4,768,,dictionary/H/H-05.md,hz-017357-hobbyi-hobr,sources/Hezareh_Dictionary_Index/source/Hezareh_Part_04_PDF_0751-1000.md#L2106-L2106,False
hobgoblin,hobgoblin,hobgoblin,[],hz-017359,entry_candidate,raw_ocr,high,4,768,,dictionary/H/H-05.md,hz-017359-hobgoblin,sources/Hezareh_Dictionary_Index/source/Hezareh_Part_04_PDF_0751-1000.md#L2148-L2150,True
hobnail,hobnail,hobnail,[],hz-017360,entry_candidate,raw_ocr,medium,4,768,,dictionary/H/H-05.md,hz-017360-hobnail,sources/Hezareh_Dictionary_Index/source/Hezareh_Part_04_PDF_0751-1000.md#L2151-L2152,True
hobnail boot,hobnail boot,hobnail boot,[],hz-017361,entry_candidate,raw_ocr,low,4,768,,dictionary/H/H-05.md,hz-017361-hobnail-boot,sources/Hezareh_Dictionary_Index/source/Hezareh_Part_04_PDF_0751-1000.md#L2154-L2154,True
hobnailed,hobnailed,hobnailed,[],hz-017362,entry_candidate,raw_ocr,high,4,768,,dictionary/H/H-05.md,hz-017362-hobnailed,sources/Hezareh_Dictionary_Index/source/Hezareh_Part_04_PDF_0751-1000.md#L2153-L2153,True
hobnailed boot,hobnailed boot,hobnailed boot,[],hz-017363,entry_candidate,raw_ocr,high,4,768,,dictionary/H/H-05.md,hz-017363-hobnailed-boot,sources/Hezareh_Dictionary_Index/source/Hezareh_Part_04_PDF_0751-1000.md#L2154-L2154,True
hobnob,hobnob,hobnob,[],hz-017364,entry_candidate,raw_ocr,high,4,768,,dictionary/H/H-05.md,hz-017364-hobnob,sources/Hezareh_Dictionary_Index/source/Hezareh_Part_04_PDF_0751-1000.md#L2155-L2157,True
hobo,hobo,hobo,[],hz-017365,entry_candidate,raw_ocr,high,4,768,,dictionary/H/H-05.md,hz-017365-hobo,sources/Hezareh_Dictionary_Index/source/Hezareh_Part_04_PDF_0751-1000.md#L2158-L2167,True
Hobson's choice,hobson's choice,hobson's choice,[],hz-017366,entry_candidate,raw_ocr,high,4,768,,dictionary/H/H-05.md,hz-017366-hobson-s-choice,sources/Hezareh_Dictionary_Index/source/Hezareh_Part_04_PDF_0751-1000.md#L2168-L2169,True
hock,hock,hock,[],hz-017367,entry_candidate,raw_ocr,high,4,768,,dictionary/H/H-05.md,hz-017367-hock,sources/Hezareh_Dictionary_Index/source/Hezareh_Part_04_PDF_0751-1000.md#L2170-L2175,True
hockey,hockey,hockey,[],hz-017368,entry_candidate,raw_ocr,high,4,768,,dictionary/H/H-05.md,hz-017368-hockey,sources/Hezareh_Dictionary_Index/source/Hezareh_Part_04_PDF_0751-1000.md#L2176-L2180,True
hockey stick,hockey stick,hockey stick,[],hz-017369,entry_candidate,raw_ocr,hint_only,4,768,,dictionary/H/H-05.md,hz-017369-hockey-stick,sources/Hezareh_Dictionary_Index/source/Hezareh_Part_04_PDF_0751-1000.md#L2106-L2106,False
hod,hod,hod,[],hz-017370,entry_candidate,raw_ocr,high,4,768,,dictionary/H/H-05.md,hz-017370-hod,sources/Hezareh_Dictionary_Index/source/Hezareh_Part_04_PDF_0751-1000.md#L2181-L2181,True
hodgepodge,hodgepodge,hodgepodge,[],hz-017371,entry_candidate,raw_ocr,high,4,768,,dictionary/H/H-05.md,hz-017371-hodgepodge,sources/Hezareh_Dictionary_Index/source/Hezareh_Part_04_PDF_0751-1000.md#L2182-L2182,True
hoe,hoe,hoe,[],hz-017372,entry_candidate,raw_ocr,high,4,768,,dictionary/H/H-05.md,hz-017372-hoe,sources/Hezareh_Dictionary_Index/source/Hezareh_Part_04_PDF_0751-1000.md#L2183-L2185,True
hog,hog,hog,[],hz-017374,entry_candidate,raw_ocr,high,4,768,,dictionary/H/H-05.md,hz-017374-hog,sources/Hezareh_Dictionary_Index/source/Hezareh_Part_04_PDF_0751-1000.md#L2188-L2196,True
hoggish,hoggish,hoggish,[],hz-017375,entry_candidate,raw_ocr,high,4,768,,dictionary/H/H-05.md,hz-017375-hoggish,sources/Hezareh_Dictionary_Index/source/Hezareh_Part_04_PDF_0751-1000.md#L2197-L2198,True
Hogmanay,hogmanay,hogmanay,[],hz-017376,entry_candidate,raw_ocr,high,4,768,,dictionary/H/H-05.md,hz-017376-hogmanay,sources/Hezareh_Dictionary_Index/source/Hezareh_Part_04_PDF_0751-1000.md#L2199-L2200,True
hogshead,hogshead,hogshead,[],hz-017377,entry_candidate,raw_ocr,high,4,768,,dictionary/H/H-05.md,hz-017377-hogshead,sources/Hezareh_Dictionary_Index/source/Hezareh_Part_04_PDF_0751-1000.md#L2201-L2205,True
hogwash,hogwash,hogwash,[],hz-017378,entry_candidate,raw_ocr,high,4,768,,dictionary/H/H-05.md,hz-017378-hogwash,sources/Hezareh_Dictionary_Index/source/Hezareh_Part_04_PDF_0751-1000.md#L2206-L2208,True
hoi polloi,hoi polloi,hoi polloi,[],hz-017379,entry_candidate,raw_ocr,high,4,768,,dictionary/H/H-05.md,hz-017379-hoi-polloi,sources/Hezareh_Dictionary_Index/source/Hezareh_Part_04_PDF_0751-1000.md#L2209-L2209,True
hoist,hoist,hoist,[],hz-017380,entry_candidate,raw_ocr,high,4,768,,dictionary/H/H-05.md,hz-017380-hoist,sources/Hezareh_Dictionary_Index/source/Hezareh_Part_04_PDF_0751-1000.md#L2210-L2216,True
hoity-toity I horn 'torn,hoity-toity i horn 'torn,hoity-toity i horn 'torn,[],hz-017383,entry_candidate,raw_ocr,hint_only,4,769,,dictionary/H/H-05.md,hz-017383-hoity-toity-i-horn-torn,sources/Hezareh_Dictionary_Index/source/Hezareh_Part_04_PDF_0751-1000.md#L2220-L2220,False
hold,hold,hold,[],hz-005795,entry_candidate,raw_ocr,high,1,228,,dictionary/H/H-05.md,hz-005795-hold,sources/Hezareh_Dictionary_Index/source/Hezareh_Part_01_PDF_0001-0250.md#L30783-L30784,True
hold,hold,hold,[],hz-006373,entry_candidate,raw_ocr,high,2,252,,dictionary/H/H-05.md,hz-006373-hold,sources/Hezareh_Dictionary_Index/source/Hezareh_Part_02_PDF_0251-0500.md#L401-L457,True
hold,hold,hold,[],hz-016095,entry_candidate,raw_ocr,medium,3,711,,dictionary/H/H-05.md,hz-016095-hold,sources/Hezareh_Dictionary_Index/source/Hezareh_Part_03_PDF_0501-0750.md#L24291-L24333,True
hold,hold,hold,[],hz-017384,entry_candidate,raw_ocr,high,4,769,,dictionary/H/H-05.md,hz-017384-hold,sources/Hezareh_Dictionary_Index/source/Hezareh_Part_04_PDF_0751-1000.md#L2265-L2313,True
hold,hold,hold,[],hz-017391,entry_candidate,raw_ocr,high,4,771,,dictionary/H/H-05.md,hz-017391-hold,sources/Hezareh_Dictionary_Index/source/Hezareh_Part_04_PDF_0751-1000.md#L2477-L2478,True
hold,hold,hold,[],hz-017642,entry_candidate,raw_ocr,medium,4,781,,dictionary/H/H-05.md,hz-017642-hold,sources/Hezareh_Dictionary_Index/source/Hezareh_Part_04_PDF_0751-1000.md#L3669-L3675,True
hold one's own,hold one's own,hold one's own,[],hz-017386,entry_candidate,raw_ocr,medium,4,769,,dictionary/H/H-05.md,hz-017386-hold-one-s-own,sources/Hezareh_Dictionary_Index/source/Hezareh_Part_04_PDF_0751-1000.md#L2320-L2329,True
hold out,hold out,hold out,[],hz-005191,entry_candidate,raw_ocr,medium,1,203,,dictionary/H/H-05.md,hz-005191-hold-out,sources/Hezareh_Dictionary_Index/source/Hezareh_Part_01_PDF_0001-0250.md#L27773-L27774,True
hold out some I no,hold out some i no,hold out some i no,[],hz-017553,entry_candidate,raw_ocr,hint_only,4,778,,dictionary/H/H-05.md,hz-017553-hold-out-some-i-no,sources/Hezareh_Dictionary_Index/source/Hezareh_Part_04_PDF_0751-1000.md#L3254-L3254,False
hold sb,hold sb,hold sb,[],hz-028237,entry_candidate,raw_ocr,medium,6,1368,,dictionary/H/H-05.md,hz-028237-hold-sb,sources/Hezareh_Dictionary_Index/source/Hezareh_Part_06_PDF_1251-1500.md#L13545-L13558,True
hold sb up to derision,hold sb up to derision,hold sb up to derision,[],hz-017388,entry_candidate,raw_ocr,high,4,770,,dictionary/H/H-05.md,hz-017388-hold-sb-up-to-derision,sources/Hezareh_Dictionary_Index/source/Hezareh_Part_04_PDF_0751-1000.md#L2429-L2437,True
hold sth,hold sth,hold sth,[],hz-009165,entry_candidate,raw_ocr,medium,2,377,,dictionary/H/H-05.md,hz-009165-hold-sth,sources/Hezareh_Dictionary_Index/source/Hezareh_Part_02_PDF_0251-0500.md#L15156-L15160,True
hold sth,hold sth,hold sth,[],hz-017385,entry_candidate,raw_ocr,medium,4,769,,dictionary/H/H-05.md,hz-017385-hold-sth,sources/Hezareh_Dictionary_Index/source/Hezareh_Part_04_PDF_0751-1000.md#L2314-L2319,True
hold sth against,hold sth against,hold sth against,[],hz-017387,entry_candidate,raw_ocr,medium,4,770,,dictionary/H/H-05.md,hz-017387-hold-sth-against,sources/Hezareh_Dictionary_Index/source/Hezareh_Part_04_PDF_0751-1000.md#L2344-L2403,True
hold sth in pledge,hold sth in pledge,hold sth in pledge,[],hz-026577,entry_candidate,raw_ocr,low,6,1267,,dictionary/H/H-05.md,hz-026577-hold-sth-in-pledge,sources/Hezareh_Dictionary_Index/source/Hezareh_Part_06_PDF_1251-1500.md#L2085-L2093,True
hold upt'hauld Ap,hold upt'hauld ap,hold upt'hauld ap,[],hz-017397,entry_candidate,raw_ocr,hint_only,4,771,,dictionary/H/H-05.md,hz-017397-hold-upt-hauld-ap,sources/Hezareh_Dictionary_Index/source/Hezareh_Part_04_PDF_0751-1000.md#L2447-L2447,False
hold-all,hold-all,hold-all,[],hz-017392,entry_candidate,raw_ocr,high,4,771,,dictionary/H/H-05.md,hz-017392-hold-all,sources/Hezareh_Dictionary_Index/source/Hezareh_Part_04_PDF_0751-1000.md#L2479-L2480,True
holder,holder,holder,[],hz-017393,entry_candidate,raw_ocr,medium,4,771,,dictionary/H/H-05.md,hz-017393-holder,sources/Hezareh_Dictionary_Index/source/Hezareh_Part_04_PDF_0751-1000.md#L2481-L2490,True
holding,holding,holding,[],hz-017394,entry_candidate,raw_ocr,high,4,771,,dictionary/H/H-05.md,hz-017394-holding,sources/Hezareh_Dictionary_Index/source/Hezareh_Part_04_PDF_0751-1000.md#L2495-L2523,True
holding company,holding company,holding company,[],hz-017395,entry_candidate,raw_ocr,high,4,771,,dictionary/H/H-05.md,hz-017395-holding-company,sources/Hezareh_Dictionary_Index/source/Hezareh_Part_04_PDF_0751-1000.md#L2491-L2494,True
holding operation,holding operation,holding operation,[],hz-017396,entry_candidate,raw_ocr,high,4,771,,dictionary/H/H-05.md,hz-017396-holding-operation,sources/Hezareh_Dictionary_Index/source/Hezareh_Part_04_PDF_0751-1000.md#L2495-L2523,True
hole,hole,hole,[],hz-017398,entry_candidate,raw_ocr,high,4,771,,dictionary/H/H-05.md,hz-017398-hole,sources/Hezareh_Dictionary_Index/source/Hezareh_Part_04_PDF_0751-1000.md#L2524-L2527,True
holfowneSS,holfowness,holfowness,[],hz-017413,entry_candidate,raw_ocr,hint_only,4,772,,dictionary/H/H-05.md,hz-017413-holfowness,sources/Hezareh_Dictionary_Index/source/Hezareh_Part_04_PDF_0751-1000.md#L2575-L2575,False
holiday,holiday,holiday,[],hz-017399,entry_candidate,raw_ocr,high,4,771,,dictionary/H/H-05.md,hz-017399-holiday,sources/Hezareh_Dictionary_Index/source/Hezareh_Part_04_PDF_0751-1000.md#L2528-L2537,True
holiday camp,holiday camp,holiday camp,[],hz-017400,entry_candidate,raw_ocr,high,4,771,,dictionary/H/H-05.md,hz-017400-holiday-camp,sources/Hezareh_Dictionary_Index/source/Hezareh_Part_04_PDF_0751-1000.md#L2538-L2539,True
holiday centre,holiday centre,holiday centre,[],hz-017401,entry_candidate,raw_ocr,high,4,771,,dictionary/H/H-05.md,hz-017401-holiday-centre,sources/Hezareh_Dictionary_Index/source/Hezareh_Part_04_PDF_0751-1000.md#L2540-L2541,True
holiday-maker,holiday-maker,holiday-maker,[],hz-017402,entry_candidate,raw_ocr,high,4,771,,dictionary/H/H-05.md,hz-017402-holiday-maker,sources/Hezareh_Dictionary_Index/source/Hezareh_Part_04_PDF_0751-1000.md#L2542-L2543,True
holier-than-thou,holier-than-thou,holier-than-thou,[],hz-017403,entry_candidate,raw_ocr,high,4,771,,dictionary/H/H-05.md,hz-017403-holier-than-thou,sources/Hezareh_Dictionary_Index/source/Hezareh_Part_04_PDF_0751-1000.md#L2544-L2547,True
holiness,holiness,holiness,[],hz-017404,entry_candidate,raw_ocr,high,4,771,,dictionary/H/H-05.md,hz-017404-holiness,sources/Hezareh_Dictionary_Index/source/Hezareh_Part_04_PDF_0751-1000.md#L2548-L2549,True
holism,holism,holism,[],hz-017406,entry_candidate,raw_ocr,high,4,771,,dictionary/H/H-05.md,hz-017406-holism,sources/Hezareh_Dictionary_Index/source/Hezareh_Part_04_PDF_0751-1000.md#L2551-L2551,True
holistic,holistic,holistic,[],hz-017407,entry_candidate,raw_ocr,high,4,771,,dictionary/H/H-05.md,hz-017407-holistic,sources/Hezareh_Dictionary_Index/source/Hezareh_Part_04_PDF_0751-1000.md#L2552-L2552,True
Holland,holland,holland,[],hz-017408,entry_candidate,raw_ocr,high,4,771,,dictionary/H/H-05.md,hz-017408-holland,sources/Hezareh_Dictionary_Index/source/Hezareh_Part_04_PDF_0751-1000.md#L2553-L2553,True
holler,holler,holler,[],hz-017409,entry_candidate,raw_ocr,high,4,771,,dictionary/H/H-05.md,hz-017409-holler,sources/Hezareh_Dictionary_Index/source/Hezareh_Part_04_PDF_0751-1000.md#L2554-L2562,True
holloa,holloa,holloa,[],hz-017410,entry_candidate,raw_ocr,hint_only,4,771,,dictionary/H/H-05.md,hz-017410-holloa,sources/Hezareh_Dictionary_Index/source/Hezareh_Part_04_PDF_0751-1000.md#L2447-L2447,False
hollow,hollow,hollow,[],hz-017411,entry_candidate,raw_ocr,high,4,771,,dictionary/H/H-05.md,hz-017411-hollow,sources/Hezareh_Dictionary_Index/source/Hezareh_Part_04_PDF_0751-1000.md#L2563-L2571,True
hollow-eyed,hollow-eyed,hollow-eyed,[],hz-017412,entry_candidate,raw_ocr,medium,4,772,,dictionary/H/H-05.md,hz-017412-hollow-eyed,sources/Hezareh_Dictionary_Index/source/Hezareh_Part_04_PDF_0751-1000.md#L2595-L2600,True
holly,holly,holly,[],hz-017414,entry_candidate,raw_ocr,medium,4,772,,dictionary/H/H-05.md,hz-017414-holly,sources/Hezareh_Dictionary_Index/source/Hezareh_Part_04_PDF_0751-1000.md#L2601-L2601,True
hollyhock,hollyhock,hollyhock,[],hz-017415,entry_candidate,raw_ocr,medium,4,772,,dictionary/H/H-05.md,hz-017415-hollyhock,sources/Hezareh_Dictionary_Index/source/Hezareh_Part_04_PDF_0751-1000.md#L2602-L2603,True
holm-oak,holm-oak,holm-oak,[],hz-017416,entry_candidate,raw_ocr,medium,4,772,,dictionary/H/H-05.md,hz-017416-holm-oak,sources/Hezareh_Dictionary_Index/source/Hezareh_Part_04_PDF_0751-1000.md#L2604-L2604,True
holocaust,holocaust,holocaust,[],hz-017417,entry_candidate,raw_ocr,medium,4,772,,dictionary/H/H-05.md,hz-017417-holocaust,sources/Hezareh_Dictionary_Index/source/Hezareh_Part_04_PDF_0751-1000.md#L2605-L2607,True
hologram,hologram,hologram,[],hz-017418,entry_candidate,raw_ocr,medium,4,772,,dictionary/H/H-05.md,hz-017418-hologram,sources/Hezareh_Dictionary_Index/source/Hezareh_Part_04_PDF_0751-1000.md#L2608-L2613,True
hols,hols,hols,[],hz-017419,entry_candidate,raw_ocr,medium,4,772,,dictionary/H/H-05.md,hz-017419-hols,sources/Hezareh_Dictionary_Index/source/Hezareh_Part_04_PDF_0751-1000.md#L2614-L2614,True
holster,holster,holster,[],hz-017420,entry_candidate,raw_ocr,medium,4,772,,dictionary/H/H-05.md,hz-017420-holster,sources/Hezareh_Dictionary_Index/source/Hezareh_Part_04_PDF_0751-1000.md#L2615-L2616,True
holy,holy,holy,[],hz-017421,entry_candidate,raw_ocr,high,4,772,,dictionary/H/H-05.md,hz-017421-holy,sources/Hezareh_Dictionary_Index/source/Hezareh_Part_04_PDF_0751-1000.md#L2617-L2646,True
holy of holies,holy of holies,holy of holies,[],hz-017422,entry_candidate,raw_ocr,high,4,772,,dictionary/H/H-05.md,hz-017422-holy-of-holies,sources/Hezareh_Dictionary_Index/source/Hezareh_Part_04_PDF_0751-1000.md#L2647-L2649,True
holy orders,holy orders,holy orders,[],hz-017423,entry_candidate,raw_ocr,high,4,772,,dictionary/H/H-05.md,hz-017423-holy-orders,sources/Hezareh_Dictionary_Index/source/Hezareh_Part_04_PDF_0751-1000.md#L2650-L2657,True
Holy Writ,holy writ,holy writ,[],hz-017425,entry_candidate,raw_ocr,high,4,772,,dictionary/H/H-05.md,hz-017425-holy-writ,sources/Hezareh_Dictionary_Index/source/Hezareh_Part_04_PDF_0751-1000.md#L2662-L2662,True
holystone,holystone,holystone,[],hz-017424,entry_candidate,raw_ocr,high,4,772,,dictionary/H/H-05.md,hz-017424-holystone,sources/Hezareh_Dictionary_Index/source/Hezareh_Part_04_PDF_0751-1000.md#L2658-L2661,True
homage,homage,homage,[],hz-017426,entry_candidate,raw_ocr,high,4,772,,dictionary/H/H-05.md,hz-017426-homage,sources/Hezareh_Dictionary_Index/source/Hezareh_Part_04_PDF_0751-1000.md#L2663-L2676,True
home,home,home,[],hz-017427,entry_candidate,raw_ocr,high,4,772,,dictionary/H/H-05.md,hz-017427-home,sources/Hezareh_Dictionary_Index/source/Hezareh_Part_04_PDF_0751-1000.md#L2677-L2685,True
home,home,home,[],hz-017430,entry_candidate,raw_ocr,high,4,773,,dictionary/H/H-05.md,hz-017430-home,sources/Hezareh_Dictionary_Index/source/Hezareh_Part_04_PDF_0751-1000.md#L2755-L2764,True
home address,home address,home address,[],hz-017431,entry_candidate,raw_ocr,high,4,773,,dictionary/H/H-05.md,hz-017431-home-address,sources/Hezareh_Dictionary_Index/source/Hezareh_Part_04_PDF_0751-1000.md#L2765-L2765,True
Home Counties,home counties,home counties,[],hz-017435,entry_candidate,raw_ocr,high,4,773,,dictionary/H/H-05.md,hz-017435-home-counties,sources/Hezareh_Dictionary_Index/source/Hezareh_Part_04_PDF_0751-1000.md#L2771-L2772,True
home economics,home economics,home economics,[],hz-017437,entry_candidate,raw_ocr,high,4,773,,dictionary/H/H-05.md,hz-017437-home-economics,sources/Hezareh_Dictionary_Index/source/Hezareh_Part_04_PDF_0751-1000.md#L2774-L2775,True
home front,home front,home front,[],hz-017438,entry_candidate,raw_ocr,high,4,773,,dictionary/H/H-05.md,hz-017438-home-front,sources/Hezareh_Dictionary_Index/source/Hezareh_Part_04_PDF_0751-1000.md#L2776-L2777,True
Home Guard,home guard,home guard,[],hz-017440,entry_candidate,raw_ocr,high,4,773,,dictionary/H/H-05.md,hz-017440-home-guard,sources/Hezareh_Dictionary_Index/source/Hezareh_Part_04_PDF_0751-1000.md#L2780-L2781,True
home help,home help,home help,[],hz-017441,entry_candidate,raw_ocr,high,4,773,,dictionary/H/H-05.md,hz-017441-home-help,sources/Hezareh_Dictionary_Index/source/Hezareh_Part_04_PDF_0751-1000.md#L2782-L2783,True
home loan,home loan,home loan,[],hz-017445,entry_candidate,raw_ocr,medium,4,773,,dictionary/H/H-05.md,hz-017445-home-loan,sources/Hezareh_Dictionary_Index/source/Hezareh_Part_04_PDF_0751-1000.md#L2794-L2794,True
Home Office,home office,home office,[],hz-017447,entry_candidate,raw_ocr,high,4,774,,dictionary/H/H-05.md,hz-017447-home-office,sources/Hezareh_Dictionary_Index/source/Hezareh_Part_04_PDF_0751-1000.md#L2816-L2817,True
home plate,home plate,home plate,[],hz-017451,entry_candidate,raw_ocr,high,4,774,,dictionary/H/H-05.md,hz-017451-home-plate,sources/Hezareh_Dictionary_Index/source/Hezareh_Part_04_PDF_0751-1000.md#L2822-L2822,True
home run,home run,home run,[],hz-017453,entry_candidate,raw_ocr,high,4,774,,dictionary/H/H-05.md,hz-017453-home-run,sources/Hezareh_Dictionary_Index/source/Hezareh_Part_04_PDF_0751-1000.md#L2827-L2827,True
Home Secretary,home secretary,home secretary,[],hz-017454,entry_candidate,raw_ocr,high,4,774,,dictionary/H/H-05.md,hz-017454-home-secretary,sources/Hezareh_Dictionary_Index/source/Hezareh_Part_04_PDF_0751-1000.md#L2828-L2834,True
home straight,home straight,home straight,[],hz-017458,entry_candidate,raw_ocr,high,4,774,,dictionary/H/H-05.md,hz-017458-home-straight,sources/Hezareh_Dictionary_Index/source/Hezareh_Part_04_PDF_0751-1000.md#L2846-L2847,True
home stretch,home stretch,home stretch,[],hz-017459,entry_candidate,raw_ocr,high,4,774,,dictionary/H/H-05.md,hz-017459-home-stretch,sources/Hezareh_Dictionary_Index/source/Hezareh_Part_04_PDF_0751-1000.md#L2848-L2848,True
home team,home team,home team,[],hz-017460,entry_candidate,raw_ocr,high,4,774,,dictionary/H/H-06.md,hz-017460-home-team,sources/Hezareh_Dictionary_Index/source/Hezareh_Part_04_PDF_0751-1000.md#L2849-L2849,True
home thrust,home thrust,home thrust,[],hz-017461,entry_candidate,raw_ocr,high,4,774,,dictionary/H/H-06.md,hz-017461-home-thrust,sources/Hezareh_Dictionary_Index/source/Hezareh_Part_04_PDF_0751-1000.md#L2850-L2852,True
home truth,home truth,home truth,[],hz-017462,entry_candidate,raw_ocr,high,4,774,,dictionary/H/H-06.md,hz-017462-home-truth,sources/Hezareh_Dictionary_Index/source/Hezareh_Part_04_PDF_0751-1000.md#L2853-L2853,True
home-baked,home-baked,home-baked,[],hz-017432,entry_candidate,raw_ocr,high,4,773,,dictionary/H/H-06.md,hz-017432-home-baked,sources/Hezareh_Dictionary_Index/source/Hezareh_Part_04_PDF_0751-1000.md#L2766-L2766,True
home-brewed,home-brewed,home-brewed,[],hz-017433,entry_candidate,raw_ocr,high,4,773,,dictionary/H/H-06.md,hz-017433-home-brewed,sources/Hezareh_Dictionary_Index/source/Hezareh_Part_04_PDF_0751-1000.md#L2767-L2768,True
home-cured,home-cured,home-cured,[],hz-017436,entry_candidate,raw_ocr,high,4,773,,dictionary/H/H-06.md,hz-017436-home-cured,sources/Hezareh_Dictionary_Index/source/Hezareh_Part_04_PDF_0751-1000.md#L2773-L2773,True
home-grown,home-grown,home-grown,[],hz-017439,entry_candidate,raw_ocr,high,4,773,,dictionary/H/H-06.md,hz-017439-home-grown,sources/Hezareh_Dictionary_Index/source/Hezareh_Part_04_PDF_0751-1000.md#L2778-L2779,True
homecoming,homecoming,homecoming,[],hz-017434,entry_candidate,raw_ocr,high,4,773,,dictionary/H/H-06.md,hz-017434-homecoming,sources/Hezareh_Dictionary_Index/source/Hezareh_Part_04_PDF_0751-1000.md#L2769-L2770,True
homeland,homeland,homeland,[],hz-017442,entry_candidate,raw_ocr,high,4,773,,dictionary/H/H-06.md,hz-017442-homeland,sources/Hezareh_Dictionary_Index/source/Hezareh_Part_04_PDF_0751-1000.md#L2784-L2786,True
homeless,homeless,homeless,[],hz-017443,entry_candidate,raw_ocr,high,4,773,,dictionary/H/H-06.md,hz-017443-homeless,sources/Hezareh_Dictionary_Index/source/Hezareh_Part_04_PDF_0751-1000.md#L2787-L2790,True
homelessness,homelessness,homelessness,[],hz-017444,entry_candidate,raw_ocr,medium,4,773,,dictionary/H/H-06.md,hz-017444-homelessness,sources/Hezareh_Dictionary_Index/source/Hezareh_Part_04_PDF_0751-1000.md#L2791-L2793,True
homely,homely,homely,[],hz-017446,entry_candidate,raw_ocr,medium,4,773,,dictionary/H/H-06.md,hz-017446-homely,sources/Hezareh_Dictionary_Index/source/Hezareh_Part_04_PDF_0751-1000.md#L2795-L2797,True
homeopath,homeopath,homeopath,[],hz-017448,entry_candidate,raw_ocr,high,4,774,,dictionary/H/H-06.md,hz-017448-homeopath,sources/Hezareh_Dictionary_Index/source/Hezareh_Part_04_PDF_0751-1000.md#L2818-L2818,True
homeopathic,homeopathic,homeopathic,[],hz-017449,entry_candidate,raw_ocr,high,4,774,,dictionary/H/H-06.md,hz-017449-homeopathic,sources/Hezareh_Dictionary_Index/source/Hezareh_Part_04_PDF_0751-1000.md#L2819-L2820,True
homeopathy,homeopathy,homeopathy,[],hz-017450,entry_candidate,raw_ocr,high,4,774,,dictionary/H/H-06.md,hz-017450-homeopathy,sources/Hezareh_Dictionary_Index/source/Hezareh_Part_04_PDF_0751-1000.md#L2821-L2821,True
Homeric,homeric,homeric,[],hz-017452,entry_candidate,raw_ocr,high,4,774,,dictionary/H/H-06.md,hz-017452-homeric,sources/Hezareh_Dictionary_Index/source/Hezareh_Part_04_PDF_0751-1000.md#L2823-L2826,True
homespun,homespun,homespun,[],hz-017456,entry_candidate,raw_ocr,high,4,774,,dictionary/H/H-06.md,hz-017456-homespun,sources/Hezareh_Dictionary_Index/source/Hezareh_Part_04_PDF_0751-1000.md#L2838-L2841,True
homestead,homestead,homestead,[],hz-017457,entry_candidate,raw_ocr,high,4,774,,dictionary/H/H-06.md,hz-017457-homestead,sources/Hezareh_Dictionary_Index/source/Hezareh_Part_04_PDF_0751-1000.md#L2842-L2845,True
homeward,homeward,homeward,[],hz-017463,entry_candidate,raw_ocr,high,4,774,,dictionary/H/H-06.md,hz-017463-homeward,sources/Hezareh_Dictionary_Index/source/Hezareh_Part_04_PDF_0751-1000.md#L2854-L2862,True
homewards,homewards,homewards,[],hz-017465,entry_candidate,raw_ocr,medium,4,774,,dictionary/H/H-06.md,hz-017465-homewards,sources/Hezareh_Dictionary_Index/source/Hezareh_Part_04_PDF_0751-1000.md#L2863-L2864,True
homework,homework,homework,[],hz-017466,entry_candidate,raw_ocr,high,4,774,,dictionary/H/H-06.md,hz-017466-homework,sources/Hezareh_Dictionary_Index/source/Hezareh_Part_04_PDF_0751-1000.md#L2865-L2867,True
homey,homey,homey,[],hz-017467,entry_candidate,raw_ocr,medium,4,774,,dictionary/H/H-06.md,hz-017467-homey,sources/Hezareh_Dictionary_Index/source/Hezareh_Part_04_PDF_0751-1000.md#L2868-L2869,True
homicidal,homicidal,homicidal,[],hz-017468,entry_candidate,raw_ocr,high,4,774,,dictionary/H/H-06.md,hz-017468-homicidal,sources/Hezareh_Dictionary_Index/source/Hezareh_Part_04_PDF_0751-1000.md#L2870-L2871,True
homicide,homicide,homicide,[],hz-017469,entry_candidate,raw_ocr,high,4,774,,dictionary/H/H-06.md,hz-017469-homicide,sources/Hezareh_Dictionary_Index/source/Hezareh_Part_04_PDF_0751-1000.md#L2872-L2877,True
homiletic,homiletic,homiletic,[],hz-017464,entry_candidate,raw_ocr,hint_only,4,774,,dictionary/H/H-06.md,hz-017464-homiletic,sources/Hezareh_Dictionary_Index/source/Hezareh_Part_04_PDF_0751-1000.md#L2801-L2801,False
homiletics,homiletics,homiletics,[],hz-017470,entry_candidate,raw_ocr,high,4,774,,dictionary/H/H-06.md,hz-017470-homiletics,sources/Hezareh_Dictionary_Index/source/Hezareh_Part_04_PDF_0751-1000.md#L2878-L2878,True
homily,homily,homily,[],hz-017471,entry_candidate,raw_ocr,medium,4,774,,dictionary/H/H-06.md,hz-017471-homily,sources/Hezareh_Dictionary_Index/source/Hezareh_Part_04_PDF_0751-1000.md#L2879-L2882,True
hominy,hominy,hominy,[],hz-017472,entry_candidate,raw_ocr,high,4,774,,dictionary/H/H-06.md,hz-017472-hominy,sources/Hezareh_Dictionary_Index/source/Hezareh_Part_04_PDF_0751-1000.md#L2883-L2884,True
homo,homo,homo,[],hz-017473,entry_candidate,raw_ocr,high,4,774,,dictionary/H/H-06.md,hz-017473-homo,sources/Hezareh_Dictionary_Index/source/Hezareh_Part_04_PDF_0751-1000.md#L2885-L2885,True
Homo saplens,homo saplens,homo saplens,[],hz-017485,entry_candidate,raw_ocr,hint_only,4,774,,dictionary/H/H-06.md,hz-017485-homo-saplens,sources/Hezareh_Dictionary_Index/source/Hezareh_Part_04_PDF_0751-1000.md#L2801-L2801,False
homo-,homo-,homo-,[],hz-038807,entry_candidate,raw_ocr,medium,8,1962,,dictionary/H/H-06.md,hz-038807-homo,sources/Hezareh_Dictionary_Index/source/Hezareh_Part_08_PDF_1751-1976.md#L24908-L24917,True
homoeopath,homoeopath,homoeopath,[],hz-017474,entry_candidate,raw_ocr,high,4,774,,dictionary/H/H-06.md,hz-017474-homoeopath,sources/Hezareh_Dictionary_Index/source/Hezareh_Part_04_PDF_0751-1000.md#L2886-L2887,True
homoeopathic,homoeopathic,homoeopathic,[],hz-017475,entry_candidate,raw_ocr,high,4,774,,dictionary/H/H-06.md,hz-017475-homoeopathic,sources/Hezareh_Dictionary_Index/source/Hezareh_Part_04_PDF_0751-1000.md#L2888-L2888,True
homoeopathy,homoeopathy,homoeopathy,[],hz-017476,entry_candidate,raw_ocr,high,4,774,,dictionary/H/H-06.md,hz-017476-homoeopathy,sources/Hezareh_Dictionary_Index/source/Hezareh_Part_04_PDF_0751-1000.md#L2889-L2889,True
homogeneity,homogeneity,homogeneity,[],hz-017477,entry_candidate,raw_ocr,high,4,774,,dictionary/H/H-06.md,hz-017477-homogeneity,sources/Hezareh_Dictionary_Index/source/Hezareh_Part_04_PDF_0751-1000.md#L2890-L2893,True
homogenise,homogenise,homogenise,[],hz-017478,entry_candidate,raw_ocr,high,4,774,,dictionary/H/H-06.md,hz-017478-homogenise,sources/Hezareh_Dictionary_Index/source/Hezareh_Part_04_PDF_0751-1000.md#L2894-L2894,True
homogenised,homogenised,homogenised,[],hz-017479,entry_candidate,raw_ocr,high,4,774,,dictionary/H/H-06.md,hz-017479-homogenised,sources/Hezareh_Dictionary_Index/source/Hezareh_Part_04_PDF_0751-1000.md#L2895-L2895,True
homogenize,homogenize,homogenize,[],hz-017480,entry_candidate,raw_ocr,high,4,774,,dictionary/H/H-06.md,hz-017480-homogenize,sources/Hezareh_Dictionary_Index/source/Hezareh_Part_04_PDF_0751-1000.md#L2896-L2898,True
homogenized,homogenized,homogenized,[],hz-017481,entry_candidate,raw_ocr,high,4,774,,dictionary/H/H-06.md,hz-017481-homogenized,sources/Hezareh_Dictionary_Index/source/Hezareh_Part_04_PDF_0751-1000.md#L2899-L2899,True
homograph,homograph,homograph,[],hz-017482,entry_candidate,raw_ocr,high,4,774,,dictionary/H/H-06.md,hz-017482-homograph,sources/Hezareh_Dictionary_Index/source/Hezareh_Part_04_PDF_0751-1000.md#L2900-L2911,True
homonymt'homamm,homonymt'homamm,homonymt'homamm,[],hz-017483,entry_candidate,raw_ocr,hint_only,4,774,,dictionary/H/H-06.md,hz-017483-homonymt-homamm,sources/Hezareh_Dictionary_Index/source/Hezareh_Part_04_PDF_0751-1000.md#L2801-L2801,False
homophonet'homafaun,homophonet'homafaun,homophonet'homafaun,[],hz-017484,entry_candidate,raw_ocr,hint_only,4,774,,dictionary/H/H-06.md,hz-017484-homophonet-homafaun,sources/Hezareh_Dictionary_Index/source/Hezareh_Part_04_PDF_0751-1000.md#L2801-L2801,False
homosexual,homosexual,homosexual,[],hz-017486,entry_candidate,raw_ocr,high,4,775,,dictionary/H/H-06.md,hz-017486-homosexual,sources/Hezareh_Dictionary_Index/source/Hezareh_Part_04_PDF_0751-1000.md#L2925-L2926,True
homosexuality,homosexuality,homosexuality,[],hz-017487,entry_candidate,raw_ocr,high,4,775,,dictionary/H/H-06.md,hz-017487-homosexuality,sources/Hezareh_Dictionary_Index/source/Hezareh_Part_04_PDF_0751-1000.md#L2927-L2928,True
homy,homy,homy,[],hz-017488,entry_candidate,raw_ocr,high,4,775,,dictionary/H/H-06.md,hz-017488-homy,sources/Hezareh_Dictionary_Index/source/Hezareh_Part_04_PDF_0751-1000.md#L2929-L2929,True
Hon,hon,hon,[],hz-017489,entry_candidate,raw_ocr,medium,4,775,,dictionary/H/H-06.md,hz-017489-hon,sources/Hezareh_Dictionary_Index/source/Hezareh_Part_04_PDF_0751-1000.md#L2930-L2933,True
Honduran,honduran,honduran,[],hz-017490,entry_candidate,raw_ocr,high,4,775,,dictionary/H/H-06.md,hz-017490-honduran,sources/Hezareh_Dictionary_Index/source/Hezareh_Part_04_PDF_0751-1000.md#L2934-L2936,True
Honduras,honduras,honduras,[],hz-017491,entry_candidate,raw_ocr,medium,4,775,,dictionary/H/H-06.md,hz-017491-honduras,sources/Hezareh_Dictionary_Index/source/Hezareh_Part_04_PDF_0751-1000.md#L2937-L2937,True
hone,hone,hone,[],hz-017492,entry_candidate,raw_ocr,medium,4,775,,dictionary/H/H-06.md,hz-017492-hone,sources/Hezareh_Dictionary_Index/source/Hezareh_Part_04_PDF_0751-1000.md#L2938-L2945,True
honest,honest,honest,[],hz-017493,entry_candidate,raw_ocr,high,4,775,,dictionary/H/H-06.md,hz-017493-honest,sources/Hezareh_Dictionary_Index/source/Hezareh_Part_04_PDF_0751-1000.md#L2956-L2957,True
honest broker,honest broker,honest broker,[],hz-017496,entry_candidate,raw_ocr,high,4,775,,dictionary/H/H-06.md,hz-017496-honest-broker,sources/Hezareh_Dictionary_Index/source/Hezareh_Part_04_PDF_0751-1000.md#L2956-L2957,True
honest to goodness,honest to goodness,honest to goodness,[],hz-017495,entry_candidate,raw_ocr,medium,4,775,,dictionary/H/H-06.md,hz-017495-honest-to-goodness,sources/Hezareh_Dictionary_Index/source/Hezareh_Part_04_PDF_0751-1000.md#L2951-L2955,True
honest-to-goodneSS,honest-to-goodness,honest-to-goodness,[],hz-017498,entry_candidate,raw_ocr,medium,4,775,,dictionary/H/H-06.md,hz-017498-honest-to-goodness,sources/Hezareh_Dictionary_Index/source/Hezareh_Part_04_PDF_0751-1000.md#L2961-L2962,True
honestly,honestly,honestly,[],hz-017497,entry_candidate,raw_ocr,medium,4,775,,dictionary/H/H-06.md,hz-017497-honestly,sources/Hezareh_Dictionary_Index/source/Hezareh_Part_04_PDF_0751-1000.md#L2958-L2960,True
honesty,honesty,honesty,[],hz-017499,entry_candidate,raw_ocr,low,4,775,,dictionary/H/H-06.md,hz-017499-honesty,sources/Hezareh_Dictionary_Index/source/Hezareh_Part_04_PDF_0751-1000.md#L2963-L2975,True
honey,honey,honey,[],hz-017500,entry_candidate,raw_ocr,medium,4,775,,dictionary/H/H-06.md,hz-017500-honey,sources/Hezareh_Dictionary_Index/source/Hezareh_Part_04_PDF_0751-1000.md#L2976-L2981,True
honeycombed,honeycombed,honeycombed,[],hz-017501,entry_candidate,raw_ocr,low,4,775,,dictionary/H/H-06.md,hz-017501-honeycombed,sources/Hezareh_Dictionary_Index/source/Hezareh_Part_04_PDF_0751-1000.md#L2982-L2985,True
honeydew melon,honeydew melon,honeydew melon,[],hz-017502,entry_candidate,raw_ocr,high,4,775,,dictionary/H/H-06.md,hz-017502-honeydew-melon,sources/Hezareh_Dictionary_Index/source/Hezareh_Part_04_PDF_0751-1000.md#L2986-L2987,True
honeyed,honeyed,honeyed,[],hz-017503,entry_candidate,raw_ocr,medium,4,775,,dictionary/H/H-06.md,hz-017503-honeyed,sources/Hezareh_Dictionary_Index/source/Hezareh_Part_04_PDF_0751-1000.md#L2988-L2989,True
honeymoon,honeymoon,honeymoon,[],hz-017504,entry_candidate,raw_ocr,medium,4,775,,dictionary/H/H-06.md,hz-017504-honeymoon,sources/Hezareh_Dictionary_Index/source/Hezareh_Part_04_PDF_0751-1000.md#L2990-L2992,True
honeymooner,honeymooner,honeymooner,[],hz-017505,entry_candidate,raw_ocr,medium,4,775,,dictionary/H/H-06.md,hz-017505-honeymooner,sources/Hezareh_Dictionary_Index/source/Hezareh_Part_04_PDF_0751-1000.md#L2993-L3002,True
honeysucklel'hAnxsAld,honeysucklel'hanxsald,honeysucklel'hanxsald,[],hz-017506,entry_candidate,raw_ocr,hint_only,4,775,,dictionary/H/H-06.md,hz-017506-honeysucklel-hanxsald,sources/Hezareh_Dictionary_Index/source/Hezareh_Part_04_PDF_0751-1000.md#L2915-L2915,False
honky-tonk,honky-tonk,honky-tonk,[],hz-017507,entry_candidate,raw_ocr,medium,4,775,,dictionary/H/H-06.md,hz-017507-honky-tonk,sources/Hezareh_Dictionary_Index/source/Hezareh_Part_04_PDF_0751-1000.md#L3003-L3004,True
honor,honor,honor,[],hz-017508,entry_candidate,raw_ocr,high,4,775,,dictionary/H/H-06.md,hz-017508-honor,sources/Hezareh_Dictionary_Index/source/Hezareh_Part_04_PDF_0751-1000.md#L3005-L3005,True
honorable,honorable,honorable,[],hz-017509,entry_candidate,raw_ocr,high,4,775,,dictionary/H/H-06.md,hz-017509-honorable,sources/Hezareh_Dictionary_Index/source/Hezareh_Part_04_PDF_0751-1000.md#L3006-L3006,True
honorably,honorably,honorably,[],hz-017510,entry_candidate,raw_ocr,high,4,775,,dictionary/H/H-06.md,hz-017510-honorably,sources/Hezareh_Dictionary_Index/source/Hezareh_Part_04_PDF_0751-1000.md#L3007-L3007,True
honoraria,honoraria,honoraria,[],hz-017511,entry_candidate,raw_ocr,high,4,775,,dictionary/H/H-06.md,hz-017511-honoraria,sources/Hezareh_Dictionary_Index/source/Hezareh_Part_04_PDF_0751-1000.md#L3008-L3010,True
honorary,honorary,honorary,[],hz-017512,entry_candidate,raw_ocr,high,4,775,,dictionary/H/H-06.md,hz-017512-honorary,sources/Hezareh_Dictionary_Index/source/Hezareh_Part_04_PDF_0751-1000.md#L3011-L3014,True
honorific,honorific,honorific,[],hz-017513,entry_candidate,raw_ocr,low,4,775,,dictionary/H/H-06.md,hz-017513-honorific,sources/Hezareh_Dictionary_Index/source/Hezareh_Part_04_PDF_0751-1000.md#L3015-L3018,True
honour',honour',honour',[],hz-017514,entry_candidate,raw_ocr,medium,4,775,,dictionary/H/H-06.md,hz-017514-honour,sources/Hezareh_Dictionary_Index/source/Hezareh_Part_04_PDF_0751-1000.md#L3019-L3023,True
honourable,honourable,honourable,[],hz-017519,entry_candidate,raw_ocr,high,4,776,,dictionary/H/H-06.md,hz-017519-honourable,sources/Hezareh_Dictionary_Index/source/Hezareh_Part_04_PDF_0751-1000.md#L3093-L3100,True
honours degree,honours degree,honours degree,[],hz-017520,entry_candidate,raw_ocr,medium,4,776,,dictionary/H/H-06.md,hz-017520-honours-degree,sources/Hezareh_Dictionary_Index/source/Hezareh_Part_04_PDF_0751-1000.md#L3101-L3104,True
Hons,hons,hons,[],hz-017521,entry_candidate,raw_ocr,high,4,776,,dictionary/H/H-06.md,hz-017521-hons,sources/Hezareh_Dictionary_Index/source/Hezareh_Part_04_PDF_0751-1000.md#L3105-L3106,True
hoo-ha,hoo-ha,hoo-ha,[],hz-017530,entry_candidate,raw_ocr,high,4,777,,dictionary/H/H-06.md,hz-017530-hoo-ha,sources/Hezareh_Dictionary_Index/source/Hezareh_Part_04_PDF_0751-1000.md#L3152-L3191,True
hooch,hooch,hooch,[],hz-017522,entry_candidate,raw_ocr,high,4,776,,dictionary/H/H-06.md,hz-017522-hooch,sources/Hezareh_Dictionary_Index/source/Hezareh_Part_04_PDF_0751-1000.md#L3107-L3115,True
hood,hood,hood,[],hz-017523,entry_candidate,raw_ocr,high,4,776,,dictionary/H/H-06.md,hz-017523-hood,sources/Hezareh_Dictionary_Index/source/Hezareh_Part_04_PDF_0751-1000.md#L3116-L3120,True
hooded I 'hudrd,hooded i 'hudrd,hooded i 'hudrd,[],hz-017524,entry_candidate,raw_ocr,hint_only,4,776,,dictionary/H/H-06.md,hz-017524-hooded-i-hudrd,sources/Hezareh_Dictionary_Index/source/Hezareh_Part_04_PDF_0751-1000.md#L3027-L3027,False
hoodlum,hoodlum,hoodlum,[],hz-017525,entry_candidate,raw_ocr,high,4,776,,dictionary/H/H-06.md,hz-017525-hoodlum,sources/Hezareh_Dictionary_Index/source/Hezareh_Part_04_PDF_0751-1000.md#L3121-L3122,True
hoodoo,hoodoo,hoodoo,[],hz-017526,entry_candidate,raw_ocr,high,4,776,,dictionary/H/H-06.md,hz-017526-hoodoo,sources/Hezareh_Dictionary_Index/source/Hezareh_Part_04_PDF_0751-1000.md#L3123-L3128,True
hoodwink,hoodwink,hoodwink,[],hz-017527,entry_candidate,raw_ocr,high,4,776,,dictionary/H/H-06.md,hz-017527-hoodwink,sources/Hezareh_Dictionary_Index/source/Hezareh_Part_04_PDF_0751-1000.md#L3129-L3130,True
hooey,hooey,hooey,[],hz-017528,entry_candidate,raw_ocr,high,4,776,,dictionary/H/H-06.md,hz-017528-hooey,sources/Hezareh_Dictionary_Index/source/Hezareh_Part_04_PDF_0751-1000.md#L3131-L3132,True
hoof,hoof,hoof,[],hz-017529,entry_candidate,raw_ocr,high,4,776,,dictionary/H/H-06.md,hz-017529-hoof,sources/Hezareh_Dictionary_Index/source/Hezareh_Part_04_PDF_0751-1000.md#L3133-L3139,True
hook,hook,hook,[],hz-017531,entry_candidate,raw_ocr,medium,4,777,,dictionary/H/H-06.md,hz-017531-hook,sources/Hezareh_Dictionary_Index/source/Hezareh_Part_04_PDF_0751-1000.md#L3193-L3198,True
hook and eye,hook and eye,hook and eye,[],hz-017533,entry_candidate,raw_ocr,medium,4,777,,dictionary/H/H-06.md,hz-017533-hook-and-eye,sources/Hezareh_Dictionary_Index/source/Hezareh_Part_04_PDF_0751-1000.md#L3193-L3198,True
hook-nosed,hook-nosed,hook-nosed,[],hz-017534,entry_candidate,raw_ocr,high,4,777,,dictionary/H/H-06.md,hz-017534-hook-nosed,sources/Hezareh_Dictionary_Index/source/Hezareh_Part_04_PDF_0751-1000.md#L3203-L3203,True
hook-up,hook-up,hook-up,[],hz-017535,entry_candidate,raw_ocr,high,4,777,,dictionary/H/H-06.md,hz-017535-hook-up,sources/Hezareh_Dictionary_Index/source/Hezareh_Part_04_PDF_0751-1000.md#L3204-L3204,True
hookah,hookah,hookah,[],hz-017532,entry_candidate,raw_ocr,medium,4,777,,dictionary/H/H-06.md,hz-017532-hookah,sources/Hezareh_Dictionary_Index/source/Hezareh_Part_04_PDF_0751-1000.md#L3192-L3192,True
hookecl,hookecl,hookecl,[],hz-017538,entry_candidate,raw_ocr,hint_only,4,777,,dictionary/H/H-06.md,hz-017538-hookecl,sources/Hezareh_Dictionary_Index/source/Hezareh_Part_04_PDF_0751-1000.md#L3143-L3143,False
hooker,hooker,hooker,[],hz-017539,entry_candidate,raw_ocr,hint_only,4,777,,dictionary/H/H-06.md,hz-017539-hooker,sources/Hezareh_Dictionary_Index/source/Hezareh_Part_04_PDF_0751-1000.md#L3143-L3143,False
hookey,hookey,hookey,[],hz-017540,entry_candidate,raw_ocr,high,4,777,,dictionary/H/H-06.md,hz-017540-hookey,sources/Hezareh_Dictionary_Index/source/Hezareh_Part_04_PDF_0751-1000.md#L3199-L3202,True
hookworm,hookworm,hookworm,[],hz-017536,entry_candidate,raw_ocr,high,4,777,,dictionary/H/H-06.md,hz-017536-hookworm,sources/Hezareh_Dictionary_Index/source/Hezareh_Part_04_PDF_0751-1000.md#L3205-L3207,True
hooky,hooky,hooky,[],hz-017537,entry_candidate,raw_ocr,low,4,777,,dictionary/H/H-06.md,hz-017537-hooky,sources/Hezareh_Dictionary_Index/source/Hezareh_Part_04_PDF_0751-1000.md#L3208-L3209,True
hooligan,hooligan,hooligan,[],hz-017541,entry_candidate,raw_ocr,high,4,777,,dictionary/H/H-06.md,hz-017541-hooligan,sources/Hezareh_Dictionary_Index/source/Hezareh_Part_04_PDF_0751-1000.md#L3210-L3210,True
hooliganism,hooliganism,hooliganism,[],hz-017542,entry_candidate,raw_ocr,high,4,777,,dictionary/H/H-06.md,hz-017542-hooliganism,sources/Hezareh_Dictionary_Index/source/Hezareh_Part_04_PDF_0751-1000.md#L3211-L3211,True
hoop,hoop,hoop,[],hz-017543,entry_candidate,raw_ocr,high,4,777,,dictionary/H/H-06.md,hz-017543-hoop,sources/Hezareh_Dictionary_Index/source/Hezareh_Part_04_PDF_0751-1000.md#L3212-L3218,True
hoop-la,hoop-la,hoop-la,[],hz-017544,entry_candidate,raw_ocr,high,4,777,,dictionary/H/H-06.md,hz-017544-hoop-la,sources/Hezareh_Dictionary_Index/source/Hezareh_Part_04_PDF_0751-1000.md#L3219-L3220,True
hoopoe,hoopoe,hoopoe,[],hz-017545,entry_candidate,raw_ocr,high,4,777,,dictionary/H/H-06.md,hz-017545-hoopoe,sources/Hezareh_Dictionary_Index/source/Hezareh_Part_04_PDF_0751-1000.md#L3221-L3221,True
hooray,hooray,hooray,[],hz-017546,entry_candidate,raw_ocr,high,4,777,,dictionary/H/H-06.md,hz-017546-hooray,sources/Hezareh_Dictionary_Index/source/Hezareh_Part_04_PDF_0751-1000.md#L3222-L3222,True
hoot,hoot,hoot,[],hz-017547,entry_candidate,raw_ocr,high,4,777,,dictionary/H/H-06.md,hz-017547-hoot,sources/Hezareh_Dictionary_Index/source/Hezareh_Part_04_PDF_0751-1000.md#L3223-L3241,True
hooter,hooter,hooter,[],hz-017548,entry_candidate,raw_ocr,hint_only,4,777,,dictionary/H/H-06.md,hz-017548-hooter,sources/Hezareh_Dictionary_Index/source/Hezareh_Part_04_PDF_0751-1000.md#L3143-L3143,False
hoover,hoover,hoover,[],hz-017549,entry_candidate,raw_ocr,high,4,777,,dictionary/H/H-06.md,hz-017549-hoover,sources/Hezareh_Dictionary_Index/source/Hezareh_Part_04_PDF_0751-1000.md#L3242-L3243,True
hooves,hooves,hooves,[],hz-017550,entry_candidate,raw_ocr,high,4,777,,dictionary/H/H-06.md,hz-017550-hooves,sources/Hezareh_Dictionary_Index/source/Hezareh_Part_04_PDF_0751-1000.md#L3244-L3244,True
hop,hop,hop,[],hz-017551,entry_candidate,raw_ocr,high,4,777,,dictionary/H/H-06.md,hz-017551-hop,sources/Hezareh_Dictionary_Index/source/Hezareh_Part_04_PDF_0751-1000.md#L3245-L3250,True
hop-field,hop-field,hop-field,[],hz-017562,entry_candidate,raw_ocr,high,4,778,,dictionary/H/H-06.md,hz-017562-hop-field,sources/Hezareh_Dictionary_Index/source/Hezareh_Part_04_PDF_0751-1000.md#L3353-L3354,True
hop-garden,hop-garden,hop-garden,[],hz-017563,entry_candidate,raw_ocr,high,4,778,,dictionary/H/H-06.md,hz-017563-hop-garden,sources/Hezareh_Dictionary_Index/source/Hezareh_Part_04_PDF_0751-1000.md#L3355-L3356,True
hop-kiln,hop-kiln,hop-kiln,[],hz-017564,entry_candidate,raw_ocr,high,4,778,,dictionary/H/H-06.md,hz-017564-hop-kiln,sources/Hezareh_Dictionary_Index/source/Hezareh_Part_04_PDF_0751-1000.md#L3357-L3370,True
hope,hope,hope,[],hz-017552,entry_candidate,raw_ocr,high,4,778,,dictionary/H/H-06.md,hz-017552-hope,sources/Hezareh_Dictionary_Index/source/Hezareh_Part_04_PDF_0751-1000.md#L3316-L3319,True
hope-chest,hope-chest,hope-chest,[],hz-017555,entry_candidate,raw_ocr,high,4,778,,dictionary/H/H-06.md,hz-017555-hope-chest,sources/Hezareh_Dictionary_Index/source/Hezareh_Part_04_PDF_0751-1000.md#L3320-L3324,True
hopeful,hopeful,hopeful,[],hz-017556,entry_candidate,raw_ocr,high,4,778,,dictionary/H/H-06.md,hz-017556-hopeful,sources/Hezareh_Dictionary_Index/source/Hezareh_Part_04_PDF_0751-1000.md#L3325-L3331,True
hopefully,hopefully,hopefully,[],hz-017557,entry_candidate,raw_ocr,medium,4,778,,dictionary/H/H-06.md,hz-017557-hopefully,sources/Hezareh_Dictionary_Index/source/Hezareh_Part_04_PDF_0751-1000.md#L3332-L3335,True
hopefulness,hopefulness,hopefulness,[],hz-017558,entry_candidate,raw_ocr,medium,4,778,,dictionary/H/H-06.md,hz-017558-hopefulness,sources/Hezareh_Dictionary_Index/source/Hezareh_Part_04_PDF_0751-1000.md#L3336-L3336,True
hopeleSS,hopeless,hopeless,[],hz-017559,entry_candidate,raw_ocr,medium,4,778,,dictionary/H/H-06.md,hz-017559-hopeless,sources/Hezareh_Dictionary_Index/source/Hezareh_Part_04_PDF_0751-1000.md#L3337-L3345,True
hopelessly,hopelessly,hopelessly,[],hz-017560,entry_candidate,raw_ocr,medium,4,778,,dictionary/H/H-06.md,hz-017560-hopelessly,sources/Hezareh_Dictionary_Index/source/Hezareh_Part_04_PDF_0751-1000.md#L3346-L3349,True
hopelessness,hopelessness,hopelessness,[],hz-017561,entry_candidate,raw_ocr,high,4,778,,dictionary/H/H-06.md,hz-017561-hopelessness,sources/Hezareh_Dictionary_Index/source/Hezareh_Part_04_PDF_0751-1000.md#L3350-L3352,True
hoppole,hoppole,hoppole,[],hz-017565,entry_candidate,raw_ocr,high,4,778,,dictionary/H/H-06.md,hz-017565-hoppole,sources/Hezareh_Dictionary_Index/source/Hezareh_Part_04_PDF_0751-1000.md#L3371-L3372,True
hopscotcht'hopskotf,hopscotcht'hopskotf,hopscotcht'hopskotf,[],hz-017566,entry_candidate,raw_ocr,hint_only,4,778,,dictionary/H/H-06.md,hz-017566-hopscotcht-hopskotf,sources/Hezareh_Dictionary_Index/source/Hezareh_Part_04_PDF_0751-1000.md#L3254-L3254,False
horde,horde,horde,[],hz-017567,entry_candidate,raw_ocr,high,4,778,,dictionary/H/H-06.md,hz-017567-horde,sources/Hezareh_Dictionary_Index/source/Hezareh_Part_04_PDF_0751-1000.md#L3373-L3383,True
horizon,horizon,horizon,[],hz-017568,entry_candidate,raw_ocr,high,4,778,,dictionary/H/H-06.md,hz-017568-horizon,sources/Hezareh_Dictionary_Index/source/Hezareh_Part_04_PDF_0751-1000.md#L3315-L3315,True
horizontal,horizontal,horizontal,[],hz-017569,entry_candidate,raw_ocr,high,4,779,,dictionary/H/H-06.md,hz-017569-horizontal,sources/Hezareh_Dictionary_Index/source/Hezareh_Part_04_PDF_0751-1000.md#L3396-L3401,True
horizontally,horizontally,horizontally,[],hz-017570,entry_candidate,raw_ocr,high,4,779,,dictionary/H/H-06.md,hz-017570-horizontally,sources/Hezareh_Dictionary_Index/source/Hezareh_Part_04_PDF_0751-1000.md#L3402-L3403,True
hormonal,hormonal,hormonal,[],hz-017571,entry_candidate,raw_ocr,medium,4,779,,dictionary/H/H-06.md,hz-017571-hormonal,sources/Hezareh_Dictionary_Index/source/Hezareh_Part_04_PDF_0751-1000.md#L3404-L3404,True
hormone,hormone,hormone,[],hz-017572,entry_candidate,raw_ocr,medium,4,779,,dictionary/H/H-06.md,hz-017572-hormone,sources/Hezareh_Dictionary_Index/source/Hezareh_Part_04_PDF_0751-1000.md#L3405-L3419,True
horn of plenty,horn of plenty,horn of plenty,[],hz-017579,entry_candidate,raw_ocr,medium,4,779,,dictionary/H/H-06.md,hz-017579-horn-of-plenty,sources/Hezareh_Dictionary_Index/source/Hezareh_Part_04_PDF_0751-1000.md#L3430-L3436,True
hornbeam,hornbeam,hornbeam,[],hz-017573,entry_candidate,raw_ocr,medium,4,779,,dictionary/H/H-06.md,hz-017573-hornbeam,sources/Hezareh_Dictionary_Index/source/Hezareh_Part_04_PDF_0751-1000.md#L3420-L3420,True
hornbill,hornbill,hornbill,[],hz-017574,entry_candidate,raw_ocr,medium,4,779,,dictionary/H/H-06.md,hz-017574-hornbill,sources/Hezareh_Dictionary_Index/source/Hezareh_Part_04_PDF_0751-1000.md#L3421-L3422,True
horned,horned,horned,[],hz-017575,entry_candidate,raw_ocr,medium,4,779,,dictionary/H/H-06.md,hz-017575-horned,sources/Hezareh_Dictionary_Index/source/Hezareh_Part_04_PDF_0751-1000.md#L3423-L3423,True
hornet,hornet,hornet,[],hz-017576,entry_candidate,raw_ocr,medium,4,779,,dictionary/H/H-06.md,hz-017576-hornet,sources/Hezareh_Dictionary_Index/source/Hezareh_Part_04_PDF_0751-1000.md#L3424-L3427,True
hornless,hornless,hornless,[],hz-017577,entry_candidate,raw_ocr,medium,4,779,,dictionary/H/H-06.md,hz-017577-hornless,sources/Hezareh_Dictionary_Index/source/Hezareh_Part_04_PDF_0751-1000.md#L3428-L3428,True
hornlike,hornlike,hornlike,[],hz-017578,entry_candidate,raw_ocr,medium,4,779,,dictionary/H/H-06.md,hz-017578-hornlike,sources/Hezareh_Dictionary_Index/source/Hezareh_Part_04_PDF_0751-1000.md#L3429-L3429,True
horny,horny,horny,[],hz-017580,entry_candidate,raw_ocr,high,4,779,,dictionary/H/H-06.md,hz-017580-horny,sources/Hezareh_Dictionary_Index/source/Hezareh_Part_04_PDF_0751-1000.md#L3437-L3447,True
horrendous,horrendous,horrendous,[],hz-017581,entry_candidate,raw_ocr,high,4,779,,dictionary/H/H-06.md,hz-017581-horrendous,sources/Hezareh_Dictionary_Index/source/Hezareh_Part_04_PDF_0751-1000.md#L3448-L3449,True
horrendously,horrendously,horrendously,[],hz-017582,entry_candidate,raw_ocr,medium,4,779,,dictionary/H/H-06.md,hz-017582-horrendously,sources/Hezareh_Dictionary_Index/source/Hezareh_Part_04_PDF_0751-1000.md#L3450-L3451,True
horrible,horrible,horrible,[],hz-017583,entry_candidate,raw_ocr,medium,4,779,,dictionary/H/H-06.md,hz-017583-horrible,sources/Hezareh_Dictionary_Index/source/Hezareh_Part_04_PDF_0751-1000.md#L3452-L3454,True
horribly,horribly,horribly,[],hz-017584,entry_candidate,raw_ocr,high,4,779,,dictionary/H/H-06.md,hz-017584-horribly,sources/Hezareh_Dictionary_Index/source/Hezareh_Part_04_PDF_0751-1000.md#L3455-L3460,True
horrid,horrid,horrid,[],hz-017585,entry_candidate,raw_ocr,hint_only,4,779,,dictionary/H/H-06.md,hz-017585-horrid,sources/Hezareh_Dictionary_Index/source/Hezareh_Part_04_PDF_0751-1000.md#L3387-L3387,False
horridly,horridly,horridly,[],hz-017586,entry_candidate,raw_ocr,medium,4,779,,dictionary/H/H-06.md,hz-017586-horridly,sources/Hezareh_Dictionary_Index/source/Hezareh_Part_04_PDF_0751-1000.md#L3461-L3463,True
horridneSS,horridness,horridness,[],hz-017587,entry_candidate,raw_ocr,medium,4,779,,dictionary/H/H-06.md,hz-017587-horridness,sources/Hezareh_Dictionary_Index/source/Hezareh_Part_04_PDF_0751-1000.md#L3464-L3466,True
horrific,horrific,horrific,[],hz-017588,entry_candidate,raw_ocr,medium,4,779,,dictionary/H/H-06.md,hz-017588-horrific,sources/Hezareh_Dictionary_Index/source/Hezareh_Part_04_PDF_0751-1000.md#L3467-L3468,True
horrifically,horrifically,horrifically,[],hz-017589,entry_candidate,raw_ocr,low,4,779,,dictionary/H/H-06.md,hz-017589-horrifically,sources/Hezareh_Dictionary_Index/source/Hezareh_Part_04_PDF_0751-1000.md#L3469-L3473,True
horrifying,horrifying,horrifying,[],hz-017590,entry_candidate,raw_ocr,medium,4,779,,dictionary/H/H-06.md,hz-017590-horrifying,sources/Hezareh_Dictionary_Index/source/Hezareh_Part_04_PDF_0751-1000.md#L3474-L3475,True
horrifyingly,horrifyingly,horrifyingly,[],hz-017591,entry_candidate,raw_ocr,high,4,779,,dictionary/H/H-06.md,hz-017591-horrifyingly,sources/Hezareh_Dictionary_Index/source/Hezareh_Part_04_PDF_0751-1000.md#L3476-L3483,True
horror,horror,horror,[],hz-017592,entry_candidate,raw_ocr,high,4,779,,dictionary/H/H-06.md,hz-017592-horror,sources/Hezareh_Dictionary_Index/source/Hezareh_Part_04_PDF_0751-1000.md#L3484-L3491,True
horror-strlcken,horror-strlcken,horror-strlcken,[],hz-017594,entry_candidate,raw_ocr,hint_only,4,779,,dictionary/H/H-06.md,hz-017594-horror-strlcken,sources/Hezareh_Dictionary_Index/source/Hezareh_Part_04_PDF_0751-1000.md#L3387-L3387,False
horror-struck,horror-struck,horror-struck,[],hz-017595,entry_candidate,raw_ocr,high,4,779,,dictionary/H/H-06.md,hz-017595-horror-struck,sources/Hezareh_Dictionary_Index/source/Hezareh_Part_04_PDF_0751-1000.md#L3492-L3496,True
horrors,horrors,horrors,[],hz-017593,entry_candidate,raw_ocr,medium,4,779,,dictionary/H/H-06.md,hz-017593-horrors,sources/Hezareh_Dictionary_Index/source/Hezareh_Part_04_PDF_0751-1000.md#L3484-L3491,True
hors-d'oeuvre,hors-d'oeuvre,hors-d'oeuvre,[],hz-017596,entry_candidate,raw_ocr,high,4,780,,dictionary/H/H-06.md,hz-017596-hors-d-oeuvre,sources/Hezareh_Dictionary_Index/source/Hezareh_Part_04_PDF_0751-1000.md#L3513-L3517,True
horse,horse,horse,[],hz-017597,entry_candidate,raw_ocr,high,4,780,,dictionary/H/H-06.md,hz-017597-horse,sources/Hezareh_Dictionary_Index/source/Hezareh_Part_04_PDF_0751-1000.md#L3518-L3545,True
horse about,horse about,horse about,[],hz-017598,entry_candidate,raw_ocr,high,4,780,,dictionary/H/H-06.md,hz-017598-horse-about,sources/Hezareh_Dictionary_Index/source/Hezareh_Part_04_PDF_0751-1000.md#L3546-L3548,True
horse artillery,horse artillery,horse artillery,[],hz-017599,entry_candidate,raw_ocr,hint_only,4,780,,dictionary/H/H-06.md,hz-017599-horse-artillery,sources/Hezareh_Dictionary_Index/source/Hezareh_Part_04_PDF_0751-1000.md#L3500-L3500,False
horse breeder,horse breeder,horse breeder,[],hz-017602,entry_candidate,raw_ocr,hint_only,4,780,,dictionary/H/H-06.md,hz-017602-horse-breeder,sources/Hezareh_Dictionary_Index/source/Hezareh_Part_04_PDF_0751-1000.md#L3500-L3500,False
Horse Guards,horse guards,horse guards,[],hz-017607,entry_candidate,raw_ocr,high,4,780,,dictionary/H/H-06.md,hz-017607-horse-guards,sources/Hezareh_Dictionary_Index/source/Hezareh_Part_04_PDF_0751-1000.md#L3568-L3569,True
horse latitudes,horse latitudes,horse latitudes,[],hz-017610,entry_candidate,raw_ocr,high,4,780,,dictionary/H/H-06.md,hz-017610-horse-latitudes,sources/Hezareh_Dictionary_Index/source/Hezareh_Part_04_PDF_0751-1000.md#L3572-L3573,True
horse manure,horse manure,horse manure,[],hz-017613,entry_candidate,raw_ocr,high,4,780,,dictionary/H/H-06.md,hz-017613-horse-manure,sources/Hezareh_Dictionary_Index/source/Hezareh_Part_04_PDF_0751-1000.md#L3578-L3578,True
horse sense,horse sense,horse sense,[],hz-017619,entry_candidate,raw_ocr,high,4,780,,dictionary/H/H-06.md,hz-017619-horse-sense,sources/Hezareh_Dictionary_Index/source/Hezareh_Part_04_PDF_0751-1000.md#L3588-L3589,True
horse trading,horse trading,horse trading,[],hz-017621,entry_candidate,raw_ocr,high,4,780,,dictionary/H/H-06.md,hz-017621-horse-trading,sources/Hezareh_Dictionary_Index/source/Hezareh_Part_04_PDF_0751-1000.md#L3592-L3593,True
horse-dealer,horse-dealer,horse-dealer,[],hz-017604,entry_candidate,raw_ocr,high,4,780,,dictionary/H/H-06.md,hz-017604-horse-dealer,sources/Hezareh_Dictionary_Index/source/Hezareh_Part_04_PDF_0751-1000.md#L3563-L3563,True
horse-drawn,horse-drawn,horse-drawn,[],hz-017605,entry_candidate,raw_ocr,high,4,780,,dictionary/H/H-06.md,hz-017605-horse-drawn,sources/Hezareh_Dictionary_Index/source/Hezareh_Part_04_PDF_0751-1000.md#L3564-L3564,True
horse-pond,horse-pond,horse-pond,[],hz-017616,entry_candidate,raw_ocr,high,4,780,,dictionary/H/H-06.md,hz-017616-horse-pond,sources/Hezareh_Dictionary_Index/source/Hezareh_Part_04_PDF_0751-1000.md#L3581-L3581,True
horse-racing,horse-racing,horse-racing,[],hz-017618,entry_candidate,raw_ocr,high,4,780,,dictionary/H/H-06.md,hz-017618-horse-racing,sources/Hezareh_Dictionary_Index/source/Hezareh_Part_04_PDF_0751-1000.md#L3585-L3587,True
horseback,horseback,horseback,[],hz-017600,entry_candidate,raw_ocr,high,4,780,,dictionary/H/H-06.md,hz-017600-horseback,sources/Hezareh_Dictionary_Index/source/Hezareh_Part_04_PDF_0751-1000.md#L3549-L3550,True
horsebox,horsebox,horsebox,[],hz-017601,entry_candidate,raw_ocr,high,4,780,,dictionary/H/H-06.md,hz-017601-horsebox,sources/Hezareh_Dictionary_Index/source/Hezareh_Part_04_PDF_0751-1000.md#L3551-L3552,True
horsecar,horsecar,horsecar,[],hz-017603,entry_candidate,raw_ocr,high,4,780,,dictionary/H/H-06.md,hz-017603-horsecar,sources/Hezareh_Dictionary_Index/source/Hezareh_Part_04_PDF_0751-1000.md#L3553-L3562,True
horseflesh,horseflesh,horseflesh,[],hz-017606,entry_candidate,raw_ocr,high,4,780,,dictionary/H/H-06.md,hz-017606-horseflesh,sources/Hezareh_Dictionary_Index/source/Hezareh_Part_04_PDF_0751-1000.md#L3565-L3567,True
horsehair,horsehair,horsehair,[],hz-017608,entry_candidate,raw_ocr,high,4,780,,dictionary/H/H-06.md,hz-017608-horsehair,sources/Hezareh_Dictionary_Index/source/Hezareh_Part_04_PDF_0751-1000.md#L3570-L3570,True
horsehide,horsehide,horsehide,[],hz-017609,entry_candidate,raw_ocr,high,4,780,,dictionary/H/H-06.md,hz-017609-horsehide,sources/Hezareh_Dictionary_Index/source/Hezareh_Part_04_PDF_0751-1000.md#L3571-L3571,True
horselaugh,horselaugh,horselaugh,[],hz-017611,entry_candidate,raw_ocr,high,4,780,,dictionary/H/H-06.md,hz-017611-horselaugh,sources/Hezareh_Dictionary_Index/source/Hezareh_Part_04_PDF_0751-1000.md#L3574-L3574,True
horseman,horseman,horseman,[],hz-017612,entry_candidate,raw_ocr,high,4,780,,dictionary/H/H-06.md,hz-017612-horseman,sources/Hezareh_Dictionary_Index/source/Hezareh_Part_04_PDF_0751-1000.md#L3575-L3577,True
horsemeat,horsemeat,horsemeat,[],hz-017614,entry_candidate,raw_ocr,high,4,780,,dictionary/H/H-06.md,hz-017614-horsemeat,sources/Hezareh_Dictionary_Index/source/Hezareh_Part_04_PDF_0751-1000.md#L3579-L3579,True
horseplay,horseplay,horseplay,[],hz-017615,entry_candidate,raw_ocr,high,4,780,,dictionary/H/H-06.md,hz-017615-horseplay,sources/Hezareh_Dictionary_Index/source/Hezareh_Part_04_PDF_0751-1000.md#L3580-L3580,True
horsepower,horsepower,horsepower,[],hz-017617,entry_candidate,raw_ocr,high,4,780,,dictionary/H/H-06.md,hz-017617-horsepower,sources/Hezareh_Dictionary_Index/source/Hezareh_Part_04_PDF_0751-1000.md#L3582-L3584,True
horseshoe,horseshoe,horseshoe,[],hz-017620,entry_candidate,raw_ocr,high,4,780,,dictionary/H/H-06.md,hz-017620-horseshoe,sources/Hezareh_Dictionary_Index/source/Hezareh_Part_04_PDF_0751-1000.md#L3590-L3591,True
horsewhip,horsewhip,horsewhip,[],hz-017622,entry_candidate,raw_ocr,high,4,780,,dictionary/H/H-06.md,hz-017622-horsewhip,sources/Hezareh_Dictionary_Index/source/Hezareh_Part_04_PDF_0751-1000.md#L3594-L3596,True
horsewoman,horsewoman,horsewoman,[],hz-017623,entry_candidate,raw_ocr,high,4,780,,dictionary/H/H-06.md,hz-017623-horsewoman,sources/Hezareh_Dictionary_Index/source/Hezareh_Part_04_PDF_0751-1000.md#L3597-L3599,True
horsy,horsy,horsy,[],hz-017624,entry_candidate,raw_ocr,high,4,780,,dictionary/H/H-06.md,hz-017624-horsy,sources/Hezareh_Dictionary_Index/source/Hezareh_Part_04_PDF_0751-1000.md#L3600-L3603,True
hortative,hortative,hortative,[],hz-017625,entry_candidate,raw_ocr,high,4,780,,dictionary/H/H-06.md,hz-017625-hortative,sources/Hezareh_Dictionary_Index/source/Hezareh_Part_04_PDF_0751-1000.md#L3604-L3605,True
horticultural,horticultural,horticultural,[],hz-017626,entry_candidate,raw_ocr,high,4,780,,dictionary/H/H-06.md,hz-017626-horticultural,sources/Hezareh_Dictionary_Index/source/Hezareh_Part_04_PDF_0751-1000.md#L3606-L3611,True
horticulture,horticulture,horticulture,[],hz-017627,entry_candidate,raw_ocr,high,4,781,,dictionary/H/H-06.md,hz-017627-horticulture,sources/Hezareh_Dictionary_Index/source/Hezareh_Part_04_PDF_0751-1000.md#L3624-L3625,True
horticulturist,horticulturist,horticulturist,[],hz-017628,entry_candidate,raw_ocr,medium,4,781,,dictionary/H/H-06.md,hz-017628-horticulturist,sources/Hezareh_Dictionary_Index/source/Hezareh_Part_04_PDF_0751-1000.md#L3626-L3634,True
hosannathau'zrena,hosannathau'zrena,hosannathau'zrena,[],hz-017629,entry_candidate,raw_ocr,hint_only,4,781,,dictionary/H/H-06.md,hz-017629-hosannathau-zrena,sources/Hezareh_Dictionary_Index/source/Hezareh_Part_04_PDF_0751-1000.md#L3615-L3615,False
hosier,hosier,hosier,[],hz-017630,entry_candidate,raw_ocr,medium,4,781,,dictionary/H/H-06.md,hz-017630-hosier,sources/Hezareh_Dictionary_Index/source/Hezareh_Part_04_PDF_0751-1000.md#L3635-L3636,True
hosiery,hosiery,hosiery,[],hz-017631,entry_candidate,raw_ocr,medium,4,781,,dictionary/H/H-06.md,hz-017631-hosiery,sources/Hezareh_Dictionary_Index/source/Hezareh_Part_04_PDF_0751-1000.md#L3637-L3640,True
hospitable,hospitable,hospitable,[],hz-017632,entry_candidate,raw_ocr,medium,4,781,,dictionary/H/H-06.md,hz-017632-hospitable,sources/Hezareh_Dictionary_Index/source/Hezareh_Part_04_PDF_0751-1000.md#L3641-L3642,True
hospitably,hospitably,hospitably,[],hz-017633,entry_candidate,raw_ocr,medium,4,781,,dictionary/H/H-06.md,hz-017633-hospitably,sources/Hezareh_Dictionary_Index/source/Hezareh_Part_04_PDF_0751-1000.md#L3643-L3649,True
hospitalisation,hospitalisation,hospitalisation,[],hz-017635,entry_candidate,raw_ocr,hint_only,4,781,,dictionary/H/H-06.md,hz-017635-hospitalisation,sources/Hezareh_Dictionary_Index/source/Hezareh_Part_04_PDF_0751-1000.md#L3615-L3615,False
hospitalise,hospitalise,hospitalise,[],hz-017636,entry_candidate,raw_ocr,high,4,781,,dictionary/H/H-06.md,hz-017636-hospitalise,sources/Hezareh_Dictionary_Index/source/Hezareh_Part_04_PDF_0751-1000.md#L3650-L3650,True
hospitality,hospitality,hospitality,[],hz-017637,entry_candidate,raw_ocr,medium,4,781,,dictionary/H/H-06.md,hz-017637-hospitality,sources/Hezareh_Dictionary_Index/source/Hezareh_Part_04_PDF_0751-1000.md#L3651-L3651,True
hospitalization,hospitalization,hospitalization,[],hz-017638,entry_candidate,raw_ocr,high,4,781,,dictionary/H/H-06.md,hz-017638-hospitalization,sources/Hezareh_Dictionary_Index/source/Hezareh_Part_04_PDF_0751-1000.md#L3652-L3653,True
hospitalize,hospitalize,hospitalize,[],hz-017639,entry_candidate,raw_ocr,medium,4,781,,dictionary/H/H-06.md,hz-017639-hospitalize,sources/Hezareh_Dictionary_Index/source/Hezareh_Part_04_PDF_0751-1000.md#L3654-L3664,True
hospitalt'hospJtl,hospitalt'hospjtl,hospitalt'hospjtl,[],hz-017634,entry_candidate,raw_ocr,hint_only,4,781,,dictionary/H/H-06.md,hz-017634-hospitalt-hospjtl,sources/Hezareh_Dictionary_Index/source/Hezareh_Part_04_PDF_0751-1000.md#L3615-L3615,False
Host,host,host,[],hz-017640,entry_candidate,raw_ocr,high,4,781,,dictionary/H/H-06.md,hz-017640-host,sources/Hezareh_Dictionary_Index/source/Hezareh_Part_04_PDF_0751-1000.md#L3665-L3666,True
hostage,hostage,hostage,[],hz-017641,entry_candidate,raw_ocr,medium,4,781,,dictionary/H/H-06.md,hz-017641-hostage,sources/Hezareh_Dictionary_Index/source/Hezareh_Part_04_PDF_0751-1000.md#L3667-L3668,True
hostel,hostel,hostel,[],hz-017643,entry_candidate,raw_ocr,medium,4,781,,dictionary/H/H-06.md,hz-017643-hostel,sources/Hezareh_Dictionary_Index/source/Hezareh_Part_04_PDF_0751-1000.md#L3676-L3679,True
hostelry,hostelry,hostelry,[],hz-017644,entry_candidate,raw_ocr,medium,4,781,,dictionary/H/H-06.md,hz-017644-hostelry,sources/Hezareh_Dictionary_Index/source/Hezareh_Part_04_PDF_0751-1000.md#L3680-L3681,True
hostess,hostess,hostess,[],hz-017645,entry_candidate,raw_ocr,low,4,781,,dictionary/H/H-06.md,hz-017645-hostess,sources/Hezareh_Dictionary_Index/source/Hezareh_Part_04_PDF_0751-1000.md#L3682-L3684,True
hostile,hostile,hostile,[],hz-017646,entry_candidate,raw_ocr,medium,4,781,,dictionary/H/H-06.md,hz-017646-hostile,sources/Hezareh_Dictionary_Index/source/Hezareh_Part_04_PDF_0751-1000.md#L3685-L3689,True
hostilely,hostilely,hostilely,[],hz-017647,entry_candidate,raw_ocr,medium,4,781,,dictionary/H/H-06.md,hz-017647-hostilely,sources/Hezareh_Dictionary_Index/source/Hezareh_Part_04_PDF_0751-1000.md#L3690-L3691,True
hostility,hostility,hostility,[],hz-017648,entry_candidate,raw_ocr,medium,4,781,,dictionary/H/H-06.md,hz-017648-hostility,sources/Hezareh_Dictionary_Index/source/Hezareh_Part_04_PDF_0751-1000.md#L3692-L3718,True
hot,hot,hot,[],hz-017654,entry_candidate,raw_ocr,high,4,782,,dictionary/H/H-06.md,hz-017654-hot,sources/Hezareh_Dictionary_Index/source/Hezareh_Part_04_PDF_0751-1000.md#L3803-L3803,True
hot air,hot air,hot air,[],hz-017655,entry_candidate,raw_ocr,medium,4,782,,dictionary/H/H-06.md,hz-017655-hot-air,sources/Hezareh_Dictionary_Index/source/Hezareh_Part_04_PDF_0751-1000.md#L3767-L3767,True
hot cake,hot cake,hot cake,[],hz-017659,entry_candidate,raw_ocr,medium,4,782,,dictionary/H/H-06.md,hz-017659-hot-cake,sources/Hezareh_Dictionary_Index/source/Hezareh_Part_04_PDF_0751-1000.md#L3773-L3774,True
hot cross bun,hot cross bun,hot cross bun,[],hz-017661,entry_candidate,raw_ocr,high,4,782,,dictionary/H/H-06.md,hz-017661-hot-cross-bun,sources/Hezareh_Dictionary_Index/source/Hezareh_Part_04_PDF_0751-1000.md#L3777-L3778,True
hot dog,hot dog,hot dog,[],hz-017662,entry_candidate,raw_ocr,medium,4,782,,dictionary/H/H-06.md,hz-017662-hot-dog,sources/Hezareh_Dictionary_Index/source/Hezareh_Part_04_PDF_0751-1000.md#L3779-L3780,True
hot favourite,hot favourite,hot favourite,[],hz-017664,entry_candidate,raw_ocr,medium,4,782,,dictionary/H/H-06.md,hz-017664-hot-favourite,sources/Hezareh_Dictionary_Index/source/Hezareh_Part_04_PDF_0751-1000.md#L3791-L3792,True
hot flush,hot flush,hot flush,[],hz-017665,entry_candidate,raw_ocr,high,4,782,,dictionary/H/H-06.md,hz-017665-hot-flush,sources/Hezareh_Dictionary_Index/source/Hezareh_Part_04_PDF_0751-1000.md#L3793-L3793,True
hot gospeller,hot gospeller,hot gospeller,[],hz-017667,entry_candidate,raw_ocr,high,4,782,,dictionary/H/H-06.md,hz-017667-hot-gospeller,sources/Hezareh_Dictionary_Index/source/Hezareh_Part_04_PDF_0751-1000.md#L3797-L3798,True
hot linet'hot lain,hot linet'hot lain,hot linet'hot lain,[],hz-017671,entry_candidate,raw_ocr,hint_only,4,782,,dictionary/H/H-06.md,hz-017671-hot-linet-hot-lain,sources/Hezareh_Dictionary_Index/source/Hezareh_Part_04_PDF_0751-1000.md#L3727-L3727,False
hot money,hot money,hot money,[],hz-017673,entry_candidate,raw_ocr,high,4,782,,dictionary/H/H-06.md,hz-017673-hot-money,sources/Hezareh_Dictionary_Index/source/Hezareh_Part_04_PDF_0751-1000.md#L3806-L3808,True
hot on sb 's I sth 's heels,hot on sb 's i sth 's heels,hot on sb 's i sth 's heels,[],hz-017649,entry_candidate,raw_ocr,hint_only,4,781,,dictionary/H/H-06.md,hz-017649-hot-on-sb-s-i-sth-s-heels,sources/Hezareh_Dictionary_Index/source/Hezareh_Part_04_PDF_0751-1000.md#L3615-L3615,False
hot onsb's,hot onsb's,hot onsb's,[],hz-016967,entry_candidate,raw_ocr,hint_only,4,752,,dictionary/H/H-06.md,hz-016967-hot-onsb-s,sources/Hezareh_Dictionary_Index/source/Hezareh_Part_04_PDF_0751-1000.md#L259-L259,False
hot potato,hot potato,hot potato,[],hz-017677,entry_candidate,raw_ocr,high,4,782,,dictionary/H/H-06.md,hz-017677-hot-potato,sources/Hezareh_Dictionary_Index/source/Hezareh_Part_04_PDF_0751-1000.md#L3812-L3813,True
hot property,hot property,hot property,[],hz-017678,entry_candidate,raw_ocr,high,4,782,,dictionary/H/H-06.md,hz-017678-hot-property,sources/Hezareh_Dictionary_Index/source/Hezareh_Part_04_PDF_0751-1000.md#L3814-L3815,True
hot rod,hot rod,hot rod,[],hz-017679,entry_candidate,raw_ocr,high,4,782,,dictionary/H/H-06.md,hz-017679-hot-rod,sources/Hezareh_Dictionary_Index/source/Hezareh_Part_04_PDF_0751-1000.md#L3816-L3817,True
hot seat,hot seat,hot seat,[],hz-017681,entry_candidate,raw_ocr,high,4,782,,dictionary/H/H-06.md,hz-017681-hot-seat,sources/Hezareh_Dictionary_Index/source/Hezareh_Part_04_PDF_0751-1000.md#L3821-L3824,True
hot spot,hot spot,hot spot,[],hz-017683,entry_candidate,raw_ocr,high,4,782,,dictionary/H/H-06.md,hz-017683-hot-spot,sources/Hezareh_Dictionary_Index/source/Hezareh_Part_04_PDF_0751-1000.md#L3826-L3827,True
hot spring,hot spring,hot spring,[],hz-017684,entry_candidate,raw_ocr,high,4,782,,dictionary/H/H-06.md,hz-017684-hot-spring,sources/Hezareh_Dictionary_Index/source/Hezareh_Part_04_PDF_0751-1000.md#L3828-L3828,True
hot stuff,hot stuff,hot stuff,[],hz-017685,entry_candidate,raw_ocr,high,4,782,,dictionary/H/H-06.md,hz-017685-hot-stuff,sources/Hezareh_Dictionary_Index/source/Hezareh_Part_04_PDF_0751-1000.md#L3829-L3831,True
hot-air balloon,hot-air balloon,hot-air balloon,[],hz-017656,entry_candidate,raw_ocr,medium,4,782,,dictionary/H/H-06.md,hz-017656-hot-air-balloon,sources/Hezareh_Dictionary_Index/source/Hezareh_Part_04_PDF_0751-1000.md#L3768-L3768,True
hot-blooded,hot-blooded,hot-blooded,[],hz-017658,entry_candidate,raw_ocr,medium,4,782,,dictionary/H/H-06.md,hz-017658-hot-blooded,sources/Hezareh_Dictionary_Index/source/Hezareh_Part_04_PDF_0751-1000.md#L3771-L3772,True
hot-tempered,hot-tempered,hot-tempered,[],hz-017686,entry_candidate,raw_ocr,high,4,782,,dictionary/H/H-06.md,hz-017686-hot-tempered,sources/Hezareh_Dictionary_Index/source/Hezareh_Part_04_PDF_0751-1000.md#L3832-L3837,True
hot-water-bottle,hot-water-bottle,hot-water-bottle,[],hz-017687,entry_candidate,raw_ocr,high,4,783,,dictionary/H/H-06.md,hz-017687-hot-water-bottle,sources/Hezareh_Dictionary_Index/source/Hezareh_Part_04_PDF_0751-1000.md#L3851-L3852,True
hotbed,hotbed,hotbed,[],hz-017657,entry_candidate,raw_ocr,medium,4,782,,dictionary/H/H-06.md,hz-017657-hotbed,sources/Hezareh_Dictionary_Index/source/Hezareh_Part_04_PDF_0751-1000.md#L3769-L3770,True
hotchpotch,hotchpotch,hotchpotch,[],hz-017660,entry_candidate,raw_ocr,low,4,782,,dictionary/H/H-06.md,hz-017660-hotchpotch,sources/Hezareh_Dictionary_Index/source/Hezareh_Part_04_PDF_0751-1000.md#L3775-L3776,True
hotel,hotel,hotel,[],hz-017653,entry_candidate,raw_ocr,medium,4,782,,dictionary/H/H-06.md,hz-017653-hotel,sources/Hezareh_Dictionary_Index/source/Hezareh_Part_04_PDF_0751-1000.md#L3781-L3788,True
hotelier,hotelier,hotelier,[],hz-017663,entry_candidate,raw_ocr,high,4,782,,dictionary/H/H-06.md,hz-017663-hotelier,sources/Hezareh_Dictionary_Index/source/Hezareh_Part_04_PDF_0751-1000.md#L3789-L3790,True
hotfoot,hotfoot,hotfoot,[],hz-017666,entry_candidate,raw_ocr,high,4,782,,dictionary/H/H-06.md,hz-017666-hotfoot,sources/Hezareh_Dictionary_Index/source/Hezareh_Part_04_PDF_0751-1000.md#L3794-L3796,True
hothead,hothead,hothead,[],hz-017668,entry_candidate,raw_ocr,high,4,782,,dictionary/H/H-06.md,hz-017668-hothead,sources/Hezareh_Dictionary_Index/source/Hezareh_Part_04_PDF_0751-1000.md#L3799-L3799,True
hotheaded,hotheaded,hotheaded,[],hz-017669,entry_candidate,raw_ocr,high,4,782,,dictionary/H/H-06.md,hz-017669-hotheaded,sources/Hezareh_Dictionary_Index/source/Hezareh_Part_04_PDF_0751-1000.md#L3800-L3801,True
hothouse,hothouse,hothouse,[],hz-017670,entry_candidate,raw_ocr,high,4,782,,dictionary/H/H-06.md,hz-017670-hothouse,sources/Hezareh_Dictionary_Index/source/Hezareh_Part_04_PDF_0751-1000.md#L3802-L3802,True
hotly,hotly,hotly,[],hz-017672,entry_candidate,raw_ocr,high,4,782,,dictionary/H/H-06.md,hz-017672-hotly,sources/Hezareh_Dictionary_Index/source/Hezareh_Part_04_PDF_0751-1000.md#L3804-L3805,True
hotpa nts,hotpa nts,hotpa nts,[],hz-017674,entry_candidate,raw_ocr,hint_only,4,782,,dictionary/H/H-06.md,hz-017674-hotpa-nts,sources/Hezareh_Dictionary_Index/source/Hezareh_Part_04_PDF_0751-1000.md#L3727-L3727,False
hotplate,hotplate,hotplate,[],hz-017675,entry_candidate,raw_ocr,high,4,782,,dictionary/H/H-06.md,hz-017675-hotplate,sources/Hezareh_Dictionary_Index/source/Hezareh_Part_04_PDF_0751-1000.md#L3809-L3811,True
hotpot,hotpot,hotpot,[],hz-017676,entry_candidate,raw_ocr,hint_only,4,782,,dictionary/H/H-06.md,hz-017676-hotpot,sources/Hezareh_Dictionary_Index/source/Hezareh_Part_04_PDF_0751-1000.md#L3727-L3727,False
hots,hots,hots,[],hz-017680,entry_candidate,raw_ocr,high,4,782,,dictionary/H/H-06.md,hz-017680-hots,sources/Hezareh_Dictionary_Index/source/Hezareh_Part_04_PDF_0751-1000.md#L3818-L3820,True
hotshot,hotshot,hotshot,[],hz-017682,entry_candidate,raw_ocr,high,4,782,,dictionary/H/H-06.md,hz-017682-hotshot,sources/Hezareh_Dictionary_Index/source/Hezareh_Part_04_PDF_0751-1000.md#L3825-L3825,True
hound,hound,hound,[],hz-017688,entry_candidate,raw_ocr,medium,4,783,,dictionary/H/H-06.md,hz-017688-hound,sources/Hezareh_Dictionary_Index/source/Hezareh_Part_04_PDF_0751-1000.md#L3853-L3887,True
hour,hour,hour,[],hz-017689,entry_candidate,raw_ocr,medium,4,783,,dictionary/H/H-06.md,hz-017689-hour,sources/Hezareh_Dictionary_Index/source/Hezareh_Part_04_PDF_0751-1000.md#L3895-L3896,True
hour hand,hour hand,hour hand,[],hz-017694,entry_candidate,raw_ocr,medium,4,783,,dictionary/H/H-06.md,hz-017694-hour-hand,sources/Hezareh_Dictionary_Index/source/Hezareh_Part_04_PDF_0751-1000.md#L3895-L3896,True
hourglass,hourglass,hourglass,[],hz-017693,entry_candidate,raw_ocr,medium,4,783,,dictionary/H/H-06.md,hz-017693-hourglass,sources/Hezareh_Dictionary_Index/source/Hezareh_Part_04_PDF_0751-1000.md#L3894-L3894,True
houri,houri,houri,[],hz-017692,entry_candidate,raw_ocr,medium,4,783,,dictionary/H/H-06.md,hz-017692-houri,sources/Hezareh_Dictionary_Index/source/Hezareh_Part_04_PDF_0751-1000.md#L3897-L3901,True
hourly,hourly,hourly,[],hz-017690,entry_candidate,raw_ocr,low,4,783,,dictionary/H/H-06.md,hz-017690-hourly,sources/Hezareh_Dictionary_Index/source/Hezareh_Part_04_PDF_0751-1000.md#L3902-L3942,True
House,house,house,[],hz-017695,entry_candidate,raw_ocr,high,4,783,,dictionary/H/H-06.md,hz-017695-house,sources/Hezareh_Dictionary_Index/source/Hezareh_Part_04_PDF_0751-1000.md#L3943-L3946,True
house agent,house agent,house agent,[],hz-017696,entry_candidate,raw_ocr,medium,4,783,,dictionary/H/H-06.md,hz-017696-house-agent,sources/Hezareh_Dictionary_Index/source/Hezareh_Part_04_PDF_0751-1000.md#L3947-L3949,True
house dress,house dress,house dress,[],hz-017706,entry_candidate,raw_ocr,medium,4,784,,dictionary/H/H-06.md,hz-017706-house-dress,sources/Hezareh_Dictionary_Index/source/Hezareh_Part_04_PDF_0751-1000.md#L3977-L3977,True
house flag,house flag,house flag,[],hz-017708,entry_candidate,raw_ocr,medium,4,784,,dictionary/H/H-06.md,hz-017708-house-flag,sources/Hezareh_Dictionary_Index/source/Hezareh_Part_04_PDF_0751-1000.md#L3980-L3981,True
house martin,house martin,house martin,[],hz-017723,entry_candidate,raw_ocr,high,4,784,,dictionary/H/H-06.md,hz-017723-house-martin,sources/Hezareh_Dictionary_Index/source/Hezareh_Part_04_PDF_0751-1000.md#L4017-L4018,True
house mother,house mother,house mother,[],hz-017726,entry_candidate,raw_ocr,high,4,784,,dictionary/H/H-06.md,hz-017726-house-mother,sources/Hezareh_Dictionary_Index/source/Hezareh_Part_04_PDF_0751-1000.md#L4023-L4027,True
House of God,house of god,house of god,[],hz-017727,entry_candidate,raw_ocr,high,4,784,,dictionary/H/H-06.md,hz-017727-house-of-god,sources/Hezareh_Dictionary_Index/source/Hezareh_Part_04_PDF_0751-1000.md#L4028-L4035,True
House of Worship,house of worship,house of worship,[],hz-017729,entry_candidate,raw_ocr,high,4,784,,dictionary/H/H-06.md,hz-017729-house-of-worship,sources/Hezareh_Dictionary_Index/source/Hezareh_Part_04_PDF_0751-1000.md#L4036-L4037,True
house physiciant'haus fmfn,house physiciant'haus fmfn,house physiciant'haus fmfn,[],hz-017731,entry_candidate,raw_ocr,hint_only,4,784,,dictionary/H/H-06.md,hz-017731-house-physiciant-haus-fmfn,sources/Hezareh_Dictionary_Index/source/Hezareh_Part_04_PDF_0751-1000.md#L3953-L3953,False
house plant,house plant,house plant,[],hz-017732,entry_candidate,raw_ocr,high,4,784,,dictionary/H/H-06.md,hz-017732-house-plant,sources/Hezareh_Dictionary_Index/source/Hezareh_Part_04_PDF_0751-1000.md#L4042-L4042,True
house sparrowl'haus speerou,house sparrowl'haus speerou,house sparrowl'haus speerou,[],hz-017738,entry_candidate,raw_ocr,hint_only,4,784,,dictionary/H/H-06.md,hz-017738-house-sparrowl-haus-speerou,sources/Hezareh_Dictionary_Index/source/Hezareh_Part_04_PDF_0751-1000.md#L3953-L3953,False
house surgeon,house surgeon,house surgeon,[],hz-017739,entry_candidate,raw_ocr,high,4,784,,dictionary/H/H-06.md,hz-017739-house-surgeon,sources/Hezareh_Dictionary_Index/source/Hezareh_Part_04_PDF_0751-1000.md#L4058-L4058,True
house-cleaning,house-cleaning,house-cleaning,[],hz-017702,entry_candidate,raw_ocr,high,4,784,,dictionary/H/H-06.md,hz-017702-house-cleaning,sources/Hezareh_Dictionary_Index/source/Hezareh_Part_04_PDF_0751-1000.md#L3972-L3972,True
house-coat,house-coat,house-coat,[],hz-017703,entry_candidate,raw_ocr,medium,4,784,,dictionary/H/H-06.md,hz-017703-house-coat,sources/Hezareh_Dictionary_Index/source/Hezareh_Part_04_PDF_0751-1000.md#L3973-L3973,True
house-father,house-father,house-father,[],hz-017707,entry_candidate,raw_ocr,medium,4,784,,dictionary/H/H-06.md,hz-017707-house-father,sources/Hezareh_Dictionary_Index/source/Hezareh_Part_04_PDF_0751-1000.md#L3978-L3979,True
house-party,house-party,house-party,[],hz-017730,entry_candidate,raw_ocr,high,4,784,,dictionary/H/H-06.md,hz-017730-house-party,sources/Hezareh_Dictionary_Index/source/Hezareh_Part_04_PDF_0751-1000.md#L4038-L4041,True
house-sitFhaus srt,house-sitfhaus srt,house-sitfhaus srt,[],hz-017735,entry_candidate,raw_ocr,hint_only,4,784,,dictionary/H/H-06.md,hz-017735-house-sitfhaus-srt,sources/Hezareh_Dictionary_Index/source/Hezareh_Part_04_PDF_0751-1000.md#L3953-L3953,False
house-sitter,house-sitter,house-sitter,[],hz-017736,entry_candidate,raw_ocr,high,4,784,,dictionary/H/H-06.md,hz-017736-house-sitter,sources/Hezareh_Dictionary_Index/source/Hezareh_Part_04_PDF_0751-1000.md#L4052-L4053,True
house-to-house,house-to-house,house-to-house,[],hz-017740,entry_candidate,raw_ocr,high,4,784,,dictionary/H/H-06.md,hz-017740-house-to-house,sources/Hezareh_Dictionary_Index/source/Hezareh_Part_04_PDF_0751-1000.md#L4059-L4063,True
house-trained,house-trained,house-trained,[],hz-017743,entry_candidate,raw_ocr,medium,4,785,,dictionary/H/H-06.md,hz-017743-house-trained,sources/Hezareh_Dictionary_Index/source/Hezareh_Part_04_PDF_0751-1000.md#L4081-L4082,True
house-warming,house-warming,house-warming,[],hz-017745,entry_candidate,raw_ocr,medium,4,785,,dictionary/H/H-06.md,hz-017745-house-warming,sources/Hezareh_Dictionary_Index/source/Hezareh_Part_04_PDF_0751-1000.md#L4085-L4087,True
houseboat,houseboat,houseboat,[],hz-017697,entry_candidate,raw_ocr,high,4,784,,dictionary/H/H-06.md,hz-017697-houseboat,sources/Hezareh_Dictionary_Index/source/Hezareh_Part_04_PDF_0751-1000.md#L3963-L3963,True
housebound,housebound,housebound,[],hz-017698,entry_candidate,raw_ocr,high,4,784,,dictionary/H/H-06.md,hz-017698-housebound,sources/Hezareh_Dictionary_Index/source/Hezareh_Part_04_PDF_0751-1000.md#L3964-L3964,True
housebreaker,housebreaker,housebreaker,[],hz-017699,entry_candidate,raw_ocr,high,4,784,,dictionary/H/H-06.md,hz-017699-housebreaker,sources/Hezareh_Dictionary_Index/source/Hezareh_Part_04_PDF_0751-1000.md#L3965-L3969,True
housebreakingt'hausbreikIIJ,housebreakingt'hausbreikiij,housebreakingt'hausbreikiij,[],hz-017700,entry_candidate,raw_ocr,hint_only,4,784,,dictionary/H/H-06.md,hz-017700-housebreakingt-hausbreikiij,sources/Hezareh_Dictionary_Index/source/Hezareh_Part_04_PDF_0751-1000.md#L3953-L3953,False
housebroken,housebroken,housebroken,[],hz-017701,entry_candidate,raw_ocr,medium,4,784,,dictionary/H/H-06.md,hz-017701-housebroken,sources/Hezareh_Dictionary_Index/source/Hezareh_Part_04_PDF_0751-1000.md#L3970-L3971,True
housecraft,housecraft,housecraft,[],hz-017704,entry_candidate,raw_ocr,medium,4,784,,dictionary/H/H-07.md,hz-017704-housecraft,sources/Hezareh_Dictionary_Index/source/Hezareh_Part_04_PDF_0751-1000.md#L3974-L3976,True
housedoq,housedoq,housedoq,[],hz-017705,entry_candidate,raw_ocr,hint_only,4,784,,dictionary/H/H-07.md,hz-017705-housedoq,sources/Hezareh_Dictionary_Index/source/Hezareh_Part_04_PDF_0751-1000.md#L3953-L3953,False
housefly,housefly,housefly,[],hz-017709,entry_candidate,raw_ocr,high,4,784,,dictionary/H/H-07.md,hz-017709-housefly,sources/Hezareh_Dictionary_Index/source/Hezareh_Part_04_PDF_0751-1000.md#L3982-L3982,True
houseful,houseful,houseful,[],hz-017710,entry_candidate,raw_ocr,medium,4,784,,dictionary/H/H-07.md,hz-017710-houseful,sources/Hezareh_Dictionary_Index/source/Hezareh_Part_04_PDF_0751-1000.md#L3983-L3984,True
houseguest,houseguest,houseguest,[],hz-017711,entry_candidate,raw_ocr,medium,4,784,,dictionary/H/H-07.md,hz-017711-houseguest,sources/Hezareh_Dictionary_Index/source/Hezareh_Part_04_PDF_0751-1000.md#L3985-L3990,True
household,household,household,[],hz-017712,entry_candidate,raw_ocr,high,4,784,,dictionary/H/H-07.md,hz-017712-household,sources/Hezareh_Dictionary_Index/source/Hezareh_Part_04_PDF_0751-1000.md#L3995-L3995,True
household name,household name,household name,[],hz-017715,entry_candidate,raw_ocr,high,4,784,,dictionary/H/H-07.md,hz-017715-household-name,sources/Hezareh_Dictionary_Index/source/Hezareh_Part_04_PDF_0751-1000.md#L3996-L3998,True
household word,household word,household word,[],hz-017716,entry_candidate,raw_ocr,high,4,784,,dictionary/H/H-07.md,hz-017716-household-word,sources/Hezareh_Dictionary_Index/source/Hezareh_Part_04_PDF_0751-1000.md#L3995-L3995,True
householder,householder,householder,[],hz-017714,entry_candidate,raw_ocr,medium,4,784,,dictionary/H/H-07.md,hz-017714-householder,sources/Hezareh_Dictionary_Index/source/Hezareh_Part_04_PDF_0751-1000.md#L3992-L3994,True
housekeeper,housekeeper,housekeeper,[],hz-017717,entry_candidate,raw_ocr,medium,4,784,,dictionary/H/H-07.md,hz-017717-housekeeper,sources/Hezareh_Dictionary_Index/source/Hezareh_Part_04_PDF_0751-1000.md#L3999-L3999,True
housekeeping,housekeeping,housekeeping,[],hz-017718,entry_candidate,raw_ocr,medium,4,784,,dictionary/H/H-07.md,hz-017718-housekeeping,sources/Hezareh_Dictionary_Index/source/Hezareh_Part_04_PDF_0751-1000.md#L4000-L4001,True
houselights,houselights,houselights,[],hz-017719,entry_candidate,raw_ocr,low,4,784,,dictionary/H/H-07.md,hz-017719-houselights,sources/Hezareh_Dictionary_Index/source/Hezareh_Part_04_PDF_0751-1000.md#L4002-L4003,True
housemaid,housemaid,housemaid,[],hz-017720,entry_candidate,raw_ocr,medium,4,784,,dictionary/H/H-07.md,hz-017720-housemaid,sources/Hezareh_Dictionary_Index/source/Hezareh_Part_04_PDF_0751-1000.md#L4004-L4004,True
housemaid's knee,housemaid's knee,housemaid's knee,[],hz-017721,entry_candidate,raw_ocr,medium,4,784,,dictionary/H/H-07.md,hz-017721-housemaid-s-knee,sources/Hezareh_Dictionary_Index/source/Hezareh_Part_04_PDF_0751-1000.md#L4005-L4006,True
houseman,houseman,houseman,[],hz-017722,entry_candidate,raw_ocr,high,4,784,,dictionary/H/H-07.md,hz-017722-houseman,sources/Hezareh_Dictionary_Index/source/Hezareh_Part_04_PDF_0751-1000.md#L4007-L4016,True
housemaster,housemaster,housemaster,[],hz-017724,entry_candidate,raw_ocr,high,4,784,,dictionary/H/H-07.md,hz-017724-housemaster,sources/Hezareh_Dictionary_Index/source/Hezareh_Part_04_PDF_0751-1000.md#L4019-L4020,True
housemistress,housemistress,housemistress,[],hz-017725,entry_candidate,raw_ocr,high,4,784,,dictionary/H/H-07.md,hz-017725-housemistress,sources/Hezareh_Dictionary_Index/source/Hezareh_Part_04_PDF_0751-1000.md#L4021-L4022,True
houseproud,houseproud,houseproud,[],hz-017733,entry_candidate,raw_ocr,high,4,784,,dictionary/H/H-07.md,hz-017733-houseproud,sources/Hezareh_Dictionary_Index/source/Hezareh_Part_04_PDF_0751-1000.md#L4043-L4043,True
houseroom,houseroom,houseroom,[],hz-017734,entry_candidate,raw_ocr,high,4,784,,dictionary/H/H-07.md,hz-017734-houseroom,sources/Hezareh_Dictionary_Index/source/Hezareh_Part_04_PDF_0751-1000.md#L4044-L4051,True
Houses of Parliament,houses of parliament,houses of parliament,[],hz-017737,entry_candidate,raw_ocr,high,4,784,,dictionary/H/H-07.md,hz-017737-houses-of-parliament,sources/Hezareh_Dictionary_Index/source/Hezareh_Part_04_PDF_0751-1000.md#L4054-L4057,True
housetop,housetop,housetop,[],hz-017741,entry_candidate,raw_ocr,high,4,785,,dictionary/H/H-07.md,hz-017741-housetop,sources/Hezareh_Dictionary_Index/source/Hezareh_Part_04_PDF_0751-1000.md#L4076-L4080,True
housewareS,housewares,housewares,[],hz-017744,entry_candidate,raw_ocr,low,4,785,,dictionary/H/H-07.md,hz-017744-housewares,sources/Hezareh_Dictionary_Index/source/Hezareh_Part_04_PDF_0751-1000.md#L4083-L4084,True
housewife,housewife,housewife,[],hz-017746,entry_candidate,raw_ocr,high,4,785,,dictionary/H/H-07.md,hz-017746-housewife,sources/Hezareh_Dictionary_Index/source/Hezareh_Part_04_PDF_0751-1000.md#L4088-L4089,True
housewifely,housewifely,housewifely,[],hz-017747,entry_candidate,raw_ocr,medium,4,785,,dictionary/H/H-07.md,hz-017747-housewifely,sources/Hezareh_Dictionary_Index/source/Hezareh_Part_04_PDF_0751-1000.md#L4090-L4094,True
housewifery,housewifery,housewifery,[],hz-017748,entry_candidate,raw_ocr,hint_only,4,785,,dictionary/H/H-07.md,hz-017748-housewifery,sources/Hezareh_Dictionary_Index/source/Hezareh_Part_04_PDF_0751-1000.md#L4067-L4067,False
housewives,housewives,housewives,[],hz-017749,entry_candidate,raw_ocr,high,4,785,,dictionary/H/H-07.md,hz-017749-housewives,sources/Hezareh_Dictionary_Index/source/Hezareh_Part_04_PDF_0751-1000.md#L4095-L4095,True
housework,housework,housework,[],hz-017750,entry_candidate,raw_ocr,medium,4,785,,dictionary/H/H-07.md,hz-017750-housework,sources/Hezareh_Dictionary_Index/source/Hezareh_Part_04_PDF_0751-1000.md#L4096-L4096,True
housewrecker,housewrecker,housewrecker,[],hz-017751,entry_candidate,raw_ocr,medium,4,785,,dictionary/H/H-07.md,hz-017751-housewrecker,sources/Hezareh_Dictionary_Index/source/Hezareh_Part_04_PDF_0751-1000.md#L4097-L4101,True
housing,housing,housing,[],hz-017752,entry_candidate,raw_ocr,medium,4,785,,dictionary/H/H-07.md,hz-017752-housing,sources/Hezareh_Dictionary_Index/source/Hezareh_Part_04_PDF_0751-1000.md#L4108-L4110,True
housing association,housing association,housing association,[],hz-017755,entry_candidate,raw_ocr,low,4,785,,dictionary/H/H-07.md,hz-017755-housing-association,sources/Hezareh_Dictionary_Index/source/Hezareh_Part_04_PDF_0751-1000.md#L4104-L4105,True
housing benefit,housing benefit,housing benefit,[],hz-017756,entry_candidate,raw_ocr,medium,4,785,,dictionary/H/H-07.md,hz-017756-housing-benefit,sources/Hezareh_Dictionary_Index/source/Hezareh_Part_04_PDF_0751-1000.md#L4106-L4107,True
housing estate,housing estate,housing estate,[],hz-017757,entry_candidate,raw_ocr,medium,4,785,,dictionary/H/H-07.md,hz-017757-housing-estate,sources/Hezareh_Dictionary_Index/source/Hezareh_Part_04_PDF_0751-1000.md#L4108-L4110,True
hove I houv,hove i houv,hove i houv,[],hz-017758,entry_candidate,raw_ocr,hint_only,4,785,,dictionary/H/H-07.md,hz-017758-hove-i-houv,sources/Hezareh_Dictionary_Index/source/Hezareh_Part_04_PDF_0751-1000.md#L4067-L4067,False
hovel,hovel,hovel,[],hz-017759,entry_candidate,raw_ocr,medium,4,785,,dictionary/H/H-07.md,hz-017759-hovel,sources/Hezareh_Dictionary_Index/source/Hezareh_Part_04_PDF_0751-1000.md#L4111-L4112,True
hover,hover,hover,[],hz-017760,entry_candidate,raw_ocr,medium,4,785,,dictionary/H/H-07.md,hz-017760-hover,sources/Hezareh_Dictionary_Index/source/Hezareh_Part_04_PDF_0751-1000.md#L4113-L4120,True
hovercraft,hovercraft,hovercraft,[],hz-017761,entry_candidate,raw_ocr,high,4,785,,dictionary/H/H-07.md,hz-017761-hovercraft,sources/Hezareh_Dictionary_Index/source/Hezareh_Part_04_PDF_0751-1000.md#L4121-L4141,True
How,how,how,[],hz-000075,entry_candidate,raw_ocr,medium,1,9,,dictionary/H/H-07.md,hz-000075-how,sources/Hezareh_Dictionary_Index/source/Hezareh_Part_01_PDF_0001-0250.md#L690-L702,True
how,how,how,[],hz-017762,entry_candidate,raw_ocr,high,4,785,,dictionary/H/H-07.md,hz-017762-how,sources/Hezareh_Dictionary_Index/source/Hezareh_Part_04_PDF_0751-1000.md#L4142-L4161,True
How arc you placNl fo,how arc you placnl fo,how arc you placnl fo,[],hz-026441,entry_candidate,raw_ocr,hint_only,6,1259,,dictionary/H/H-07.md,hz-026441-how-arc-you-placnl-fo,sources/Hezareh_Dictionary_Index/source/Hezareh_Part_06_PDF_1251-1500.md#L1078-L1078,False
How could you be so stupid as to believe,how could you be so stupid as to believe,how could you be so stupid as to believe,[],hz-031923,entry_candidate,raw_ocr,high,7,1594,,dictionary/H/H-07.md,hz-031923-how-could-you-be-so-stupid-as-to-believe,sources/Hezareh_Dictionary_Index/source/Hezareh_Part_07_PDF_1501-1750.md#L11107-L11129,True
How do you think the changes will affect on,how do you think the changes will affect on,how do you think the changes will affect on,[],hz-000575,entry_candidate,raw_ocr,high,1,27,,dictionary/H/H-07.md,hz-000575-how-do-you-think-the-changes-will-affect-on,sources/Hezareh_Dictionary_Index/source/Hezareh_Part_01_PDF_0001-0250.md#L3286-L3293,True
howbeit,howbeit,howbeit,[],hz-017763,entry_candidate,raw_ocr,medium,4,785,,dictionary/H/H-07.md,hz-017763-howbeit,sources/Hezareh_Dictionary_Index/source/Hezareh_Part_04_PDF_0751-1000.md#L4162-L4164,True
howdah,howdah,howdah,[],hz-017764,entry_candidate,raw_ocr,medium,4,785,,dictionary/H/H-07.md,hz-017764-howdah,sources/Hezareh_Dictionary_Index/source/Hezareh_Part_04_PDF_0751-1000.md#L4165-L4175,True
howdy,howdy,howdy,[],hz-017765,entry_candidate,raw_ocr,hint_only,4,785,,dictionary/H/H-07.md,hz-017765-howdy,sources/Hezareh_Dictionary_Index/source/Hezareh_Part_04_PDF_0751-1000.md#L4067-L4067,False
however,however,however,[],hz-017766,entry_candidate,raw_ocr,hint_only,4,785,,dictionary/H/H-07.md,hz-017766-however,sources/Hezareh_Dictionary_Index/source/Hezareh_Part_04_PDF_0751-1000.md#L4067-L4067,False
howitzer,howitzer,howitzer,[],hz-017767,entry_candidate,raw_ocr,hint_only,4,785,,dictionary/H/H-07.md,hz-017767-howitzer,sources/Hezareh_Dictionary_Index/source/Hezareh_Part_04_PDF_0751-1000.md#L4067-L4067,False
howl,howl,howl,[],hz-017768,entry_candidate,raw_ocr,high,4,786,,dictionary/H/H-07.md,hz-017768-howl,sources/Hezareh_Dictionary_Index/source/Hezareh_Part_04_PDF_0751-1000.md#L4201-L4201,True
howler,howler,howler,[],hz-017769,entry_candidate,raw_ocr,medium,4,786,,dictionary/H/H-07.md,hz-017769-howler,sources/Hezareh_Dictionary_Index/source/Hezareh_Part_04_PDF_0751-1000.md#L4202-L4203,True
howling,howling,howling,[],hz-017770,entry_candidate,raw_ocr,medium,4,786,,dictionary/H/H-07.md,hz-017770-howling,sources/Hezareh_Dictionary_Index/source/Hezareh_Part_04_PDF_0751-1000.md#L4204-L4207,True
hoyden,hoyden,hoyden,[],hz-017771,entry_candidate,raw_ocr,medium,4,786,,dictionary/H/H-07.md,hz-017771-hoyden,sources/Hezareh_Dictionary_Index/source/Hezareh_Part_04_PDF_0751-1000.md#L4208-L4213,True
hoydenish,hoydenish,hoydenish,[],hz-017772,entry_candidate,raw_ocr,hint_only,4,786,,dictionary/H/H-07.md,hz-017772-hoydenish,sources/Hezareh_Dictionary_Index/source/Hezareh_Part_04_PDF_0751-1000.md#L4179-L4179,False
hp,hp,hp,[],hz-017773,entry_candidate,raw_ocr,high,4,786,,dictionary/H/H-07.md,hz-017773-hp,sources/Hezareh_Dictionary_Index/source/Hezareh_Part_04_PDF_0751-1000.md#L4214-L4215,True
HP,hp,hp,[],hz-017774,entry_candidate,raw_ocr,high,4,786,,dictionary/H/H-07.md,hz-017774-hp,sources/Hezareh_Dictionary_Index/source/Hezareh_Part_04_PDF_0751-1000.md#L4214-L4215,True
HQ,hq,hq,[],hz-017775,entry_candidate,raw_ocr,high,4,786,,dictionary/H/H-07.md,hz-017775-hq,sources/Hezareh_Dictionary_Index/source/Hezareh_Part_04_PDF_0751-1000.md#L4216-L4216,True
hr,hr,hr,[],hz-017776,entry_candidate,raw_ocr,high,4,786,,dictionary/H/H-07.md,hz-017776-hr,sources/Hezareh_Dictionary_Index/source/Hezareh_Part_04_PDF_0751-1000.md#L4217-L4226,True
HRH,hrh,hrh,[],hz-017777,entry_candidate,raw_ocr,hint_only,4,786,,dictionary/H/H-07.md,hz-017777-hrh,sources/Hezareh_Dictionary_Index/source/Hezareh_Part_04_PDF_0751-1000.md#L4179-L4179,False
hroad cloth,hroad cloth,hroad cloth,[],hz-004281,entry_candidate,raw_ocr,hint_only,1,167,,dictionary/H/H-07.md,hz-004281-hroad-cloth,sources/Hezareh_Dictionary_Index/source/Hezareh_Part_01_PDF_0001-0250.md#L23158-L23158,False
hub-cap,hub-cap,hub-cap,[],hz-017782,entry_candidate,raw_ocr,medium,4,786,,dictionary/H/H-07.md,hz-017782-hub-cap,sources/Hezareh_Dictionary_Index/source/Hezareh_Part_04_PDF_0751-1000.md#L4229-L4229,True
hubbub,hubbub,hubbub,[],hz-017780,entry_candidate,raw_ocr,medium,4,786,,dictionary/H/H-07.md,hz-017780-hubbub,sources/Hezareh_Dictionary_Index/source/Hezareh_Part_04_PDF_0751-1000.md#L4227-L4227,True
hubby,hubby,hubby,[],hz-017781,entry_candidate,raw_ocr,medium,4,786,,dictionary/H/H-07.md,hz-017781-hubby,sources/Hezareh_Dictionary_Index/source/Hezareh_Part_04_PDF_0751-1000.md#L4228-L4228,True
hublhAb,hublhab,hublhab,[],hz-017779,entry_candidate,raw_ocr,hint_only,4,786,,dictionary/H/H-07.md,hz-017779-hublhab,sources/Hezareh_Dictionary_Index/source/Hezareh_Part_04_PDF_0751-1000.md#L4179-L4179,False
hubris,hubris,hubris,[],hz-017783,entry_candidate,raw_ocr,medium,4,786,,dictionary/H/H-07.md,hz-017783-hubris,sources/Hezareh_Dictionary_Index/source/Hezareh_Part_04_PDF_0751-1000.md#L4230-L4231,True
huckaback,huckaback,huckaback,[],hz-017784,entry_candidate,raw_ocr,high,4,786,,dictionary/H/H-07.md,hz-017784-huckaback,sources/Hezareh_Dictionary_Index/source/Hezareh_Part_04_PDF_0751-1000.md#L4232-L4240,True
huckleberry,huckleberry,huckleberry,[],hz-017785,entry_candidate,raw_ocr,high,4,786,,dictionary/H/H-07.md,hz-017785-huckleberry,sources/Hezareh_Dictionary_Index/source/Hezareh_Part_04_PDF_0751-1000.md#L4241-L4255,True
huddled,huddled,huddled,[],hz-017788,entry_candidate,raw_ocr,high,4,786,,dictionary/H/H-07.md,hz-017788-huddled,sources/Hezareh_Dictionary_Index/source/Hezareh_Part_04_PDF_0751-1000.md#L4256-L4262,True
huddlel'hAdl,huddlel'hadl,huddlel'hadl,[],hz-017786,entry_candidate,raw_ocr,hint_only,4,786,,dictionary/H/H-07.md,hz-017786-huddlel-hadl,sources/Hezareh_Dictionary_Index/source/Hezareh_Part_04_PDF_0751-1000.md#L4179-L4179,False
huff,huff,huff,[],hz-017789,entry_candidate,raw_ocr,high,4,786,,dictionary/H/H-07.md,hz-017789-huff,sources/Hezareh_Dictionary_Index/source/Hezareh_Part_04_PDF_0751-1000.md#L4263-L4264,True
huffish,huffish,huffish,[],hz-017790,entry_candidate,raw_ocr,high,4,786,,dictionary/H/H-07.md,hz-017790-huffish,sources/Hezareh_Dictionary_Index/source/Hezareh_Part_04_PDF_0751-1000.md#L4273-L4289,True
huffy,huffy,huffy,[],hz-017791,entry_candidate,raw_ocr,low,4,786,,dictionary/H/H-07.md,hz-017791-huffy,sources/Hezareh_Dictionary_Index/source/Hezareh_Part_04_PDF_0751-1000.md#L4273-L4289,True
hugely,hugely,hugely,[],hz-017792,entry_candidate,raw_ocr,low,4,787,,dictionary/H/H-07.md,hz-017792-hugely,sources/Hezareh_Dictionary_Index/source/Hezareh_Part_04_PDF_0751-1000.md#L4305-L4306,True
hugger-mugger,hugger-mugger,hugger-mugger,[],hz-017793,entry_candidate,raw_ocr,high,4,787,,dictionary/H/H-07.md,hz-017793-hugger-mugger,sources/Hezareh_Dictionary_Index/source/Hezareh_Part_04_PDF_0751-1000.md#L4307-L4313,True
Huguenot,huguenot,huguenot,[],hz-017794,entry_candidate,raw_ocr,medium,4,787,,dictionary/H/H-07.md,hz-017794-huguenot,sources/Hezareh_Dictionary_Index/source/Hezareh_Part_04_PDF_0751-1000.md#L4314-L4315,True
huh,huh,huh,[],hz-017795,entry_candidate,raw_ocr,medium,4,787,,dictionary/H/H-07.md,hz-017795-huh,sources/Hezareh_Dictionary_Index/source/Hezareh_Part_04_PDF_0751-1000.md#L4316-L4317,True
hula,hula,hula,[],hz-017796,entry_candidate,raw_ocr,low,4,787,,dictionary/H/H-07.md,hz-017796-hula,sources/Hezareh_Dictionary_Index/source/Hezareh_Part_04_PDF_0751-1000.md#L4318-L4321,True
hulk lhAlk,hulk lhalk,hulk lhalk,[],hz-017797,entry_candidate,raw_ocr,hint_only,4,787,,dictionary/H/H-07.md,hz-017797-hulk-lhalk,sources/Hezareh_Dictionary_Index/source/Hezareh_Part_04_PDF_0751-1000.md#L4293-L4293,False
hulking,hulking,hulking,[],hz-017798,entry_candidate,raw_ocr,medium,4,787,,dictionary/H/H-07.md,hz-017798-hulking,sources/Hezareh_Dictionary_Index/source/Hezareh_Part_04_PDF_0751-1000.md#L4322-L4327,True
hullabaloo,hullabaloo,hullabaloo,[],hz-017799,entry_candidate,raw_ocr,high,4,787,,dictionary/H/H-07.md,hz-017799-hullabaloo,sources/Hezareh_Dictionary_Index/source/Hezareh_Part_04_PDF_0751-1000.md#L4328-L4329,True
hullo,hullo,hullo,[],hz-017800,entry_candidate,raw_ocr,high,4,787,,dictionary/H/H-07.md,hz-017800-hullo,sources/Hezareh_Dictionary_Index/source/Hezareh_Part_04_PDF_0751-1000.md#L4330-L4330,True
hum,hum,hum,[],hz-017801,entry_candidate,raw_ocr,medium,4,787,,dictionary/H/H-07.md,hz-017801-hum,sources/Hezareh_Dictionary_Index/source/Hezareh_Part_04_PDF_0751-1000.md#L4331-L4345,True
hum and haw,hum and haw,hum and haw,[],hz-017802,entry_candidate,raw_ocr,hint_only,4,787,,dictionary/H/H-07.md,hz-017802-hum-and-haw,sources/Hezareh_Dictionary_Index/source/Hezareh_Part_04_PDF_0751-1000.md#L4293-L4293,False
hum id,hum id,hum id,[],hz-017829,entry_candidate,raw_ocr,hint_only,4,788,,dictionary/H/H-07.md,hz-017829-hum-id,sources/Hezareh_Dictionary_Index/source/Hezareh_Part_04_PDF_0751-1000.md#L4403-L4403,False
human,human,human,[],hz-017803,entry_candidate,raw_ocr,high,4,787,,dictionary/H/H-07.md,hz-017803-human,sources/Hezareh_Dictionary_Index/source/Hezareh_Part_04_PDF_0751-1000.md#L4357-L4358,True
human being,human being,human being,[],hz-017804,entry_candidate,raw_ocr,medium,4,787,,dictionary/H/H-07.md,hz-017804-human-being,sources/Hezareh_Dictionary_Index/source/Hezareh_Part_04_PDF_0751-1000.md#L4346-L4346,True
human interest,human interest,human interest,[],hz-017808,entry_candidate,raw_ocr,high,4,787,,dictionary/H/H-07.md,hz-017808-human-interest,sources/Hezareh_Dictionary_Index/source/Hezareh_Part_04_PDF_0751-1000.md#L4357-L4358,True
human race,human race,human race,[],hz-017820,entry_candidate,raw_ocr,medium,4,788,,dictionary/H/H-07.md,hz-017820-human-race,sources/Hezareh_Dictionary_Index/source/Hezareh_Part_04_PDF_0751-1000.md#L4416-L4416,True
human rights,human rights,human rights,[],hz-017821,entry_candidate,raw_ocr,medium,4,788,,dictionary/H/H-07.md,hz-017821-human-rights,sources/Hezareh_Dictionary_Index/source/Hezareh_Part_04_PDF_0751-1000.md#L4417-L4417,True
humane,humane,humane,[],hz-017805,entry_candidate,raw_ocr,medium,4,787,,dictionary/H/H-07.md,hz-017805-humane,sources/Hezareh_Dictionary_Index/source/Hezareh_Part_04_PDF_0751-1000.md#L4347-L4352,True
humane-killer,humane-killer,humane-killer,[],hz-017806,entry_candidate,raw_ocr,high,4,787,,dictionary/H/H-07.md,hz-017806-humane-killer,sources/Hezareh_Dictionary_Index/source/Hezareh_Part_04_PDF_0751-1000.md#L4353-L4354,True
humanely,humanely,humanely,[],hz-017807,entry_candidate,raw_ocr,high,4,787,,dictionary/H/H-07.md,hz-017807-humanely,sources/Hezareh_Dictionary_Index/source/Hezareh_Part_04_PDF_0751-1000.md#L4355-L4356,True
humanise,humanise,humanise,[],hz-017809,entry_candidate,raw_ocr,high,4,787,,dictionary/H/H-07.md,hz-017809-humanise,sources/Hezareh_Dictionary_Index/source/Hezareh_Part_04_PDF_0751-1000.md#L4359-L4359,True
humanism,humanism,humanism,[],hz-017810,entry_candidate,raw_ocr,high,4,787,,dictionary/H/H-07.md,hz-017810-humanism,sources/Hezareh_Dictionary_Index/source/Hezareh_Part_04_PDF_0751-1000.md#L4360-L4362,True
humanist,humanist,humanist,[],hz-017811,entry_candidate,raw_ocr,high,4,787,,dictionary/H/H-07.md,hz-017811-humanist,sources/Hezareh_Dictionary_Index/source/Hezareh_Part_04_PDF_0751-1000.md#L4363-L4367,True
humanistic,humanistic,humanistic,[],hz-017812,entry_candidate,raw_ocr,high,4,787,,dictionary/H/H-07.md,hz-017812-humanistic,sources/Hezareh_Dictionary_Index/source/Hezareh_Part_04_PDF_0751-1000.md#L4368-L4369,True
humanitarian,humanitarian,humanitarian,[],hz-017813,entry_candidate,raw_ocr,high,4,787,,dictionary/H/H-07.md,hz-017813-humanitarian,sources/Hezareh_Dictionary_Index/source/Hezareh_Part_04_PDF_0751-1000.md#L4370-L4372,True
humanitarianism,humanitarianism,humanitarianism,[],hz-017814,entry_candidate,raw_ocr,high,4,787,,dictionary/H/H-07.md,hz-017814-humanitarianism,sources/Hezareh_Dictionary_Index/source/Hezareh_Part_04_PDF_0751-1000.md#L4373-L4374,True
humanity,humanity,humanity,[],hz-017815,entry_candidate,raw_ocr,high,4,787,,dictionary/H/H-07.md,hz-017815-humanity,sources/Hezareh_Dictionary_Index/source/Hezareh_Part_04_PDF_0751-1000.md#L4375-L4388,True
humanize,humanize,humanize,[],hz-017816,entry_candidate,raw_ocr,high,4,787,,dictionary/H/H-07.md,hz-017816-humanize,sources/Hezareh_Dictionary_Index/source/Hezareh_Part_04_PDF_0751-1000.md#L4389-L4391,True
humankind,humankind,humankind,[],hz-017817,entry_candidate,raw_ocr,high,4,787,,dictionary/H/H-07.md,hz-017817-humankind,sources/Hezareh_Dictionary_Index/source/Hezareh_Part_04_PDF_0751-1000.md#L4392-L4395,True
humanly,humanly,humanly,[],hz-017818,entry_candidate,raw_ocr,high,4,787,,dictionary/H/H-07.md,hz-017818-humanly,sources/Hezareh_Dictionary_Index/source/Hezareh_Part_04_PDF_0751-1000.md#L4396-L4399,True
humanoid,humanoid,humanoid,[],hz-017819,entry_candidate,raw_ocr,medium,4,788,,dictionary/H/H-07.md,hz-017819-humanoid,sources/Hezareh_Dictionary_Index/source/Hezareh_Part_04_PDF_0751-1000.md#L4413-L4415,True
humble,humble,humble,[],hz-017822,entry_candidate,raw_ocr,high,4,788,,dictionary/H/H-07.md,hz-017822-humble,sources/Hezareh_Dictionary_Index/source/Hezareh_Part_04_PDF_0751-1000.md#L4418-L4433,True
humbly,humbly,humbly,[],hz-017823,entry_candidate,raw_ocr,low,4,788,,dictionary/H/H-07.md,hz-017823-humbly,sources/Hezareh_Dictionary_Index/source/Hezareh_Part_04_PDF_0751-1000.md#L4434-L4436,True
humbug,humbug,humbug,[],hz-017824,entry_candidate,raw_ocr,high,4,788,,dictionary/H/H-07.md,hz-017824-humbug,sources/Hezareh_Dictionary_Index/source/Hezareh_Part_04_PDF_0751-1000.md#L4437-L4443,True
humdinger,humdinger,humdinger,[],hz-017825,entry_candidate,raw_ocr,medium,4,788,,dictionary/H/H-07.md,hz-017825-humdinger,sources/Hezareh_Dictionary_Index/source/Hezareh_Part_04_PDF_0751-1000.md#L4444-L4445,True
humdrum,humdrum,humdrum,[],hz-017826,entry_candidate,raw_ocr,medium,4,788,,dictionary/H/H-07.md,hz-017826-humdrum,sources/Hezareh_Dictionary_Index/source/Hezareh_Part_04_PDF_0751-1000.md#L4446-L4447,True
humeri,humeri,humeri,[],hz-017827,entry_candidate,raw_ocr,medium,4,788,,dictionary/H/H-07.md,hz-017827-humeri,sources/Hezareh_Dictionary_Index/source/Hezareh_Part_04_PDF_0751-1000.md#L4448-L4450,True
humerus,humerus,humerus,[],hz-017828,entry_candidate,raw_ocr,medium,4,788,,dictionary/H/H-07.md,hz-017828-humerus,sources/Hezareh_Dictionary_Index/source/Hezareh_Part_04_PDF_0751-1000.md#L4448-L4450,True
humidifier,humidifier,humidifier,[],hz-017830,entry_candidate,raw_ocr,medium,4,788,,dictionary/H/H-07.md,hz-017830-humidifier,sources/Hezareh_Dictionary_Index/source/Hezareh_Part_04_PDF_0751-1000.md#L4451-L4451,True
humidify,humidify,humidify,[],hz-017831,entry_candidate,raw_ocr,high,4,788,,dictionary/H/H-07.md,hz-017831-humidify,sources/Hezareh_Dictionary_Index/source/Hezareh_Part_04_PDF_0751-1000.md#L4452-L4453,True
humidity,humidity,humidity,[],hz-017832,entry_candidate,raw_ocr,low,4,788,,dictionary/H/H-07.md,hz-017832-humidity,sources/Hezareh_Dictionary_Index/source/Hezareh_Part_04_PDF_0751-1000.md#L4454-L4455,True
humiliate,humiliate,humiliate,[],hz-017833,entry_candidate,raw_ocr,low,4,788,,dictionary/H/H-07.md,hz-017833-humiliate,sources/Hezareh_Dictionary_Index/source/Hezareh_Part_04_PDF_0751-1000.md#L4456-L4464,True
humiliating,humiliating,humiliating,[],hz-017834,entry_candidate,raw_ocr,high,4,788,,dictionary/H/H-07.md,hz-017834-humiliating,sources/Hezareh_Dictionary_Index/source/Hezareh_Part_04_PDF_0751-1000.md#L4465-L4466,True
humiliation,humiliation,humiliation,[],hz-017835,entry_candidate,raw_ocr,high,4,788,,dictionary/H/H-07.md,hz-017835-humiliation,sources/Hezareh_Dictionary_Index/source/Hezareh_Part_04_PDF_0751-1000.md#L4467-L4468,True
humility,humility,humility,[],hz-017836,entry_candidate,raw_ocr,high,4,788,,dictionary/H/H-07.md,hz-017836-humility,sources/Hezareh_Dictionary_Index/source/Hezareh_Part_04_PDF_0751-1000.md#L4469-L4470,True
humming,humming,humming,[],hz-017837,entry_candidate,raw_ocr,high,4,788,,dictionary/H/H-07.md,hz-017837-humming,sources/Hezareh_Dictionary_Index/source/Hezareh_Part_04_PDF_0751-1000.md#L4471-L4473,True
humming-topi'hAmrlJ top,humming-topi'hamrlj top,humming-topi'hamrlj top,[],hz-017839,entry_candidate,raw_ocr,hint_only,4,788,,dictionary/H/H-07.md,hz-017839-humming-topi-hamrlj-top,sources/Hezareh_Dictionary_Index/source/Hezareh_Part_04_PDF_0751-1000.md#L4403-L4403,False
hummingbird,hummingbird,hummingbird,[],hz-017838,entry_candidate,raw_ocr,medium,4,788,,dictionary/H/H-07.md,hz-017838-hummingbird,sources/Hezareh_Dictionary_Index/source/Hezareh_Part_04_PDF_0751-1000.md#L4474-L4475,True
hummock,hummock,hummock,[],hz-017840,entry_candidate,raw_ocr,high,4,788,,dictionary/H/H-07.md,hz-017840-hummock,sources/Hezareh_Dictionary_Index/source/Hezareh_Part_04_PDF_0751-1000.md#L4476-L4477,True
humor,humor,humor,[],hz-017841,entry_candidate,raw_ocr,high,4,788,,dictionary/H/H-07.md,hz-017841-humor,sources/Hezareh_Dictionary_Index/source/Hezareh_Part_04_PDF_0751-1000.md#L4478-L4478,True
humorist,humorist,humorist,[],hz-017842,entry_candidate,raw_ocr,high,4,788,,dictionary/H/H-07.md,hz-017842-humorist,sources/Hezareh_Dictionary_Index/source/Hezareh_Part_04_PDF_0751-1000.md#L4479-L4480,True
humorless,humorless,humorless,[],hz-017843,entry_candidate,raw_ocr,high,4,788,,dictionary/H/H-07.md,hz-017843-humorless,sources/Hezareh_Dictionary_Index/source/Hezareh_Part_04_PDF_0751-1000.md#L4481-L4481,True
humorous,humorous,humorous,[],hz-017844,entry_candidate,raw_ocr,high,4,788,,dictionary/H/H-07.md,hz-017844-humorous,sources/Hezareh_Dictionary_Index/source/Hezareh_Part_04_PDF_0751-1000.md#L4482-L4484,True
humorously,humorously,humorously,[],hz-017845,entry_candidate,raw_ocr,high,4,788,,dictionary/H/H-07.md,hz-017845-humorously,sources/Hezareh_Dictionary_Index/source/Hezareh_Part_04_PDF_0751-1000.md#L4485-L4486,True
humour,humour,humour,[],hz-017846,entry_candidate,raw_ocr,high,4,788,,dictionary/H/H-07.md,hz-017846-humour,sources/Hezareh_Dictionary_Index/source/Hezareh_Part_04_PDF_0751-1000.md#L4487-L4499,True
humourleSS,humourless,humourless,[],hz-017847,entry_candidate,raw_ocr,high,4,788,,dictionary/H/H-07.md,hz-017847-humourless,sources/Hezareh_Dictionary_Index/source/Hezareh_Part_04_PDF_0751-1000.md#L4500-L4507,True
hump ihAmp,hump ihamp,hump ihamp,[],hz-017848,entry_candidate,raw_ocr,hint_only,4,788,,dictionary/H/H-07.md,hz-017848-hump-ihamp,sources/Hezareh_Dictionary_Index/source/Hezareh_Part_04_PDF_0751-1000.md#L4403-L4403,False
humpback,humpback,humpback,[],hz-017850,entry_candidate,raw_ocr,high,4,789,,dictionary/H/H-07.md,hz-017850-humpback,sources/Hezareh_Dictionary_Index/source/Hezareh_Part_04_PDF_0751-1000.md#L4526-L4532,True
humpback bridge,humpback bridge,humpback bridge,[],hz-017851,entry_candidate,raw_ocr,medium,4,789,,dictionary/H/H-07.md,hz-017851-humpback-bridge,sources/Hezareh_Dictionary_Index/source/Hezareh_Part_04_PDF_0751-1000.md#L4533-L4534,True
humpbacked,humpbacked,humpbacked,[],hz-017852,entry_candidate,raw_ocr,medium,4,789,,dictionary/H/H-07.md,hz-017852-humpbacked,sources/Hezareh_Dictionary_Index/source/Hezareh_Part_04_PDF_0751-1000.md#L4535-L4538,True
humped ihMnpt,humped ihmnpt,humped ihmnpt,[],hz-017853,entry_candidate,raw_ocr,hint_only,4,789,,dictionary/H/H-07.md,hz-017853-humped-ihmnpt,sources/Hezareh_Dictionary_Index/source/Hezareh_Part_04_PDF_0751-1000.md#L4517-L4517,False
humus,humus,humus,[],hz-017854,entry_candidate,raw_ocr,high,4,789,,dictionary/H/H-07.md,hz-017854-humus,sources/Hezareh_Dictionary_Index/source/Hezareh_Part_04_PDF_0751-1000.md#L4539-L4539,True
Hun,hun,hun,[],hz-017855,entry_candidate,raw_ocr,medium,4,789,,dictionary/H/H-07.md,hz-017855-hun,sources/Hezareh_Dictionary_Index/source/Hezareh_Part_04_PDF_0751-1000.md#L4540-L4548,True
hunchback,hunchback,hunchback,[],hz-017856,entry_candidate,raw_ocr,medium,4,789,,dictionary/H/H-07.md,hz-017856-hunchback,sources/Hezareh_Dictionary_Index/source/Hezareh_Part_04_PDF_0751-1000.md#L4549-L4549,True
hunchbacked,hunchbacked,hunchbacked,[],hz-017857,entry_candidate,raw_ocr,medium,4,789,,dictionary/H/H-07.md,hz-017857-hunchbacked,sources/Hezareh_Dictionary_Index/source/Hezareh_Part_04_PDF_0751-1000.md#L4550-L4581,True
hundredfold,hundredfold,hundredfold,[],hz-017859,entry_candidate,raw_ocr,high,4,789,,dictionary/H/H-07.md,hz-017859-hundredfold,sources/Hezareh_Dictionary_Index/source/Hezareh_Part_04_PDF_0751-1000.md#L4582-L4583,True
hundredi'hAndrod,hundredi'handrod,hundredi'handrod,[],hz-017858,entry_candidate,raw_ocr,hint_only,4,789,,dictionary/H/H-07.md,hz-017858-hundredi-handrod,sources/Hezareh_Dictionary_Index/source/Hezareh_Part_04_PDF_0751-1000.md#L4517-L4517,False
hundredth,hundredth,hundredth,[],hz-017860,entry_candidate,raw_ocr,high,4,789,,dictionary/H/H-07.md,hz-017860-hundredth,sources/Hezareh_Dictionary_Index/source/Hezareh_Part_04_PDF_0751-1000.md#L4584-L4585,True
hundredweight,hundredweight,hundredweight,[],hz-017861,entry_candidate,raw_ocr,high,4,789,,dictionary/H/H-07.md,hz-017861-hundredweight,sources/Hezareh_Dictionary_Index/source/Hezareh_Part_04_PDF_0751-1000.md#L4586-L4592,True
hung-over,hung-over,hung-over,[],hz-017869,entry_candidate,raw_ocr,high,4,789,,dictionary/H/H-07.md,hz-017869-hung-over,sources/Hezareh_Dictionary_Index/source/Hezareh_Part_04_PDF_0751-1000.md#L4612-L4613,True
Hungarian,hungarian,hungarian,[],hz-017862,entry_candidate,raw_ocr,high,4,789,,dictionary/H/H-07.md,hz-017862-hungarian,sources/Hezareh_Dictionary_Index/source/Hezareh_Part_04_PDF_0751-1000.md#L4593-L4595,True
Hungary,hungary,hungary,[],hz-017863,entry_candidate,raw_ocr,high,4,789,,dictionary/H/H-07.md,hz-017863-hungary,sources/Hezareh_Dictionary_Index/source/Hezareh_Part_04_PDF_0751-1000.md#L4596-L4601,True
hunger for,hunger for,hunger for,[],hz-017864,entry_candidate,raw_ocr,high,4,789,,dictionary/H/H-07.md,hz-017864-hunger-for,sources/Hezareh_Dictionary_Index/source/Hezareh_Part_04_PDF_0751-1000.md#L4602-L4603,True
hunger march,hunger march,hunger march,[],hz-017865,entry_candidate,raw_ocr,high,4,789,,dictionary/H/H-07.md,hz-017865-hunger-march,sources/Hezareh_Dictionary_Index/source/Hezareh_Part_04_PDF_0751-1000.md#L4604-L4607,True
hunger marcher,hunger marcher,hunger marcher,[],hz-017866,entry_candidate,raw_ocr,hint_only,4,789,,dictionary/H/H-07.md,hz-017866-hunger-marcher,sources/Hezareh_Dictionary_Index/source/Hezareh_Part_04_PDF_0751-1000.md#L4517-L4517,False
hunger strike,hunger strike,hunger strike,[],hz-017867,entry_candidate,raw_ocr,high,4,789,,dictionary/H/H-07.md,hz-017867-hunger-strike,sources/Hezareh_Dictionary_Index/source/Hezareh_Part_04_PDF_0751-1000.md#L4608-L4609,True
hunger striker,hunger striker,hunger striker,[],hz-017868,entry_candidate,raw_ocr,high,4,789,,dictionary/H/H-07.md,hz-017868-hunger-striker,sources/Hezareh_Dictionary_Index/source/Hezareh_Part_04_PDF_0751-1000.md#L4610-L4611,True
hungrily,hungrily,hungrily,[],hz-017870,entry_candidate,raw_ocr,high,4,789,,dictionary/H/H-07.md,hz-017870-hungrily,sources/Hezareh_Dictionary_Index/source/Hezareh_Part_04_PDF_0751-1000.md#L4614-L4614,True
hungry,hungry,hungry,[],hz-017871,entry_candidate,raw_ocr,high,4,789,,dictionary/H/H-07.md,hz-017871-hungry,sources/Hezareh_Dictionary_Index/source/Hezareh_Part_04_PDF_0751-1000.md#L4615-L4626,True
hunkers,hunkers,hunkers,[],hz-017872,entry_candidate,raw_ocr,low,4,790,,dictionary/H/H-07.md,hz-017872-hunkers,sources/Hezareh_Dictionary_Index/source/Hezareh_Part_04_PDF_0751-1000.md#L4641-L4658,True
hunter,hunter,hunter,[],hz-017874,entry_candidate,raw_ocr,medium,4,790,,dictionary/H/H-07.md,hz-017874-hunter,sources/Hezareh_Dictionary_Index/source/Hezareh_Part_04_PDF_0751-1000.md#L4659-L4664,True
hunting-horn,hunting-horn,hunting-horn,[],hz-017876,entry_candidate,raw_ocr,medium,4,790,,dictionary/H/H-07.md,hz-017876-hunting-horn,sources/Hezareh_Dictionary_Index/source/Hezareh_Part_04_PDF_0751-1000.md#L4665-L4665,True
hunting-man,hunting-man,hunting-man,[],hz-017877,entry_candidate,raw_ocr,high,4,790,,dictionary/H/H-07.md,hz-017877-hunting-man,sources/Hezareh_Dictionary_Index/source/Hezareh_Part_04_PDF_0751-1000.md#L4666-L4669,True
huntlnq ground,huntlnq ground,huntlnq ground,[],hz-017875,entry_candidate,raw_ocr,hint_only,4,790,,dictionary/H/H-07.md,hz-017875-huntlnq-ground,sources/Hezareh_Dictionary_Index/source/Hezareh_Part_04_PDF_0751-1000.md#L4630-L4630,False
huntreSSi'hAntns,huntressi'hantns,huntressi'hantns,[],hz-017878,entry_candidate,raw_ocr,hint_only,4,790,,dictionary/H/H-07.md,hz-017878-huntressi-hantns,sources/Hezareh_Dictionary_Index/source/Hezareh_Part_04_PDF_0751-1000.md#L4630-L4630,False
huntsman,huntsman,huntsman,[],hz-017879,entry_candidate,raw_ocr,high,4,790,,dictionary/H/H-07.md,hz-017879-huntsman,sources/Hezareh_Dictionary_Index/source/Hezareh_Part_04_PDF_0751-1000.md#L4670-L4671,True
hurdle,hurdle,hurdle,[],hz-017873,entry_candidate,raw_ocr,low,4,790,,dictionary/H/H-07.md,hz-017873-hurdle,sources/Hezareh_Dictionary_Index/source/Hezareh_Part_04_PDF_0751-1000.md#L4672-L4679,True
hurdler,hurdler,hurdler,[],hz-017880,entry_candidate,raw_ocr,medium,4,790,,dictionary/H/H-07.md,hz-017880-hurdler,sources/Hezareh_Dictionary_Index/source/Hezareh_Part_04_PDF_0751-1000.md#L4680-L4682,True
hurdy-gurdy,hurdy-gurdy,hurdy-gurdy,[],hz-017881,entry_candidate,raw_ocr,medium,4,790,,dictionary/H/H-07.md,hz-017881-hurdy-gurdy,sources/Hezareh_Dictionary_Index/source/Hezareh_Part_04_PDF_0751-1000.md#L4683-L4696,True
hurly-burly,hurly-burly,hurly-burly,[],hz-017882,entry_candidate,raw_ocr,high,4,790,,dictionary/H/H-07.md,hz-017882-hurly-burly,sources/Hezareh_Dictionary_Index/source/Hezareh_Part_04_PDF_0751-1000.md#L4697-L4698,True
hurrah,hurrah,hurrah,[],hz-017883,entry_candidate,raw_ocr,high,4,790,,dictionary/H/H-07.md,hz-017883-hurrah,sources/Hezareh_Dictionary_Index/source/Hezareh_Part_04_PDF_0751-1000.md#L4699-L4702,True
hurray,hurray,hurray,[],hz-017884,entry_candidate,raw_ocr,high,4,790,,dictionary/H/H-07.md,hz-017884-hurray,sources/Hezareh_Dictionary_Index/source/Hezareh_Part_04_PDF_0751-1000.md#L4703-L4703,True
hurricane,hurricane,hurricane,[],hz-017885,entry_candidate,raw_ocr,high,4,790,,dictionary/H/H-07.md,hz-017885-hurricane,sources/Hezareh_Dictionary_Index/source/Hezareh_Part_04_PDF_0751-1000.md#L4704-L4705,True
hurricane lamp,hurricane lamp,hurricane lamp,[],hz-017886,entry_candidate,raw_ocr,high,4,790,,dictionary/H/H-07.md,hz-017886-hurricane-lamp,sources/Hezareh_Dictionary_Index/source/Hezareh_Part_04_PDF_0751-1000.md#L4706-L4707,True
hurricane lantern,hurricane lantern,hurricane lantern,[],hz-017887,entry_candidate,raw_ocr,high,4,790,,dictionary/H/H-07.md,hz-017887-hurricane-lantern,sources/Hezareh_Dictionary_Index/source/Hezareh_Part_04_PDF_0751-1000.md#L4708-L4713,True
hurriedlyt'hwdh,hurriedlyt'hwdh,hurriedlyt'hwdh,[],hz-017889,entry_candidate,raw_ocr,hint_only,4,790,,dictionary/H/H-07.md,hz-017889-hurriedlyt-hwdh,sources/Hezareh_Dictionary_Index/source/Hezareh_Part_04_PDF_0751-1000.md#L4630-L4630,False
hurriedt'hwd,hurriedt'hwd,hurriedt'hwd,[],hz-017888,entry_candidate,raw_ocr,hint_only,4,790,,dictionary/H/H-07.md,hz-017888-hurriedt-hwd,sources/Hezareh_Dictionary_Index/source/Hezareh_Part_04_PDF_0751-1000.md#L4630-L4630,False
hurry,hurry,hurry,[],hz-017890,entry_candidate,raw_ocr,high,4,790,,dictionary/H/H-07.md,hz-017890-hurry,sources/Hezareh_Dictionary_Index/source/Hezareh_Part_04_PDF_0751-1000.md#L4714-L4718,True
hurt,hurt,hurt,[],hz-017892,entry_candidate,raw_ocr,high,4,791,,dictionary/H/H-07.md,hz-017892-hurt,sources/Hezareh_Dictionary_Index/source/Hezareh_Part_04_PDF_0751-1000.md#L4753-L4786,True
hurtful,hurtful,hurtful,[],hz-017893,entry_candidate,raw_ocr,medium,4,791,,dictionary/H/H-07.md,hz-017893-hurtful,sources/Hezareh_Dictionary_Index/source/Hezareh_Part_04_PDF_0751-1000.md#L4787-L4789,True
hurtfully,hurtfully,hurtfully,[],hz-017894,entry_candidate,raw_ocr,low,4,791,,dictionary/H/H-07.md,hz-017894-hurtfully,sources/Hezareh_Dictionary_Index/source/Hezareh_Part_04_PDF_0751-1000.md#L4790-L4807,True
hurtfulnesS,hurtfulness,hurtfulness,[],hz-017895,entry_candidate,raw_ocr,hint_only,4,791,,dictionary/H/H-07.md,hz-017895-hurtfulness,sources/Hezareh_Dictionary_Index/source/Hezareh_Part_04_PDF_0751-1000.md#L4744-L4744,False
husband,husband,husband,[],hz-017896,entry_candidate,raw_ocr,medium,4,791,,dictionary/H/H-07.md,hz-017896-husband,sources/Hezareh_Dictionary_Index/source/Hezareh_Part_04_PDF_0751-1000.md#L4808-L4811,True
husbandman,husbandman,husbandman,[],hz-017897,entry_candidate,raw_ocr,high,4,791,,dictionary/H/H-07.md,hz-017897-husbandman,sources/Hezareh_Dictionary_Index/source/Hezareh_Part_04_PDF_0751-1000.md#L4812-L4813,True
husbandry,husbandry,husbandry,[],hz-017898,entry_candidate,raw_ocr,medium,4,791,,dictionary/H/H-07.md,hz-017898-husbandry,sources/Hezareh_Dictionary_Index/source/Hezareh_Part_04_PDF_0751-1000.md#L4814-L4827,True
hush-money,hush-money,hush-money,[],hz-017899,entry_candidate,raw_ocr,medium,4,791,,dictionary/H/H-07.md,hz-017899-hush-money,sources/Hezareh_Dictionary_Index/source/Hezareh_Part_04_PDF_0751-1000.md#L4828-L4828,True
husk,husk,husk,[],hz-017900,entry_candidate,raw_ocr,medium,4,791,,dictionary/H/H-07.md,hz-017900-husk,sources/Hezareh_Dictionary_Index/source/Hezareh_Part_04_PDF_0751-1000.md#L4829-L4832,True
huskily,huskily,huskily,[],hz-017901,entry_candidate,raw_ocr,low,4,791,,dictionary/H/H-07.md,hz-017901-huskily,sources/Hezareh_Dictionary_Index/source/Hezareh_Part_04_PDF_0751-1000.md#L4833-L4837,True
huskineSS,huskiness,huskiness,[],hz-017902,entry_candidate,raw_ocr,hint_only,4,791,,dictionary/H/H-07.md,hz-017902-huskiness,sources/Hezareh_Dictionary_Index/source/Hezareh_Part_04_PDF_0751-1000.md#L4744-L4744,False
husky,husky,husky,[],hz-017903,entry_candidate,raw_ocr,high,4,791,,dictionary/H/H-07.md,hz-017903-husky,sources/Hezareh_Dictionary_Index/source/Hezareh_Part_04_PDF_0751-1000.md#L4838-L4845,True
hussar,hussar,hussar,[],hz-017904,entry_candidate,raw_ocr,medium,4,791,,dictionary/H/H-07.md,hz-017904-hussar,sources/Hezareh_Dictionary_Index/source/Hezareh_Part_04_PDF_0751-1000.md#L4846-L4847,True
hussy,hussy,hussy,[],hz-017905,entry_candidate,raw_ocr,medium,4,791,,dictionary/H/H-07.md,hz-017905-hussy,sources/Hezareh_Dictionary_Index/source/Hezareh_Part_04_PDF_0751-1000.md#L4848-L4849,True
hustings,hustings,hustings,[],hz-017906,entry_candidate,raw_ocr,medium,4,791,,dictionary/H/H-07.md,hz-017906-hustings,sources/Hezareh_Dictionary_Index/source/Hezareh_Part_04_PDF_0751-1000.md#L4850-L4851,True
hustle,hustle,hustle,[],hz-017907,entry_candidate,raw_ocr,medium,4,792,,dictionary/H/H-07.md,hz-017907-hustle,sources/Hezareh_Dictionary_Index/source/Hezareh_Part_04_PDF_0751-1000.md#L4866-L4882,True
hustler,hustler,hustler,[],hz-017908,entry_candidate,raw_ocr,medium,4,792,,dictionary/H/H-07.md,hz-017908-hustler,sources/Hezareh_Dictionary_Index/source/Hezareh_Part_04_PDF_0751-1000.md#L4883-L4887,True
hutlhAt,hutlhat,hutlhat,[],hz-017909,entry_candidate,raw_ocr,hint_only,4,792,,dictionary/H/H-07.md,hz-017909-hutlhat,sources/Hezareh_Dictionary_Index/source/Hezareh_Part_04_PDF_0751-1000.md#L4855-L4855,False
hutment,hutment,hutment,[],hz-017910,entry_candidate,raw_ocr,medium,4,792,,dictionary/H/H-07.md,hz-017910-hutment,sources/Hezareh_Dictionary_Index/source/Hezareh_Part_04_PDF_0751-1000.md#L4888-L4889,True
hyacinth,hyacinth,hyacinth,[],hz-017911,entry_candidate,raw_ocr,medium,4,792,,dictionary/H/H-07.md,hz-017911-hyacinth,sources/Hezareh_Dictionary_Index/source/Hezareh_Part_04_PDF_0751-1000.md#L4890-L4891,True
hyaena,hyaena,hyaena,[],hz-017912,entry_candidate,raw_ocr,high,4,792,,dictionary/H/H-07.md,hz-017912-hyaena,sources/Hezareh_Dictionary_Index/source/Hezareh_Part_04_PDF_0751-1000.md#L4892-L4895,True
hybridisation,hybridisation,hybridisation,[],hz-017913,entry_candidate,raw_ocr,high,4,792,,dictionary/H/H-07.md,hz-017913-hybridisation,sources/Hezareh_Dictionary_Index/source/Hezareh_Part_04_PDF_0751-1000.md#L4896-L4897,True
hybridise,hybridise,hybridise,[],hz-017914,entry_candidate,raw_ocr,high,4,792,,dictionary/H/H-07.md,hz-017914-hybridise,sources/Hezareh_Dictionary_Index/source/Hezareh_Part_04_PDF_0751-1000.md#L4898-L4898,True
hybridization,hybridization,hybridization,[],hz-017915,entry_candidate,raw_ocr,high,4,792,,dictionary/H/H-07.md,hz-017915-hybridization,sources/Hezareh_Dictionary_Index/source/Hezareh_Part_04_PDF_0751-1000.md#L4899-L4901,True
hybridize,hybridize,hybridize,[],hz-017916,entry_candidate,raw_ocr,medium,4,792,,dictionary/H/H-07.md,hz-017916-hybridize,sources/Hezareh_Dictionary_Index/source/Hezareh_Part_04_PDF_0751-1000.md#L4902-L4906,True
hydrangea,hydrangea,hydrangea,[],hz-017917,entry_candidate,raw_ocr,medium,4,792,,dictionary/H/H-07.md,hz-017917-hydrangea,sources/Hezareh_Dictionary_Index/source/Hezareh_Part_04_PDF_0751-1000.md#L4907-L4908,True
hydrant,hydrant,hydrant,[],hz-017918,entry_candidate,raw_ocr,medium,4,792,,dictionary/H/H-07.md,hz-017918-hydrant,sources/Hezareh_Dictionary_Index/source/Hezareh_Part_04_PDF_0751-1000.md#L4909-L4916,True
hydrate,hydrate,hydrate,[],hz-017927,entry_candidate,raw_ocr,medium,4,792,,dictionary/H/H-07.md,hz-017927-hydrate,sources/Hezareh_Dictionary_Index/source/Hezareh_Part_04_PDF_0751-1000.md#L4917-L4919,True
hydration,hydration,hydration,[],hz-017919,entry_candidate,raw_ocr,high,4,792,,dictionary/H/H-07.md,hz-017919-hydration,sources/Hezareh_Dictionary_Index/source/Hezareh_Part_04_PDF_0751-1000.md#L4920-L4921,True
hydraulic,hydraulic,hydraulic,[],hz-017920,entry_candidate,raw_ocr,high,4,792,,dictionary/H/H-07.md,hz-017920-hydraulic,sources/Hezareh_Dictionary_Index/source/Hezareh_Part_04_PDF_0751-1000.md#L4922-L4923,True
hydraulically,hydraulically,hydraulically,[],hz-017921,entry_candidate,raw_ocr,medium,4,792,,dictionary/H/H-07.md,hz-017921-hydraulically,sources/Hezareh_Dictionary_Index/source/Hezareh_Part_04_PDF_0751-1000.md#L4924-L4925,True
hydraulics,hydraulics,hydraulics,[],hz-017922,entry_candidate,raw_ocr,high,4,792,,dictionary/H/H-07.md,hz-017922-hydraulics,sources/Hezareh_Dictionary_Index/source/Hezareh_Part_04_PDF_0751-1000.md#L4926-L4926,True
hydrocarbon,hydrocarbon,hydrocarbon,[],hz-017923,entry_candidate,raw_ocr,high,4,792,,dictionary/H/H-07.md,hz-017923-hydrocarbon,sources/Hezareh_Dictionary_Index/source/Hezareh_Part_04_PDF_0751-1000.md#L4927-L4927,True
hydrochloric acid,hydrochloric acid,hydrochloric acid,[],hz-017924,entry_candidate,raw_ocr,high,4,792,,dictionary/H/H-07.md,hz-017924-hydrochloric-acid,sources/Hezareh_Dictionary_Index/source/Hezareh_Part_04_PDF_0751-1000.md#L4928-L4929,True
hydroelectric,hydroelectric,hydroelectric,[],hz-017925,entry_candidate,raw_ocr,high,4,792,,dictionary/H/H-07.md,hz-017925-hydroelectric,sources/Hezareh_Dictionary_Index/source/Hezareh_Part_04_PDF_0751-1000.md#L4930-L4935,True
hydrofoil,hydrofoil,hydrofoil,[],hz-017926,entry_candidate,raw_ocr,medium,4,792,,dictionary/H/H-07.md,hz-017926-hydrofoil,sources/Hezareh_Dictionary_Index/source/Hezareh_Part_04_PDF_0751-1000.md#L4936-L4936,True
hydrogen,hydrogen,hydrogen,[],hz-017928,entry_candidate,raw_ocr,high,4,792,,dictionary/H/H-07.md,hz-017928-hydrogen,sources/Hezareh_Dictionary_Index/source/Hezareh_Part_04_PDF_0751-1000.md#L4937-L4937,True
hydrogen bomb,hydrogen bomb,hydrogen bomb,[],hz-017929,entry_candidate,raw_ocr,high,4,792,,dictionary/H/H-07.md,hz-017929-hydrogen-bomb,sources/Hezareh_Dictionary_Index/source/Hezareh_Part_04_PDF_0751-1000.md#L4938-L4939,True
hydrogen peroxide,hydrogen peroxide,hydrogen peroxide,[],hz-017930,entry_candidate,raw_ocr,high,4,792,,dictionary/H/H-07.md,hz-017930-hydrogen-peroxide,sources/Hezareh_Dictionary_Index/source/Hezareh_Part_04_PDF_0751-1000.md#L4940-L4941,True
hydrography,hydrography,hydrography,[],hz-017931,entry_candidate,raw_ocr,high,4,792,,dictionary/H/H-07.md,hz-017931-hydrography,sources/Hezareh_Dictionary_Index/source/Hezareh_Part_04_PDF_0751-1000.md#L4942-L4942,True
hydrolysiS,hydrolysis,hydrolysis,[],hz-017932,entry_candidate,raw_ocr,high,4,792,,dictionary/H/H-07.md,hz-017932-hydrolysis,sources/Hezareh_Dictionary_Index/source/Hezareh_Part_04_PDF_0751-1000.md#L4943-L4943,True
hydrometer,hydrometer,hydrometer,[],hz-017933,entry_candidate,raw_ocr,high,4,792,,dictionary/H/H-07.md,hz-017933-hydrometer,sources/Hezareh_Dictionary_Index/source/Hezareh_Part_04_PDF_0751-1000.md#L4944-L4944,True
hydropathic,hydropathic,hydropathic,[],hz-017934,entry_candidate,raw_ocr,high,4,792,,dictionary/H/H-07.md,hz-017934-hydropathic,sources/Hezareh_Dictionary_Index/source/Hezareh_Part_04_PDF_0751-1000.md#L4945-L4946,True
hydropathy,hydropathy,hydropathy,[],hz-017935,entry_candidate,raw_ocr,high,4,792,,dictionary/H/H-07.md,hz-017935-hydropathy,sources/Hezareh_Dictionary_Index/source/Hezareh_Part_04_PDF_0751-1000.md#L4947-L4948,True
hydrophobia,hydrophobia,hydrophobia,[],hz-017936,entry_candidate,raw_ocr,high,4,792,,dictionary/H/H-07.md,hz-017936-hydrophobia,sources/Hezareh_Dictionary_Index/source/Hezareh_Part_04_PDF_0751-1000.md#L4949-L4952,True
hydroplane,hydroplane,hydroplane,[],hz-017937,entry_candidate,raw_ocr,hint_only,4,792,,dictionary/H/H-07.md,hz-017937-hydroplane,sources/Hezareh_Dictionary_Index/source/Hezareh_Part_04_PDF_0751-1000.md#L4855-L4855,False
hydroponiCS,hydroponics,hydroponics,[],hz-017938,entry_candidate,raw_ocr,high,4,792,,dictionary/H/H-07.md,hz-017938-hydroponics,sources/Hezareh_Dictionary_Index/source/Hezareh_Part_04_PDF_0751-1000.md#L4953-L4954,True
hydrotherapy,hydrotherapy,hydrotherapy,[],hz-017939,entry_candidate,raw_ocr,high,4,792,,dictionary/H/H-07.md,hz-017939-hydrotherapy,sources/Hezareh_Dictionary_Index/source/Hezareh_Part_04_PDF_0751-1000.md#L4955-L4955,True
hydroxide,hydroxide,hydroxide,[],hz-017940,entry_candidate,raw_ocr,high,4,792,,dictionary/H/H-07.md,hz-017940-hydroxide,sources/Hezareh_Dictionary_Index/source/Hezareh_Part_04_PDF_0751-1000.md#L4956-L4956,True
hyena,hyena,hyena,[],hz-017941,entry_candidate,raw_ocr,high,4,792,,dictionary/H/H-07.md,hz-017941-hyena,sources/Hezareh_Dictionary_Index/source/Hezareh_Part_04_PDF_0751-1000.md#L4957-L4957,True
hygianiC,hygianic,hygianic,[],hz-017943,entry_candidate,raw_ocr,hint_only,4,792,,dictionary/H/H-07.md,hz-017943-hygianic,sources/Hezareh_Dictionary_Index/source/Hezareh_Part_04_PDF_0751-1000.md#L4855-L4855,False
hygiene,hygiene,hygiene,[],hz-017942,entry_candidate,raw_ocr,high,4,792,,dictionary/H/H-07.md,hz-017942-hygiene,sources/Hezareh_Dictionary_Index/source/Hezareh_Part_04_PDF_0751-1000.md#L4958-L4965,True
hygienically,hygienically,hygienically,[],hz-017944,entry_candidate,raw_ocr,high,4,793,,dictionary/H/H-07.md,hz-017944-hygienically,sources/Hezareh_Dictionary_Index/source/Hezareh_Part_04_PDF_0751-1000.md#L4979-L4982,True
hymen,hymen,hymen,[],hz-017945,entry_candidate,raw_ocr,hint_only,4,793,,dictionary/H/H-07.md,hz-017945-hymen,sources/Hezareh_Dictionary_Index/source/Hezareh_Part_04_PDF_0751-1000.md#L4969-L4969,False
hymn,hymn,hymn,[],hz-017946,entry_candidate,raw_ocr,medium,4,793,,dictionary/H/H-07.md,hz-017946-hymn,sources/Hezareh_Dictionary_Index/source/Hezareh_Part_04_PDF_0751-1000.md#L4983-L4985,True
hymnal,hymnal,hymnal,[],hz-017947,entry_candidate,raw_ocr,medium,4,793,,dictionary/H/H-07.md,hz-017947-hymnal,sources/Hezareh_Dictionary_Index/source/Hezareh_Part_04_PDF_0751-1000.md#L4986-L4992,True
hype,hype,hype,[],hz-017948,entry_candidate,raw_ocr,high,4,793,,dictionary/H/H-07.md,hz-017948-hype,sources/Hezareh_Dictionary_Index/source/Hezareh_Part_04_PDF_0751-1000.md#L4993-L4993,True
hyped up,hyped up,hyped up,[],hz-017949,entry_candidate,raw_ocr,medium,4,793,,dictionary/H/H-07.md,hz-017949-hyped-up,sources/Hezareh_Dictionary_Index/source/Hezareh_Part_04_PDF_0751-1000.md#L4994-L4997,True
hyper-,hyper-,hyper-,[],hz-038808,entry_candidate,raw_ocr,medium,8,1962,,dictionary/H/H-07.md,hz-038808-hyper,sources/Hezareh_Dictionary_Index/source/Hezareh_Part_08_PDF_1751-1976.md#L24918-L24920,True
hyperactivity,hyperactivity,hyperactivity,[],hz-017950,entry_candidate,raw_ocr,high,4,793,,dictionary/H/H-07.md,hz-017950-hyperactivity,sources/Hezareh_Dictionary_Index/source/Hezareh_Part_04_PDF_0751-1000.md#L4998-L4999,True
hyperbola,hyperbola,hyperbola,[],hz-017951,entry_candidate,raw_ocr,medium,4,793,,dictionary/H/H-07.md,hz-017951-hyperbola,sources/Hezareh_Dictionary_Index/source/Hezareh_Part_04_PDF_0751-1000.md#L5000-L5000,True
hyperbole,hyperbole,hyperbole,[],hz-017952,entry_candidate,raw_ocr,medium,4,793,,dictionary/H/H-07.md,hz-017952-hyperbole,sources/Hezareh_Dictionary_Index/source/Hezareh_Part_04_PDF_0751-1000.md#L5001-L5001,True
hyperbolic,hyperbolic,hyperbolic,[],hz-017953,entry_candidate,raw_ocr,medium,4,793,,dictionary/H/H-07.md,hz-017953-hyperbolic,sources/Hezareh_Dictionary_Index/source/Hezareh_Part_04_PDF_0751-1000.md#L5002-L5007,True
hypercritical,hypercritical,hypercritical,[],hz-017954,entry_candidate,raw_ocr,hint_only,4,793,,dictionary/H/H-07.md,hz-017954-hypercritical,sources/Hezareh_Dictionary_Index/source/Hezareh_Part_04_PDF_0751-1000.md#L4969-L4969,False
hypercritically,hypercritically,hypercritically,[],hz-017955,entry_candidate,raw_ocr,hint_only,4,793,,dictionary/H/H-07.md,hz-017955-hypercritically,sources/Hezareh_Dictionary_Index/source/Hezareh_Part_04_PDF_0751-1000.md#L4969-L4969,False
hyperinflation,hyperinflation,hyperinflation,[],hz-017956,entry_candidate,raw_ocr,high,4,793,,dictionary/H/H-07.md,hz-017956-hyperinflation,sources/Hezareh_Dictionary_Index/source/Hezareh_Part_04_PDF_0751-1000.md#L5008-L5010,True
hypermarket,hypermarket,hypermarket,[],hz-017957,entry_candidate,raw_ocr,medium,4,793,,dictionary/H/H-07.md,hz-017957-hypermarket,sources/Hezareh_Dictionary_Index/source/Hezareh_Part_04_PDF_0751-1000.md#L5011-L5012,True
hypersensitive,hypersensitive,hypersensitive,[],hz-017958,entry_candidate,raw_ocr,medium,4,793,,dictionary/H/H-07.md,hz-017958-hypersensitive,sources/Hezareh_Dictionary_Index/source/Hezareh_Part_04_PDF_0751-1000.md#L5013-L5018,True
hypersensitivity,hypersensitivity,hypersensitivity,[],hz-017959,entry_candidate,raw_ocr,hint_only,4,793,,dictionary/H/H-07.md,hz-017959-hypersensitivity,sources/Hezareh_Dictionary_Index/source/Hezareh_Part_04_PDF_0751-1000.md#L4969-L4969,False
hypertension,hypertension,hypertension,[],hz-017960,entry_candidate,raw_ocr,hint_only,4,793,,dictionary/H/H-07.md,hz-017960-hypertension,sources/Hezareh_Dictionary_Index/source/Hezareh_Part_04_PDF_0751-1000.md#L4969-L4969,False
hypertext,hypertext,hypertext,[],hz-017961,entry_candidate,raw_ocr,low,4,793,,dictionary/H/H-07.md,hz-017961-hypertext,sources/Hezareh_Dictionary_Index/source/Hezareh_Part_04_PDF_0751-1000.md#L5019-L5024,True
hyperventilation,hyperventilation,hyperventilation,[],hz-017962,entry_candidate,raw_ocr,hint_only,4,793,,dictionary/H/H-07.md,hz-017962-hyperventilation,sources/Hezareh_Dictionary_Index/source/Hezareh_Part_04_PDF_0751-1000.md#L4969-L4969,False
hyphen,hyphen,hyphen,[],hz-017963,entry_candidate,raw_ocr,medium,4,793,,dictionary/H/H-07.md,hz-017963-hyphen,sources/Hezareh_Dictionary_Index/source/Hezareh_Part_04_PDF_0751-1000.md#L5025-L5030,True
hyphenate,hyphenate,hyphenate,[],hz-017964,entry_candidate,raw_ocr,medium,4,793,,dictionary/H/H-07.md,hz-017964-hyphenate,sources/Hezareh_Dictionary_Index/source/Hezareh_Part_04_PDF_0751-1000.md#L5031-L5032,True
hyphenation,hyphenation,hyphenation,[],hz-017965,entry_candidate,raw_ocr,medium,4,793,,dictionary/H/H-07.md,hz-017965-hyphenation,sources/Hezareh_Dictionary_Index/source/Hezareh_Part_04_PDF_0751-1000.md#L5033-L5034,True
hypnoses,hypnoses,hypnoses,[],hz-017966,entry_candidate,raw_ocr,medium,4,793,,dictionary/H/H-07.md,hz-017966-hypnoses,sources/Hezareh_Dictionary_Index/source/Hezareh_Part_04_PDF_0751-1000.md#L5035-L5035,True
hypnosis,hypnosis,hypnosis,[],hz-017967,entry_candidate,raw_ocr,high,4,793,,dictionary/H/H-07.md,hz-017967-hypnosis,sources/Hezareh_Dictionary_Index/source/Hezareh_Part_04_PDF_0751-1000.md#L5036-L5037,True
hypnotiC,hypnotic,hypnotic,[],hz-017968,entry_candidate,raw_ocr,medium,4,793,,dictionary/H/H-07.md,hz-017968-hypnotic,sources/Hezareh_Dictionary_Index/source/Hezareh_Part_04_PDF_0751-1000.md#L5038-L5042,True
hypnotise,hypnotise,hypnotise,[],hz-017969,entry_candidate,raw_ocr,high,4,793,,dictionary/H/H-07.md,hz-017969-hypnotise,sources/Hezareh_Dictionary_Index/source/Hezareh_Part_04_PDF_0751-1000.md#L5043-L5043,True
hypnotism,hypnotism,hypnotism,[],hz-017970,entry_candidate,raw_ocr,medium,4,793,,dictionary/H/H-07.md,hz-017970-hypnotism,sources/Hezareh_Dictionary_Index/source/Hezareh_Part_04_PDF_0751-1000.md#L5044-L5045,True
hypnotist,hypnotist,hypnotist,[],hz-017971,entry_candidate,raw_ocr,medium,4,793,,dictionary/H/H-07.md,hz-017971-hypnotist,sources/Hezareh_Dictionary_Index/source/Hezareh_Part_04_PDF_0751-1000.md#L5046-L5047,True
hypnotize,hypnotize,hypnotize,[],hz-017972,entry_candidate,raw_ocr,medium,4,793,,dictionary/H/H-07.md,hz-017972-hypnotize,sources/Hezareh_Dictionary_Index/source/Hezareh_Part_04_PDF_0751-1000.md#L5048-L5053,True
hypo-,hypo-,hypo-,[],hz-038809,entry_candidate,raw_ocr,medium,8,1962,,dictionary/H/H-07.md,hz-038809-hypo,sources/Hezareh_Dictionary_Index/source/Hezareh_Part_08_PDF_1751-1976.md#L24921-L24962,True
hypochondriac,hypochondriac,hypochondriac,[],hz-017973,entry_candidate,raw_ocr,high,4,793,,dictionary/H/H-07.md,hz-017973-hypochondriac,sources/Hezareh_Dictionary_Index/source/Hezareh_Part_04_PDF_0751-1000.md#L5054-L5058,True
hypochondriacal,hypochondriacal,hypochondriacal,[],hz-017974,entry_candidate,raw_ocr,high,4,793,,dictionary/H/H-07.md,hz-017974-hypochondriacal,sources/Hezareh_Dictionary_Index/source/Hezareh_Part_04_PDF_0751-1000.md#L5059-L5062,True
hypocrisy,hypocrisy,hypocrisy,[],hz-017975,entry_candidate,raw_ocr,medium,4,793,,dictionary/H/H-07.md,hz-017975-hypocrisy,sources/Hezareh_Dictionary_Index/source/Hezareh_Part_04_PDF_0751-1000.md#L5063-L5064,True
hypocrite,hypocrite,hypocrite,[],hz-017976,entry_candidate,raw_ocr,medium,4,793,,dictionary/H/H-07.md,hz-017976-hypocrite,sources/Hezareh_Dictionary_Index/source/Hezareh_Part_04_PDF_0751-1000.md#L5065-L5066,True
hypocritical,hypocritical,hypocritical,[],hz-017977,entry_candidate,raw_ocr,medium,4,793,,dictionary/H/H-07.md,hz-017977-hypocritical,sources/Hezareh_Dictionary_Index/source/Hezareh_Part_04_PDF_0751-1000.md#L5067-L5070,True
hypocritically,hypocritically,hypocritically,[],hz-017978,entry_candidate,raw_ocr,hint_only,4,793,,dictionary/H/H-07.md,hz-017978-hypocritically,sources/Hezareh_Dictionary_Index/source/Hezareh_Part_04_PDF_0751-1000.md#L4969-L4969,False
hypodermic,hypodermic,hypodermic,[],hz-017979,entry_candidate,raw_ocr,medium,4,793,,dictionary/H/H-07.md,hz-017979-hypodermic,sources/Hezareh_Dictionary_Index/source/Hezareh_Part_04_PDF_0751-1000.md#L5071-L5076,True
hypothecate,hypothecate,hypothecate,[],hz-017980,entry_candidate,raw_ocr,high,4,794,,dictionary/H/H-07.md,hz-017980-hypothecate,sources/Hezareh_Dictionary_Index/source/Hezareh_Part_04_PDF_0751-1000.md#L5094-L5097,True
hypotheses,hypotheses,hypotheses,[],hz-017981,entry_candidate,raw_ocr,high,4,794,,dictionary/H/H-07.md,hz-017981-hypotheses,sources/Hezareh_Dictionary_Index/source/Hezareh_Part_04_PDF_0751-1000.md#L5098-L5098,True
hypothesis,hypothesis,hypothesis,[],hz-017982,entry_candidate,raw_ocr,high,4,794,,dictionary/H/H-08.md,hz-017982-hypothesis,sources/Hezareh_Dictionary_Index/source/Hezareh_Part_04_PDF_0751-1000.md#L5099-L5100,True
hypothesise,hypothesise,hypothesise,[],hz-017983,entry_candidate,raw_ocr,high,4,794,,dictionary/H/H-08.md,hz-017983-hypothesise,sources/Hezareh_Dictionary_Index/source/Hezareh_Part_04_PDF_0751-1000.md#L5101-L5101,True
hypothesize,hypothesize,hypothesize,[],hz-017984,entry_candidate,raw_ocr,high,4,794,,dictionary/H/H-08.md,hz-017984-hypothesize,sources/Hezareh_Dictionary_Index/source/Hezareh_Part_04_PDF_0751-1000.md#L5102-L5103,True
hypothetical,hypothetical,hypothetical,[],hz-017985,entry_candidate,raw_ocr,high,4,794,,dictionary/H/H-08.md,hz-017985-hypothetical,sources/Hezareh_Dictionary_Index/source/Hezareh_Part_04_PDF_0751-1000.md#L5104-L5104,True
hypothetically,hypothetically,hypothetically,[],hz-017986,entry_candidate,raw_ocr,high,4,794,,dictionary/H/H-08.md,hz-017986-hypothetically,sources/Hezareh_Dictionary_Index/source/Hezareh_Part_04_PDF_0751-1000.md#L5105-L5115,True
hysterectomy,hysterectomy,hysterectomy,[],hz-017987,entry_candidate,raw_ocr,high,4,794,,dictionary/H/H-08.md,hz-017987-hysterectomy,sources/Hezareh_Dictionary_Index/source/Hezareh_Part_04_PDF_0751-1000.md#L5116-L5117,True
hysteria,hysteria,hysteria,[],hz-017988,entry_candidate,raw_ocr,high,4,794,,dictionary/H/H-08.md,hz-017988-hysteria,sources/Hezareh_Dictionary_Index/source/Hezareh_Part_04_PDF_0751-1000.md#L5118-L5124,True
hysterically,hysterically,hysterically,[],hz-017989,entry_candidate,raw_ocr,high,4,794,,dictionary/H/H-08.md,hz-017989-hysterically,sources/Hezareh_Dictionary_Index/source/Hezareh_Part_04_PDF_0751-1000.md#L5125-L5126,True
hysteriCS,hysterics,hysterics,[],hz-017990,entry_candidate,raw_ocr,high,4,794,,dictionary/H/H-08.md,hz-017990-hysterics,sources/Hezareh_Dictionary_Index/source/Hezareh_Part_04_PDF_0751-1000.md#L5127-L5131,True
HZ,hz,hz,[],hz-017991,entry_candidate,raw_ocr,high,4,794,,dictionary/H/H-08.md,hz-017991-hz,sources/Hezareh_Dictionary_Index/source/Hezareh_Part_04_PDF_0751-1000.md#L5132-L5136,True
