headword,normalized_headword,base_normalized_headword,aliases,record_id,record_type,verification_status,boundary_confidence,part,pdf_page,printed_page,file,anchor,source_pointer,entry_text_available
I - teen,i - teen,i - teen,[],hz-034485,entry_candidate,raw_ocr,hint_only,7,1727,,dictionary/I/I-01.md,hz-034485-i-teen,sources/Hezareh_Dictionary_Index/source/Hezareh_Part_07_PDF_1501-1750.md#L26461-L26461,False
I -bouz,i -bouz,i -bouz,[],hz-013822,entry_candidate,raw_ocr,hint_only,3,596,,dictionary/I/I-01.md,hz-013822-i-bouz,sources/Hezareh_Dictionary_Index/source/Hezareh_Part_03_PDF_0501-0750.md#L11016-L11016,False
I can't believe my cars,i can't believe my cars,i can't believe my cars,[],hz-002961,entry_candidate,raw_ocr,hint_only,1,113,,dictionary/I/I-01.md,hz-002961-i-can-t-believe-my-cars,sources/Hezareh_Dictionary_Index/source/Hezareh_Part_01_PDF_0001-0250.md#L15265-L15265,False
I can't wait for sth,i can't wait for sth,i can't wait for sth,[],hz-037435,entry_candidate,raw_ocr,hint_only,8,1884,,dictionary/I/I-01.md,hz-037435-i-can-t-wait-for-sth,sources/Hezareh_Dictionary_Index/source/Hezareh_Part_08_PDF_1751-1976.md#L15810-L15810,False
I don't know what she sees in him,i don't know what she sees in him,i don't know what she sees in him,[],hz-030438,entry_candidate,raw_ocr,high,7,1511,,dictionary/I/I-01.md,hz-030438-i-don-t-know-what-she-sees-in-him,sources/Hezareh_Dictionary_Index/source/Hezareh_Part_07_PDF_1501-1750.md#L1358-L1409,True
i drawn,i drawn,i drawn,[],hz-011035,entry_candidate,raw_ocr,hint_only,2,457,,dictionary/I/I-01.md,hz-011035-i-drawn,sources/Hezareh_Dictionary_Index/source/Hezareh_Part_02_PDF_0251-0500.md#L24329-L24329,False
I elcro,i elcro,i elcro,[],hz-036961,entry_candidate,raw_ocr,hint_only,8,1865,,dictionary/I/I-01.md,hz-036961-i-elcro,sources/Hezareh_Dictionary_Index/source/Hezareh_Part_08_PDF_1751-1976.md#L13646-L13646,False
I enjoyed with,i enjoyed with,i enjoyed with,[],hz-012060,entry_candidate,raw_ocr,high,3,506,,dictionary/I/I-01.md,hz-012060-i-enjoyed-with,sources/Hezareh_Dictionary_Index/source/Hezareh_Part_03_PDF_0501-0750.md#L784-L787,True
I feed the cat and last,i feed the cat and last,i feed the cat and last,[],hz-020729,entry_candidate,raw_ocr,high,4,911,,dictionary/I/I-01.md,hz-020729-i-feed-the-cat-and-last,sources/Hezareh_Dictionary_Index/source/Hezareh_Part_04_PDF_0751-1000.md#L18378-L18388,True
I found it under the table,i found it under the table,i found it under the table,[],hz-036333,entry_candidate,raw_ocr,medium,8,1825,,dictionary/I/I-01.md,hz-036333-i-found-it-under-the-table,sources/Hezareh_Dictionary_Index/source/Hezareh_Part_08_PDF_1751-1976.md#L8836-L8870,True
I Ftetson,i ftetson,i ftetson,[],hz-032984,entry_candidate,raw_ocr,hint_only,7,1651,,dictionary/I/I-01.md,hz-032984-i-ftetson,sources/Hezareh_Dictionary_Index/source/Hezareh_Part_07_PDF_1501-1750.md#L17685-L17685,False
i goner,i goner,i goner,[],hz-015701,entry_candidate,raw_ocr,hint_only,3,692,,dictionary/I/I-01.md,hz-015701-i-goner,sources/Hezareh_Dictionary_Index/source/Hezareh_Part_03_PDF_0501-0750.md#L22055-L22055,False
i gonorrhoea,i gonorrhoea,i gonorrhoea,[],hz-015703,entry_candidate,raw_ocr,hint_only,3,692,,dictionary/I/I-01.md,hz-015703-i-gonorrhoea,sources/Hezareh_Dictionary_Index/source/Hezareh_Part_03_PDF_0501-0750.md#L22055-L22055,False
I have found what is wrong,i have found what is wrong,i have found what is wrong,[],hz-038580,entry_candidate,raw_ocr,high,8,1948,,dictionary/I/I-01.md,hz-038580-i-have-found-what-is-wrong,sources/Hezareh_Dictionary_Index/source/Hezareh_Part_08_PDF_1751-1976.md#L23542-L23548,True
I haven't the vaguest idea,i haven't the vaguest idea,i haven't the vaguest idea,[],hz-036834,entry_candidate,raw_ocr,high,8,1860,,dictionary/I/I-01.md,hz-036834-i-haven-t-the-vaguest-idea,sources/Hezareh_Dictionary_Index/source/Hezareh_Part_08_PDF_1751-1976.md#L13076-L13081,True
i jowly,i jowly,i jowly,[],hz-020007,entry_candidate,raw_ocr,hint_only,4,876,,dictionary/I/I-01.md,hz-020007-i-jowly,sources/Hezareh_Dictionary_Index/source/Hezareh_Part_04_PDF_0751-1000.md#L14320-L14320,False
I just wanted to stay at home alone,i just wanted to stay at home alone,i just wanted to stay at home alone,[],hz-000953,entry_candidate,raw_ocr,high,1,41,,dictionary/I/I-01.md,hz-000953-i-just-wanted-to-stay-at-home-alone,sources/Hezareh_Dictionary_Index/source/Hezareh_Part_01_PDF_0001-0250.md#L5128-L5163,True
i Keep the potatoes at a,i keep the potatoes at a,i keep the potatoes at a,[],hz-031296,entry_candidate,raw_ocr,hint_only,7,1563,,dictionary/I/I-01.md,hz-031296-i-keep-the-potatoes-at-a,sources/Hezareh_Dictionary_Index/source/Hezareh_Part_07_PDF_1501-1750.md#L7361-L7361,False
I love life,i love life,i love life,[],hz-034785,entry_candidate,raw_ocr,high,7,1741,,dictionary/I/I-01.md,hz-034785-i-love-life,sources/Hezareh_Dictionary_Index/source/Hezareh_Part_07_PDF_1501-1750.md#L28167-L28179,True
I love the life of a writer,i love the life of a writer,i love the life of a writer,[],hz-034786,entry_candidate,raw_ocr,high,7,1742,,dictionary/I/I-01.md,hz-034786-i-love-the-life-of-a-writer,sources/Hezareh_Dictionary_Index/source/Hezareh_Part_07_PDF_1501-1750.md#L28195-L28226,True
I meant t,i meant t,i meant t,[],hz-022581,entry_candidate,raw_ocr,hint_only,5,1021,,dictionary/I/I-01.md,hz-022581-i-meant-t,sources/Hezareh_Dictionary_Index/source/Hezareh_Part_05_PDF_1001-1250.md#L2698-L2698,False
I said hello,i said hello,i said hello,[],hz-034559,entry_candidate,raw_ocr,high,7,1730,,dictionary/I/I-01.md,hz-034559-i-said-hello,sources/Hezareh_Dictionary_Index/source/Hezareh_Part_07_PDF_1501-1750.md#L26891-L26895,True
I saw her leaving the hospital,i saw her leaving the hospital,i saw her leaving the hospital,[],hz-030150,entry_candidate,raw_ocr,high,6,1493,,dictionary/I/I-01.md,hz-030150-i-saw-her-leaving-the-hospital,sources/Hezareh_Dictionary_Index/source/Hezareh_Part_06_PDF_1251-1500.md#L28198-L28205,True
i Sergt,i sergt,i sergt,[],hz-030695,entry_candidate,raw_ocr,hint_only,7,1523,,dictionary/I/I-01.md,hz-030695-i-sergt,sources/Hezareh_Dictionary_Index/source/Hezareh_Part_07_PDF_1501-1750.md#L2721-L2721,False
i She really t,i she really t,i she really t,[],hz-019715,entry_candidate,raw_ocr,hint_only,4,863,,dictionary/I/I-01.md,hz-019715-i-she-really-t,sources/Hezareh_Dictionary_Index/source/Hezareh_Part_04_PDF_0751-1000.md#L12867-L12867,False
I short back and sides,i short back and sides,i short back and sides,[],hz-031044,entry_candidate,raw_ocr,hint_only,7,1547,,dictionary/I/I-01.md,hz-031044-i-short-back-and-sides,sources/Hezareh_Dictionary_Index/source/Hezareh_Part_07_PDF_1501-1750.md#L5495-L5495,False
I shortcake,i shortcake,i shortcake,[],hz-031046,entry_candidate,raw_ocr,hint_only,7,1547,,dictionary/I/I-01.md,hz-031046-i-shortcake,sources/Hezareh_Dictionary_Index/source/Hezareh_Part_07_PDF_1501-1750.md#L5495-L5495,False
i shortcrust,i shortcrust,i shortcrust,[],hz-031047,entry_candidate,raw_ocr,hint_only,7,1547,,dictionary/I/I-01.md,hz-031047-i-shortcrust,sources/Hezareh_Dictionary_Index/source/Hezareh_Part_07_PDF_1501-1750.md#L5495-L5495,False
I should think,i should think,i should think,[],hz-031077,entry_candidate,raw_ocr,high,7,1548,,dictionary/I/I-01.md,hz-031077-i-should-think,sources/Hezareh_Dictionary_Index/source/Hezareh_Part_07_PDF_1501-1750.md#L5713-L5720,True
i sink into sb's mind,i sink into sb's mind,i sink into sb's mind,[],hz-031354,entry_candidate,raw_ocr,hint_only,7,1567,,dictionary/I/I-01.md,hz-031354-i-sink-into-sb-s-mind,sources/Hezareh_Dictionary_Index/source/Hezareh_Part_07_PDF_1501-1750.md#L7850-L7850,False
i speak for itself,i speak for itself,i speak for itself,[],hz-032321,entry_candidate,raw_ocr,hint_only,7,1613,,dictionary/I/I-01.md,hz-032321-i-speak-for-itself,sources/Hezareh_Dictionary_Index/source/Hezareh_Part_07_PDF_1501-1750.md#L13211-L13211,False
i stair,i stair,i stair,[],hz-032769,entry_candidate,raw_ocr,hint_only,7,1636,,dictionary/I/I-01.md,hz-032769-i-stair,sources/Hezareh_Dictionary_Index/source/Hezareh_Part_07_PDF_1501-1750.md#L15893-L15893,False
I told her the reason,i told her the reason,i told her the reason,[],hz-034560,entry_candidate,raw_ocr,high,7,1730,,dictionary/I/I-01.md,hz-034560-i-told-her-the-reason,sources/Hezareh_Dictionary_Index/source/Hezareh_Part_07_PDF_1501-1750.md#L26896-L26922,True
I twisted my wrist,i twisted my wrist,i twisted my wrist,[],hz-036154,entry_candidate,raw_ocr,high,8,1812,,dictionary/I/I-01.md,hz-036154-i-twisted-my-wrist,sources/Hezareh_Dictionary_Index/source/Hezareh_Part_08_PDF_1751-1976.md#L7498-L7508,True
I unsecured,i unsecured,i unsecured,[],hz-036579,entry_candidate,raw_ocr,hint_only,8,1845,,dictionary/I/I-01.md,hz-036579-i-unsecured,sources/Hezareh_Dictionary_Index/source/Hezareh_Part_08_PDF_1751-1976.md#L11153-L11153,False
I want,i want,i want,[],hz-038259,entry_candidate,raw_ocr,high,8,1929,,dictionary/I/I-01.md,hz-038259-i-want,sources/Hezareh_Dictionary_Index/source/Hezareh_Part_08_PDF_1751-1976.md#L21031-L21041,True
I want to reach,i want to reach,i want to reach,[],hz-028333,entry_candidate,raw_ocr,high,6,1375,,dictionary/I/I-01.md,hz-028333-i-want-to-reach,sources/Hezareh_Dictionary_Index/source/Hezareh_Part_06_PDF_1251-1500.md#L14353-L14369,True
I Will you carry the baby,i will you carry the baby,i will you carry the baby,[],hz-004247,entry_candidate,raw_ocr,hint_only,1,165,,dictionary/I/I-01.md,hz-004247-i-will-you-carry-the-baby,sources/Hezareh_Dictionary_Index/source/Hezareh_Part_01_PDF_0001-0250.md#L22808-L22808,False
i womanise,i womanise,i womanise,[],hz-038329,entry_candidate,raw_ocr,hint_only,8,1933,,dictionary/I/I-01.md,hz-038329-i-womanise,sources/Hezareh_Dictionary_Index/source/Hezareh_Part_08_PDF_1751-1976.md#L21479-L21479,False
I wonder if,i wonder if,i wonder if,[],hz-038344,entry_candidate,raw_ocr,medium,8,1933,,dictionary/I/I-01.md,hz-038344-i-wonder-if,sources/Hezareh_Dictionary_Index/source/Hezareh_Part_08_PDF_1751-1976.md#L21551-L21567,True
I'd,i'd,i'd,[],hz-018057,entry_candidate,raw_ocr,high,4,797,,dictionary/I/I-01.md,hz-018057-i-d,sources/Hezareh_Dictionary_Index/source/Hezareh_Part_04_PDF_0751-1000.md#L5365-L5366,True
I'll tell my parents the truth,i'll tell my parents the truth,i'll tell my parents the truth,[],hz-034563,entry_candidate,raw_ocr,high,7,1731,,dictionary/I/I-01.md,hz-034563-i-ll-tell-my-parents-the-truth,sources/Hezareh_Dictionary_Index/source/Hezareh_Part_07_PDF_1501-1750.md#L27002-L27020,True
I'm,i'm,i'm,[],hz-018193,entry_candidate,raw_ocr,high,4,802,,dictionary/I/I-01.md,hz-018193-i-m,sources/Hezareh_Dictionary_Index/source/Hezareh_Part_04_PDF_0751-1000.md#L5991-L5991,True
I'm arriving at Heathrow airport,i'm arriving at heathrow airport,i'm arriving at heathrow airport,[],hz-034793,entry_candidate,raw_ocr,high,7,1742,,dictionary/I/I-01.md,hz-034793-i-m-arriving-at-heathrow-airport,sources/Hezareh_Dictionary_Index/source/Hezareh_Part_07_PDF_1501-1750.md#L28256-L28296,True
I'm going out this evening,i'm going out this evening,i'm going out this evening,[],hz-023441,entry_candidate,raw_ocr,high,5,1071,,dictionary/I/I-01.md,hz-023441-i-m-going-out-this-evening,sources/Hezareh_Dictionary_Index/source/Hezareh_Part_05_PDF_1001-1250.md#L8537-L8539,True
I'm here to tell you the school,i'm here to tell you the school,i'm here to tell you the school,[],hz-034562,entry_candidate,raw_ocr,high,7,1731,,dictionary/I/I-01.md,hz-034562-i-m-here-to-tell-you-the-school,sources/Hezareh_Dictionary_Index/source/Hezareh_Part_07_PDF_1501-1750.md#L26953-L27001,True
I'm working hard lo raise,i'm working hard lo raise,i'm working hard lo raise,[],hz-028190,entry_candidate,raw_ocr,hint_only,6,1364,,dictionary/I/I-01.md,hz-028190-i-m-working-hard-lo-raise,sources/Hezareh_Dictionary_Index/source/Hezareh_Part_06_PDF_1251-1500.md#L13045-L13045,False
I've found two,i've found two,i've found two,[],hz-025266,entry_candidate,raw_ocr,high,5,1196,,dictionary/I/I-01.md,hz-025266-i-ve-found-two,sources/Hezareh_Dictionary_Index/source/Hezareh_Part_05_PDF_1001-1250.md#L22695-L22716,True
I've I arv,i've i arv,i've i arv,[],hz-019740,entry_candidate,raw_ocr,hint_only,4,864,,dictionary/I/I-01.md,hz-019740-i-ve-i-arv,sources/Hezareh_Dictionary_Index/source/Hezareh_Part_04_PDF_0751-1000.md#L12994-L12994,False
I've met Jane and I've a,i've met jane and i've a,i've met jane and i've a,[],hz-000974,entry_candidate,raw_ocr,hint_only,1,42,,dictionary/I/I-01.md,hz-000974-i-ve-met-jane-and-i-ve-a,sources/Hezareh_Dictionary_Index/source/Hezareh_Part_01_PDF_0001-0250.md#L5217-L5217,False
Iackadalsical,iackadalsical,iackadalsical,[],hz-020508,entry_candidate,raw_ocr,hint_only,4,902,,dictionary/I/I-01.md,hz-020508-iackadalsical,sources/Hezareh_Dictionary_Index/source/Hezareh_Part_04_PDF_0751-1000.md#L17235-L17235,False
iamb,iamb,iamb,[],hz-017992,entry_candidate,raw_ocr,high,4,795,,dictionary/I/I-01.md,hz-017992-iamb,sources/Hezareh_Dictionary_Index/source/Hezareh_Part_04_PDF_0751-1000.md#L5157-L5158,True
iambi,iambi,iambi,[],hz-017993,entry_candidate,raw_ocr,high,4,795,,dictionary/I/I-01.md,hz-017993-iambi,sources/Hezareh_Dictionary_Index/source/Hezareh_Part_04_PDF_0751-1000.md#L5159-L5159,True
iambic,iambic,iambic,[],hz-017994,entry_candidate,raw_ocr,high,4,795,,dictionary/I/I-01.md,hz-017994-iambic,sources/Hezareh_Dictionary_Index/source/Hezareh_Part_04_PDF_0751-1000.md#L5160-L5161,True
iambics,iambics,iambics,[],hz-017995,entry_candidate,raw_ocr,high,4,795,,dictionary/I/I-01.md,hz-017995-iambics,sources/Hezareh_Dictionary_Index/source/Hezareh_Part_04_PDF_0751-1000.md#L5162-L5164,True
iambus,iambus,iambus,[],hz-017996,entry_candidate,raw_ocr,low,4,795,,dictionary/I/I-01.md,hz-017996-iambus,sources/Hezareh_Dictionary_Index/source/Hezareh_Part_04_PDF_0751-1000.md#L5159-L5159,True
Iarqe-sized,iarqe-sized,iarqe-sized,[],hz-020693,entry_candidate,raw_ocr,hint_only,4,909,,dictionary/I/I-01.md,hz-020693-iarqe-sized,sources/Hezareh_Dictionary_Index/source/Hezareh_Part_04_PDF_0751-1000.md#L18040-L18040,False
IBA,iba,iba,[],hz-017997,entry_candidate,raw_ocr,high,4,795,,dictionary/I/I-01.md,hz-017997-iba,sources/Hezareh_Dictionary_Index/source/Hezareh_Part_04_PDF_0751-1000.md#L5165-L5171,True
ibex,ibex,ibex,[],hz-017998,entry_candidate,raw_ocr,high,4,795,,dictionary/I/I-01.md,hz-017998-ibex,sources/Hezareh_Dictionary_Index/source/Hezareh_Part_04_PDF_0751-1000.md#L5172-L5172,True
ibid,ibid,ibid,[],hz-017999,entry_candidate,raw_ocr,high,4,795,,dictionary/I/I-01.md,hz-017999-ibid,sources/Hezareh_Dictionary_Index/source/Hezareh_Part_04_PDF_0751-1000.md#L5173-L5173,True
ibidem,ibidem,ibidem,[],hz-018000,entry_candidate,raw_ocr,medium,4,795,,dictionary/I/I-01.md,hz-018000-ibidem,sources/Hezareh_Dictionary_Index/source/Hezareh_Part_04_PDF_0751-1000.md#L5174-L5175,True
ibis,ibis,ibis,[],hz-018001,entry_candidate,raw_ocr,high,4,795,,dictionary/I/I-01.md,hz-018001-ibis,sources/Hezareh_Dictionary_Index/source/Hezareh_Part_04_PDF_0751-1000.md#L5176-L5177,True
IBM,ibm,ibm,[],hz-018002,entry_candidate,raw_ocr,high,4,795,,dictionary/I/I-01.md,hz-018002-ibm,sources/Hezareh_Dictionary_Index/source/Hezareh_Part_04_PDF_0751-1000.md#L5178-L5183,True
ibob,ibob,ibob,[],hz-003708,entry_candidate,raw_ocr,hint_only,1,142,,dictionary/I/I-01.md,hz-003708-ibob,sources/Hezareh_Dictionary_Index/source/Hezareh_Part_01_PDF_0001-0250.md#L19370-L19370,False
IC,ic,ic,[],hz-018003,entry_candidate,raw_ocr,high,4,795,,dictionary/I/I-01.md,hz-018003-ic,sources/Hezareh_Dictionary_Index/source/Hezareh_Part_04_PDF_0751-1000.md#L5184-L5184,True
ICBM,icbm,icbm,[],hz-018004,entry_candidate,raw_ocr,high,4,795,,dictionary/I/I-01.md,hz-018004-icbm,sources/Hezareh_Dictionary_Index/source/Hezareh_Part_04_PDF_0751-1000.md#L5185-L5229,True
ice,ice,ice,[],hz-018005,entry_candidate,raw_ocr,high,4,796,,dictionary/I/I-01.md,hz-018005-ice,sources/Hezareh_Dictionary_Index/source/Hezareh_Part_04_PDF_0751-1000.md#L5298-L5299,True
Ice Age,ice age,ice age,[],hz-018006,entry_candidate,raw_ocr,medium,4,796,,dictionary/I/I-01.md,hz-018006-ice-age,sources/Hezareh_Dictionary_Index/source/Hezareh_Part_04_PDF_0751-1000.md#L5252-L5254,True
ice floe,ice floe,ice floe,[],hz-018024,entry_candidate,raw_ocr,hint_only,4,796,,dictionary/I/I-01.md,hz-018024-ice-floe,sources/Hezareh_Dictionary_Index/source/Hezareh_Part_04_PDF_0751-1000.md#L5233-L5233,False
ice hockey t'ess hnkr,ice hockey t'ess hnkr,ice hockey t'ess hnkr,[],hz-018026,entry_candidate,raw_ocr,hint_only,4,796,,dictionary/I/I-01.md,hz-018026-ice-hockey-t-ess-hnkr,sources/Hezareh_Dictionary_Index/source/Hezareh_Part_04_PDF_0751-1000.md#L5233-L5233,False
ice house,ice house,ice house,[],hz-018027,entry_candidate,raw_ocr,medium,4,796,,dictionary/I/I-01.md,hz-018027-ice-house,sources/Hezareh_Dictionary_Index/source/Hezareh_Part_04_PDF_0751-1000.md#L5284-L5285,True
ice lolly,ice lolly,ice lolly,[],hz-018031,entry_candidate,raw_ocr,high,4,796,,dictionary/I/I-01.md,hz-018031-ice-lolly,sources/Hezareh_Dictionary_Index/source/Hezareh_Part_04_PDF_0751-1000.md#L5298-L5299,True
ice pack,ice pack,ice pack,[],hz-018033,entry_candidate,raw_ocr,hint_only,4,796,,dictionary/I/I-01.md,hz-018033-ice-pack,sources/Hezareh_Dictionary_Index/source/Hezareh_Part_04_PDF_0751-1000.md#L5233-L5233,False
ice pick,ice pick,ice pick,[],hz-018034,entry_candidate,raw_ocr,hint_only,4,796,,dictionary/I/I-01.md,hz-018034-ice-pick,sources/Hezareh_Dictionary_Index/source/Hezareh_Part_04_PDF_0751-1000.md#L5233-L5233,False
ice rink,ice rink,ice rink,[],hz-018035,entry_candidate,raw_ocr,high,4,796,,dictionary/I/I-01.md,hz-018035-ice-rink,sources/Hezareh_Dictionary_Index/source/Hezareh_Part_04_PDF_0751-1000.md#L5305-L5306,True
ice-ax,ice-ax,ice-ax,[],hz-018007,entry_candidate,raw_ocr,hint_only,4,796,,dictionary/I/I-01.md,hz-018007-ice-ax,sources/Hezareh_Dictionary_Index/source/Hezareh_Part_04_PDF_0751-1000.md#L5233-L5233,False
ice-axe,ice-axe,ice-axe,[],hz-018008,entry_candidate,raw_ocr,medium,4,796,,dictionary/I/I-01.md,hz-018008-ice-axe,sources/Hezareh_Dictionary_Index/source/Hezareh_Part_04_PDF_0751-1000.md#L5255-L5255,True
ice-blue,ice-blue,ice-blue,[],hz-018010,entry_candidate,raw_ocr,medium,4,796,,dictionary/I/I-01.md,hz-018010-ice-blue,sources/Hezareh_Dictionary_Index/source/Hezareh_Part_04_PDF_0751-1000.md#L5259-L5260,True
ice-breaker t'sss brerko,ice-breaker t'sss brerko,ice-breaker t'sss brerko,[],hz-018014,entry_candidate,raw_ocr,hint_only,4,796,,dictionary/I/I-01.md,hz-018014-ice-breaker-t-sss-brerko,sources/Hezareh_Dictionary_Index/source/Hezareh_Part_04_PDF_0751-1000.md#L5233-L5233,False
ice-bucket,ice-bucket,ice-bucket,[],hz-018015,entry_candidate,raw_ocr,medium,4,796,,dictionary/I/I-01.md,hz-018015-ice-bucket,sources/Hezareh_Dictionary_Index/source/Hezareh_Part_04_PDF_0751-1000.md#L5268-L5268,True
ice-cap,ice-cap,ice-cap,[],hz-018016,entry_candidate,raw_ocr,low,4,796,,dictionary/I/I-01.md,hz-018016-ice-cap,sources/Hezareh_Dictionary_Index/source/Hezareh_Part_04_PDF_0751-1000.md#L5269-L5269,True
ice-cold,ice-cold,ice-cold,[],hz-018017,entry_candidate,raw_ocr,low,4,796,,dictionary/I/I-01.md,hz-018017-ice-cold,sources/Hezareh_Dictionary_Index/source/Hezareh_Part_04_PDF_0751-1000.md#L5270-L5271,True
ice-cream,ice-cream,ice-cream,[],hz-018018,entry_candidate,raw_ocr,high,4,796,,dictionary/I/I-01.md,hz-018018-ice-cream,sources/Hezareh_Dictionary_Index/source/Hezareh_Part_04_PDF_0751-1000.md#L5272-L5274,True
ice-cream parlour,ice-cream parlour,ice-cream parlour,[],hz-018019,entry_candidate,raw_ocr,high,4,796,,dictionary/I/I-01.md,hz-018019-ice-cream-parlour,sources/Hezareh_Dictionary_Index/source/Hezareh_Part_04_PDF_0751-1000.md#L5272-L5274,True
ice-cube,ice-cube,ice-cube,[],hz-018020,entry_candidate,raw_ocr,hint_only,4,796,,dictionary/I/I-01.md,hz-018020-ice-cube,sources/Hezareh_Dictionary_Index/source/Hezareh_Part_04_PDF_0751-1000.md#L5233-L5233,False
ice-fall,ice-fall,ice-fall,[],hz-018022,entry_candidate,raw_ocr,medium,4,796,,dictionary/I/I-01.md,hz-018022-ice-fall,sources/Hezareh_Dictionary_Index/source/Hezareh_Part_04_PDF_0751-1000.md#L5278-L5279,True
ice-field,ice-field,ice-field,[],hz-018023,entry_candidate,raw_ocr,medium,4,796,,dictionary/I/I-01.md,hz-018023-ice-field,sources/Hezareh_Dictionary_Index/source/Hezareh_Part_04_PDF_0751-1000.md#L5280-L5281,True
ice-free,ice-free,ice-free,[],hz-018025,entry_candidate,raw_ocr,medium,4,796,,dictionary/I/I-01.md,hz-018025-ice-free,sources/Hezareh_Dictionary_Index/source/Hezareh_Part_04_PDF_0751-1000.md#L5282-L5283,True
ice-man,ice-man,ice-man,[],hz-018032,entry_candidate,raw_ocr,high,4,796,,dictionary/I/I-01.md,hz-018032-ice-man,sources/Hezareh_Dictionary_Index/source/Hezareh_Part_04_PDF_0751-1000.md#L5300-L5304,True
ice-skate,ice-skate,ice-skate,[],hz-018036,entry_candidate,raw_ocr,high,4,796,,dictionary/I/I-01.md,hz-018036-ice-skate,sources/Hezareh_Dictionary_Index/source/Hezareh_Part_04_PDF_0751-1000.md#L5307-L5308,True
ice-skating,ice-skating,ice-skating,[],hz-018037,entry_candidate,raw_ocr,high,4,796,,dictionary/I/I-01.md,hz-018037-ice-skating,sources/Hezareh_Dictionary_Index/source/Hezareh_Part_04_PDF_0751-1000.md#L5309-L5310,True
ice-tray t'eas trei,ice-tray t'eas trei,ice-tray t'eas trei,[],hz-018038,entry_candidate,raw_ocr,hint_only,4,796,,dictionary/I/I-01.md,hz-018038-ice-tray-t-eas-trei,sources/Hezareh_Dictionary_Index/source/Hezareh_Part_04_PDF_0751-1000.md#L5233-L5233,False
ice-water,ice-water,ice-water,[],hz-018039,entry_candidate,raw_ocr,high,4,796,,dictionary/I/I-01.md,hz-018039-ice-water,sources/Hezareh_Dictionary_Index/source/Hezareh_Part_04_PDF_0751-1000.md#L5311-L5311,True
iceberg,iceberg,iceberg,[],hz-018009,entry_candidate,raw_ocr,medium,4,796,,dictionary/I/I-01.md,hz-018009-iceberg,sources/Hezareh_Dictionary_Index/source/Hezareh_Part_04_PDF_0751-1000.md#L5256-L5258,True
iceboat,iceboat,iceboat,[],hz-018011,entry_candidate,raw_ocr,medium,4,796,,dictionary/I/I-01.md,hz-018011-iceboat,sources/Hezareh_Dictionary_Index/source/Hezareh_Part_04_PDF_0751-1000.md#L5261-L5262,True
icebound,icebound,icebound,[],hz-018012,entry_candidate,raw_ocr,medium,4,796,,dictionary/I/I-01.md,hz-018012-icebound,sources/Hezareh_Dictionary_Index/source/Hezareh_Part_04_PDF_0751-1000.md#L5263-L5264,True
icebox,icebox,icebox,[],hz-018013,entry_candidate,raw_ocr,medium,4,796,,dictionary/I/I-01.md,hz-018013-icebox,sources/Hezareh_Dictionary_Index/source/Hezareh_Part_04_PDF_0751-1000.md#L5265-L5267,True
iced,iced,iced,[],hz-018021,entry_candidate,raw_ocr,medium,4,796,,dictionary/I/I-01.md,hz-018021-iced,sources/Hezareh_Dictionary_Index/source/Hezareh_Part_04_PDF_0751-1000.md#L5275-L5277,True
Iceland,iceland,iceland,[],hz-018028,entry_candidate,raw_ocr,medium,4,796,,dictionary/I/I-01.md,hz-018028-iceland,sources/Hezareh_Dictionary_Index/source/Hezareh_Part_04_PDF_0751-1000.md#L5286-L5294,True
Icelander,icelander,icelander,[],hz-018029,entry_candidate,raw_ocr,hint_only,4,796,,dictionary/I/I-01.md,hz-018029-icelander,sources/Hezareh_Dictionary_Index/source/Hezareh_Part_04_PDF_0751-1000.md#L5233-L5233,False
Icelandic,icelandic,icelandic,[],hz-018030,entry_candidate,raw_ocr,high,4,796,,dictionary/I/I-01.md,hz-018030-icelandic,sources/Hezareh_Dictionary_Index/source/Hezareh_Part_04_PDF_0751-1000.md#L5295-L5297,True
ichneumon,ichneumon,ichneumon,[],hz-018040,entry_candidate,raw_ocr,high,4,796,,dictionary/I/I-01.md,hz-018040-ichneumon,sources/Hezareh_Dictionary_Index/source/Hezareh_Part_04_PDF_0751-1000.md#L5312-L5313,True
ichneumon-fly,ichneumon-fly,ichneumon-fly,[],hz-018041,entry_candidate,raw_ocr,high,4,796,,dictionary/I/I-01.md,hz-018041-ichneumon-fly,sources/Hezareh_Dictionary_Index/source/Hezareh_Part_04_PDF_0751-1000.md#L5314-L5315,True
ichthyology,ichthyology,ichthyology,[],hz-018042,entry_candidate,raw_ocr,high,4,796,,dictionary/I/I-01.md,hz-018042-ichthyology,sources/Hezareh_Dictionary_Index/source/Hezareh_Part_04_PDF_0751-1000.md#L5316-L5318,True
ICI,ici,ici,[],hz-018043,entry_candidate,raw_ocr,hint_only,4,796,,dictionary/I/I-01.md,hz-018043-ici,sources/Hezareh_Dictionary_Index/source/Hezareh_Part_04_PDF_0751-1000.md#L5233-L5233,False
icicle,icicle,icicle,[],hz-018044,entry_candidate,raw_ocr,high,4,796,,dictionary/I/I-01.md,hz-018044-icicle,sources/Hezareh_Dictionary_Index/source/Hezareh_Part_04_PDF_0751-1000.md#L5319-L5319,True
icily,icily,icily,[],hz-018045,entry_candidate,raw_ocr,high,4,796,,dictionary/I/I-01.md,hz-018045-icily,sources/Hezareh_Dictionary_Index/source/Hezareh_Part_04_PDF_0751-1000.md#L5320-L5320,True
icineSS,iciness,iciness,[],hz-018046,entry_candidate,raw_ocr,high,4,796,,dictionary/I/I-01.md,hz-018046-iciness,sources/Hezareh_Dictionary_Index/source/Hezareh_Part_04_PDF_0751-1000.md#L5321-L5322,True
iCing,icing,icing,[],hz-018047,entry_candidate,raw_ocr,high,4,796,,dictionary/I/I-01.md,hz-018047-icing,sources/Hezareh_Dictionary_Index/source/Hezareh_Part_04_PDF_0751-1000.md#L5323-L5326,True
icing sugar,icing sugar,icing sugar,[],hz-018048,entry_candidate,raw_ocr,high,4,796,,dictionary/I/I-01.md,hz-018048-icing-sugar,sources/Hezareh_Dictionary_Index/source/Hezareh_Part_04_PDF_0751-1000.md#L5327-L5327,True
icon,icon,icon,[],hz-018049,entry_candidate,raw_ocr,high,4,796,,dictionary/I/I-01.md,hz-018049-icon,sources/Hezareh_Dictionary_Index/source/Hezareh_Part_04_PDF_0751-1000.md#L5328-L5330,True
iconic,iconic,iconic,[],hz-018050,entry_candidate,raw_ocr,high,4,796,,dictionary/I/I-01.md,hz-018050-iconic,sources/Hezareh_Dictionary_Index/source/Hezareh_Part_04_PDF_0751-1000.md#L5331-L5332,True
iconoclasm,iconoclasm,iconoclasm,[],hz-018051,entry_candidate,raw_ocr,high,4,796,,dictionary/I/I-01.md,hz-018051-iconoclasm,sources/Hezareh_Dictionary_Index/source/Hezareh_Part_04_PDF_0751-1000.md#L5333-L5335,True
iconoclast,iconoclast,iconoclast,[],hz-018052,entry_candidate,raw_ocr,high,4,796,,dictionary/I/I-01.md,hz-018052-iconoclast,sources/Hezareh_Dictionary_Index/source/Hezareh_Part_04_PDF_0751-1000.md#L5336-L5337,True
iconoclastiC,iconoclastic,iconoclastic,[],hz-018053,entry_candidate,raw_ocr,high,4,796,,dictionary/I/I-01.md,hz-018053-iconoclastic,sources/Hezareh_Dictionary_Index/source/Hezareh_Part_04_PDF_0751-1000.md#L5338-L5343,True
ICU,icu,icu,[],hz-018054,entry_candidate,raw_ocr,high,4,797,,dictionary/I/I-01.md,hz-018054-icu,sources/Hezareh_Dictionary_Index/source/Hezareh_Part_04_PDF_0751-1000.md#L5357-L5358,True
icy,icy,icy,[],hz-018055,entry_candidate,raw_ocr,high,4,797,,dictionary/I/I-01.md,hz-018055-icy,sources/Hezareh_Dictionary_Index/source/Hezareh_Part_04_PDF_0751-1000.md#L5359-L5363,True
id,id,id,[],hz-018056,entry_candidate,raw_ocr,high,4,797,,dictionary/I/I-01.md,hz-018056-id,sources/Hezareh_Dictionary_Index/source/Hezareh_Part_04_PDF_0751-1000.md#L5364-L5364,True
id est,id est,id est,[],hz-018089,entry_candidate,raw_ocr,hint_only,4,798,,dictionary/I/I-01.md,hz-018089-id-est,sources/Hezareh_Dictionary_Index/source/Hezareh_Part_04_PDF_0751-1000.md#L5459-L5459,False
idea,idea,idea,[],hz-018058,entry_candidate,raw_ocr,medium,4,797,,dictionary/I/I-01.md,hz-018058-idea,sources/Hezareh_Dictionary_Index/source/Hezareh_Part_04_PDF_0751-1000.md#L5371-L5397,True
ideal,ideal,ideal,[],hz-018060,entry_candidate,raw_ocr,high,4,797,,dictionary/I/I-01.md,hz-018060-ideal,sources/Hezareh_Dictionary_Index/source/Hezareh_Part_04_PDF_0751-1000.md#L5412-L5415,True
idealisation,idealisation,idealisation,[],hz-018061,entry_candidate,raw_ocr,high,4,797,,dictionary/I/I-01.md,hz-018061-idealisation,sources/Hezareh_Dictionary_Index/source/Hezareh_Part_04_PDF_0751-1000.md#L5416-L5417,True
idealise,idealise,idealise,[],hz-018062,entry_candidate,raw_ocr,high,4,797,,dictionary/I/I-01.md,hz-018062-idealise,sources/Hezareh_Dictionary_Index/source/Hezareh_Part_04_PDF_0751-1000.md#L5418-L5418,True
idealism,idealism,idealism,[],hz-018063,entry_candidate,raw_ocr,high,4,797,,dictionary/I/I-01.md,hz-018063-idealism,sources/Hezareh_Dictionary_Index/source/Hezareh_Part_04_PDF_0751-1000.md#L5419-L5421,True
idealist,idealist,idealist,[],hz-018064,entry_candidate,raw_ocr,high,4,797,,dictionary/I/I-01.md,hz-018064-idealist,sources/Hezareh_Dictionary_Index/source/Hezareh_Part_04_PDF_0751-1000.md#L5422-L5428,True
idealistically,idealistically,idealistically,[],hz-018065,entry_candidate,raw_ocr,high,4,797,,dictionary/I/I-01.md,hz-018065-idealistically,sources/Hezareh_Dictionary_Index/source/Hezareh_Part_04_PDF_0751-1000.md#L5429-L5430,True
idealization,idealization,idealization,[],hz-018066,entry_candidate,raw_ocr,high,4,797,,dictionary/I/I-01.md,hz-018066-idealization,sources/Hezareh_Dictionary_Index/source/Hezareh_Part_04_PDF_0751-1000.md#L5431-L5433,True
idealize,idealize,idealize,[],hz-018067,entry_candidate,raw_ocr,high,4,797,,dictionary/I/I-01.md,hz-018067-idealize,sources/Hezareh_Dictionary_Index/source/Hezareh_Part_04_PDF_0751-1000.md#L5434-L5436,True
ideally,ideally,ideally,[],hz-018068,entry_candidate,raw_ocr,high,4,797,,dictionary/I/I-01.md,hz-018068-ideally,sources/Hezareh_Dictionary_Index/source/Hezareh_Part_04_PDF_0751-1000.md#L5437-L5439,True
idem,idem,idem,[],hz-018069,entry_candidate,raw_ocr,high,4,797,,dictionary/I/I-01.md,hz-018069-idem,sources/Hezareh_Dictionary_Index/source/Hezareh_Part_04_PDF_0751-1000.md#L5440-L5442,True
identical,identical,identical,[],hz-018070,entry_candidate,raw_ocr,high,4,797,,dictionary/I/I-01.md,hz-018070-identical,sources/Hezareh_Dictionary_Index/source/Hezareh_Part_04_PDF_0751-1000.md#L5443-L5444,True
identical to,identical to,identical to,[],hz-018071,entry_candidate,raw_ocr,high,4,797,,dictionary/I/I-01.md,hz-018071-identical-to,sources/Hezareh_Dictionary_Index/source/Hezareh_Part_04_PDF_0751-1000.md#L5445-L5446,True
identical twins,identical twins,identical twins,[],hz-018073,entry_candidate,raw_ocr,high,4,797,,dictionary/I/I-01.md,hz-018073-identical-twins,sources/Hezareh_Dictionary_Index/source/Hezareh_Part_04_PDF_0751-1000.md#L5449-L5455,True
identically,identically,identically,[],hz-018072,entry_candidate,raw_ocr,high,4,797,,dictionary/I/I-01.md,hz-018072-identically,sources/Hezareh_Dictionary_Index/source/Hezareh_Part_04_PDF_0751-1000.md#L5447-L5448,True
identification,identification,identification,[],hz-018074,entry_candidate,raw_ocr,low,4,797,,dictionary/I/I-01.md,hz-018074-identification,sources/Hezareh_Dictionary_Index/source/Hezareh_Part_04_PDF_0751-1000.md#L5367-L5370,True
identify,identify,identify,[],hz-018075,entry_candidate,raw_ocr,high,4,798,,dictionary/I/I-01.md,hz-018075-identify,sources/Hezareh_Dictionary_Index/source/Hezareh_Part_04_PDF_0751-1000.md#L5478-L5482,True
identify oneself with sb,identify oneself with sb,identify oneself with sb,[],hz-018077,entry_candidate,raw_ocr,high,4,798,,dictionary/I/I-01.md,hz-018077-identify-oneself-with-sb,sources/Hezareh_Dictionary_Index/source/Hezareh_Part_04_PDF_0751-1000.md#L5478-L5482,True
identify sth,identify sth,identify sth,[],hz-018076,entry_candidate,raw_ocr,medium,4,798,,dictionary/I/I-01.md,hz-018076-identify-sth,sources/Hezareh_Dictionary_Index/source/Hezareh_Part_04_PDF_0751-1000.md#L5474-L5477,True
identikit,identikit,identikit,[],hz-018078,entry_candidate,raw_ocr,medium,4,798,,dictionary/I/I-01.md,hz-018078-identikit,sources/Hezareh_Dictionary_Index/source/Hezareh_Part_04_PDF_0751-1000.md#L5483-L5485,True
identity,identity,identity,[],hz-018079,entry_candidate,raw_ocr,high,4,798,,dictionary/I/I-01.md,hz-018079-identity,sources/Hezareh_Dictionary_Index/source/Hezareh_Part_04_PDF_0751-1000.md#L5488-L5492,True
identity card,identity card,identity card,[],hz-018080,entry_candidate,raw_ocr,medium,4,798,,dictionary/I/I-01.md,hz-018080-identity-card,sources/Hezareh_Dictionary_Index/source/Hezareh_Part_04_PDF_0751-1000.md#L5486-L5487,True
identity certificate,identity certificate,identity certificate,[],hz-018081,entry_candidate,raw_ocr,high,4,798,,dictionary/I/I-01.md,hz-018081-identity-certificate,sources/Hezareh_Dictionary_Index/source/Hezareh_Part_04_PDF_0751-1000.md#L5488-L5492,True
ideograph,ideograph,ideograph,[],hz-018082,entry_candidate,raw_ocr,hint_only,4,798,,dictionary/I/I-01.md,hz-018082-ideograph,sources/Hezareh_Dictionary_Index/source/Hezareh_Part_04_PDF_0751-1000.md#L5459-L5459,False
ideographic,ideographic,ideographic,[],hz-018083,entry_candidate,raw_ocr,high,4,798,,dictionary/I/I-01.md,hz-018083-ideographic,sources/Hezareh_Dictionary_Index/source/Hezareh_Part_04_PDF_0751-1000.md#L5493-L5494,True
ideological,ideological,ideological,[],hz-018084,entry_candidate,raw_ocr,low,4,798,,dictionary/I/I-01.md,hz-018084-ideological,sources/Hezareh_Dictionary_Index/source/Hezareh_Part_04_PDF_0751-1000.md#L5495-L5496,True
ideologically,ideologically,ideologically,[],hz-018085,entry_candidate,raw_ocr,medium,4,798,,dictionary/I/I-01.md,hz-018085-ideologically,sources/Hezareh_Dictionary_Index/source/Hezareh_Part_04_PDF_0751-1000.md#L5497-L5498,True
ideologist,ideologist,ideologist,[],hz-018086,entry_candidate,raw_ocr,medium,4,798,,dictionary/I/I-01.md,hz-018086-ideologist,sources/Hezareh_Dictionary_Index/source/Hezareh_Part_04_PDF_0751-1000.md#L5499-L5499,True
ideology,ideology,ideology,[],hz-018087,entry_candidate,raw_ocr,high,4,798,,dictionary/I/I-01.md,hz-018087-ideology,sources/Hezareh_Dictionary_Index/source/Hezareh_Part_04_PDF_0751-1000.md#L5500-L5502,True
ideS,ides,ides,[],hz-018088,entry_candidate,raw_ocr,medium,4,798,,dictionary/I/I-01.md,hz-018088-ides,sources/Hezareh_Dictionary_Index/source/Hezareh_Part_04_PDF_0751-1000.md#L5503-L5506,True
idiocy,idiocy,idiocy,[],hz-018090,entry_candidate,raw_ocr,medium,4,798,,dictionary/I/I-01.md,hz-018090-idiocy,sources/Hezareh_Dictionary_Index/source/Hezareh_Part_04_PDF_0751-1000.md#L5507-L5520,True
idiomatic,idiomatic,idiomatic,[],hz-018091,entry_candidate,raw_ocr,high,4,798,,dictionary/I/I-01.md,hz-018091-idiomatic,sources/Hezareh_Dictionary_Index/source/Hezareh_Part_04_PDF_0751-1000.md#L5521-L5523,True
idiomatically,idiomatically,idiomatically,[],hz-018092,entry_candidate,raw_ocr,high,4,798,,dictionary/I/I-01.md,hz-018092-idiomatically,sources/Hezareh_Dictionary_Index/source/Hezareh_Part_04_PDF_0751-1000.md#L5524-L5531,True
idiot,idiot,idiot,[],hz-018093,entry_candidate,raw_ocr,hint_only,4,798,,dictionary/I/I-01.md,hz-018093-idiot,sources/Hezareh_Dictionary_Index/source/Hezareh_Part_04_PDF_0751-1000.md#L5459-L5459,False
idiotic,idiotic,idiotic,[],hz-018094,entry_candidate,raw_ocr,high,4,798,,dictionary/I/I-01.md,hz-018094-idiotic,sources/Hezareh_Dictionary_Index/source/Hezareh_Part_04_PDF_0751-1000.md#L5532-L5535,True
idiotically,idiotically,idiotically,[],hz-018095,entry_candidate,raw_ocr,hint_only,4,798,,dictionary/I/I-01.md,hz-018095-idiotically,sources/Hezareh_Dictionary_Index/source/Hezareh_Part_04_PDF_0751-1000.md#L5459-L5459,False
idle,idle,idle,[],hz-018096,entry_candidate,raw_ocr,high,4,798,,dictionary/I/I-01.md,hz-018096-idle,sources/Hezareh_Dictionary_Index/source/Hezareh_Part_04_PDF_0751-1000.md#L5536-L5547,True
idleness,idleness,idleness,[],hz-018097,entry_candidate,raw_ocr,high,4,798,,dictionary/I/I-01.md,hz-018097-idleness,sources/Hezareh_Dictionary_Index/source/Hezareh_Part_04_PDF_0751-1000.md#L5548-L5550,True
idler,idler,idler,[],hz-018098,entry_candidate,raw_ocr,high,4,798,,dictionary/I/I-01.md,hz-018098-idler,sources/Hezareh_Dictionary_Index/source/Hezareh_Part_04_PDF_0751-1000.md#L5551-L5558,True
idly,idly,idly,[],hz-018099,entry_candidate,raw_ocr,hint_only,4,798,,dictionary/I/I-01.md,hz-018099-idly,sources/Hezareh_Dictionary_Index/source/Hezareh_Part_04_PDF_0751-1000.md#L5459-L5459,False
idol,idol,idol,[],hz-018100,entry_candidate,raw_ocr,hint_only,4,798,,dictionary/I/I-01.md,hz-018100-idol,sources/Hezareh_Dictionary_Index/source/Hezareh_Part_04_PDF_0751-1000.md#L5459-L5459,False
idolater,idolater,idolater,[],hz-018101,entry_candidate,raw_ocr,high,4,798,,dictionary/I/I-01.md,hz-018101-idolater,sources/Hezareh_Dictionary_Index/source/Hezareh_Part_04_PDF_0751-1000.md#L5559-L5560,True
idolatress,idolatress,idolatress,[],hz-018102,entry_candidate,raw_ocr,high,4,798,,dictionary/I/I-01.md,hz-018102-idolatress,sources/Hezareh_Dictionary_Index/source/Hezareh_Part_04_PDF_0751-1000.md#L5561-L5562,True
idolatrous,idolatrous,idolatrous,[],hz-018103,entry_candidate,raw_ocr,high,4,798,,dictionary/I/I-01.md,hz-018103-idolatrous,sources/Hezareh_Dictionary_Index/source/Hezareh_Part_04_PDF_0751-1000.md#L5563-L5569,True
idolatry,idolatry,idolatry,[],hz-018104,entry_candidate,raw_ocr,medium,4,799,,dictionary/I/I-01.md,hz-018104-idolatry,sources/Hezareh_Dictionary_Index/source/Hezareh_Part_04_PDF_0751-1000.md#L5585-L5587,True
idolise,idolise,idolise,[],hz-018105,entry_candidate,raw_ocr,high,4,799,,dictionary/I/I-01.md,hz-018105-idolise,sources/Hezareh_Dictionary_Index/source/Hezareh_Part_04_PDF_0751-1000.md#L5588-L5588,True
idolization,idolization,idolization,[],hz-018106,entry_candidate,raw_ocr,medium,4,799,,dictionary/I/I-01.md,hz-018106-idolization,sources/Hezareh_Dictionary_Index/source/Hezareh_Part_04_PDF_0751-1000.md#L5589-L5590,True
idolize,idolize,idolize,[],hz-018107,entry_candidate,raw_ocr,medium,4,799,,dictionary/I/I-01.md,hz-018107-idolize,sources/Hezareh_Dictionary_Index/source/Hezareh_Part_04_PDF_0751-1000.md#L5591-L5592,True
idyll,idyll,idyll,[],hz-018108,entry_candidate,raw_ocr,low,4,799,,dictionary/I/I-01.md,hz-018108-idyll,sources/Hezareh_Dictionary_Index/source/Hezareh_Part_04_PDF_0751-1000.md#L5593-L5595,True
idyllic,idyllic,idyllic,[],hz-018109,entry_candidate,raw_ocr,medium,4,799,,dictionary/I/I-01.md,hz-018109-idyllic,sources/Hezareh_Dictionary_Index/source/Hezareh_Part_04_PDF_0751-1000.md#L5596-L5655,True
Ieavened with,ieavened with,ieavened with,[],hz-020953,entry_candidate,raw_ocr,hint_only,4,924,,dictionary/I/I-01.md,hz-020953-ieavened-with,sources/Hezareh_Dictionary_Index/source/Hezareh_Part_04_PDF_0751-1000.md#L19753-L19753,False
Iemlnlst,iemlnlst,iemlnlst,[],hz-013339,entry_candidate,raw_ocr,hint_only,3,572,,dictionary/I/I-01.md,hz-013339-iemlnlst,sources/Hezareh_Dictionary_Index/source/Hezareh_Part_03_PDF_0501-0750.md#L8252-L8252,False
Iese-majesty,iese-majesty,iese-majesty,[],hz-021084,entry_candidate,raw_ocr,hint_only,4,929,,dictionary/I/I-01.md,hz-021084-iese-majesty,sources/Hezareh_Dictionary_Index/source/Hezareh_Part_04_PDF_0751-1000.md#L20319-L20319,False
if I was,if i was,if i was,[],hz-030999,entry_candidate,raw_ocr,medium,7,1543,,dictionary/I/I-01.md,hz-030999-if-i-was,sources/Hezareh_Dictionary_Index/source/Hezareh_Part_07_PDF_1501-1750.md#L5105-L5114,True
if you don't mind me,if you don't mind me,if you don't mind me,[],hz-030049,entry_candidate,raw_ocr,high,6,1487,,dictionary/I/I-01.md,hz-030049-if-you-don-t-mind-me,sources/Hezareh_Dictionary_Index/source/Hezareh_Part_06_PDF_1251-1500.md#L27488-L27532,True
If'-,if'-,if'-,[],hz-006441,entry_candidate,raw_ocr,hint_only,2,256,,dictionary/I/I-01.md,hz-006441-if,sources/Hezareh_Dictionary_Index/source/Hezareh_Part_02_PDF_0251-0500.md#L847-L847,False
iffy,iffy,iffy,[],hz-018112,entry_candidate,raw_ocr,low,4,799,,dictionary/I/I-01.md,hz-018112-iffy,sources/Hezareh_Dictionary_Index/source/Hezareh_Part_04_PDF_0751-1000.md#L5672-L5674,True
igloo,igloo,igloo,[],hz-018113,entry_candidate,raw_ocr,low,4,799,,dictionary/I/I-01.md,hz-018113-igloo,sources/Hezareh_Dictionary_Index/source/Hezareh_Part_04_PDF_0751-1000.md#L5675-L5677,True
ignis fatuus,ignis fatuus,ignis fatuus,[],hz-018114,entry_candidate,raw_ocr,medium,4,799,,dictionary/I/I-01.md,hz-018114-ignis-fatuus,sources/Hezareh_Dictionary_Index/source/Hezareh_Part_04_PDF_0751-1000.md#L5678-L5680,True
ignite,ignite,ignite,[],hz-018115,entry_candidate,raw_ocr,medium,4,799,,dictionary/I/I-01.md,hz-018115-ignite,sources/Hezareh_Dictionary_Index/source/Hezareh_Part_04_PDF_0751-1000.md#L5681-L5684,True
ignition,ignition,ignition,[],hz-018116,entry_candidate,raw_ocr,medium,4,800,,dictionary/I/I-01.md,hz-018116-ignition,sources/Hezareh_Dictionary_Index/source/Hezareh_Part_04_PDF_0751-1000.md#L5698-L5701,True
ignoble,ignoble,ignoble,[],hz-018117,entry_candidate,raw_ocr,medium,4,800,,dictionary/I/I-01.md,hz-018117-ignoble,sources/Hezareh_Dictionary_Index/source/Hezareh_Part_04_PDF_0751-1000.md#L5702-L5705,True
ignobly,ignobly,ignobly,[],hz-018118,entry_candidate,raw_ocr,low,4,800,,dictionary/I/I-01.md,hz-018118-ignobly,sources/Hezareh_Dictionary_Index/source/Hezareh_Part_04_PDF_0751-1000.md#L5706-L5709,True
ignominiously,ignominiously,ignominiously,[],hz-018119,entry_candidate,raw_ocr,medium,4,800,,dictionary/I/I-01.md,hz-018119-ignominiously,sources/Hezareh_Dictionary_Index/source/Hezareh_Part_04_PDF_0751-1000.md#L5710-L5714,True
ignominy,ignominy,ignominy,[],hz-018120,entry_candidate,raw_ocr,high,4,800,,dictionary/I/I-01.md,hz-018120-ignominy,sources/Hezareh_Dictionary_Index/source/Hezareh_Part_04_PDF_0751-1000.md#L5715-L5724,True
ignorance,ignorance,ignorance,[],hz-018121,entry_candidate,raw_ocr,low,4,800,,dictionary/I/I-01.md,hz-018121-ignorance,sources/Hezareh_Dictionary_Index/source/Hezareh_Part_04_PDF_0751-1000.md#L5725-L5725,True
ignorant,ignorant,ignorant,[],hz-018122,entry_candidate,raw_ocr,medium,4,800,,dictionary/I/I-01.md,hz-018122-ignorant,sources/Hezareh_Dictionary_Index/source/Hezareh_Part_04_PDF_0751-1000.md#L5726-L5730,True
ignorantly,ignorantly,ignorantly,[],hz-018123,entry_candidate,raw_ocr,medium,4,800,,dictionary/I/I-01.md,hz-018123-ignorantly,sources/Hezareh_Dictionary_Index/source/Hezareh_Part_04_PDF_0751-1000.md#L5731-L5740,True
ignore,ignore,ignore,[],hz-018124,entry_candidate,raw_ocr,low,4,800,,dictionary/I/I-01.md,hz-018124-ignore,sources/Hezareh_Dictionary_Index/source/Hezareh_Part_04_PDF_0751-1000.md#L5741-L5751,True
iguana,iguana,iguana,[],hz-018125,entry_candidate,raw_ocr,high,4,800,,dictionary/I/I-01.md,hz-018125-iguana,sources/Hezareh_Dictionary_Index/source/Hezareh_Part_04_PDF_0751-1000.md#L5753-L5753,True
ihrend,ihrend,ihrend,[],hz-016501,entry_candidate,raw_ocr,hint_only,3,728,,dictionary/I/I-01.md,hz-016501-ihrend,sources/Hezareh_Dictionary_Index/source/Hezareh_Part_03_PDF_0501-0750.md#L26150-L26150,False
II,ii,ii,[],hz-021504,entry_candidate,raw_ocr,hint_only,4,956,,dictionary/I/I-01.md,hz-021504-ii,sources/Hezareh_Dictionary_Index/source/Hezareh_Part_04_PDF_0751-1000.md#L23472-L23472,False
ii-,ii-,ii-,[],hz-038810,entry_candidate,raw_ocr,hint_only,8,1962,,dictionary/I/I-01.md,hz-038810-ii,sources/Hezareh_Dictionary_Index/source/Hezareh_Part_08_PDF_1751-1976.md#L24861-L24861,False
Iii ' XVIII,iii ' xviii,iii ' xviii,[],hz-038950,entry_candidate,raw_ocr,hint_only,8,1976,,dictionary/I/I-01.md,hz-038950-iii-xviii,sources/Hezareh_Dictionary_Index/source/Hezareh_Part_08_PDF_1751-1976.md#L26186-L26186,False
III I iii r XX,iii i iii r xx,iii i iii r xx,[],hz-038951,entry_candidate,raw_ocr,hint_only,8,1976,,dictionary/I/I-01.md,hz-038951-iii-i-iii-r-xx,sources/Hezareh_Dictionary_Index/source/Hezareh_Part_08_PDF_1751-1976.md#L26186-L26186,False
IJe through with sb,ije through with sb,ije through with sb,[],hz-034985,entry_candidate,raw_ocr,hint_only,8,1756,,dictionary/I/I-01.md,hz-034985-ije-through-with-sb,sources/Hezareh_Dictionary_Index/source/Hezareh_Part_08_PDF_1751-1976.md#L704-L704,False
ikon,ikon,ikon,[],hz-018126,entry_candidate,raw_ocr,high,4,800,,dictionary/I/I-01.md,hz-018126-ikon,sources/Hezareh_Dictionary_Index/source/Hezareh_Part_04_PDF_0751-1000.md#L5754-L5754,True
ilarneSS,ilarness,ilarness,[],hz-016685,entry_candidate,raw_ocr,hint_only,3,736,,dictionary/I/I-01.md,hz-016685-ilarness,sources/Hezareh_Dictionary_Index/source/Hezareh_Part_03_PDF_0501-0750.md#L27050-L27050,False
Ile couldn't make himself,ile couldn't make himself,ile couldn't make himself,[],hz-022111,entry_candidate,raw_ocr,hint_only,4,990,,dictionary/I/I-01.md,hz-022111-ile-couldn-t-make-himself,sources/Hezareh_Dictionary_Index/source/Hezareh_Part_04_PDF_0751-1000.md#L27328-L27328,False
ilex,ilex,ilex,[],hz-018127,entry_candidate,raw_ocr,high,4,800,,dictionary/I/I-01.md,hz-018127-ilex,sources/Hezareh_Dictionary_Index/source/Hezareh_Part_04_PDF_0751-1000.md#L5755-L5757,True
ilk,ilk,ilk,[],hz-018128,entry_candidate,raw_ocr,high,4,800,,dictionary/I/I-01.md,hz-018128-ilk,sources/Hezareh_Dictionary_Index/source/Hezareh_Part_04_PDF_0751-1000.md#L5758-L5758,True
ill,ill,ill,[],hz-018131,entry_candidate,raw_ocr,high,4,800,,dictionary/I/I-01.md,hz-018131-ill,sources/Hezareh_Dictionary_Index/source/Hezareh_Part_04_PDF_0751-1000.md#L5765-L5789,True
ill will,ill will,ill will,[],hz-018191,entry_candidate,raw_ocr,hint_only,4,802,,dictionary/I/I-01.md,hz-018191-ill-will,sources/Hezareh_Dictionary_Index/source/Hezareh_Part_04_PDF_0751-1000.md#L5921-L5921,False
ill-advised,ill-advised,ill-advised,[],hz-018132,entry_candidate,raw_ocr,medium,4,800,,dictionary/I/I-01.md,hz-018132-ill-advised,sources/Hezareh_Dictionary_Index/source/Hezareh_Part_04_PDF_0751-1000.md#L5790-L5805,True
ill-assorted,ill-assorted,ill-assorted,[],hz-018133,entry_candidate,raw_ocr,high,4,800,,dictionary/I/I-01.md,hz-018133-ill-assorted,sources/Hezareh_Dictionary_Index/source/Hezareh_Part_04_PDF_0751-1000.md#L5752-L5752,True
ill-conceived,ill-conceived,ill-conceived,[],hz-018134,entry_candidate,raw_ocr,hint_only,4,801,,dictionary/I/I-01.md,hz-018134-ill-conceived,sources/Hezareh_Dictionary_Index/source/Hezareh_Part_04_PDF_0751-1000.md#L5809-L5809,False
ill-defined,ill-defined,ill-defined,[],hz-018135,entry_candidate,raw_ocr,medium,4,801,,dictionary/I/I-01.md,hz-018135-ill-defined,sources/Hezareh_Dictionary_Index/source/Hezareh_Part_04_PDF_0751-1000.md#L5828-L5835,True
ill-fated,ill-fated,ill-fated,[],hz-018144,entry_candidate,raw_ocr,low,4,801,,dictionary/I/I-01.md,hz-018144-ill-fated,sources/Hezareh_Dictionary_Index/source/Hezareh_Part_04_PDF_0751-1000.md#L5856-L5857,True
ill-favoured,ill-favoured,ill-favoured,[],hz-018145,entry_candidate,raw_ocr,low,4,801,,dictionary/I/I-01.md,hz-018145-ill-favoured,sources/Hezareh_Dictionary_Index/source/Hezareh_Part_04_PDF_0751-1000.md#L5858-L5859,True
ill-fitting,ill-fitting,ill-fitting,[],hz-018146,entry_candidate,raw_ocr,low,4,801,,dictionary/I/I-01.md,hz-018146-ill-fitting,sources/Hezareh_Dictionary_Index/source/Hezareh_Part_04_PDF_0751-1000.md#L5860-L5861,True
ill-founded,ill-founded,ill-founded,[],hz-018147,entry_candidate,raw_ocr,medium,4,801,,dictionary/I/I-01.md,hz-018147-ill-founded,sources/Hezareh_Dictionary_Index/source/Hezareh_Part_04_PDF_0751-1000.md#L5862-L5863,True
ill-gotten gains,ill-gotten gains,ill-gotten gains,[],hz-018148,entry_candidate,raw_ocr,low,4,801,,dictionary/I/I-01.md,hz-018148-ill-gotten-gains,sources/Hezareh_Dictionary_Index/source/Hezareh_Part_04_PDF_0751-1000.md#L5864-L5869,True
ill-humoured,ill-humoured,ill-humoured,[],hz-018149,entry_candidate,raw_ocr,medium,4,801,,dictionary/I/I-01.md,hz-018149-ill-humoured,sources/Hezareh_Dictionary_Index/source/Hezareh_Part_04_PDF_0751-1000.md#L5870-L5871,True
ill-informed,ill-informed,ill-informed,[],hz-018156,entry_candidate,raw_ocr,medium,4,801,,dictionary/I/I-01.md,hz-018156-ill-informed,sources/Hezareh_Dictionary_Index/source/Hezareh_Part_04_PDF_0751-1000.md#L5886-L5887,True
ill-judged,ill-judged,ill-judged,[],hz-018159,entry_candidate,raw_ocr,medium,4,801,,dictionary/I/I-01.md,hz-018159-ill-judged,sources/Hezareh_Dictionary_Index/source/Hezareh_Part_04_PDF_0751-1000.md#L5892-L5893,True
ill-mannered,ill-mannered,ill-mannered,[],hz-018160,entry_candidate,raw_ocr,medium,4,801,,dictionary/I/I-01.md,hz-018160-ill-mannered,sources/Hezareh_Dictionary_Index/source/Hezareh_Part_04_PDF_0751-1000.md#L5894-L5897,True
ill-omened,ill-omened,ill-omened,[],hz-018166,entry_candidate,raw_ocr,medium,4,801,,dictionary/I/I-01.md,hz-018166-ill-omened,sources/Hezareh_Dictionary_Index/source/Hezareh_Part_04_PDF_0751-1000.md#L5907-L5908,True
ill-starred,ill-starred,ill-starred,[],hz-018167,entry_candidate,raw_ocr,medium,4,801,,dictionary/I/I-01.md,hz-018167-ill-starred,sources/Hezareh_Dictionary_Index/source/Hezareh_Part_04_PDF_0751-1000.md#L5909-L5910,True
ill-suited,ill-suited,ill-suited,[],hz-018168,entry_candidate,raw_ocr,low,4,801,,dictionary/I/I-01.md,hz-018168-ill-suited,sources/Hezareh_Dictionary_Index/source/Hezareh_Part_04_PDF_0751-1000.md#L5911-L5911,True
ill-tempered,ill-tempered,ill-tempered,[],hz-018169,entry_candidate,raw_ocr,medium,4,801,,dictionary/I/I-01.md,hz-018169-ill-tempered,sources/Hezareh_Dictionary_Index/source/Hezareh_Part_04_PDF_0751-1000.md#L5912-L5912,True
ill-timed,ill-timed,ill-timed,[],hz-018170,entry_candidate,raw_ocr,medium,4,801,,dictionary/I/I-01.md,hz-018170-ill-timed,sources/Hezareh_Dictionary_Index/source/Hezareh_Part_04_PDF_0751-1000.md#L5913-L5917,True
ill-usage,ill-usage,ill-usage,[],hz-018178,entry_candidate,raw_ocr,high,4,802,,dictionary/I/I-01.md,hz-018178-ill-usage,sources/Hezareh_Dictionary_Index/source/Hezareh_Part_04_PDF_0751-1000.md#L5947-L5947,True
ill-use,ill-use,ill-use,[],hz-018179,entry_candidate,raw_ocr,high,4,802,,dictionary/I/I-01.md,hz-018179-ill-use,sources/Hezareh_Dictionary_Index/source/Hezareh_Part_04_PDF_0751-1000.md#L5948-L5948,True
illegal,illegal,illegal,[],hz-018136,entry_candidate,raw_ocr,low,4,801,,dictionary/I/I-01.md,hz-018136-illegal,sources/Hezareh_Dictionary_Index/source/Hezareh_Part_04_PDF_0751-1000.md#L5836-L5837,True
illegality,illegality,illegality,[],hz-018137,entry_candidate,raw_ocr,low,4,801,,dictionary/I/I-01.md,hz-018137-illegality,sources/Hezareh_Dictionary_Index/source/Hezareh_Part_04_PDF_0751-1000.md#L5838-L5840,True
illegally,illegally,illegally,[],hz-018138,entry_candidate,raw_ocr,medium,4,801,,dictionary/I/I-01.md,hz-018138-illegally,sources/Hezareh_Dictionary_Index/source/Hezareh_Part_04_PDF_0751-1000.md#L5841-L5842,True
illegibility,illegibility,illegibility,[],hz-018139,entry_candidate,raw_ocr,medium,4,801,,dictionary/I/I-01.md,hz-018139-illegibility,sources/Hezareh_Dictionary_Index/source/Hezareh_Part_04_PDF_0751-1000.md#L5843-L5845,True
illegibly,illegibly,illegibly,[],hz-018140,entry_candidate,raw_ocr,hint_only,4,801,,dictionary/I/I-01.md,hz-018140-illegibly,sources/Hezareh_Dictionary_Index/source/Hezareh_Part_04_PDF_0751-1000.md#L5809-L5809,False
illegitimacy,illegitimacy,illegitimacy,[],hz-018141,entry_candidate,raw_ocr,medium,4,801,,dictionary/I/I-01.md,hz-018141-illegitimacy,sources/Hezareh_Dictionary_Index/source/Hezareh_Part_04_PDF_0751-1000.md#L5846-L5847,True
illegitimate,illegitimate,illegitimate,[],hz-018142,entry_candidate,raw_ocr,medium,4,801,,dictionary/I/I-01.md,hz-018142-illegitimate,sources/Hezareh_Dictionary_Index/source/Hezareh_Part_04_PDF_0751-1000.md#L5848-L5850,True
illegitimately,illegitimately,illegitimately,[],hz-018143,entry_candidate,raw_ocr,low,4,801,,dictionary/I/I-01.md,hz-018143-illegitimately,sources/Hezareh_Dictionary_Index/source/Hezareh_Part_04_PDF_0751-1000.md#L5851-L5855,True
illiberal,illiberal,illiberal,[],hz-018150,entry_candidate,raw_ocr,low,4,801,,dictionary/I/I-01.md,hz-018150-illiberal,sources/Hezareh_Dictionary_Index/source/Hezareh_Part_04_PDF_0751-1000.md#L5872-L5875,True
illiberality,illiberality,illiberality,[],hz-018151,entry_candidate,raw_ocr,low,4,801,,dictionary/I/I-01.md,hz-018151-illiberality,sources/Hezareh_Dictionary_Index/source/Hezareh_Part_04_PDF_0751-1000.md#L5876-L5877,True
illiberally,illiberally,illiberally,[],hz-018152,entry_candidate,raw_ocr,medium,4,801,,dictionary/I/I-01.md,hz-018152-illiberally,sources/Hezareh_Dictionary_Index/source/Hezareh_Part_04_PDF_0751-1000.md#L5878-L5879,True
illicit,illicit,illicit,[],hz-018153,entry_candidate,raw_ocr,medium,4,801,,dictionary/I/I-01.md,hz-018153-illicit,sources/Hezareh_Dictionary_Index/source/Hezareh_Part_04_PDF_0751-1000.md#L5880-L5881,True
illicitly,illicitly,illicitly,[],hz-018154,entry_candidate,raw_ocr,low,4,801,,dictionary/I/I-01.md,hz-018154-illicitly,sources/Hezareh_Dictionary_Index/source/Hezareh_Part_04_PDF_0751-1000.md#L5882-L5885,True
illimitable,illimitable,illimitable,[],hz-018155,entry_candidate,raw_ocr,hint_only,4,801,,dictionary/I/I-01.md,hz-018155-illimitable,sources/Hezareh_Dictionary_Index/source/Hezareh_Part_04_PDF_0751-1000.md#L5809-L5809,False
illiteracy,illiteracy,illiteracy,[],hz-018157,entry_candidate,raw_ocr,low,4,801,,dictionary/I/I-01.md,hz-018157-illiteracy,sources/Hezareh_Dictionary_Index/source/Hezareh_Part_04_PDF_0751-1000.md#L5888-L5888,True
illiterate,illiterate,illiterate,[],hz-018158,entry_candidate,raw_ocr,medium,4,801,,dictionary/I/I-01.md,hz-018158-illiterate,sources/Hezareh_Dictionary_Index/source/Hezareh_Part_04_PDF_0751-1000.md#L5889-L5891,True
illness,illness,illness,[],hz-018161,entry_candidate,raw_ocr,medium,4,801,,dictionary/I/I-01.md,hz-018161-illness,sources/Hezareh_Dictionary_Index/source/Hezareh_Part_04_PDF_0751-1000.md#L5898-L5898,True
illogical,illogical,illogical,[],hz-018162,entry_candidate,raw_ocr,low,4,801,,dictionary/I/I-01.md,hz-018162-illogical,sources/Hezareh_Dictionary_Index/source/Hezareh_Part_04_PDF_0751-1000.md#L5899-L5899,True
illogicality,illogicality,illogicality,[],hz-018163,entry_candidate,raw_ocr,medium,4,801,,dictionary/I/I-01.md,hz-018163-illogicality,sources/Hezareh_Dictionary_Index/source/Hezareh_Part_04_PDF_0751-1000.md#L5900-L5905,True
illogically,illogically,illogically,[],hz-018164,entry_candidate,raw_ocr,hint_only,4,801,,dictionary/I/I-01.md,hz-018164-illogically,sources/Hezareh_Dictionary_Index/source/Hezareh_Part_04_PDF_0751-1000.md#L5809-L5809,False
illogicalness,illogicalness,illogicalness,[],hz-018165,entry_candidate,raw_ocr,high,4,801,,dictionary/I/I-01.md,hz-018165-illogicalness,sources/Hezareh_Dictionary_Index/source/Hezareh_Part_04_PDF_0751-1000.md#L5906-L5906,True
illume,illume,illume,[],hz-018172,entry_candidate,raw_ocr,high,4,802,,dictionary/I/I-01.md,hz-018172-illume,sources/Hezareh_Dictionary_Index/source/Hezareh_Part_04_PDF_0751-1000.md#L5931-L5931,True
illuminate,illuminate,illuminate,[],hz-018173,entry_candidate,raw_ocr,medium,4,802,,dictionary/I/I-01.md,hz-018173-illuminate,sources/Hezareh_Dictionary_Index/source/Hezareh_Part_04_PDF_0751-1000.md#L5932-L5936,True
illuminated,illuminated,illuminated,[],hz-018174,entry_candidate,raw_ocr,low,4,802,,dictionary/I/I-01.md,hz-018174-illuminated,sources/Hezareh_Dictionary_Index/source/Hezareh_Part_04_PDF_0751-1000.md#L5937-L5939,True
illuminating,illuminating,illuminating,[],hz-018175,entry_candidate,raw_ocr,low,4,802,,dictionary/I/I-02.md,hz-018175-illuminating,sources/Hezareh_Dictionary_Index/source/Hezareh_Part_04_PDF_0751-1000.md#L5940-L5941,True
illumination,illumination,illumination,[],hz-018176,entry_candidate,raw_ocr,medium,4,802,,dictionary/I/I-02.md,hz-018176-illumination,sources/Hezareh_Dictionary_Index/source/Hezareh_Part_04_PDF_0751-1000.md#L5942-L5946,True
illumine,illumine,illumine,[],hz-018177,entry_candidate,raw_ocr,hint_only,4,802,,dictionary/I/I-02.md,hz-018177-illumine,sources/Hezareh_Dictionary_Index/source/Hezareh_Part_04_PDF_0751-1000.md#L5921-L5921,False
illusion,illusion,illusion,[],hz-018180,entry_candidate,raw_ocr,medium,4,802,,dictionary/I/I-02.md,hz-018180-illusion,sources/Hezareh_Dictionary_Index/source/Hezareh_Part_04_PDF_0751-1000.md#L5949-L5952,True
illusionist,illusionist,illusionist,[],hz-018183,entry_candidate,raw_ocr,medium,4,802,,dictionary/I/I-02.md,hz-018183-illusionist,sources/Hezareh_Dictionary_Index/source/Hezareh_Part_04_PDF_0751-1000.md#L5959-L5960,True
illusive,illusive,illusive,[],hz-018184,entry_candidate,raw_ocr,medium,4,802,,dictionary/I/I-02.md,hz-018184-illusive,sources/Hezareh_Dictionary_Index/source/Hezareh_Part_04_PDF_0751-1000.md#L5961-L5962,True
illusory,illusory,illusory,[],hz-018185,entry_candidate,raw_ocr,high,4,802,,dictionary/I/I-02.md,hz-018185-illusory,sources/Hezareh_Dictionary_Index/source/Hezareh_Part_04_PDF_0751-1000.md#L5963-L5963,True
illustrate,illustrate,illustrate,[],hz-018186,entry_candidate,raw_ocr,medium,4,802,,dictionary/I/I-02.md,hz-018186-illustrate,sources/Hezareh_Dictionary_Index/source/Hezareh_Part_04_PDF_0751-1000.md#L5964-L5972,True
illustrative,illustrative,illustrative,[],hz-018187,entry_candidate,raw_ocr,medium,4,802,,dictionary/I/I-02.md,hz-018187-illustrative,sources/Hezareh_Dictionary_Index/source/Hezareh_Part_04_PDF_0751-1000.md#L5973-L5982,True
illustrator,illustrator,illustrator,[],hz-018188,entry_candidate,raw_ocr,high,4,802,,dictionary/I/I-02.md,hz-018188-illustrator,sources/Hezareh_Dictionary_Index/source/Hezareh_Part_04_PDF_0751-1000.md#L5983-L5984,True
illustrioUS,illustrious,illustrious,[],hz-018189,entry_candidate,raw_ocr,high,4,802,,dictionary/I/I-02.md,hz-018189-illustrious,sources/Hezareh_Dictionary_Index/source/Hezareh_Part_04_PDF_0751-1000.md#L5985-L5986,True
illustriously,illustriously,illustriously,[],hz-018190,entry_candidate,raw_ocr,high,4,802,,dictionary/I/I-02.md,hz-018190-illustriously,sources/Hezareh_Dictionary_Index/source/Hezareh_Part_04_PDF_0751-1000.md#L5987-L5988,True
ILO,ilo,ilo,[],hz-018192,entry_candidate,raw_ocr,high,4,802,,dictionary/I/I-02.md,hz-018192-ilo,sources/Hezareh_Dictionary_Index/source/Hezareh_Part_04_PDF_0751-1000.md#L5989-L5990,True
ilrntf,ilrntf,ilrntf,[],hz-020795,entry_candidate,raw_ocr,hint_only,4,915,,dictionary/I/I-02.md,hz-020795-ilrntf,sources/Hezareh_Dictionary_Index/source/Hezareh_Part_04_PDF_0751-1000.md#L18736-L18736,False
image,image,image,[],hz-018194,entry_candidate,raw_ocr,high,4,802,,dictionary/I/I-02.md,hz-018194-image,sources/Hezareh_Dictionary_Index/source/Hezareh_Part_04_PDF_0751-1000.md#L5992-L6002,True
imagery,imagery,imagery,[],hz-018196,entry_candidate,raw_ocr,high,4,802,,dictionary/I/I-02.md,hz-018196-imagery,sources/Hezareh_Dictionary_Index/source/Hezareh_Part_04_PDF_0751-1000.md#L6005-L6007,True
imaginable,imaginable,imaginable,[],hz-018197,entry_candidate,raw_ocr,high,4,802,,dictionary/I/I-02.md,hz-018197-imaginable,sources/Hezareh_Dictionary_Index/source/Hezareh_Part_04_PDF_0751-1000.md#L6008-L6009,True
imaginary,imaginary,imaginary,[],hz-018198,entry_candidate,raw_ocr,high,4,802,,dictionary/I/I-02.md,hz-018198-imaginary,sources/Hezareh_Dictionary_Index/source/Hezareh_Part_04_PDF_0751-1000.md#L6010-L6017,True
imaginative,imaginative,imaginative,[],hz-018199,entry_candidate,raw_ocr,high,4,802,,dictionary/I/I-02.md,hz-018199-imaginative,sources/Hezareh_Dictionary_Index/source/Hezareh_Part_04_PDF_0751-1000.md#L6018-L6022,True
imaginatively,imaginatively,imaginatively,[],hz-018200,entry_candidate,raw_ocr,high,4,802,,dictionary/I/I-02.md,hz-018200-imaginatively,sources/Hezareh_Dictionary_Index/source/Hezareh_Part_04_PDF_0751-1000.md#L6023-L6031,True
imaginings,imaginings,imaginings,[],hz-018201,entry_candidate,raw_ocr,high,4,803,,dictionary/I/I-02.md,hz-018201-imaginings,sources/Hezareh_Dictionary_Index/source/Hezareh_Part_04_PDF_0751-1000.md#L6044-L6046,True
imam,imam,imam,[],hz-018202,entry_candidate,raw_ocr,medium,4,803,,dictionary/I/I-02.md,hz-018202-imam,sources/Hezareh_Dictionary_Index/source/Hezareh_Part_04_PDF_0751-1000.md#L6047-L6048,True
imbalance,imbalance,imbalance,[],hz-018203,entry_candidate,raw_ocr,medium,4,803,,dictionary/I/I-02.md,hz-018203-imbalance,sources/Hezareh_Dictionary_Index/source/Hezareh_Part_04_PDF_0751-1000.md#L6049-L6050,True
imbecile,imbecile,imbecile,[],hz-018204,entry_candidate,raw_ocr,medium,4,803,,dictionary/I/I-02.md,hz-018204-imbecile,sources/Hezareh_Dictionary_Index/source/Hezareh_Part_04_PDF_0751-1000.md#L6051-L6053,True
imbecility,imbecility,imbecility,[],hz-018205,entry_candidate,raw_ocr,high,4,803,,dictionary/I/I-02.md,hz-018205-imbecility,sources/Hezareh_Dictionary_Index/source/Hezareh_Part_04_PDF_0751-1000.md#L6054-L6057,True
imbed,imbed,imbed,[],hz-018206,entry_candidate,raw_ocr,high,4,803,,dictionary/I/I-02.md,hz-018206-imbed,sources/Hezareh_Dictionary_Index/source/Hezareh_Part_04_PDF_0751-1000.md#L6058-L6062,True
imbroglio,imbroglio,imbroglio,[],hz-018207,entry_candidate,raw_ocr,low,4,803,,dictionary/I/I-02.md,hz-018207-imbroglio,sources/Hezareh_Dictionary_Index/source/Hezareh_Part_04_PDF_0751-1000.md#L6063-L6065,True
imbue,imbue,imbue,[],hz-018208,entry_candidate,raw_ocr,high,4,803,,dictionary/I/I-02.md,hz-018208-imbue,sources/Hezareh_Dictionary_Index/source/Hezareh_Part_04_PDF_0751-1000.md#L6066-L6068,True
imculd,imculd,imculd,[],hz-023525,entry_candidate,raw_ocr,hint_only,5,1076,,dictionary/I/I-02.md,hz-023525-imculd,sources/Hezareh_Dictionary_Index/source/Hezareh_Part_05_PDF_1001-1250.md#L8995-L8995,False
IMF,imf,imf,[],hz-018209,entry_candidate,raw_ocr,high,4,803,,dictionary/I/I-02.md,hz-018209-imf,sources/Hezareh_Dictionary_Index/source/Hezareh_Part_04_PDF_0751-1000.md#L6069-L6070,True
imitate,imitate,imitate,[],hz-018210,entry_candidate,raw_ocr,medium,4,803,,dictionary/I/I-02.md,hz-018210-imitate,sources/Hezareh_Dictionary_Index/source/Hezareh_Part_04_PDF_0751-1000.md#L6071-L6074,True
imitation,imitation,imitation,[],hz-018211,entry_candidate,raw_ocr,medium,4,803,,dictionary/I/I-02.md,hz-018211-imitation,sources/Hezareh_Dictionary_Index/source/Hezareh_Part_04_PDF_0751-1000.md#L6075-L6083,True
imitatiVe,imitative,imitative,[],hz-018212,entry_candidate,raw_ocr,low,4,803,,dictionary/I/I-02.md,hz-018212-imitative,sources/Hezareh_Dictionary_Index/source/Hezareh_Part_04_PDF_0751-1000.md#L6084-L6084,True
imitator,imitator,imitator,[],hz-018213,entry_candidate,raw_ocr,medium,4,803,,dictionary/I/I-02.md,hz-018213-imitator,sources/Hezareh_Dictionary_Index/source/Hezareh_Part_04_PDF_0751-1000.md#L6085-L6095,True
immanence,immanence,immanence,[],hz-018214,entry_candidate,raw_ocr,medium,4,803,,dictionary/I/I-02.md,hz-018214-immanence,sources/Hezareh_Dictionary_Index/source/Hezareh_Part_04_PDF_0751-1000.md#L6096-L6099,True
immaterial,immaterial,immaterial,[],hz-018215,entry_candidate,raw_ocr,low,4,803,,dictionary/I/I-02.md,hz-018215-immaterial,sources/Hezareh_Dictionary_Index/source/Hezareh_Part_04_PDF_0751-1000.md#L6100-L6102,True
immature,immature,immature,[],hz-018216,entry_candidate,raw_ocr,high,4,803,,dictionary/I/I-02.md,hz-018216-immature,sources/Hezareh_Dictionary_Index/source/Hezareh_Part_04_PDF_0751-1000.md#L6103-L6106,True
immaturity,immaturity,immaturity,[],hz-018217,entry_candidate,raw_ocr,high,4,803,,dictionary/I/I-02.md,hz-018217-immaturity,sources/Hezareh_Dictionary_Index/source/Hezareh_Part_04_PDF_0751-1000.md#L6107-L6111,True
immeasurable,immeasurable,immeasurable,[],hz-018218,entry_candidate,raw_ocr,medium,4,803,,dictionary/I/I-02.md,hz-018218-immeasurable,sources/Hezareh_Dictionary_Index/source/Hezareh_Part_04_PDF_0751-1000.md#L6112-L6120,True
immediate,immediate,immediate,[],hz-018219,entry_candidate,raw_ocr,medium,4,803,,dictionary/I/I-02.md,hz-018219-immediate,sources/Hezareh_Dictionary_Index/source/Hezareh_Part_04_PDF_0751-1000.md#L6121-L6133,True
immediately,immediately,immediately,[],hz-018220,entry_candidate,raw_ocr,medium,4,803,,dictionary/I/I-02.md,hz-018220-immediately,sources/Hezareh_Dictionary_Index/source/Hezareh_Part_04_PDF_0751-1000.md#L6134-L6138,True
immemorial,immemorial,immemorial,[],hz-018221,entry_candidate,raw_ocr,low,4,803,,dictionary/I/I-02.md,hz-018221-immemorial,sources/Hezareh_Dictionary_Index/source/Hezareh_Part_04_PDF_0751-1000.md#L6139-L6141,True
immense,immense,immense,[],hz-018222,entry_candidate,raw_ocr,medium,4,803,,dictionary/I/I-02.md,hz-018222-immense,sources/Hezareh_Dictionary_Index/source/Hezareh_Part_04_PDF_0751-1000.md#L6142-L6143,True
immensely,immensely,immensely,[],hz-018223,entry_candidate,raw_ocr,medium,4,804,,dictionary/I/I-02.md,hz-018223-immensely,sources/Hezareh_Dictionary_Index/source/Hezareh_Part_04_PDF_0751-1000.md#L6162-L6163,True
immensity,immensity,immensity,[],hz-018224,entry_candidate,raw_ocr,high,4,804,,dictionary/I/I-02.md,hz-018224-immensity,sources/Hezareh_Dictionary_Index/source/Hezareh_Part_04_PDF_0751-1000.md#L6164-L6166,True
immerse,immerse,immerse,[],hz-018225,entry_candidate,raw_ocr,medium,4,804,,dictionary/I/I-02.md,hz-018225-immerse,sources/Hezareh_Dictionary_Index/source/Hezareh_Part_04_PDF_0751-1000.md#L6167-L6173,True
immersion,immersion,immersion,[],hz-018226,entry_candidate,raw_ocr,high,4,804,,dictionary/I/I-02.md,hz-018226-immersion,sources/Hezareh_Dictionary_Index/source/Hezareh_Part_04_PDF_0751-1000.md#L6174-L6177,True
immersion heater,immersion heater,immersion heater,[],hz-018227,entry_candidate,raw_ocr,high,4,804,,dictionary/I/I-02.md,hz-018227-immersion-heater,sources/Hezareh_Dictionary_Index/source/Hezareh_Part_04_PDF_0751-1000.md#L6178-L6179,True
immigrant,immigrant,immigrant,[],hz-018228,entry_candidate,raw_ocr,medium,4,804,,dictionary/I/I-02.md,hz-018228-immigrant,sources/Hezareh_Dictionary_Index/source/Hezareh_Part_04_PDF_0751-1000.md#L6180-L6184,True
immigration,immigration,immigration,[],hz-018229,entry_candidate,raw_ocr,medium,4,804,,dictionary/I/I-02.md,hz-018229-immigration,sources/Hezareh_Dictionary_Index/source/Hezareh_Part_04_PDF_0751-1000.md#L6185-L6190,True
imminently,imminently,imminently,[],hz-018230,entry_candidate,raw_ocr,low,4,804,,dictionary/I/I-02.md,hz-018230-imminently,sources/Hezareh_Dictionary_Index/source/Hezareh_Part_04_PDF_0751-1000.md#L6191-L6193,True
immobile,immobile,immobile,[],hz-018231,entry_candidate,raw_ocr,medium,4,804,,dictionary/I/I-02.md,hz-018231-immobile,sources/Hezareh_Dictionary_Index/source/Hezareh_Part_04_PDF_0751-1000.md#L6194-L6197,True
immobilisation,immobilisation,immobilisation,[],hz-018232,entry_candidate,raw_ocr,high,4,804,,dictionary/I/I-02.md,hz-018232-immobilisation,sources/Hezareh_Dictionary_Index/source/Hezareh_Part_04_PDF_0751-1000.md#L6198-L6199,True
immobilise,immobilise,immobilise,[],hz-018233,entry_candidate,raw_ocr,high,4,804,,dictionary/I/I-02.md,hz-018233-immobilise,sources/Hezareh_Dictionary_Index/source/Hezareh_Part_04_PDF_0751-1000.md#L6200-L6200,True
immobility,immobility,immobility,[],hz-018234,entry_candidate,raw_ocr,medium,4,804,,dictionary/I/I-02.md,hz-018234-immobility,sources/Hezareh_Dictionary_Index/source/Hezareh_Part_04_PDF_0751-1000.md#L6201-L6209,True
immobilization,immobilization,immobilization,[],hz-018235,entry_candidate,raw_ocr,high,4,804,,dictionary/I/I-02.md,hz-018235-immobilization,sources/Hezareh_Dictionary_Index/source/Hezareh_Part_04_PDF_0751-1000.md#L6210-L6212,True
immobilize,immobilize,immobilize,[],hz-018236,entry_candidate,raw_ocr,high,4,804,,dictionary/I/I-02.md,hz-018236-immobilize,sources/Hezareh_Dictionary_Index/source/Hezareh_Part_04_PDF_0751-1000.md#L6213-L6219,True
immoderate,immoderate,immoderate,[],hz-018237,entry_candidate,raw_ocr,high,4,804,,dictionary/I/I-02.md,hz-018237-immoderate,sources/Hezareh_Dictionary_Index/source/Hezareh_Part_04_PDF_0751-1000.md#L6220-L6222,True
immoderately,immoderately,immoderately,[],hz-018238,entry_candidate,raw_ocr,high,4,804,,dictionary/I/I-02.md,hz-018238-immoderately,sources/Hezareh_Dictionary_Index/source/Hezareh_Part_04_PDF_0751-1000.md#L6223-L6224,True
immodest,immodest,immodest,[],hz-018239,entry_candidate,raw_ocr,high,4,804,,dictionary/I/I-02.md,hz-018239-immodest,sources/Hezareh_Dictionary_Index/source/Hezareh_Part_04_PDF_0751-1000.md#L6225-L6233,True
immodestly,immodestly,immodestly,[],hz-018240,entry_candidate,raw_ocr,hint_only,4,804,,dictionary/I/I-02.md,hz-018240-immodestly,sources/Hezareh_Dictionary_Index/source/Hezareh_Part_04_PDF_0751-1000.md#L6147-L6147,False
immodesty,immodesty,immodesty,[],hz-018241,entry_candidate,raw_ocr,high,4,804,,dictionary/I/I-02.md,hz-018241-immodesty,sources/Hezareh_Dictionary_Index/source/Hezareh_Part_04_PDF_0751-1000.md#L6234-L6237,True
immolate,immolate,immolate,[],hz-018242,entry_candidate,raw_ocr,high,4,804,,dictionary/I/I-02.md,hz-018242-immolate,sources/Hezareh_Dictionary_Index/source/Hezareh_Part_04_PDF_0751-1000.md#L6238-L6239,True
immolation,immolation,immolation,[],hz-018243,entry_candidate,raw_ocr,high,4,804,,dictionary/I/I-02.md,hz-018243-immolation,sources/Hezareh_Dictionary_Index/source/Hezareh_Part_04_PDF_0751-1000.md#L6240-L6241,True
immoral,immoral,immoral,[],hz-018244,entry_candidate,raw_ocr,high,4,804,,dictionary/I/I-02.md,hz-018244-immoral,sources/Hezareh_Dictionary_Index/source/Hezareh_Part_04_PDF_0751-1000.md#L6242-L6245,True
immorality,immorality,immorality,[],hz-018245,entry_candidate,raw_ocr,high,4,804,,dictionary/I/I-02.md,hz-018245-immorality,sources/Hezareh_Dictionary_Index/source/Hezareh_Part_04_PDF_0751-1000.md#L6246-L6249,True
immorally,immorally,immorally,[],hz-018246,entry_candidate,raw_ocr,high,4,804,,dictionary/I/I-02.md,hz-018246-immorally,sources/Hezareh_Dictionary_Index/source/Hezareh_Part_04_PDF_0751-1000.md#L6250-L6251,True
immortal,immortal,immortal,[],hz-018247,entry_candidate,raw_ocr,high,4,804,,dictionary/I/I-02.md,hz-018247-immortal,sources/Hezareh_Dictionary_Index/source/Hezareh_Part_04_PDF_0751-1000.md#L6252-L6258,True
immortalise,immortalise,immortalise,[],hz-018248,entry_candidate,raw_ocr,high,4,805,,dictionary/I/I-02.md,hz-018248-immortalise,sources/Hezareh_Dictionary_Index/source/Hezareh_Part_04_PDF_0751-1000.md#L6274-L6274,True
immortality,immortality,immortality,[],hz-018249,entry_candidate,raw_ocr,medium,4,805,,dictionary/I/I-02.md,hz-018249-immortality,sources/Hezareh_Dictionary_Index/source/Hezareh_Part_04_PDF_0751-1000.md#L6275-L6276,True
immortalize,immortalize,immortalize,[],hz-018250,entry_candidate,raw_ocr,low,4,805,,dictionary/I/I-02.md,hz-018250-immortalize,sources/Hezareh_Dictionary_Index/source/Hezareh_Part_04_PDF_0751-1000.md#L6277-L6279,True
immovable,immovable,immovable,[],hz-018251,entry_candidate,raw_ocr,medium,4,805,,dictionary/I/I-02.md,hz-018251-immovable,sources/Hezareh_Dictionary_Index/source/Hezareh_Part_04_PDF_0751-1000.md#L6280-L6288,True
immovably,immovably,immovably,[],hz-018252,entry_candidate,raw_ocr,hint_only,4,805,,dictionary/I/I-02.md,hz-018252-immovably,sources/Hezareh_Dictionary_Index/source/Hezareh_Part_04_PDF_0751-1000.md#L6262-L6262,False
immune,immune,immune,[],hz-018253,entry_candidate,raw_ocr,medium,4,805,,dictionary/I/I-02.md,hz-018253-immune,sources/Hezareh_Dictionary_Index/source/Hezareh_Part_04_PDF_0751-1000.md#L6289-L6290,True
immune system,immune system,immune system,[],hz-018254,entry_candidate,raw_ocr,medium,4,805,,dictionary/I/I-02.md,hz-018254-immune-system,sources/Hezareh_Dictionary_Index/source/Hezareh_Part_04_PDF_0751-1000.md#L6289-L6290,True
immunisation,immunisation,immunisation,[],hz-018255,entry_candidate,raw_ocr,high,4,805,,dictionary/I/I-02.md,hz-018255-immunisation,sources/Hezareh_Dictionary_Index/source/Hezareh_Part_04_PDF_0751-1000.md#L6291-L6292,True
immunise,immunise,immunise,[],hz-018256,entry_candidate,raw_ocr,high,4,805,,dictionary/I/I-02.md,hz-018256-immunise,sources/Hezareh_Dictionary_Index/source/Hezareh_Part_04_PDF_0751-1000.md#L6293-L6293,True
immunity,immunity,immunity,[],hz-018257,entry_candidate,raw_ocr,medium,4,805,,dictionary/I/I-02.md,hz-018257-immunity,sources/Hezareh_Dictionary_Index/source/Hezareh_Part_04_PDF_0751-1000.md#L6294-L6295,True
immunization,immunization,immunization,[],hz-018258,entry_candidate,raw_ocr,high,4,805,,dictionary/I/I-02.md,hz-018258-immunization,sources/Hezareh_Dictionary_Index/source/Hezareh_Part_04_PDF_0751-1000.md#L6296-L6297,True
immunize,immunize,immunize,[],hz-018259,entry_candidate,raw_ocr,medium,4,805,,dictionary/I/I-02.md,hz-018259-immunize,sources/Hezareh_Dictionary_Index/source/Hezareh_Part_04_PDF_0751-1000.md#L6298-L6299,True
immunology,immunology,immunology,[],hz-018260,entry_candidate,raw_ocr,low,4,805,,dictionary/I/I-02.md,hz-018260-immunology,sources/Hezareh_Dictionary_Index/source/Hezareh_Part_04_PDF_0751-1000.md#L6300-L6300,True
immure,immure,immure,[],hz-018261,entry_candidate,raw_ocr,medium,4,805,,dictionary/I/I-02.md,hz-018261-immure,sources/Hezareh_Dictionary_Index/source/Hezareh_Part_04_PDF_0751-1000.md#L6301-L6302,True
immutability,immutability,immutability,[],hz-018262,entry_candidate,raw_ocr,low,4,805,,dictionary/I/I-02.md,hz-018262-immutability,sources/Hezareh_Dictionary_Index/source/Hezareh_Part_04_PDF_0751-1000.md#L6303-L6304,True
immutable,immutable,immutable,[],hz-018263,entry_candidate,raw_ocr,medium,4,805,,dictionary/I/I-02.md,hz-018263-immutable,sources/Hezareh_Dictionary_Index/source/Hezareh_Part_04_PDF_0751-1000.md#L6305-L6306,True
immutably,immutably,immutably,[],hz-018264,entry_candidate,raw_ocr,medium,4,805,,dictionary/I/I-02.md,hz-018264-immutably,sources/Hezareh_Dictionary_Index/source/Hezareh_Part_04_PDF_0751-1000.md#L6307-L6308,True
imp,imp,imp,[],hz-018265,entry_candidate,raw_ocr,medium,4,805,,dictionary/I/I-02.md,hz-018265-imp,sources/Hezareh_Dictionary_Index/source/Hezareh_Part_04_PDF_0751-1000.md#L6309-L6316,True
impacted,impacted,impacted,[],hz-018266,entry_candidate,raw_ocr,medium,4,805,,dictionary/I/I-02.md,hz-018266-impacted,sources/Hezareh_Dictionary_Index/source/Hezareh_Part_04_PDF_0751-1000.md#L6317-L6328,True
impala,impala,impala,[],hz-018267,entry_candidate,raw_ocr,high,4,805,,dictionary/I/I-02.md,hz-018267-impala,sources/Hezareh_Dictionary_Index/source/Hezareh_Part_04_PDF_0751-1000.md#L6329-L6330,True
impale,impale,impale,[],hz-018268,entry_candidate,raw_ocr,low,4,805,,dictionary/I/I-02.md,hz-018268-impale,sources/Hezareh_Dictionary_Index/source/Hezareh_Part_04_PDF_0751-1000.md#L6331-L6339,True
impanel,impanel,impanel,[],hz-018269,entry_candidate,raw_ocr,high,4,805,,dictionary/I/I-02.md,hz-018269-impanel,sources/Hezareh_Dictionary_Index/source/Hezareh_Part_04_PDF_0751-1000.md#L6340-L6340,True
impart,impart,impart,[],hz-018270,entry_candidate,raw_ocr,medium,4,805,,dictionary/I/I-02.md,hz-018270-impart,sources/Hezareh_Dictionary_Index/source/Hezareh_Part_04_PDF_0751-1000.md#L6341-L6343,True
impartial,impartial,impartial,[],hz-018271,entry_candidate,raw_ocr,medium,4,805,,dictionary/I/I-02.md,hz-018271-impartial,sources/Hezareh_Dictionary_Index/source/Hezareh_Part_04_PDF_0751-1000.md#L6344-L6348,True
impartially,impartially,impartially,[],hz-018272,entry_candidate,raw_ocr,medium,4,805,,dictionary/I/I-02.md,hz-018272-impartially,sources/Hezareh_Dictionary_Index/source/Hezareh_Part_04_PDF_0751-1000.md#L6349-L6350,True
impassable,impassable,impassable,[],hz-018273,entry_candidate,raw_ocr,high,4,805,,dictionary/I/I-02.md,hz-018273-impassable,sources/Hezareh_Dictionary_Index/source/Hezareh_Part_04_PDF_0751-1000.md#L6351-L6352,True
impasse,impasse,impasse,[],hz-018274,entry_candidate,raw_ocr,medium,4,805,,dictionary/I/I-02.md,hz-018274-impasse,sources/Hezareh_Dictionary_Index/source/Hezareh_Part_04_PDF_0751-1000.md#L6353-L6353,True
impassioned,impassioned,impassioned,[],hz-018275,entry_candidate,raw_ocr,medium,4,805,,dictionary/I/I-02.md,hz-018275-impassioned,sources/Hezareh_Dictionary_Index/source/Hezareh_Part_04_PDF_0751-1000.md#L6354-L6356,True
impassive,impassive,impassive,[],hz-018276,entry_candidate,raw_ocr,medium,4,805,,dictionary/I/I-02.md,hz-018276-impassive,sources/Hezareh_Dictionary_Index/source/Hezareh_Part_04_PDF_0751-1000.md#L6357-L6361,True
impassiveness,impassiveness,impassiveness,[],hz-018277,entry_candidate,raw_ocr,high,4,805,,dictionary/I/I-02.md,hz-018277-impassiveness,sources/Hezareh_Dictionary_Index/source/Hezareh_Part_04_PDF_0751-1000.md#L6362-L6364,True
impatience,impatience,impatience,[],hz-018278,entry_candidate,raw_ocr,low,4,805,,dictionary/I/I-02.md,hz-018278-impatience,sources/Hezareh_Dictionary_Index/source/Hezareh_Part_04_PDF_0751-1000.md#L6365-L6370,True
impatient,impatient,impatient,[],hz-018279,entry_candidate,raw_ocr,hint_only,4,805,,dictionary/I/I-02.md,hz-018279-impatient,sources/Hezareh_Dictionary_Index/source/Hezareh_Part_04_PDF_0751-1000.md#L6262-L6262,False
impatiently,impatiently,impatiently,[],hz-018280,entry_candidate,raw_ocr,medium,4,806,,dictionary/I/I-02.md,hz-018280-impatiently,sources/Hezareh_Dictionary_Index/source/Hezareh_Part_04_PDF_0751-1000.md#L6391-L6392,True
impeach,impeach,impeach,[],hz-018281,entry_candidate,raw_ocr,low,4,806,,dictionary/I/I-02.md,hz-018281-impeach,sources/Hezareh_Dictionary_Index/source/Hezareh_Part_04_PDF_0751-1000.md#L6393-L6396,True
impeachable,impeachable,impeachable,[],hz-018282,entry_candidate,raw_ocr,low,4,806,,dictionary/I/I-02.md,hz-018282-impeachable,sources/Hezareh_Dictionary_Index/source/Hezareh_Part_04_PDF_0751-1000.md#L6397-L6398,True
impeachment,impeachment,impeachment,[],hz-018283,entry_candidate,raw_ocr,medium,4,806,,dictionary/I/I-02.md,hz-018283-impeachment,sources/Hezareh_Dictionary_Index/source/Hezareh_Part_04_PDF_0751-1000.md#L6399-L6404,True
impeccable,impeccable,impeccable,[],hz-018284,entry_candidate,raw_ocr,medium,4,806,,dictionary/I/I-02.md,hz-018284-impeccable,sources/Hezareh_Dictionary_Index/source/Hezareh_Part_04_PDF_0751-1000.md#L6405-L6410,True
impecunious,impecunious,impecunious,[],hz-018285,entry_candidate,raw_ocr,medium,4,806,,dictionary/I/I-02.md,hz-018285-impecunious,sources/Hezareh_Dictionary_Index/source/Hezareh_Part_04_PDF_0751-1000.md#L6411-L6413,True
impedance,impedance,impedance,[],hz-018286,entry_candidate,raw_ocr,medium,4,806,,dictionary/I/I-02.md,hz-018286-impedance,sources/Hezareh_Dictionary_Index/source/Hezareh_Part_04_PDF_0751-1000.md#L6414-L6415,True
impede,impede,impede,[],hz-018287,entry_candidate,raw_ocr,medium,4,806,,dictionary/I/I-02.md,hz-018287-impede,sources/Hezareh_Dictionary_Index/source/Hezareh_Part_04_PDF_0751-1000.md#L6416-L6418,True
impediment,impediment,impediment,[],hz-018288,entry_candidate,raw_ocr,low,4,806,,dictionary/I/I-02.md,hz-018288-impediment,sources/Hezareh_Dictionary_Index/source/Hezareh_Part_04_PDF_0751-1000.md#L6419-L6420,True
impedimenta,impedimenta,impedimenta,[],hz-018289,entry_candidate,raw_ocr,medium,4,806,,dictionary/I/I-02.md,hz-018289-impedimenta,sources/Hezareh_Dictionary_Index/source/Hezareh_Part_04_PDF_0751-1000.md#L6421-L6422,True
impel,impel,impel,[],hz-018290,entry_candidate,raw_ocr,high,4,806,,dictionary/I/I-02.md,hz-018290-impel,sources/Hezareh_Dictionary_Index/source/Hezareh_Part_04_PDF_0751-1000.md#L6423-L6425,True
impeller,impeller,impeller,[],hz-018291,entry_candidate,raw_ocr,low,4,806,,dictionary/I/I-02.md,hz-018291-impeller,sources/Hezareh_Dictionary_Index/source/Hezareh_Part_04_PDF_0751-1000.md#L6426-L6437,True
impending,impending,impending,[],hz-018293,entry_candidate,raw_ocr,high,4,806,,dictionary/I/I-02.md,hz-018293-impending,sources/Hezareh_Dictionary_Index/source/Hezareh_Part_04_PDF_0751-1000.md#L6438-L6439,True
impendtrm'pend,impendtrm'pend,impendtrm'pend,[],hz-018292,entry_candidate,raw_ocr,hint_only,4,806,,dictionary/I/I-02.md,hz-018292-impendtrm-pend,sources/Hezareh_Dictionary_Index/source/Hezareh_Part_04_PDF_0751-1000.md#L6374-L6374,False
impenetrability,impenetrability,impenetrability,[],hz-018294,entry_candidate,raw_ocr,high,4,806,,dictionary/I/I-02.md,hz-018294-impenetrability,sources/Hezareh_Dictionary_Index/source/Hezareh_Part_04_PDF_0751-1000.md#L6440-L6445,True
impenetrable,impenetrable,impenetrable,[],hz-018295,entry_candidate,raw_ocr,low,4,806,,dictionary/I/I-02.md,hz-018295-impenetrable,sources/Hezareh_Dictionary_Index/source/Hezareh_Part_04_PDF_0751-1000.md#L6446-L6447,True
impenetrably,impenetrably,impenetrably,[],hz-018296,entry_candidate,raw_ocr,high,4,806,,dictionary/I/I-02.md,hz-018296-impenetrably,sources/Hezareh_Dictionary_Index/source/Hezareh_Part_04_PDF_0751-1000.md#L6448-L6454,True
impenitence,impenitence,impenitence,[],hz-018297,entry_candidate,raw_ocr,hint_only,4,806,,dictionary/I/I-02.md,hz-018297-impenitence,sources/Hezareh_Dictionary_Index/source/Hezareh_Part_04_PDF_0751-1000.md#L6374-L6374,False
impenitent,impenitent,impenitent,[],hz-018298,entry_candidate,raw_ocr,low,4,806,,dictionary/I/I-02.md,hz-018298-impenitent,sources/Hezareh_Dictionary_Index/source/Hezareh_Part_04_PDF_0751-1000.md#L6455-L6455,True
impenitently,impenitently,impenitently,[],hz-018299,entry_candidate,raw_ocr,high,4,806,,dictionary/I/I-02.md,hz-018299-impenitently,sources/Hezareh_Dictionary_Index/source/Hezareh_Part_04_PDF_0751-1000.md#L6456-L6463,True
imperatively,imperatively,imperatively,[],hz-018300,entry_candidate,raw_ocr,high,4,806,,dictionary/I/I-02.md,hz-018300-imperatively,sources/Hezareh_Dictionary_Index/source/Hezareh_Part_04_PDF_0751-1000.md#L6464-L6465,True
imperceptible,imperceptible,imperceptible,[],hz-018301,entry_candidate,raw_ocr,high,4,806,,dictionary/I/I-02.md,hz-018301-imperceptible,sources/Hezareh_Dictionary_Index/source/Hezareh_Part_04_PDF_0751-1000.md#L6466-L6468,True
imperceptibly,imperceptibly,imperceptibly,[],hz-018302,entry_candidate,raw_ocr,high,4,806,,dictionary/I/I-02.md,hz-018302-imperceptibly,sources/Hezareh_Dictionary_Index/source/Hezareh_Part_04_PDF_0751-1000.md#L6469-L6471,True
imperfect,imperfect,imperfect,[],hz-018303,entry_candidate,raw_ocr,high,4,806,,dictionary/I/I-02.md,hz-018303-imperfect,sources/Hezareh_Dictionary_Index/source/Hezareh_Part_04_PDF_0751-1000.md#L6472-L6476,True
imperfection,imperfection,imperfection,[],hz-018304,entry_candidate,raw_ocr,high,4,806,,dictionary/I/I-02.md,hz-018304-imperfection,sources/Hezareh_Dictionary_Index/source/Hezareh_Part_04_PDF_0751-1000.md#L6477-L6478,True
imperfectly,imperfectly,imperfectly,[],hz-018305,entry_candidate,raw_ocr,high,4,806,,dictionary/I/I-02.md,hz-018305-imperfectly,sources/Hezareh_Dictionary_Index/source/Hezareh_Part_04_PDF_0751-1000.md#L6479-L6486,True
imperialism,imperialism,imperialism,[],hz-018306,entry_candidate,raw_ocr,high,4,807,,dictionary/I/I-02.md,hz-018306-imperialism,sources/Hezareh_Dictionary_Index/source/Hezareh_Part_04_PDF_0751-1000.md#L6499-L6503,True
imperialist,imperialist,imperialist,[],hz-018307,entry_candidate,raw_ocr,medium,4,807,,dictionary/I/I-02.md,hz-018307-imperialist,sources/Hezareh_Dictionary_Index/source/Hezareh_Part_04_PDF_0751-1000.md#L6504-L6505,True
imperialistic,imperialistic,imperialistic,[],hz-018308,entry_candidate,raw_ocr,low,4,807,,dictionary/I/I-02.md,hz-018308-imperialistic,sources/Hezareh_Dictionary_Index/source/Hezareh_Part_04_PDF_0751-1000.md#L6506-L6507,True
imperially,imperially,imperially,[],hz-018309,entry_candidate,raw_ocr,medium,4,807,,dictionary/I/I-02.md,hz-018309-imperially,sources/Hezareh_Dictionary_Index/source/Hezareh_Part_04_PDF_0751-1000.md#L6508-L6509,True
imperil,imperil,imperil,[],hz-018310,entry_candidate,raw_ocr,high,4,807,,dictionary/I/I-02.md,hz-018310-imperil,sources/Hezareh_Dictionary_Index/source/Hezareh_Part_04_PDF_0751-1000.md#L6510-L6512,True
imperious,imperious,imperious,[],hz-018311,entry_candidate,raw_ocr,medium,4,807,,dictionary/I/I-02.md,hz-018311-imperious,sources/Hezareh_Dictionary_Index/source/Hezareh_Part_04_PDF_0751-1000.md#L6513-L6518,True
imperiousness,imperiousness,imperiousness,[],hz-018312,entry_candidate,raw_ocr,medium,4,807,,dictionary/I/I-02.md,hz-018312-imperiousness,sources/Hezareh_Dictionary_Index/source/Hezareh_Part_04_PDF_0751-1000.md#L6519-L6520,True
imperishable,imperishable,imperishable,[],hz-018313,entry_candidate,raw_ocr,medium,4,807,,dictionary/I/I-02.md,hz-018313-imperishable,sources/Hezareh_Dictionary_Index/source/Hezareh_Part_04_PDF_0751-1000.md#L6521-L6524,True
impermanence,impermanence,impermanence,[],hz-018314,entry_candidate,raw_ocr,medium,4,807,,dictionary/I/I-02.md,hz-018314-impermanence,sources/Hezareh_Dictionary_Index/source/Hezareh_Part_04_PDF_0751-1000.md#L6525-L6526,True
impermanent,impermanent,impermanent,[],hz-018315,entry_candidate,raw_ocr,low,4,807,,dictionary/I/I-02.md,hz-018315-impermanent,sources/Hezareh_Dictionary_Index/source/Hezareh_Part_04_PDF_0751-1000.md#L6527-L6528,True
impermeable,impermeable,impermeable,[],hz-018316,entry_candidate,raw_ocr,medium,4,807,,dictionary/I/I-02.md,hz-018316-impermeable,sources/Hezareh_Dictionary_Index/source/Hezareh_Part_04_PDF_0751-1000.md#L6529-L6530,True
impersonal,impersonal,impersonal,[],hz-018317,entry_candidate,raw_ocr,medium,4,807,,dictionary/I/I-02.md,hz-018317-impersonal,sources/Hezareh_Dictionary_Index/source/Hezareh_Part_04_PDF_0751-1000.md#L6531-L6536,True
impersonality,impersonality,impersonality,[],hz-018318,entry_candidate,raw_ocr,low,4,807,,dictionary/I/I-02.md,hz-018318-impersonality,sources/Hezareh_Dictionary_Index/source/Hezareh_Part_04_PDF_0751-1000.md#L6537-L6540,True
impersonate,impersonate,impersonate,[],hz-018319,entry_candidate,raw_ocr,medium,4,807,,dictionary/I/I-02.md,hz-018319-impersonate,sources/Hezareh_Dictionary_Index/source/Hezareh_Part_04_PDF_0751-1000.md#L6541-L6551,True
impersonator,impersonator,impersonator,[],hz-018320,entry_candidate,raw_ocr,high,4,807,,dictionary/I/I-02.md,hz-018320-impersonator,sources/Hezareh_Dictionary_Index/source/Hezareh_Part_04_PDF_0751-1000.md#L6552-L6553,True
impertinence,impertinence,impertinence,[],hz-018321,entry_candidate,raw_ocr,medium,4,807,,dictionary/I/I-02.md,hz-018321-impertinence,sources/Hezareh_Dictionary_Index/source/Hezareh_Part_04_PDF_0751-1000.md#L6554-L6556,True
impertinent,impertinent,impertinent,[],hz-018322,entry_candidate,raw_ocr,medium,4,807,,dictionary/I/I-02.md,hz-018322-impertinent,sources/Hezareh_Dictionary_Index/source/Hezareh_Part_04_PDF_0751-1000.md#L6557-L6560,True
impertinently,impertinently,impertinently,[],hz-018323,entry_candidate,raw_ocr,high,4,807,,dictionary/I/I-02.md,hz-018323-impertinently,sources/Hezareh_Dictionary_Index/source/Hezareh_Part_04_PDF_0751-1000.md#L6561-L6564,True
imperturbability,imperturbability,imperturbability,[],hz-018324,entry_candidate,raw_ocr,medium,4,807,,dictionary/I/I-02.md,hz-018324-imperturbability,sources/Hezareh_Dictionary_Index/source/Hezareh_Part_04_PDF_0751-1000.md#L6565-L6566,True
imperturbable,imperturbable,imperturbable,[],hz-018325,entry_candidate,raw_ocr,medium,4,807,,dictionary/I/I-02.md,hz-018325-imperturbable,sources/Hezareh_Dictionary_Index/source/Hezareh_Part_04_PDF_0751-1000.md#L6567-L6570,True
imperviOUS,impervious,impervious,[],hz-018326,entry_candidate,raw_ocr,medium,4,807,,dictionary/I/I-02.md,hz-018326-impervious,sources/Hezareh_Dictionary_Index/source/Hezareh_Part_04_PDF_0751-1000.md#L6571-L6577,True
impetuosity,impetuosity,impetuosity,[],hz-018327,entry_candidate,raw_ocr,low,4,807,,dictionary/I/I-02.md,hz-018327-impetuosity,sources/Hezareh_Dictionary_Index/source/Hezareh_Part_04_PDF_0751-1000.md#L6578-L6587,True
impetuous hm'petfuas,impetuous hm'petfuas,impetuous hm'petfuas,[],hz-018328,entry_candidate,raw_ocr,hint_only,4,807,,dictionary/I/I-02.md,hz-018328-impetuous-hm-petfuas,sources/Hezareh_Dictionary_Index/source/Hezareh_Part_04_PDF_0751-1000.md#L6490-L6490,False
impetuously,impetuously,impetuously,[],hz-018329,entry_candidate,raw_ocr,hint_only,4,807,,dictionary/I/I-02.md,hz-018329-impetuously,sources/Hezareh_Dictionary_Index/source/Hezareh_Part_04_PDF_0751-1000.md#L6490-L6490,False
impetus,impetus,impetus,[],hz-018330,entry_candidate,raw_ocr,high,4,807,,dictionary/I/I-02.md,hz-018330-impetus,sources/Hezareh_Dictionary_Index/source/Hezareh_Part_04_PDF_0751-1000.md#L6588-L6589,True
impiety,impiety,impiety,[],hz-018331,entry_candidate,raw_ocr,high,4,807,,dictionary/I/I-02.md,hz-018331-impiety,sources/Hezareh_Dictionary_Index/source/Hezareh_Part_04_PDF_0751-1000.md#L6590-L6593,True
impinge,impinge,impinge,[],hz-018332,entry_candidate,raw_ocr,high,4,807,,dictionary/I/I-02.md,hz-018332-impinge,sources/Hezareh_Dictionary_Index/source/Hezareh_Part_04_PDF_0751-1000.md#L6594-L6597,True
impingement,impingement,impingement,[],hz-018333,entry_candidate,raw_ocr,medium,4,808,,dictionary/I/I-02.md,hz-018333-impingement,sources/Hezareh_Dictionary_Index/source/Hezareh_Part_04_PDF_0751-1000.md#L6615-L6616,True
impious,impious,impious,[],hz-018334,entry_candidate,raw_ocr,medium,4,808,,dictionary/I/I-02.md,hz-018334-impious,sources/Hezareh_Dictionary_Index/source/Hezareh_Part_04_PDF_0751-1000.md#L6617-L6620,True
impiously,impiously,impiously,[],hz-018335,entry_candidate,raw_ocr,medium,4,808,,dictionary/I/I-02.md,hz-018335-impiously,sources/Hezareh_Dictionary_Index/source/Hezareh_Part_04_PDF_0751-1000.md#L6621-L6623,True
impish,impish,impish,[],hz-018336,entry_candidate,raw_ocr,low,4,808,,dictionary/I/I-02.md,hz-018336-impish,sources/Hezareh_Dictionary_Index/source/Hezareh_Part_04_PDF_0751-1000.md#L6624-L6626,True
impishly,impishly,impishly,[],hz-018337,entry_candidate,raw_ocr,low,4,808,,dictionary/I/I-02.md,hz-018337-impishly,sources/Hezareh_Dictionary_Index/source/Hezareh_Part_04_PDF_0751-1000.md#L6627-L6628,True
impishness,impishness,impishness,[],hz-018338,entry_candidate,raw_ocr,medium,4,808,,dictionary/I/I-02.md,hz-018338-impishness,sources/Hezareh_Dictionary_Index/source/Hezareh_Part_04_PDF_0751-1000.md#L6629-L6630,True
implacable,implacable,implacable,[],hz-018339,entry_candidate,raw_ocr,low,4,808,,dictionary/I/I-02.md,hz-018339-implacable,sources/Hezareh_Dictionary_Index/source/Hezareh_Part_04_PDF_0751-1000.md#L6631-L6632,True
implacably,implacably,implacably,[],hz-018340,entry_candidate,raw_ocr,medium,4,808,,dictionary/I/I-02.md,hz-018340-implacably,sources/Hezareh_Dictionary_Index/source/Hezareh_Part_04_PDF_0751-1000.md#L6633-L6640,True
implantation,implantation,implantation,[],hz-018341,entry_candidate,raw_ocr,high,4,808,,dictionary/I/I-02.md,hz-018341-implantation,sources/Hezareh_Dictionary_Index/source/Hezareh_Part_04_PDF_0751-1000.md#L6641-L6642,True
implausible,implausible,implausible,[],hz-018342,entry_candidate,raw_ocr,high,4,808,,dictionary/I/I-02.md,hz-018342-implausible,sources/Hezareh_Dictionary_Index/source/Hezareh_Part_04_PDF_0751-1000.md#L6643-L6650,True
implement,implement,implement,[],hz-018351,entry_candidate,raw_ocr,medium,4,808,,dictionary/I/I-02.md,hz-018351-implement,sources/Hezareh_Dictionary_Index/source/Hezareh_Part_04_PDF_0751-1000.md#L6651-L6663,True
implicate,implicate,implicate,[],hz-018343,entry_candidate,raw_ocr,high,4,808,,dictionary/I/I-02.md,hz-018343-implicate,sources/Hezareh_Dictionary_Index/source/Hezareh_Part_04_PDF_0751-1000.md#L6664-L6665,True
implication,implication,implication,[],hz-018344,entry_candidate,raw_ocr,high,4,808,,dictionary/I/I-02.md,hz-018344-implication,sources/Hezareh_Dictionary_Index/source/Hezareh_Part_04_PDF_0751-1000.md#L6666-L6669,True
implicit,implicit,implicit,[],hz-018345,entry_candidate,raw_ocr,high,4,808,,dictionary/I/I-02.md,hz-018345-implicit,sources/Hezareh_Dictionary_Index/source/Hezareh_Part_04_PDF_0751-1000.md#L6670-L6675,True
implicitly,implicitly,implicitly,[],hz-018346,entry_candidate,raw_ocr,high,4,808,,dictionary/I/I-02.md,hz-018346-implicitly,sources/Hezareh_Dictionary_Index/source/Hezareh_Part_04_PDF_0751-1000.md#L6676-L6678,True
implied,implied,implied,[],hz-018347,entry_candidate,raw_ocr,high,4,808,,dictionary/I/I-02.md,hz-018347-implied,sources/Hezareh_Dictionary_Index/source/Hezareh_Part_04_PDF_0751-1000.md#L6679-L6680,True
implode,implode,implode,[],hz-018348,entry_candidate,raw_ocr,high,4,808,,dictionary/I/I-02.md,hz-018348-implode,sources/Hezareh_Dictionary_Index/source/Hezareh_Part_04_PDF_0751-1000.md#L6681-L6690,True
implore,implore,implore,[],hz-018349,entry_candidate,raw_ocr,hint_only,4,808,,dictionary/I/I-02.md,hz-018349-implore,sources/Hezareh_Dictionary_Index/source/Hezareh_Part_04_PDF_0751-1000.md#L6601-L6601,False
imploring,imploring,imploring,[],hz-018350,entry_candidate,raw_ocr,high,4,808,,dictionary/I/I-02.md,hz-018350-imploring,sources/Hezareh_Dictionary_Index/source/Hezareh_Part_04_PDF_0751-1000.md#L6691-L6697,True
imply,imply,imply,[],hz-018352,entry_candidate,raw_ocr,high,4,808,,dictionary/I/I-02.md,hz-018352-imply,sources/Hezareh_Dictionary_Index/source/Hezareh_Part_04_PDF_0751-1000.md#L6698-L6711,True
impolite,impolite,impolite,[],hz-018353,entry_candidate,raw_ocr,high,4,809,,dictionary/I/I-02.md,hz-018353-impolite,sources/Hezareh_Dictionary_Index/source/Hezareh_Part_04_PDF_0751-1000.md#L6724-L6735,True
impolitely,impolitely,impolitely,[],hz-018354,entry_candidate,raw_ocr,low,4,809,,dictionary/I/I-02.md,hz-018354-impolitely,sources/Hezareh_Dictionary_Index/source/Hezareh_Part_04_PDF_0751-1000.md#L6736-L6737,True
impoliteness,impoliteness,impoliteness,[],hz-018355,entry_candidate,raw_ocr,medium,4,809,,dictionary/I/I-02.md,hz-018355-impoliteness,sources/Hezareh_Dictionary_Index/source/Hezareh_Part_04_PDF_0751-1000.md#L6738-L6741,True
imponderable,imponderable,imponderable,[],hz-018356,entry_candidate,raw_ocr,low,4,809,,dictionary/I/I-02.md,hz-018356-imponderable,sources/Hezareh_Dictionary_Index/source/Hezareh_Part_04_PDF_0751-1000.md#L6742-L6751,True
import,import,import,[],hz-018357,entry_candidate,raw_ocr,medium,4,809,,dictionary/I/I-02.md,hz-018357-import,sources/Hezareh_Dictionary_Index/source/Hezareh_Part_04_PDF_0751-1000.md#L6752-L6761,True
important,important,important,[],hz-018358,entry_candidate,raw_ocr,medium,4,809,,dictionary/I/I-02.md,hz-018358-important,sources/Hezareh_Dictionary_Index/source/Hezareh_Part_04_PDF_0751-1000.md#L6762-L6764,True
importantly,importantly,importantly,[],hz-018359,entry_candidate,raw_ocr,medium,4,809,,dictionary/I/I-02.md,hz-018359-importantly,sources/Hezareh_Dictionary_Index/source/Hezareh_Part_04_PDF_0751-1000.md#L6765-L6769,True
importer,importer,importer,[],hz-018360,entry_candidate,raw_ocr,hint_only,4,809,,dictionary/I/I-02.md,hz-018360-importer,sources/Hezareh_Dictionary_Index/source/Hezareh_Part_04_PDF_0751-1000.md#L6715-L6715,False
importunate,importunate,importunate,[],hz-018361,entry_candidate,raw_ocr,medium,4,809,,dictionary/I/I-02.md,hz-018361-importunate,sources/Hezareh_Dictionary_Index/source/Hezareh_Part_04_PDF_0751-1000.md#L6770-L6775,True
importunately,importunately,importunately,[],hz-018362,entry_candidate,raw_ocr,medium,4,809,,dictionary/I/I-02.md,hz-018362-importunately,sources/Hezareh_Dictionary_Index/source/Hezareh_Part_04_PDF_0751-1000.md#L6776-L6777,True
importune,importune,importune,[],hz-018363,entry_candidate,raw_ocr,high,4,809,,dictionary/I/I-02.md,hz-018363-importune,sources/Hezareh_Dictionary_Index/source/Hezareh_Part_04_PDF_0751-1000.md#L6778-L6782,True
importunity,importunity,importunity,[],hz-018364,entry_candidate,raw_ocr,high,4,809,,dictionary/I/I-02.md,hz-018364-importunity,sources/Hezareh_Dictionary_Index/source/Hezareh_Part_04_PDF_0751-1000.md#L6783-L6784,True
impose,impose,impose,[],hz-018365,entry_candidate,raw_ocr,medium,4,809,,dictionary/I/I-02.md,hz-018365-impose,sources/Hezareh_Dictionary_Index/source/Hezareh_Part_04_PDF_0751-1000.md#L6785-L6792,True
imposing,imposing,imposing,[],hz-018366,entry_candidate,raw_ocr,hint_only,4,809,,dictionary/I/I-02.md,hz-018366-imposing,sources/Hezareh_Dictionary_Index/source/Hezareh_Part_04_PDF_0751-1000.md#L6715-L6715,False
imposingly,imposingly,imposingly,[],hz-018367,entry_candidate,raw_ocr,medium,4,809,,dictionary/I/I-02.md,hz-018367-imposingly,sources/Hezareh_Dictionary_Index/source/Hezareh_Part_04_PDF_0751-1000.md#L6793-L6800,True
impossible,impossible,impossible,[],hz-018369,entry_candidate,raw_ocr,medium,4,809,,dictionary/I/I-02.md,hz-018369-impossible,sources/Hezareh_Dictionary_Index/source/Hezareh_Part_04_PDF_0751-1000.md#L6801-L6807,True
impossibly,impossibly,impossibly,[],hz-018370,entry_candidate,raw_ocr,medium,4,809,,dictionary/I/I-02.md,hz-018370-impossibly,sources/Hezareh_Dictionary_Index/source/Hezareh_Part_04_PDF_0751-1000.md#L6808-L6811,True
imposter,imposter,imposter,[],hz-018371,entry_candidate,raw_ocr,high,4,809,,dictionary/I/I-02.md,hz-018371-imposter,sources/Hezareh_Dictionary_Index/source/Hezareh_Part_04_PDF_0751-1000.md#L6812-L6813,True
imposture,imposture,imposture,[],hz-018372,entry_candidate,raw_ocr,medium,4,809,,dictionary/I/I-02.md,hz-018372-imposture,sources/Hezareh_Dictionary_Index/source/Hezareh_Part_04_PDF_0751-1000.md#L6814-L6815,True
impotence,impotence,impotence,[],hz-018373,entry_candidate,raw_ocr,medium,4,809,,dictionary/I/I-02.md,hz-018373-impotence,sources/Hezareh_Dictionary_Index/source/Hezareh_Part_04_PDF_0751-1000.md#L6816-L6817,True
impotent,impotent,impotent,[],hz-018374,entry_candidate,raw_ocr,medium,4,809,,dictionary/I/I-02.md,hz-018374-impotent,sources/Hezareh_Dictionary_Index/source/Hezareh_Part_04_PDF_0751-1000.md#L6818-L6823,True
impotently,impotently,impotently,[],hz-018375,entry_candidate,raw_ocr,hint_only,4,809,,dictionary/I/I-02.md,hz-018375-impotently,sources/Hezareh_Dictionary_Index/source/Hezareh_Part_04_PDF_0751-1000.md#L6715-L6715,False
impoverish,impoverish,impoverish,[],hz-018377,entry_candidate,raw_ocr,medium,4,810,,dictionary/I/I-02.md,hz-018377-impoverish,sources/Hezareh_Dictionary_Index/source/Hezareh_Part_04_PDF_0751-1000.md#L6837-L6839,True
impoverished,impoverished,impoverished,[],hz-018378,entry_candidate,raw_ocr,medium,4,810,,dictionary/I/I-02.md,hz-018378-impoverished,sources/Hezareh_Dictionary_Index/source/Hezareh_Part_04_PDF_0751-1000.md#L6840-L6842,True
impoverishmenttim'povanfmant,impoverishmenttim'povanfmant,impoverishmenttim'povanfmant,[],hz-018379,entry_candidate,raw_ocr,hint_only,4,810,,dictionary/I/I-02.md,hz-018379-impoverishmenttim-povanfmant,sources/Hezareh_Dictionary_Index/source/Hezareh_Part_04_PDF_0751-1000.md#L6827-L6827,False
impracticability,impracticability,impracticability,[],hz-018380,entry_candidate,raw_ocr,high,4,810,,dictionary/I/I-02.md,hz-018380-impracticability,sources/Hezareh_Dictionary_Index/source/Hezareh_Part_04_PDF_0751-1000.md#L6843-L6845,True
impracticable,impracticable,impracticable,[],hz-018381,entry_candidate,raw_ocr,high,4,810,,dictionary/I/I-02.md,hz-018381-impracticable,sources/Hezareh_Dictionary_Index/source/Hezareh_Part_04_PDF_0751-1000.md#L6846-L6850,True
impracticableness I rm'preektrkablnrs,impracticableness i rm'preektrkablnrs,impracticableness i rm'preektrkablnrs,[],hz-018382,entry_candidate,raw_ocr,hint_only,4,810,,dictionary/I/I-02.md,hz-018382-impracticableness-i-rm-preektrkablnrs,sources/Hezareh_Dictionary_Index/source/Hezareh_Part_04_PDF_0751-1000.md#L6827-L6827,False
impracticably,impracticably,impracticably,[],hz-018383,entry_candidate,raw_ocr,medium,4,810,,dictionary/I/I-02.md,hz-018383-impracticably,sources/Hezareh_Dictionary_Index/source/Hezareh_Part_04_PDF_0751-1000.md#L6851-L6851,True
impractical,impractical,impractical,[],hz-018384,entry_candidate,raw_ocr,medium,4,810,,dictionary/I/I-02.md,hz-018384-impractical,sources/Hezareh_Dictionary_Index/source/Hezareh_Part_04_PDF_0751-1000.md#L6852-L6855,True
impracticality,impracticality,impracticality,[],hz-018385,entry_candidate,raw_ocr,medium,4,810,,dictionary/I/I-02.md,hz-018385-impracticality,sources/Hezareh_Dictionary_Index/source/Hezareh_Part_04_PDF_0751-1000.md#L6856-L6858,True
impractically,impractically,impractically,[],hz-018386,entry_candidate,raw_ocr,medium,4,810,,dictionary/I/I-02.md,hz-018386-impractically,sources/Hezareh_Dictionary_Index/source/Hezareh_Part_04_PDF_0751-1000.md#L6859-L6860,True
imprecise,imprecise,imprecise,[],hz-018387,entry_candidate,raw_ocr,medium,4,810,,dictionary/I/I-02.md,hz-018387-imprecise,sources/Hezareh_Dictionary_Index/source/Hezareh_Part_04_PDF_0751-1000.md#L6861-L6864,True
imprecision,imprecision,imprecision,[],hz-018388,entry_candidate,raw_ocr,medium,4,810,,dictionary/I/I-02.md,hz-018388-imprecision,sources/Hezareh_Dictionary_Index/source/Hezareh_Part_04_PDF_0751-1000.md#L6865-L6865,True
impregnability,impregnability,impregnability,[],hz-018389,entry_candidate,raw_ocr,medium,4,810,,dictionary/I/I-02.md,hz-018389-impregnability,sources/Hezareh_Dictionary_Index/source/Hezareh_Part_04_PDF_0751-1000.md#L6866-L6867,True
impregnable,impregnable,impregnable,[],hz-018390,entry_candidate,raw_ocr,high,4,810,,dictionary/I/I-02.md,hz-018390-impregnable,sources/Hezareh_Dictionary_Index/source/Hezareh_Part_04_PDF_0751-1000.md#L6868-L6874,True
impregnablytim'pregnablr,impregnablytim'pregnablr,impregnablytim'pregnablr,[],hz-018391,entry_candidate,raw_ocr,hint_only,4,810,,dictionary/I/I-02.md,hz-018391-impregnablytim-pregnablr,sources/Hezareh_Dictionary_Index/source/Hezareh_Part_04_PDF_0751-1000.md#L6827-L6827,False
impregnate,impregnate,impregnate,[],hz-018392,entry_candidate,raw_ocr,high,4,810,,dictionary/I/I-02.md,hz-018392-impregnate,sources/Hezareh_Dictionary_Index/source/Hezareh_Part_04_PDF_0751-1000.md#L6875-L6879,True
impresario,impresario,impresario,[],hz-018393,entry_candidate,raw_ocr,high,4,810,,dictionary/I/I-02.md,hz-018393-impresario,sources/Hezareh_Dictionary_Index/source/Hezareh_Part_04_PDF_0751-1000.md#L6880-L6908,True
impressionabletrm'prefanabl,impressionabletrm'prefanabl,impressionabletrm'prefanabl,[],hz-018395,entry_candidate,raw_ocr,hint_only,4,810,,dictionary/I/I-02.md,hz-018395-impressionabletrm-prefanabl,sources/Hezareh_Dictionary_Index/source/Hezareh_Part_04_PDF_0751-1000.md#L6827-L6827,False
impressionism,impressionism,impressionism,[],hz-018396,entry_candidate,raw_ocr,high,4,810,,dictionary/I/I-02.md,hz-018396-impressionism,sources/Hezareh_Dictionary_Index/source/Hezareh_Part_04_PDF_0751-1000.md#L6909-L6910,True
impressionist,impressionist,impressionist,[],hz-018397,entry_candidate,raw_ocr,high,4,810,,dictionary/I/I-02.md,hz-018397-impressionist,sources/Hezareh_Dictionary_Index/source/Hezareh_Part_04_PDF_0751-1000.md#L6911-L6913,True
impressionistic,impressionistic,impressionistic,[],hz-018398,entry_candidate,raw_ocr,high,4,810,,dictionary/I/I-02.md,hz-018398-impressionistic,sources/Hezareh_Dictionary_Index/source/Hezareh_Part_04_PDF_0751-1000.md#L6914-L6923,True
impressiontim'prefn,impressiontim'prefn,impressiontim'prefn,[],hz-018394,entry_candidate,raw_ocr,hint_only,4,810,,dictionary/I/I-02.md,hz-018394-impressiontim-prefn,sources/Hezareh_Dictionary_Index/source/Hezareh_Part_04_PDF_0751-1000.md#L6827-L6827,False
impressively,impressively,impressively,[],hz-018399,entry_candidate,raw_ocr,high,4,810,,dictionary/I/I-02.md,hz-018399-impressively,sources/Hezareh_Dictionary_Index/source/Hezareh_Part_04_PDF_0751-1000.md#L6924-L6926,True
impressiveneSS,impressiveness,impressiveness,[],hz-018400,entry_candidate,raw_ocr,high,4,810,,dictionary/I/I-02.md,hz-018400-impressiveness,sources/Hezareh_Dictionary_Index/source/Hezareh_Part_04_PDF_0751-1000.md#L6927-L6928,True
imprimatur,imprimatur,imprimatur,[],hz-018401,entry_candidate,raw_ocr,high,4,810,,dictionary/I/I-02.md,hz-018401-imprimatur,sources/Hezareh_Dictionary_Index/source/Hezareh_Part_04_PDF_0751-1000.md#L6929-L6937,True
imprinting,imprinting,imprinting,[],hz-018402,entry_candidate,raw_ocr,high,4,811,,dictionary/I/I-02.md,hz-018402-imprinting,sources/Hezareh_Dictionary_Index/source/Hezareh_Part_04_PDF_0751-1000.md#L6960-L6961,True
imprison,imprison,imprison,[],hz-018403,entry_candidate,raw_ocr,medium,4,811,,dictionary/I/I-02.md,hz-018403-imprison,sources/Hezareh_Dictionary_Index/source/Hezareh_Part_04_PDF_0751-1000.md#L6962-L6966,True
imprisonment,imprisonment,imprisonment,[],hz-018404,entry_candidate,raw_ocr,low,4,811,,dictionary/I/I-02.md,hz-018404-imprisonment,sources/Hezareh_Dictionary_Index/source/Hezareh_Part_04_PDF_0751-1000.md#L6967-L6967,True
improbability,improbability,improbability,[],hz-018405,entry_candidate,raw_ocr,high,4,811,,dictionary/I/I-02.md,hz-018405-improbability,sources/Hezareh_Dictionary_Index/source/Hezareh_Part_04_PDF_0751-1000.md#L6968-L6975,True
improbably,improbably,improbably,[],hz-018406,entry_candidate,raw_ocr,high,4,811,,dictionary/I/I-02.md,hz-018406-improbably,sources/Hezareh_Dictionary_Index/source/Hezareh_Part_04_PDF_0751-1000.md#L6976-L6977,True
impromptu,impromptu,impromptu,[],hz-018407,entry_candidate,raw_ocr,high,4,811,,dictionary/I/I-02.md,hz-018407-impromptu,sources/Hezareh_Dictionary_Index/source/Hezareh_Part_04_PDF_0751-1000.md#L6978-L6980,True
improper,improper,improper,[],hz-018408,entry_candidate,raw_ocr,high,4,811,,dictionary/I/I-02.md,hz-018408-improper,sources/Hezareh_Dictionary_Index/source/Hezareh_Part_04_PDF_0751-1000.md#L6981-L6984,True
improper fraction,improper fraction,improper fraction,[],hz-018409,entry_candidate,raw_ocr,high,4,811,,dictionary/I/I-02.md,hz-018409-improper-fraction,sources/Hezareh_Dictionary_Index/source/Hezareh_Part_04_PDF_0751-1000.md#L6985-L6987,True
improperly,improperly,improperly,[],hz-018410,entry_candidate,raw_ocr,high,4,811,,dictionary/I/I-02.md,hz-018410-improperly,sources/Hezareh_Dictionary_Index/source/Hezareh_Part_04_PDF_0751-1000.md#L6988-L6992,True
impropriety,impropriety,impropriety,[],hz-018411,entry_candidate,raw_ocr,high,4,811,,dictionary/I/I-02.md,hz-018411-impropriety,sources/Hezareh_Dictionary_Index/source/Hezareh_Part_04_PDF_0751-1000.md#L6993-L6999,True
improVe,improve,improve,[],hz-018412,entry_candidate,raw_ocr,high,4,811,,dictionary/I/I-02.md,hz-018412-improve,sources/Hezareh_Dictionary_Index/source/Hezareh_Part_04_PDF_0751-1000.md#L7000-L7017,True
Improve on,improve on,improve on,[],hz-018413,entry_candidate,raw_ocr,medium,4,811,,dictionary/I/I-02.md,hz-018413-improve-on,sources/Hezareh_Dictionary_Index/source/Hezareh_Part_04_PDF_0751-1000.md#L7018-L7020,True
improvement,improvement,improvement,[],hz-018414,entry_candidate,raw_ocr,medium,4,811,,dictionary/I/I-02.md,hz-018414-improvement,sources/Hezareh_Dictionary_Index/source/Hezareh_Part_04_PDF_0751-1000.md#L7021-L7022,True
improvidence,improvidence,improvidence,[],hz-018415,entry_candidate,raw_ocr,high,4,811,,dictionary/I/I-02.md,hz-018415-improvidence,sources/Hezareh_Dictionary_Index/source/Hezareh_Part_04_PDF_0751-1000.md#L7023-L7024,True
improvident,improvident,improvident,[],hz-018416,entry_candidate,raw_ocr,high,4,811,,dictionary/I/I-02.md,hz-018416-improvident,sources/Hezareh_Dictionary_Index/source/Hezareh_Part_04_PDF_0751-1000.md#L7025-L7029,True
improvidently,improvidently,improvidently,[],hz-018417,entry_candidate,raw_ocr,hint_only,4,811,,dictionary/I/I-02.md,hz-018417-improvidently,sources/Hezareh_Dictionary_Index/source/Hezareh_Part_04_PDF_0751-1000.md#L6941-L6941,False
improvisation,improvisation,improvisation,[],hz-018418,entry_candidate,raw_ocr,high,4,811,,dictionary/I/I-02.md,hz-018418-improvisation,sources/Hezareh_Dictionary_Index/source/Hezareh_Part_04_PDF_0751-1000.md#L7030-L7031,True
improvise,improvise,improvise,[],hz-018419,entry_candidate,raw_ocr,high,4,811,,dictionary/I/I-02.md,hz-018419-improvise,sources/Hezareh_Dictionary_Index/source/Hezareh_Part_04_PDF_0751-1000.md#L7032-L7037,True
imprudence,imprudence,imprudence,[],hz-018420,entry_candidate,raw_ocr,medium,4,811,,dictionary/I/I-02.md,hz-018420-imprudence,sources/Hezareh_Dictionary_Index/source/Hezareh_Part_04_PDF_0751-1000.md#L7038-L7041,True
imprudent,imprudent,imprudent,[],hz-018421,entry_candidate,raw_ocr,low,4,811,,dictionary/I/I-02.md,hz-018421-imprudent,sources/Hezareh_Dictionary_Index/source/Hezareh_Part_04_PDF_0751-1000.md#L7042-L7043,True
imprudently,imprudently,imprudently,[],hz-018422,entry_candidate,raw_ocr,medium,4,811,,dictionary/I/I-02.md,hz-018422-imprudently,sources/Hezareh_Dictionary_Index/source/Hezareh_Part_04_PDF_0751-1000.md#L7044-L7046,True
impudence,impudence,impudence,[],hz-018423,entry_candidate,raw_ocr,medium,4,811,,dictionary/I/I-02.md,hz-018423-impudence,sources/Hezareh_Dictionary_Index/source/Hezareh_Part_04_PDF_0751-1000.md#L7047-L7048,True
impudent,impudent,impudent,[],hz-018424,entry_candidate,raw_ocr,low,4,811,,dictionary/I/I-02.md,hz-018424-impudent,sources/Hezareh_Dictionary_Index/source/Hezareh_Part_04_PDF_0751-1000.md#L7049-L7051,True
impudently,impudently,impudently,[],hz-018425,entry_candidate,raw_ocr,medium,4,811,,dictionary/I/I-02.md,hz-018425-impudently,sources/Hezareh_Dictionary_Index/source/Hezareh_Part_04_PDF_0751-1000.md#L7052-L7053,True
impugn,impugn,impugn,[],hz-018426,entry_candidate,raw_ocr,medium,4,811,,dictionary/I/I-02.md,hz-018426-impugn,sources/Hezareh_Dictionary_Index/source/Hezareh_Part_04_PDF_0751-1000.md#L7054-L7061,True
impulse,impulse,impulse,[],hz-018427,entry_candidate,raw_ocr,low,4,811,,dictionary/I/I-02.md,hz-018427-impulse,sources/Hezareh_Dictionary_Index/source/Hezareh_Part_04_PDF_0751-1000.md#L7062-L7064,True
impulse buying,impulse buying,impulse buying,[],hz-018429,entry_candidate,raw_ocr,low,4,812,,dictionary/I/I-02.md,hz-018429-impulse-buying,sources/Hezareh_Dictionary_Index/source/Hezareh_Part_04_PDF_0751-1000.md#L7083-L7084,True
impulse-buy,impulse-buy,impulse-buy,[],hz-018428,entry_candidate,raw_ocr,medium,4,812,,dictionary/I/I-02.md,hz-018428-impulse-buy,sources/Hezareh_Dictionary_Index/source/Hezareh_Part_04_PDF_0751-1000.md#L7081-L7082,True
impulsion,impulsion,impulsion,[],hz-018430,entry_candidate,raw_ocr,medium,4,812,,dictionary/I/I-02.md,hz-018430-impulsion,sources/Hezareh_Dictionary_Index/source/Hezareh_Part_04_PDF_0751-1000.md#L7085-L7087,True
impulsive,impulsive,impulsive,[],hz-018431,entry_candidate,raw_ocr,medium,4,812,,dictionary/I/I-02.md,hz-018431-impulsive,sources/Hezareh_Dictionary_Index/source/Hezareh_Part_04_PDF_0751-1000.md#L7088-L7089,True
impulsively,impulsively,impulsively,[],hz-018432,entry_candidate,raw_ocr,medium,4,812,,dictionary/I/I-02.md,hz-018432-impulsively,sources/Hezareh_Dictionary_Index/source/Hezareh_Part_04_PDF_0751-1000.md#L7090-L7091,True
impulsiveneSS,impulsiveness,impulsiveness,[],hz-018433,entry_candidate,raw_ocr,medium,4,812,,dictionary/I/I-02.md,hz-018433-impulsiveness,sources/Hezareh_Dictionary_Index/source/Hezareh_Part_04_PDF_0751-1000.md#L7092-L7093,True
impUnity,impunity,impunity,[],hz-018434,entry_candidate,raw_ocr,medium,4,812,,dictionary/I/I-02.md,hz-018434-impunity,sources/Hezareh_Dictionary_Index/source/Hezareh_Part_04_PDF_0751-1000.md#L7094-L7097,True
impure,impure,impure,[],hz-018435,entry_candidate,raw_ocr,low,4,812,,dictionary/I/I-02.md,hz-018435-impure,sources/Hezareh_Dictionary_Index/source/Hezareh_Part_04_PDF_0751-1000.md#L7098-L7101,True
impurity,impurity,impurity,[],hz-018436,entry_candidate,raw_ocr,high,4,812,,dictionary/I/I-02.md,hz-018436-impurity,sources/Hezareh_Dictionary_Index/source/Hezareh_Part_04_PDF_0751-1000.md#L7102-L7105,True
imputation,imputation,imputation,[],hz-018437,entry_candidate,raw_ocr,medium,4,812,,dictionary/I/I-02.md,hz-018437-imputation,sources/Hezareh_Dictionary_Index/source/Hezareh_Part_04_PDF_0751-1000.md#L7106-L7108,True
impute,impute,impute,[],hz-018438,entry_candidate,raw_ocr,medium,4,812,,dictionary/I/I-03.md,hz-018438-impute,sources/Hezareh_Dictionary_Index/source/Hezareh_Part_04_PDF_0751-1000.md#L7109-L7168,True
in,in,in,[],hz-025968,entry_candidate,raw_ocr,medium,5,1235,,dictionary/I/I-03.md,hz-025968-in,sources/Hezareh_Dictionary_Index/source/Hezareh_Part_05_PDF_1001-1250.md#L27180-L27181,True
in,in,in,[],hz-028603,entry_candidate,raw_ocr,medium,6,1394,,dictionary/I/I-03.md,hz-028603-in,sources/Hezareh_Dictionary_Index/source/Hezareh_Part_06_PDF_1251-1500.md#L16547-L16550,True
in a class by oneself,in a class by oneself,in a class by oneself,[],hz-006205,entry_candidate,raw_ocr,hint_only,1,243,,dictionary/I/I-03.md,hz-006205-in-a-class-by-oneself,sources/Hezareh_Dictionary_Index/source/Hezareh_Part_01_PDF_0001-0250.md#L32484-L32484,False
in a class of one's,in a class of one's,in a class of one's,[],hz-006204,entry_candidate,raw_ocr,medium,1,243,,dictionary/I/I-03.md,hz-006204-in-a-class-of-one-s,sources/Hezareh_Dictionary_Index/source/Hezareh_Part_01_PDF_0001-0250.md#L32586-L32590,True
in a direct,in a direct,in a direct,[],hz-021364,entry_candidate,raw_ocr,medium,4,948,,dictionary/I/I-03.md,hz-021364-in-a-direct,sources/Hezareh_Dictionary_Index/source/Hezareh_Part_04_PDF_0751-1000.md#L22559-L22618,True
in a state of nature,in a state of nature,in a state of nature,[],hz-032868,entry_candidate,raw_ocr,hint_only,7,1644,,dictionary/I/I-03.md,hz-032868-in-a-state-of-nature,sources/Hezareh_Dictionary_Index/source/Hezareh_Part_07_PDF_1501-1750.md#L16837-L16837,False
in abundance,in abundance,in abundance,[],hz-000146,entry,visually_checked,high,1,11,,dictionary/I/I-03.md,hz-000146-in-abundance,sources/Hezareh_Dictionary_Index/source/Hezareh_Part_01_PDF_0001-0250.md#L1089-L1091,True
in as,in as,in as,[],hz-018439,entry_candidate,raw_ocr,hint_only,4,813,,dictionary/I/I-03.md,hz-018439-in-as,sources/Hezareh_Dictionary_Index/source/Hezareh_Part_04_PDF_0751-1000.md#L7182-L7182,False
in close formation,in close formation,in close formation,[],hz-006369,entry_candidate,raw_ocr,high,2,252,,dictionary/I/I-03.md,hz-006369-in-close-formation,sources/Hezareh_Dictionary_Index/source/Hezareh_Part_02_PDF_0251-0500.md#L347-L384,True
in contradistinction to,in contradistinction to,in contradistinction to,[],hz-007547,entry_candidate,raw_ocr,high,2,306,,dictionary/I/I-03.md,hz-007547-in-contradistinction-to,sources/Hezareh_Dictionary_Index/source/Hezareh_Part_02_PDF_0251-0500.md#L6916-L6916,True
in due time,in due time,in due time,[],hz-011252,entry_candidate,raw_ocr,medium,2,468,,dictionary/I/I-03.md,hz-011252-in-due-time,sources/Hezareh_Dictionary_Index/source/Hezareh_Part_02_PDF_0251-0500.md#L25711-L25721,True
in excuse for,in excuse for,in excuse for,[],hz-012621,entry_candidate,raw_ocr,medium,3,530,,dictionary/I/I-03.md,hz-012621-in-excuse-for,sources/Hezareh_Dictionary_Index/source/Hezareh_Part_03_PDF_0501-0750.md#L3478-L3499,True
in extremis,in extremis,in extremis,[],hz-018856,entry_candidate,raw_ocr,low,4,829,,dictionary/I/I-03.md,hz-018856-in-extremis,sources/Hezareh_Dictionary_Index/source/Hezareh_Part_04_PDF_0751-1000.md#L9054-L9056,True
in financial,in financial,in financial,[],hz-034665,entry_candidate,raw_ocr,medium,7,1735,,dictionary/I/I-03.md,hz-034665-in-financial,sources/Hezareh_Dictionary_Index/source/Hezareh_Part_07_PDF_1501-1750.md#L27436-L27438,True
in former days,in former days,in former days,[],hz-014334,entry_candidate,raw_ocr,high,3,624,,dictionary/I/I-03.md,hz-014334-in-former-days,sources/Hezareh_Dictionary_Index/source/Hezareh_Part_03_PDF_0501-0750.md#L14291-L14298,True
in full,in full,in full,[],hz-013261,entry_candidate,raw_ocr,medium,3,567,,dictionary/I/I-03.md,hz-013261-in-full,sources/Hezareh_Dictionary_Index/source/Hezareh_Part_03_PDF_0501-0750.md#L7681-L7702,True
in good,in good,in good,[],hz-013399,entry_candidate,raw_ocr,high,3,574,,dictionary/I/I-03.md,hz-013399-in-good,sources/Hezareh_Dictionary_Index/source/Hezareh_Part_03_PDF_0501-0750.md#L8588-L8589,True
in good,in good,in good,[],hz-034344,entry_candidate,raw_ocr,high,7,1721,,dictionary/I/I-03.md,hz-034344-in-good,sources/Hezareh_Dictionary_Index/source/Hezareh_Part_07_PDF_1501-1750.md#L25790-L25792,True
in great,in great,in great,[],hz-022600,entry_candidate,raw_ocr,medium,5,1022,,dictionary/I/I-03.md,hz-022600-in-great,sources/Hezareh_Dictionary_Index/source/Hezareh_Part_05_PDF_1001-1250.md#L2910-L2923,True
in honour of sb,in honour of sb,in honour of sb,[],hz-017516,entry_candidate,raw_ocr,medium,4,776,,dictionary/I/I-03.md,hz-017516-in-honour-of-sb,sources/Hezareh_Dictionary_Index/source/Hezareh_Part_04_PDF_0751-1000.md#L3046-L3055,True
in I to bed,in i to bed,in i to bed,[],hz-034789,entry_candidate,raw_ocr,hint_only,7,1742,,dictionary/I/I-03.md,hz-034789-in-i-to-bed,sources/Hezareh_Dictionary_Index/source/Hezareh_Part_07_PDF_1501-1750.md#L28183-L28183,False
in Ilic naturnl I normal,in ilic naturnl i normal,in ilic naturnl i normal,[],hz-012494,entry_candidate,raw_ocr,hint_only,3,523,,dictionary/I/I-03.md,hz-012494-in-ilic-naturnl-i-normal,sources/Hezareh_Dictionary_Index/source/Hezareh_Part_03_PDF_0501-0750.md#L2629-L2629,False
in justification for,in justification for,in justification for,[],hz-020119,entry_candidate,raw_ocr,low,4,881,,dictionary/I/I-03.md,hz-020119-in-justification-for,sources/Hezareh_Dictionary_Index/source/Hezareh_Part_04_PDF_0751-1000.md#L14975-L14975,True
in loco parentis,in loco parentis,in loco parentis,[],hz-019037,entry_candidate,raw_ocr,high,4,836,,dictionary/I/I-03.md,hz-019037-in-loco-parentis,sources/Hezareh_Dictionary_Index/source/Hezareh_Part_04_PDF_0751-1000.md#L9871-L9876,True
in memoriam,in memoriam,in memoriam,[],hz-019039,entry_candidate,raw_ocr,high,4,836,,dictionary/I/I-03.md,hz-019039-in-memoriam,sources/Hezareh_Dictionary_Index/source/Hezareh_Part_04_PDF_0751-1000.md#L9877-L9877,True
in our,in our,in our,[],hz-022955,entry_candidate,raw_ocr,medium,5,1040,,dictionary/I/I-03.md,hz-022955-in-our,sources/Hezareh_Dictionary_Index/source/Hezareh_Part_05_PDF_1001-1250.md#L4893-L4893,True
in place of sb,in place of sb,in place of sb,[],hz-026432,entry_candidate,raw_ocr,high,6,1258,,dictionary/I/I-03.md,hz-026432-in-place-of-sb,sources/Hezareh_Dictionary_Index/source/Hezareh_Part_06_PDF_1251-1500.md#L1054-L1064,True
in plain English,in plain english,in plain english,[],hz-026463,entry_candidate,raw_ocr,high,6,1260,,dictionary/I/I-03.md,hz-026463-in-plain-english,sources/Hezareh_Dictionary_Index/source/Hezareh_Part_06_PDF_1251-1500.md#L1264-L1277,True
in poor,in poor,in poor,[],hz-034345,entry_candidate,raw_ocr,medium,7,1721,,dictionary/I/I-03.md,hz-034345-in-poor,sources/Hezareh_Dictionary_Index/source/Hezareh_Part_07_PDF_1501-1750.md#L25793-L25829,True
in round figures,in round figures,in round figures,[],hz-029635,entry_candidate,raw_ocr,high,6,1457,,dictionary/I/I-03.md,hz-029635-in-round-figures,sources/Hezareh_Dictionary_Index/source/Hezareh_Part_06_PDF_1251-1500.md#L24079-L24082,True
in sb's,in sb's,in sb's,[],hz-017515,entry_candidate,raw_ocr,high,4,776,,dictionary/I/I-03.md,hz-017515-in-sb-s,sources/Hezareh_Dictionary_Index/source/Hezareh_Part_04_PDF_0751-1000.md#L3041-L3045,True
in sb's,in sb's,in sb's,[],hz-032907,entry_candidate,raw_ocr,high,7,1646,,dictionary/I/I-03.md,hz-032907-in-sb-s,sources/Hezareh_Dictionary_Index/source/Hezareh_Part_07_PDF_1501-1750.md#L17192-L17194,True
in situ,in situ,in situ,[],hz-019165,entry_candidate,raw_ocr,high,4,840,,dictionary/I/I-03.md,hz-019165-in-situ,sources/Hezareh_Dictionary_Index/source/Hezareh_Part_04_PDF_0751-1000.md#L10349-L10352,True
in terminal decline,in terminal decline,in terminal decline,[],hz-034669,entry_candidate,raw_ocr,medium,7,1735,,dictionary/I/I-03.md,hz-034669-in-terminal-decline,sources/Hezareh_Dictionary_Index/source/Hezareh_Part_07_PDF_1501-1750.md#L27468-L27469,True
in the,in the,in the,[],hz-020723,entry_candidate,raw_ocr,high,4,910,,dictionary/I/I-03.md,hz-020723-in-the,sources/Hezareh_Dictionary_Index/source/Hezareh_Part_04_PDF_0751-1000.md#L18269-L18275,True
in the,in the,in the,[],hz-024077,entry_candidate,raw_ocr,high,5,1114,,dictionary/I/I-03.md,hz-024077-in-the,sources/Hezareh_Dictionary_Index/source/Hezareh_Part_05_PDF_1001-1250.md#L13400-L13407,True
in the,in the,in the,[],hz-037682,entry_candidate,raw_ocr,high,8,1898,,dictionary/I/I-03.md,hz-037682-in-the,sources/Hezareh_Dictionary_Index/source/Hezareh_Part_08_PDF_1751-1976.md#L17469-L17480,True
in the abstract,in the abstract,in the abstract,[],hz-000133,entry,visually_checked,high,1,11,,dictionary/I/I-03.md,hz-000133-in-the-abstract,sources/Hezareh_Dictionary_Index/source/Hezareh_Part_01_PDF_0001-0250.md#L1028-L1030,True
in the event of sth,in the event of sth,in the event of sth,[],hz-016584,entry_candidate,raw_ocr,high,3,732,,dictionary/I/I-03.md,hz-016584-in-the-event-of-sth,sources/Hezareh_Dictionary_Index/source/Hezareh_Part_03_PDF_0501-0750.md#L26615-L26622,True
in the first,in the first,in the first,[],hz-013930,entry_candidate,raw_ocr,hint_only,3,601,,dictionary/I/I-03.md,hz-013930-in-the-first,sources/Hezareh_Dictionary_Index/source/Hezareh_Part_03_PDF_0501-0750.md#L11599-L11599,False
in the fles,in the fles,in the fles,[],hz-013904,entry_candidate,raw_ocr,hint_only,3,600,,dictionary/I/I-03.md,hz-013904-in-the-fles,sources/Hezareh_Dictionary_Index/source/Hezareh_Part_03_PDF_0501-0750.md#L11485-L11485,False
in the grasp of,in the grasp of,in the grasp of,[],hz-015890,entry_candidate,raw_ocr,low,3,702,,dictionary/I/I-03.md,hz-015890-in-the-grasp-of,sources/Hezareh_Dictionary_Index/source/Hezareh_Part_03_PDF_0501-0750.md#L23241-L23241,True
in the last,in the last,in the last,[],hz-001150,entry_candidate,raw_ocr,high,1,48,,dictionary/I/I-03.md,hz-001150-in-the-last,sources/Hezareh_Dictionary_Index/source/Hezareh_Part_01_PDF_0001-0250.md#L6158-L6163,True
in the light of,in the light of,in the light of,[],hz-021264,entry_candidate,raw_ocr,low,4,942,,dictionary/I/I-03.md,hz-021264-in-the-light-of,sources/Hezareh_Dictionary_Index/source/Hezareh_Part_04_PDF_0751-1000.md#L21881-L21901,True
in the name of sb,in the name of sb,in the name of sb,[],hz-023797,entry_candidate,raw_ocr,medium,5,1094,,dictionary/I/I-03.md,hz-023797-in-the-name-of-sb,sources/Hezareh_Dictionary_Index/source/Hezareh_Part_05_PDF_1001-1250.md#L11069-L11088,True
in the same,in the same,in the same,[],hz-036957,entry_candidate,raw_ocr,high,8,1864,,dictionary/I/I-03.md,hz-036957-in-the-same,sources/Hezareh_Dictionary_Index/source/Hezareh_Part_08_PDF_1751-1976.md#L13631-L13634,True
in the strictest confidence,in the strictest confidence,in the strictest confidence,[],hz-033278,entry_candidate,raw_ocr,high,7,1668,,dictionary/I/I-03.md,hz-033278-in-the-strictest-confidence,sources/Hezareh_Dictionary_Index/source/Hezareh_Part_07_PDF_1501-1750.md#L19700-L19702,True
in this,in this,in this,[],hz-005231,entry_candidate,raw_ocr,medium,1,205,,dictionary/I/I-03.md,hz-005231-in-this,sources/Hezareh_Dictionary_Index/source/Hezareh_Part_01_PDF_0001-0250.md#L28008-L28037,True
in this,in this,in this,[],hz-028665,entry_candidate,raw_ocr,medium,6,1397,,dictionary/I/I-03.md,hz-028665-in-this,sources/Hezareh_Dictionary_Index/source/Hezareh_Part_06_PDF_1251-1500.md#L16967-L16975,True
in time with,in time with,in time with,[],hz-035099,entry_candidate,raw_ocr,high,8,1764,,dictionary/I/I-03.md,hz-035099-in-time-with,sources/Hezareh_Dictionary_Index/source/Hezareh_Part_08_PDF_1751-1976.md#L1776-L1790,True
in toto,in toto,in toto,[],hz-019432,entry_candidate,raw_ocr,high,4,852,,dictionary/I/I-03.md,hz-019432-in-toto,sources/Hezareh_Dictionary_Index/source/Hezareh_Part_04_PDF_0751-1000.md#L11716-L11717,True
in transports,in transports,in transports,[],hz-035678,entry_candidate,raw_ocr,high,8,1790,,dictionary/I/I-03.md,hz-035678-in-transports,sources/Hezareh_Dictionary_Index/source/Hezareh_Part_08_PDF_1751-1976.md#L4900-L4901,True
in vitro,in vitro,in vitro,[],hz-019542,entry_candidate,raw_ocr,low,4,857,,dictionary/I/I-03.md,hz-019542-in-vitro,sources/Hezareh_Dictionary_Index/source/Hezareh_Part_04_PDF_0751-1000.md#L12234-L12240,True
in-between,in-between,in-between,[],hz-018484,entry_candidate,raw_ocr,medium,4,815,,dictionary/I/I-03.md,hz-018484-in-between,sources/Hezareh_Dictionary_Index/source/Hezareh_Part_04_PDF_0751-1000.md#L7453-L7458,True
in-fighting I'm fartnj,in-fighting i'm fartnj,in-fighting i'm fartnj,[],hz-018898,entry_candidate,raw_ocr,hint_only,4,830,,dictionary/I/I-03.md,hz-018898-in-fighting-i-m-fartnj,sources/Hezareh_Dictionary_Index/source/Hezareh_Part_04_PDF_0751-1000.md#L9126-L9126,False
in-flight,in-flight,in-flight,[],hz-018933,entry_candidate,raw_ocr,medium,4,832,,dictionary/I/I-03.md,hz-018933-in-flight,sources/Hezareh_Dictionary_Index/source/Hezareh_Part_04_PDF_0751-1000.md#L9393-L9398,True
in-joke,in-joke,in-joke,[],hz-019023,entry_candidate,raw_ocr,medium,4,835,,dictionary/I/I-03.md,hz-019023-in-joke,sources/Hezareh_Dictionary_Index/source/Hezareh_Part_04_PDF_0751-1000.md#L9763-L9763,True
in-laws,in-laws,in-laws,[],hz-019050,entry_candidate,raw_ocr,low,4,836,,dictionary/I/I-03.md,hz-019050-in-laws,sources/Hezareh_Dictionary_Index/source/Hezareh_Part_04_PDF_0751-1000.md#L9850-L9868,True
in-patient I'm pexfnt,in-patient i'm pexfnt,in-patient i'm pexfnt,[],hz-019082,entry_candidate,raw_ocr,hint_only,4,837,,dictionary/I/I-03.md,hz-019082-in-patient-i-m-pexfnt,sources/Hezareh_Dictionary_Index/source/Hezareh_Part_04_PDF_0751-1000.md#L9921-L9921,False
inability,inability,inability,[],hz-018440,entry_candidate,raw_ocr,medium,4,813,,dictionary/I/I-03.md,hz-018440-inability,sources/Hezareh_Dictionary_Index/source/Hezareh_Part_04_PDF_0751-1000.md#L7257-L7257,True
inaccessibility,inaccessibility,inaccessibility,[],hz-018441,entry_candidate,raw_ocr,high,4,813,,dictionary/I/I-03.md,hz-018441-inaccessibility,sources/Hezareh_Dictionary_Index/source/Hezareh_Part_04_PDF_0751-1000.md#L7258-L7263,True
inaccuracy,inaccuracy,inaccuracy,[],hz-018442,entry_candidate,raw_ocr,medium,4,813,,dictionary/I/I-03.md,hz-018442-inaccuracy,sources/Hezareh_Dictionary_Index/source/Hezareh_Part_04_PDF_0751-1000.md#L7264-L7265,True
inaccurate,inaccurate,inaccurate,[],hz-018443,entry_candidate,raw_ocr,medium,4,813,,dictionary/I/I-03.md,hz-018443-inaccurate,sources/Hezareh_Dictionary_Index/source/Hezareh_Part_04_PDF_0751-1000.md#L7266-L7269,True
inaccurately,inaccurately,inaccurately,[],hz-018444,entry_candidate,raw_ocr,medium,4,813,,dictionary/I/I-03.md,hz-018444-inaccurately,sources/Hezareh_Dictionary_Index/source/Hezareh_Part_04_PDF_0751-1000.md#L7270-L7273,True
inactivate,inactivate,inactivate,[],hz-018445,entry_candidate,raw_ocr,medium,4,813,,dictionary/I/I-03.md,hz-018445-inactivate,sources/Hezareh_Dictionary_Index/source/Hezareh_Part_04_PDF_0751-1000.md#L7274-L7275,True
inactive,inactive,inactive,[],hz-018446,entry_candidate,raw_ocr,low,4,813,,dictionary/I/I-03.md,hz-018446-inactive,sources/Hezareh_Dictionary_Index/source/Hezareh_Part_04_PDF_0751-1000.md#L7276-L7277,True
inactivity,inactivity,inactivity,[],hz-018447,entry_candidate,raw_ocr,low,4,813,,dictionary/I/I-03.md,hz-018447-inactivity,sources/Hezareh_Dictionary_Index/source/Hezareh_Part_04_PDF_0751-1000.md#L7278-L7279,True
inadequacy,inadequacy,inadequacy,[],hz-018448,entry_candidate,raw_ocr,high,4,813,,dictionary/I/I-03.md,hz-018448-inadequacy,sources/Hezareh_Dictionary_Index/source/Hezareh_Part_04_PDF_0751-1000.md#L7280-L7286,True
inadequately,inadequately,inadequately,[],hz-018449,entry_candidate,raw_ocr,medium,4,813,,dictionary/I/I-03.md,hz-018449-inadequately,sources/Hezareh_Dictionary_Index/source/Hezareh_Part_04_PDF_0751-1000.md#L7287-L7288,True
inadmissibility,inadmissibility,inadmissibility,[],hz-018450,entry_candidate,raw_ocr,medium,4,813,,dictionary/I/I-03.md,hz-018450-inadmissibility,sources/Hezareh_Dictionary_Index/source/Hezareh_Part_04_PDF_0751-1000.md#L7289-L7291,True
inadmissible,inadmissible,inadmissible,[],hz-018451,entry_candidate,raw_ocr,medium,4,814,,dictionary/I/I-03.md,hz-018451-inadmissible,sources/Hezareh_Dictionary_Index/source/Hezareh_Part_04_PDF_0751-1000.md#L7305-L7306,True
inadmissibly,inadmissibly,inadmissibly,[],hz-018452,entry_candidate,raw_ocr,medium,4,814,,dictionary/I/I-03.md,hz-018452-inadmissibly,sources/Hezareh_Dictionary_Index/source/Hezareh_Part_04_PDF_0751-1000.md#L7307-L7314,True
inadvertent,inadvertent,inadvertent,[],hz-018453,entry_candidate,raw_ocr,hint_only,4,814,,dictionary/I/I-03.md,hz-018453-inadvertent,sources/Hezareh_Dictionary_Index/source/Hezareh_Part_04_PDF_0751-1000.md#L7295-L7295,False
inadvertently,inadvertently,inadvertently,[],hz-018454,entry_candidate,raw_ocr,medium,4,814,,dictionary/I/I-03.md,hz-018454-inadvertently,sources/Hezareh_Dictionary_Index/source/Hezareh_Part_04_PDF_0751-1000.md#L7315-L7316,True
inadvisable,inadvisable,inadvisable,[],hz-018455,entry_candidate,raw_ocr,medium,4,814,,dictionary/I/I-03.md,hz-018455-inadvisable,sources/Hezareh_Dictionary_Index/source/Hezareh_Part_04_PDF_0751-1000.md#L7317-L7320,True
inalienable,inalienable,inalienable,[],hz-018456,entry_candidate,raw_ocr,medium,4,814,,dictionary/I/I-03.md,hz-018456-inalienable,sources/Hezareh_Dictionary_Index/source/Hezareh_Part_04_PDF_0751-1000.md#L7321-L7322,True
inane,inane,inane,[],hz-018457,entry_candidate,raw_ocr,low,4,814,,dictionary/I/I-03.md,hz-018457-inane,sources/Hezareh_Dictionary_Index/source/Hezareh_Part_04_PDF_0751-1000.md#L7323-L7324,True
inanely,inanely,inanely,[],hz-018458,entry_candidate,raw_ocr,low,4,814,,dictionary/I/I-03.md,hz-018458-inanely,sources/Hezareh_Dictionary_Index/source/Hezareh_Part_04_PDF_0751-1000.md#L7325-L7326,True
inanimate,inanimate,inanimate,[],hz-018459,entry_candidate,raw_ocr,medium,4,814,,dictionary/I/I-03.md,hz-018459-inanimate,sources/Hezareh_Dictionary_Index/source/Hezareh_Part_04_PDF_0751-1000.md#L7327-L7328,True
inanition,inanition,inanition,[],hz-018460,entry_candidate,raw_ocr,low,4,814,,dictionary/I/I-03.md,hz-018460-inanition,sources/Hezareh_Dictionary_Index/source/Hezareh_Part_04_PDF_0751-1000.md#L7329-L7330,True
inanity,inanity,inanity,[],hz-018461,entry_candidate,raw_ocr,high,4,814,,dictionary/I/I-03.md,hz-018461-inanity,sources/Hezareh_Dictionary_Index/source/Hezareh_Part_04_PDF_0751-1000.md#L7331-L7333,True
inapplicability,inapplicability,inapplicability,[],hz-018462,entry_candidate,raw_ocr,high,4,814,,dictionary/I/I-03.md,hz-018462-inapplicability,sources/Hezareh_Dictionary_Index/source/Hezareh_Part_04_PDF_0751-1000.md#L7334-L7337,True
inapplicable,inapplicable,inapplicable,[],hz-018463,entry_candidate,raw_ocr,high,4,814,,dictionary/I/I-03.md,hz-018463-inapplicable,sources/Hezareh_Dictionary_Index/source/Hezareh_Part_04_PDF_0751-1000.md#L7338-L7340,True
inapplicably,inapplicably,inapplicably,[],hz-018464,entry_candidate,raw_ocr,medium,4,814,,dictionary/I/I-03.md,hz-018464-inapplicably,sources/Hezareh_Dictionary_Index/source/Hezareh_Part_04_PDF_0751-1000.md#L7341-L7342,True
inappreciable,inappreciable,inappreciable,[],hz-018465,entry_candidate,raw_ocr,medium,4,814,,dictionary/I/I-03.md,hz-018465-inappreciable,sources/Hezareh_Dictionary_Index/source/Hezareh_Part_04_PDF_0751-1000.md#L7343-L7345,True
inappropriate,inappropriate,inappropriate,[],hz-018466,entry_candidate,raw_ocr,low,4,814,,dictionary/I/I-03.md,hz-018466-inappropriate,sources/Hezareh_Dictionary_Index/source/Hezareh_Part_04_PDF_0751-1000.md#L7346-L7348,True
inappropriately,inappropriately,inappropriately,[],hz-018467,entry_candidate,raw_ocr,high,4,814,,dictionary/I/I-03.md,hz-018467-inappropriately,sources/Hezareh_Dictionary_Index/source/Hezareh_Part_04_PDF_0751-1000.md#L7349-L7360,True
inappropriateness,inappropriateness,inappropriateness,[],hz-018469,entry_candidate,raw_ocr,hint_only,4,814,,dictionary/I/I-03.md,hz-018469-inappropriateness,sources/Hezareh_Dictionary_Index/source/Hezareh_Part_04_PDF_0751-1000.md#L7295-L7295,False
inapt,inapt,inapt,[],hz-018470,entry_candidate,raw_ocr,high,4,814,,dictionary/I/I-03.md,hz-018470-inapt,sources/Hezareh_Dictionary_Index/source/Hezareh_Part_04_PDF_0751-1000.md#L7361-L7379,True
inaptly,inaptly,inaptly,[],hz-018472,entry_candidate,raw_ocr,hint_only,4,814,,dictionary/I/I-03.md,hz-018472-inaptly,sources/Hezareh_Dictionary_Index/source/Hezareh_Part_04_PDF_0751-1000.md#L7295-L7295,False
inaptnesstm'reptms,inaptnesstm'reptms,inaptnesstm'reptms,[],hz-018473,entry_candidate,raw_ocr,hint_only,4,814,,dictionary/I/I-03.md,hz-018473-inaptnesstm-reptms,sources/Hezareh_Dictionary_Index/source/Hezareh_Part_04_PDF_0751-1000.md#L7295-L7295,False
inarticulately,inarticulately,inarticulately,[],hz-018474,entry_candidate,raw_ocr,high,4,814,,dictionary/I/I-03.md,hz-018474-inarticulately,sources/Hezareh_Dictionary_Index/source/Hezareh_Part_04_PDF_0751-1000.md#L7380-L7383,True
inarticulateness,inarticulateness,inarticulateness,[],hz-018475,entry_candidate,raw_ocr,high,4,814,,dictionary/I/I-03.md,hz-018475-inarticulateness,sources/Hezareh_Dictionary_Index/source/Hezareh_Part_04_PDF_0751-1000.md#L7384-L7386,True
inartistic,inartistic,inartistic,[],hz-018476,entry_candidate,raw_ocr,high,4,814,,dictionary/I/I-03.md,hz-018476-inartistic,sources/Hezareh_Dictionary_Index/source/Hezareh_Part_04_PDF_0751-1000.md#L7387-L7389,True
inasmuch as,inasmuch as,inasmuch as,[],hz-018477,entry_candidate,raw_ocr,high,4,814,,dictionary/I/I-03.md,hz-018477-inasmuch-as,sources/Hezareh_Dictionary_Index/source/Hezareh_Part_04_PDF_0751-1000.md#L7390-L7391,True
inattention,inattention,inattention,[],hz-018478,entry_candidate,raw_ocr,high,4,814,,dictionary/I/I-03.md,hz-018478-inattention,sources/Hezareh_Dictionary_Index/source/Hezareh_Part_04_PDF_0751-1000.md#L7392-L7393,True
inattentive,inattentive,inattentive,[],hz-018468,entry_candidate,raw_ocr,high,4,814,,dictionary/I/I-03.md,hz-018468-inattentive,sources/Hezareh_Dictionary_Index/source/Hezareh_Part_04_PDF_0751-1000.md#L7394-L7405,True
inaugural,inaugural,inaugural,[],hz-018479,entry_candidate,raw_ocr,medium,4,815,,dictionary/I/I-03.md,hz-018479-inaugural,sources/Hezareh_Dictionary_Index/source/Hezareh_Part_04_PDF_0751-1000.md#L7424-L7428,True
inaugurate,inaugurate,inaugurate,[],hz-018480,entry_candidate,raw_ocr,medium,4,815,,dictionary/I/I-03.md,hz-018480-inaugurate,sources/Hezareh_Dictionary_Index/source/Hezareh_Part_04_PDF_0751-1000.md#L7429-L7442,True
inauguratlcn,inauguratlcn,inauguratlcn,[],hz-018481,entry_candidate,raw_ocr,hint_only,4,815,,dictionary/I/I-03.md,hz-018481-inauguratlcn,sources/Hezareh_Dictionary_Index/source/Hezareh_Part_04_PDF_0751-1000.md#L7409-L7409,False
inauspiciously,inauspiciously,inauspiciously,[],hz-018482,entry_candidate,raw_ocr,medium,4,815,,dictionary/I/I-03.md,hz-018482-inauspiciously,sources/Hezareh_Dictionary_Index/source/Hezareh_Part_04_PDF_0751-1000.md#L7443-L7444,True
inauspiciousness,inauspiciousness,inauspiciousness,[],hz-018483,entry_candidate,raw_ocr,medium,4,815,,dictionary/I/I-03.md,hz-018483-inauspiciousness,sources/Hezareh_Dictionary_Index/source/Hezareh_Part_04_PDF_0751-1000.md#L7445-L7452,True
inboard,inboard,inboard,[],hz-018485,entry_candidate,raw_ocr,medium,4,815,,dictionary/I/I-03.md,hz-018485-inboard,sources/Hezareh_Dictionary_Index/source/Hezareh_Part_04_PDF_0751-1000.md#L7459-L7461,True
inborn,inborn,inborn,[],hz-018486,entry_candidate,raw_ocr,medium,4,815,,dictionary/I/I-03.md,hz-018486-inborn,sources/Hezareh_Dictionary_Index/source/Hezareh_Part_04_PDF_0751-1000.md#L7462-L7468,True
inboundi'inbaund,inboundi'inbaund,inboundi'inbaund,[],hz-018487,entry_candidate,raw_ocr,hint_only,4,815,,dictionary/I/I-03.md,hz-018487-inboundi-inbaund,sources/Hezareh_Dictionary_Index/source/Hezareh_Part_04_PDF_0751-1000.md#L7409-L7409,False
inbred,inbred,inbred,[],hz-018488,entry_candidate,raw_ocr,medium,4,815,,dictionary/I/I-03.md,hz-018488-inbred,sources/Hezareh_Dictionary_Index/source/Hezareh_Part_04_PDF_0751-1000.md#L7469-L7471,True
inbreeding,inbreeding,inbreeding,[],hz-018489,entry_candidate,raw_ocr,low,4,815,,dictionary/I/I-03.md,hz-018489-inbreeding,sources/Hezareh_Dictionary_Index/source/Hezareh_Part_04_PDF_0751-1000.md#L7472-L7477,True
inc,inc,inc,[],hz-018490,entry_candidate,raw_ocr,high,4,815,,dictionary/I/I-03.md,hz-018490-inc,sources/Hezareh_Dictionary_Index/source/Hezareh_Part_04_PDF_0751-1000.md#L7478-L7481,True
Inc,inc,inc,[],hz-018491,entry_candidate,raw_ocr,high,4,815,,dictionary/I/I-03.md,hz-018491-inc,sources/Hezareh_Dictionary_Index/source/Hezareh_Part_04_PDF_0751-1000.md#L7478-L7481,True
incalculable,incalculable,incalculable,[],hz-018492,entry_candidate,raw_ocr,medium,4,815,,dictionary/I/I-03.md,hz-018492-incalculable,sources/Hezareh_Dictionary_Index/source/Hezareh_Part_04_PDF_0751-1000.md#L7482-L7486,True
incalculably,incalculably,incalculably,[],hz-018493,entry_candidate,raw_ocr,medium,4,815,,dictionary/I/I-03.md,hz-018493-incalculably,sources/Hezareh_Dictionary_Index/source/Hezareh_Part_04_PDF_0751-1000.md#L7487-L7489,True
incandescence,incandescence,incandescence,[],hz-018494,entry_candidate,raw_ocr,medium,4,815,,dictionary/I/I-03.md,hz-018494-incandescence,sources/Hezareh_Dictionary_Index/source/Hezareh_Part_04_PDF_0751-1000.md#L7490-L7493,True
incandescent,incandescent,incandescent,[],hz-018495,entry_candidate,raw_ocr,high,4,815,,dictionary/I/I-03.md,hz-018495-incandescent,sources/Hezareh_Dictionary_Index/source/Hezareh_Part_04_PDF_0751-1000.md#L7494-L7498,True
incandescent lamp,incandescent lamp,incandescent lamp,[],hz-018496,entry_candidate,raw_ocr,high,4,815,,dictionary/I/I-03.md,hz-018496-incandescent-lamp,sources/Hezareh_Dictionary_Index/source/Hezareh_Part_04_PDF_0751-1000.md#L7494-L7498,True
incapability,incapability,incapability,[],hz-018497,entry_candidate,raw_ocr,medium,4,815,,dictionary/I/I-03.md,hz-018497-incapability,sources/Hezareh_Dictionary_Index/source/Hezareh_Part_04_PDF_0751-1000.md#L7499-L7500,True
incapable,incapable,incapable,[],hz-018498,entry_candidate,raw_ocr,medium,4,815,,dictionary/I/I-03.md,hz-018498-incapable,sources/Hezareh_Dictionary_Index/source/Hezareh_Part_04_PDF_0751-1000.md#L7501-L7506,True
incapably,incapably,incapably,[],hz-018499,entry_candidate,raw_ocr,low,4,815,,dictionary/I/I-03.md,hz-018499-incapably,sources/Hezareh_Dictionary_Index/source/Hezareh_Part_04_PDF_0751-1000.md#L7507-L7507,True
incapacitate,incapacitate,incapacitate,[],hz-018500,entry_candidate,raw_ocr,low,4,815,,dictionary/I/I-03.md,hz-018500-incapacitate,sources/Hezareh_Dictionary_Index/source/Hezareh_Part_04_PDF_0751-1000.md#L7508-L7510,True
incapacity,incapacity,incapacity,[],hz-018501,entry_candidate,raw_ocr,low,4,815,,dictionary/I/I-03.md,hz-018501-incapacity,sources/Hezareh_Dictionary_Index/source/Hezareh_Part_04_PDF_0751-1000.md#L7511-L7513,True
incarcerate,incarcerate,incarcerate,[],hz-018502,entry_candidate,raw_ocr,medium,4,815,,dictionary/I/I-03.md,hz-018502-incarcerate,sources/Hezareh_Dictionary_Index/source/Hezareh_Part_04_PDF_0751-1000.md#L7514-L7516,True
incarceration,incarceration,incarceration,[],hz-018503,entry_candidate,raw_ocr,medium,4,816,,dictionary/I/I-03.md,hz-018503-incarceration,sources/Hezareh_Dictionary_Index/source/Hezareh_Part_04_PDF_0751-1000.md#L7530-L7544,True
incautioUS,incautious,incautious,[],hz-018504,entry_candidate,raw_ocr,medium,4,816,,dictionary/I/I-03.md,hz-018504-incautious,sources/Hezareh_Dictionary_Index/source/Hezareh_Part_04_PDF_0751-1000.md#L7545-L7546,True
incautiously,incautiously,incautiously,[],hz-018505,entry_candidate,raw_ocr,low,4,816,,dictionary/I/I-03.md,hz-018505-incautiously,sources/Hezareh_Dictionary_Index/source/Hezareh_Part_04_PDF_0751-1000.md#L7547-L7548,True
incendiarism,incendiarism,incendiarism,[],hz-018506,entry_candidate,raw_ocr,medium,4,816,,dictionary/I/I-03.md,hz-018506-incendiarism,sources/Hezareh_Dictionary_Index/source/Hezareh_Part_04_PDF_0751-1000.md#L7549-L7550,True
incendiary,incendiary,incendiary,[],hz-018507,entry_candidate,raw_ocr,high,4,816,,dictionary/I/I-03.md,hz-018507-incendiary,sources/Hezareh_Dictionary_Index/source/Hezareh_Part_04_PDF_0751-1000.md#L7551-L7561,True
incentive,incentive,incentive,[],hz-018509,entry_candidate,raw_ocr,medium,4,816,,dictionary/I/I-03.md,hz-018509-incentive,sources/Hezareh_Dictionary_Index/source/Hezareh_Part_04_PDF_0751-1000.md#L7562-L7565,True
inception,inception,inception,[],hz-018510,entry_candidate,raw_ocr,hint_only,4,816,,dictionary/I/I-03.md,hz-018510-inception,sources/Hezareh_Dictionary_Index/source/Hezareh_Part_04_PDF_0751-1000.md#L7520-L7520,False
incertitude,incertitude,incertitude,[],hz-018511,entry_candidate,raw_ocr,high,4,816,,dictionary/I/I-03.md,hz-018511-incertitude,sources/Hezareh_Dictionary_Index/source/Hezareh_Part_04_PDF_0751-1000.md#L7566-L7572,True
incessantim'sesnt,incessantim'sesnt,incessantim'sesnt,[],hz-018512,entry_candidate,raw_ocr,hint_only,4,816,,dictionary/I/I-03.md,hz-018512-incessantim-sesnt,sources/Hezareh_Dictionary_Index/source/Hezareh_Part_04_PDF_0751-1000.md#L7520-L7520,False
incessantly,incessantly,incessantly,[],hz-018513,entry_candidate,raw_ocr,hint_only,4,816,,dictionary/I/I-03.md,hz-018513-incessantly,sources/Hezareh_Dictionary_Index/source/Hezareh_Part_04_PDF_0751-1000.md#L7520-L7520,False
incest,incest,incest,[],hz-018514,entry_candidate,raw_ocr,medium,4,816,,dictionary/I/I-03.md,hz-018514-incest,sources/Hezareh_Dictionary_Index/source/Hezareh_Part_04_PDF_0751-1000.md#L7573-L7573,True
incestuous,incestuous,incestuous,[],hz-018515,entry_candidate,raw_ocr,high,4,816,,dictionary/I/I-03.md,hz-018515-incestuous,sources/Hezareh_Dictionary_Index/source/Hezareh_Part_04_PDF_0751-1000.md#L7574-L7586,True
incestuously,incestuously,incestuously,[],hz-018516,entry_candidate,raw_ocr,hint_only,4,816,,dictionary/I/I-03.md,hz-018516-incestuously,sources/Hezareh_Dictionary_Index/source/Hezareh_Part_04_PDF_0751-1000.md#L7520-L7520,False
inch,inch,inch,[],hz-018517,entry_candidate,raw_ocr,high,4,816,,dictionary/I/I-03.md,hz-018517-inch,sources/Hezareh_Dictionary_Index/source/Hezareh_Part_04_PDF_0751-1000.md#L7587-L7606,True
inchoative,inchoative,inchoative,[],hz-018520,entry_candidate,raw_ocr,high,4,816,,dictionary/I/I-03.md,hz-018520-inchoative,sources/Hezareh_Dictionary_Index/source/Hezareh_Part_04_PDF_0751-1000.md#L7613-L7614,True
incidence,incidence,incidence,[],hz-018521,entry_candidate,raw_ocr,high,4,816,,dictionary/I/I-03.md,hz-018521-incidence,sources/Hezareh_Dictionary_Index/source/Hezareh_Part_04_PDF_0751-1000.md#L7615-L7620,True
incident,incident,incident,[],hz-018523,entry_candidate,raw_ocr,high,4,816,,dictionary/I/I-03.md,hz-018523-incident,sources/Hezareh_Dictionary_Index/source/Hezareh_Part_04_PDF_0751-1000.md#L7621-L7630,True
incident to,incident to,incident to,[],hz-018522,entry_candidate,raw_ocr,high,4,816,,dictionary/I/I-03.md,hz-018522-incident-to,sources/Hezareh_Dictionary_Index/source/Hezareh_Part_04_PDF_0751-1000.md#L7621-L7630,True
incidentally,incidentally,incidentally,[],hz-018524,entry_candidate,raw_ocr,high,4,817,,dictionary/I/I-03.md,hz-018524-incidentally,sources/Hezareh_Dictionary_Index/source/Hezareh_Part_04_PDF_0751-1000.md#L7643-L7656,True
incineration,incineration,incineration,[],hz-018525,entry_candidate,raw_ocr,medium,4,817,,dictionary/I/I-03.md,hz-018525-incineration,sources/Hezareh_Dictionary_Index/source/Hezareh_Part_04_PDF_0751-1000.md#L7657-L7657,True
incinerator,incinerator,incinerator,[],hz-018526,entry_candidate,raw_ocr,medium,4,817,,dictionary/I/I-03.md,hz-018526-incinerator,sources/Hezareh_Dictionary_Index/source/Hezareh_Part_04_PDF_0751-1000.md#L7658-L7659,True
incipient,incipient,incipient,[],hz-018527,entry_candidate,raw_ocr,medium,4,817,,dictionary/I/I-03.md,hz-018527-incipient,sources/Hezareh_Dictionary_Index/source/Hezareh_Part_04_PDF_0751-1000.md#L7660-L7662,True
incise,incise,incise,[],hz-018528,entry_candidate,raw_ocr,medium,4,817,,dictionary/I/I-03.md,hz-018528-incise,sources/Hezareh_Dictionary_Index/source/Hezareh_Part_04_PDF_0751-1000.md#L7663-L7664,True
incision,incision,incision,[],hz-018529,entry_candidate,raw_ocr,medium,4,817,,dictionary/I/I-03.md,hz-018529-incision,sources/Hezareh_Dictionary_Index/source/Hezareh_Part_04_PDF_0751-1000.md#L7665-L7672,True
incisivelyim'saISivlr,incisivelyim'saisivlr,incisivelyim'saisivlr,[],hz-018530,entry_candidate,raw_ocr,hint_only,4,817,,dictionary/I/I-03.md,hz-018530-incisivelyim-saisivlr,sources/Hezareh_Dictionary_Index/source/Hezareh_Part_04_PDF_0751-1000.md#L7634-L7634,False
inCISIVeneSS,incisiveness,incisiveness,[],hz-018531,entry_candidate,raw_ocr,low,4,817,,dictionary/I/I-03.md,hz-018531-incisiveness,sources/Hezareh_Dictionary_Index/source/Hezareh_Part_04_PDF_0751-1000.md#L7673-L7675,True
incite,incite,incite,[],hz-018532,entry_candidate,raw_ocr,medium,4,817,,dictionary/I/I-03.md,hz-018532-incite,sources/Hezareh_Dictionary_Index/source/Hezareh_Part_04_PDF_0751-1000.md#L7676-L7678,True
incitement,incitement,incitement,[],hz-018533,entry_candidate,raw_ocr,medium,4,817,,dictionary/I/I-03.md,hz-018533-incitement,sources/Hezareh_Dictionary_Index/source/Hezareh_Part_04_PDF_0751-1000.md#L7679-L7681,True
incivility,incivility,incivility,[],hz-018534,entry_candidate,raw_ocr,medium,4,817,,dictionary/I/I-03.md,hz-018534-incivility,sources/Hezareh_Dictionary_Index/source/Hezareh_Part_04_PDF_0751-1000.md#L7682-L7684,True
incl,incl,incl,[],hz-018535,entry_candidate,raw_ocr,high,4,817,,dictionary/I/I-03.md,hz-018535-incl,sources/Hezareh_Dictionary_Index/source/Hezareh_Part_04_PDF_0751-1000.md#L7685-L7685,True
inclemency,inclemency,inclemency,[],hz-018536,entry_candidate,raw_ocr,medium,4,817,,dictionary/I/I-03.md,hz-018536-inclemency,sources/Hezareh_Dictionary_Index/source/Hezareh_Part_04_PDF_0751-1000.md#L7686-L7687,True
inclement,inclement,inclement,[],hz-018537,entry_candidate,raw_ocr,medium,4,817,,dictionary/I/I-03.md,hz-018537-inclement,sources/Hezareh_Dictionary_Index/source/Hezareh_Part_04_PDF_0751-1000.md#L7688-L7689,True
inclination,inclination,inclination,[],hz-018538,entry_candidate,raw_ocr,low,4,817,,dictionary/I/I-03.md,hz-018538-inclination,sources/Hezareh_Dictionary_Index/source/Hezareh_Part_04_PDF_0751-1000.md#L7690-L7703,True
incline to,incline to,incline to,[],hz-018539,entry_candidate,raw_ocr,high,4,817,,dictionary/I/I-03.md,hz-018539-incline-to,sources/Hezareh_Dictionary_Index/source/Hezareh_Part_04_PDF_0751-1000.md#L7704-L7717,True
inclinedim'klamd,inclinedim'klamd,inclinedim'klamd,[],hz-018540,entry_candidate,raw_ocr,hint_only,4,817,,dictionary/I/I-03.md,hz-018540-inclinedim-klamd,sources/Hezareh_Dictionary_Index/source/Hezareh_Part_04_PDF_0751-1000.md#L7634-L7634,False
inclose,inclose,inclose,[],hz-018541,entry_candidate,raw_ocr,high,4,817,,dictionary/I/I-03.md,hz-018541-inclose,sources/Hezareh_Dictionary_Index/source/Hezareh_Part_04_PDF_0751-1000.md#L7718-L7718,True
inclosure,inclosure,inclosure,[],hz-018542,entry_candidate,raw_ocr,high,4,817,,dictionary/I/I-03.md,hz-018542-inclosure,sources/Hezareh_Dictionary_Index/source/Hezareh_Part_04_PDF_0751-1000.md#L7719-L7719,True
include,include,include,[],hz-018543,entry_candidate,raw_ocr,high,4,817,,dictionary/I/I-03.md,hz-018543-include,sources/Hezareh_Dictionary_Index/source/Hezareh_Part_04_PDF_0751-1000.md#L7720-L7724,True
included,included,included,[],hz-018544,entry_candidate,raw_ocr,low,4,817,,dictionary/I/I-03.md,hz-018544-included,sources/Hezareh_Dictionary_Index/source/Hezareh_Part_04_PDF_0751-1000.md#L7725-L7729,True
inclusion,inclusion,inclusion,[],hz-018545,entry_candidate,raw_ocr,high,4,817,,dictionary/I/I-03.md,hz-018545-inclusion,sources/Hezareh_Dictionary_Index/source/Hezareh_Part_04_PDF_0751-1000.md#L7730-L7742,True
inclusively,inclusively,inclusively,[],hz-018546,entry_candidate,raw_ocr,high,4,818,,dictionary/I/I-03.md,hz-018546-inclusively,sources/Hezareh_Dictionary_Index/source/Hezareh_Part_04_PDF_0751-1000.md#L7759-L7761,True
incognito,incognito,incognito,[],hz-018547,entry_candidate,raw_ocr,high,4,818,,dictionary/I/I-03.md,hz-018547-incognito,sources/Hezareh_Dictionary_Index/source/Hezareh_Part_04_PDF_0751-1000.md#L7762-L7766,True
incoherence,incoherence,incoherence,[],hz-018548,entry_candidate,raw_ocr,high,4,818,,dictionary/I/I-03.md,hz-018548-incoherence,sources/Hezareh_Dictionary_Index/source/Hezareh_Part_04_PDF_0751-1000.md#L7767-L7768,True
incoherent,incoherent,incoherent,[],hz-018549,entry_candidate,raw_ocr,high,4,818,,dictionary/I/I-03.md,hz-018549-incoherent,sources/Hezareh_Dictionary_Index/source/Hezareh_Part_04_PDF_0751-1000.md#L7769-L7774,True
incombustible,incombustible,incombustible,[],hz-018550,entry_candidate,raw_ocr,high,4,818,,dictionary/I/I-03.md,hz-018550-incombustible,sources/Hezareh_Dictionary_Index/source/Hezareh_Part_04_PDF_0751-1000.md#L7775-L7776,True
income,income,income,[],hz-018551,entry_candidate,raw_ocr,high,4,818,,dictionary/I/I-03.md,hz-018551-income,sources/Hezareh_Dictionary_Index/source/Hezareh_Part_04_PDF_0751-1000.md#L7777-L7777,True
income support,income support,income support,[],hz-018552,entry_candidate,raw_ocr,high,4,818,,dictionary/I/I-03.md,hz-018552-income-support,sources/Hezareh_Dictionary_Index/source/Hezareh_Part_04_PDF_0751-1000.md#L7778-L7779,True
income-taX,income-tax,income-tax,[],hz-018553,entry_candidate,raw_ocr,high,4,818,,dictionary/I/I-03.md,hz-018553-income-tax,sources/Hezareh_Dictionary_Index/source/Hezareh_Part_04_PDF_0751-1000.md#L7780-L7780,True
incoming,incoming,incoming,[],hz-018554,entry_candidate,raw_ocr,high,4,818,,dictionary/I/I-03.md,hz-018554-incoming,sources/Hezareh_Dictionary_Index/source/Hezareh_Part_04_PDF_0751-1000.md#L7781-L7783,True
incommensurability,incommensurability,incommensurability,[],hz-018555,entry_candidate,raw_ocr,high,4,818,,dictionary/I/I-03.md,hz-018555-incommensurability,sources/Hezareh_Dictionary_Index/source/Hezareh_Part_04_PDF_0751-1000.md#L7784-L7786,True
incommensurable,incommensurable,incommensurable,[],hz-018556,entry_candidate,raw_ocr,high,4,818,,dictionary/I/I-03.md,hz-018556-incommensurable,sources/Hezareh_Dictionary_Index/source/Hezareh_Part_04_PDF_0751-1000.md#L7787-L7788,True
incommensurate,incommensurate,incommensurate,[],hz-018557,entry_candidate,raw_ocr,high,4,818,,dictionary/I/I-03.md,hz-018557-incommensurate,sources/Hezareh_Dictionary_Index/source/Hezareh_Part_04_PDF_0751-1000.md#L7789-L7794,True
incommode,incommode,incommode,[],hz-018558,entry_candidate,raw_ocr,high,4,818,,dictionary/I/I-03.md,hz-018558-incommode,sources/Hezareh_Dictionary_Index/source/Hezareh_Part_04_PDF_0751-1000.md#L7795-L7797,True
incommunicado,incommunicado,incommunicado,[],hz-018574,entry_candidate,raw_ocr,high,4,818,,dictionary/I/I-03.md,hz-018574-incommunicado,sources/Hezareh_Dictionary_Index/source/Hezareh_Part_04_PDF_0751-1000.md#L7798-L7806,True
incomparability,incomparability,incomparability,[],hz-018559,entry_candidate,raw_ocr,high,4,818,,dictionary/I/I-03.md,hz-018559-incomparability,sources/Hezareh_Dictionary_Index/source/Hezareh_Part_04_PDF_0751-1000.md#L7807-L7811,True
incomparably,incomparably,incomparably,[],hz-018561,entry_candidate,raw_ocr,high,4,818,,dictionary/I/I-03.md,hz-018561-incomparably,sources/Hezareh_Dictionary_Index/source/Hezareh_Part_04_PDF_0751-1000.md#L7812-L7813,True
incompatibility,incompatibility,incompatibility,[],hz-018562,entry_candidate,raw_ocr,high,4,818,,dictionary/I/I-03.md,hz-018562-incompatibility,sources/Hezareh_Dictionary_Index/source/Hezareh_Part_04_PDF_0751-1000.md#L7814-L7815,True
incompatible,incompatible,incompatible,[],hz-018563,entry_candidate,raw_ocr,high,4,818,,dictionary/I/I-03.md,hz-018563-incompatible,sources/Hezareh_Dictionary_Index/source/Hezareh_Part_04_PDF_0751-1000.md#L7816-L7818,True
incompetence,incompetence,incompetence,[],hz-018564,entry_candidate,raw_ocr,high,4,818,,dictionary/I/I-03.md,hz-018564-incompetence,sources/Hezareh_Dictionary_Index/source/Hezareh_Part_04_PDF_0751-1000.md#L7819-L7820,True
incompetency,incompetency,incompetency,[],hz-018565,entry_candidate,raw_ocr,high,4,818,,dictionary/I/I-03.md,hz-018565-incompetency,sources/Hezareh_Dictionary_Index/source/Hezareh_Part_04_PDF_0751-1000.md#L7821-L7821,True
incompetent,incompetent,incompetent,[],hz-018566,entry_candidate,raw_ocr,high,4,818,,dictionary/I/I-03.md,hz-018566-incompetent,sources/Hezareh_Dictionary_Index/source/Hezareh_Part_04_PDF_0751-1000.md#L7822-L7825,True
incompetently,incompetently,incompetently,[],hz-018567,entry_candidate,raw_ocr,high,4,818,,dictionary/I/I-03.md,hz-018567-incompetently,sources/Hezareh_Dictionary_Index/source/Hezareh_Part_04_PDF_0751-1000.md#L7826-L7830,True
incompleteness,incompleteness,incompleteness,[],hz-018568,entry_candidate,raw_ocr,high,4,818,,dictionary/I/I-03.md,hz-018568-incompleteness,sources/Hezareh_Dictionary_Index/source/Hezareh_Part_04_PDF_0751-1000.md#L7831-L7832,True
incomprehensibility,incomprehensibility,incomprehensibility,[],hz-018569,entry_candidate,raw_ocr,high,4,818,,dictionary/I/I-03.md,hz-018569-incomprehensibility,sources/Hezareh_Dictionary_Index/source/Hezareh_Part_04_PDF_0751-1000.md#L7833-L7836,True
incomprehensible,incomprehensible,incomprehensible,[],hz-018570,entry_candidate,raw_ocr,high,4,818,,dictionary/I/I-03.md,hz-018570-incomprehensible,sources/Hezareh_Dictionary_Index/source/Hezareh_Part_04_PDF_0751-1000.md#L7837-L7839,True
incomprehensibly,incomprehensibly,incomprehensibly,[],hz-018571,entry_candidate,raw_ocr,high,4,818,,dictionary/I/I-03.md,hz-018571-incomprehensibly,sources/Hezareh_Dictionary_Index/source/Hezareh_Part_04_PDF_0751-1000.md#L7840-L7842,True
incomprehension,incomprehension,incomprehension,[],hz-018572,entry_candidate,raw_ocr,high,4,818,,dictionary/I/I-03.md,hz-018572-incomprehension,sources/Hezareh_Dictionary_Index/source/Hezareh_Part_04_PDF_0751-1000.md#L7843-L7844,True
incompressible,incompressible,incompressible,[],hz-018573,entry_candidate,raw_ocr,high,4,818,,dictionary/I/I-03.md,hz-018573-incompressible,sources/Hezareh_Dictionary_Index/source/Hezareh_Part_04_PDF_0751-1000.md#L7845-L7847,True
inconceivable,inconceivable,inconceivable,[],hz-018575,entry_candidate,raw_ocr,high,4,818,,dictionary/I/I-03.md,hz-018575-inconceivable,sources/Hezareh_Dictionary_Index/source/Hezareh_Part_04_PDF_0751-1000.md#L7848-L7855,True
inconclusively,inconclusively,inconclusively,[],hz-018576,entry_candidate,raw_ocr,hint_only,4,819,,dictionary/I/I-03.md,hz-018576-inconclusively,sources/Hezareh_Dictionary_Index/source/Hezareh_Part_04_PDF_0751-1000.md#L7859-L7859,False
incongruity,incongruity,incongruity,[],hz-018577,entry_candidate,raw_ocr,low,4,819,,dictionary/I/I-03.md,hz-018577-incongruity,sources/Hezareh_Dictionary_Index/source/Hezareh_Part_04_PDF_0751-1000.md#L7877-L7878,True
incongrUOUS,incongruous,incongruous,[],hz-018578,entry_candidate,raw_ocr,medium,4,819,,dictionary/I/I-03.md,hz-018578-incongruous,sources/Hezareh_Dictionary_Index/source/Hezareh_Part_04_PDF_0751-1000.md#L7879-L7886,True
inconiparable,inconiparable,inconiparable,[],hz-018560,entry_candidate,raw_ocr,hint_only,4,818,,dictionary/I/I-03.md,hz-018560-inconiparable,sources/Hezareh_Dictionary_Index/source/Hezareh_Part_04_PDF_0751-1000.md#L7746-L7746,False
inconsequent,inconsequent,inconsequent,[],hz-018580,entry_candidate,raw_ocr,high,4,819,,dictionary/I/I-03.md,hz-018580-inconsequent,sources/Hezareh_Dictionary_Index/source/Hezareh_Part_04_PDF_0751-1000.md#L7887-L7891,True
inconsequential,inconsequential,inconsequential,[],hz-018581,entry_candidate,raw_ocr,low,4,819,,dictionary/I/I-03.md,hz-018581-inconsequential,sources/Hezareh_Dictionary_Index/source/Hezareh_Part_04_PDF_0751-1000.md#L7892-L7893,True
inconsequentially,inconsequentially,inconsequentially,[],hz-018582,entry_candidate,raw_ocr,high,4,819,,dictionary/I/I-03.md,hz-018582-inconsequentially,sources/Hezareh_Dictionary_Index/source/Hezareh_Part_04_PDF_0751-1000.md#L7894-L7896,True
inconsequently,inconsequently,inconsequently,[],hz-018583,entry_candidate,raw_ocr,high,4,819,,dictionary/I/I-03.md,hz-018583-inconsequently,sources/Hezareh_Dictionary_Index/source/Hezareh_Part_04_PDF_0751-1000.md#L7897-L7898,True
inconsiderable,inconsiderable,inconsiderable,[],hz-018584,entry_candidate,raw_ocr,medium,4,819,,dictionary/I/I-03.md,hz-018584-inconsiderable,sources/Hezareh_Dictionary_Index/source/Hezareh_Part_04_PDF_0751-1000.md#L7899-L7903,True
inconsiderately,inconsiderately,inconsiderately,[],hz-018585,entry_candidate,raw_ocr,low,4,819,,dictionary/I/I-03.md,hz-018585-inconsiderately,sources/Hezareh_Dictionary_Index/source/Hezareh_Part_04_PDF_0751-1000.md#L7904-L7905,True
inconsistency,inconsistency,inconsistency,[],hz-018586,entry_candidate,raw_ocr,high,4,819,,dictionary/I/I-03.md,hz-018586-inconsistency,sources/Hezareh_Dictionary_Index/source/Hezareh_Part_04_PDF_0751-1000.md#L7906-L7909,True
inconsistent,inconsistent,inconsistent,[],hz-018587,entry_candidate,raw_ocr,medium,4,819,,dictionary/I/I-03.md,hz-018587-inconsistent,sources/Hezareh_Dictionary_Index/source/Hezareh_Part_04_PDF_0751-1000.md#L7910-L7913,True
inconsistently,inconsistently,inconsistently,[],hz-018588,entry_candidate,raw_ocr,medium,4,819,,dictionary/I/I-03.md,hz-018588-inconsistently,sources/Hezareh_Dictionary_Index/source/Hezareh_Part_04_PDF_0751-1000.md#L7914-L7919,True
inconsolable,inconsolable,inconsolable,[],hz-018589,entry_candidate,raw_ocr,high,4,819,,dictionary/I/I-03.md,hz-018589-inconsolable,sources/Hezareh_Dictionary_Index/source/Hezareh_Part_04_PDF_0751-1000.md#L7920-L7923,True
inconsolably,inconsolably,inconsolably,[],hz-018590,entry_candidate,raw_ocr,high,4,819,,dictionary/I/I-03.md,hz-018590-inconsolably,sources/Hezareh_Dictionary_Index/source/Hezareh_Part_04_PDF_0751-1000.md#L7924-L7925,True
inconspicuous,inconspicuous,inconspicuous,[],hz-018591,entry_candidate,raw_ocr,high,4,819,,dictionary/I/I-03.md,hz-018591-inconspicuous,sources/Hezareh_Dictionary_Index/source/Hezareh_Part_04_PDF_0751-1000.md#L7926-L7930,True
inconspicuously,inconspicuously,inconspicuously,[],hz-018592,entry_candidate,raw_ocr,medium,4,819,,dictionary/I/I-03.md,hz-018592-inconspicuously,sources/Hezareh_Dictionary_Index/source/Hezareh_Part_04_PDF_0751-1000.md#L7931-L7938,True
inconstancytm'ktinstansr,inconstancytm'ktinstansr,inconstancytm'ktinstansr,[],hz-018593,entry_candidate,raw_ocr,hint_only,4,819,,dictionary/I/I-03.md,hz-018593-inconstancytm-ktinstansr,sources/Hezareh_Dictionary_Index/source/Hezareh_Part_04_PDF_0751-1000.md#L7859-L7859,False
incontestable,incontestable,incontestable,[],hz-018595,entry_candidate,raw_ocr,medium,4,819,,dictionary/I/I-03.md,hz-018595-incontestable,sources/Hezareh_Dictionary_Index/source/Hezareh_Part_04_PDF_0751-1000.md#L7939-L7940,True
incontestably,incontestably,incontestably,[],hz-018596,entry_candidate,raw_ocr,high,4,819,,dictionary/I/I-03.md,hz-018596-incontestably,sources/Hezareh_Dictionary_Index/source/Hezareh_Part_04_PDF_0751-1000.md#L7941-L7942,True
incontinence,incontinence,incontinence,[],hz-018597,entry_candidate,raw_ocr,high,4,819,,dictionary/I/I-03.md,hz-018597-incontinence,sources/Hezareh_Dictionary_Index/source/Hezareh_Part_04_PDF_0751-1000.md#L7943-L7945,True
incontinent,incontinent,incontinent,[],hz-018598,entry_candidate,raw_ocr,high,4,819,,dictionary/I/I-03.md,hz-018598-incontinent,sources/Hezareh_Dictionary_Index/source/Hezareh_Part_04_PDF_0751-1000.md#L7946-L7950,True
incontrovertibility,incontrovertibility,incontrovertibility,[],hz-018599,entry_candidate,raw_ocr,high,4,819,,dictionary/I/I-03.md,hz-018599-incontrovertibility,sources/Hezareh_Dictionary_Index/source/Hezareh_Part_04_PDF_0751-1000.md#L7951-L7956,True
incontrovertible,incontrovertible,incontrovertible,[],hz-018600,entry_candidate,raw_ocr,hint_only,4,819,,dictionary/I/I-03.md,hz-018600-incontrovertible,sources/Hezareh_Dictionary_Index/source/Hezareh_Part_04_PDF_0751-1000.md#L7859-L7859,False
incontrovertibly,incontrovertibly,incontrovertibly,[],hz-018601,entry_candidate,raw_ocr,medium,4,819,,dictionary/I/I-03.md,hz-018601-incontrovertibly,sources/Hezareh_Dictionary_Index/source/Hezareh_Part_04_PDF_0751-1000.md#L7957-L7959,True
inconvenience,inconvenience,inconvenience,[],hz-018602,entry_candidate,raw_ocr,medium,4,819,,dictionary/I/I-03.md,hz-018602-inconvenience,sources/Hezareh_Dictionary_Index/source/Hezareh_Part_04_PDF_0751-1000.md#L7960-L7967,True
inconveniently,inconveniently,inconveniently,[],hz-018603,entry_candidate,raw_ocr,medium,4,820,,dictionary/I/I-03.md,hz-018603-inconveniently,sources/Hezareh_Dictionary_Index/source/Hezareh_Part_04_PDF_0751-1000.md#L7981-L7982,True
inconvertibility,inconvertibility,inconvertibility,[],hz-018604,entry_candidate,raw_ocr,low,4,820,,dictionary/I/I-03.md,hz-018604-inconvertibility,sources/Hezareh_Dictionary_Index/source/Hezareh_Part_04_PDF_0751-1000.md#L7983-L8000,True
incoristant,incoristant,incoristant,[],hz-018594,entry_candidate,raw_ocr,hint_only,4,819,,dictionary/I/I-03.md,hz-018594-incoristant,sources/Hezareh_Dictionary_Index/source/Hezareh_Part_04_PDF_0751-1000.md#L7859-L7859,False
incorporated,incorporated,incorporated,[],hz-018605,entry_candidate,raw_ocr,high,4,820,,dictionary/I/I-03.md,hz-018605-incorporated,sources/Hezareh_Dictionary_Index/source/Hezareh_Part_04_PDF_0751-1000.md#L8001-L8005,True
incorporeal,incorporeal,incorporeal,[],hz-018606,entry_candidate,raw_ocr,medium,4,820,,dictionary/I/I-03.md,hz-018606-incorporeal,sources/Hezareh_Dictionary_Index/source/Hezareh_Part_04_PDF_0751-1000.md#L8006-L8007,True
incorrect,incorrect,incorrect,[],hz-018607,entry_candidate,raw_ocr,medium,4,820,,dictionary/I/I-03.md,hz-018607-incorrect,sources/Hezareh_Dictionary_Index/source/Hezareh_Part_04_PDF_0751-1000.md#L8008-L8013,True
incorrectly,incorrectly,incorrectly,[],hz-018608,entry_candidate,raw_ocr,hint_only,4,820,,dictionary/I/I-03.md,hz-018608-incorrectly,sources/Hezareh_Dictionary_Index/source/Hezareh_Part_04_PDF_0751-1000.md#L7971-L7971,False
incorrectness,incorrectness,incorrectness,[],hz-018609,entry_candidate,raw_ocr,medium,4,820,,dictionary/I/I-03.md,hz-018609-incorrectness,sources/Hezareh_Dictionary_Index/source/Hezareh_Part_04_PDF_0751-1000.md#L8014-L8016,True
incorrigible,incorrigible,incorrigible,[],hz-018610,entry_candidate,raw_ocr,high,4,820,,dictionary/I/I-03.md,hz-018610-incorrigible,sources/Hezareh_Dictionary_Index/source/Hezareh_Part_04_PDF_0751-1000.md#L8017-L8019,True
incorrigibly,incorrigibly,incorrigibly,[],hz-018611,entry_candidate,raw_ocr,high,4,820,,dictionary/I/I-03.md,hz-018611-incorrigibly,sources/Hezareh_Dictionary_Index/source/Hezareh_Part_04_PDF_0751-1000.md#L8020-L8023,True
incorruptibility,incorruptibility,incorruptibility,[],hz-018612,entry_candidate,raw_ocr,medium,4,820,,dictionary/I/I-03.md,hz-018612-incorruptibility,sources/Hezareh_Dictionary_Index/source/Hezareh_Part_04_PDF_0751-1000.md#L8024-L8032,True
incorruptible,incorruptible,incorruptible,[],hz-018613,entry_candidate,raw_ocr,high,4,820,,dictionary/I/I-03.md,hz-018613-incorruptible,sources/Hezareh_Dictionary_Index/source/Hezareh_Part_04_PDF_0751-1000.md#L8033-L8037,True
incorruptibly,incorruptibly,incorruptibly,[],hz-018614,entry_candidate,raw_ocr,low,4,820,,dictionary/I/I-03.md,hz-018614-incorruptibly,sources/Hezareh_Dictionary_Index/source/Hezareh_Part_04_PDF_0751-1000.md#L8038-L8061,True
increasing,increasing,increasing,[],hz-018616,entry_candidate,raw_ocr,high,4,820,,dictionary/I/I-03.md,hz-018616-increasing,sources/Hezareh_Dictionary_Index/source/Hezareh_Part_04_PDF_0751-1000.md#L8062-L8062,True
increasingly,increasingly,increasingly,[],hz-018617,entry_candidate,raw_ocr,high,4,820,,dictionary/I/I-03.md,hz-018617-increasingly,sources/Hezareh_Dictionary_Index/source/Hezareh_Part_04_PDF_0751-1000.md#L8063-L8069,True
incredible,incredible,incredible,[],hz-018618,entry_candidate,raw_ocr,high,4,820,,dictionary/I/I-03.md,hz-018618-incredible,sources/Hezareh_Dictionary_Index/source/Hezareh_Part_04_PDF_0751-1000.md#L8070-L8072,True
incredibly,incredibly,incredibly,[],hz-018619,entry_candidate,raw_ocr,medium,4,820,,dictionary/I/I-03.md,hz-018619-incredibly,sources/Hezareh_Dictionary_Index/source/Hezareh_Part_04_PDF_0751-1000.md#L8073-L8077,True
incredulity,incredulity,incredulity,[],hz-018620,entry_candidate,raw_ocr,medium,4,820,,dictionary/I/I-03.md,hz-018620-incredulity,sources/Hezareh_Dictionary_Index/source/Hezareh_Part_04_PDF_0751-1000.md#L8078-L8078,True
incredulous,incredulous,incredulous,[],hz-018621,entry_candidate,raw_ocr,high,4,820,,dictionary/I/I-03.md,hz-018621-incredulous,sources/Hezareh_Dictionary_Index/source/Hezareh_Part_04_PDF_0751-1000.md#L8079-L8083,True
incredulously,incredulously,incredulously,[],hz-018622,entry_candidate,raw_ocr,high,4,820,,dictionary/I/I-03.md,hz-018622-incredulously,sources/Hezareh_Dictionary_Index/source/Hezareh_Part_04_PDF_0751-1000.md#L8084-L8086,True
increment,increment,increment,[],hz-018623,entry_candidate,raw_ocr,medium,4,820,,dictionary/I/I-03.md,hz-018623-increment,sources/Hezareh_Dictionary_Index/source/Hezareh_Part_04_PDF_0751-1000.md#L8087-L8100,True
incriminate,incriminate,incriminate,[],hz-018624,entry_candidate,raw_ocr,high,4,821,,dictionary/I/I-04.md,hz-018624-incriminate,sources/Hezareh_Dictionary_Index/source/Hezareh_Part_04_PDF_0751-1000.md#L8113-L8118,True
incrust,incrust,incrust,[],hz-018625,entry_candidate,raw_ocr,high,4,821,,dictionary/I/I-04.md,hz-018625-incrust,sources/Hezareh_Dictionary_Index/source/Hezareh_Part_04_PDF_0751-1000.md#L8119-L8119,True
incrustatiOn,incrustation,incrustation,[],hz-018626,entry_candidate,raw_ocr,medium,4,821,,dictionary/I/I-04.md,hz-018626-incrustation,sources/Hezareh_Dictionary_Index/source/Hezareh_Part_04_PDF_0751-1000.md#L8120-L8132,True
incubation,incubation,incubation,[],hz-018627,entry_candidate,raw_ocr,low,4,821,,dictionary/I/I-04.md,hz-018627-incubation,sources/Hezareh_Dictionary_Index/source/Hezareh_Part_04_PDF_0751-1000.md#L8133-L8140,True
incubi,incubi,incubi,[],hz-018628,entry_candidate,raw_ocr,high,4,821,,dictionary/I/I-04.md,hz-018628-incubi,sources/Hezareh_Dictionary_Index/source/Hezareh_Part_04_PDF_0751-1000.md#L8141-L8141,True
incubus,incubus,incubus,[],hz-018629,entry_candidate,raw_ocr,high,4,821,,dictionary/I/I-04.md,hz-018629-incubus,sources/Hezareh_Dictionary_Index/source/Hezareh_Part_04_PDF_0751-1000.md#L8142-L8149,True
inculpate,inculpate,inculpate,[],hz-018630,entry_candidate,raw_ocr,high,4,821,,dictionary/I/I-04.md,hz-018630-inculpate,sources/Hezareh_Dictionary_Index/source/Hezareh_Part_04_PDF_0751-1000.md#L8150-L8152,True
incumbency,incumbency,incumbency,[],hz-018631,entry_candidate,raw_ocr,high,4,821,,dictionary/I/I-04.md,hz-018631-incumbency,sources/Hezareh_Dictionary_Index/source/Hezareh_Part_04_PDF_0751-1000.md#L8153-L8158,True
incumbent,incumbent,incumbent,[],hz-018632,entry_candidate,raw_ocr,medium,4,821,,dictionary/I/I-04.md,hz-018632-incumbent,sources/Hezareh_Dictionary_Index/source/Hezareh_Part_04_PDF_0751-1000.md#L8159-L8164,True
incur,incur,incur,[],hz-018633,entry_candidate,raw_ocr,high,4,821,,dictionary/I/I-04.md,hz-018633-incur,sources/Hezareh_Dictionary_Index/source/Hezareh_Part_04_PDF_0751-1000.md#L8165-L8169,True
incurable,incurable,incurable,[],hz-018634,entry_candidate,raw_ocr,medium,4,821,,dictionary/I/I-04.md,hz-018634-incurable,sources/Hezareh_Dictionary_Index/source/Hezareh_Part_04_PDF_0751-1000.md#L8170-L8173,True
incurably,incurably,incurably,[],hz-018635,entry_candidate,raw_ocr,medium,4,821,,dictionary/I/I-04.md,hz-018635-incurably,sources/Hezareh_Dictionary_Index/source/Hezareh_Part_04_PDF_0751-1000.md#L8174-L8175,True
incurious,incurious,incurious,[],hz-018636,entry_candidate,raw_ocr,medium,4,821,,dictionary/I/I-04.md,hz-018636-incurious,sources/Hezareh_Dictionary_Index/source/Hezareh_Part_04_PDF_0751-1000.md#L8176-L8178,True
incursion,incursion,incursion,[],hz-018637,entry_candidate,raw_ocr,medium,4,821,,dictionary/I/I-04.md,hz-018637-incursion,sources/Hezareh_Dictionary_Index/source/Hezareh_Part_04_PDF_0751-1000.md#L8179-L8181,True
incurved,incurved,incurved,[],hz-018638,entry_candidate,raw_ocr,hint_only,4,821,,dictionary/I/I-04.md,hz-018638-incurved,sources/Hezareh_Dictionary_Index/source/Hezareh_Part_04_PDF_0751-1000.md#L8104-L8104,False
Ind,ind,ind,[],hz-018639,entry_candidate,raw_ocr,high,4,821,,dictionary/I/I-04.md,hz-018639-ind,sources/Hezareh_Dictionary_Index/source/Hezareh_Part_04_PDF_0751-1000.md#L8182-L8184,True
Inda-European,inda-european,inda-european,[],hz-018753,entry_candidate,raw_ocr,hint_only,4,825,,dictionary/I/I-04.md,hz-018753-inda-european,sources/Hezareh_Dictionary_Index/source/Hezareh_Part_04_PDF_0751-1000.md#L8562-L8562,False
indebted,indebted,indebted,[],hz-018640,entry_candidate,raw_ocr,medium,4,821,,dictionary/I/I-04.md,hz-018640-indebted,sources/Hezareh_Dictionary_Index/source/Hezareh_Part_04_PDF_0751-1000.md#L8185-L8186,True
indebtedness,indebtedness,indebtedness,[],hz-018641,entry_candidate,raw_ocr,medium,4,821,,dictionary/I/I-04.md,hz-018641-indebtedness,sources/Hezareh_Dictionary_Index/source/Hezareh_Part_04_PDF_0751-1000.md#L8187-L8188,True
indecency,indecency,indecency,[],hz-018642,entry_candidate,raw_ocr,high,4,821,,dictionary/I/I-04.md,hz-018642-indecency,sources/Hezareh_Dictionary_Index/source/Hezareh_Part_04_PDF_0751-1000.md#L8189-L8195,True
indecent,indecent,indecent,[],hz-018643,entry_candidate,raw_ocr,high,4,821,,dictionary/I/I-04.md,hz-018643-indecent,sources/Hezareh_Dictionary_Index/source/Hezareh_Part_04_PDF_0751-1000.md#L8196-L8197,True
indecent exposure,indecent exposure,indecent exposure,[],hz-018644,entry_candidate,raw_ocr,high,4,821,,dictionary/I/I-04.md,hz-018644-indecent-exposure,sources/Hezareh_Dictionary_Index/source/Hezareh_Part_04_PDF_0751-1000.md#L8196-L8197,True
indecently,indecently,indecently,[],hz-018645,entry_candidate,raw_ocr,medium,4,821,,dictionary/I/I-04.md,hz-018645-indecently,sources/Hezareh_Dictionary_Index/source/Hezareh_Part_04_PDF_0751-1000.md#L8198-L8199,True
indecipherable,indecipherable,indecipherable,[],hz-018646,entry_candidate,raw_ocr,medium,4,821,,dictionary/I/I-04.md,hz-018646-indecipherable,sources/Hezareh_Dictionary_Index/source/Hezareh_Part_04_PDF_0751-1000.md#L8200-L8204,True
indecisive,indecisive,indecisive,[],hz-018647,entry_candidate,raw_ocr,medium,4,821,,dictionary/I/I-04.md,hz-018647-indecisive,sources/Hezareh_Dictionary_Index/source/Hezareh_Part_04_PDF_0751-1000.md#L8205-L8212,True
indecisively,indecisively,indecisively,[],hz-018648,entry_candidate,raw_ocr,hint_only,4,821,,dictionary/I/I-04.md,hz-018648-indecisively,sources/Hezareh_Dictionary_Index/source/Hezareh_Part_04_PDF_0751-1000.md#L8104-L8104,False
indecorous,indecorous,indecorous,[],hz-018649,entry_candidate,raw_ocr,medium,4,822,,dictionary/I/I-04.md,hz-018649-indecorous,sources/Hezareh_Dictionary_Index/source/Hezareh_Part_04_PDF_0751-1000.md#L8226-L8231,True
indecorouslytm'debrnsh,indecorouslytm'debrnsh,indecorouslytm'debrnsh,[],hz-018650,entry_candidate,raw_ocr,hint_only,4,822,,dictionary/I/I-04.md,hz-018650-indecorouslytm-debrnsh,sources/Hezareh_Dictionary_Index/source/Hezareh_Part_04_PDF_0751-1000.md#L8216-L8216,False
indecorum,indecorum,indecorum,[],hz-018651,entry_candidate,raw_ocr,hint_only,4,822,,dictionary/I/I-04.md,hz-018651-indecorum,sources/Hezareh_Dictionary_Index/source/Hezareh_Part_04_PDF_0751-1000.md#L8216-L8216,False
indeed,indeed,indeed,[],hz-018652,entry_candidate,raw_ocr,medium,4,822,,dictionary/I/I-04.md,hz-018652-indeed,sources/Hezareh_Dictionary_Index/source/Hezareh_Part_04_PDF_0751-1000.md#L8232-L8233,True
indefatigable,indefatigable,indefatigable,[],hz-018653,entry_candidate,raw_ocr,medium,4,822,,dictionary/I/I-04.md,hz-018653-indefatigable,sources/Hezareh_Dictionary_Index/source/Hezareh_Part_04_PDF_0751-1000.md#L8234-L8240,True
indefinable,indefinable,indefinable,[],hz-018654,entry_candidate,raw_ocr,low,4,822,,dictionary/I/I-04.md,hz-018654-indefinable,sources/Hezareh_Dictionary_Index/source/Hezareh_Part_04_PDF_0751-1000.md#L8241-L8242,True
indefinably,indefinably,indefinably,[],hz-018655,entry_candidate,raw_ocr,medium,4,822,,dictionary/I/I-04.md,hz-018655-indefinably,sources/Hezareh_Dictionary_Index/source/Hezareh_Part_04_PDF_0751-1000.md#L8243-L8246,True
indefinite,indefinite,indefinite,[],hz-018656,entry_candidate,raw_ocr,high,4,822,,dictionary/I/I-04.md,hz-018656-indefinite,sources/Hezareh_Dictionary_Index/source/Hezareh_Part_04_PDF_0751-1000.md#L8247-L8248,True
indefinite article,indefinite article,indefinite article,[],hz-018657,entry_candidate,raw_ocr,high,4,822,,dictionary/I/I-04.md,hz-018657-indefinite-article,sources/Hezareh_Dictionary_Index/source/Hezareh_Part_04_PDF_0751-1000.md#L8247-L8248,True
indefinitely,indefinitely,indefinitely,[],hz-018658,entry_candidate,raw_ocr,low,4,822,,dictionary/I/I-04.md,hz-018658-indefinitely,sources/Hezareh_Dictionary_Index/source/Hezareh_Part_04_PDF_0751-1000.md#L8249-L8258,True
indelibletm'delabl,indelibletm'delabl,indelibletm'delabl,[],hz-018659,entry_candidate,raw_ocr,hint_only,4,822,,dictionary/I/I-04.md,hz-018659-indelibletm-delabl,sources/Hezareh_Dictionary_Index/source/Hezareh_Part_04_PDF_0751-1000.md#L8216-L8216,False
indelibly,indelibly,indelibly,[],hz-018660,entry_candidate,raw_ocr,hint_only,4,822,,dictionary/I/I-04.md,hz-018660-indelibly,sources/Hezareh_Dictionary_Index/source/Hezareh_Part_04_PDF_0751-1000.md#L8216-L8216,False
indelicacy,indelicacy,indelicacy,[],hz-018661,entry_candidate,raw_ocr,high,4,822,,dictionary/I/I-04.md,hz-018661-indelicacy,sources/Hezareh_Dictionary_Index/source/Hezareh_Part_04_PDF_0751-1000.md#L8259-L8262,True
indelicate,indelicate,indelicate,[],hz-018662,entry_candidate,raw_ocr,medium,4,822,,dictionary/I/I-04.md,hz-018662-indelicate,sources/Hezareh_Dictionary_Index/source/Hezareh_Part_04_PDF_0751-1000.md#L8263-L8269,True
indemnify,indemnify,indemnify,[],hz-018663,entry_candidate,raw_ocr,high,4,822,,dictionary/I/I-04.md,hz-018663-indemnify,sources/Hezareh_Dictionary_Index/source/Hezareh_Part_04_PDF_0751-1000.md#L8270-L8281,True
indemnity,indemnity,indemnity,[],hz-018664,entry_candidate,raw_ocr,medium,4,822,,dictionary/I/I-04.md,hz-018664-indemnity,sources/Hezareh_Dictionary_Index/source/Hezareh_Part_04_PDF_0751-1000.md#L8282-L8286,True
indent,indent,indent,[],hz-018666,entry_candidate,raw_ocr,high,4,822,,dictionary/I/I-04.md,hz-018666-indent,sources/Hezareh_Dictionary_Index/source/Hezareh_Part_04_PDF_0751-1000.md#L8291-L8296,True
indent',indent',indent',[],hz-018665,entry_candidate,raw_ocr,high,4,822,,dictionary/I/I-04.md,hz-018665-indent,sources/Hezareh_Dictionary_Index/source/Hezareh_Part_04_PDF_0751-1000.md#L8287-L8290,True
indented,indented,indented,[],hz-018667,entry_candidate,raw_ocr,high,4,822,,dictionary/I/I-04.md,hz-018667-indented,sources/Hezareh_Dictionary_Index/source/Hezareh_Part_04_PDF_0751-1000.md#L8297-L8309,True
Independence Day,independence day,independence day,[],hz-018668,entry_candidate,raw_ocr,high,4,822,,dictionary/I/I-04.md,hz-018668-independence-day,sources/Hezareh_Dictionary_Index/source/Hezareh_Part_04_PDF_0751-1000.md#L8310-L8320,True
independent,independent,independent,[],hz-018669,entry_candidate,raw_ocr,high,4,822,,dictionary/I/I-04.md,hz-018669-independent,sources/Hezareh_Dictionary_Index/source/Hezareh_Part_04_PDF_0751-1000.md#L8321-L8323,True
independently,independently,independently,[],hz-018670,entry_candidate,raw_ocr,high,4,822,,dictionary/I/I-04.md,hz-018670-independently,sources/Hezareh_Dictionary_Index/source/Hezareh_Part_04_PDF_0751-1000.md#L8324-L8333,True
indescribable,indescribable,indescribable,[],hz-018671,entry_candidate,raw_ocr,high,4,823,,dictionary/I/I-04.md,hz-018671-indescribable,sources/Hezareh_Dictionary_Index/source/Hezareh_Part_04_PDF_0751-1000.md#L8346-L8349,True
indescribably,indescribably,indescribably,[],hz-018672,entry_candidate,raw_ocr,medium,4,823,,dictionary/I/I-04.md,hz-018672-indescribably,sources/Hezareh_Dictionary_Index/source/Hezareh_Part_04_PDF_0751-1000.md#L8350-L8351,True
indestructibility,indestructibility,indestructibility,[],hz-018673,entry_candidate,raw_ocr,medium,4,823,,dictionary/I/I-04.md,hz-018673-indestructibility,sources/Hezareh_Dictionary_Index/source/Hezareh_Part_04_PDF_0751-1000.md#L8352-L8355,True
indestructible,indestructible,indestructible,[],hz-018674,entry_candidate,raw_ocr,hint_only,4,823,,dictionary/I/I-04.md,hz-018674-indestructible,sources/Hezareh_Dictionary_Index/source/Hezareh_Part_04_PDF_0751-1000.md#L8337-L8337,False
indeterminable,indeterminable,indeterminable,[],hz-018675,entry_candidate,raw_ocr,high,4,823,,dictionary/I/I-04.md,hz-018675-indeterminable,sources/Hezareh_Dictionary_Index/source/Hezareh_Part_04_PDF_0751-1000.md#L8356-L8361,True
indeterminacy,indeterminacy,indeterminacy,[],hz-018676,entry_candidate,raw_ocr,medium,4,823,,dictionary/I/I-04.md,hz-018676-indeterminacy,sources/Hezareh_Dictionary_Index/source/Hezareh_Part_04_PDF_0751-1000.md#L8362-L8365,True
index,index,index,[],hz-018678,entry_candidate,raw_ocr,medium,4,823,,dictionary/I/I-04.md,hz-018678-index,sources/Hezareh_Dictionary_Index/source/Hezareh_Part_04_PDF_0751-1000.md#L8382-L8383,True
index finger,index finger,index finger,[],hz-018681,entry_candidate,raw_ocr,medium,4,823,,dictionary/I/I-04.md,hz-018681-index-finger,sources/Hezareh_Dictionary_Index/source/Hezareh_Part_04_PDF_0751-1000.md#L8382-L8383,True
index',index',index',[],hz-018677,entry_candidate,raw_ocr,high,4,823,,dictionary/I/I-04.md,hz-018677-index,sources/Hezareh_Dictionary_Index/source/Hezareh_Part_04_PDF_0751-1000.md#L8366-L8378,True
index-linked,index-linked,index-linked,[],hz-018682,entry_candidate,raw_ocr,medium,4,823,,dictionary/I/I-04.md,hz-018682-index-linked,sources/Hezareh_Dictionary_Index/source/Hezareh_Part_04_PDF_0751-1000.md#L8384-L8396,True
indexation,indexation,indexation,[],hz-018679,entry_candidate,raw_ocr,medium,4,823,,dictionary/I/I-04.md,hz-018679-indexation,sources/Hezareh_Dictionary_Index/source/Hezareh_Part_04_PDF_0751-1000.md#L8379-L8380,True
indexer,indexer,indexer,[],hz-018680,entry_candidate,raw_ocr,medium,4,823,,dictionary/I/I-04.md,hz-018680-indexer,sources/Hezareh_Dictionary_Index/source/Hezareh_Part_04_PDF_0751-1000.md#L8381-L8381,True
India paper,india paper,india paper,[],hz-018691,entry_candidate,raw_ocr,high,4,823,,dictionary/I/I-04.md,hz-018691-india-paper,sources/Hezareh_Dictionary_Index/source/Hezareh_Part_04_PDF_0751-1000.md#L8410-L8412,True
Indian,indian,indian,[],hz-018684,entry_candidate,raw_ocr,high,4,823,,dictionary/I/I-04.md,hz-018684-indian,sources/Hezareh_Dictionary_Index/source/Hezareh_Part_04_PDF_0751-1000.md#L8398-L8400,True
Indian club,indian club,indian club,[],hz-018685,entry_candidate,raw_ocr,high,4,823,,dictionary/I/I-04.md,hz-018685-indian-club,sources/Hezareh_Dictionary_Index/source/Hezareh_Part_04_PDF_0751-1000.md#L8397-L8397,True
Indian corn,indian corn,indian corn,[],hz-018686,entry_candidate,raw_ocr,high,4,823,,dictionary/I/I-04.md,hz-018686-indian-corn,sources/Hezareh_Dictionary_Index/source/Hezareh_Part_04_PDF_0751-1000.md#L8398-L8400,True
Indian hemp,indian hemp,indian hemp,[],hz-018687,entry_candidate,raw_ocr,high,4,823,,dictionary/I/I-04.md,hz-018687-indian-hemp,sources/Hezareh_Dictionary_Index/source/Hezareh_Part_04_PDF_0751-1000.md#L8401-L8403,True
Indian Ocean,indian ocean,indian ocean,[],hz-018688,entry_candidate,raw_ocr,high,4,823,,dictionary/I/I-04.md,hz-018688-indian-ocean,sources/Hezareh_Dictionary_Index/source/Hezareh_Part_04_PDF_0751-1000.md#L8404-L8405,True
Indian red,indian red,indian red,[],hz-018689,entry_candidate,raw_ocr,high,4,823,,dictionary/I/I-04.md,hz-018689-indian-red,sources/Hezareh_Dictionary_Index/source/Hezareh_Part_04_PDF_0751-1000.md#L8406-L8409,True
indicate,indicate,indicate,[],hz-018692,entry_candidate,raw_ocr,high,4,823,,dictionary/I/I-04.md,hz-018692-indicate,sources/Hezareh_Dictionary_Index/source/Hezareh_Part_04_PDF_0751-1000.md#L8413-L8423,True
indication,indication,indication,[],hz-018693,entry_candidate,raw_ocr,high,4,823,,dictionary/I/I-04.md,hz-018693-indication,sources/Hezareh_Dictionary_Index/source/Hezareh_Part_04_PDF_0751-1000.md#L8424-L8426,True
indicative,indicative,indicative,[],hz-018694,entry_candidate,raw_ocr,high,4,823,,dictionary/I/I-04.md,hz-018694-indicative,sources/Hezareh_Dictionary_Index/source/Hezareh_Part_04_PDF_0751-1000.md#L8427-L8429,True
indicative of,indicative of,indicative of,[],hz-018695,entry_candidate,raw_ocr,high,4,823,,dictionary/I/I-04.md,hz-018695-indicative-of,sources/Hezareh_Dictionary_Index/source/Hezareh_Part_04_PDF_0751-1000.md#L8430-L8430,True
indicator,indicator,indicator,[],hz-018696,entry_candidate,raw_ocr,high,4,823,,dictionary/I/I-04.md,hz-018696-indicator,sources/Hezareh_Dictionary_Index/source/Hezareh_Part_04_PDF_0751-1000.md#L8431-L8434,True
indices,indices,indices,[],hz-018697,entry_candidate,raw_ocr,high,4,823,,dictionary/I/I-04.md,hz-018697-indices,sources/Hezareh_Dictionary_Index/source/Hezareh_Part_04_PDF_0751-1000.md#L8435-L8435,True
indict,indict,indict,[],hz-018698,entry_candidate,raw_ocr,high,4,823,,dictionary/I/I-04.md,hz-018698-indict,sources/Hezareh_Dictionary_Index/source/Hezareh_Part_04_PDF_0751-1000.md#L8436-L8437,True
indictable,indictable,indictable,[],hz-018699,entry_candidate,raw_ocr,high,4,823,,dictionary/I/I-04.md,hz-018699-indictable,sources/Hezareh_Dictionary_Index/source/Hezareh_Part_04_PDF_0751-1000.md#L8438-L8439,True
indictment,indictment,indictment,[],hz-018700,entry_candidate,raw_ocr,medium,4,823,,dictionary/I/I-04.md,hz-018700-indictment,sources/Hezareh_Dictionary_Index/source/Hezareh_Part_04_PDF_0751-1000.md#L8440-L8444,True
indie,indie,indie,[],hz-018701,entry_candidate,raw_ocr,medium,4,824,,dictionary/I/I-04.md,hz-018701-indie,sources/Hezareh_Dictionary_Index/source/Hezareh_Part_04_PDF_0751-1000.md#L8458-L8460,True
indifference,indifference,indifference,[],hz-018702,entry_candidate,raw_ocr,medium,4,824,,dictionary/I/I-04.md,hz-018702-indifference,sources/Hezareh_Dictionary_Index/source/Hezareh_Part_04_PDF_0751-1000.md#L8461-L8471,True
indifferently,indifferently,indifferently,[],hz-018703,entry_candidate,raw_ocr,hint_only,4,824,,dictionary/I/I-04.md,hz-018703-indifferently,sources/Hezareh_Dictionary_Index/source/Hezareh_Part_04_PDF_0751-1000.md#L8448-L8448,False
indigenous,indigenous,indigenous,[],hz-018704,entry_candidate,raw_ocr,medium,4,824,,dictionary/I/I-04.md,hz-018704-indigenous,sources/Hezareh_Dictionary_Index/source/Hezareh_Part_04_PDF_0751-1000.md#L8472-L8475,True
indigestible,indigestible,indigestible,[],hz-018705,entry_candidate,raw_ocr,medium,4,824,,dictionary/I/I-04.md,hz-018705-indigestible,sources/Hezareh_Dictionary_Index/source/Hezareh_Part_04_PDF_0751-1000.md#L8476-L8478,True
indigestion,indigestion,indigestion,[],hz-018706,entry_candidate,raw_ocr,medium,4,824,,dictionary/I/I-04.md,hz-018706-indigestion,sources/Hezareh_Dictionary_Index/source/Hezareh_Part_04_PDF_0751-1000.md#L8479-L8479,True
indignant,indignant,indignant,[],hz-018707,entry_candidate,raw_ocr,medium,4,824,,dictionary/I/I-04.md,hz-018707-indignant,sources/Hezareh_Dictionary_Index/source/Hezareh_Part_04_PDF_0751-1000.md#L8480-L8484,True
indignantly,indignantly,indignantly,[],hz-018708,entry_candidate,raw_ocr,medium,4,824,,dictionary/I/I-04.md,hz-018708-indignantly,sources/Hezareh_Dictionary_Index/source/Hezareh_Part_04_PDF_0751-1000.md#L8485-L8486,True
indignation,indignation,indignation,[],hz-018709,entry_candidate,raw_ocr,medium,4,824,,dictionary/I/I-04.md,hz-018709-indignation,sources/Hezareh_Dictionary_Index/source/Hezareh_Part_04_PDF_0751-1000.md#L8487-L8489,True
indignity,indignity,indignity,[],hz-018710,entry_candidate,raw_ocr,high,4,824,,dictionary/I/I-04.md,hz-018710-indignity,sources/Hezareh_Dictionary_Index/source/Hezareh_Part_04_PDF_0751-1000.md#L8490-L8491,True
indigo,indigo,indigo,[],hz-018711,entry_candidate,raw_ocr,medium,4,824,,dictionary/I/I-04.md,hz-018711-indigo,sources/Hezareh_Dictionary_Index/source/Hezareh_Part_04_PDF_0751-1000.md#L8492-L8497,True
indireCt,indirect,indirect,[],hz-018712,entry_candidate,raw_ocr,high,4,824,,dictionary/I/I-04.md,hz-018712-indirect,sources/Hezareh_Dictionary_Index/source/Hezareh_Part_04_PDF_0751-1000.md#L8501-L8509,True
indirect object,indirect object,indirect object,[],hz-018715,entry_candidate,raw_ocr,high,4,824,,dictionary/I/I-04.md,hz-018715-indirect-object,sources/Hezareh_Dictionary_Index/source/Hezareh_Part_04_PDF_0751-1000.md#L8501-L8509,True
indirect question,indirect question,indirect question,[],hz-018716,entry_candidate,raw_ocr,high,4,824,,dictionary/I/I-04.md,hz-018716-indirect-question,sources/Hezareh_Dictionary_Index/source/Hezareh_Part_04_PDF_0751-1000.md#L8510-L8511,True
indirect speech,indirect speech,indirect speech,[],hz-018717,entry_candidate,raw_ocr,medium,4,824,,dictionary/I/I-04.md,hz-018717-indirect-speech,sources/Hezareh_Dictionary_Index/source/Hezareh_Part_04_PDF_0751-1000.md#L8512-L8513,True
indirect tax,indirect tax,indirect tax,[],hz-018718,entry_candidate,raw_ocr,medium,4,824,,dictionary/I/I-04.md,hz-018718-indirect-tax,sources/Hezareh_Dictionary_Index/source/Hezareh_Part_04_PDF_0751-1000.md#L8514-L8515,True
indirectly,indirectly,indirectly,[],hz-018713,entry_candidate,raw_ocr,medium,4,824,,dictionary/I/I-04.md,hz-018713-indirectly,sources/Hezareh_Dictionary_Index/source/Hezareh_Part_04_PDF_0751-1000.md#L8498-L8500,True
indirectneSS,indirectness,indirectness,[],hz-018714,entry_candidate,raw_ocr,hint_only,4,824,,dictionary/I/I-04.md,hz-018714-indirectness,sources/Hezareh_Dictionary_Index/source/Hezareh_Part_04_PDF_0751-1000.md#L8448-L8448,False
indiscernible,indiscernible,indiscernible,[],hz-018719,entry_candidate,raw_ocr,high,4,824,,dictionary/I/I-04.md,hz-018719-indiscernible,sources/Hezareh_Dictionary_Index/source/Hezareh_Part_04_PDF_0751-1000.md#L8516-L8518,True
indiscipline,indiscipline,indiscipline,[],hz-018720,entry_candidate,raw_ocr,high,4,824,,dictionary/I/I-04.md,hz-018720-indiscipline,sources/Hezareh_Dictionary_Index/source/Hezareh_Part_04_PDF_0751-1000.md#L8519-L8526,True
indiscreet,indiscreet,indiscreet,[],hz-018721,entry_candidate,raw_ocr,hint_only,4,824,,dictionary/I/I-04.md,hz-018721-indiscreet,sources/Hezareh_Dictionary_Index/source/Hezareh_Part_04_PDF_0751-1000.md#L8448-L8448,False
indiscreetly,indiscreetly,indiscreetly,[],hz-018722,entry_candidate,raw_ocr,hint_only,4,824,,dictionary/I/I-04.md,hz-018722-indiscreetly,sources/Hezareh_Dictionary_Index/source/Hezareh_Part_04_PDF_0751-1000.md#L8448-L8448,False
indiscrete,indiscrete,indiscrete,[],hz-018723,entry_candidate,raw_ocr,hint_only,4,824,,dictionary/I/I-04.md,hz-018723-indiscrete,sources/Hezareh_Dictionary_Index/source/Hezareh_Part_04_PDF_0751-1000.md#L8448-L8448,False
indiscretion,indiscretion,indiscretion,[],hz-018724,entry_candidate,raw_ocr,high,4,824,,dictionary/I/I-04.md,hz-018724-indiscretion,sources/Hezareh_Dictionary_Index/source/Hezareh_Part_04_PDF_0751-1000.md#L8527-L8529,True
indiscriminate,indiscriminate,indiscriminate,[],hz-018725,entry_candidate,raw_ocr,high,4,824,,dictionary/I/I-04.md,hz-018725-indiscriminate,sources/Hezareh_Dictionary_Index/source/Hezareh_Part_04_PDF_0751-1000.md#L8530-L8543,True
indiscriminately,indiscriminately,indiscriminately,[],hz-018726,entry_candidate,raw_ocr,high,4,824,,dictionary/I/I-04.md,hz-018726-indiscriminately,sources/Hezareh_Dictionary_Index/source/Hezareh_Part_04_PDF_0751-1000.md#L8544-L8547,True
indispensable,indispensable,indispensable,[],hz-018727,entry_candidate,raw_ocr,high,4,824,,dictionary/I/I-04.md,hz-018727-indispensable,sources/Hezareh_Dictionary_Index/source/Hezareh_Part_04_PDF_0751-1000.md#L8548-L8549,True
indisposed,indisposed,indisposed,[],hz-018728,entry_candidate,raw_ocr,high,4,824,,dictionary/I/I-04.md,hz-018728-indisposed,sources/Hezareh_Dictionary_Index/source/Hezareh_Part_04_PDF_0751-1000.md#L8550-L8551,True
indisposition,indisposition,indisposition,[],hz-018729,entry_candidate,raw_ocr,high,4,824,,dictionary/I/I-04.md,hz-018729-indisposition,sources/Hezareh_Dictionary_Index/source/Hezareh_Part_04_PDF_0751-1000.md#L8552-L8558,True
indisputable,indisputable,indisputable,[],hz-018730,entry_candidate,raw_ocr,high,4,825,,dictionary/I/I-04.md,hz-018730-indisputable,sources/Hezareh_Dictionary_Index/source/Hezareh_Part_04_PDF_0751-1000.md#L8571-L8573,True
indisputably,indisputably,indisputably,[],hz-018731,entry_candidate,raw_ocr,medium,4,825,,dictionary/I/I-04.md,hz-018731-indisputably,sources/Hezareh_Dictionary_Index/source/Hezareh_Part_04_PDF_0751-1000.md#L8574-L8575,True
indissolubility,indissolubility,indissolubility,[],hz-018732,entry_candidate,raw_ocr,high,4,825,,dictionary/I/I-04.md,hz-018732-indissolubility,sources/Hezareh_Dictionary_Index/source/Hezareh_Part_04_PDF_0751-1000.md#L8576-L8585,True
indistinct,indistinct,indistinct,[],hz-018733,entry_candidate,raw_ocr,medium,4,825,,dictionary/I/I-04.md,hz-018733-indistinct,sources/Hezareh_Dictionary_Index/source/Hezareh_Part_04_PDF_0751-1000.md#L8586-L8589,True
indistinctly,indistinctly,indistinctly,[],hz-018734,entry_candidate,raw_ocr,medium,4,825,,dictionary/I/I-04.md,hz-018734-indistinctly,sources/Hezareh_Dictionary_Index/source/Hezareh_Part_04_PDF_0751-1000.md#L8590-L8592,True
indistinctness,indistinctness,indistinctness,[],hz-018735,entry_candidate,raw_ocr,high,4,825,,dictionary/I/I-04.md,hz-018735-indistinctness,sources/Hezareh_Dictionary_Index/source/Hezareh_Part_04_PDF_0751-1000.md#L8593-L8594,True
indistinguishable,indistinguishable,indistinguishable,[],hz-018736,entry_candidate,raw_ocr,high,4,825,,dictionary/I/I-04.md,hz-018736-indistinguishable,sources/Hezareh_Dictionary_Index/source/Hezareh_Part_04_PDF_0751-1000.md#L8595-L8601,True
indistinguishably,indistinguishably,indistinguishably,[],hz-018737,entry_candidate,raw_ocr,hint_only,4,825,,dictionary/I/I-04.md,hz-018737-indistinguishably,sources/Hezareh_Dictionary_Index/source/Hezareh_Part_04_PDF_0751-1000.md#L8562-L8562,False
indite,indite,indite,[],hz-018738,entry_candidate,raw_ocr,medium,4,825,,dictionary/I/I-04.md,hz-018738-indite,sources/Hezareh_Dictionary_Index/source/Hezareh_Part_04_PDF_0751-1000.md#L8602-L8603,True
individuaiist,individuaiist,individuaiist,[],hz-018742,entry_candidate,raw_ocr,hint_only,4,825,,dictionary/I/I-04.md,hz-018742-individuaiist,sources/Hezareh_Dictionary_Index/source/Hezareh_Part_04_PDF_0751-1000.md#L8562-L8562,False
individual,individual,individual,[],hz-018739,entry_candidate,raw_ocr,medium,4,825,,dictionary/I/I-04.md,hz-018739-individual,sources/Hezareh_Dictionary_Index/source/Hezareh_Part_04_PDF_0751-1000.md#L8604-L8607,True
individualise,individualise,individualise,[],hz-018740,entry_candidate,raw_ocr,high,4,825,,dictionary/I/I-04.md,hz-018740-individualise,sources/Hezareh_Dictionary_Index/source/Hezareh_Part_04_PDF_0751-1000.md#L8608-L8609,True
individualism,individualism,individualism,[],hz-018741,entry_candidate,raw_ocr,medium,4,825,,dictionary/I/I-04.md,hz-018741-individualism,sources/Hezareh_Dictionary_Index/source/Hezareh_Part_04_PDF_0751-1000.md#L8610-L8621,True
individualistically,individualistically,individualistically,[],hz-018743,entry_candidate,raw_ocr,high,4,825,,dictionary/I/I-04.md,hz-018743-individualistically,sources/Hezareh_Dictionary_Index/source/Hezareh_Part_04_PDF_0751-1000.md#L8622-L8623,True
individuality,individuality,individuality,[],hz-018744,entry_candidate,raw_ocr,high,4,825,,dictionary/I/I-04.md,hz-018744-individuality,sources/Hezareh_Dictionary_Index/source/Hezareh_Part_04_PDF_0751-1000.md#L8624-L8630,True
individualized,individualized,individualized,[],hz-018745,entry_candidate,raw_ocr,low,4,825,,dictionary/I/I-04.md,hz-018745-individualized,sources/Hezareh_Dictionary_Index/source/Hezareh_Part_04_PDF_0751-1000.md#L8631-L8632,True
individually,individually,individually,[],hz-018746,entry_candidate,raw_ocr,medium,4,825,,dictionary/I/I-04.md,hz-018746-individually,sources/Hezareh_Dictionary_Index/source/Hezareh_Part_04_PDF_0751-1000.md#L8633-L8635,True
individuation,individuation,individuation,[],hz-018747,entry_candidate,raw_ocr,medium,4,825,,dictionary/I/I-04.md,hz-018747-individuation,sources/Hezareh_Dictionary_Index/source/Hezareh_Part_04_PDF_0751-1000.md#L8636-L8636,True
indivisibility,indivisibility,indivisibility,[],hz-018748,entry_candidate,raw_ocr,medium,4,825,,dictionary/I/I-04.md,hz-018748-indivisibility,sources/Hezareh_Dictionary_Index/source/Hezareh_Part_04_PDF_0751-1000.md#L8637-L8638,True
indivisible,indivisible,indivisible,[],hz-018749,entry_candidate,raw_ocr,medium,4,825,,dictionary/I/I-04.md,hz-018749-indivisible,sources/Hezareh_Dictionary_Index/source/Hezareh_Part_04_PDF_0751-1000.md#L8639-L8640,True
indivisibly,indivisibly,indivisibly,[],hz-018750,entry_candidate,raw_ocr,medium,4,825,,dictionary/I/I-04.md,hz-018750-indivisibly,sources/Hezareh_Dictionary_Index/source/Hezareh_Part_04_PDF_0751-1000.md#L8641-L8651,True
indolence,indolence,indolence,[],hz-018754,entry_candidate,raw_ocr,medium,4,825,,dictionary/I/I-04.md,hz-018754-indolence,sources/Hezareh_Dictionary_Index/source/Hezareh_Part_04_PDF_0751-1000.md#L8652-L8652,True
indolent,indolent,indolent,[],hz-018755,entry_candidate,raw_ocr,medium,4,825,,dictionary/I/I-04.md,hz-018755-indolent,sources/Hezareh_Dictionary_Index/source/Hezareh_Part_04_PDF_0751-1000.md#L8653-L8659,True
indolently,indolently,indolently,[],hz-018756,entry_candidate,raw_ocr,hint_only,4,825,,dictionary/I/I-04.md,hz-018756-indolently,sources/Hezareh_Dictionary_Index/source/Hezareh_Part_04_PDF_0751-1000.md#L8562-L8562,False
indomitably,indomitably,indomitably,[],hz-018757,entry_candidate,raw_ocr,medium,4,825,,dictionary/I/I-04.md,hz-018757-indomitably,sources/Hezareh_Dictionary_Index/source/Hezareh_Part_04_PDF_0751-1000.md#L8660-L8662,True
Indonesia,indonesia,indonesia,[],hz-018758,entry_candidate,raw_ocr,medium,4,825,,dictionary/I/I-04.md,hz-018758-indonesia,sources/Hezareh_Dictionary_Index/source/Hezareh_Part_04_PDF_0751-1000.md#L8663-L8669,True
indoor,indoor,indoor,[],hz-018759,entry_candidate,raw_ocr,hint_only,4,825,,dictionary/I/I-04.md,hz-018759-indoor,sources/Hezareh_Dictionary_Index/source/Hezareh_Part_04_PDF_0751-1000.md#L8562-L8562,False
indoors,indoors,indoors,[],hz-018760,entry_candidate,raw_ocr,medium,4,826,,dictionary/I/I-04.md,hz-018760-indoors,sources/Hezareh_Dictionary_Index/source/Hezareh_Part_04_PDF_0751-1000.md#L8685-L8686,True
indorse,indorse,indorse,[],hz-018761,entry_candidate,raw_ocr,high,4,826,,dictionary/I/I-04.md,hz-018761-indorse,sources/Hezareh_Dictionary_Index/source/Hezareh_Part_04_PDF_0751-1000.md#L8687-L8687,True
indrawn,indrawn,indrawn,[],hz-018762,entry_candidate,raw_ocr,medium,4,826,,dictionary/I/I-04.md,hz-018762-indrawn,sources/Hezareh_Dictionary_Index/source/Hezareh_Part_04_PDF_0751-1000.md#L8688-L8692,True
indubitable,indubitable,indubitable,[],hz-018763,entry_candidate,raw_ocr,high,4,826,,dictionary/I/I-04.md,hz-018763-indubitable,sources/Hezareh_Dictionary_Index/source/Hezareh_Part_04_PDF_0751-1000.md#L8693-L8694,True
indubitably,indubitably,indubitably,[],hz-018764,entry_candidate,raw_ocr,high,4,826,,dictionary/I/I-04.md,hz-018764-indubitably,sources/Hezareh_Dictionary_Index/source/Hezareh_Part_04_PDF_0751-1000.md#L8695-L8706,True
inducement,inducement,inducement,[],hz-018765,entry_candidate,raw_ocr,medium,4,826,,dictionary/I/I-04.md,hz-018765-inducement,sources/Hezareh_Dictionary_Index/source/Hezareh_Part_04_PDF_0751-1000.md#L8707-L8708,True
induct,induct,induct,[],hz-018766,entry_candidate,raw_ocr,medium,4,826,,dictionary/I/I-04.md,hz-018766-induct,sources/Hezareh_Dictionary_Index/source/Hezareh_Part_04_PDF_0751-1000.md#L8709-L8711,True
induction,induction,induction,[],hz-018767,entry_candidate,raw_ocr,medium,4,826,,dictionary/I/I-04.md,hz-018767-induction,sources/Hezareh_Dictionary_Index/source/Hezareh_Part_04_PDF_0751-1000.md#L8712-L8716,True
induction course,induction course,induction course,[],hz-018768,entry_candidate,raw_ocr,low,4,826,,dictionary/I/I-04.md,hz-018768-induction-course,sources/Hezareh_Dictionary_Index/source/Hezareh_Part_04_PDF_0751-1000.md#L8717-L8718,True
inductive,inductive,inductive,[],hz-018769,entry_candidate,raw_ocr,medium,4,826,,dictionary/I/I-04.md,hz-018769-inductive,sources/Hezareh_Dictionary_Index/source/Hezareh_Part_04_PDF_0751-1000.md#L8719-L8720,True
indue,indue,indue,[],hz-018770,entry_candidate,raw_ocr,high,4,826,,dictionary/I/I-04.md,hz-018770-indue,sources/Hezareh_Dictionary_Index/source/Hezareh_Part_04_PDF_0751-1000.md#L8721-L8736,True
indulge,indulge,indulge,[],hz-018771,entry_candidate,raw_ocr,high,4,826,,dictionary/I/I-04.md,hz-018771-indulge,sources/Hezareh_Dictionary_Index/source/Hezareh_Part_04_PDF_0751-1000.md#L8737-L8738,True
indulgence,indulgence,indulgence,[],hz-018772,entry_candidate,raw_ocr,high,4,826,,dictionary/I/I-04.md,hz-018772-indulgence,sources/Hezareh_Dictionary_Index/source/Hezareh_Part_04_PDF_0751-1000.md#L8739-L8743,True
indulgent,indulgent,indulgent,[],hz-018773,entry_candidate,raw_ocr,high,4,826,,dictionary/I/I-04.md,hz-018773-indulgent,sources/Hezareh_Dictionary_Index/source/Hezareh_Part_04_PDF_0751-1000.md#L8744-L8749,True
industrial,industrial,industrial,[],hz-018774,entry_candidate,raw_ocr,high,4,826,,dictionary/I/I-04.md,hz-018774-industrial,sources/Hezareh_Dictionary_Index/source/Hezareh_Part_04_PDF_0751-1000.md#L8750-L8752,True
industrial action,industrial action,industrial action,[],hz-018775,entry_candidate,raw_ocr,high,4,826,,dictionary/I/I-04.md,hz-018775-industrial-action,sources/Hezareh_Dictionary_Index/source/Hezareh_Part_04_PDF_0751-1000.md#L8750-L8752,True
industrial alcohol,industrial alcohol,industrial alcohol,[],hz-018776,entry_candidate,raw_ocr,high,4,826,,dictionary/I/I-04.md,hz-018776-industrial-alcohol,sources/Hezareh_Dictionary_Index/source/Hezareh_Part_04_PDF_0751-1000.md#L8753-L8754,True
industrial archaeology,industrial archaeology,industrial archaeology,[],hz-018777,entry_candidate,raw_ocr,high,4,826,,dictionary/I/I-04.md,hz-018777-industrial-archaeology,sources/Hezareh_Dictionary_Index/source/Hezareh_Part_04_PDF_0751-1000.md#L8755-L8756,True
industrial arts,industrial arts,industrial arts,[],hz-018778,entry_candidate,raw_ocr,high,4,826,,dictionary/I/I-04.md,hz-018778-industrial-arts,sources/Hezareh_Dictionary_Index/source/Hezareh_Part_04_PDF_0751-1000.md#L8757-L8758,True
industrial dispute,industrial dispute,industrial dispute,[],hz-018779,entry_candidate,raw_ocr,high,4,826,,dictionary/I/I-04.md,hz-018779-industrial-dispute,sources/Hezareh_Dictionary_Index/source/Hezareh_Part_04_PDF_0751-1000.md#L8759-L8760,True
industrial estate,industrial estate,industrial estate,[],hz-018780,entry_candidate,raw_ocr,high,4,826,,dictionary/I/I-04.md,hz-018780-industrial-estate,sources/Hezareh_Dictionary_Index/source/Hezareh_Part_04_PDF_0751-1000.md#L8761-L8762,True
industrial park,industrial park,industrial park,[],hz-018788,entry_candidate,raw_ocr,high,4,826,,dictionary/I/I-04.md,hz-018788-industrial-park,sources/Hezareh_Dictionary_Index/source/Hezareh_Part_04_PDF_0751-1000.md#L8776-L8777,True
industrial relations,industrial relations,industrial relations,[],hz-018789,entry_candidate,raw_ocr,high,4,826,,dictionary/I/I-04.md,hz-018789-industrial-relations,sources/Hezareh_Dictionary_Index/source/Hezareh_Part_04_PDF_0751-1000.md#L8778-L8783,True
Industrial Revolution,industrial revolution,industrial revolution,[],hz-018790,entry_candidate,raw_ocr,high,4,827,,dictionary/I/I-04.md,hz-018790-industrial-revolution,sources/Hezareh_Dictionary_Index/source/Hezareh_Part_04_PDF_0751-1000.md#L8797-L8798,True
industrial school,industrial school,industrial school,[],hz-018791,entry_candidate,raw_ocr,medium,4,827,,dictionary/I/I-04.md,hz-018791-industrial-school,sources/Hezareh_Dictionary_Index/source/Hezareh_Part_04_PDF_0751-1000.md#L8799-L8800,True
industrial tribunal,industrial tribunal,industrial tribunal,[],hz-018792,entry_candidate,raw_ocr,high,4,827,,dictionary/I/I-04.md,hz-018792-industrial-tribunal,sources/Hezareh_Dictionary_Index/source/Hezareh_Part_04_PDF_0751-1000.md#L8801-L8802,True
industrialisation,industrialisation,industrialisation,[],hz-018781,entry_candidate,raw_ocr,high,4,826,,dictionary/I/I-04.md,hz-018781-industrialisation,sources/Hezareh_Dictionary_Index/source/Hezareh_Part_04_PDF_0751-1000.md#L8763-L8764,True
industrialise,industrialise,industrialise,[],hz-018782,entry_candidate,raw_ocr,high,4,826,,dictionary/I/I-04.md,hz-018782-industrialise,sources/Hezareh_Dictionary_Index/source/Hezareh_Part_04_PDF_0751-1000.md#L8765-L8765,True
industrialism,industrialism,industrialism,[],hz-018783,entry_candidate,raw_ocr,high,4,826,,dictionary/I/I-04.md,hz-018783-industrialism,sources/Hezareh_Dictionary_Index/source/Hezareh_Part_04_PDF_0751-1000.md#L8766-L8767,True
industrialist,industrialist,industrialist,[],hz-018784,entry_candidate,raw_ocr,high,4,826,,dictionary/I/I-04.md,hz-018784-industrialist,sources/Hezareh_Dictionary_Index/source/Hezareh_Part_04_PDF_0751-1000.md#L8768-L8769,True
industrialization,industrialization,industrialization,[],hz-018785,entry_candidate,raw_ocr,high,4,826,,dictionary/I/I-04.md,hz-018785-industrialization,sources/Hezareh_Dictionary_Index/source/Hezareh_Part_04_PDF_0751-1000.md#L8770-L8771,True
industrialize,industrialize,industrialize,[],hz-018786,entry_candidate,raw_ocr,high,4,826,,dictionary/I/I-04.md,hz-018786-industrialize,sources/Hezareh_Dictionary_Index/source/Hezareh_Part_04_PDF_0751-1000.md#L8772-L8773,True
industrially,industrially,industrially,[],hz-018787,entry_candidate,raw_ocr,high,4,826,,dictionary/I/I-04.md,hz-018787-industrially,sources/Hezareh_Dictionary_Index/source/Hezareh_Part_04_PDF_0751-1000.md#L8774-L8775,True
industrious,industrious,industrious,[],hz-018793,entry_candidate,raw_ocr,medium,4,827,,dictionary/I/I-04.md,hz-018793-industrious,sources/Hezareh_Dictionary_Index/source/Hezareh_Part_04_PDF_0751-1000.md#L8803-L8804,True
industriously,industriously,industriously,[],hz-018794,entry_candidate,raw_ocr,medium,4,827,,dictionary/I/I-04.md,hz-018794-industriously,sources/Hezareh_Dictionary_Index/source/Hezareh_Part_04_PDF_0751-1000.md#L8805-L8806,True
industry,industry,industry,[],hz-018795,entry_candidate,raw_ocr,medium,4,827,,dictionary/I/I-04.md,hz-018795-industry,sources/Hezareh_Dictionary_Index/source/Hezareh_Part_04_PDF_0751-1000.md#L8807-L8811,True
industry-wide,industry-wide,industry-wide,[],hz-018796,entry_candidate,raw_ocr,medium,4,827,,dictionary/I/I-04.md,hz-018796-industry-wide,sources/Hezareh_Dictionary_Index/source/Hezareh_Part_04_PDF_0751-1000.md#L8812-L8813,True
indwelling,indwelling,indwelling,[],hz-018797,entry_candidate,raw_ocr,low,4,827,,dictionary/I/I-04.md,hz-018797-indwelling,sources/Hezareh_Dictionary_Index/source/Hezareh_Part_04_PDF_0751-1000.md#L8814-L8815,True
inebriate,inebriate,inebriate,[],hz-018799,entry_candidate,raw_ocr,medium,4,827,,dictionary/I/I-04.md,hz-018799-inebriate,sources/Hezareh_Dictionary_Index/source/Hezareh_Part_04_PDF_0751-1000.md#L8816-L8820,True
inebriated,inebriated,inebriated,[],hz-018800,entry_candidate,raw_ocr,medium,4,827,,dictionary/I/I-04.md,hz-018800-inebriated,sources/Hezareh_Dictionary_Index/source/Hezareh_Part_04_PDF_0751-1000.md#L8821-L8824,True
inebriety,inebriety,inebriety,[],hz-018801,entry_candidate,raw_ocr,high,4,827,,dictionary/I/I-04.md,hz-018801-inebriety,sources/Hezareh_Dictionary_Index/source/Hezareh_Part_04_PDF_0751-1000.md#L8825-L8827,True
ineffable,ineffable,ineffable,[],hz-018802,entry_candidate,raw_ocr,low,4,827,,dictionary/I/I-04.md,hz-018802-ineffable,sources/Hezareh_Dictionary_Index/source/Hezareh_Part_04_PDF_0751-1000.md#L8828-L8829,True
ineffably,ineffably,ineffably,[],hz-018803,entry_candidate,raw_ocr,medium,4,827,,dictionary/I/I-04.md,hz-018803-ineffably,sources/Hezareh_Dictionary_Index/source/Hezareh_Part_04_PDF_0751-1000.md#L8830-L8831,True
ineffective,ineffective,ineffective,[],hz-018804,entry_candidate,raw_ocr,high,4,827,,dictionary/I/I-04.md,hz-018804-ineffective,sources/Hezareh_Dictionary_Index/source/Hezareh_Part_04_PDF_0751-1000.md#L8832-L8836,True
ineffectively,ineffectively,ineffectively,[],hz-018805,entry_candidate,raw_ocr,hint_only,4,827,,dictionary/I/I-04.md,hz-018805-ineffectively,sources/Hezareh_Dictionary_Index/source/Hezareh_Part_04_PDF_0751-1000.md#L8787-L8787,False
ineffectiveneSS,ineffectiveness,ineffectiveness,[],hz-018806,entry_candidate,raw_ocr,medium,4,827,,dictionary/I/I-04.md,hz-018806-ineffectiveness,sources/Hezareh_Dictionary_Index/source/Hezareh_Part_04_PDF_0751-1000.md#L8837-L8840,True
ineffectual,ineffectual,ineffectual,[],hz-018807,entry_candidate,raw_ocr,medium,4,827,,dictionary/I/I-04.md,hz-018807-ineffectual,sources/Hezareh_Dictionary_Index/source/Hezareh_Part_04_PDF_0751-1000.md#L8841-L8862,True
inefficiency,inefficiency,inefficiency,[],hz-018808,entry_candidate,raw_ocr,hint_only,4,827,,dictionary/I/I-04.md,hz-018808-inefficiency,sources/Hezareh_Dictionary_Index/source/Hezareh_Part_04_PDF_0751-1000.md#L8787-L8787,False
inefficiently,inefficiently,inefficiently,[],hz-018809,entry_candidate,raw_ocr,hint_only,4,827,,dictionary/I/I-04.md,hz-018809-inefficiently,sources/Hezareh_Dictionary_Index/source/Hezareh_Part_04_PDF_0751-1000.md#L8787-L8787,False
inelastic,inelastic,inelastic,[],hz-018810,entry_candidate,raw_ocr,low,4,827,,dictionary/I/I-04.md,hz-018810-inelastic,sources/Hezareh_Dictionary_Index/source/Hezareh_Part_04_PDF_0751-1000.md#L8863-L8865,True
inelegance,inelegance,inelegance,[],hz-018811,entry_candidate,raw_ocr,medium,4,827,,dictionary/I/I-04.md,hz-018811-inelegance,sources/Hezareh_Dictionary_Index/source/Hezareh_Part_04_PDF_0751-1000.md#L8866-L8871,True
inelegant,inelegant,inelegant,[],hz-018812,entry_candidate,raw_ocr,hint_only,4,827,,dictionary/I/I-04.md,hz-018812-inelegant,sources/Hezareh_Dictionary_Index/source/Hezareh_Part_04_PDF_0751-1000.md#L8787-L8787,False
inelegantly,inelegantly,inelegantly,[],hz-018813,entry_candidate,raw_ocr,low,4,827,,dictionary/I/I-04.md,hz-018813-inelegantly,sources/Hezareh_Dictionary_Index/source/Hezareh_Part_04_PDF_0751-1000.md#L8872-L8873,True
ineligibility,ineligibility,ineligibility,[],hz-018814,entry_candidate,raw_ocr,medium,4,827,,dictionary/I/I-04.md,hz-018814-ineligibility,sources/Hezareh_Dictionary_Index/source/Hezareh_Part_04_PDF_0751-1000.md#L8874-L8875,True
ineligible,ineligible,ineligible,[],hz-018815,entry_candidate,raw_ocr,medium,4,827,,dictionary/I/I-04.md,hz-018815-ineligible,sources/Hezareh_Dictionary_Index/source/Hezareh_Part_04_PDF_0751-1000.md#L8876-L8877,True
inept,inept,inept,[],hz-018816,entry_candidate,raw_ocr,medium,4,827,,dictionary/I/I-04.md,hz-018816-inept,sources/Hezareh_Dictionary_Index/source/Hezareh_Part_04_PDF_0751-1000.md#L8878-L8881,True
ineptitude,ineptitude,ineptitude,[],hz-018817,entry_candidate,raw_ocr,medium,4,827,,dictionary/I/I-04.md,hz-018817-ineptitude,sources/Hezareh_Dictionary_Index/source/Hezareh_Part_04_PDF_0751-1000.md#L8882-L8893,True
ineptly,ineptly,ineptly,[],hz-018818,entry_candidate,raw_ocr,hint_only,4,827,,dictionary/I/I-04.md,hz-018818-ineptly,sources/Hezareh_Dictionary_Index/source/Hezareh_Part_04_PDF_0751-1000.md#L8787-L8787,False
inequitable,inequitable,inequitable,[],hz-018819,entry_candidate,raw_ocr,medium,4,827,,dictionary/I/I-04.md,hz-018819-inequitable,sources/Hezareh_Dictionary_Index/source/Hezareh_Part_04_PDF_0751-1000.md#L8894-L8896,True
inequitably,inequitably,inequitably,[],hz-018820,entry_candidate,raw_ocr,medium,4,828,,dictionary/I/I-04.md,hz-018820-inequitably,sources/Hezareh_Dictionary_Index/source/Hezareh_Part_04_PDF_0751-1000.md#L8910-L8911,True
inequity,inequity,inequity,[],hz-018821,entry_candidate,raw_ocr,high,4,828,,dictionary/I/I-04.md,hz-018821-inequity,sources/Hezareh_Dictionary_Index/source/Hezareh_Part_04_PDF_0751-1000.md#L8912-L8915,True
ineradicably,ineradicably,ineradicably,[],hz-018822,entry_candidate,raw_ocr,medium,4,828,,dictionary/I/I-04.md,hz-018822-ineradicably,sources/Hezareh_Dictionary_Index/source/Hezareh_Part_04_PDF_0751-1000.md#L8916-L8920,True
inert,inert,inert,[],hz-018823,entry_candidate,raw_ocr,low,4,828,,dictionary/I/I-04.md,hz-018823-inert,sources/Hezareh_Dictionary_Index/source/Hezareh_Part_04_PDF_0751-1000.md#L8921-L8927,True
inertia,inertia,inertia,[],hz-018824,entry_candidate,raw_ocr,medium,4,828,,dictionary/I/I-04.md,hz-018824-inertia,sources/Hezareh_Dictionary_Index/source/Hezareh_Part_04_PDF_0751-1000.md#L8930-L8931,True
inertia reel,inertia reel,inertia reel,[],hz-018826,entry_candidate,raw_ocr,medium,4,828,,dictionary/I/I-04.md,hz-018826-inertia-reel,sources/Hezareh_Dictionary_Index/source/Hezareh_Part_04_PDF_0751-1000.md#L8928-L8929,True
inertia selling,inertia selling,inertia selling,[],hz-018827,entry_candidate,raw_ocr,medium,4,828,,dictionary/I/I-04.md,hz-018827-inertia-selling,sources/Hezareh_Dictionary_Index/source/Hezareh_Part_04_PDF_0751-1000.md#L8930-L8931,True
inertial,inertial,inertial,[],hz-018825,entry_candidate,raw_ocr,hint_only,4,828,,dictionary/I/I-04.md,hz-018825-inertial,sources/Hezareh_Dictionary_Index/source/Hezareh_Part_04_PDF_0751-1000.md#L8900-L8900,False
inescapable,inescapable,inescapable,[],hz-018828,entry_candidate,raw_ocr,low,4,828,,dictionary/I/I-04.md,hz-018828-inescapable,sources/Hezareh_Dictionary_Index/source/Hezareh_Part_04_PDF_0751-1000.md#L8932-L8933,True
inescapably,inescapably,inescapably,[],hz-018829,entry_candidate,raw_ocr,medium,4,828,,dictionary/I/I-04.md,hz-018829-inescapably,sources/Hezareh_Dictionary_Index/source/Hezareh_Part_04_PDF_0751-1000.md#L8934-L8935,True
inessential,inessential,inessential,[],hz-018830,entry_candidate,raw_ocr,medium,4,828,,dictionary/I/I-04.md,hz-018830-inessential,sources/Hezareh_Dictionary_Index/source/Hezareh_Part_04_PDF_0751-1000.md#L8936-L8940,True
inestimable,inestimable,inestimable,[],hz-018831,entry_candidate,raw_ocr,medium,4,828,,dictionary/I/I-04.md,hz-018831-inestimable,sources/Hezareh_Dictionary_Index/source/Hezareh_Part_04_PDF_0751-1000.md#L8941-L8944,True
inestimably,inestimably,inestimably,[],hz-018832,entry_candidate,raw_ocr,medium,4,828,,dictionary/I/I-04.md,hz-018832-inestimably,sources/Hezareh_Dictionary_Index/source/Hezareh_Part_04_PDF_0751-1000.md#L8945-L8947,True
inevitability,inevitability,inevitability,[],hz-018833,entry_candidate,raw_ocr,low,4,828,,dictionary/I/I-04.md,hz-018833-inevitability,sources/Hezareh_Dictionary_Index/source/Hezareh_Part_04_PDF_0751-1000.md#L8948-L8961,True
inevitable,inevitable,inevitable,[],hz-018834,entry_candidate,raw_ocr,low,4,828,,dictionary/I/I-04.md,hz-018834-inevitable,sources/Hezareh_Dictionary_Index/source/Hezareh_Part_04_PDF_0751-1000.md#L8962-L8963,True
inevitably,inevitably,inevitably,[],hz-018835,entry_candidate,raw_ocr,high,4,828,,dictionary/I/I-04.md,hz-018835-inevitably,sources/Hezareh_Dictionary_Index/source/Hezareh_Part_04_PDF_0751-1000.md#L8964-L8966,True
inexact,inexact,inexact,[],hz-018836,entry_candidate,raw_ocr,high,4,828,,dictionary/I/I-04.md,hz-018836-inexact,sources/Hezareh_Dictionary_Index/source/Hezareh_Part_04_PDF_0751-1000.md#L8967-L8968,True
inexactitude,inexactitude,inexactitude,[],hz-018837,entry_candidate,raw_ocr,high,4,828,,dictionary/I/I-04.md,hz-018837-inexactitude,sources/Hezareh_Dictionary_Index/source/Hezareh_Part_04_PDF_0751-1000.md#L8969-L8971,True
inexcusable,inexcusable,inexcusable,[],hz-018838,entry_candidate,raw_ocr,high,4,828,,dictionary/I/I-04.md,hz-018838-inexcusable,sources/Hezareh_Dictionary_Index/source/Hezareh_Part_04_PDF_0751-1000.md#L8972-L8973,True
inexcusably,inexcusably,inexcusably,[],hz-018839,entry_candidate,raw_ocr,high,4,828,,dictionary/I/I-04.md,hz-018839-inexcusably,sources/Hezareh_Dictionary_Index/source/Hezareh_Part_04_PDF_0751-1000.md#L8974-L8979,True
inexhaustibly,inexhaustibly,inexhaustibly,[],hz-018840,entry_candidate,raw_ocr,high,4,828,,dictionary/I/I-04.md,hz-018840-inexhaustibly,sources/Hezareh_Dictionary_Index/source/Hezareh_Part_04_PDF_0751-1000.md#L8980-L8981,True
inexorability,inexorability,inexorability,[],hz-018841,entry_candidate,raw_ocr,high,4,828,,dictionary/I/I-04.md,hz-018841-inexorability,sources/Hezareh_Dictionary_Index/source/Hezareh_Part_04_PDF_0751-1000.md#L8982-L8983,True
inexorable,inexorable,inexorable,[],hz-018842,entry_candidate,raw_ocr,high,4,828,,dictionary/I/I-04.md,hz-018842-inexorable,sources/Hezareh_Dictionary_Index/source/Hezareh_Part_04_PDF_0751-1000.md#L8984-L8988,True
inexorably,inexorably,inexorably,[],hz-018843,entry_candidate,raw_ocr,high,4,828,,dictionary/I/I-04.md,hz-018843-inexorably,sources/Hezareh_Dictionary_Index/source/Hezareh_Part_04_PDF_0751-1000.md#L8989-L8994,True
inexpedient,inexpedient,inexpedient,[],hz-018844,entry_candidate,raw_ocr,high,4,828,,dictionary/I/I-04.md,hz-018844-inexpedient,sources/Hezareh_Dictionary_Index/source/Hezareh_Part_04_PDF_0751-1000.md#L8995-L8999,True
inexpensively,inexpensively,inexpensively,[],hz-018845,entry_candidate,raw_ocr,high,4,828,,dictionary/I/I-04.md,hz-018845-inexpensively,sources/Hezareh_Dictionary_Index/source/Hezareh_Part_04_PDF_0751-1000.md#L9000-L9003,True
inexperienced,inexperienced,inexperienced,[],hz-018846,entry_candidate,raw_ocr,high,4,828,,dictionary/I/I-04.md,hz-018846-inexperienced,sources/Hezareh_Dictionary_Index/source/Hezareh_Part_04_PDF_0751-1000.md#L9004-L9005,True
inexpert,inexpert,inexpert,[],hz-018847,entry_candidate,raw_ocr,high,4,828,,dictionary/I/I-04.md,hz-018847-inexpert,sources/Hezareh_Dictionary_Index/source/Hezareh_Part_04_PDF_0751-1000.md#L9006-L9010,True
inexpertly,inexpertly,inexpertly,[],hz-018848,entry_candidate,raw_ocr,high,4,829,,dictionary/I/I-04.md,hz-018848-inexpertly,sources/Hezareh_Dictionary_Index/source/Hezareh_Part_04_PDF_0751-1000.md#L9023-L9027,True
inexpiable,inexpiable,inexpiable,[],hz-018849,entry_candidate,raw_ocr,medium,4,829,,dictionary/I/I-04.md,hz-018849-inexpiable,sources/Hezareh_Dictionary_Index/source/Hezareh_Part_04_PDF_0751-1000.md#L9028-L9030,True
inexplicability,inexplicability,inexplicability,[],hz-018850,entry_candidate,raw_ocr,medium,4,829,,dictionary/I/I-04.md,hz-018850-inexplicability,sources/Hezareh_Dictionary_Index/source/Hezareh_Part_04_PDF_0751-1000.md#L9031-L9033,True
inexplicable,inexplicable,inexplicable,[],hz-018851,entry_candidate,raw_ocr,high,4,829,,dictionary/I/I-04.md,hz-018851-inexplicable,sources/Hezareh_Dictionary_Index/source/Hezareh_Part_04_PDF_0751-1000.md#L9034-L9036,True
inexplicably,inexplicably,inexplicably,[],hz-018852,entry_candidate,raw_ocr,medium,4,829,,dictionary/I/I-04.md,hz-018852-inexplicably,sources/Hezareh_Dictionary_Index/source/Hezareh_Part_04_PDF_0751-1000.md#L9037-L9043,True
inexpressibly,inexpressibly,inexpressibly,[],hz-018853,entry_candidate,raw_ocr,medium,4,829,,dictionary/I/I-04.md,hz-018853-inexpressibly,sources/Hezareh_Dictionary_Index/source/Hezareh_Part_04_PDF_0751-1000.md#L9044-L9046,True
inexpressive,inexpressive,inexpressive,[],hz-018854,entry_candidate,raw_ocr,high,4,829,,dictionary/I/I-04.md,hz-018854-inexpressive,sources/Hezareh_Dictionary_Index/source/Hezareh_Part_04_PDF_0751-1000.md#L9047-L9051,True
inextinguishably,inextinguishably,inextinguishably,[],hz-018855,entry_candidate,raw_ocr,medium,4,829,,dictionary/I/I-04.md,hz-018855-inextinguishably,sources/Hezareh_Dictionary_Index/source/Hezareh_Part_04_PDF_0751-1000.md#L9052-L9053,True
inextricable,inextricable,inextricable,[],hz-018857,entry_candidate,raw_ocr,high,4,829,,dictionary/I/I-04.md,hz-018857-inextricable,sources/Hezareh_Dictionary_Index/source/Hezareh_Part_04_PDF_0751-1000.md#L9057-L9060,True
inextricably,inextricably,inextricably,[],hz-018858,entry_candidate,raw_ocr,high,4,829,,dictionary/I/I-04.md,hz-018858-inextricably,sources/Hezareh_Dictionary_Index/source/Hezareh_Part_04_PDF_0751-1000.md#L9061-L9063,True
infallibility,infallibility,infallibility,[],hz-018860,entry_candidate,raw_ocr,medium,4,829,,dictionary/I/I-04.md,hz-018860-infallibility,sources/Hezareh_Dictionary_Index/source/Hezareh_Part_04_PDF_0751-1000.md#L9066-L9076,True
infallibly,infallibly,infallibly,[],hz-018861,entry_candidate,raw_ocr,medium,4,829,,dictionary/I/I-04.md,hz-018861-infallibly,sources/Hezareh_Dictionary_Index/source/Hezareh_Part_04_PDF_0751-1000.md#L9077-L9081,True
infamously,infamously,infamously,[],hz-018862,entry_candidate,raw_ocr,medium,4,829,,dictionary/I/I-04.md,hz-018862-infamously,sources/Hezareh_Dictionary_Index/source/Hezareh_Part_04_PDF_0751-1000.md#L9082-L9083,True
infamy,infamy,infamy,[],hz-018863,entry_candidate,raw_ocr,medium,4,829,,dictionary/I/I-04.md,hz-018863-infamy,sources/Hezareh_Dictionary_Index/source/Hezareh_Part_04_PDF_0751-1000.md#L9084-L9085,True
infancy,infancy,infancy,[],hz-018864,entry_candidate,raw_ocr,low,4,829,,dictionary/I/I-04.md,hz-018864-infancy,sources/Hezareh_Dictionary_Index/source/Hezareh_Part_04_PDF_0751-1000.md#L9086-L9092,True
infant,infant,infant,[],hz-018865,entry_candidate,raw_ocr,high,4,829,,dictionary/I/I-04.md,hz-018865-infant,sources/Hezareh_Dictionary_Index/source/Hezareh_Part_04_PDF_0751-1000.md#L9101-L9102,True
infant prodigy,infant prodigy,infant prodigy,[],hz-018870,entry_candidate,raw_ocr,high,4,829,,dictionary/I/I-04.md,hz-018870-infant-prodigy,sources/Hezareh_Dictionary_Index/source/Hezareh_Part_04_PDF_0751-1000.md#L9101-L9102,True
infant-school,infant-school,infant-school,[],hz-018873,entry_candidate,raw_ocr,medium,4,829,,dictionary/I/I-04.md,hz-018873-infant-school,sources/Hezareh_Dictionary_Index/source/Hezareh_Part_04_PDF_0751-1000.md#L9106-L9107,True
infanticide,infanticide,infanticide,[],hz-018866,entry_candidate,raw_ocr,medium,4,829,,dictionary/I/I-04.md,hz-018866-infanticide,sources/Hezareh_Dictionary_Index/source/Hezareh_Part_04_PDF_0751-1000.md#L9093-L9096,True
infantile,infantile,infantile,[],hz-018867,entry_candidate,raw_ocr,high,4,829,,dictionary/I/I-04.md,hz-018867-infantile,sources/Hezareh_Dictionary_Index/source/Hezareh_Part_04_PDF_0751-1000.md#L9097-L9098,True
infantile paralysis,infantile paralysis,infantile paralysis,[],hz-018868,entry_candidate,raw_ocr,high,4,829,,dictionary/I/I-04.md,hz-018868-infantile-paralysis,sources/Hezareh_Dictionary_Index/source/Hezareh_Part_04_PDF_0751-1000.md#L9097-L9098,True
infantilism,infantilism,infantilism,[],hz-018869,entry_candidate,raw_ocr,medium,4,829,,dictionary/I/I-04.md,hz-018869-infantilism,sources/Hezareh_Dictionary_Index/source/Hezareh_Part_04_PDF_0751-1000.md#L9099-L9100,True
infantry,infantry,infantry,[],hz-018871,entry_candidate,raw_ocr,medium,4,829,,dictionary/I/I-04.md,hz-018871-infantry,sources/Hezareh_Dictionary_Index/source/Hezareh_Part_04_PDF_0751-1000.md#L9103-L9103,True
infantryman,infantryman,infantryman,[],hz-018872,entry_candidate,raw_ocr,high,4,829,,dictionary/I/I-04.md,hz-018872-infantryman,sources/Hezareh_Dictionary_Index/source/Hezareh_Part_04_PDF_0751-1000.md#L9104-L9105,True
infatuated,infatuated,infatuated,[],hz-018874,entry_candidate,raw_ocr,medium,4,829,,dictionary/I/I-04.md,hz-018874-infatuated,sources/Hezareh_Dictionary_Index/source/Hezareh_Part_04_PDF_0751-1000.md#L9108-L9109,True
infatuation,infatuation,infatuation,[],hz-018876,entry_candidate,raw_ocr,medium,4,829,,dictionary/I/I-04.md,hz-018876-infatuation,sources/Hezareh_Dictionary_Index/source/Hezareh_Part_04_PDF_0751-1000.md#L9114-L9116,True
infect,infect,infect,[],hz-018877,entry_candidate,raw_ocr,medium,4,829,,dictionary/I/I-04.md,hz-018877-infect,sources/Hezareh_Dictionary_Index/source/Hezareh_Part_04_PDF_0751-1000.md#L9117-L9122,True
infection,infection,infection,[],hz-018878,entry_candidate,raw_ocr,high,4,830,,dictionary/I/I-04.md,hz-018878-infection,sources/Hezareh_Dictionary_Index/source/Hezareh_Part_04_PDF_0751-1000.md#L9143-L9146,True
infectioUS,infectious,infectious,[],hz-018879,entry_candidate,raw_ocr,high,4,830,,dictionary/I/I-04.md,hz-018879-infectious,sources/Hezareh_Dictionary_Index/source/Hezareh_Part_04_PDF_0751-1000.md#L9147-L9151,True
infectiously I m'fekf ash,infectiously i m'fekf ash,infectiously i m'fekf ash,[],hz-018880,entry_candidate,raw_ocr,hint_only,4,830,,dictionary/I/I-04.md,hz-018880-infectiously-i-m-fekf-ash,sources/Hezareh_Dictionary_Index/source/Hezareh_Part_04_PDF_0751-1000.md#L9126-L9126,False
infectiousneSS,infectiousness,infectiousness,[],hz-018881,entry_candidate,raw_ocr,high,4,830,,dictionary/I/I-04.md,hz-018881-infectiousness,sources/Hezareh_Dictionary_Index/source/Hezareh_Part_04_PDF_0751-1000.md#L9152-L9157,True
inference,inference,inference,[],hz-018882,entry_candidate,raw_ocr,high,4,830,,dictionary/I/I-04.md,hz-018882-inference,sources/Hezareh_Dictionary_Index/source/Hezareh_Part_04_PDF_0751-1000.md#L9158-L9160,True
inferential,inferential,inferential,[],hz-018883,entry_candidate,raw_ocr,high,4,830,,dictionary/I/I-04.md,hz-018883-inferential,sources/Hezareh_Dictionary_Index/source/Hezareh_Part_04_PDF_0751-1000.md#L9161-L9162,True
inferentially,inferentially,inferentially,[],hz-018884,entry_candidate,raw_ocr,high,4,830,,dictionary/I/I-04.md,hz-018884-inferentially,sources/Hezareh_Dictionary_Index/source/Hezareh_Part_04_PDF_0751-1000.md#L9163-L9164,True
inferior,inferior,inferior,[],hz-018885,entry_candidate,raw_ocr,high,4,830,,dictionary/I/I-04.md,hz-018885-inferior,sources/Hezareh_Dictionary_Index/source/Hezareh_Part_04_PDF_0751-1000.md#L9165-L9170,True
inferiority,inferiority,inferiority,[],hz-018886,entry_candidate,raw_ocr,high,4,830,,dictionary/I/I-04.md,hz-018886-inferiority,sources/Hezareh_Dictionary_Index/source/Hezareh_Part_04_PDF_0751-1000.md#L9171-L9174,True
inferiority complex,inferiority complex,inferiority complex,[],hz-018887,entry_candidate,raw_ocr,high,4,830,,dictionary/I/I-04.md,hz-018887-inferiority-complex,sources/Hezareh_Dictionary_Index/source/Hezareh_Part_04_PDF_0751-1000.md#L9175-L9176,True
infernal,infernal,infernal,[],hz-018888,entry_candidate,raw_ocr,high,4,830,,dictionary/I/I-05.md,hz-018888-infernal,sources/Hezareh_Dictionary_Index/source/Hezareh_Part_04_PDF_0751-1000.md#L9177-L9180,True
infernally,infernally,infernally,[],hz-018889,entry_candidate,raw_ocr,high,4,830,,dictionary/I/I-05.md,hz-018889-infernally,sources/Hezareh_Dictionary_Index/source/Hezareh_Part_04_PDF_0751-1000.md#L9181-L9189,True
inferno,inferno,inferno,[],hz-018890,entry_candidate,raw_ocr,high,4,830,,dictionary/I/I-05.md,hz-018890-inferno,sources/Hezareh_Dictionary_Index/source/Hezareh_Part_04_PDF_0751-1000.md#L9190-L9197,True
infertife,infertife,infertife,[],hz-018891,entry_candidate,raw_ocr,hint_only,4,830,,dictionary/I/I-05.md,hz-018891-infertife,sources/Hezareh_Dictionary_Index/source/Hezareh_Part_04_PDF_0751-1000.md#L9126-L9126,False
infest,infest,infest,[],hz-018892,entry_candidate,raw_ocr,high,4,830,,dictionary/I/I-05.md,hz-018892-infest,sources/Hezareh_Dictionary_Index/source/Hezareh_Part_04_PDF_0751-1000.md#L9198-L9205,True
infestation,infestation,infestation,[],hz-018893,entry_candidate,raw_ocr,high,4,830,,dictionary/I/I-05.md,hz-018893-infestation,sources/Hezareh_Dictionary_Index/source/Hezareh_Part_04_PDF_0751-1000.md#L9206-L9208,True
infidel,infidel,infidel,[],hz-018894,entry_candidate,raw_ocr,high,4,830,,dictionary/I/I-05.md,hz-018894-infidel,sources/Hezareh_Dictionary_Index/source/Hezareh_Part_04_PDF_0751-1000.md#L9209-L9212,True
infidelity,infidelity,infidelity,[],hz-018895,entry_candidate,raw_ocr,high,4,830,,dictionary/I/I-05.md,hz-018895-infidelity,sources/Hezareh_Dictionary_Index/source/Hezareh_Part_04_PDF_0751-1000.md#L9213-L9219,True
infield,infield,infield,[],hz-018896,entry_candidate,raw_ocr,hint_only,4,830,,dictionary/I/I-05.md,hz-018896-infield,sources/Hezareh_Dictionary_Index/source/Hezareh_Part_04_PDF_0751-1000.md#L9126-L9126,False
infielder,infielder,infielder,[],hz-018897,entry_candidate,raw_ocr,high,4,830,,dictionary/I/I-05.md,hz-018897-infielder,sources/Hezareh_Dictionary_Index/source/Hezareh_Part_04_PDF_0751-1000.md#L9220-L9227,True
infill,infill,infill,[],hz-018899,entry_candidate,raw_ocr,low,4,830,,dictionary/I/I-05.md,hz-018899-infill,sources/Hezareh_Dictionary_Index/source/Hezareh_Part_04_PDF_0751-1000.md#L9228-L9228,True
infilling,infilling,infilling,[],hz-018900,entry_candidate,raw_ocr,high,4,830,,dictionary/I/I-05.md,hz-018900-infilling,sources/Hezareh_Dictionary_Index/source/Hezareh_Part_04_PDF_0751-1000.md#L9228-L9228,True
infiltrate,infiltrate,infiltrate,[],hz-018901,entry_candidate,raw_ocr,high,4,830,,dictionary/I/I-05.md,hz-018901-infiltrate,sources/Hezareh_Dictionary_Index/source/Hezareh_Part_04_PDF_0751-1000.md#L9229-L9237,True
infiltrator,infiltrator,infiltrator,[],hz-018902,entry_candidate,raw_ocr,medium,4,831,,dictionary/I/I-05.md,hz-018902-infiltrator,sources/Hezareh_Dictionary_Index/source/Hezareh_Part_04_PDF_0751-1000.md#L9261-L9261,True
infinite,infinite,infinite,[],hz-018903,entry_candidate,raw_ocr,medium,4,831,,dictionary/I/I-05.md,hz-018903-infinite,sources/Hezareh_Dictionary_Index/source/Hezareh_Part_04_PDF_0751-1000.md#L9262-L9264,True
infinitely,infinitely,infinitely,[],hz-018904,entry_candidate,raw_ocr,medium,4,831,,dictionary/I/I-05.md,hz-018904-infinitely,sources/Hezareh_Dictionary_Index/source/Hezareh_Part_04_PDF_0751-1000.md#L9265-L9265,True
infinites i ma II y,infinites i ma ii y,infinites i ma ii y,[],hz-018906,entry_candidate,raw_ocr,hint_only,4,831,,dictionary/I/I-05.md,hz-018906-infinites-i-ma-ii-y,sources/Hezareh_Dictionary_Index/source/Hezareh_Part_04_PDF_0751-1000.md#L9241-L9241,False
infinitesimal,infinitesimal,infinitesimal,[],hz-018905,entry_candidate,raw_ocr,low,4,831,,dictionary/I/I-05.md,hz-018905-infinitesimal,sources/Hezareh_Dictionary_Index/source/Hezareh_Part_04_PDF_0751-1000.md#L9266-L9271,True
infinitive,infinitive,infinitive,[],hz-018907,entry_candidate,raw_ocr,medium,4,831,,dictionary/I/I-05.md,hz-018907-infinitive,sources/Hezareh_Dictionary_Index/source/Hezareh_Part_04_PDF_0751-1000.md#L9272-L9274,True
infinitude,infinitude,infinitude,[],hz-018908,entry_candidate,raw_ocr,medium,4,831,,dictionary/I/I-05.md,hz-018908-infinitude,sources/Hezareh_Dictionary_Index/source/Hezareh_Part_04_PDF_0751-1000.md#L9275-L9283,True
infinity,infinity,infinity,[],hz-018909,entry_candidate,raw_ocr,low,4,831,,dictionary/I/I-05.md,hz-018909-infinity,sources/Hezareh_Dictionary_Index/source/Hezareh_Part_04_PDF_0751-1000.md#L9284-L9287,True
infirm,infirm,infirm,[],hz-018910,entry_candidate,raw_ocr,low,4,831,,dictionary/I/I-05.md,hz-018910-infirm,sources/Hezareh_Dictionary_Index/source/Hezareh_Part_04_PDF_0751-1000.md#L9288-L9288,True
infirmary,infirmary,infirmary,[],hz-018911,entry_candidate,raw_ocr,high,4,831,,dictionary/I/I-05.md,hz-018911-infirmary,sources/Hezareh_Dictionary_Index/source/Hezareh_Part_04_PDF_0751-1000.md#L9289-L9291,True
infirmity,infirmity,infirmity,[],hz-018912,entry_candidate,raw_ocr,high,4,831,,dictionary/I/I-05.md,hz-018912-infirmity,sources/Hezareh_Dictionary_Index/source/Hezareh_Part_04_PDF_0751-1000.md#L9292-L9308,True
inflame,inflame,inflame,[],hz-018913,entry_candidate,raw_ocr,hint_only,4,831,,dictionary/I/I-05.md,hz-018913-inflame,sources/Hezareh_Dictionary_Index/source/Hezareh_Part_04_PDF_0751-1000.md#L9241-L9241,False
inflamed,inflamed,inflamed,[],hz-018914,entry_candidate,raw_ocr,medium,4,831,,dictionary/I/I-05.md,hz-018914-inflamed,sources/Hezareh_Dictionary_Index/source/Hezareh_Part_04_PDF_0751-1000.md#L9309-L9310,True
inflammable,inflammable,inflammable,[],hz-018915,entry_candidate,raw_ocr,medium,4,831,,dictionary/I/I-05.md,hz-018915-inflammable,sources/Hezareh_Dictionary_Index/source/Hezareh_Part_04_PDF_0751-1000.md#L9311-L9313,True
inflammation,inflammation,inflammation,[],hz-018916,entry_candidate,raw_ocr,medium,4,831,,dictionary/I/I-05.md,hz-018916-inflammation,sources/Hezareh_Dictionary_Index/source/Hezareh_Part_04_PDF_0751-1000.md#L9314-L9316,True
inflammatory,inflammatory,inflammatory,[],hz-018917,entry_candidate,raw_ocr,high,4,831,,dictionary/I/I-05.md,hz-018917-inflammatory,sources/Hezareh_Dictionary_Index/source/Hezareh_Part_04_PDF_0751-1000.md#L9317-L9319,True
inflatable,inflatable,inflatable,[],hz-018918,entry_candidate,raw_ocr,medium,4,831,,dictionary/I/I-05.md,hz-018918-inflatable,sources/Hezareh_Dictionary_Index/source/Hezareh_Part_04_PDF_0751-1000.md#L9320-L9322,True
inflate,inflate,inflate,[],hz-018919,entry_candidate,raw_ocr,medium,4,831,,dictionary/I/I-05.md,hz-018919-inflate,sources/Hezareh_Dictionary_Index/source/Hezareh_Part_04_PDF_0751-1000.md#L9323-L9335,True
inflatedtm'flcnrd,inflatedtm'flcnrd,inflatedtm'flcnrd,[],hz-018920,entry_candidate,raw_ocr,hint_only,4,831,,dictionary/I/I-05.md,hz-018920-inflatedtm-flcnrd,sources/Hezareh_Dictionary_Index/source/Hezareh_Part_04_PDF_0751-1000.md#L9241-L9241,False
inflation,inflation,inflation,[],hz-018921,entry_candidate,raw_ocr,medium,4,831,,dictionary/I/I-05.md,hz-018921-inflation,sources/Hezareh_Dictionary_Index/source/Hezareh_Part_04_PDF_0751-1000.md#L9336-L9338,True
inflationary,inflationary,inflationary,[],hz-018922,entry_candidate,raw_ocr,medium,4,831,,dictionary/I/I-05.md,hz-018922-inflationary,sources/Hezareh_Dictionary_Index/source/Hezareh_Part_04_PDF_0751-1000.md#L9339-L9342,True
inflect,inflect,inflect,[],hz-018923,entry_candidate,raw_ocr,medium,4,831,,dictionary/I/I-05.md,hz-018923-inflect,sources/Hezareh_Dictionary_Index/source/Hezareh_Part_04_PDF_0751-1000.md#L9343-L9346,True
inflected,inflected,inflected,[],hz-018924,entry_candidate,raw_ocr,low,4,831,,dictionary/I/I-05.md,hz-018924-inflected,sources/Hezareh_Dictionary_Index/source/Hezareh_Part_04_PDF_0751-1000.md#L9347-L9347,True
inflection,inflection,inflection,[],hz-018925,entry_candidate,raw_ocr,medium,4,831,,dictionary/I/I-05.md,hz-018925-inflection,sources/Hezareh_Dictionary_Index/source/Hezareh_Part_04_PDF_0751-1000.md#L9348-L9349,True
inflectional,inflectional,inflectional,[],hz-018926,entry_candidate,raw_ocr,low,4,832,,dictionary/I/I-05.md,hz-018926-inflectional,sources/Hezareh_Dictionary_Index/source/Hezareh_Part_04_PDF_0751-1000.md#L9368-L9369,True
inflexibility,inflexibility,inflexibility,[],hz-018927,entry_candidate,raw_ocr,medium,4,832,,dictionary/I/I-05.md,hz-018927-inflexibility,sources/Hezareh_Dictionary_Index/source/Hezareh_Part_04_PDF_0751-1000.md#L9370-L9373,True
inflexible,inflexible,inflexible,[],hz-018928,entry_candidate,raw_ocr,medium,4,832,,dictionary/I/I-05.md,hz-018928-inflexible,sources/Hezareh_Dictionary_Index/source/Hezareh_Part_04_PDF_0751-1000.md#L9374-L9378,True
inflexibly,inflexibly,inflexibly,[],hz-018929,entry_candidate,raw_ocr,medium,4,832,,dictionary/I/I-05.md,hz-018929-inflexibly,sources/Hezareh_Dictionary_Index/source/Hezareh_Part_04_PDF_0751-1000.md#L9379-L9382,True
inflexion,inflexion,inflexion,[],hz-018930,entry_candidate,raw_ocr,high,4,832,,dictionary/I/I-05.md,hz-018930-inflexion,sources/Hezareh_Dictionary_Index/source/Hezareh_Part_04_PDF_0751-1000.md#L9383-L9388,True
inflict,inflict,inflict,[],hz-018931,entry_candidate,raw_ocr,high,4,832,,dictionary/I/I-05.md,hz-018931-inflict,sources/Hezareh_Dictionary_Index/source/Hezareh_Part_04_PDF_0751-1000.md#L9389-L9392,True
inflict oneself,inflict oneself,inflict oneself,[],hz-018932,entry_candidate,raw_ocr,hint_only,4,832,,dictionary/I/I-05.md,hz-018932-inflict-oneself,sources/Hezareh_Dictionary_Index/source/Hezareh_Part_04_PDF_0751-1000.md#L9353-L9353,False
inflOW,inflow,inflow,[],hz-018934,entry_candidate,raw_ocr,medium,4,832,,dictionary/I/I-05.md,hz-018934-inflow,sources/Hezareh_Dictionary_Index/source/Hezareh_Part_04_PDF_0751-1000.md#L9399-L9405,True
inflow pipe,inflow pipe,inflow pipe,[],hz-018935,entry_candidate,raw_ocr,medium,4,832,,dictionary/I/I-05.md,hz-018935-inflow-pipe,sources/Hezareh_Dictionary_Index/source/Hezareh_Part_04_PDF_0751-1000.md#L9399-L9405,True
influence,influence,influence,[],hz-018936,entry_candidate,raw_ocr,low,4,832,,dictionary/I/I-05.md,hz-018936-influence,sources/Hezareh_Dictionary_Index/source/Hezareh_Part_04_PDF_0751-1000.md#L9406-L9418,True
influentially,influentially,influentially,[],hz-018938,entry_candidate,raw_ocr,high,4,832,,dictionary/I/I-05.md,hz-018938-influentially,sources/Hezareh_Dictionary_Index/source/Hezareh_Part_04_PDF_0751-1000.md#L9419-L9420,True
influenza,influenza,influenza,[],hz-018939,entry_candidate,raw_ocr,high,4,832,,dictionary/I/I-05.md,hz-018939-influenza,sources/Hezareh_Dictionary_Index/source/Hezareh_Part_04_PDF_0751-1000.md#L9421-L9421,True
influx,influx,influx,[],hz-018940,entry_candidate,raw_ocr,high,4,832,,dictionary/I/I-05.md,hz-018940-influx,sources/Hezareh_Dictionary_Index/source/Hezareh_Part_04_PDF_0751-1000.md#L9422-L9424,True
info,info,info,[],hz-018941,entry_candidate,raw_ocr,high,4,832,,dictionary/I/I-05.md,hz-018941-info,sources/Hezareh_Dictionary_Index/source/Hezareh_Part_04_PDF_0751-1000.md#L9425-L9425,True
inform,inform,inform,[],hz-018942,entry_candidate,raw_ocr,high,4,832,,dictionary/I/I-05.md,hz-018942-inform,sources/Hezareh_Dictionary_Index/source/Hezareh_Part_04_PDF_0751-1000.md#L9426-L9439,True
informality,informality,informality,[],hz-018943,entry_candidate,raw_ocr,high,4,832,,dictionary/I/I-05.md,hz-018943-informality,sources/Hezareh_Dictionary_Index/source/Hezareh_Part_04_PDF_0751-1000.md#L9440-L9444,True
informally,informally,informally,[],hz-018944,entry_candidate,raw_ocr,high,4,832,,dictionary/I/I-05.md,hz-018944-informally,sources/Hezareh_Dictionary_Index/source/Hezareh_Part_04_PDF_0751-1000.md#L9445-L9451,True
information,information,information,[],hz-018945,entry_candidate,raw_ocr,high,4,832,,dictionary/I/I-05.md,hz-018945-information,sources/Hezareh_Dictionary_Index/source/Hezareh_Part_04_PDF_0751-1000.md#L9452-L9456,True
information technology,information technology,information technology,[],hz-018947,entry_candidate,raw_ocr,high,4,832,,dictionary/I/I-05.md,hz-018947-information-technology,sources/Hezareh_Dictionary_Index/source/Hezareh_Part_04_PDF_0751-1000.md#L9459-L9464,True
informational,informational,informational,[],hz-018946,entry_candidate,raw_ocr,high,4,832,,dictionary/I/I-05.md,hz-018946-informational,sources/Hezareh_Dictionary_Index/source/Hezareh_Part_04_PDF_0751-1000.md#L9457-L9458,True
informative,informative,informative,[],hz-018948,entry_candidate,raw_ocr,high,4,833,,dictionary/I/I-05.md,hz-018948-informative,sources/Hezareh_Dictionary_Index/source/Hezareh_Part_04_PDF_0751-1000.md#L9477-L9482,True
informed,informed,informed,[],hz-018949,entry_candidate,raw_ocr,medium,4,833,,dictionary/I/I-05.md,hz-018949-informed,sources/Hezareh_Dictionary_Index/source/Hezareh_Part_04_PDF_0751-1000.md#L9483-L9486,True
informer,informer,informer,[],hz-018950,entry_candidate,raw_ocr,medium,4,833,,dictionary/I/I-05.md,hz-018950-informer,sources/Hezareh_Dictionary_Index/source/Hezareh_Part_04_PDF_0751-1000.md#L9487-L9491,True
infotainment,infotainment,infotainment,[],hz-018951,entry_candidate,raw_ocr,hint_only,4,833,,dictionary/I/I-05.md,hz-018951-infotainment,sources/Hezareh_Dictionary_Index/source/Hezareh_Part_04_PDF_0751-1000.md#L9468-L9468,False
infra,infra,infra,[],hz-018952,entry_candidate,raw_ocr,medium,4,833,,dictionary/I/I-05.md,hz-018952-infra,sources/Hezareh_Dictionary_Index/source/Hezareh_Part_04_PDF_0751-1000.md#L9494-L9496,True
infra dig,infra dig,infra dig,[],hz-018954,entry_candidate,raw_ocr,medium,4,833,,dictionary/I/I-05.md,hz-018954-infra-dig,sources/Hezareh_Dictionary_Index/source/Hezareh_Part_04_PDF_0751-1000.md#L9494-L9496,True
infra-red,infra-red,infra-red,[],hz-018955,entry_candidate,raw_ocr,medium,4,833,,dictionary/I/I-05.md,hz-018955-infra-red,sources/Hezareh_Dictionary_Index/source/Hezareh_Part_04_PDF_0751-1000.md#L9497-L9497,True
infraction,infraction,infraction,[],hz-018953,entry_candidate,raw_ocr,medium,4,833,,dictionary/I/I-05.md,hz-018953-infraction,sources/Hezareh_Dictionary_Index/source/Hezareh_Part_04_PDF_0751-1000.md#L9492-L9493,True
infrastructural,infrastructural,infrastructural,[],hz-018956,entry_candidate,raw_ocr,medium,4,833,,dictionary/I/I-05.md,hz-018956-infrastructural,sources/Hezareh_Dictionary_Index/source/Hezareh_Part_04_PDF_0751-1000.md#L9498-L9499,True
infrastructure,infrastructure,infrastructure,[],hz-018957,entry_candidate,raw_ocr,medium,4,833,,dictionary/I/I-05.md,hz-018957-infrastructure,sources/Hezareh_Dictionary_Index/source/Hezareh_Part_04_PDF_0751-1000.md#L9500-L9502,True
infrequency,infrequency,infrequency,[],hz-018958,entry_candidate,raw_ocr,medium,4,833,,dictionary/I/I-05.md,hz-018958-infrequency,sources/Hezareh_Dictionary_Index/source/Hezareh_Part_04_PDF_0751-1000.md#L9503-L9504,True
infrequent,infrequent,infrequent,[],hz-018959,entry_candidate,raw_ocr,medium,4,833,,dictionary/I/I-05.md,hz-018959-infrequent,sources/Hezareh_Dictionary_Index/source/Hezareh_Part_04_PDF_0751-1000.md#L9505-L9512,True
infringe,infringe,infringe,[],hz-018960,entry_candidate,raw_ocr,medium,4,833,,dictionary/I/I-05.md,hz-018960-infringe,sources/Hezareh_Dictionary_Index/source/Hezareh_Part_04_PDF_0751-1000.md#L9513-L9515,True
infringe on,infringe on,infringe on,[],hz-018961,entry_candidate,raw_ocr,medium,4,833,,dictionary/I/I-05.md,hz-018961-infringe-on,sources/Hezareh_Dictionary_Index/source/Hezareh_Part_04_PDF_0751-1000.md#L9513-L9515,True
infringement,infringement,infringement,[],hz-018962,entry_candidate,raw_ocr,medium,4,833,,dictionary/I/I-05.md,hz-018962-infringement,sources/Hezareh_Dictionary_Index/source/Hezareh_Part_04_PDF_0751-1000.md#L9516-L9519,True
infuriate,infuriate,infuriate,[],hz-018963,entry_candidate,raw_ocr,low,4,833,,dictionary/I/I-05.md,hz-018963-infuriate,sources/Hezareh_Dictionary_Index/source/Hezareh_Part_04_PDF_0751-1000.md#L9520-L9522,True
infuriating,infuriating,infuriating,[],hz-018964,entry_candidate,raw_ocr,low,4,833,,dictionary/I/I-05.md,hz-018964-infuriating,sources/Hezareh_Dictionary_Index/source/Hezareh_Part_04_PDF_0751-1000.md#L9523-L9528,True
infuriatingly,infuriatingly,infuriatingly,[],hz-018965,entry_candidate,raw_ocr,high,4,833,,dictionary/I/I-05.md,hz-018965-infuriatingly,sources/Hezareh_Dictionary_Index/source/Hezareh_Part_04_PDF_0751-1000.md#L9529-L9531,True
infuse,infuse,infuse,[],hz-018966,entry_candidate,raw_ocr,high,4,833,,dictionary/I/I-05.md,hz-018966-infuse,sources/Hezareh_Dictionary_Index/source/Hezareh_Part_04_PDF_0751-1000.md#L9532-L9541,True
infusion,infusion,infusion,[],hz-018967,entry_candidate,raw_ocr,hint_only,4,833,,dictionary/I/I-05.md,hz-018967-infusion,sources/Hezareh_Dictionary_Index/source/Hezareh_Part_04_PDF_0751-1000.md#L9468-L9468,False
ingathering,ingathering,ingathering,[],hz-018968,entry_candidate,raw_ocr,high,4,833,,dictionary/I/I-05.md,hz-018968-ingathering,sources/Hezareh_Dictionary_Index/source/Hezareh_Part_04_PDF_0751-1000.md#L9542-L9543,True
ingenioUS,ingenious,ingenious,[],hz-018969,entry_candidate,raw_ocr,high,4,833,,dictionary/I/I-05.md,hz-018969-ingenious,sources/Hezareh_Dictionary_Index/source/Hezareh_Part_04_PDF_0751-1000.md#L9544-L9546,True
ingeniously,ingeniously,ingeniously,[],hz-018970,entry_candidate,raw_ocr,high,4,833,,dictionary/I/I-05.md,hz-018970-ingeniously,sources/Hezareh_Dictionary_Index/source/Hezareh_Part_04_PDF_0751-1000.md#L9547-L9550,True
ingenue,ingenue,ingenue,[],hz-018971,entry_candidate,raw_ocr,hint_only,4,833,,dictionary/I/I-05.md,hz-018971-ingenue,sources/Hezareh_Dictionary_Index/source/Hezareh_Part_04_PDF_0751-1000.md#L9468-L9468,False
ingenuity,ingenuity,ingenuity,[],hz-018972,entry_candidate,raw_ocr,high,4,833,,dictionary/I/I-05.md,hz-018972-ingenuity,sources/Hezareh_Dictionary_Index/source/Hezareh_Part_04_PDF_0751-1000.md#L9551-L9552,True
ingenuOUS,ingenuous,ingenuous,[],hz-018973,entry_candidate,raw_ocr,high,4,833,,dictionary/I/I-05.md,hz-018973-ingenuous,sources/Hezareh_Dictionary_Index/source/Hezareh_Part_04_PDF_0751-1000.md#L9553-L9556,True
ingenuously,ingenuously,ingenuously,[],hz-018974,entry_candidate,raw_ocr,high,4,833,,dictionary/I/I-05.md,hz-018974-ingenuously,sources/Hezareh_Dictionary_Index/source/Hezareh_Part_04_PDF_0751-1000.md#L9557-L9559,True
ingenuousness,ingenuousness,ingenuousness,[],hz-018975,entry_candidate,raw_ocr,high,4,833,,dictionary/I/I-05.md,hz-018975-ingenuousness,sources/Hezareh_Dictionary_Index/source/Hezareh_Part_04_PDF_0751-1000.md#L9560-L9562,True
ingest,ingest,ingest,[],hz-018976,entry_candidate,raw_ocr,high,4,833,,dictionary/I/I-05.md,hz-018976-ingest,sources/Hezareh_Dictionary_Index/source/Hezareh_Part_04_PDF_0751-1000.md#L9563-L9565,True
ingestion,ingestion,ingestion,[],hz-018977,entry_candidate,raw_ocr,high,4,833,,dictionary/I/I-05.md,hz-018977-ingestion,sources/Hezareh_Dictionary_Index/source/Hezareh_Part_04_PDF_0751-1000.md#L9566-L9568,True
inglorioUS,inglorious,inglorious,[],hz-018978,entry_candidate,raw_ocr,high,4,833,,dictionary/I/I-05.md,hz-018978-inglorious,sources/Hezareh_Dictionary_Index/source/Hezareh_Part_04_PDF_0751-1000.md#L9569-L9570,True
ingloriously,ingloriously,ingloriously,[],hz-018979,entry_candidate,raw_ocr,high,4,833,,dictionary/I/I-05.md,hz-018979-ingloriously,sources/Hezareh_Dictionary_Index/source/Hezareh_Part_04_PDF_0751-1000.md#L9571-L9576,True
ingot,ingot,ingot,[],hz-018980,entry_candidate,raw_ocr,medium,4,834,,dictionary/I/I-05.md,hz-018980-ingot,sources/Hezareh_Dictionary_Index/source/Hezareh_Part_04_PDF_0751-1000.md#L9590-L9590,True
ingraft,ingraft,ingraft,[],hz-018981,entry_candidate,raw_ocr,high,4,834,,dictionary/I/I-05.md,hz-018981-ingraft,sources/Hezareh_Dictionary_Index/source/Hezareh_Part_04_PDF_0751-1000.md#L9591-L9596,True
ingrained,ingrained,ingrained,[],hz-018982,entry_candidate,raw_ocr,high,4,834,,dictionary/I/I-05.md,hz-018982-ingrained,sources/Hezareh_Dictionary_Index/source/Hezareh_Part_04_PDF_0751-1000.md#L9597-L9598,True
ingratiate,ingratiate,ingratiate,[],hz-018983,entry_candidate,raw_ocr,high,4,834,,dictionary/I/I-05.md,hz-018983-ingratiate,sources/Hezareh_Dictionary_Index/source/Hezareh_Part_04_PDF_0751-1000.md#L9599-L9602,True
ingratiating,ingratiating,ingratiating,[],hz-018984,entry_candidate,raw_ocr,high,4,834,,dictionary/I/I-05.md,hz-018984-ingratiating,sources/Hezareh_Dictionary_Index/source/Hezareh_Part_04_PDF_0751-1000.md#L9603-L9605,True
ingratiatingly,ingratiatingly,ingratiatingly,[],hz-018985,entry_candidate,raw_ocr,medium,4,834,,dictionary/I/I-05.md,hz-018985-ingratiatingly,sources/Hezareh_Dictionary_Index/source/Hezareh_Part_04_PDF_0751-1000.md#L9606-L9609,True
ingredient,ingredient,ingredient,[],hz-018986,entry_candidate,raw_ocr,low,4,834,,dictionary/I/I-05.md,hz-018986-ingredient,sources/Hezareh_Dictionary_Index/source/Hezareh_Part_04_PDF_0751-1000.md#L9610-L9611,True
ingress,ingress,ingress,[],hz-018987,entry_candidate,raw_ocr,medium,4,834,,dictionary/I/I-05.md,hz-018987-ingress,sources/Hezareh_Dictionary_Index/source/Hezareh_Part_04_PDF_0751-1000.md#L9612-L9614,True
ingrowing,ingrowing,ingrowing,[],hz-018988,entry_candidate,raw_ocr,medium,4,834,,dictionary/I/I-05.md,hz-018988-ingrowing,sources/Hezareh_Dictionary_Index/source/Hezareh_Part_04_PDF_0751-1000.md#L9615-L9616,True
inhabit,inhabit,inhabit,[],hz-018989,entry_candidate,raw_ocr,medium,4,834,,dictionary/I/I-05.md,hz-018989-inhabit,sources/Hezareh_Dictionary_Index/source/Hezareh_Part_04_PDF_0751-1000.md#L9617-L9619,True
inhabitant,inhabitant,inhabitant,[],hz-018990,entry_candidate,raw_ocr,medium,4,834,,dictionary/I/I-05.md,hz-018990-inhabitant,sources/Hezareh_Dictionary_Index/source/Hezareh_Part_04_PDF_0751-1000.md#L9620-L9621,True
inhabited,inhabited,inhabited,[],hz-018991,entry_candidate,raw_ocr,medium,4,834,,dictionary/I/I-05.md,hz-018991-inhabited,sources/Hezareh_Dictionary_Index/source/Hezareh_Part_04_PDF_0751-1000.md#L9622-L9623,True
inhalation,inhalation,inhalation,[],hz-018992,entry_candidate,raw_ocr,medium,4,834,,dictionary/I/I-05.md,hz-018992-inhalation,sources/Hezareh_Dictionary_Index/source/Hezareh_Part_04_PDF_0751-1000.md#L9624-L9626,True
inhale,inhale,inhale,[],hz-018993,entry_candidate,raw_ocr,medium,4,834,,dictionary/I/I-05.md,hz-018993-inhale,sources/Hezareh_Dictionary_Index/source/Hezareh_Part_04_PDF_0751-1000.md#L9627-L9631,True
inhaler,inhaler,inhaler,[],hz-018994,entry_candidate,raw_ocr,medium,4,834,,dictionary/I/I-05.md,hz-018994-inhaler,sources/Hezareh_Dictionary_Index/source/Hezareh_Part_04_PDF_0751-1000.md#L9632-L9633,True
inharmonious,inharmonious,inharmonious,[],hz-018995,entry_candidate,raw_ocr,medium,4,834,,dictionary/I/I-05.md,hz-018995-inharmonious,sources/Hezareh_Dictionary_Index/source/Hezareh_Part_04_PDF_0751-1000.md#L9634-L9642,True
inherent,inherent,inherent,[],hz-018996,entry_candidate,raw_ocr,high,4,834,,dictionary/I/I-05.md,hz-018996-inherent,sources/Hezareh_Dictionary_Index/source/Hezareh_Part_04_PDF_0751-1000.md#L9643-L9643,True
inherit,inherit,inherit,[],hz-018997,entry_candidate,raw_ocr,high,4,834,,dictionary/I/I-05.md,hz-018997-inherit,sources/Hezareh_Dictionary_Index/source/Hezareh_Part_04_PDF_0751-1000.md#L9644-L9646,True
inheritance,inheritance,inheritance,[],hz-018998,entry_candidate,raw_ocr,high,4,834,,dictionary/I/I-05.md,hz-018998-inheritance,sources/Hezareh_Dictionary_Index/source/Hezareh_Part_04_PDF_0751-1000.md#L9647-L9649,True
inheritor,inheritor,inheritor,[],hz-018999,entry_candidate,raw_ocr,high,4,834,,dictionary/I/I-05.md,hz-018999-inheritor,sources/Hezareh_Dictionary_Index/source/Hezareh_Part_04_PDF_0751-1000.md#L9650-L9657,True
inhibit,inhibit,inhibit,[],hz-019000,entry_candidate,raw_ocr,hint_only,4,834,,dictionary/I/I-05.md,hz-019000-inhibit,sources/Hezareh_Dictionary_Index/source/Hezareh_Part_04_PDF_0751-1000.md#L9580-L9580,False
inhibited,inhibited,inhibited,[],hz-019001,entry_candidate,raw_ocr,high,4,834,,dictionary/I/I-05.md,hz-019001-inhibited,sources/Hezareh_Dictionary_Index/source/Hezareh_Part_04_PDF_0751-1000.md#L9658-L9662,True
inhibiting,inhibiting,inhibiting,[],hz-019002,entry_candidate,raw_ocr,high,4,834,,dictionary/I/I-05.md,hz-019002-inhibiting,sources/Hezareh_Dictionary_Index/source/Hezareh_Part_04_PDF_0751-1000.md#L9663-L9664,True
inhibition,inhibition,inhibition,[],hz-019003,entry_candidate,raw_ocr,high,4,834,,dictionary/I/I-05.md,hz-019003-inhibition,sources/Hezareh_Dictionary_Index/source/Hezareh_Part_04_PDF_0751-1000.md#L9665-L9667,True
inhibitory,inhibitory,inhibitory,[],hz-019009,entry_candidate,raw_ocr,high,4,834,,dictionary/I/I-05.md,hz-019009-inhibitory,sources/Hezareh_Dictionary_Index/source/Hezareh_Part_04_PDF_0751-1000.md#L9668-L9669,True
inhospitable,inhospitable,inhospitable,[],hz-019004,entry_candidate,raw_ocr,high,4,834,,dictionary/I/I-05.md,hz-019004-inhospitable,sources/Hezareh_Dictionary_Index/source/Hezareh_Part_04_PDF_0751-1000.md#L9670-L9674,True
inhuman,inhuman,inhuman,[],hz-019005,entry_candidate,raw_ocr,high,4,834,,dictionary/I/I-05.md,hz-019005-inhuman,sources/Hezareh_Dictionary_Index/source/Hezareh_Part_04_PDF_0751-1000.md#L9675-L9677,True
inhumane,inhumane,inhumane,[],hz-019006,entry_candidate,raw_ocr,high,4,834,,dictionary/I/I-05.md,hz-019006-inhumane,sources/Hezareh_Dictionary_Index/source/Hezareh_Part_04_PDF_0751-1000.md#L9678-L9683,True
inhumanity,inhumanity,inhumanity,[],hz-019007,entry_candidate,raw_ocr,high,4,834,,dictionary/I/I-05.md,hz-019007-inhumanity,sources/Hezareh_Dictionary_Index/source/Hezareh_Part_04_PDF_0751-1000.md#L9684-L9686,True
inimical,inimical,inimical,[],hz-019008,entry_candidate,raw_ocr,high,4,834,,dictionary/I/I-05.md,hz-019008-inimical,sources/Hezareh_Dictionary_Index/source/Hezareh_Part_04_PDF_0751-1000.md#L9687-L9691,True
inimitable,inimitable,inimitable,[],hz-019010,entry_candidate,raw_ocr,high,4,835,,dictionary/I/I-05.md,hz-019010-inimitable,sources/Hezareh_Dictionary_Index/source/Hezareh_Part_04_PDF_0751-1000.md#L9704-L9714,True
iniquitOUS,iniquitous,iniquitous,[],hz-019011,entry_candidate,raw_ocr,hint_only,4,835,,dictionary/I/I-05.md,hz-019011-iniquitous,sources/Hezareh_Dictionary_Index/source/Hezareh_Part_04_PDF_0751-1000.md#L9695-L9695,False
iniquitously,iniquitously,iniquitously,[],hz-019012,entry_candidate,raw_ocr,medium,4,835,,dictionary/I/I-05.md,hz-019012-iniquitously,sources/Hezareh_Dictionary_Index/source/Hezareh_Part_04_PDF_0751-1000.md#L9715-L9716,True
iniquity,iniquity,iniquity,[],hz-019013,entry_candidate,raw_ocr,medium,4,835,,dictionary/I/I-05.md,hz-019013-iniquity,sources/Hezareh_Dictionary_Index/source/Hezareh_Part_04_PDF_0751-1000.md#L9717-L9719,True
initial,initial,initial,[],hz-019014,entry_candidate,raw_ocr,high,4,835,,dictionary/I/I-05.md,hz-019014-initial,sources/Hezareh_Dictionary_Index/source/Hezareh_Part_04_PDF_0751-1000.md#L9720-L9726,True
initially,initially,initially,[],hz-019015,entry_candidate,raw_ocr,medium,4,835,,dictionary/I/I-05.md,hz-019015-initially,sources/Hezareh_Dictionary_Index/source/Hezareh_Part_04_PDF_0751-1000.md#L9727-L9731,True
initiate,initiate,initiate,[],hz-019016,entry_candidate,raw_ocr,low,4,835,,dictionary/I/I-05.md,hz-019016-initiate,sources/Hezareh_Dictionary_Index/source/Hezareh_Part_04_PDF_0751-1000.md#L9732-L9737,True
initiated,initiated,initiated,[],hz-019017,entry_candidate,raw_ocr,hint_only,4,835,,dictionary/I/I-05.md,hz-019017-initiated,sources/Hezareh_Dictionary_Index/source/Hezareh_Part_04_PDF_0751-1000.md#L9695-L9695,False
initiation,initiation,initiation,[],hz-019018,entry_candidate,raw_ocr,low,4,835,,dictionary/I/I-05.md,hz-019018-initiation,sources/Hezareh_Dictionary_Index/source/Hezareh_Part_04_PDF_0751-1000.md#L9738-L9740,True
initiative,initiative,initiative,[],hz-019019,entry_candidate,raw_ocr,medium,4,835,,dictionary/I/I-05.md,hz-019019-initiative,sources/Hezareh_Dictionary_Index/source/Hezareh_Part_04_PDF_0751-1000.md#L9741-L9745,True
inject,inject,inject,[],hz-019021,entry_candidate,raw_ocr,low,4,835,,dictionary/I/I-05.md,hz-019021-inject,sources/Hezareh_Dictionary_Index/source/Hezareh_Part_04_PDF_0751-1000.md#L9751-L9760,True
injection,injection,injection,[],hz-019022,entry_candidate,raw_ocr,low,4,835,,dictionary/I/I-05.md,hz-019022-injection,sources/Hezareh_Dictionary_Index/source/Hezareh_Part_04_PDF_0751-1000.md#L9761-L9762,True
injudiciOUS,injudicious,injudicious,[],hz-019024,entry_candidate,raw_ocr,medium,4,835,,dictionary/I/I-05.md,hz-019024-injudicious,sources/Hezareh_Dictionary_Index/source/Hezareh_Part_04_PDF_0751-1000.md#L9764-L9765,True
injudiciously,injudiciously,injudiciously,[],hz-019025,entry_candidate,raw_ocr,medium,4,835,,dictionary/I/I-05.md,hz-019025-injudiciously,sources/Hezareh_Dictionary_Index/source/Hezareh_Part_04_PDF_0751-1000.md#L9766-L9771,True
injure,injure,injure,[],hz-019026,entry_candidate,raw_ocr,medium,4,835,,dictionary/I/I-05.md,hz-019026-injure,sources/Hezareh_Dictionary_Index/source/Hezareh_Part_04_PDF_0751-1000.md#L9772-L9777,True
injured,injured,injured,[],hz-019027,entry_candidate,raw_ocr,low,4,835,,dictionary/I/I-05.md,hz-019027-injured,sources/Hezareh_Dictionary_Index/source/Hezareh_Part_04_PDF_0751-1000.md#L9778-L9792,True
injury time,injury time,injury time,[],hz-019028,entry_candidate,raw_ocr,medium,4,835,,dictionary/I/I-05.md,hz-019028-injury-time,sources/Hezareh_Dictionary_Index/source/Hezareh_Part_04_PDF_0751-1000.md#L9793-L9794,True
injustice,injustice,injustice,[],hz-019029,entry_candidate,raw_ocr,medium,4,835,,dictionary/I/I-05.md,hz-019029-injustice,sources/Hezareh_Dictionary_Index/source/Hezareh_Part_04_PDF_0751-1000.md#L9795-L9801,True
ink eraser,ink eraser,ink eraser,[],hz-019030,entry_candidate,raw_ocr,medium,4,835,,dictionary/I/I-05.md,hz-019030-ink-eraser,sources/Hezareh_Dictionary_Index/source/Hezareh_Part_04_PDF_0751-1000.md#L9802-L9803,True
ink-pad,ink-pad,ink-pad,[],hz-019032,entry_candidate,raw_ocr,low,4,836,,dictionary/I/I-05.md,hz-019032-ink-pad,sources/Hezareh_Dictionary_Index/source/Hezareh_Part_04_PDF_0751-1000.md#L9829-L9829,True
ink-pot,ink-pot,ink-pot,[],hz-019033,entry_candidate,raw_ocr,high,4,836,,dictionary/I/I-05.md,hz-019033-ink-pot,sources/Hezareh_Dictionary_Index/source/Hezareh_Part_04_PDF_0751-1000.md#L9830-L9830,True
ink-well,ink-well,ink-well,[],hz-019035,entry_candidate,raw_ocr,medium,4,836,,dictionary/I/I-05.md,hz-019035-ink-well,sources/Hezareh_Dictionary_Index/source/Hezareh_Part_04_PDF_0751-1000.md#L9832-L9832,True
inkling,inkling,inkling,[],hz-019031,entry_candidate,raw_ocr,medium,4,836,,dictionary/I/I-05.md,hz-019031-inkling,sources/Hezareh_Dictionary_Index/source/Hezareh_Part_04_PDF_0751-1000.md#L9817-L9828,True
inkstand,inkstand,inkstand,[],hz-019034,entry_candidate,raw_ocr,medium,4,836,,dictionary/I/I-05.md,hz-019034-inkstand,sources/Hezareh_Dictionary_Index/source/Hezareh_Part_04_PDF_0751-1000.md#L9831-L9831,True
inky,inky,inky,[],hz-019042,entry_candidate,raw_ocr,high,4,836,,dictionary/I/I-05.md,hz-019042-inky,sources/Hezareh_Dictionary_Index/source/Hezareh_Part_04_PDF_0751-1000.md#L9833-L9846,True
inland,inland,inland,[],hz-019043,entry_candidate,raw_ocr,medium,4,836,,dictionary/I/I-05.md,hz-019043-inland,sources/Hezareh_Dictionary_Index/source/Hezareh_Part_04_PDF_0751-1000.md#L9847-L9849,True
Inland Revenue,inland revenue,inland revenue,[],hz-019049,entry_candidate,raw_ocr,medium,4,836,,dictionary/I/I-05.md,hz-019049-inland-revenue,sources/Hezareh_Dictionary_Index/source/Hezareh_Part_04_PDF_0751-1000.md#L9847-L9849,True
inlet,inlet,inlet,[],hz-019036,entry_candidate,raw_ocr,high,4,836,,dictionary/I/I-05.md,hz-019036-inlet,sources/Hezareh_Dictionary_Index/source/Hezareh_Part_04_PDF_0751-1000.md#L9869-L9870,True
inmate,inmate,inmate,[],hz-019038,entry_candidate,raw_ocr,hint_only,4,836,,dictionary/I/I-05.md,hz-019038-inmate,sources/Hezareh_Dictionary_Index/source/Hezareh_Part_04_PDF_0751-1000.md#L9807-L9807,False
inmost,inmost,inmost,[],hz-019040,entry_candidate,raw_ocr,high,4,836,,dictionary/I/I-05.md,hz-019040-inmost,sources/Hezareh_Dictionary_Index/source/Hezareh_Part_04_PDF_0751-1000.md#L9878-L9883,True
inn,inn,inn,[],hz-019041,entry_candidate,raw_ocr,high,4,836,,dictionary/I/I-05.md,hz-019041-inn,sources/Hezareh_Dictionary_Index/source/Hezareh_Part_04_PDF_0751-1000.md#L9884-L9886,True
innate,innate,innate,[],hz-019044,entry_candidate,raw_ocr,high,4,836,,dictionary/I/I-05.md,hz-019044-innate,sources/Hezareh_Dictionary_Index/source/Hezareh_Part_04_PDF_0751-1000.md#L9887-L9888,True
innately,innately,innately,[],hz-019045,entry_candidate,raw_ocr,high,4,836,,dictionary/I/I-05.md,hz-019045-innately,sources/Hezareh_Dictionary_Index/source/Hezareh_Part_04_PDF_0751-1000.md#L9889-L9889,True
inner,inner,inner,[],hz-019046,entry_candidate,raw_ocr,high,4,836,,dictionary/I/I-05.md,hz-019046-inner,sources/Hezareh_Dictionary_Index/source/Hezareh_Part_04_PDF_0751-1000.md#L9890-L9892,True
inner circle,inner circle,inner circle,[],hz-019047,entry_candidate,raw_ocr,high,4,836,,dictionary/I/I-05.md,hz-019047-inner-circle,sources/Hezareh_Dictionary_Index/source/Hezareh_Part_04_PDF_0751-1000.md#L9896-L9899,True
inner tube,inner tube,inner tube,[],hz-019052,entry_candidate,raw_ocr,high,4,836,,dictionary/I/I-05.md,hz-019052-inner-tube,sources/Hezareh_Dictionary_Index/source/Hezareh_Part_04_PDF_0751-1000.md#L9901-L9901,True
innermost,innermost,innermost,[],hz-019051,entry_candidate,raw_ocr,high,4,836,,dictionary/I/I-05.md,hz-019051-innermost,sources/Hezareh_Dictionary_Index/source/Hezareh_Part_04_PDF_0751-1000.md#L9900-L9900,True
inning,inning,inning,[],hz-019053,entry_candidate,raw_ocr,high,4,836,,dictionary/I/I-05.md,hz-019053-inning,sources/Hezareh_Dictionary_Index/source/Hezareh_Part_04_PDF_0751-1000.md#L9902-L9902,True
innings,innings,innings,[],hz-019054,entry_candidate,raw_ocr,high,4,836,,dictionary/I/I-05.md,hz-019054-innings,sources/Hezareh_Dictionary_Index/source/Hezareh_Part_04_PDF_0751-1000.md#L9903-L9909,True
innkeeper,innkeeper,innkeeper,[],hz-019055,entry_candidate,raw_ocr,hint_only,4,836,,dictionary/I/I-05.md,hz-019055-innkeeper,sources/Hezareh_Dictionary_Index/source/Hezareh_Part_04_PDF_0751-1000.md#L9807-L9807,False
innocenCe,innocence,innocence,[],hz-019056,entry_candidate,raw_ocr,high,4,836,,dictionary/I/I-05.md,hz-019056-innocence,sources/Hezareh_Dictionary_Index/source/Hezareh_Part_04_PDF_0751-1000.md#L9910-L9917,True
innocent,innocent,innocent,[],hz-019057,entry_candidate,raw_ocr,high,4,837,,dictionary/I/I-05.md,hz-019057-innocent,sources/Hezareh_Dictionary_Index/source/Hezareh_Part_04_PDF_0751-1000.md#L9930-L9939,True
innocently,innocently,innocently,[],hz-019058,entry_candidate,raw_ocr,medium,4,837,,dictionary/I/I-05.md,hz-019058-innocently,sources/Hezareh_Dictionary_Index/source/Hezareh_Part_04_PDF_0751-1000.md#L9940-L9943,True
innOCUOUS,innocuous,innocuous,[],hz-019059,entry_candidate,raw_ocr,low,4,837,,dictionary/I/I-05.md,hz-019059-innocuous,sources/Hezareh_Dictionary_Index/source/Hezareh_Part_04_PDF_0751-1000.md#L9944-L9945,True
innocuously,innocuously,innocuously,[],hz-019060,entry_candidate,raw_ocr,medium,4,837,,dictionary/I/I-05.md,hz-019060-innocuously,sources/Hezareh_Dictionary_Index/source/Hezareh_Part_04_PDF_0751-1000.md#L9946-L9947,True
innocuousness,innocuousness,innocuousness,[],hz-019061,entry_candidate,raw_ocr,high,4,837,,dictionary/I/I-05.md,hz-019061-innocuousness,sources/Hezareh_Dictionary_Index/source/Hezareh_Part_04_PDF_0751-1000.md#L9948-L9949,True
innovate,innovate,innovate,[],hz-019062,entry_candidate,raw_ocr,medium,4,837,,dictionary/I/I-05.md,hz-019062-innovate,sources/Hezareh_Dictionary_Index/source/Hezareh_Part_04_PDF_0751-1000.md#L9950-L9952,True
innovation,innovation,innovation,[],hz-019063,entry_candidate,raw_ocr,medium,4,837,,dictionary/I/I-05.md,hz-019063-innovation,sources/Hezareh_Dictionary_Index/source/Hezareh_Part_04_PDF_0751-1000.md#L9953-L9954,True
innovative,innovative,innovative,[],hz-019064,entry_candidate,raw_ocr,medium,4,837,,dictionary/I/I-05.md,hz-019064-innovative,sources/Hezareh_Dictionary_Index/source/Hezareh_Part_04_PDF_0751-1000.md#L9955-L9957,True
innovator,innovator,innovator,[],hz-019065,entry_candidate,raw_ocr,high,4,837,,dictionary/I/I-05.md,hz-019065-innovator,sources/Hezareh_Dictionary_Index/source/Hezareh_Part_04_PDF_0751-1000.md#L9958-L9958,True
innovatory,innovatory,innovatory,[],hz-019066,entry_candidate,raw_ocr,high,4,837,,dictionary/I/I-05.md,hz-019066-innovatory,sources/Hezareh_Dictionary_Index/source/Hezareh_Part_04_PDF_0751-1000.md#L9959-L9959,True
Inns of Court,inns of court,inns of court,[],hz-019067,entry_candidate,raw_ocr,high,4,837,,dictionary/I/I-05.md,hz-019067-inns-of-court,sources/Hezareh_Dictionary_Index/source/Hezareh_Part_04_PDF_0751-1000.md#L9960-L9964,True
innumerable,innumerable,innumerable,[],hz-019069,entry_candidate,raw_ocr,high,4,837,,dictionary/I/I-05.md,hz-019069-innumerable,sources/Hezareh_Dictionary_Index/source/Hezareh_Part_04_PDF_0751-1000.md#L9965-L9966,True
innumeracy,innumeracy,innumeracy,[],hz-019070,entry_candidate,raw_ocr,medium,4,837,,dictionary/I/I-05.md,hz-019070-innumeracy,sources/Hezareh_Dictionary_Index/source/Hezareh_Part_04_PDF_0751-1000.md#L9967-L9968,True
innumerate,innumerate,innumerate,[],hz-019071,entry_candidate,raw_ocr,medium,4,837,,dictionary/I/I-05.md,hz-019071-innumerate,sources/Hezareh_Dictionary_Index/source/Hezareh_Part_04_PDF_0751-1000.md#L9969-L9975,True
inoculation,inoculation,inoculation,[],hz-019072,entry_candidate,raw_ocr,medium,4,837,,dictionary/I/I-05.md,hz-019072-inoculation,sources/Hezareh_Dictionary_Index/source/Hezareh_Part_04_PDF_0751-1000.md#L9976-L9981,True
inoffensive,inoffensive,inoffensive,[],hz-019073,entry_candidate,raw_ocr,medium,4,837,,dictionary/I/I-05.md,hz-019073-inoffensive,sources/Hezareh_Dictionary_Index/source/Hezareh_Part_04_PDF_0751-1000.md#L9982-L9986,True
inoffensiveness,inoffensiveness,inoffensiveness,[],hz-019074,entry_candidate,raw_ocr,high,4,837,,dictionary/I/I-05.md,hz-019074-inoffensiveness,sources/Hezareh_Dictionary_Index/source/Hezareh_Part_04_PDF_0751-1000.md#L9987-L9988,True
inoperable,inoperable,inoperable,[],hz-019075,entry_candidate,raw_ocr,medium,4,837,,dictionary/I/I-05.md,hz-019075-inoperable,sources/Hezareh_Dictionary_Index/source/Hezareh_Part_04_PDF_0751-1000.md#L9989-L9997,True
inoperative,inoperative,inoperative,[],hz-019076,entry_candidate,raw_ocr,hint_only,4,837,,dictionary/I/I-05.md,hz-019076-inoperative,sources/Hezareh_Dictionary_Index/source/Hezareh_Part_04_PDF_0751-1000.md#L9921-L9921,False
inordinate,inordinate,inordinate,[],hz-019077,entry_candidate,raw_ocr,medium,4,837,,dictionary/I/I-05.md,hz-019077-inordinate,sources/Hezareh_Dictionary_Index/source/Hezareh_Part_04_PDF_0751-1000.md#L9998-L10000,True
inordinately,inordinately,inordinately,[],hz-019078,entry_candidate,raw_ocr,medium,4,837,,dictionary/I/I-05.md,hz-019078-inordinately,sources/Hezareh_Dictionary_Index/source/Hezareh_Part_04_PDF_0751-1000.md#L10001-L10005,True
inorganic,inorganic,inorganic,[],hz-019079,entry_candidate,raw_ocr,high,4,837,,dictionary/I/I-05.md,hz-019079-inorganic,sources/Hezareh_Dictionary_Index/source/Hezareh_Part_04_PDF_0751-1000.md#L10008-L10011,True
inorganic chemistry,inorganic chemistry,inorganic chemistry,[],hz-019081,entry_candidate,raw_ocr,high,4,837,,dictionary/I/I-05.md,hz-019081-inorganic-chemistry,sources/Hezareh_Dictionary_Index/source/Hezareh_Part_04_PDF_0751-1000.md#L10008-L10011,True
inorganically,inorganically,inorganically,[],hz-019080,entry_candidate,raw_ocr,medium,4,837,,dictionary/I/I-05.md,hz-019080-inorganically,sources/Hezareh_Dictionary_Index/source/Hezareh_Part_04_PDF_0751-1000.md#L10006-L10007,True
inpouring,inpouring,inpouring,[],hz-019083,entry_candidate,raw_ocr,medium,4,837,,dictionary/I/I-05.md,hz-019083-inpouring,sources/Hezareh_Dictionary_Index/source/Hezareh_Part_04_PDF_0751-1000.md#L10012-L10013,True
input,input,input,[],hz-019084,entry_candidate,raw_ocr,high,4,837,,dictionary/I/I-05.md,hz-019084-input,sources/Hezareh_Dictionary_Index/source/Hezareh_Part_04_PDF_0751-1000.md#L10014-L10019,True
input circuit,input circuit,input circuit,[],hz-019085,entry_candidate,raw_ocr,medium,4,837,,dictionary/I/I-05.md,hz-019085-input-circuit,sources/Hezareh_Dictionary_Index/source/Hezareh_Part_04_PDF_0751-1000.md#L10020-L10022,True
inputdevice,inputdevice,inputdevice,[],hz-019086,entry_candidate,raw_ocr,hint_only,4,837,,dictionary/I/I-05.md,hz-019086-inputdevice,sources/Hezareh_Dictionary_Index/source/Hezareh_Part_04_PDF_0751-1000.md#L9921-L9921,False
inqUeSt,inquest,inquest,[],hz-019087,entry_candidate,raw_ocr,medium,4,837,,dictionary/I/I-05.md,hz-019087-inquest,sources/Hezareh_Dictionary_Index/source/Hezareh_Part_04_PDF_0751-1000.md#L10023-L10024,True
inquietude,inquietude,inquietude,[],hz-019088,entry_candidate,raw_ocr,high,4,837,,dictionary/I/I-05.md,hz-019088-inquietude,sources/Hezareh_Dictionary_Index/source/Hezareh_Part_04_PDF_0751-1000.md#L10025-L10028,True
inquire,inquire,inquire,[],hz-019089,entry_candidate,raw_ocr,medium,4,837,,dictionary/I/I-05.md,hz-019089-inquire,sources/Hezareh_Dictionary_Index/source/Hezareh_Part_04_PDF_0751-1000.md#L10029-L10030,True
inquirer,inquirer,inquirer,[],hz-019090,entry_candidate,raw_ocr,medium,4,838,,dictionary/I/I-05.md,hz-019090-inquirer,sources/Hezareh_Dictionary_Index/source/Hezareh_Part_04_PDF_0751-1000.md#L10055-L10058,True
inquiringly,inquiringly,inquiringly,[],hz-019091,entry_candidate,raw_ocr,medium,4,838,,dictionary/I/I-05.md,hz-019091-inquiringly,sources/Hezareh_Dictionary_Index/source/Hezareh_Part_04_PDF_0751-1000.md#L10059-L10066,True
inquiry,inquiry,inquiry,[],hz-019092,entry_candidate,raw_ocr,high,4,838,,dictionary/I/I-05.md,hz-019092-inquiry,sources/Hezareh_Dictionary_Index/source/Hezareh_Part_04_PDF_0751-1000.md#L10067-L10072,True
inquiry agent,inquiry agent,inquiry agent,[],hz-019093,entry_candidate,raw_ocr,high,4,838,,dictionary/I/I-05.md,hz-019093-inquiry-agent,sources/Hezareh_Dictionary_Index/source/Hezareh_Part_04_PDF_0751-1000.md#L10067-L10072,True
inquisitiVe,inquisitive,inquisitive,[],hz-019094,entry_candidate,raw_ocr,medium,4,838,,dictionary/I/I-05.md,hz-019094-inquisitive,sources/Hezareh_Dictionary_Index/source/Hezareh_Part_04_PDF_0751-1000.md#L10073-L10076,True
inquisitively,inquisitively,inquisitively,[],hz-019095,entry_candidate,raw_ocr,hint_only,4,838,,dictionary/I/I-05.md,hz-019095-inquisitively,sources/Hezareh_Dictionary_Index/source/Hezareh_Part_04_PDF_0751-1000.md#L10034-L10034,False
inquisitiveneSS,inquisitiveness,inquisitiveness,[],hz-019096,entry_candidate,raw_ocr,medium,4,838,,dictionary/I/I-05.md,hz-019096-inquisitiveness,sources/Hezareh_Dictionary_Index/source/Hezareh_Part_04_PDF_0751-1000.md#L10077-L10080,True
inquisitorial,inquisitorial,inquisitorial,[],hz-019097,entry_candidate,raw_ocr,low,4,838,,dictionary/I/I-05.md,hz-019097-inquisitorial,sources/Hezareh_Dictionary_Index/source/Hezareh_Part_04_PDF_0751-1000.md#L10081-L10087,True
inquisitorially,inquisitorially,inquisitorially,[],hz-019098,entry_candidate,raw_ocr,hint_only,4,838,,dictionary/I/I-05.md,hz-019098-inquisitorially,sources/Hezareh_Dictionary_Index/source/Hezareh_Part_04_PDF_0751-1000.md#L10034-L10034,False
inroad,inroad,inroad,[],hz-019099,entry_candidate,raw_ocr,hint_only,4,838,,dictionary/I/I-05.md,hz-019099-inroad,sources/Hezareh_Dictionary_Index/source/Hezareh_Part_04_PDF_0751-1000.md#L10034-L10034,False
inrush,inrush,inrush,[],hz-019101,entry_candidate,raw_ocr,medium,4,838,,dictionary/I/I-05.md,hz-019101-inrush,sources/Hezareh_Dictionary_Index/source/Hezareh_Part_04_PDF_0751-1000.md#L10100-L10101,True
insalubriOUS,insalubrious,insalubrious,[],hz-019102,entry_candidate,raw_ocr,high,4,838,,dictionary/I/I-05.md,hz-019102-insalubrious,sources/Hezareh_Dictionary_Index/source/Hezareh_Part_04_PDF_0751-1000.md#L10102-L10108,True
insane asylum,insane asylum,insane asylum,[],hz-019104,entry_candidate,raw_ocr,high,4,838,,dictionary/I/I-05.md,hz-019104-insane-asylum,sources/Hezareh_Dictionary_Index/source/Hezareh_Part_04_PDF_0751-1000.md#L10109-L10110,True
insanely,insanely,insanely,[],hz-019105,entry_candidate,raw_ocr,high,4,838,,dictionary/I/I-05.md,hz-019105-insanely,sources/Hezareh_Dictionary_Index/source/Hezareh_Part_04_PDF_0751-1000.md#L10111-L10115,True
insanetm'sem,insanetm'sem,insanetm'sem,[],hz-019103,entry_candidate,raw_ocr,hint_only,4,838,,dictionary/I/I-05.md,hz-019103-insanetm-sem,sources/Hezareh_Dictionary_Index/source/Hezareh_Part_04_PDF_0751-1000.md#L10034-L10034,False
insanitary,insanitary,insanitary,[],hz-019106,entry_candidate,raw_ocr,high,4,838,,dictionary/I/I-05.md,hz-019106-insanitary,sources/Hezareh_Dictionary_Index/source/Hezareh_Part_04_PDF_0751-1000.md#L10116-L10117,True
insanity,insanity,insanity,[],hz-019107,entry_candidate,raw_ocr,high,4,838,,dictionary/I/I-05.md,hz-019107-insanity,sources/Hezareh_Dictionary_Index/source/Hezareh_Part_04_PDF_0751-1000.md#L10118-L10121,True
insatiabletm'serfabl,insatiabletm'serfabl,insatiabletm'serfabl,[],hz-019108,entry_candidate,raw_ocr,hint_only,4,838,,dictionary/I/I-05.md,hz-019108-insatiabletm-serfabl,sources/Hezareh_Dictionary_Index/source/Hezareh_Part_04_PDF_0751-1000.md#L10034-L10034,False
insatiably,insatiably,insatiably,[],hz-019110,entry_candidate,raw_ocr,high,4,838,,dictionary/I/I-05.md,hz-019110-insatiably,sources/Hezareh_Dictionary_Index/source/Hezareh_Part_04_PDF_0751-1000.md#L10124-L10136,True
inscriptiontm'sknpfn,inscriptiontm'sknpfn,inscriptiontm'sknpfn,[],hz-019111,entry_candidate,raw_ocr,hint_only,4,838,,dictionary/I/I-05.md,hz-019111-inscriptiontm-sknpfn,sources/Hezareh_Dictionary_Index/source/Hezareh_Part_04_PDF_0751-1000.md#L10034-L10034,False
inscrutability,inscrutability,inscrutability,[],hz-019112,entry_candidate,raw_ocr,high,4,838,,dictionary/I/I-05.md,hz-019112-inscrutability,sources/Hezareh_Dictionary_Index/source/Hezareh_Part_04_PDF_0751-1000.md#L10137-L10138,True
inscrutable,inscrutable,inscrutable,[],hz-019113,entry_candidate,raw_ocr,high,4,838,,dictionary/I/I-05.md,hz-019113-inscrutable,sources/Hezareh_Dictionary_Index/source/Hezareh_Part_04_PDF_0751-1000.md#L10139-L10144,True
inscrutably,inscrutably,inscrutably,[],hz-019114,entry_candidate,raw_ocr,high,4,839,,dictionary/I/I-05.md,hz-019114-inscrutably,sources/Hezareh_Dictionary_Index/source/Hezareh_Part_04_PDF_0751-1000.md#L10157-L10161,True
insect,insect,insect,[],hz-019115,entry_candidate,raw_ocr,hint_only,4,839,,dictionary/I/I-05.md,hz-019115-insect,sources/Hezareh_Dictionary_Index/source/Hezareh_Part_04_PDF_0751-1000.md#L10148-L10148,False
insect-powder,insect-powder,insect-powder,[],hz-019120,entry_candidate,raw_ocr,medium,4,839,,dictionary/I/I-05.md,hz-019120-insect-powder,sources/Hezareh_Dictionary_Index/source/Hezareh_Part_04_PDF_0751-1000.md#L10166-L10169,True
insecticidal,insecticidal,insecticidal,[],hz-019116,entry_candidate,raw_ocr,medium,4,839,,dictionary/I/I-05.md,hz-019116-insecticidal,sources/Hezareh_Dictionary_Index/source/Hezareh_Part_04_PDF_0751-1000.md#L10162-L10162,True
insecticide,insecticide,insecticide,[],hz-019117,entry_candidate,raw_ocr,high,4,839,,dictionary/I/I-05.md,hz-019117-insecticide,sources/Hezareh_Dictionary_Index/source/Hezareh_Part_04_PDF_0751-1000.md#L10163-L10163,True
insectivore,insectivore,insectivore,[],hz-019118,entry_candidate,raw_ocr,medium,4,839,,dictionary/I/I-05.md,hz-019118-insectivore,sources/Hezareh_Dictionary_Index/source/Hezareh_Part_04_PDF_0751-1000.md#L10164-L10164,True
insectivoroUS,insectivorous,insectivorous,[],hz-019119,entry_candidate,raw_ocr,medium,4,839,,dictionary/I/I-05.md,hz-019119-insectivorous,sources/Hezareh_Dictionary_Index/source/Hezareh_Part_04_PDF_0751-1000.md#L10165-L10165,True
insecurely,insecurely,insecurely,[],hz-019121,entry_candidate,raw_ocr,low,4,839,,dictionary/I/I-05.md,hz-019121-insecurely,sources/Hezareh_Dictionary_Index/source/Hezareh_Part_04_PDF_0751-1000.md#L10170-L10172,True
insecurity,insecurity,insecurity,[],hz-019122,entry_candidate,raw_ocr,low,4,839,,dictionary/I/I-05.md,hz-019122-insecurity,sources/Hezareh_Dictionary_Index/source/Hezareh_Part_04_PDF_0751-1000.md#L10173-L10175,True
inseminate,inseminate,inseminate,[],hz-019123,entry_candidate,raw_ocr,medium,4,839,,dictionary/I/I-05.md,hz-019123-inseminate,sources/Hezareh_Dictionary_Index/source/Hezareh_Part_04_PDF_0751-1000.md#L10176-L10178,True
insemination,insemination,insemination,[],hz-019124,entry_candidate,raw_ocr,medium,4,839,,dictionary/I/I-05.md,hz-019124-insemination,sources/Hezareh_Dictionary_Index/source/Hezareh_Part_04_PDF_0751-1000.md#L10179-L10181,True
insensate,insensate,insensate,[],hz-019125,entry_candidate,raw_ocr,medium,4,839,,dictionary/I/I-05.md,hz-019125-insensate,sources/Hezareh_Dictionary_Index/source/Hezareh_Part_04_PDF_0751-1000.md#L10182-L10187,True
insensibility,insensibility,insensibility,[],hz-019126,entry_candidate,raw_ocr,medium,4,839,,dictionary/I/I-05.md,hz-019126-insensibility,sources/Hezareh_Dictionary_Index/source/Hezareh_Part_04_PDF_0751-1000.md#L10188-L10195,True
insensibly,insensibly,insensibly,[],hz-019127,entry_candidate,raw_ocr,medium,4,839,,dictionary/I/I-05.md,hz-019127-insensibly,sources/Hezareh_Dictionary_Index/source/Hezareh_Part_04_PDF_0751-1000.md#L10196-L10202,True
insensitive,insensitive,insensitive,[],hz-019128,entry_candidate,raw_ocr,hint_only,4,839,,dictionary/I/I-05.md,hz-019128-insensitive,sources/Hezareh_Dictionary_Index/source/Hezareh_Part_04_PDF_0751-1000.md#L10148-L10148,False
insensitively,insensitively,insensitively,[],hz-019129,entry_candidate,raw_ocr,medium,4,839,,dictionary/I/I-05.md,hz-019129-insensitively,sources/Hezareh_Dictionary_Index/source/Hezareh_Part_04_PDF_0751-1000.md#L10203-L10207,True
insensitivity,insensitivity,insensitivity,[],hz-019130,entry_candidate,raw_ocr,medium,4,839,,dictionary/I/I-05.md,hz-019130-insensitivity,sources/Hezareh_Dictionary_Index/source/Hezareh_Part_04_PDF_0751-1000.md#L10208-L10211,True
inseparability,inseparability,inseparability,[],hz-019131,entry_candidate,raw_ocr,medium,4,839,,dictionary/I/I-05.md,hz-019131-inseparability,sources/Hezareh_Dictionary_Index/source/Hezareh_Part_04_PDF_0751-1000.md#L10212-L10213,True
inseparable,inseparable,inseparable,[],hz-019132,entry_candidate,raw_ocr,medium,4,839,,dictionary/I/I-05.md,hz-019132-inseparable,sources/Hezareh_Dictionary_Index/source/Hezareh_Part_04_PDF_0751-1000.md#L10214-L10215,True
inseparably,inseparably,inseparably,[],hz-019133,entry_candidate,raw_ocr,medium,4,839,,dictionary/I/I-05.md,hz-019133-inseparably,sources/Hezareh_Dictionary_Index/source/Hezareh_Part_04_PDF_0751-1000.md#L10216-L10222,True
insertion,insertion,insertion,[],hz-019134,entry_candidate,raw_ocr,low,4,839,,dictionary/I/I-05.md,hz-019134-insertion,sources/Hezareh_Dictionary_Index/source/Hezareh_Part_04_PDF_0751-1000.md#L10223-L10247,True
inshore,inshore,inshore,[],hz-019135,entry_candidate,raw_ocr,hint_only,4,839,,dictionary/I/I-05.md,hz-019135-inshore,sources/Hezareh_Dictionary_Index/source/Hezareh_Part_04_PDF_0751-1000.md#L10148-L10148,False
inside,inside,inside,[],hz-019136,entry_candidate,raw_ocr,medium,4,839,,dictionary/I/I-05.md,hz-019136-inside,sources/Hezareh_Dictionary_Index/source/Hezareh_Part_04_PDF_0751-1000.md#L10248-L10255,True
inside Job,inside job,inside job,[],hz-019138,entry_candidate,raw_ocr,medium,4,840,,dictionary/I/I-05.md,hz-019138-inside-job,sources/Hezareh_Dictionary_Index/source/Hezareh_Part_04_PDF_0751-1000.md#L10270-L10271,True
inside lane,inside lane,inside lane,[],hz-019139,entry_candidate,raw_ocr,medium,4,840,,dictionary/I/I-05.md,hz-019139-inside-lane,sources/Hezareh_Dictionary_Index/source/Hezareh_Part_04_PDF_0751-1000.md#L10272-L10273,True
inside left,inside left,inside left,[],hz-019140,entry_candidate,raw_ocr,medium,4,840,,dictionary/I/I-05.md,hz-019140-inside-left,sources/Hezareh_Dictionary_Index/source/Hezareh_Part_04_PDF_0751-1000.md#L10274-L10276,True
inside right,inside right,inside right,[],hz-019143,entry_candidate,raw_ocr,medium,4,840,,dictionary/I/I-05.md,hz-019143-inside-right,sources/Hezareh_Dictionary_Index/source/Hezareh_Part_04_PDF_0751-1000.md#L10280-L10280,True
inside track,inside track,inside track,[],hz-019145,entry_candidate,raw_ocr,medium,4,840,,dictionary/I/I-05.md,hz-019145-inside-track,sources/Hezareh_Dictionary_Index/source/Hezareh_Part_04_PDF_0751-1000.md#L10283-L10286,True
insider,insider,insider,[],hz-019141,entry_candidate,raw_ocr,high,4,840,,dictionary/I/I-05.md,hz-019141-insider,sources/Hezareh_Dictionary_Index/source/Hezareh_Part_04_PDF_0751-1000.md#L10281-L10282,True
insider dealing,insider dealing,insider dealing,[],hz-019142,entry_candidate,raw_ocr,medium,4,840,,dictionary/I/I-05.md,hz-019142-insider-dealing,sources/Hezareh_Dictionary_Index/source/Hezareh_Part_04_PDF_0751-1000.md#L10277-L10279,True
insider trading,insider trading,insider trading,[],hz-019144,entry_candidate,raw_ocr,medium,4,840,,dictionary/I/I-05.md,hz-019144-insider-trading,sources/Hezareh_Dictionary_Index/source/Hezareh_Part_04_PDF_0751-1000.md#L10281-L10282,True
insidiOUS,insidious,insidious,[],hz-019146,entry_candidate,raw_ocr,medium,4,840,,dictionary/I/I-05.md,hz-019146-insidious,sources/Hezareh_Dictionary_Index/source/Hezareh_Part_04_PDF_0751-1000.md#L10287-L10289,True
insidiously,insidiously,insidiously,[],hz-019147,entry_candidate,raw_ocr,high,4,840,,dictionary/I/I-05.md,hz-019147-insidiously,sources/Hezareh_Dictionary_Index/source/Hezareh_Part_04_PDF_0751-1000.md#L10290-L10296,True
insidiousness,insidiousness,insidiousness,[],hz-019148,entry_candidate,raw_ocr,hint_only,4,840,,dictionary/I/I-05.md,hz-019148-insidiousness,sources/Hezareh_Dictionary_Index/source/Hezareh_Part_04_PDF_0751-1000.md#L10259-L10259,False
insightful,insightful,insightful,[],hz-019149,entry_candidate,raw_ocr,medium,4,840,,dictionary/I/I-05.md,hz-019149-insightful,sources/Hezareh_Dictionary_Index/source/Hezareh_Part_04_PDF_0751-1000.md#L10297-L10298,True
insignia,insignia,insignia,[],hz-019150,entry_candidate,raw_ocr,medium,4,840,,dictionary/I/I-05.md,hz-019150-insignia,sources/Hezareh_Dictionary_Index/source/Hezareh_Part_04_PDF_0751-1000.md#L10299-L10300,True
insignificance,insignificance,insignificance,[],hz-019151,entry_candidate,raw_ocr,medium,4,840,,dictionary/I/I-05.md,hz-019151-insignificance,sources/Hezareh_Dictionary_Index/source/Hezareh_Part_04_PDF_0751-1000.md#L10301-L10303,True
insignificant,insignificant,insignificant,[],hz-019152,entry_candidate,raw_ocr,high,4,840,,dictionary/I/I-05.md,hz-019152-insignificant,sources/Hezareh_Dictionary_Index/source/Hezareh_Part_04_PDF_0751-1000.md#L10304-L10307,True
insignificantly,insignificantly,insignificantly,[],hz-019153,entry_candidate,raw_ocr,medium,4,840,,dictionary/I/I-05.md,hz-019153-insignificantly,sources/Hezareh_Dictionary_Index/source/Hezareh_Part_04_PDF_0751-1000.md#L10308-L10310,True
insincere,insincere,insincere,[],hz-019154,entry_candidate,raw_ocr,medium,4,840,,dictionary/I/I-05.md,hz-019154-insincere,sources/Hezareh_Dictionary_Index/source/Hezareh_Part_04_PDF_0751-1000.md#L10311-L10322,True
insincerely,insincerely,insincerely,[],hz-019155,entry_candidate,raw_ocr,hint_only,4,840,,dictionary/I/I-05.md,hz-019155-insincerely,sources/Hezareh_Dictionary_Index/source/Hezareh_Part_04_PDF_0751-1000.md#L10259-L10259,False
insincerity,insincerity,insincerity,[],hz-019156,entry_candidate,raw_ocr,medium,4,840,,dictionary/I/I-05.md,hz-019156-insincerity,sources/Hezareh_Dictionary_Index/source/Hezareh_Part_04_PDF_0751-1000.md#L10323-L10327,True
insinuate,insinuate,insinuate,[],hz-019157,entry_candidate,raw_ocr,high,4,840,,dictionary/I/I-05.md,hz-019157-insinuate,sources/Hezareh_Dictionary_Index/source/Hezareh_Part_04_PDF_0751-1000.md#L10328-L10329,True
insinuation,insinuation,insinuation,[],hz-019158,entry_candidate,raw_ocr,medium,4,840,,dictionary/I/I-05.md,hz-019158-insinuation,sources/Hezareh_Dictionary_Index/source/Hezareh_Part_04_PDF_0751-1000.md#L10330-L10332,True
insipid,insipid,insipid,[],hz-019159,entry_candidate,raw_ocr,high,4,840,,dictionary/I/I-06.md,hz-019159-insipid,sources/Hezareh_Dictionary_Index/source/Hezareh_Part_04_PDF_0751-1000.md#L10333-L10337,True
insipidly,insipidly,insipidly,[],hz-019160,entry_candidate,raw_ocr,medium,4,840,,dictionary/I/I-06.md,hz-019160-insipidly,sources/Hezareh_Dictionary_Index/source/Hezareh_Part_04_PDF_0751-1000.md#L10338-L10339,True
insipidness,insipidness,insipidness,[],hz-019161,entry_candidate,raw_ocr,hint_only,4,840,,dictionary/I/I-06.md,hz-019161-insipidness,sources/Hezareh_Dictionary_Index/source/Hezareh_Part_04_PDF_0751-1000.md#L10259-L10259,False
insist,insist,insist,[],hz-019162,entry_candidate,raw_ocr,high,4,840,,dictionary/I/I-06.md,hz-019162-insist,sources/Hezareh_Dictionary_Index/source/Hezareh_Part_04_PDF_0751-1000.md#L10340-L10343,True
insistence,insistence,insistence,[],hz-019163,entry_candidate,raw_ocr,high,4,840,,dictionary/I/I-06.md,hz-019163-insistence,sources/Hezareh_Dictionary_Index/source/Hezareh_Part_04_PDF_0751-1000.md#L10344-L10348,True
insistently,insistently,insistently,[],hz-019164,entry_candidate,raw_ocr,hint_only,4,840,,dictionary/I/I-06.md,hz-019164-insistently,sources/Hezareh_Dictionary_Index/source/Hezareh_Part_04_PDF_0751-1000.md#L10259-L10259,False
insole,insole,insole,[],hz-019166,entry_candidate,raw_ocr,high,4,840,,dictionary/I/I-06.md,hz-019166-insole,sources/Hezareh_Dictionary_Index/source/Hezareh_Part_04_PDF_0751-1000.md#L10353-L10353,True
insolence,insolence,insolence,[],hz-019167,entry_candidate,raw_ocr,high,4,840,,dictionary/I/I-06.md,hz-019167-insolence,sources/Hezareh_Dictionary_Index/source/Hezareh_Part_04_PDF_0751-1000.md#L10354-L10355,True
insolent,insolent,insolent,[],hz-019168,entry_candidate,raw_ocr,high,4,840,,dictionary/I/I-06.md,hz-019168-insolent,sources/Hezareh_Dictionary_Index/source/Hezareh_Part_04_PDF_0751-1000.md#L10356-L10360,True
insolently,insolently,insolently,[],hz-019169,entry_candidate,raw_ocr,high,4,840,,dictionary/I/I-06.md,hz-019169-insolently,sources/Hezareh_Dictionary_Index/source/Hezareh_Part_04_PDF_0751-1000.md#L10361-L10362,True
insoluble,insoluble,insoluble,[],hz-019170,entry_candidate,raw_ocr,high,4,840,,dictionary/I/I-06.md,hz-019170-insoluble,sources/Hezareh_Dictionary_Index/source/Hezareh_Part_04_PDF_0751-1000.md#L10363-L10369,True
insolvable,insolvable,insolvable,[],hz-019171,entry_candidate,raw_ocr,high,4,841,,dictionary/I/I-06.md,hz-019171-insolvable,sources/Hezareh_Dictionary_Index/source/Hezareh_Part_04_PDF_0751-1000.md#L10382-L10384,True
insolvency,insolvency,insolvency,[],hz-019172,entry_candidate,raw_ocr,medium,4,841,,dictionary/I/I-06.md,hz-019172-insolvency,sources/Hezareh_Dictionary_Index/source/Hezareh_Part_04_PDF_0751-1000.md#L10385-L10386,True
insolvent,insolvent,insolvent,[],hz-019173,entry_candidate,raw_ocr,medium,4,841,,dictionary/I/I-06.md,hz-019173-insolvent,sources/Hezareh_Dictionary_Index/source/Hezareh_Part_04_PDF_0751-1000.md#L10387-L10391,True
insomnia,insomnia,insomnia,[],hz-019174,entry_candidate,raw_ocr,high,4,841,,dictionary/I/I-06.md,hz-019174-insomnia,sources/Hezareh_Dictionary_Index/source/Hezareh_Part_04_PDF_0751-1000.md#L10392-L10392,True
insomniac,insomniac,insomniac,[],hz-019175,entry_candidate,raw_ocr,medium,4,841,,dictionary/I/I-06.md,hz-019175-insomniac,sources/Hezareh_Dictionary_Index/source/Hezareh_Part_04_PDF_0751-1000.md#L10393-L10399,True
insouciance,insouciance,insouciance,[],hz-019176,entry_candidate,raw_ocr,medium,4,841,,dictionary/I/I-06.md,hz-019176-insouciance,sources/Hezareh_Dictionary_Index/source/Hezareh_Part_04_PDF_0751-1000.md#L10400-L10401,True
insouciant,insouciant,insouciant,[],hz-019177,entry_candidate,raw_ocr,medium,4,841,,dictionary/I/I-06.md,hz-019177-insouciant,sources/Hezareh_Dictionary_Index/source/Hezareh_Part_04_PDF_0751-1000.md#L10402-L10404,True
inspan,inspan,inspan,[],hz-019179,entry_candidate,raw_ocr,high,4,841,,dictionary/I/I-06.md,hz-019179-inspan,sources/Hezareh_Dictionary_Index/source/Hezareh_Part_04_PDF_0751-1000.md#L10405-L10407,True
inspect,inspect,inspect,[],hz-019180,entry_candidate,raw_ocr,medium,4,841,,dictionary/I/I-06.md,hz-019180-inspect,sources/Hezareh_Dictionary_Index/source/Hezareh_Part_04_PDF_0751-1000.md#L10408-L10412,True
inspection,inspection,inspection,[],hz-019181,entry_candidate,raw_ocr,high,4,841,,dictionary/I/I-06.md,hz-019181-inspection,sources/Hezareh_Dictionary_Index/source/Hezareh_Part_04_PDF_0751-1000.md#L10413-L10416,True
inspector,inspector,inspector,[],hz-019182,entry_candidate,raw_ocr,high,4,841,,dictionary/I/I-06.md,hz-019182-inspector,sources/Hezareh_Dictionary_Index/source/Hezareh_Part_04_PDF_0751-1000.md#L10419-L10420,True
inspector of taxes,inspector of taxes,inspector of taxes,[],hz-019184,entry_candidate,raw_ocr,high,4,841,,dictionary/I/I-06.md,hz-019184-inspector-of-taxes,sources/Hezareh_Dictionary_Index/source/Hezareh_Part_04_PDF_0751-1000.md#L10419-L10420,True
inspectorate,inspectorate,inspectorate,[],hz-019183,entry_candidate,raw_ocr,medium,4,841,,dictionary/I/I-06.md,hz-019183-inspectorate,sources/Hezareh_Dictionary_Index/source/Hezareh_Part_04_PDF_0751-1000.md#L10417-L10418,True
inspiration,inspiration,inspiration,[],hz-019185,entry_candidate,raw_ocr,medium,4,841,,dictionary/I/I-06.md,hz-019185-inspiration,sources/Hezareh_Dictionary_Index/source/Hezareh_Part_04_PDF_0751-1000.md#L10421-L10426,True
inspirational,inspirational,inspirational,[],hz-019186,entry_candidate,raw_ocr,low,4,841,,dictionary/I/I-06.md,hz-019186-inspirational,sources/Hezareh_Dictionary_Index/source/Hezareh_Part_04_PDF_0751-1000.md#L10427-L10447,True
inspiredirn'spaiad,inspiredirn'spaiad,inspiredirn'spaiad,[],hz-019188,entry_candidate,raw_ocr,hint_only,4,841,,dictionary/I/I-06.md,hz-019188-inspiredirn-spaiad,sources/Hezareh_Dictionary_Index/source/Hezareh_Part_04_PDF_0751-1000.md#L10373-L10373,False
inspirG,inspirg,inspirg,[],hz-019187,entry_candidate,raw_ocr,hint_only,4,841,,dictionary/I/I-06.md,hz-019187-inspirg,sources/Hezareh_Dictionary_Index/source/Hezareh_Part_04_PDF_0751-1000.md#L10373-L10373,False
inspiring,inspiring,inspiring,[],hz-019189,entry_candidate,raw_ocr,medium,4,841,,dictionary/I/I-06.md,hz-019189-inspiring,sources/Hezareh_Dictionary_Index/source/Hezareh_Part_04_PDF_0751-1000.md#L10448-L10459,True
install,install,install,[],hz-019191,entry_candidate,raw_ocr,medium,4,841,,dictionary/I/I-06.md,hz-019191-install,sources/Hezareh_Dictionary_Index/source/Hezareh_Part_04_PDF_0751-1000.md#L10460-L10463,True
installation,installation,installation,[],hz-019192,entry_candidate,raw_ocr,low,4,841,,dictionary/I/I-06.md,hz-019192-installation,sources/Hezareh_Dictionary_Index/source/Hezareh_Part_04_PDF_0751-1000.md#L10464-L10465,True
installment,installment,installment,[],hz-019193,entry_candidate,raw_ocr,high,4,841,,dictionary/I/I-06.md,hz-019193-installment,sources/Hezareh_Dictionary_Index/source/Hezareh_Part_04_PDF_0751-1000.md#L10466-L10470,True
instalment,instalment,instalment,[],hz-019194,entry_candidate,raw_ocr,high,4,841,,dictionary/I/I-06.md,hz-019194-instalment,sources/Hezareh_Dictionary_Index/source/Hezareh_Part_04_PDF_0751-1000.md#L10471-L10480,True
instalment plan,instalment plan,instalment plan,[],hz-019195,entry_candidate,raw_ocr,high,4,841,,dictionary/I/I-06.md,hz-019195-instalment-plan,sources/Hezareh_Dictionary_Index/source/Hezareh_Part_04_PDF_0751-1000.md#L10471-L10480,True
instantaneously,instantaneously,instantaneously,[],hz-019196,entry_candidate,raw_ocr,medium,4,842,,dictionary/I/I-06.md,hz-019196-instantaneously,sources/Hezareh_Dictionary_Index/source/Hezareh_Part_04_PDF_0751-1000.md#L10509-L10510,True
instantly,instantly,instantly,[],hz-019197,entry_candidate,raw_ocr,low,4,842,,dictionary/I/I-06.md,hz-019197-instantly,sources/Hezareh_Dictionary_Index/source/Hezareh_Part_04_PDF_0751-1000.md#L10511-L10513,True
instead,instead,instead,[],hz-019198,entry_candidate,raw_ocr,medium,4,842,,dictionary/I/I-06.md,hz-019198-instead,sources/Hezareh_Dictionary_Index/source/Hezareh_Part_04_PDF_0751-1000.md#L10514-L10515,True
instep,instep,instep,[],hz-019199,entry_candidate,raw_ocr,medium,4,842,,dictionary/I/I-06.md,hz-019199-instep,sources/Hezareh_Dictionary_Index/source/Hezareh_Part_04_PDF_0751-1000.md#L10516-L10519,True
instigation,instigation,instigation,[],hz-019200,entry_candidate,raw_ocr,low,4,842,,dictionary/I/I-06.md,hz-019200-instigation,sources/Hezareh_Dictionary_Index/source/Hezareh_Part_04_PDF_0751-1000.md#L10520-L10520,True
instigator,instigator,instigator,[],hz-019201,entry_candidate,raw_ocr,medium,4,842,,dictionary/I/I-06.md,hz-019201-instigator,sources/Hezareh_Dictionary_Index/source/Hezareh_Part_04_PDF_0751-1000.md#L10521-L10521,True
instil,instil,instil,[],hz-019202,entry_candidate,raw_ocr,high,4,842,,dictionary/I/I-06.md,hz-019202-instil,sources/Hezareh_Dictionary_Index/source/Hezareh_Part_04_PDF_0751-1000.md#L10522-L10527,True
instill,instill,instill,[],hz-019203,entry_candidate,raw_ocr,high,4,842,,dictionary/I/I-06.md,hz-019203-instill,sources/Hezareh_Dictionary_Index/source/Hezareh_Part_04_PDF_0751-1000.md#L10528-L10528,True
instillation,instillation,instillation,[],hz-019204,entry_candidate,raw_ocr,medium,4,842,,dictionary/I/I-06.md,hz-019204-instillation,sources/Hezareh_Dictionary_Index/source/Hezareh_Part_04_PDF_0751-1000.md#L10529-L10532,True
instinct,instinct,instinct,[],hz-019205,entry_candidate,raw_ocr,high,4,842,,dictionary/I/I-06.md,hz-019205-instinct,sources/Hezareh_Dictionary_Index/source/Hezareh_Part_04_PDF_0751-1000.md#L10533-L10592,True
instruction,instruction,instruction,[],hz-019206,entry_candidate,raw_ocr,high,4,843,,dictionary/I/I-06.md,hz-019206-instruction,sources/Hezareh_Dictionary_Index/source/Hezareh_Part_04_PDF_0751-1000.md#L10612-L10619,True
instructional,instructional,instructional,[],hz-019207,entry_candidate,raw_ocr,medium,4,843,,dictionary/I/I-06.md,hz-019207-instructional,sources/Hezareh_Dictionary_Index/source/Hezareh_Part_04_PDF_0751-1000.md#L10620-L10620,True
instructiVe,instructive,instructive,[],hz-019208,entry_candidate,raw_ocr,medium,4,843,,dictionary/I/I-06.md,hz-019208-instructive,sources/Hezareh_Dictionary_Index/source/Hezareh_Part_04_PDF_0751-1000.md#L10621-L10624,True
instructor,instructor,instructor,[],hz-019209,entry_candidate,raw_ocr,medium,4,843,,dictionary/I/I-06.md,hz-019209-instructor,sources/Hezareh_Dictionary_Index/source/Hezareh_Part_04_PDF_0751-1000.md#L10625-L10625,True
instructress,instructress,instructress,[],hz-019210,entry_candidate,raw_ocr,low,4,843,,dictionary/I/I-06.md,hz-019210-instructress,sources/Hezareh_Dictionary_Index/source/Hezareh_Part_04_PDF_0751-1000.md#L10626-L10626,True
instrument,instrument,instrument,[],hz-019211,entry_candidate,raw_ocr,medium,4,843,,dictionary/I/I-06.md,hz-019211-instrument,sources/Hezareh_Dictionary_Index/source/Hezareh_Part_04_PDF_0751-1000.md#L10627-L10629,True
instrumental,instrumental,instrumental,[],hz-019212,entry_candidate,raw_ocr,medium,4,843,,dictionary/I/I-06.md,hz-019212-instrumental,sources/Hezareh_Dictionary_Index/source/Hezareh_Part_04_PDF_0751-1000.md#L10630-L10635,True
instrumentalist,instrumentalist,instrumentalist,[],hz-019213,entry_candidate,raw_ocr,high,4,843,,dictionary/I/I-06.md,hz-019213-instrumentalist,sources/Hezareh_Dictionary_Index/source/Hezareh_Part_04_PDF_0751-1000.md#L10636-L10638,True
instrumentality,instrumentality,instrumentality,[],hz-019214,entry_candidate,raw_ocr,low,4,843,,dictionary/I/I-06.md,hz-019214-instrumentality,sources/Hezareh_Dictionary_Index/source/Hezareh_Part_04_PDF_0751-1000.md#L10639-L10640,True
instrumentation,instrumentation,instrumentation,[],hz-019215,entry_candidate,raw_ocr,high,4,843,,dictionary/I/I-06.md,hz-019215-instrumentation,sources/Hezareh_Dictionary_Index/source/Hezareh_Part_04_PDF_0751-1000.md#L10641-L10644,True
insubordinate,insubordinate,insubordinate,[],hz-019216,entry_candidate,raw_ocr,medium,4,843,,dictionary/I/I-06.md,hz-019216-insubordinate,sources/Hezareh_Dictionary_Index/source/Hezareh_Part_04_PDF_0751-1000.md#L10645-L10647,True
insubordination,insubordination,insubordination,[],hz-019217,entry_candidate,raw_ocr,medium,4,843,,dictionary/I/I-06.md,hz-019217-insubordination,sources/Hezareh_Dictionary_Index/source/Hezareh_Part_04_PDF_0751-1000.md#L10648-L10653,True
insufferable,insufferable,insufferable,[],hz-019218,entry_candidate,raw_ocr,medium,4,843,,dictionary/I/I-06.md,hz-019218-insufferable,sources/Hezareh_Dictionary_Index/source/Hezareh_Part_04_PDF_0751-1000.md#L10654-L10655,True
insufferably,insufferably,insufferably,[],hz-019219,entry_candidate,raw_ocr,medium,4,843,,dictionary/I/I-06.md,hz-019219-insufferably,sources/Hezareh_Dictionary_Index/source/Hezareh_Part_04_PDF_0751-1000.md#L10656-L10657,True
insufficiency,insufficiency,insufficiency,[],hz-019220,entry_candidate,raw_ocr,medium,4,843,,dictionary/I/I-06.md,hz-019220-insufficiency,sources/Hezareh_Dictionary_Index/source/Hezareh_Part_04_PDF_0751-1000.md#L10658-L10663,True
insufficient,insufficient,insufficient,[],hz-019221,entry_candidate,raw_ocr,medium,4,843,,dictionary/I/I-06.md,hz-019221-insufficient,sources/Hezareh_Dictionary_Index/source/Hezareh_Part_04_PDF_0751-1000.md#L10664-L10664,True
insufficiently,insufficiently,insufficiently,[],hz-019222,entry_candidate,raw_ocr,medium,4,843,,dictionary/I/I-06.md,hz-019222-insufficiently,sources/Hezareh_Dictionary_Index/source/Hezareh_Part_04_PDF_0751-1000.md#L10665-L10667,True
insular,insular,insular,[],hz-019223,entry_candidate,raw_ocr,medium,4,843,,dictionary/I/I-06.md,hz-019223-insular,sources/Hezareh_Dictionary_Index/source/Hezareh_Part_04_PDF_0751-1000.md#L10668-L10672,True
insularism,insularism,insularism,[],hz-019224,entry_candidate,raw_ocr,high,4,843,,dictionary/I/I-06.md,hz-019224-insularism,sources/Hezareh_Dictionary_Index/source/Hezareh_Part_04_PDF_0751-1000.md#L10673-L10673,True
insularity,insularity,insularity,[],hz-019225,entry_candidate,raw_ocr,medium,4,843,,dictionary/I/I-06.md,hz-019225-insularity,sources/Hezareh_Dictionary_Index/source/Hezareh_Part_04_PDF_0751-1000.md#L10674-L10680,True
insulated,insulated,insulated,[],hz-019226,entry_candidate,raw_ocr,medium,4,843,,dictionary/I/I-06.md,hz-019226-insulated,sources/Hezareh_Dictionary_Index/source/Hezareh_Part_04_PDF_0751-1000.md#L10681-L10685,True
insulating tape,insulating tape,insulating tape,[],hz-019227,entry_candidate,raw_ocr,high,4,843,,dictionary/I/I-06.md,hz-019227-insulating-tape,sources/Hezareh_Dictionary_Index/source/Hezareh_Part_04_PDF_0751-1000.md#L10686-L10687,True
insulation,insulation,insulation,[],hz-019228,entry_candidate,raw_ocr,medium,4,843,,dictionary/I/I-06.md,hz-019228-insulation,sources/Hezareh_Dictionary_Index/source/Hezareh_Part_04_PDF_0751-1000.md#L10688-L10689,True
insulator,insulator,insulator,[],hz-019229,entry_candidate,raw_ocr,medium,4,843,,dictionary/I/I-06.md,hz-019229-insulator,sources/Hezareh_Dictionary_Index/source/Hezareh_Part_04_PDF_0751-1000.md#L10690-L10691,True
insulin,insulin,insulin,[],hz-019230,entry_candidate,raw_ocr,medium,4,843,,dictionary/I/I-06.md,hz-019230-insulin,sources/Hezareh_Dictionary_Index/source/Hezareh_Part_04_PDF_0751-1000.md#L10692-L10695,True
insulting,insulting,insulting,[],hz-019231,entry_candidate,raw_ocr,medium,4,843,,dictionary/I/I-06.md,hz-019231-insulting,sources/Hezareh_Dictionary_Index/source/Hezareh_Part_04_PDF_0751-1000.md#L10696-L10699,True
insultingly,insultingly,insultingly,[],hz-019232,entry_candidate,raw_ocr,hint_only,4,843,,dictionary/I/I-06.md,hz-019232-insultingly,sources/Hezareh_Dictionary_Index/source/Hezareh_Part_04_PDF_0751-1000.md#L10603-L10603,False
insuperable,insuperable,insuperable,[],hz-019233,entry_candidate,raw_ocr,high,4,843,,dictionary/I/I-06.md,hz-019233-insuperable,sources/Hezareh_Dictionary_Index/source/Hezareh_Part_04_PDF_0751-1000.md#L10700-L10705,True
insupportable,insupportable,insupportable,[],hz-019234,entry_candidate,raw_ocr,hint_only,4,843,,dictionary/I/I-06.md,hz-019234-insupportable,sources/Hezareh_Dictionary_Index/source/Hezareh_Part_04_PDF_0751-1000.md#L10603-L10603,False
insurance,insurance,insurance,[],hz-019235,entry_candidate,raw_ocr,high,4,843,,dictionary/I/I-06.md,hz-019235-insurance,sources/Hezareh_Dictionary_Index/source/Hezareh_Part_04_PDF_0751-1000.md#L10706-L10711,True
insurance broker,insurance broker,insurance broker,[],hz-019236,entry_candidate,raw_ocr,high,4,844,,dictionary/I/I-06.md,hz-019236-insurance-broker,sources/Hezareh_Dictionary_Index/source/Hezareh_Part_04_PDF_0751-1000.md#L10725-L10726,True
insurance policy,insurance policy,insurance policy,[],hz-019237,entry_candidate,raw_ocr,medium,4,844,,dictionary/I/I-06.md,hz-019237-insurance-policy,sources/Hezareh_Dictionary_Index/source/Hezareh_Part_04_PDF_0751-1000.md#L10727-L10728,True
insurance premium,insurance premium,insurance premium,[],hz-019238,entry_candidate,raw_ocr,high,4,844,,dictionary/I/I-06.md,hz-019238-insurance-premium,sources/Hezareh_Dictionary_Index/source/Hezareh_Part_04_PDF_0751-1000.md#L10729-L10730,True
insurant,insurant,insurant,[],hz-019239,entry_candidate,raw_ocr,medium,4,844,,dictionary/I/I-06.md,hz-019239-insurant,sources/Hezareh_Dictionary_Index/source/Hezareh_Part_04_PDF_0751-1000.md#L10731-L10731,True
insure,insure,insure,[],hz-019240,entry_candidate,raw_ocr,medium,4,844,,dictionary/I/I-06.md,hz-019240-insure,sources/Hezareh_Dictionary_Index/source/Hezareh_Part_04_PDF_0751-1000.md#L10732-L10735,True
insured,insured,insured,[],hz-019241,entry_candidate,raw_ocr,medium,4,844,,dictionary/I/I-06.md,hz-019241-insured,sources/Hezareh_Dictionary_Index/source/Hezareh_Part_04_PDF_0751-1000.md#L10736-L10736,True
insurer,insurer,insurer,[],hz-019242,entry_candidate,raw_ocr,medium,4,844,,dictionary/I/I-06.md,hz-019242-insurer,sources/Hezareh_Dictionary_Index/source/Hezareh_Part_04_PDF_0751-1000.md#L10737-L10737,True
insurgent,insurgent,insurgent,[],hz-019243,entry_candidate,raw_ocr,medium,4,844,,dictionary/I/I-06.md,hz-019243-insurgent,sources/Hezareh_Dictionary_Index/source/Hezareh_Part_04_PDF_0751-1000.md#L10738-L10739,True
insurmountable,insurmountable,insurmountable,[],hz-019244,entry_candidate,raw_ocr,high,4,844,,dictionary/I/I-06.md,hz-019244-insurmountable,sources/Hezareh_Dictionary_Index/source/Hezareh_Part_04_PDF_0751-1000.md#L10740-L10743,True
insurrection,insurrection,insurrection,[],hz-019245,entry_candidate,raw_ocr,medium,4,844,,dictionary/I/I-06.md,hz-019245-insurrection,sources/Hezareh_Dictionary_Index/source/Hezareh_Part_04_PDF_0751-1000.md#L10744-L10744,True
insurrectioniSt,insurrectionist,insurrectionist,[],hz-019246,entry_candidate,raw_ocr,medium,4,844,,dictionary/I/I-06.md,hz-019246-insurrectionist,sources/Hezareh_Dictionary_Index/source/Hezareh_Part_04_PDF_0751-1000.md#L10745-L10747,True
int,int,int,[],hz-019247,entry_candidate,raw_ocr,high,4,844,,dictionary/I/I-06.md,hz-019247-int,sources/Hezareh_Dictionary_Index/source/Hezareh_Part_04_PDF_0751-1000.md#L10748-L10750,True
intact,intact,intact,[],hz-019248,entry_candidate,raw_ocr,medium,4,844,,dictionary/I/I-06.md,hz-019248-intact,sources/Hezareh_Dictionary_Index/source/Hezareh_Part_04_PDF_0751-1000.md#L10751-L10752,True
intaglio,intaglio,intaglio,[],hz-019249,entry_candidate,raw_ocr,low,4,844,,dictionary/I/I-06.md,hz-019249-intaglio,sources/Hezareh_Dictionary_Index/source/Hezareh_Part_04_PDF_0751-1000.md#L10753-L10762,True
intangibility,intangibility,intangibility,[],hz-019250,entry_candidate,raw_ocr,low,4,844,,dictionary/I/I-06.md,hz-019250-intangibility,sources/Hezareh_Dictionary_Index/source/Hezareh_Part_04_PDF_0751-1000.md#L10763-L10778,True
intangibly,intangibly,intangibly,[],hz-019251,entry_candidate,raw_ocr,high,4,844,,dictionary/I/I-06.md,hz-019251-intangibly,sources/Hezareh_Dictionary_Index/source/Hezareh_Part_04_PDF_0751-1000.md#L10779-L10780,True
integer,integer,integer,[],hz-019252,entry_candidate,raw_ocr,high,4,844,,dictionary/I/I-06.md,hz-019252-integer,sources/Hezareh_Dictionary_Index/source/Hezareh_Part_04_PDF_0751-1000.md#L10781-L10781,True
integral,integral,integral,[],hz-019253,entry_candidate,raw_ocr,high,4,844,,dictionary/I/I-06.md,hz-019253-integral,sources/Hezareh_Dictionary_Index/source/Hezareh_Part_04_PDF_0751-1000.md#L10782-L10788,True
integrate,integrate,integrate,[],hz-019254,entry_candidate,raw_ocr,high,4,844,,dictionary/I/I-06.md,hz-019254-integrate,sources/Hezareh_Dictionary_Index/source/Hezareh_Part_04_PDF_0751-1000.md#L10789-L10802,True
integrated circuit,integrated circuit,integrated circuit,[],hz-019255,entry_candidate,raw_ocr,high,4,844,,dictionary/I/I-06.md,hz-019255-integrated-circuit,sources/Hezareh_Dictionary_Index/source/Hezareh_Part_04_PDF_0751-1000.md#L10803-L10814,True
integritytm'tegrat,integritytm'tegrat,integritytm'tegrat,[],hz-019256,entry_candidate,raw_ocr,hint_only,4,844,,dictionary/I/I-06.md,hz-019256-integritytm-tegrat,sources/Hezareh_Dictionary_Index/source/Hezareh_Part_04_PDF_0751-1000.md#L10715-L10715,False
integumenttm'tegjumant,integumenttm'tegjumant,integumenttm'tegjumant,[],hz-019257,entry_candidate,raw_ocr,hint_only,4,844,,dictionary/I/I-06.md,hz-019257-integumenttm-tegjumant,sources/Hezareh_Dictionary_Index/source/Hezareh_Part_04_PDF_0751-1000.md#L10715-L10715,False
intellect,intellect,intellect,[],hz-019258,entry_candidate,raw_ocr,high,4,844,,dictionary/I/I-06.md,hz-019258-intellect,sources/Hezareh_Dictionary_Index/source/Hezareh_Part_04_PDF_0751-1000.md#L10815-L10818,True
intellectual,intellectual,intellectual,[],hz-019259,entry_candidate,raw_ocr,high,4,844,,dictionary/I/I-06.md,hz-019259-intellectual,sources/Hezareh_Dictionary_Index/source/Hezareh_Part_04_PDF_0751-1000.md#L10819-L10825,True
intellectual property,intellectual property,intellectual property,[],hz-019260,entry_candidate,raw_ocr,high,4,845,,dictionary/I/I-06.md,hz-019260-intellectual-property,sources/Hezareh_Dictionary_Index/source/Hezareh_Part_04_PDF_0751-1000.md#L10841-L10850,True
intelligence,intelligence,intelligence,[],hz-019261,entry_candidate,raw_ocr,medium,4,845,,dictionary/I/I-06.md,hz-019261-intelligence,sources/Hezareh_Dictionary_Index/source/Hezareh_Part_04_PDF_0751-1000.md#L10851-L10852,True
intelligence test,intelligence test,intelligence test,[],hz-019262,entry_candidate,raw_ocr,medium,4,845,,dictionary/I/I-06.md,hz-019262-intelligence-test,sources/Hezareh_Dictionary_Index/source/Hezareh_Part_04_PDF_0751-1000.md#L10853-L10853,True
intelligent,intelligent,intelligent,[],hz-019263,entry_candidate,raw_ocr,medium,4,845,,dictionary/I/I-06.md,hz-019263-intelligent,sources/Hezareh_Dictionary_Index/source/Hezareh_Part_04_PDF_0751-1000.md#L10854-L10857,True
intelligently,intelligently,intelligently,[],hz-019264,entry_candidate,raw_ocr,low,4,845,,dictionary/I/I-06.md,hz-019264-intelligently,sources/Hezareh_Dictionary_Index/source/Hezareh_Part_04_PDF_0751-1000.md#L10858-L10859,True
intelligentsia,intelligentsia,intelligentsia,[],hz-019265,entry_candidate,raw_ocr,medium,4,845,,dictionary/I/I-06.md,hz-019265-intelligentsia,sources/Hezareh_Dictionary_Index/source/Hezareh_Part_04_PDF_0751-1000.md#L10860-L10862,True
intelligibility,intelligibility,intelligibility,[],hz-019266,entry_candidate,raw_ocr,medium,4,845,,dictionary/I/I-06.md,hz-019266-intelligibility,sources/Hezareh_Dictionary_Index/source/Hezareh_Part_04_PDF_0751-1000.md#L10863-L10864,True
intelligible,intelligible,intelligible,[],hz-019267,entry_candidate,raw_ocr,medium,4,845,,dictionary/I/I-06.md,hz-019267-intelligible,sources/Hezareh_Dictionary_Index/source/Hezareh_Part_04_PDF_0751-1000.md#L10865-L10866,True
intelligibly,intelligibly,intelligibly,[],hz-019268,entry_candidate,raw_ocr,medium,4,845,,dictionary/I/I-06.md,hz-019268-intelligibly,sources/Hezareh_Dictionary_Index/source/Hezareh_Part_04_PDF_0751-1000.md#L10867-L10871,True
intemperate,intemperate,intemperate,[],hz-019269,entry_candidate,raw_ocr,medium,4,845,,dictionary/I/I-06.md,hz-019269-intemperate,sources/Hezareh_Dictionary_Index/source/Hezareh_Part_04_PDF_0751-1000.md#L10872-L10889,True
intemperatelytm'temparatl,intemperatelytm'temparatl,intemperatelytm'temparatl,[],hz-019270,entry_candidate,raw_ocr,hint_only,4,845,,dictionary/I/I-06.md,hz-019270-intemperatelytm-temparatl,sources/Hezareh_Dictionary_Index/source/Hezareh_Part_04_PDF_0751-1000.md#L10829-L10829,False
intend,intend,intend,[],hz-019271,entry_candidate,raw_ocr,medium,4,845,,dictionary/I/I-06.md,hz-019271-intend,sources/Hezareh_Dictionary_Index/source/Hezareh_Part_04_PDF_0751-1000.md#L10890-L10902,True
intend sb,intend sb,intend sb,[],hz-019272,entry_candidate,raw_ocr,medium,4,845,,dictionary/I/I-06.md,hz-019272-intend-sb,sources/Hezareh_Dictionary_Index/source/Hezareh_Part_04_PDF_0751-1000.md#L10890-L10902,True
intended I m'tendrd,intended i m'tendrd,intended i m'tendrd,[],hz-019273,entry_candidate,raw_ocr,hint_only,4,845,,dictionary/I/I-06.md,hz-019273-intended-i-m-tendrd,sources/Hezareh_Dictionary_Index/source/Hezareh_Part_04_PDF_0751-1000.md#L10829-L10829,False
intense,intense,intense,[],hz-019274,entry_candidate,raw_ocr,medium,4,845,,dictionary/I/I-06.md,hz-019274-intense,sources/Hezareh_Dictionary_Index/source/Hezareh_Part_04_PDF_0751-1000.md#L10903-L10913,True
intensely,intensely,intensely,[],hz-019275,entry_candidate,raw_ocr,hint_only,4,845,,dictionary/I/I-06.md,hz-019275-intensely,sources/Hezareh_Dictionary_Index/source/Hezareh_Part_04_PDF_0751-1000.md#L10829-L10829,False
intensify,intensify,intensify,[],hz-019276,entry_candidate,raw_ocr,high,4,845,,dictionary/I/I-06.md,hz-019276-intensify,sources/Hezareh_Dictionary_Index/source/Hezareh_Part_04_PDF_0751-1000.md#L10914-L10919,True
intensity,intensity,intensity,[],hz-019277,entry_candidate,raw_ocr,medium,4,845,,dictionary/I/I-06.md,hz-019277-intensity,sources/Hezareh_Dictionary_Index/source/Hezareh_Part_04_PDF_0751-1000.md#L10920-L10928,True
intensive,intensive,intensive,[],hz-019278,entry_candidate,raw_ocr,high,4,845,,dictionary/I/I-06.md,hz-019278-intensive,sources/Hezareh_Dictionary_Index/source/Hezareh_Part_04_PDF_0751-1000.md#L10929-L10937,True
intensive care,intensive care,intensive care,[],hz-019279,entry_candidate,raw_ocr,high,4,845,,dictionary/I/I-06.md,hz-019279-intensive-care,sources/Hezareh_Dictionary_Index/source/Hezareh_Part_04_PDF_0751-1000.md#L10929-L10937,True
intention,intention,intention,[],hz-019280,entry_candidate,raw_ocr,medium,4,846,,dictionary/I/I-06.md,hz-019280-intention,sources/Hezareh_Dictionary_Index/source/Hezareh_Part_04_PDF_0751-1000.md#L10961-L10964,True
intentional,intentional,intentional,[],hz-019281,entry_candidate,raw_ocr,medium,4,846,,dictionary/I/I-06.md,hz-019281-intentional,sources/Hezareh_Dictionary_Index/source/Hezareh_Part_04_PDF_0751-1000.md#L10965-L10966,True
intentionally,intentionally,intentionally,[],hz-019282,entry_candidate,raw_ocr,medium,4,846,,dictionary/I/I-06.md,hz-019282-intentionally,sources/Hezareh_Dictionary_Index/source/Hezareh_Part_04_PDF_0751-1000.md#L10967-L10968,True
intentioned,intentioned,intentioned,[],hz-019283,entry_candidate,raw_ocr,medium,4,846,,dictionary/I/I-06.md,hz-019283-intentioned,sources/Hezareh_Dictionary_Index/source/Hezareh_Part_04_PDF_0751-1000.md#L10969-L10970,True
intently,intently,intently,[],hz-019284,entry_candidate,raw_ocr,medium,4,846,,dictionary/I/I-06.md,hz-019284-intently,sources/Hezareh_Dictionary_Index/source/Hezareh_Part_04_PDF_0751-1000.md#L10971-L10972,True
intentness,intentness,intentness,[],hz-019285,entry_candidate,raw_ocr,medium,4,846,,dictionary/I/I-06.md,hz-019285-intentness,sources/Hezareh_Dictionary_Index/source/Hezareh_Part_04_PDF_0751-1000.md#L10973-L10974,True
inter,inter,inter,[],hz-019286,entry_candidate,raw_ocr,medium,4,846,,dictionary/I/I-06.md,hz-019286-inter,sources/Hezareh_Dictionary_Index/source/Hezareh_Part_04_PDF_0751-1000.md#L10975-L10976,True
interact,interact,interact,[],hz-019287,entry_candidate,raw_ocr,low,4,846,,dictionary/I/I-06.md,hz-019287-interact,sources/Hezareh_Dictionary_Index/source/Hezareh_Part_04_PDF_0751-1000.md#L10977-L10980,True
interactiOn,interaction,interaction,[],hz-019288,entry_candidate,raw_ocr,low,4,846,,dictionary/I/I-06.md,hz-019288-interaction,sources/Hezareh_Dictionary_Index/source/Hezareh_Part_04_PDF_0751-1000.md#L10981-L10983,True
interactive,interactive,interactive,[],hz-019289,entry_candidate,raw_ocr,medium,4,846,,dictionary/I/I-06.md,hz-019289-interactive,sources/Hezareh_Dictionary_Index/source/Hezareh_Part_04_PDF_0751-1000.md#L10984-L10991,True
interbred,interbred,interbred,[],hz-019290,entry_candidate,raw_ocr,medium,4,846,,dictionary/I/I-06.md,hz-019290-interbred,sources/Hezareh_Dictionary_Index/source/Hezareh_Part_04_PDF_0751-1000.md#L10992-L10992,True
interbreed,interbreed,interbreed,[],hz-019291,entry_candidate,raw_ocr,high,4,846,,dictionary/I/I-06.md,hz-019291-interbreed,sources/Hezareh_Dictionary_Index/source/Hezareh_Part_04_PDF_0751-1000.md#L10993-L11003,True
intercalary,intercalary,intercalary,[],hz-019292,entry_candidate,raw_ocr,high,4,846,,dictionary/I/I-06.md,hz-019292-intercalary,sources/Hezareh_Dictionary_Index/source/Hezareh_Part_04_PDF_0751-1000.md#L11004-L11010,True
intercept,intercept,intercept,[],hz-019293,entry_candidate,raw_ocr,high,4,846,,dictionary/I/I-06.md,hz-019293-intercept,sources/Hezareh_Dictionary_Index/source/Hezareh_Part_04_PDF_0751-1000.md#L11011-L11013,True
interception,interception,interception,[],hz-019294,entry_candidate,raw_ocr,high,4,846,,dictionary/I/I-06.md,hz-019294-interception,sources/Hezareh_Dictionary_Index/source/Hezareh_Part_04_PDF_0751-1000.md#L11014-L11015,True
interceptor,interceptor,interceptor,[],hz-019295,entry_candidate,raw_ocr,high,4,846,,dictionary/I/I-06.md,hz-019295-interceptor,sources/Hezareh_Dictionary_Index/source/Hezareh_Part_04_PDF_0751-1000.md#L11016-L11017,True
intercession,intercession,intercession,[],hz-019296,entry_candidate,raw_ocr,high,4,846,,dictionary/I/I-06.md,hz-019296-intercession,sources/Hezareh_Dictionary_Index/source/Hezareh_Part_04_PDF_0751-1000.md#L11018-L11029,True
interchangeable,interchangeable,interchangeable,[],hz-019297,entry_candidate,raw_ocr,hint_only,4,846,,dictionary/I/I-06.md,hz-019297-interchangeable,sources/Hezareh_Dictionary_Index/source/Hezareh_Part_04_PDF_0751-1000.md#L10941-L10941,False
interchangeably,interchangeably,interchangeably,[],hz-019298,entry_candidate,raw_ocr,high,4,846,,dictionary/I/I-06.md,hz-019298-interchangeably,sources/Hezareh_Dictionary_Index/source/Hezareh_Part_04_PDF_0751-1000.md#L11030-L11035,True
intercollegiate,intercollegiate,intercollegiate,[],hz-019299,entry_candidate,raw_ocr,high,4,846,,dictionary/I/I-06.md,hz-019299-intercollegiate,sources/Hezareh_Dictionary_Index/source/Hezareh_Part_04_PDF_0751-1000.md#L11036-L11037,True
intercom,intercom,intercom,[],hz-019300,entry_candidate,raw_ocr,high,4,846,,dictionary/I/I-06.md,hz-019300-intercom,sources/Hezareh_Dictionary_Index/source/Hezareh_Part_04_PDF_0751-1000.md#L11038-L11038,True
intercommunicate,intercommunicate,intercommunicate,[],hz-019301,entry_candidate,raw_ocr,high,4,846,,dictionary/I/I-06.md,hz-019301-intercommunicate,sources/Hezareh_Dictionary_Index/source/Hezareh_Part_04_PDF_0751-1000.md#L11039-L11045,True
intercommunication,intercommunication,intercommunication,[],hz-019302,entry_candidate,raw_ocr,hint_only,4,846,,dictionary/I/I-06.md,hz-019302-intercommunication,sources/Hezareh_Dictionary_Index/source/Hezareh_Part_04_PDF_0751-1000.md#L10941-L10941,False
intercommunion,intercommunion,intercommunion,[],hz-019303,entry_candidate,raw_ocr,high,4,846,,dictionary/I/I-06.md,hz-019303-intercommunion,sources/Hezareh_Dictionary_Index/source/Hezareh_Part_04_PDF_0751-1000.md#L11046-L11047,True
interconneCt,interconnect,interconnect,[],hz-019304,entry_candidate,raw_ocr,high,4,846,,dictionary/I/I-06.md,hz-019304-interconnect,sources/Hezareh_Dictionary_Index/source/Hezareh_Part_04_PDF_0751-1000.md#L11048-L11052,True
interconnecting,interconnecting,interconnecting,[],hz-019305,entry_candidate,raw_ocr,low,4,847,,dictionary/I/I-06.md,hz-019305-interconnecting,sources/Hezareh_Dictionary_Index/source/Hezareh_Part_04_PDF_0751-1000.md#L11073-L11078,True
intercontinental,intercontinental,intercontinental,[],hz-019306,entry_candidate,raw_ocr,high,4,847,,dictionary/I/I-06.md,hz-019306-intercontinental,sources/Hezareh_Dictionary_Index/source/Hezareh_Part_04_PDF_0751-1000.md#L11079-L11084,True
interdenominational,interdenominational,interdenominational,[],hz-019307,entry_candidate,raw_ocr,high,4,847,,dictionary/I/I-06.md,hz-019307-interdenominational,sources/Hezareh_Dictionary_Index/source/Hezareh_Part_04_PDF_0751-1000.md#L11085-L11088,True
interdepartmental,interdepartmental,interdepartmental,[],hz-019308,entry_candidate,raw_ocr,hint_only,4,847,,dictionary/I/I-06.md,hz-019308-interdepartmental,sources/Hezareh_Dictionary_Index/source/Hezareh_Part_04_PDF_0751-1000.md#L11056-L11056,False
interdepartmentally,interdepartmentally,interdepartmentally,[],hz-019309,entry_candidate,raw_ocr,high,4,847,,dictionary/I/I-06.md,hz-019309-interdepartmentally,sources/Hezareh_Dictionary_Index/source/Hezareh_Part_04_PDF_0751-1000.md#L11089-L11093,True
interdependence,interdependence,interdependence,[],hz-019310,entry_candidate,raw_ocr,hint_only,4,847,,dictionary/I/I-06.md,hz-019310-interdependence,sources/Hezareh_Dictionary_Index/source/Hezareh_Part_04_PDF_0751-1000.md#L11056-L11056,False
interdependent,interdependent,interdependent,[],hz-019311,entry_candidate,raw_ocr,medium,4,847,,dictionary/I/I-06.md,hz-019311-interdependent,sources/Hezareh_Dictionary_Index/source/Hezareh_Part_04_PDF_0751-1000.md#L11094-L11095,True
interdependently,interdependently,interdependently,[],hz-019312,entry_candidate,raw_ocr,high,4,847,,dictionary/I/I-06.md,hz-019312-interdependently,sources/Hezareh_Dictionary_Index/source/Hezareh_Part_04_PDF_0751-1000.md#L11096-L11099,True
interdict,interdict,interdict,[],hz-019313,entry_candidate,raw_ocr,low,4,847,,dictionary/I/I-06.md,hz-019313-interdict,sources/Hezareh_Dictionary_Index/source/Hezareh_Part_04_PDF_0751-1000.md#L11100-L11103,True
interdiction,interdiction,interdiction,[],hz-019314,entry_candidate,raw_ocr,medium,4,847,,dictionary/I/I-06.md,hz-019314-interdiction,sources/Hezareh_Dictionary_Index/source/Hezareh_Part_04_PDF_0751-1000.md#L11104-L11122,True
interest,interest,interest,[],hz-019315,entry_candidate,raw_ocr,medium,4,847,,dictionary/I/I-06.md,hz-019315-interest,sources/Hezareh_Dictionary_Index/source/Hezareh_Part_04_PDF_0751-1000.md#L11123-L11124,True
interest-free,interest-free,interest-free,[],hz-019317,entry_candidate,raw_ocr,medium,4,847,,dictionary/I/I-06.md,hz-019317-interest-free,sources/Hezareh_Dictionary_Index/source/Hezareh_Part_04_PDF_0751-1000.md#L11147-L11148,True
interested,interested,interested,[],hz-019316,entry_candidate,raw_ocr,medium,4,847,,dictionary/I/I-06.md,hz-019316-interested,sources/Hezareh_Dictionary_Index/source/Hezareh_Part_04_PDF_0751-1000.md#L11125-L11146,True
interesting,interesting,interesting,[],hz-019318,entry_candidate,raw_ocr,low,4,847,,dictionary/I/I-06.md,hz-019318-interesting,sources/Hezareh_Dictionary_Index/source/Hezareh_Part_04_PDF_0751-1000.md#L11149-L11153,True
interface,interface,interface,[],hz-019319,entry_candidate,raw_ocr,low,4,847,,dictionary/I/I-06.md,hz-019319-interface,sources/Hezareh_Dictionary_Index/source/Hezareh_Part_04_PDF_0751-1000.md#L11154-L11162,True
interfere,interfere,interfere,[],hz-019320,entry_candidate,raw_ocr,hint_only,4,847,,dictionary/I/I-06.md,hz-019320-interfere,sources/Hezareh_Dictionary_Index/source/Hezareh_Part_04_PDF_0751-1000.md#L11056-L11056,False
interference,interference,interference,[],hz-019321,entry_candidate,raw_ocr,hint_only,4,848,,dictionary/I/I-06.md,hz-019321-interference,sources/Hezareh_Dictionary_Index/source/Hezareh_Part_04_PDF_0751-1000.md#L11166-L11166,False
interfering,interfering,interfering,[],hz-019322,entry_candidate,raw_ocr,low,4,848,,dictionary/I/I-06.md,hz-019322-interfering,sources/Hezareh_Dictionary_Index/source/Hezareh_Part_04_PDF_0751-1000.md#L11186-L11190,True
interferon,interferon,interferon,[],hz-019323,entry_candidate,raw_ocr,hint_only,4,848,,dictionary/I/I-06.md,hz-019323-interferon,sources/Hezareh_Dictionary_Index/source/Hezareh_Part_04_PDF_0751-1000.md#L11166-L11166,False
intergovernmental,intergovernmental,intergovernmental,[],hz-019324,entry_candidate,raw_ocr,high,4,848,,dictionary/I/I-06.md,hz-019324-intergovernmental,sources/Hezareh_Dictionary_Index/source/Hezareh_Part_04_PDF_0751-1000.md#L11191-L11192,True
interim,interim,interim,[],hz-019325,entry_candidate,raw_ocr,medium,4,848,,dictionary/I/I-06.md,hz-019325-interim,sources/Hezareh_Dictionary_Index/source/Hezareh_Part_04_PDF_0751-1000.md#L11193-L11207,True
interior,interior,interior,[],hz-019326,entry_candidate,raw_ocr,high,4,848,,dictionary/I/I-06.md,hz-019326-interior,sources/Hezareh_Dictionary_Index/source/Hezareh_Part_04_PDF_0751-1000.md#L11208-L11211,True
interior decorator,interior decorator,interior decorator,[],hz-019327,entry_candidate,raw_ocr,high,4,848,,dictionary/I/I-06.md,hz-019327-interior-decorator,sources/Hezareh_Dictionary_Index/source/Hezareh_Part_04_PDF_0751-1000.md#L11208-L11211,True
interior design,interior design,interior design,[],hz-019328,entry_candidate,raw_ocr,hint_only,4,848,,dictionary/I/I-06.md,hz-019328-interior-design,sources/Hezareh_Dictionary_Index/source/Hezareh_Part_04_PDF_0751-1000.md#L11166-L11166,False
interior designer,interior designer,interior designer,[],hz-019329,entry_candidate,raw_ocr,high,4,848,,dictionary/I/I-06.md,hz-019329-interior-designer,sources/Hezareh_Dictionary_Index/source/Hezareh_Part_04_PDF_0751-1000.md#L11212-L11213,True
interject,interject,interject,[],hz-019330,entry_candidate,raw_ocr,medium,4,848,,dictionary/I/I-06.md,hz-019330-interject,sources/Hezareh_Dictionary_Index/source/Hezareh_Part_04_PDF_0751-1000.md#L11214-L11215,True
interjection,interjection,interjection,[],hz-019331,entry_candidate,raw_ocr,low,4,848,,dictionary/I/I-06.md,hz-019331-interjection,sources/Hezareh_Dictionary_Index/source/Hezareh_Part_04_PDF_0751-1000.md#L11216-L11218,True
interlace,interlace,interlace,[],hz-019332,entry_candidate,raw_ocr,medium,4,848,,dictionary/I/I-06.md,hz-019332-interlace,sources/Hezareh_Dictionary_Index/source/Hezareh_Part_04_PDF_0751-1000.md#L11219-L11232,True
interleave,interleave,interleave,[],hz-019333,entry_candidate,raw_ocr,high,4,848,,dictionary/I/I-06.md,hz-019333-interleave,sources/Hezareh_Dictionary_Index/source/Hezareh_Part_04_PDF_0751-1000.md#L11233-L11238,True
interline,interline,interline,[],hz-019334,entry_candidate,raw_ocr,high,4,848,,dictionary/I/I-06.md,hz-019334-interline,sources/Hezareh_Dictionary_Index/source/Hezareh_Part_04_PDF_0751-1000.md#L11239-L11240,True
interlinear,interlinear,interlinear,[],hz-019335,entry_candidate,raw_ocr,high,4,848,,dictionary/I/I-06.md,hz-019335-interlinear,sources/Hezareh_Dictionary_Index/source/Hezareh_Part_04_PDF_0751-1000.md#L11241-L11242,True
interlining,interlining,interlining,[],hz-019336,entry_candidate,raw_ocr,high,4,848,,dictionary/I/I-06.md,hz-019336-interlining,sources/Hezareh_Dictionary_Index/source/Hezareh_Part_04_PDF_0751-1000.md#L11243-L11243,True
interlink,interlink,interlink,[],hz-019337,entry_candidate,raw_ocr,high,4,848,,dictionary/I/I-06.md,hz-019337-interlink,sources/Hezareh_Dictionary_Index/source/Hezareh_Part_04_PDF_0751-1000.md#L11244-L11246,True
interlock,interlock,interlock,[],hz-019338,entry_candidate,raw_ocr,high,4,848,,dictionary/I/I-06.md,hz-019338-interlock,sources/Hezareh_Dictionary_Index/source/Hezareh_Part_04_PDF_0751-1000.md#L11247-L11251,True
interlocutor,interlocutor,interlocutor,[],hz-019339,entry_candidate,raw_ocr,high,4,848,,dictionary/I/I-06.md,hz-019339-interlocutor,sources/Hezareh_Dictionary_Index/source/Hezareh_Part_04_PDF_0751-1000.md#L11252-L11253,True
interloper,interloper,interloper,[],hz-019340,entry_candidate,raw_ocr,high,4,848,,dictionary/I/I-06.md,hz-019340-interloper,sources/Hezareh_Dictionary_Index/source/Hezareh_Part_04_PDF_0751-1000.md#L11254-L11259,True
intermarriage,intermarriage,intermarriage,[],hz-019341,entry_candidate,raw_ocr,high,4,848,,dictionary/I/I-06.md,hz-019341-intermarriage,sources/Hezareh_Dictionary_Index/source/Hezareh_Part_04_PDF_0751-1000.md#L11260-L11262,True
intermarry,intermarry,intermarry,[],hz-019342,entry_candidate,raw_ocr,high,4,848,,dictionary/I/I-06.md,hz-019342-intermarry,sources/Hezareh_Dictionary_Index/source/Hezareh_Part_04_PDF_0751-1000.md#L11263-L11270,True
intermediate,intermediate,intermediate,[],hz-019343,entry_candidate,raw_ocr,high,4,848,,dictionary/I/I-06.md,hz-019343-intermediate,sources/Hezareh_Dictionary_Index/source/Hezareh_Part_04_PDF_0751-1000.md#L11271-L11276,True
intermediate-range,intermediate-range,intermediate-range,[],hz-019346,entry_candidate,raw_ocr,high,4,849,,dictionary/I/I-06.md,hz-019346-intermediate-range,sources/Hezareh_Dictionary_Index/source/Hezareh_Part_04_PDF_0751-1000.md#L11297-L11298,True
intermediately,intermediately,intermediately,[],hz-019345,entry_candidate,raw_ocr,high,4,849,,dictionary/I/I-06.md,hz-019345-intermediately,sources/Hezareh_Dictionary_Index/source/Hezareh_Part_04_PDF_0751-1000.md#L11289-L11296,True
interment,interment,interment,[],hz-019347,entry_candidate,raw_ocr,medium,4,849,,dictionary/I/I-06.md,hz-019347-interment,sources/Hezareh_Dictionary_Index/source/Hezareh_Part_04_PDF_0751-1000.md#L11299-L11300,True
intermezzi,intermezzi,intermezzi,[],hz-019348,entry_candidate,raw_ocr,medium,4,849,,dictionary/I/I-06.md,hz-019348-intermezzi,sources/Hezareh_Dictionary_Index/source/Hezareh_Part_04_PDF_0751-1000.md#L11301-L11301,True
intermezzo,intermezzo,intermezzo,[],hz-019349,entry_candidate,raw_ocr,high,4,849,,dictionary/I/I-06.md,hz-019349-intermezzo,sources/Hezareh_Dictionary_Index/source/Hezareh_Part_04_PDF_0751-1000.md#L11302-L11303,True
interminable,interminable,interminable,[],hz-019350,entry_candidate,raw_ocr,medium,4,849,,dictionary/I/I-06.md,hz-019350-interminable,sources/Hezareh_Dictionary_Index/source/Hezareh_Part_04_PDF_0751-1000.md#L11304-L11312,True
intermingle-,intermingle-,intermingle-,[],hz-019351,entry_candidate,raw_ocr,hint_only,4,849,,dictionary/I/I-06.md,hz-019351-intermingle,sources/Hezareh_Dictionary_Index/source/Hezareh_Part_04_PDF_0751-1000.md#L11280-L11280,False
intermission,intermission,intermission,[],hz-019352,entry_candidate,raw_ocr,medium,4,849,,dictionary/I/I-06.md,hz-019352-intermission,sources/Hezareh_Dictionary_Index/source/Hezareh_Part_04_PDF_0751-1000.md#L11313-L11316,True
intermittently,intermittently,intermittently,[],hz-019344,entry_candidate,raw_ocr,low,4,849,,dictionary/I/I-06.md,hz-019344-intermittently,sources/Hezareh_Dictionary_Index/source/Hezareh_Part_04_PDF_0751-1000.md#L11317-L11318,True
intermix,intermix,intermix,[],hz-019353,entry_candidate,raw_ocr,high,4,849,,dictionary/I/I-06.md,hz-019353-intermix,sources/Hezareh_Dictionary_Index/source/Hezareh_Part_04_PDF_0751-1000.md#L11319-L11319,True
intermixture,intermixture,intermixture,[],hz-019354,entry_candidate,raw_ocr,high,4,849,,dictionary/I/I-06.md,hz-019354-intermixture,sources/Hezareh_Dictionary_Index/source/Hezareh_Part_04_PDF_0751-1000.md#L11320-L11320,True
intern,intern,intern,[],hz-019356,entry_candidate,raw_ocr,medium,4,849,,dictionary/I/I-06.md,hz-019356-intern,sources/Hezareh_Dictionary_Index/source/Hezareh_Part_04_PDF_0751-1000.md#L11324-L11330,True
Intern',intern',intern',[],hz-019355,entry_candidate,raw_ocr,medium,4,849,,dictionary/I/I-06.md,hz-019355-intern,sources/Hezareh_Dictionary_Index/source/Hezareh_Part_04_PDF_0751-1000.md#L11321-L11323,True
Internal Revenue Service,internal revenue service,internal revenue service,[],hz-019364,entry_candidate,raw_ocr,high,4,849,,dictionary/I/I-06.md,hz-019364-internal-revenue-service,sources/Hezareh_Dictionary_Index/source/Hezareh_Part_04_PDF_0751-1000.md#L11350-L11353,True
internal-combustion engine,internal-combustion engine,internal-combustion engine,[],hz-019357,entry_candidate,raw_ocr,high,4,849,,dictionary/I/I-06.md,hz-019357-internal-combustion-engine,sources/Hezareh_Dictionary_Index/source/Hezareh_Part_04_PDF_0751-1000.md#L11331-L11333,True
internalisation,internalisation,internalisation,[],hz-019359,entry_candidate,raw_ocr,high,4,849,,dictionary/I/I-06.md,hz-019359-internalisation,sources/Hezareh_Dictionary_Index/source/Hezareh_Part_04_PDF_0751-1000.md#L11334-L11335,True
internalise,internalise,internalise,[],hz-019360,entry_candidate,raw_ocr,high,4,849,,dictionary/I/I-06.md,hz-019360-internalise,sources/Hezareh_Dictionary_Index/source/Hezareh_Part_04_PDF_0751-1000.md#L11336-L11340,True
internalization,internalization,internalization,[],hz-019361,entry_candidate,raw_ocr,high,4,849,,dictionary/I/I-06.md,hz-019361-internalization,sources/Hezareh_Dictionary_Index/source/Hezareh_Part_04_PDF_0751-1000.md#L11341-L11343,True
internalize,internalize,internalize,[],hz-019362,entry_candidate,raw_ocr,medium,4,849,,dictionary/I/I-06.md,hz-019362-internalize,sources/Hezareh_Dictionary_Index/source/Hezareh_Part_04_PDF_0751-1000.md#L11344-L11347,True
internally,internally,internally,[],hz-019363,entry_candidate,raw_ocr,low,4,849,,dictionary/I/I-06.md,hz-019363-internally,sources/Hezareh_Dictionary_Index/source/Hezareh_Part_04_PDF_0751-1000.md#L11348-L11349,True
international,international,international,[],hz-019365,entry_candidate,raw_ocr,medium,4,849,,dictionary/I/I-06.md,hz-019365-international,sources/Hezareh_Dictionary_Index/source/Hezareh_Part_04_PDF_0751-1000.md#L11354-L11362,True
internationalization,internationalization,internationalization,[],hz-019367,entry_candidate,raw_ocr,high,4,849,,dictionary/I/I-06.md,hz-019367-internationalization,sources/Hezareh_Dictionary_Index/source/Hezareh_Part_04_PDF_0751-1000.md#L11367-L11371,True
internationalize,internationalize,internationalize,[],hz-019368,entry_candidate,raw_ocr,high,4,849,,dictionary/I/I-06.md,hz-019368-internationalize,sources/Hezareh_Dictionary_Index/source/Hezareh_Part_04_PDF_0751-1000.md#L11363-L11366,True
internationally,internationally,internationally,[],hz-019369,entry_candidate,raw_ocr,medium,4,849,,dictionary/I/I-06.md,hz-019369-internationally,sources/Hezareh_Dictionary_Index/source/Hezareh_Part_04_PDF_0751-1000.md#L11372-L11374,True
interne,interne,interne,[],hz-019370,entry_candidate,raw_ocr,high,4,849,,dictionary/I/I-06.md,hz-019370-interne,sources/Hezareh_Dictionary_Index/source/Hezareh_Part_04_PDF_0751-1000.md#L11375-L11375,True
internecine,internecine,internecine,[],hz-019371,entry_candidate,raw_ocr,medium,4,849,,dictionary/I/I-06.md,hz-019371-internecine,sources/Hezareh_Dictionary_Index/source/Hezareh_Part_04_PDF_0751-1000.md#L11376-L11380,True
Internet,internet,internet,[],hz-019372,entry_candidate,raw_ocr,high,4,849,,dictionary/I/I-06.md,hz-019372-internet,sources/Hezareh_Dictionary_Index/source/Hezareh_Part_04_PDF_0751-1000.md#L11381-L11384,True
interpellate,interpellate,interpellate,[],hz-019373,entry_candidate,raw_ocr,medium,4,849,,dictionary/I/I-06.md,hz-019373-interpellate,sources/Hezareh_Dictionary_Index/source/Hezareh_Part_04_PDF_0751-1000.md#L11385-L11386,True
interpellation,interpellation,interpellation,[],hz-019374,entry_candidate,raw_ocr,low,4,849,,dictionary/I/I-06.md,hz-019374-interpellation,sources/Hezareh_Dictionary_Index/source/Hezareh_Part_04_PDF_0751-1000.md#L11387-L11389,True
interpenetrate,interpenetrate,interpenetrate,[],hz-019375,entry_candidate,raw_ocr,medium,4,850,,dictionary/I/I-06.md,hz-019375-interpenetrate,sources/Hezareh_Dictionary_Index/source/Hezareh_Part_04_PDF_0751-1000.md#L11403-L11405,True
interpenetration,interpenetration,interpenetration,[],hz-019376,entry_candidate,raw_ocr,medium,4,850,,dictionary/I/I-06.md,hz-019376-interpenetration,sources/Hezareh_Dictionary_Index/source/Hezareh_Part_04_PDF_0751-1000.md#L11406-L11409,True
interpersonal,interpersonal,interpersonal,[],hz-019377,entry_candidate,raw_ocr,hint_only,4,850,,dictionary/I/I-06.md,hz-019377-interpersonal,sources/Hezareh_Dictionary_Index/source/Hezareh_Part_04_PDF_0751-1000.md#L11393-L11393,False
interphone,interphone,interphone,[],hz-019378,entry_candidate,raw_ocr,high,4,850,,dictionary/I/I-06.md,hz-019378-interphone,sources/Hezareh_Dictionary_Index/source/Hezareh_Part_04_PDF_0751-1000.md#L11410-L11410,True
interplanetary,interplanetary,interplanetary,[],hz-019379,entry_candidate,raw_ocr,high,4,850,,dictionary/I/I-06.md,hz-019379-interplanetary,sources/Hezareh_Dictionary_Index/source/Hezareh_Part_04_PDF_0751-1000.md#L11411-L11412,True
interplay,interplay,interplay,[],hz-019380,entry_candidate,raw_ocr,medium,4,850,,dictionary/I/I-06.md,hz-019380-interplay,sources/Hezareh_Dictionary_Index/source/Hezareh_Part_04_PDF_0751-1000.md#L11413-L11413,True
Interpol,interpol,interpol,[],hz-019381,entry_candidate,raw_ocr,medium,4,850,,dictionary/I/I-06.md,hz-019381-interpol,sources/Hezareh_Dictionary_Index/source/Hezareh_Part_04_PDF_0751-1000.md#L11414-L11414,True
interpolate,interpolate,interpolate,[],hz-019382,entry_candidate,raw_ocr,medium,4,850,,dictionary/I/I-06.md,hz-019382-interpolate,sources/Hezareh_Dictionary_Index/source/Hezareh_Part_04_PDF_0751-1000.md#L11415-L11418,True
interpolation,interpolation,interpolation,[],hz-019383,entry_candidate,raw_ocr,high,4,850,,dictionary/I/I-06.md,hz-019383-interpolation,sources/Hezareh_Dictionary_Index/source/Hezareh_Part_04_PDF_0751-1000.md#L11419-L11427,True
interpose,interpose,interpose,[],hz-019384,entry_candidate,raw_ocr,high,4,850,,dictionary/I/I-06.md,hz-019384-interpose,sources/Hezareh_Dictionary_Index/source/Hezareh_Part_04_PDF_0751-1000.md#L11428-L11441,True
interpositiOl,interpositiol,interpositiol,[],hz-019385,entry_candidate,raw_ocr,hint_only,4,850,,dictionary/I/I-06.md,hz-019385-interpositiol,sources/Hezareh_Dictionary_Index/source/Hezareh_Part_04_PDF_0751-1000.md#L11393-L11393,False
interpretative,interpretative,interpretative,[],hz-019386,entry_candidate,raw_ocr,medium,4,850,,dictionary/I/I-06.md,hz-019386-interpretative,sources/Hezareh_Dictionary_Index/source/Hezareh_Part_04_PDF_0751-1000.md#L11442-L11454,True
interregna,interregna,interregna,[],hz-019387,entry_candidate,raw_ocr,high,4,850,,dictionary/I/I-06.md,hz-019387-interregna,sources/Hezareh_Dictionary_Index/source/Hezareh_Part_04_PDF_0751-1000.md#L11456-L11456,True
interregnum,interregnum,interregnum,[],hz-019388,entry_candidate,raw_ocr,high,4,850,,dictionary/I/I-06.md,hz-019388-interregnum,sources/Hezareh_Dictionary_Index/source/Hezareh_Part_04_PDF_0751-1000.md#L11457-L11460,True
interrelate,interrelate,interrelate,[],hz-019389,entry_candidate,raw_ocr,medium,4,850,,dictionary/I/I-06.md,hz-019389-interrelate,sources/Hezareh_Dictionary_Index/source/Hezareh_Part_04_PDF_0751-1000.md#L11461-L11466,True
interrelated,interrelated,interrelated,[],hz-019390,entry_candidate,raw_ocr,medium,4,850,,dictionary/I/I-06.md,hz-019390-interrelated,sources/Hezareh_Dictionary_Index/source/Hezareh_Part_04_PDF_0751-1000.md#L11467-L11469,True
interrelation,interrelation,interrelation,[],hz-019391,entry_candidate,raw_ocr,medium,4,850,,dictionary/I/I-06.md,hz-019391-interrelation,sources/Hezareh_Dictionary_Index/source/Hezareh_Part_04_PDF_0751-1000.md#L11470-L11478,True
interrogation,interrogation,interrogation,[],hz-019392,entry_candidate,raw_ocr,medium,4,850,,dictionary/I/I-06.md,hz-019392-interrogation,sources/Hezareh_Dictionary_Index/source/Hezareh_Part_04_PDF_0751-1000.md#L11479-L11479,True
interrogative,interrogative,interrogative,[],hz-019393,entry_candidate,raw_ocr,medium,4,850,,dictionary/I/I-06.md,hz-019393-interrogative,sources/Hezareh_Dictionary_Index/source/Hezareh_Part_04_PDF_0751-1000.md#L11480-L11484,True
interrogatively,interrogatively,interrogatively,[],hz-019394,entry_candidate,raw_ocr,high,4,850,,dictionary/I/I-06.md,hz-019394-interrogatively,sources/Hezareh_Dictionary_Index/source/Hezareh_Part_04_PDF_0751-1000.md#L11485-L11488,True
interrogatory,interrogatory,interrogatory,[],hz-019395,entry_candidate,raw_ocr,high,4,850,,dictionary/I/I-06.md,hz-019395-interrogatory,sources/Hezareh_Dictionary_Index/source/Hezareh_Part_04_PDF_0751-1000.md#L11489-L11491,True
interrupt,interrupt,interrupt,[],hz-019396,entry_candidate,raw_ocr,medium,4,850,,dictionary/I/I-06.md,hz-019396-interrupt,sources/Hezareh_Dictionary_Index/source/Hezareh_Part_04_PDF_0751-1000.md#L11492-L11508,True
interrupter,interrupter,interrupter,[],hz-019397,entry_candidate,raw_ocr,high,4,850,,dictionary/I/I-06.md,hz-019397-interrupter,sources/Hezareh_Dictionary_Index/source/Hezareh_Part_04_PDF_0751-1000.md#L11455-L11455,True
interruptiOn,interruption,interruption,[],hz-019398,entry_candidate,raw_ocr,high,4,851,,dictionary/I/I-06.md,hz-019398-interruption,sources/Hezareh_Dictionary_Index/source/Hezareh_Part_04_PDF_0751-1000.md#L11521-L11525,True
intersect,intersect,intersect,[],hz-019399,entry_candidate,raw_ocr,medium,4,851,,dictionary/I/I-06.md,hz-019399-intersect,sources/Hezareh_Dictionary_Index/source/Hezareh_Part_04_PDF_0751-1000.md#L11526-L11528,True
intersecting,intersecting,intersecting,[],hz-019400,entry_candidate,raw_ocr,medium,4,851,,dictionary/I/I-06.md,hz-019400-intersecting,sources/Hezareh_Dictionary_Index/source/Hezareh_Part_04_PDF_0751-1000.md#L11529-L11529,True
intersection,intersection,intersection,[],hz-019401,entry_candidate,raw_ocr,medium,4,851,,dictionary/I/I-06.md,hz-019401-intersection,sources/Hezareh_Dictionary_Index/source/Hezareh_Part_04_PDF_0751-1000.md#L11530-L11535,True
intersperse,intersperse,intersperse,[],hz-019402,entry_candidate,raw_ocr,high,4,851,,dictionary/I/I-06.md,hz-019402-intersperse,sources/Hezareh_Dictionary_Index/source/Hezareh_Part_04_PDF_0751-1000.md#L11536-L11539,True
interspersed among,interspersed among,interspersed among,[],hz-019403,entry_candidate,raw_ocr,medium,4,851,,dictionary/I/I-06.md,hz-019403-interspersed-among,sources/Hezareh_Dictionary_Index/source/Hezareh_Part_04_PDF_0751-1000.md#L11540-L11546,True
interstate,interstate,interstate,[],hz-019404,entry_candidate,raw_ocr,medium,4,851,,dictionary/I/I-06.md,hz-019404-interstate,sources/Hezareh_Dictionary_Index/source/Hezareh_Part_04_PDF_0751-1000.md#L11547-L11548,True
interstellar,interstellar,interstellar,[],hz-019405,entry_candidate,raw_ocr,medium,4,851,,dictionary/I/I-06.md,hz-019405-interstellar,sources/Hezareh_Dictionary_Index/source/Hezareh_Part_04_PDF_0751-1000.md#L11549-L11550,True
interstice,interstice,interstice,[],hz-019406,entry_candidate,raw_ocr,medium,4,851,,dictionary/I/I-06.md,hz-019406-interstice,sources/Hezareh_Dictionary_Index/source/Hezareh_Part_04_PDF_0751-1000.md#L11551-L11553,True
intertwine,intertwine,intertwine,[],hz-019407,entry_candidate,raw_ocr,medium,4,851,,dictionary/I/I-06.md,hz-019407-intertwine,sources/Hezareh_Dictionary_Index/source/Hezareh_Part_04_PDF_0751-1000.md#L11554-L11556,True
interval,interval,interval,[],hz-019408,entry_candidate,raw_ocr,medium,4,851,,dictionary/I/I-06.md,hz-019408-interval,sources/Hezareh_Dictionary_Index/source/Hezareh_Part_04_PDF_0751-1000.md#L11557-L11564,True
intervene,intervene,intervene,[],hz-019409,entry_candidate,raw_ocr,medium,4,851,,dictionary/I/I-06.md,hz-019409-intervene,sources/Hezareh_Dictionary_Index/source/Hezareh_Part_04_PDF_0751-1000.md#L11565-L11577,True
intervening,intervening,intervening,[],hz-019410,entry_candidate,raw_ocr,medium,4,851,,dictionary/I/I-07.md,hz-019410-intervening,sources/Hezareh_Dictionary_Index/source/Hezareh_Part_04_PDF_0751-1000.md#L11578-L11585,True
interventionism,interventionism,interventionism,[],hz-019411,entry_candidate,raw_ocr,high,4,851,,dictionary/I/I-07.md,hz-019411-interventionism,sources/Hezareh_Dictionary_Index/source/Hezareh_Part_04_PDF_0751-1000.md#L11586-L11587,True
interventionist,interventionist,interventionist,[],hz-019412,entry_candidate,raw_ocr,medium,4,851,,dictionary/I/I-07.md,hz-019412-interventionist,sources/Hezareh_Dictionary_Index/source/Hezareh_Part_04_PDF_0751-1000.md#L11588-L11596,True
interview,interview,interview,[],hz-019413,entry_candidate,raw_ocr,hint_only,4,851,,dictionary/I/I-07.md,hz-019413-interview,sources/Hezareh_Dictionary_Index/source/Hezareh_Part_04_PDF_0751-1000.md#L11512-L11512,False
interviewee,interviewee,interviewee,[],hz-019414,entry_candidate,raw_ocr,hint_only,4,851,,dictionary/I/I-07.md,hz-019414-interviewee,sources/Hezareh_Dictionary_Index/source/Hezareh_Part_04_PDF_0751-1000.md#L11512-L11512,False
interviewer,interviewer,interviewer,[],hz-019415,entry_candidate,raw_ocr,hint_only,4,851,,dictionary/I/I-07.md,hz-019415-interviewer,sources/Hezareh_Dictionary_Index/source/Hezareh_Part_04_PDF_0751-1000.md#L11512-L11512,False
interwar,interwar,interwar,[],hz-019416,entry_candidate,raw_ocr,low,4,851,,dictionary/I/I-07.md,hz-019416-interwar,sources/Hezareh_Dictionary_Index/source/Hezareh_Part_04_PDF_0751-1000.md#L11597-L11602,True
interwove,interwove,interwove,[],hz-019417,entry_candidate,raw_ocr,high,4,851,,dictionary/I/I-07.md,hz-019417-interwove,sources/Hezareh_Dictionary_Index/source/Hezareh_Part_04_PDF_0751-1000.md#L11603-L11604,True
intestacy,intestacy,intestacy,[],hz-019418,entry_candidate,raw_ocr,medium,4,851,,dictionary/I/I-07.md,hz-019418-intestacy,sources/Hezareh_Dictionary_Index/source/Hezareh_Part_04_PDF_0751-1000.md#L11605-L11611,True
intestinal,intestinal,intestinal,[],hz-019419,entry_candidate,raw_ocr,high,4,851,,dictionary/I/I-07.md,hz-019419-intestinal,sources/Hezareh_Dictionary_Index/source/Hezareh_Part_04_PDF_0751-1000.md#L11612-L11616,True
intestinetm'testm,intestinetm'testm,intestinetm'testm,[],hz-019420,entry_candidate,raw_ocr,hint_only,4,851,,dictionary/I/I-07.md,hz-019420-intestinetm-testm,sources/Hezareh_Dictionary_Index/source/Hezareh_Part_04_PDF_0751-1000.md#L11512-L11512,False
intimacy,intimacy,intimacy,[],hz-019421,entry_candidate,raw_ocr,medium,4,851,,dictionary/I/I-07.md,hz-019421-intimacy,sources/Hezareh_Dictionary_Index/source/Hezareh_Part_04_PDF_0751-1000.md#L11617-L11620,True
intimation,intimation,intimation,[],hz-019422,entry_candidate,raw_ocr,medium,4,852,,dictionary/I/I-07.md,hz-019422-intimation,sources/Hezareh_Dictionary_Index/source/Hezareh_Part_04_PDF_0751-1000.md#L11655-L11656,True
intimidate,intimidate,intimidate,[],hz-019423,entry_candidate,raw_ocr,medium,4,852,,dictionary/I/I-07.md,hz-019423-intimidate,sources/Hezareh_Dictionary_Index/source/Hezareh_Part_04_PDF_0751-1000.md#L11657-L11658,True
intimidating,intimidating,intimidating,[],hz-019424,entry_candidate,raw_ocr,medium,4,852,,dictionary/I/I-07.md,hz-019424-intimidating,sources/Hezareh_Dictionary_Index/source/Hezareh_Part_04_PDF_0751-1000.md#L11659-L11660,True
intimidation,intimidation,intimidation,[],hz-019425,entry_candidate,raw_ocr,medium,4,852,,dictionary/I/I-07.md,hz-019425-intimidation,sources/Hezareh_Dictionary_Index/source/Hezareh_Part_04_PDF_0751-1000.md#L11661-L11662,True
intimidatory,intimidatory,intimidatory,[],hz-019426,entry_candidate,raw_ocr,medium,4,852,,dictionary/I/I-07.md,hz-019426-intimidatory,sources/Hezareh_Dictionary_Index/source/Hezareh_Part_04_PDF_0751-1000.md#L11663-L11665,True
into,into,into,[],hz-019427,entry_candidate,raw_ocr,medium,4,852,,dictionary/I/I-07.md,hz-019427-into,sources/Hezareh_Dictionary_Index/source/Hezareh_Part_04_PDF_0751-1000.md#L11666-L11698,True
intolerably,intolerably,intolerably,[],hz-019428,entry_candidate,raw_ocr,high,4,852,,dictionary/I/I-07.md,hz-019428-intolerably,sources/Hezareh_Dictionary_Index/source/Hezareh_Part_04_PDF_0751-1000.md#L11699-L11700,True
intolerance,intolerance,intolerance,[],hz-019429,entry_candidate,raw_ocr,high,4,852,,dictionary/I/I-07.md,hz-019429-intolerance,sources/Hezareh_Dictionary_Index/source/Hezareh_Part_04_PDF_0751-1000.md#L11701-L11706,True
intolerantly,intolerantly,intolerantly,[],hz-019430,entry_candidate,raw_ocr,high,4,852,,dictionary/I/I-07.md,hz-019430-intolerantly,sources/Hezareh_Dictionary_Index/source/Hezareh_Part_04_PDF_0751-1000.md#L11707-L11710,True
intone,intone,intone,[],hz-019431,entry_candidate,raw_ocr,high,4,852,,dictionary/I/I-07.md,hz-019431-intone,sources/Hezareh_Dictionary_Index/source/Hezareh_Part_04_PDF_0751-1000.md#L11711-L11715,True
intoxicant,intoxicant,intoxicant,[],hz-019433,entry_candidate,raw_ocr,high,4,852,,dictionary/I/I-07.md,hz-019433-intoxicant,sources/Hezareh_Dictionary_Index/source/Hezareh_Part_04_PDF_0751-1000.md#L11718-L11719,True
intoxicate,intoxicate,intoxicate,[],hz-019434,entry_candidate,raw_ocr,high,4,852,,dictionary/I/I-07.md,hz-019434-intoxicate,sources/Hezareh_Dictionary_Index/source/Hezareh_Part_04_PDF_0751-1000.md#L11720-L11722,True
intoxicated,intoxicated,intoxicated,[],hz-019435,entry_candidate,raw_ocr,high,4,852,,dictionary/I/I-07.md,hz-019435-intoxicated,sources/Hezareh_Dictionary_Index/source/Hezareh_Part_04_PDF_0751-1000.md#L11723-L11730,True
intoxication,intoxication,intoxication,[],hz-019436,entry_candidate,raw_ocr,hint_only,4,852,,dictionary/I/I-07.md,hz-019436-intoxication,sources/Hezareh_Dictionary_Index/source/Hezareh_Part_04_PDF_0751-1000.md#L11624-L11624,False
intra-uterine device,intra-uterine device,intra-uterine device,[],hz-019445,entry_candidate,raw_ocr,high,4,853,,dictionary/I/I-07.md,hz-019445-intra-uterine-device,sources/Hezareh_Dictionary_Index/source/Hezareh_Part_04_PDF_0751-1000.md#L11774-L11779,True
intractability,intractability,intractability,[],hz-019437,entry_candidate,raw_ocr,high,4,852,,dictionary/I/I-07.md,hz-019437-intractability,sources/Hezareh_Dictionary_Index/source/Hezareh_Part_04_PDF_0751-1000.md#L11731-L11735,True
intractably,intractably,intractably,[],hz-019438,entry_candidate,raw_ocr,low,4,853,,dictionary/I/I-07.md,hz-019438-intractably,sources/Hezareh_Dictionary_Index/source/Hezareh_Part_04_PDF_0751-1000.md#L11755-L11756,True
intramural,intramural,intramural,[],hz-019439,entry_candidate,raw_ocr,medium,4,853,,dictionary/I/I-07.md,hz-019439-intramural,sources/Hezareh_Dictionary_Index/source/Hezareh_Part_04_PDF_0751-1000.md#L11757-L11760,True
intramuscular,intramuscular,intramuscular,[],hz-019440,entry_candidate,raw_ocr,high,4,853,,dictionary/I/I-07.md,hz-019440-intramuscular,sources/Hezareh_Dictionary_Index/source/Hezareh_Part_04_PDF_0751-1000.md#L11761-L11762,True
intransigence,intransigence,intransigence,[],hz-019441,entry_candidate,raw_ocr,medium,4,853,,dictionary/I/I-07.md,hz-019441-intransigence,sources/Hezareh_Dictionary_Index/source/Hezareh_Part_04_PDF_0751-1000.md#L11763-L11769,True
intransitiVe,intransitive,intransitive,[],hz-019442,entry_candidate,raw_ocr,hint_only,4,853,,dictionary/I/I-07.md,hz-019442-intransitive,sources/Hezareh_Dictionary_Index/source/Hezareh_Part_04_PDF_0751-1000.md#L11739-L11739,False
intransitively,intransitively,intransitively,[],hz-019443,entry_candidate,raw_ocr,medium,4,853,,dictionary/I/I-07.md,hz-019443-intransitively,sources/Hezareh_Dictionary_Index/source/Hezareh_Part_04_PDF_0751-1000.md#L11770-L11770,True
intrastate,intrastate,intrastate,[],hz-019444,entry_candidate,raw_ocr,low,4,853,,dictionary/I/I-07.md,hz-019444-intrastate,sources/Hezareh_Dictionary_Index/source/Hezareh_Part_04_PDF_0751-1000.md#L11771-L11773,True
intrench,intrench,intrench,[],hz-019446,entry_candidate,raw_ocr,high,4,853,,dictionary/I/I-07.md,hz-019446-intrench,sources/Hezareh_Dictionary_Index/source/Hezareh_Part_04_PDF_0751-1000.md#L11780-L11781,True
intrepidity,intrepidity,intrepidity,[],hz-019448,entry_candidate,raw_ocr,low,4,853,,dictionary/I/I-07.md,hz-019448-intrepidity,sources/Hezareh_Dictionary_Index/source/Hezareh_Part_04_PDF_0751-1000.md#L11782-L11784,True
intrepidly,intrepidly,intrepidly,[],hz-019449,entry_candidate,raw_ocr,medium,4,853,,dictionary/I/I-07.md,hz-019449-intrepidly,sources/Hezareh_Dictionary_Index/source/Hezareh_Part_04_PDF_0751-1000.md#L11785-L11786,True
intrepidtm'trepid,intrepidtm'trepid,intrepidtm'trepid,[],hz-019447,entry_candidate,raw_ocr,hint_only,4,853,,dictionary/I/I-07.md,hz-019447-intrepidtm-trepid,sources/Hezareh_Dictionary_Index/source/Hezareh_Part_04_PDF_0751-1000.md#L11739-L11739,False
intricacy,intricacy,intricacy,[],hz-019450,entry_candidate,raw_ocr,low,4,853,,dictionary/I/I-07.md,hz-019450-intricacy,sources/Hezareh_Dictionary_Index/source/Hezareh_Part_04_PDF_0751-1000.md#L11787-L11788,True
intricate,intricate,intricate,[],hz-019451,entry_candidate,raw_ocr,medium,4,853,,dictionary/I/I-07.md,hz-019451-intricate,sources/Hezareh_Dictionary_Index/source/Hezareh_Part_04_PDF_0751-1000.md#L11789-L11790,True
intricately,intricately,intricately,[],hz-019452,entry_candidate,raw_ocr,medium,4,853,,dictionary/I/I-07.md,hz-019452-intricately,sources/Hezareh_Dictionary_Index/source/Hezareh_Part_04_PDF_0751-1000.md#L11791-L11802,True
intriguer,intriguer,intriguer,[],hz-019453,entry_candidate,raw_ocr,medium,4,853,,dictionary/I/I-07.md,hz-019453-intriguer,sources/Hezareh_Dictionary_Index/source/Hezareh_Part_04_PDF_0751-1000.md#L11803-L11809,True
intriguingly,intriguingly,intriguingly,[],hz-019454,entry_candidate,raw_ocr,hint_only,4,853,,dictionary/I/I-07.md,hz-019454-intriguingly,sources/Hezareh_Dictionary_Index/source/Hezareh_Part_04_PDF_0751-1000.md#L11739-L11739,False
intrinsiC,intrinsic,intrinsic,[],hz-019455,entry_candidate,raw_ocr,medium,4,853,,dictionary/I/I-07.md,hz-019455-intrinsic,sources/Hezareh_Dictionary_Index/source/Hezareh_Part_04_PDF_0751-1000.md#L11810-L11812,True
intrinsically,intrinsically,intrinsically,[],hz-019456,entry_candidate,raw_ocr,medium,4,853,,dictionary/I/I-07.md,hz-019456-intrinsically,sources/Hezareh_Dictionary_Index/source/Hezareh_Part_04_PDF_0751-1000.md#L11813-L11814,True
intro,intro,intro,[],hz-019457,entry_candidate,raw_ocr,medium,4,853,,dictionary/I/I-07.md,hz-019457-intro,sources/Hezareh_Dictionary_Index/source/Hezareh_Part_04_PDF_0751-1000.md#L11815-L11816,True
introduce,introduce,introduce,[],hz-019458,entry_candidate,raw_ocr,medium,4,853,,dictionary/I/I-07.md,hz-019458-introduce,sources/Hezareh_Dictionary_Index/source/Hezareh_Part_04_PDF_0751-1000.md#L11817-L11824,True
introduction,introduction,introduction,[],hz-019459,entry_candidate,raw_ocr,high,4,853,,dictionary/I/I-07.md,hz-019459-introduction,sources/Hezareh_Dictionary_Index/source/Hezareh_Part_04_PDF_0751-1000.md#L11825-L11834,True
introductory,introductory,introductory,[],hz-019460,entry_candidate,raw_ocr,medium,4,853,,dictionary/I/I-07.md,hz-019460-introductory,sources/Hezareh_Dictionary_Index/source/Hezareh_Part_04_PDF_0751-1000.md#L11835-L11837,True
introspect,introspect,introspect,[],hz-019461,entry_candidate,raw_ocr,medium,4,853,,dictionary/I/I-07.md,hz-019461-introspect,sources/Hezareh_Dictionary_Index/source/Hezareh_Part_04_PDF_0751-1000.md#L11838-L11839,True
introspection,introspection,introspection,[],hz-019462,entry_candidate,raw_ocr,medium,4,853,,dictionary/I/I-07.md,hz-019462-introspection,sources/Hezareh_Dictionary_Index/source/Hezareh_Part_04_PDF_0751-1000.md#L11840-L11841,True
introspective,introspective,introspective,[],hz-019463,entry_candidate,raw_ocr,medium,4,853,,dictionary/I/I-07.md,hz-019463-introspective,sources/Hezareh_Dictionary_Index/source/Hezareh_Part_04_PDF_0751-1000.md#L11842-L11847,True
introversion,introversion,introversion,[],hz-019464,entry_candidate,raw_ocr,hint_only,4,853,,dictionary/I/I-07.md,hz-019464-introversion,sources/Hezareh_Dictionary_Index/source/Hezareh_Part_04_PDF_0751-1000.md#L11739-L11739,False
introvert,introvert,introvert,[],hz-019465,entry_candidate,raw_ocr,medium,4,854,,dictionary/I/I-07.md,hz-019465-introvert,sources/Hezareh_Dictionary_Index/source/Hezareh_Part_04_PDF_0751-1000.md#L11861-L11863,True
introverted,introverted,introverted,[],hz-019466,entry_candidate,raw_ocr,medium,4,854,,dictionary/I/I-07.md,hz-019466-introverted,sources/Hezareh_Dictionary_Index/source/Hezareh_Part_04_PDF_0751-1000.md#L11864-L11870,True
intrude,intrude,intrude,[],hz-019467,entry_candidate,raw_ocr,medium,4,854,,dictionary/I/I-07.md,hz-019467-intrude,sources/Hezareh_Dictionary_Index/source/Hezareh_Part_04_PDF_0751-1000.md#L11871-L11872,True
intrude oneself on,intrude oneself on,intrude oneself on,[],hz-019468,entry_candidate,raw_ocr,medium,4,854,,dictionary/I/I-07.md,hz-019468-intrude-oneself-on,sources/Hezareh_Dictionary_Index/source/Hezareh_Part_04_PDF_0751-1000.md#L11871-L11872,True
intruder,intruder,intruder,[],hz-019469,entry_candidate,raw_ocr,medium,4,854,,dictionary/I/I-07.md,hz-019469-intruder,sources/Hezareh_Dictionary_Index/source/Hezareh_Part_04_PDF_0751-1000.md#L11873-L11875,True
intrusion,intrusion,intrusion,[],hz-019470,entry_candidate,raw_ocr,low,4,854,,dictionary/I/I-07.md,hz-019470-intrusion,sources/Hezareh_Dictionary_Index/source/Hezareh_Part_04_PDF_0751-1000.md#L11876-L11878,True
intrusive,intrusive,intrusive,[],hz-019471,entry_candidate,raw_ocr,medium,4,854,,dictionary/I/I-07.md,hz-019471-intrusive,sources/Hezareh_Dictionary_Index/source/Hezareh_Part_04_PDF_0751-1000.md#L11879-L11880,True
intrust,intrust,intrust,[],hz-019472,entry_candidate,raw_ocr,high,4,854,,dictionary/I/I-07.md,hz-019472-intrust,sources/Hezareh_Dictionary_Index/source/Hezareh_Part_04_PDF_0751-1000.md#L11881-L11881,True
intuit,intuit,intuit,[],hz-019473,entry_candidate,raw_ocr,medium,4,854,,dictionary/I/I-07.md,hz-019473-intuit,sources/Hezareh_Dictionary_Index/source/Hezareh_Part_04_PDF_0751-1000.md#L11882-L11883,True
intuition,intuition,intuition,[],hz-019474,entry_candidate,raw_ocr,medium,4,854,,dictionary/I/I-07.md,hz-019474-intuition,sources/Hezareh_Dictionary_Index/source/Hezareh_Part_04_PDF_0751-1000.md#L11884-L11896,True
intuitively,intuitively,intuitively,[],hz-019475,entry_candidate,raw_ocr,medium,4,854,,dictionary/I/I-07.md,hz-019475-intuitively,sources/Hezareh_Dictionary_Index/source/Hezareh_Part_04_PDF_0751-1000.md#L11897-L11899,True
intumescence,intumescence,intumescence,[],hz-019476,entry_candidate,raw_ocr,high,4,854,,dictionary/I/I-07.md,hz-019476-intumescence,sources/Hezareh_Dictionary_Index/source/Hezareh_Part_04_PDF_0751-1000.md#L11900-L11901,True
Inuit,inuit,inuit,[],hz-019477,entry_candidate,raw_ocr,low,4,854,,dictionary/I/I-07.md,hz-019477-inuit,sources/Hezareh_Dictionary_Index/source/Hezareh_Part_04_PDF_0751-1000.md#L11902-L11902,True
inundate,inundate,inundate,[],hz-019478,entry_candidate,raw_ocr,medium,4,854,,dictionary/I/I-07.md,hz-019478-inundate,sources/Hezareh_Dictionary_Index/source/Hezareh_Part_04_PDF_0751-1000.md#L11903-L11918,True
inure,inure,inure,[],hz-019479,entry_candidate,raw_ocr,high,4,854,,dictionary/I/I-07.md,hz-019479-inure,sources/Hezareh_Dictionary_Index/source/Hezareh_Part_04_PDF_0751-1000.md#L11919-L11920,True
invade,invade,invade,[],hz-019480,entry_candidate,raw_ocr,high,4,854,,dictionary/I/I-07.md,hz-019480-invade,sources/Hezareh_Dictionary_Index/source/Hezareh_Part_04_PDF_0751-1000.md#L11921-L11926,True
invader,invader,invader,[],hz-019481,entry_candidate,raw_ocr,high,4,854,,dictionary/I/I-07.md,hz-019481-invader,sources/Hezareh_Dictionary_Index/source/Hezareh_Part_04_PDF_0751-1000.md#L11927-L11928,True
Invalid',invalid',invalid',[],hz-019482,entry_candidate,raw_ocr,medium,4,854,,dictionary/I/I-07.md,hz-019482-invalid,sources/Hezareh_Dictionary_Index/source/Hezareh_Part_04_PDF_0751-1000.md#L11929-L11941,True
invalidate,invalidate,invalidate,[],hz-019483,entry_candidate,raw_ocr,high,4,854,,dictionary/I/I-07.md,hz-019483-invalidate,sources/Hezareh_Dictionary_Index/source/Hezareh_Part_04_PDF_0751-1000.md#L11942-L11943,True
invalidation,invalidation,invalidation,[],hz-019484,entry_candidate,raw_ocr,high,4,854,,dictionary/I/I-07.md,hz-019484-invalidation,sources/Hezareh_Dictionary_Index/source/Hezareh_Part_04_PDF_0751-1000.md#L11944-L11945,True
invalidism,invalidism,invalidism,[],hz-019485,entry_candidate,raw_ocr,high,4,854,,dictionary/I/I-07.md,hz-019485-invalidism,sources/Hezareh_Dictionary_Index/source/Hezareh_Part_04_PDF_0751-1000.md#L11946-L11946,True
invalidity,invalidity,invalidity,[],hz-019486,entry_candidate,raw_ocr,high,4,854,,dictionary/I/I-07.md,hz-019486-invalidity,sources/Hezareh_Dictionary_Index/source/Hezareh_Part_04_PDF_0751-1000.md#L11947-L11948,True
invaluable,invaluable,invaluable,[],hz-019487,entry_candidate,raw_ocr,high,4,854,,dictionary/I/I-07.md,hz-019487-invaluable,sources/Hezareh_Dictionary_Index/source/Hezareh_Part_04_PDF_0751-1000.md#L11949-L11962,True
invariable,invariable,invariable,[],hz-019488,entry_candidate,raw_ocr,high,4,855,,dictionary/I/I-07.md,hz-019488-invariable,sources/Hezareh_Dictionary_Index/source/Hezareh_Part_04_PDF_0751-1000.md#L11994-L11995,True
invariably,invariably,invariably,[],hz-019489,entry_candidate,raw_ocr,low,4,855,,dictionary/I/I-07.md,hz-019489-invariably,sources/Hezareh_Dictionary_Index/source/Hezareh_Part_04_PDF_0751-1000.md#L11996-L12000,True
invasion,invasion,invasion,[],hz-019490,entry_candidate,raw_ocr,hint_only,4,855,,dictionary/I/I-07.md,hz-019490-invasion,sources/Hezareh_Dictionary_Index/source/Hezareh_Part_04_PDF_0751-1000.md#L11966-L11966,False
invasive,invasive,invasive,[],hz-019491,entry_candidate,raw_ocr,low,4,855,,dictionary/I/I-07.md,hz-019491-invasive,sources/Hezareh_Dictionary_Index/source/Hezareh_Part_04_PDF_0751-1000.md#L12001-L12002,True
invective,invective,invective,[],hz-019492,entry_candidate,raw_ocr,medium,4,855,,dictionary/I/I-07.md,hz-019492-invective,sources/Hezareh_Dictionary_Index/source/Hezareh_Part_04_PDF_0751-1000.md#L12003-L12008,True
inveigh im'vcr,inveigh im'vcr,inveigh im'vcr,[],hz-019493,entry_candidate,raw_ocr,hint_only,4,855,,dictionary/I/I-07.md,hz-019493-inveigh-im-vcr,sources/Hezareh_Dictionary_Index/source/Hezareh_Part_04_PDF_0751-1000.md#L11966-L11966,False
inveigle,inveigle,inveigle,[],hz-019494,entry_candidate,raw_ocr,low,4,855,,dictionary/I/I-07.md,hz-019494-inveigle,sources/Hezareh_Dictionary_Index/source/Hezareh_Part_04_PDF_0751-1000.md#L12009-L12025,True
invention,invention,invention,[],hz-019495,entry_candidate,raw_ocr,high,4,855,,dictionary/I/I-07.md,hz-019495-invention,sources/Hezareh_Dictionary_Index/source/Hezareh_Part_04_PDF_0751-1000.md#L12026-L12028,True
inventive,inventive,inventive,[],hz-019496,entry_candidate,raw_ocr,high,4,855,,dictionary/I/I-07.md,hz-019496-inventive,sources/Hezareh_Dictionary_Index/source/Hezareh_Part_04_PDF_0751-1000.md#L12029-L12031,True
inventively,inventively,inventively,[],hz-019497,entry_candidate,raw_ocr,high,4,855,,dictionary/I/I-07.md,hz-019497-inventively,sources/Hezareh_Dictionary_Index/source/Hezareh_Part_04_PDF_0751-1000.md#L12032-L12035,True
inventiveneSS,inventiveness,inventiveness,[],hz-019498,entry_candidate,raw_ocr,high,4,855,,dictionary/I/I-07.md,hz-019498-inventiveness,sources/Hezareh_Dictionary_Index/source/Hezareh_Part_04_PDF_0751-1000.md#L12036-L12037,True
inventor,inventor,inventor,[],hz-019499,entry_candidate,raw_ocr,high,4,855,,dictionary/I/I-07.md,hz-019499-inventor,sources/Hezareh_Dictionary_Index/source/Hezareh_Part_04_PDF_0751-1000.md#L12038-L12038,True
inventory,inventory,inventory,[],hz-019500,entry_candidate,raw_ocr,high,4,855,,dictionary/I/I-07.md,hz-019500-inventory,sources/Hezareh_Dictionary_Index/source/Hezareh_Part_04_PDF_0751-1000.md#L12039-L12043,True
inverse,inverse,inverse,[],hz-019501,entry_candidate,raw_ocr,high,4,855,,dictionary/I/I-07.md,hz-019501-inverse,sources/Hezareh_Dictionary_Index/source/Hezareh_Part_04_PDF_0751-1000.md#L12044-L12047,True
inversely,inversely,inversely,[],hz-019502,entry_candidate,raw_ocr,high,4,855,,dictionary/I/I-07.md,hz-019502-inversely,sources/Hezareh_Dictionary_Index/source/Hezareh_Part_04_PDF_0751-1000.md#L12048-L12049,True
inversion,inversion,inversion,[],hz-019503,entry_candidate,raw_ocr,high,4,855,,dictionary/I/I-07.md,hz-019503-inversion,sources/Hezareh_Dictionary_Index/source/Hezareh_Part_04_PDF_0751-1000.md#L12050-L12070,True
inverted snob,inverted snob,inverted snob,[],hz-019505,entry_candidate,raw_ocr,high,4,855,,dictionary/I/I-07.md,hz-019505-inverted-snob,sources/Hezareh_Dictionary_Index/source/Hezareh_Part_04_PDF_0751-1000.md#L12071-L12073,True
inverted snobbery,inverted snobbery,inverted snobbery,[],hz-019506,entry_candidate,raw_ocr,high,4,856,,dictionary/I/I-07.md,hz-019506-inverted-snobbery,sources/Hezareh_Dictionary_Index/source/Hezareh_Part_04_PDF_0751-1000.md#L12087-L12094,True
invest,invest,invest,[],hz-019507,entry_candidate,raw_ocr,medium,4,856,,dictionary/I/I-07.md,hz-019507-invest,sources/Hezareh_Dictionary_Index/source/Hezareh_Part_04_PDF_0751-1000.md#L12095-L12097,True
investigate,investigate,investigate,[],hz-019509,entry_candidate,raw_ocr,medium,4,856,,dictionary/I/I-07.md,hz-019509-investigate,sources/Hezareh_Dictionary_Index/source/Hezareh_Part_04_PDF_0751-1000.md#L12098-L12102,True
investigation,investigation,investigation,[],hz-019510,entry_candidate,raw_ocr,medium,4,856,,dictionary/I/I-07.md,hz-019510-investigation,sources/Hezareh_Dictionary_Index/source/Hezareh_Part_04_PDF_0751-1000.md#L12103-L12104,True
investigative,investigative,investigative,[],hz-019511,entry_candidate,raw_ocr,high,4,856,,dictionary/I/I-07.md,hz-019511-investigative,sources/Hezareh_Dictionary_Index/source/Hezareh_Part_04_PDF_0751-1000.md#L12105-L12107,True
investigator,investigator,investigator,[],hz-019512,entry_candidate,raw_ocr,medium,4,856,,dictionary/I/I-07.md,hz-019512-investigator,sources/Hezareh_Dictionary_Index/source/Hezareh_Part_04_PDF_0751-1000.md#L12108-L12110,True
investigatory,investigatory,investigatory,[],hz-019513,entry_candidate,raw_ocr,medium,4,856,,dictionary/I/I-07.md,hz-019513-investigatory,sources/Hezareh_Dictionary_Index/source/Hezareh_Part_04_PDF_0751-1000.md#L12111-L12112,True
investiture,investiture,investiture,[],hz-019514,entry_candidate,raw_ocr,high,4,856,,dictionary/I/I-07.md,hz-019514-investiture,sources/Hezareh_Dictionary_Index/source/Hezareh_Part_04_PDF_0751-1000.md#L12113-L12115,True
investment,investment,investment,[],hz-019515,entry_candidate,raw_ocr,medium,4,856,,dictionary/I/I-07.md,hz-019515-investment,sources/Hezareh_Dictionary_Index/source/Hezareh_Part_04_PDF_0751-1000.md#L12116-L12119,True
investor,investor,investor,[],hz-019516,entry_candidate,raw_ocr,hint_only,4,856,,dictionary/I/I-07.md,hz-019516-investor,sources/Hezareh_Dictionary_Index/source/Hezareh_Part_04_PDF_0751-1000.md#L12077-L12077,False
investsb,investsb,investsb,[],hz-019508,entry_candidate,raw_ocr,hint_only,4,856,,dictionary/I/I-07.md,hz-019508-investsb,sources/Hezareh_Dictionary_Index/source/Hezareh_Part_04_PDF_0751-1000.md#L12077-L12077,False
inveterate,inveterate,inveterate,[],hz-019517,entry_candidate,raw_ocr,medium,4,856,,dictionary/I/I-07.md,hz-019517-inveterate,sources/Hezareh_Dictionary_Index/source/Hezareh_Part_04_PDF_0751-1000.md#L12120-L12122,True
inveterately,inveterately,inveterately,[],hz-019518,entry_candidate,raw_ocr,medium,4,856,,dictionary/I/I-07.md,hz-019518-inveterately,sources/Hezareh_Dictionary_Index/source/Hezareh_Part_04_PDF_0751-1000.md#L12123-L12124,True
invidious,invidious,invidious,[],hz-019519,entry_candidate,raw_ocr,medium,4,856,,dictionary/I/I-07.md,hz-019519-invidious,sources/Hezareh_Dictionary_Index/source/Hezareh_Part_04_PDF_0751-1000.md#L12125-L12127,True
invidiously,invidiously,invidiously,[],hz-019520,entry_candidate,raw_ocr,medium,4,856,,dictionary/I/I-07.md,hz-019520-invidiously,sources/Hezareh_Dictionary_Index/source/Hezareh_Part_04_PDF_0751-1000.md#L12128-L12129,True
invidiousness,invidiousness,invidiousness,[],hz-019521,entry_candidate,raw_ocr,high,4,856,,dictionary/I/I-07.md,hz-019521-invidiousness,sources/Hezareh_Dictionary_Index/source/Hezareh_Part_04_PDF_0751-1000.md#L12130-L12140,True
invigilation,invigilation,invigilation,[],hz-019532,entry_candidate,raw_ocr,high,4,856,,dictionary/I/I-07.md,hz-019532-invigilation,sources/Hezareh_Dictionary_Index/source/Hezareh_Part_04_PDF_0751-1000.md#L12141-L12142,True
invigilator,invigilator,invigilator,[],hz-019533,entry_candidate,raw_ocr,high,4,856,,dictionary/I/I-07.md,hz-019533-invigilator,sources/Hezareh_Dictionary_Index/source/Hezareh_Part_04_PDF_0751-1000.md#L12143-L12144,True
invigorate,invigorate,invigorate,[],hz-019522,entry_candidate,raw_ocr,high,4,856,,dictionary/I/I-07.md,hz-019522-invigorate,sources/Hezareh_Dictionary_Index/source/Hezareh_Part_04_PDF_0751-1000.md#L12145-L12147,True
invigorating,invigorating,invigorating,[],hz-019523,entry_candidate,raw_ocr,high,4,856,,dictionary/I/I-07.md,hz-019523-invigorating,sources/Hezareh_Dictionary_Index/source/Hezareh_Part_04_PDF_0751-1000.md#L12148-L12153,True
invigoratingly,invigoratingly,invigoratingly,[],hz-019524,entry_candidate,raw_ocr,hint_only,4,856,,dictionary/I/I-07.md,hz-019524-invigoratingly,sources/Hezareh_Dictionary_Index/source/Hezareh_Part_04_PDF_0751-1000.md#L12077-L12077,False
invincibility,invincibility,invincibility,[],hz-019525,entry_candidate,raw_ocr,high,4,856,,dictionary/I/I-07.md,hz-019525-invincibility,sources/Hezareh_Dictionary_Index/source/Hezareh_Part_04_PDF_0751-1000.md#L12154-L12162,True
invincibleim'vmsabl,invincibleim'vmsabl,invincibleim'vmsabl,[],hz-019526,entry_candidate,raw_ocr,hint_only,4,856,,dictionary/I/I-07.md,hz-019526-invincibleim-vmsabl,sources/Hezareh_Dictionary_Index/source/Hezareh_Part_04_PDF_0751-1000.md#L12077-L12077,False
invincibly,invincibly,invincibly,[],hz-019527,entry_candidate,raw_ocr,hint_only,4,856,,dictionary/I/I-07.md,hz-019527-invincibly,sources/Hezareh_Dictionary_Index/source/Hezareh_Part_04_PDF_0751-1000.md#L12077-L12077,False
inviolability,inviolability,inviolability,[],hz-019528,entry_candidate,raw_ocr,high,4,856,,dictionary/I/I-07.md,hz-019528-inviolability,sources/Hezareh_Dictionary_Index/source/Hezareh_Part_04_PDF_0751-1000.md#L12163-L12164,True
inviolable,inviolable,inviolable,[],hz-019529,entry_candidate,raw_ocr,high,4,856,,dictionary/I/I-07.md,hz-019529-inviolable,sources/Hezareh_Dictionary_Index/source/Hezareh_Part_04_PDF_0751-1000.md#L12165-L12167,True
inviolably,inviolably,inviolably,[],hz-019530,entry_candidate,raw_ocr,high,4,856,,dictionary/I/I-07.md,hz-019530-inviolably,sources/Hezareh_Dictionary_Index/source/Hezareh_Part_04_PDF_0751-1000.md#L12168-L12170,True
inviolate,inviolate,inviolate,[],hz-019531,entry_candidate,raw_ocr,high,4,856,,dictionary/I/I-07.md,hz-019531-inviolate,sources/Hezareh_Dictionary_Index/source/Hezareh_Part_04_PDF_0751-1000.md#L12171-L12181,True
invisible ink,invisible ink,invisible ink,[],hz-019534,entry_candidate,raw_ocr,high,4,856,,dictionary/I/I-07.md,hz-019534-invisible-ink,sources/Hezareh_Dictionary_Index/source/Hezareh_Part_04_PDF_0751-1000.md#L12182-L12182,True
invisible mending,invisible mending,invisible mending,[],hz-019535,entry_candidate,raw_ocr,high,4,856,,dictionary/I/I-07.md,hz-019535-invisible-mending,sources/Hezareh_Dictionary_Index/source/Hezareh_Part_04_PDF_0751-1000.md#L12183-L12187,True
invisibly,invisibly,invisibly,[],hz-019536,entry_candidate,raw_ocr,high,4,857,,dictionary/I/I-07.md,hz-019536-invisibly,sources/Hezareh_Dictionary_Index/source/Hezareh_Part_04_PDF_0751-1000.md#L12200-L12205,True
invitational,invitational,invitational,[],hz-019537,entry_candidate,raw_ocr,medium,4,857,,dictionary/I/I-07.md,hz-019537-invitational,sources/Hezareh_Dictionary_Index/source/Hezareh_Part_04_PDF_0751-1000.md#L12206-L12225,True
invite,invite,invite,[],hz-019538,entry_candidate,raw_ocr,medium,4,857,,dictionary/I/I-07.md,hz-019538-invite,sources/Hezareh_Dictionary_Index/source/Hezareh_Part_04_PDF_0751-1000.md#L12226-L12229,True
invite sb over,invite sb over,invite sb over,[],hz-019539,entry_candidate,raw_ocr,medium,4,857,,dictionary/I/I-07.md,hz-019539-invite-sb-over,sources/Hezareh_Dictionary_Index/source/Hezareh_Part_04_PDF_0751-1000.md#L12226-L12229,True
inviting,inviting,inviting,[],hz-019540,entry_candidate,raw_ocr,medium,4,857,,dictionary/I/I-07.md,hz-019540-inviting,sources/Hezareh_Dictionary_Index/source/Hezareh_Part_04_PDF_0751-1000.md#L12230-L12231,True
invitingly,invitingly,invitingly,[],hz-019541,entry_candidate,raw_ocr,medium,4,857,,dictionary/I/I-07.md,hz-019541-invitingly,sources/Hezareh_Dictionary_Index/source/Hezareh_Part_04_PDF_0751-1000.md#L12232-L12233,True
invoice,invoice,invoice,[],hz-019543,entry_candidate,raw_ocr,medium,4,857,,dictionary/I/I-07.md,hz-019543-invoice,sources/Hezareh_Dictionary_Index/source/Hezareh_Part_04_PDF_0751-1000.md#L12241-L12245,True
invoke,invoke,invoke,[],hz-019544,entry_candidate,raw_ocr,medium,4,857,,dictionary/I/I-07.md,hz-019544-invoke,sources/Hezareh_Dictionary_Index/source/Hezareh_Part_04_PDF_0751-1000.md#L12246-L12258,True
involuntarily,involuntarily,involuntarily,[],hz-019545,entry_candidate,raw_ocr,high,4,857,,dictionary/I/I-07.md,hz-019545-involuntarily,sources/Hezareh_Dictionary_Index/source/Hezareh_Part_04_PDF_0751-1000.md#L12259-L12261,True
involuntariness,involuntariness,involuntariness,[],hz-019546,entry_candidate,raw_ocr,high,4,857,,dictionary/I/I-07.md,hz-019546-involuntariness,sources/Hezareh_Dictionary_Index/source/Hezareh_Part_04_PDF_0751-1000.md#L12262-L12263,True
involuntary,involuntary,involuntary,[],hz-019547,entry_candidate,raw_ocr,medium,4,857,,dictionary/I/I-07.md,hz-019547-involuntary,sources/Hezareh_Dictionary_Index/source/Hezareh_Part_04_PDF_0751-1000.md#L12264-L12265,True
involute,involute,involute,[],hz-019548,entry_candidate,raw_ocr,medium,4,857,,dictionary/I/I-07.md,hz-019548-involute,sources/Hezareh_Dictionary_Index/source/Hezareh_Part_04_PDF_0751-1000.md#L12266-L12267,True
involution,involution,involution,[],hz-019549,entry_candidate,raw_ocr,low,4,857,,dictionary/I/I-07.md,hz-019549-involution,sources/Hezareh_Dictionary_Index/source/Hezareh_Part_04_PDF_0751-1000.md#L12268-L12268,True
involve,involve,involve,[],hz-019550,entry_candidate,raw_ocr,medium,4,857,,dictionary/I/I-07.md,hz-019550-involve,sources/Hezareh_Dictionary_Index/source/Hezareh_Part_04_PDF_0751-1000.md#L12269-L12274,True
involved,involved,involved,[],hz-019551,entry_candidate,raw_ocr,medium,4,857,,dictionary/I/I-07.md,hz-019551-involved,sources/Hezareh_Dictionary_Index/source/Hezareh_Part_04_PDF_0751-1000.md#L12275-L12276,True
involvement,involvement,involvement,[],hz-019554,entry_candidate,raw_ocr,medium,4,857,,dictionary/I/I-07.md,hz-019554-involvement,sources/Hezareh_Dictionary_Index/source/Hezareh_Part_04_PDF_0751-1000.md#L12290-L12293,True
invulnerability,invulnerability,invulnerability,[],hz-019555,entry_candidate,raw_ocr,medium,4,857,,dictionary/I/I-07.md,hz-019555-invulnerability,sources/Hezareh_Dictionary_Index/source/Hezareh_Part_04_PDF_0751-1000.md#L12294-L12295,True
invulnerable,invulnerable,invulnerable,[],hz-019556,entry_candidate,raw_ocr,medium,4,857,,dictionary/I/I-07.md,hz-019556-invulnerable,sources/Hezareh_Dictionary_Index/source/Hezareh_Part_04_PDF_0751-1000.md#L12296-L12298,True
inward,inward,inward,[],hz-019557,entry_candidate,raw_ocr,high,4,858,,dictionary/I/I-07.md,hz-019557-inward,sources/Hezareh_Dictionary_Index/source/Hezareh_Part_04_PDF_0751-1000.md#L12315-L12316,True
inward investment,inward investment,inward investment,[],hz-019558,entry_candidate,raw_ocr,high,4,858,,dictionary/I/I-07.md,hz-019558-inward-investment,sources/Hezareh_Dictionary_Index/source/Hezareh_Part_04_PDF_0751-1000.md#L12315-L12316,True
inward-looking,inward-looking,inward-looking,[],hz-019559,entry_candidate,raw_ocr,medium,4,858,,dictionary/I/I-07.md,hz-019559-inward-looking,sources/Hezareh_Dictionary_Index/source/Hezareh_Part_04_PDF_0751-1000.md#L12317-L12320,True
inwardly,inwardly,inwardly,[],hz-019560,entry_candidate,raw_ocr,low,4,858,,dictionary/I/I-07.md,hz-019560-inwardly,sources/Hezareh_Dictionary_Index/source/Hezareh_Part_04_PDF_0751-1000.md#L12321-L12321,True
inwardness,inwardness,inwardness,[],hz-019561,entry_candidate,raw_ocr,medium,4,858,,dictionary/I/I-07.md,hz-019561-inwardness,sources/Hezareh_Dictionary_Index/source/Hezareh_Part_04_PDF_0751-1000.md#L12322-L12323,True
inwards,inwards,inwards,[],hz-019562,entry_candidate,raw_ocr,medium,4,858,,dictionary/I/I-07.md,hz-019562-inwards,sources/Hezareh_Dictionary_Index/source/Hezareh_Part_04_PDF_0751-1000.md#L12324-L12329,True
inwrought,inwrought,inwrought,[],hz-019563,entry_candidate,raw_ocr,hint_only,4,858,,dictionary/I/I-07.md,hz-019563-inwrought,sources/Hezareh_Dictionary_Index/source/Hezareh_Part_04_PDF_0751-1000.md#L12302-L12302,False
IOCUS,iocus,iocus,[],hz-021567,entry_candidate,raw_ocr,hint_only,4,960,,dictionary/I/I-07.md,hz-021567-iocus,sources/Hezareh_Dictionary_Index/source/Hezareh_Part_04_PDF_0751-1000.md#L23924-L23924,False
iodise,iodise,iodise,[],hz-019564,entry_candidate,raw_ocr,high,4,858,,dictionary/I/I-07.md,hz-019564-iodise,sources/Hezareh_Dictionary_Index/source/Hezareh_Part_04_PDF_0751-1000.md#L12330-L12330,True
iodize,iodize,iodize,[],hz-019565,entry_candidate,raw_ocr,medium,4,858,,dictionary/I/I-07.md,hz-019565-iodize,sources/Hezareh_Dictionary_Index/source/Hezareh_Part_04_PDF_0751-1000.md#L12331-L12333,True
iolerance,iolerance,iolerance,[],hz-035285,entry_candidate,raw_ocr,hint_only,8,1773,,dictionary/I/I-07.md,hz-035285-iolerance,sources/Hezareh_Dictionary_Index/source/Hezareh_Part_08_PDF_1751-1976.md#L2883-L2883,False
IOM,iom,iom,[],hz-019566,entry_candidate,raw_ocr,hint_only,4,858,,dictionary/I/I-07.md,hz-019566-iom,sources/Hezareh_Dictionary_Index/source/Hezareh_Part_04_PDF_0751-1000.md#L12302-L12302,False
ion,ion,ion,[],hz-019567,entry_candidate,raw_ocr,medium,4,858,,dictionary/I/I-07.md,hz-019567-ion,sources/Hezareh_Dictionary_Index/source/Hezareh_Part_04_PDF_0751-1000.md#L12334-L12337,True
ion,ion,ion,[],hz-024650,entry_candidate,raw_ocr,hint_only,5,1154,,dictionary/I/I-07.md,hz-024650-ion,sources/Hezareh_Dictionary_Index/source/Hezareh_Part_05_PDF_1001-1250.md#L17803-L17803,False
Ionia,ionia,ionia,[],hz-019568,entry_candidate,raw_ocr,hint_only,4,858,,dictionary/I/I-07.md,hz-019568-ionia,sources/Hezareh_Dictionary_Index/source/Hezareh_Part_04_PDF_0751-1000.md#L12302-L12302,False
Ionic,ionic,ionic,[],hz-019569,entry_candidate,raw_ocr,low,4,858,,dictionary/I/I-07.md,hz-019569-ionic,sources/Hezareh_Dictionary_Index/source/Hezareh_Part_04_PDF_0751-1000.md#L12338-L12338,True
ionic,ionic,ionic,[],hz-019570,entry_candidate,raw_ocr,low,4,858,,dictionary/I/I-07.md,hz-019570-ionic,sources/Hezareh_Dictionary_Index/source/Hezareh_Part_04_PDF_0751-1000.md#L12338-L12338,True
ionisation,ionisation,ionisation,[],hz-019571,entry_candidate,raw_ocr,high,4,858,,dictionary/I/I-07.md,hz-019571-ionisation,sources/Hezareh_Dictionary_Index/source/Hezareh_Part_04_PDF_0751-1000.md#L12339-L12339,True
ionise,ionise,ionise,[],hz-019572,entry_candidate,raw_ocr,high,4,858,,dictionary/I/I-07.md,hz-019572-ionise,sources/Hezareh_Dictionary_Index/source/Hezareh_Part_04_PDF_0751-1000.md#L12340-L12340,True
ionization,ionization,ionization,[],hz-019573,entry_candidate,raw_ocr,high,4,858,,dictionary/I/I-07.md,hz-019573-ionization,sources/Hezareh_Dictionary_Index/source/Hezareh_Part_04_PDF_0751-1000.md#L12341-L12344,True
ionize,ionize,ionize,[],hz-019574,entry_candidate,raw_ocr,low,4,858,,dictionary/I/I-07.md,hz-019574-ionize,sources/Hezareh_Dictionary_Index/source/Hezareh_Part_04_PDF_0751-1000.md#L12340-L12340,True
ionizer,ionizer,ionizer,[],hz-019575,entry_candidate,raw_ocr,medium,4,858,,dictionary/I/I-07.md,hz-019575-ionizer,sources/Hezareh_Dictionary_Index/source/Hezareh_Part_04_PDF_0751-1000.md#L12345-L12346,True
Iorqet-me-not,iorqet-me-not,iorqet-me-not,[],hz-014304,entry_candidate,raw_ocr,hint_only,3,622,,dictionary/I/I-07.md,hz-014304-iorqet-me-not,sources/Hezareh_Dictionary_Index/source/Hezareh_Part_03_PDF_0501-0750.md#L13991-L13991,False
iota,iota,iota,[],hz-019576,entry_candidate,raw_ocr,low,4,858,,dictionary/I/I-07.md,hz-019576-iota,sources/Hezareh_Dictionary_Index/source/Hezareh_Part_04_PDF_0751-1000.md#L12347-L12349,True
IOU,iou,iou,[],hz-019577,entry_candidate,raw_ocr,hint_only,4,858,,dictionary/I/I-07.md,hz-019577-iou,sources/Hezareh_Dictionary_Index/source/Hezareh_Part_04_PDF_0751-1000.md#L12302-L12302,False
IOW,iow,iow,[],hz-019578,entry_candidate,raw_ocr,medium,4,858,,dictionary/I/I-07.md,hz-019578-iow,sources/Hezareh_Dictionary_Index/source/Hezareh_Part_04_PDF_0751-1000.md#L12350-L12350,True
IPA,ipa,ipa,[],hz-019579,entry_candidate,raw_ocr,high,4,858,,dictionary/I/I-07.md,hz-019579-ipa,sources/Hezareh_Dictionary_Index/source/Hezareh_Part_04_PDF_0751-1000.md#L12351-L12362,True
ipautJ,ipautj,ipautj,[],hz-026645,entry_candidate,raw_ocr,hint_only,6,1272,,dictionary/I/I-07.md,hz-026645-ipautj,sources/Hezareh_Dictionary_Index/source/Hezareh_Part_06_PDF_1251-1500.md#L2586-L2586,False
ipse dixlt,ipse dixlt,ipse dixlt,[],hz-019580,entry_candidate,raw_ocr,hint_only,4,858,,dictionary/I/I-07.md,hz-019580-ipse-dixlt,sources/Hezareh_Dictionary_Index/source/Hezareh_Part_04_PDF_0751-1000.md#L12302-L12302,False
ipso facto,ipso facto,ipso facto,[],hz-019581,entry_candidate,raw_ocr,high,4,858,,dictionary/I/I-07.md,hz-019581-ipso-facto,sources/Hezareh_Dictionary_Index/source/Hezareh_Part_04_PDF_0751-1000.md#L12364-L12367,True
IRA,ira,ira,[],hz-019582,entry_candidate,raw_ocr,high,4,858,,dictionary/I/I-07.md,hz-019582-ira,sources/Hezareh_Dictionary_Index/source/Hezareh_Part_04_PDF_0751-1000.md#L12368-L12374,True
Iran,iran,iran,[],hz-019585,entry_candidate,raw_ocr,hint_only,4,858,,dictionary/I/I-07.md,hz-019585-iran,sources/Hezareh_Dictionary_Index/source/Hezareh_Part_04_PDF_0751-1000.md#L12302-L12302,False
Iraq,iraq,iraq,[],hz-019587,entry_candidate,raw_ocr,high,4,858,,dictionary/I/I-07.md,hz-019587-iraq,sources/Hezareh_Dictionary_Index/source/Hezareh_Part_04_PDF_0751-1000.md#L12375-L12375,True
Iraqi,iraqi,iraqi,[],hz-019588,entry_candidate,raw_ocr,high,4,858,,dictionary/I/I-07.md,hz-019588-iraqi,sources/Hezareh_Dictionary_Index/source/Hezareh_Part_04_PDF_0751-1000.md#L12376-L12379,True
irascible,irascible,irascible,[],hz-019589,entry_candidate,raw_ocr,high,4,858,,dictionary/I/I-07.md,hz-019589-irascible,sources/Hezareh_Dictionary_Index/source/Hezareh_Part_04_PDF_0751-1000.md#L12380-L12381,True
irascibly,irascibly,irascibly,[],hz-019590,entry_candidate,raw_ocr,high,4,858,,dictionary/I/I-07.md,hz-019590-irascibly,sources/Hezareh_Dictionary_Index/source/Hezareh_Part_04_PDF_0751-1000.md#L12382-L12383,True
irate,irate,irate,[],hz-019591,entry_candidate,raw_ocr,high,4,858,,dictionary/I/I-07.md,hz-019591-irate,sources/Hezareh_Dictionary_Index/source/Hezareh_Part_04_PDF_0751-1000.md#L12384-L12387,True
iraund,iraund,iraund,[],hz-029636,entry_candidate,raw_ocr,hint_only,6,1458,,dictionary/I/I-07.md,hz-029636-iraund,sources/Hezareh_Dictionary_Index/source/Hezareh_Part_06_PDF_1251-1500.md#L24108-L24108,False
IRBM,irbm,irbm,[],hz-019592,entry_candidate,raw_ocr,high,4,858,,dictionary/I/I-07.md,hz-019592-irbm,sources/Hezareh_Dictionary_Index/source/Hezareh_Part_04_PDF_0751-1000.md#L12388-L12389,True
ire,ire,ire,[],hz-019593,entry_candidate,raw_ocr,high,4,858,,dictionary/I/I-07.md,hz-019593-ire,sources/Hezareh_Dictionary_Index/source/Hezareh_Part_04_PDF_0751-1000.md#L12390-L12392,True
ireful,ireful,ireful,[],hz-019594,entry_candidate,raw_ocr,hint_only,4,858,,dictionary/I/I-07.md,hz-019594-ireful,sources/Hezareh_Dictionary_Index/source/Hezareh_Part_04_PDF_0751-1000.md#L12302-L12302,False
Ireland,ireland,ireland,[],hz-019595,entry_candidate,raw_ocr,high,4,858,,dictionary/I/I-07.md,hz-019595-ireland,sources/Hezareh_Dictionary_Index/source/Hezareh_Part_04_PDF_0751-1000.md#L12393-L12397,True
irides,irides,irides,[],hz-019596,entry_candidate,raw_ocr,high,4,858,,dictionary/I/I-07.md,hz-019596-irides,sources/Hezareh_Dictionary_Index/source/Hezareh_Part_04_PDF_0751-1000.md#L12398-L12398,True
iridescence,iridescence,iridescence,[],hz-019597,entry_candidate,raw_ocr,high,4,858,,dictionary/I/I-07.md,hz-019597-iridescence,sources/Hezareh_Dictionary_Index/source/Hezareh_Part_04_PDF_0751-1000.md#L12399-L12400,True
iridescent,iridescent,iridescent,[],hz-019598,entry_candidate,raw_ocr,high,4,858,,dictionary/I/I-07.md,hz-019598-iridescent,sources/Hezareh_Dictionary_Index/source/Hezareh_Part_04_PDF_0751-1000.md#L12401-L12402,True
iridium,iridium,iridium,[],hz-019599,entry_candidate,raw_ocr,high,4,858,,dictionary/I/I-07.md,hz-019599-iridium,sources/Hezareh_Dictionary_Index/source/Hezareh_Part_04_PDF_0751-1000.md#L12403-L12403,True
iris,iris,iris,[],hz-019600,entry_candidate,raw_ocr,high,4,858,,dictionary/I/I-07.md,hz-019600-iris,sources/Hezareh_Dictionary_Index/source/Hezareh_Part_04_PDF_0751-1000.md#L12404-L12412,True
Irish,irish,irish,[],hz-019601,entry_candidate,raw_ocr,high,4,858,,dictionary/I/I-07.md,hz-019601-irish,sources/Hezareh_Dictionary_Index/source/Hezareh_Part_04_PDF_0751-1000.md#L12363-L12363,True
Irish bull,irish bull,irish bull,[],hz-019602,entry_candidate,raw_ocr,high,4,859,,dictionary/I/I-07.md,hz-019602-irish-bull,sources/Hezareh_Dictionary_Index/source/Hezareh_Part_04_PDF_0751-1000.md#L12425-L12431,True
Irish coffee,irish coffee,irish coffee,[],hz-019603,entry_candidate,raw_ocr,hint_only,4,859,,dictionary/I/I-07.md,hz-019603-irish-coffee,sources/Hezareh_Dictionary_Index/source/Hezareh_Part_04_PDF_0751-1000.md#L12416-L12416,False
Irish stew,irish stew,irish stew,[],hz-019605,entry_candidate,raw_ocr,medium,4,859,,dictionary/I/I-07.md,hz-019605-irish-stew,sources/Hezareh_Dictionary_Index/source/Hezareh_Part_04_PDF_0751-1000.md#L12434-L12435,True
Irishman,irishman,irishman,[],hz-019604,entry_candidate,raw_ocr,medium,4,859,,dictionary/I/I-07.md,hz-019604-irishman,sources/Hezareh_Dictionary_Index/source/Hezareh_Part_04_PDF_0751-1000.md#L12432-L12433,True
Irishwoman,irishwoman,irishwoman,[],hz-019606,entry_candidate,raw_ocr,high,4,859,,dictionary/I/I-07.md,hz-019606-irishwoman,sources/Hezareh_Dictionary_Index/source/Hezareh_Part_04_PDF_0751-1000.md#L12436-L12437,True
irk,irk,irk,[],hz-019607,entry_candidate,raw_ocr,low,4,859,,dictionary/I/I-07.md,hz-019607-irk,sources/Hezareh_Dictionary_Index/source/Hezareh_Part_04_PDF_0751-1000.md#L12438-L12439,True
irksome,irksome,irksome,[],hz-019608,entry_candidate,raw_ocr,medium,4,859,,dictionary/I/I-07.md,hz-019608-irksome,sources/Hezareh_Dictionary_Index/source/Hezareh_Part_04_PDF_0751-1000.md#L12440-L12446,True
irnpound,irnpound,irnpound,[],hz-018376,entry_candidate,raw_ocr,hint_only,4,809,,dictionary/I/I-07.md,hz-018376-irnpound,sources/Hezareh_Dictionary_Index/source/Hezareh_Part_04_PDF_0751-1000.md#L6715-L6715,False
iron,iron,iron,[],hz-019610,entry_candidate,raw_ocr,high,4,859,,dictionary/I/I-07.md,hz-019610-iron,sources/Hezareh_Dictionary_Index/source/Hezareh_Part_04_PDF_0751-1000.md#L12468-L12469,True
Iron Age,iron age,iron age,[],hz-019611,entry_candidate,raw_ocr,high,4,859,,dictionary/I/I-07.md,hz-019611-iron-age,sources/Hezareh_Dictionary_Index/source/Hezareh_Part_04_PDF_0751-1000.md#L12468-L12469,True
Iron Curtain,iron curtain,iron curtain,[],hz-019613,entry_candidate,raw_ocr,high,4,859,,dictionary/I/I-07.md,hz-019613-iron-curtain,sources/Hezareh_Dictionary_Index/source/Hezareh_Part_04_PDF_0751-1000.md#L12476-L12477,True
iron lung,iron lung,iron lung,[],hz-019621,entry_candidate,raw_ocr,high,4,859,,dictionary/I/I-07.md,hz-019621-iron-lung,sources/Hezareh_Dictionary_Index/source/Hezareh_Part_04_PDF_0751-1000.md#L12494-L12495,True
iron mould,iron mould,iron mould,[],hz-019624,entry_candidate,raw_ocr,hint_only,4,859,,dictionary/I/I-07.md,hz-019624-iron-mould,sources/Hezareh_Dictionary_Index/source/Hezareh_Part_04_PDF_0751-1000.md#L12416-L12416,False
iron rations,iron rations,iron rations,[],hz-019625,entry_candidate,raw_ocr,high,4,859,,dictionary/I/I-07.md,hz-019625-iron-rations,sources/Hezareh_Dictionary_Index/source/Hezareh_Part_04_PDF_0751-1000.md#L12502-L12503,True
iron-foundry,iron-foundry,iron-foundry,[],hz-019614,entry_candidate,raw_ocr,high,4,859,,dictionary/I/I-07.md,hz-019614-iron-foundry,sources/Hezareh_Dictionary_Index/source/Hezareh_Part_04_PDF_0751-1000.md#L12478-L12479,True
iron-grey,iron-grey,iron-grey,[],hz-019615,entry_candidate,raw_ocr,high,4,859,,dictionary/I/I-07.md,hz-019615-iron-grey,sources/Hezareh_Dictionary_Index/source/Hezareh_Part_04_PDF_0751-1000.md#L12480-L12484,True
ironclad,ironclad,ironclad,[],hz-019612,entry_candidate,raw_ocr,low,4,859,,dictionary/I/I-07.md,hz-019612-ironclad,sources/Hezareh_Dictionary_Index/source/Hezareh_Part_04_PDF_0751-1000.md#L12470-L12475,True
ironic,ironic,ironic,[],hz-019616,entry_candidate,raw_ocr,low,4,859,,dictionary/I/I-07.md,hz-019616-ironic,sources/Hezareh_Dictionary_Index/source/Hezareh_Part_04_PDF_0751-1000.md#L12485-L12486,True
ironical,ironical,ironical,[],hz-019617,entry_candidate,raw_ocr,high,4,859,,dictionary/I/I-07.md,hz-019617-ironical,sources/Hezareh_Dictionary_Index/source/Hezareh_Part_04_PDF_0751-1000.md#L12487-L12487,True
ironically,ironically,ironically,[],hz-019618,entry_candidate,raw_ocr,high,4,859,,dictionary/I/I-07.md,hz-019618-ironically,sources/Hezareh_Dictionary_Index/source/Hezareh_Part_04_PDF_0751-1000.md#L12488-L12490,True
ironing,ironing,ironing,[],hz-019619,entry_candidate,raw_ocr,high,4,859,,dictionary/I/I-07.md,hz-019619-ironing,sources/Hezareh_Dictionary_Index/source/Hezareh_Part_04_PDF_0751-1000.md#L12491-L12492,True
ironing-board,ironing-board,ironing-board,[],hz-019620,entry_candidate,raw_ocr,high,4,859,,dictionary/I/I-07.md,hz-019620-ironing-board,sources/Hezareh_Dictionary_Index/source/Hezareh_Part_04_PDF_0751-1000.md#L12493-L12493,True
ironmonger,ironmonger,ironmonger,[],hz-019622,entry_candidate,raw_ocr,high,4,859,,dictionary/I/I-07.md,hz-019622-ironmonger,sources/Hezareh_Dictionary_Index/source/Hezareh_Part_04_PDF_0751-1000.md#L12496-L12497,True
ironmongery,ironmongery,ironmongery,[],hz-019623,entry_candidate,raw_ocr,high,4,859,,dictionary/I/I-07.md,hz-019623-ironmongery,sources/Hezareh_Dictionary_Index/source/Hezareh_Part_04_PDF_0751-1000.md#L12498-L12501,True
ironside,ironside,ironside,[],hz-019626,entry_candidate,raw_ocr,high,4,859,,dictionary/I/I-07.md,hz-019626-ironside,sources/Hezareh_Dictionary_Index/source/Hezareh_Part_04_PDF_0751-1000.md#L12504-L12507,True
Ironsides,ironsides,ironsides,[],hz-019627,entry_candidate,raw_ocr,hint_only,4,859,,dictionary/I/I-07.md,hz-019627-ironsides,sources/Hezareh_Dictionary_Index/source/Hezareh_Part_04_PDF_0751-1000.md#L12416-L12416,False
ironstone,ironstone,ironstone,[],hz-019628,entry_candidate,raw_ocr,high,4,859,,dictionary/I/I-07.md,hz-019628-ironstone,sources/Hezareh_Dictionary_Index/source/Hezareh_Part_04_PDF_0751-1000.md#L12508-L12511,True
ironware,ironware,ironware,[],hz-019629,entry_candidate,raw_ocr,high,4,859,,dictionary/I/I-07.md,hz-019629-ironware,sources/Hezareh_Dictionary_Index/source/Hezareh_Part_04_PDF_0751-1000.md#L12512-L12512,True
ironwork,ironwork,ironwork,[],hz-019630,entry_candidate,raw_ocr,high,4,859,,dictionary/I/I-07.md,hz-019630-ironwork,sources/Hezareh_Dictionary_Index/source/Hezareh_Part_04_PDF_0751-1000.md#L12513-L12514,True
ironworks,ironworks,ironworks,[],hz-019631,entry_candidate,raw_ocr,high,4,859,,dictionary/I/I-07.md,hz-019631-ironworks,sources/Hezareh_Dictionary_Index/source/Hezareh_Part_04_PDF_0751-1000.md#L12515-L12515,True
irony,irony,irony,[],hz-019632,entry_candidate,raw_ocr,high,4,859,,dictionary/I/I-07.md,hz-019632-irony,sources/Hezareh_Dictionary_Index/source/Hezareh_Part_04_PDF_0751-1000.md#L12516-L12523,True
irradiate,irradiate,irradiate,[],hz-019633,entry_candidate,raw_ocr,hint_only,4,859,,dictionary/I/I-07.md,hz-019633-irradiate,sources/Hezareh_Dictionary_Index/source/Hezareh_Part_04_PDF_0751-1000.md#L12416-L12416,False
irrational,irrational,irrational,[],hz-019634,entry_candidate,raw_ocr,medium,4,860,,dictionary/I/I-07.md,hz-019634-irrational,sources/Hezareh_Dictionary_Index/source/Hezareh_Part_04_PDF_0751-1000.md#L12541-L12544,True
irrationality,irrationality,irrationality,[],hz-019635,entry_candidate,raw_ocr,medium,4,860,,dictionary/I/I-07.md,hz-019635-irrationality,sources/Hezareh_Dictionary_Index/source/Hezareh_Part_04_PDF_0751-1000.md#L12545-L12559,True
irreconcilably,irreconcilably,irreconcilably,[],hz-019636,entry_candidate,raw_ocr,hint_only,4,860,,dictionary/I/I-07.md,hz-019636-irreconcilably,sources/Hezareh_Dictionary_Index/source/Hezareh_Part_04_PDF_0751-1000.md#L12527-L12527,False
irrecoverably,irrecoverably,irrecoverably,[],hz-019637,entry_candidate,raw_ocr,medium,4,860,,dictionary/I/I-07.md,hz-019637-irrecoverably,sources/Hezareh_Dictionary_Index/source/Hezareh_Part_04_PDF_0751-1000.md#L12560-L12571,True
irredentism,irredentism,irredentism,[],hz-019638,entry_candidate,raw_ocr,hint_only,4,860,,dictionary/I/I-07.md,hz-019638-irredentism,sources/Hezareh_Dictionary_Index/source/Hezareh_Part_04_PDF_0751-1000.md#L12527-L12527,False
irredentist,irredentist,irredentist,[],hz-019639,entry_candidate,raw_ocr,medium,4,860,,dictionary/I/I-07.md,hz-019639-irredentist,sources/Hezareh_Dictionary_Index/source/Hezareh_Part_04_PDF_0751-1000.md#L12572-L12572,True
irreducible,irreducible,irreducible,[],hz-019640,entry_candidate,raw_ocr,high,4,860,,dictionary/I/I-07.md,hz-019640-irreducible,sources/Hezareh_Dictionary_Index/source/Hezareh_Part_04_PDF_0751-1000.md#L12573-L12575,True
irreducibly,irreducibly,irreducibly,[],hz-019641,entry_candidate,raw_ocr,medium,4,860,,dictionary/I/I-07.md,hz-019641-irreducibly,sources/Hezareh_Dictionary_Index/source/Hezareh_Part_04_PDF_0751-1000.md#L12576-L12577,True
irrefutable,irrefutable,irrefutable,[],hz-019642,entry_candidate,raw_ocr,high,4,860,,dictionary/I/I-07.md,hz-019642-irrefutable,sources/Hezareh_Dictionary_Index/source/Hezareh_Part_04_PDF_0751-1000.md#L12578-L12580,True
irrefutably,irrefutably,irrefutably,[],hz-019643,entry_candidate,raw_ocr,medium,4,860,,dictionary/I/I-07.md,hz-019643-irrefutably,sources/Hezareh_Dictionary_Index/source/Hezareh_Part_04_PDF_0751-1000.md#L12581-L12595,True
irregular,irregular,irregular,[],hz-019644,entry_candidate,raw_ocr,low,4,860,,dictionary/I/I-07.md,hz-019644-irregular,sources/Hezareh_Dictionary_Index/source/Hezareh_Part_04_PDF_0751-1000.md#L12596-L12596,True
irregularity,irregularity,irregularity,[],hz-019645,entry_candidate,raw_ocr,high,4,860,,dictionary/I/I-07.md,hz-019645-irregularity,sources/Hezareh_Dictionary_Index/source/Hezareh_Part_04_PDF_0751-1000.md#L12597-L12600,True
irregularly,irregularly,irregularly,[],hz-019646,entry_candidate,raw_ocr,high,4,860,,dictionary/I/I-07.md,hz-019646-irregularly,sources/Hezareh_Dictionary_Index/source/Hezareh_Part_04_PDF_0751-1000.md#L12601-L12618,True
irrek,irrek,irrek,[],hz-028118,entry_candidate,raw_ocr,hint_only,6,1359,,dictionary/I/I-07.md,hz-028118-irrek,sources/Hezareh_Dictionary_Index/source/Hezareh_Part_06_PDF_1251-1500.md#L12467-L12467,False
irrelevantiI'relavant,irrelevantii'relavant,irrelevantii'relavant,[],hz-019647,entry_candidate,raw_ocr,hint_only,4,860,,dictionary/I/I-07.md,hz-019647-irrelevantii-relavant,sources/Hezareh_Dictionary_Index/source/Hezareh_Part_04_PDF_0751-1000.md#L12527-L12527,False
irrelevantly,irrelevantly,irrelevantly,[],hz-019648,entry_candidate,raw_ocr,hint_only,4,860,,dictionary/I/I-07.md,hz-019648-irrelevantly,sources/Hezareh_Dictionary_Index/source/Hezareh_Part_04_PDF_0751-1000.md#L12527-L12527,False
irremediably,irremediably,irremediably,[],hz-019649,entry_candidate,raw_ocr,high,4,860,,dictionary/I/I-07.md,hz-019649-irremediably,sources/Hezareh_Dictionary_Index/source/Hezareh_Part_04_PDF_0751-1000.md#L12619-L12626,True
irreparable,irreparable,irreparable,[],hz-019650,entry_candidate,raw_ocr,high,4,860,,dictionary/I/I-07.md,hz-019650-irreparable,sources/Hezareh_Dictionary_Index/source/Hezareh_Part_04_PDF_0751-1000.md#L12627-L12630,True
irreparably II'reparablI,irreparably ii'reparabli,irreparably ii'reparabli,[],hz-019651,entry_candidate,raw_ocr,hint_only,4,860,,dictionary/I/I-07.md,hz-019651-irreparably-ii-reparabli,sources/Hezareh_Dictionary_Index/source/Hezareh_Part_04_PDF_0751-1000.md#L12527-L12527,False
irreplaceable,irreplaceable,irreplaceable,[],hz-019652,entry_candidate,raw_ocr,high,4,860,,dictionary/I/I-07.md,hz-019652-irreplaceable,sources/Hezareh_Dictionary_Index/source/Hezareh_Part_04_PDF_0751-1000.md#L12631-L12637,True
irrepressible,irrepressible,irrepressible,[],hz-019653,entry_candidate,raw_ocr,high,4,861,,dictionary/I/I-07.md,hz-019653-irrepressible,sources/Hezareh_Dictionary_Index/source/Hezareh_Part_04_PDF_0751-1000.md#L12650-L12653,True
irrepressibly,irrepressibly,irrepressibly,[],hz-019654,entry_candidate,raw_ocr,medium,4,861,,dictionary/I/I-07.md,hz-019654-irrepressibly,sources/Hezareh_Dictionary_Index/source/Hezareh_Part_04_PDF_0751-1000.md#L12654-L12658,True
irreproachably,irreproachably,irreproachably,[],hz-019655,entry_candidate,raw_ocr,low,4,861,,dictionary/I/I-07.md,hz-019655-irreproachably,sources/Hezareh_Dictionary_Index/source/Hezareh_Part_04_PDF_0751-1000.md#L12659-L12661,True
irresistible,irresistible,irresistible,[],hz-019656,entry_candidate,raw_ocr,low,4,861,,dictionary/I/I-07.md,hz-019656-irresistible,sources/Hezareh_Dictionary_Index/source/Hezareh_Part_04_PDF_0751-1000.md#L12662-L12664,True
irresistibly,irresistibly,irresistibly,[],hz-019657,entry_candidate,raw_ocr,medium,4,861,,dictionary/I/I-07.md,hz-019657-irresistibly,sources/Hezareh_Dictionary_Index/source/Hezareh_Part_04_PDF_0751-1000.md#L12665-L12670,True
irresolution,irresolution,irresolution,[],hz-019658,entry_candidate,raw_ocr,medium,4,861,,dictionary/I/I-07.md,hz-019658-irresolution,sources/Hezareh_Dictionary_Index/source/Hezareh_Part_04_PDF_0751-1000.md#L12671-L12673,True
irrespective,irrespective,irrespective,[],hz-019659,entry_candidate,raw_ocr,low,4,861,,dictionary/I/I-07.md,hz-019659-irrespective,sources/Hezareh_Dictionary_Index/source/Hezareh_Part_04_PDF_0751-1000.md#L12674-L12675,True
irresponsibility,irresponsibility,irresponsibility,[],hz-019660,entry_candidate,raw_ocr,low,4,861,,dictionary/I/I-07.md,hz-019660-irresponsibility,sources/Hezareh_Dictionary_Index/source/Hezareh_Part_04_PDF_0751-1000.md#L12676-L12681,True
irresponsible,irresponsible,irresponsible,[],hz-019661,entry_candidate,raw_ocr,low,4,861,,dictionary/I/I-07.md,hz-019661-irresponsible,sources/Hezareh_Dictionary_Index/source/Hezareh_Part_04_PDF_0751-1000.md#L12682-L12683,True
irresponsibly,irresponsibly,irresponsibly,[],hz-019662,entry_candidate,raw_ocr,medium,4,861,,dictionary/I/I-07.md,hz-019662-irresponsibly,sources/Hezareh_Dictionary_Index/source/Hezareh_Part_04_PDF_0751-1000.md#L12684-L12687,True
irretrievable,irretrievable,irretrievable,[],hz-019663,entry_candidate,raw_ocr,hint_only,4,861,,dictionary/I/I-07.md,hz-019663-irretrievable,sources/Hezareh_Dictionary_Index/source/Hezareh_Part_04_PDF_0751-1000.md#L12641-L12641,False
irretrievably,irretrievably,irretrievably,[],hz-019664,entry_candidate,raw_ocr,medium,4,861,,dictionary/I/I-07.md,hz-019664-irretrievably,sources/Hezareh_Dictionary_Index/source/Hezareh_Part_04_PDF_0751-1000.md#L12688-L12704,True
irreversibly,irreversibly,irreversibly,[],hz-019665,entry_candidate,raw_ocr,low,4,861,,dictionary/I/I-07.md,hz-019665-irreversibly,sources/Hezareh_Dictionary_Index/source/Hezareh_Part_04_PDF_0751-1000.md#L12705-L12706,True
irrevocable,irrevocable,irrevocable,[],hz-019666,entry_candidate,raw_ocr,low,4,861,,dictionary/I/I-07.md,hz-019666-irrevocable,sources/Hezareh_Dictionary_Index/source/Hezareh_Part_04_PDF_0751-1000.md#L12707-L12711,True
irrevocably,irrevocably,irrevocably,[],hz-019667,entry_candidate,raw_ocr,hint_only,4,861,,dictionary/I/I-07.md,hz-019667-irrevocably,sources/Hezareh_Dictionary_Index/source/Hezareh_Part_04_PDF_0751-1000.md#L12641-L12641,False
irrigate,irrigate,irrigate,[],hz-019668,entry_candidate,raw_ocr,low,4,861,,dictionary/I/I-07.md,hz-019668-irrigate,sources/Hezareh_Dictionary_Index/source/Hezareh_Part_04_PDF_0751-1000.md#L12712-L12717,True
irritability,irritability,irritability,[],hz-019669,entry_candidate,raw_ocr,low,4,861,,dictionary/I/I-08.md,hz-019669-irritability,sources/Hezareh_Dictionary_Index/source/Hezareh_Part_04_PDF_0751-1000.md#L12718-L12720,True
irritable,irritable,irritable,[],hz-019670,entry_candidate,raw_ocr,medium,4,861,,dictionary/I/I-08.md,hz-019670-irritable,sources/Hezareh_Dictionary_Index/source/Hezareh_Part_04_PDF_0751-1000.md#L12721-L12724,True
irritably,irritably,irritably,[],hz-019671,entry_candidate,raw_ocr,low,4,861,,dictionary/I/I-08.md,hz-019671-irritably,sources/Hezareh_Dictionary_Index/source/Hezareh_Part_04_PDF_0751-1000.md#L12725-L12730,True
irritant,irritant,irritant,[],hz-019672,entry_candidate,raw_ocr,hint_only,4,861,,dictionary/I/I-08.md,hz-019672-irritant,sources/Hezareh_Dictionary_Index/source/Hezareh_Part_04_PDF_0751-1000.md#L12641-L12641,False
irritate,irritate,irritate,[],hz-019673,entry_candidate,raw_ocr,low,4,861,,dictionary/I/I-08.md,hz-019673-irritate,sources/Hezareh_Dictionary_Index/source/Hezareh_Part_04_PDF_0751-1000.md#L12731-L12734,True
irritated,irritated,irritated,[],hz-019674,entry_candidate,raw_ocr,low,4,861,,dictionary/I/I-08.md,hz-019674-irritated,sources/Hezareh_Dictionary_Index/source/Hezareh_Part_04_PDF_0751-1000.md#L12735-L12736,True
irritating,irritating,irritating,[],hz-019675,entry_candidate,raw_ocr,low,4,861,,dictionary/I/I-08.md,hz-019675-irritating,sources/Hezareh_Dictionary_Index/source/Hezareh_Part_04_PDF_0751-1000.md#L12737-L12739,True
irritatingly,irritatingly,irritatingly,[],hz-019676,entry_candidate,raw_ocr,medium,4,861,,dictionary/I/I-08.md,hz-019676-irritatingly,sources/Hezareh_Dictionary_Index/source/Hezareh_Part_04_PDF_0751-1000.md#L12740-L12746,True
irritation,irritation,irritation,[],hz-019677,entry_candidate,raw_ocr,hint_only,4,861,,dictionary/I/I-08.md,hz-019677-irritation,sources/Hezareh_Dictionary_Index/source/Hezareh_Part_04_PDF_0751-1000.md#L12641-L12641,False
irruptiOn,irruption,irruption,[],hz-019678,entry_candidate,raw_ocr,hint_only,4,861,,dictionary/I/I-08.md,hz-019678-irruption,sources/Hezareh_Dictionary_Index/source/Hezareh_Part_04_PDF_0751-1000.md#L12641-L12641,False
Is,is,is,[],hz-019679,entry_candidate,raw_ocr,high,4,861,,dictionary/I/I-08.md,hz-019679-is,sources/Hezareh_Dictionary_Index/source/Hezareh_Part_04_PDF_0751-1000.md#L12747-L12749,True
Is this how you reward me for helping,is this how you reward me for helping,is this how you reward me for helping,[],hz-029246,entry_candidate,raw_ocr,high,6,1433,,dictionary/I/I-08.md,hz-029246-is-this-how-you-reward-me-for-helping,sources/Hezareh_Dictionary_Index/source/Hezareh_Part_06_PDF_1251-1500.md#L21281-L21298,True
isAm,isam,isam,[],hz-032111,entry_candidate,raw_ocr,hint_only,7,1602,,dictionary/I/I-08.md,hz-032111-isam,sources/Hezareh_Dictionary_Index/source/Hezareh_Part_07_PDF_1501-1750.md#L11924-L11924,False
ISBN,isbn,isbn,[],hz-019684,entry_candidate,raw_ocr,high,4,862,,dictionary/I/I-08.md,hz-019684-isbn,sources/Hezareh_Dictionary_Index/source/Hezareh_Part_04_PDF_0751-1000.md#L12763-L12764,True
ISD,isd,isd,[],hz-019685,entry_candidate,raw_ocr,high,4,862,,dictionary/I/I-08.md,hz-019685-isd,sources/Hezareh_Dictionary_Index/source/Hezareh_Part_04_PDF_0751-1000.md#L12765-L12766,True
isinglass,isinglass,isinglass,[],hz-019686,entry_candidate,raw_ocr,medium,4,862,,dictionary/I/I-08.md,hz-019686-isinglass,sources/Hezareh_Dictionary_Index/source/Hezareh_Part_04_PDF_0751-1000.md#L12767-L12770,True
Islamic,islamic,islamic,[],hz-019687,entry_candidate,raw_ocr,medium,4,862,,dictionary/I/I-08.md,hz-019687-islamic,sources/Hezareh_Dictionary_Index/source/Hezareh_Part_04_PDF_0751-1000.md#L12771-L12772,True
island,island,island,[],hz-019688,entry_candidate,raw_ocr,medium,4,862,,dictionary/I/I-08.md,hz-019688-island,sources/Hezareh_Dictionary_Index/source/Hezareh_Part_04_PDF_0751-1000.md#L12773-L12774,True
islander,islander,islander,[],hz-019680,entry_candidate,raw_ocr,medium,4,862,,dictionary/I/I-08.md,hz-019680-islander,sources/Hezareh_Dictionary_Index/source/Hezareh_Part_04_PDF_0751-1000.md#L12775-L12778,True
isle,isle,isle,[],hz-019681,entry_candidate,raw_ocr,hint_only,4,862,,dictionary/I/I-08.md,hz-019681-isle,sources/Hezareh_Dictionary_Index/source/Hezareh_Part_04_PDF_0751-1000.md#L12753-L12753,False
islet,islet,islet,[],hz-019682,entry_candidate,raw_ocr,hint_only,4,862,,dictionary/I/I-08.md,hz-019682-islet,sources/Hezareh_Dictionary_Index/source/Hezareh_Part_04_PDF_0751-1000.md#L12753-L12753,False
ism,ism,ism,[],hz-019683,entry_candidate,raw_ocr,high,4,862,,dictionary/I/I-08.md,hz-019683-ism,sources/Hezareh_Dictionary_Index/source/Hezareh_Part_04_PDF_0751-1000.md#L12779-L12779,True
isn't,isn't,isn't,[],hz-019689,entry_candidate,raw_ocr,high,4,862,,dictionary/I/I-08.md,hz-019689-isn-t,sources/Hezareh_Dictionary_Index/source/Hezareh_Part_04_PDF_0751-1000.md#L12780-L12780,True
isnrep,isnrep,isnrep,[],hz-031808,entry_candidate,raw_ocr,hint_only,7,1589,,dictionary/I/I-08.md,hz-031808-isnrep,sources/Hezareh_Dictionary_Index/source/Hezareh_Part_07_PDF_1501-1750.md#L10449-L10449,False
ISO,iso,iso,[],hz-019690,entry_candidate,raw_ocr,high,4,862,,dictionary/I/I-08.md,hz-019690-iso,sources/Hezareh_Dictionary_Index/source/Hezareh_Part_04_PDF_0751-1000.md#L12781-L12781,True
isobar,isobar,isobar,[],hz-019692,entry_candidate,raw_ocr,hint_only,4,862,,dictionary/I/I-08.md,hz-019692-isobar,sources/Hezareh_Dictionary_Index/source/Hezareh_Part_04_PDF_0751-1000.md#L12753-L12753,False
isolate,isolate,isolate,[],hz-019693,entry_candidate,raw_ocr,medium,4,862,,dictionary/I/I-08.md,hz-019693-isolate,sources/Hezareh_Dictionary_Index/source/Hezareh_Part_04_PDF_0751-1000.md#L12785-L12799,True
isolation,isolation,isolation,[],hz-019694,entry_candidate,raw_ocr,high,4,862,,dictionary/I/I-08.md,hz-019694-isolation,sources/Hezareh_Dictionary_Index/source/Hezareh_Part_04_PDF_0751-1000.md#L12800-L12802,True
isolation hospital,isolation hospital,isolation hospital,[],hz-019695,entry_candidate,raw_ocr,high,4,862,,dictionary/I/I-08.md,hz-019695-isolation-hospital,sources/Hezareh_Dictionary_Index/source/Hezareh_Part_04_PDF_0751-1000.md#L12800-L12802,True
isolation ward,isolation ward,isolation ward,[],hz-019697,entry_candidate,raw_ocr,high,4,862,,dictionary/I/I-08.md,hz-019697-isolation-ward,sources/Hezareh_Dictionary_Index/source/Hezareh_Part_04_PDF_0751-1000.md#L12804-L12805,True
isolationist,isolationist,isolationist,[],hz-019696,entry_candidate,raw_ocr,medium,4,862,,dictionary/I/I-08.md,hz-019696-isolationist,sources/Hezareh_Dictionary_Index/source/Hezareh_Part_04_PDF_0751-1000.md#L12803-L12803,True
isometric,isometric,isometric,[],hz-019698,entry_candidate,raw_ocr,low,4,862,,dictionary/I/I-08.md,hz-019698-isometric,sources/Hezareh_Dictionary_Index/source/Hezareh_Part_04_PDF_0751-1000.md#L12806-L12815,True
isomorph,isomorph,isomorph,[],hz-019699,entry_candidate,raw_ocr,high,4,862,,dictionary/I/I-08.md,hz-019699-isomorph,sources/Hezareh_Dictionary_Index/source/Hezareh_Part_04_PDF_0751-1000.md#L12816-L12821,True
isomorphiC,isomorphic,isomorphic,[],hz-019700,entry_candidate,raw_ocr,low,4,862,,dictionary/I/I-08.md,hz-019700-isomorphic,sources/Hezareh_Dictionary_Index/source/Hezareh_Part_04_PDF_0751-1000.md#L12822-L12822,True
isomorphoUS,isomorphous,isomorphous,[],hz-019701,entry_candidate,raw_ocr,high,4,862,,dictionary/I/I-08.md,hz-019701-isomorphous,sources/Hezareh_Dictionary_Index/source/Hezareh_Part_04_PDF_0751-1000.md#L12822-L12822,True
isosceles,isosceles,isosceles,[],hz-019702,entry_candidate,raw_ocr,high,4,862,,dictionary/I/I-08.md,hz-019702-isosceles,sources/Hezareh_Dictionary_Index/source/Hezareh_Part_04_PDF_0751-1000.md#L12823-L12823,True
isotherm,isotherm,isotherm,[],hz-019703,entry_candidate,raw_ocr,high,4,862,,dictionary/I/I-08.md,hz-019703-isotherm,sources/Hezareh_Dictionary_Index/source/Hezareh_Part_04_PDF_0751-1000.md#L12824-L12824,True
iSOtOpe,isotope,isotope,[],hz-019704,entry_candidate,raw_ocr,high,4,862,,dictionary/I/I-08.md,hz-019704-isotope,sources/Hezareh_Dictionary_Index/source/Hezareh_Part_04_PDF_0751-1000.md#L12825-L12825,True
Israel,israel,israel,[],hz-019705,entry_candidate,raw_ocr,high,4,862,,dictionary/I/I-08.md,hz-019705-israel,sources/Hezareh_Dictionary_Index/source/Hezareh_Part_04_PDF_0751-1000.md#L12826-L12826,True
Israeli,israeli,israeli,[],hz-019706,entry_candidate,raw_ocr,medium,4,862,,dictionary/I/I-08.md,hz-019706-israeli,sources/Hezareh_Dictionary_Index/source/Hezareh_Part_04_PDF_0751-1000.md#L12827-L12830,True
issue,issue,issue,[],hz-019708,entry_candidate,raw_ocr,high,4,862,,dictionary/I/I-08.md,hz-019708-issue,sources/Hezareh_Dictionary_Index/source/Hezareh_Part_04_PDF_0751-1000.md#L12831-L12845,True
isthmus,isthmus,isthmus,[],hz-019713,entry_candidate,raw_ocr,high,4,863,,dictionary/I/I-08.md,hz-019713-isthmus,sources/Hezareh_Dictionary_Index/source/Hezareh_Part_04_PDF_0751-1000.md#L12880-L12881,True
istrung,istrung,istrung,[],hz-033362,entry_candidate,raw_ocr,hint_only,7,1673,,dictionary/I/I-08.md,hz-033362-istrung,sources/Hezareh_Dictionary_Index/source/Hezareh_Part_07_PDF_1501-1750.md#L20204-L20204,False
IT,it,it,[],hz-019716,entry_candidate,raw_ocr,high,4,863,,dictionary/I/I-08.md,hz-019716-it,sources/Hezareh_Dictionary_Index/source/Hezareh_Part_04_PDF_0751-1000.md#L12882-L12941,True
It all,it all,it all,[],hz-015594,entry_candidate,raw_ocr,high,3,684,,dictionary/I/I-08.md,hz-015594-it-all,sources/Hezareh_Dictionary_Index/source/Hezareh_Part_03_PDF_0501-0750.md#L21188-L21219,True
it appears as if,it appears as if,it appears as if,[],hz-001498,entry_candidate,raw_ocr,high,1,58,,dictionary/I/I-08.md,hz-001498-it-appears-as-if,sources/Hezareh_Dictionary_Index/source/Hezareh_Part_01_PDF_0001-0250.md#L7658-L7672,True
it didn't enter his head that,it didn't enter his head that,it didn't enter his head that,[],hz-016791,entry_candidate,raw_ocr,high,3,744,,dictionary/I/I-08.md,hz-016791-it-didn-t-enter-his-head-that,sources/Hezareh_Dictionary_Index/source/Hezareh_Part_03_PDF_0501-0750.md#L28022-L28026,True
It doesn't matter,it doesn't matter,it doesn't matter,[],hz-013151,entry_candidate,raw_ocr,high,3,561,,dictionary/I/I-08.md,hz-013151-it-doesn-t-matter,sources/Hezareh_Dictionary_Index/source/Hezareh_Part_03_PDF_0501-0750.md#L6969-L6970,True
It doesn't say much,it doesn't say much,it doesn't say much,[],hz-030045,entry_candidate,raw_ocr,high,6,1486,,dictionary/I/I-08.md,hz-030045-it-doesn-t-say-much,sources/Hezareh_Dictionary_Index/source/Hezareh_Part_06_PDF_1251-1500.md#L27409-L27420,True
It feels like rain,it feels like rain,it feels like rain,[],hz-013297,entry_candidate,raw_ocr,medium,3,570,,dictionary/I/I-08.md,hz-013297-it-feels-like-rain,sources/Hezareh_Dictionary_Index/source/Hezareh_Part_03_PDF_0501-0750.md#L8014-L8020,True
It is I was as much as sb can,it is i was as much as sb can,it is i was as much as sb can,[],hz-023581,entry_candidate,raw_ocr,hint_only,5,1082,,dictionary/I/I-08.md,hz-023581-it-is-i-was-as-much-as-sb-can,sources/Hezareh_Dictionary_Index/source/Hezareh_Part_05_PDF_1001-1250.md#L9685-L9685,False
It seems,it seems,it seems,[],hz-030453,entry_candidate,raw_ocr,high,7,1512,,dictionary/I/I-08.md,hz-030453-it-seems,sources/Hezareh_Dictionary_Index/source/Hezareh_Part_07_PDF_1501-1750.md#L1471-L1476,True
It suddenly occurred to,it suddenly occurred to,it suddenly occurred to,[],hz-024484,entry_candidate,raw_ocr,high,5,1141,,dictionary/I/I-08.md,hz-024484-it-suddenly-occurred-to,sources/Hezareh_Dictionary_Index/source/Hezareh_Part_05_PDF_1001-1250.md#L16327-L16384,True
It was a fairly,it was a fairly,it was a fairly,[],hz-013003,entry_candidate,raw_ocr,high,3,552,,dictionary/I/I-08.md,hz-013003-it-was-a-fairly,sources/Hezareh_Dictionary_Index/source/Hezareh_Part_03_PDF_0501-0750.md#L5923-L5938,True
It was lo,it was lo,it was lo,[],hz-019714,entry_candidate,raw_ocr,hint_only,4,863,,dictionary/I/I-08.md,hz-019714-it-was-lo,sources/Hezareh_Dictionary_Index/source/Hezareh_Part_04_PDF_0751-1000.md#L12867-L12867,False
It wi,it wi,it wi,[],hz-024027,entry_candidate,raw_ocr,hint_only,5,1111,,dictionary/I/I-08.md,hz-024027-it-wi,sources/Hezareh_Dictionary_Index/source/Hezareh_Part_05_PDF_1001-1250.md#L12951-L12951,False
It wouldn't surprise me,it wouldn't surprise me,it wouldn't surprise me,[],hz-033838,entry_candidate,raw_ocr,high,7,1695,,dictionary/I/I-08.md,hz-033838-it-wouldn-t-surprise-me,sources/Hezareh_Dictionary_Index/source/Hezareh_Part_07_PDF_1501-1750.md#L22915-L22919,True
it'd,it'd,it'd,[],hz-019725,entry_candidate,raw_ocr,high,4,864,,dictionary/I/I-08.md,hz-019725-it-d,sources/Hezareh_Dictionary_Index/source/Hezareh_Part_04_PDF_0751-1000.md#L13012-L13012,True
it'll,it'll,it'll,[],hz-019733,entry_candidate,raw_ocr,hint_only,4,864,,dictionary/I/I-08.md,hz-019733-it-ll,sources/Hezareh_Dictionary_Index/source/Hezareh_Part_04_PDF_0751-1000.md#L12994-L12994,False
It's,it's,it's,[],hz-014833,entry_candidate,raw_ocr,medium,3,646,,dictionary/I/I-08.md,hz-014833-it-s,sources/Hezareh_Dictionary_Index/source/Hezareh_Part_03_PDF_0501-0750.md#L16763-L16769,True
It's a matter,it's a matter,it's a matter,[],hz-031353,entry_candidate,raw_ocr,high,7,1567,,dictionary/I/I-08.md,hz-031353-it-s-a-matter,sources/Hezareh_Dictionary_Index/source/Hezareh_Part_07_PDF_1501-1750.md#L7877-L7897,True
It's been lovely to see,it's been lovely to see,it's been lovely to see,[],hz-021741,entry_candidate,raw_ocr,hint_only,4,974,,dictionary/I/I-08.md,hz-021741-it-s-been-lovely-to-see,sources/Hezareh_Dictionary_Index/source/Hezareh_Part_04_PDF_0751-1000.md#L25580-L25580,False
It's five minutes of two,it's five minutes of two,it's five minutes of two,[],hz-024490,entry_candidate,raw_ocr,high,5,1142,,dictionary/I/I-08.md,hz-024490-it-s-five-minutes-of-two,sources/Hezareh_Dictionary_Index/source/Hezareh_Part_05_PDF_1001-1250.md#L16440-L16447,True
it's high,it's high,it's high,[],hz-035098,entry_candidate,raw_ocr,high,8,1764,,dictionary/I/I-08.md,hz-035098-it-s-high,sources/Hezareh_Dictionary_Index/source/Hezareh_Part_08_PDF_1751-1976.md#L1758-L1775,True
It's not as,it's not as,it's not as,[],hz-000873,entry_candidate,raw_ocr,high,1,38,,dictionary/I/I-08.md,hz-000873-it-s-not-as,sources/Hezareh_Dictionary_Index/source/Hezareh_Part_01_PDF_0001-0250.md#L4740-L4770,True
It's nothing of the kind,it's nothing of the kind,it's nothing of the kind,[],hz-020267,entry_candidate,raw_ocr,high,4,890,,dictionary/I/I-08.md,hz-020267-it-s-nothing-of-the-kind,sources/Hezareh_Dictionary_Index/source/Hezareh_Part_04_PDF_0751-1000.md#L15970-L15986,True
It's rough,it's rough,it's rough,[],hz-013295,entry_candidate,raw_ocr,high,3,569,,dictionary/I/I-08.md,hz-013295-it-s-rough,sources/Hezareh_Dictionary_Index/source/Hezareh_Part_03_PDF_0501-0750.md#L7938-L7966,True
It's starting,it's starting,it's starting,[],hz-002909,entry_candidate,raw_ocr,high,1,111,,dictionary/I/I-08.md,hz-002909-it-s-starting,sources/Hezareh_Dictionary_Index/source/Hezareh_Part_01_PDF_0001-0250.md#L15122-L15125,True
ita,ita,ita,[],hz-019717,entry_candidate,raw_ocr,high,4,863,,dictionary/I/I-08.md,hz-019717-ita,sources/Hezareh_Dictionary_Index/source/Hezareh_Part_04_PDF_0751-1000.md#L12970-L12971,True
Italian,italian,italian,[],hz-019718,entry_candidate,raw_ocr,medium,4,863,,dictionary/I/I-08.md,hz-019718-italian,sources/Hezareh_Dictionary_Index/source/Hezareh_Part_04_PDF_0751-1000.md#L12972-L12974,True
italic,italic,italic,[],hz-019720,entry_candidate,raw_ocr,low,4,863,,dictionary/I/I-08.md,hz-019720-italic,sources/Hezareh_Dictionary_Index/source/Hezareh_Part_04_PDF_0751-1000.md#L12975-L12976,True
italicise,italicise,italicise,[],hz-019721,entry_candidate,raw_ocr,high,4,863,,dictionary/I/I-08.md,hz-019721-italicise,sources/Hezareh_Dictionary_Index/source/Hezareh_Part_04_PDF_0751-1000.md#L12977-L12977,True
italicize,italicize,italicize,[],hz-019722,entry_candidate,raw_ocr,medium,4,863,,dictionary/I/I-08.md,hz-019722-italicize,sources/Hezareh_Dictionary_Index/source/Hezareh_Part_04_PDF_0751-1000.md#L12978-L12979,True
italics,italics,italics,[],hz-019723,entry_candidate,raw_ocr,medium,4,863,,dictionary/I/I-08.md,hz-019723-italics,sources/Hezareh_Dictionary_Index/source/Hezareh_Part_04_PDF_0751-1000.md#L12980-L12990,True
itchiness,itchiness,itchiness,[],hz-019724,entry_candidate,raw_ocr,high,4,864,,dictionary/I/I-08.md,hz-019724-itchiness,sources/Hezareh_Dictionary_Index/source/Hezareh_Part_04_PDF_0751-1000.md#L13006-L13011,True
item,item,item,[],hz-019726,entry_candidate,raw_ocr,high,4,864,,dictionary/I/I-08.md,hz-019726-item,sources/Hezareh_Dictionary_Index/source/Hezareh_Part_04_PDF_0751-1000.md#L13013-L13017,True
itemise,itemise,itemise,[],hz-019727,entry_candidate,raw_ocr,high,4,864,,dictionary/I/I-08.md,hz-019727-itemise,sources/Hezareh_Dictionary_Index/source/Hezareh_Part_04_PDF_0751-1000.md#L13018-L13018,True
itemize,itemize,itemize,[],hz-019728,entry_candidate,raw_ocr,high,4,864,,dictionary/I/I-08.md,hz-019728-itemize,sources/Hezareh_Dictionary_Index/source/Hezareh_Part_04_PDF_0751-1000.md#L13019-L13021,True
iterate,iterate,iterate,[],hz-019729,entry_candidate,raw_ocr,high,4,864,,dictionary/I/I-08.md,hz-019729-iterate,sources/Hezareh_Dictionary_Index/source/Hezareh_Part_04_PDF_0751-1000.md#L13022-L13023,True
iteration,iteration,iteration,[],hz-019730,entry_candidate,raw_ocr,hint_only,4,864,,dictionary/I/I-08.md,hz-019730-iteration,sources/Hezareh_Dictionary_Index/source/Hezareh_Part_04_PDF_0751-1000.md#L12994-L12994,False
itinerant,itinerant,itinerant,[],hz-019731,entry_candidate,raw_ocr,high,4,864,,dictionary/I/I-08.md,hz-019731-itinerant,sources/Hezareh_Dictionary_Index/source/Hezareh_Part_04_PDF_0751-1000.md#L13024-L13026,True
itinerary,itinerary,itinerary,[],hz-019732,entry_candidate,raw_ocr,high,4,864,,dictionary/I/I-08.md,hz-019732-itinerary,sources/Hezareh_Dictionary_Index/source/Hezareh_Part_04_PDF_0751-1000.md#L13027-L13030,True
ITN,itn,itn,[],hz-019734,entry_candidate,raw_ocr,high,4,864,,dictionary/I/I-08.md,hz-019734-itn,sources/Hezareh_Dictionary_Index/source/Hezareh_Part_04_PDF_0751-1000.md#L13031-L13037,True
itrestle,itrestle,itrestle,[],hz-035793,entry_candidate,raw_ocr,hint_only,8,1795,,dictionary/I/I-08.md,hz-035793-itrestle,sources/Hezareh_Dictionary_Index/source/Hezareh_Part_08_PDF_1751-1976.md#L5420-L5420,False
itrestle-table,itrestle-table,itrestle-table,[],hz-035794,entry_candidate,raw_ocr,hint_only,8,1795,,dictionary/I/I-08.md,hz-035794-itrestle-table,sources/Hezareh_Dictionary_Index/source/Hezareh_Part_08_PDF_1751-1976.md#L5420-L5420,False
itrlad,itrlad,itrlad,[],hz-035795,entry_candidate,raw_ocr,hint_only,8,1795,,dictionary/I/I-08.md,hz-035795-itrlad,sources/Hezareh_Dictionary_Index/source/Hezareh_Part_08_PDF_1751-1976.md#L5420-L5420,False
itself,itself,itself,[],hz-019735,entry_candidate,raw_ocr,high,4,864,,dictionary/I/I-08.md,hz-019735-itself,sources/Hezareh_Dictionary_Index/source/Hezareh_Part_04_PDF_0751-1000.md#L13038-L13048,True
ITT,itt,itt,[],hz-019737,entry_candidate,raw_ocr,hint_only,4,864,,dictionary/I/I-08.md,hz-019737-itt,sources/Hezareh_Dictionary_Index/source/Hezareh_Part_04_PDF_0751-1000.md#L12994-L12994,False
ITV,itv,itv,[],hz-019738,entry_candidate,raw_ocr,high,4,864,,dictionary/I/I-08.md,hz-019738-itv,sources/Hezareh_Dictionary_Index/source/Hezareh_Part_04_PDF_0751-1000.md#L13057-L13059,True
IUD,iud,iud,[],hz-019739,entry_candidate,raw_ocr,high,4,864,,dictionary/I/I-08.md,hz-019739-iud,sources/Hezareh_Dictionary_Index/source/Hezareh_Part_04_PDF_0751-1000.md#L13060-L13062,True
Iuncheonvoucher,iuncheonvoucher,iuncheonvoucher,[],hz-021875,entry_candidate,raw_ocr,hint_only,4,980,,dictionary/I/I-08.md,hz-021875-iuncheonvoucher,sources/Hezareh_Dictionary_Index/source/Hezareh_Part_04_PDF_0751-1000.md#L26267-L26267,False
iusurp,iusurp,iusurp,[],hz-036779,entry_candidate,raw_ocr,hint_only,8,1857,,dictionary/I/I-08.md,hz-036779-iusurp,sources/Hezareh_Dictionary_Index/source/Hezareh_Part_08_PDF_1751-1976.md#L12730-L12730,False
ivacant,ivacant,ivacant,[],hz-036802,entry_candidate,raw_ocr,hint_only,8,1859,,dictionary/I/I-08.md,hz-036802-ivacant,sources/Hezareh_Dictionary_Index/source/Hezareh_Part_08_PDF_1751-1976.md#L12885-L12885,False
ivacantly,ivacantly,ivacantly,[],hz-036803,entry_candidate,raw_ocr,hint_only,8,1859,,dictionary/I/I-08.md,hz-036803-ivacantly,sources/Hezareh_Dictionary_Index/source/Hezareh_Part_08_PDF_1751-1976.md#L12885-L12885,False
iVacate,ivacate,ivacate,[],hz-036804,entry_candidate,raw_ocr,hint_only,8,1859,,dictionary/I/I-08.md,hz-036804-ivacate,sources/Hezareh_Dictionary_Index/source/Hezareh_Part_08_PDF_1751-1976.md#L12885-L12885,False
iValuables,ivaluables,ivaluables,[],hz-036870,entry_candidate,raw_ocr,hint_only,8,1861,,dictionary/I/I-08.md,hz-036870-ivaluables,sources/Hezareh_Dictionary_Index/source/Hezareh_Part_08_PDF_1751-1976.md#L13146-L13146,False
iValuation,ivaluation,ivaluation,[],hz-036871,entry_candidate,raw_ocr,hint_only,8,1861,,dictionary/I/I-08.md,hz-036871-ivaluation,sources/Hezareh_Dictionary_Index/source/Hezareh_Part_08_PDF_1751-1976.md#L13146-L13146,False
ivied,ivied,ivied,[],hz-019741,entry_candidate,raw_ocr,high,4,864,,dictionary/I/I-08.md,hz-019741-ivied,sources/Hezareh_Dictionary_Index/source/Hezareh_Part_04_PDF_0751-1000.md#L13063-L13064,True
ivory,ivory,ivory,[],hz-019742,entry_candidate,raw_ocr,high,4,864,,dictionary/I/I-08.md,hz-019742-ivory,sources/Hezareh_Dictionary_Index/source/Hezareh_Part_04_PDF_0751-1000.md#L13065-L13081,True
Ivory Coast,ivory coast,ivory coast,[],hz-019743,entry_candidate,raw_ocr,high,4,864,,dictionary/I/I-08.md,hz-019743-ivory-coast,sources/Hezareh_Dictionary_Index/source/Hezareh_Part_04_PDF_0751-1000.md#L13082-L13083,True
ivory tower,ivory tower,ivory tower,[],hz-019744,entry_candidate,raw_ocr,high,4,864,,dictionary/I/I-08.md,hz-019744-ivory-tower,sources/Hezareh_Dictionary_Index/source/Hezareh_Part_04_PDF_0751-1000.md#L13084-L13091,True
ivy,ivy,ivy,[],hz-019745,entry_candidate,raw_ocr,high,4,864,,dictionary/I/I-08.md,hz-019745-ivy,sources/Hezareh_Dictionary_Index/source/Hezareh_Part_04_PDF_0751-1000.md#L13049-L13056,True
Ivy League,ivy league,ivy league,[],hz-019746,entry_candidate,raw_ocr,high,4,864,,dictionary/I/I-08.md,hz-019746-ivy-league,sources/Hezareh_Dictionary_Index/source/Hezareh_Part_04_PDF_0751-1000.md#L13049-L13056,True
iwind-gauge,iwind-gauge,iwind-gauge,[],hz-038172,entry_candidate,raw_ocr,hint_only,8,1925,,dictionary/I/I-08.md,hz-038172-iwind-gauge,sources/Hezareh_Dictionary_Index/source/Hezareh_Part_08_PDF_1751-1976.md#L20565-L20565,False
iwindmilli'wmdiml,iwindmilli'wmdiml,iwindmilli'wmdiml,[],hz-038175,entry_candidate,raw_ocr,hint_only,8,1925,,dictionary/I/I-08.md,hz-038175-iwindmilli-wmdiml,sources/Hezareh_Dictionary_Index/source/Hezareh_Part_08_PDF_1751-1976.md#L20565-L20565,False
iwmd,iwmd,iwmd,[],hz-038160,entry_candidate,raw_ocr,hint_only,8,1924,,dictionary/I/I-08.md,hz-038160-iwmd,sources/Hezareh_Dictionary_Index/source/Hezareh_Part_08_PDF_1751-1976.md#L20451-L20451,False
