headword,normalized_headword,base_normalized_headword,aliases,record_id,record_type,verification_status,boundary_confidence,part,pdf_page,printed_page,file,anchor,source_pointer,entry_text_available
l shortcrust pastry,l shortcrust pastry,l shortcrust pastry,[],hz-031048,entry_candidate,raw_ocr,hint_only,7,1547,,dictionary/L/L-01.md,hz-031048-l-shortcrust-pastry,sources/Hezareh_Dictionary_Index/source/Hezareh_Part_07_PDF_1501-1750.md#L5495-L5495,False
L V,l v,l v,[],hz-021914,entry_candidate,raw_ocr,hint_only,4,981,,dictionary/L/L-01.md,hz-021914-l-v,sources/Hezareh_Dictionary_Index/source/Hezareh_Part_04_PDF_0751-1000.md#L26390-L26390,False
l wonder whether,l wonder whether,l wonder whether,[],hz-037936,entry_candidate,raw_ocr,hint_only,8,1912,,dictionary/L/L-01.md,hz-037936-l-wonder-whether,sources/Hezareh_Dictionary_Index/source/Hezareh_Part_08_PDF_1751-1976.md#L19028-L19028,False
LA,la,la,[],hz-020468,entry_candidate,raw_ocr,medium,4,901,,dictionary/L/L-01.md,hz-020468-la,sources/Hezareh_Dictionary_Index/source/Hezareh_Part_04_PDF_0751-1000.md#L17168-L17172,True
laager,laager,laager,[],hz-020469,entry_candidate,raw_ocr,hint_only,4,901,,dictionary/L/L-01.md,hz-020469-laager,sources/Hezareh_Dictionary_Index/source/Hezareh_Part_04_PDF_0751-1000.md#L17144-L17144,False
lab,lab,lab,[],hz-020470,entry_candidate,raw_ocr,medium,4,901,,dictionary/L/L-01.md,hz-020470-lab,sources/Hezareh_Dictionary_Index/source/Hezareh_Part_04_PDF_0751-1000.md#L17173-L17174,True
Lab,lab,lab,[],hz-020471,entry_candidate,raw_ocr,medium,4,901,,dictionary/L/L-01.md,hz-020471-lab,sources/Hezareh_Dictionary_Index/source/Hezareh_Part_04_PDF_0751-1000.md#L17173-L17174,True
label,label,label,[],hz-020472,entry_candidate,raw_ocr,high,4,901,,dictionary/L/L-01.md,hz-020472-label,sources/Hezareh_Dictionary_Index/source/Hezareh_Part_04_PDF_0751-1000.md#L17175-L17181,True
labia,labia,labia,[],hz-020473,entry_candidate,raw_ocr,medium,4,901,,dictionary/L/L-01.md,hz-020473-labia,sources/Hezareh_Dictionary_Index/source/Hezareh_Part_04_PDF_0751-1000.md#L17182-L17182,True
labial,labial,labial,[],hz-020474,entry_candidate,raw_ocr,low,4,901,,dictionary/L/L-01.md,hz-020474-labial,sources/Hezareh_Dictionary_Index/source/Hezareh_Part_04_PDF_0751-1000.md#L17183-L17185,True
labor,labor,labor,[],hz-020475,entry_candidate,raw_ocr,high,4,901,,dictionary/L/L-01.md,hz-020475-labor,sources/Hezareh_Dictionary_Index/source/Hezareh_Part_04_PDF_0751-1000.md#L17186-L17186,True
Labor Day,labor day,labor day,[],hz-020477,entry_candidate,raw_ocr,hint_only,4,901,,dictionary/L/L-01.md,hz-020477-labor-day,sources/Hezareh_Dictionary_Index/source/Hezareh_Part_04_PDF_0751-1000.md#L17144-L17144,False
labor union,labor union,labor union,[],hz-020483,entry_candidate,raw_ocr,high,4,901,,dictionary/L/L-01.md,hz-020483-labor-union,sources/Hezareh_Dictionary_Index/source/Hezareh_Part_04_PDF_0751-1000.md#L17206-L17231,True
laboratory,laboratory,laboratory,[],hz-020476,entry_candidate,raw_ocr,high,4,901,,dictionary/L/L-01.md,hz-020476-laboratory,sources/Hezareh_Dictionary_Index/source/Hezareh_Part_04_PDF_0751-1000.md#L17187-L17194,True
labored,labored,labored,[],hz-020478,entry_candidate,raw_ocr,high,4,901,,dictionary/L/L-01.md,hz-020478-labored,sources/Hezareh_Dictionary_Index/source/Hezareh_Part_04_PDF_0751-1000.md#L17195-L17195,True
laborer,laborer,laborer,[],hz-020479,entry_candidate,raw_ocr,high,4,901,,dictionary/L/L-01.md,hz-020479-laborer,sources/Hezareh_Dictionary_Index/source/Hezareh_Part_04_PDF_0751-1000.md#L17196-L17196,True
laboring,laboring,laboring,[],hz-020480,entry_candidate,raw_ocr,high,4,901,,dictionary/L/L-01.md,hz-020480-laboring,sources/Hezareh_Dictionary_Index/source/Hezareh_Part_04_PDF_0751-1000.md#L17197-L17197,True
laborious,laborious,laborious,[],hz-020481,entry_candidate,raw_ocr,medium,4,901,,dictionary/L/L-01.md,hz-020481-laborious,sources/Hezareh_Dictionary_Index/source/Hezareh_Part_04_PDF_0751-1000.md#L17198-L17202,True
laboriously,laboriously,laboriously,[],hz-020482,entry_candidate,raw_ocr,hint_only,4,901,,dictionary/L/L-01.md,hz-020482-laboriously,sources/Hezareh_Dictionary_Index/source/Hezareh_Part_04_PDF_0751-1000.md#L17144-L17144,False
laboriousneSS,laboriousness,laboriousness,[],hz-020467,entry_candidate,raw_ocr,medium,4,901,,dictionary/L/L-01.md,hz-020467-laboriousness,sources/Hezareh_Dictionary_Index/source/Hezareh_Part_04_PDF_0751-1000.md#L17203-L17205,True
Labour,labour,labour,[],hz-020484,entry_candidate,raw_ocr,high,4,902,,dictionary/L/L-01.md,hz-020484-labour,sources/Hezareh_Dictionary_Index/source/Hezareh_Part_04_PDF_0751-1000.md#L17258-L17260,True
labour camp,labour camp,labour camp,[],hz-020485,entry_candidate,raw_ocr,medium,4,902,,dictionary/L/L-01.md,hz-020485-labour-camp,sources/Hezareh_Dictionary_Index/source/Hezareh_Part_04_PDF_0751-1000.md#L17251-L17251,True
Labour Day,labour day,labour day,[],hz-020486,entry_candidate,raw_ocr,medium,4,902,,dictionary/L/L-01.md,hz-020486-labour-day,sources/Hezareh_Dictionary_Index/source/Hezareh_Part_04_PDF_0751-1000.md#L17252-L17255,True
Labour Exchange,labour exchange,labour exchange,[],hz-020488,entry_candidate,raw_ocr,high,4,902,,dictionary/L/L-01.md,hz-020488-labour-exchange,sources/Hezareh_Dictionary_Index/source/Hezareh_Part_04_PDF_0751-1000.md#L17258-L17260,True
labour force,labour force,labour force,[],hz-020489,entry_candidate,raw_ocr,low,4,902,,dictionary/L/L-01.md,hz-020489-labour-force,sources/Hezareh_Dictionary_Index/source/Hezareh_Part_04_PDF_0751-1000.md#L17261-L17261,True
Labour leaders,labour leaders,labour leaders,[],hz-020492,entry_candidate,raw_ocr,medium,4,902,,dictionary/L/L-01.md,hz-020492-labour-leaders,sources/Hezareh_Dictionary_Index/source/Hezareh_Part_04_PDF_0751-1000.md#L17269-L17271,True
labour market,labour market,labour market,[],hz-020493,entry_candidate,raw_ocr,hint_only,4,902,,dictionary/L/L-01.md,hz-020493-labour-market,sources/Hezareh_Dictionary_Index/source/Hezareh_Part_04_PDF_0751-1000.md#L17235-L17235,False
Labour Party,labour party,labour party,[],hz-020494,entry_candidate,raw_ocr,high,4,902,,dictionary/L/L-01.md,hz-020494-labour-party,sources/Hezareh_Dictionary_Index/source/Hezareh_Part_04_PDF_0751-1000.md#L17272-L17273,True
labour shortaqe,labour shortaqe,labour shortaqe,[],hz-020496,entry_candidate,raw_ocr,hint_only,4,902,,dictionary/L/L-01.md,hz-020496-labour-shortaqe,sources/Hezareh_Dictionary_Index/source/Hezareh_Part_04_PDF_0751-1000.md#L17235-L17235,False
labour union,labour union,labour union,[],hz-020497,entry_candidate,raw_ocr,high,4,902,,dictionary/L/L-01.md,hz-020497-labour-union,sources/Hezareh_Dictionary_Index/source/Hezareh_Part_04_PDF_0751-1000.md#L17278-L17278,True
Labour vote,labour vote,labour vote,[],hz-020498,entry_candidate,raw_ocr,high,4,902,,dictionary/L/L-01.md,hz-020498-labour-vote,sources/Hezareh_Dictionary_Index/source/Hezareh_Part_04_PDF_0751-1000.md#L17279-L17280,True
labour-saving,labour-saving,labour-saving,[],hz-020495,entry_candidate,raw_ocr,high,4,902,,dictionary/L/L-01.md,hz-020495-labour-saving,sources/Hezareh_Dictionary_Index/source/Hezareh_Part_04_PDF_0751-1000.md#L17274-L17277,True
labourer,labourer,labourer,[],hz-020487,entry_candidate,raw_ocr,medium,4,902,,dictionary/L/L-01.md,hz-020487-labourer,sources/Hezareh_Dictionary_Index/source/Hezareh_Part_04_PDF_0751-1000.md#L17256-L17257,True
labouring,labouring,labouring,[],hz-020490,entry_candidate,raw_ocr,low,4,902,,dictionary/L/L-01.md,hz-020490-labouring,sources/Hezareh_Dictionary_Index/source/Hezareh_Part_04_PDF_0751-1000.md#L17262-L17266,True
labourite,labourite,labourite,[],hz-020491,entry_candidate,raw_ocr,medium,4,902,,dictionary/L/L-01.md,hz-020491-labourite,sources/Hezareh_Dictionary_Index/source/Hezareh_Part_04_PDF_0751-1000.md#L17267-L17268,True
laburnum,laburnum,laburnum,[],hz-020499,entry_candidate,raw_ocr,medium,4,902,,dictionary/L/L-01.md,hz-020499-laburnum,sources/Hezareh_Dictionary_Index/source/Hezareh_Part_04_PDF_0751-1000.md#L17281-L17282,True
labyrinth,labyrinth,labyrinth,[],hz-020500,entry_candidate,raw_ocr,medium,4,902,,dictionary/L/L-01.md,hz-020500-labyrinth,sources/Hezareh_Dictionary_Index/source/Hezareh_Part_04_PDF_0751-1000.md#L17283-L17286,True
labyrinthine,labyrinthine,labyrinthine,[],hz-020501,entry_candidate,raw_ocr,high,4,902,,dictionary/L/L-01.md,hz-020501-labyrinthine,sources/Hezareh_Dictionary_Index/source/Hezareh_Part_04_PDF_0751-1000.md#L17287-L17303,True
lace,lace,lace,[],hz-020502,entry_candidate,raw_ocr,high,4,902,,dictionary/L/L-01.md,hz-020502-lace,sources/Hezareh_Dictionary_Index/source/Hezareh_Part_04_PDF_0751-1000.md#L17304-L17311,True
lacerate,lacerate,lacerate,[],hz-020503,entry_candidate,raw_ocr,high,4,902,,dictionary/L/L-01.md,hz-020503-lacerate,sources/Hezareh_Dictionary_Index/source/Hezareh_Part_04_PDF_0751-1000.md#L17312-L17317,True
laceration,laceration,laceration,[],hz-020504,entry_candidate,raw_ocr,high,4,902,,dictionary/L/L-01.md,hz-020504-laceration,sources/Hezareh_Dictionary_Index/source/Hezareh_Part_04_PDF_0751-1000.md#L17318-L17319,True
lachrymal,lachrymal,lachrymal,[],hz-020505,entry_candidate,raw_ocr,high,4,902,,dictionary/L/L-01.md,hz-020505-lachrymal,sources/Hezareh_Dictionary_Index/source/Hezareh_Part_04_PDF_0751-1000.md#L17320-L17321,True
lachrymose,lachrymose,lachrymose,[],hz-020506,entry_candidate,raw_ocr,high,4,902,,dictionary/L/L-01.md,hz-020506-lachrymose,sources/Hezareh_Dictionary_Index/source/Hezareh_Part_04_PDF_0751-1000.md#L17322-L17324,True
lack,lack,lack,[],hz-020507,entry_candidate,raw_ocr,high,4,902,,dictionary/L/L-01.md,hz-020507-lack,sources/Hezareh_Dictionary_Index/source/Hezareh_Part_04_PDF_0751-1000.md#L17325-L17348,True
lackey,lackey,lackey,[],hz-020509,entry_candidate,raw_ocr,medium,4,903,,dictionary/L/L-01.md,hz-020509-lackey,sources/Hezareh_Dictionary_Index/source/Hezareh_Part_04_PDF_0751-1000.md#L17364-L17365,True
lackluster,lackluster,lackluster,[],hz-020510,entry_candidate,raw_ocr,high,4,903,,dictionary/L/L-01.md,hz-020510-lackluster,sources/Hezareh_Dictionary_Index/source/Hezareh_Part_04_PDF_0751-1000.md#L17366-L17366,True
lacklustre,lacklustre,lacklustre,[],hz-020511,entry_candidate,raw_ocr,medium,4,903,,dictionary/L/L-01.md,hz-020511-lacklustre,sources/Hezareh_Dictionary_Index/source/Hezareh_Part_04_PDF_0751-1000.md#L17367-L17370,True
laconically,laconically,laconically,[],hz-020513,entry_candidate,raw_ocr,medium,4,903,,dictionary/L/L-01.md,hz-020513-laconically,sources/Hezareh_Dictionary_Index/source/Hezareh_Part_04_PDF_0751-1000.md#L17371-L17372,True
laconicism,laconicism,laconicism,[],hz-020514,entry_candidate,raw_ocr,high,4,903,,dictionary/L/L-01.md,hz-020514-laconicism,sources/Hezareh_Dictionary_Index/source/Hezareh_Part_04_PDF_0751-1000.md#L17373-L17379,True
laconicMkonrk,laconicmkonrk,laconicmkonrk,[],hz-020512,entry_candidate,raw_ocr,hint_only,4,903,,dictionary/L/L-01.md,hz-020512-laconicmkonrk,sources/Hezareh_Dictionary_Index/source/Hezareh_Part_04_PDF_0751-1000.md#L17352-L17352,False
laconism,laconism,laconism,[],hz-020515,entry_candidate,raw_ocr,hint_only,4,903,,dictionary/L/L-01.md,hz-020515-laconism,sources/Hezareh_Dictionary_Index/source/Hezareh_Part_04_PDF_0751-1000.md#L17352-L17352,False
lacquer,lacquer,lacquer,[],hz-020516,entry_candidate,raw_ocr,hint_only,4,903,,dictionary/L/L-01.md,hz-020516-lacquer,sources/Hezareh_Dictionary_Index/source/Hezareh_Part_04_PDF_0751-1000.md#L17352-L17352,False
lacrosse,lacrosse,lacrosse,[],hz-020517,entry_candidate,raw_ocr,medium,4,903,,dictionary/L/L-01.md,hz-020517-lacrosse,sources/Hezareh_Dictionary_Index/source/Hezareh_Part_04_PDF_0751-1000.md#L17380-L17382,True
lactic acid,lactic acid,lactic acid,[],hz-020518,entry_candidate,raw_ocr,medium,4,903,,dictionary/L/L-01.md,hz-020518-lactic-acid,sources/Hezareh_Dictionary_Index/source/Hezareh_Part_04_PDF_0751-1000.md#L17383-L17383,True
lactose,lactose,lactose,[],hz-020519,entry_candidate,raw_ocr,medium,4,903,,dictionary/L/L-01.md,hz-020519-lactose,sources/Hezareh_Dictionary_Index/source/Hezareh_Part_04_PDF_0751-1000.md#L17384-L17384,True
lacuna,lacuna,lacuna,[],hz-020520,entry_candidate,raw_ocr,medium,4,903,,dictionary/L/L-01.md,hz-020520-lacuna,sources/Hezareh_Dictionary_Index/source/Hezareh_Part_04_PDF_0751-1000.md#L17385-L17386,True
lacunae,lacunae,lacunae,[],hz-020521,entry_candidate,raw_ocr,high,4,903,,dictionary/L/L-01.md,hz-020521-lacunae,sources/Hezareh_Dictionary_Index/source/Hezareh_Part_04_PDF_0751-1000.md#L17387-L17387,True
lacy,lacy,lacy,[],hz-020522,entry_candidate,raw_ocr,medium,4,903,,dictionary/L/L-01.md,hz-020522-lacy,sources/Hezareh_Dictionary_Index/source/Hezareh_Part_04_PDF_0751-1000.md#L17388-L17389,True
lad,lad,lad,[],hz-020523,entry_candidate,raw_ocr,medium,4,903,,dictionary/L/L-01.md,hz-020523-lad,sources/Hezareh_Dictionary_Index/source/Hezareh_Part_04_PDF_0751-1000.md#L17390-L17392,True
ladder,ladder,ladder,[],hz-020524,entry_candidate,raw_ocr,low,4,903,,dictionary/L/L-01.md,hz-020524-ladder,sources/Hezareh_Dictionary_Index/source/Hezareh_Part_04_PDF_0751-1000.md#L17393-L17397,True
laddie,laddie,laddie,[],hz-020525,entry_candidate,raw_ocr,low,4,903,,dictionary/L/L-01.md,hz-020525-laddie,sources/Hezareh_Dictionary_Index/source/Hezareh_Part_04_PDF_0751-1000.md#L17398-L17399,True
lade,lade,lade,[],hz-020526,entry_candidate,raw_ocr,medium,4,903,,dictionary/L/L-01.md,hz-020526-lade,sources/Hezareh_Dictionary_Index/source/Hezareh_Part_04_PDF_0751-1000.md#L17400-L17404,True
laden,laden,laden,[],hz-020527,entry_candidate,raw_ocr,high,4,903,,dictionary/L/L-01.md,hz-020527-laden,sources/Hezareh_Dictionary_Index/source/Hezareh_Part_04_PDF_0751-1000.md#L17405-L17414,True
ladies' man,ladies' man,ladies' man,[],hz-020528,entry_candidate,raw_ocr,hint_only,4,903,,dictionary/L/L-01.md,hz-020528-ladies-man,sources/Hezareh_Dictionary_Index/source/Hezareh_Part_04_PDF_0751-1000.md#L17352-L17352,False
lading,lading,lading,[],hz-020529,entry_candidate,raw_ocr,low,4,903,,dictionary/L/L-01.md,hz-020529-lading,sources/Hezareh_Dictionary_Index/source/Hezareh_Part_04_PDF_0751-1000.md#L17415-L17417,True
ladle,ladle,ladle,[],hz-020530,entry_candidate,raw_ocr,low,4,903,,dictionary/L/L-01.md,hz-020530-ladle,sources/Hezareh_Dictionary_Index/source/Hezareh_Part_04_PDF_0751-1000.md#L17418-L17420,True
lady,lady,lady,[],hz-020531,entry_candidate,raw_ocr,low,4,903,,dictionary/L/L-01.md,hz-020531-lady,sources/Hezareh_Dictionary_Index/source/Hezareh_Part_04_PDF_0751-1000.md#L17421-L17446,True
Lady chapel,lady chapel,lady chapel,[],hz-020535,entry_candidate,raw_ocr,high,4,904,,dictionary/L/L-01.md,hz-020535-lady-chapel,sources/Hezareh_Dictionary_Index/source/Hezareh_Part_04_PDF_0751-1000.md#L17489-L17491,True
Lady Day,lady day,lady day,[],hz-020536,entry_candidate,raw_ocr,medium,4,904,,dictionary/L/L-01.md,hz-020536-lady-day,sources/Hezareh_Dictionary_Index/source/Hezareh_Part_04_PDF_0751-1000.md#L17492-L17493,True
lady friend,lady friend,lady friend,[],hz-020537,entry_candidate,raw_ocr,medium,4,904,,dictionary/L/L-01.md,hz-020537-lady-friend,sources/Hezareh_Dictionary_Index/source/Hezareh_Part_04_PDF_0751-1000.md#L17494-L17495,True
lady's man,lady's man,lady's man,[],hz-020544,entry_candidate,raw_ocr,hint_only,4,904,,dictionary/L/L-01.md,hz-020544-lady-s-man,sources/Hezareh_Dictionary_Index/source/Hezareh_Part_04_PDF_0751-1000.md#L17459-L17459,False
lady's-maid,lady's-maid,lady's-maid,[],hz-020543,entry_candidate,raw_ocr,low,4,904,,dictionary/L/L-01.md,hz-020543-lady-s-maid,sources/Hezareh_Dictionary_Index/source/Hezareh_Part_04_PDF_0751-1000.md#L17505-L17513,True
lady-in-waiting,lady-in-waiting,lady-in-waiting,[],hz-020538,entry_candidate,raw_ocr,medium,4,904,,dictionary/L/L-01.md,hz-020538-lady-in-waiting,sources/Hezareh_Dictionary_Index/source/Hezareh_Part_04_PDF_0751-1000.md#L17496-L17497,True
lady-killer,lady-killer,lady-killer,[],hz-020539,entry_candidate,raw_ocr,low,4,904,,dictionary/L/L-01.md,hz-020539-lady-killer,sources/Hezareh_Dictionary_Index/source/Hezareh_Part_04_PDF_0751-1000.md#L17498-L17502,True
ladybird,ladybird,ladybird,[],hz-020533,entry_candidate,raw_ocr,high,4,904,,dictionary/L/L-01.md,hz-020533-ladybird,sources/Hezareh_Dictionary_Index/source/Hezareh_Part_04_PDF_0751-1000.md#L17487-L17487,True
ladybug,ladybug,ladybug,[],hz-020534,entry_candidate,raw_ocr,high,4,904,,dictionary/L/L-01.md,hz-020534-ladybug,sources/Hezareh_Dictionary_Index/source/Hezareh_Part_04_PDF_0751-1000.md#L17488-L17488,True
ladylike,ladylike,ladylike,[],hz-020540,entry_candidate,raw_ocr,low,4,904,,dictionary/L/L-01.md,hz-020540-ladylike,sources/Hezareh_Dictionary_Index/source/Hezareh_Part_04_PDF_0751-1000.md#L17478-L17486,True
ladyship,ladyship,ladyship,[],hz-020541,entry_candidate,raw_ocr,low,4,904,,dictionary/L/L-01.md,hz-020541-ladyship,sources/Hezareh_Dictionary_Index/source/Hezareh_Part_04_PDF_0751-1000.md#L17503-L17504,True
lag,lag,lag,[],hz-020545,entry_candidate,raw_ocr,medium,4,904,,dictionary/L/L-01.md,hz-020545-lag,sources/Hezareh_Dictionary_Index/source/Hezareh_Part_04_PDF_0751-1000.md#L17514-L17519,True
lager,lager,lager,[],hz-020546,entry_candidate,raw_ocr,high,4,904,,dictionary/L/L-01.md,hz-020546-lager,sources/Hezareh_Dictionary_Index/source/Hezareh_Part_04_PDF_0751-1000.md#L17520-L17521,True
lager lout,lager lout,lager lout,[],hz-020547,entry_candidate,raw_ocr,high,4,904,,dictionary/L/L-01.md,hz-020547-lager-lout,sources/Hezareh_Dictionary_Index/source/Hezareh_Part_04_PDF_0751-1000.md#L17520-L17521,True
laggard,laggard,laggard,[],hz-020548,entry_candidate,raw_ocr,high,4,904,,dictionary/L/L-01.md,hz-020548-laggard,sources/Hezareh_Dictionary_Index/source/Hezareh_Part_04_PDF_0751-1000.md#L17522-L17529,True
lagging,lagging,lagging,[],hz-020549,entry_candidate,raw_ocr,high,4,904,,dictionary/L/L-01.md,hz-020549-lagging,sources/Hezareh_Dictionary_Index/source/Hezareh_Part_04_PDF_0751-1000.md#L17531-L17531,True
lagoon,lagoon,lagoon,[],hz-020550,entry_candidate,raw_ocr,high,4,904,,dictionary/L/L-01.md,hz-020550-lagoon,sources/Hezareh_Dictionary_Index/source/Hezareh_Part_04_PDF_0751-1000.md#L17532-L17533,True
laic,laic,laic,[],hz-020551,entry_candidate,raw_ocr,high,4,904,,dictionary/L/L-01.md,hz-020551-laic,sources/Hezareh_Dictionary_Index/source/Hezareh_Part_04_PDF_0751-1000.md#L17534-L17538,True
laicize,laicize,laicize,[],hz-020552,entry_candidate,raw_ocr,low,4,904,,dictionary/L/L-01.md,hz-020552-laicize,sources/Hezareh_Dictionary_Index/source/Hezareh_Part_04_PDF_0751-1000.md#L17539-L17541,True
laid,laid,laid,[],hz-020553,entry_candidate,raw_ocr,high,4,904,,dictionary/L/L-01.md,hz-020553-laid,sources/Hezareh_Dictionary_Index/source/Hezareh_Part_04_PDF_0751-1000.md#L17542-L17542,True
laid-back,laid-back,laid-back,[],hz-020554,entry_candidate,raw_ocr,medium,4,904,,dictionary/L/L-01.md,hz-020554-laid-back,sources/Hezareh_Dictionary_Index/source/Hezareh_Part_04_PDF_0751-1000.md#L17543-L17546,True
lain I lem,lain i lem,lain i lem,[],hz-020555,entry_candidate,raw_ocr,hint_only,4,904,,dictionary/L/L-01.md,hz-020555-lain-i-lem,sources/Hezareh_Dictionary_Index/source/Hezareh_Part_04_PDF_0751-1000.md#L17459-L17459,False
lair,lair,lair,[],hz-020556,entry_candidate,raw_ocr,medium,4,904,,dictionary/L/L-01.md,hz-020556-lair,sources/Hezareh_Dictionary_Index/source/Hezareh_Part_04_PDF_0751-1000.md#L17547-L17548,True
laird,laird,laird,[],hz-020557,entry_candidate,raw_ocr,low,4,904,,dictionary/L/L-01.md,hz-020557-laird,sources/Hezareh_Dictionary_Index/source/Hezareh_Part_04_PDF_0751-1000.md#L17549-L17550,True
laisser-faire,laisser-faire,laisser-faire,[],hz-020558,entry_candidate,raw_ocr,high,4,904,,dictionary/L/L-01.md,hz-020558-laisser-faire,sources/Hezareh_Dictionary_Index/source/Hezareh_Part_04_PDF_0751-1000.md#L17551-L17554,True
laissez-faire,laissez-faire,laissez-faire,[],hz-020559,entry_candidate,raw_ocr,low,4,904,,dictionary/L/L-01.md,hz-020559-laissez-faire,sources/Hezareh_Dictionary_Index/source/Hezareh_Part_04_PDF_0751-1000.md#L17555-L17555,True
laity,laity,laity,[],hz-020560,entry_candidate,raw_ocr,medium,4,904,,dictionary/L/L-01.md,hz-020560-laity,sources/Hezareh_Dictionary_Index/source/Hezareh_Part_04_PDF_0751-1000.md#L17556-L17560,True
lake,lake,lake,[],hz-020561,entry_candidate,raw_ocr,high,4,904,,dictionary/L/L-01.md,hz-020561-lake,sources/Hezareh_Dictionary_Index/source/Hezareh_Part_04_PDF_0751-1000.md#L17561-L17563,True
Lake District,lake district,lake district,[],hz-020562,entry_candidate,raw_ocr,high,4,904,,dictionary/L/L-01.md,hz-020562-lake-district,sources/Hezareh_Dictionary_Index/source/Hezareh_Part_04_PDF_0751-1000.md#L17561-L17563,True
lake dweller,lake dweller,lake dweller,[],hz-020563,entry_candidate,raw_ocr,medium,4,904,,dictionary/L/L-01.md,hz-020563-lake-dweller,sources/Hezareh_Dictionary_Index/source/Hezareh_Part_04_PDF_0751-1000.md#L17564-L17565,True
lake dwelling,lake dwelling,lake dwelling,[],hz-020564,entry_candidate,raw_ocr,medium,4,904,,dictionary/L/L-01.md,hz-020564-lake-dwelling,sources/Hezareh_Dictionary_Index/source/Hezareh_Part_04_PDF_0751-1000.md#L17566-L17567,True
Lake Poets,lake poets,lake poets,[],hz-020565,entry_candidate,raw_ocr,high,4,904,,dictionary/L/L-01.md,hz-020565-lake-poets,sources/Hezareh_Dictionary_Index/source/Hezareh_Part_04_PDF_0751-1000.md#L17568-L17569,True
Lakes,lakes,lakes,[],hz-020566,entry_candidate,raw_ocr,high,4,904,,dictionary/L/L-01.md,hz-020566-lakes,sources/Hezareh_Dictionary_Index/source/Hezareh_Part_04_PDF_0751-1000.md#L17570-L17572,True
lakh,lakh,lakh,[],hz-020567,entry_candidate,raw_ocr,medium,4,904,,dictionary/L/L-01.md,hz-020567-lakh,sources/Hezareh_Dictionary_Index/source/Hezareh_Part_04_PDF_0751-1000.md#L17573-L17583,True
lam,lam,lam,[],hz-020568,entry_candidate,raw_ocr,high,4,904,,dictionary/L/L-01.md,hz-020568-lam,sources/Hezareh_Dictionary_Index/source/Hezareh_Part_04_PDF_0751-1000.md#L17530-L17530,True
lama,lama,lama,[],hz-020569,entry_candidate,raw_ocr,medium,4,905,,dictionary/L/L-01.md,hz-020569-lama,sources/Hezareh_Dictionary_Index/source/Hezareh_Part_04_PDF_0751-1000.md#L17601-L17601,True
lamasery,lamasery,lamasery,[],hz-020570,entry_candidate,raw_ocr,high,4,905,,dictionary/L/L-01.md,hz-020570-lamasery,sources/Hezareh_Dictionary_Index/source/Hezareh_Part_04_PDF_0751-1000.md#L17602-L17603,True
lamb,lamb,lamb,[],hz-020571,entry_candidate,raw_ocr,medium,4,905,,dictionary/L/L-01.md,hz-020571-lamb,sources/Hezareh_Dictionary_Index/source/Hezareh_Part_04_PDF_0751-1000.md#L17604-L17608,True
lambast,lambast,lambast,[],hz-020575,entry_candidate,raw_ocr,high,4,905,,dictionary/L/L-01.md,hz-020575-lambast,sources/Hezareh_Dictionary_Index/source/Hezareh_Part_04_PDF_0751-1000.md#L17614-L17614,True
lambaste,lambaste,lambaste,[],hz-020574,entry_candidate,raw_ocr,medium,4,905,,dictionary/L/L-01.md,hz-020574-lambaste,sources/Hezareh_Dictionary_Index/source/Hezareh_Part_04_PDF_0751-1000.md#L17611-L17613,True
lambda,lambda,lambda,[],hz-020576,entry_candidate,raw_ocr,low,4,905,,dictionary/L/L-01.md,hz-020576-lambda,sources/Hezareh_Dictionary_Index/source/Hezareh_Part_04_PDF_0751-1000.md#L17615-L17615,True
lambency,lambency,lambency,[],hz-020577,entry_candidate,raw_ocr,medium,4,905,,dictionary/L/L-01.md,hz-020577-lambency,sources/Hezareh_Dictionary_Index/source/Hezareh_Part_04_PDF_0751-1000.md#L17616-L17622,True
lambent,lambent,lambent,[],hz-020578,entry_candidate,raw_ocr,hint_only,4,905,,dictionary/L/L-01.md,hz-020578-lambent,sources/Hezareh_Dictionary_Index/source/Hezareh_Part_04_PDF_0751-1000.md#L17587-L17587,False
lambkin,lambkin,lambkin,[],hz-020579,entry_candidate,raw_ocr,medium,4,905,,dictionary/L/L-01.md,hz-020579-lambkin,sources/Hezareh_Dictionary_Index/source/Hezareh_Part_04_PDF_0751-1000.md#L17623-L17623,True
lambskin,lambskin,lambskin,[],hz-020580,entry_candidate,raw_ocr,medium,4,905,,dictionary/L/L-01.md,hz-020580-lambskin,sources/Hezareh_Dictionary_Index/source/Hezareh_Part_04_PDF_0751-1000.md#L17624-L17624,True
lambswool,lambswool,lambswool,[],hz-020581,entry_candidate,raw_ocr,medium,4,905,,dictionary/L/L-01.md,hz-020581-lambswool,sources/Hezareh_Dictionary_Index/source/Hezareh_Part_04_PDF_0751-1000.md#L17625-L17626,True
lame,lame,lame,[],hz-020582,entry_candidate,raw_ocr,medium,4,905,,dictionary/L/L-01.md,hz-020582-lame,sources/Hezareh_Dictionary_Index/source/Hezareh_Part_04_PDF_0751-1000.md#L17627-L17635,True
lamely,lamely,lamely,[],hz-020583,entry_candidate,raw_ocr,hint_only,4,905,,dictionary/L/L-01.md,hz-020583-lamely,sources/Hezareh_Dictionary_Index/source/Hezareh_Part_04_PDF_0751-1000.md#L17587-L17587,False
lameness,lameness,lameness,[],hz-020584,entry_candidate,raw_ocr,medium,4,905,,dictionary/L/L-01.md,hz-020584-lameness,sources/Hezareh_Dictionary_Index/source/Hezareh_Part_04_PDF_0751-1000.md#L17636-L17637,True
lament,lament,lament,[],hz-020585,entry_candidate,raw_ocr,medium,4,905,,dictionary/L/L-01.md,hz-020585-lament,sources/Hezareh_Dictionary_Index/source/Hezareh_Part_04_PDF_0751-1000.md#L17638-L17648,True
lamentable,lamentable,lamentable,[],hz-020586,entry_candidate,raw_ocr,medium,4,905,,dictionary/L/L-01.md,hz-020586-lamentable,sources/Hezareh_Dictionary_Index/source/Hezareh_Part_04_PDF_0751-1000.md#L17649-L17651,True
lamentably,lamentably,lamentably,[],hz-020587,entry_candidate,raw_ocr,low,4,905,,dictionary/L/L-01.md,hz-020587-lamentably,sources/Hezareh_Dictionary_Index/source/Hezareh_Part_04_PDF_0751-1000.md#L17652-L17654,True
lamentation,lamentation,lamentation,[],hz-020588,entry_candidate,raw_ocr,medium,4,905,,dictionary/L/L-01.md,hz-020588-lamentation,sources/Hezareh_Dictionary_Index/source/Hezareh_Part_04_PDF_0751-1000.md#L17655-L17662,True
lamented,lamented,lamented,[],hz-020589,entry_candidate,raw_ocr,hint_only,4,905,,dictionary/L/L-01.md,hz-020589-lamented,sources/Hezareh_Dictionary_Index/source/Hezareh_Part_04_PDF_0751-1000.md#L17587-L17587,False
laminate,laminate,laminate,[],hz-020590,entry_candidate,raw_ocr,medium,4,905,,dictionary/L/L-01.md,hz-020590-laminate,sources/Hezareh_Dictionary_Index/source/Hezareh_Part_04_PDF_0751-1000.md#L17663-L17663,True
laminated,laminated,laminated,[],hz-020591,entry_candidate,raw_ocr,medium,4,905,,dictionary/L/L-01.md,hz-020591-laminated,sources/Hezareh_Dictionary_Index/source/Hezareh_Part_04_PDF_0751-1000.md#L17664-L17665,True
lammas,lammas,lammas,[],hz-020592,entry_candidate,raw_ocr,medium,4,905,,dictionary/L/L-01.md,hz-020592-lammas,sources/Hezareh_Dictionary_Index/source/Hezareh_Part_04_PDF_0751-1000.md#L17666-L17667,True
lamp,lamp,lamp,[],hz-020593,entry_candidate,raw_ocr,medium,4,905,,dictionary/L/L-01.md,hz-020593-lamp,sources/Hezareh_Dictionary_Index/source/Hezareh_Part_04_PDF_0751-1000.md#L17668-L17668,True
lamp-black,lamp-black,lamp-black,[],hz-020594,entry_candidate,raw_ocr,medium,4,905,,dictionary/L/L-01.md,hz-020594-lamp-black,sources/Hezareh_Dictionary_Index/source/Hezareh_Part_04_PDF_0751-1000.md#L17669-L17669,True
lamplight,lamplight,lamplight,[],hz-020595,entry_candidate,raw_ocr,medium,4,905,,dictionary/L/L-01.md,hz-020595-lamplight,sources/Hezareh_Dictionary_Index/source/Hezareh_Part_04_PDF_0751-1000.md#L17670-L17671,True
lamplighter,lamplighter,lamplighter,[],hz-020596,entry_candidate,raw_ocr,medium,4,905,,dictionary/L/L-01.md,hz-020596-lamplighter,sources/Hezareh_Dictionary_Index/source/Hezareh_Part_04_PDF_0751-1000.md#L17672-L17674,True
lamppost,lamppost,lamppost,[],hz-020597,entry_candidate,raw_ocr,medium,4,905,,dictionary/L/L-01.md,hz-020597-lamppost,sources/Hezareh_Dictionary_Index/source/Hezareh_Part_04_PDF_0751-1000.md#L17675-L17675,True
lamprey,lamprey,lamprey,[],hz-020598,entry_candidate,raw_ocr,medium,4,905,,dictionary/L/L-01.md,hz-020598-lamprey,sources/Hezareh_Dictionary_Index/source/Hezareh_Part_04_PDF_0751-1000.md#L17676-L17677,True
lampshade,lampshade,lampshade,[],hz-020599,entry_candidate,raw_ocr,high,4,905,,dictionary/L/L-01.md,hz-020599-lampshade,sources/Hezareh_Dictionary_Index/source/Hezareh_Part_04_PDF_0751-1000.md#L17678-L17679,True
LAN,lan,lan,[],hz-020600,entry_candidate,raw_ocr,medium,4,905,,dictionary/L/L-01.md,hz-020600-lan,sources/Hezareh_Dictionary_Index/source/Hezareh_Part_04_PDF_0751-1000.md#L17680-L17686,True
lance-corporal,lance-corporal,lance-corporal,[],hz-020601,entry_candidate,raw_ocr,hint_only,4,905,,dictionary/L/L-01.md,hz-020601-lance-corporal,sources/Hezareh_Dictionary_Index/source/Hezareh_Part_04_PDF_0751-1000.md#L17587-L17587,False
lancer,lancer,lancer,[],hz-020602,entry_candidate,raw_ocr,medium,4,905,,dictionary/L/L-01.md,hz-020602-lancer,sources/Hezareh_Dictionary_Index/source/Hezareh_Part_04_PDF_0751-1000.md#L17687-L17687,True
lancers,lancers,lancers,[],hz-020603,entry_candidate,raw_ocr,high,4,905,,dictionary/L/L-01.md,hz-020603-lancers,sources/Hezareh_Dictionary_Index/source/Hezareh_Part_04_PDF_0751-1000.md#L17688-L17692,True
lancet,lancet,lancet,[],hz-020604,entry_candidate,raw_ocr,low,4,905,,dictionary/L/L-01.md,hz-020604-lancet,sources/Hezareh_Dictionary_Index/source/Hezareh_Part_04_PDF_0751-1000.md#L17693-L17695,True
land breeze,land breeze,land breeze,[],hz-020611,entry_candidate,raw_ocr,high,4,906,,dictionary/L/L-01.md,hz-020611-land-breeze,sources/Hezareh_Dictionary_Index/source/Hezareh_Part_04_PDF_0751-1000.md#L17774-L17774,True
land forces,land forces,land forces,[],hz-020614,entry_candidate,raw_ocr,high,4,906,,dictionary/L/L-01.md,hz-020614-land-forces,sources/Hezareh_Dictionary_Index/source/Hezareh_Part_04_PDF_0751-1000.md#L17785-L17786,True
land mass,land mass,land mass,[],hz-020633,entry_candidate,raw_ocr,medium,4,907,,dictionary/L/L-01.md,hz-020633-land-mass,sources/Hezareh_Dictionary_Index/source/Hezareh_Part_04_PDF_0751-1000.md#L17840-L17841,True
land office,land office,land office,[],hz-020635,entry_candidate,raw_ocr,medium,4,907,,dictionary/L/L-01.md,hz-020635-land-office,sources/Hezareh_Dictionary_Index/source/Hezareh_Part_04_PDF_0751-1000.md#L17843-L17844,True
Land Rover,land rover,land rover,[],hz-020638,entry_candidate,raw_ocr,hint_only,4,907,,dictionary/L/L-01.md,hz-020638-land-rover,sources/Hezareh_Dictionary_Index/source/Hezareh_Part_04_PDF_0751-1000.md#L17814-L17814,False
land-agent,land-agent,land-agent,[],hz-020607,entry_candidate,raw_ocr,high,4,906,,dictionary/L/L-01.md,hz-020607-land-agent,sources/Hezareh_Dictionary_Index/source/Hezareh_Part_04_PDF_0751-1000.md#L17767-L17768,True
land-based,land-based,land-based,[],hz-020609,entry_candidate,raw_ocr,high,4,906,,dictionary/L/L-01.md,hz-020609-land-based,sources/Hezareh_Dictionary_Index/source/Hezareh_Part_04_PDF_0751-1000.md#L17770-L17771,True
land-based aircraft,land-based aircraft,land-based aircraft,[],hz-020610,entry_candidate,raw_ocr,high,4,906,,dictionary/L/L-01.md,hz-020610-land-based-aircraft,sources/Hezareh_Dictionary_Index/source/Hezareh_Part_04_PDF_0751-1000.md#L17772-L17773,True
land-form,land-form,land-form,[],hz-020623,entry_candidate,raw_ocr,high,4,906,,dictionary/L/L-01.md,hz-020623-land-form,sources/Hezareh_Dictionary_Index/source/Hezareh_Part_04_PDF_0751-1000.md#L17787-L17791,True
land-locked,land-locked,land-locked,[],hz-020629,entry_candidate,raw_ocr,medium,4,907,,dictionary/L/L-01.md,hz-020629-land-locked,sources/Hezareh_Dictionary_Index/source/Hezareh_Part_04_PDF_0751-1000.md#L17830-L17831,True
land-lubber,land-lubber,land-lubber,[],hz-020631,entry_candidate,raw_ocr,low,4,907,,dictionary/L/L-01.md,hz-020631-land-lubber,sources/Hezareh_Dictionary_Index/source/Hezareh_Part_04_PDF_0751-1000.md#L17835-L17836,True
land-mine,land-mine,land-mine,[],hz-020634,entry_candidate,raw_ocr,medium,4,907,,dictionary/L/L-01.md,hz-020634-land-mine,sources/Hezareh_Dictionary_Index/source/Hezareh_Part_04_PDF_0751-1000.md#L17842-L17842,True
landaU,landau,landau,[],hz-020608,entry_candidate,raw_ocr,high,4,906,,dictionary/L/L-01.md,hz-020608-landau,sources/Hezareh_Dictionary_Index/source/Hezareh_Part_04_PDF_0751-1000.md#L17769-L17769,True
landed,landed,landed,[],hz-020612,entry_candidate,raw_ocr,high,4,906,,dictionary/L/L-01.md,hz-020612-landed,sources/Hezareh_Dictionary_Index/source/Hezareh_Part_04_PDF_0751-1000.md#L17775-L17778,True
landfall,landfall,landfall,[],hz-020613,entry_candidate,raw_ocr,high,4,906,,dictionary/L/L-01.md,hz-020613-landfall,sources/Hezareh_Dictionary_Index/source/Hezareh_Part_04_PDF_0751-1000.md#L17779-L17781,True
landfill,landfill,landfill,[],hz-020622,entry_candidate,raw_ocr,high,4,906,,dictionary/L/L-01.md,hz-020622-landfill,sources/Hezareh_Dictionary_Index/source/Hezareh_Part_04_PDF_0751-1000.md#L17782-L17784,True
landholder,landholder,landholder,[],hz-020615,entry_candidate,raw_ocr,hint_only,4,906,,dictionary/L/L-01.md,hz-020615-landholder,sources/Hezareh_Dictionary_Index/source/Hezareh_Part_04_PDF_0751-1000.md#L17699-L17699,False
landholding,landholding,landholding,[],hz-020616,entry_candidate,raw_ocr,high,4,906,,dictionary/L/L-01.md,hz-020616-landholding,sources/Hezareh_Dictionary_Index/source/Hezareh_Part_04_PDF_0751-1000.md#L17792-L17793,True
landing,landing,landing,[],hz-020617,entry_candidate,raw_ocr,high,4,906,,dictionary/L/L-01.md,hz-020617-landing,sources/Hezareh_Dictionary_Index/source/Hezareh_Part_04_PDF_0751-1000.md#L17794-L17797,True
landing-craft,landing-craft,landing-craft,[],hz-020618,entry_candidate,raw_ocr,high,4,906,,dictionary/L/L-01.md,hz-020618-landing-craft,sources/Hezareh_Dictionary_Index/source/Hezareh_Part_04_PDF_0751-1000.md#L17798-L17799,True
landing-field,landing-field,landing-field,[],hz-020619,entry_candidate,raw_ocr,high,4,906,,dictionary/L/L-01.md,hz-020619-landing-field,sources/Hezareh_Dictionary_Index/source/Hezareh_Part_04_PDF_0751-1000.md#L17800-L17803,True
landing-gear,landing-gear,landing-gear,[],hz-020620,entry_candidate,raw_ocr,hint_only,4,906,,dictionary/L/L-01.md,hz-020620-landing-gear,sources/Hezareh_Dictionary_Index/source/Hezareh_Part_04_PDF_0751-1000.md#L17699-L17699,False
landing-net,landing-net,landing-net,[],hz-020621,entry_candidate,raw_ocr,high,4,906,,dictionary/L/L-01.md,hz-020621-landing-net,sources/Hezareh_Dictionary_Index/source/Hezareh_Part_04_PDF_0751-1000.md#L17804-L17810,True
landing-place,landing-place,landing-place,[],hz-020624,entry_candidate,raw_ocr,high,4,907,,dictionary/L/L-01.md,hz-020624-landing-place,sources/Hezareh_Dictionary_Index/source/Hezareh_Part_04_PDF_0751-1000.md#L17823-L17824,True
landing-stage,landing-stage,landing-stage,[],hz-020625,entry_candidate,raw_ocr,medium,4,907,,dictionary/L/L-01.md,hz-020625-landing-stage,sources/Hezareh_Dictionary_Index/source/Hezareh_Part_04_PDF_0751-1000.md#L17825-L17825,True
landing-strip,landing-strip,landing-strip,[],hz-020626,entry_candidate,raw_ocr,high,4,907,,dictionary/L/L-01.md,hz-020626-landing-strip,sources/Hezareh_Dictionary_Index/source/Hezareh_Part_04_PDF_0751-1000.md#L17826-L17826,True
landlady,landlady,landlady,[],hz-020627,entry_candidate,raw_ocr,medium,4,907,,dictionary/L/L-01.md,hz-020627-landlady,sources/Hezareh_Dictionary_Index/source/Hezareh_Part_04_PDF_0751-1000.md#L17827-L17828,True
landless,landless,landless,[],hz-020628,entry_candidate,raw_ocr,medium,4,907,,dictionary/L/L-01.md,hz-020628-landless,sources/Hezareh_Dictionary_Index/source/Hezareh_Part_04_PDF_0751-1000.md#L17829-L17829,True
landlord,landlord,landlord,[],hz-020630,entry_candidate,raw_ocr,medium,4,907,,dictionary/L/L-01.md,hz-020630-landlord,sources/Hezareh_Dictionary_Index/source/Hezareh_Part_04_PDF_0751-1000.md#L17832-L17834,True
landmark,landmark,landmark,[],hz-020632,entry_candidate,raw_ocr,medium,4,907,,dictionary/L/L-01.md,hz-020632-landmark,sources/Hezareh_Dictionary_Index/source/Hezareh_Part_04_PDF_0751-1000.md#L17837-L17839,True
landowner,landowner,landowner,[],hz-020636,entry_candidate,raw_ocr,medium,4,907,,dictionary/L/L-01.md,hz-020636-landowner,sources/Hezareh_Dictionary_Index/source/Hezareh_Part_04_PDF_0751-1000.md#L17845-L17847,True
Landrover,landrover,landrover,[],hz-020637,entry_candidate,raw_ocr,low,4,907,,dictionary/L/L-01.md,hz-020637-landrover,sources/Hezareh_Dictionary_Index/source/Hezareh_Part_04_PDF_0751-1000.md#L17848-L17853,True
landscape architecture,landscape architecture,landscape architecture,[],hz-020639,entry_candidate,raw_ocr,high,4,907,,dictionary/L/L-01.md,hz-020639-landscape-architecture,sources/Hezareh_Dictionary_Index/source/Hezareh_Part_04_PDF_0751-1000.md#L17854-L17855,True
landscape gardening,landscape gardening,landscape gardening,[],hz-020640,entry_candidate,raw_ocr,high,4,907,,dictionary/L/L-01.md,hz-020640-landscape-gardening,sources/Hezareh_Dictionary_Index/source/Hezareh_Part_04_PDF_0751-1000.md#L17856-L17857,True
landslide,landslide,landslide,[],hz-020641,entry_candidate,raw_ocr,medium,4,907,,dictionary/L/L-01.md,hz-020641-landslide,sources/Hezareh_Dictionary_Index/source/Hezareh_Part_04_PDF_0751-1000.md#L17858-L17861,True
landslip,landslip,landslip,[],hz-020642,entry_candidate,raw_ocr,low,4,907,,dictionary/L/L-01.md,hz-020642-landslip,sources/Hezareh_Dictionary_Index/source/Hezareh_Part_04_PDF_0751-1000.md#L17862-L17863,True
landsman,landsman,landsman,[],hz-020643,entry_candidate,raw_ocr,high,4,907,,dictionary/L/L-01.md,hz-020643-landsman,sources/Hezareh_Dictionary_Index/source/Hezareh_Part_04_PDF_0751-1000.md#L17864-L17865,True
landward,landward,landward,[],hz-020644,entry_candidate,raw_ocr,low,4,907,,dictionary/L/L-01.md,hz-020644-landward,sources/Hezareh_Dictionary_Index/source/Hezareh_Part_04_PDF_0751-1000.md#L17866-L17867,True
landwards,landwards,landwards,[],hz-020645,entry_candidate,raw_ocr,medium,4,907,,dictionary/L/L-01.md,hz-020645-landwards,sources/Hezareh_Dictionary_Index/source/Hezareh_Part_04_PDF_0751-1000.md#L17868-L17874,True
lane,lane,lane,[],hz-020646,entry_candidate,raw_ocr,medium,4,907,,dictionary/L/L-01.md,hz-020646-lane,sources/Hezareh_Dictionary_Index/source/Hezareh_Part_04_PDF_0751-1000.md#L17875-L17888,True
langsyne,langsyne,langsyne,[],hz-020647,entry_candidate,raw_ocr,hint_only,4,907,,dictionary/L/L-01.md,hz-020647-langsyne,sources/Hezareh_Dictionary_Index/source/Hezareh_Part_04_PDF_0751-1000.md#L17814-L17814,False
language,language,language,[],hz-020648,entry_candidate,raw_ocr,high,4,907,,dictionary/L/L-01.md,hz-020648-language,sources/Hezareh_Dictionary_Index/source/Hezareh_Part_04_PDF_0751-1000.md#L17898-L17899,True
language laboratory,language laboratory,language laboratory,[],hz-020650,entry_candidate,raw_ocr,high,4,907,,dictionary/L/L-01.md,hz-020650-language-laboratory,sources/Hezareh_Dictionary_Index/source/Hezareh_Part_04_PDF_0751-1000.md#L17898-L17899,True
language planning,language planning,language planning,[],hz-020651,entry_candidate,raw_ocr,high,4,907,,dictionary/L/L-01.md,hz-020651-language-planning,sources/Hezareh_Dictionary_Index/source/Hezareh_Part_04_PDF_0751-1000.md#L17900-L17901,True
languid,languid,languid,[],hz-020652,entry_candidate,raw_ocr,medium,4,907,,dictionary/L/L-01.md,hz-020652-languid,sources/Hezareh_Dictionary_Index/source/Hezareh_Part_04_PDF_0751-1000.md#L17902-L17903,True
languidly,languidly,languidly,[],hz-020653,entry_candidate,raw_ocr,medium,4,907,,dictionary/L/L-01.md,hz-020653-languidly,sources/Hezareh_Dictionary_Index/source/Hezareh_Part_04_PDF_0751-1000.md#L17904-L17911,True
languish,languish,languish,[],hz-020654,entry_candidate,raw_ocr,low,4,907,,dictionary/L/L-01.md,hz-020654-languish,sources/Hezareh_Dictionary_Index/source/Hezareh_Part_04_PDF_0751-1000.md#L17912-L17912,True
languishing,languishing,languishing,[],hz-020655,entry_candidate,raw_ocr,medium,4,907,,dictionary/L/L-01.md,hz-020655-languishing,sources/Hezareh_Dictionary_Index/source/Hezareh_Part_04_PDF_0751-1000.md#L17913-L17922,True
languor,languor,languor,[],hz-020656,entry_candidate,raw_ocr,hint_only,4,907,,dictionary/L/L-01.md,hz-020656-languor,sources/Hezareh_Dictionary_Index/source/Hezareh_Part_04_PDF_0751-1000.md#L17814-L17814,False
languorously,languorously,languorously,[],hz-020657,entry_candidate,raw_ocr,low,4,908,,dictionary/L/L-01.md,hz-020657-languorously,sources/Hezareh_Dictionary_Index/source/Hezareh_Part_04_PDF_0751-1000.md#L17936-L17937,True
langur,langur,langur,[],hz-020658,entry_candidate,raw_ocr,medium,4,908,,dictionary/L/L-01.md,hz-020658-langur,sources/Hezareh_Dictionary_Index/source/Hezareh_Part_04_PDF_0751-1000.md#L17938-L17941,True
lankiness,lankiness,lankiness,[],hz-020659,entry_candidate,raw_ocr,low,4,908,,dictionary/L/L-01.md,hz-020659-lankiness,sources/Hezareh_Dictionary_Index/source/Hezareh_Part_04_PDF_0751-1000.md#L17942-L17943,True
lanky,lanky,lanky,[],hz-020660,entry_candidate,raw_ocr,high,4,908,,dictionary/L/L-01.md,hz-020660-lanky,sources/Hezareh_Dictionary_Index/source/Hezareh_Part_04_PDF_0751-1000.md#L17944-L17946,True
lanolin,lanolin,lanolin,[],hz-020661,entry_candidate,raw_ocr,medium,4,908,,dictionary/L/L-01.md,hz-020661-lanolin,sources/Hezareh_Dictionary_Index/source/Hezareh_Part_04_PDF_0751-1000.md#L17947-L17947,True
lanoline,lanoline,lanoline,[],hz-020662,entry_candidate,raw_ocr,high,4,908,,dictionary/L/L-01.md,hz-020662-lanoline,sources/Hezareh_Dictionary_Index/source/Hezareh_Part_04_PDF_0751-1000.md#L17948-L17948,True
lantern,lantern,lantern,[],hz-020663,entry_candidate,raw_ocr,medium,4,908,,dictionary/L/L-01.md,hz-020663-lantern,sources/Hezareh_Dictionary_Index/source/Hezareh_Part_04_PDF_0751-1000.md#L17949-L17950,True
lantern jaws,lantern jaws,lantern jaws,[],hz-020665,entry_candidate,raw_ocr,medium,4,908,,dictionary/L/L-01.md,hz-020665-lantern-jaws,sources/Hezareh_Dictionary_Index/source/Hezareh_Part_04_PDF_0751-1000.md#L17953-L17954,True
lantern-jawed,lantern-jawed,lantern-jawed,[],hz-020664,entry_candidate,raw_ocr,medium,4,908,,dictionary/L/L-01.md,hz-020664-lantern-jawed,sources/Hezareh_Dictionary_Index/source/Hezareh_Part_04_PDF_0751-1000.md#L17951-L17952,True
lanthanum,lanthanum,lanthanum,[],hz-020666,entry_candidate,raw_ocr,low,4,908,,dictionary/L/L-01.md,hz-020666-lanthanum,sources/Hezareh_Dictionary_Index/source/Hezareh_Part_04_PDF_0751-1000.md#L17955-L17955,True
lanyard,lanyard,lanyard,[],hz-020667,entry_candidate,raw_ocr,low,4,908,,dictionary/L/L-01.md,hz-020667-lanyard,sources/Hezareh_Dictionary_Index/source/Hezareh_Part_04_PDF_0751-1000.md#L17956-L17966,True
Laotian,laotian,laotian,[],hz-020668,entry_candidate,raw_ocr,hint_only,4,908,,dictionary/L/L-01.md,hz-020668-laotian,sources/Hezareh_Dictionary_Index/source/Hezareh_Part_04_PDF_0751-1000.md#L17926-L17926,False
lap,lap,lap,[],hz-020669,entry_candidate,raw_ocr,high,4,908,,dictionary/L/L-01.md,hz-020669-lap,sources/Hezareh_Dictionary_Index/source/Hezareh_Part_04_PDF_0751-1000.md#L17976-L18000,True
lap is lazuli,lap is lazuli,lap is lazuli,[],hz-020675,entry_candidate,raw_ocr,hint_only,4,908,,dictionary/L/L-01.md,hz-020675-lap-is-lazuli,sources/Hezareh_Dictionary_Index/source/Hezareh_Part_04_PDF_0751-1000.md#L17926-L17926,False
lap-dog,lap-dog,lap-dog,[],hz-020672,entry_candidate,raw_ocr,high,4,908,,dictionary/L/L-01.md,hz-020672-lap-dog,sources/Hezareh_Dictionary_Index/source/Hezareh_Part_04_PDF_0751-1000.md#L18001-L18003,True
lapel,lapel,lapel,[],hz-020673,entry_candidate,raw_ocr,high,4,908,,dictionary/L/L-01.md,hz-020673-lapel,sources/Hezareh_Dictionary_Index/source/Hezareh_Part_04_PDF_0751-1000.md#L18004-L18004,True
lapidary,lapidary,lapidary,[],hz-020674,entry_candidate,raw_ocr,high,4,908,,dictionary/L/L-01.md,hz-020674-lapidary,sources/Hezareh_Dictionary_Index/source/Hezareh_Part_04_PDF_0751-1000.md#L18005-L18013,True
lapse,lapse,lapse,[],hz-020676,entry_candidate,raw_ocr,high,4,908,,dictionary/L/L-01.md,hz-020676-lapse,sources/Hezareh_Dictionary_Index/source/Hezareh_Part_04_PDF_0751-1000.md#L18014-L18036,True
lapse rate,lapse rate,lapse rate,[],hz-020678,entry_candidate,raw_ocr,medium,4,909,,dictionary/L/L-01.md,hz-020678-lapse-rate,sources/Hezareh_Dictionary_Index/source/Hezareh_Part_04_PDF_0751-1000.md#L18060-L18060,True
lapsed,lapsed,lapsed,[],hz-020677,entry_candidate,raw_ocr,high,4,909,,dictionary/L/L-01.md,hz-020677-lapsed,sources/Hezareh_Dictionary_Index/source/Hezareh_Part_04_PDF_0751-1000.md#L18049-L18059,True
laptop,laptop,laptop,[],hz-020679,entry_candidate,raw_ocr,medium,4,909,,dictionary/L/L-01.md,hz-020679-laptop,sources/Hezareh_Dictionary_Index/source/Hezareh_Part_04_PDF_0751-1000.md#L18061-L18061,True
lapwing,lapwing,lapwing,[],hz-020680,entry_candidate,raw_ocr,medium,4,909,,dictionary/L/L-01.md,hz-020680-lapwing,sources/Hezareh_Dictionary_Index/source/Hezareh_Part_04_PDF_0751-1000.md#L18062-L18062,True
larboard,larboard,larboard,[],hz-020681,entry_candidate,raw_ocr,low,4,909,,dictionary/L/L-01.md,hz-020681-larboard,sources/Hezareh_Dictionary_Index/source/Hezareh_Part_04_PDF_0751-1000.md#L18063-L18064,True
larceny,larceny,larceny,[],hz-020682,entry_candidate,raw_ocr,medium,4,909,,dictionary/L/L-01.md,hz-020682-larceny,sources/Hezareh_Dictionary_Index/source/Hezareh_Part_04_PDF_0751-1000.md#L18065-L18066,True
larch,larch,larch,[],hz-020683,entry_candidate,raw_ocr,medium,4,909,,dictionary/L/L-01.md,hz-020683-larch,sources/Hezareh_Dictionary_Index/source/Hezareh_Part_04_PDF_0751-1000.md#L18067-L18067,True
lard,lard,lard,[],hz-020684,entry_candidate,raw_ocr,medium,4,909,,dictionary/L/L-01.md,hz-020684-lard,sources/Hezareh_Dictionary_Index/source/Hezareh_Part_04_PDF_0751-1000.md#L18068-L18073,True
larder,larder,larder,[],hz-020685,entry_candidate,raw_ocr,medium,4,909,,dictionary/L/L-01.md,hz-020685-larder,sources/Hezareh_Dictionary_Index/source/Hezareh_Part_04_PDF_0751-1000.md#L18074-L18075,True
large,large,large,[],hz-020686,entry_candidate,raw_ocr,high,4,909,,dictionary/L/L-01.md,hz-020686-large,sources/Hezareh_Dictionary_Index/source/Hezareh_Part_04_PDF_0751-1000.md#L18076-L18108,True
large-handed,large-handed,large-handed,[],hz-020687,entry_candidate,raw_ocr,hint_only,4,909,,dictionary/L/L-01.md,hz-020687-large-handed,sources/Hezareh_Dictionary_Index/source/Hezareh_Part_04_PDF_0751-1000.md#L18040-L18040,False
large-minded,large-minded,large-minded,[],hz-020689,entry_candidate,raw_ocr,medium,4,909,,dictionary/L/L-01.md,hz-020689-large-minded,sources/Hezareh_Dictionary_Index/source/Hezareh_Part_04_PDF_0751-1000.md#L18113-L18114,True
large-mindedness,large-mindedness,large-mindedness,[],hz-020690,entry_candidate,raw_ocr,high,4,909,,dictionary/L/L-01.md,hz-020690-large-mindedness,sources/Hezareh_Dictionary_Index/source/Hezareh_Part_04_PDF_0751-1000.md#L18115-L18121,True
large-size,large-size,large-size,[],hz-020692,entry_candidate,raw_ocr,medium,4,909,,dictionary/L/L-01.md,hz-020692-large-size,sources/Hezareh_Dictionary_Index/source/Hezareh_Part_04_PDF_0751-1000.md#L18122-L18123,True
largely,largely,largely,[],hz-020688,entry_candidate,raw_ocr,low,4,909,,dictionary/L/L-01.md,hz-020688-largely,sources/Hezareh_Dictionary_Index/source/Hezareh_Part_04_PDF_0751-1000.md#L18109-L18112,True
largess,largess,largess,[],hz-020694,entry_candidate,raw_ocr,high,4,909,,dictionary/L/L-01.md,hz-020694-largess,sources/Hezareh_Dictionary_Index/source/Hezareh_Part_04_PDF_0751-1000.md#L18124-L18129,True
largish,largish,largish,[],hz-020695,entry_candidate,raw_ocr,hint_only,4,909,,dictionary/L/L-01.md,hz-020695-largish,sources/Hezareh_Dictionary_Index/source/Hezareh_Part_04_PDF_0751-1000.md#L18040-L18040,False
largo,largo,largo,[],hz-020696,entry_candidate,raw_ocr,medium,4,909,,dictionary/L/L-01.md,hz-020696-largo,sources/Hezareh_Dictionary_Index/source/Hezareh_Part_04_PDF_0751-1000.md#L18130-L18131,True
lariat,lariat,lariat,[],hz-020697,entry_candidate,raw_ocr,low,4,909,,dictionary/L/L-01.md,hz-020697-lariat,sources/Hezareh_Dictionary_Index/source/Hezareh_Part_04_PDF_0751-1000.md#L18132-L18140,True
lark about,lark about,lark about,[],hz-020698,entry_candidate,raw_ocr,high,4,909,,dictionary/L/L-01.md,hz-020698-lark-about,sources/Hezareh_Dictionary_Index/source/Hezareh_Part_04_PDF_0751-1000.md#L18141-L18141,True
larkspur,larkspur,larkspur,[],hz-020699,entry_candidate,raw_ocr,medium,4,909,,dictionary/L/L-01.md,hz-020699-larkspur,sources/Hezareh_Dictionary_Index/source/Hezareh_Part_04_PDF_0751-1000.md#L18142-L18144,True
larn,larn,larn,[],hz-020700,entry_candidate,raw_ocr,hint_only,4,909,,dictionary/L/L-01.md,hz-020700-larn,sources/Hezareh_Dictionary_Index/source/Hezareh_Part_04_PDF_0751-1000.md#L18040-L18040,False
larva,larva,larva,[],hz-020701,entry_candidate,raw_ocr,medium,4,909,,dictionary/L/L-01.md,hz-020701-larva,sources/Hezareh_Dictionary_Index/source/Hezareh_Part_04_PDF_0751-1000.md#L18145-L18147,True
larvae,larvae,larvae,[],hz-020702,entry_candidate,raw_ocr,high,4,910,,dictionary/L/L-01.md,hz-020702-larvae,sources/Hezareh_Dictionary_Index/source/Hezareh_Part_04_PDF_0751-1000.md#L18161-L18161,True
larval,larval,larval,[],hz-020703,entry_candidate,raw_ocr,high,4,910,,dictionary/L/L-01.md,hz-020703-larval,sources/Hezareh_Dictionary_Index/source/Hezareh_Part_04_PDF_0751-1000.md#L18162-L18164,True
laryngeal,laryngeal,laryngeal,[],hz-020704,entry_candidate,raw_ocr,high,4,910,,dictionary/L/L-01.md,hz-020704-laryngeal,sources/Hezareh_Dictionary_Index/source/Hezareh_Part_04_PDF_0751-1000.md#L18165-L18167,True
larynges,larynges,larynges,[],hz-020705,entry_candidate,raw_ocr,high,4,910,,dictionary/L/L-01.md,hz-020705-larynges,sources/Hezareh_Dictionary_Index/source/Hezareh_Part_04_PDF_0751-1000.md#L18168-L18168,True
laryngitis,laryngitis,laryngitis,[],hz-020706,entry_candidate,raw_ocr,high,4,910,,dictionary/L/L-01.md,hz-020706-laryngitis,sources/Hezareh_Dictionary_Index/source/Hezareh_Part_04_PDF_0751-1000.md#L18169-L18170,True
larynx,larynx,larynx,[],hz-020707,entry_candidate,raw_ocr,high,4,910,,dictionary/L/L-01.md,hz-020707-larynx,sources/Hezareh_Dictionary_Index/source/Hezareh_Part_04_PDF_0751-1000.md#L18171-L18172,True
lasagna,lasagna,lasagna,[],hz-020708,entry_candidate,raw_ocr,high,4,910,,dictionary/L/L-01.md,hz-020708-lasagna,sources/Hezareh_Dictionary_Index/source/Hezareh_Part_04_PDF_0751-1000.md#L18173-L18173,True
lasagne,lasagne,lasagne,[],hz-020709,entry_candidate,raw_ocr,high,4,910,,dictionary/L/L-01.md,hz-020709-lasagne,sources/Hezareh_Dictionary_Index/source/Hezareh_Part_04_PDF_0751-1000.md#L18174-L18174,True
lascar,lascar,lascar,[],hz-020710,entry_candidate,raw_ocr,high,4,910,,dictionary/L/L-01.md,hz-020710-lascar,sources/Hezareh_Dictionary_Index/source/Hezareh_Part_04_PDF_0751-1000.md#L18175-L18175,True
lascivioUS,lascivious,lascivious,[],hz-020711,entry_candidate,raw_ocr,high,4,910,,dictionary/L/L-01.md,hz-020711-lascivious,sources/Hezareh_Dictionary_Index/source/Hezareh_Part_04_PDF_0751-1000.md#L18176-L18179,True
lasciviously,lasciviously,lasciviously,[],hz-020712,entry_candidate,raw_ocr,hint_only,4,910,,dictionary/L/L-01.md,hz-020712-lasciviously,sources/Hezareh_Dictionary_Index/source/Hezareh_Part_04_PDF_0751-1000.md#L18151-L18151,False
lasciviousness,lasciviousness,lasciviousness,[],hz-020713,entry_candidate,raw_ocr,high,4,910,,dictionary/L/L-01.md,hz-020713-lasciviousness,sources/Hezareh_Dictionary_Index/source/Hezareh_Part_04_PDF_0751-1000.md#L18180-L18180,True
laser,laser,laser,[],hz-020714,entry_candidate,raw_ocr,high,4,910,,dictionary/L/L-01.md,hz-020714-laser,sources/Hezareh_Dictionary_Index/source/Hezareh_Part_04_PDF_0751-1000.md#L18181-L18182,True
laser printer,laser printer,laser printer,[],hz-020715,entry_candidate,raw_ocr,high,4,910,,dictionary/L/L-01.md,hz-020715-laser-printer,sources/Hezareh_Dictionary_Index/source/Hezareh_Part_04_PDF_0751-1000.md#L18183-L18184,True
lash,lash,lash,[],hz-020716,entry_candidate,raw_ocr,high,4,910,,dictionary/L/L-01.md,hz-020716-lash,sources/Hezareh_Dictionary_Index/source/Hezareh_Part_04_PDF_0751-1000.md#L18185-L18198,True
lash against,lash against,lash against,[],hz-020717,entry_candidate,raw_ocr,high,4,910,,dictionary/L/L-01.md,hz-020717-lash-against,sources/Hezareh_Dictionary_Index/source/Hezareh_Part_04_PDF_0751-1000.md#L18199-L18218,True
lash-up,lash-up,lash-up,[],hz-020719,entry_candidate,raw_ocr,low,4,910,,dictionary/L/L-01.md,hz-020719-lash-up,sources/Hezareh_Dictionary_Index/source/Hezareh_Part_04_PDF_0751-1000.md#L18226-L18234,True
lashing,lashing,lashing,[],hz-020718,entry_candidate,raw_ocr,medium,4,910,,dictionary/L/L-01.md,hz-020718-lashing,sources/Hezareh_Dictionary_Index/source/Hezareh_Part_04_PDF_0751-1000.md#L18219-L18225,True
lass,lass,lass,[],hz-020720,entry_candidate,raw_ocr,low,4,910,,dictionary/L/L-01.md,hz-020720-lass,sources/Hezareh_Dictionary_Index/source/Hezareh_Part_04_PDF_0751-1000.md#L18235-L18236,True
lassie,lassie,lassie,[],hz-020721,entry_candidate,raw_ocr,high,4,910,,dictionary/L/L-01.md,hz-020721-lassie,sources/Hezareh_Dictionary_Index/source/Hezareh_Part_04_PDF_0751-1000.md#L18235-L18236,True
lassitude,lassitude,lassitude,[],hz-020722,entry_candidate,raw_ocr,high,4,910,,dictionary/L/L-01.md,hz-020722-lassitude,sources/Hezareh_Dictionary_Index/source/Hezareh_Part_04_PDF_0751-1000.md#L18237-L18268,True
last,last,last,[],hz-020724,entry_candidate,raw_ocr,high,4,911,,dictionary/L/L-01.md,hz-020724-last,sources/Hezareh_Dictionary_Index/source/Hezareh_Part_04_PDF_0751-1000.md#L18363-L18364,True
Last Judgement,last judgement,last judgement,[],hz-020726,entry_candidate,raw_ocr,high,4,911,,dictionary/L/L-01.md,hz-020726-last-judgement,sources/Hezareh_Dictionary_Index/source/Hezareh_Part_04_PDF_0751-1000.md#L18363-L18364,True
last name,last name,last name,[],hz-020731,entry_candidate,raw_ocr,high,4,912,,dictionary/L/L-01.md,hz-020731-last-name,sources/Hezareh_Dictionary_Index/source/Hezareh_Part_04_PDF_0751-1000.md#L18404-L18405,True
last post,last post,last post,[],hz-020732,entry_candidate,raw_ocr,high,4,912,,dictionary/L/L-01.md,hz-020732-last-post,sources/Hezareh_Dictionary_Index/source/Hezareh_Part_04_PDF_0751-1000.md#L18406-L18407,True
last rites,last rites,last rites,[],hz-020733,entry_candidate,raw_ocr,high,4,912,,dictionary/L/L-01.md,hz-020733-last-rites,sources/Hezareh_Dictionary_Index/source/Hezareh_Part_04_PDF_0751-1000.md#L18408-L18409,True
lasting,lasting,lasting,[],hz-020725,entry_candidate,raw_ocr,medium,4,911,,dictionary/L/L-01.md,hz-020725-lasting,sources/Hezareh_Dictionary_Index/source/Hezareh_Part_04_PDF_0751-1000.md#L18361-L18362,True
lastly,lastly,lastly,[],hz-020727,entry_candidate,raw_ocr,medium,4,911,,dictionary/L/L-01.md,hz-020727-lastly,sources/Hezareh_Dictionary_Index/source/Hezareh_Part_04_PDF_0751-1000.md#L18365-L18372,True
lat,lat,lat,[],hz-020734,entry_candidate,raw_ocr,high,4,912,,dictionary/L/L-01.md,hz-020734-lat,sources/Hezareh_Dictionary_Index/source/Hezareh_Part_04_PDF_0751-1000.md#L18410-L18411,True
latch,latch,latch,[],hz-020735,entry_candidate,raw_ocr,high,4,912,,dictionary/L/L-01.md,hz-020735-latch,sources/Hezareh_Dictionary_Index/source/Hezareh_Part_04_PDF_0751-1000.md#L18412-L18421,True
latchkey,latchkey,latchkey,[],hz-020736,entry_candidate,raw_ocr,high,4,912,,dictionary/L/L-01.md,hz-020736-latchkey,sources/Hezareh_Dictionary_Index/source/Hezareh_Part_04_PDF_0751-1000.md#L18422-L18423,True
latchkey child,latchkey child,latchkey child,[],hz-020737,entry_candidate,raw_ocr,high,4,912,,dictionary/L/L-01.md,hz-020737-latchkey-child,sources/Hezareh_Dictionary_Index/source/Hezareh_Part_04_PDF_0751-1000.md#L18422-L18423,True
late,late,late,[],hz-020738,entry_candidate,raw_ocr,high,4,912,,dictionary/L/L-01.md,hz-020738-late,sources/Hezareh_Dictionary_Index/source/Hezareh_Part_04_PDF_0751-1000.md#L18424-L18463,True
latecomer,latecomer,latecomer,[],hz-020739,entry_candidate,raw_ocr,high,4,912,,dictionary/L/L-01.md,hz-020739-latecomer,sources/Hezareh_Dictionary_Index/source/Hezareh_Part_04_PDF_0751-1000.md#L18464-L18464,True
lateen sail,lateen sail,lateen sail,[],hz-020740,entry_candidate,raw_ocr,high,4,912,,dictionary/L/L-01.md,hz-020740-lateen-sail,sources/Hezareh_Dictionary_Index/source/Hezareh_Part_04_PDF_0751-1000.md#L18465-L18467,True
lately,lately,lately,[],hz-020741,entry_candidate,raw_ocr,low,4,912,,dictionary/L/L-01.md,hz-020741-lately,sources/Hezareh_Dictionary_Index/source/Hezareh_Part_04_PDF_0751-1000.md#L18468-L18470,True
lateness,lateness,lateness,[],hz-020742,entry_candidate,raw_ocr,low,4,912,,dictionary/L/L-01.md,hz-020742-lateness,sources/Hezareh_Dictionary_Index/source/Hezareh_Part_04_PDF_0751-1000.md#L18471-L18474,True
latent,latent,latent,[],hz-020743,entry_candidate,raw_ocr,high,4,912,,dictionary/L/L-01.md,hz-020743-latent,sources/Hezareh_Dictionary_Index/source/Hezareh_Part_04_PDF_0751-1000.md#L18475-L18484,True
later,later,later,[],hz-013703,entry_candidate,raw_ocr,high,3,591,,dictionary/L/L-02.md,hz-013703-later,sources/Hezareh_Dictionary_Index/source/Hezareh_Part_03_PDF_0501-0750.md#L10484-L10484,True
later,later,later,[],hz-020744,entry_candidate,raw_ocr,high,4,912,,dictionary/L/L-02.md,hz-020744-later,sources/Hezareh_Dictionary_Index/source/Hezareh_Part_04_PDF_0751-1000.md#L18485-L18486,True
lateral,lateral,lateral,[],hz-020746,entry_candidate,raw_ocr,high,4,912,,dictionary/L/L-02.md,hz-020746-lateral,sources/Hezareh_Dictionary_Index/source/Hezareh_Part_04_PDF_0751-1000.md#L18494-L18495,True
lateral thinking,lateral thinking,lateral thinking,[],hz-020747,entry_candidate,raw_ocr,high,4,912,,dictionary/L/L-02.md,hz-020747-lateral-thinking,sources/Hezareh_Dictionary_Index/source/Hezareh_Part_04_PDF_0751-1000.md#L18494-L18495,True
laterite,laterite,laterite,[],hz-020748,entry_candidate,raw_ocr,high,4,912,,dictionary/L/L-02.md,hz-020748-laterite,sources/Hezareh_Dictionary_Index/source/Hezareh_Part_04_PDF_0751-1000.md#L18496-L18501,True
latest,latest,latest,[],hz-020749,entry_candidate,raw_ocr,high,4,913,,dictionary/L/L-02.md,hz-020749-latest,sources/Hezareh_Dictionary_Index/source/Hezareh_Part_04_PDF_0751-1000.md#L18514-L18547,True
latex,latex,latex,[],hz-020752,entry_candidate,raw_ocr,medium,4,913,,dictionary/L/L-02.md,hz-020752-latex,sources/Hezareh_Dictionary_Index/source/Hezareh_Part_04_PDF_0751-1000.md#L18549-L18549,True
lath,lath,lath,[],hz-020753,entry_candidate,raw_ocr,high,4,913,,dictionary/L/L-02.md,hz-020753-lath,sources/Hezareh_Dictionary_Index/source/Hezareh_Part_04_PDF_0751-1000.md#L18550-L18551,True
lathe,lathe,lathe,[],hz-020754,entry_candidate,raw_ocr,medium,4,913,,dictionary/L/L-02.md,hz-020754-lathe,sources/Hezareh_Dictionary_Index/source/Hezareh_Part_04_PDF_0751-1000.md#L18552-L18553,True
lather,lather,lather,[],hz-020755,entry_candidate,raw_ocr,medium,4,913,,dictionary/L/L-02.md,hz-020755-lather,sources/Hezareh_Dictionary_Index/source/Hezareh_Part_04_PDF_0751-1000.md#L18554-L18565,True
lathi,lathi,lathi,[],hz-020750,entry_candidate,raw_ocr,low,4,913,,dictionary/L/L-02.md,hz-020750-lathi,sources/Hezareh_Dictionary_Index/source/Hezareh_Part_04_PDF_0751-1000.md#L18566-L18570,True
Latin,latin,latin,[],hz-020751,entry_candidate,raw_ocr,high,4,913,,dictionary/L/L-02.md,hz-020751-latin,sources/Hezareh_Dictionary_Index/source/Hezareh_Part_04_PDF_0751-1000.md#L18571-L18572,True
Latin America,latin america,latin america,[],hz-020756,entry_candidate,raw_ocr,high,4,913,,dictionary/L/L-02.md,hz-020756-latin-america,sources/Hezareh_Dictionary_Index/source/Hezareh_Part_04_PDF_0751-1000.md#L18571-L18572,True
Latin American,latin american,latin american,[],hz-020757,entry_candidate,raw_ocr,high,4,913,,dictionary/L/L-02.md,hz-020757-latin-american,sources/Hezareh_Dictionary_Index/source/Hezareh_Part_04_PDF_0751-1000.md#L18573-L18576,True
Latin Church,latin church,latin church,[],hz-020759,entry_candidate,raw_ocr,hint_only,4,913,,dictionary/L/L-02.md,hz-020759-latin-church,sources/Hezareh_Dictionary_Index/source/Hezareh_Part_04_PDF_0751-1000.md#L18505-L18505,False
Latin Quarter,latin quarter,latin quarter,[],hz-020763,entry_candidate,raw_ocr,high,4,913,,dictionary/L/L-02.md,hz-020763-latin-quarter,sources/Hezareh_Dictionary_Index/source/Hezareh_Part_04_PDF_0751-1000.md#L18589-L18590,True
Latinate,latinate,latinate,[],hz-020758,entry_candidate,raw_ocr,high,4,913,,dictionary/L/L-02.md,hz-020758-latinate,sources/Hezareh_Dictionary_Index/source/Hezareh_Part_04_PDF_0751-1000.md#L18577-L18581,True
Latinist,latinist,latinist,[],hz-020760,entry_candidate,raw_ocr,medium,4,913,,dictionary/L/L-02.md,hz-020760-latinist,sources/Hezareh_Dictionary_Index/source/Hezareh_Part_04_PDF_0751-1000.md#L18582-L18582,True
Latinize,latinize,latinize,[],hz-020761,entry_candidate,raw_ocr,low,4,913,,dictionary/L/L-02.md,hz-020761-latinize,sources/Hezareh_Dictionary_Index/source/Hezareh_Part_04_PDF_0751-1000.md#L18583-L18588,True
Latino,latino,latino,[],hz-020762,entry_candidate,raw_ocr,hint_only,4,913,,dictionary/L/L-02.md,hz-020762-latino,sources/Hezareh_Dictionary_Index/source/Hezareh_Part_04_PDF_0751-1000.md#L18505-L18505,False
latish,latish,latish,[],hz-020764,entry_candidate,raw_ocr,low,4,913,,dictionary/L/L-02.md,hz-020764-latish,sources/Hezareh_Dictionary_Index/source/Hezareh_Part_04_PDF_0751-1000.md#L18591-L18592,True
latitude,latitude,latitude,[],hz-020765,entry_candidate,raw_ocr,low,4,913,,dictionary/L/L-02.md,hz-020765-latitude,sources/Hezareh_Dictionary_Index/source/Hezareh_Part_04_PDF_0751-1000.md#L18593-L18599,True
latitudinal,latitudinal,latitudinal,[],hz-020766,entry_candidate,raw_ocr,low,4,913,,dictionary/L/L-02.md,hz-020766-latitudinal,sources/Hezareh_Dictionary_Index/source/Hezareh_Part_04_PDF_0751-1000.md#L18600-L18602,True
latitudinarian,latitudinarian,latitudinarian,[],hz-020767,entry_candidate,raw_ocr,high,4,913,,dictionary/L/L-02.md,hz-020767-latitudinarian,sources/Hezareh_Dictionary_Index/source/Hezareh_Part_04_PDF_0751-1000.md#L18603-L18605,True
latrine,latrine,latrine,[],hz-020768,entry_candidate,raw_ocr,low,4,913,,dictionary/L/L-02.md,hz-020768-latrine,sources/Hezareh_Dictionary_Index/source/Hezareh_Part_04_PDF_0751-1000.md#L18606-L18610,True
latter,latter,latter,[],hz-020769,entry_candidate,raw_ocr,medium,4,913,,dictionary/L/L-02.md,hz-020769-latter,sources/Hezareh_Dictionary_Index/source/Hezareh_Part_04_PDF_0751-1000.md#L18548-L18548,True
latter-day,latter-day,latter-day,[],hz-020770,entry_candidate,raw_ocr,medium,4,913,,dictionary/L/L-02.md,hz-020770-latter-day,sources/Hezareh_Dictionary_Index/source/Hezareh_Part_04_PDF_0751-1000.md#L18611-L18611,True
latterly,latterly,latterly,[],hz-020771,entry_candidate,raw_ocr,low,4,913,,dictionary/L/L-02.md,hz-020771-latterly,sources/Hezareh_Dictionary_Index/source/Hezareh_Part_04_PDF_0751-1000.md#L18612-L18613,True
lattice,lattice,lattice,[],hz-020772,entry_candidate,raw_ocr,high,4,914,,dictionary/L/L-02.md,hz-020772-lattice,sources/Hezareh_Dictionary_Index/source/Hezareh_Part_04_PDF_0751-1000.md#L18634-L18634,True
lattice window,lattice window,lattice window,[],hz-020775,entry_candidate,raw_ocr,high,4,914,,dictionary/L/L-02.md,hz-020775-lattice-window,sources/Hezareh_Dictionary_Index/source/Hezareh_Part_04_PDF_0751-1000.md#L18634-L18634,True
latticed,latticed,latticed,[],hz-020773,entry_candidate,raw_ocr,medium,4,914,,dictionary/L/L-02.md,hz-020773-latticed,sources/Hezareh_Dictionary_Index/source/Hezareh_Part_04_PDF_0751-1000.md#L18630-L18631,True
latticed window,latticed window,latticed window,[],hz-020774,entry_candidate,raw_ocr,low,4,914,,dictionary/L/L-02.md,hz-020774-latticed-window,sources/Hezareh_Dictionary_Index/source/Hezareh_Part_04_PDF_0751-1000.md#L18632-L18633,True
latticework,latticework,latticework,[],hz-020776,entry_candidate,raw_ocr,medium,4,914,,dictionary/L/L-02.md,hz-020776-latticework,sources/Hezareh_Dictionary_Index/source/Hezareh_Part_04_PDF_0751-1000.md#L18635-L18635,True
Latvia,latvia,latvia,[],hz-020777,entry_candidate,raw_ocr,high,4,914,,dictionary/L/L-02.md,hz-020777-latvia,sources/Hezareh_Dictionary_Index/source/Hezareh_Part_04_PDF_0751-1000.md#L18636-L18636,True
Latvian,latvian,latvian,[],hz-020778,entry_candidate,raw_ocr,medium,4,914,,dictionary/L/L-02.md,hz-020778-latvian,sources/Hezareh_Dictionary_Index/source/Hezareh_Part_04_PDF_0751-1000.md#L18637-L18640,True
laud,laud,laud,[],hz-020779,entry_candidate,raw_ocr,hint_only,4,914,,dictionary/L/L-02.md,hz-020779-laud,sources/Hezareh_Dictionary_Index/source/Hezareh_Part_04_PDF_0751-1000.md#L18617-L18617,False
laudable,laudable,laudable,[],hz-020780,entry_candidate,raw_ocr,medium,4,914,,dictionary/L/L-02.md,hz-020780-laudable,sources/Hezareh_Dictionary_Index/source/Hezareh_Part_04_PDF_0751-1000.md#L18641-L18642,True
laudably,laudably,laudably,[],hz-020781,entry_candidate,raw_ocr,medium,4,914,,dictionary/L/L-02.md,hz-020781-laudably,sources/Hezareh_Dictionary_Index/source/Hezareh_Part_04_PDF_0751-1000.md#L18643-L18644,True
laudanum,laudanum,laudanum,[],hz-020782,entry_candidate,raw_ocr,medium,4,914,,dictionary/L/L-02.md,hz-020782-laudanum,sources/Hezareh_Dictionary_Index/source/Hezareh_Part_04_PDF_0751-1000.md#L18645-L18646,True
laudatory,laudatory,laudatory,[],hz-020783,entry_candidate,raw_ocr,medium,4,914,,dictionary/L/L-02.md,hz-020783-laudatory,sources/Hezareh_Dictionary_Index/source/Hezareh_Part_04_PDF_0751-1000.md#L18647-L18680,True
laugh,laugh,laugh,[],hz-020784,entry_candidate,raw_ocr,high,4,914,,dictionary/L/L-02.md,hz-020784-laugh,sources/Hezareh_Dictionary_Index/source/Hezareh_Part_04_PDF_0751-1000.md#L18681-L18691,True
laugh oneself si,laugh oneself si,laugh oneself si,[],hz-020785,entry_candidate,raw_ocr,hint_only,4,914,,dictionary/L/L-02.md,hz-020785-laugh-oneself-si,sources/Hezareh_Dictionary_Index/source/Hezareh_Part_04_PDF_0751-1000.md#L18617-L18617,False
laughable,laughable,laughable,[],hz-020787,entry_candidate,raw_ocr,high,4,914,,dictionary/L/L-02.md,hz-020787-laughable,sources/Hezareh_Dictionary_Index/source/Hezareh_Part_04_PDF_0751-1000.md#L18715-L18718,True
laughing,laughing,laughing,[],hz-020788,entry_candidate,raw_ocr,high,4,914,,dictionary/L/L-02.md,hz-020788-laughing,sources/Hezareh_Dictionary_Index/source/Hezareh_Part_04_PDF_0751-1000.md#L18719-L18726,True
laughing jackass,laughing jackass,laughing jackass,[],hz-020790,entry_candidate,raw_ocr,high,4,915,,dictionary/L/L-02.md,hz-020790-laughing-jackass,sources/Hezareh_Dictionary_Index/source/Hezareh_Part_04_PDF_0751-1000.md#L18746-L18747,True
laughing-gas,laughing-gas,laughing-gas,[],hz-020789,entry_candidate,raw_ocr,high,4,914,,dictionary/L/L-02.md,hz-020789-laughing-gas,sources/Hezareh_Dictionary_Index/source/Hezareh_Part_04_PDF_0751-1000.md#L18727-L18732,True
laughing-stock,laughing-stock,laughing-stock,[],hz-020792,entry_candidate,raw_ocr,high,4,915,,dictionary/L/L-02.md,hz-020792-laughing-stock,sources/Hezareh_Dictionary_Index/source/Hezareh_Part_04_PDF_0751-1000.md#L18752-L18753,True
laughingly,laughingly,laughingly,[],hz-020791,entry_candidate,raw_ocr,medium,4,915,,dictionary/L/L-02.md,hz-020791-laughingly,sources/Hezareh_Dictionary_Index/source/Hezareh_Part_04_PDF_0751-1000.md#L18748-L18751,True
laughter,laughter,laughter,[],hz-020793,entry_candidate,raw_ocr,medium,4,915,,dictionary/L/L-02.md,hz-020793-laughter,sources/Hezareh_Dictionary_Index/source/Hezareh_Part_04_PDF_0751-1000.md#L18754-L18764,True
launch,launch,launch,[],hz-020794,entry_candidate,raw_ocr,high,4,915,,dictionary/L/L-02.md,hz-020794-launch,sources/Hezareh_Dictionary_Index/source/Hezareh_Part_04_PDF_0751-1000.md#L18781-L18781,True
launch pad,launch pad,launch pad,[],hz-020801,entry_candidate,raw_ocr,high,4,915,,dictionary/L/L-02.md,hz-020801-launch-pad,sources/Hezareh_Dictionary_Index/source/Hezareh_Part_04_PDF_0751-1000.md#L18781-L18781,True
launch sb on,launch sb on,launch sb on,[],hz-020800,entry_candidate,raw_ocr,medium,4,915,,dictionary/L/L-02.md,hz-020800-launch-sb-on,sources/Hezareh_Dictionary_Index/source/Hezareh_Part_04_PDF_0751-1000.md#L18765-L18770,True
launcher,launcher,launcher,[],hz-020796,entry_candidate,raw_ocr,medium,4,915,,dictionary/L/L-02.md,hz-020796-launcher,sources/Hezareh_Dictionary_Index/source/Hezareh_Part_04_PDF_0751-1000.md#L18771-L18774,True
launching ceremony,launching ceremony,launching ceremony,[],hz-020797,entry_candidate,raw_ocr,low,4,915,,dictionary/L/L-02.md,hz-020797-launching-ceremony,sources/Hezareh_Dictionary_Index/source/Hezareh_Part_04_PDF_0751-1000.md#L18775-L18776,True
launching pad,launching pad,launching pad,[],hz-020799,entry_candidate,raw_ocr,medium,4,915,,dictionary/L/L-02.md,hz-020799-launching-pad,sources/Hezareh_Dictionary_Index/source/Hezareh_Part_04_PDF_0751-1000.md#L18777-L18780,True
launching-site,launching-site,launching-site,[],hz-020807,entry_candidate,raw_ocr,hint_only,4,915,,dictionary/L/L-02.md,hz-020807-launching-site,sources/Hezareh_Dictionary_Index/source/Hezareh_Part_04_PDF_0751-1000.md#L18736-L18736,False
launder,launder,launder,[],hz-020802,entry_candidate,raw_ocr,medium,4,915,,dictionary/L/L-02.md,hz-020802-launder,sources/Hezareh_Dictionary_Index/source/Hezareh_Part_04_PDF_0751-1000.md#L18782-L18786,True
launderette,launderette,launderette,[],hz-020803,entry_candidate,raw_ocr,medium,4,915,,dictionary/L/L-02.md,hz-020803-launderette,sources/Hezareh_Dictionary_Index/source/Hezareh_Part_04_PDF_0751-1000.md#L18787-L18788,True
laundreSS,laundress,laundress,[],hz-020804,entry_candidate,raw_ocr,medium,4,915,,dictionary/L/L-02.md,hz-020804-laundress,sources/Hezareh_Dictionary_Index/source/Hezareh_Part_04_PDF_0751-1000.md#L18789-L18789,True
laundrette,laundrette,laundrette,[],hz-020805,entry_candidate,raw_ocr,high,4,915,,dictionary/L/L-02.md,hz-020805-laundrette,sources/Hezareh_Dictionary_Index/source/Hezareh_Part_04_PDF_0751-1000.md#L18790-L18790,True
laundry,laundry,laundry,[],hz-020806,entry_candidate,raw_ocr,high,4,915,,dictionary/L/L-02.md,hz-020806-laundry,sources/Hezareh_Dictionary_Index/source/Hezareh_Part_04_PDF_0751-1000.md#L18791-L18797,True
laundryman,laundryman,laundryman,[],hz-020808,entry_candidate,raw_ocr,high,4,915,,dictionary/L/L-02.md,hz-020808-laundryman,sources/Hezareh_Dictionary_Index/source/Hezareh_Part_04_PDF_0751-1000.md#L18798-L18799,True
laureate,laureate,laureate,[],hz-020809,entry_candidate,raw_ocr,medium,4,915,,dictionary/L/L-02.md,hz-020809-laureate,sources/Hezareh_Dictionary_Index/source/Hezareh_Part_04_PDF_0751-1000.md#L18800-L18803,True
laurel,laurel,laurel,[],hz-020810,entry_candidate,raw_ocr,medium,4,915,,dictionary/L/L-02.md,hz-020810-laurel,sources/Hezareh_Dictionary_Index/source/Hezareh_Part_04_PDF_0751-1000.md#L18814-L18815,True
laurel wreath,laurel wreath,laurel wreath,[],hz-020815,entry_candidate,raw_ocr,medium,4,915,,dictionary/L/L-02.md,hz-020815-laurel-wreath,sources/Hezareh_Dictionary_Index/source/Hezareh_Part_04_PDF_0751-1000.md#L18814-L18815,True
laureled,laureled,laureled,[],hz-020813,entry_candidate,raw_ocr,high,4,915,,dictionary/L/L-02.md,hz-020813-laureled,sources/Hezareh_Dictionary_Index/source/Hezareh_Part_04_PDF_0751-1000.md#L18811-L18811,True
laurelled,laurelled,laurelled,[],hz-020814,entry_candidate,raw_ocr,medium,4,915,,dictionary/L/L-02.md,hz-020814-laurelled,sources/Hezareh_Dictionary_Index/source/Hezareh_Part_04_PDF_0751-1000.md#L18812-L18813,True
lav,lav,lav,[],hz-020816,entry_candidate,raw_ocr,low,4,915,,dictionary/L/L-02.md,hz-020816-lav,sources/Hezareh_Dictionary_Index/source/Hezareh_Part_04_PDF_0751-1000.md#L18816-L18816,True
lava,lava,lava,[],hz-020817,entry_candidate,raw_ocr,medium,4,915,,dictionary/L/L-02.md,hz-020817-lava,sources/Hezareh_Dictionary_Index/source/Hezareh_Part_04_PDF_0751-1000.md#L18817-L18817,True
lavatorial,lavatorial,lavatorial,[],hz-020818,entry_candidate,raw_ocr,medium,4,915,,dictionary/L/L-02.md,hz-020818-lavatorial,sources/Hezareh_Dictionary_Index/source/Hezareh_Part_04_PDF_0751-1000.md#L18818-L18819,True
lavatory,lavatory,lavatory,[],hz-020819,entry_candidate,raw_ocr,medium,4,915,,dictionary/L/L-02.md,hz-020819-lavatory,sources/Hezareh_Dictionary_Index/source/Hezareh_Part_04_PDF_0751-1000.md#L18820-L18821,True
lave,lave,lave,[],hz-020820,entry_candidate,raw_ocr,medium,4,915,,dictionary/L/L-02.md,hz-020820-lave,sources/Hezareh_Dictionary_Index/source/Hezareh_Part_04_PDF_0751-1000.md#L18822-L18825,True
lavender,lavender,lavender,[],hz-020821,entry_candidate,raw_ocr,high,4,915,,dictionary/L/L-02.md,hz-020821-lavender,sources/Hezareh_Dictionary_Index/source/Hezareh_Part_04_PDF_0751-1000.md#L18826-L18830,True
lavender water,lavender water,lavender water,[],hz-020822,entry_candidate,raw_ocr,high,4,915,,dictionary/L/L-02.md,hz-020822-lavender-water,sources/Hezareh_Dictionary_Index/source/Hezareh_Part_04_PDF_0751-1000.md#L18826-L18830,True
lavish,lavish,lavish,[],hz-020823,entry_candidate,raw_ocr,high,4,915,,dictionary/L/L-02.md,hz-020823-lavish,sources/Hezareh_Dictionary_Index/source/Hezareh_Part_04_PDF_0751-1000.md#L18831-L18842,True
lavishly,lavishly,lavishly,[],hz-020824,entry_candidate,raw_ocr,hint_only,4,915,,dictionary/L/L-02.md,hz-020824-lavishly,sources/Hezareh_Dictionary_Index/source/Hezareh_Part_04_PDF_0751-1000.md#L18736-L18736,False
law,law,law,[],hz-020825,entry_candidate,raw_ocr,low,4,915,,dictionary/L/L-02.md,hz-020825-law,sources/Hezareh_Dictionary_Index/source/Hezareh_Part_04_PDF_0751-1000.md#L18843-L18844,True
Law Lord,law lord,law lord,[],hz-020835,entry_candidate,raw_ocr,hint_only,4,916,,dictionary/L/L-02.md,hz-020835-law-lord,sources/Hezareh_Dictionary_Index/source/Hezareh_Part_04_PDF_0751-1000.md#L18848-L18848,False
law of averages,law of averages,law of averages,[],hz-020840,entry_candidate,raw_ocr,hint_only,4,916,,dictionary/L/L-02.md,hz-020840-law-of-averages,sources/Hezareh_Dictionary_Index/source/Hezareh_Part_04_PDF_0751-1000.md#L18848-L18848,False
law-abiding,law-abiding,law-abiding,[],hz-020826,entry_candidate,raw_ocr,medium,4,916,,dictionary/L/L-02.md,hz-020826-law-abiding,sources/Hezareh_Dictionary_Index/source/Hezareh_Part_04_PDF_0751-1000.md#L18885-L18886,True
law-giver,law-giver,law-giver,[],hz-020831,entry_candidate,raw_ocr,medium,4,916,,dictionary/L/L-02.md,hz-020831-law-giver,sources/Hezareh_Dictionary_Index/source/Hezareh_Part_04_PDF_0751-1000.md#L18895-L18895,True
law-officer,law-officer,law-officer,[],hz-020841,entry_candidate,raw_ocr,high,4,916,,dictionary/L/L-02.md,hz-020841-law-officer,sources/Hezareh_Dictionary_Index/source/Hezareh_Part_04_PDF_0751-1000.md#L18923-L18925,True
lawbreaker,lawbreaker,lawbreaker,[],hz-020827,entry_candidate,raw_ocr,low,4,916,,dictionary/L/L-02.md,hz-020827-lawbreaker,sources/Hezareh_Dictionary_Index/source/Hezareh_Part_04_PDF_0751-1000.md#L18887-L18887,True
lawcourt,lawcourt,lawcourt,[],hz-020828,entry_candidate,raw_ocr,low,4,916,,dictionary/L/L-02.md,hz-020828-lawcourt,sources/Hezareh_Dictionary_Index/source/Hezareh_Part_04_PDF_0751-1000.md#L18888-L18888,True
lawfufly,lawfufly,lawfufly,[],hz-020830,entry_candidate,raw_ocr,hint_only,4,916,,dictionary/L/L-02.md,hz-020830-lawfufly,sources/Hezareh_Dictionary_Index/source/Hezareh_Part_04_PDF_0751-1000.md#L18848-L18848,False
lawful,lawful,lawful,[],hz-020829,entry_candidate,raw_ocr,low,4,916,,dictionary/L/L-02.md,hz-020829-lawful,sources/Hezareh_Dictionary_Index/source/Hezareh_Part_04_PDF_0751-1000.md#L18889-L18894,True
lawless,lawless,lawless,[],hz-020832,entry_candidate,raw_ocr,medium,4,916,,dictionary/L/L-02.md,hz-020832-lawless,sources/Hezareh_Dictionary_Index/source/Hezareh_Part_04_PDF_0751-1000.md#L18896-L18898,True
lawlessly,lawlessly,lawlessly,[],hz-020833,entry_candidate,raw_ocr,medium,4,916,,dictionary/L/L-02.md,hz-020833-lawlessly,sources/Hezareh_Dictionary_Index/source/Hezareh_Part_04_PDF_0751-1000.md#L18899-L18901,True
lawlessnesS,lawlessness,lawlessness,[],hz-020834,entry_candidate,raw_ocr,low,4,916,,dictionary/L/L-02.md,hz-020834-lawlessness,sources/Hezareh_Dictionary_Index/source/Hezareh_Part_04_PDF_0751-1000.md#L18902-L18913,True
lawmaker,lawmaker,lawmaker,[],hz-020836,entry_candidate,raw_ocr,high,4,916,,dictionary/L/L-02.md,hz-020836-lawmaker,sources/Hezareh_Dictionary_Index/source/Hezareh_Part_04_PDF_0751-1000.md#L18914-L18914,True
lawn,lawn,lawn,[],hz-020837,entry_candidate,raw_ocr,high,4,916,,dictionary/L/L-02.md,hz-020837-lawn,sources/Hezareh_Dictionary_Index/source/Hezareh_Part_04_PDF_0751-1000.md#L18915-L18917,True
lawn tennis,lawn tennis,lawn tennis,[],hz-020839,entry_candidate,raw_ocr,high,4,916,,dictionary/L/L-02.md,hz-020839-lawn-tennis,sources/Hezareh_Dictionary_Index/source/Hezareh_Part_04_PDF_0751-1000.md#L18920-L18922,True
lawnmower,lawnmower,lawnmower,[],hz-020838,entry_candidate,raw_ocr,high,4,916,,dictionary/L/L-02.md,hz-020838-lawnmower,sources/Hezareh_Dictionary_Index/source/Hezareh_Part_04_PDF_0751-1000.md#L18918-L18919,True
lawsuit,lawsuit,lawsuit,[],hz-020842,entry_candidate,raw_ocr,high,4,916,,dictionary/L/L-02.md,hz-020842-lawsuit,sources/Hezareh_Dictionary_Index/source/Hezareh_Part_04_PDF_0751-1000.md#L18926-L18927,True
lawyer,lawyer,lawyer,[],hz-020843,entry_candidate,raw_ocr,high,4,916,,dictionary/L/L-02.md,hz-020843-lawyer,sources/Hezareh_Dictionary_Index/source/Hezareh_Part_04_PDF_0751-1000.md#L18928-L18929,True
lax,lax,lax,[],hz-020844,entry_candidate,raw_ocr,high,4,916,,dictionary/L/L-02.md,hz-020844-lax,sources/Hezareh_Dictionary_Index/source/Hezareh_Part_04_PDF_0751-1000.md#L18930-L18935,True
laxative,laxative,laxative,[],hz-020845,entry_candidate,raw_ocr,high,4,916,,dictionary/L/L-02.md,hz-020845-laxative,sources/Hezareh_Dictionary_Index/source/Hezareh_Part_04_PDF_0751-1000.md#L18936-L18936,True
laxity,laxity,laxity,[],hz-020846,entry_candidate,raw_ocr,high,4,916,,dictionary/L/L-02.md,hz-020846-laxity,sources/Hezareh_Dictionary_Index/source/Hezareh_Part_04_PDF_0751-1000.md#L18937-L18941,True
laxly,laxly,laxly,[],hz-020847,entry_candidate,raw_ocr,high,4,916,,dictionary/L/L-02.md,hz-020847-laxly,sources/Hezareh_Dictionary_Index/source/Hezareh_Part_04_PDF_0751-1000.md#L18942-L18944,True
laxness,laxness,laxness,[],hz-020848,entry_candidate,raw_ocr,high,4,916,,dictionary/L/L-02.md,hz-020848-laxness,sources/Hezareh_Dictionary_Index/source/Hezareh_Part_04_PDF_0751-1000.md#L18945-L18958,True
lay,lay,lay,[],hz-004646,entry_candidate,raw_ocr,medium,1,183,,dictionary/L/L-02.md,hz-004646-lay,sources/Hezareh_Dictionary_Index/source/Hezareh_Part_01_PDF_0001-0250.md#L25426-L25484,True
lay,lay,lay,[],hz-011898,entry_candidate,raw_ocr,medium,2,498,,dictionary/L/L-02.md,hz-011898-lay,sources/Hezareh_Dictionary_Index/source/Hezareh_Part_02_PDF_0251-0500.md#L29044-L29045,True
lay,lay,lay,[],hz-020857,entry_candidate,raw_ocr,high,4,918,,dictionary/L/L-02.md,hz-020857-lay,sources/Hezareh_Dictionary_Index/source/Hezareh_Part_04_PDF_0751-1000.md#L19174-L19175,True
lay,lay,lay,[],hz-029072,entry_candidate,raw_ocr,medium,6,1422,,dictionary/L/L-02.md,hz-029072-lay,sources/Hezareh_Dictionary_Index/source/Hezareh_Part_06_PDF_1251-1500.md#L20032-L20044,True
lay a ghost,lay a ghost,lay a ghost,[],hz-020854,entry_candidate,raw_ocr,medium,4,917,,dictionary/L/L-02.md,hz-020854-lay-a-ghost,sources/Hezareh_Dictionary_Index/source/Hezareh_Part_04_PDF_0751-1000.md#L19061-L19071,True
lay a snare,lay a snare,lay a snare,[],hz-020849,entry_candidate,raw_ocr,medium,4,917,,dictionary/L/L-02.md,hz-020849-lay-a-snare,sources/Hezareh_Dictionary_Index/source/Hezareh_Part_04_PDF_0751-1000.md#L18983-L18996,True
lay down land in,lay down land in,lay down land in,[],hz-020856,entry_candidate,raw_ocr,high,4,918,,dictionary/L/L-02.md,hz-020856-lay-down-land-in,sources/Hezareh_Dictionary_Index/source/Hezareh_Part_04_PDF_0751-1000.md#L19105-L19143,True
lay figure,lay figure,lay figure,[],hz-020863,entry_candidate,raw_ocr,high,4,918,,dictionary/L/L-02.md,hz-020863-lay-figure,sources/Hezareh_Dictionary_Index/source/Hezareh_Part_04_PDF_0751-1000.md#L19174-L19175,True
lay it on thick,lay it on thick,lay it on thick,[],hz-020853,entry_candidate,raw_ocr,medium,4,917,,dictionary/L/L-02.md,hz-020853-lay-it-on-thick,sources/Hezareh_Dictionary_Index/source/Hezareh_Part_04_PDF_0751-1000.md#L19056-L19060,True
lay reader,lay reader,lay reader,[],hz-020868,entry_candidate,raw_ocr,medium,4,919,,dictionary/L/L-02.md,hz-020868-lay-reader,sources/Hezareh_Dictionary_Index/source/Hezareh_Part_04_PDF_0751-1000.md#L19202-L19202,True
lay sb under a,lay sb under a,lay sb under a,[],hz-020850,entry_candidate,raw_ocr,high,4,917,,dictionary/L/L-02.md,hz-020850-lay-sb-under-a,sources/Hezareh_Dictionary_Index/source/Hezareh_Part_04_PDF_0751-1000.md#L18997-L19055,True
lay sth,lay sth,lay sth,[],hz-020855,entry_candidate,raw_ocr,high,4,918,,dictionary/L/L-02.md,hz-020855-lay-sth,sources/Hezareh_Dictionary_Index/source/Hezareh_Part_04_PDF_0751-1000.md#L19144-L19163,True
lay stress I emphasis,lay stress i emphasis,lay stress i emphasis,[],hz-020851,entry_candidate,raw_ocr,hint_only,4,917,,dictionary/L/L-02.md,hz-020851-lay-stress-i-emphasis,sources/Hezareh_Dictionary_Index/source/Hezareh_Part_04_PDF_0751-1000.md#L18962-L18962,False
lay-off,lay-off,lay-off,[],hz-020865,entry_candidate,raw_ocr,high,4,918,,dictionary/L/L-02.md,hz-020865-lay-off,sources/Hezareh_Dictionary_Index/source/Hezareh_Part_04_PDF_0751-1000.md#L19179-L19180,True
lay-over,lay-over,lay-over,[],hz-020867,entry_candidate,raw_ocr,high,4,919,,dictionary/L/L-02.md,hz-020867-lay-over,sources/Hezareh_Dictionary_Index/source/Hezareh_Part_04_PDF_0751-1000.md#L19198-L19201,True
layabout,layabout,layabout,[],hz-020858,entry_candidate,raw_ocr,hint_only,4,918,,dictionary/L/L-02.md,hz-020858-layabout,sources/Hezareh_Dictionary_Index/source/Hezareh_Part_04_PDF_0751-1000.md#L19075-L19075,False
layby,layby,layby,[],hz-020859,entry_candidate,raw_ocr,high,4,918,,dictionary/L/L-02.md,hz-020859-layby,sources/Hezareh_Dictionary_Index/source/Hezareh_Part_04_PDF_0751-1000.md#L19164-L19165,True
layer,layer,layer,[],hz-020860,entry_candidate,raw_ocr,high,4,918,,dictionary/L/L-02.md,hz-020860-layer,sources/Hezareh_Dictionary_Index/source/Hezareh_Part_04_PDF_0751-1000.md#L19166-L19170,True
layer-cake,layer-cake,layer-cake,[],hz-020861,entry_candidate,raw_ocr,high,4,918,,dictionary/L/L-02.md,hz-020861-layer-cake,sources/Hezareh_Dictionary_Index/source/Hezareh_Part_04_PDF_0751-1000.md#L19171-L19172,True
layette,layette,layette,[],hz-020862,entry_candidate,raw_ocr,high,4,918,,dictionary/L/L-02.md,hz-020862-layette,sources/Hezareh_Dictionary_Index/source/Hezareh_Part_04_PDF_0751-1000.md#L19173-L19173,True
layman,layman,layman,[],hz-020864,entry_candidate,raw_ocr,high,4,918,,dictionary/L/L-02.md,hz-020864-layman,sources/Hezareh_Dictionary_Index/source/Hezareh_Part_04_PDF_0751-1000.md#L19176-L19178,True
layout,layout,layout,[],hz-020866,entry_candidate,raw_ocr,high,4,918,,dictionary/L/L-02.md,hz-020866-layout,sources/Hezareh_Dictionary_Index/source/Hezareh_Part_04_PDF_0751-1000.md#L19181-L19185,True
lazar,lazar,lazar,[],hz-020869,entry_candidate,raw_ocr,low,4,919,,dictionary/L/L-02.md,hz-020869-lazar,sources/Hezareh_Dictionary_Index/source/Hezareh_Part_04_PDF_0751-1000.md#L19203-L19203,True
lazaret,lazaret,lazaret,[],hz-020870,entry_candidate,raw_ocr,high,4,919,,dictionary/L/L-02.md,hz-020870-lazaret,sources/Hezareh_Dictionary_Index/source/Hezareh_Part_04_PDF_0751-1000.md#L19204-L19207,True
lazaretto,lazaretto,lazaretto,[],hz-020871,entry_candidate,raw_ocr,low,4,919,,dictionary/L/L-02.md,hz-020871-lazaretto,sources/Hezareh_Dictionary_Index/source/Hezareh_Part_04_PDF_0751-1000.md#L19204-L19207,True
Lazarus,lazarus,lazarus,[],hz-020872,entry_candidate,raw_ocr,low,4,919,,dictionary/L/L-02.md,hz-020872-lazarus,sources/Hezareh_Dictionary_Index/source/Hezareh_Part_04_PDF_0751-1000.md#L19208-L19212,True
laze,laze,laze,[],hz-020873,entry_candidate,raw_ocr,high,4,919,,dictionary/L/L-02.md,hz-020873-laze,sources/Hezareh_Dictionary_Index/source/Hezareh_Part_04_PDF_0751-1000.md#L19213-L19214,True
lazily,lazily,lazily,[],hz-020874,entry_candidate,raw_ocr,medium,4,919,,dictionary/L/L-02.md,hz-020874-lazily,sources/Hezareh_Dictionary_Index/source/Hezareh_Part_04_PDF_0751-1000.md#L19215-L19217,True
lazineSS,laziness,laziness,[],hz-020875,entry_candidate,raw_ocr,medium,4,919,,dictionary/L/L-02.md,hz-020875-laziness,sources/Hezareh_Dictionary_Index/source/Hezareh_Part_04_PDF_0751-1000.md#L19218-L19218,True
lazy,lazy,lazy,[],hz-020876,entry_candidate,raw_ocr,high,4,919,,dictionary/L/L-02.md,hz-020876-lazy,sources/Hezareh_Dictionary_Index/source/Hezareh_Part_04_PDF_0751-1000.md#L19219-L19224,True
lazy Susan,lazy susan,lazy susan,[],hz-020878,entry_candidate,raw_ocr,high,4,919,,dictionary/L/L-02.md,hz-020878-lazy-susan,sources/Hezareh_Dictionary_Index/source/Hezareh_Part_04_PDF_0751-1000.md#L19227-L19229,True
lazybones,lazybones,lazybones,[],hz-020877,entry_candidate,raw_ocr,medium,4,919,,dictionary/L/L-02.md,hz-020877-lazybones,sources/Hezareh_Dictionary_Index/source/Hezareh_Part_04_PDF_0751-1000.md#L19225-L19226,True
lb,lb,lb,[],hz-020879,entry_candidate,raw_ocr,hint_only,4,919,,dictionary/L/L-02.md,hz-020879-lb,sources/Hezareh_Dictionary_Index/source/Hezareh_Part_04_PDF_0751-1000.md#L19189-L19189,False
lbw,lbw,lbw,[],hz-020880,entry_candidate,raw_ocr,high,4,919,,dictionary/L/L-02.md,hz-020880-lbw,sources/Hezareh_Dictionary_Index/source/Hezareh_Part_04_PDF_0751-1000.md#L19230-L19231,True
LCD,lcd,lcd,[],hz-020881,entry_candidate,raw_ocr,low,4,919,,dictionary/L/L-02.md,hz-020881-lcd,sources/Hezareh_Dictionary_Index/source/Hezareh_Part_04_PDF_0751-1000.md#L19232-L19232,True
LCM,lcm,lcm,[],hz-020882,entry_candidate,raw_ocr,high,4,919,,dictionary/L/L-02.md,hz-020882-lcm,sources/Hezareh_Dictionary_Index/source/Hezareh_Part_04_PDF_0751-1000.md#L19233-L19239,True
le,le,le,[],hz-001583,entry_candidate,raw_ocr,hint_only,1,61,,dictionary/L/L-02.md,hz-001583-le,sources/Hezareh_Dictionary_Index/source/Hezareh_Part_01_PDF_0001-0250.md#L8028-L8028,False
le,le,le,[],hz-018110,entry_candidate,raw_ocr,hint_only,4,799,,dictionary/L/L-02.md,hz-018110-le,sources/Hezareh_Dictionary_Index/source/Hezareh_Part_04_PDF_0751-1000.md#L5573-L5573,False
lea,lea,lea,[],hz-020883,entry_candidate,raw_ocr,high,4,919,,dictionary/L/L-02.md,hz-020883-lea,sources/Hezareh_Dictionary_Index/source/Hezareh_Part_04_PDF_0751-1000.md#L19240-L19244,True
LEA,lea,lea,[],hz-020884,entry_candidate,raw_ocr,high,4,919,,dictionary/L/L-02.md,hz-020884-lea,sources/Hezareh_Dictionary_Index/source/Hezareh_Part_04_PDF_0751-1000.md#L19240-L19244,True
leach,leach,leach,[],hz-020885,entry_candidate,raw_ocr,medium,4,919,,dictionary/L/L-02.md,hz-020885-leach,sources/Hezareh_Dictionary_Index/source/Hezareh_Part_04_PDF_0751-1000.md#L19245-L19256,True
lead a,lead a,lead a,[],hz-015132,entry_candidate,raw_ocr,medium,3,660,,dictionary/L/L-02.md,hz-015132-lead-a,sources/Hezareh_Dictionary_Index/source/Hezareh_Part_03_PDF_0501-0750.md#L18377-L18385,True
lead article,lead article,lead article,[],hz-020888,entry_candidate,raw_ocr,hint_only,4,920,,dictionary/L/L-02.md,hz-020888-lead-article,sources/Hezareh_Dictionary_Index/source/Hezareh_Part_04_PDF_0751-1000.md#L19301-L19301,False
lead polsonlnq nea 'porznru,lead polsonlnq nea 'porznru,lead polsonlnq nea 'porznru,[],hz-020903,entry_candidate,raw_ocr,hint_only,4,921,,dictionary/L/L-02.md,hz-020903-lead-polsonlnq-nea-porznru,sources/Hezareh_Dictionary_Index/source/Hezareh_Part_04_PDF_0751-1000.md#L19415-L19415,False
lead shot,lead shot,lead shot,[],hz-020904,entry_candidate,raw_ocr,hint_only,4,921,,dictionary/L/L-02.md,hz-020904-lead-shot,sources/Hezareh_Dictionary_Index/source/Hezareh_Part_04_PDF_0751-1000.md#L19415-L19415,False
lead story,lead story,lead story,[],hz-020905,entry_candidate,raw_ocr,medium,4,921,,dictionary/L/L-02.md,hz-020905-lead-story,sources/Hezareh_Dictionary_Index/source/Hezareh_Part_04_PDF_0751-1000.md#L19434-L19435,True
lead works,lead works,lead works,[],hz-020906,entry_candidate,raw_ocr,medium,4,921,,dictionary/L/L-02.md,hz-020906-lead-works,sources/Hezareh_Dictionary_Index/source/Hezareh_Part_04_PDF_0751-1000.md#L19436-L19436,True
lead-free,lead-free,lead-free,[],hz-020894,entry_candidate,raw_ocr,high,4,920,,dictionary/L/L-02.md,hz-020894-lead-free,sources/Hezareh_Dictionary_Index/source/Hezareh_Part_04_PDF_0751-1000.md#L19388-L19396,True
lead-ore,lead-ore,lead-ore,[],hz-020902,entry_candidate,raw_ocr,medium,4,921,,dictionary/L/L-02.md,hz-020902-lead-ore,sources/Hezareh_Dictionary_Index/source/Hezareh_Part_04_PDF_0751-1000.md#L19429-L19433,True
leaded,leaded,leaded,[],hz-020889,entry_candidate,raw_ocr,high,4,920,,dictionary/L/L-02.md,hz-020889-leaded,sources/Hezareh_Dictionary_Index/source/Hezareh_Part_04_PDF_0751-1000.md#L19365-L19367,True
leaded light,leaded light,leaded light,[],hz-020890,entry_candidate,raw_ocr,high,4,920,,dictionary/L/L-02.md,hz-020890-leaded-light,sources/Hezareh_Dictionary_Index/source/Hezareh_Part_04_PDF_0751-1000.md#L19368-L19369,True
leaden,leaden,leaden,[],hz-020891,entry_candidate,raw_ocr,high,4,920,,dictionary/L/L-02.md,hz-020891-leaden,sources/Hezareh_Dictionary_Index/source/Hezareh_Part_04_PDF_0751-1000.md#L19370-L19382,True
leader,leader,leader,[],hz-020892,entry_candidate,raw_ocr,hint_only,4,920,,dictionary/L/L-02.md,hz-020892-leader,sources/Hezareh_Dictionary_Index/source/Hezareh_Part_04_PDF_0751-1000.md#L19301-L19301,False
leaderlesS,leaderless,leaderless,[],hz-020893,entry_candidate,raw_ocr,high,4,920,,dictionary/L/L-02.md,hz-020893-leaderless,sources/Hezareh_Dictionary_Index/source/Hezareh_Part_04_PDF_0751-1000.md#L19383-L19387,True
leading article,leading article,leading article,[],hz-020895,entry_candidate,raw_ocr,high,4,920,,dictionary/L/L-02.md,hz-020895-leading-article,sources/Hezareh_Dictionary_Index/source/Hezareh_Part_04_PDF_0751-1000.md#L19397-L19398,True
leading edge,leading edge,leading edge,[],hz-020896,entry_candidate,raw_ocr,high,4,920,,dictionary/L/L-02.md,hz-020896-leading-edge,sources/Hezareh_Dictionary_Index/source/Hezareh_Part_04_PDF_0751-1000.md#L19399-L19399,True
leading lady,leading lady,leading lady,[],hz-020897,entry_candidate,raw_ocr,high,4,920,,dictionary/L/L-02.md,hz-020897-leading-lady,sources/Hezareh_Dictionary_Index/source/Hezareh_Part_04_PDF_0751-1000.md#L19400-L19403,True
leading man,leading man,leading man,[],hz-020898,entry_candidate,raw_ocr,high,4,920,,dictionary/L/L-02.md,hz-020898-leading-man,sources/Hezareh_Dictionary_Index/source/Hezareh_Part_04_PDF_0751-1000.md#L19404-L19405,True
leading question,leading question,leading question,[],hz-020899,entry_candidate,raw_ocr,high,4,920,,dictionary/L/L-02.md,hz-020899-leading-question,sources/Hezareh_Dictionary_Index/source/Hezareh_Part_04_PDF_0751-1000.md#L19406-L19411,True
leading-rein,leading-rein,leading-rein,[],hz-020900,entry_candidate,raw_ocr,high,4,921,,dictionary/L/L-02.md,hz-020900-leading-rein,sources/Hezareh_Dictionary_Index/source/Hezareh_Part_04_PDF_0751-1000.md#L19424-L19426,True
leading-strings,leading-strings,leading-strings,[],hz-020901,entry_candidate,raw_ocr,low,4,921,,dictionary/L/L-02.md,hz-020901-leading-strings,sources/Hezareh_Dictionary_Index/source/Hezareh_Part_04_PDF_0751-1000.md#L19427-L19428,True
leaf,leaf,leaf,[],hz-020907,entry_candidate,raw_ocr,medium,4,921,,dictionary/L/L-02.md,hz-020907-leaf,sources/Hezareh_Dictionary_Index/source/Hezareh_Part_04_PDF_0751-1000.md#L19437-L19442,True
leaf-bud,leaf-bud,leaf-bud,[],hz-020910,entry_candidate,raw_ocr,medium,4,921,,dictionary/L/L-02.md,hz-020910-leaf-bud,sources/Hezareh_Dictionary_Index/source/Hezareh_Part_04_PDF_0751-1000.md#L19451-L19451,True
leaf-mould,leaf-mould,leaf-mould,[],hz-020913,entry_candidate,raw_ocr,medium,4,921,,dictionary/L/L-02.md,hz-020913-leaf-mould,sources/Hezareh_Dictionary_Index/source/Hezareh_Part_04_PDF_0751-1000.md#L19457-L19457,True
leafage,leafage,leafage,[],hz-020909,entry_candidate,raw_ocr,low,4,921,,dictionary/L/L-02.md,hz-020909-leafage,sources/Hezareh_Dictionary_Index/source/Hezareh_Part_04_PDF_0751-1000.md#L19450-L19450,True
leafless,leafless,leafless,[],hz-020911,entry_candidate,raw_ocr,low,4,921,,dictionary/L/L-02.md,hz-020911-leafless,sources/Hezareh_Dictionary_Index/source/Hezareh_Part_04_PDF_0751-1000.md#L19452-L19453,True
leaflet,leaflet,leaflet,[],hz-020912,entry_candidate,raw_ocr,medium,4,921,,dictionary/L/L-02.md,hz-020912-leaflet,sources/Hezareh_Dictionary_Index/source/Hezareh_Part_04_PDF_0751-1000.md#L19454-L19456,True
leafy,leafy,leafy,[],hz-020914,entry_candidate,raw_ocr,high,4,921,,dictionary/L/L-02.md,hz-020914-leafy,sources/Hezareh_Dictionary_Index/source/Hezareh_Part_04_PDF_0751-1000.md#L19458-L19470,True
leak,leak,leak,[],hz-020915,entry_candidate,raw_ocr,low,4,921,,dictionary/L/L-02.md,hz-020915-leak,sources/Hezareh_Dictionary_Index/source/Hezareh_Part_04_PDF_0751-1000.md#L19471-L19488,True
leaky,leaky,leaky,[],hz-020917,entry_candidate,raw_ocr,hint_only,4,921,,dictionary/L/L-02.md,hz-020917-leaky,sources/Hezareh_Dictionary_Index/source/Hezareh_Part_04_PDF_0751-1000.md#L19415-L19415,False
lean,lean,lean,[],hz-020918,entry_candidate,raw_ocr,high,4,921,,dictionary/L/L-02.md,hz-020918-lean,sources/Hezareh_Dictionary_Index/source/Hezareh_Part_04_PDF_0751-1000.md#L19508-L19518,True
lean on,lean on,lean on,[],hz-020919,entry_candidate,raw_ocr,medium,4,921,,dictionary/L/L-02.md,hz-020919-lean-on,sources/Hezareh_Dictionary_Index/source/Hezareh_Part_04_PDF_0751-1000.md#L19519-L19523,True
lean-tO,lean-to,lean-to,[],hz-020923,entry_candidate,raw_ocr,medium,4,922,,dictionary/L/L-02.md,hz-020923-lean-to,sources/Hezareh_Dictionary_Index/source/Hezareh_Part_04_PDF_0751-1000.md#L19544-L19559,True
leaning,leaning,leaning,[],hz-020920,entry_candidate,raw_ocr,medium,4,922,,dictionary/L/L-02.md,hz-020920-leaning,sources/Hezareh_Dictionary_Index/source/Hezareh_Part_04_PDF_0751-1000.md#L19537-L19540,True
leanness,leanness,leanness,[],hz-020921,entry_candidate,raw_ocr,medium,4,922,,dictionary/L/L-02.md,hz-020921-leanness,sources/Hezareh_Dictionary_Index/source/Hezareh_Part_04_PDF_0751-1000.md#L19541-L19542,True
leant,leant,leant,[],hz-020922,entry_candidate,raw_ocr,medium,4,922,,dictionary/L/L-02.md,hz-020922-leant,sources/Hezareh_Dictionary_Index/source/Hezareh_Part_04_PDF_0751-1000.md#L19543-L19543,True
leap,leap,leap,[],hz-020924,entry_candidate,raw_ocr,high,4,922,,dictionary/L/L-02.md,hz-020924-leap,sources/Hezareh_Dictionary_Index/source/Hezareh_Part_04_PDF_0751-1000.md#L19560-L19561,True
leap to,leap to,leap to,[],hz-020925,entry_candidate,raw_ocr,medium,4,922,,dictionary/L/L-02.md,hz-020925-leap-to,sources/Hezareh_Dictionary_Index/source/Hezareh_Part_04_PDF_0751-1000.md#L19562-L19570,True
leap-frog,leap-frog,leap-frog,[],hz-020926,entry_candidate,raw_ocr,high,4,922,,dictionary/L/L-02.md,hz-020926-leap-frog,sources/Hezareh_Dictionary_Index/source/Hezareh_Part_04_PDF_0751-1000.md#L19571-L19575,True
leap-year,leap-year,leap-year,[],hz-020928,entry_candidate,raw_ocr,medium,4,922,,dictionary/L/L-02.md,hz-020928-leap-year,sources/Hezareh_Dictionary_Index/source/Hezareh_Part_04_PDF_0751-1000.md#L19577-L19587,True
leapt,leapt,leapt,[],hz-020927,entry_candidate,raw_ocr,high,4,922,,dictionary/L/L-02.md,hz-020927-leapt,sources/Hezareh_Dictionary_Index/source/Hezareh_Part_04_PDF_0751-1000.md#L19576-L19576,True
learn,learn,learn,[],hz-020929,entry_candidate,raw_ocr,high,4,922,,dictionary/L/L-02.md,hz-020929-learn,sources/Hezareh_Dictionary_Index/source/Hezareh_Part_04_PDF_0751-1000.md#L19593-L19597,True
learn the basics of sth,learn the basics of sth,learn the basics of sth,[],hz-002651,entry_candidate,raw_ocr,hint_only,1,100,,dictionary/L/L-02.md,hz-002651-learn-the-basics-of-sth,sources/Hezareh_Dictionary_Index/source/Hezareh_Part_01_PDF_0001-0250.md#L13321-L13321,False
learned,learned,learned,[],hz-020931,entry_candidate,raw_ocr,high,4,922,,dictionary/L/L-02.md,hz-020931-learned,sources/Hezareh_Dictionary_Index/source/Hezareh_Part_04_PDF_0751-1000.md#L19598-L19603,True
learnedly,learnedly,learnedly,[],hz-020932,entry_candidate,raw_ocr,high,4,922,,dictionary/L/L-02.md,hz-020932-learnedly,sources/Hezareh_Dictionary_Index/source/Hezareh_Part_04_PDF_0751-1000.md#L19604-L19605,True
learner,learner,learner,[],hz-020933,entry_candidate,raw_ocr,high,4,922,,dictionary/L/L-02.md,hz-020933-learner,sources/Hezareh_Dictionary_Index/source/Hezareh_Part_04_PDF_0751-1000.md#L19606-L19612,True
learner driver,learner driver,learner driver,[],hz-020934,entry_candidate,raw_ocr,high,4,922,,dictionary/L/L-02.md,hz-020934-learner-driver,sources/Hezareh_Dictionary_Index/source/Hezareh_Part_04_PDF_0751-1000.md#L19613-L19615,True
learning,learning,learning,[],hz-020935,entry_candidate,raw_ocr,high,4,922,,dictionary/L/L-02.md,hz-020935-learning,sources/Hezareh_Dictionary_Index/source/Hezareh_Part_04_PDF_0751-1000.md#L19616-L19626,True
lease,lease,lease,[],hz-020936,entry_candidate,raw_ocr,high,4,922,,dictionary/L/L-02.md,hz-020936-lease,sources/Hezareh_Dictionary_Index/source/Hezareh_Part_04_PDF_0751-1000.md#L19588-L19591,True
lease-lend,lease-lend,lease-lend,[],hz-020940,entry_candidate,raw_ocr,medium,4,923,,dictionary/L/L-02.md,hz-020940-lease-lend,sources/Hezareh_Dictionary_Index/source/Hezareh_Part_04_PDF_0751-1000.md#L19660-L19673,True
leaseback,leaseback,leaseback,[],hz-020939,entry_candidate,raw_ocr,high,4,923,,dictionary/L/L-02.md,hz-020939-leaseback,sources/Hezareh_Dictionary_Index/source/Hezareh_Part_04_PDF_0751-1000.md#L19650-L19658,True
leaseholder,leaseholder,leaseholder,[],hz-020938,entry_candidate,raw_ocr,high,4,923,,dictionary/L/L-02.md,hz-020938-leaseholder,sources/Hezareh_Dictionary_Index/source/Hezareh_Part_04_PDF_0751-1000.md#L19659-L19659,True
least,least,least,[],hz-020941,entry_candidate,raw_ocr,high,4,923,,dictionary/L/L-02.md,hz-020941-least,sources/Hezareh_Dictionary_Index/source/Hezareh_Part_04_PDF_0751-1000.md#L19674-L19690,True
leastways,leastways,leastways,[],hz-020942,entry_candidate,raw_ocr,medium,4,923,,dictionary/L/L-02.md,hz-020942-leastways,sources/Hezareh_Dictionary_Index/source/Hezareh_Part_04_PDF_0751-1000.md#L19691-L19701,True
leatherette,leatherette,leatherette,[],hz-020943,entry_candidate,raw_ocr,low,4,923,,dictionary/L/L-02.md,hz-020943-leatherette,sources/Hezareh_Dictionary_Index/source/Hezareh_Part_04_PDF_0751-1000.md#L19702-L19706,True
leathery,leathery,leathery,[],hz-020946,entry_candidate,raw_ocr,medium,4,923,,dictionary/L/L-02.md,hz-020946-leathery,sources/Hezareh_Dictionary_Index/source/Hezareh_Part_04_PDF_0751-1000.md#L19707-L19738,True
leave,leave,leave,[],hz-002742,entry_candidate,raw_ocr,medium,1,103,,dictionary/L/L-02.md,hz-002742-leave,sources/Hezareh_Dictionary_Index/source/Hezareh_Part_01_PDF_0001-0250.md#L13876-L13935,True
leave,leave,leave,[],hz-020947,entry_candidate,raw_ocr,high,4,923,,dictionary/L/L-02.md,hz-020947-leave,sources/Hezareh_Dictionary_Index/source/Hezareh_Part_04_PDF_0751-1000.md#L19739-L19749,True
leave,leave,leave,[],hz-037802,entry_candidate,raw_ocr,high,8,1905,,dictionary/L/L-02.md,hz-037802-leave,sources/Hezareh_Dictionary_Index/source/Hezareh_Part_08_PDF_1751-1976.md#L18323-L18343,True
leave a bad,leave a bad,leave a bad,[],hz-020950,entry_candidate,raw_ocr,high,4,924,,dictionary/L/L-02.md,hz-020950-leave-a-bad,sources/Hezareh_Dictionary_Index/source/Hezareh_Part_04_PDF_0751-1000.md#L19778-L19837,True
leave a bad,leave a bad,leave a bad,[],hz-023547,entry_candidate,raw_ocr,high,5,1078,,dictionary/L/L-02.md,hz-023547-leave-a-bad,sources/Hezareh_Dictionary_Index/source/Hezareh_Part_05_PDF_1001-1250.md#L9271-L9283,True
leave a bad,leave a bad,leave a bad,[],hz-034343,entry_candidate,raw_ocr,high,7,1721,,dictionary/L/L-02.md,hz-034343-leave-a-bad,sources/Hezareh_Dictionary_Index/source/Hezareh_Part_07_PDF_1501-1750.md#L25787-L25789,True
leave much,leave much,leave much,[],hz-020949,entry_candidate,raw_ocr,high,4,924,,dictionary/L/L-02.md,hz-020949-leave-much,sources/Hezareh_Dictionary_Index/source/Hezareh_Part_04_PDF_0751-1000.md#L19766-L19777,True
leave of absence,leave of absence,leave of absence,[],hz-020955,entry_candidate,raw_ocr,high,4,925,,dictionary/L/L-02.md,hz-020955-leave-of-absence,sources/Hezareh_Dictionary_Index/source/Hezareh_Part_04_PDF_0751-1000.md#L19876-L19878,True
leave sb,leave sb,leave sb,[],hz-023940,entry_candidate,raw_ocr,hint_only,5,1104,,dictionary/L/L-02.md,hz-023940-leave-sb,sources/Hezareh_Dictionary_Index/source/Hezareh_Part_05_PDF_1001-1250.md#L12111-L12111,False
leave sb to himself,leave sb to himself,leave sb to himself,[],hz-020948,entry_candidate,raw_ocr,high,4,923,,dictionary/L/L-02.md,hz-020948-leave-sb-to-himself,sources/Hezareh_Dictionary_Index/source/Hezareh_Part_04_PDF_0751-1000.md#L19739-L19749,True
leaven,leaven,leaven,[],hz-020952,entry_candidate,raw_ocr,high,4,924,,dictionary/L/L-02.md,hz-020952-leaven,sources/Hezareh_Dictionary_Index/source/Hezareh_Part_04_PDF_0751-1000.md#L19849-L19857,True
leavening,leavening,leavening,[],hz-020954,entry_candidate,raw_ocr,high,4,924,,dictionary/L/L-02.md,hz-020954-leavening,sources/Hezareh_Dictionary_Index/source/Hezareh_Part_04_PDF_0751-1000.md#L19858-L19863,True
leaves,leaves,leaves,[],hz-020956,entry_candidate,raw_ocr,high,4,925,,dictionary/L/L-02.md,hz-020956-leaves,sources/Hezareh_Dictionary_Index/source/Hezareh_Part_04_PDF_0751-1000.md#L19879-L19880,True
leavings,leavings,leavings,[],hz-020957,entry_candidate,raw_ocr,low,4,925,,dictionary/L/L-02.md,hz-020957-leavings,sources/Hezareh_Dictionary_Index/source/Hezareh_Part_04_PDF_0751-1000.md#L19881-L19882,True
Lebanese,lebanese,lebanese,[],hz-020958,entry_candidate,raw_ocr,medium,4,925,,dictionary/L/L-02.md,hz-020958-lebanese,sources/Hezareh_Dictionary_Index/source/Hezareh_Part_04_PDF_0751-1000.md#L19883-L19884,True
Lebanon,lebanon,lebanon,[],hz-020959,entry_candidate,raw_ocr,medium,4,925,,dictionary/L/L-02.md,hz-020959-lebanon,sources/Hezareh_Dictionary_Index/source/Hezareh_Part_04_PDF_0751-1000.md#L19885-L19887,True
lecher,lecher,lecher,[],hz-020960,entry_candidate,raw_ocr,hint_only,4,925,,dictionary/L/L-02.md,hz-020960-lecher,sources/Hezareh_Dictionary_Index/source/Hezareh_Part_04_PDF_0751-1000.md#L19867-L19867,False
lecherous,lecherous,lecherous,[],hz-020961,entry_candidate,raw_ocr,medium,4,925,,dictionary/L/L-02.md,hz-020961-lecherous,sources/Hezareh_Dictionary_Index/source/Hezareh_Part_04_PDF_0751-1000.md#L19888-L19890,True
lechery,lechery,lechery,[],hz-020962,entry_candidate,raw_ocr,medium,4,925,,dictionary/L/L-02.md,hz-020962-lechery,sources/Hezareh_Dictionary_Index/source/Hezareh_Part_04_PDF_0751-1000.md#L19891-L19892,True
lectern,lectern,lectern,[],hz-020963,entry_candidate,raw_ocr,medium,4,925,,dictionary/L/L-02.md,hz-020963-lectern,sources/Hezareh_Dictionary_Index/source/Hezareh_Part_04_PDF_0751-1000.md#L19893-L19903,True
lecturer,lecturer,lecturer,[],hz-020964,entry_candidate,raw_ocr,medium,4,925,,dictionary/L/L-02.md,hz-020964-lecturer,sources/Hezareh_Dictionary_Index/source/Hezareh_Part_04_PDF_0751-1000.md#L19904-L19907,True
led,led,led,[],hz-020965,entry_candidate,raw_ocr,medium,4,925,,dictionary/L/L-02.md,hz-020965-led,sources/Hezareh_Dictionary_Index/source/Hezareh_Part_04_PDF_0751-1000.md#L19908-L19915,True
LED,led,led,[],hz-020966,entry_candidate,raw_ocr,medium,4,925,,dictionary/L/L-02.md,hz-020966-led,sources/Hezareh_Dictionary_Index/source/Hezareh_Part_04_PDF_0751-1000.md#L19908-L19915,True
ledger,ledger,ledger,[],hz-020967,entry_candidate,raw_ocr,medium,4,925,,dictionary/L/L-02.md,hz-020967-ledger,sources/Hezareh_Dictionary_Index/source/Hezareh_Part_04_PDF_0751-1000.md#L19916-L19921,True
ledger line,ledger line,ledger line,[],hz-020968,entry_candidate,raw_ocr,medium,4,925,,dictionary/L/L-02.md,hz-020968-ledger-line,sources/Hezareh_Dictionary_Index/source/Hezareh_Part_04_PDF_0751-1000.md#L19916-L19921,True
lee,lee,lee,[],hz-020969,entry_candidate,raw_ocr,medium,4,925,,dictionary/L/L-02.md,hz-020969-lee,sources/Hezareh_Dictionary_Index/source/Hezareh_Part_04_PDF_0751-1000.md#L19943-L19943,True
lee shore,lee shore,lee shore,[],hz-020976,entry_candidate,raw_ocr,hint_only,4,925,,dictionary/L/L-02.md,hz-020976-lee-shore,sources/Hezareh_Dictionary_Index/source/Hezareh_Part_04_PDF_0751-1000.md#L19867-L19867,False
lee side,lee side,lee side,[],hz-020977,entry_candidate,raw_ocr,medium,4,925,,dictionary/L/L-02.md,hz-020977-lee-side,sources/Hezareh_Dictionary_Index/source/Hezareh_Part_04_PDF_0751-1000.md#L19941-L19942,True
lee tide,lee tide,lee tide,[],hz-020978,entry_candidate,raw_ocr,medium,4,925,,dictionary/L/L-02.md,hz-020978-lee-tide,sources/Hezareh_Dictionary_Index/source/Hezareh_Part_04_PDF_0751-1000.md#L19943-L19943,True
leek,leek,leek,[],hz-020971,entry_candidate,raw_ocr,medium,4,925,,dictionary/L/L-02.md,hz-020971-leek,sources/Hezareh_Dictionary_Index/source/Hezareh_Part_04_PDF_0751-1000.md#L19928-L19932,True
leer,leer,leer,[],hz-020972,entry_candidate,raw_ocr,low,4,925,,dictionary/L/L-02.md,hz-020972-leer,sources/Hezareh_Dictionary_Index/source/Hezareh_Part_04_PDF_0751-1000.md#L19933-L19934,True
leery,leery,leery,[],hz-020973,entry_candidate,raw_ocr,low,4,925,,dictionary/L/L-02.md,hz-020973-leery,sources/Hezareh_Dictionary_Index/source/Hezareh_Part_04_PDF_0751-1000.md#L19935-L19936,True
lees,lees,lees,[],hz-020974,entry_candidate,raw_ocr,low,4,925,,dictionary/L/L-02.md,hz-020974-lees,sources/Hezareh_Dictionary_Index/source/Hezareh_Part_04_PDF_0751-1000.md#L19937-L19937,True
leeward,leeward,leeward,[],hz-020979,entry_candidate,raw_ocr,medium,4,925,,dictionary/L/L-02.md,hz-020979-leeward,sources/Hezareh_Dictionary_Index/source/Hezareh_Part_04_PDF_0751-1000.md#L19944-L19947,True
leeway,leeway,leeway,[],hz-020980,entry_candidate,raw_ocr,medium,4,925,,dictionary/L/L-02.md,hz-020980-leeway,sources/Hezareh_Dictionary_Index/source/Hezareh_Part_04_PDF_0751-1000.md#L19948-L19955,True
left,left,left,[],hz-020981,entry_candidate,raw_ocr,high,4,925,,dictionary/L/L-02.md,hz-020981-left,sources/Hezareh_Dictionary_Index/source/Hezareh_Part_04_PDF_0751-1000.md#L19956-L19969,True
left back,left back,left back,[],hz-020982,entry_candidate,raw_ocr,hint_only,4,925,,dictionary/L/L-02.md,hz-020982-left-back,sources/Hezareh_Dictionary_Index/source/Hezareh_Part_04_PDF_0751-1000.md#L19867-L19867,False
left wing,left wing,left wing,[],hz-020993,entry_candidate,raw_ocr,high,4,926,,dictionary/L/L-02.md,hz-020993-left-wing,sources/Hezareh_Dictionary_Index/source/Hezareh_Part_04_PDF_0751-1000.md#L20010-L20011,True
left-hand,left-hand,left-hand,[],hz-020983,entry_candidate,raw_ocr,medium,4,925,,dictionary/L/L-02.md,hz-020983-left-hand,sources/Hezareh_Dictionary_Index/source/Hezareh_Part_04_PDF_0751-1000.md#L19970-L19971,True
left-hand drive,left-hand drive,left-hand drive,[],hz-020984,entry_candidate,raw_ocr,hint_only,4,925,,dictionary/L/L-02.md,hz-020984-left-hand-drive,sources/Hezareh_Dictionary_Index/source/Hezareh_Part_04_PDF_0751-1000.md#L19867-L19867,False
left-handed,left-handed,left-handed,[],hz-020985,entry_candidate,raw_ocr,medium,4,925,,dictionary/L/L-02.md,hz-020985-left-handed,sources/Hezareh_Dictionary_Index/source/Hezareh_Part_04_PDF_0751-1000.md#L19972-L19975,True
left-hander,left-hander,left-hander,[],hz-020986,entry_candidate,raw_ocr,high,4,926,,dictionary/L/L-02.md,hz-020986-left-hander,sources/Hezareh_Dictionary_Index/source/Hezareh_Part_04_PDF_0751-1000.md#L19991-L19992,True
left-luggage office,left-luggage office,left-luggage office,[],hz-020990,entry_candidate,raw_ocr,high,4,926,,dictionary/L/L-02.md,hz-020990-left-luggage-office,sources/Hezareh_Dictionary_Index/source/Hezareh_Part_04_PDF_0751-1000.md#L20001-L20005,True
left-wing,left-wing,left-wing,[],hz-020994,entry_candidate,raw_ocr,high,4,926,,dictionary/L/L-02.md,hz-020994-left-wing,sources/Hezareh_Dictionary_Index/source/Hezareh_Part_04_PDF_0751-1000.md#L20012-L20016,True
leftie,leftie,leftie,[],hz-020987,entry_candidate,raw_ocr,high,4,926,,dictionary/L/L-02.md,hz-020987-leftie,sources/Hezareh_Dictionary_Index/source/Hezareh_Part_04_PDF_0751-1000.md#L19993-L19994,True
leftism,leftism,leftism,[],hz-020988,entry_candidate,raw_ocr,high,4,926,,dictionary/L/L-02.md,hz-020988-leftism,sources/Hezareh_Dictionary_Index/source/Hezareh_Part_04_PDF_0751-1000.md#L19995-L19995,True
leftist,leftist,leftist,[],hz-020989,entry_candidate,raw_ocr,high,4,926,,dictionary/L/L-03.md,hz-020989-leftist,sources/Hezareh_Dictionary_Index/source/Hezareh_Part_04_PDF_0751-1000.md#L19996-L20000,True
leftover,leftover,leftover,[],hz-020991,entry_candidate,raw_ocr,high,4,926,,dictionary/L/L-03.md,hz-020991-leftover,sources/Hezareh_Dictionary_Index/source/Hezareh_Part_04_PDF_0751-1000.md#L20006-L20007,True
leftovers,leftovers,leftovers,[],hz-020992,entry_candidate,raw_ocr,high,4,926,,dictionary/L/L-03.md,hz-020992-leftovers,sources/Hezareh_Dictionary_Index/source/Hezareh_Part_04_PDF_0751-1000.md#L20008-L20009,True
lefty,lefty,lefty,[],hz-020995,entry_candidate,raw_ocr,high,4,926,,dictionary/L/L-03.md,hz-020995-lefty,sources/Hezareh_Dictionary_Index/source/Hezareh_Part_04_PDF_0751-1000.md#L20017-L20017,True
leg,leg,leg,[],hz-020996,entry_candidate,raw_ocr,high,4,926,,dictionary/L/L-03.md,hz-020996-leg,sources/Hezareh_Dictionary_Index/source/Hezareh_Part_04_PDF_0751-1000.md#L20018-L20042,True
leg-pull,leg-pull,leg-pull,[],hz-021036,entry_candidate,raw_ocr,medium,4,928,,dictionary/L/L-03.md,hz-021036-leg-pull,sources/Hezareh_Dictionary_Index/source/Hezareh_Part_04_PDF_0751-1000.md#L20230-L20230,True
leg-pulling,leg-pulling,leg-pulling,[],hz-021037,entry_candidate,raw_ocr,high,4,928,,dictionary/L/L-03.md,hz-021037-leg-pulling,sources/Hezareh_Dictionary_Index/source/Hezareh_Part_04_PDF_0751-1000.md#L20231-L20231,True
leg-room,leg-room,leg-room,[],hz-021038,entry_candidate,raw_ocr,medium,4,928,,dictionary/L/L-03.md,hz-021038-leg-room,sources/Hezareh_Dictionary_Index/source/Hezareh_Part_04_PDF_0751-1000.md#L20232-L20233,True
legacy,legacy,legacy,[],hz-020999,entry_candidate,raw_ocr,high,4,926,,dictionary/L/L-03.md,hz-020999-legacy,sources/Hezareh_Dictionary_Index/source/Hezareh_Part_04_PDF_0751-1000.md#L20075-L20077,True
legal,legal,legal,[],hz-021000,entry_candidate,raw_ocr,high,4,926,,dictionary/L/L-03.md,hz-021000-legal,sources/Hezareh_Dictionary_Index/source/Hezareh_Part_04_PDF_0751-1000.md#L20078-L20089,True
legal aid,legal aid,legal aid,[],hz-021001,entry_candidate,raw_ocr,high,4,927,,dictionary/L/L-03.md,hz-021001-legal-aid,sources/Hezareh_Dictionary_Index/source/Hezareh_Part_04_PDF_0751-1000.md#L20102-L20107,True
legal proceedings,legal proceedings,legal proceedings,[],hz-021009,entry_candidate,raw_ocr,medium,4,927,,dictionary/L/L-03.md,hz-021009-legal-proceedings,sources/Hezareh_Dictionary_Index/source/Hezareh_Part_04_PDF_0751-1000.md#L20127-L20130,True
legal tender,legal tender,legal tender,[],hz-021010,entry_candidate,raw_ocr,hint_only,4,927,,dictionary/L/L-03.md,hz-021010-legal-tender,sources/Hezareh_Dictionary_Index/source/Hezareh_Part_04_PDF_0751-1000.md#L20093-L20093,False
legalisation,legalisation,legalisation,[],hz-021002,entry_candidate,raw_ocr,low,4,927,,dictionary/L/L-03.md,hz-021002-legalisation,sources/Hezareh_Dictionary_Index/source/Hezareh_Part_04_PDF_0751-1000.md#L20108-L20108,True
legalise,legalise,legalise,[],hz-021003,entry_candidate,raw_ocr,high,4,927,,dictionary/L/L-03.md,hz-021003-legalise,sources/Hezareh_Dictionary_Index/source/Hezareh_Part_04_PDF_0751-1000.md#L20110-L20110,True
legalism,legalism,legalism,[],hz-021004,entry_candidate,raw_ocr,medium,4,927,,dictionary/L/L-03.md,hz-021004-legalism,sources/Hezareh_Dictionary_Index/source/Hezareh_Part_04_PDF_0751-1000.md#L20111-L20112,True
legalistic,legalistic,legalistic,[],hz-021005,entry_candidate,raw_ocr,low,4,927,,dictionary/L/L-03.md,hz-021005-legalistic,sources/Hezareh_Dictionary_Index/source/Hezareh_Part_04_PDF_0751-1000.md#L20113-L20114,True
legality,legality,legality,[],hz-021006,entry_candidate,raw_ocr,medium,4,927,,dictionary/L/L-03.md,hz-021006-legality,sources/Hezareh_Dictionary_Index/source/Hezareh_Part_04_PDF_0751-1000.md#L20115-L20126,True
legalization,legalization,legalization,[],hz-021007,entry_candidate,raw_ocr,high,4,927,,dictionary/L/L-03.md,hz-021007-legalization,sources/Hezareh_Dictionary_Index/source/Hezareh_Part_04_PDF_0751-1000.md#L20109-L20109,True
legalize,legalize,legalize,[],hz-021008,entry_candidate,raw_ocr,low,4,927,,dictionary/L/L-03.md,hz-021008-legalize,sources/Hezareh_Dictionary_Index/source/Hezareh_Part_04_PDF_0751-1000.md#L20110-L20110,True
legate,legate,legate,[],hz-021011,entry_candidate,raw_ocr,medium,4,927,,dictionary/L/L-03.md,hz-021011-legate,sources/Hezareh_Dictionary_Index/source/Hezareh_Part_04_PDF_0751-1000.md#L20131-L20131,True
legatee,legatee,legatee,[],hz-021012,entry_candidate,raw_ocr,medium,4,927,,dictionary/L/L-03.md,hz-021012-legatee,sources/Hezareh_Dictionary_Index/source/Hezareh_Part_04_PDF_0751-1000.md#L20132-L20136,True
legation,legation,legation,[],hz-021013,entry_candidate,raw_ocr,hint_only,4,927,,dictionary/L/L-03.md,hz-021013-legation,sources/Hezareh_Dictionary_Index/source/Hezareh_Part_04_PDF_0751-1000.md#L20093-L20093,False
legend,legend,legend,[],hz-021014,entry_candidate,raw_ocr,medium,4,927,,dictionary/L/L-03.md,hz-021014-legend,sources/Hezareh_Dictionary_Index/source/Hezareh_Part_04_PDF_0751-1000.md#L20137-L20144,True
leger line,leger line,leger line,[],hz-021016,entry_candidate,raw_ocr,high,4,927,,dictionary/L/L-03.md,hz-021016-leger-line,sources/Hezareh_Dictionary_Index/source/Hezareh_Part_04_PDF_0751-1000.md#L20147-L20153,True
legerdemain,legerdemain,legerdemain,[],hz-021015,entry_candidate,raw_ocr,medium,4,927,,dictionary/L/L-03.md,hz-021015-legerdemain,sources/Hezareh_Dictionary_Index/source/Hezareh_Part_04_PDF_0751-1000.md#L20145-L20146,True
leggings,leggings,leggings,[],hz-021017,entry_candidate,raw_ocr,medium,4,927,,dictionary/L/L-03.md,hz-021017-leggings,sources/Hezareh_Dictionary_Index/source/Hezareh_Part_04_PDF_0751-1000.md#L20154-L20158,True
leggyl'leg,leggyl'leg,leggyl'leg,[],hz-021018,entry_candidate,raw_ocr,hint_only,4,927,,dictionary/L/L-03.md,hz-021018-leggyl-leg,sources/Hezareh_Dictionary_Index/source/Hezareh_Part_04_PDF_0751-1000.md#L20093-L20093,False
leghorn,leghorn,leghorn,[],hz-021019,entry_candidate,raw_ocr,medium,4,927,,dictionary/L/L-03.md,hz-021019-leghorn,sources/Hezareh_Dictionary_Index/source/Hezareh_Part_04_PDF_0751-1000.md#L20159-L20160,True
legibility,legibility,legibility,[],hz-021020,entry_candidate,raw_ocr,high,4,927,,dictionary/L/L-03.md,hz-021020-legibility,sources/Hezareh_Dictionary_Index/source/Hezareh_Part_04_PDF_0751-1000.md#L20161-L20161,True
legible,legible,legible,[],hz-021021,entry_candidate,raw_ocr,medium,4,927,,dictionary/L/L-03.md,hz-021021-legible,sources/Hezareh_Dictionary_Index/source/Hezareh_Part_04_PDF_0751-1000.md#L20162-L20163,True
legibly,legibly,legibly,[],hz-021022,entry_candidate,raw_ocr,low,4,927,,dictionary/L/L-03.md,hz-021022-legibly,sources/Hezareh_Dictionary_Index/source/Hezareh_Part_04_PDF_0751-1000.md#L20164-L20164,True
legion,legion,legion,[],hz-021023,entry_candidate,raw_ocr,medium,4,927,,dictionary/L/L-03.md,hz-021023-legion,sources/Hezareh_Dictionary_Index/source/Hezareh_Part_04_PDF_0751-1000.md#L20165-L20172,True
legionary,legionary,legionary,[],hz-021024,entry_candidate,raw_ocr,high,4,927,,dictionary/L/L-03.md,hz-021024-legionary,sources/Hezareh_Dictionary_Index/source/Hezareh_Part_04_PDF_0751-1000.md#L20173-L20178,True
legislate,legislate,legislate,[],hz-021025,entry_candidate,raw_ocr,hint_only,4,927,,dictionary/L/L-03.md,hz-021025-legislate,sources/Hezareh_Dictionary_Index/source/Hezareh_Part_04_PDF_0751-1000.md#L20093-L20093,False
legislation,legislation,legislation,[],hz-021026,entry_candidate,raw_ocr,medium,4,927,,dictionary/L/L-03.md,hz-021026-legislation,sources/Hezareh_Dictionary_Index/source/Hezareh_Part_04_PDF_0751-1000.md#L20179-L20180,True
legislative,legislative,legislative,[],hz-021027,entry_candidate,raw_ocr,medium,4,927,,dictionary/L/L-03.md,hz-021027-legislative,sources/Hezareh_Dictionary_Index/source/Hezareh_Part_04_PDF_0751-1000.md#L20181-L20184,True
legislator,legislator,legislator,[],hz-021028,entry_candidate,raw_ocr,medium,4,927,,dictionary/L/L-03.md,hz-021028-legislator,sources/Hezareh_Dictionary_Index/source/Hezareh_Part_04_PDF_0751-1000.md#L20185-L20186,True
legislature,legislature,legislature,[],hz-021029,entry_candidate,raw_ocr,medium,4,927,,dictionary/L/L-03.md,hz-021029-legislature,sources/Hezareh_Dictionary_Index/source/Hezareh_Part_04_PDF_0751-1000.md#L20187-L20190,True
legitimacy,legitimacy,legitimacy,[],hz-021030,entry_candidate,raw_ocr,low,4,927,,dictionary/L/L-03.md,hz-021030-legitimacy,sources/Hezareh_Dictionary_Index/source/Hezareh_Part_04_PDF_0751-1000.md#L20191-L20201,True
legitimately,legitimately,legitimately,[],hz-021031,entry_candidate,raw_ocr,medium,4,928,,dictionary/L/L-03.md,hz-021031-legitimately,sources/Hezareh_Dictionary_Index/source/Hezareh_Part_04_PDF_0751-1000.md#L20216-L20219,True
legitimatise I lr'dnnmatarz,legitimatise i lr'dnnmatarz,legitimatise i lr'dnnmatarz,[],hz-021032,entry_candidate,raw_ocr,hint_only,4,928,,dictionary/L/L-03.md,hz-021032-legitimatise-i-lr-dnnmatarz,sources/Hezareh_Dictionary_Index/source/Hezareh_Part_04_PDF_0751-1000.md#L20205-L20205,False
legitimatize,legitimatize,legitimatize,[],hz-021033,entry_candidate,raw_ocr,high,4,928,,dictionary/L/L-03.md,hz-021033-legitimatize,sources/Hezareh_Dictionary_Index/source/Hezareh_Part_04_PDF_0751-1000.md#L20220-L20226,True
legless,legless,legless,[],hz-021034,entry_candidate,raw_ocr,low,4,928,,dictionary/L/L-03.md,hz-021034-legless,sources/Hezareh_Dictionary_Index/source/Hezareh_Part_04_PDF_0751-1000.md#L20227-L20228,True
Lego,lego,lego,[],hz-021035,entry_candidate,raw_ocr,low,4,928,,dictionary/L/L-03.md,hz-021035-lego,sources/Hezareh_Dictionary_Index/source/Hezareh_Part_04_PDF_0751-1000.md#L20229-L20229,True
legumes,legumes,legumes,[],hz-021039,entry_candidate,raw_ocr,medium,4,928,,dictionary/L/L-03.md,hz-021039-legumes,sources/Hezareh_Dictionary_Index/source/Hezareh_Part_04_PDF_0751-1000.md#L20234-L20234,True
leguminOUS,leguminous,leguminous,[],hz-021040,entry_candidate,raw_ocr,medium,4,928,,dictionary/L/L-03.md,hz-021040-leguminous,sources/Hezareh_Dictionary_Index/source/Hezareh_Part_04_PDF_0751-1000.md#L20235-L20237,True
lei,lei,lei,[],hz-021041,entry_candidate,raw_ocr,medium,4,928,,dictionary/L/L-03.md,hz-021041-lei,sources/Hezareh_Dictionary_Index/source/Hezareh_Part_04_PDF_0751-1000.md#L20238-L20248,True
leisure,leisure,leisure,[],hz-021042,entry_candidate,raw_ocr,high,4,928,,dictionary/L/L-03.md,hz-021042-leisure,sources/Hezareh_Dictionary_Index/source/Hezareh_Part_04_PDF_0751-1000.md#L20249-L20250,True
leisure centre,leisure centre,leisure centre,[],hz-021043,entry_candidate,raw_ocr,high,4,928,,dictionary/L/L-03.md,hz-021043-leisure-centre,sources/Hezareh_Dictionary_Index/source/Hezareh_Part_04_PDF_0751-1000.md#L20249-L20250,True
leisured,leisured,leisured,[],hz-021044,entry_candidate,raw_ocr,medium,4,928,,dictionary/L/L-03.md,hz-021044-leisured,sources/Hezareh_Dictionary_Index/source/Hezareh_Part_04_PDF_0751-1000.md#L20251-L20254,True
leisurely,leisurely,leisurely,[],hz-021045,entry_candidate,raw_ocr,high,4,928,,dictionary/L/L-03.md,hz-021045-leisurely,sources/Hezareh_Dictionary_Index/source/Hezareh_Part_04_PDF_0751-1000.md#L20255-L20266,True
leitmotif,leitmotif,leitmotif,[],hz-021046,entry_candidate,raw_ocr,high,4,928,,dictionary/L/L-03.md,hz-021046-leitmotif,sources/Hezareh_Dictionary_Index/source/Hezareh_Part_04_PDF_0751-1000.md#L20267-L20267,True
leitmotiv,leitmotiv,leitmotiv,[],hz-021047,entry_candidate,raw_ocr,high,4,928,,dictionary/L/L-03.md,hz-021047-leitmotiv,sources/Hezareh_Dictionary_Index/source/Hezareh_Part_04_PDF_0751-1000.md#L20268-L20269,True
lemming,lemming,lemming,[],hz-021048,entry_candidate,raw_ocr,high,4,928,,dictionary/L/L-03.md,hz-021048-lemming,sources/Hezareh_Dictionary_Index/source/Hezareh_Part_04_PDF_0751-1000.md#L20270-L20273,True
lemon,lemon,lemon,[],hz-021049,entry_candidate,raw_ocr,high,4,928,,dictionary/L/L-03.md,hz-021049-lemon,sources/Hezareh_Dictionary_Index/source/Hezareh_Part_04_PDF_0751-1000.md#L20277-L20277,True
lemon curd,lemon curd,lemon curd,[],hz-021051,entry_candidate,raw_ocr,high,4,928,,dictionary/L/L-03.md,hz-021051-lemon-curd,sources/Hezareh_Dictionary_Index/source/Hezareh_Part_04_PDF_0751-1000.md#L20275-L20276,True
lemon sole,lemon sole,lemon sole,[],hz-021052,entry_candidate,raw_ocr,high,4,928,,dictionary/L/L-03.md,hz-021052-lemon-sole,sources/Hezareh_Dictionary_Index/source/Hezareh_Part_04_PDF_0751-1000.md#L20277-L20277,True
lemon squash,lemon squash,lemon squash,[],hz-021053,entry_candidate,raw_ocr,high,4,928,,dictionary/L/L-03.md,hz-021053-lemon-squash,sources/Hezareh_Dictionary_Index/source/Hezareh_Part_04_PDF_0751-1000.md#L20278-L20278,True
lemon squeezer,lemon squeezer,lemon squeezer,[],hz-021054,entry_candidate,raw_ocr,high,4,928,,dictionary/L/L-03.md,hz-021054-lemon-squeezer,sources/Hezareh_Dictionary_Index/source/Hezareh_Part_04_PDF_0751-1000.md#L20279-L20280,True
lemonade,lemonade,lemonade,[],hz-021050,entry_candidate,raw_ocr,high,4,928,,dictionary/L/L-03.md,hz-021050-lemonade,sources/Hezareh_Dictionary_Index/source/Hezareh_Part_04_PDF_0751-1000.md#L20274-L20274,True
lemur,lemur,lemur,[],hz-021055,entry_candidate,raw_ocr,high,4,928,,dictionary/L/L-03.md,hz-021055-lemur,sources/Hezareh_Dictionary_Index/source/Hezareh_Part_04_PDF_0751-1000.md#L20281-L20281,True
lend,lend,lend,[],hz-021056,entry_candidate,raw_ocr,high,4,928,,dictionary/L/L-03.md,hz-021056-lend,sources/Hezareh_Dictionary_Index/source/Hezareh_Part_04_PDF_0751-1000.md#L20282-L20294,True
lender,lender,lender,[],hz-021057,entry_candidate,raw_ocr,high,4,928,,dictionary/L/L-03.md,hz-021057-lender,sources/Hezareh_Dictionary_Index/source/Hezareh_Part_04_PDF_0751-1000.md#L20295-L20298,True
lending,lending,lending,[],hz-021058,entry_candidate,raw_ocr,high,4,928,,dictionary/L/L-03.md,hz-021058-lending,sources/Hezareh_Dictionary_Index/source/Hezareh_Part_04_PDF_0751-1000.md#L20299-L20315,True
lending library,lending library,lending library,[],hz-021059,entry_candidate,raw_ocr,high,4,928,,dictionary/L/L-03.md,hz-021059-lending-library,sources/Hezareh_Dictionary_Index/source/Hezareh_Part_04_PDF_0751-1000.md#L20299-L20315,True
lengthen,lengthen,lengthen,[],hz-021060,entry_candidate,raw_ocr,high,4,929,,dictionary/L/L-03.md,hz-021060-lengthen,sources/Hezareh_Dictionary_Index/source/Hezareh_Part_04_PDF_0751-1000.md#L20328-L20353,True
lengthways,lengthways,lengthways,[],hz-021061,entry_candidate,raw_ocr,medium,4,929,,dictionary/L/L-03.md,hz-021061-lengthways,sources/Hezareh_Dictionary_Index/source/Hezareh_Part_04_PDF_0751-1000.md#L20354-L20356,True
lengthwise,lengthwise,lengthwise,[],hz-021062,entry_candidate,raw_ocr,high,4,929,,dictionary/L/L-03.md,hz-021062-lengthwise,sources/Hezareh_Dictionary_Index/source/Hezareh_Part_04_PDF_0751-1000.md#L20357-L20358,True
lengthy,lengthy,lengthy,[],hz-021063,entry_candidate,raw_ocr,high,4,929,,dictionary/L/L-03.md,hz-021063-lengthy,sources/Hezareh_Dictionary_Index/source/Hezareh_Part_04_PDF_0751-1000.md#L20359-L20370,True
lenience,lenience,lenience,[],hz-021064,entry_candidate,raw_ocr,low,4,929,,dictionary/L/L-03.md,hz-021064-lenience,sources/Hezareh_Dictionary_Index/source/Hezareh_Part_04_PDF_0751-1000.md#L20371-L20372,True
leniency,leniency,leniency,[],hz-021065,entry_candidate,raw_ocr,high,4,929,,dictionary/L/L-03.md,hz-021065-leniency,sources/Hezareh_Dictionary_Index/source/Hezareh_Part_04_PDF_0751-1000.md#L20371-L20372,True
lenient,lenient,lenient,[],hz-021066,entry_candidate,raw_ocr,medium,4,929,,dictionary/L/L-03.md,hz-021066-lenient,sources/Hezareh_Dictionary_Index/source/Hezareh_Part_04_PDF_0751-1000.md#L20373-L20382,True
leniently,leniently,leniently,[],hz-021067,entry_candidate,raw_ocr,hint_only,4,929,,dictionary/L/L-03.md,hz-021067-leniently,sources/Hezareh_Dictionary_Index/source/Hezareh_Part_04_PDF_0751-1000.md#L20319-L20319,False
lenity,lenity,lenity,[],hz-021068,entry_candidate,raw_ocr,low,4,929,,dictionary/L/L-03.md,hz-021068-lenity,sources/Hezareh_Dictionary_Index/source/Hezareh_Part_04_PDF_0751-1000.md#L20383-L20386,True
lenS,lens,lens,[],hz-021069,entry_candidate,raw_ocr,medium,4,929,,dictionary/L/L-03.md,hz-021069-lens,sources/Hezareh_Dictionary_Index/source/Hezareh_Part_04_PDF_0751-1000.md#L20387-L20390,True
lent,lent,lent,[],hz-021070,entry_candidate,raw_ocr,high,4,929,,dictionary/L/L-03.md,hz-021070-lent,sources/Hezareh_Dictionary_Index/source/Hezareh_Part_04_PDF_0751-1000.md#L20391-L20403,True
Lent lily,lent lily,lent lily,[],hz-021072,entry_candidate,raw_ocr,high,4,929,,dictionary/L/L-03.md,hz-021072-lent-lily,sources/Hezareh_Dictionary_Index/source/Hezareh_Part_04_PDF_0751-1000.md#L20404-L20405,True
Lenten I 'lenton,lenten i 'lenton,lenten i 'lenton,[],hz-021071,entry_candidate,raw_ocr,hint_only,4,929,,dictionary/L/L-03.md,hz-021071-lenten-i-lenton,sources/Hezareh_Dictionary_Index/source/Hezareh_Part_04_PDF_0751-1000.md#L20319-L20319,False
lento,lento,lento,[],hz-021073,entry_candidate,raw_ocr,medium,4,929,,dictionary/L/L-03.md,hz-021073-lento,sources/Hezareh_Dictionary_Index/source/Hezareh_Part_04_PDF_0751-1000.md#L20406-L20407,True
LeO,leo,leo,[],hz-021074,entry_candidate,raw_ocr,high,4,929,,dictionary/L/L-03.md,hz-021074-leo,sources/Hezareh_Dictionary_Index/source/Hezareh_Part_04_PDF_0751-1000.md#L20408-L20419,True
leopard,leopard,leopard,[],hz-021075,entry_candidate,raw_ocr,high,4,929,,dictionary/L/L-03.md,hz-021075-leopard,sources/Hezareh_Dictionary_Index/source/Hezareh_Part_04_PDF_0751-1000.md#L20420-L20420,True
leopardess,leopardess,leopardess,[],hz-021076,entry_candidate,raw_ocr,high,4,929,,dictionary/L/L-03.md,hz-021076-leopardess,sources/Hezareh_Dictionary_Index/source/Hezareh_Part_04_PDF_0751-1000.md#L20421-L20424,True
leper,leper,leper,[],hz-021077,entry_candidate,raw_ocr,hint_only,4,929,,dictionary/L/L-03.md,hz-021077-leper,sources/Hezareh_Dictionary_Index/source/Hezareh_Part_04_PDF_0751-1000.md#L20319-L20319,False
leprechaun,leprechaun,leprechaun,[],hz-021078,entry_candidate,raw_ocr,high,4,929,,dictionary/L/L-03.md,hz-021078-leprechaun,sources/Hezareh_Dictionary_Index/source/Hezareh_Part_04_PDF_0751-1000.md#L20425-L20425,True
leprosy,leprosy,leprosy,[],hz-021079,entry_candidate,raw_ocr,high,4,929,,dictionary/L/L-03.md,hz-021079-leprosy,sources/Hezareh_Dictionary_Index/source/Hezareh_Part_04_PDF_0751-1000.md#L20426-L20426,True
leproUS,leprous,leprous,[],hz-021080,entry_candidate,raw_ocr,high,4,929,,dictionary/L/L-03.md,hz-021080-leprous,sources/Hezareh_Dictionary_Index/source/Hezareh_Part_04_PDF_0751-1000.md#L20427-L20427,True
lesbian,lesbian,lesbian,[],hz-021081,entry_candidate,raw_ocr,high,4,929,,dictionary/L/L-03.md,hz-021081-lesbian,sources/Hezareh_Dictionary_Index/source/Hezareh_Part_04_PDF_0751-1000.md#L20428-L20430,True
lesbianism,lesbianism,lesbianism,[],hz-021082,entry_candidate,raw_ocr,high,4,929,,dictionary/L/L-03.md,hz-021082-lesbianism,sources/Hezareh_Dictionary_Index/source/Hezareh_Part_04_PDF_0751-1000.md#L20431-L20453,True
lese-maleste,lese-maleste,lese-maleste,[],hz-021083,entry_candidate,raw_ocr,hint_only,4,929,,dictionary/L/L-03.md,hz-021083-lese-maleste,sources/Hezareh_Dictionary_Index/source/Hezareh_Part_04_PDF_0751-1000.md#L20319-L20319,False
less Iles,less iles,less iles,[],hz-021085,entry_candidate,raw_ocr,hint_only,4,929,,dictionary/L/L-03.md,hz-021085-less-iles,sources/Hezareh_Dictionary_Index/source/Hezareh_Part_04_PDF_0751-1000.md#L20319-L20319,False
lessee,lessee,lessee,[],hz-021089,entry_candidate,raw_ocr,low,4,930,,dictionary/L/L-03.md,hz-021089-lessee,sources/Hezareh_Dictionary_Index/source/Hezareh_Part_04_PDF_0751-1000.md#L20485-L20485,True
lessen,lessen,lessen,[],hz-021090,entry_candidate,raw_ocr,medium,4,930,,dictionary/L/L-03.md,hz-021090-lessen,sources/Hezareh_Dictionary_Index/source/Hezareh_Part_04_PDF_0751-1000.md#L20486-L20491,True
lessening,lessening,lessening,[],hz-021087,entry_candidate,raw_ocr,medium,4,930,,dictionary/L/L-03.md,hz-021087-lessening,sources/Hezareh_Dictionary_Index/source/Hezareh_Part_04_PDF_0751-1000.md#L20492-L20493,True
lesser,lesser,lesser,[],hz-021088,entry_candidate,raw_ocr,medium,4,930,,dictionary/L/L-03.md,hz-021088-lesser,sources/Hezareh_Dictionary_Index/source/Hezareh_Part_04_PDF_0751-1000.md#L20494-L20499,True
lesson,lesson,lesson,[],hz-021091,entry_candidate,raw_ocr,medium,4,930,,dictionary/L/L-03.md,hz-021091-lesson,sources/Hezareh_Dictionary_Index/source/Hezareh_Part_04_PDF_0751-1000.md#L20500-L20506,True
lessor,lessor,lessor,[],hz-021092,entry_candidate,raw_ocr,hint_only,4,930,,dictionary/L/L-03.md,hz-021092-lessor,sources/Hezareh_Dictionary_Index/source/Hezareh_Part_04_PDF_0751-1000.md#L20471-L20471,False
lest,lest,lest,[],hz-021093,entry_candidate,raw_ocr,medium,4,930,,dictionary/L/L-03.md,hz-021093-lest,sources/Hezareh_Dictionary_Index/source/Hezareh_Part_04_PDF_0751-1000.md#L20507-L20539,True
let,let,let,[],hz-000951,entry_candidate,raw_ocr,high,1,41,,dictionary/L/L-03.md,hz-000951-let,sources/Hezareh_Dictionary_Index/source/Hezareh_Part_01_PDF_0001-0250.md#L5120-L5123,True
Let,let,let,[],hz-000952,entry_candidate,raw_ocr,high,1,41,,dictionary/L/L-03.md,hz-000952-let,sources/Hezareh_Dictionary_Index/source/Hezareh_Part_01_PDF_0001-0250.md#L5120-L5123,True
let,let,let,[],hz-021098,entry_candidate,raw_ocr,high,4,931,,dictionary/L/L-03.md,hz-021098-let,sources/Hezareh_Dictionary_Index/source/Hezareh_Part_04_PDF_0751-1000.md#L20618-L20677,True
let drive at sb,let drive at sb,let drive at sb,[],hz-011112,entry_candidate,raw_ocr,medium,2,461,,dictionary/L/L-03.md,hz-011112-let-drive-at-sb,sources/Hezareh_Dictionary_Index/source/Hezareh_Part_02_PDF_0251-0500.md#L24934-L24941,True
let fly at sb,let fly at sb,let fly at sb,[],hz-014055,entry_candidate,raw_ocr,medium,3,609,,dictionary/L/L-03.md,hz-014055-let-fly-at-sb,sources/Hezareh_Dictionary_Index/source/Hezareh_Part_03_PDF_0501-0750.md#L12591-L12601,True
let go,let go,let go,[],hz-017390,entry_candidate,raw_ocr,high,4,771,,dictionary/L/L-03.md,hz-017390-let-go,sources/Hezareh_Dictionary_Index/source/Hezareh_Part_04_PDF_0751-1000.md#L2462-L2476,True
Let me see,let me see,let me see,[],hz-021096,entry_candidate,raw_ocr,high,4,930,,dictionary/L/L-03.md,hz-021096-let-me-see,sources/Hezareh_Dictionary_Index/source/Hezareh_Part_04_PDF_0751-1000.md#L20561-L20581,True
Let me strike a note of hopefulness,let me strike a note of hopefulness,let me strike a note of hopefulness,[],hz-024252,entry_candidate,raw_ocr,high,5,1126,,dictionary/L/L-03.md,hz-024252-let-me-strike-a-note-of-hopefulness,sources/Hezareh_Dictionary_Index/source/Hezareh_Part_05_PDF_1001-1250.md#L14690-L14710,True
let sb,let sb,let sb,[],hz-021095,entry_candidate,raw_ocr,high,4,930,,dictionary/L/L-03.md,hz-021095-let-sb,sources/Hezareh_Dictionary_Index/source/Hezareh_Part_04_PDF_0751-1000.md#L20540-L20560,True
let's,let's,let's,[],hz-021107,entry_candidate,raw_ocr,medium,4,931,,dictionary/L/L-03.md,hz-021107-let-s,sources/Hezareh_Dictionary_Index/source/Hezareh_Part_04_PDF_0751-1000.md#L20710-L20719,True
let-down,let-down,let-down,[],hz-021099,entry_candidate,raw_ocr,high,4,931,,dictionary/L/L-03.md,hz-021099-let-down,sources/Hezareh_Dictionary_Index/source/Hezareh_Part_04_PDF_0751-1000.md#L20682-L20684,True
let-out,let-out,let-out,[],hz-021106,entry_candidate,raw_ocr,medium,4,931,,dictionary/L/L-03.md,hz-021106-let-out,sources/Hezareh_Dictionary_Index/source/Hezareh_Part_04_PDF_0751-1000.md#L20709-L20709,True
let-up,let-up,let-up,[],hz-021122,entry_candidate,raw_ocr,high,4,932,,dictionary/L/L-03.md,hz-021122-let-up,sources/Hezareh_Dictionary_Index/source/Hezareh_Part_04_PDF_0751-1000.md#L20769-L20770,True
lethal,lethal,lethal,[],hz-021100,entry_candidate,raw_ocr,high,4,931,,dictionary/L/L-03.md,hz-021100-lethal,sources/Hezareh_Dictionary_Index/source/Hezareh_Part_04_PDF_0751-1000.md#L20685-L20688,True
lethally,lethally,lethally,[],hz-021101,entry_candidate,raw_ocr,low,4,931,,dictionary/L/L-03.md,hz-021101-lethally,sources/Hezareh_Dictionary_Index/source/Hezareh_Part_04_PDF_0751-1000.md#L20689-L20692,True
lethargic,lethargic,lethargic,[],hz-021102,entry_candidate,raw_ocr,high,4,931,,dictionary/L/L-03.md,hz-021102-lethargic,sources/Hezareh_Dictionary_Index/source/Hezareh_Part_04_PDF_0751-1000.md#L20693-L20697,True
lethargically,lethargically,lethargically,[],hz-021103,entry_candidate,raw_ocr,medium,4,931,,dictionary/L/L-03.md,hz-021103-lethargically,sources/Hezareh_Dictionary_Index/source/Hezareh_Part_04_PDF_0751-1000.md#L20698-L20701,True
lethargy,lethargy,lethargy,[],hz-021104,entry_candidate,raw_ocr,high,4,931,,dictionary/L/L-03.md,hz-021104-lethargy,sources/Hezareh_Dictionary_Index/source/Hezareh_Part_04_PDF_0751-1000.md#L20702-L20705,True
Lethe,lethe,lethe,[],hz-021105,entry_candidate,raw_ocr,low,4,931,,dictionary/L/L-03.md,hz-021105-lethe,sources/Hezareh_Dictionary_Index/source/Hezareh_Part_04_PDF_0751-1000.md#L20706-L20708,True
letsth,letsth,letsth,[],hz-021097,entry_candidate,raw_ocr,hint_only,4,930,,dictionary/L/L-03.md,hz-021097-letsth,sources/Hezareh_Dictionary_Index/source/Hezareh_Part_04_PDF_0751-1000.md#L20471-L20471,False
letter,letter,letter,[],hz-021108,entry_candidate,raw_ocr,low,4,931,,dictionary/L/L-03.md,hz-021108-letter,sources/Hezareh_Dictionary_Index/source/Hezareh_Part_04_PDF_0751-1000.md#L20720-L20722,True
letter of advice,letter of advice,letter of advice,[],hz-021116,entry_candidate,raw_ocr,high,4,932,,dictionary/L/L-03.md,hz-021116-letter-of-advice,sources/Hezareh_Dictionary_Index/source/Hezareh_Part_04_PDF_0751-1000.md#L20757-L20758,True
letter-bombi'leta born,letter-bombi'leta born,letter-bombi'leta born,[],hz-021109,entry_candidate,raw_ocr,hint_only,4,932,,dictionary/L/L-03.md,hz-021109-letter-bombi-leta-born,sources/Hezareh_Dictionary_Index/source/Hezareh_Part_04_PDF_0751-1000.md#L20726-L20726,False
letter-box,letter-box,letter-box,[],hz-021110,entry_candidate,raw_ocr,high,4,932,,dictionary/L/L-03.md,hz-021110-letter-box,sources/Hezareh_Dictionary_Index/source/Hezareh_Part_04_PDF_0751-1000.md#L20744-L20745,True
letter-card,letter-card,letter-card,[],hz-021111,entry_candidate,raw_ocr,high,4,932,,dictionary/L/L-03.md,hz-021111-letter-card,sources/Hezareh_Dictionary_Index/source/Hezareh_Part_04_PDF_0751-1000.md#L20746-L20747,True
letter-case nee km,letter-case nee km,letter-case nee km,[],hz-021112,entry_candidate,raw_ocr,hint_only,4,932,,dictionary/L/L-03.md,hz-021112-letter-case-nee-km,sources/Hezareh_Dictionary_Index/source/Hezareh_Part_04_PDF_0751-1000.md#L20726-L20726,False
letter-perfect,letter-perfect,letter-perfect,[],hz-021117,entry_candidate,raw_ocr,high,4,932,,dictionary/L/L-03.md,hz-021117-letter-perfect,sources/Hezareh_Dictionary_Index/source/Hezareh_Part_04_PDF_0751-1000.md#L20759-L20763,True
lettered,lettered,lettered,[],hz-021113,entry_candidate,raw_ocr,high,4,932,,dictionary/L/L-03.md,hz-021113-lettered,sources/Hezareh_Dictionary_Index/source/Hezareh_Part_04_PDF_0751-1000.md#L20748-L20756,True
letterheadi'letahed,letterheadi'letahed,letterheadi'letahed,[],hz-021114,entry_candidate,raw_ocr,hint_only,4,932,,dictionary/L/L-03.md,hz-021114-letterheadi-letahed,sources/Hezareh_Dictionary_Index/source/Hezareh_Part_04_PDF_0751-1000.md#L20726-L20726,False
letteringi'letamJ,letteringi'letamj,letteringi'letamj,[],hz-021115,entry_candidate,raw_ocr,hint_only,4,932,,dictionary/L/L-03.md,hz-021115-letteringi-letamj,sources/Hezareh_Dictionary_Index/source/Hezareh_Part_04_PDF_0751-1000.md#L20726-L20726,False
letterpress,letterpress,letterpress,[],hz-021119,entry_candidate,raw_ocr,high,4,932,,dictionary/L/L-03.md,hz-021119-letterpress,sources/Hezareh_Dictionary_Index/source/Hezareh_Part_04_PDF_0751-1000.md#L20764-L20765,True
letting,letting,letting,[],hz-021120,entry_candidate,raw_ocr,high,4,932,,dictionary/L/L-03.md,hz-021120-letting,sources/Hezareh_Dictionary_Index/source/Hezareh_Part_04_PDF_0751-1000.md#L20766-L20768,True
lettuce I 'lens,lettuce i 'lens,lettuce i 'lens,[],hz-021121,entry_candidate,raw_ocr,hint_only,4,932,,dictionary/L/L-03.md,hz-021121-lettuce-i-lens,sources/Hezareh_Dictionary_Index/source/Hezareh_Part_04_PDF_0751-1000.md#L20726-L20726,False
leucocyte,leucocyte,leucocyte,[],hz-021123,entry_candidate,raw_ocr,high,4,932,,dictionary/L/L-03.md,hz-021123-leucocyte,sources/Hezareh_Dictionary_Index/source/Hezareh_Part_04_PDF_0751-1000.md#L20771-L20772,True
leucotomy,leucotomy,leucotomy,[],hz-021124,entry_candidate,raw_ocr,high,4,932,,dictionary/L/L-03.md,hz-021124-leucotomy,sources/Hezareh_Dictionary_Index/source/Hezareh_Part_04_PDF_0751-1000.md#L20773-L20773,True
leukaemia,leukaemia,leukaemia,[],hz-021125,entry_candidate,raw_ocr,high,4,932,,dictionary/L/L-03.md,hz-021125-leukaemia,sources/Hezareh_Dictionary_Index/source/Hezareh_Part_04_PDF_0751-1000.md#L20774-L20775,True
leukemia,leukemia,leukemia,[],hz-021126,entry_candidate,raw_ocr,high,4,932,,dictionary/L/L-03.md,hz-021126-leukemia,sources/Hezareh_Dictionary_Index/source/Hezareh_Part_04_PDF_0751-1000.md#L20776-L20777,True
levant,levant,levant,[],hz-021127,entry_candidate,raw_ocr,high,4,932,,dictionary/L/L-03.md,hz-021127-levant,sources/Hezareh_Dictionary_Index/source/Hezareh_Part_04_PDF_0751-1000.md#L20778-L20787,True
Levantine,levantine,levantine,[],hz-021128,entry_candidate,raw_ocr,high,4,932,,dictionary/L/L-03.md,hz-021128-levantine,sources/Hezareh_Dictionary_Index/source/Hezareh_Part_04_PDF_0751-1000.md#L20788-L20792,True
levee,levee,levee,[],hz-021129,entry_candidate,raw_ocr,high,4,932,,dictionary/L/L-03.md,hz-021129-levee,sources/Hezareh_Dictionary_Index/source/Hezareh_Part_04_PDF_0751-1000.md#L20793-L20793,True
level,level,level,[],hz-021130,entry_candidate,raw_ocr,high,4,932,,dictionary/L/L-03.md,hz-021130-level,sources/Hezareh_Dictionary_Index/source/Hezareh_Part_04_PDF_0751-1000.md#L20794-L20836,True
level crossing,level crossing,level crossing,[],hz-021131,entry_candidate,raw_ocr,high,4,933,,dictionary/L/L-03.md,hz-021131-level-crossing,sources/Hezareh_Dictionary_Index/source/Hezareh_Part_04_PDF_0751-1000.md#L20861-L20862,True
level-headed,level-headed,level-headed,[],hz-021133,entry_candidate,raw_ocr,medium,4,933,,dictionary/L/L-03.md,hz-021133-level-headed,sources/Hezareh_Dictionary_Index/source/Hezareh_Part_04_PDF_0751-1000.md#L20864-L20865,True
leveler,leveler,leveler,[],hz-021132,entry_candidate,raw_ocr,high,4,933,,dictionary/L/L-03.md,hz-021132-leveler,sources/Hezareh_Dictionary_Index/source/Hezareh_Part_04_PDF_0751-1000.md#L20863-L20863,True
leveller,leveller,leveller,[],hz-021134,entry_candidate,raw_ocr,medium,4,933,,dictionary/L/L-03.md,hz-021134-leveller,sources/Hezareh_Dictionary_Index/source/Hezareh_Part_04_PDF_0751-1000.md#L20866-L20873,True
lever,lever,lever,[],hz-021135,entry_candidate,raw_ocr,medium,4,933,,dictionary/L/L-03.md,hz-021135-lever,sources/Hezareh_Dictionary_Index/source/Hezareh_Part_04_PDF_0751-1000.md#L20874-L20875,True
leverage,leverage,leverage,[],hz-021136,entry_candidate,raw_ocr,high,4,933,,dictionary/L/L-03.md,hz-021136-leverage,sources/Hezareh_Dictionary_Index/source/Hezareh_Part_04_PDF_0751-1000.md#L20876-L20878,True
leveraged buyout,leveraged buyout,leveraged buyout,[],hz-021137,entry_candidate,raw_ocr,high,4,933,,dictionary/L/L-03.md,hz-021137-leveraged-buyout,sources/Hezareh_Dictionary_Index/source/Hezareh_Part_04_PDF_0751-1000.md#L20879-L20882,True
leveret,leveret,leveret,[],hz-021138,entry_candidate,raw_ocr,hint_only,4,933,,dictionary/L/L-03.md,hz-021138-leveret,sources/Hezareh_Dictionary_Index/source/Hezareh_Part_04_PDF_0751-1000.md#L20840-L20840,False
Levi's,levi's,levi's,[],hz-021140,entry_candidate,raw_ocr,medium,4,933,,dictionary/L/L-03.md,hz-021140-levi-s,sources/Hezareh_Dictionary_Index/source/Hezareh_Part_04_PDF_0751-1000.md#L20885-L20890,True
leviathan,leviathan,leviathan,[],hz-021139,entry_candidate,raw_ocr,low,4,933,,dictionary/L/L-03.md,hz-021139-leviathan,sources/Hezareh_Dictionary_Index/source/Hezareh_Part_04_PDF_0751-1000.md#L20883-L20884,True
levity,levity,levity,[],hz-021141,entry_candidate,raw_ocr,medium,4,933,,dictionary/L/L-03.md,hz-021141-levity,sources/Hezareh_Dictionary_Index/source/Hezareh_Part_04_PDF_0751-1000.md#L20891-L20904,True
levy,levy,levy,[],hz-021142,entry_candidate,raw_ocr,medium,4,933,,dictionary/L/L-03.md,hz-021142-levy,sources/Hezareh_Dictionary_Index/source/Hezareh_Part_04_PDF_0751-1000.md#L20905-L20907,True
lewd,lewd,lewd,[],hz-021145,entry_candidate,raw_ocr,medium,4,933,,dictionary/L/L-03.md,hz-021145-lewd,sources/Hezareh_Dictionary_Index/source/Hezareh_Part_04_PDF_0751-1000.md#L20908-L20910,True
lewdly,lewdly,lewdly,[],hz-021146,entry_candidate,raw_ocr,medium,4,933,,dictionary/L/L-03.md,hz-021146-lewdly,sources/Hezareh_Dictionary_Index/source/Hezareh_Part_04_PDF_0751-1000.md#L20911-L20912,True
lewdness,lewdness,lewdness,[],hz-021147,entry_candidate,raw_ocr,medium,4,933,,dictionary/L/L-03.md,hz-021147-lewdness,sources/Hezareh_Dictionary_Index/source/Hezareh_Part_04_PDF_0751-1000.md#L20913-L20916,True
lexically,lexically,lexically,[],hz-021143,entry_candidate,raw_ocr,low,4,933,,dictionary/L/L-03.md,hz-021143-lexically,sources/Hezareh_Dictionary_Index/source/Hezareh_Part_04_PDF_0751-1000.md#L20917-L20918,True
lexicographer,lexicographer,lexicographer,[],hz-021148,entry_candidate,raw_ocr,medium,4,933,,dictionary/L/L-03.md,hz-021148-lexicographer,sources/Hezareh_Dictionary_Index/source/Hezareh_Part_04_PDF_0751-1000.md#L20919-L20920,True
lexicographical,lexicographical,lexicographical,[],hz-021149,entry_candidate,raw_ocr,medium,4,933,,dictionary/L/L-03.md,hz-021149-lexicographical,sources/Hezareh_Dictionary_Index/source/Hezareh_Part_04_PDF_0751-1000.md#L20921-L20923,True
lexicography,lexicography,lexicography,[],hz-021144,entry_candidate,raw_ocr,medium,4,933,,dictionary/L/L-03.md,hz-021144-lexicography,sources/Hezareh_Dictionary_Index/source/Hezareh_Part_04_PDF_0751-1000.md#L20924-L20925,True
lexicologist,lexicologist,lexicologist,[],hz-021150,entry_candidate,raw_ocr,medium,4,933,,dictionary/L/L-03.md,hz-021150-lexicologist,sources/Hezareh_Dictionary_Index/source/Hezareh_Part_04_PDF_0751-1000.md#L20926-L20926,True
lexicology,lexicology,lexicology,[],hz-021151,entry_candidate,raw_ocr,low,4,933,,dictionary/L/L-03.md,hz-021151-lexicology,sources/Hezareh_Dictionary_Index/source/Hezareh_Part_04_PDF_0751-1000.md#L20927-L20927,True
lexicon,lexicon,lexicon,[],hz-021152,entry_candidate,raw_ocr,high,4,933,,dictionary/L/L-03.md,hz-021152-lexicon,sources/Hezareh_Dictionary_Index/source/Hezareh_Part_04_PDF_0751-1000.md#L20928-L20929,True
lexis,lexis,lexis,[],hz-021153,entry_candidate,raw_ocr,medium,4,933,,dictionary/L/L-03.md,hz-021153-lexis,sources/Hezareh_Dictionary_Index/source/Hezareh_Part_04_PDF_0751-1000.md#L20930-L20933,True
ley line,ley line,ley line,[],hz-021154,entry_candidate,raw_ocr,hint_only,4,933,,dictionary/L/L-03.md,hz-021154-ley-line,sources/Hezareh_Dictionary_Index/source/Hezareh_Part_04_PDF_0751-1000.md#L20840-L20840,False
LF,lf,lf,[],hz-021155,entry_candidate,raw_ocr,medium,4,933,,dictionary/L/L-03.md,hz-021155-lf,sources/Hezareh_Dictionary_Index/source/Hezareh_Part_04_PDF_0751-1000.md#L20934-L20935,True
LH,lh,lh,[],hz-021156,entry_candidate,raw_ocr,medium,4,933,,dictionary/L/L-03.md,hz-021156-lh,sources/Hezareh_Dictionary_Index/source/Hezareh_Part_04_PDF_0751-1000.md#L20936-L20937,True
liability,liability,liability,[],hz-021158,entry_candidate,raw_ocr,medium,4,933,,dictionary/L/L-03.md,hz-021158-liability,sources/Hezareh_Dictionary_Index/source/Hezareh_Part_04_PDF_0751-1000.md#L20938-L20942,True
liable,liable,liable,[],hz-021157,entry_candidate,raw_ocr,medium,4,933,,dictionary/L/L-03.md,hz-021157-liable,sources/Hezareh_Dictionary_Index/source/Hezareh_Part_04_PDF_0751-1000.md#L20943-L20949,True
liaison,liaison,liaison,[],hz-021159,entry_candidate,raw_ocr,high,4,934,,dictionary/L/L-03.md,hz-021159-liaison,sources/Hezareh_Dictionary_Index/source/Hezareh_Part_04_PDF_0751-1000.md#L20971-L20972,True
liaison officer,liaison officer,liaison officer,[],hz-021160,entry_candidate,raw_ocr,high,4,934,,dictionary/L/L-03.md,hz-021160-liaison-officer,sources/Hezareh_Dictionary_Index/source/Hezareh_Part_04_PDF_0751-1000.md#L20973-L20974,True
liana,liana,liana,[],hz-021161,entry_candidate,raw_ocr,high,4,934,,dictionary/L/L-03.md,hz-021161-liana,sources/Hezareh_Dictionary_Index/source/Hezareh_Part_04_PDF_0751-1000.md#L20975-L20988,True
lias-been,lias-been,lias-been,[],hz-016705,entry_candidate,raw_ocr,hint_only,3,737,,dictionary/L/L-03.md,hz-016705-lias-been,sources/Hezareh_Dictionary_Index/source/Hezareh_Part_03_PDF_0501-0750.md#L27164-L27164,False
libel,libel,libel,[],hz-021162,entry_candidate,raw_ocr,high,4,934,,dictionary/L/L-03.md,hz-021162-libel,sources/Hezareh_Dictionary_Index/source/Hezareh_Part_04_PDF_0751-1000.md#L20989-L20997,True
libellous,libellous,libellous,[],hz-021163,entry_candidate,raw_ocr,high,4,934,,dictionary/L/L-03.md,hz-021163-libellous,sources/Hezareh_Dictionary_Index/source/Hezareh_Part_04_PDF_0751-1000.md#L20998-L21014,True
Liberal Democrat,liberal democrat,liberal democrat,[],hz-021165,entry_candidate,raw_ocr,high,4,934,,dictionary/L/L-03.md,hz-021165-liberal-democrat,sources/Hezareh_Dictionary_Index/source/Hezareh_Part_04_PDF_0751-1000.md#L21026-L21039,True
liberalization,liberalization,liberalization,[],hz-021166,entry_candidate,raw_ocr,high,4,934,,dictionary/L/L-03.md,hz-021166-liberalization,sources/Hezareh_Dictionary_Index/source/Hezareh_Part_04_PDF_0751-1000.md#L21040-L21042,True
liberalize,liberalize,liberalize,[],hz-021167,entry_candidate,raw_ocr,medium,4,934,,dictionary/L/L-03.md,hz-021167-liberalize,sources/Hezareh_Dictionary_Index/source/Hezareh_Part_04_PDF_0751-1000.md#L21043-L21053,True
liberall'hbaral,liberall'hbaral,liberall'hbaral,[],hz-021164,entry_candidate,raw_ocr,hint_only,4,934,,dictionary/L/L-03.md,hz-021164-liberall-hbaral,sources/Hezareh_Dictionary_Index/source/Hezareh_Part_04_PDF_0751-1000.md#L20953-L20953,False
liberate,liberate,liberate,[],hz-021168,entry_candidate,raw_ocr,low,4,934,,dictionary/L/L-03.md,hz-021168-liberate,sources/Hezareh_Dictionary_Index/source/Hezareh_Part_04_PDF_0751-1000.md#L21054-L21058,True
liberator,liberator,liberator,[],hz-021169,entry_candidate,raw_ocr,medium,4,934,,dictionary/L/L-03.md,hz-021169-liberator,sources/Hezareh_Dictionary_Index/source/Hezareh_Part_04_PDF_0751-1000.md#L21059-L21068,True
Liberia,liberia,liberia,[],hz-021170,entry_candidate,raw_ocr,high,4,934,,dictionary/L/L-03.md,hz-021170-liberia,sources/Hezareh_Dictionary_Index/source/Hezareh_Part_04_PDF_0751-1000.md#L21015-L21025,True
Liberian,liberian,liberian,[],hz-021171,entry_candidate,raw_ocr,high,4,935,,dictionary/L/L-03.md,hz-021171-liberian,sources/Hezareh_Dictionary_Index/source/Hezareh_Part_04_PDF_0751-1000.md#L21081-L21084,True
libertinage,libertinage,libertinage,[],hz-021172,entry_candidate,raw_ocr,low,4,935,,dictionary/L/L-03.md,hz-021172-libertinage,sources/Hezareh_Dictionary_Index/source/Hezareh_Part_04_PDF_0751-1000.md#L21085-L21099,True
libertine,libertine,libertine,[],hz-021173,entry_candidate,raw_ocr,hint_only,4,935,,dictionary/L/L-03.md,hz-021173-libertine,sources/Hezareh_Dictionary_Index/source/Hezareh_Part_04_PDF_0751-1000.md#L21072-L21072,False
liberty,liberty,liberty,[],hz-021174,entry_candidate,raw_ocr,medium,4,935,,dictionary/L/L-03.md,hz-021174-liberty,sources/Hezareh_Dictionary_Index/source/Hezareh_Part_04_PDF_0751-1000.md#L21100-L21104,True
libidinOUS,libidinous,libidinous,[],hz-021175,entry_candidate,raw_ocr,medium,4,935,,dictionary/L/L-03.md,hz-021175-libidinous,sources/Hezareh_Dictionary_Index/source/Hezareh_Part_04_PDF_0751-1000.md#L21105-L21106,True
libido,libido,libido,[],hz-021176,entry_candidate,raw_ocr,medium,4,935,,dictionary/L/L-03.md,hz-021176-libido,sources/Hezareh_Dictionary_Index/source/Hezareh_Part_04_PDF_0751-1000.md#L21107-L21109,True
Libra,libra,libra,[],hz-021177,entry_candidate,raw_ocr,medium,4,935,,dictionary/L/L-03.md,hz-021177-libra,sources/Hezareh_Dictionary_Index/source/Hezareh_Part_04_PDF_0751-1000.md#L21110-L21116,True
librarian,librarian,librarian,[],hz-021178,entry_candidate,raw_ocr,hint_only,4,935,,dictionary/L/L-03.md,hz-021178-librarian,sources/Hezareh_Dictionary_Index/source/Hezareh_Part_04_PDF_0751-1000.md#L21072-L21072,False
librarianship,librarianship,librarianship,[],hz-021179,entry_candidate,raw_ocr,medium,4,935,,dictionary/L/L-03.md,hz-021179-librarianship,sources/Hezareh_Dictionary_Index/source/Hezareh_Part_04_PDF_0751-1000.md#L21117-L21117,True
library,library,library,[],hz-021180,entry_candidate,raw_ocr,high,4,935,,dictionary/L/L-03.md,hz-021180-library,sources/Hezareh_Dictionary_Index/source/Hezareh_Part_04_PDF_0751-1000.md#L21118-L21122,True
library book,library book,library book,[],hz-021181,entry_candidate,raw_ocr,high,4,935,,dictionary/L/L-03.md,hz-021181-library-book,sources/Hezareh_Dictionary_Index/source/Hezareh_Part_04_PDF_0751-1000.md#L21123-L21124,True
library edition,library edition,library edition,[],hz-021182,entry_candidate,raw_ocr,high,4,935,,dictionary/L/L-03.md,hz-021182-library-edition,sources/Hezareh_Dictionary_Index/source/Hezareh_Part_04_PDF_0751-1000.md#L21125-L21126,True
library science,library science,library science,[],hz-021183,entry_candidate,raw_ocr,low,4,935,,dictionary/L/L-03.md,hz-021183-library-science,sources/Hezareh_Dictionary_Index/source/Hezareh_Part_04_PDF_0751-1000.md#L21127-L21132,True
libretti,libretti,libretti,[],hz-021184,entry_candidate,raw_ocr,high,4,935,,dictionary/L/L-03.md,hz-021184-libretti,sources/Hezareh_Dictionary_Index/source/Hezareh_Part_04_PDF_0751-1000.md#L21133-L21133,True
librettist,librettist,librettist,[],hz-021185,entry_candidate,raw_ocr,medium,4,935,,dictionary/L/L-03.md,hz-021185-librettist,sources/Hezareh_Dictionary_Index/source/Hezareh_Part_04_PDF_0751-1000.md#L21134-L21134,True
libretto,libretto,libretto,[],hz-021186,entry_candidate,raw_ocr,high,4,935,,dictionary/L/L-03.md,hz-021186-libretto,sources/Hezareh_Dictionary_Index/source/Hezareh_Part_04_PDF_0751-1000.md#L21135-L21136,True
Libya,libya,libya,[],hz-021187,entry_candidate,raw_ocr,high,4,935,,dictionary/L/L-03.md,hz-021187-libya,sources/Hezareh_Dictionary_Index/source/Hezareh_Part_04_PDF_0751-1000.md#L21137-L21137,True
Libyan,libyan,libyan,[],hz-021188,entry_candidate,raw_ocr,medium,4,935,,dictionary/L/L-03.md,hz-021188-libyan,sources/Hezareh_Dictionary_Index/source/Hezareh_Part_04_PDF_0751-1000.md#L21138-L21139,True
lice,lice,lice,[],hz-021189,entry_candidate,raw_ocr,medium,4,935,,dictionary/L/L-03.md,hz-021189-lice,sources/Hezareh_Dictionary_Index/source/Hezareh_Part_04_PDF_0751-1000.md#L21140-L21147,True
licence,licence,licence,[],hz-021190,entry_candidate,raw_ocr,high,4,935,,dictionary/L/L-03.md,hz-021190-licence,sources/Hezareh_Dictionary_Index/source/Hezareh_Part_04_PDF_0751-1000.md#L21148-L21153,True
licence plate,licence plate,licence plate,[],hz-021191,entry_candidate,raw_ocr,high,4,935,,dictionary/L/L-03.md,hz-021191-licence-plate,sources/Hezareh_Dictionary_Index/source/Hezareh_Part_04_PDF_0751-1000.md#L21165-L21165,True
license,license,license,[],hz-021192,entry_candidate,raw_ocr,high,4,935,,dictionary/L/L-03.md,hz-021192-license,sources/Hezareh_Dictionary_Index/source/Hezareh_Part_04_PDF_0751-1000.md#L21164-L21164,True
license plate,license plate,license plate,[],hz-021195,entry_candidate,raw_ocr,high,4,935,,dictionary/L/L-03.md,hz-021195-license-plate,sources/Hezareh_Dictionary_Index/source/Hezareh_Part_04_PDF_0751-1000.md#L21164-L21164,True
licensee,licensee,licensee,[],hz-021194,entry_candidate,raw_ocr,hint_only,4,935,,dictionary/L/L-03.md,hz-021194-licensee,sources/Hezareh_Dictionary_Index/source/Hezareh_Part_04_PDF_0751-1000.md#L21072-L21072,False
licensing laws,licensing laws,licensing laws,[],hz-021196,entry_candidate,raw_ocr,medium,4,935,,dictionary/L/L-03.md,hz-021196-licensing-laws,sources/Hezareh_Dictionary_Index/source/Hezareh_Part_04_PDF_0751-1000.md#L21166-L21169,True
licentiOUS,licentious,licentious,[],hz-021197,entry_candidate,raw_ocr,medium,4,935,,dictionary/L/L-03.md,hz-021197-licentious,sources/Hezareh_Dictionary_Index/source/Hezareh_Part_04_PDF_0751-1000.md#L21170-L21172,True
licentiously,licentiously,licentiously,[],hz-021198,entry_candidate,raw_ocr,medium,4,935,,dictionary/L/L-03.md,hz-021198-licentiously,sources/Hezareh_Dictionary_Index/source/Hezareh_Part_04_PDF_0751-1000.md#L21173-L21178,True
lichee,lichee,lichee,[],hz-021199,entry_candidate,raw_ocr,hint_only,4,935,,dictionary/L/L-03.md,hz-021199-lichee,sources/Hezareh_Dictionary_Index/source/Hezareh_Part_04_PDF_0751-1000.md#L21072-L21072,False
lichen,lichen,lichen,[],hz-021200,entry_candidate,raw_ocr,low,4,935,,dictionary/L/L-03.md,hz-021200-lichen,sources/Hezareh_Dictionary_Index/source/Hezareh_Part_04_PDF_0751-1000.md#L21179-L21180,True
lichgate,lichgate,lichgate,[],hz-021201,entry_candidate,raw_ocr,medium,4,936,,dictionary/L/L-03.md,hz-021201-lichgate,sources/Hezareh_Dictionary_Index/source/Hezareh_Part_04_PDF_0751-1000.md#L21194-L21194,True
lichi,lichi,lichi,[],hz-021202,entry_candidate,raw_ocr,low,4,936,,dictionary/L/L-03.md,hz-021202-lichi,sources/Hezareh_Dictionary_Index/source/Hezareh_Part_04_PDF_0751-1000.md#L21195-L21195,True
licit,licit,licit,[],hz-021203,entry_candidate,raw_ocr,high,4,936,,dictionary/L/L-03.md,hz-021203-licit,sources/Hezareh_Dictionary_Index/source/Hezareh_Part_04_PDF_0751-1000.md#L21196-L21210,True
lick,lick,lick,[],hz-021205,entry_candidate,raw_ocr,medium,4,936,,dictionary/L/L-03.md,hz-021205-lick,sources/Hezareh_Dictionary_Index/source/Hezareh_Part_04_PDF_0751-1000.md#L21211-L21215,True
lick,lick,lick,[],hz-021398,entry_candidate,raw_ocr,high,4,950,,dictionary/L/L-03.md,hz-021398-lick,sources/Hezareh_Dictionary_Index/source/Hezareh_Part_04_PDF_0751-1000.md#L22859-L22863,True
lick spittle,lick spittle,lick spittle,[],hz-021208,entry_candidate,raw_ocr,hint_only,4,936,,dictionary/L/L-03.md,hz-021208-lick-spittle,sources/Hezareh_Dictionary_Index/source/Hezareh_Part_04_PDF_0751-1000.md#L21184-L21184,False
lick sth,lick sth,lick sth,[],hz-021206,entry_candidate,raw_ocr,medium,4,936,,dictionary/L/L-03.md,hz-021206-lick-sth,sources/Hezareh_Dictionary_Index/source/Hezareh_Part_04_PDF_0751-1000.md#L21216-L21224,True
lickihk,lickihk,lickihk,[],hz-021204,entry_candidate,raw_ocr,hint_only,4,936,,dictionary/L/L-03.md,hz-021204-lickihk,sources/Hezareh_Dictionary_Index/source/Hezareh_Part_04_PDF_0751-1000.md#L21184-L21184,False
licorice,licorice,licorice,[],hz-021209,entry_candidate,raw_ocr,low,4,936,,dictionary/L/L-03.md,hz-021209-licorice,sources/Hezareh_Dictionary_Index/source/Hezareh_Part_04_PDF_0751-1000.md#L21236-L21249,True
lid,lid,lid,[],hz-021210,entry_candidate,raw_ocr,low,4,936,,dictionary/L/L-03.md,hz-021210-lid,sources/Hezareh_Dictionary_Index/source/Hezareh_Part_04_PDF_0751-1000.md#L21250-L21254,True
lidless,lidless,lidless,[],hz-021212,entry_candidate,raw_ocr,high,4,936,,dictionary/L/L-03.md,hz-021212-lidless,sources/Hezareh_Dictionary_Index/source/Hezareh_Part_04_PDF_0751-1000.md#L21255-L21257,True
lido,lido,lido,[],hz-021213,entry_candidate,raw_ocr,high,4,936,,dictionary/L/L-03.md,hz-021213-lido,sources/Hezareh_Dictionary_Index/source/Hezareh_Part_04_PDF_0751-1000.md#L21258-L21263,True
lie,lie,lie,[],hz-001047,entry_candidate,raw_ocr,medium,1,45,,dictionary/L/L-03.md,hz-001047-lie,sources/Hezareh_Dictionary_Index/source/Hezareh_Part_01_PDF_0001-0250.md#L5718-L5719,True
lie,lie,lie,[],hz-001172,entry_candidate,raw_ocr,medium,1,49,,dictionary/L/L-03.md,hz-001172-lie,sources/Hezareh_Dictionary_Index/source/Hezareh_Part_01_PDF_0001-0250.md#L6237-L6238,True
lie about,lie about,lie about,[],hz-021218,entry_candidate,raw_ocr,hint_only,4,937,,dictionary/L/L-03.md,hz-021218-lie-about,sources/Hezareh_Dictionary_Index/source/Hezareh_Part_04_PDF_0751-1000.md#L21298-L21298,False
lie in,lie in,lie in,[],hz-035340,entry_candidate,raw_ocr,high,8,1775,,dictionary/L/L-03.md,hz-035340-lie-in,sources/Hezareh_Dictionary_Index/source/Hezareh_Part_08_PDF_1751-1976.md#L3202-L3206,True
lie in one's teeth,lie in one's teeth,lie in one's teeth,[],hz-021214,entry_candidate,raw_ocr,high,4,936,,dictionary/L/L-03.md,hz-021214-lie-in-one-s-teeth,sources/Hezareh_Dictionary_Index/source/Hezareh_Part_04_PDF_0751-1000.md#L21264-L21270,True
lie oneself,lie oneself,lie oneself,[],hz-021216,entry_candidate,raw_ocr,high,4,936,,dictionary/L/L-03.md,hz-021216-lie-oneself,sources/Hezareh_Dictionary_Index/source/Hezareh_Part_04_PDF_0751-1000.md#L21274-L21294,True
lieder,lieder,lieder,[],hz-021219,entry_candidate,raw_ocr,high,4,937,,dictionary/L/L-03.md,hz-021219-lieder,sources/Hezareh_Dictionary_Index/source/Hezareh_Part_04_PDF_0751-1000.md#L21378-L21378,True
lieder-singer,lieder-singer,lieder-singer,[],hz-021220,entry_candidate,raw_ocr,medium,4,937,,dictionary/L/L-03.md,hz-021220-lieder-singer,sources/Hezareh_Dictionary_Index/source/Hezareh_Part_04_PDF_0751-1000.md#L21379-L21398,True
lieutenancy,lieutenancy,lieutenancy,[],hz-021221,entry_candidate,raw_ocr,medium,4,937,,dictionary/L/L-03.md,hz-021221-lieutenancy,sources/Hezareh_Dictionary_Index/source/Hezareh_Part_04_PDF_0751-1000.md#L21399-L21401,True
lieutenant,lieutenant,lieutenant,[],hz-021222,entry_candidate,raw_ocr,medium,4,937,,dictionary/L/L-03.md,hz-021222-lieutenant,sources/Hezareh_Dictionary_Index/source/Hezareh_Part_04_PDF_0751-1000.md#L21402-L21407,True
lieutenant-colonel,lieutenant-colonel,lieutenant-colonel,[],hz-021223,entry_candidate,raw_ocr,high,4,938,,dictionary/L/L-03.md,hz-021223-lieutenant-colonel,sources/Hezareh_Dictionary_Index/source/Hezareh_Part_04_PDF_0751-1000.md#L21421-L21425,True
lieutenant-general,lieutenant-general,lieutenant-general,[],hz-021224,entry_candidate,raw_ocr,high,4,938,,dictionary/L/L-03.md,hz-021224-lieutenant-general,sources/Hezareh_Dictionary_Index/source/Hezareh_Part_04_PDF_0751-1000.md#L21426-L21429,True
life,life,life,[],hz-021225,entry_candidate,raw_ocr,high,4,938,,dictionary/L/L-03.md,hz-021225-life,sources/Hezareh_Dictionary_Index/source/Hezareh_Part_04_PDF_0751-1000.md#L21430-L21460,True
life annuity,life annuity,life annuity,[],hz-021232,entry_candidate,raw_ocr,high,4,939,,dictionary/L/L-03.md,hz-021232-life-annuity,sources/Hezareh_Dictionary_Index/source/Hezareh_Part_04_PDF_0751-1000.md#L21611-L21613,True
life cycle,life cycle,life cycle,[],hz-021236,entry_candidate,raw_ocr,high,4,939,,dictionary/L/L-03.md,hz-021236-life-cycle,sources/Hezareh_Dictionary_Index/source/Hezareh_Part_04_PDF_0751-1000.md#L21621-L21621,True
life estate,life estate,life estate,[],hz-021237,entry_candidate,raw_ocr,high,4,939,,dictionary/L/L-03.md,hz-021237-life-estate,sources/Hezareh_Dictionary_Index/source/Hezareh_Part_04_PDF_0751-1000.md#L21622-L21622,True
life expectancy,life expectancy,life expectancy,[],hz-021238,entry_candidate,raw_ocr,high,4,939,,dictionary/L/L-03.md,hz-021238-life-expectancy,sources/Hezareh_Dictionary_Index/source/Hezareh_Part_04_PDF_0751-1000.md#L21623-L21624,True
life force,life force,life force,[],hz-021239,entry_candidate,raw_ocr,high,4,939,,dictionary/L/L-03.md,hz-021239-life-force,sources/Hezareh_Dictionary_Index/source/Hezareh_Part_04_PDF_0751-1000.md#L21625-L21628,True
Life Guards,life guards,life guards,[],hz-021241,entry_candidate,raw_ocr,high,4,939,,dictionary/L/L-03.md,hz-021241-life-guards,sources/Hezareh_Dictionary_Index/source/Hezareh_Part_04_PDF_0751-1000.md#L21631-L21632,True
life history,life history,life history,[],hz-021242,entry_candidate,raw_ocr,high,4,939,,dictionary/L/L-03.md,hz-021242-life-history,sources/Hezareh_Dictionary_Index/source/Hezareh_Part_04_PDF_0751-1000.md#L21633-L21634,True
life jacket,life jacket,life jacket,[],hz-021244,entry_candidate,raw_ocr,hint_only,4,940,,dictionary/L/L-03.md,hz-021244-life-jacket,sources/Hezareh_Dictionary_Index/source/Hezareh_Part_04_PDF_0751-1000.md#L21638-L21638,False
life sciences,life sciences,life sciences,[],hz-021251,entry_candidate,raw_ocr,low,4,940,,dictionary/L/L-03.md,hz-021251-life-sciences,sources/Hezareh_Dictionary_Index/source/Hezareh_Part_04_PDF_0751-1000.md#L21678-L21679,True
life span,life span,life span,[],hz-021253,entry_candidate,raw_ocr,medium,4,940,,dictionary/L/L-03.md,hz-021253-life-span,sources/Hezareh_Dictionary_Index/source/Hezareh_Part_04_PDF_0751-1000.md#L21683-L21701,True
life-office,life-office,life-office,[],hz-021249,entry_candidate,raw_ocr,medium,4,940,,dictionary/L/L-03.md,hz-021249-life-office,sources/Hezareh_Dictionary_Index/source/Hezareh_Part_04_PDF_0751-1000.md#L21666-L21673,True
life-saver,life-saver,life-saver,[],hz-021250,entry_candidate,raw_ocr,medium,4,940,,dictionary/L/L-03.md,hz-021250-life-saver,sources/Hezareh_Dictionary_Index/source/Hezareh_Part_04_PDF_0751-1000.md#L21674-L21677,True
life-size,life-size,life-size,[],hz-021252,entry_candidate,raw_ocr,medium,4,940,,dictionary/L/L-03.md,hz-021252-life-size,sources/Hezareh_Dictionary_Index/source/Hezareh_Part_04_PDF_0751-1000.md#L21680-L21682,True
lifebelt,lifebelt,lifebelt,[],hz-021233,entry_candidate,raw_ocr,high,4,939,,dictionary/L/L-04.md,hz-021233-lifebelt,sources/Hezareh_Dictionary_Index/source/Hezareh_Part_04_PDF_0751-1000.md#L21614-L21615,True
lifeblood,lifeblood,lifeblood,[],hz-021234,entry_candidate,raw_ocr,high,4,939,,dictionary/L/L-04.md,hz-021234-lifeblood,sources/Hezareh_Dictionary_Index/source/Hezareh_Part_04_PDF_0751-1000.md#L21616-L21620,True
lifeboat,lifeboat,lifeboat,[],hz-021235,entry_candidate,raw_ocr,hint_only,4,939,,dictionary/L/L-04.md,hz-021235-lifeboat,sources/Hezareh_Dictionary_Index/source/Hezareh_Part_04_PDF_0751-1000.md#L21525-L21525,False
lifeguard,lifeguard,lifeguard,[],hz-021240,entry_candidate,raw_ocr,high,4,939,,dictionary/L/L-04.md,hz-021240-lifeguard,sources/Hezareh_Dictionary_Index/source/Hezareh_Part_04_PDF_0751-1000.md#L21629-L21630,True
lifeless,lifeless,lifeless,[],hz-021245,entry_candidate,raw_ocr,medium,4,940,,dictionary/L/L-04.md,hz-021245-lifeless,sources/Hezareh_Dictionary_Index/source/Hezareh_Part_04_PDF_0751-1000.md#L21653-L21657,True
lifelike,lifelike,lifelike,[],hz-021246,entry_candidate,raw_ocr,medium,4,940,,dictionary/L/L-04.md,hz-021246-lifelike,sources/Hezareh_Dictionary_Index/source/Hezareh_Part_04_PDF_0751-1000.md#L21658-L21663,True
lifeline,lifeline,lifeline,[],hz-021247,entry_candidate,raw_ocr,hint_only,4,940,,dictionary/L/L-04.md,hz-021247-lifeline,sources/Hezareh_Dictionary_Index/source/Hezareh_Part_04_PDF_0751-1000.md#L21638-L21638,False
lifelong,lifelong,lifelong,[],hz-021248,entry_candidate,raw_ocr,medium,4,940,,dictionary/L/L-04.md,hz-021248-lifelong,sources/Hezareh_Dictionary_Index/source/Hezareh_Part_04_PDF_0751-1000.md#L21664-L21665,True
lifetime,lifetime,lifetime,[],hz-021254,entry_candidate,raw_ocr,high,4,940,,dictionary/L/L-04.md,hz-021254-lifetime,sources/Hezareh_Dictionary_Index/source/Hezareh_Part_04_PDF_0751-1000.md#L21702-L21748,True
lift attendant,lift attendant,lift attendant,[],hz-021256,entry_candidate,raw_ocr,high,4,941,,dictionary/L/L-04.md,hz-021256-lift-attendant,sources/Hezareh_Dictionary_Index/source/Hezareh_Part_04_PDF_0751-1000.md#L21761-L21765,True
lift I raise a hand,lift i raise a hand,lift i raise a hand,[],hz-016495,entry_candidate,raw_ocr,hint_only,3,727,,dictionary/L/L-04.md,hz-016495-lift-i-raise-a-hand,sources/Hezareh_Dictionary_Index/source/Hezareh_Part_03_PDF_0501-0750.md#L26039-L26039,False
lift I take,lift i take,lift i take,[],hz-021211,entry_candidate,raw_ocr,hint_only,4,936,,dictionary/L/L-04.md,hz-021211-lift-i-take,sources/Hezareh_Dictionary_Index/source/Hezareh_Part_04_PDF_0751-1000.md#L21184-L21184,False
lift s,lift s,lift s,[],hz-021255,entry_candidate,raw_ocr,hint_only,4,940,,dictionary/L/L-04.md,hz-021255-lift-s,sources/Hezareh_Dictionary_Index/source/Hezareh_Part_04_PDF_0751-1000.md#L21638-L21638,False
lift-off,lift-off,lift-off,[],hz-021258,entry_candidate,raw_ocr,medium,4,941,,dictionary/L/L-04.md,hz-021258-lift-off,sources/Hezareh_Dictionary_Index/source/Hezareh_Part_04_PDF_0751-1000.md#L21768-L21774,True
liftman,liftman,liftman,[],hz-021257,entry_candidate,raw_ocr,medium,4,941,,dictionary/L/L-04.md,hz-021257-liftman,sources/Hezareh_Dictionary_Index/source/Hezareh_Part_04_PDF_0751-1000.md#L21766-L21767,True
ligament,ligament,ligament,[],hz-021259,entry_candidate,raw_ocr,hint_only,4,941,,dictionary/L/L-04.md,hz-021259-ligament,sources/Hezareh_Dictionary_Index/source/Hezareh_Part_04_PDF_0751-1000.md#L21752-L21752,False
ligature,ligature,ligature,[],hz-021260,entry_candidate,raw_ocr,hint_only,4,941,,dictionary/L/L-04.md,hz-021260-ligature,sources/Hezareh_Dictionary_Index/source/Hezareh_Part_04_PDF_0751-1000.md#L21752-L21752,False
light,light,light,[],hz-021261,entry_candidate,raw_ocr,high,4,941,,dictionary/L/L-04.md,hz-021261-light,sources/Hezareh_Dictionary_Index/source/Hezareh_Part_04_PDF_0751-1000.md#L21775-L21787,True
light,light,light,[],hz-021265,entry_candidate,raw_ocr,high,4,942,,dictionary/L/L-04.md,hz-021265-light,sources/Hezareh_Dictionary_Index/source/Hezareh_Part_04_PDF_0751-1000.md#L21956-L21956,True
light aircraft,light aircraft,light aircraft,[],hz-021267,entry_candidate,raw_ocr,high,4,942,,dictionary/L/L-04.md,hz-021267-light-aircraft,sources/Hezareh_Dictionary_Index/source/Hezareh_Part_04_PDF_0751-1000.md#L21908-L21909,True
light bulb,light bulb,light bulb,[],hz-021269,entry_candidate,raw_ocr,medium,4,942,,dictionary/L/L-04.md,hz-021269-light-bulb,sources/Hezareh_Dictionary_Index/source/Hezareh_Part_04_PDF_0751-1000.md#L21911-L21911,True
light industry,light industry,light industry,[],hz-021284,entry_candidate,raw_ocr,high,4,942,,dictionary/L/L-04.md,hz-021284-light-industry,sources/Hezareh_Dictionary_Index/source/Hezareh_Part_04_PDF_0751-1000.md#L21956-L21956,True
light meter,light meter,light meter,[],hz-021288,entry_candidate,raw_ocr,high,4,942,,dictionary/L/L-04.md,hz-021288-light-meter,sources/Hezareh_Dictionary_Index/source/Hezareh_Part_04_PDF_0751-1000.md#L21968-L21968,True
light on,light on,light on,[],hz-021266,entry_candidate,raw_ocr,medium,4,942,,dictionary/L/L-04.md,hz-021266-light-on,sources/Hezareh_Dictionary_Index/source/Hezareh_Part_04_PDF_0751-1000.md#L21902-L21907,True
light pen,light pen,light pen,[],hz-021297,entry_candidate,raw_ocr,medium,4,943,,dictionary/L/L-04.md,hz-021297-light-pen,sources/Hezareh_Dictionary_Index/source/Hezareh_Part_04_PDF_0751-1000.md#L22011-L22012,True
light-armed,light-armed,light-armed,[],hz-021268,entry_candidate,raw_ocr,low,4,942,,dictionary/L/L-04.md,hz-021268-light-armed,sources/Hezareh_Dictionary_Index/source/Hezareh_Part_04_PDF_0751-1000.md#L21910-L21910,True
light-coloured,light-coloured,light-coloured,[],hz-021270,entry_candidate,raw_ocr,medium,4,942,,dictionary/L/L-04.md,hz-021270-light-coloured,sources/Hezareh_Dictionary_Index/source/Hezareh_Part_04_PDF_0751-1000.md#L21912-L21926,True
light-fingered,light-fingered,light-fingered,[],hz-021273,entry_candidate,raw_ocr,high,4,942,,dictionary/L/L-04.md,hz-021273-light-fingered,sources/Hezareh_Dictionary_Index/source/Hezareh_Part_04_PDF_0751-1000.md#L21937-L21937,True
light-handed,light-handed,light-handed,[],hz-021274,entry_candidate,raw_ocr,high,4,942,,dictionary/L/L-04.md,hz-021274-light-handed,sources/Hezareh_Dictionary_Index/source/Hezareh_Part_04_PDF_0751-1000.md#L21938-L21938,True
light-handedly,light-handedly,light-handedly,[],hz-021275,entry_candidate,raw_ocr,high,4,942,,dictionary/L/L-04.md,hz-021275-light-handedly,sources/Hezareh_Dictionary_Index/source/Hezareh_Part_04_PDF_0751-1000.md#L21939-L21940,True
light-headed,light-headed,light-headed,[],hz-021276,entry_candidate,raw_ocr,high,4,942,,dictionary/L/L-04.md,hz-021276-light-headed,sources/Hezareh_Dictionary_Index/source/Hezareh_Part_04_PDF_0751-1000.md#L21941-L21941,True
light-headedly,light-headedly,light-headedly,[],hz-021277,entry_candidate,raw_ocr,high,4,942,,dictionary/L/L-04.md,hz-021277-light-headedly,sources/Hezareh_Dictionary_Index/source/Hezareh_Part_04_PDF_0751-1000.md#L21942-L21943,True
light-hearted,light-hearted,light-hearted,[],hz-021279,entry_candidate,raw_ocr,high,4,942,,dictionary/L/L-04.md,hz-021279-light-hearted,sources/Hezareh_Dictionary_Index/source/Hezareh_Part_04_PDF_0751-1000.md#L21944-L21945,True
light-heartedly,light-heartedly,light-heartedly,[],hz-021280,entry_candidate,raw_ocr,high,4,942,,dictionary/L/L-04.md,hz-021280-light-heartedly,sources/Hezareh_Dictionary_Index/source/Hezareh_Part_04_PDF_0751-1000.md#L21946-L21947,True
light-heartedness,light-heartedness,light-heartedness,[],hz-021281,entry_candidate,raw_ocr,high,4,942,,dictionary/L/L-04.md,hz-021281-light-heartedness,sources/Hezareh_Dictionary_Index/source/Hezareh_Part_04_PDF_0751-1000.md#L21948-L21952,True
light-horse,light-horse,light-horse,[],hz-021282,entry_candidate,raw_ocr,high,4,942,,dictionary/L/L-04.md,hz-021282-light-horse,sources/Hezareh_Dictionary_Index/source/Hezareh_Part_04_PDF_0751-1000.md#L21953-L21953,True
light-minded,light-minded,light-minded,[],hz-021289,entry_candidate,raw_ocr,high,4,942,,dictionary/L/L-04.md,hz-021289-light-minded,sources/Hezareh_Dictionary_Index/source/Hezareh_Part_04_PDF_0751-1000.md#L21969-L21974,True
light-o'-love,light-o'-love,light-o'-love,[],hz-021296,entry_candidate,raw_ocr,hint_only,4,943,,dictionary/L/L-04.md,hz-021296-light-o-love,sources/Hezareh_Dictionary_Index/source/Hezareh_Part_04_PDF_0751-1000.md#L21978-L21978,False
lighten,lighten,lighten,[],hz-021271,entry_candidate,raw_ocr,high,4,942,,dictionary/L/L-04.md,hz-021271-lighten,sources/Hezareh_Dictionary_Index/source/Hezareh_Part_04_PDF_0751-1000.md#L21927-L21934,True
lighterage,lighterage,lighterage,[],hz-021272,entry_candidate,raw_ocr,high,4,942,,dictionary/L/L-04.md,hz-021272-lighterage,sources/Hezareh_Dictionary_Index/source/Hezareh_Part_04_PDF_0751-1000.md#L21935-L21936,True
lighthouse,lighthouse,lighthouse,[],hz-021283,entry_candidate,raw_ocr,high,4,942,,dictionary/L/L-04.md,hz-021283-lighthouse,sources/Hezareh_Dictionary_Index/source/Hezareh_Part_04_PDF_0751-1000.md#L21954-L21955,True
lighting,lighting,lighting,[],hz-021285,entry_candidate,raw_ocr,high,4,942,,dictionary/L/L-04.md,hz-021285-lighting,sources/Hezareh_Dictionary_Index/source/Hezareh_Part_04_PDF_0751-1000.md#L21957-L21959,True
lighting-up time,lighting-up time,lighting-up time,[],hz-021286,entry_candidate,raw_ocr,high,4,942,,dictionary/L/L-04.md,hz-021286-lighting-up-time,sources/Hezareh_Dictionary_Index/source/Hezareh_Part_04_PDF_0751-1000.md#L21960-L21961,True
lightly,lightly,lightly,[],hz-021287,entry_candidate,raw_ocr,high,4,942,,dictionary/L/L-04.md,hz-021287-lightly,sources/Hezareh_Dictionary_Index/source/Hezareh_Part_04_PDF_0751-1000.md#L21962-L21967,True
lightness,lightness,lightness,[],hz-021291,entry_candidate,raw_ocr,medium,4,943,,dictionary/L/L-04.md,hz-021291-lightness,sources/Hezareh_Dictionary_Index/source/Hezareh_Part_04_PDF_0751-1000.md#L21990-L22000,True
lightning bug,lightning bug,lightning bug,[],hz-021292,entry_candidate,raw_ocr,medium,4,943,,dictionary/L/L-04.md,hz-021292-lightning-bug,sources/Hezareh_Dictionary_Index/source/Hezareh_Part_04_PDF_0751-1000.md#L22001-L22004,True
lightning strike,lightning strike,lightning strike,[],hz-021295,entry_candidate,raw_ocr,medium,4,943,,dictionary/L/L-04.md,hz-021295-lightning-strike,sources/Hezareh_Dictionary_Index/source/Hezareh_Part_04_PDF_0751-1000.md#L22007-L22010,True
lightning-conductor,lightning-conductor,lightning-conductor,[],hz-021293,entry_candidate,raw_ocr,high,4,943,,dictionary/L/L-04.md,hz-021293-lightning-conductor,sources/Hezareh_Dictionary_Index/source/Hezareh_Part_04_PDF_0751-1000.md#L22006-L22006,True
lightning-rod,lightning-rod,lightning-rod,[],hz-021294,entry_candidate,raw_ocr,high,4,943,,dictionary/L/L-04.md,hz-021294-lightning-rod,sources/Hezareh_Dictionary_Index/source/Hezareh_Part_04_PDF_0751-1000.md#L22005-L22005,True
lightship,lightship,lightship,[],hz-021298,entry_candidate,raw_ocr,low,4,943,,dictionary/L/L-04.md,hz-021298-lightship,sources/Hezareh_Dictionary_Index/source/Hezareh_Part_04_PDF_0751-1000.md#L22013-L22013,True
lightsome,lightsome,lightsome,[],hz-021299,entry_candidate,raw_ocr,medium,4,943,,dictionary/L/L-04.md,hz-021299-lightsome,sources/Hezareh_Dictionary_Index/source/Hezareh_Part_04_PDF_0751-1000.md#L22014-L22016,True
lightsomely,lightsomely,lightsomely,[],hz-021300,entry_candidate,raw_ocr,low,4,943,,dictionary/L/L-04.md,hz-021300-lightsomely,sources/Hezareh_Dictionary_Index/source/Hezareh_Part_04_PDF_0751-1000.md#L22017-L22019,True
lightsomeneSS,lightsomeness,lightsomeness,[],hz-021301,entry_candidate,raw_ocr,low,4,943,,dictionary/L/L-04.md,hz-021301-lightsomeness,sources/Hezareh_Dictionary_Index/source/Hezareh_Part_04_PDF_0751-1000.md#L22020-L22030,True
ligneous,ligneous,ligneous,[],hz-021302,entry_candidate,raw_ocr,medium,4,943,,dictionary/L/L-04.md,hz-021302-ligneous,sources/Hezareh_Dictionary_Index/source/Hezareh_Part_04_PDF_0751-1000.md#L22031-L22031,True
lignite,lignite,lignite,[],hz-021303,entry_candidate,raw_ocr,medium,4,943,,dictionary/L/L-04.md,hz-021303-lignite,sources/Hezareh_Dictionary_Index/source/Hezareh_Part_04_PDF_0751-1000.md#L22032-L22032,True
likable,likable,likable,[],hz-021304,entry_candidate,raw_ocr,medium,4,943,,dictionary/L/L-04.md,hz-021304-likable,sources/Hezareh_Dictionary_Index/source/Hezareh_Part_04_PDF_0751-1000.md#L22033-L22047,True
like,like,like,[],hz-021309,entry_candidate,raw_ocr,high,4,944,,dictionary/L/L-04.md,hz-021309-like,sources/Hezareh_Dictionary_Index/source/Hezareh_Part_04_PDF_0751-1000.md#L22110-L22143,True
like a lamb ',like a lamb ',like a lamb ',[],hz-020572,entry_candidate,raw_ocr,hint_only,4,905,,dictionary/L/L-04.md,hz-020572-like-a-lamb,sources/Hezareh_Dictionary_Index/source/Hezareh_Part_04_PDF_0751-1000.md#L17587-L17587,False
like anyt,like anyt,like anyt,[],hz-001381,entry_candidate,raw_ocr,hint_only,1,55,,dictionary/L/L-04.md,hz-001381-like-anyt,sources/Hezareh_Dictionary_Index/source/Hezareh_Part_01_PDF_0001-0250.md#L7043-L7043,False
like hell,like hell,like hell,[],hz-021308,entry_candidate,raw_ocr,medium,4,943,,dictionary/L/L-04.md,hz-021308-like-hell,sources/Hezareh_Dictionary_Index/source/Hezareh_Part_04_PDF_0751-1000.md#L22084-L22086,True
like mad,like mad,like mad,[],hz-021307,entry_candidate,raw_ocr,medium,4,943,,dictionary/L/L-04.md,hz-021307-like-mad,sources/Hezareh_Dictionary_Index/source/Hezareh_Part_04_PDF_0751-1000.md#L22083-L22083,True
like the look ofsb,like the look ofsb,like the look ofsb,[],hz-021657,entry_candidate,raw_ocr,hint_only,4,967,,dictionary/L/L-04.md,hz-021657-like-the-look-ofsb,sources/Hezareh_Dictionary_Index/source/Hezareh_Part_04_PDF_0751-1000.md#L24739-L24739,False
like this,like this,like this,[],hz-021306,entry_candidate,raw_ocr,medium,4,943,,dictionary/L/L-04.md,hz-021306-like-this,sources/Hezareh_Dictionary_Index/source/Hezareh_Part_04_PDF_0751-1000.md#L22070-L22082,True
likeable,likeable,likeable,[],hz-021310,entry_candidate,raw_ocr,high,4,944,,dictionary/L/L-04.md,hz-021310-likeable,sources/Hezareh_Dictionary_Index/source/Hezareh_Part_04_PDF_0751-1000.md#L22144-L22168,True
liken sth,liken sth,liken sth,[],hz-021312,entry_candidate,raw_ocr,high,4,944,,dictionary/L/L-04.md,hz-021312-liken-sth,sources/Hezareh_Dictionary_Index/source/Hezareh_Part_04_PDF_0751-1000.md#L22177-L22178,True
likeneSS,likeness,likeness,[],hz-021313,entry_candidate,raw_ocr,high,4,944,,dictionary/L/L-04.md,hz-021313-likeness,sources/Hezareh_Dictionary_Index/source/Hezareh_Part_04_PDF_0751-1000.md#L22179-L22190,True
lilaC,lilac,lilac,[],hz-021315,entry_candidate,raw_ocr,high,4,945,,dictionary/L/L-04.md,hz-021315-lilac,sources/Hezareh_Dictionary_Index/source/Hezareh_Part_04_PDF_0751-1000.md#L22213-L22216,True
Liliiputian,liliiputian,liliiputian,[],hz-021317,entry_candidate,raw_ocr,hint_only,4,945,,dictionary/L/L-04.md,hz-021317-liliiputian,sources/Hezareh_Dictionary_Index/source/Hezareh_Part_04_PDF_0751-1000.md#L22204-L22204,False
Lilliput,lilliput,lilliput,[],hz-021316,entry_candidate,raw_ocr,medium,4,945,,dictionary/L/L-04.md,hz-021316-lilliput,sources/Hezareh_Dictionary_Index/source/Hezareh_Part_04_PDF_0751-1000.md#L22217-L22221,True
lilo,lilo,lilo,[],hz-021318,entry_candidate,raw_ocr,medium,4,945,,dictionary/L/L-04.md,hz-021318-lilo,sources/Hezareh_Dictionary_Index/source/Hezareh_Part_04_PDF_0751-1000.md#L22222-L22222,True
lilt,lilt,lilt,[],hz-021319,entry_candidate,raw_ocr,medium,4,945,,dictionary/L/L-04.md,hz-021319-lilt,sources/Hezareh_Dictionary_Index/source/Hezareh_Part_04_PDF_0751-1000.md#L22223-L22229,True
lilting,lilting,lilting,[],hz-021320,entry_candidate,raw_ocr,low,4,945,,dictionary/L/L-04.md,hz-021320-lilting,sources/Hezareh_Dictionary_Index/source/Hezareh_Part_04_PDF_0751-1000.md#L22230-L22233,True
lily,lily,lily,[],hz-021321,entry_candidate,raw_ocr,medium,4,945,,dictionary/L/L-04.md,hz-021321-lily,sources/Hezareh_Dictionary_Index/source/Hezareh_Part_04_PDF_0751-1000.md#L22235-L22236,True
lily of the valley,lily of the valley,lily of the valley,[],hz-021323,entry_candidate,raw_ocr,medium,4,945,,dictionary/L/L-04.md,hz-021323-lily-of-the-valley,sources/Hezareh_Dictionary_Index/source/Hezareh_Part_04_PDF_0751-1000.md#L22235-L22236,True
lily-livered,lily-livered,lily-livered,[],hz-021322,entry_candidate,raw_ocr,medium,4,945,,dictionary/L/L-04.md,hz-021322-lily-livered,sources/Hezareh_Dictionary_Index/source/Hezareh_Part_04_PDF_0751-1000.md#L22234-L22234,True
lily-white,lily-white,lily-white,[],hz-021324,entry_candidate,raw_ocr,medium,4,945,,dictionary/L/L-04.md,hz-021324-lily-white,sources/Hezareh_Dictionary_Index/source/Hezareh_Part_04_PDF_0751-1000.md#L22237-L22241,True
limb Ihm,limb ihm,limb ihm,[],hz-021325,entry_candidate,raw_ocr,hint_only,4,945,,dictionary/L/L-04.md,hz-021325-limb-ihm,sources/Hezareh_Dictionary_Index/source/Hezareh_Part_04_PDF_0751-1000.md#L22204-L22204,False
limber,limber,limber,[],hz-021328,entry_candidate,raw_ocr,medium,4,945,,dictionary/L/L-04.md,hz-021328-limber,sources/Hezareh_Dictionary_Index/source/Hezareh_Part_04_PDF_0751-1000.md#L22258-L22271,True
limbo,limbo,limbo,[],hz-021329,entry_candidate,raw_ocr,medium,4,945,,dictionary/L/L-04.md,hz-021329-limbo,sources/Hezareh_Dictionary_Index/source/Hezareh_Part_04_PDF_0751-1000.md#L22272-L22282,True
lime green,lime green,lime green,[],hz-021330,entry_candidate,raw_ocr,medium,4,945,,dictionary/L/L-04.md,hz-021330-lime-green,sources/Hezareh_Dictionary_Index/source/Hezareh_Part_04_PDF_0751-1000.md#L22283-L22283,True
lime-juice,lime-juice,lime-juice,[],hz-021331,entry_candidate,raw_ocr,medium,4,945,,dictionary/L/L-04.md,hz-021331-lime-juice,sources/Hezareh_Dictionary_Index/source/Hezareh_Part_04_PDF_0751-1000.md#L22284-L22284,True
lime-kiln,lime-kiln,lime-kiln,[],hz-021332,entry_candidate,raw_ocr,low,4,945,,dictionary/L/L-04.md,hz-021332-lime-kiln,sources/Hezareh_Dictionary_Index/source/Hezareh_Part_04_PDF_0751-1000.md#L22285-L22285,True
lime-tree,lime-tree,lime-tree,[],hz-021336,entry_candidate,raw_ocr,high,4,945,,dictionary/L/L-04.md,hz-021336-lime-tree,sources/Hezareh_Dictionary_Index/source/Hezareh_Part_04_PDF_0751-1000.md#L22295-L22295,True
limelight,limelight,limelight,[],hz-021333,entry_candidate,raw_ocr,medium,4,945,,dictionary/L/L-04.md,hz-021333-limelight,sources/Hezareh_Dictionary_Index/source/Hezareh_Part_04_PDF_0751-1000.md#L22286-L22291,True
limerick,limerick,limerick,[],hz-021334,entry_candidate,raw_ocr,medium,4,945,,dictionary/L/L-04.md,hz-021334-limerick,sources/Hezareh_Dictionary_Index/source/Hezareh_Part_04_PDF_0751-1000.md#L22292-L22293,True
limestone,limestone,limestone,[],hz-021335,entry_candidate,raw_ocr,high,4,945,,dictionary/L/L-04.md,hz-021335-limestone,sources/Hezareh_Dictionary_Index/source/Hezareh_Part_04_PDF_0751-1000.md#L22294-L22294,True
limey,limey,limey,[],hz-021337,entry_candidate,raw_ocr,high,4,945,,dictionary/L/L-04.md,hz-021337-limey,sources/Hezareh_Dictionary_Index/source/Hezareh_Part_04_PDF_0751-1000.md#L22296-L22312,True
limitation,limitation,limitation,[],hz-021339,entry_candidate,raw_ocr,hint_only,4,946,,dictionary/L/L-04.md,hz-021339-limitation,sources/Hezareh_Dictionary_Index/source/Hezareh_Part_04_PDF_0751-1000.md#L22316-L22316,False
limited,limited,limited,[],hz-021340,entry_candidate,raw_ocr,high,4,946,,dictionary/L/L-04.md,hz-021340-limited,sources/Hezareh_Dictionary_Index/source/Hezareh_Part_04_PDF_0751-1000.md#L22363-L22364,True
limited company,limited company,limited company,[],hz-021341,entry_candidate,raw_ocr,medium,4,946,,dictionary/L/L-04.md,hz-021341-limited-company,sources/Hezareh_Dictionary_Index/source/Hezareh_Part_04_PDF_0751-1000.md#L22359-L22360,True
limited edition,limited edition,limited edition,[],hz-021342,entry_candidate,raw_ocr,low,4,946,,dictionary/L/L-04.md,hz-021342-limited-edition,sources/Hezareh_Dictionary_Index/source/Hezareh_Part_04_PDF_0751-1000.md#L22361-L22362,True
limited liability company,limited liability company,limited liability company,[],hz-021343,entry_candidate,raw_ocr,high,4,946,,dictionary/L/L-04.md,hz-021343-limited-liability-company,sources/Hezareh_Dictionary_Index/source/Hezareh_Part_04_PDF_0751-1000.md#L22363-L22364,True
limitless,limitless,limitless,[],hz-021347,entry_candidate,raw_ocr,medium,4,946,,dictionary/L/L-04.md,hz-021347-limitless,sources/Hezareh_Dictionary_Index/source/Hezareh_Part_04_PDF_0751-1000.md#L22365-L22368,True
limo,limo,limo,[],hz-021348,entry_candidate,raw_ocr,medium,4,946,,dictionary/L/L-04.md,hz-021348-limo,sources/Hezareh_Dictionary_Index/source/Hezareh_Part_04_PDF_0751-1000.md#L22369-L22369,True
limousine,limousine,limousine,[],hz-021349,entry_candidate,raw_ocr,medium,4,946,,dictionary/L/L-04.md,hz-021349-limousine,sources/Hezareh_Dictionary_Index/source/Hezareh_Part_04_PDF_0751-1000.md#L22370-L22396,True
limpet,limpet,limpet,[],hz-021344,entry_candidate,raw_ocr,high,4,946,,dictionary/L/L-04.md,hz-021344-limpet,sources/Hezareh_Dictionary_Index/source/Hezareh_Part_04_PDF_0751-1000.md#L22397-L22403,True
limpid,limpid,limpid,[],hz-021345,entry_candidate,raw_ocr,high,4,946,,dictionary/L/L-04.md,hz-021345-limpid,sources/Hezareh_Dictionary_Index/source/Hezareh_Part_04_PDF_0751-1000.md#L22404-L22406,True
limpidity,limpidity,limpidity,[],hz-021350,entry_candidate,raw_ocr,high,4,946,,dictionary/L/L-04.md,hz-021350-limpidity,sources/Hezareh_Dictionary_Index/source/Hezareh_Part_04_PDF_0751-1000.md#L22407-L22408,True
limpidly,limpidly,limpidly,[],hz-021351,entry_candidate,raw_ocr,high,4,946,,dictionary/L/L-04.md,hz-021351-limpidly,sources/Hezareh_Dictionary_Index/source/Hezareh_Part_04_PDF_0751-1000.md#L22409-L22409,True
limply,limply,limply,[],hz-021352,entry_candidate,raw_ocr,high,4,946,,dictionary/L/L-04.md,hz-021352-limply,sources/Hezareh_Dictionary_Index/source/Hezareh_Part_04_PDF_0751-1000.md#L22410-L22410,True
limpness,limpness,limpness,[],hz-021353,entry_candidate,raw_ocr,high,4,946,,dictionary/L/L-04.md,hz-021353-limpness,sources/Hezareh_Dictionary_Index/source/Hezareh_Part_04_PDF_0751-1000.md#L22411-L22412,True
limy,limy,limy,[],hz-021354,entry_candidate,raw_ocr,high,4,946,,dictionary/L/L-04.md,hz-021354-limy,sources/Hezareh_Dictionary_Index/source/Hezareh_Part_04_PDF_0751-1000.md#L22413-L22413,True
linchpin,linchpin,linchpin,[],hz-021355,entry_candidate,raw_ocr,high,4,946,,dictionary/L/L-04.md,hz-021355-linchpin,sources/Hezareh_Dictionary_Index/source/Hezareh_Part_04_PDF_0751-1000.md#L22414-L22415,True
Lincoln green,lincoln green,lincoln green,[],hz-021356,entry_candidate,raw_ocr,high,4,946,,dictionary/L/L-04.md,hz-021356-lincoln-green,sources/Hezareh_Dictionary_Index/source/Hezareh_Part_04_PDF_0751-1000.md#L22416-L22417,True
linctus,linctus,linctus,[],hz-021357,entry_candidate,raw_ocr,high,4,946,,dictionary/L/L-04.md,hz-021357-linctus,sources/Hezareh_Dictionary_Index/source/Hezareh_Part_04_PDF_0751-1000.md#L22418-L22418,True
linden,linden,linden,[],hz-021358,entry_candidate,raw_ocr,high,4,946,,dictionary/L/L-04.md,hz-021358-linden,sources/Hezareh_Dictionary_Index/source/Hezareh_Part_04_PDF_0751-1000.md#L22419-L22420,True
linden-tree,linden-tree,linden-tree,[],hz-021359,entry_candidate,raw_ocr,high,4,946,,dictionary/L/L-04.md,hz-021359-linden-tree,sources/Hezareh_Dictionary_Index/source/Hezareh_Part_04_PDF_0751-1000.md#L22421-L22427,True
line drawing,line drawing,line drawing,[],hz-021370,entry_candidate,raw_ocr,medium,4,948,,dictionary/L/L-04.md,hz-021370-line-drawing,sources/Hezareh_Dictionary_Index/source/Hezareh_Part_04_PDF_0751-1000.md#L22632-L22633,True
line-engraving,line-engraving,line-engraving,[],hz-021371,entry_candidate,raw_ocr,medium,4,948,,dictionary/L/L-04.md,hz-021371-line-engraving,sources/Hezareh_Dictionary_Index/source/Hezareh_Part_04_PDF_0751-1000.md#L22634-L22634,True
line-shooter,line-shooter,line-shooter,[],hz-021376,entry_candidate,raw_ocr,high,4,948,,dictionary/L/L-04.md,hz-021376-line-shooter,sources/Hezareh_Dictionary_Index/source/Hezareh_Part_04_PDF_0751-1000.md#L22659-L22665,True
lineal,lineal,lineal,[],hz-021365,entry_candidate,raw_ocr,low,4,948,,dictionary/L/L-04.md,hz-021365-lineal,sources/Hezareh_Dictionary_Index/source/Hezareh_Part_04_PDF_0751-1000.md#L22622-L22623,True
lineally,lineally,lineally,[],hz-021366,entry_candidate,raw_ocr,medium,4,948,,dictionary/L/L-04.md,hz-021366-lineally,sources/Hezareh_Dictionary_Index/source/Hezareh_Part_04_PDF_0751-1000.md#L22624-L22628,True
lineament I 'hruomant,lineament i 'hruomant,lineament i 'hruomant,[],hz-021367,entry_candidate,raw_ocr,hint_only,4,948,,dictionary/L/L-04.md,hz-021367-lineament-i-hruomant,sources/Hezareh_Dictionary_Index/source/Hezareh_Part_04_PDF_0751-1000.md#L22545-L22545,False
linear,linear,linear,[],hz-021368,entry_candidate,raw_ocr,low,4,948,,dictionary/L/L-04.md,hz-021368-linear,sources/Hezareh_Dictionary_Index/source/Hezareh_Part_04_PDF_0751-1000.md#L22629-L22630,True
linearly,linearly,linearly,[],hz-021369,entry_candidate,raw_ocr,low,4,948,,dictionary/L/L-04.md,hz-021369-linearly,sources/Hezareh_Dictionary_Index/source/Hezareh_Part_04_PDF_0751-1000.md#L22631-L22631,True
lineman,lineman,lineman,[],hz-021372,entry_candidate,raw_ocr,high,4,948,,dictionary/L/L-04.md,hz-021372-lineman,sources/Hezareh_Dictionary_Index/source/Hezareh_Part_04_PDF_0751-1000.md#L22635-L22642,True
linen,linen,linen,[],hz-021373,entry_candidate,raw_ocr,low,4,948,,dictionary/L/L-04.md,hz-021373-linen,sources/Hezareh_Dictionary_Index/source/Hezareh_Part_04_PDF_0751-1000.md#L22643-L22645,True
linen-draper,linen-draper,linen-draper,[],hz-021374,entry_candidate,raw_ocr,high,4,948,,dictionary/L/L-04.md,hz-021374-linen-draper,sources/Hezareh_Dictionary_Index/source/Hezareh_Part_04_PDF_0751-1000.md#L22646-L22656,True
liner-train,liner-train,liner-train,[],hz-021375,entry_candidate,raw_ocr,medium,4,948,,dictionary/L/L-04.md,hz-021375-liner-train,sources/Hezareh_Dictionary_Index/source/Hezareh_Part_04_PDF_0751-1000.md#L22657-L22658,True
linger about,linger about,linger about,[],hz-021377,entry_candidate,raw_ocr,medium,4,949,,dictionary/L/L-04.md,hz-021377-linger-about,sources/Hezareh_Dictionary_Index/source/Hezareh_Part_04_PDF_0751-1000.md#L22697-L22718,True
lingo,lingo,lingo,[],hz-021380,entry_candidate,raw_ocr,low,4,949,,dictionary/L/L-04.md,hz-021380-lingo,sources/Hezareh_Dictionary_Index/source/Hezareh_Part_04_PDF_0751-1000.md#L22719-L22730,True
linguistic,linguistic,linguistic,[],hz-021378,entry_candidate,raw_ocr,low,4,949,,dictionary/L/L-04.md,hz-021378-linguistic,sources/Hezareh_Dictionary_Index/source/Hezareh_Part_04_PDF_0751-1000.md#L22731-L22735,True
linguistics,linguistics,linguistics,[],hz-021379,entry_candidate,raw_ocr,high,4,949,,dictionary/L/L-04.md,hz-021379-linguistics,sources/Hezareh_Dictionary_Index/source/Hezareh_Part_04_PDF_0751-1000.md#L22736-L22788,True
links,links,links,[],hz-021381,entry_candidate,raw_ocr,high,4,949,,dictionary/L/L-04.md,hz-021381-links,sources/Hezareh_Dictionary_Index/source/Hezareh_Part_04_PDF_0751-1000.md#L22789-L22793,True
linnet,linnet,linnet,[],hz-021382,entry_candidate,raw_ocr,medium,4,950,,dictionary/L/L-04.md,hz-021382-linnet,sources/Hezareh_Dictionary_Index/source/Hezareh_Part_04_PDF_0751-1000.md#L22807-L22807,True
lino,lino,lino,[],hz-021383,entry_candidate,raw_ocr,high,4,950,,dictionary/L/L-04.md,hz-021383-lino,sources/Hezareh_Dictionary_Index/source/Hezareh_Part_04_PDF_0751-1000.md#L22808-L22808,True
lino-cut,lino-cut,lino-cut,[],hz-021384,entry_candidate,raw_ocr,medium,4,950,,dictionary/L/L-04.md,hz-021384-lino-cut,sources/Hezareh_Dictionary_Index/source/Hezareh_Part_04_PDF_0751-1000.md#L22809-L22810,True
linoleum,linoleum,linoleum,[],hz-021385,entry_candidate,raw_ocr,medium,4,950,,dictionary/L/L-04.md,hz-021385-linoleum,sources/Hezareh_Dictionary_Index/source/Hezareh_Part_04_PDF_0751-1000.md#L22811-L22811,True
linotype,linotype,linotype,[],hz-021386,entry_candidate,raw_ocr,medium,4,950,,dictionary/L/L-04.md,hz-021386-linotype,sources/Hezareh_Dictionary_Index/source/Hezareh_Part_04_PDF_0751-1000.md#L22812-L22813,True
linseed,linseed,linseed,[],hz-021387,entry_candidate,raw_ocr,medium,4,950,,dictionary/L/L-04.md,hz-021387-linseed,sources/Hezareh_Dictionary_Index/source/Hezareh_Part_04_PDF_0751-1000.md#L22814-L22814,True
linseed oil,linseed oil,linseed oil,[],hz-021388,entry_candidate,raw_ocr,medium,4,950,,dictionary/L/L-04.md,hz-021388-linseed-oil,sources/Hezareh_Dictionary_Index/source/Hezareh_Part_04_PDF_0751-1000.md#L22814-L22814,True
linsey-woolsey,linsey-woolsey,linsey-woolsey,[],hz-021389,entry_candidate,raw_ocr,medium,4,950,,dictionary/L/L-04.md,hz-021389-linsey-woolsey,sources/Hezareh_Dictionary_Index/source/Hezareh_Part_04_PDF_0751-1000.md#L22815-L22816,True
lint,lint,lint,[],hz-021390,entry_candidate,raw_ocr,medium,4,950,,dictionary/L/L-04.md,hz-021390-lint,sources/Hezareh_Dictionary_Index/source/Hezareh_Part_04_PDF_0751-1000.md#L22817-L22818,True
lintel,lintel,lintel,[],hz-021391,entry_candidate,raw_ocr,low,4,950,,dictionary/L/L-04.md,hz-021391-lintel,sources/Hezareh_Dictionary_Index/source/Hezareh_Part_04_PDF_0751-1000.md#L22819-L22819,True
lion,lion,lion,[],hz-021392,entry_candidate,raw_ocr,medium,4,950,,dictionary/L/L-04.md,hz-021392-lion,sources/Hezareh_Dictionary_Index/source/Hezareh_Part_04_PDF_0751-1000.md#L22820-L22824,True
lion-hearted,lion-hearted,lion-hearted,[],hz-021394,entry_candidate,raw_ocr,hint_only,4,950,,dictionary/L/L-04.md,hz-021394-lion-hearted,sources/Hezareh_Dictionary_Index/source/Hezareh_Part_04_PDF_0751-1000.md#L22797-L22797,False
lion-hunter,lion-hunter,lion-hunter,[],hz-021395,entry_candidate,raw_ocr,medium,4,950,,dictionary/L/L-04.md,hz-021395-lion-hunter,sources/Hezareh_Dictionary_Index/source/Hezareh_Part_04_PDF_0751-1000.md#L22828-L22831,True
lioness,lioness,lioness,[],hz-021393,entry_candidate,raw_ocr,medium,4,950,,dictionary/L/L-04.md,hz-021393-lioness,sources/Hezareh_Dictionary_Index/source/Hezareh_Part_04_PDF_0751-1000.md#L22825-L22827,True
lionize,lionize,lionize,[],hz-021396,entry_candidate,raw_ocr,medium,4,950,,dictionary/L/L-04.md,hz-021396-lionize,sources/Hezareh_Dictionary_Index/source/Hezareh_Part_04_PDF_0751-1000.md#L22832-L22858,True
lip,lip,lip,[],hz-021397,entry_candidate,raw_ocr,medium,4,950,,dictionary/L/L-04.md,hz-021397-lip,sources/Hezareh_Dictionary_Index/source/Hezareh_Part_04_PDF_0751-1000.md#L22866-L22866,True
Lip against stfr,lip against stfr,lip against stfr,[],hz-036675,entry_candidate,raw_ocr,hint_only,8,1850,,dictionary/L/L-04.md,hz-036675-lip-against-stfr,sources/Hezareh_Dictionary_Index/source/Hezareh_Part_08_PDF_1751-1976.md#L11729-L11729,False
lip-read,lip-read,lip-read,[],hz-021399,entry_candidate,raw_ocr,high,4,950,,dictionary/L/L-04.md,hz-021399-lip-read,sources/Hezareh_Dictionary_Index/source/Hezareh_Part_04_PDF_0751-1000.md#L22864-L22864,True
lip-reading,lip-reading,lip-reading,[],hz-021400,entry_candidate,raw_ocr,high,4,950,,dictionary/L/L-04.md,hz-021400-lip-reading,sources/Hezareh_Dictionary_Index/source/Hezareh_Part_04_PDF_0751-1000.md#L22865-L22865,True
liquefaction,liquefaction,liquefaction,[],hz-021403,entry_candidate,raw_ocr,high,4,950,,dictionary/L/L-04.md,hz-021403-liquefaction,sources/Hezareh_Dictionary_Index/source/Hezareh_Part_04_PDF_0751-1000.md#L22871-L22873,True
liquefy,liquefy,liquefy,[],hz-021404,entry_candidate,raw_ocr,high,4,950,,dictionary/L/L-04.md,hz-021404-liquefy,sources/Hezareh_Dictionary_Index/source/Hezareh_Part_04_PDF_0751-1000.md#L22874-L22878,True
liquescent,liquescent,liquescent,[],hz-021405,entry_candidate,raw_ocr,high,4,950,,dictionary/L/L-04.md,hz-021405-liquescent,sources/Hezareh_Dictionary_Index/source/Hezareh_Part_04_PDF_0751-1000.md#L22879-L22880,True
liqueur,liqueur,liqueur,[],hz-021406,entry_candidate,raw_ocr,high,4,950,,dictionary/L/L-04.md,hz-021406-liqueur,sources/Hezareh_Dictionary_Index/source/Hezareh_Part_04_PDF_0751-1000.md#L22881-L22881,True
liquid,liquid,liquid,[],hz-021407,entry_candidate,raw_ocr,high,4,950,,dictionary/L/L-04.md,hz-021407-liquid,sources/Hezareh_Dictionary_Index/source/Hezareh_Part_04_PDF_0751-1000.md#L22882-L22889,True
liquid crystal display,liquid crystal display,liquid crystal display,[],hz-021411,entry_candidate,raw_ocr,high,4,950,,dictionary/L/L-04.md,hz-021411-liquid-crystal-display,sources/Hezareh_Dictionary_Index/source/Hezareh_Part_04_PDF_0751-1000.md#L22903-L22907,True
liquid gas,liquid gas,liquid gas,[],hz-021412,entry_candidate,raw_ocr,high,4,951,,dictionary/L/L-04.md,hz-021412-liquid-gas,sources/Hezareh_Dictionary_Index/source/Hezareh_Part_04_PDF_0751-1000.md#L22920-L22923,True
liquidate,liquidate,liquidate,[],hz-021408,entry_candidate,raw_ocr,high,4,950,,dictionary/L/L-04.md,hz-021408-liquidate,sources/Hezareh_Dictionary_Index/source/Hezareh_Part_04_PDF_0751-1000.md#L22890-L22896,True
liquidation,liquidation,liquidation,[],hz-021409,entry_candidate,raw_ocr,high,4,950,,dictionary/L/L-04.md,hz-021409-liquidation,sources/Hezareh_Dictionary_Index/source/Hezareh_Part_04_PDF_0751-1000.md#L22897-L22900,True
liquidator,liquidator,liquidator,[],hz-021410,entry_candidate,raw_ocr,high,4,950,,dictionary/L/L-04.md,hz-021410-liquidator,sources/Hezareh_Dictionary_Index/source/Hezareh_Part_04_PDF_0751-1000.md#L22901-L22902,True
liquidise,liquidise,liquidise,[],hz-021413,entry_candidate,raw_ocr,high,4,951,,dictionary/L/L-04.md,hz-021413-liquidise,sources/Hezareh_Dictionary_Index/source/Hezareh_Part_04_PDF_0751-1000.md#L22924-L22924,True
liquidiser,liquidiser,liquidiser,[],hz-021414,entry_candidate,raw_ocr,high,4,951,,dictionary/L/L-04.md,hz-021414-liquidiser,sources/Hezareh_Dictionary_Index/source/Hezareh_Part_04_PDF_0751-1000.md#L22925-L22925,True
liquidity,liquidity,liquidity,[],hz-021415,entry_candidate,raw_ocr,medium,4,951,,dictionary/L/L-04.md,hz-021415-liquidity,sources/Hezareh_Dictionary_Index/source/Hezareh_Part_04_PDF_0751-1000.md#L22926-L22926,True
liquidize,liquidize,liquidize,[],hz-021416,entry_candidate,raw_ocr,medium,4,951,,dictionary/L/L-04.md,hz-021416-liquidize,sources/Hezareh_Dictionary_Index/source/Hezareh_Part_04_PDF_0751-1000.md#L22927-L22936,True
liquidizer,liquidizer,liquidizer,[],hz-021417,entry_candidate,raw_ocr,low,4,951,,dictionary/L/L-04.md,hz-021417-liquidizer,sources/Hezareh_Dictionary_Index/source/Hezareh_Part_04_PDF_0751-1000.md#L22925-L22925,True
liquorice,liquorice,liquorice,[],hz-021418,entry_candidate,raw_ocr,medium,4,951,,dictionary/L/L-04.md,hz-021418-liquorice,sources/Hezareh_Dictionary_Index/source/Hezareh_Part_04_PDF_0751-1000.md#L22937-L22937,True
lira,lira,lira,[],hz-021419,entry_candidate,raw_ocr,medium,4,951,,dictionary/L/L-04.md,hz-021419-lira,sources/Hezareh_Dictionary_Index/source/Hezareh_Part_04_PDF_0751-1000.md#L22938-L22938,True
lire,lire,lire,[],hz-021420,entry_candidate,raw_ocr,high,4,951,,dictionary/L/L-04.md,hz-021420-lire,sources/Hezareh_Dictionary_Index/source/Hezareh_Part_04_PDF_0751-1000.md#L22939-L22939,True
lisle,lisle,lisle,[],hz-021421,entry_candidate,raw_ocr,low,4,951,,dictionary/L/L-04.md,hz-021421-lisle,sources/Hezareh_Dictionary_Index/source/Hezareh_Part_04_PDF_0751-1000.md#L22940-L22941,True
lisp,lisp,lisp,[],hz-021422,entry_candidate,raw_ocr,medium,4,951,,dictionary/L/L-04.md,hz-021422-lisp,sources/Hezareh_Dictionary_Index/source/Hezareh_Part_04_PDF_0751-1000.md#L22942-L22946,True
lispingly,lispingly,lispingly,[],hz-021424,entry_candidate,raw_ocr,low,4,951,,dictionary/L/L-04.md,hz-021424-lispingly,sources/Hezareh_Dictionary_Index/source/Hezareh_Part_04_PDF_0751-1000.md#L22949-L22950,True
lissom,lissom,lissom,[],hz-021425,entry_candidate,raw_ocr,medium,4,951,,dictionary/L/L-04.md,hz-021425-lissom,sources/Hezareh_Dictionary_Index/source/Hezareh_Part_04_PDF_0751-1000.md#L22951-L22951,True
lissome,lissome,lissome,[],hz-021426,entry_candidate,raw_ocr,high,4,951,,dictionary/L/L-04.md,hz-021426-lissome,sources/Hezareh_Dictionary_Index/source/Hezareh_Part_04_PDF_0751-1000.md#L22952-L22952,True
lissomeness,lissomeness,lissomeness,[],hz-021427,entry_candidate,raw_ocr,high,4,951,,dictionary/L/L-04.md,hz-021427-lissomeness,sources/Hezareh_Dictionary_Index/source/Hezareh_Part_04_PDF_0751-1000.md#L22953-L22970,True
list,list,list,[],hz-021428,entry_candidate,raw_ocr,high,4,951,,dictionary/L/L-04.md,hz-021428-list,sources/Hezareh_Dictionary_Index/source/Hezareh_Part_04_PDF_0751-1000.md#L23002-L23003,True
list price,list price,list price,[],hz-021438,entry_candidate,raw_ocr,high,4,951,,dictionary/L/L-04.md,hz-021438-list-price,sources/Hezareh_Dictionary_Index/source/Hezareh_Part_04_PDF_0751-1000.md#L23002-L23003,True
listed building,listed building,listed building,[],hz-021429,entry_candidate,raw_ocr,high,4,951,,dictionary/L/L-04.md,hz-021429-listed-building,sources/Hezareh_Dictionary_Index/source/Hezareh_Part_04_PDF_0751-1000.md#L22971-L22972,True
listen,listen,listen,[],hz-021430,entry_candidate,raw_ocr,high,4,951,,dictionary/L/L-04.md,hz-021430-listen,sources/Hezareh_Dictionary_Index/source/Hezareh_Part_04_PDF_0751-1000.md#L22973-L22980,True
listener,listener,listener,[],hz-021431,entry_candidate,raw_ocr,high,4,951,,dictionary/L/L-04.md,hz-021431-listener,sources/Hezareh_Dictionary_Index/source/Hezareh_Part_04_PDF_0751-1000.md#L22981-L22981,True
listening,listening,listening,[],hz-021432,entry_candidate,raw_ocr,high,4,951,,dictionary/L/L-04.md,hz-021432-listening,sources/Hezareh_Dictionary_Index/source/Hezareh_Part_04_PDF_0751-1000.md#L22982-L22988,True
listeria,listeria,listeria,[],hz-021433,entry_candidate,raw_ocr,high,4,951,,dictionary/L/L-04.md,hz-021433-listeria,sources/Hezareh_Dictionary_Index/source/Hezareh_Part_04_PDF_0751-1000.md#L22989-L22989,True
listing,listing,listing,[],hz-021434,entry_candidate,raw_ocr,high,4,951,,dictionary/L/L-04.md,hz-021434-listing,sources/Hezareh_Dictionary_Index/source/Hezareh_Part_04_PDF_0751-1000.md#L22990-L22991,True
listleSS,listless,listless,[],hz-021435,entry_candidate,raw_ocr,high,4,951,,dictionary/L/L-04.md,hz-021435-listless,sources/Hezareh_Dictionary_Index/source/Hezareh_Part_04_PDF_0751-1000.md#L22992-L22998,True
listlessly,listlessly,listlessly,[],hz-021436,entry_candidate,raw_ocr,hint_only,4,951,,dictionary/L/L-04.md,hz-021436-listlessly,sources/Hezareh_Dictionary_Index/source/Hezareh_Part_04_PDF_0751-1000.md#L22911-L22911,False
listlessness,listlessness,listlessness,[],hz-021437,entry_candidate,raw_ocr,high,4,951,,dictionary/L/L-04.md,hz-021437-listlessness,sources/Hezareh_Dictionary_Index/source/Hezareh_Part_04_PDF_0751-1000.md#L22999-L23001,True
lists,lists,lists,[],hz-021439,entry_candidate,raw_ocr,high,4,951,,dictionary/L/L-04.md,hz-021439-lists,sources/Hezareh_Dictionary_Index/source/Hezareh_Part_04_PDF_0751-1000.md#L23004-L23011,True
lit,lit,lit,[],hz-021440,entry_candidate,raw_ocr,hint_only,4,951,,dictionary/L/L-04.md,hz-021440-lit,sources/Hezareh_Dictionary_Index/source/Hezareh_Part_04_PDF_0751-1000.md#L22911-L22911,False
lit up,lit up,lit up,[],hz-021469,entry_candidate,raw_ocr,medium,4,954,,dictionary/L/L-04.md,hz-021469-lit-up,sources/Hezareh_Dictionary_Index/source/Hezareh_Part_04_PDF_0751-1000.md#L23282-L23282,True
litany,litany,litany,[],hz-021441,entry_candidate,raw_ocr,high,4,951,,dictionary/L/L-04.md,hz-021441-litany,sources/Hezareh_Dictionary_Index/source/Hezareh_Part_04_PDF_0751-1000.md#L23012-L23018,True
lite,lite,lite,[],hz-021442,entry_candidate,raw_ocr,medium,4,952,,dictionary/L/L-04.md,hz-021442-lite,sources/Hezareh_Dictionary_Index/source/Hezareh_Part_04_PDF_0751-1000.md#L23034-L23034,True
liter,liter,liter,[],hz-021443,entry_candidate,raw_ocr,high,4,952,,dictionary/L/L-04.md,hz-021443-liter,sources/Hezareh_Dictionary_Index/source/Hezareh_Part_04_PDF_0751-1000.md#L23035-L23035,True
literacy,literacy,literacy,[],hz-021444,entry_candidate,raw_ocr,medium,4,952,,dictionary/L/L-04.md,hz-021444-literacy,sources/Hezareh_Dictionary_Index/source/Hezareh_Part_04_PDF_0751-1000.md#L23036-L23038,True
literal,literal,literal,[],hz-021445,entry_candidate,raw_ocr,medium,4,952,,dictionary/L/L-04.md,hz-021445-literal,sources/Hezareh_Dictionary_Index/source/Hezareh_Part_04_PDF_0751-1000.md#L23039-L23059,True
literalness,literalness,literalness,[],hz-021446,entry_candidate,raw_ocr,low,4,952,,dictionary/L/L-04.md,hz-021446-literalness,sources/Hezareh_Dictionary_Index/source/Hezareh_Part_04_PDF_0751-1000.md#L23060-L23061,True
literary,literary,literary,[],hz-021447,entry_candidate,raw_ocr,low,4,952,,dictionary/L/L-04.md,hz-021447-literary,sources/Hezareh_Dictionary_Index/source/Hezareh_Part_04_PDF_0751-1000.md#L23062-L23073,True
literati,literati,literati,[],hz-021448,entry_candidate,raw_ocr,medium,4,952,,dictionary/L/L-04.md,hz-021448-literati,sources/Hezareh_Dictionary_Index/source/Hezareh_Part_04_PDF_0751-1000.md#L23074-L23075,True
literature,literature,literature,[],hz-021449,entry_candidate,raw_ocr,high,4,952,,dictionary/L/L-04.md,hz-021449-literature,sources/Hezareh_Dictionary_Index/source/Hezareh_Part_04_PDF_0751-1000.md#L23076-L23082,True
lithO,litho,litho,[],hz-021450,entry_candidate,raw_ocr,high,4,952,,dictionary/L/L-04.md,hz-021450-litho,sources/Hezareh_Dictionary_Index/source/Hezareh_Part_04_PDF_0751-1000.md#L23090-L23090,True
lithograph,lithograph,lithograph,[],hz-021451,entry_candidate,raw_ocr,high,4,952,,dictionary/L/L-04.md,hz-021451-lithograph,sources/Hezareh_Dictionary_Index/source/Hezareh_Part_04_PDF_0751-1000.md#L23091-L23095,True
lithography,lithography,lithography,[],hz-021452,entry_candidate,raw_ocr,high,4,952,,dictionary/L/L-04.md,hz-021452-lithography,sources/Hezareh_Dictionary_Index/source/Hezareh_Part_04_PDF_0751-1000.md#L23096-L23101,True
litigant i'lrtrgant,litigant i'lrtrgant,litigant i'lrtrgant,[],hz-021453,entry_candidate,raw_ocr,hint_only,4,952,,dictionary/L/L-04.md,hz-021453-litigant-i-lrtrgant,sources/Hezareh_Dictionary_Index/source/Hezareh_Part_04_PDF_0751-1000.md#L23022-L23022,False
litigate,litigate,litigate,[],hz-021454,entry_candidate,raw_ocr,high,4,952,,dictionary/L/L-04.md,hz-021454-litigate,sources/Hezareh_Dictionary_Index/source/Hezareh_Part_04_PDF_0751-1000.md#L23102-L23107,True
litigious,litigious,litigious,[],hz-021455,entry_candidate,raw_ocr,high,4,952,,dictionary/L/L-04.md,hz-021455-litigious,sources/Hezareh_Dictionary_Index/source/Hezareh_Part_04_PDF_0751-1000.md#L23108-L23113,True
litotes,litotes,litotes,[],hz-021456,entry_candidate,raw_ocr,high,4,952,,dictionary/L/L-04.md,hz-021456-litotes,sources/Hezareh_Dictionary_Index/source/Hezareh_Part_04_PDF_0751-1000.md#L23114-L23116,True
litre,litre,litre,[],hz-021457,entry_candidate,raw_ocr,high,4,952,,dictionary/L/L-04.md,hz-021457-litre,sources/Hezareh_Dictionary_Index/source/Hezareh_Part_04_PDF_0751-1000.md#L23117-L23132,True
litter,litter,litter,[],hz-021458,entry_candidate,raw_ocr,high,4,952,,dictionary/L/L-04.md,hz-021458-litter,sources/Hezareh_Dictionary_Index/source/Hezareh_Part_04_PDF_0751-1000.md#L23083-L23089,True
litter-basket,litter-basket,litter-basket,[],hz-021459,entry_candidate,raw_ocr,high,4,953,,dictionary/L/L-04.md,hz-021459-litter-basket,sources/Hezareh_Dictionary_Index/source/Hezareh_Part_04_PDF_0751-1000.md#L23159-L23159,True
litter-bin,litter-bin,litter-bin,[],hz-021460,entry_candidate,raw_ocr,medium,4,953,,dictionary/L/L-04.md,hz-021460-litter-bin,sources/Hezareh_Dictionary_Index/source/Hezareh_Part_04_PDF_0751-1000.md#L23160-L23161,True
litter-lout,litter-lout,litter-lout,[],hz-021462,entry_candidate,raw_ocr,medium,4,953,,dictionary/L/L-04.md,hz-021462-litter-lout,sources/Hezareh_Dictionary_Index/source/Hezareh_Part_04_PDF_0751-1000.md#L23162-L23184,True
litterbug,litterbug,litterbug,[],hz-021461,entry_candidate,raw_ocr,low,4,953,,dictionary/L/L-04.md,hz-021461-litterbug,sources/Hezareh_Dictionary_Index/source/Hezareh_Part_04_PDF_0751-1000.md#L23162-L23184,True
little,little,little,[],hz-021463,entry_candidate,raw_ocr,high,4,953,,dictionary/L/L-04.md,hz-021463-little,sources/Hezareh_Dictionary_Index/source/Hezareh_Part_04_PDF_0751-1000.md#L23212-L23221,True
little finger,little finger,little finger,[],hz-021466,entry_candidate,raw_ocr,medium,4,954,,dictionary/L/L-04.md,hz-021466-little-finger,sources/Hezareh_Dictionary_Index/source/Hezareh_Part_04_PDF_0751-1000.md#L23276-L23277,True
littleneSS,littleness,littleness,[],hz-021467,entry_candidate,raw_ocr,medium,4,954,,dictionary/L/L-04.md,hz-021467-littleness,sources/Hezareh_Dictionary_Index/source/Hezareh_Part_04_PDF_0751-1000.md#L23278-L23278,True
littoral,littoral,littoral,[],hz-021468,entry_candidate,raw_ocr,medium,4,954,,dictionary/L/L-04.md,hz-021468-littoral,sources/Hezareh_Dictionary_Index/source/Hezareh_Part_04_PDF_0751-1000.md#L23279-L23281,True
liturgical,liturgical,liturgical,[],hz-021470,entry_candidate,raw_ocr,low,4,954,,dictionary/L/L-04.md,hz-021470-liturgical,sources/Hezareh_Dictionary_Index/source/Hezareh_Part_04_PDF_0751-1000.md#L23283-L23285,True
liturgically,liturgically,liturgically,[],hz-021471,entry_candidate,raw_ocr,medium,4,954,,dictionary/L/L-04.md,hz-021471-liturgically,sources/Hezareh_Dictionary_Index/source/Hezareh_Part_04_PDF_0751-1000.md#L23286-L23287,True
liturgy,liturgy,liturgy,[],hz-021472,entry_candidate,raw_ocr,medium,4,954,,dictionary/L/L-04.md,hz-021472-liturgy,sources/Hezareh_Dictionary_Index/source/Hezareh_Part_04_PDF_0751-1000.md#L23288-L23289,True
livable,livable,livable,[],hz-021473,entry_candidate,raw_ocr,medium,4,954,,dictionary/L/L-04.md,hz-021473-livable,sources/Hezareh_Dictionary_Index/source/Hezareh_Part_04_PDF_0751-1000.md#L23290-L23297,True
livable-with,livable-with,livable-with,[],hz-021474,entry_candidate,raw_ocr,low,4,954,,dictionary/L/L-04.md,hz-021474-livable-with,sources/Hezareh_Dictionary_Index/source/Hezareh_Part_04_PDF_0751-1000.md#L23298-L23332,True
live,live,live,[],hz-013250,entry_candidate,raw_ocr,high,3,566,,dictionary/L/L-04.md,hz-013250-live,sources/Hezareh_Dictionary_Index/source/Hezareh_Part_03_PDF_0501-0750.md#L7599-L7610,True
live,live,live,[],hz-021475,entry_candidate,raw_ocr,high,4,954,,dictionary/L/L-04.md,hz-021475-live,sources/Hezareh_Dictionary_Index/source/Hezareh_Part_04_PDF_0751-1000.md#L23333-L23333,True
live,live,live,[],hz-034554,entry_candidate,raw_ocr,medium,7,1730,,dictionary/L/L-04.md,hz-034554-live,sources/Hezareh_Dictionary_Index/source/Hezareh_Part_07_PDF_1501-1750.md#L26842-L26843,True
live beyond,live beyond,live beyond,[],hz-021476,entry_candidate,raw_ocr,high,4,954,,dictionary/L/L-04.md,hz-021476-live-beyond,sources/Hezareh_Dictionary_Index/source/Hezareh_Part_04_PDF_0751-1000.md#L23333-L23333,True
live in hope,live in hope,live in hope,[],hz-021477,entry_candidate,raw_ocr,high,4,954,,dictionary/L/L-04.md,hz-021477-live-in-hope,sources/Hezareh_Dictionary_Index/source/Hezareh_Part_04_PDF_0751-1000.md#L23334-L23339,True
live ins,live ins,live ins,[],hz-026648,entry_candidate,raw_ocr,hint_only,6,1272,,dictionary/L/L-04.md,hz-026648-live-ins,sources/Hezareh_Dictionary_Index/source/Hezareh_Part_06_PDF_1251-1500.md#L2586-L2586,False
live off,live off,live off,[],hz-013182,entry_candidate,raw_ocr,medium,3,563,,dictionary/L/L-04.md,hz-013182-live-off,sources/Hezareh_Dictionary_Index/source/Hezareh_Part_03_PDF_0501-0750.md#L7210-L7216,True
live off,live off,live off,[],hz-020605,entry_candidate,raw_ocr,high,4,906,,dictionary/L/L-04.md,hz-020605-live-off,sources/Hezareh_Dictionary_Index/source/Hezareh_Part_04_PDF_0751-1000.md#L17717-L17723,True
live on,live on,live on,[],hz-005686,entry_candidate,raw_ocr,medium,1,223,,dictionary/L/L-04.md,hz-005686-live-on,sources/Hezareh_Dictionary_Index/source/Hezareh_Part_01_PDF_0001-0250.md#L30205-L30206,True
live on one's name,live on one's name,live on one's name,[],hz-021480,entry_candidate,raw_ocr,high,4,955,,dictionary/L/L-04.md,hz-021480-live-on-one-s-name,sources/Hezareh_Dictionary_Index/source/Hezareh_Part_04_PDF_0751-1000.md#L23401-L23429,True
live to be old,live to be old,live to be old,[],hz-021478,entry_candidate,raw_ocr,high,4,954,,dictionary/L/L-04.md,hz-021478-live-to-be-old,sources/Hezareh_Dictionary_Index/source/Hezareh_Part_04_PDF_0751-1000.md#L23340-L23341,True
live-birth,live-birth,live-birth,[],hz-021484,entry_candidate,raw_ocr,medium,4,955,,dictionary/L/L-04.md,hz-021484-live-birth,sources/Hezareh_Dictionary_Index/source/Hezareh_Part_04_PDF_0751-1000.md#L23433-L23434,True
liveable,liveable,liveable,[],hz-021481,entry_candidate,raw_ocr,high,4,955,,dictionary/L/L-04.md,hz-021481-liveable,sources/Hezareh_Dictionary_Index/source/Hezareh_Part_04_PDF_0751-1000.md#L23430-L23430,True
liveable-in,liveable-in,liveable-in,[],hz-021482,entry_candidate,raw_ocr,high,4,955,,dictionary/L/L-04.md,hz-021482-liveable-in,sources/Hezareh_Dictionary_Index/source/Hezareh_Part_04_PDF_0751-1000.md#L23431-L23431,True
liveable-with,liveable-with,liveable-with,[],hz-021483,entry_candidate,raw_ocr,high,4,955,,dictionary/L/L-04.md,hz-021483-liveable-with,sources/Hezareh_Dictionary_Index/source/Hezareh_Part_04_PDF_0751-1000.md#L23432-L23432,True
livelihood,livelihood,livelihood,[],hz-021485,entry_candidate,raw_ocr,low,4,955,,dictionary/L/L-04.md,hz-021485-livelihood,sources/Hezareh_Dictionary_Index/source/Hezareh_Part_04_PDF_0751-1000.md#L23435-L23436,True
liveliness,liveliness,liveliness,[],hz-021487,entry_candidate,raw_ocr,medium,4,955,,dictionary/L/L-04.md,hz-021487-liveliness,sources/Hezareh_Dictionary_Index/source/Hezareh_Part_04_PDF_0751-1000.md#L23439-L23444,True
livelong,livelong,livelong,[],hz-021488,entry_candidate,raw_ocr,low,4,955,,dictionary/L/L-04.md,hz-021488-livelong,sources/Hezareh_Dictionary_Index/source/Hezareh_Part_04_PDF_0751-1000.md#L23445-L23462,True
lively,lively,lively,[],hz-021489,entry_candidate,raw_ocr,medium,4,955,,dictionary/L/L-04.md,hz-021489-lively,sources/Hezareh_Dictionary_Index/source/Hezareh_Part_04_PDF_0751-1000.md#L23463-L23464,True
liven,liven,liven,[],hz-021491,entry_candidate,raw_ocr,medium,4,955,,dictionary/L/L-04.md,hz-021491-liven,sources/Hezareh_Dictionary_Index/source/Hezareh_Part_04_PDF_0751-1000.md#L23465-L23468,True
liver Sausage,liver sausage,liver sausage,[],hz-021493,entry_candidate,raw_ocr,high,4,956,,dictionary/L/L-04.md,hz-021493-liver-sausage,sources/Hezareh_Dictionary_Index/source/Hezareh_Part_04_PDF_0751-1000.md#L23493-L23496,True
liverish,liverish,liverish,[],hz-021492,entry_candidate,raw_ocr,medium,4,956,,dictionary/L/L-04.md,hz-021492-liverish,sources/Hezareh_Dictionary_Index/source/Hezareh_Part_04_PDF_0751-1000.md#L23488-L23492,True
livery,livery,livery,[],hz-021494,entry_candidate,raw_ocr,high,4,956,,dictionary/L/L-04.md,hz-021494-livery,sources/Hezareh_Dictionary_Index/source/Hezareh_Part_04_PDF_0751-1000.md#L23497-L23505,True
livery companies,livery companies,livery companies,[],hz-021495,entry_candidate,raw_ocr,medium,4,956,,dictionary/L/L-04.md,hz-021495-livery-companies,sources/Hezareh_Dictionary_Index/source/Hezareh_Part_04_PDF_0751-1000.md#L23506-L23507,True
livery stable,livery stable,livery stable,[],hz-021497,entry_candidate,raw_ocr,medium,4,956,,dictionary/L/L-04.md,hz-021497-livery-stable,sources/Hezareh_Dictionary_Index/source/Hezareh_Part_04_PDF_0751-1000.md#L23512-L23514,True
liveryman,liveryman,liveryman,[],hz-021496,entry_candidate,raw_ocr,high,4,956,,dictionary/L/L-04.md,hz-021496-liveryman,sources/Hezareh_Dictionary_Index/source/Hezareh_Part_04_PDF_0751-1000.md#L23508-L23511,True
lives,lives,lives,[],hz-021498,entry_candidate,raw_ocr,high,4,956,,dictionary/L/L-04.md,hz-021498-lives,sources/Hezareh_Dictionary_Index/source/Hezareh_Part_04_PDF_0751-1000.md#L23515-L23519,True
living standard l'hvltJ suendsd,living standard l'hvltj suendsd,living standard l'hvltj suendsd,[],hz-021503,entry_candidate,raw_ocr,hint_only,4,956,,dictionary/L/L-04.md,hz-021503-living-standard-l-hvltj-suendsd,sources/Hezareh_Dictionary_Index/source/Hezareh_Part_04_PDF_0751-1000.md#L23472-L23472,False
lj,lj,lj,[],hz-026418,entry_candidate,raw_ocr,hint_only,6,1258,,dictionary/L/L-04.md,hz-026418-lj,sources/Hezareh_Dictionary_Index/source/Hezareh_Part_06_PDF_1251-1500.md#L964-L964,False
LLD,lld,lld,[],hz-021505,entry_candidate,raw_ocr,hint_only,4,956,,dictionary/L/L-04.md,hz-021505-lld,sources/Hezareh_Dictionary_Index/source/Hezareh_Part_04_PDF_0751-1000.md#L23472-L23472,False
lligh-minded,lligh-minded,lligh-minded,[],hz-017224,entry_candidate,raw_ocr,hint_only,4,762,,dictionary/L/L-04.md,hz-017224-lligh-minded,sources/Hezareh_Dictionary_Index/source/Hezareh_Part_04_PDF_0751-1000.md#L1414-L1414,False
lll-treatment,lll-treatment,lll-treatment,[],hz-018171,entry_candidate,raw_ocr,hint_only,4,801,,dictionary/L/L-04.md,hz-018171-lll-treatment,sources/Hezareh_Dictionary_Index/source/Hezareh_Part_04_PDF_0751-1000.md#L5809-L5809,False
Lloyd's,lloyd's,lloyd's,[],hz-021506,entry_candidate,raw_ocr,high,4,956,,dictionary/L/L-04.md,hz-021506-lloyd-s,sources/Hezareh_Dictionary_Index/source/Hezareh_Part_04_PDF_0751-1000.md#L23574-L23582,True
llp-servlce,llp-servlce,llp-servlce,[],hz-021401,entry_candidate,raw_ocr,hint_only,4,950,,dictionary/L/L-04.md,hz-021401-llp-servlce,sources/Hezareh_Dictionary_Index/source/Hezareh_Part_04_PDF_0751-1000.md#L22797-L22797,False
llqht-headedness,llqht-headedness,llqht-headedness,[],hz-021278,entry_candidate,raw_ocr,hint_only,4,942,,dictionary/L/L-04.md,hz-021278-llqht-headedness,sources/Hezareh_Dictionary_Index/source/Hezareh_Part_04_PDF_0751-1000.md#L21864-L21864,False
llqht-mindednesa,llqht-mindednesa,llqht-mindednesa,[],hz-021290,entry_candidate,raw_ocr,hint_only,4,943,,dictionary/L/L-05.md,hz-021290-llqht-mindednesa,sources/Hezareh_Dictionary_Index/source/Hezareh_Part_04_PDF_0751-1000.md#L21978-L21978,False
lmposlticn,lmposlticn,lmposlticn,[],hz-018368,entry_candidate,raw_ocr,hint_only,4,809,,dictionary/L/L-05.md,hz-018368-lmposlticn,sources/Hezareh_Dictionary_Index/source/Hezareh_Part_04_PDF_0751-1000.md#L6715-L6715,False
lnaptltude,lnaptltude,lnaptltude,[],hz-018471,entry_candidate,raw_ocr,hint_only,4,814,,dictionary/L/L-05.md,hz-018471-lnaptltude,sources/Hezareh_Dictionary_Index/source/Hezareh_Part_04_PDF_0751-1000.md#L7295-L7295,False
lnCense,lncense,lncense,[],hz-018508,entry_candidate,raw_ocr,hint_only,4,816,,dictionary/L/L-05.md,hz-018508-lncense,sources/Hezareh_Dictionary_Index/source/Hezareh_Part_04_PDF_0751-1000.md#L7520-L7520,False
lncrease',lncrease',lncrease',[],hz-018615,entry_candidate,raw_ocr,hint_only,4,820,,dictionary/L/L-05.md,hz-018615-lncrease,sources/Hezareh_Dictionary_Index/source/Hezareh_Part_04_PDF_0751-1000.md#L7971-L7971,False
lndiaman,lndiaman,lndiaman,[],hz-018683,entry_candidate,raw_ocr,hint_only,4,823,,dictionary/L/L-05.md,hz-018683-lndiaman,sources/Hezareh_Dictionary_Index/source/Hezareh_Part_04_PDF_0751-1000.md#L8337-L8337,False
lndiansummer,lndiansummer,lndiansummer,[],hz-018690,entry_candidate,raw_ocr,hint_only,4,823,,dictionary/L/L-05.md,hz-018690-lndiansummer,sources/Hezareh_Dictionary_Index/source/Hezareh_Part_04_PDF_0751-1000.md#L8337-L8337,False
lndo-,lndo-,lndo-,[],hz-018751,entry_candidate,raw_ocr,hint_only,4,825,,dictionary/L/L-05.md,hz-018751-lndo,sources/Hezareh_Dictionary_Index/source/Hezareh_Part_04_PDF_0751-1000.md#L8562-L8562,False
lndo-China,lndo-china,lndo-china,[],hz-018752,entry_candidate,raw_ocr,hint_only,4,825,,dictionary/L/L-05.md,hz-018752-lndo-china,sources/Hezareh_Dictionary_Index/source/Hezareh_Part_04_PDF_0751-1000.md#L8562-L8562,False
lnebrlate ',lnebrlate ',lnebrlate ',[],hz-018798,entry_candidate,raw_ocr,hint_only,4,827,,dictionary/L/L-05.md,hz-018798-lnebrlate,sources/Hezareh_Dictionary_Index/source/Hezareh_Part_04_PDF_0751-1000.md#L8787-L8787,False
lnnuit,lnnuit,lnnuit,[],hz-019068,entry_candidate,raw_ocr,hint_only,4,837,,dictionary/L/L-05.md,hz-019068-lnnuit,sources/Hezareh_Dictionary_Index/source/Hezareh_Part_04_PDF_0751-1000.md#L9921-L9921,False
lnsp,lnsp,lnsp,[],hz-019178,entry_candidate,raw_ocr,hint_only,4,841,,dictionary/L/L-05.md,hz-019178-lnsp,sources/Hezareh_Dictionary_Index/source/Hezareh_Part_04_PDF_0751-1000.md#L10373-L10373,False
lnst,lnst,lnst,[],hz-019190,entry_candidate,raw_ocr,hint_only,4,841,,dictionary/L/L-05.md,hz-019190-lnst,sources/Hezareh_Dictionary_Index/source/Hezareh_Part_04_PDF_0751-1000.md#L10373-L10373,False
lnternatlonallsm,lnternatlonallsm,lnternatlonallsm,[],hz-019366,entry_candidate,raw_ocr,hint_only,4,849,,dictionary/L/L-05.md,hz-019366-lnternatlonallsm,sources/Hezareh_Dictionary_Index/source/Hezareh_Part_04_PDF_0751-1000.md#L11280-L11280,False
lnvertebrate,lnvertebrate,lnvertebrate,[],hz-019504,entry_candidate,raw_ocr,hint_only,4,855,,dictionary/L/L-05.md,hz-019504-lnvertebrate,sources/Hezareh_Dictionary_Index/source/Hezareh_Part_04_PDF_0751-1000.md#L11966-L11966,False
lo start,lo start,lo start,[],hz-013702,entry_candidate,raw_ocr,hint_only,3,591,,dictionary/L/L-05.md,hz-013702-lo-start,sources/Hezareh_Dictionary_Index/source/Hezareh_Part_03_PDF_0501-0750.md#L10454-L10454,False
load,load,load,[],hz-021507,entry_candidate,raw_ocr,high,4,957,,dictionary/L/L-05.md,hz-021507-load,sources/Hezareh_Dictionary_Index/source/Hezareh_Part_04_PDF_0751-1000.md#L23595-L23618,True
load star,load star,load star,[],hz-021514,entry_candidate,raw_ocr,hint_only,4,957,,dictionary/L/L-05.md,hz-021514-load-star,sources/Hezareh_Dictionary_Index/source/Hezareh_Part_04_PDF_0751-1000.md#L23586-L23586,False
load sth into,load sth into,load sth into,[],hz-021508,entry_candidate,raw_ocr,medium,4,957,,dictionary/L/L-05.md,hz-021508-load-sth-into,sources/Hezareh_Dictionary_Index/source/Hezareh_Part_04_PDF_0751-1000.md#L23619-L23632,True
load stone,load stone,load stone,[],hz-021515,entry_candidate,raw_ocr,hint_only,4,957,,dictionary/L/L-05.md,hz-021515-load-stone,sources/Hezareh_Dictionary_Index/source/Hezareh_Part_04_PDF_0751-1000.md#L23586-L23586,False
load-linetlaudlam,load-linetlaudlam,load-linetlaudlam,[],hz-021513,entry_candidate,raw_ocr,hint_only,4,957,,dictionary/L/L-05.md,hz-021513-load-linetlaudlam,sources/Hezareh_Dictionary_Index/source/Hezareh_Part_04_PDF_0751-1000.md#L23586-L23586,False
loaded,loaded,loaded,[],hz-021510,entry_candidate,raw_ocr,medium,4,957,,dictionary/L/L-05.md,hz-021510-loaded,sources/Hezareh_Dictionary_Index/source/Hezareh_Part_04_PDF_0751-1000.md#L23633-L23655,True
loader,loader,loader,[],hz-021511,entry_candidate,raw_ocr,hint_only,4,957,,dictionary/L/L-05.md,hz-021511-loader,sources/Hezareh_Dictionary_Index/source/Hezareh_Part_04_PDF_0751-1000.md#L23586-L23586,False
loading,loading,loading,[],hz-021512,entry_candidate,raw_ocr,medium,4,957,,dictionary/L/L-05.md,hz-021512-loading,sources/Hezareh_Dictionary_Index/source/Hezareh_Part_04_PDF_0751-1000.md#L23656-L23663,True
loaf,loaf,loaf,[],hz-021517,entry_candidate,raw_ocr,high,4,957,,dictionary/L/L-05.md,hz-021517-loaf,sources/Hezareh_Dictionary_Index/source/Hezareh_Part_04_PDF_0751-1000.md#L23672-L23672,True
loaf-sugar,loaf-sugar,loaf-sugar,[],hz-021519,entry_candidate,raw_ocr,low,4,957,,dictionary/L/L-05.md,hz-021519-loaf-sugar,sources/Hezareh_Dictionary_Index/source/Hezareh_Part_04_PDF_0751-1000.md#L23676-L23676,True
loafer,loafer,loafer,[],hz-021518,entry_candidate,raw_ocr,medium,4,957,,dictionary/L/L-05.md,hz-021518-loafer,sources/Hezareh_Dictionary_Index/source/Hezareh_Part_04_PDF_0751-1000.md#L23673-L23675,True
loam,loam,loam,[],hz-021520,entry_candidate,raw_ocr,medium,4,957,,dictionary/L/L-05.md,hz-021520-loam,sources/Hezareh_Dictionary_Index/source/Hezareh_Part_04_PDF_0751-1000.md#L23677-L23677,True
loamy,loamy,loamy,[],hz-021521,entry_candidate,raw_ocr,medium,4,957,,dictionary/L/L-05.md,hz-021521-loamy,sources/Hezareh_Dictionary_Index/source/Hezareh_Part_04_PDF_0751-1000.md#L23678-L23687,True
loan,loan,loan,[],hz-021522,entry_candidate,raw_ocr,medium,4,957,,dictionary/L/L-05.md,hz-021522-loan,sources/Hezareh_Dictionary_Index/source/Hezareh_Part_04_PDF_0751-1000.md#L23688-L23694,True
loan shark,loan shark,loan shark,[],hz-021525,entry_candidate,raw_ocr,medium,4,958,,dictionary/L/L-05.md,hz-021525-loan-shark,sources/Hezareh_Dictionary_Index/source/Hezareh_Part_04_PDF_0751-1000.md#L23710-L23710,True
loan-collection,loan-collection,loan-collection,[],hz-021523,entry_candidate,raw_ocr,hint_only,4,957,,dictionary/L/L-05.md,hz-021523-loan-collection,sources/Hezareh_Dictionary_Index/source/Hezareh_Part_04_PDF_0751-1000.md#L23586-L23586,False
loan-office,loan-office,loan-office,[],hz-021524,entry_candidate,raw_ocr,medium,4,958,,dictionary/L/L-05.md,hz-021524-loan-office,sources/Hezareh_Dictionary_Index/source/Hezareh_Part_04_PDF_0751-1000.md#L23708-L23709,True
loanword,loanword,loanword,[],hz-021526,entry_candidate,raw_ocr,medium,4,958,,dictionary/L/L-05.md,hz-021526-loanword,sources/Hezareh_Dictionary_Index/source/Hezareh_Part_04_PDF_0751-1000.md#L23711-L23718,True
loathe,loathe,loathe,[],hz-021527,entry_candidate,raw_ocr,low,4,958,,dictionary/L/L-05.md,hz-021527-loathe,sources/Hezareh_Dictionary_Index/source/Hezareh_Part_04_PDF_0751-1000.md#L23719-L23721,True
loathing,loathing,loathing,[],hz-021528,entry_candidate,raw_ocr,medium,4,958,,dictionary/L/L-05.md,hz-021528-loathing,sources/Hezareh_Dictionary_Index/source/Hezareh_Part_04_PDF_0751-1000.md#L23722-L23722,True
loathly,loathly,loathly,[],hz-021529,entry_candidate,raw_ocr,low,4,958,,dictionary/L/L-05.md,hz-021529-loathly,sources/Hezareh_Dictionary_Index/source/Hezareh_Part_04_PDF_0751-1000.md#L23723-L23725,True
loathsome,loathsome,loathsome,[],hz-021530,entry_candidate,raw_ocr,high,4,958,,dictionary/L/L-05.md,hz-021530-loathsome,sources/Hezareh_Dictionary_Index/source/Hezareh_Part_04_PDF_0751-1000.md#L23723-L23725,True
loaves,loaves,loaves,[],hz-021531,entry_candidate,raw_ocr,high,4,958,,dictionary/L/L-05.md,hz-021531-loaves,sources/Hezareh_Dictionary_Index/source/Hezareh_Part_04_PDF_0751-1000.md#L23726-L23726,True
lob,lob,lob,[],hz-021532,entry_candidate,raw_ocr,medium,4,958,,dictionary/L/L-05.md,hz-021532-lob,sources/Hezareh_Dictionary_Index/source/Hezareh_Part_04_PDF_0751-1000.md#L23727-L23731,True
lobby,lobby,lobby,[],hz-021533,entry_candidate,raw_ocr,high,4,958,,dictionary/L/L-05.md,hz-021533-lobby,sources/Hezareh_Dictionary_Index/source/Hezareh_Part_04_PDF_0751-1000.md#L23732-L23743,True
lobbying,lobbying,lobbying,[],hz-021534,entry_candidate,raw_ocr,low,4,958,,dictionary/L/L-05.md,hz-021534-lobbying,sources/Hezareh_Dictionary_Index/source/Hezareh_Part_04_PDF_0751-1000.md#L23744-L23745,True
lobbyist,lobbyist,lobbyist,[],hz-021535,entry_candidate,raw_ocr,low,4,958,,dictionary/L/L-05.md,hz-021535-lobbyist,sources/Hezareh_Dictionary_Index/source/Hezareh_Part_04_PDF_0751-1000.md#L23746-L23747,True
lobe,lobe,lobe,[],hz-021536,entry_candidate,raw_ocr,medium,4,958,,dictionary/L/L-05.md,hz-021536-lobe,sources/Hezareh_Dictionary_Index/source/Hezareh_Part_04_PDF_0751-1000.md#L23748-L23749,True
lobed,lobed,lobed,[],hz-021537,entry_candidate,raw_ocr,medium,4,958,,dictionary/L/L-05.md,hz-021537-lobed,sources/Hezareh_Dictionary_Index/source/Hezareh_Part_04_PDF_0751-1000.md#L23750-L23751,True
lobelia,lobelia,lobelia,[],hz-021538,entry_candidate,raw_ocr,medium,4,958,,dictionary/L/L-05.md,hz-021538-lobelia,sources/Hezareh_Dictionary_Index/source/Hezareh_Part_04_PDF_0751-1000.md#L23752-L23759,True
lobotomy,lobotomy,lobotomy,[],hz-021539,entry_candidate,raw_ocr,high,4,958,,dictionary/L/L-05.md,hz-021539-lobotomy,sources/Hezareh_Dictionary_Index/source/Hezareh_Part_04_PDF_0751-1000.md#L23760-L23761,True
lobster,lobster,lobster,[],hz-021540,entry_candidate,raw_ocr,high,4,958,,dictionary/L/L-05.md,hz-021540-lobster,sources/Hezareh_Dictionary_Index/source/Hezareh_Part_04_PDF_0751-1000.md#L23762-L23762,True
lobster-pot,lobster-pot,lobster-pot,[],hz-021541,entry_candidate,raw_ocr,high,4,958,,dictionary/L/L-05.md,hz-021541-lobster-pot,sources/Hezareh_Dictionary_Index/source/Hezareh_Part_04_PDF_0751-1000.md#L23763-L23764,True
local,local,local,[],hz-021542,entry_candidate,raw_ocr,high,4,958,,dictionary/L/L-05.md,hz-021542-local,sources/Hezareh_Dictionary_Index/source/Hezareh_Part_04_PDF_0751-1000.md#L23765-L23770,True
local anaesthetiC,local anaesthetic,local anaesthetic,[],hz-021543,entry_candidate,raw_ocr,high,4,958,,dictionary/L/L-05.md,hz-021543-local-anaesthetic,sources/Hezareh_Dictionary_Index/source/Hezareh_Part_04_PDF_0751-1000.md#L23771-L23774,True
local call,local call,local call,[],hz-021544,entry_candidate,raw_ocr,high,4,958,,dictionary/L/L-05.md,hz-021544-local-call,sources/Hezareh_Dictionary_Index/source/Hezareh_Part_04_PDF_0751-1000.md#L23775-L23777,True
local government,local government,local government,[],hz-021546,entry_candidate,raw_ocr,high,4,958,,dictionary/L/L-05.md,hz-021546-local-government,sources/Hezareh_Dictionary_Index/source/Hezareh_Part_04_PDF_0751-1000.md#L23780-L23781,True
local option,local option,local option,[],hz-021554,entry_candidate,raw_ocr,low,4,958,,dictionary/L/L-05.md,hz-021554-local-option,sources/Hezareh_Dictionary_Index/source/Hezareh_Part_04_PDF_0751-1000.md#L23803-L23803,True
local time,local time,local time,[],hz-021555,entry_candidate,raw_ocr,high,4,958,,dictionary/L/L-05.md,hz-021555-local-time,sources/Hezareh_Dictionary_Index/source/Hezareh_Part_04_PDF_0751-1000.md#L23802-L23802,True
local veto,local veto,local veto,[],hz-021556,entry_candidate,raw_ocr,high,4,958,,dictionary/L/L-05.md,hz-021556-local-veto,sources/Hezareh_Dictionary_Index/source/Hezareh_Part_04_PDF_0751-1000.md#L23803-L23803,True
locale,locale,locale,[],hz-021545,entry_candidate,raw_ocr,high,4,958,,dictionary/L/L-05.md,hz-021545-locale,sources/Hezareh_Dictionary_Index/source/Hezareh_Part_04_PDF_0751-1000.md#L23778-L23779,True
localisation,localisation,localisation,[],hz-021547,entry_candidate,raw_ocr,high,4,958,,dictionary/L/L-05.md,hz-021547-localisation,sources/Hezareh_Dictionary_Index/source/Hezareh_Part_04_PDF_0751-1000.md#L23782-L23783,True
localise,localise,localise,[],hz-021548,entry_candidate,raw_ocr,high,4,958,,dictionary/L/L-05.md,hz-021548-localise,sources/Hezareh_Dictionary_Index/source/Hezareh_Part_04_PDF_0751-1000.md#L23784-L23784,True
localism,localism,localism,[],hz-021549,entry_candidate,raw_ocr,high,4,958,,dictionary/L/L-05.md,hz-021549-localism,sources/Hezareh_Dictionary_Index/source/Hezareh_Part_04_PDF_0751-1000.md#L23785-L23788,True
locality,locality,locality,[],hz-021550,entry_candidate,raw_ocr,high,4,958,,dictionary/L/L-05.md,hz-021550-locality,sources/Hezareh_Dictionary_Index/source/Hezareh_Part_04_PDF_0751-1000.md#L23789-L23792,True
localization,localization,localization,[],hz-021551,entry_candidate,raw_ocr,high,4,958,,dictionary/L/L-05.md,hz-021551-localization,sources/Hezareh_Dictionary_Index/source/Hezareh_Part_04_PDF_0751-1000.md#L23793-L23794,True
localize,localize,localize,[],hz-021552,entry_candidate,raw_ocr,high,4,958,,dictionary/L/L-05.md,hz-021552-localize,sources/Hezareh_Dictionary_Index/source/Hezareh_Part_04_PDF_0751-1000.md#L23795-L23797,True
locally,locally,locally,[],hz-021553,entry_candidate,raw_ocr,high,4,958,,dictionary/L/L-05.md,hz-021553-locally,sources/Hezareh_Dictionary_Index/source/Hezareh_Part_04_PDF_0751-1000.md#L23798-L23801,True
locate,locate,locate,[],hz-021557,entry_candidate,raw_ocr,high,4,958,,dictionary/L/L-05.md,hz-021557-locate,sources/Hezareh_Dictionary_Index/source/Hezareh_Part_04_PDF_0751-1000.md#L23804-L23808,True
location,location,location,[],hz-021559,entry_candidate,raw_ocr,high,4,959,,dictionary/L/L-05.md,hz-021559-location,sources/Hezareh_Dictionary_Index/source/Hezareh_Part_04_PDF_0751-1000.md#L23821-L23830,True
locative,locative,locative,[],hz-021560,entry_candidate,raw_ocr,low,4,959,,dictionary/L/L-05.md,hz-021560-locative,sources/Hezareh_Dictionary_Index/source/Hezareh_Part_04_PDF_0751-1000.md#L23831-L23834,True
loch,loch,loch,[],hz-021558,entry_candidate,raw_ocr,medium,4,959,,dictionary/L/L-05.md,hz-021558-loch,sources/Hezareh_Dictionary_Index/source/Hezareh_Part_04_PDF_0751-1000.md#L23835-L23894,True
lock,lock,lock,[],hz-003769,entry_candidate,raw_ocr,high,1,145,,dictionary/L/L-05.md,hz-003769-lock,sources/Hezareh_Dictionary_Index/source/Hezareh_Part_01_PDF_0001-0250.md#L19857-L19860,True
lock sth up,lock sth up,lock sth up,[],hz-036681,phrase,visually_checked,high,8,1851,1872,dictionary/L/L-05.md,hz-036681-lock-sth-up,sources/Hezareh_Dictionary_Index/source/Hezareh_Part_08_PDF_1751-1976.md#L11987-L11993,True
lock-gate,lock-gate,lock-gate,[],hz-021563,entry_candidate,raw_ocr,medium,4,959,,dictionary/L/L-05.md,hz-021563-lock-gate,sources/Hezareh_Dictionary_Index/source/Hezareh_Part_04_PDF_0751-1000.md#L23907-L23920,True
locker room,locker room,locker room,[],hz-021562,entry_candidate,raw_ocr,medium,4,959,,dictionary/L/L-05.md,hz-021562-locker-room,sources/Hezareh_Dictionary_Index/source/Hezareh_Part_04_PDF_0751-1000.md#L23904-L23906,True
loco,loco,loco,[],hz-021564,entry_candidate,raw_ocr,high,4,960,,dictionary/L/L-05.md,hz-021564-loco,sources/Hezareh_Dictionary_Index/source/Hezareh_Part_04_PDF_0751-1000.md#L23934-L23944,True
locum,locum,locum,[],hz-021565,entry_candidate,raw_ocr,high,4,960,,dictionary/L/L-05.md,hz-021565-locum,sources/Hezareh_Dictionary_Index/source/Hezareh_Part_04_PDF_0751-1000.md#L23945-L23949,True
locum tenens,locum tenens,locum tenens,[],hz-021566,entry_candidate,raw_ocr,high,4,960,,dictionary/L/L-05.md,hz-021566-locum-tenens,sources/Hezareh_Dictionary_Index/source/Hezareh_Part_04_PDF_0751-1000.md#L23945-L23949,True
locus classicus,locus classicus,locus classicus,[],hz-021568,entry_candidate,raw_ocr,high,4,960,,dictionary/L/L-05.md,hz-021568-locus-classicus,sources/Hezareh_Dictionary_Index/source/Hezareh_Part_04_PDF_0751-1000.md#L23950-L23954,True
locust,locust,locust,[],hz-021569,entry_candidate,raw_ocr,high,4,960,,dictionary/L/L-05.md,hz-021569-locust,sources/Hezareh_Dictionary_Index/source/Hezareh_Part_04_PDF_0751-1000.md#L23955-L23958,True
locution,locution,locution,[],hz-021570,entry_candidate,raw_ocr,medium,4,960,,dictionary/L/L-05.md,hz-021570-locution,sources/Hezareh_Dictionary_Index/source/Hezareh_Part_04_PDF_0751-1000.md#L23959-L23962,True
lode,lode,lode,[],hz-021571,entry_candidate,raw_ocr,high,4,960,,dictionary/L/L-05.md,hz-021571-lode,sources/Hezareh_Dictionary_Index/source/Hezareh_Part_04_PDF_0751-1000.md#L23963-L23964,True
lodestar,lodestar,lodestar,[],hz-021572,entry_candidate,raw_ocr,medium,4,960,,dictionary/L/L-05.md,hz-021572-lodestar,sources/Hezareh_Dictionary_Index/source/Hezareh_Part_04_PDF_0751-1000.md#L23965-L23967,True
lodestone,lodestone,lodestone,[],hz-021573,entry_candidate,raw_ocr,high,4,960,,dictionary/L/L-05.md,hz-021573-lodestone,sources/Hezareh_Dictionary_Index/source/Hezareh_Part_04_PDF_0751-1000.md#L23968-L23975,True
lodge,lodge,lodge,[],hz-006996,entry_candidate,raw_ocr,high,2,281,,dictionary/L/L-05.md,hz-006996-lodge,sources/Hezareh_Dictionary_Index/source/Hezareh_Part_02_PDF_0251-0500.md#L3849-L3850,True
lodge,lodge,lodge,[],hz-021574,entry_candidate,raw_ocr,high,4,960,,dictionary/L/L-05.md,hz-021574-lodge,sources/Hezareh_Dictionary_Index/source/Hezareh_Part_04_PDF_0751-1000.md#L23976-L23987,True
lodgement,lodgement,lodgement,[],hz-021575,entry_candidate,raw_ocr,medium,4,960,,dictionary/L/L-05.md,hz-021575-lodgement,sources/Hezareh_Dictionary_Index/source/Hezareh_Part_04_PDF_0751-1000.md#L23988-L24001,True
lodger,lodger,lodger,[],hz-021576,entry_candidate,raw_ocr,high,4,960,,dictionary/L/L-05.md,hz-021576-lodger,sources/Hezareh_Dictionary_Index/source/Hezareh_Part_04_PDF_0751-1000.md#L24002-L24002,True
lodging,lodging,lodging,[],hz-021577,entry_candidate,raw_ocr,high,4,960,,dictionary/L/L-05.md,hz-021577-lodging,sources/Hezareh_Dictionary_Index/source/Hezareh_Part_04_PDF_0751-1000.md#L24003-L24005,True
lodging-house,lodging-house,lodging-house,[],hz-021578,entry_candidate,raw_ocr,high,4,960,,dictionary/L/L-05.md,hz-021578-lodging-house,sources/Hezareh_Dictionary_Index/source/Hezareh_Part_04_PDF_0751-1000.md#L24006-L24007,True
lodgment,lodgment,lodgment,[],hz-021579,entry_candidate,raw_ocr,high,4,960,,dictionary/L/L-05.md,hz-021579-lodgment,sources/Hezareh_Dictionary_Index/source/Hezareh_Part_04_PDF_0751-1000.md#L24008-L24008,True
loess,loess,loess,[],hz-021580,entry_candidate,raw_ocr,high,4,960,,dictionary/L/L-05.md,hz-021580-loess,sources/Hezareh_Dictionary_Index/source/Hezareh_Part_04_PDF_0751-1000.md#L24009-L24011,True
loft,loft,loft,[],hz-021581,entry_candidate,raw_ocr,high,4,960,,dictionary/L/L-05.md,hz-021581-loft,sources/Hezareh_Dictionary_Index/source/Hezareh_Part_04_PDF_0751-1000.md#L24012-L24013,True
lofted,lofted,lofted,[],hz-021582,entry_candidate,raw_ocr,high,4,960,,dictionary/L/L-05.md,hz-021582-lofted,sources/Hezareh_Dictionary_Index/source/Hezareh_Part_04_PDF_0751-1000.md#L24014-L24014,True
loftily,loftily,loftily,[],hz-021583,entry_candidate,raw_ocr,high,4,960,,dictionary/L/L-05.md,hz-021583-loftily,sources/Hezareh_Dictionary_Index/source/Hezareh_Part_04_PDF_0751-1000.md#L24015-L24016,True
loftiness,loftiness,loftiness,[],hz-021584,entry_candidate,raw_ocr,high,4,960,,dictionary/L/L-05.md,hz-021584-loftiness,sources/Hezareh_Dictionary_Index/source/Hezareh_Part_04_PDF_0751-1000.md#L24017-L24019,True
lofty,lofty,lofty,[],hz-021585,entry_candidate,raw_ocr,high,4,960,,dictionary/L/L-05.md,hz-021585-lofty,sources/Hezareh_Dictionary_Index/source/Hezareh_Part_04_PDF_0751-1000.md#L24020-L24026,True
log,log,log,[],hz-021586,entry_candidate,raw_ocr,high,4,960,,dictionary/L/L-05.md,hz-021586-log,sources/Hezareh_Dictionary_Index/source/Hezareh_Part_04_PDF_0751-1000.md#L24027-L24042,True
log,log,log,[],hz-021590,entry_candidate,raw_ocr,high,4,961,,dictionary/L/L-05.md,hz-021590-log,sources/Hezareh_Dictionary_Index/source/Hezareh_Part_04_PDF_0751-1000.md#L24063-L24070,True
log in,log in,log in,[],hz-021588,entry_candidate,raw_ocr,hint_only,4,961,,dictionary/L/L-05.md,hz-021588-log-in,sources/Hezareh_Dictionary_Index/source/Hezareh_Part_04_PDF_0751-1000.md#L24054-L24054,False
log-rolling,log-rolling,log-rolling,[],hz-021599,entry_candidate,raw_ocr,medium,4,961,,dictionary/L/L-05.md,hz-021599-log-rolling,sources/Hezareh_Dictionary_Index/source/Hezareh_Part_04_PDF_0751-1000.md#L24109-L24123,True
loganberry,loganberry,loganberry,[],hz-021591,entry_candidate,raw_ocr,high,4,961,,dictionary/L/L-05.md,hz-021591-loganberry,sources/Hezareh_Dictionary_Index/source/Hezareh_Part_04_PDF_0751-1000.md#L24071-L24089,True
logic,logic,logic,[],hz-021592,entry_candidate,raw_ocr,low,4,961,,dictionary/L/L-05.md,hz-021592-logic,sources/Hezareh_Dictionary_Index/source/Hezareh_Part_04_PDF_0751-1000.md#L24090-L24095,True
logician,logician,logician,[],hz-021593,entry_candidate,raw_ocr,medium,4,961,,dictionary/L/L-05.md,hz-021593-logician,sources/Hezareh_Dictionary_Index/source/Hezareh_Part_04_PDF_0751-1000.md#L24096-L24098,True
logistic,logistic,logistic,[],hz-021594,entry_candidate,raw_ocr,low,4,961,,dictionary/L/L-05.md,hz-021594-logistic,sources/Hezareh_Dictionary_Index/source/Hezareh_Part_04_PDF_0751-1000.md#L24099-L24099,True
logistical,logistical,logistical,[],hz-021595,entry_candidate,raw_ocr,high,4,961,,dictionary/L/L-05.md,hz-021595-logistical,sources/Hezareh_Dictionary_Index/source/Hezareh_Part_04_PDF_0751-1000.md#L24099-L24099,True
logistically,logistically,logistically,[],hz-021596,entry_candidate,raw_ocr,medium,4,961,,dictionary/L/L-05.md,hz-021596-logistically,sources/Hezareh_Dictionary_Index/source/Hezareh_Part_04_PDF_0751-1000.md#L24100-L24101,True
logistics,logistics,logistics,[],hz-021597,entry_candidate,raw_ocr,low,4,961,,dictionary/L/L-05.md,hz-021597-logistics,sources/Hezareh_Dictionary_Index/source/Hezareh_Part_04_PDF_0751-1000.md#L24102-L24107,True
logo,logo,logo,[],hz-021598,entry_candidate,raw_ocr,medium,4,961,,dictionary/L/L-05.md,hz-021598-logo,sources/Hezareh_Dictionary_Index/source/Hezareh_Part_04_PDF_0751-1000.md#L24108-L24108,True
logoff,logoff,logoff,[],hz-021589,entry_candidate,raw_ocr,hint_only,4,961,,dictionary/L/L-05.md,hz-021589-logoff,sources/Hezareh_Dictionary_Index/source/Hezareh_Part_04_PDF_0751-1000.md#L24054-L24054,False
loiterer,loiterer,loiterer,[],hz-021600,entry_candidate,raw_ocr,low,4,961,,dictionary/L/L-05.md,hz-021600-loiterer,sources/Hezareh_Dictionary_Index/source/Hezareh_Part_04_PDF_0751-1000.md#L24124-L24128,True
loll,loll,loll,[],hz-021601,entry_candidate,raw_ocr,low,4,961,,dictionary/L/L-05.md,hz-021601-loll,sources/Hezareh_Dictionary_Index/source/Hezareh_Part_04_PDF_0751-1000.md#L24129-L24143,True
lollipop man l'lohpnp meen,lollipop man l'lohpnp meen,lollipop man l'lohpnp meen,[],hz-021602,entry_candidate,raw_ocr,hint_only,4,961,,dictionary/L/L-05.md,hz-021602-lollipop-man-l-lohpnp-meen,sources/Hezareh_Dictionary_Index/source/Hezareh_Part_04_PDF_0751-1000.md#L24054-L24054,False
Londoner,londoner,londoner,[],hz-021603,entry_candidate,raw_ocr,low,4,961,,dictionary/L/L-05.md,hz-021603-londoner,sources/Hezareh_Dictionary_Index/source/Hezareh_Part_04_PDF_0751-1000.md#L24144-L24156,True
lonely hearts,lonely hearts,lonely hearts,[],hz-021604,entry_candidate,raw_ocr,medium,4,961,,dictionary/L/L-05.md,hz-021604-lonely-hearts,sources/Hezareh_Dictionary_Index/source/Hezareh_Part_04_PDF_0751-1000.md#L24157-L24162,True
loner,loner,loner,[],hz-021605,entry_candidate,raw_ocr,hint_only,4,961,,dictionary/L/L-05.md,hz-021605-loner,sources/Hezareh_Dictionary_Index/source/Hezareh_Part_04_PDF_0751-1000.md#L24054-L24054,False
long,long,long,[],hz-021607,entry_candidate,raw_ocr,high,4,962,,dictionary/L/L-05.md,hz-021607-long,sources/Hezareh_Dictionary_Index/source/Hezareh_Part_04_PDF_0751-1000.md#L24261-L24261,True
long,long,long,[],hz-021611,entry_candidate,raw_ocr,high,4,963,,dictionary/L/L-05.md,hz-021611-long,sources/Hezareh_Dictionary_Index/source/Hezareh_Part_04_PDF_0751-1000.md#L24321-L24333,True
long dozen,long dozen,long dozen,[],hz-021614,entry_candidate,raw_ocr,low,4,963,,dictionary/L/L-05.md,hz-021614-long-dozen,sources/Hezareh_Dictionary_Index/source/Hezareh_Part_04_PDF_0751-1000.md#L24352-L24352,True
long drink,long drink,long drink,[],hz-021616,entry_candidate,raw_ocr,medium,4,963,,dictionary/L/L-05.md,hz-021616-long-drink,sources/Hezareh_Dictionary_Index/source/Hezareh_Part_04_PDF_0751-1000.md#L24355-L24359,True
long hop,long hop,long hop,[],hz-021621,entry_candidate,raw_ocr,medium,4,963,,dictionary/L/L-05.md,hz-021621-long-hop,sources/Hezareh_Dictionary_Index/source/Hezareh_Part_04_PDF_0751-1000.md#L24373-L24374,True
long johns,long johns,long johns,[],hz-021627,entry_candidate,raw_ocr,low,4,963,,dictionary/L/L-05.md,hz-021627-long-johns,sources/Hezareh_Dictionary_Index/source/Hezareh_Part_04_PDF_0751-1000.md#L24385-L24386,True
long jump,long jump,long jump,[],hz-021628,entry_candidate,raw_ocr,medium,4,963,,dictionary/L/L-05.md,hz-021628-long-jump,sources/Hezareh_Dictionary_Index/source/Hezareh_Part_04_PDF_0751-1000.md#L24387-L24388,True
long life,long life,long life,[],hz-021630,entry_candidate,raw_ocr,medium,4,963,,dictionary/L/L-05.md,hz-021630-long-life,sources/Hezareh_Dictionary_Index/source/Hezareh_Part_04_PDF_0751-1000.md#L24391-L24395,True
long measure,long measure,long measure,[],hz-021633,entry_candidate,raw_ocr,high,4,964,,dictionary/L/L-05.md,hz-021633-long-measure,sources/Hezareh_Dictionary_Index/source/Hezareh_Part_04_PDF_0751-1000.md#L24413-L24414,True
long metre,long metre,long metre,[],hz-021634,entry_candidate,raw_ocr,high,4,964,,dictionary/L/L-05.md,hz-021634-long-metre,sources/Hezareh_Dictionary_Index/source/Hezareh_Part_04_PDF_0751-1000.md#L24415-L24423,True
long ton,long ton,long ton,[],hz-021647,entry_candidate,raw_ocr,hint_only,4,964,,dictionary/L/L-05.md,hz-021647-long-ton,sources/Hezareh_Dictionary_Index/source/Hezareh_Part_04_PDF_0751-1000.md#L24399-L24399,False
long weekend,long weekend,long weekend,[],hz-021643,entry_candidate,raw_ocr,high,4,964,,dictionary/L/L-05.md,hz-021643-long-weekend,sources/Hezareh_Dictionary_Index/source/Hezareh_Part_04_PDF_0751-1000.md#L24467-L24468,True
long-drawn-out,long-drawn-out,long-drawn-out,[],hz-021615,entry_candidate,raw_ocr,high,4,963,,dictionary/L/L-05.md,hz-021615-long-drawn-out,sources/Hezareh_Dictionary_Index/source/Hezareh_Part_04_PDF_0751-1000.md#L24353-L24354,True
long-forgotten,long-forgotten,long-forgotten,[],hz-021618,entry_candidate,raw_ocr,medium,4,963,,dictionary/L/L-05.md,hz-021618-long-forgotten,sources/Hezareh_Dictionary_Index/source/Hezareh_Part_04_PDF_0751-1000.md#L24360-L24368,True
long-headed,long-headed,long-headed,[],hz-021620,entry_candidate,raw_ocr,medium,4,963,,dictionary/L/L-05.md,hz-021620-long-headed,sources/Hezareh_Dictionary_Index/source/Hezareh_Part_04_PDF_0751-1000.md#L24370-L24372,True
long-lasting,long-lasting,long-lasting,[],hz-021629,entry_candidate,raw_ocr,medium,4,963,,dictionary/L/L-05.md,hz-021629-long-lasting,sources/Hezareh_Dictionary_Index/source/Hezareh_Part_04_PDF_0751-1000.md#L24389-L24390,True
long-limbed,long-limbed,long-limbed,[],hz-021631,entry_candidate,raw_ocr,hint_only,4,963,,dictionary/L/L-05.md,hz-021631-long-limbed,sources/Hezareh_Dictionary_Index/source/Hezareh_Part_04_PDF_0751-1000.md#L24280-L24280,False
long-lived,long-lived,long-lived,[],hz-021632,entry_candidate,raw_ocr,high,4,964,,dictionary/L/L-05.md,hz-021632-long-lived,sources/Hezareh_Dictionary_Index/source/Hezareh_Part_04_PDF_0751-1000.md#L24409-L24412,True
long-range,long-range,long-range,[],hz-021635,entry_candidate,raw_ocr,high,4,964,,dictionary/L/L-05.md,hz-021635-long-range,sources/Hezareh_Dictionary_Index/source/Hezareh_Part_04_PDF_0751-1000.md#L24424-L24426,True
long-running,long-running,long-running,[],hz-021636,entry_candidate,raw_ocr,high,4,964,,dictionary/L/L-05.md,hz-021636-long-running,sources/Hezareh_Dictionary_Index/source/Hezareh_Part_04_PDF_0751-1000.md#L24427-L24428,True
long-serving,long-serving,long-serving,[],hz-021637,entry_candidate,raw_ocr,high,4,964,,dictionary/L/L-05.md,hz-021637-long-serving,sources/Hezareh_Dictionary_Index/source/Hezareh_Part_04_PDF_0751-1000.md#L24429-L24430,True
long-sleeved,long-sleeved,long-sleeved,[],hz-021639,entry_candidate,raw_ocr,high,4,964,,dictionary/L/L-05.md,hz-021639-long-sleeved,sources/Hezareh_Dictionary_Index/source/Hezareh_Part_04_PDF_0751-1000.md#L24438-L24441,True
long-stay,long-stay,long-stay,[],hz-021640,entry_candidate,raw_ocr,high,4,964,,dictionary/L/L-05.md,hz-021640-long-stay,sources/Hezareh_Dictionary_Index/source/Hezareh_Part_04_PDF_0751-1000.md#L24442-L24445,True
long-suffering,long-suffering,long-suffering,[],hz-021641,entry_candidate,raw_ocr,high,4,964,,dictionary/L/L-05.md,hz-021641-long-suffering,sources/Hezareh_Dictionary_Index/source/Hezareh_Part_04_PDF_0751-1000.md#L24446-L24464,True
long-winded,long-winded,long-winded,[],hz-021644,entry_candidate,raw_ocr,high,4,964,,dictionary/L/L-05.md,hz-021644-long-winded,sources/Hezareh_Dictionary_Index/source/Hezareh_Part_04_PDF_0751-1000.md#L24469-L24472,True
long-windedness,long-windedness,long-windedness,[],hz-021645,entry_candidate,raw_ocr,high,4,964,,dictionary/L/L-05.md,hz-021645-long-windedness,sources/Hezareh_Dictionary_Index/source/Hezareh_Part_04_PDF_0751-1000.md#L24473-L24475,True
longboat,longboat,longboat,[],hz-021612,entry_candidate,raw_ocr,high,4,963,,dictionary/L/L-05.md,hz-021612-longboat,sources/Hezareh_Dictionary_Index/source/Hezareh_Part_04_PDF_0751-1000.md#L24334-L24337,True
longbow,longbow,longbow,[],hz-021613,entry_candidate,raw_ocr,high,4,963,,dictionary/L/L-05.md,hz-021613-longbow,sources/Hezareh_Dictionary_Index/source/Hezareh_Part_04_PDF_0751-1000.md#L24338-L24351,True
longevityllon'dJevatr,longevityllon'djevatr,longevityllon'djevatr,[],hz-021617,entry_candidate,raw_ocr,hint_only,4,963,,dictionary/L/L-05.md,hz-021617-longevityllon-djevatr,sources/Hezareh_Dictionary_Index/source/Hezareh_Part_04_PDF_0751-1000.md#L24280-L24280,False
longhand,longhand,longhand,[],hz-021619,entry_candidate,raw_ocr,low,4,963,,dictionary/L/L-05.md,hz-021619-longhand,sources/Hezareh_Dictionary_Index/source/Hezareh_Part_04_PDF_0751-1000.md#L24369-L24369,True
longing,longing,longing,[],hz-021622,entry_candidate,raw_ocr,medium,4,963,,dictionary/L/L-05.md,hz-021622-longing,sources/Hezareh_Dictionary_Index/source/Hezareh_Part_04_PDF_0751-1000.md#L24375-L24377,True
longingly,longingly,longingly,[],hz-021623,entry_candidate,raw_ocr,medium,4,963,,dictionary/L/L-05.md,hz-021623-longingly,sources/Hezareh_Dictionary_Index/source/Hezareh_Part_04_PDF_0751-1000.md#L24378-L24379,True
longitude,longitude,longitude,[],hz-021624,entry_candidate,raw_ocr,medium,4,963,,dictionary/L/L-05.md,hz-021624-longitude,sources/Hezareh_Dictionary_Index/source/Hezareh_Part_04_PDF_0751-1000.md#L24380-L24380,True
longitudinal,longitudinal,longitudinal,[],hz-021625,entry_candidate,raw_ocr,high,4,963,,dictionary/L/L-05.md,hz-021625-longitudinal,sources/Hezareh_Dictionary_Index/source/Hezareh_Part_04_PDF_0751-1000.md#L24381-L24382,True
longitudinally,longitudinally,longitudinally,[],hz-021626,entry_candidate,raw_ocr,low,4,963,,dictionary/L/L-05.md,hz-021626-longitudinally,sources/Hezareh_Dictionary_Index/source/Hezareh_Part_04_PDF_0751-1000.md#L24383-L24384,True
longshoreman,longshoreman,longshoreman,[],hz-021638,entry_candidate,raw_ocr,high,4,964,,dictionary/L/L-05.md,hz-021638-longshoreman,sources/Hezareh_Dictionary_Index/source/Hezareh_Part_04_PDF_0751-1000.md#L24431-L24437,True
longways,longways,longways,[],hz-021642,entry_candidate,raw_ocr,high,4,964,,dictionary/L/L-05.md,hz-021642-longways,sources/Hezareh_Dictionary_Index/source/Hezareh_Part_04_PDF_0751-1000.md#L24465-L24466,True
longwise,longwise,longwise,[],hz-021646,entry_candidate,raw_ocr,high,4,964,,dictionary/L/L-05.md,hz-021646-longwise,sources/Hezareh_Dictionary_Index/source/Hezareh_Part_04_PDF_0751-1000.md#L24476-L24494,True
look,look,look,[],hz-035744,entry_candidate,raw_ocr,medium,8,1793,,dictionary/L/L-05.md,hz-035744-look,sources/Hezareh_Dictionary_Index/source/Hezareh_Part_08_PDF_1751-1976.md#L5264-L5269,True
look after sb,look after sb,look after sb,[],hz-021652,entry_candidate,raw_ocr,hint_only,4,965,,dictionary/L/L-05.md,hz-021652-look-after-sb,sources/Hezareh_Dictionary_Index/source/Hezareh_Part_04_PDF_0751-1000.md#L24513-L24513,False
look as if,look as if,look as if,[],hz-023546,entry_candidate,raw_ocr,high,5,1078,,dictionary/L/L-05.md,hz-023546-look-as-if,sources/Hezareh_Dictionary_Index/source/Hezareh_Part_05_PDF_1001-1250.md#L9263-L9270,True
look down on sb,look down on sb,look down on sb,[],hz-021654,entry_candidate,raw_ocr,medium,4,966,,dictionary/L/L-05.md,hz-021654-look-down-on-sb,sources/Hezareh_Dictionary_Index/source/Hezareh_Part_04_PDF_0751-1000.md#L24646-L24662,True
look like,look like,look like,[],hz-021650,entry_candidate,raw_ocr,medium,4,965,,dictionary/L/L-05.md,hz-021650-look-like,sources/Hezareh_Dictionary_Index/source/Hezareh_Part_04_PDF_0751-1000.md#L24557-L24587,True
look like a dog's breakfast,look like a dog's breakfast,look like a dog's breakfast,[],hz-010726,entry_candidate,raw_ocr,high,2,442,,dictionary/L/L-05.md,hz-010726-look-like-a-dog-s-breakfast,sources/Hezareh_Dictionary_Index/source/Hezareh_Part_02_PDF_0251-0500.md#L22699-L22705,True
look on sb,look on sb,look on sb,[],hz-021655,entry_candidate,raw_ocr,medium,4,966,,dictionary/L/L-05.md,hz-021655-look-on-sb,sources/Hezareh_Dictionary_Index/source/Hezareh_Part_04_PDF_0751-1000.md#L24663-L24722,True
look round for sb I sth,look round for sb i sth,look round for sb i sth,[],hz-021656,entry_candidate,raw_ocr,hint_only,4,966,,dictionary/L/L-05.md,hz-021656-look-round-for-sb-i-sth,sources/Hezareh_Dictionary_Index/source/Hezareh_Part_04_PDF_0751-1000.md#L24625-L24625,False
look sb,look sb,look sb,[],hz-021651,entry_candidate,raw_ocr,medium,4,965,,dictionary/L/L-05.md,hz-021651-look-sb,sources/Hezareh_Dictionary_Index/source/Hezareh_Part_04_PDF_0751-1000.md#L24588-L24611,True
look to one's laurels,look to one's laurels,look to one's laurels,[],hz-020811,entry_candidate,raw_ocr,medium,4,915,,dictionary/L/L-05.md,hz-020811-look-to-one-s-laurels,sources/Hezareh_Dictionary_Index/source/Hezareh_Part_04_PDF_0751-1000.md#L18804-L18808,True
look with favour on sb,look with favour on sb,look with favour on sb,[],hz-013237,entry_candidate,raw_ocr,medium,3,566,,dictionary/L/L-05.md,hz-013237-look-with-favour-on-sb,sources/Hezareh_Dictionary_Index/source/Hezareh_Part_03_PDF_0501-0750.md#L7510-L7534,True
look-over,look-over,look-over,[],hz-021662,entry_candidate,raw_ocr,high,4,967,,dictionary/L/L-05.md,hz-021662-look-over,sources/Hezareh_Dictionary_Index/source/Hezareh_Part_04_PDF_0751-1000.md#L24841-L24856,True
looker,looker,looker,[],hz-021660,entry_candidate,raw_ocr,hint_only,4,967,,dictionary/L/L-05.md,hz-021660-looker,sources/Hezareh_Dictionary_Index/source/Hezareh_Part_04_PDF_0751-1000.md#L24739-L24739,False
looking-glaSS,looking-glass,looking-glass,[],hz-021661,entry_candidate,raw_ocr,medium,4,967,,dictionary/L/L-05.md,hz-021661-looking-glass,sources/Hezareh_Dictionary_Index/source/Hezareh_Part_04_PDF_0751-1000.md#L24831-L24840,True
loom,loom,loom,[],hz-021663,entry_candidate,raw_ocr,high,4,967,,dictionary/L/L-05.md,hz-021663-loom,sources/Hezareh_Dictionary_Index/source/Hezareh_Part_04_PDF_0751-1000.md#L24857-L24860,True
loony,loony,loony,[],hz-021665,entry_candidate,raw_ocr,medium,4,967,,dictionary/L/L-05.md,hz-021665-loony,sources/Hezareh_Dictionary_Index/source/Hezareh_Part_04_PDF_0751-1000.md#L24861-L24872,True
loop,loop,loop,[],hz-021664,entry_candidate,raw_ocr,hint_only,4,967,,dictionary/L/L-05.md,hz-021664-loop,sources/Hezareh_Dictionary_Index/source/Hezareh_Part_04_PDF_0751-1000.md#L24739-L24739,False
loop sth back,loop sth back,loop sth back,[],hz-021666,entry_candidate,raw_ocr,medium,4,968,,dictionary/L/L-05.md,hz-021666-loop-sth-back,sources/Hezareh_Dictionary_Index/source/Hezareh_Part_04_PDF_0751-1000.md#L24891-L24892,True
loop-line,loop-line,loop-line,[],hz-021668,entry_candidate,raw_ocr,hint_only,4,968,,dictionary/L/L-05.md,hz-021668-loop-line,sources/Hezareh_Dictionary_Index/source/Hezareh_Part_04_PDF_0751-1000.md#L24876-L24876,False
loophole,loophole,loophole,[],hz-021667,entry_candidate,raw_ocr,medium,4,968,,dictionary/L/L-05.md,hz-021667-loophole,sources/Hezareh_Dictionary_Index/source/Hezareh_Part_04_PDF_0751-1000.md#L24893-L24919,True
loopy,loopy,loopy,[],hz-021669,entry_candidate,raw_ocr,hint_only,4,968,,dictionary/L/L-05.md,hz-021669-loopy,sources/Hezareh_Dictionary_Index/source/Hezareh_Part_04_PDF_0751-1000.md#L24876-L24876,False
loose box,loose box,loose box,[],hz-021672,entry_candidate,raw_ocr,high,4,968,,dictionary/L/L-05.md,hz-021672-loose-box,sources/Hezareh_Dictionary_Index/source/Hezareh_Part_04_PDF_0751-1000.md#L24937-L24991,True
loose ends,loose ends,loose ends,[],hz-021673,entry_candidate,raw_ocr,medium,4,969,,dictionary/L/L-05.md,hz-021673-loose-ends,sources/Hezareh_Dictionary_Index/source/Hezareh_Part_04_PDF_0751-1000.md#L25007-L25007,True
loose-fitting,loose-fitting,loose-fitting,[],hz-021674,entry_candidate,raw_ocr,medium,4,969,,dictionary/L/L-05.md,hz-021674-loose-fitting,sources/Hezareh_Dictionary_Index/source/Hezareh_Part_04_PDF_0751-1000.md#L25008-L25010,True
loose-leaf,loose-leaf,loose-leaf,[],hz-021675,entry_candidate,raw_ocr,low,4,969,,dictionary/L/L-05.md,hz-021675-loose-leaf,sources/Hezareh_Dictionary_Index/source/Hezareh_Part_04_PDF_0751-1000.md#L25011-L25011,True
loose-limbed,loose-limbed,loose-limbed,[],hz-021676,entry_candidate,raw_ocr,medium,4,969,,dictionary/L/L-05.md,hz-021676-loose-limbed,sources/Hezareh_Dictionary_Index/source/Hezareh_Part_04_PDF_0751-1000.md#L25012-L25015,True
loose-weave,loose-weave,loose-weave,[],hz-021681,entry_candidate,raw_ocr,medium,4,969,,dictionary/L/L-05.md,hz-021681-loose-weave,sources/Hezareh_Dictionary_Index/source/Hezareh_Part_04_PDF_0751-1000.md#L25037-L25038,True
loosely,loosely,loosely,[],hz-021677,entry_candidate,raw_ocr,low,4,969,,dictionary/L/L-05.md,hz-021677-loosely,sources/Hezareh_Dictionary_Index/source/Hezareh_Part_04_PDF_0751-1000.md#L25016-L25024,True
loosen,loosen,loosen,[],hz-021678,entry_candidate,raw_ocr,medium,4,969,,dictionary/L/L-05.md,hz-021678-loosen,sources/Hezareh_Dictionary_Index/source/Hezareh_Part_04_PDF_0751-1000.md#L25027-L25032,True
loosen one's cough,loosen one's cough,loosen one's cough,[],hz-021679,entry_candidate,raw_ocr,low,4,969,,dictionary/L/L-05.md,hz-021679-loosen-one-s-cough,sources/Hezareh_Dictionary_Index/source/Hezareh_Part_04_PDF_0751-1000.md#L25025-L25026,True
looseneSS,looseness,looseness,[],hz-021680,entry_candidate,raw_ocr,medium,4,969,,dictionary/L/L-05.md,hz-021680-looseness,sources/Hezareh_Dictionary_Index/source/Hezareh_Part_04_PDF_0751-1000.md#L25033-L25036,True
loot,loot,loot,[],hz-021682,entry_candidate,raw_ocr,medium,4,969,,dictionary/L/L-05.md,hz-021682-loot,sources/Hezareh_Dictionary_Index/source/Hezareh_Part_04_PDF_0751-1000.md#L25039-L25044,True
looter,looter,looter,[],hz-021683,entry_candidate,raw_ocr,hint_only,4,969,,dictionary/L/L-05.md,hz-021683-looter,sources/Hezareh_Dictionary_Index/source/Hezareh_Part_04_PDF_0751-1000.md#L24995-L24995,False
looting,looting,looting,[],hz-021684,entry_candidate,raw_ocr,high,4,969,,dictionary/L/L-05.md,hz-021684-looting,sources/Hezareh_Dictionary_Index/source/Hezareh_Part_04_PDF_0751-1000.md#L25045-L25045,True
lop,lop,lop,[],hz-021685,entry_candidate,raw_ocr,medium,4,969,,dictionary/L/L-05.md,hz-021685-lop,sources/Hezareh_Dictionary_Index/source/Hezareh_Part_04_PDF_0751-1000.md#L25046-L25047,True
lop sth away,lop sth away,lop sth away,[],hz-021686,entry_candidate,raw_ocr,medium,4,969,,dictionary/L/L-05.md,hz-021686-lop-sth-away,sources/Hezareh_Dictionary_Index/source/Hezareh_Part_04_PDF_0751-1000.md#L25048-L25055,True
lop-eared,lop-eared,lop-eared,[],hz-021688,entry_candidate,raw_ocr,medium,4,969,,dictionary/L/L-05.md,hz-021688-lop-eared,sources/Hezareh_Dictionary_Index/source/Hezareh_Part_04_PDF_0751-1000.md#L25059-L25060,True
lop-ears,lop-ears,lop-ears,[],hz-021689,entry_candidate,raw_ocr,medium,4,969,,dictionary/L/L-05.md,hz-021689-lop-ears,sources/Hezareh_Dictionary_Index/source/Hezareh_Part_04_PDF_0751-1000.md#L25061-L25061,True
lope,lope,lope,[],hz-021687,entry_candidate,raw_ocr,medium,4,969,,dictionary/L/L-05.md,hz-021687-lope,sources/Hezareh_Dictionary_Index/source/Hezareh_Part_04_PDF_0751-1000.md#L25056-L25058,True
lopsided,lopsided,lopsided,[],hz-021690,entry_candidate,raw_ocr,medium,4,969,,dictionary/L/L-05.md,hz-021690-lopsided,sources/Hezareh_Dictionary_Index/source/Hezareh_Part_04_PDF_0751-1000.md#L25062-L25068,True
loquacity,loquacity,loquacity,[],hz-021691,entry_candidate,raw_ocr,medium,4,969,,dictionary/L/L-05.md,hz-021691-loquacity,sources/Hezareh_Dictionary_Index/source/Hezareh_Part_04_PDF_0751-1000.md#L25069-L25069,True
loquat,loquat,loquat,[],hz-021692,entry_candidate,raw_ocr,medium,4,969,,dictionary/L/L-05.md,hz-021692-loquat,sources/Hezareh_Dictionary_Index/source/Hezareh_Part_04_PDF_0751-1000.md#L25070-L25070,True
lor,lor,lor,[],hz-021693,entry_candidate,raw_ocr,medium,4,969,,dictionary/L/L-05.md,hz-021693-lor,sources/Hezareh_Dictionary_Index/source/Hezareh_Part_04_PDF_0751-1000.md#L25071-L25098,True
lord,lord,lord,[],hz-021694,entry_candidate,raw_ocr,medium,4,969,,dictionary/L/L-05.md,hz-021694-lord,sources/Hezareh_Dictionary_Index/source/Hezareh_Part_04_PDF_0751-1000.md#L25099-L25103,True
Lord,lord,lord,[],hz-021695,entry_candidate,raw_ocr,medium,4,969,,dictionary/L/L-05.md,hz-021695-lord,sources/Hezareh_Dictionary_Index/source/Hezareh_Part_04_PDF_0751-1000.md#L25099-L25103,True
lordless,lordless,lordless,[],hz-021696,entry_candidate,raw_ocr,medium,4,970,,dictionary/L/L-05.md,hz-021696-lordless,sources/Hezareh_Dictionary_Index/source/Hezareh_Part_04_PDF_0751-1000.md#L25118-L25171,True
lordlineSS,lordliness,lordliness,[],hz-021697,entry_candidate,raw_ocr,hint_only,4,970,,dictionary/L/L-05.md,hz-021697-lordliness,sources/Hezareh_Dictionary_Index/source/Hezareh_Part_04_PDF_0751-1000.md#L25107-L25107,False
lose,lose,lose,[],hz-021698,entry_candidate,raw_ocr,high,4,970,,dictionary/L/L-05.md,hz-021698-lose,sources/Hezareh_Dictionary_Index/source/Hezareh_Part_04_PDF_0751-1000.md#L25172-L25177,True
lose,lose,lose,[],hz-037780,entry_candidate,raw_ocr,medium,8,1903,,dictionary/L/L-05.md,hz-037780-lose,sources/Hezareh_Dictionary_Index/source/Hezareh_Part_08_PDF_1751-1976.md#L18120-L18121,True
lose one's cool,lose one's cool,lose one's cool,[],hz-021700,entry_candidate,raw_ocr,high,4,970,,dictionary/L/L-05.md,hz-021700-lose-one-s-cool,sources/Hezareh_Dictionary_Index/source/Hezareh_Part_04_PDF_0751-1000.md#L25178-L25186,True
lose one's grasp on,lose one's grasp on,lose one's grasp on,[],hz-015891,entry_candidate,raw_ocr,medium,3,702,,dictionary/L/L-05.md,hz-015891-lose-one-s-grasp-on,sources/Hezareh_Dictionary_Index/source/Hezareh_Part_03_PDF_0501-0750.md#L23242-L23273,True
lose one's reason,lose one's reason,lose one's reason,[],hz-021701,entry_candidate,raw_ocr,high,4,970,,dictionary/L/L-05.md,hz-021701-lose-one-s-reason,sources/Hezareh_Dictionary_Index/source/Hezareh_Part_04_PDF_0751-1000.md#L25187-L25217,True
lose one's tongue,lose one's tongue,lose one's tongue,[],hz-021703,entry_candidate,raw_ocr,medium,4,971,,dictionary/L/L-05.md,hz-021703-lose-one-s-tongue,sources/Hezareh_Dictionary_Index/source/Hezareh_Part_04_PDF_0751-1000.md#L25231-L25283,True
lose sb,lose sb,lose sb,[],hz-021699,entry_candidate,raw_ocr,hint_only,4,970,,dictionary/L/L-05.md,hz-021699-lose-sb,sources/Hezareh_Dictionary_Index/source/Hezareh_Part_04_PDF_0751-1000.md#L25107-L25107,False
lose track of sb,lose track of sb,lose track of sb,[],hz-035494,entry_candidate,raw_ocr,high,8,1783,,dictionary/L/L-05.md,hz-035494-lose-track-of-sb,sources/Hezareh_Dictionary_Index/source/Hezareh_Part_08_PDF_1751-1976.md#L4051-L4070,True
loss,loss,loss,[],hz-021707,entry_candidate,raw_ocr,medium,4,971,,dictionary/L/L-05.md,hz-021707-loss,sources/Hezareh_Dictionary_Index/source/Hezareh_Part_04_PDF_0751-1000.md#L25284-L25289,True
loss-leader,loss-leader,loss-leader,[],hz-021705,entry_candidate,raw_ocr,high,4,971,,dictionary/L/L-05.md,hz-021705-loss-leader,sources/Hezareh_Dictionary_Index/source/Hezareh_Part_04_PDF_0751-1000.md#L25290-L25291,True
loss-making,loss-making,loss-making,[],hz-021706,entry_candidate,raw_ocr,high,4,971,,dictionary/L/L-05.md,hz-021706-loss-making,sources/Hezareh_Dictionary_Index/source/Hezareh_Part_04_PDF_0751-1000.md#L25292-L25311,True
lost and found,lost and found,lost and found,[],hz-021708,entry_candidate,raw_ocr,high,4,971,,dictionary/L/L-05.md,hz-021708-lost-and-found,sources/Hezareh_Dictionary_Index/source/Hezareh_Part_04_PDF_0751-1000.md#L25312-L25313,True
lost cause,lost cause,lost cause,[],hz-021709,entry_candidate,raw_ocr,high,4,971,,dictionary/L/L-05.md,hz-021709-lost-cause,sources/Hezareh_Dictionary_Index/source/Hezareh_Part_04_PDF_0751-1000.md#L25314-L25317,True
lot,lot,lot,[],hz-021710,entry_candidate,raw_ocr,high,4,971,,dictionary/L/L-05.md,hz-021710-lot,sources/Hezareh_Dictionary_Index/source/Hezareh_Part_04_PDF_0751-1000.md#L25318-L25329,True
loth,loth,loth,[],hz-021713,entry_candidate,raw_ocr,high,4,972,,dictionary/L/L-05.md,hz-021713-loth,sources/Hezareh_Dictionary_Index/source/Hezareh_Part_04_PDF_0751-1000.md#L25381-L25382,True
lotion,lotion,lotion,[],hz-021714,entry_candidate,raw_ocr,high,4,972,,dictionary/L/L-05.md,hz-021714-lotion,sources/Hezareh_Dictionary_Index/source/Hezareh_Part_04_PDF_0751-1000.md#L25383-L25384,True
lottery,lottery,lottery,[],hz-021715,entry_candidate,raw_ocr,high,4,972,,dictionary/L/L-05.md,hz-021715-lottery,sources/Hezareh_Dictionary_Index/source/Hezareh_Part_04_PDF_0751-1000.md#L25385-L25387,True
lotto,lotto,lotto,[],hz-021716,entry_candidate,raw_ocr,low,4,972,,dictionary/L/L-05.md,hz-021716-lotto,sources/Hezareh_Dictionary_Index/source/Hezareh_Part_04_PDF_0751-1000.md#L25388-L25389,True
lotus,lotus,lotus,[],hz-021717,entry_candidate,raw_ocr,high,4,972,,dictionary/L/L-05.md,hz-021717-lotus,sources/Hezareh_Dictionary_Index/source/Hezareh_Part_04_PDF_0751-1000.md#L25390-L25392,True
lotus position,lotus position,lotus position,[],hz-021719,entry_candidate,raw_ocr,high,4,972,,dictionary/L/L-05.md,hz-021719-lotus-position,sources/Hezareh_Dictionary_Index/source/Hezareh_Part_04_PDF_0751-1000.md#L25396-L25398,True
lotus-eater,lotus-eater,lotus-eater,[],hz-021718,entry_candidate,raw_ocr,high,4,972,,dictionary/L/L-05.md,hz-021718-lotus-eater,sources/Hezareh_Dictionary_Index/source/Hezareh_Part_04_PDF_0751-1000.md#L25393-L25395,True
loud,loud,loud,[],hz-021720,entry_candidate,raw_ocr,high,4,972,,dictionary/L/L-05.md,hz-021720-loud,sources/Hezareh_Dictionary_Index/source/Hezareh_Part_04_PDF_0751-1000.md#L25399-L25414,True
loud-hailer,loud-hailer,loud-hailer,[],hz-021721,entry_candidate,raw_ocr,high,4,972,,dictionary/L/L-05.md,hz-021721-loud-hailer,sources/Hezareh_Dictionary_Index/source/Hezareh_Part_04_PDF_0751-1000.md#L25421-L25424,True
loud-mouth,loud-mouth,loud-mouth,[],hz-021723,entry_candidate,raw_ocr,high,4,972,,dictionary/L/L-05.md,hz-021723-loud-mouth,sources/Hezareh_Dictionary_Index/source/Hezareh_Part_04_PDF_0751-1000.md#L25425-L25426,True
loud-mouthed,loud-mouthed,loud-mouthed,[],hz-021724,entry_candidate,raw_ocr,high,4,972,,dictionary/L/L-05.md,hz-021724-loud-mouthed,sources/Hezareh_Dictionary_Index/source/Hezareh_Part_04_PDF_0751-1000.md#L25427-L25428,True
loudly,loudly,loudly,[],hz-021722,entry_candidate,raw_ocr,hint_only,4,972,,dictionary/L/L-05.md,hz-021722-loudly,sources/Hezareh_Dictionary_Index/source/Hezareh_Part_04_PDF_0751-1000.md#L25333-L25333,False
loudness,loudness,loudness,[],hz-021725,entry_candidate,raw_ocr,high,4,972,,dictionary/L/L-05.md,hz-021725-loudness,sources/Hezareh_Dictionary_Index/source/Hezareh_Part_04_PDF_0751-1000.md#L25429-L25430,True
loudspeaker,loudspeaker,loudspeaker,[],hz-021726,entry_candidate,raw_ocr,high,4,972,,dictionary/L/L-05.md,hz-021726-loudspeaker,sources/Hezareh_Dictionary_Index/source/Hezareh_Part_04_PDF_0751-1000.md#L25431-L25431,True
lough,lough,lough,[],hz-021727,entry_candidate,raw_ocr,high,4,972,,dictionary/L/L-05.md,hz-021727-lough,sources/Hezareh_Dictionary_Index/source/Hezareh_Part_04_PDF_0751-1000.md#L25432-L25432,True
lounge,lounge,lounge,[],hz-021728,entry_candidate,raw_ocr,high,4,972,,dictionary/L/L-05.md,hz-021728-lounge,sources/Hezareh_Dictionary_Index/source/Hezareh_Part_04_PDF_0751-1000.md#L25433-L25440,True
lounge-bar,lounge-bar,lounge-bar,[],hz-021729,entry_candidate,raw_ocr,high,4,972,,dictionary/L/L-05.md,hz-021729-lounge-bar,sources/Hezareh_Dictionary_Index/source/Hezareh_Part_04_PDF_0751-1000.md#L25441-L25442,True
lounge-chair,lounge-chair,lounge-chair,[],hz-021730,entry_candidate,raw_ocr,high,4,972,,dictionary/L/L-05.md,hz-021730-lounge-chair,sources/Hezareh_Dictionary_Index/source/Hezareh_Part_04_PDF_0751-1000.md#L25443-L25443,True
lounge-lizard,lounge-lizard,lounge-lizard,[],hz-021731,entry_candidate,raw_ocr,high,4,972,,dictionary/L/L-05.md,hz-021731-lounge-lizard,sources/Hezareh_Dictionary_Index/source/Hezareh_Part_04_PDF_0751-1000.md#L25444-L25450,True
lounge-suit,lounge-suit,lounge-suit,[],hz-021732,entry_candidate,raw_ocr,high,4,972,,dictionary/L/L-05.md,hz-021732-lounge-suit,sources/Hezareh_Dictionary_Index/source/Hezareh_Part_04_PDF_0751-1000.md#L25451-L25451,True
lOUpee,loupee,loupee,[],hz-035432,entry_candidate,raw_ocr,hint_only,8,1781,,dictionary/L/L-06.md,hz-035432-loupee,sources/Hezareh_Dictionary_Index/source/Hezareh_Part_08_PDF_1751-1976.md#L3789-L3789,False
lour,lour,lour,[],hz-021733,entry_candidate,raw_ocr,high,4,972,,dictionary/L/L-06.md,hz-021733-lour,sources/Hezareh_Dictionary_Index/source/Hezareh_Part_04_PDF_0751-1000.md#L25452-L25455,True
louring,louring,louring,[],hz-021734,entry_candidate,raw_ocr,high,4,972,,dictionary/L/L-06.md,hz-021734-louring,sources/Hezareh_Dictionary_Index/source/Hezareh_Part_04_PDF_0751-1000.md#L25456-L25464,True
louse,louse,louse,[],hz-021735,entry_candidate,raw_ocr,high,4,972,,dictionary/L/L-06.md,hz-021735-louse,sources/Hezareh_Dictionary_Index/source/Hezareh_Part_04_PDF_0751-1000.md#L25415-L25420,True
louse,louse,louse,[],hz-021736,entry_candidate,raw_ocr,high,4,973,,dictionary/L/L-06.md,hz-021736-louse,sources/Hezareh_Dictionary_Index/source/Hezareh_Part_04_PDF_0751-1000.md#L25477-L25494,True
louvre,louvre,louvre,[],hz-021737,entry_candidate,raw_ocr,medium,4,973,,dictionary/L/L-06.md,hz-021737-louvre,sources/Hezareh_Dictionary_Index/source/Hezareh_Part_04_PDF_0751-1000.md#L25495-L25514,True
love seat,love seat,love seat,[],hz-021745,entry_candidate,raw_ocr,hint_only,4,974,,dictionary/L/L-06.md,hz-021745-love-seat,sources/Hezareh_Dictionary_Index/source/Hezareh_Part_04_PDF_0751-1000.md#L25580-L25580,False
love to do sth,love to do sth,love to do sth,[],hz-021739,entry_candidate,raw_ocr,medium,4,973,,dictionary/L/L-06.md,hz-021739-love-to-do-sth,sources/Hezareh_Dictionary_Index/source/Hezareh_Part_04_PDF_0751-1000.md#L25552-L25576,True
love-hate relationship,love-hate relationship,love-hate relationship,[],hz-021740,entry_candidate,raw_ocr,hint_only,4,973,,dictionary/L/L-06.md,hz-021740-love-hate-relationship,sources/Hezareh_Dictionary_Index/source/Hezareh_Part_04_PDF_0751-1000.md#L25468-L25468,False
love-philtre,love-philtre,love-philtre,[],hz-021742,entry_candidate,raw_ocr,low,4,974,,dictionary/L/L-06.md,hz-021742-love-philtre,sources/Hezareh_Dictionary_Index/source/Hezareh_Part_04_PDF_0751-1000.md#L25615-L25615,True
love-story,love-story,love-story,[],hz-021746,entry_candidate,raw_ocr,hint_only,4,974,,dictionary/L/L-06.md,hz-021746-love-story,sources/Hezareh_Dictionary_Index/source/Hezareh_Part_04_PDF_0751-1000.md#L25580-L25580,False
lover,lover,lover,[],hz-021743,entry_candidate,raw_ocr,medium,4,974,,dictionary/L/L-06.md,hz-021743-lover,sources/Hezareh_Dictionary_Index/source/Hezareh_Part_04_PDF_0751-1000.md#L25616-L25621,True
loverlike,loverlike,loverlike,[],hz-021744,entry_candidate,raw_ocr,medium,4,974,,dictionary/L/L-06.md,hz-021744-loverlike,sources/Hezareh_Dictionary_Index/source/Hezareh_Part_04_PDF_0751-1000.md#L25622-L25632,True
loving-cup,loving-cup,loving-cup,[],hz-021747,entry_candidate,raw_ocr,medium,4,974,,dictionary/L/L-06.md,hz-021747-loving-cup,sources/Hezareh_Dictionary_Index/source/Hezareh_Part_04_PDF_0751-1000.md#L25633-L25643,True
lovingly,lovingly,lovingly,[],hz-021748,entry_candidate,raw_ocr,high,4,974,,dictionary/L/L-06.md,hz-021748-lovingly,sources/Hezareh_Dictionary_Index/source/Hezareh_Part_04_PDF_0751-1000.md#L25644-L25647,True
low,low,low,[],hz-021749,entry_candidate,raw_ocr,high,4,974,,dictionary/L/L-06.md,hz-021749-low,sources/Hezareh_Dictionary_Index/source/Hezareh_Part_04_PDF_0751-1000.md#L25648-L25684,True
low,low,low,[],hz-021755,entry_candidate,raw_ocr,high,4,975,,dictionary/L/L-06.md,hz-021755-low,sources/Hezareh_Dictionary_Index/source/Hezareh_Part_04_PDF_0751-1000.md#L25728-L25754,True
Low Church,low church,low church,[],hz-021760,entry_candidate,raw_ocr,medium,4,975,,dictionary/L/L-06.md,hz-021760-low-church,sources/Hezareh_Dictionary_Index/source/Hezareh_Part_04_PDF_0751-1000.md#L25765-L25765,True
Low Churchman,low churchman,low churchman,[],hz-021761,entry_candidate,raw_ocr,medium,4,975,,dictionary/L/L-06.md,hz-021761-low-churchman,sources/Hezareh_Dictionary_Index/source/Hezareh_Part_04_PDF_0751-1000.md#L25766-L25767,True
low comedian,low comedian,low comedian,[],hz-021763,entry_candidate,raw_ocr,low,4,975,,dictionary/L/L-06.md,hz-021763-low-comedian,sources/Hezareh_Dictionary_Index/source/Hezareh_Part_04_PDF_0751-1000.md#L25771-L25772,True
low comedy,low comedy,low comedy,[],hz-021764,entry_candidate,raw_ocr,low,4,975,,dictionary/L/L-06.md,hz-021764-low-comedy,sources/Hezareh_Dictionary_Index/source/Hezareh_Part_04_PDF_0751-1000.md#L25773-L25774,True
low frequency,low frequency,low frequency,[],hz-021774,entry_candidate,raw_ocr,medium,4,976,,dictionary/L/L-06.md,hz-021774-low-frequency,sources/Hezareh_Dictionary_Index/source/Hezareh_Part_04_PDF_0751-1000.md#L25840-L25841,True
Low German,low german,low german,[],hz-021775,entry_candidate,raw_ocr,low,4,976,,dictionary/L/L-06.md,hz-021775-low-german,sources/Hezareh_Dictionary_Index/source/Hezareh_Part_04_PDF_0751-1000.md#L25842-L25849,True
Low Latin,low latin,low latin,[],hz-021780,entry_candidate,raw_ocr,low,4,976,,dictionary/L/L-06.md,hz-021780-low-latin,sources/Hezareh_Dictionary_Index/source/Hezareh_Part_04_PDF_0751-1000.md#L25857-L25870,True
Low Sunday,low sunday,low sunday,[],hz-021791,entry_candidate,raw_ocr,high,4,976,,dictionary/L/L-06.md,hz-021791-low-sunday,sources/Hezareh_Dictionary_Index/source/Hezareh_Part_04_PDF_0751-1000.md#L25916-L25918,True
low tide,low tide,low tide,[],hz-021792,entry_candidate,raw_ocr,high,4,976,,dictionary/L/L-06.md,hz-021792-low-tide,sources/Hezareh_Dictionary_Index/source/Hezareh_Part_04_PDF_0751-1000.md#L25919-L25925,True
Low Week,low week,low week,[],hz-021795,entry_candidate,raw_ocr,low,4,977,,dictionary/L/L-06.md,hz-021795-low-week,sources/Hezareh_Dictionary_Index/source/Hezareh_Part_04_PDF_0751-1000.md#L25944-L25944,True
low-born,low-born,low-born,[],hz-021756,entry_candidate,raw_ocr,medium,4,975,,dictionary/L/L-06.md,hz-021756-low-born,sources/Hezareh_Dictionary_Index/source/Hezareh_Part_04_PDF_0751-1000.md#L25755-L25756,True
low-boy,low-boy,low-boy,[],hz-021757,entry_candidate,raw_ocr,medium,4,975,,dictionary/L/L-06.md,hz-021757-low-boy,sources/Hezareh_Dictionary_Index/source/Hezareh_Part_04_PDF_0751-1000.md#L25757-L25760,True
low-bred,low-bred,low-bred,[],hz-021758,entry_candidate,raw_ocr,hint_only,4,975,,dictionary/L/L-06.md,hz-021758-low-bred,sources/Hezareh_Dictionary_Index/source/Hezareh_Part_04_PDF_0751-1000.md#L25694-L25694,False
low-class,low-class,low-class,[],hz-021762,entry_candidate,raw_ocr,low,4,975,,dictionary/L/L-06.md,hz-021762-low-class,sources/Hezareh_Dictionary_Index/source/Hezareh_Part_04_PDF_0751-1000.md#L25768-L25770,True
low-cost,low-cost,low-cost,[],hz-021765,entry_candidate,raw_ocr,medium,4,975,,dictionary/L/L-06.md,hz-021765-low-cost,sources/Hezareh_Dictionary_Index/source/Hezareh_Part_04_PDF_0751-1000.md#L25775-L25775,True
low-cut,low-cut,low-cut,[],hz-021766,entry_candidate,raw_ocr,medium,4,975,,dictionary/L/L-06.md,hz-021766-low-cut,sources/Hezareh_Dictionary_Index/source/Hezareh_Part_04_PDF_0751-1000.md#L25776-L25776,True
low-density,low-density,low-density,[],hz-021767,entry_candidate,raw_ocr,low,4,975,,dictionary/L/L-06.md,hz-021767-low-density,sources/Hezareh_Dictionary_Index/source/Hezareh_Part_04_PDF_0751-1000.md#L25777-L25777,True
low-down,low-down,low-down,[],hz-021768,entry_candidate,raw_ocr,medium,4,975,,dictionary/L/L-06.md,hz-021768-low-down,sources/Hezareh_Dictionary_Index/source/Hezareh_Part_04_PDF_0751-1000.md#L25778-L25799,True
low-necked,low-necked,low-necked,[],hz-021783,entry_candidate,raw_ocr,medium,4,976,,dictionary/L/L-06.md,hz-021783-low-necked,sources/Hezareh_Dictionary_Index/source/Hezareh_Part_04_PDF_0751-1000.md#L25888-L25888,True
low-paid,low-paid,low-paid,[],hz-021785,entry_candidate,raw_ocr,medium,4,976,,dictionary/L/L-06.md,hz-021785-low-paid,sources/Hezareh_Dictionary_Index/source/Hezareh_Part_04_PDF_0751-1000.md#L25891-L25897,True
low-pitched,low-pitched,low-pitched,[],hz-021786,entry_candidate,raw_ocr,hint_only,4,976,,dictionary/L/L-06.md,hz-021786-low-pitched,sources/Hezareh_Dictionary_Index/source/Hezareh_Part_04_PDF_0751-1000.md#L25806-L25806,False
low-pressure area,low-pressure area,low-pressure area,[],hz-021787,entry_candidate,raw_ocr,medium,4,976,,dictionary/L/L-06.md,hz-021787-low-pressure-area,sources/Hezareh_Dictionary_Index/source/Hezareh_Part_04_PDF_0751-1000.md#L25898-L25900,True
low-priced,low-priced,low-priced,[],hz-021788,entry_candidate,raw_ocr,high,4,976,,dictionary/L/L-06.md,hz-021788-low-priced,sources/Hezareh_Dictionary_Index/source/Hezareh_Part_04_PDF_0751-1000.md#L25901-L25908,True
low-relief,low-relief,low-relief,[],hz-021789,entry_candidate,raw_ocr,high,4,976,,dictionary/L/L-06.md,hz-021789-low-relief,sources/Hezareh_Dictionary_Index/source/Hezareh_Part_04_PDF_0751-1000.md#L25909-L25913,True
low-spirited,low-spirited,low-spirited,[],hz-021790,entry_candidate,raw_ocr,high,4,976,,dictionary/L/L-06.md,hz-021790-low-spirited,sources/Hezareh_Dictionary_Index/source/Hezareh_Part_04_PDF_0751-1000.md#L25914-L25915,True
low-water mark,low-water mark,low-water mark,[],hz-021793,entry_candidate,raw_ocr,high,4,977,,dictionary/L/L-06.md,hz-021793-low-water-mark,sources/Hezareh_Dictionary_Index/source/Hezareh_Part_04_PDF_0751-1000.md#L25938-L25941,True
lowbrOW,lowbrow,lowbrow,[],hz-021759,entry_candidate,raw_ocr,medium,4,975,,dictionary/L/L-06.md,hz-021759-lowbrow,sources/Hezareh_Dictionary_Index/source/Hezareh_Part_04_PDF_0751-1000.md#L25761-L25764,True
Lower Chamber,lower chamber,lower chamber,[],hz-021770,entry_candidate,raw_ocr,medium,4,976,,dictionary/L/L-06.md,hz-021770-lower-chamber,sources/Hezareh_Dictionary_Index/source/Hezareh_Part_04_PDF_0751-1000.md#L25830-L25830,True
Lower House,lower house,lower house,[],hz-021771,entry_candidate,raw_ocr,low,4,976,,dictionary/L/L-06.md,hz-021771-lower-house,sources/Hezareh_Dictionary_Index/source/Hezareh_Part_04_PDF_0751-1000.md#L25830-L25830,True
lower income,lower income,lower income,[],hz-021772,entry_candidate,raw_ocr,medium,4,976,,dictionary/L/L-06.md,hz-021772-lower-income,sources/Hezareh_Dictionary_Index/source/Hezareh_Part_04_PDF_0751-1000.md#L25831-L25839,True
lower sb,lower sb,lower sb,[],hz-021769,entry_candidate,raw_ocr,medium,4,975,,dictionary/L/L-06.md,hz-021769-lower-sb,sources/Hezareh_Dictionary_Index/source/Hezareh_Part_04_PDF_0751-1000.md#L25800-L25802,True
lowermost tbuamoost,lowermost tbuamoost,lowermost tbuamoost,[],hz-021773,entry_candidate,raw_ocr,hint_only,4,976,,dictionary/L/L-06.md,hz-021773-lowermost-tbuamoost,sources/Hezareh_Dictionary_Index/source/Hezareh_Part_04_PDF_0751-1000.md#L25806-L25806,False
lowland,lowland,lowland,[],hz-021776,entry_candidate,raw_ocr,low,4,976,,dictionary/L/L-06.md,hz-021776-lowland,sources/Hezareh_Dictionary_Index/source/Hezareh_Part_04_PDF_0751-1000.md#L25850-L25850,True
lowlander,lowlander,lowlander,[],hz-021777,entry_candidate,raw_ocr,medium,4,976,,dictionary/L/L-06.md,hz-021777-lowlander,sources/Hezareh_Dictionary_Index/source/Hezareh_Part_04_PDF_0751-1000.md#L25851-L25852,True
Lowlander,lowlander,lowlander,[],hz-021778,entry_candidate,raw_ocr,medium,4,976,,dictionary/L/L-06.md,hz-021778-lowlander,sources/Hezareh_Dictionary_Index/source/Hezareh_Part_04_PDF_0751-1000.md#L25851-L25852,True
Lowlands,lowlands,lowlands,[],hz-021779,entry_candidate,raw_ocr,high,4,976,,dictionary/L/L-06.md,hz-021779-lowlands,sources/Hezareh_Dictionary_Index/source/Hezareh_Part_04_PDF_0751-1000.md#L25853-L25856,True
lowliness,lowliness,lowliness,[],hz-021781,entry_candidate,raw_ocr,high,4,976,,dictionary/L/L-06.md,hz-021781-lowliness,sources/Hezareh_Dictionary_Index/source/Hezareh_Part_04_PDF_0751-1000.md#L25871-L25887,True
lowly lbul,lowly lbul,lowly lbul,[],hz-021782,entry_candidate,raw_ocr,hint_only,4,976,,dictionary/L/L-06.md,hz-021782-lowly-lbul,sources/Hezareh_Dictionary_Index/source/Hezareh_Part_04_PDF_0751-1000.md#L25806-L25806,False
lowneSS,lowness,lowness,[],hz-021784,entry_candidate,raw_ocr,medium,4,976,,dictionary/L/L-06.md,hz-021784-lowness,sources/Hezareh_Dictionary_Index/source/Hezareh_Part_04_PDF_0751-1000.md#L25889-L25890,True
loyal,loyal,loyal,[],hz-021796,entry_candidate,raw_ocr,low,4,977,,dictionary/L/L-06.md,hz-021796-loyal,sources/Hezareh_Dictionary_Index/source/Hezareh_Part_04_PDF_0751-1000.md#L25945-L25949,True
loyalist,loyalist,loyalist,[],hz-021797,entry_candidate,raw_ocr,medium,4,977,,dictionary/L/L-06.md,hz-021797-loyalist,sources/Hezareh_Dictionary_Index/source/Hezareh_Part_04_PDF_0751-1000.md#L25950-L25951,True
loyally,loyally,loyally,[],hz-021798,entry_candidate,raw_ocr,medium,4,977,,dictionary/L/L-06.md,hz-021798-loyally,sources/Hezareh_Dictionary_Index/source/Hezareh_Part_04_PDF_0751-1000.md#L25952-L25953,True
loyalty,loyalty,loyalty,[],hz-021799,entry_candidate,raw_ocr,medium,4,977,,dictionary/L/L-06.md,hz-021799-loyalty,sources/Hezareh_Dictionary_Index/source/Hezareh_Part_04_PDF_0751-1000.md#L25954-L25955,True
lozenge,lozenge,lozenge,[],hz-021800,entry_candidate,raw_ocr,low,4,977,,dictionary/L/L-06.md,hz-021800-lozenge,sources/Hezareh_Dictionary_Index/source/Hezareh_Part_04_PDF_0751-1000.md#L25956-L25961,True
lrak,lrak,lrak,[],hz-019583,entry_candidate,raw_ocr,hint_only,4,858,,dictionary/L/L-06.md,hz-019583-lrak,sources/Hezareh_Dictionary_Index/source/Hezareh_Part_04_PDF_0751-1000.md#L12302-L12302,False
lraki,lraki,lraki,[],hz-019584,entry_candidate,raw_ocr,hint_only,4,858,,dictionary/L/L-06.md,hz-019584-lraki,sources/Hezareh_Dictionary_Index/source/Hezareh_Part_04_PDF_0751-1000.md#L12302-L12302,False
lranian,lranian,lranian,[],hz-019586,entry_candidate,raw_ocr,hint_only,4,858,,dictionary/L/L-06.md,hz-019586-lranian,sources/Hezareh_Dictionary_Index/source/Hezareh_Part_04_PDF_0751-1000.md#L12302-L12302,False
LSD,lsd,lsd,[],hz-021801,entry_candidate,raw_ocr,medium,4,977,,dictionary/L/L-06.md,hz-021801-lsd,sources/Hezareh_Dictionary_Index/source/Hezareh_Part_04_PDF_0751-1000.md#L25962-L25965,True
Lsd,lsd,lsd,[],hz-021802,entry_candidate,raw_ocr,medium,4,977,,dictionary/L/L-06.md,hz-021802-lsd,sources/Hezareh_Dictionary_Index/source/Hezareh_Part_04_PDF_0751-1000.md#L25962-L25965,True
lself-inflicted,lself-inflicted,lself-inflicted,[],hz-030528,entry_candidate,raw_ocr,hint_only,7,1515,,dictionary/L/L-06.md,hz-030528-lself-inflicted,sources/Hezareh_Dictionary_Index/source/Hezareh_Part_07_PDF_1501-1750.md#L1776-L1776,False
lsergeant-at-arms,lsergeant-at-arms,lsergeant-at-arms,[],hz-030694,entry_candidate,raw_ocr,hint_only,7,1523,,dictionary/L/L-06.md,hz-030694-lsergeant-at-arms,sources/Hezareh_Dictionary_Index/source/Hezareh_Part_07_PDF_1501-1750.md#L2721-L2721,False
lso-,lso-,lso-,[],hz-038811,entry_candidate,raw_ocr,hint_only,8,1962,,dictionary/L/L-06.md,hz-038811-lso,sources/Hezareh_Dictionary_Index/source/Hezareh_Part_08_PDF_1751-1976.md#L24861-L24861,False
lsraelite,lsraelite,lsraelite,[],hz-019707,entry_candidate,raw_ocr,hint_only,4,862,,dictionary/L/L-06.md,hz-019707-lsraelite,sources/Hezareh_Dictionary_Index/source/Hezareh_Part_04_PDF_0751-1000.md#L12753-L12753,False
LST,lst,lst,[],hz-021803,entry_candidate,raw_ocr,medium,4,977,,dictionary/L/L-06.md,hz-021803-lst,sources/Hezareh_Dictionary_Index/source/Hezareh_Part_04_PDF_0751-1000.md#L25966-L25969,True
LTA,lta,lta,[],hz-021804,entry_candidate,raw_ocr,high,4,977,,dictionary/L/L-06.md,hz-021804-lta,sources/Hezareh_Dictionary_Index/source/Hezareh_Part_04_PDF_0751-1000.md#L25970-L25971,True
ltalianate,ltalianate,ltalianate,[],hz-019719,entry_candidate,raw_ocr,hint_only,4,863,,dictionary/L/L-06.md,hz-019719-ltalianate,sources/Hezareh_Dictionary_Index/source/Hezareh_Part_04_PDF_0751-1000.md#L12867-L12867,False
ltalo-,ltalo-,ltalo-,[],hz-038812,entry_candidate,raw_ocr,hint_only,8,1963,,dictionary/L/L-06.md,hz-038812-ltalo,sources/Hezareh_Dictionary_Index/source/Hezareh_Part_08_PDF_1751-1976.md#L24966-L24966,False
ltd,ltd,ltd,[],hz-021805,entry_candidate,raw_ocr,low,4,977,,dictionary/L/L-06.md,hz-021805-ltd,sources/Hezareh_Dictionary_Index/source/Hezareh_Part_04_PDF_0751-1000.md#L25972-L25977,True
lubber,lubber,lubber,[],hz-021806,entry_candidate,raw_ocr,hint_only,4,977,,dictionary/L/L-06.md,hz-021806-lubber,sources/Hezareh_Dictionary_Index/source/Hezareh_Part_04_PDF_0751-1000.md#L25929-L25929,False
lubberlyi'IAbal,lubberlyi'iabal,lubberlyi'iabal,[],hz-021807,entry_candidate,raw_ocr,hint_only,4,977,,dictionary/L/L-06.md,hz-021807-lubberlyi-iabal,sources/Hezareh_Dictionary_Index/source/Hezareh_Part_04_PDF_0751-1000.md#L25929-L25929,False
lubricant,lubricant,lubricant,[],hz-021808,entry_candidate,raw_ocr,medium,4,977,,dictionary/L/L-06.md,hz-021808-lubricant,sources/Hezareh_Dictionary_Index/source/Hezareh_Part_04_PDF_0751-1000.md#L25978-L25983,True
lubricate,lubricate,lubricate,[],hz-021809,entry_candidate,raw_ocr,high,4,977,,dictionary/L/L-06.md,hz-021809-lubricate,sources/Hezareh_Dictionary_Index/source/Hezareh_Part_04_PDF_0751-1000.md#L25984-L25991,True
lubrication,lubrication,lubrication,[],hz-021811,entry_candidate,raw_ocr,medium,4,977,,dictionary/L/L-06.md,hz-021811-lubrication,sources/Hezareh_Dictionary_Index/source/Hezareh_Part_04_PDF_0751-1000.md#L25992-L25993,True
lubricator,lubricator,lubricator,[],hz-021812,entry_candidate,raw_ocr,medium,4,977,,dictionary/L/L-06.md,hz-021812-lubricator,sources/Hezareh_Dictionary_Index/source/Hezareh_Part_04_PDF_0751-1000.md#L25994-L26004,True
lubricious,lubricious,lubricious,[],hz-021813,entry_candidate,raw_ocr,hint_only,4,977,,dictionary/L/L-06.md,hz-021813-lubricious,sources/Hezareh_Dictionary_Index/source/Hezareh_Part_04_PDF_0751-1000.md#L25929-L25929,False
lucent,lucent,lucent,[],hz-021810,entry_candidate,raw_ocr,hint_only,4,977,,dictionary/L/L-06.md,hz-021810-lucent,sources/Hezareh_Dictionary_Index/source/Hezareh_Part_04_PDF_0751-1000.md#L25929-L25929,False
lucerne,lucerne,lucerne,[],hz-021814,entry_candidate,raw_ocr,hint_only,4,977,,dictionary/L/L-06.md,hz-021814-lucerne,sources/Hezareh_Dictionary_Index/source/Hezareh_Part_04_PDF_0751-1000.md#L25929-L25929,False
lucidity,lucidity,lucidity,[],hz-021815,entry_candidate,raw_ocr,medium,4,977,,dictionary/L/L-06.md,hz-021815-lucidity,sources/Hezareh_Dictionary_Index/source/Hezareh_Part_04_PDF_0751-1000.md#L26005-L26008,True
lucidly,lucidly,lucidly,[],hz-021816,entry_candidate,raw_ocr,hint_only,4,977,,dictionary/L/L-06.md,hz-021816-lucidly,sources/Hezareh_Dictionary_Index/source/Hezareh_Part_04_PDF_0751-1000.md#L25929-L25929,False
Lucifer,lucifer,lucifer,[],hz-021817,entry_candidate,raw_ocr,low,4,977,,dictionary/L/L-06.md,hz-021817-lucifer,sources/Hezareh_Dictionary_Index/source/Hezareh_Part_04_PDF_0751-1000.md#L26009-L26037,True
luckily,luckily,luckily,[],hz-021818,entry_candidate,raw_ocr,low,4,978,,dictionary/L/L-06.md,hz-021818-luckily,sources/Hezareh_Dictionary_Index/source/Hezareh_Part_04_PDF_0751-1000.md#L26075-L26077,True
lucklesS,luckless,luckless,[],hz-021821,entry_candidate,raw_ocr,low,4,978,,dictionary/L/L-06.md,hz-021821-luckless,sources/Hezareh_Dictionary_Index/source/Hezareh_Part_04_PDF_0751-1000.md#L26078-L26080,True
lucky,lucky,lucky,[],hz-021822,entry_candidate,raw_ocr,high,4,978,,dictionary/L/L-06.md,hz-021822-lucky,sources/Hezareh_Dictionary_Index/source/Hezareh_Part_04_PDF_0751-1000.md#L26081-L26102,True
lucky dip,lucky dip,lucky dip,[],hz-021823,entry_candidate,raw_ocr,high,4,978,,dictionary/L/L-06.md,hz-021823-lucky-dip,sources/Hezareh_Dictionary_Index/source/Hezareh_Part_04_PDF_0751-1000.md#L26103-L26104,True
lucrative,lucrative,lucrative,[],hz-021824,entry_candidate,raw_ocr,high,4,978,,dictionary/L/L-06.md,hz-021824-lucrative,sources/Hezareh_Dictionary_Index/source/Hezareh_Part_04_PDF_0751-1000.md#L26105-L26106,True
lucre,lucre,lucre,[],hz-021825,entry_candidate,raw_ocr,high,4,978,,dictionary/L/L-06.md,hz-021825-lucre,sources/Hezareh_Dictionary_Index/source/Hezareh_Part_04_PDF_0751-1000.md#L26107-L26110,True
Luddite,luddite,luddite,[],hz-021826,entry_candidate,raw_ocr,high,4,978,,dictionary/L/L-06.md,hz-021826-luddite,sources/Hezareh_Dictionary_Index/source/Hezareh_Part_04_PDF_0751-1000.md#L26111-L26113,True
ludicrous,ludicrous,ludicrous,[],hz-021829,entry_candidate,raw_ocr,high,4,978,,dictionary/L/L-06.md,hz-021829-ludicrous,sources/Hezareh_Dictionary_Index/source/Hezareh_Part_04_PDF_0751-1000.md#L26114-L26118,True
ludicrously,ludicrously,ludicrously,[],hz-021830,entry_candidate,raw_ocr,hint_only,4,978,,dictionary/L/L-06.md,hz-021830-ludicrously,sources/Hezareh_Dictionary_Index/source/Hezareh_Part_04_PDF_0751-1000.md#L26041-L26041,False
ludicrousness,ludicrousness,ludicrousness,[],hz-021831,entry_candidate,raw_ocr,hint_only,4,978,,dictionary/L/L-06.md,hz-021831-ludicrousness,sources/Hezareh_Dictionary_Index/source/Hezareh_Part_04_PDF_0751-1000.md#L26041-L26041,False
ludo,ludo,ludo,[],hz-021827,entry_candidate,raw_ocr,high,4,978,,dictionary/L/L-06.md,hz-021827-ludo,sources/Hezareh_Dictionary_Index/source/Hezareh_Part_04_PDF_0751-1000.md#L26119-L26119,True
luff,luff,luff,[],hz-021828,entry_candidate,raw_ocr,high,4,978,,dictionary/L/L-06.md,hz-021828-luff,sources/Hezareh_Dictionary_Index/source/Hezareh_Part_04_PDF_0751-1000.md#L26120-L26123,True
luffa,luffa,luffa,[],hz-021833,entry_candidate,raw_ocr,high,4,978,,dictionary/L/L-06.md,hz-021833-luffa,sources/Hezareh_Dictionary_Index/source/Hezareh_Part_04_PDF_0751-1000.md#L26124-L26130,True
lug hole,lug hole,lug hole,[],hz-021837,entry_candidate,raw_ocr,hint_only,4,978,,dictionary/L/L-06.md,hz-021837-lug-hole,sources/Hezareh_Dictionary_Index/source/Hezareh_Part_04_PDF_0751-1000.md#L26041-L26041,False
luge,luge,luge,[],hz-021832,entry_candidate,raw_ocr,high,4,978,,dictionary/L/L-06.md,hz-021832-luge,sources/Hezareh_Dictionary_Index/source/Hezareh_Part_04_PDF_0751-1000.md#L26131-L26131,True
luggage,luggage,luggage,[],hz-021834,entry_candidate,raw_ocr,high,4,978,,dictionary/L/L-06.md,hz-021834-luggage,sources/Hezareh_Dictionary_Index/source/Hezareh_Part_04_PDF_0751-1000.md#L26132-L26133,True
luggage-rack,luggage-rack,luggage-rack,[],hz-021835,entry_candidate,raw_ocr,high,4,978,,dictionary/L/L-06.md,hz-021835-luggage-rack,sources/Hezareh_Dictionary_Index/source/Hezareh_Part_04_PDF_0751-1000.md#L26134-L26135,True
luggage-van,luggage-van,luggage-van,[],hz-021836,entry_candidate,raw_ocr,high,4,978,,dictionary/L/L-06.md,hz-021836-luggage-van,sources/Hezareh_Dictionary_Index/source/Hezareh_Part_04_PDF_0751-1000.md#L26136-L26140,True
lugger,lugger,lugger,[],hz-021841,entry_candidate,raw_ocr,hint_only,4,978,,dictionary/L/L-06.md,hz-021841-lugger,sources/Hezareh_Dictionary_Index/source/Hezareh_Part_04_PDF_0751-1000.md#L26041-L26041,False
lugsail,lugsail,lugsail,[],hz-021838,entry_candidate,raw_ocr,high,4,978,,dictionary/L/L-06.md,hz-021838-lugsail,sources/Hezareh_Dictionary_Index/source/Hezareh_Part_04_PDF_0751-1000.md#L26141-L26141,True
lugubriOUS,lugubrious,lugubrious,[],hz-021839,entry_candidate,raw_ocr,high,4,978,,dictionary/L/L-06.md,hz-021839-lugubrious,sources/Hezareh_Dictionary_Index/source/Hezareh_Part_04_PDF_0751-1000.md#L26142-L26143,True
lugubriously,lugubriously,lugubriously,[],hz-021840,entry_candidate,raw_ocr,high,4,978,,dictionary/L/L-06.md,hz-021840-lugubriously,sources/Hezareh_Dictionary_Index/source/Hezareh_Part_04_PDF_0751-1000.md#L26144-L26145,True
lugubriousness,lugubriousness,lugubriousness,[],hz-021842,entry_candidate,raw_ocr,high,4,978,,dictionary/L/L-06.md,hz-021842-lugubriousness,sources/Hezareh_Dictionary_Index/source/Hezareh_Part_04_PDF_0751-1000.md#L26146-L26151,True
lugworm,lugworm,lugworm,[],hz-021843,entry_candidate,raw_ocr,high,4,979,,dictionary/L/L-06.md,hz-021843-lugworm,sources/Hezareh_Dictionary_Index/source/Hezareh_Part_04_PDF_0751-1000.md#L26164-L26165,True
Luke,luke,luke,[],hz-021844,entry_candidate,raw_ocr,medium,4,979,,dictionary/L/L-06.md,hz-021844-luke,sources/Hezareh_Dictionary_Index/source/Hezareh_Part_04_PDF_0751-1000.md#L26166-L26170,True
lukewarmly,lukewarmly,lukewarmly,[],hz-021845,entry_candidate,raw_ocr,medium,4,979,,dictionary/L/L-06.md,hz-021845-lukewarmly,sources/Hezareh_Dictionary_Index/source/Hezareh_Part_04_PDF_0751-1000.md#L26171-L26184,True
lulcewarmneSS,lulcewarmness,lulcewarmness,[],hz-021846,entry_candidate,raw_ocr,hint_only,4,979,,dictionary/L/L-06.md,hz-021846-lulcewarmness,sources/Hezareh_Dictionary_Index/source/Hezareh_Part_04_PDF_0751-1000.md#L26155-L26155,False
lullaby,lullaby,lullaby,[],hz-021847,entry_candidate,raw_ocr,medium,4,979,,dictionary/L/L-06.md,hz-021847-lullaby,sources/Hezareh_Dictionary_Index/source/Hezareh_Part_04_PDF_0751-1000.md#L26185-L26188,True
lumbar,lumbar,lumbar,[],hz-021848,entry_candidate,raw_ocr,high,4,979,,dictionary/L/L-06.md,hz-021848-lumbar,sources/Hezareh_Dictionary_Index/source/Hezareh_Part_04_PDF_0751-1000.md#L26189-L26207,True
lumbar puncture,lumbar puncture,lumbar puncture,[],hz-021849,entry_candidate,raw_ocr,high,4,979,,dictionary/L/L-06.md,hz-021849-lumbar-puncture,sources/Hezareh_Dictionary_Index/source/Hezareh_Part_04_PDF_0751-1000.md#L26189-L26207,True
lumber-mill,lumber-mill,lumber-mill,[],hz-021853,entry_candidate,raw_ocr,medium,4,979,,dictionary/L/L-06.md,hz-021853-lumber-mill,sources/Hezareh_Dictionary_Index/source/Hezareh_Part_04_PDF_0751-1000.md#L26210-L26210,True
lumber-room,lumber-room,lumber-room,[],hz-021854,entry_candidate,raw_ocr,medium,4,979,,dictionary/L/L-06.md,hz-021854-lumber-room,sources/Hezareh_Dictionary_Index/source/Hezareh_Part_04_PDF_0751-1000.md#L26211-L26215,True
lumbering,lumbering,lumbering,[],hz-021850,entry_candidate,raw_ocr,hint_only,4,979,,dictionary/L/L-06.md,hz-021850-lumbering,sources/Hezareh_Dictionary_Index/source/Hezareh_Part_04_PDF_0751-1000.md#L26155-L26155,False
lumberjack l'IAmbadJrek,lumberjack l'iambadjrek,lumberjack l'iambadjrek,[],hz-021851,entry_candidate,raw_ocr,hint_only,4,979,,dictionary/L/L-06.md,hz-021851-lumberjack-l-iambadjrek,sources/Hezareh_Dictionary_Index/source/Hezareh_Part_04_PDF_0751-1000.md#L26155-L26155,False
lumberman,lumberman,lumberman,[],hz-021852,entry_candidate,raw_ocr,high,4,979,,dictionary/L/L-06.md,hz-021852-lumberman,sources/Hezareh_Dictionary_Index/source/Hezareh_Part_04_PDF_0751-1000.md#L26208-L26209,True
lumberyard,lumberyard,lumberyard,[],hz-021855,entry_candidate,raw_ocr,medium,4,979,,dictionary/L/L-06.md,hz-021855-lumberyard,sources/Hezareh_Dictionary_Index/source/Hezareh_Part_04_PDF_0751-1000.md#L26216-L26222,True
luminary,luminary,luminary,[],hz-021856,entry_candidate,raw_ocr,hint_only,4,979,,dictionary/L/L-06.md,hz-021856-luminary,sources/Hezareh_Dictionary_Index/source/Hezareh_Part_04_PDF_0751-1000.md#L26155-L26155,False
luminescence,luminescence,luminescence,[],hz-021857,entry_candidate,raw_ocr,high,4,979,,dictionary/L/L-06.md,hz-021857-luminescence,sources/Hezareh_Dictionary_Index/source/Hezareh_Part_04_PDF_0751-1000.md#L26223-L26225,True
luminosity,luminosity,luminosity,[],hz-021858,entry_candidate,raw_ocr,medium,4,979,,dictionary/L/L-06.md,hz-021858-luminosity,sources/Hezareh_Dictionary_Index/source/Hezareh_Part_04_PDF_0751-1000.md#L26226-L26227,True
luminous,luminous,luminous,[],hz-021859,entry_candidate,raw_ocr,medium,4,979,,dictionary/L/L-06.md,hz-021859-luminous,sources/Hezareh_Dictionary_Index/source/Hezareh_Part_04_PDF_0751-1000.md#L26228-L26232,True
luminously,luminously,luminously,[],hz-021860,entry_candidate,raw_ocr,low,4,979,,dictionary/L/L-06.md,hz-021860-luminously,sources/Hezareh_Dictionary_Index/source/Hezareh_Part_04_PDF_0751-1000.md#L26233-L26234,True
lumme,lumme,lumme,[],hz-021861,entry_candidate,raw_ocr,high,4,979,,dictionary/L/L-06.md,hz-021861-lumme,sources/Hezareh_Dictionary_Index/source/Hezareh_Part_04_PDF_0751-1000.md#L26235-L26235,True
lummy,lummy,lummy,[],hz-021862,entry_candidate,raw_ocr,medium,4,979,,dictionary/L/L-06.md,hz-021862-lummy,sources/Hezareh_Dictionary_Index/source/Hezareh_Part_04_PDF_0751-1000.md#L26236-L26246,True
lump sugar,lump sugar,lump sugar,[],hz-021865,entry_candidate,raw_ocr,medium,4,979,,dictionary/L/L-06.md,hz-021865-lump-sugar,sources/Hezareh_Dictionary_Index/source/Hezareh_Part_04_PDF_0751-1000.md#L26255-L26256,True
lump sum,lump sum,lump sum,[],hz-021866,entry_candidate,raw_ocr,hint_only,4,979,,dictionary/L/L-06.md,hz-021866-lump-sum,sources/Hezareh_Dictionary_Index/source/Hezareh_Part_04_PDF_0751-1000.md#L26155-L26155,False
lumpish,lumpish,lumpish,[],hz-021864,entry_candidate,raw_ocr,low,4,979,,dictionary/L/L-06.md,hz-021864-lumpish,sources/Hezareh_Dictionary_Index/source/Hezareh_Part_04_PDF_0751-1000.md#L26253-L26254,True
lumpy,lumpy,lumpy,[],hz-021867,entry_candidate,raw_ocr,low,4,979,,dictionary/L/L-06.md,hz-021867-lumpy,sources/Hezareh_Dictionary_Index/source/Hezareh_Part_04_PDF_0751-1000.md#L26257-L26259,True
lunacy,lunacy,lunacy,[],hz-021868,entry_candidate,raw_ocr,medium,4,979,,dictionary/L/L-06.md,hz-021868-lunacy,sources/Hezareh_Dictionary_Index/source/Hezareh_Part_04_PDF_0751-1000.md#L26260-L26263,True
lunar,lunar,lunar,[],hz-021871,entry_candidate,raw_ocr,high,4,980,,dictionary/L/L-06.md,hz-021871-lunar,sources/Hezareh_Dictionary_Index/source/Hezareh_Part_04_PDF_0751-1000.md#L26277-L26290,True
lunatic,lunatic,lunatic,[],hz-021869,entry_candidate,raw_ocr,high,4,980,,dictionary/L/L-06.md,hz-021869-lunatic,sources/Hezareh_Dictionary_Index/source/Hezareh_Part_04_PDF_0751-1000.md#L26291-L26301,True
lunch,lunch,lunch,[],hz-021870,entry_candidate,raw_ocr,high,4,980,,dictionary/L/L-06.md,hz-021870-lunch,sources/Hezareh_Dictionary_Index/source/Hezareh_Part_04_PDF_0751-1000.md#L26302-L26304,True
lunch breakl'IAntJ bretk,lunch breakl'iantj bretk,lunch breakl'iantj bretk,[],hz-021872,entry_candidate,raw_ocr,hint_only,4,980,,dictionary/L/L-06.md,hz-021872-lunch-breakl-iantj-bretk,sources/Hezareh_Dictionary_Index/source/Hezareh_Part_04_PDF_0751-1000.md#L26267-L26267,False
luncheon,luncheon,luncheon,[],hz-021873,entry_candidate,raw_ocr,medium,4,980,,dictionary/L/L-06.md,hz-021873-luncheon,sources/Hezareh_Dictionary_Index/source/Hezareh_Part_04_PDF_0751-1000.md#L26305-L26309,True
luncheon meat,luncheon meat,luncheon meat,[],hz-021874,entry_candidate,raw_ocr,hint_only,4,980,,dictionary/L/L-06.md,hz-021874-luncheon-meat,sources/Hezareh_Dictionary_Index/source/Hezareh_Part_04_PDF_0751-1000.md#L26267-L26267,False
lunchtime,lunchtime,lunchtime,[],hz-021876,entry_candidate,raw_ocr,high,4,980,,dictionary/L/L-06.md,hz-021876-lunchtime,sources/Hezareh_Dictionary_Index/source/Hezareh_Part_04_PDF_0751-1000.md#L26310-L26310,True
lung,lung,lung,[],hz-021877,entry_candidate,raw_ocr,medium,4,980,,dictionary/L/L-06.md,hz-021877-lung,sources/Hezareh_Dictionary_Index/source/Hezareh_Part_04_PDF_0751-1000.md#L26311-L26319,True
lung-power,lung-power,lung-power,[],hz-021879,entry_candidate,raw_ocr,high,4,980,,dictionary/L/L-06.md,hz-021879-lung-power,sources/Hezareh_Dictionary_Index/source/Hezareh_Part_04_PDF_0751-1000.md#L26321-L26344,True
lunge,lunge,lunge,[],hz-021878,entry_candidate,raw_ocr,high,4,980,,dictionary/L/L-06.md,hz-021878-lunge,sources/Hezareh_Dictionary_Index/source/Hezareh_Part_04_PDF_0751-1000.md#L26320-L26320,True
lurcher,lurcher,lurcher,[],hz-021880,entry_candidate,raw_ocr,hint_only,4,980,,dictionary/L/L-06.md,hz-021880-lurcher,sources/Hezareh_Dictionary_Index/source/Hezareh_Part_04_PDF_0751-1000.md#L26267-L26267,False
lure,lure,lure,[],hz-021881,entry_candidate,raw_ocr,high,4,980,,dictionary/L/L-06.md,hz-021881-lure,sources/Hezareh_Dictionary_Index/source/Hezareh_Part_04_PDF_0751-1000.md#L26345-L26349,True
lure sb into,lure sb into,lure sb into,[],hz-021882,entry_candidate,raw_ocr,high,4,980,,dictionary/L/L-06.md,hz-021882-lure-sb-into,sources/Hezareh_Dictionary_Index/source/Hezareh_Part_04_PDF_0751-1000.md#L26350-L26358,True
Lurex,lurex,lurex,[],hz-021883,entry_candidate,raw_ocr,high,4,980,,dictionary/L/L-06.md,hz-021883-lurex,sources/Hezareh_Dictionary_Index/source/Hezareh_Part_04_PDF_0751-1000.md#L26359-L26359,True
lurid,lurid,lurid,[],hz-021884,entry_candidate,raw_ocr,high,4,980,,dictionary/L/L-06.md,hz-021884-lurid,sources/Hezareh_Dictionary_Index/source/Hezareh_Part_04_PDF_0751-1000.md#L26360-L26365,True
luridly,luridly,luridly,[],hz-021885,entry_candidate,raw_ocr,high,4,980,,dictionary/L/L-06.md,hz-021885-luridly,sources/Hezareh_Dictionary_Index/source/Hezareh_Part_04_PDF_0751-1000.md#L26366-L26366,True
luridneSS,luridness,luridness,[],hz-021886,entry_candidate,raw_ocr,high,4,980,,dictionary/L/L-06.md,hz-021886-luridness,sources/Hezareh_Dictionary_Index/source/Hezareh_Part_04_PDF_0751-1000.md#L26367-L26372,True
lurking,lurking,lurking,[],hz-021887,entry_candidate,raw_ocr,high,4,980,,dictionary/L/L-06.md,hz-021887-lurking,sources/Hezareh_Dictionary_Index/source/Hezareh_Part_04_PDF_0751-1000.md#L26373-L26374,True
lurking-place,lurking-place,lurking-place,[],hz-021888,entry_candidate,raw_ocr,high,4,980,,dictionary/L/L-06.md,hz-021888-lurking-place,sources/Hezareh_Dictionary_Index/source/Hezareh_Part_04_PDF_0751-1000.md#L26375-L26386,True
lusciously l'lAfasl,lusciously l'lafasl,lusciously l'lafasl,[],hz-021889,entry_candidate,raw_ocr,hint_only,4,981,,dictionary/L/L-06.md,hz-021889-lusciously-l-lafasl,sources/Hezareh_Dictionary_Index/source/Hezareh_Part_04_PDF_0751-1000.md#L26390-L26390,False
lusciousness,lusciousness,lusciousness,[],hz-021890,entry_candidate,raw_ocr,hint_only,4,981,,dictionary/L/L-06.md,hz-021890-lusciousness,sources/Hezareh_Dictionary_Index/source/Hezareh_Part_04_PDF_0751-1000.md#L26390-L26390,False
lust for,lust for,lust for,[],hz-021892,entry_candidate,raw_ocr,medium,4,981,,dictionary/L/L-06.md,hz-021892-lust-for,sources/Hezareh_Dictionary_Index/source/Hezareh_Part_04_PDF_0751-1000.md#L26414-L26416,True
lust IIAst,lust iiast,lust iiast,[],hz-021891,entry_candidate,raw_ocr,hint_only,4,981,,dictionary/L/L-06.md,hz-021891-lust-iiast,sources/Hezareh_Dictionary_Index/source/Hezareh_Part_04_PDF_0751-1000.md#L26390-L26390,False
luster,luster,luster,[],hz-021893,entry_candidate,raw_ocr,low,4,981,,dictionary/L/L-06.md,hz-021893-luster,sources/Hezareh_Dictionary_Index/source/Hezareh_Part_04_PDF_0751-1000.md#L26417-L26419,True
lustful,lustful,lustful,[],hz-021894,entry_candidate,raw_ocr,hint_only,4,981,,dictionary/L/L-06.md,hz-021894-lustful,sources/Hezareh_Dictionary_Index/source/Hezareh_Part_04_PDF_0751-1000.md#L26390-L26390,False
lustfully,lustfully,lustfully,[],hz-021895,entry_candidate,raw_ocr,low,4,981,,dictionary/L/L-06.md,hz-021895-lustfully,sources/Hezareh_Dictionary_Index/source/Hezareh_Part_04_PDF_0751-1000.md#L26420-L26421,True
lustily,lustily,lustily,[],hz-021896,entry_candidate,raw_ocr,low,4,981,,dictionary/L/L-06.md,hz-021896-lustily,sources/Hezareh_Dictionary_Index/source/Hezareh_Part_04_PDF_0751-1000.md#L26422-L26427,True
lustre,lustre,lustre,[],hz-021897,entry_candidate,raw_ocr,high,4,981,,dictionary/L/L-06.md,hz-021897-lustre,sources/Hezareh_Dictionary_Index/source/Hezareh_Part_04_PDF_0751-1000.md#L26417-L26419,True
lustreless,lustreless,lustreless,[],hz-021898,entry_candidate,raw_ocr,medium,4,981,,dictionary/L/L-06.md,hz-021898-lustreless,sources/Hezareh_Dictionary_Index/source/Hezareh_Part_04_PDF_0751-1000.md#L26428-L26429,True
lustrous,lustrous,lustrous,[],hz-021899,entry_candidate,raw_ocr,medium,4,981,,dictionary/L/L-06.md,hz-021899-lustrous,sources/Hezareh_Dictionary_Index/source/Hezareh_Part_04_PDF_0751-1000.md#L26430-L26431,True
lusty,lusty,lusty,[],hz-021900,entry_candidate,raw_ocr,low,4,981,,dictionary/L/L-06.md,hz-021900-lusty,sources/Hezareh_Dictionary_Index/source/Hezareh_Part_04_PDF_0751-1000.md#L26432-L26439,True
lusurper,lusurper,lusurper,[],hz-036780,entry_candidate,raw_ocr,hint_only,8,1857,,dictionary/L/L-06.md,hz-036780-lusurper,sources/Hezareh_Dictionary_Index/source/Hezareh_Part_08_PDF_1751-1976.md#L12730-L12730,False
lutanist,lutanist,lutanist,[],hz-021901,entry_candidate,raw_ocr,high,4,981,,dictionary/L/L-06.md,hz-021901-lutanist,sources/Hezareh_Dictionary_Index/source/Hezareh_Part_04_PDF_0751-1000.md#L26440-L26440,True
lutenist,lutenist,lutenist,[],hz-021902,entry_candidate,raw_ocr,low,4,981,,dictionary/L/L-06.md,hz-021902-lutenist,sources/Hezareh_Dictionary_Index/source/Hezareh_Part_04_PDF_0751-1000.md#L26440-L26440,True
lutensil,lutensil,lutensil,[],hz-036782,entry_candidate,raw_ocr,hint_only,8,1857,,dictionary/L/L-06.md,hz-036782-lutensil,sources/Hezareh_Dictionary_Index/source/Hezareh_Part_08_PDF_1751-1976.md#L12730-L12730,False
Lutheran,lutheran,lutheran,[],hz-021903,entry_candidate,raw_ocr,medium,4,981,,dictionary/L/L-06.md,hz-021903-lutheran,sources/Hezareh_Dictionary_Index/source/Hezareh_Part_04_PDF_0751-1000.md#L26441-L26444,True
luv IIAv,luv iiav,luv iiav,[],hz-021904,entry_candidate,raw_ocr,hint_only,4,981,,dictionary/L/L-06.md,hz-021904-luv-iiav,sources/Hezareh_Dictionary_Index/source/Hezareh_Part_04_PDF_0751-1000.md#L26390-L26390,False
luxe,luxe,luxe,[],hz-021905,entry_candidate,raw_ocr,high,4,981,,dictionary/L/L-06.md,hz-021905-luxe,sources/Hezareh_Dictionary_Index/source/Hezareh_Part_04_PDF_0751-1000.md#L26445-L26445,True
Luxembourg,luxembourg,luxembourg,[],hz-021906,entry_candidate,raw_ocr,medium,4,981,,dictionary/L/L-06.md,hz-021906-luxembourg,sources/Hezareh_Dictionary_Index/source/Hezareh_Part_04_PDF_0751-1000.md#L26446-L26450,True
luxuriance,luxuriance,luxuriance,[],hz-021907,entry_candidate,raw_ocr,medium,4,981,,dictionary/L/L-06.md,hz-021907-luxuriance,sources/Hezareh_Dictionary_Index/source/Hezareh_Part_04_PDF_0751-1000.md#L26451-L26453,True
luxuriant,luxuriant,luxuriant,[],hz-021908,entry_candidate,raw_ocr,medium,4,981,,dictionary/L/L-06.md,hz-021908-luxuriant,sources/Hezareh_Dictionary_Index/source/Hezareh_Part_04_PDF_0751-1000.md#L26454-L26457,True
luxuriantly,luxuriantly,luxuriantly,[],hz-021909,entry_candidate,raw_ocr,low,4,981,,dictionary/L/L-06.md,hz-021909-luxuriantly,sources/Hezareh_Dictionary_Index/source/Hezareh_Part_04_PDF_0751-1000.md#L26458-L26459,True
luxuriate,luxuriate,luxuriate,[],hz-021910,entry_candidate,raw_ocr,high,4,981,,dictionary/L/L-06.md,hz-021910-luxuriate,sources/Hezareh_Dictionary_Index/source/Hezareh_Part_04_PDF_0751-1000.md#L26460-L26462,True
luxurious,luxurious,luxurious,[],hz-021911,entry_candidate,raw_ocr,medium,4,981,,dictionary/L/L-06.md,hz-021911-luxurious,sources/Hezareh_Dictionary_Index/source/Hezareh_Part_04_PDF_0751-1000.md#L26463-L26467,True
luxuriously,luxuriously,luxuriously,[],hz-021912,entry_candidate,raw_ocr,medium,4,981,,dictionary/L/L-06.md,hz-021912-luxuriously,sources/Hezareh_Dictionary_Index/source/Hezareh_Part_04_PDF_0751-1000.md#L26468-L26474,True
luxury,luxury,luxury,[],hz-021913,entry_candidate,raw_ocr,low,4,981,,dictionary/L/L-06.md,hz-021913-luxury,sources/Hezareh_Dictionary_Index/source/Hezareh_Part_04_PDF_0751-1000.md#L26475-L26481,True
LW,lw,lw,[],hz-021915,entry_candidate,raw_ocr,medium,4,981,,dictionary/L/L-06.md,hz-021915-lw,sources/Hezareh_Dictionary_Index/source/Hezareh_Part_04_PDF_0751-1000.md#L26482-L26484,True
lycee,lycee,lycee,[],hz-021916,entry_candidate,raw_ocr,hint_only,4,981,,dictionary/L/L-06.md,hz-021916-lycee,sources/Hezareh_Dictionary_Index/source/Hezareh_Part_04_PDF_0751-1000.md#L26390-L26390,False
lyceum,lyceum,lyceum,[],hz-021917,entry_candidate,raw_ocr,medium,4,981,,dictionary/L/L-06.md,hz-021917-lyceum,sources/Hezareh_Dictionary_Index/source/Hezareh_Part_04_PDF_0751-1000.md#L26485-L26489,True
lychee,lychee,lychee,[],hz-021918,entry_candidate,raw_ocr,hint_only,4,981,,dictionary/L/L-06.md,hz-021918-lychee,sources/Hezareh_Dictionary_Index/source/Hezareh_Part_04_PDF_0751-1000.md#L26390-L26390,False
lychgate,lychgate,lychgate,[],hz-021919,entry_candidate,raw_ocr,high,4,981,,dictionary/L/L-06.md,hz-021919-lychgate,sources/Hezareh_Dictionary_Index/source/Hezareh_Part_04_PDF_0751-1000.md#L26490-L26490,True
lye,lye,lye,[],hz-021920,entry_candidate,raw_ocr,medium,4,981,,dictionary/L/L-06.md,hz-021920-lye,sources/Hezareh_Dictionary_Index/source/Hezareh_Part_04_PDF_0751-1000.md#L26491-L26494,True
lying-in hospital,lying-in hospital,lying-in hospital,[],hz-021921,entry_candidate,raw_ocr,medium,4,981,,dictionary/L/L-06.md,hz-021921-lying-in-hospital,sources/Hezareh_Dictionary_Index/source/Hezareh_Part_04_PDF_0751-1000.md#L26495-L26495,True
lymph,lymph,lymph,[],hz-021922,entry_candidate,raw_ocr,medium,4,981,,dictionary/L/L-06.md,hz-021922-lymph,sources/Hezareh_Dictionary_Index/source/Hezareh_Part_04_PDF_0751-1000.md#L26496-L26498,True
lymphatic,lymphatic,lymphatic,[],hz-021923,entry_candidate,raw_ocr,medium,4,982,,dictionary/L/L-06.md,hz-021923-lymphatic,sources/Hezareh_Dictionary_Index/source/Hezareh_Part_04_PDF_0751-1000.md#L26512-L26518,True
lynch,lynch,lynch,[],hz-021924,entry_candidate,raw_ocr,medium,4,982,,dictionary/L/L-06.md,hz-021924-lynch,sources/Hezareh_Dictionary_Index/source/Hezareh_Part_04_PDF_0751-1000.md#L26519-L26520,True
lynch mob,lynch mob,lynch mob,[],hz-021925,entry_candidate,raw_ocr,medium,4,982,,dictionary/L/L-06.md,hz-021925-lynch-mob,sources/Hezareh_Dictionary_Index/source/Hezareh_Part_04_PDF_0751-1000.md#L26519-L26520,True
lynchpin,lynchpin,lynchpin,[],hz-021926,entry_candidate,raw_ocr,high,4,982,,dictionary/L/L-06.md,hz-021926-lynchpin,sources/Hezareh_Dictionary_Index/source/Hezareh_Part_04_PDF_0751-1000.md#L26521-L26522,True
lynx-eyed,lynx-eyed,lynx-eyed,[],hz-021928,entry_candidate,raw_ocr,medium,4,982,,dictionary/L/L-06.md,hz-021928-lynx-eyed,sources/Hezareh_Dictionary_Index/source/Hezareh_Part_04_PDF_0751-1000.md#L26523-L26523,True
lynXilrQks,lynxilrqks,lynxilrqks,[],hz-021927,entry_candidate,raw_ocr,hint_only,4,982,,dictionary/L/L-06.md,hz-021927-lynxilrqks,sources/Hezareh_Dictionary_Index/source/Hezareh_Part_04_PDF_0751-1000.md#L26502-L26502,False
lyre,lyre,lyre,[],hz-021929,entry_candidate,raw_ocr,medium,4,982,,dictionary/L/L-06.md,hz-021929-lyre,sources/Hezareh_Dictionary_Index/source/Hezareh_Part_04_PDF_0751-1000.md#L26524-L26524,True
lyre-bird,lyre-bird,lyre-bird,[],hz-021930,entry_candidate,raw_ocr,medium,4,982,,dictionary/L/L-06.md,hz-021930-lyre-bird,sources/Hezareh_Dictionary_Index/source/Hezareh_Part_04_PDF_0751-1000.md#L26525-L26526,True
lyric,lyric,lyric,[],hz-021931,entry_candidate,raw_ocr,medium,4,982,,dictionary/L/L-06.md,hz-021931-lyric,sources/Hezareh_Dictionary_Index/source/Hezareh_Part_04_PDF_0751-1000.md#L26527-L26536,True
lyrical,lyrical,lyrical,[],hz-021932,entry_candidate,raw_ocr,high,4,982,,dictionary/L/L-06.md,hz-021932-lyrical,sources/Hezareh_Dictionary_Index/source/Hezareh_Part_04_PDF_0751-1000.md#L26537-L26538,True
lyrically,lyrically,lyrically,[],hz-021934,entry_candidate,raw_ocr,high,4,982,,dictionary/L/L-06.md,hz-021934-lyrically,sources/Hezareh_Dictionary_Index/source/Hezareh_Part_04_PDF_0751-1000.md#L26542-L26543,True
lyricism,lyricism,lyricism,[],hz-021935,entry_candidate,raw_ocr,high,4,982,,dictionary/L/L-06.md,hz-021935-lyricism,sources/Hezareh_Dictionary_Index/source/Hezareh_Part_04_PDF_0751-1000.md#L26544-L26547,True
lysol,lysol,lysol,[],hz-021936,entry_candidate,raw_ocr,high,4,982,,dictionary/L/L-06.md,hz-021936-lysol,sources/Hezareh_Dictionary_Index/source/Hezareh_Part_04_PDF_0751-1000.md#L26548-L26553,True
