term,normalized_term,entry_id,entry_heading,pos_context,docx_paragraph,file,anchor
حائل,حائل,46,عدم اتحاد . گسیختگی,اسم,462,entries/0001-0090.md,entry-0046
حائل,حائل,153,پایداری (تغییرناپذیری),اسم,1414,entries/0091-0193.md,entry-0153
حائل,حائل,218,پایه . تکیه‌گاه,اسم,2088,entries/0194-0301.md,entry-0218
حائل,حائل,231,میان,اسم,2240,entries/0194-0301.md,entry-0231
حائل,حائل,235,دیوار,اسم,2274,entries/0194-0301.md,entry-0235
حائل,حائل,421,حفاظ . پرده,اسم,3920,entries/0302-0437.md,entry-0421
حائل شدن,حائل شدن,702,منع . ممانعت,فعل,6644,entries/0651-0741.md,entry-0702
حائل کردن,حائل کردن,153,پایداری (تغییرناپذیری),فعل,1419,entries/0091-0193.md,entry-0153
حاتم طائی,حاتم طائی,903,نیکوکار,اسم,8588,entries/0851-0969.md,entry-0903
حاتم طایی,حاتم طایی,813,سخاوت,اسم,7679,entries/0742-0850.md,entry-0813
حاجب,حاجب,226,پوشش,صفت,2178,entries/0194-0301.md,entry-0226
حاجب,حاجب,423,کدر,صفت,3935,entries/0302-0437.md,entry-0423
حاجت,حاجت,627,نیاز,اسم,5899,entries/0544-0650.md,entry-0627
حاجت,حاجت,642,مصلحت,اسم,6038,entries/0544-0650.md,entry-0642
حاجت,حاجت,671,مبادرت . اقدام,اسم,6360,entries/0651-0741.md,entry-0671
حاجت,حاجت,672,مأموریت,اسم,6372,entries/0651-0741.md,entry-0672
حاجت,حاجت,676,عمل,اسم,6407,entries/0651-0741.md,entry-0676
حاجت,حاجت,761,خواهش,اسم,7216,entries/0742-0850.md,entry-0761
حاجت برآوردن,حاجت برآوردن,962,پاداش,فعل,9102,entries/0851-0969.md,entry-0962
حاجت و توقع را برنیاوردن,حاجت و توقع را برنیاوردن,509,نامرادی: برآورده نشدن انتظارات,فعل,4764,entries/0438-0543.md,entry-0509
حاجتش روا شدن,حاجتش روا شدن,852,امید . آرزو,فعل,8092,entries/0851-0969.md,entry-0852
حاجی,حاجی,268,جهانگرد,اسم,2586,entries/0194-0301.md,entry-0268
حاجی,حاجی,981,پرستش,اسم,9279,entries/0970-0991.md,entry-0981
حاجی ارزانی,حاجی ارزانی,796,بازار,اسم,7535,entries/0742-0850.md,entry-0796
حاجی بازاری,حاجی بازاری,800,ثروت 800#,اسم,7564,entries/0742-0850.md,entry-0800
حاجی شدن,حاجی شدن,988,مراسم مذهبی,فعل,9344,entries/0970-0991.md,entry-0988
حاجی فیروز,حاجی فیروز,428,سیاه,اسم,3972,entries/0302-0437.md,entry-0428
حاجیت,حاجیت,887,عشق,اسم,8434,entries/0851-0969.md,entry-0887
حاج‌آقا,حاج‌آقا,800,ثروت 800#,اسم,7564,entries/0742-0850.md,entry-0800
حاج‌خانم,حاج‌خانم,373,مؤنث,اسم,3542,entries/0302-0437.md,entry-0373
حاخام,حاخام,973,دین . دینداری,اسم,9195,entries/0970-0991.md,entry-0973
حاخام (خاخام),حاخام (خاخام),986,روحانیت,اسم,9326,entries/0970-0991.md,entry-0986
حاد,حاد,374,حواس . حساسیت,صفت,3553,entries/0302-0437.md,entry-0374
حاد,حاد,377,دَرد,صفت,3582,entries/0302-0437.md,entry-0377
حاد,حاد,661,خطر,صفت,6269,entries/0651-0741.md,entry-0661
حادث,حادث,8,شرایط: وضعیت نسبی,صفت,95,entries/0001-0090.md,entry-0008
حادثات,حادثات,445,پدیداری . ظاهر,اسم,4091,entries/0438-0543.md,entry-0445
حادثه,حادثه,154,رویداد 154#,اسم,1423,entries/0091-0193.md,entry-0154
حادثه,حادثه,157,معلول 157#,اسم,1464,entries/0091-0193.md,entry-0157
حادثه,حادثه,319,مادیت 319#,اسم,3068,entries/0302-0437.md,entry-0319
حادثه,حادثه,445,پدیداری . ظاهر,اسم,4091,entries/0438-0543.md,entry-0445
حادثه,حادثه,590,روایت . شرح . وصف 590#,اسم,5485,entries/0544-0650.md,entry-0590
حادثۀ ضمنی,حادثۀ ضمنی,72,عدم تداوم,اسم,726,entries/0001-0090.md,entry-0072
حاده,حاده,247,زاویه,صفت,2369,entries/0194-0301.md,entry-0247
حاذق,حاذق,694,مهارت,صفت,6562,entries/0651-0741.md,entry-0694
حارس,حارس,927,حمایت,اسم,8814,entries/0851-0969.md,entry-0927
حاره,حاره,230,محیط 230#,اسم,2232,entries/0194-0301.md,entry-0230
حاره,حاره,379,گرما,صفت,3603,entries/0302-0437.md,entry-0379
حارّه,حارّه,340,هوا 340#,صفت,3252,entries/0302-0437.md,entry-0340
حاشا,حاشا,533,انکار . سلب,اسم,5026,entries/0438-0543.md,entry-0533
حاشا کردن,حاشا کردن,533,انکار . سلب,فعل,5029,entries/0438-0543.md,entry-0533
حاشیه,حاشیه,199,دوری,اسم,1923,entries/0194-0301.md,entry-0199
حاشیه,حاشیه,230,محیط 230#,اسم,2232,entries/0194-0301.md,entry-0230
حاشیه,حاشیه,233,طرح کلی,اسم,2260,entries/0194-0301.md,entry-0233
حاشیه,حاشیه,234,کناره,اسم,2266,entries/0194-0301.md,entry-0234
حاشیه,حاشیه,589,کتاب,اسم,5472,entries/0544-0650.md,entry-0589
حاشیه رفتن,حاشیه رفتن,570,طول‌وتفصیل 570#,اسم,5334,entries/0544-0650.md,entry-0570
حاشیه‌ای,حاشیه‌ای,234,کناره,صفت,2269,entries/0194-0301.md,entry-0234
حاشیه‌ای,حاشیه‌ای,239,کنار,صفت,2308,entries/0194-0301.md,entry-0239
حاشیه‌رونده,حاشیه‌رونده,570,طول‌وتفصیل 570#,صفت,5336,entries/0544-0650.md,entry-0570
حاشیه‌نشینی,حاشیه‌نشینی,192,منزل: محل سکنا یا زندگی,اسم,1822,entries/0091-0193.md,entry-0192
حاصل,حاصل,41,باقیمانده,اسم,404,entries/0001-0090.md,entry-0041
حاصل,حاصل,157,معلول 157#,اسم,1464,entries/0091-0193.md,entry-0157
حاصل,حاصل,640,فایده 640#,اسم,6021,entries/0544-0650.md,entry-0640
حاصل شدن,حاصل شدن,157,معلول 157#,فعل,1468,entries/0091-0193.md,entry-0157
حاصل شدن,حاصل شدن,771,اکتساب,فعل,7315,entries/0742-0850.md,entry-0771
حاصلخیز,حاصلخیز,36,افزایش,صفت,368,entries/0001-0090.md,entry-0036
حاصلخیز,حاصلخیز,171,بارآوری,صفت,1618,entries/0091-0193.md,entry-0171
حاصلخیز,حاصلخیز,370,کشاورزی 370#,صفت,3519,entries/0302-0437.md,entry-0370
حاصلخیزی,حاصلخیزی,171,بارآوری,اسم,1615,entries/0091-0193.md,entry-0171
حاصل‌جمع,حاصل‌جمع,85,عدد 85#,اسم,863,entries/0001-0090.md,entry-0085
حاصل‌ضرب,حاصل‌ضرب,85,عدد 85#,اسم,863,entries/0001-0090.md,entry-0085
حاضر,حاضر,1,وجود (هستی),صفت,29,entries/0001-0090.md,entry-0001
حاضر,حاضر,32,بزرگی,صفت,324,entries/0001-0090.md,entry-0032
حاضر,حاضر,52,کل - بخش اصلی,صفت,531,entries/0001-0090.md,entry-0052
حاضر,حاضر,79,عمومیت,صفت,797,entries/0001-0090.md,entry-0079
حاضر,حاضر,121,زمان حال,صفت,1117,entries/0091-0193.md,entry-0121
حاضر,حاضر,189,حضور,اسم,1788,entries/0091-0193.md,entry-0189
حاضر,حاضر,669,آمادگی,صفت,6339,entries/0651-0741.md,entry-0669
حاضر به‌تحصیل,حاضر به‌تحصیل,536,یادگیری,صفت,5052,entries/0438-0543.md,entry-0536
حاضر به‌خدمت,حاضر به‌خدمت,672,مأموریت,صفت,6374,entries/0651-0741.md,entry-0672
حاضر به‌خدمت,حاضر به‌خدمت,701,آسانی,صفت,6628,entries/0651-0741.md,entry-0701
حاضر بودن,حاضر بودن,1,وجود (هستی),فعل,31,entries/0001-0090.md,entry-0001
حاضر بودن,حاضر بودن,189,حضور,فعل,1790,entries/0091-0193.md,entry-0189
حاضر جواب بودن,حاضر جواب بودن,839,ظرافت طبع,فعل,7968,entries/0742-0850.md,entry-0839
حاضر شدن,حاضر شدن,106,تکرار,فعل,997,entries/0091-0193.md,entry-0106
حاضر شدن,حاضر شدن,296,خروج,فعل,2818,entries/0194-0301.md,entry-0296
حاضر شدن,حاضر شدن,669,آمادگی,فعل,6343,entries/0651-0741.md,entry-0669
حاضر کردن,حاضر کردن,62,تنظیم,فعل,636,entries/0001-0090.md,entry-0062
حاضر کردن [درس],حاضر کردن [درس],669,آمادگی,فعل,6346,entries/0651-0741.md,entry-0669
حاضرجواب,حاضرجواب,839,ظرافت طبع,صفت,7966,entries/0742-0850.md,entry-0839
حاضرجواب بودن,حاضرجواب بودن,498,هوش . فراست,فعل,4658,entries/0438-0543.md,entry-0498
حاضرجوابی,حاضرجوابی,151,تغییر متقابل: تغییر باهم یا دوگانه,اسم,1393,entries/0091-0193.md,entry-0151
حاضرجوابی,حاضرجوابی,670,فقدان آمادگی 670#,اسم,6350,entries/0651-0741.md,entry-0670
حاضرجوابی,حاضرجوابی,839,ظرافت طبع,اسم,7964,entries/0742-0850.md,entry-0839
حاضروآماده,حاضروآماده,669,آمادگی,صفت,6341,entries/0651-0741.md,entry-0669
حاضرکردن,حاضرکردن,189,حضور,اسم,1787,entries/0091-0193.md,entry-0189
حاضرکردن,حاضرکردن,669,آمادگی,فعل,6344,entries/0651-0741.md,entry-0669
حاضری,حاضری,301,غذا: خوردن و نوشیدن,اسم,2882,entries/0194-0301.md,entry-0301
حاضری,حاضری,669,آمادگی,صفت,6341,entries/0651-0741.md,entry-0669
حاضریراق,حاضریراق,189,حضور,اسم,1788,entries/0091-0193.md,entry-0189
حافظ,حافظ,593,شعر و نثر,اسم,5517,entries/0544-0650.md,entry-0593
حافظ,حافظ,660,ایمنی 660#,اسم,6255,entries/0651-0741.md,entry-0660
حافظ,حافظ,927,حمایت,اسم,8814,entries/0851-0969.md,entry-0927
حافظه,حافظه,83,تطبیق,اسم,834,entries/0001-0090.md,entry-0083
حافظه,حافظه,86,شمارش,اسم,875,entries/0001-0090.md,entry-0086
حافظه,حافظه,449,اندیشه,اسم,4142,entries/0438-0543.md,entry-0449
حافظه,حافظه,505,حافظه,اسم,4716,entries/0438-0543.md,entry-0505
حافظۀ تصویری,حافظۀ تصویری,505,حافظه,اسم,4716,entries/0438-0543.md,entry-0505
حافظۀ قومی,حافظۀ قومی,505,حافظه,اسم,4716,entries/0438-0543.md,entry-0505
حال,حال,5,عرضیت,اسم,67,entries/0001-0090.md,entry-0005
حال,حال,7,حالت: وضعیت مطلق,اسم,84,entries/0001-0090.md,entry-0007
حال,حال,121,زمان حال,اسم,1116,entries/0091-0193.md,entry-0121
حال,حال,447,شعور 447#,اسم,4129,entries/0438-0543.md,entry-0447
حال,حال,564,دستور زبان,اسم,5297,entries/0544-0650.md,entry-0564
حال,حال,650,تندرستی . سلامت 650#,اسم,6118,entries/0544-0650.md,entry-0650
حال,حال,817,خوی 817#,اسم,7716,entries/0742-0850.md,entry-0817
حال,حال,818,احساس,اسم,7721,entries/0742-0850.md,entry-0818
حال,حال,823,تهییج ناپذیری,اسم,7771,entries/0742-0850.md,entry-0823
حال حرکت نداشتن,حال حرکت نداشتن,175,انفعال 175#,فعل,1658,entries/0091-0193.md,entry-0175
حال را به‌هم زدن,حال را به‌هم زدن,391,بدطعمی,فعل,3694,entries/0302-0437.md,entry-0391
حال کردن,حال کردن,949,مستی . اعتیاد,فعل,8993,entries/0851-0969.md,entry-0949
حالا,حالا,121,زمان حال,قید,1119,entries/0091-0193.md,entry-0121
حالا نه,حالا نه,122,زمان دیگر,قید,1126,entries/0091-0193.md,entry-0122
حالات,حالات,7,حالت: وضعیت مطلق,اسم,84,entries/0001-0090.md,entry-0007
حالات,حالات,817,خوی 817#,اسم,7716,entries/0742-0850.md,entry-0817
حالت,حالت,1,وجود (هستی),اسم,28,entries/0001-0090.md,entry-0001
حالت,حالت,5,عرضیت,اسم,66,entries/0001-0090.md,entry-0005
حالت,حالت,6,عارض,اسم,77,entries/0001-0090.md,entry-0006
حالت,حالت,7,حالت: وضعیت مطلق,اسم,84,entries/0001-0090.md,entry-0007
حالت,حالت,80,ویژگی . خاص بودن 80#,اسم,804,entries/0001-0090.md,entry-0080
حالت,حالت,154,رویداد 154#,اسم,1423,entries/0091-0193.md,entry-0154
حالت,حالت,243,شکل 243#,اسم,2337,entries/0194-0301.md,entry-0243
حالت,حالت,817,خوی 817#,اسم,7716,entries/0742-0850.md,entry-0817
حالت افقی,حالت افقی,216,افقی,اسم,2068,entries/0194-0301.md,entry-0216
حالت تحریک‌شده,حالت تحریک‌شده,822,تحریک پذیری,قید,7763,entries/0742-0850.md,entry-0822
حالت تهاجمی به‌خود گرفتن,حالت تهاجمی به‌خود گرفتن,712,تک . حمله,فعل,6734,entries/0651-0741.md,entry-0712
حالت تهییج‌شده,حالت تهییج‌شده,612,انگیختن . تحریک,اسم,5737,entries/0544-0650.md,entry-0612
حالت تهییج‌شده,حالت تهییج‌شده,680,عجله 680#,اسم,6455,entries/0651-0741.md,entry-0680
حالت تهییج‌شده,حالت تهییج‌شده,822,تحریک پذیری,قید,7763,entries/0742-0850.md,entry-0822
حالت خود را حفظ کردن,حالت خود را حفظ کردن,7,حالت: وضعیت مطلق,فعل,88,entries/0001-0090.md,entry-0007
حالت دادن,حالت دادن,843,زیباسازی . آرایش,اسم,8001,entries/0742-0850.md,entry-0843
حالت دل‌به‌هم‌خوردگی و استفراغ,حالت دل‌به‌هم‌خوردگی و استفراغ,300,دفع . طرد 300#,اسم,2862,entries/0194-0301.md,entry-0300
حالت روغنی,حالت روغنی,357,روغن . چربی,اسم,3368,entries/0302-0437.md,entry-0357
حالت شیرین,حالت شیرین,392,شیرین,اسم,3699,entries/0302-0437.md,entry-0392
حالت طبیعی (فطری,حالت طبیعی (فطری,670,فقدان آمادگی 670#,اسم,6351,entries/0651-0741.md,entry-0670
حالت عمودی,حالت عمودی,215,عمودی,اسم,2061,entries/0194-0301.md,entry-0215
حالت نیمه‌مایعی,حالت نیمه‌مایعی,354,غلظت . نیمه‌مایع,اسم,3343,entries/0302-0437.md,entry-0354
حالتِ تهوع دادن,حالتِ تهوع دادن,391,بدطعمی,فعل,3694,entries/0302-0437.md,entry-0391
حالتِ فنری,حالتِ فنری,328,کشش‌پذیری . فنر,اسم,3165,entries/0302-0437.md,entry-0328
حالتی داشتن,حالتی داشتن,7,حالت: وضعیت مطلق,فعل,88,entries/0001-0090.md,entry-0007
حالتی داشتن,حالتی داشتن,777,دارایی . مِلک 777#,فعل,7372,entries/0742-0850.md,entry-0777
حالش بهم خوردن,حالش بهم خوردن,861,بی‌میلی,فعل,8180,entries/0851-0969.md,entry-0861
حالی کردن,حالی کردن,516,قابل درک,فعل,4841,entries/0438-0543.md,entry-0516
حال‌نداری,حال‌نداری,651,بیماری . ضعف جسمانی,اسم,6124,entries/0651-0741.md,entry-0651
حال‌وهوا,حال‌وهوا,8,شرایط: وضعیت نسبی,اسم,93,entries/0001-0090.md,entry-0008
حامض,حامض,393,تُرش,صفت,3708,entries/0302-0437.md,entry-0393
حامله,حامله,167,زادوولد,صفت,1585,entries/0091-0193.md,entry-0167
حامله بودن,حامله بودن,167,زادوولد,فعل,1587,entries/0091-0193.md,entry-0167
حاملگی,حاملگی,167,زادوولد,اسم,1581,entries/0091-0193.md,entry-0167
حامی,حامی,89,همراهی,اسم,902,entries/0001-0090.md,entry-0089
حامی,حامی,169,ولایت . ولی,صفت,1603,entries/0091-0193.md,entry-0169
حامی,حامی,238,عقب,اسم,2298,entries/0194-0301.md,entry-0238
حامی,حامی,660,ایمنی 660#,اسم,6255,entries/0651-0741.md,entry-0660
حامی,حامی,703,کمک,صفت,6653,entries/0651-0741.md,entry-0703
حامی,حامی,707,همکار,اسم,6685,entries/0651-0741.md,entry-0707
حامی,حامی,903,نیکوکار,اسم,8588,entries/0851-0969.md,entry-0903
حامی,حامی,927,حمایت,اسم,8814,entries/0851-0969.md,entry-0927
حاوی,حاوی,7,حالت: وضعیت مطلق,صفت,87,entries/0001-0090.md,entry-0007
حاوی,حاوی,56,دربر گرفتن,صفت,570,entries/0001-0090.md,entry-0056
حاوی,حاوی,78,شمول . دربر داشتن,صفت,783,entries/0001-0090.md,entry-0078
حاوی,حاوی,773,مالکیت,صفت,7335,entries/0742-0850.md,entry-0773
حاوی بودن,حاوی بودن,56,دربر گرفتن,فعل,573,entries/0001-0090.md,entry-0056
حاوی بودن,حاوی بودن,78,شمول . دربر داشتن,فعل,786,entries/0001-0090.md,entry-0078
حاوی بودن,حاوی بودن,773,مالکیت,فعل,7336,entries/0742-0850.md,entry-0773
حاوی طعنه,حاوی طعنه,851,تمسخر,صفت,8078,entries/0851-0969.md,entry-0851
حاوی نشانه,حاوی نشانه,547,دلالت,صفت,5162,entries/0544-0650.md,entry-0547
حاویِ,حاویِ,56,دربر گرفتن,قید,574,entries/0001-0090.md,entry-0056
حاکم,حاکم,121,زمان حال,صفت,1117,entries/0091-0193.md,entry-0121
حاکم,حاکم,160,توان 160#,صفت,1503,entries/0091-0193.md,entry-0160
حاکم,حاکم,689,مدیریت,صفت,6525,entries/0651-0741.md,entry-0689
حاکم,حاکم,733,اقتدار 733#,صفت,6968,entries/0651-0741.md,entry-0733
حاکم,حاکم,741,رئیس,اسم,7051,entries/0651-0741.md,entry-0741
حاکم مطلق,حاکم مطلق,733,اقتدار 733#,اسم,6966,entries/0651-0741.md,entry-0733
حاکم مطلق,حاکم مطلق,735,سخت‌گیری,اسم,6991,entries/0651-0741.md,entry-0735
حاکم مطلق,حاکم مطلق,741,رئیس,اسم,7050,entries/0651-0741.md,entry-0741
حاکم مطلق‌العنان,حاکم مطلق‌العنان,735,سخت‌گیری,اسم,6991,entries/0651-0741.md,entry-0735
حاکمانه,حاکمانه,733,اقتدار 733#,صفت,6967,entries/0651-0741.md,entry-0733
حاکمیت,حاکمیت,733,اقتدار 733#,اسم,6960,entries/0651-0741.md,entry-0733
حاکمیت,حاکمیت,955,دادگستری . قضا . قضاوت,اسم,9046,entries/0851-0969.md,entry-0955
حاکمیت شرکتی,حاکمیت شرکتی,689,مدیریت,اسم,6523,entries/0651-0741.md,entry-0689
حاکم‌شرع,حاکم‌شرع,480,تشخیص . استنتاج 480#,اسم,4476,entries/0438-0543.md,entry-0480
حاکم‌شرع,حاکم‌شرع,957,قاضی,اسم,9062,entries/0851-0969.md,entry-0957
حاکی بودن,حاکی بودن,155,وقایع آتی,فعل,1438,entries/0091-0193.md,entry-0155
حاکی بودن,حاکی بودن,514,معنی,فعل,4822,entries/0438-0543.md,entry-0514
حاکی بودن از,حاکی بودن از,547,دلالت,فعل,5163,entries/0544-0650.md,entry-0547
حاکی‌از,حاکی‌از,466,مدرک,صفت,4333,entries/0438-0543.md,entry-0466
حاکی‌از,حاکی‌از,547,دلالت,صفت,5162,entries/0544-0650.md,entry-0547
حایل,حایل,702,منع . ممانعت,اسم,6638,entries/0651-0741.md,entry-0702
حب,حب,887,عشق,اسم,8430,entries/0851-0969.md,entry-0887
حب وطن,حب وطن,901,انساندوستی,اسم,8573,entries/0851-0969.md,entry-0901
حباب,حباب,194,ظرف,اسم,1848,entries/0194-0301.md,entry-0194
حباب,حباب,252,کره . کروی بودن,اسم,2416,entries/0194-0301.md,entry-0252
حباب,حباب,253,تحدب,اسم,2425,entries/0194-0301.md,entry-0253
حباب,حباب,355,حباب . ابر: مخلوط هوا و آب 355#,اسم,3354,entries/0302-0437.md,entry-0355
حباب‌دار,حباب‌دار,355,حباب . ابر: مخلوط هوا و آب 355#,صفت,3356,entries/0302-0437.md,entry-0355
حبذا,حبذا,833,سرحالی . شادی,قید,7880,entries/0742-0850.md,entry-0833
حبس,حبس,236,حَدّ,اسم,2282,entries/0194-0301.md,entry-0236
حبس,حبس,525,کتمان,اسم,4935,entries/0438-0543.md,entry-0525
حبس,حبس,745,انقیاد,اسم,7094,entries/0742-0850.md,entry-0745
حبس,حبس,747,تحدید . خودداری,اسم,7111,entries/0742-0850.md,entry-0747
حبس,حبس,748,زندان,اسم,7125,entries/0742-0850.md,entry-0748
حبس,حبس,963,مجازات . تنبیه,اسم,9107,entries/0851-0969.md,entry-0963
حبس ابد,حبس ابد,963,مجازات . تنبیه,اسم,9107,entries/0851-0969.md,entry-0963
حبس کردن,حبس کردن,747,تحدید . خودداری,فعل,7120,entries/0742-0850.md,entry-0747
حبل,حبل,47,پیوند: وسیلۀ اتصال,اسم,482,entries/0001-0090.md,entry-0047
حبل‌المتین,حبل‌المتین,218,پایه . تکیه‌گاه,اسم,2087,entries/0194-0301.md,entry-0218
حبل‌المتین,حبل‌المتین,975,وحی . پیامبر,اسم,9212,entries/0970-0991.md,entry-0975
حبه,حبه,301,غذا: خوردن و نوشیدن,اسم,2898,entries/0194-0301.md,entry-0301
حبه,حبه,366,گیاهان,اسم,3479,entries/0302-0437.md,entry-0366
حبوبات,حبوبات,301,غذا: خوردن و نوشیدن,اسم,2898,entries/0194-0301.md,entry-0301
حبوبات,حبوبات,366,گیاهان,اسم,3474,entries/0302-0437.md,entry-0366
حبّ جیم را خوردن,حبّ جیم را خوردن,456,بی‌توجهی,فعل,4216,entries/0438-0543.md,entry-0456
حبیب,حبیب,880,دوستی 880#,صفت,8361,entries/0851-0969.md,entry-0880
حبیب من,حبیب من,890,عزیز 890# عزی,اسم,8472,entries/0851-0969.md,entry-0890
حتماً,حتماً,473,قطعیت,صفت,4392,entries/0438-0543.md,entry-0473
حتماً,حتماً,478,اثبات,قید,4458,entries/0438-0543.md,entry-0478
حتماً,حتماً,532,اظهار . تأکید . سوگند,قید,5021,entries/0438-0543.md,entry-0532
حتماً,حتماً,597,رغبت . داوطلبی,شبه جمله,5604,entries/0544-0650.md,entry-0597
حتمی,حتمی,153,پایداری (تغییرناپذیری),صفت,1415,entries/0091-0193.md,entry-0153
حتمی,حتمی,155,وقایع آتی,صفت,1436,entries/0091-0193.md,entry-0155
حتمی,حتمی,473,قطعیت,صفت,4391,entries/0438-0543.md,entry-0473
حتمی,حتمی,596,جبر . وجوب,صفت,5590,entries/0544-0650.md,entry-0596
حتمی بودن,حتمی بودن,473,قطعیت,فعل,4394,entries/0438-0543.md,entry-0473
حتمیت,حتمیت,473,قطعیت,اسم,4388,entries/0438-0543.md,entry-0473
حتمی‌الوقوع,حتمی‌الوقوع,155,وقایع آتی,صفت,1436,entries/0091-0193.md,entry-0155
حتی,حتی,8,شرایط: وضعیت نسبی,قید,98,entries/0001-0090.md,entry-0008
حج,حج,979,تقوا,اسم,9250,entries/0970-0991.md,entry-0979
حج,حج,988,مراسم مذهبی,اسم,9337,entries/0970-0991.md,entry-0988
حج تمتع,حج تمتع,988,مراسم مذهبی,اسم,9337,entries/0970-0991.md,entry-0988
حج عمره,حج عمره,988,مراسم مذهبی,اسم,9337,entries/0970-0991.md,entry-0988
حجاب,حجاب,226,پوشش,اسم,2168,entries/0194-0301.md,entry-0226
حجاب,حجاب,228,پوشاک . پوشیدن,اسم,2195,entries/0194-0301.md,entry-0228
حجاب,حجاب,421,حفاظ . پرده,اسم,3920,entries/0302-0437.md,entry-0421
حجاب,حجاب,525,کتمان,اسم,4935,entries/0438-0543.md,entry-0525
حجاب,حجاب,527,اختفا . نقاب,اسم,4963,entries/0438-0543.md,entry-0527
حجاب پوشیدن,حجاب پوشیدن,525,کتمان,فعل,4942,entries/0438-0543.md,entry-0525
حجام,حجام,658,درمان,اسم,6232,entries/0651-0741.md,entry-0658
حجامت,حجامت,300,دفع . طرد 300#,اسم,2862,entries/0194-0301.md,entry-0300
حجامت,حجامت,658,درمان,اسم,6226,entries/0651-0741.md,entry-0658
حجب,حجب,874,فروتنی . شرم,اسم,8304,entries/0851-0969.md,entry-0874
حجب داشتن,حجب داشتن,874,فروتنی . شرم,فعل,8308,entries/0851-0969.md,entry-0874
حجت,حجت,466,مدرک,اسم,4329,entries/0438-0543.md,entry-0466
حجت,حجت,475,استدلال . تعقل,اسم,4421,entries/0438-0543.md,entry-0475
حجت آوردن,حجت آوردن,475,استدلال . تعقل,اسم,4421,entries/0438-0543.md,entry-0475
حجت الاسلام والمسلمین,حجت الاسلام والمسلمین,870,عنوان 870#,اسم,8272,entries/0851-0969.md,entry-0870
حجت),حجت),466,مدرک,اسم,4329,entries/0438-0543.md,entry-0466
حجت‌الاسلام والمسلمین,حجت‌الاسلام والمسلمین,986,روحانیت,اسم,9325,entries/0970-0991.md,entry-0986
حجرالاسود,حجرالاسود,988,مراسم مذهبی,اسم,9337,entries/0970-0991.md,entry-0988
حجره,حجره,192,منزل: محل سکنا یا زندگی,اسم,1821,entries/0091-0193.md,entry-0192
حجره,حجره,194,ظرف,اسم,1850,entries/0194-0301.md,entry-0194
حجره,حجره,794,تاجر,اسم,7523,entries/0742-0850.md,entry-0794
حجره,حجره,796,بازار,اسم,7535,entries/0742-0850.md,entry-0796
حجره,حجره,990,معبد,اسم,9359,entries/0970-0991.md,entry-0990
حجله,حجله,194,ظرف,اسم,1863,entries/0194-0301.md,entry-0194
حجله,حجله,894,ازدواج,اسم,8504,entries/0851-0969.md,entry-0894
حجم,حجم,26,کمیت,اسم,262,entries/0001-0090.md,entry-0026
حجم,حجم,27,درجه: مقدار نسبی,اسم,270,entries/0001-0090.md,entry-0027
حجم,حجم,183,فضا 183#,اسم,1736,entries/0091-0193.md,entry-0183
حجم,حجم,195,درشتی . اندازه,اسم,1880,entries/0194-0301.md,entry-0195
حجم,حجم,203,درازی (طول),اسم,1958,entries/0194-0301.md,entry-0203
حجم معاملات,حجم معاملات,618,اتفاق . قمار,اسم,5810,entries/0544-0650.md,entry-0618
حد,حد,26,کمیت,اسم,263,entries/0001-0090.md,entry-0026
حد,حد,46,عدم اتحاد . گسیختگی,اسم,462,entries/0001-0090.md,entry-0046
حد,حد,195,درشتی . اندازه,اسم,1880,entries/0194-0301.md,entry-0195
حد,حد,316,تکامل,اسم,3033,entries/0302-0437.md,entry-0316
حد زدن,حد زدن,963,مجازات . تنبیه,فعل,9117,entries/0851-0969.md,entry-0963
حد فاصل,حد فاصل,201,فاصله,اسم,1941,entries/0194-0301.md,entry-0201
حد نصاب,حد نصاب,26,کمیت,اسم,263,entries/0001-0090.md,entry-0026
حد نصاب,حد نصاب,635,کفایت,اسم,5969,entries/0544-0650.md,entry-0635
حد و اندازه,حد و اندازه,236,حَدّ,اسم,2281,entries/0194-0301.md,entry-0236
حد وسط,حد وسط,30,میانگین 30#,اسم,301,entries/0001-0090.md,entry-0030
حداقل,حداقل,26,کمیت,اسم,263,entries/0001-0090.md,entry-0026
حداقل,حداقل,33,کوچکی,صفت,337,entries/0001-0090.md,entry-0033
حداقل,حداقل,35,کهتری,صفت,358,entries/0001-0090.md,entry-0035
حداقل,حداقل,105,قلت,صفت,987,entries/0091-0193.md,entry-0105
حداقل,حداقل,196,خُردی,صفت,1899,entries/0194-0301.md,entry-0196
حداقل,حداقل,214,تَه . بُن,صفت,2056,entries/0194-0301.md,entry-0214
حداقل,حداقل,236,حَدّ,اسم,2281,entries/0194-0301.md,entry-0236
حداقل لازم‌را فراهم کردن,حداقل لازم‌را فراهم کردن,635,کفایت,فعل,5971,entries/0544-0650.md,entry-0635
حداقل مورد نیاز,حداقل مورد نیاز,635,کفایت,اسم,5969,entries/0544-0650.md,entry-0635
حداکثر,حداکثر,26,کمیت,اسم,263,entries/0001-0090.md,entry-0026
حداکثر,حداکثر,32,بزرگی,صفت,323,entries/0001-0090.md,entry-0032
حداکثر,حداکثر,34,برتری,قید,352,entries/0001-0090.md,entry-0034
حداکثر,حداکثر,85,عدد 85#,اسم,861,entries/0001-0090.md,entry-0085
حداکثر,حداکثر,104,تعدد,صفت,978,entries/0091-0193.md,entry-0104
حداکثر,حداکثر,236,حَدّ,اسم,2281,entries/0194-0301.md,entry-0236
حداکثر سعی خودرا کردن,حداکثر سعی خودرا کردن,671,مبادرت . اقدام,فعل,6367,entries/0651-0741.md,entry-0671
حداکثر ظرفیت,حداکثر ظرفیت,54,کامل 54#,اسم,550,entries/0001-0090.md,entry-0054
حدت,حدت,599,عزم,اسم,5615,entries/0544-0650.md,entry-0599
حدت,حدت,818,احساس,اسم,7722,entries/0742-0850.md,entry-0818
حدرا مشخص کردن,حدرا مشخص کردن,232,احاطه,فعل,2256,entries/0194-0301.md,entry-0232
حدرا مشخص کردن,حدرا مشخص کردن,233,طرح کلی,فعل,2262,entries/0194-0301.md,entry-0233
حدس,حدس,449,اندیشه,اسم,4143,entries/0438-0543.md,entry-0449
حدس,حدس,465,اندازه‌گیری . سنجش,اسم,4305,entries/0438-0543.md,entry-0465
حدس,حدس,468,ملاحظات,اسم,4348,entries/0438-0543.md,entry-0468
حدس,حدس,476,شَمّ . غریزه,اسم,4437,entries/0438-0543.md,entry-0476
حدس,حدس,480,تشخیص . استنتاج 480#,اسم,4475,entries/0438-0543.md,entry-0480
حدس,حدس,512,تصور . خاطر,اسم,4792,entries/0438-0543.md,entry-0512
حدس زدن,حدس زدن,465,اندازه‌گیری . سنجش,فعل,4318,entries/0438-0543.md,entry-0465
حدس زدن,حدس زدن,476,شَمّ . غریزه,فعل,4439,entries/0438-0543.md,entry-0476
حدس زدن,حدس زدن,480,تشخیص . استنتاج 480#,فعل,4480,entries/0438-0543.md,entry-0480
حدس زدن,حدس زدن,485,باور,فعل,4531,entries/0438-0543.md,entry-0485
حدس زدن,حدس زدن,491,جهل . نادانی,فعل,4602,entries/0438-0543.md,entry-0491
حدس زدن,حدس زدن,507,انتظار,فعل,4746,entries/0438-0543.md,entry-0507
حدس زدن,حدس زدن,511,پیش‌بینی . فال,فعل,4782,entries/0438-0543.md,entry-0511
حدس زدن,حدس زدن,512,تصور . خاطر,فعل,4797,entries/0438-0543.md,entry-0512
حدسی,حدسی,476,شَمّ . غریزه,صفت,4438,entries/0438-0543.md,entry-0476
حدسی,حدسی,512,تصور . خاطر,صفت,4795,entries/0438-0543.md,entry-0512
حدشکن,حدشکن,59,بیرونی بودن,اسم,597,entries/0001-0090.md,entry-0059
حدوث,حدوث,154,رویداد 154#,اسم,1425,entries/0091-0193.md,entry-0154
حدود,حدود,199,دوری,اسم,1923,entries/0194-0301.md,entry-0199
حدود,حدود,230,محیط 230#,اسم,2232,entries/0194-0301.md,entry-0230
حدود,حدود,236,حَدّ,اسم,2281,entries/0194-0301.md,entry-0236
حدوداً,حدوداً,200,نزدیکی 200#,قید,1937,entries/0194-0301.md,entry-0200
حدوسط,حدوسط,30,میانگین 30#,صفت,304,entries/0001-0090.md,entry-0030
حدِ فاصل,حدِ فاصل,231,میان,اسم,2240,entries/0194-0301.md,entry-0231
حدّ,حدّ,68,آغاز,اسم,685,entries/0001-0090.md,entry-0068
حدّ,حدّ,69,پایان,اسم,699,entries/0001-0090.md,entry-0069
حدّ,حدّ,183,فضا 183#,اسم,1739,entries/0091-0193.md,entry-0183
حدّ,حدّ,199,دوری,اسم,1922,entries/0194-0301.md,entry-0199
حدّ,حدّ,201,فاصله,اسم,1941,entries/0194-0301.md,entry-0201
حدّ,حدّ,234,کناره,اسم,2266,entries/0194-0301.md,entry-0234
حدّ,حدّ,725,تکمیل . اجرا,اسم,6882,entries/0651-0741.md,entry-0725
حدّ,حدّ,963,مجازات . تنبیه,اسم,9108,entries/0851-0969.md,entry-0963
حدّ اعتباری,حدّ اعتباری,784,اعطای وام . قرض دادن,اسم,7434,entries/0742-0850.md,entry-0784
حدّت,حدّت,571,شدّت و حدّت کلام,اسم,5341,entries/0544-0650.md,entry-0571
حدّت کلام,حدّت کلام,571,شدّت و حدّت کلام,اسم,5341,entries/0544-0650.md,entry-0571
حدیث,حدیث,586,نگارش,اسم,5443,entries/0544-0650.md,entry-0586
حدیث,حدیث,590,روایت . شرح . وصف 590#,اسم,5485,entries/0544-0650.md,entry-0590
حدیث,حدیث,953,قانونیت,اسم,9027,entries/0851-0969.md,entry-0953
حدیث,حدیث,976,راست‌دینی,اسم,9224,entries/0970-0991.md,entry-0976
حدیث دیگران,حدیث دیگران,991,عرفان,اسم,9374,entries/0970-0991.md,entry-0991
حدید,حدید,326,سختی . صلابت,اسم,3148,entries/0302-0437.md,entry-0326
حدیقه,حدیقه,370,کشاورزی 370#,اسم,3515,entries/0302-0437.md,entry-0370
حذاقت,حذاقت,694,مهارت,اسم,6559,entries/0651-0741.md,entry-0694
حذر,حذر,620,اجتناب620#,اسم,5829,entries/0544-0650.md,entry-0620
حذر کردن,حذر کردن,190,غیاب 190#,فعل,1803,entries/0091-0193.md,entry-0190
حذر کردن,حذر کردن,620,اجتناب620#,فعل,5833,entries/0544-0650.md,entry-0620
حذرکننده,حذرکننده,620,اجتناب620#,صفت,5831,entries/0544-0650.md,entry-0620
حذرکننده,حذرکننده,621,چشم‌پوشی,صفت,5840,entries/0544-0650.md,entry-0621
حذرکننده [◄ فراری 620],حذرکننده [◄ فراری 620],458,غفلت . بی‌دقتی,صفت,4235,entries/0438-0543.md,entry-0458
حذف,حذف,37,کاهش,اسم,376,entries/0001-0090.md,entry-0037
حذف,حذف,39,تفریق,اسم,392,entries/0001-0090.md,entry-0039
حذف,حذف,44,سادگی,اسم,430,entries/0001-0090.md,entry-0044
حذف,حذف,57,بیرون گذاشتن,اسم,578,entries/0001-0090.md,entry-0057
حذف,حذف,204,کوتاهی,صفت,1972,entries/0194-0301.md,entry-0204
حذف,حذف,300,دفع . طرد 300#,اسم,2856,entries/0194-0301.md,entry-0300
حذف,حذف,569,ایجاز,اسم,5326,entries/0544-0650.md,entry-0569
حذف,حذف,607,ردّ . عدم انتخاب,اسم,5687,entries/0544-0650.md,entry-0607
حذف شدن,حذف شدن,607,ردّ . عدم انتخاب,فعل,5691,entries/0544-0650.md,entry-0607
حذف کردن,حذف کردن,39,تفریق,فعل,394,entries/0001-0090.md,entry-0039
حذف کردن,حذف کردن,44,سادگی,فعل,438,entries/0001-0090.md,entry-0044
حذف کردن,حذف کردن,165,تخریب,فعل,1565,entries/0091-0193.md,entry-0165
حذف کردن,حذف کردن,300,دفع . طرد 300#,فعل,2866,entries/0194-0301.md,entry-0300
حذف کردن,حذف کردن,607,ردّ . عدم انتخاب,فعل,5690,entries/0544-0650.md,entry-0607
حذف کردن,حذف کردن,919,معافیت,فعل,8731,entries/0851-0969.md,entry-0919
حذف کنترلها,حذف کنترلها,779,عدم نگهداری,اسم,7386,entries/0742-0850.md,entry-0779
حذفی,حذفی,57,بیرون گذاشتن,صفت,582,entries/0001-0090.md,entry-0057
حذفی,حذفی,607,ردّ . عدم انتخاب,صفت,5688,entries/0544-0650.md,entry-0607
حذف‌شده,حذف‌شده,39,تفریق,صفت,393,entries/0001-0090.md,entry-0039
حذف‌شده,حذف‌شده,57,بیرون گذاشتن,صفت,582,entries/0001-0090.md,entry-0057
حذف‌شده,حذف‌شده,458,غفلت . بی‌دقتی,صفت,4236,entries/0438-0543.md,entry-0458
حذف‌شده,حذف‌شده,607,ردّ . عدم انتخاب,صفت,5688,entries/0544-0650.md,entry-0607
حذف‌کننده,حذف‌کننده,607,ردّ . عدم انتخاب,صفت,5689,entries/0544-0650.md,entry-0607
حراج,حراج,793,فروش,اسم,7515,entries/0742-0850.md,entry-0793
حراج کردن,حراج کردن,793,فروش,فعل,7518,entries/0742-0850.md,entry-0793
حراجی,حراجی,759,عَرضه,صفت,7204,entries/0742-0850.md,entry-0759
حراجی,حراجی,779,عدم نگهداری,صفت,7389,entries/0742-0850.md,entry-0779
حراجی,حراجی,793,فروش,صفت,7517,entries/0742-0850.md,entry-0793
حرارت,حرارت,174,فعال بودن,اسم,1641,entries/0091-0193.md,entry-0174
حرارت,حرارت,342,خشکی,اسم,3271,entries/0302-0437.md,entry-0342
حرارت,حرارت,379,گرما,اسم,3600,entries/0302-0437.md,entry-0379
حرارت,حرارت,818,احساس,اسم,7722,entries/0742-0850.md,entry-0818
حرارت دادن,حرارت دادن,173,عاملیت,فعل,1637,entries/0091-0193.md,entry-0173
حرارت مرکزی,حرارت مرکزی,381,گرمایش,اسم,3620,entries/0302-0437.md,entry-0381
حرارت مرکزی,حرارت مرکزی,383,گرم‌کننده: کوره، بخاری,اسم,3645,entries/0302-0437.md,entry-0383
حراست,حراست,660,ایمنی 660#,اسم,6254,entries/0651-0741.md,entry-0660
حراست,حراست,666,حفظ: جلوگیری ازفساد,اسم,6306,entries/0651-0741.md,entry-0666
حراست,حراست,927,حمایت,اسم,8813,entries/0851-0969.md,entry-0927
حراستی,حراستی,660,ایمنی 660#,صفت,6258,entries/0651-0741.md,entry-0660
حراف,حراف,579,سخن,صفت,5395,entries/0544-0650.md,entry-0579
حرام,حرام,489,نظر مخالف,صفت,4572,entries/0438-0543.md,entry-0489
حرام,حرام,611,ترک [عادت],صفت,5725,entries/0544-0650.md,entry-0611
حرام,حرام,702,منع . ممانعت,صفت,6643,entries/0651-0741.md,entry-0702
حرام,حرام,757,ممنوعیت . قدغن,صفت,7190,entries/0742-0850.md,entry-0757
حرام,حرام,914,ناحق . ناراستی,صفت,8679,entries/0851-0969.md,entry-0914
حرام,حرام,954,غیرقانونی,صفت,9037,entries/0851-0969.md,entry-0954
حرام اعلام کردن,حرام اعلام کردن,757,ممنوعیت . قدغن,فعل,7191,entries/0742-0850.md,entry-0757
حرامزاده,حرامزاده,542,فریب,صفت,5106,entries/0438-0543.md,entry-0542
حرامزاده,حرامزاده,934,شرارت,صفت,8878,entries/0851-0969.md,entry-0934
حرامزاده,حرامزاده,954,غیرقانونی,صفت,9040,entries/0851-0969.md,entry-0954
حرامزادگی,حرامزادگی,541,دروغگویی,اسم,5087,entries/0438-0543.md,entry-0541
حرامزادگی,حرامزادگی,954,غیرقانونی,صفت,9040,entries/0851-0969.md,entry-0954
حرب,حرب,716,ستیز . مبارزه,اسم,6771,entries/0651-0741.md,entry-0716
حرب,حرب,718,جنگ,اسم,6795,entries/0651-0741.md,entry-0718
حربه,حربه,629,وسیله,اسم,5915,entries/0544-0650.md,entry-0629
حربه,حربه,723,سلاح,اسم,6852,entries/0651-0741.md,entry-0723
حرز,حرز,192,منزل: محل سکنا یا زندگی,اسم,1832,entries/0091-0193.md,entry-0192
حرز,حرز,662,پناهگاه,اسم,6279,entries/0651-0741.md,entry-0662
حرص,حرص,306,زیاده‌روی . فزونی (حرکت فراتر),اسم,2951,entries/0302-0437.md,entry-0306
حرص,حرص,622,اشتغال,اسم,5846,entries/0544-0650.md,entry-0622
حرص,حرص,786,اخذ . گرفتن,اسم,7455,entries/0742-0850.md,entry-0786
حرص,حرص,816,خست,اسم,7699,entries/0742-0850.md,entry-0816
حرص,حرص,852,امید . آرزو,اسم,8089,entries/0851-0969.md,entry-0852
حرص,حرص,859,میل,اسم,8154,entries/0851-0969.md,entry-0859
حرص,حرص,947,پُرخوری,اسم,8969,entries/0851-0969.md,entry-0947
حرص زدن,حرص زدن,947,پُرخوری,فعل,8971,entries/0851-0969.md,entry-0947
حرف,حرف,466,مدرک,اسم,4330,entries/0438-0543.md,entry-0466
حرف,حرف,558,حرف,اسم,5250,entries/0544-0650.md,entry-0558
حرف,حرف,579,سخن,اسم,5391,entries/0544-0650.md,entry-0579
حرف,حرف,586,نگارش,اسم,5444,entries/0544-0650.md,entry-0586
حرف,حرف,764,قول,اسم,7243,entries/0742-0850.md,entry-0764
حرف آخر,حرف آخر,848,مُد,اسم,8050,entries/0742-0850.md,entry-0848
حرف اضافه,حرف اضافه,564,دستور زبان,اسم,5297,entries/0544-0650.md,entry-0564
حرف بیخودی,حرف بیخودی,4,بی‌جوهری,اسم,59,entries/0001-0090.md,entry-0004
حرف بی‌صدا,حرف بی‌صدا,398,صدا,اسم,3741,entries/0302-0437.md,entry-0398
حرف بی‌صدا,حرف بی‌صدا,578,بی‌صدایی,اسم,5385,entries/0544-0650.md,entry-0578
حرف خودرا پس گرفتن,حرف خودرا پس گرفتن,603,بی ثباتی . بوالهوسی,اسم,5644,entries/0544-0650.md,entry-0603
حرف زدن,حرف زدن,577,ندا: صدای انسان,فعل,5381,entries/0544-0650.md,entry-0577
حرف زدن,حرف زدن,584,محاوره,فعل,5433,entries/0544-0650.md,entry-0584
حرف صدادار,حرف صدادار,398,صدا,اسم,3741,entries/0302-0437.md,entry-0398
حرف مزخرف,حرف مزخرف,497,امر محال,اسم,4647,entries/0438-0543.md,entry-0497
حرف مفت,حرف مفت,4,بی‌جوهری,اسم,59,entries/0001-0090.md,entry-0004
حرف مفت,حرف مفت,515,بی‌معنایی,اسم,4829,entries/0438-0543.md,entry-0515
حرف مفت,حرف مفت,581,پُرگویی,اسم,5410,entries/0544-0650.md,entry-0581
حرف مفت,حرف مفت,899,نفرین,اسم,8554,entries/0851-0969.md,entry-0899
حرف مفت زدن,حرف مفت زدن,477,سفسطه . تناقض,فعل,4448,entries/0438-0543.md,entry-0477
حرف مفت زدن,حرف مفت زدن,515,بی‌معنایی,فعل,4832,entries/0438-0543.md,entry-0515
حرف نامربوط,حرف نامربوط,497,امر محال,اسم,4647,entries/0438-0543.md,entry-0497
حرف و سخن متفرقه و بی‌ربط و بی‌معنا,حرف و سخن متفرقه و بی‌ربط و بی‌معنا,515,بی‌معنایی,اسم,4829,entries/0438-0543.md,entry-0515
حرف چسبیده,حرف چسبیده,558,حرف,اسم,5250,entries/0544-0650.md,entry-0558
حرف گوش کردن,حرف گوش کردن,739,اطاعت . وفاداری,فعل,7036,entries/0651-0741.md,entry-0739
حرفش دررو داشتن,حرفش دررو داشتن,178,تأثیر,فعل,1692,entries/0091-0193.md,entry-0178
حرفه,حرفه,174,فعال بودن,اسم,1641,entries/0091-0193.md,entry-0174
حرفه,حرفه,622,اشتغال,اسم,5846,entries/0544-0650.md,entry-0622
حرفه): معدن,حرفه): معدن,687,کارگاه: محل کار,اسم,6510,entries/0651-0741.md,entry-0687
حرفه‌ای,حرفه‌ای,492,دانشمند,اسم,4607,entries/0438-0543.md,entry-0492
حرفه‌ای,حرفه‌ای,622,اشتغال,صفت,5850,entries/0544-0650.md,entry-0622
حرفه‌ای,حرفه‌ای,694,مهارت,صفت,6562,entries/0651-0741.md,entry-0694
حرفه‌ای ◄ مربوط به کسب,حرفه‌ای ◄ مربوط به کسب,694,مهارت,صفت,6564,entries/0651-0741.md,entry-0694
حرف‌شنوی,حرف‌شنوی,83,تطبیق,اسم,833,entries/0001-0090.md,entry-0083
حرف‌شنوی,حرف‌شنوی,284,پیروی,اسم,2727,entries/0194-0301.md,entry-0284
حرف‌مرد,حرف‌مرد,764,قول,اسم,7243,entries/0742-0850.md,entry-0764
حرف‌مفت,حرف‌مفت,477,سفسطه . تناقض,اسم,4443,entries/0438-0543.md,entry-0477
حرف‌مفت‌زن,حرف‌مفت‌زن,581,پُرگویی,صفت,5411,entries/0544-0650.md,entry-0581
حرف‌نشنو,حرف‌نشنو,738,سرپیچی . عصیان,صفت,7026,entries/0651-0741.md,entry-0738
حرف‌وحدیث,حرف‌وحدیث,926,بدگویی . افترا,اسم,8804,entries/0851-0969.md,entry-0926
حرف‌گوش‌کن,حرف‌گوش‌کن,739,اطاعت . وفاداری,صفت,7035,entries/0651-0741.md,entry-0739
حرم,حرم,185,محل: فضای محدود,اسم,1754,entries/0091-0193.md,entry-0185
حرم,حرم,192,منزل: محل سکنا یا زندگی,اسم,1832,entries/0091-0193.md,entry-0192
حرم,حرم,224,درون,اسم,2152,entries/0194-0301.md,entry-0224
حرم,حرم,364,دفن,اسم,3447,entries/0302-0437.md,entry-0364
حرم,حرم,548,پیشینه,اسم,5173,entries/0544-0650.md,entry-0548
حرم,حرم,662,پناهگاه,اسم,6279,entries/0651-0741.md,entry-0662
حرم,حرم,866,خوش‌نامی,اسم,8222,entries/0851-0969.md,entry-0866
حرم,حرم,990,معبد,اسم,9355,entries/0970-0991.md,entry-0990
حرمان,حرمان,728,شکست: عجز درانجام,اسم,6913,entries/0651-0741.md,entry-0728
حرمت,حرمت,864,شگفت,اسم,8199,entries/0851-0969.md,entry-0864
حرمت,حرمت,866,خوش‌نامی,اسم,8220,entries/0851-0969.md,entry-0866
حرمت,حرمت,979,تقوا,اسم,9251,entries/0970-0991.md,entry-0979
حرمت داشتن,حرمت داشتن,920,احترام 920#,فعل,8742,entries/0851-0969.md,entry-0920
حرمت نگهداشتن,حرمت نگهداشتن,979,تقوا,اسم,9250,entries/0970-0991.md,entry-0979
حرمت گذاشتن,حرمت گذاشتن,920,احترام 920#,فعل,8740,entries/0851-0969.md,entry-0920
حرمتان,حرمتان,352,باد: جریان هوا,اسم,3329,entries/0302-0437.md,entry-0352
حروف اول اسم,حروف اول اسم,204,کوتاهی,اسم,1971,entries/0194-0301.md,entry-0204
حروف اول اسم,حروف اول اسم,558,حرف,اسم,5251,entries/0544-0650.md,entry-0558
حروف قابل‌انتقال,حروف قابل‌انتقال,587,چاپ,اسم,5454,entries/0544-0650.md,entry-0587
حروفچینی,حروفچینی,587,چاپ,اسم,5457,entries/0544-0650.md,entry-0587
حروفچینی کامپیوتری,حروفچینی کامپیوتری,587,چاپ,اسم,5457,entries/0544-0650.md,entry-0587
حروف‌ریز,حروف‌ریز,587,چاپ,اسم,5458,entries/0544-0650.md,entry-0587
حروف‌ریزی,حروف‌ریزی,587,چاپ,اسم,5455,entries/0544-0650.md,entry-0587
حروف‌چین,حروف‌چین,587,چاپ,اسم,5458,entries/0544-0650.md,entry-0587
حروف‌چینی,حروف‌چینی,587,چاپ,اسم,5455,entries/0544-0650.md,entry-0587
حرکات,حرکات,445,پدیداری . ظاهر,اسم,4094,entries/0438-0543.md,entry-0445
حرکات بدن,حرکات بدن,688,رفتار,اسم,6515,entries/0651-0741.md,entry-0688
حرکات کسی را تقلید کردن,حرکات کسی را تقلید کردن,20,تقلید (نسخه‌برداری) 20#,فعل,209,entries/0001-0090.md,entry-0020
حرکات کسی را تقلید کردن,حرکات کسی را تقلید کردن,851,تمسخر,فعل,8084,entries/0851-0969.md,entry-0851
حرکت,حرکت,27,درجه: مقدار نسبی,اسم,270,entries/0001-0090.md,entry-0027
حرکت,حرکت,143,تغییر و تحول 143#,اسم,1320,entries/0091-0193.md,entry-0143
حرکت,حرکت,147,تبدیل: تغییر یافتن به‌چیزی دیگر,اسم,1360,entries/0091-0193.md,entry-0147
حرکت,حرکت,149,انقلاب: تغییر ناگهانی یا خشونت‌آمیز,اسم,1376,entries/0091-0193.md,entry-0149
حرکت,حرکت,152,تغییرپذیری,اسم,1402,entries/0091-0193.md,entry-0152
حرکت,حرکت,188,نقل مکان . انتقال,اسم,1777,entries/0091-0193.md,entry-0188
حرکت,حرکت,265,حرکت 265#,اسم,2545,entries/0194-0301.md,entry-0265
حرکت,حرکت,272,حمل . ترابری,اسم,2617,entries/0194-0301.md,entry-0272
حرکت,حرکت,277,سرعت,اسم,2663,entries/0194-0301.md,entry-0277
حرکت,حرکت,285,پیشروی,اسم,2735,entries/0194-0301.md,entry-0285
حرکت,حرکت,317,نوسان,اسم,3039,entries/0302-0437.md,entry-0317
حرکت,حرکت,350,نهر . باران: آب درجریان 350#,اسم,3313,entries/0302-0437.md,entry-0350
حرکت,حرکت,671,مبادرت . اقدام,اسم,6360,entries/0651-0741.md,entry-0671
حرکت,حرکت,676,عمل,اسم,6406,entries/0651-0741.md,entry-0676
حرکت,حرکت,678,فعالیت . بیداری,اسم,6422,entries/0651-0741.md,entry-0678
حرکت,حرکت,688,رفتار,اسم,6515,entries/0651-0741.md,entry-0688
حرکت,حرکت,725,تکمیل . اجرا,اسم,6883,entries/0651-0741.md,entry-0725
حرکت (رد شدن) ازدرون چیزی,حرکت (رد شدن) ازدرون چیزی,305,گذر 305#,اسم,2942,entries/0302-0437.md,entry-0305
حرکت ازیک مرحله به‌مرحلۀ دیگر,حرکت ازیک مرحله به‌مرحلۀ دیگر,147,تبدیل: تغییر یافتن به‌چیزی دیگر,اسم,1360,entries/0091-0193.md,entry-0147
حرکت اسب: خرام,حرکت اسب: خرام,273,حمل‌کننده,اسم,2632,entries/0194-0301.md,entry-0273
حرکت انحنادار,حرکت انحنادار,141,دوره‌ای بودن: نظم دروقوع و تکرار آن,اسم,1300,entries/0091-0193.md,entry-0141
حرکت انحنادار,حرکت انحنادار,265,حرکت 265#,اسم,2545,entries/0194-0301.md,entry-0265
حرکت انحنادار,حرکت انحنادار,314,حرکت انحنادار,اسم,3016,entries/0302-0437.md,entry-0314
حرکت اول,حرکت اول,68,آغاز,اسم,684,entries/0001-0090.md,entry-0068
حرکت برگشتی,حرکت برگشتی,106,تکرار,اسم,995,entries/0091-0193.md,entry-0106
حرکت برگشتی,حرکت برگشتی,317,نوسان,اسم,3039,entries/0302-0437.md,entry-0317
حرکت به درون,حرکت به درون,297,دخول: حرکت به درون,اسم,2825,entries/0194-0301.md,entry-0297
حرکت به‌بیرون,حرکت به‌بیرون,290,دور شدن 290#,اسم,2774,entries/0194-0301.md,entry-0290
حرکت به‌بیرون,حرکت به‌بیرون,298,صدور: حرکت به‌بیرون 298#,اسم,2836,entries/0194-0301.md,entry-0298
حرکت به‌بیرون,حرکت به‌بیرون,667,فرار,اسم,6314,entries/0651-0741.md,entry-0667
حرکت به‌سوی عقب ◄ پس‌روی,حرکت به‌سوی عقب ◄ پس‌روی,280,پس‌نشینی 280#,اسم,2697,entries/0194-0301.md,entry-0280
حرکت به‌طرف چیزی,حرکت به‌طرف چیزی,289,نزدیک شدن (تقرب),اسم,2767,entries/0194-0301.md,entry-0289
حرکت به‌عقب,حرکت به‌عقب,286,پسروی . پسرفت,اسم,2743,entries/0194-0301.md,entry-0286
حرکت به‌پهلو,حرکت به‌پهلو,239,کنار,اسم,2307,entries/0194-0301.md,entry-0239
حرکت به‌پهلو,حرکت به‌پهلو,265,حرکت 265#,اسم,2545,entries/0194-0301.md,entry-0265
حرکت تدریجی (خزنده),حرکت تدریجی (خزنده),278,آهستگی,اسم,2673,entries/0194-0301.md,entry-0278
حرکت تکان زانو,حرکت تکان زانو,450,فقدان اندیشه 450#,اسم,4157,entries/0438-0543.md,entry-0450
حرکت جانبی (وضعی,حرکت جانبی (وضعی,239,کنار,اسم,2307,entries/0194-0301.md,entry-0239
حرکت جبرانی,حرکت جبرانی,317,نوسان,اسم,3039,entries/0302-0437.md,entry-0317
حرکت دادن,حرکت دادن,63,اغتشاش: ایجاد اغتشاش و به‌هم ریختن,فعل,645,entries/0001-0090.md,entry-0063
حرکت دادن,حرکت دادن,173,عاملیت,فعل,1637,entries/0091-0193.md,entry-0173
حرکت دادن,حرکت دادن,188,نقل مکان . انتقال,فعل,1782,entries/0091-0193.md,entry-0188
حرکت دادن,حرکت دادن,265,حرکت 265#,فعل,2549,entries/0194-0301.md,entry-0265
حرکت دادن,حرکت دادن,287,رانش,فعل,2756,entries/0194-0301.md,entry-0287
حرکت دادن,حرکت دادن,350,نهر . باران: آب درجریان 350#,فعل,3319,entries/0302-0437.md,entry-0350
حرکت داشتن,حرکت داشتن,350,نهر . باران: آب درجریان 350#,فعل,3317,entries/0302-0437.md,entry-0350
حرکت دهنده,حرکت دهنده,173,عاملیت,صفت,1635,entries/0091-0193.md,entry-0173
حرکت دَوَرانی مستمر به‌دور محور خود,حرکت دَوَرانی مستمر به‌دور محور خود,315,چرخش,اسم,3023,entries/0302-0437.md,entry-0315
حرکت سوق‌الجیشی,حرکت سوق‌الجیشی,688,رفتار,اسم,6516,entries/0651-0741.md,entry-0688
حرکت سیالات,حرکت سیالات,265,حرکت 265#,اسم,2545,entries/0194-0301.md,entry-0265
حرکت غلط,حرکت غلط,495,خطا,اسم,4629,entries/0438-0543.md,entry-0495
حرکت فرفره‌ای,حرکت فرفره‌ای,315,چرخش,اسم,3023,entries/0302-0437.md,entry-0315
حرکت قاره‌ای,حرکت قاره‌ای,321,کیهان,اسم,3086,entries/0302-0437.md,entry-0321
حرکت مارپیچ,حرکت مارپیچ,251,پیچ‌وتاب : دایره‌ای بودن پیچیده,اسم,2403,entries/0194-0301.md,entry-0251
حرکت مارپیچ,حرکت مارپیچ,314,حرکت انحنادار,اسم,3016,entries/0302-0437.md,entry-0314
حرکت مارپیچ بالارونده,حرکت مارپیچ بالارونده,316,تکامل,اسم,3032,entries/0302-0437.md,entry-0316
حرکت متقابل,حرکت متقابل,317,نوسان,اسم,3039,entries/0302-0437.md,entry-0317
حرکت معنادار,حرکت معنادار,547,دلالت,اسم,5151,entries/0544-0650.md,entry-0547
حرکت معنی‌دار,حرکت معنی‌دار,20,تقلید (نسخه‌برداری) 20#,اسم,203,entries/0001-0090.md,entry-0020
حرکت معنی‌دار,حرکت معنی‌دار,265,حرکت 265#,اسم,2545,entries/0194-0301.md,entry-0265
حرکت معنی‌دار,حرکت معنی‌دار,524,اطلاع . آگاهی,اسم,4919,entries/0438-0543.md,entry-0524
حرکت معنی‌دار,حرکت معنی‌دار,547,دلالت,اسم,5148,entries/0544-0650.md,entry-0547
حرکت معنی‌دار,حرکت معنی‌دار,557,زبان,اسم,5242,entries/0544-0650.md,entry-0557
حرکت معنی‌دار,حرکت معنی‌دار,688,رفتار,اسم,6515,entries/0651-0741.md,entry-0688
حرکت معنی‌دار,حرکت معنی‌دار,818,احساس,اسم,7721,entries/0742-0850.md,entry-0818
حرکت معنی‌دار,حرکت معنی‌دار,851,تمسخر,اسم,8077,entries/0851-0969.md,entry-0851
حرکت موجی,حرکت موجی,141,دوره‌ای بودن: نظم دروقوع و تکرار آن,اسم,1299,entries/0091-0193.md,entry-0141
حرکت موجی,حرکت موجی,350,نهر . باران: آب درجریان 350#,اسم,3314,entries/0302-0437.md,entry-0350
حرکت موزون,حرکت موزون,265,حرکت 265#,اسم,2546,entries/0194-0301.md,entry-0265
حرکت نامنظم,حرکت نامنظم,63,اغتشاش: ایجاد اغتشاش و به‌هم ریختن,اسم,643,entries/0001-0090.md,entry-0063
حرکت نامنظم,حرکت نامنظم,318,تلاطم: حرکت نامنظم,اسم,3046,entries/0302-0437.md,entry-0318
حرکت نیمه‌تمام,حرکت نیمه‌تمام,307,کاستی . نارسایی . کسری (حرکت نیمه‌تمام) 307,اسم,2959,entries/0302-0437.md,entry-0307
حرکت وضعی,حرکت وضعی,147,تبدیل: تغییر یافتن به‌چیزی دیگر,اسم,1360,entries/0091-0193.md,entry-0147
حرکت وضعی (انتقالی),حرکت وضعی (انتقالی),265,حرکت 265#,اسم,2545,entries/0194-0301.md,entry-0265
حرکت کردن,حرکت کردن,143,تغییر و تحول 143#,فعل,1325,entries/0091-0193.md,entry-0143
حرکت کردن,حرکت کردن,152,تغییرپذیری,فعل,1406,entries/0091-0193.md,entry-0152
حرکت کردن,حرکت کردن,285,پیشروی,فعل,2737,entries/0194-0301.md,entry-0285
حرکت کردن,حرکت کردن,305,گذر 305#,فعل,2947,entries/0302-0437.md,entry-0305
حرکت کردن,حرکت کردن,317,نوسان,فعل,3042,entries/0302-0437.md,entry-0317
حرکت کردن,حرکت کردن,350,نهر . باران: آب درجریان 350#,فعل,3317,entries/0302-0437.md,entry-0350
حرکت کردن,حرکت کردن,676,عمل,فعل,6410,entries/0651-0741.md,entry-0676
حرکت گازانبری,حرکت گازانبری,293,همگرایی,اسم,2793,entries/0194-0301.md,entry-0293
حرکت‌کردن,حرکت‌کردن,265,حرکت 265#,فعل,2548,entries/0194-0301.md,entry-0265
حریر,حریر,222,تاروپود: بافت متقاطع,اسم,2134,entries/0194-0301.md,entry-0222
حریر,حریر,327,نرمی . انعطاف,اسم,3157,entries/0302-0437.md,entry-0327
حریر,حریر,422,شفاف,اسم,3929,entries/0302-0437.md,entry-0422
حریری,حریری,422,شفاف,صفت,3930,entries/0302-0437.md,entry-0422
حریص,حریص,306,زیاده‌روی . فزونی (حرکت فراتر),صفت,2952,entries/0302-0437.md,entry-0306
حریص,حریص,786,اخذ . گرفتن,صفت,7456,entries/0742-0850.md,entry-0786
حریص,حریص,816,خست,صفت,7701,entries/0742-0850.md,entry-0816
حریص,حریص,859,میل,صفت,8159,entries/0851-0969.md,entry-0859
حریص,حریص,912,غبطه,صفت,8658,entries/0851-0969.md,entry-0912
حریص,حریص,932,خودخواهی,صفت,8864,entries/0851-0969.md,entry-0932
حریص,حریص,947,پُرخوری,صفت,8970,entries/0851-0969.md,entry-0947
حریص,حریص,951,بی‌عفتی,صفت,9010,entries/0851-0969.md,entry-0951
حریف,حریف,160,توان 160#,اسم,1495,entries/0091-0193.md,entry-0160
حریف,حریف,705,رقیب,اسم,6670,entries/0651-0741.md,entry-0705
حریف,حریف,716,ستیز . مبارزه,اسم,6776,entries/0651-0741.md,entry-0716
حریف,حریف,765,قرارداد,اسم,7251,entries/0742-0850.md,entry-0765
حریف,حریف,837,سرگرمی,اسم,7936,entries/0742-0850.md,entry-0837
حریف,حریف,880,دوستی 880#,اسم,8360,entries/0851-0969.md,entry-0880
حریف,حریف,881,دشمنی,اسم,8371,entries/0851-0969.md,entry-0881
حریف شدن,حریف شدن,704,ضدیت . تقابل,فعل,6665,entries/0651-0741.md,entry-0704
حریف طلبیدن,حریف طلبیدن,711,اعلان جنگ . چالش,فعل,6722,entries/0651-0741.md,entry-0711
حریق,حریق,379,گرما,اسم,3601,entries/0302-0437.md,entry-0379
حریق,حریق,381,گرمایش,اسم,3621,entries/0302-0437.md,entry-0381
حریم,حریم,183,فضا 183#,اسم,1736,entries/0091-0193.md,entry-0183
حریم,حریم,185,محل: فضای محدود,اسم,1754,entries/0091-0193.md,entry-0185
حریم,حریم,192,منزل: محل سکنا یا زندگی,اسم,1815,entries/0091-0193.md,entry-0192
حریم,حریم,202,مجاورت,اسم,1949,entries/0194-0301.md,entry-0202
حریم,حریم,235,دیوار,اسم,2274,entries/0194-0301.md,entry-0235
حریم,حریم,236,حَدّ,اسم,2281,entries/0194-0301.md,entry-0236
حریم,حریم,237,جلو,اسم,2290,entries/0194-0301.md,entry-0237
حریم فضایی,حریم فضایی,271,هوانوردی,اسم,2609,entries/0194-0301.md,entry-0271
حریم مقدس,حریم مقدس,192,منزل: محل سکنا یا زندگی,اسم,1832,entries/0091-0193.md,entry-0192
حریم مقدس,حریم مقدس,662,پناهگاه,اسم,6279,entries/0651-0741.md,entry-0662
حریم هوایی,حریم هوایی,271,هوانوردی,اسم,2609,entries/0194-0301.md,entry-0271
حریم‌شکن,حریم‌شکن,59,بیرونی بودن,اسم,597,entries/0001-0090.md,entry-0059
حزب,حزب,62,تنظیم,اسم,633,entries/0001-0090.md,entry-0062
حزب,حزب,74,تجمع . گردآوری,اسم,746,entries/0001-0090.md,entry-0074
حزب,حزب,371,انسان,اسم,3528,entries/0302-0437.md,entry-0371
حزب,حزب,481,عدم تشخیص . تعصب,اسم,4487,entries/0438-0543.md,entry-0481
حزب,حزب,692,شورا,اسم,6549,entries/0651-0741.md,entry-0692
حزب,حزب,708,گروه اجتماعی,اسم,6688,entries/0651-0741.md,entry-0708
حزب,حزب,975,وحی . پیامبر,اسم,9212,entries/0970-0991.md,entry-0975
حزب,حزب,978,فرقه‌گرایی,اسم,9241,entries/0970-0991.md,entry-0978
حزب باد,حزب باد,708,گروه اجتماعی,اسم,6688,entries/0651-0741.md,entry-0708
حزب جمهوری اسلامی,حزب جمهوری اسلامی,708,گروه اجتماعی,اسم,6688,entries/0651-0741.md,entry-0708
حزب سیاسی,حزب سیاسی,708,گروه اجتماعی,اسم,6688,entries/0651-0741.md,entry-0708
حزب عوض کردن,حزب عوض کردن,603,بی ثباتی . بوالهوسی,فعل,5648,entries/0544-0650.md,entry-0603
حزب مخالف,حزب مخالف,704,ضدیت . تقابل,اسم,6661,entries/0651-0741.md,entry-0704
حزبی,حزبی,708,گروه اجتماعی,صفت,6696,entries/0651-0741.md,entry-0708
حزبی,حزبی,978,فرقه‌گرایی,صفت,9243,entries/0970-0991.md,entry-0978
حزب‌الله,حزب‌الله,708,گروه اجتماعی,اسم,6688,entries/0651-0741.md,entry-0708
حزب‌اللهی,حزب‌اللهی,708,گروه اجتماعی,اسم,6692,entries/0651-0741.md,entry-0708
حزم,حزم,502,عقل . سلامت عقل,اسم,4682,entries/0438-0543.md,entry-0502
حزم,حزم,858,احتیاط,اسم,8147,entries/0851-0969.md,entry-0858
حزن‌آور,حزن‌آور,827,دردناکی,صفت,7821,entries/0742-0850.md,entry-0827
حزین,حزین,825,رنج . غم,صفت,7800,entries/0742-0850.md,entry-0825
حس,حس,374,حواس . حساسیت,اسم,3548,entries/0302-0437.md,entry-0374
حس,حس,449,اندیشه,اسم,4143,entries/0438-0543.md,entry-0449
حس,حس,476,شَمّ . غریزه,اسم,4437,entries/0438-0543.md,entry-0476
حس,حس,484,کشف,اسم,4515,entries/0438-0543.md,entry-0484
حس تماس,حس تماس,378,تماس . لمس . لامسه,اسم,3589,entries/0302-0437.md,entry-0378
حس داشتن,حس داشتن,374,حواس . حساسیت,فعل,3554,entries/0302-0437.md,entry-0374
حس ششم,حس ششم,320,معنویت 320#,اسم,3077,entries/0302-0437.md,entry-0320
حس ششم,حس ششم,374,حواس . حساسیت,اسم,3549,entries/0302-0437.md,entry-0374
حس ششم,حس ششم,438,دید . بینایی,اسم,4029,entries/0438-0543.md,entry-0438
حس ششم,حس ششم,449,اندیشه,اسم,4142,entries/0438-0543.md,entry-0449
حس ششم,حس ششم,476,شَمّ . غریزه,اسم,4437,entries/0438-0543.md,entry-0476
حس ششم,حس ششم,530,راز 530#,اسم,4999,entries/0438-0543.md,entry-0530
حس ششم,حس ششم,970,جن و پری 970#,اسم,9172,entries/0970-0991.md,entry-0970
حس ششم,حس ششم,983,جادوگری,اسم,9299,entries/0970-0991.md,entry-0983
حس ششم,حس ششم,984,حس ششم . عالم غیب,اسم,9309,entries/0970-0991.md,entry-0984
حس شنوایی,حس شنوایی,415,شنوایی,اسم,3859,entries/0302-0437.md,entry-0415
حس چشایی,حس چشایی,386,مزه . چشایی,اسم,3660,entries/0302-0437.md,entry-0386
حس کردن,حس کردن,174,فعال بودن,فعل,1649,entries/0091-0193.md,entry-0174
حس کردن,حس کردن,374,حواس . حساسیت,فعل,3554,entries/0302-0437.md,entry-0374
حس کردن,حس کردن,378,تماس . لمس . لامسه,فعل,3595,entries/0302-0437.md,entry-0378
حس کردن,حس کردن,447,شعور 447#,فعل,4132,entries/0438-0543.md,entry-0447
حس کردن,حس کردن,484,کشف,فعل,4519,entries/0438-0543.md,entry-0484
حس کردن,حس کردن,516,قابل درک,فعل,4840,entries/0438-0543.md,entry-0516
حساب,حساب,85,عدد 85#,اسم,860,entries/0001-0090.md,entry-0085
حساب,حساب,86,شمارش,اسم,869,entries/0001-0090.md,entry-0086
حساب,حساب,808,حسابداری,اسم,7631,entries/0742-0850.md,entry-0808
حساب احتمالات,حساب احتمالات,86,شمارش,اسم,871,entries/0001-0090.md,entry-0086
حساب اضافه‌برداشت,حساب اضافه‌برداشت,785,استقراض,اسم,7444,entries/0742-0850.md,entry-0785
حساب اقلیدسی,حساب اقلیدسی,86,شمارش,اسم,871,entries/0001-0090.md,entry-0086
حساب انتگرال,حساب انتگرال,86,شمارش,اسم,871,entries/0001-0090.md,entry-0086
حساب باز کردن,حساب باز کردن,802,بستانکاری,فعل,7586,entries/0742-0850.md,entry-0802
حساب بانکی,حساب بانکی,797,پول,اسم,7541,entries/0742-0850.md,entry-0797
حساب بُرداری,حساب بُرداری,86,شمارش,اسم,871,entries/0001-0090.md,entry-0086
حساب در دفترداری,حساب در دفترداری,808,حسابداری,اسم,7634,entries/0742-0850.md,entry-0808
حساب دیفرانسیل,حساب دیفرانسیل,86,شمارش,اسم,871,entries/0001-0090.md,entry-0086
حساب را نگهداشتن,حساب را نگهداشتن,86,شمارش,فعل,879,entries/0001-0090.md,entry-0086
حساب سودوزیان,حساب سودوزیان,808,حسابداری,اسم,7636,entries/0742-0850.md,entry-0808
حساب سپرده,حساب سپرده,797,پول,اسم,7541,entries/0742-0850.md,entry-0797
حساب سپرده سرمایه‌گذاری کوتاه‌مدت,حساب سپرده سرمایه‌گذاری کوتاه‌مدت,797,پول,اسم,7541,entries/0742-0850.md,entry-0797
حساب سپردۀ سرمایه‌گذاری کوتاه‌مدت (بلندمدت),حساب سپردۀ سرمایه‌گذاری کوتاه‌مدت (بلندمدت),814,صرفه‌جویی,اسم,7685,entries/0742-0850.md,entry-0814
حساب قرض‌الحسنه,حساب قرض‌الحسنه,784,اعطای وام . قرض دادن,اسم,7434,entries/0742-0850.md,entry-0784
حساب قرض‌الحسنه,حساب قرض‌الحسنه,814,صرفه‌جویی,اسم,7685,entries/0742-0850.md,entry-0814
حساب نگاه داشتن,حساب نگاه داشتن,808,حسابداری,فعل,7640,entries/0742-0850.md,entry-0808
حساب واسطه,حساب واسطه,808,حسابداری,اسم,7634,entries/0742-0850.md,entry-0808
حساب پرداختنی,حساب پرداختنی,785,استقراض,اسم,7444,entries/0742-0850.md,entry-0785
حساب کردن,حساب کردن,86,شمارش,اسم,869,entries/0001-0090.md,entry-0086
حساب کردن,حساب کردن,808,حسابداری,فعل,7640,entries/0742-0850.md,entry-0808
حساب کل,حساب کل,808,حسابداری,اسم,7634,entries/0742-0850.md,entry-0808
حساب کنترل,حساب کنترل,808,حسابداری,اسم,7634,entries/0742-0850.md,entry-0808
حسابجاری,حسابجاری,797,پول,اسم,7541,entries/0742-0850.md,entry-0797
حسابجاری بانکی,حسابجاری بانکی,784,اعطای وام . قرض دادن,اسم,7434,entries/0742-0850.md,entry-0784
حسابدار,حسابدار,86,شمارش,اسم,874,entries/0001-0090.md,entry-0086
حسابدار,حسابدار,480,تشخیص . استنتاج 480#,اسم,4476,entries/0438-0543.md,entry-0480
حسابدار,حسابدار,549,متصدی ثبت . ضبط کننده,اسم,5183,entries/0544-0650.md,entry-0549
حسابدار,حسابدار,808,حسابداری,اسم,7633,entries/0742-0850.md,entry-0808
حسابدار خبره,حسابدار خبره,808,حسابداری,اسم,7633,entries/0742-0850.md,entry-0808
حسابدار رسمی (خبره,حسابدار رسمی (خبره,696,شخص کارشناس,اسم,6585,entries/0651-0741.md,entry-0696
حسابدار مستقل,حسابدار مستقل,808,حسابداری,اسم,7633,entries/0742-0850.md,entry-0808
حسابداری,حسابداری,62,تنظیم,اسم,632,entries/0001-0090.md,entry-0062
حسابداری,حسابداری,86,شمارش,اسم,869,entries/0001-0090.md,entry-0086
حسابداری,حسابداری,808,حسابداری,اسم,7631,entries/0742-0850.md,entry-0808
حسابداری قیمت‌تمام‌شده,حسابداری قیمت‌تمام‌شده,808,حسابداری,اسم,7631,entries/0742-0850.md,entry-0808
حسابداری کردن,حسابداری کردن,86,شمارش,فعل,879,entries/0001-0090.md,entry-0086
حسابداری کردن,حسابداری کردن,808,حسابداری,فعل,7640,entries/0742-0850.md,entry-0808
حسابدهی,حسابدهی,915,وجود حق,اسم,8686,entries/0851-0969.md,entry-0915
حسابرس,حسابرس,480,تشخیص . استنتاج 480#,اسم,4476,entries/0438-0543.md,entry-0480
حسابرس,حسابرس,808,حسابداری,اسم,7633,entries/0742-0850.md,entry-0808
حسابرسی,حسابرسی,808,حسابداری,اسم,7631,entries/0742-0850.md,entry-0808
حسابرسی کردن,حسابرسی کردن,808,حسابداری,فعل,7640,entries/0742-0850.md,entry-0808
حسابسازی,حسابسازی,542,فریب,اسم,5100,entries/0438-0543.md,entry-0542
حسابسازی,حسابسازی,808,حسابداری,اسم,7631,entries/0742-0850.md,entry-0808
حسابهای سودوزیانی,حسابهای سودوزیانی,808,حسابداری,اسم,7634,entries/0742-0850.md,entry-0808
حسابِ سرانگشتی,حسابِ سرانگشتی,808,حسابداری,اسم,7631,entries/0742-0850.md,entry-0808
حسابگر,حسابگر,623,برنامه,صفت,5864,entries/0544-0650.md,entry-0623
حسابگر,حسابگر,814,صرفه‌جویی,صفت,7686,entries/0742-0850.md,entry-0814
حسابگری,حسابگری,623,برنامه,اسم,5861,entries/0544-0650.md,entry-0623
حسابی,حسابی,9,رابطه . ربط,صفت,111,entries/0001-0090.md,entry-0009
حسابی,حسابی,15,تفاوت . تمیز,صفت,163,entries/0001-0090.md,entry-0015
حسابی,حسابی,54,کامل 54#,صفت,552,entries/0001-0090.md,entry-0054
حسابی,حسابی,85,عدد 85#,صفت,865,entries/0001-0090.md,entry-0085
حسابی,حسابی,86,شمارش,صفت,876,entries/0001-0090.md,entry-0086
حسابی,حسابی,475,استدلال . تعقل,صفت,4427,entries/0438-0543.md,entry-0475
حسابی,حسابی,490,دانش . دانایی 490#,صفت,4587,entries/0438-0543.md,entry-0490
حسابی,حسابی,644,خوبی: صفات خوب انسان,صفت,6055,entries/0544-0650.md,entry-0644
حسابی,حسابی,866,خوش‌نامی,صفت,8225,entries/0851-0969.md,entry-0866
حسابی,حسابی,920,احترام 920#,صفت,8739,entries/0851-0969.md,entry-0920
حساب‌خواهی,حساب‌خواهی,808,حسابداری,اسم,7631,entries/0742-0850.md,entry-0808
حساب‌دهی,حساب‌دهی,808,حسابداری,اسم,7631,entries/0742-0850.md,entry-0808
حساب‌نشده,حساب‌نشده,726,عدم تکمیل,صفت,6892,entries/0651-0741.md,entry-0726
حساب‌وکتاب,حساب‌وکتاب,808,حسابداری,اسم,7631,entries/0742-0850.md,entry-0808
حساب‌کردن,حساب‌کردن,465,اندازه‌گیری . سنجش,فعل,4316,entries/0438-0543.md,entry-0465
حسادت,حسادت,910,انتقامجویی 910#,اسم,8643,entries/0851-0969.md,entry-0910
حسادت,حسادت,911,حسادت,اسم,8650,entries/0851-0969.md,entry-0911
حسادت,حسادت,912,غبطه,اسم,8657,entries/0851-0969.md,entry-0912
حسادت,حسادت,932,خودخواهی,اسم,8863,entries/0851-0969.md,entry-0932
حسادت کردن,حسادت کردن,911,حسادت,فعل,8653,entries/0851-0969.md,entry-0911
حساس,حساس,174,فعال بودن,صفت,1648,entries/0091-0193.md,entry-0174
حساس,حساس,374,حواس . حساسیت,صفت,3552,entries/0302-0437.md,entry-0374
حساس,حساس,460,پاسخ 460#,صفت,4267,entries/0438-0543.md,entry-0460
حساس,حساس,494,حقیقت,صفت,4622,entries/0438-0543.md,entry-0494
حساس,حساس,638,اهمیت,صفت,6002,entries/0544-0650.md,entry-0638
حساس,حساس,661,خطر,صفت,6269,entries/0651-0741.md,entry-0661
حساس,حساس,818,احساس,صفت,7723,entries/0742-0850.md,entry-0818
حساس,حساس,819,حساسیت روحی . زودرنجی,صفت,7734,entries/0742-0850.md,entry-0819
حساس,حساس,897,نیکخواهی,صفت,8533,entries/0851-0969.md,entry-0897
حساس [حساسیت فیزیکی] ◄ حساس 374: حساس شده,حساس [حساسیت فیزیکی] ◄ حساس 374: حساس شده,819,حساسیت روحی . زودرنجی,صفت,7735,entries/0742-0850.md,entry-0819
حساس بودن,حساس بودن,374,حواس . حساسیت,فعل,3554,entries/0302-0437.md,entry-0374
حساس بودن,حساس بودن,818,احساس,فعل,7727,entries/0742-0850.md,entry-0818
حساس بودن,حساس بودن,819,حساسیت روحی . زودرنجی,فعل,7737,entries/0742-0850.md,entry-0819
حساس شدن,حساس شدن,661,خطر,فعل,6273,entries/0651-0741.md,entry-0661
حساس شدن,حساس شدن,700,دشواری 700#,فعل,6619,entries/0651-0741.md,entry-0700
حساسیت,حساسیت,160,توان 160#,اسم,1496,entries/0091-0193.md,entry-0160
حساسیت,حساسیت,174,فعال بودن,اسم,1643,entries/0091-0193.md,entry-0174
حساسیت,حساسیت,180,استعداد 180#,اسم,1704,entries/0091-0193.md,entry-0180
حساسیت,حساسیت,374,حواس . حساسیت,اسم,3548,entries/0302-0437.md,entry-0374
حساسیت,حساسیت,651,بیماری . ضعف جسمانی,اسم,6124,entries/0651-0741.md,entry-0651
حساسیت,حساسیت,661,خطر,اسم,6267,entries/0651-0741.md,entry-0661
حساسیت,حساسیت,861,بی‌میلی,اسم,8177,entries/0851-0969.md,entry-0861
حساسیت روحی,حساسیت روحی,374,حواس . حساسیت,اسم,3548,entries/0302-0437.md,entry-0374
حساسیت روحی,حساسیت روحی,612,انگیختن . تحریک,اسم,5737,entries/0544-0650.md,entry-0612
حساسیت روحی,حساسیت روحی,818,احساس,اسم,7721,entries/0742-0850.md,entry-0818
حساسیت روحی,حساسیت روحی,819,حساسیت روحی . زودرنجی,اسم,7733,entries/0742-0850.md,entry-0819
حساسیت زیاد,حساسیت زیاد,892,تندطبعی,اسم,8490,entries/0851-0969.md,entry-0892
حساسیت فیزیکی,حساسیت فیزیکی,174,فعال بودن,اسم,1643,entries/0091-0193.md,entry-0174
حساسیت فیزیکی,حساسیت فیزیکی,374,حواس . حساسیت,اسم,3548,entries/0302-0437.md,entry-0374
حساسیت فیزیکی,حساسیت فیزیکی,818,احساس,اسم,7721,entries/0742-0850.md,entry-0818
حساسیت فیزیکی,حساسیت فیزیکی,819,حساسیت روحی . زودرنجی,اسم,7733,entries/0742-0850.md,entry-0819
حساسیت فیلم,حساسیت فیلم,551,تجسم,اسم,5199,entries/0544-0650.md,entry-0551
حساس‌شده,حساس‌شده,374,حواس . حساسیت,صفت,3552,entries/0302-0437.md,entry-0374
حسد,حسد,911,حسادت,اسم,8650,entries/0851-0969.md,entry-0911
حسرت,حسرت,761,خواهش,اسم,7217,entries/0742-0850.md,entry-0761
حسرت,حسرت,816,خست,اسم,7699,entries/0742-0850.md,entry-0816
حسرت,حسرت,830,تأسف 830#,اسم,7850,entries/0742-0850.md,entry-0830
حسرت,حسرت,852,امید . آرزو,اسم,8088,entries/0851-0969.md,entry-0852
حسرت بردن,حسرت بردن,852,امید . آرزو,فعل,8092,entries/0851-0969.md,entry-0852
حسرت خوردن,حسرت خوردن,816,خست,فعل,7703,entries/0742-0850.md,entry-0816
حسرت خوردن,حسرت خوردن,852,امید . آرزو,فعل,8092,entries/0851-0969.md,entry-0852
حسرت خوردن,حسرت خوردن,859,میل,فعل,8164,entries/0851-0969.md,entry-0859
حسرتا,حسرتا,830,تأسف 830#,فعل,7854,entries/0742-0850.md,entry-0830
حسن تعبیر,حسن تعبیر,483,تخفیف . دست‌کم گرفتن,اسم,4507,entries/0438-0543.md,entry-0483
حسن داشتن,حسن داشتن,615,خِیر . سعادت,فعل,5778,entries/0544-0650.md,entry-0615
حسن سلوک,حسن سلوک,884,ادب,اسم,8406,entries/0851-0969.md,entry-0884
حسن شهرت,حسن شهرت,866,خوش‌نامی,اسم,8219,entries/0851-0969.md,entry-0866
حسن نیت,حسن نیت,597,رغبت . داوطلبی,اسم,5599,entries/0544-0650.md,entry-0597
حسن نیت,حسن نیت,897,نیکخواهی,اسم,8530,entries/0851-0969.md,entry-0897
حسن نیت داشتن,حسن نیت داشتن,644,خوبی: صفات خوب انسان,فعل,6060,entries/0544-0650.md,entry-0644
حسنه,حسنه,644,خوبی: صفات خوب انسان,صفت,6054,entries/0544-0650.md,entry-0644
حسن‌نیت داشتن,حسن‌نیت داشتن,897,نیکخواهی,فعل,8534,entries/0851-0969.md,entry-0897
حسن‌نیت داشتن,حسن‌نیت داشتن,909,عفو . بخشش,فعل,8637,entries/0851-0969.md,entry-0909
حسود,حسود,486,ناباوری . شک,صفت,4541,entries/0438-0543.md,entry-0486
حسود,حسود,859,میل,صفت,8159,entries/0851-0969.md,entry-0859
حسود,حسود,891,رنجش . خشم,صفت,8478,entries/0851-0969.md,entry-0891
حسود,حسود,911,حسادت,صفت,8651,entries/0851-0969.md,entry-0911
حسود,حسود,912,غبطه,صفت,8658,entries/0851-0969.md,entry-0912
حسود بودن,حسود بودن,911,حسادت,فعل,8653,entries/0851-0969.md,entry-0911
حسّی,حسّی,476,شَمّ . غریزه,صفت,4438,entries/0438-0543.md,entry-0476
حسگر,حسگر,378,تماس . لمس . لامسه,اسم,3591,entries/0302-0437.md,entry-0378
حسگر,حسگر,484,کشف,اسم,4515,entries/0438-0543.md,entry-0484
حسگر برقی,حسگر برقی,374,حواس . حساسیت,اسم,3550,entries/0302-0437.md,entry-0374
حسینیه,حسینیه,594,تئاتر,اسم,5530,entries/0544-0650.md,entry-0594
حسینیه,حسینیه,990,معبد,اسم,9356,entries/0970-0991.md,entry-0990
حس‌کننده,حس‌کننده,374,حواس . حساسیت,اسم,3550,entries/0302-0437.md,entry-0374
حشر,حشر,89,همراهی,اسم,902,entries/0001-0090.md,entry-0089
حشر,حشر,882,اجتماعی بودن . معاشرت,اسم,8379,entries/0851-0969.md,entry-0882
حشرات,حشرات,365,حیوانات,اسم,3455,entries/0302-0437.md,entry-0365
حشره,حشره,196,خُردی,اسم,1895,entries/0194-0301.md,entry-0196
حشره,حشره,365,حیوانات,اسم,3466,entries/0302-0437.md,entry-0365
حشره‌کش,حشره‌کش,658,درمان,اسم,6219,entries/0651-0741.md,entry-0658
حشره‌کش,حشره‌کش,659,مایۀ هلاک . زهر,اسم,6245,entries/0651-0741.md,entry-0659
حشری,حشری,859,میل,صفت,8160,entries/0851-0969.md,entry-0859
حشری,حشری,944,نفس‌پرستی,صفت,8951,entries/0851-0969.md,entry-0944
حشمت,حشمت,733,اقتدار 733#,اسم,6960,entries/0651-0741.md,entry-0733
حشمت,حشمت,854,ترس,اسم,8109,entries/0851-0969.md,entry-0854
حشمت,حشمت,920,احترام 920#,اسم,8736,entries/0851-0969.md,entry-0920
حشو,حشو,40,متمّم 40#,اسم,400,entries/0001-0090.md,entry-0040
حشو,حشو,637,وفور,اسم,5989,entries/0544-0650.md,entry-0637
حشیش,حشیش,658,درمان,اسم,6223,entries/0651-0741.md,entry-0658
حصار,حصار,194,ظرف,اسم,1847,entries/0194-0301.md,entry-0194
حصار,حصار,231,میان,اسم,2240,entries/0194-0301.md,entry-0231
حصار,حصار,235,دیوار,اسم,2274,entries/0194-0301.md,entry-0235
حصار,حصار,369,دامداری,اسم,3503,entries/0302-0437.md,entry-0369
حصار,حصار,421,حفاظ . پرده,اسم,3920,entries/0302-0437.md,entry-0421
حصار,حصار,713,پاتک . دفاع,اسم,6743,entries/0651-0741.md,entry-0713
حصار برافراشتن,حصار برافراشتن,713,پاتک . دفاع,فعل,6749,entries/0651-0741.md,entry-0713
حصار بستن,حصار بستن,45,اتحاد . پیوستگی,فعل,453,entries/0001-0090.md,entry-0045
حصار بستن,حصار بستن,232,احاطه,فعل,2256,entries/0194-0301.md,entry-0232
حصار بستن,حصار بستن,235,دیوار,فعل,2277,entries/0194-0301.md,entry-0235
حصار بستن,حصار بستن,261,خَم,فعل,2498,entries/0194-0301.md,entry-0261
حصار شهر,حصار شهر,68,آغاز,اسم,687,entries/0001-0090.md,entry-0068
حصار کشیدن,حصار کشیدن,223,بیرون [فضا],فعل,2147,entries/0194-0301.md,entry-0223
حصار کشیدن,حصار کشیدن,232,احاطه,فعل,2256,entries/0194-0301.md,entry-0232
حصار کشیدن,حصار کشیدن,235,دیوار,فعل,2277,entries/0194-0301.md,entry-0235
حصاربستن,حصاربستن,702,منع . ممانعت,فعل,6645,entries/0651-0741.md,entry-0702
حصاربستن,حصاربستن,712,تک . حمله,فعل,6732,entries/0651-0741.md,entry-0712
حصارکشی,حصارکشی,232,احاطه,اسم,2253,entries/0194-0301.md,entry-0232
حصر جایی را شکستن,حصر جایی را شکستن,746,آزادسازی,فعل,7107,entries/0742-0850.md,entry-0746
حصه,حصه,53,جزء,اسم,540,entries/0001-0090.md,entry-0053
حصه,حصه,102,کسر,اسم,965,entries/0091-0193.md,entry-0102
حصه,حصه,236,حَدّ,اسم,2281,entries/0194-0301.md,entry-0236
حصه,حصه,783,تسهیم,اسم,7426,entries/0742-0850.md,entry-0783
حصول,حصول,69,پایان,اسم,701,entries/0001-0090.md,entry-0069
حصول,حصول,173,عاملیت,اسم,1632,entries/0091-0193.md,entry-0173
حصول,حصول,289,نزدیک شدن (تقرب),اسم,2767,entries/0194-0301.md,entry-0289
حصول,حصول,295,ورود,اسم,2805,entries/0194-0301.md,entry-0295
حصول,حصول,725,تکمیل . اجرا,اسم,6882,entries/0651-0741.md,entry-0725
حصول,حصول,727,موفقیت,اسم,6899,entries/0651-0741.md,entry-0727
حصول,حصول,773,مالکیت,اسم,7330,entries/0742-0850.md,entry-0773
حصول,حصول,786,اخذ . گرفتن,اسم,7453,entries/0742-0850.md,entry-0786
حصیر,حصیر,194,ظرف,اسم,1852,entries/0194-0301.md,entry-0194
حصیر,حصیر,222,تاروپود: بافت متقاطع,اسم,2132,entries/0194-0301.md,entry-0222
حصیرآباد,حصیرآباد,192,منزل: محل سکنا یا زندگی,اسم,1822,entries/0091-0193.md,entry-0192
حصیری,حصیری,222,تاروپود: بافت متقاطع,صفت,2137,entries/0194-0301.md,entry-0222
حضار,حضار,189,حضور,اسم,1787,entries/0091-0193.md,entry-0189
حضار,حضار,415,شنوایی,اسم,3861,entries/0302-0437.md,entry-0415
حضار,حضار,441,بیننده,اسم,4062,entries/0438-0543.md,entry-0441
حضار,حضار,594,تئاتر,اسم,5537,entries/0544-0650.md,entry-0594
حضانت,حضانت,169,ولایت . ولی,اسم,1598,entries/0091-0193.md,entry-0169
حضرت,حضرت,870,عنوان 870#,اسم,8274,entries/0851-0969.md,entry-0870
حضرت اجلّ,حضرت اجلّ,868,نجبا,اسم,8251,entries/0851-0969.md,entry-0868
حضرت احدیت,حضرت احدیت,965,ذات خداوندی,اسم,9136,entries/0851-0969.md,entry-0965
حضرت حق,حضرت حق,880,دوستی 880#,صفت,8361,entries/0851-0969.md,entry-0880
حضرت دوست,حضرت دوست,991,عرفان,اسم,9369,entries/0970-0991.md,entry-0991
حضور,حضور,1,وجود (هستی),اسم,26,entries/0001-0090.md,entry-0001
حضور,حضور,26,کمیت,اسم,263,entries/0001-0090.md,entry-0026
حضور,حضور,79,عمومیت,اسم,794,entries/0001-0090.md,entry-0079
حضور,حضور,189,حضور,اسم,1787,entries/0091-0193.md,entry-0189
حضور,حضور,224,درون,اسم,2152,entries/0194-0301.md,entry-0224
حضور,حضور,237,جلو,اسم,2290,entries/0194-0301.md,entry-0237
حضور داشتن,حضور داشتن,1,وجود (هستی),فعل,31,entries/0001-0090.md,entry-0001
حضور داشتن,حضور داشتن,154,رویداد 154#,فعل,1429,entries/0091-0193.md,entry-0154
حضور داشتن,حضور داشتن,189,حضور,فعل,1790,entries/0091-0193.md,entry-0189
حضور داشتن,حضور داشتن,224,درون,فعل,2155,entries/0194-0301.md,entry-0224
حضور نداشتن,حضور نداشتن,190,غیاب 190#,فعل,1804,entries/0091-0193.md,entry-0190
حضور نیافتن,حضور نیافتن,190,غیاب 190#,فعل,1804,entries/0091-0193.md,entry-0190
حضوردارنده,حضوردارنده,189,حضور,اسم,1788,entries/0091-0193.md,entry-0189
حضیض,حضیض,103,صفر,اسم,969,entries/0091-0193.md,entry-0103
حضیض,حضیض,200,نزدیکی 200#,اسم,1931,entries/0194-0301.md,entry-0200
حضیض,حضیض,204,کوتاهی,اسم,1970,entries/0194-0301.md,entry-0204
حضیض,حضیض,210,پَستی . پایین . زیر 210#,اسم,2027,entries/0194-0301.md,entry-0210
حظ,حظ,376,لذت,اسم,3569,entries/0302-0437.md,entry-0376
حظ,حظ,824,خوشی,اسم,7786,entries/0742-0850.md,entry-0824
حظ,حظ,833,سرحالی . شادی,اسم,7873,entries/0742-0850.md,entry-0833
حفار,حفار,255,تقعر,اسم,2447,entries/0194-0301.md,entry-0255
حفار,حفار,304,استخراج,اسم,2936,entries/0302-0437.md,entry-0304
حفاری,حفاری,255,تقعر,اسم,2446,entries/0194-0301.md,entry-0255
حفاری,حفاری,304,استخراج,اسم,2932,entries/0302-0437.md,entry-0304
حفاری باستان‌شناسی,حفاری باستان‌شناسی,255,تقعر,اسم,2446,entries/0194-0301.md,entry-0255
حفاری باستان‌شناسی,حفاری باستان‌شناسی,304,استخراج,اسم,2934,entries/0302-0437.md,entry-0304
حفاری کردن,حفاری کردن,255,تقعر,فعل,2450,entries/0194-0301.md,entry-0255
حفاری کردن,حفاری کردن,304,استخراج,فعل,2938,entries/0302-0437.md,entry-0304
حفاظ,حفاظ,192,منزل: محل سکنا یا زندگی,اسم,1821,entries/0091-0193.md,entry-0192
حفاظ,حفاظ,421,حفاظ . پرده,اسم,3920,entries/0302-0437.md,entry-0421
حفاظ,حفاظ,662,پناهگاه,اسم,6279,entries/0651-0741.md,entry-0662
حفاظ,حفاظ,683,استراحت,اسم,6480,entries/0651-0741.md,entry-0683
حفاظ کشیدن,حفاظ کشیدن,382,سرمایش,فعل,3639,entries/0302-0437.md,entry-0382
حفاظ کشیدن,حفاظ کشیدن,418,تاریکی,فعل,3894,entries/0302-0437.md,entry-0418
حفاظ کشیدن,حفاظ کشیدن,421,حفاظ . پرده,فعل,3924,entries/0302-0437.md,entry-0421
حفاظ کشیدن,حفاظ کشیدن,423,کدر,فعل,3936,entries/0302-0437.md,entry-0423
حفاظت,حفاظت,299,پذیرش,اسم,2848,entries/0194-0301.md,entry-0299
حفاظت,حفاظت,455,توجه,اسم,4196,entries/0438-0543.md,entry-0455
حفاظت,حفاظت,457,مراقبت . دقت,اسم,4220,entries/0438-0543.md,entry-0457
حفاظت,حفاظت,632,انبار,اسم,5947,entries/0544-0650.md,entry-0632
حفاظت,حفاظت,660,ایمنی 660#,اسم,6254,entries/0651-0741.md,entry-0660
حفاظت,حفاظت,666,حفظ: جلوگیری ازفساد,اسم,6306,entries/0651-0741.md,entry-0666
حفاظت,حفاظت,722,رزمنده,اسم,6838,entries/0651-0741.md,entry-0722
حفاظت,حفاظت,747,تحدید . خودداری,اسم,7112,entries/0742-0850.md,entry-0747
حفاظت,حفاظت,778,نگهداری,اسم,7378,entries/0742-0850.md,entry-0778
حفاظت,حفاظت,927,حمایت,اسم,8813,entries/0851-0969.md,entry-0927
حفاظت کردن,حفاظت کردن,89,همراهی,فعل,905,entries/0001-0090.md,entry-0089
حفاظت کردن,حفاظت کردن,421,حفاظ . پرده,فعل,3924,entries/0302-0437.md,entry-0421
حفاظت کردن,حفاظت کردن,457,مراقبت . دقت,فعل,4226,entries/0438-0543.md,entry-0457
حفاظت کردن,حفاظت کردن,660,ایمنی 660#,فعل,6260,entries/0651-0741.md,entry-0660
حفاظت کردن,حفاظت کردن,669,آمادگی,فعل,6343,entries/0651-0741.md,entry-0669
حفاظت کردن,حفاظت کردن,713,پاتک . دفاع,فعل,6749,entries/0651-0741.md,entry-0713
حفاظت کردن,حفاظت کردن,778,نگهداری,فعل,7382,entries/0742-0850.md,entry-0778
حفاظت کردن,حفاظت کردن,927,حمایت,فعل,8818,entries/0851-0969.md,entry-0927
حفاظت‌کننده,حفاظت‌کننده,660,ایمنی 660#,صفت,6258,entries/0651-0741.md,entry-0660
حفر,حفر,255,تقعر,اسم,2446,entries/0194-0301.md,entry-0255
حفر,حفر,304,استخراج,اسم,2934,entries/0302-0437.md,entry-0304
حفر کردن,حفر کردن,255,تقعر,فعل,2450,entries/0194-0301.md,entry-0255
حفر کردن,حفر کردن,304,استخراج,فعل,2937,entries/0302-0437.md,entry-0304
حفر کننده,حفر کننده,255,تقعر,اسم,2447,entries/0194-0301.md,entry-0255
حفره,حفره,190,غیاب 190#,اسم,1799,entries/0091-0193.md,entry-0190
حفره,حفره,194,ظرف,اسم,1847,entries/0194-0301.md,entry-0194
حفره,حفره,201,فاصله,اسم,1942,entries/0194-0301.md,entry-0201
حفره,حفره,210,پَستی . پایین . زیر 210#,اسم,2027,entries/0194-0301.md,entry-0210
حفره,حفره,247,زاویه,اسم,2366,entries/0194-0301.md,entry-0247
حفره,حفره,255,تقعر,اسم,2444,entries/0194-0301.md,entry-0255
حفره,حفره,256,تیزی 256#,اسم,2456,entries/0194-0301.md,entry-0256
حفره,حفره,298,صدور: حرکت به‌بیرون 298#,اسم,2839,entries/0194-0301.md,entry-0298
حفره,حفره,748,زندان,اسم,7125,entries/0742-0850.md,entry-0748
حفرکننده,حفرکننده,304,استخراج,اسم,2936,entries/0302-0437.md,entry-0304
حفرکنندۀ چاه یا قنات,حفرکنندۀ چاه یا قنات,304,استخراج,اسم,2935,entries/0302-0437.md,entry-0304
حفظ,حفظ,505,حافظه,اسم,4716,entries/0438-0543.md,entry-0505
حفظ,حفظ,632,انبار,اسم,5947,entries/0544-0650.md,entry-0632
حفظ,حفظ,660,ایمنی 660#,اسم,6254,entries/0651-0741.md,entry-0660
حفظ,حفظ,666,حفظ: جلوگیری ازفساد,اسم,6306,entries/0651-0741.md,entry-0666
حفظ,حفظ,778,نگهداری,اسم,7378,entries/0742-0850.md,entry-0778
حفظ,حفظ,927,حمایت,اسم,8813,entries/0851-0969.md,entry-0927
حفظ اموال,حفظ اموال,778,نگهداری,اسم,7378,entries/0742-0850.md,entry-0778
حفظ اموال ◄ نگهداری,حفظ اموال ◄ نگهداری,421,حفاظ . پرده,اسم,3920,entries/0302-0437.md,entry-0421
حفظ اموال ◄ نگهداری,حفظ اموال ◄ نگهداری,666,حفظ: جلوگیری ازفساد,اسم,6306,entries/0651-0741.md,entry-0666
حفظ کردن,حفظ کردن,146,عدم توقف: تداوم در حرکت / عمل,فعل,1355,entries/0091-0193.md,entry-0146
حفظ کردن,حفظ کردن,153,پایداری (تغییرناپذیری),فعل,1419,entries/0091-0193.md,entry-0153
حفظ کردن,حفظ کردن,388,تیزی مزه,فعل,3674,entries/0302-0437.md,entry-0388
حفظ کردن,حفظ کردن,505,حافظه,اسم,4717,entries/0438-0543.md,entry-0505
حفظ کردن,حفظ کردن,516,قابل درک,فعل,4840,entries/0438-0543.md,entry-0516
حفظ کردن,حفظ کردن,536,یادگیری,فعل,5054,entries/0438-0543.md,entry-0536
حفظ کردن,حفظ کردن,666,حفظ: جلوگیری ازفساد,فعل,6310,entries/0651-0741.md,entry-0666
حفظ کردن,حفظ کردن,669,آمادگی,فعل,6346,entries/0651-0741.md,entry-0669
حفظ کردن,حفظ کردن,778,نگهداری,فعل,7382,entries/0742-0850.md,entry-0778
حفظ کردن [اموال],حفظ کردن [اموال],421,حفاظ . پرده,فعل,3924,entries/0302-0437.md,entry-0421
حفظی,حفظی,505,حافظه,صفت,4720,entries/0438-0543.md,entry-0505
حفظ‌الصحه,حفظ‌الصحه,652,گوارایی,اسم,6154,entries/0651-0741.md,entry-0652
حفظ‌شده,حفظ‌شده,505,حافظه,صفت,4720,entries/0438-0543.md,entry-0505
حفظ‌شده,حفظ‌شده,666,حفظ: جلوگیری ازفساد,صفت,6309,entries/0651-0741.md,entry-0666
حفظ‌شده,حفظ‌شده,778,نگهداری,صفت,7381,entries/0742-0850.md,entry-0778
حفظ‌شده,حفظ‌شده,786,اخذ . گرفتن,صفت,7458,entries/0742-0850.md,entry-0786
حفظ‌کننده,حفظ‌کننده,666,حفظ: جلوگیری ازفساد,اسم,6308,entries/0651-0741.md,entry-0666
حفظ‌کننده,حفظ‌کننده,778,نگهداری,صفت,7380,entries/0742-0850.md,entry-0778
حق,حق,473,قطعیت,صفت,4392,entries/0438-0543.md,entry-0473
حق,حق,480,تشخیص . استنتاج 480#,اسم,4474,entries/0438-0543.md,entry-0480
حق,حق,773,مالکیت,اسم,7330,entries/0742-0850.md,entry-0773
حق,حق,777,دارایی . مِلک 777#,اسم,7366,entries/0742-0850.md,entry-0777
حق,حق,913,حق . راستی,اسم,8668,entries/0851-0969.md,entry-0913
حق,حق,915,وجود حق,اسم,8686,entries/0851-0969.md,entry-0915
حق,حق,929,درستی . درستکاری,اسم,8836,entries/0851-0969.md,entry-0929
حق,حق,962,پاداش,اسم,9099,entries/0851-0969.md,entry-0962
حق,حق,965,ذات خداوندی,اسم,9136,entries/0851-0969.md,entry-0965
حق آب,حق آب,624,راه,اسم,5872,entries/0544-0650.md,entry-0624
حق آب,حق آب,773,مالکیت,اسم,7330,entries/0742-0850.md,entry-0773
حق اختراع,حق اختراع,57,بیرون گذاشتن,اسم,580,entries/0001-0090.md,entry-0057
حق اختراع,حق اختراع,777,دارایی . مِلک 777#,اسم,7366,entries/0742-0850.md,entry-0777
حق استفاده,حق استفاده,777,دارایی . مِلک 777#,اسم,7366,entries/0742-0850.md,entry-0777
حق استفاده ◄ دارایی,حق استفاده ◄ دارایی,773,مالکیت,اسم,7330,entries/0742-0850.md,entry-0773
حق اشتراک,حق اشتراک,809,قیمت,اسم,7644,entries/0742-0850.md,entry-0809
حق انحصاری,حق انحصاری,57,بیرون گذاشتن,اسم,580,entries/0001-0090.md,entry-0057
حق انحصاری,حق انحصاری,777,دارایی . مِلک 777#,اسم,7366,entries/0742-0850.md,entry-0777
حق ایاب‌وذهاب,حق ایاب‌وذهاب,771,اکتساب,اسم,7307,entries/0742-0850.md,entry-0771
حق بجانب,حق بجانب,927,حمایت,صفت,8817,entries/0851-0969.md,entry-0927
حق برداشت مخصوص,حق برداشت مخصوص,797,پول,اسم,7540,entries/0742-0850.md,entry-0797
حق به‌حقدار دادن,حق به‌حقدار دادن,158,اِسناد: نسبت دادنِ علت,اسم,1475,entries/0091-0193.md,entry-0158
حق بودن,حق بودن,644,خوبی: صفات خوب انسان,فعل,6059,entries/0544-0650.md,entry-0644
حق بودن,حق بودن,915,وجود حق,فعل,8689,entries/0851-0969.md,entry-0915
حق بودن,حق بودن,917,وظیفه,فعل,8716,entries/0851-0969.md,entry-0917
حق تابعیت دادن,حق تابعیت دادن,83,تطبیق,فعل,840,entries/0001-0090.md,entry-0083
حق تعیین سرنوشت,حق تعیین سرنوشت,744,آزادی,اسم,7082,entries/0742-0850.md,entry-0744
حق تقدم,حق تقدم,57,بیرون گذاشتن,اسم,580,entries/0001-0090.md,entry-0057
حق تقدم,حق تقدم,64,تقدم [در ترتیب],اسم,651,entries/0001-0090.md,entry-0064
حق تقدم,حق تقدم,283,پیشتازی,اسم,2721,entries/0194-0301.md,entry-0283
حق تقدم,حق تقدم,802,بستانکاری,اسم,7584,entries/0742-0850.md,entry-0802
حق جذب,حق جذب,771,اکتساب,اسم,7307,entries/0742-0850.md,entry-0771
حق حاکمیت ملی,حق حاکمیت ملی,733,اقتدار 733#,اسم,6960,entries/0651-0741.md,entry-0733
حق خود دانستن,حق خود دانستن,908,نمک‌نشناسی,فعل,8630,entries/0851-0969.md,entry-0908
حق خود را خواستن,حق خود را خواستن,915,وجود حق,فعل,8690,entries/0851-0969.md,entry-0915
حق داشتن,حق داشتن,915,وجود حق,فعل,8689,entries/0851-0969.md,entry-0915
حق داشتن ◄ حق بودن,حق داشتن ◄ حق بودن,773,مالکیت,فعل,7336,entries/0742-0850.md,entry-0773
حق داشتن ◄ حق بودن,حق داشتن ◄ حق بودن,777,دارایی . مِلک 777#,فعل,7372,entries/0742-0850.md,entry-0777
حق دسترسی,حق دسترسی,773,مالکیت,اسم,7330,entries/0742-0850.md,entry-0773
حق دسترسی,حق دسترسی,777,دارایی . مِلک 777#,اسم,7366,entries/0742-0850.md,entry-0777
حق دلالی,حق دلالی,771,اکتساب,اسم,7307,entries/0742-0850.md,entry-0771
حق دیگری (مسئولیت نسبت به دیگری): بدهکاری,حق دیگری (مسئولیت نسبت به دیگری): بدهکاری,915,وجود حق,اسم,8686,entries/0851-0969.md,entry-0915
حق رأی,حق رأی,134,بلوغ,اسم,1233,entries/0091-0193.md,entry-0134
حق را به‌جانب کسی دادن,حق را به‌جانب کسی دادن,927,حمایت,فعل,8818,entries/0851-0969.md,entry-0927
حق را به‌حق‌دار دادن,حق را به‌حق‌دار دادن,913,حق . راستی,فعل,8672,entries/0851-0969.md,entry-0913
حق را دادن,حق را دادن,915,وجود حق,فعل,8692,entries/0851-0969.md,entry-0915
حق را گرفتن,حق را گرفتن,735,سخت‌گیری,فعل,6996,entries/0651-0741.md,entry-0735
حق را گرفتن,حق را گرفتن,916,فقدان حق,فعل,8706,entries/0851-0969.md,entry-0916
حق شرب,حق شرب,339,آب,اسم,3240,entries/0302-0437.md,entry-0339
حق شناسی,حق شناسی,962,پاداش,اسم,9099,entries/0851-0969.md,entry-0962
حق طبع و نشر,حق طبع و نشر,57,بیرون گذاشتن,اسم,580,entries/0001-0090.md,entry-0057
حق طبع و نشر ◄ انحصارات,حق طبع و نشر ◄ انحصارات,21,نوآوری,اسم,213,entries/0001-0090.md,entry-0021
حق عبور,حق عبور,777,دارایی . مِلک 777#,اسم,7366,entries/0742-0850.md,entry-0777
حق قضاوت,حق قضاوت,955,دادگستری . قضا . قضاوت,اسم,9046,entries/0851-0969.md,entry-0955
حق نداشتن,حق نداشتن,203,درازی (طول),فعل,1963,entries/0194-0301.md,entry-0203
حق نداشتن,حق نداشتن,306,زیاده‌روی . فزونی (حرکت فراتر),فعل,2954,entries/0302-0437.md,entry-0306
حق نداشتن,حق نداشتن,614,بهانه: انگیزۀ ظاهری,فعل,5767,entries/0544-0650.md,entry-0614
حق نداشتن,حق نداشتن,916,فقدان حق,فعل,8705,entries/0851-0969.md,entry-0916
حق نداشتن,حق نداشتن,954,غیرقانونی,فعل,9042,entries/0851-0969.md,entry-0954
حق وتو,حق وتو,740,اجبار 740#,اسم,7041,entries/0651-0741.md,entry-0740
حق وتو,حق وتو,744,آزادی,اسم,7081,entries/0742-0850.md,entry-0744
حق ویژه,حق ویژه,34,برتری,اسم,345,entries/0001-0090.md,entry-0034
حق چاپ انحصاری,حق چاپ انحصاری,21,نوآوری,اسم,213,entries/0001-0090.md,entry-0021
حق چاپ انحصاری,حق چاپ انحصاری,57,بیرون گذاشتن,اسم,580,entries/0001-0090.md,entry-0057
حقا,حقا,915,وجود حق,صفت,8687,entries/0851-0969.md,entry-0915
حقابه,حقابه,777,دارایی . مِلک 777#,اسم,7366,entries/0742-0850.md,entry-0777
حقارت,حقارت,35,کهتری,اسم,356,entries/0001-0090.md,entry-0035
حقارت,حقارت,311,تنزل: پایین آوردن,اسم,2991,entries/0302-0437.md,entry-0311
حقارت,حقارت,483,تخفیف . دست‌کم گرفتن,اسم,4507,entries/0438-0543.md,entry-0483
حقارت,حقارت,872,حقارت . خفت,اسم,8284,entries/0851-0969.md,entry-0872
حقارت,حقارت,874,فروتنی . شرم,اسم,8303,entries/0851-0969.md,entry-0874
حقارت,حقارت,922,تحقیر,اسم,8756,entries/0851-0969.md,entry-0922
حقانیت,حقانیت,913,حق . راستی,اسم,8668,entries/0851-0969.md,entry-0913
حقانیت چیزی را اثبات کردن,حقانیت چیزی را اثبات کردن,927,حمایت,فعل,8819,entries/0851-0969.md,entry-0927
حقاً,حقاً,494,حقیقت,قید,4624,entries/0438-0543.md,entry-0494
حقاً ◄ واقعاً,حقاً ◄ واقعاً,915,وجود حق,قید,8693,entries/0851-0969.md,entry-0915
حقایق,حقایق,466,مدرک,اسم,4329,entries/0438-0543.md,entry-0466
حقش بودن,حقش بودن,714,تلافی,فعل,6758,entries/0651-0741.md,entry-0714
حقه,حقه,542,فریب,اسم,5101,entries/0438-0543.md,entry-0542
حقه,حقه,930,نادرستی 930#,اسم,8846,entries/0851-0969.md,entry-0930
حقه‌باز,حقه‌باز,542,فریب,صفت,5104,entries/0438-0543.md,entry-0542
حقه‌باز,حقه‌باز,698,زیرکی,صفت,6596,entries/0651-0741.md,entry-0698
حقه‌باز,حقه‌باز,850,ادا 850#,صفت,8068,entries/0742-0850.md,entry-0850
حقه‌باز,حقه‌باز,934,شرارت,صفت,8878,entries/0851-0969.md,entry-0934
حقه‌بازی,حقه‌بازی,542,فریب,اسم,5099,entries/0438-0543.md,entry-0542
حقوق,حقوق,771,اکتساب,اسم,7307,entries/0742-0850.md,entry-0771
حقوق,حقوق,804,پرداخت,اسم,7600,entries/0742-0850.md,entry-0804
حقوق,حقوق,913,حق . راستی,اسم,8668,entries/0851-0969.md,entry-0913
حقوق,حقوق,927,حمایت,اسم,8814,entries/0851-0969.md,entry-0927
حقوق,حقوق,953,قانونیت,اسم,9026,entries/0851-0969.md,entry-0953
حقوق بازنشستگی,حقوق بازنشستگی,753,استعفا,اسم,7157,entries/0742-0850.md,entry-0753
حقوق بازنشستگی,حقوق بازنشستگی,771,اکتساب,اسم,7307,entries/0742-0850.md,entry-0771
حقوق تألیف,حقوق تألیف,21,نوآوری,اسم,213,entries/0001-0090.md,entry-0021
حقوق تألیف,حقوق تألیف,57,بیرون گذاشتن,اسم,580,entries/0001-0090.md,entry-0057
حقوق تألیف,حقوق تألیف,777,دارایی . مِلک 777#,اسم,7366,entries/0742-0850.md,entry-0777
حقوق راجعه,حقوق راجعه,777,دارایی . مِلک 777#,اسم,7366,entries/0742-0850.md,entry-0777
حقوق طبیعی و ذاتی,حقوق طبیعی و ذاتی,915,وجود حق,اسم,8686,entries/0851-0969.md,entry-0915
حقوق طبیعی و ذاتی ◄ وجود حق,حقوق طبیعی و ذاتی ◄ وجود حق,777,دارایی . مِلک 777#,اسم,7369,entries/0742-0850.md,entry-0777
حقوق طبیعی و ذاتی ◄ وجود حق,حقوق طبیعی و ذاتی ◄ وجود حق,780,انتقال ملک 780#,اسم,7398,entries/0742-0850.md,entry-0780
حقوق مالکانه,حقوق مالکانه,773,مالکیت,اسم,7330,entries/0742-0850.md,entry-0773
حقوق مالکانه,حقوق مالکانه,777,دارایی . مِلک 777#,اسم,7366,entries/0742-0850.md,entry-0777
حقوق مالکیت,حقوق مالکیت,913,حق . راستی,اسم,8668,entries/0851-0969.md,entry-0913
حقوق مدنی,حقوق مدنی,915,وجود حق,اسم,8686,entries/0851-0969.md,entry-0915
حقوق معنوی,حقوق معنوی,57,بیرون گذاشتن,اسم,580,entries/0001-0090.md,entry-0057
حقوق معنوی,حقوق معنوی,777,دارایی . مِلک 777#,اسم,7366,entries/0742-0850.md,entry-0777
حقوق ملکی,حقوق ملکی,915,وجود حق,اسم,8686,entries/0851-0969.md,entry-0915
حقوق مکتسبه,حقوق مکتسبه,915,وجود حق,اسم,8686,entries/0851-0969.md,entry-0915
حقوق پایه,حقوق پایه,771,اکتساب,اسم,7307,entries/0742-0850.md,entry-0771
حقوق کسیرا به‌رسمیت شناختن,حقوق کسیرا به‌رسمیت شناختن,915,وجود حق,فعل,8692,entries/0851-0969.md,entry-0915
حقوق کیفری (مدنی,حقوق کیفری (مدنی,953,قانونیت,اسم,9028,entries/0851-0969.md,entry-0953
حقوق گمرکی,حقوق گمرکی,809,قیمت,اسم,7646,entries/0742-0850.md,entry-0809
حقوق یا املاک انتقالی در زمان حیات: موقوفه,حقوق یا املاک انتقالی در زمان حیات: موقوفه,780,انتقال ملک 780#,اسم,7398,entries/0742-0850.md,entry-0780
حقوقدان,حقوقدان,958,حقوقدان,اسم,9067,entries/0851-0969.md,entry-0958
حقوقدان کیفری,حقوقدان کیفری,958,حقوقدان,اسم,9067,entries/0851-0969.md,entry-0958
حقوقدانی,حقوقدانی,953,قانونیت,اسم,9028,entries/0851-0969.md,entry-0953
حقوقی,حقوقی,953,قانونیت,صفت,9029,entries/0851-0969.md,entry-0953
حقوقی,حقوقی,955,دادگستری . قضا . قضاوت,صفت,9051,entries/0851-0969.md,entry-0955
حقوق‌بگیر,حقوق‌بگیر,686,عامل,اسم,6504,entries/0651-0741.md,entry-0686
حقوق‌بگیر,حقوق‌بگیر,771,اکتساب,صفت,7309,entries/0742-0850.md,entry-0771
حقوق‌بگیر,حقوق‌بگیر,782,دریافت,اسم,7417,entries/0742-0850.md,entry-0782
حقیر,حقیر,196,خُردی,صفت,1898,entries/0194-0301.md,entry-0196
حقیر,حقیر,483,تخفیف . دست‌کم گرفتن,صفت,4509,entries/0438-0543.md,entry-0483
حقیر,حقیر,639,عدم اهمیت,صفت,6014,entries/0544-0650.md,entry-0639
حقیر,حقیر,870,عنوان 870#,اسم,8274,entries/0851-0969.md,entry-0870
حقیر,حقیر,872,حقارت . خفت,صفت,8286,entries/0851-0969.md,entry-0872
حقیر,حقیر,920,احترام 920#,صفت,8738,entries/0851-0969.md,entry-0920
حقیر,حقیر,922,تحقیر,اسم,8756,entries/0851-0969.md,entry-0922
حقیر,حقیر,930,نادرستی 930#,صفت,8848,entries/0851-0969.md,entry-0930
حقیر بودن,حقیر بودن,639,عدم اهمیت,فعل,6016,entries/0544-0650.md,entry-0639
حقیر بودن,حقیر بودن,872,حقارت . خفت,فعل,8288,entries/0851-0969.md,entry-0872
حقیر بودن,حقیر بودن,874,فروتنی . شرم,فعل,8307,entries/0851-0969.md,entry-0874
حقیر شمردن,حقیر شمردن,851,تمسخر,فعل,8082,entries/0851-0969.md,entry-0851
حقیر شمردن,حقیر شمردن,922,تحقیر,فعل,8760,entries/0851-0969.md,entry-0922
حقیقت,حقیقت,1,وجود (هستی),اسم,27,entries/0001-0090.md,entry-0001
حقیقت,حقیقت,5,عرضیت,اسم,66,entries/0001-0090.md,entry-0005
حقیقت,حقیقت,154,رویداد 154#,اسم,1423,entries/0091-0193.md,entry-0154
حقیقت,حقیقت,391,بدطعمی,اسم,3691,entries/0302-0437.md,entry-0391
حقیقت,حقیقت,478,اثبات,اسم,4453,entries/0438-0543.md,entry-0478
حقیقت,حقیقت,494,حقیقت,اسم,4617,entries/0438-0543.md,entry-0494
حقیقت,حقیقت,540,راستگویی 540#,اسم,5081,entries/0438-0543.md,entry-0540
حقیقت,حقیقت,567,صراحت کلام,اسم,5313,entries/0544-0650.md,entry-0567
حقیقت,حقیقت,913,حق . راستی,اسم,8668,entries/0851-0969.md,entry-0913
حقیقت,حقیقت,929,درستی . درستکاری,اسم,8836,entries/0851-0969.md,entry-0929
حقیقت,حقیقت,991,عرفان,اسم,9365,entries/0970-0991.md,entry-0991
حقیقت انکارناپذیر,حقیقت انکارناپذیر,478,اثبات,اسم,4453,entries/0438-0543.md,entry-0478
حقیقت داشتن,حقیقت داشتن,1,وجود (هستی),اسم,27,entries/0001-0090.md,entry-0001
حقیقت را وارونه جلوه دادن,حقیقت را وارونه جلوه دادن,143,تغییر و تحول 143#,فعل,1326,entries/0091-0193.md,entry-0143
حقیقت محض,حقیقت محض,494,حقیقت,اسم,4617,entries/0438-0543.md,entry-0494
حقیقتاً,حقیقتاً,473,قطعیت,قید,4398,entries/0438-0543.md,entry-0473
حقیقتاً,حقیقتاً,494,حقیقت,قید,4624,entries/0438-0543.md,entry-0494
حقیقت‌بین,حقیقت‌بین,913,حق . راستی,صفت,8671,entries/0851-0969.md,entry-0913
حقیقت‌را اظهار نکردن,حقیقت‌را اظهار نکردن,483,تخفیف . دست‌کم گرفتن,فعل,4510,entries/0438-0543.md,entry-0483
حقیقی,حقیقی,1,وجود (هستی),صفت,30,entries/0001-0090.md,entry-0001
حقیقی,حقیقی,85,عدد 85#,صفت,865,entries/0001-0090.md,entry-0085
حقیقی,حقیقی,494,حقیقت,صفت,4621,entries/0438-0543.md,entry-0494
حقیقی,حقیقی,913,حق . راستی,صفت,8670,entries/0851-0969.md,entry-0913
حق‌ را به‌حق‌دار دادن,حق‌ را به‌حق‌دار دادن,915,وجود حق,فعل,8692,entries/0851-0969.md,entry-0915
حق‌استفاده,حق‌استفاده,673,استفاده,اسم,6379,entries/0651-0741.md,entry-0673
حق‌التحقیق,حق‌التحقیق,771,اکتساب,اسم,7307,entries/0742-0850.md,entry-0771
حق‌الزحمه,حق‌الزحمه,771,اکتساب,اسم,7307,entries/0742-0850.md,entry-0771
حق‌الزحمه,حق‌الزحمه,804,پرداخت,اسم,7600,entries/0742-0850.md,entry-0804
حق‌الزحمه,حق‌الزحمه,962,پاداش,اسم,9099,entries/0851-0969.md,entry-0962
حق‌الشرکه,حق‌الشرکه,706,همکاری . تعاون,اسم,6674,entries/0651-0741.md,entry-0706
حق‌الشرکه,حق‌الشرکه,777,دارایی . مِلک 777#,اسم,7366,entries/0742-0850.md,entry-0777
حق‌الشرکه,حق‌الشرکه,783,تسهیم,اسم,7426,entries/0742-0850.md,entry-0783
حق‌العمل,حق‌العمل,771,اکتساب,اسم,7307,entries/0742-0850.md,entry-0771
حق‌العملکاری,حق‌العملکاری,751,انتصاب,اسم,7138,entries/0742-0850.md,entry-0751
حق‌به‌جانب,حق‌به‌جانب,477,سفسطه . تناقض,صفت,4445,entries/0438-0543.md,entry-0477
حق‌به‌جانب,حق‌به‌جانب,614,بهانه: انگیزۀ ظاهری,صفت,5765,entries/0544-0650.md,entry-0614
حق‌به‌جانب بودن,حق‌به‌جانب بودن,477,سفسطه . تناقض,اسم,4444,entries/0438-0543.md,entry-0477
حق‌خورده,حق‌خورده,908,نمک‌نشناسی,صفت,8629,entries/0851-0969.md,entry-0908
حق‌شناس,حق‌شناس,907,حق‌شناسی . شُکر,صفت,8621,entries/0851-0969.md,entry-0907
حق‌شناس,حق‌شناس,917,وظیفه,صفت,8713,entries/0851-0969.md,entry-0917
حق‌شناسی,حق‌شناسی,907,حق‌شناسی . شُکر,اسم,8619,entries/0851-0969.md,entry-0907
حق‌شناسی,حق‌شناسی,923,تحسین,اسم,8766,entries/0851-0969.md,entry-0923
حق‌لیسانس,حق‌لیسانس,807,دخل,اسم,7625,entries/0742-0850.md,entry-0807
حق‌نشناس,حق‌نشناس,908,نمک‌نشناسی,صفت,8628,entries/0851-0969.md,entry-0908
حق‌نما,حق‌نما,466,مدرک,صفت,4333,entries/0438-0543.md,entry-0466
حق‌نما,حق‌نما,471,احتمال,صفت,4374,entries/0438-0543.md,entry-0471
حق‌نما,حق‌نما,477,سفسطه . تناقض,صفت,4446,entries/0438-0543.md,entry-0477
حق‌وحقوق,حق‌وحقوق,744,آزادی,اسم,7081,entries/0742-0850.md,entry-0744
حق‌ویزیت,حق‌ویزیت,804,پرداخت,اسم,7600,entries/0742-0850.md,entry-0804
حل,حل,299,پذیرش,اسم,2848,entries/0194-0301.md,entry-0299
حل در محلول,حل در محلول,43,آمیختگی 43#,اسم,416,entries/0001-0090.md,entry-0043
حل شدن,حل شدن,2,عدم (نیستی),فعل,44,entries/0001-0090.md,entry-0002
حل شدن,حل شدن,24,سازگاری,اسم,236,entries/0001-0090.md,entry-0024
حل شدن,حل شدن,337,میعان . گدازش,فعل,3229,entries/0302-0437.md,entry-0337
حل کردن,حل کردن,43,آمیختگی 43#,فعل,424,entries/0001-0090.md,entry-0043
حل کردن,حل کردن,62,تنظیم,فعل,639,entries/0001-0090.md,entry-0062
حل کردن,حل کردن,224,درون,فعل,2156,entries/0194-0301.md,entry-0224
حل کردن,حل کردن,231,میان,فعل,2246,entries/0194-0301.md,entry-0231
حل کردن,حل کردن,299,پذیرش,فعل,2852,entries/0194-0301.md,entry-0299
حل کردن,حل کردن,303,فروکنش,فعل,2928,entries/0302-0437.md,entry-0303
حل کردن,حل کردن,337,میعان . گدازش,فعل,3228,entries/0302-0437.md,entry-0337
حل کردن,حل کردن,460,پاسخ 460#,فعل,4268,entries/0438-0543.md,entry-0460
حل کردن,حل کردن,520,تعبیر . تفسیر 520#,فعل,4878,entries/0438-0543.md,entry-0520
حلاجی,حلاجی,794,تاجر,اسم,7525,entries/0742-0850.md,entry-0794
حلال,حلال,335,مایع,اسم,3212,entries/0302-0437.md,entry-0335
حلال,حلال,953,قانونیت,صفت,9029,entries/0851-0969.md,entry-0953
حلالها: آب,حلالها: آب,337,میعان . گدازش,اسم,3226,entries/0302-0437.md,entry-0337
حلالیت,حلالیت,668,نجات,اسم,6324,entries/0651-0741.md,entry-0668
حلالیت طلبیدن,حلالیت طلبیدن,941,دلجویی . پوزش,فعل,8933,entries/0851-0969.md,entry-0941
حلال‌زاده,حلال‌زاده,929,درستی . درستکاری,صفت,8838,entries/0851-0969.md,entry-0929
حلب,حلب,207,لایه . صفحه,اسم,1994,entries/0194-0301.md,entry-0207
حلبی,حلبی,194,ظرف,اسم,1854,entries/0194-0301.md,entry-0194
حلبی,حلبی,207,لایه . صفحه,اسم,1994,entries/0194-0301.md,entry-0207
حلبی‌آباد,حلبی‌آباد,192,منزل: محل سکنا یا زندگی,اسم,1822,entries/0091-0193.md,entry-0192
حلزون,حلزون,278,آهستگی,اسم,2673,entries/0194-0301.md,entry-0278
حلزونی,حلزونی,251,پیچ‌وتاب : دایره‌ای بودن پیچیده,صفت,2406,entries/0194-0301.md,entry-0251
حلق,حلق,194,ظرف,اسم,1849,entries/0194-0301.md,entry-0194
حلق,حلق,224,درون,اسم,2153,entries/0194-0301.md,entry-0224
حلق,حلق,237,جلو,اسم,2291,entries/0194-0301.md,entry-0237
حلق,حلق,263,باز . گشودگی,اسم,2510,entries/0194-0301.md,entry-0263
حلق,حلق,352,باد: جریان هوا,اسم,3330,entries/0302-0437.md,entry-0352
حلق,حلق,371,انسان,اسم,3527,entries/0302-0437.md,entry-0371
حلقه,حلقه,53,جزء,اسم,540,entries/0001-0090.md,entry-0053
حلقه,حلقه,104,تعدد,اسم,976,entries/0091-0193.md,entry-0104
حلقه,حلقه,235,دیوار,اسم,2274,entries/0194-0301.md,entry-0235
حلقه,حلقه,248,منحنی . ناهموار,اسم,2375,entries/0194-0301.md,entry-0248
حلقه,حلقه,250,دَوَران: دایره‌ای بودن ساده 250#,اسم,2392,entries/0194-0301.md,entry-0250
حلقه,حلقه,251,پیچ‌وتاب : دایره‌ای بودن پیچیده,اسم,2403,entries/0194-0301.md,entry-0251
حلقه,حلقه,708,گروه اجتماعی,اسم,6690,entries/0651-0741.md,entry-0708
حلقه,حلقه,837,سرگرمی,اسم,7940,entries/0742-0850.md,entry-0837
حلقه زدن,حلقه زدن,46,عدم اتحاد . گسیختگی,فعل,472,entries/0001-0090.md,entry-0046
حلقه زدن,حلقه زدن,232,احاطه,اسم,2253,entries/0194-0301.md,entry-0232
حلقه زدن,حلقه زدن,250,دَوَران: دایره‌ای بودن ساده 250#,فعل,2399,entries/0194-0301.md,entry-0250
حلقه زدن,حلقه زدن,702,منع . ممانعت,فعل,6645,entries/0651-0741.md,entry-0702
حلقه زدن,حلقه زدن,713,پاتک . دفاع,فعل,6749,entries/0651-0741.md,entry-0713
حلقه زدن (به دور چیزی),حلقه زدن (به دور چیزی),230,محیط 230#,فعل,2235,entries/0194-0301.md,entry-0230
حلقه زدن [به دور چیزی],حلقه زدن [به دور چیزی],232,احاطه,فعل,2256,entries/0194-0301.md,entry-0232
حلقه نامزدی,حلقه نامزدی,844,تزیین,اسم,8017,entries/0742-0850.md,entry-0844
حلقه کردن,حلقه کردن,232,احاطه,فعل,2256,entries/0194-0301.md,entry-0232
حلقه کردن,حلقه کردن,251,پیچ‌وتاب : دایره‌ای بودن پیچیده,فعل,2408,entries/0194-0301.md,entry-0251
حلقه کردن,حلقه کردن,252,کره . کروی بودن,فعل,2420,entries/0194-0301.md,entry-0252
حلقوم,حلقوم,263,باز . گشودگی,اسم,2510,entries/0194-0301.md,entry-0263
حلقۀ فیلم,حلقۀ فیلم,445,پدیداری . ظاهر,اسم,4096,entries/0438-0543.md,entry-0445
حلقۀ مفقوده,حلقۀ مفقوده,55,ناقص . نقصان (کامل نبودن),اسم,561,entries/0001-0090.md,entry-0055
حلقۀ مفقوده,حلقۀ مفقوده,725,تکمیل . اجرا,اسم,6882,entries/0651-0741.md,entry-0725
حلقۀ نامزدی,حلقۀ نامزدی,889,نوازش,اسم,8462,entries/0851-0969.md,entry-0889
حلقۀ گل,حلقۀ گل,729,جایزه,اسم,6925,entries/0651-0741.md,entry-0729
حلقۀگل,حلقۀگل,866,خوش‌نامی,اسم,8222,entries/0851-0969.md,entry-0866
حلم,حلم,721,تسلیم,اسم,6825,entries/0651-0741.md,entry-0721
حلم,حلم,823,تهییج ناپذیری,اسم,7771,entries/0742-0850.md,entry-0823
حلوا,حلوا,301,غذا: خوردن و نوشیدن,اسم,2888,entries/0194-0301.md,entry-0301
حلوا,حلوا,365,حیوانات,اسم,3465,entries/0302-0437.md,entry-0365
حلواارده,حلواارده,301,غذا: خوردن و نوشیدن,اسم,2892,entries/0194-0301.md,entry-0301
حلواشکری,حلواشکری,301,غذا: خوردن و نوشیدن,اسم,2892,entries/0194-0301.md,entry-0301
حلول,حلول,68,آغاز,اسم,683,entries/0001-0090.md,entry-0068
حلول,حلول,143,تغییر و تحول 143#,اسم,1321,entries/0091-0193.md,entry-0143
حلول,حلول,147,تبدیل: تغییر یافتن به‌چیزی دیگر,اسم,1359,entries/0091-0193.md,entry-0147
حلول,حلول,295,ورود,اسم,2805,entries/0194-0301.md,entry-0295
حلول,حلول,297,دخول: حرکت به درون,اسم,2825,entries/0194-0301.md,entry-0297
حلول کردن,حلول کردن,143,تغییر و تحول 143#,اسم,1321,entries/0091-0193.md,entry-0143
حلول کردن,حلول کردن,147,تبدیل: تغییر یافتن به‌چیزی دیگر,اسم,1359,entries/0091-0193.md,entry-0147
حلّ,حلّ,325,رقت . کمیابی,اسم,3141,entries/0302-0437.md,entry-0325
حلّال,حلّال,337,میعان . گدازش,اسم,3226,entries/0302-0437.md,entry-0337
حلّالیت,حلّالیت,337,میعان . گدازش,اسم,3226,entries/0302-0437.md,entry-0337
حلیم,حلیم,301,غذا: خوردن و نوشیدن,اسم,2886,entries/0194-0301.md,entry-0301
حلیم,حلیم,823,تهییج ناپذیری,صفت,7773,entries/0742-0850.md,entry-0823
حلیم,حلیم,874,فروتنی . شرم,صفت,8305,entries/0851-0969.md,entry-0874
حلیم بادنجان,حلیم بادنجان,301,غذا: خوردن و نوشیدن,اسم,2887,entries/0194-0301.md,entry-0301
حلیم‌پزی,حلیم‌پزی,301,غذا: خوردن و نوشیدن,اسم,2880,entries/0194-0301.md,entry-0301
حل‌ کردن,حل‌ کردن,337,میعان . گدازش,فعل,3229,entries/0302-0437.md,entry-0337
حل‌شدنی,حل‌شدنی,46,عدم اتحاد . گسیختگی,صفت,467,entries/0001-0090.md,entry-0046
حل‌شدنی,حل‌شدنی,337,میعان . گدازش,صفت,3227,entries/0302-0437.md,entry-0337
حل‌شده,حل‌شده,62,تنظیم,صفت,634,entries/0001-0090.md,entry-0062
حل‌شده,حل‌شده,147,تبدیل: تغییر یافتن به‌چیزی دیگر,صفت,1363,entries/0091-0193.md,entry-0147
حل‌شده,حل‌شده,337,میعان . گدازش,صفت,3227,entries/0302-0437.md,entry-0337
حل‌شونده,حل‌شونده,337,میعان . گدازش,اسم,3226,entries/0302-0437.md,entry-0337
حل‌شوندگی,حل‌شوندگی,337,میعان . گدازش,اسم,3226,entries/0302-0437.md,entry-0337
حل‌نشدنی,حل‌نشدنی,324,تراکم . چگالی 324#,صفت,3135,entries/0302-0437.md,entry-0324
حل‌نشدنی,حل‌نشدنی,470,عدم امکان . امتناع 470#,صفت,4365,entries/0438-0543.md,entry-0470
حل‌نشو,حل‌نشو,470,عدم امکان . امتناع 470#,صفت,4365,entries/0438-0543.md,entry-0470
حل‌وفصل,حل‌وفصل,725,تکمیل . اجرا,اسم,6883,entries/0651-0741.md,entry-0725
حل‌وفصل کردن,حل‌وفصل کردن,725,تکمیل . اجرا,فعل,6885,entries/0651-0741.md,entry-0725
حماسه,حماسه,590,روایت . شرح . وصف 590#,اسم,5485,entries/0544-0650.md,entry-0590
حماسه,حماسه,694,مهارت,اسم,6561,entries/0651-0741.md,entry-0694
حماسه,حماسه,855,شجاعت,اسم,8123,entries/0851-0969.md,entry-0855
حماسه,حماسه,864,شگفت,اسم,8200,entries/0851-0969.md,entry-0864
حماسی,حماسی,593,شعر و نثر,صفت,5519,entries/0544-0650.md,entry-0593
حماقت,حماقت,4,بی‌جوهری,اسم,59,entries/0001-0090.md,entry-0004
حماقت,حماقت,448,فقدان شعور,اسم,4137,entries/0438-0543.md,entry-0448
حماقت,حماقت,450,فقدان اندیشه 450#,اسم,4157,entries/0438-0543.md,entry-0450
حماقت,حماقت,481,عدم تشخیص . تعصب,اسم,4485,entries/0438-0543.md,entry-0481
حماقت,حماقت,491,جهل . نادانی,اسم,4595,entries/0438-0543.md,entry-0491
حماقت,حماقت,497,امر محال,اسم,4647,entries/0438-0543.md,entry-0497
حماقت,حماقت,499,حماقت,اسم,4662,entries/0438-0543.md,entry-0499
حماقت,حماقت,503,دیوانگی,اسم,4689,entries/0438-0543.md,entry-0503
حماقت,حماقت,857,بی‌پروایی,اسم,8140,entries/0851-0969.md,entry-0857
حماقت کردن,حماقت کردن,499,حماقت,فعل,4667,entries/0438-0543.md,entry-0499
حمال,حمال,218,پایه . تکیه‌گاه,صفت,2100,entries/0194-0301.md,entry-0218
حمال,حمال,273,حمل‌کننده,اسم,2630,entries/0194-0301.md,entry-0273
حمال,حمال,794,تاجر,اسم,7525,entries/0742-0850.md,entry-0794
حمال کشتی,حمال کشتی,153,پایداری (تغییرناپذیری),اسم,1414,entries/0091-0193.md,entry-0153
حمال ◄ شخص حمل‌کننده,حمال ◄ شخص حمل‌کننده,267,مسافرت زمینی,اسم,2575,entries/0194-0301.md,entry-0267
حمالی,حمالی,272,حمل . ترابری,اسم,2618,entries/0194-0301.md,entry-0272
حمالی کردن,حمالی کردن,273,حمل‌کننده,فعل,2634,entries/0194-0301.md,entry-0273
حمام,حمام,194,ظرف,اسم,1863,entries/0194-0301.md,entry-0194
حمام,حمام,339,آب,اسم,3240,entries/0302-0437.md,entry-0339
حمام,حمام,648,پاکیزگی,اسم,6092,entries/0544-0650.md,entry-0648
حمام عمومی,حمام عمومی,648,پاکیزگی,اسم,6093,entries/0544-0650.md,entry-0648
حمامی,حمامی,648,پاکیزگی,اسم,6097,entries/0544-0650.md,entry-0648
حمایت,حمایت,299,پذیرش,اسم,2848,entries/0194-0301.md,entry-0299
حمایت,حمایت,457,مراقبت . دقت,اسم,4220,entries/0438-0543.md,entry-0457
حمایت,حمایت,481,عدم تشخیص . تعصب,اسم,4487,entries/0438-0543.md,entry-0481
حمایت,حمایت,614,بهانه: انگیزۀ ظاهری,اسم,5764,entries/0544-0650.md,entry-0614
حمایت,حمایت,660,ایمنی 660#,اسم,6254,entries/0651-0741.md,entry-0660
حمایت,حمایت,666,حفظ: جلوگیری ازفساد,اسم,6306,entries/0651-0741.md,entry-0666
حمایت,حمایت,703,کمک,اسم,6650,entries/0651-0741.md,entry-0703
حمایت,حمایت,787,استرداد . اعاده,اسم,7469,entries/0742-0850.md,entry-0787
حمایت,حمایت,909,عفو . بخشش,اسم,8634,entries/0851-0969.md,entry-0909
حمایت,حمایت,927,حمایت,اسم,8813,entries/0851-0969.md,entry-0927
حمایت,حمایت,960,تبرئه 960#,اسم,9087,entries/0851-0969.md,entry-0960
حمایت از خویشاوندان,حمایت از خویشاوندان,914,ناحق . ناراستی,اسم,8678,entries/0851-0969.md,entry-0914
حمایت کردن,حمایت کردن,156,علیت . علت 156#,فعل,1459,entries/0091-0193.md,entry-0156
حمایت کردن,حمایت کردن,299,پذیرش,فعل,2851,entries/0194-0301.md,entry-0299
حمایت کردن,حمایت کردن,421,حفاظ . پرده,فعل,3924,entries/0302-0437.md,entry-0421
حمایت کردن,حمایت کردن,466,مدرک,فعل,4337,entries/0438-0543.md,entry-0466
حمایت کردن,حمایت کردن,488,نظر موافق,فعل,4563,entries/0438-0543.md,entry-0488
حمایت کردن,حمایت کردن,909,عفو . بخشش,فعل,8637,entries/0851-0969.md,entry-0909
حمایت کردن,حمایت کردن,927,حمایت,فعل,8818,entries/0851-0969.md,entry-0927
حمایت کردن,حمایت کردن,960,تبرئه 960#,فعل,9089,entries/0851-0969.md,entry-0960
حمایت‌آمیز,حمایت‌آمیز,299,پذیرش,صفت,2850,entries/0194-0301.md,entry-0299
حمایت‌آمیز,حمایت‌آمیز,787,استرداد . اعاده,صفت,7470,entries/0742-0850.md,entry-0787
حمایت‌آمیز,حمایت‌آمیز,927,حمایت,صفت,8816,entries/0851-0969.md,entry-0927
حمایت‌شدنی,حمایت‌شدنی,927,حمایت,صفت,8817,entries/0851-0969.md,entry-0927
حمایت‌شده,حمایت‌شده,421,حفاظ . پرده,صفت,3922,entries/0302-0437.md,entry-0421
حمایت‌کردن,حمایت‌کردن,162,قدرت,فعل,1532,entries/0091-0193.md,entry-0162
حمایت‌کننده,حمایت‌کننده,927,حمایت,صفت,8816,entries/0851-0969.md,entry-0927
حمل,حمل,272,حمل . ترابری,اسم,2617,entries/0194-0301.md,entry-0272
حمل,حمل,273,حمل‌کننده,اسم,2630,entries/0194-0301.md,entry-0273
حمل (انتقال),حمل (انتقال),188,نقل مکان . انتقال,اسم,1778,entries/0091-0193.md,entry-0188
حمل کردن,حمل کردن,153,پایداری (تغییرناپذیری),فعل,1419,entries/0091-0193.md,entry-0153
حمل کردن,حمل کردن,162,قدرت,فعل,1532,entries/0091-0193.md,entry-0162
حمل کردن,حمل کردن,218,پایه . تکیه‌گاه,فعل,2101,entries/0194-0301.md,entry-0218
حمل کردن,حمل کردن,265,حرکت 265#,فعل,2548,entries/0194-0301.md,entry-0265
حمل کردن,حمل کردن,272,حمل . ترابری,فعل,2624,entries/0194-0301.md,entry-0272
حمل کردن,حمل کردن,296,خروج,فعل,2818,entries/0194-0301.md,entry-0296
حمل کردن,حمل کردن,310,ترفیع: بالابردن 310#,فعل,2987,entries/0302-0437.md,entry-0310
حمل کردن,حمل کردن,360,زندگی 360#,فعل,3409,entries/0302-0437.md,entry-0360
حمل کردن بر,حمل کردن بر,158,اِسناد: نسبت دادنِ علت,فعل,1477,entries/0091-0193.md,entry-0158
حمله,حمله,232,احاطه,اسم,2253,entries/0194-0301.md,entry-0232
حمله,حمله,237,جلو,اسم,2290,entries/0194-0301.md,entry-0237
حمله,حمله,285,پیشروی,اسم,2735,entries/0194-0301.md,entry-0285
حمله,حمله,297,دخول: حرکت به درون,اسم,2825,entries/0194-0301.md,entry-0297
حمله,حمله,604,تلون مزاج . هوس,اسم,5654,entries/0544-0650.md,entry-0604
حمله,حمله,651,بیماری . ضعف جسمانی,اسم,6125,entries/0651-0741.md,entry-0651
حمله,حمله,671,مبادرت . اقدام,اسم,6360,entries/0651-0741.md,entry-0671
حمله,حمله,712,تک . حمله,اسم,6726,entries/0651-0741.md,entry-0712
حمله,حمله,718,جنگ,اسم,6800,entries/0651-0741.md,entry-0718
حمله,حمله,727,موفقیت,اسم,6900,entries/0651-0741.md,entry-0727
حمله,حمله,837,سرگرمی,اسم,7941,entries/0742-0850.md,entry-0837
حمله,حمله,924,سرزنش . تقبیح,اسم,8781,entries/0851-0969.md,entry-0924
حمله کردن,حمله کردن,230,محیط 230#,فعل,2235,entries/0194-0301.md,entry-0230
حمله کردن,حمله کردن,285,پیشروی,فعل,2737,entries/0194-0301.md,entry-0285
حمله کردن,حمله کردن,297,دخول: حرکت به درون,فعل,2830,entries/0194-0301.md,entry-0297
حمله کردن,حمله کردن,671,مبادرت . اقدام,فعل,6366,entries/0651-0741.md,entry-0671
حمله کردن,حمله کردن,712,تک . حمله,فعل,6731,entries/0651-0741.md,entry-0712
حمله کردن,حمله کردن,716,ستیز . مبارزه,فعل,6782,entries/0651-0741.md,entry-0716
حمله کردن,حمله کردن,718,جنگ,فعل,6806,entries/0651-0741.md,entry-0718
حمله‌کنان,حمله‌کنان,297,دخول: حرکت به درون,صفت,2827,entries/0194-0301.md,entry-0297
حمله‌کنان,حمله‌کنان,671,مبادرت . اقدام,قید,6368,entries/0651-0741.md,entry-0671
حمله‌کنان,حمله‌کنان,712,تک . حمله,صفت,6730,entries/0651-0741.md,entry-0712
حمله‌کنان,حمله‌کنان,718,جنگ,صفت,6802,entries/0651-0741.md,entry-0718
حمله‌کننده,حمله‌کننده,59,بیرونی بودن,اسم,597,entries/0001-0090.md,entry-0059
حمله‌کننده,حمله‌کننده,655,زوال . فرسایش,صفت,6188,entries/0651-0741.md,entry-0655
حمله‌کننده,حمله‌کننده,671,مبادرت . اقدام,صفت,6364,entries/0651-0741.md,entry-0671
حمله‌کننده,حمله‌کننده,705,رقیب,اسم,6670,entries/0651-0741.md,entry-0705
حمله‌کننده,حمله‌کننده,712,تک . حمله,اسم,6729,entries/0651-0741.md,entry-0712
حمله‌کننده,حمله‌کننده,898,بدخواهی . اذیت,صفت,8548,entries/0851-0969.md,entry-0898
حملۀ قلبی,حملۀ قلبی,651,بیماری . ضعف جسمانی,اسم,6133,entries/0651-0741.md,entry-0651
حملۀ ناگهانی,حملۀ ناگهانی,712,تک . حمله,اسم,6728,entries/0651-0741.md,entry-0712
حمل‌ کردن,حمل‌ کردن,273,حمل‌کننده,فعل,2634,entries/0194-0301.md,entry-0273
حمل‌ونقل,حمل‌ونقل,188,نقل مکان . انتقال,اسم,1778,entries/0091-0193.md,entry-0188
حمل‌ونقل,حمل‌ونقل,267,مسافرت زمینی,اسم,2572,entries/0194-0301.md,entry-0267
حمل‌ونقل,حمل‌ونقل,272,حمل . ترابری,اسم,2618,entries/0194-0301.md,entry-0272
حمل‌کننده,حمل‌کننده,273,حمل‌کننده,اسم,2629,entries/0194-0301.md,entry-0273
حمه,حمه,659,مایۀ هلاک . زهر,اسم,6245,entries/0651-0741.md,entry-0659
حمیت,حمیت,481,عدم تشخیص . تعصب,اسم,4487,entries/0438-0543.md,entry-0481
حمیت,حمیت,929,درستی . درستکاری,اسم,8836,entries/0851-0969.md,entry-0929
حمید,حمید,965,ذات خداوندی,اسم,9138,entries/0851-0969.md,entry-0965
حمیم (آب جوش),حمیم (آب جوش),972,جهنم,اسم,9185,entries/0970-0991.md,entry-0972
حنا,حنا,843,زیباسازی . آرایش,اسم,8002,entries/0742-0850.md,entry-0843
حنابستن,حنابستن,843,زیباسازی . آرایش,فعل,8007,entries/0742-0850.md,entry-0843
حنایی,حنایی,432,نارنجی,صفت,3994,entries/0302-0437.md,entry-0432
حنجره,حنجره,557,زبان,اسم,5242,entries/0544-0650.md,entry-0557
حنجره,حنجره,577,ندا: صدای انسان,اسم,5378,entries/0544-0650.md,entry-0577
حنجره,حنجره,579,سخن,اسم,5391,entries/0544-0650.md,entry-0579
حوا,حوا,371,انسان,اسم,3524,entries/0302-0437.md,entry-0371
حوادث,حوادث,154,رویداد 154#,اسم,1424,entries/0091-0193.md,entry-0154
حوادث غیرقابل‌پیش‌بینی,حوادث غیرقابل‌پیش‌بینی,659,مایۀ هلاک . زهر,اسم,6243,entries/0651-0741.md,entry-0659
حوادث قهری و غیرمترقبه,حوادث قهری و غیرمترقبه,596,جبر . وجوب,اسم,5588,entries/0544-0650.md,entry-0596
حوادث قهری و غیرمترقبه,حوادث قهری و غیرمترقبه,659,مایۀ هلاک . زهر,اسم,6243,entries/0651-0741.md,entry-0659
حوادث قهری و غیرمترقبه (فورس‌ماژور),حوادث قهری و غیرمترقبه (فورس‌ماژور),766,مفاد,اسم,7257,entries/0742-0850.md,entry-0766
حواری,حواری,973,دین . دینداری,اسم,9196,entries/0970-0991.md,entry-0973
حواری,حواری,986,روحانیت,اسم,9326,entries/0970-0991.md,entry-0986
حواریون,حواریون,975,وحی . پیامبر,اسم,9213,entries/0970-0991.md,entry-0975
حواس,حواس,374,حواس . حساسیت,اسم,3549,entries/0302-0437.md,entry-0374
حواس تیز,حواس تیز,174,فعال بودن,اسم,1643,entries/0091-0193.md,entry-0174
حواس را پرت کردن,حواس را پرت کردن,63,اغتشاش: ایجاد اغتشاش و به‌هم ریختن,فعل,647,entries/0001-0090.md,entry-0063
حواس را پرت کردن,حواس را پرت کردن,458,غفلت . بی‌دقتی,فعل,4240,entries/0438-0543.md,entry-0458
حواس را پرت کردن,حواس را پرت کردن,670,فقدان آمادگی 670#,فعل,6355,entries/0651-0741.md,entry-0670
حواس پنجگانه,حواس پنجگانه,99,بیش ازپنج,اسم,951,entries/0091-0193.md,entry-0099
حواس پنجگانه,حواس پنجگانه,374,حواس . حساسیت,اسم,3549,entries/0302-0437.md,entry-0374
حواس‌را پرت کردن,حواس‌را پرت کردن,456,بی‌توجهی,فعل,4215,entries/0438-0543.md,entry-0456
حواس‌را پرت کردن,حواس‌را پرت کردن,506,فراموشی,فعل,4739,entries/0438-0543.md,entry-0506
حواس‌پرت,حواس‌پرت,61,بی‌نظمی,صفت,624,entries/0001-0090.md,entry-0061
حواس‌پرت,حواس‌پرت,84,عدم تطبیق,صفت,851,entries/0001-0090.md,entry-0084
حواس‌پرت,حواس‌پرت,449,اندیشه,صفت,4148,entries/0438-0543.md,entry-0449
حواس‌پرت,حواس‌پرت,456,بی‌توجهی,صفت,4210,entries/0438-0543.md,entry-0456
حواس‌پرت,حواس‌پرت,458,غفلت . بی‌دقتی,صفت,4235,entries/0438-0543.md,entry-0458
حواس‌پرت,حواس‌پرت,503,دیوانگی,صفت,4696,entries/0438-0543.md,entry-0503
حواس‌پرت,حواس‌پرت,506,فراموشی,صفت,4736,entries/0438-0543.md,entry-0506
حواس‌پرت,حواس‌پرت,670,فقدان آمادگی 670#,صفت,6352,entries/0651-0741.md,entry-0670
حواشی ◄ متن,حواشی ◄ متن,586,نگارش,اسم,5445,entries/0544-0650.md,entry-0586
حواصیل,حواصیل,365,حیوانات,اسم,3457,entries/0302-0437.md,entry-0365
حواله,حواله,804,پرداخت,اسم,7599,entries/0742-0850.md,entry-0804
حواله,حواله,962,پاداش,اسم,9099,entries/0851-0969.md,entry-0962
حواله,حواله,963,مجازات . تنبیه,اسم,9107,entries/0851-0969.md,entry-0963
حواله دادن,حواله دادن,779,عدم نگهداری,فعل,7391,entries/0742-0850.md,entry-0779
حواله کردن,حواله کردن,780,انتقال ملک 780#,فعل,7400,entries/0742-0850.md,entry-0780
حواله کردن,حواله کردن,797,پول,فعل,7551,entries/0742-0850.md,entry-0797
حواله کردن,حواله کردن,804,پرداخت,فعل,7603,entries/0742-0850.md,entry-0804
حواله‌شده,حواله‌شده,804,پرداخت,صفت,7602,entries/0742-0850.md,entry-0804
حواله‌کرد,حواله‌کرد,797,پول,اسم,7544,entries/0742-0850.md,entry-0797
حواله‌کرد,حواله‌کرد,804,پرداخت,اسم,7599,entries/0742-0850.md,entry-0804
حوالی,حوالی,184,منطقه: فضای معین,اسم,1748,entries/0091-0193.md,entry-0184
حوالی,حوالی,202,مجاورت,اسم,1949,entries/0194-0301.md,entry-0202
حوالی,حوالی,230,محیط 230#,اسم,2232,entries/0194-0301.md,entry-0230
حوالی شهر,حوالی شهر,184,منطقه: فضای معین,اسم,1749,entries/0091-0193.md,entry-0184
حوت (ماهی),حوت (ماهی),321,کیهان,اسم,3089,entries/0302-0437.md,entry-0321
حور,حور,971,بهشت,اسم,9180,entries/0970-0991.md,entry-0971
حورالعین,حورالعین,971,بهشت,اسم,9180,entries/0970-0991.md,entry-0971
حورعین,حورعین,971,بهشت,اسم,9180,entries/0970-0991.md,entry-0971
حوری,حوری,971,بهشت,اسم,9180,entries/0970-0991.md,entry-0971
حوزه,حوزه,53,جزء,اسم,540,entries/0001-0090.md,entry-0053
حوزه,حوزه,77,طبقه‌بندی . تعیین,اسم,773,entries/0001-0090.md,entry-0077
حوزه,حوزه,184,منطقه: فضای معین,اسم,1748,entries/0091-0193.md,entry-0184
حوزه,حوزه,687,کارگاه: محل کار,اسم,6510,entries/0651-0741.md,entry-0687
حوزه,حوزه,985,تشکیلات مذهبی,اسم,9319,entries/0970-0991.md,entry-0985
حوزوی,حوزوی,986,روحانیت,صفت,9327,entries/0970-0991.md,entry-0986
حوزۀ انتخابیه,حوزۀ انتخابیه,605,انتخاب,اسم,5666,entries/0544-0650.md,entry-0605
حوزۀ رود,حوزۀ رود,351,کانال,اسم,3324,entries/0302-0437.md,entry-0351
حوزۀ علمیه,حوزۀ علمیه,539,مدرسه,اسم,5072,entries/0438-0543.md,entry-0539
حوزۀ علمیه,حوزۀ علمیه,990,معبد,اسم,9355,entries/0970-0991.md,entry-0990
حوزۀ قضایی,حوزۀ قضایی,955,دادگستری . قضا . قضاوت,اسم,9046,entries/0851-0969.md,entry-0955
حوزۀ وظایف,حوزۀ وظایف,622,اشتغال,اسم,5848,entries/0544-0650.md,entry-0622
حوصله,حوصله,447,شعور 447#,اسم,4129,entries/0438-0543.md,entry-0447
حوصله,حوصله,817,خوی 817#,اسم,7716,entries/0742-0850.md,entry-0817
حوصله,حوصله,823,تهییج ناپذیری,اسم,7771,entries/0742-0850.md,entry-0823
حوصله را سر بردن,حوصله را سر بردن,840,بی‌روحی 840#,فعل,7975,entries/0742-0850.md,entry-0840
حوصله را سربردن,حوصله را سربردن,838,ملال . کسلی,فعل,7960,entries/0742-0850.md,entry-0838
حوصله سربر,حوصله سربر,840,بی‌روحی 840#,صفت,7974,entries/0742-0850.md,entry-0840
حوصلۀ طرف را سَر بردن,حوصلۀ طرف را سَر بردن,581,پُرگویی,فعل,5412,entries/0544-0650.md,entry-0581
حوصلۀ مخاطب را سَربُردن,حوصلۀ مخاطب را سَربُردن,570,طول‌وتفصیل 570#,فعل,5337,entries/0544-0650.md,entry-0570
حوض,حوض,346,دریاچه,اسم,3296,entries/0302-0437.md,entry-0346
حوض,حوض,837,سرگرمی,اسم,7923,entries/0742-0850.md,entry-0837
حوض,حوض,990,معبد,اسم,9359,entries/0970-0991.md,entry-0990
حوض ◄ دریاچه,حوض ◄ دریاچه,255,تقعر,اسم,2444,entries/0194-0301.md,entry-0255
حوضچه,حوضچه,346,دریاچه,اسم,3296,entries/0302-0437.md,entry-0346
حوله,حوله,342,خشکی,اسم,3271,entries/0302-0437.md,entry-0342
حوله,حوله,648,پاکیزگی,اسم,6096,entries/0544-0650.md,entry-0648
حولۀ صورت,حولۀ صورت,648,پاکیزگی,اسم,6096,entries/0544-0650.md,entry-0648
حومه,حومه,192,منزل: محل سکنا یا زندگی,اسم,1822,entries/0091-0193.md,entry-0192
حومه,حومه,234,کناره,اسم,2266,entries/0194-0301.md,entry-0234
حومۀ شهر,حومۀ شهر,184,منطقه: فضای معین,اسم,1749,entries/0091-0193.md,entry-0184
حومۀ شهر,حومۀ شهر,192,منزل: محل سکنا یا زندگی,اسم,1822,entries/0091-0193.md,entry-0192
حَدّ,حَدّ,236,حَدّ,اسم,2281,entries/0194-0301.md,entry-0236
حَقه,حَقه,777,دارایی . مِلک 777#,صفت,7370,entries/0742-0850.md,entry-0777
حَمَل (برّه),حَمَل (برّه),321,کیهان,اسم,3089,entries/0302-0437.md,entry-0321
حَکمیت,حَکمیت,691,مشورت,اسم,6539,entries/0651-0741.md,entry-0691
حَکَم,حَکَم,480,تشخیص . استنتاج 480#,اسم,4476,entries/0438-0543.md,entry-0480
حَکَم,حَکَم,691,مشورت,صفت,6540,entries/0651-0741.md,entry-0691
حَکَم,حَکَم,720,میانجی‌گری 720#,اسم,6819,entries/0651-0741.md,entry-0720
حَکَم,حَکَم,957,قاضی,اسم,9062,entries/0851-0969.md,entry-0957
حَکَمیت,حَکَمیت,720,میانجی‌گری 720#,اسم,6818,entries/0651-0741.md,entry-0720
حُرّ,حُرّ,744,آزادی,صفت,7084,entries/0742-0850.md,entry-0744
حُرّیت,حُرّیت,744,آزادی,اسم,7081,entries/0742-0850.md,entry-0744
حُزن,حُزن,825,رنج . غم,اسم,7796,entries/0742-0850.md,entry-0825
حُسن,حُسن,5,عرضیت,اسم,65,entries/0001-0090.md,entry-0005
حُسن,حُسن,644,خوبی: صفات خوب انسان,اسم,6051,entries/0544-0650.md,entry-0644
حُسن,حُسن,841,زیبایی,اسم,7979,entries/0742-0850.md,entry-0841
حُسن تعبیر,حُسن تعبیر,482,مبالغه,اسم,4500,entries/0438-0543.md,entry-0482
حُسن نظر,حُسن نظر,482,مبالغه,اسم,4500,entries/0438-0543.md,entry-0482
حُسْن,حُسْن,34,برتری,اسم,345,entries/0001-0090.md,entry-0034
حُسْن,حُسْن,615,خِیر . سعادت,اسم,5772,entries/0544-0650.md,entry-0615
حُسْن,حُسْن,644,خوبی: صفات خوب انسان,اسم,6051,entries/0544-0650.md,entry-0644
حُقه,حُقه,542,فریب,اسم,5099,entries/0438-0543.md,entry-0542
حُقه,حُقه,698,زیرکی,اسم,6594,entries/0651-0741.md,entry-0698
حُکم,حُکم,81,قاعده,اسم,820,entries/0001-0090.md,entry-0081
حُکم,حُکم,496,اصل . قاعدۀ کلی,اسم,4641,entries/0438-0543.md,entry-0496
حُکم,حُکم,737,دستور,اسم,7008,entries/0651-0741.md,entry-0737
حُکم,حُکم,953,قانونیت,اسم,9026,entries/0851-0969.md,entry-0953
حُکم,حُکم,959,دادخواهی,اسم,9079,entries/0851-0969.md,entry-0959
حُکم پیشین,حُکم پیشین,466,مدرک,اسم,4329,entries/0438-0543.md,entry-0466
حُکم کارگزینی,حُکم کارگزینی,737,دستور,اسم,7011,entries/0651-0741.md,entry-0737
حک,حک,254,برجستگی,اسم,2438,entries/0194-0301.md,entry-0254
حک کردن,حک کردن,262,شیار,فعل,2504,entries/0194-0301.md,entry-0262
حک کردن,حک کردن,555,کنده‌کاری,فعل,5230,entries/0544-0650.md,entry-0555
حکاکی,حکاکی,255,تقعر,اسم,2443,entries/0194-0301.md,entry-0255
حکاکی,حکاکی,262,شیار,اسم,2502,entries/0194-0301.md,entry-0262
حکاکی,حکاکی,555,کنده‌کاری,اسم,5227,entries/0544-0650.md,entry-0555
حکاکی,حکاکی,587,چاپ,اسم,5454,entries/0544-0650.md,entry-0587
حکاکی کردن,حکاکی کردن,555,کنده‌کاری,فعل,5230,entries/0544-0650.md,entry-0555
حکاکی ◄ کنده‌کاری,حکاکی ◄ کنده‌کاری,254,برجستگی,اسم,2438,entries/0194-0301.md,entry-0254
حکاکی‌شده,حکاکی‌شده,254,برجستگی,صفت,2439,entries/0194-0301.md,entry-0254
حکاکی‌شده,حکاکی‌شده,555,کنده‌کاری,صفت,5229,entries/0544-0650.md,entry-0555
حکایت,حکایت,590,روایت . شرح . وصف 590#,اسم,5485,entries/0544-0650.md,entry-0590
حکایت تمثیلی,حکایت تمثیلی,519,استعاره,اسم,4861,entries/0438-0543.md,entry-0519
حکایت جداییها,حکایت جداییها,991,عرفان,اسم,9374,entries/0970-0991.md,entry-0991
حکایت نی,حکایت نی,991,عرفان,اسم,9374,entries/0970-0991.md,entry-0991
حکم,حکم,480,تشخیص . استنتاج 480#,اسم,4474,entries/0438-0543.md,entry-0480
حکم,حکم,693,فریضه,اسم,6554,entries/0651-0741.md,entry-0693
حکم,حکم,756,اجازه,اسم,7179,entries/0742-0850.md,entry-0756
حکم,حکم,837,سرگرمی,اسم,7931,entries/0742-0850.md,entry-0837
حکم,حکم,955,دادگستری . قضا . قضاوت,اسم,9047,entries/0851-0969.md,entry-0955
حکم,حکم,959,دادخواهی,اسم,9075,entries/0851-0969.md,entry-0959
حکم اخراج,حکم اخراج,737,دستور,اسم,7011,entries/0651-0741.md,entry-0737
حکم ارتقای گروه,حکم ارتقای گروه,737,دستور,اسم,7011,entries/0651-0741.md,entry-0737
حکم استخدام,حکم استخدام,737,دستور,اسم,7011,entries/0651-0741.md,entry-0737
حکم اعدام,حکم اعدام,961,محکومیت,اسم,9092,entries/0851-0969.md,entry-0961
حکم اعدام صادر کردن,حکم اعدام صادر کردن,362,کُشتن,فعل,3431,entries/0302-0437.md,entry-0362
حکم انتصاب,حکم انتصاب,737,دستور,اسم,7011,entries/0651-0741.md,entry-0737
حکم انتقال,حکم انتقال,737,دستور,اسم,7011,entries/0651-0741.md,entry-0737
حکم تغییر پست سازمانی,حکم تغییر پست سازمانی,737,دستور,اسم,7011,entries/0651-0741.md,entry-0737
حکم تفتیش,حکم تفتیش,959,دادخواهی,اسم,9075,entries/0851-0969.md,entry-0959
حکم توقیف,حکم توقیف,737,دستور,اسم,7011,entries/0651-0741.md,entry-0737
حکم توقیف (توقف,حکم توقیف (توقف,613,بازداشتن,اسم,5755,entries/0544-0650.md,entry-0613
حکم جلب,حکم جلب,737,دستور,اسم,7011,entries/0651-0741.md,entry-0737
حکم حقوقی,حکم حقوقی,693,فریضه,اسم,6554,entries/0651-0741.md,entry-0693
حکم دادن,حکم دادن,959,دادخواهی,فعل,9083,entries/0851-0969.md,entry-0959
حکم صادر کردن,حکم صادر کردن,737,دستور,فعل,7015,entries/0651-0741.md,entry-0737
حکم صادر کردن,حکم صادر کردن,953,قانونیت,فعل,9030,entries/0851-0969.md,entry-0953
حکم مأموریت,حکم مأموریت,737,دستور,اسم,7011,entries/0651-0741.md,entry-0737
حکم کتبی,حکم کتبی,737,دستور,اسم,7011,entries/0651-0741.md,entry-0737
حکم کردن ◄ قبول کردن دعوی,حکم کردن ◄ قبول کردن دعوی,480,تشخیص . استنتاج 480#,فعل,4479,entries/0438-0543.md,entry-0480
حکمت,حکمت,449,اندیشه,اسم,4145,entries/0438-0543.md,entry-0449
حکمت,حکمت,490,دانش . دانایی 490#,اسم,4581,entries/0438-0543.md,entry-0490
حکمت,حکمت,498,هوش . فراست,اسم,4655,entries/0438-0543.md,entry-0498
حکمت,حکمت,646,کمال,اسم,6073,entries/0544-0650.md,entry-0646
حکمت الهی,حکمت الهی,973,دین . دینداری,اسم,9193,entries/0970-0991.md,entry-0973
حکمران,حکمران,733,اقتدار 733#,اسم,6966,entries/0651-0741.md,entry-0733
حکمران,حکمران,741,رئیس,اسم,7052,entries/0651-0741.md,entry-0741
حکمران,حکمران,751,انتصاب,اسم,7139,entries/0742-0850.md,entry-0751
حکمران,حکمران,868,نجبا,اسم,8251,entries/0851-0969.md,entry-0868
حکمرانی,حکمرانی,64,تقدم [در ترتیب],اسم,651,entries/0001-0090.md,entry-0064
حکمرانی,حکمرانی,160,توان 160#,اسم,1495,entries/0091-0193.md,entry-0160
حکمرانی,حکمرانی,623,برنامه,اسم,5859,entries/0544-0650.md,entry-0623
حکمرانی,حکمرانی,675,سوءاستفاده,اسم,6396,entries/0651-0741.md,entry-0675
حکمرانی,حکمرانی,688,رفتار,اسم,6516,entries/0651-0741.md,entry-0688
حکمرانی,حکمرانی,689,مدیریت,اسم,6523,entries/0651-0741.md,entry-0689
حکمرانی,حکمرانی,733,اقتدار 733#,اسم,6960,entries/0651-0741.md,entry-0733
حکمرانی,حکمرانی,745,انقیاد,اسم,7094,entries/0742-0850.md,entry-0745
حکمرانی,حکمرانی,773,مالکیت,اسم,7330,entries/0742-0850.md,entry-0773
حکمرانی,حکمرانی,777,دارایی . مِلک 777#,اسم,7368,entries/0742-0850.md,entry-0777
حکمرانی,حکمرانی,955,دادگستری . قضا . قضاوت,اسم,9046,entries/0851-0969.md,entry-0955
حکمرانی کردن,حکمرانی کردن,160,توان 160#,فعل,1505,entries/0091-0193.md,entry-0160
حکمرانی کردن,حکمرانی کردن,213,قلّه . رأس,فعل,2050,entries/0194-0301.md,entry-0213
حکمرانی کردن,حکمرانی کردن,689,مدیریت,فعل,6526,entries/0651-0741.md,entry-0689
حکمرانی کردن,حکمرانی کردن,733,اقتدار 733#,فعل,6970,entries/0651-0741.md,entry-0733
حکمفرما,حکمفرما,733,اقتدار 733#,صفت,6968,entries/0651-0741.md,entry-0733
حکمفرما,حکمفرما,737,دستور,صفت,7013,entries/0651-0741.md,entry-0737
حکمفرمایی,حکمفرمایی,733,اقتدار 733#,اسم,6961,entries/0651-0741.md,entry-0733
حکومت,حکومت,733,اقتدار 733#,اسم,6961,entries/0651-0741.md,entry-0733
حکومت (ملی),حکومت (ملی),733,اقتدار 733#,اسم,6965,entries/0651-0741.md,entry-0733
حکومت الهی,حکومت الهی,169,ولایت . ولی,اسم,1598,entries/0091-0193.md,entry-0169
حکومت الهی,حکومت الهی,965,ذات خداوندی,اسم,9140,entries/0851-0969.md,entry-0965
حکومت خودگردان,حکومت خودگردان,733,اقتدار 733#,اسم,6965,entries/0651-0741.md,entry-0733
حکومت دینی,حکومت دینی,965,ذات خداوندی,اسم,9140,entries/0851-0969.md,entry-0965
حکومت ظلم,حکومت ظلم,733,اقتدار 733#,اسم,6962,entries/0651-0741.md,entry-0733
حکومت مطلق,حکومت مطلق,733,اقتدار 733#,اسم,6962,entries/0651-0741.md,entry-0733
حکومت مطلقه فقیه,حکومت مطلقه فقیه,965,ذات خداوندی,اسم,9140,entries/0851-0969.md,entry-0965
حکومت نظامی,حکومت نظامی,702,منع . ممانعت,اسم,6637,entries/0651-0741.md,entry-0702
حکومت نظامی,حکومت نظامی,735,سخت‌گیری,اسم,6989,entries/0651-0741.md,entry-0735
حکومت نظامی,حکومت نظامی,747,تحدید . خودداری,اسم,7111,entries/0742-0850.md,entry-0747
حکومت نظامی,حکومت نظامی,757,ممنوعیت . قدغن,اسم,7188,entries/0742-0850.md,entry-0757
حکومت کردن,حکومت کردن,733,اقتدار 733#,فعل,6970,entries/0651-0741.md,entry-0733
حکومت‌ستیزانه,حکومت‌ستیزانه,734,نرمش,صفت,6981,entries/0651-0741.md,entry-0734
حکیم,حکیم,133,پیر,اسم,1228,entries/0091-0193.md,entry-0133
حکیم,حکیم,449,اندیشه,اسم,4146,entries/0438-0543.md,entry-0449
حکیم,حکیم,498,هوش . فراست,صفت,4657,entries/0438-0543.md,entry-0498
حکیم,حکیم,500,دانا 500#,اسم,4671,entries/0438-0543.md,entry-0500
حکیم,حکیم,658,درمان,اسم,6230,entries/0651-0741.md,entry-0658
حکیم,حکیم,965,ذات خداوندی,اسم,9136,entries/0851-0969.md,entry-0965
حکیمانه,حکیمانه,449,اندیشه,صفت,4149,entries/0438-0543.md,entry-0449
حک‌شده,حک‌شده,153,پایداری (تغییرناپذیری),صفت,1417,entries/0091-0193.md,entry-0153
حی,حی,360,زندگی 360#,صفت,3405,entries/0302-0437.md,entry-0360
حی,حی,965,ذات خداوندی,اسم,9136,entries/0851-0969.md,entry-0965
حی و حاضر,حی و حاضر,121,زمان حال,صفت,1117,entries/0091-0193.md,entry-0121
حیا,حیا,874,فروتنی . شرم,اسم,8304,entries/0851-0969.md,entry-0874
حیا,حیا,884,ادب,اسم,8406,entries/0851-0969.md,entry-0884
حیا کردن,حیا کردن,874,فروتنی . شرم,فعل,8308,entries/0851-0969.md,entry-0874
حیات,حیات,360,زندگی 360#,اسم,3403,entries/0302-0437.md,entry-0360
حیات بخشیدن,حیات بخشیدن,360,زندگی 360#,فعل,3409,entries/0302-0437.md,entry-0360
حیات گیاهی,حیات گیاهی,366,گیاهان,اسم,3474,entries/0302-0437.md,entry-0366
حیات ‌نو,حیات ‌نو,656,بازسازی,اسم,6199,entries/0651-0741.md,entry-0656
حیاتی,حیاتی,137,سرموقع,صفت,1265,entries/0091-0193.md,entry-0137
حیاتی,حیاتی,156,علیت . علت 156#,صفت,1457,entries/0091-0193.md,entry-0156
حیاتی,حیاتی,358,ارگانیسم: موجودات زنده 358#,صفت,3391,entries/0302-0437.md,entry-0358
حیاتی,حیاتی,638,اهمیت,صفت,6002,entries/0544-0650.md,entry-0638
حیات‌بخش,حیات‌بخش,658,درمان,اسم,6222,entries/0651-0741.md,entry-0658
حیازت,حیازت,773,مالکیت,اسم,7330,entries/0742-0850.md,entry-0773
حیاط,حیاط,185,محل: فضای محدود,اسم,1754,entries/0091-0193.md,entry-0185
حیاط,حیاط,224,درون,اسم,2152,entries/0194-0301.md,entry-0224
حیاط,حیاط,231,میان,اسم,2239,entries/0194-0301.md,entry-0231
حیاط,حیاط,235,دیوار,اسم,2274,entries/0194-0301.md,entry-0235
حیاط,حیاط,263,باز . گشودگی,اسم,2513,entries/0194-0301.md,entry-0263
حیاط,حیاط,539,مدرسه,اسم,5075,entries/0438-0543.md,entry-0539
حیاط,حیاط,777,دارایی . مِلک 777#,اسم,7368,entries/0742-0850.md,entry-0777
حیثیت,حیثیت,866,خوش‌نامی,اسم,8220,entries/0851-0969.md,entry-0866
حیران,حیران,61,بی‌نظمی,صفت,624,entries/0001-0090.md,entry-0061
حیران,حیران,161,ناتوانی,صفت,1513,entries/0091-0193.md,entry-0161
حیران,حیران,438,دید . بینایی,صفت,4036,entries/0438-0543.md,entry-0438
حیران,حیران,456,بی‌توجهی,صفت,4210,entries/0438-0543.md,entry-0456
حیران,حیران,503,دیوانگی,صفت,4697,entries/0438-0543.md,entry-0503
حیران,حیران,517,غیرقابل‌درک بودن,صفت,4849,entries/0438-0543.md,entry-0517
حیران,حیران,728,شکست: عجز درانجام,صفت,6915,entries/0651-0741.md,entry-0728
حیران,حیران,864,شگفت,صفت,8202,entries/0851-0969.md,entry-0864
حیران ماندن,حیران ماندن,864,شگفت,فعل,8204,entries/0851-0969.md,entry-0864
حیران کردن,حیران کردن,474,عدم‌قطعیت . تردید,فعل,4410,entries/0438-0543.md,entry-0474
حیرانی,حیرانی,456,بی‌توجهی,اسم,4208,entries/0438-0543.md,entry-0456
حیرانی,حیرانی,503,دیوانگی,اسم,4690,entries/0438-0543.md,entry-0503
حیرانی,حیرانی,864,شگفت,اسم,8199,entries/0851-0969.md,entry-0864
حیرت,حیرت,453,کنجکاوی: میل به‌دانش,اسم,4183,entries/0438-0543.md,entry-0453
حیرت,حیرت,456,بی‌توجهی,اسم,4208,entries/0438-0543.md,entry-0456
حیرت,حیرت,508,عدم انتظار,اسم,4751,entries/0438-0543.md,entry-0508
حیرت,حیرت,517,غیرقابل‌درک بودن,اسم,4845,entries/0438-0543.md,entry-0517
حیرت,حیرت,864,شگفت,اسم,8199,entries/0851-0969.md,entry-0864
حیرت,حیرت,991,عرفان,اسم,9366,entries/0970-0991.md,entry-0991
حیرت زده,حیرت زده,864,شگفت,صفت,8202,entries/0851-0969.md,entry-0864
حیرت کردن,حیرت کردن,864,شگفت,فعل,8204,entries/0851-0969.md,entry-0864
حیرتا,حیرتا,864,شگفت,شبه جمله,8207,entries/0851-0969.md,entry-0864
حیرتمند,حیرتمند,453,کنجکاوی: میل به‌دانش,صفت,4185,entries/0438-0543.md,entry-0453
حیرت‌انگیز,حیرت‌انگیز,32,بزرگی,صفت,326,entries/0001-0090.md,entry-0032
حیرت‌انگیز,حیرت‌انگیز,864,شگفت,صفت,8203,entries/0851-0969.md,entry-0864
حیز انتفاع,حیز انتفاع,640,فایده 640#,اسم,6021,entries/0544-0650.md,entry-0640
حیص‌وبیص,حیص‌وبیص,154,رویداد 154#,اسم,1424,entries/0091-0193.md,entry-0154
حیص‌وبیص,حیص‌وبیص,661,خطر,اسم,6266,entries/0651-0741.md,entry-0661
حیض,حیض,302,مدفوع,اسم,2917,entries/0302-0437.md,entry-0302
حیطه,حیطه,183,فضا 183#,اسم,1738,entries/0091-0193.md,entry-0183
حیطه,حیطه,184,منطقه: فضای معین,اسم,1746,entries/0091-0193.md,entry-0184
حیطه,حیطه,744,آزادی,اسم,7083,entries/0742-0850.md,entry-0744
حیطۀ اختیارات,حیطۀ اختیارات,622,اشتغال,اسم,5848,entries/0544-0650.md,entry-0622
حیطۀ اقتدار,حیطۀ اقتدار,622,اشتغال,اسم,5848,entries/0544-0650.md,entry-0622
حیطۀ اقتدار,حیطۀ اقتدار,733,اقتدار 733#,اسم,6964,entries/0651-0741.md,entry-0733
حیطۀ اقتدار اجرایی ◄ منصب,حیطۀ اقتدار اجرایی ◄ منصب,733,اقتدار 733#,اسم,6960,entries/0651-0741.md,entry-0733
حیطۀ اقتدار جغرافیایی ◄ سازمان سیاسی,حیطۀ اقتدار جغرافیایی ◄ سازمان سیاسی,622,اشتغال,اسم,5848,entries/0544-0650.md,entry-0622
حیطۀ اقتدار جغرافیایی ◄ سازمان سیاسی,حیطۀ اقتدار جغرافیایی ◄ سازمان سیاسی,733,اقتدار 733#,اسم,6960,entries/0651-0741.md,entry-0733
حیطۀ اقتدار سازمانی ◄ منصب,حیطۀ اقتدار سازمانی ◄ منصب,622,اشتغال,اسم,5848,entries/0544-0650.md,entry-0622
حیطۀ جغرافیایی اقتدار,حیطۀ جغرافیایی اقتدار,733,اقتدار 733#,اسم,6965,entries/0651-0741.md,entry-0733
حیطۀ وظایف,حیطۀ وظایف,622,اشتغال,اسم,5848,entries/0544-0650.md,entry-0622
حیطۀ کار,حیطۀ کار,452,موضوع,اسم,4172,entries/0438-0543.md,entry-0452
حیطۀ کار,حیطۀ کار,733,اقتدار 733#,اسم,6964,entries/0651-0741.md,entry-0733
حیطۀ کار,حیطۀ کار,955,دادگستری . قضا . قضاوت,اسم,9046,entries/0851-0969.md,entry-0955
حیطۀ کاری,حیطۀ کاری,622,اشتغال,اسم,5848,entries/0544-0650.md,entry-0622
حیطۀ ‌کار,حیطۀ ‌کار,622,اشتغال,اسم,5848,entries/0544-0650.md,entry-0622
حیف!,حیف!,905,دلسوزی . ترحم,فعل,8608,entries/0851-0969.md,entry-0905
حیفِ‌نان,حیفِ‌نان,636,عدم کفایت,صفت,5981,entries/0544-0650.md,entry-0636
حیف‌ومیل,حیف‌ومیل,675,سوءاستفاده,اسم,6396,entries/0651-0741.md,entry-0675
حیف‌ومیل,حیف‌ومیل,788,دزدی,اسم,7478,entries/0742-0850.md,entry-0788
حیله,حیله,541,دروغگویی,اسم,5088,entries/0438-0543.md,entry-0541
حیله,حیله,542,فریب,اسم,5099,entries/0438-0543.md,entry-0542
حیله,حیله,623,برنامه,اسم,5861,entries/0544-0650.md,entry-0623
حیله,حیله,698,زیرکی,اسم,6593,entries/0651-0741.md,entry-0698
حیله,حیله,930,نادرستی 930#,اسم,8845,entries/0851-0969.md,entry-0930
حیله,حیله,983,جادوگری,اسم,9295,entries/0970-0991.md,entry-0983
حیله زدن,حیله زدن,542,فریب,فعل,5108,entries/0438-0543.md,entry-0542
حیله کردن,حیله کردن,542,فریب,فعل,5111,entries/0438-0543.md,entry-0542
حیله کردن,حیله کردن,698,زیرکی,فعل,6597,entries/0651-0741.md,entry-0698
حیله کردن,حیله کردن,930,نادرستی 930#,فعل,8851,entries/0851-0969.md,entry-0930
حیله‌گر,حیله‌گر,541,دروغگویی,صفت,5090,entries/0438-0543.md,entry-0541
حیله‌گر,حیله‌گر,542,فریب,صفت,5104,entries/0438-0543.md,entry-0542
حیله‌گر,حیله‌گر,698,زیرکی,صفت,6596,entries/0651-0741.md,entry-0698
حیله‌گری,حیله‌گری,523,نهفتگی,اسم,4908,entries/0438-0543.md,entry-0523
حیله‌گری,حیله‌گری,542,فریب,اسم,5100,entries/0438-0543.md,entry-0542
حیله‌گری,حیله‌گری,698,زیرکی,اسم,6593,entries/0651-0741.md,entry-0698
حیله‌گری,حیله‌گری,930,نادرستی 930#,اسم,8846,entries/0851-0969.md,entry-0930
حیلۀ جنگی,حیلۀ جنگی,698,زیرکی,اسم,6594,entries/0651-0741.md,entry-0698
حین,حین,108,زمان 108#,اسم,1014,entries/0091-0193.md,entry-0108
حینِ,حینِ,108,زمان 108#,صفت,1019,entries/0091-0193.md,entry-0108
حیوان,حیوان,358,ارگانیسم: موجودات زنده 358#,اسم,3388,entries/0302-0437.md,entry-0358
حیوان,حیوان,365,حیوانات,اسم,3455,entries/0302-0437.md,entry-0365
حیوان,حیوان,448,فقدان شعور,صفت,4138,entries/0438-0543.md,entry-0448
حیوان,حیوان,904,بدکار,اسم,8596,entries/0851-0969.md,entry-0904
حیوان,حیوان,938,نامرد,اسم,8909,entries/0851-0969.md,entry-0938
حیوان باربر,حیوان باربر,273,حمل‌کننده,اسم,2631,entries/0194-0301.md,entry-0273
حیوان باربر,حیوان باربر,365,حیوانات,اسم,3455,entries/0302-0437.md,entry-0365
حیوان باربَردار,حیوان باربَردار,678,فعالیت . بیداری,اسم,6426,entries/0651-0741.md,entry-0678
حیوان تک‌سلولی,حیوان تک‌سلولی,196,خُردی,اسم,1895,entries/0194-0301.md,entry-0196
حیوان جهنده,حیوان جهنده,312,پرش . جهش,اسم,3002,entries/0302-0437.md,entry-0312
حیوان جوان,حیوان جوان,132,جوان,اسم,1221,entries/0091-0193.md,entry-0132
حیوان جوان,حیوان جوان,365,حیوانات,اسم,3457,entries/0302-0437.md,entry-0365
حیوان صفت,حیوان صفت,898,بدخواهی . اذیت,صفت,8546,entries/0851-0969.md,entry-0898
حیوان صیاد,حیوان صیاد,904,بدکار,اسم,8596,entries/0851-0969.md,entry-0904
حیوان ضعیف,حیوان ضعیف,163,ضعف,اسم,1539,entries/0091-0193.md,entry-0163
حیوان ماده,حیوان ماده,373,مؤنث,اسم,3543,entries/0302-0437.md,entry-0373
حیوان نر,حیوان نر,372,مذکر,اسم,3536,entries/0302-0437.md,entry-0372
حیوان پرخور,حیوان پرخور,947,پُرخوری,صفت,8970,entries/0851-0969.md,entry-0947
حیوان کوچک,حیوان کوچک,33,کوچکی,اسم,336,entries/0001-0090.md,entry-0033
حیوان گوشتخوار,حیوان گوشتخوار,904,بدکار,اسم,8596,entries/0851-0969.md,entry-0904
حیوانات,حیوانات,273,حمل‌کننده,اسم,2631,entries/0194-0301.md,entry-0273
حیوانات,حیوانات,360,زندگی 360#,اسم,3403,entries/0302-0437.md,entry-0360
حیوانات,حیوانات,365,حیوانات,اسم,3454,entries/0302-0437.md,entry-0365
حیوانات آبی,حیوانات آبی,365,حیوانات,اسم,3454,entries/0302-0437.md,entry-0365
حیوانات اهلی,حیوانات اهلی,365,حیوانات,اسم,3459,entries/0302-0437.md,entry-0365
حیوانات خشکی,حیوانات خشکی,365,حیوانات,اسم,3454,entries/0302-0437.md,entry-0365
حیوانی,حیوانی,358,ارگانیسم: موجودات زنده 358#,صفت,3391,entries/0302-0437.md,entry-0358
حیوانی,حیوانی,365,حیوانات,صفت,3470,entries/0302-0437.md,entry-0365
حیوانی,حیوانی,448,فقدان شعور,صفت,4138,entries/0438-0543.md,entry-0448
حیوانیت,حیوانیت,365,حیوانات,اسم,3454,entries/0302-0437.md,entry-0365
حیوان‌شناسی,حیوان‌شناسی,367,جانورشناسی,اسم,3491,entries/0302-0437.md,entry-0367
حیوان‌صفت,حیوان‌صفت,365,حیوانات,صفت,3470,entries/0302-0437.md,entry-0365
حیوان‌صفت,حیوان‌صفت,934,شرارت,صفت,8879,entries/0851-0969.md,entry-0934
حیِ‌حاضر,حیِ‌حاضر,52,کل - بخش اصلی,صفت,531,entries/0001-0090.md,entry-0052
حی‌حاضر,حی‌حاضر,189,حضور,اسم,1788,entries/0091-0193.md,entry-0189
