term,normalized_term,entry_id,entry_heading,pos_context,docx_paragraph,file,anchor
ترتیب صعودی,ترتیب صعودی,36,افزایش,اسم,366,entries/0001-0090.md,entry-0036
ترتیب مسلسل,ترتیب مسلسل,65,تعاقب [در ترتیب] . توالی,اسم,660,entries/0001-0090.md,entry-0065
ترتیب منطقی داستانی,ترتیب منطقی داستانی,71,تداوم [در ترتیب] . تسلسل,اسم,716,entries/0001-0090.md,entry-0071
ترتیب نزولی,ترتیب نزولی,37,کاهش,اسم,375,entries/0001-0090.md,entry-0037
ترتیب کلمات,ترتیب کلمات,564,دستور زبان,اسم,5296,entries/0544-0650.md,entry-0564
ترتیب ◄ ترتیب,ترتیب ◄ ترتیب,81,قاعده,اسم,821,entries/0001-0090.md,entry-0081
ترتیب‌دهنده,ترتیب‌دهنده,62,تنظیم,صفت,635,entries/0001-0090.md,entry-0062
ترتیزک,ترتیزک,301,غذا: خوردن و نوشیدن,اسم,2896,entries/0194-0301.md,entry-0301
ترتیل,ترتیل,577,ندا: صدای انسان,اسم,5379,entries/0544-0650.md,entry-0577
ترتیل ◄ تلفظ,ترتیل ◄ تلفظ,975,وحی . پیامبر,اسم,9212,entries/0970-0991.md,entry-0975
ترجمان,ترجمان,520,تعبیر . تفسیر 520#,اسم,4872,entries/0438-0543.md,entry-0520
ترجمه,ترجمه,20,تقلید (نسخه‌برداری) 20#,اسم,202,entries/0001-0090.md,entry-0020
ترجمه,ترجمه,520,تعبیر . تفسیر 520#,اسم,4868,entries/0438-0543.md,entry-0520
ترجمه,ترجمه,586,نگارش,اسم,5443,entries/0544-0650.md,entry-0586
ترجمه کردن,ترجمه کردن,563,جمله,فعل,5292,entries/0544-0650.md,entry-0563
ترجمه‌ کردن,ترجمه‌ کردن,520,تعبیر . تفسیر 520#,فعل,4877,entries/0438-0543.md,entry-0520
ترجمه‌شده,ترجمه‌شده,520,تعبیر . تفسیر 520#,صفت,4875,entries/0438-0543.md,entry-0520
ترجمۀ آزاد,ترجمۀ آزاد,520,تعبیر . تفسیر 520#,اسم,4870,entries/0438-0543.md,entry-0520
ترجمۀ تحت‌اللفظی,ترجمۀ تحت‌اللفظی,520,تعبیر . تفسیر 520#,اسم,4870,entries/0438-0543.md,entry-0520
ترجمۀ غلط,ترجمۀ غلط,521,سوءتعبیر,اسم,4882,entries/0438-0543.md,entry-0521
ترجیح,ترجیح,34,برتری,اسم,344,entries/0001-0090.md,entry-0034
ترجیح,ترجیح,64,تقدم [در ترتیب],اسم,651,entries/0001-0090.md,entry-0064
ترجیح,ترجیح,179,گرایش,اسم,1697,entries/0091-0193.md,entry-0179
ترجیح,ترجیح,481,عدم تشخیص . تعصب,اسم,4487,entries/0438-0543.md,entry-0481
ترجیح,ترجیح,605,انتخاب,اسم,5664,entries/0544-0650.md,entry-0605
ترجیح,ترجیح,638,اهمیت,اسم,5998,entries/0544-0650.md,entry-0638
ترجیح,ترجیح,923,تحسین,اسم,8766,entries/0851-0969.md,entry-0923
ترجیح دادن,ترجیح دادن,179,گرایش,فعل,1699,entries/0091-0193.md,entry-0179
ترجیح دادن,ترجیح دادن,605,انتخاب,فعل,5669,entries/0544-0650.md,entry-0605
ترجیح دادن,ترجیح دادن,638,اهمیت,فعل,6005,entries/0544-0650.md,entry-0638
ترجیح دادن,ترجیح دادن,923,تحسین,فعل,8772,entries/0851-0969.md,entry-0923
ترجیحی,ترجیحی,605,انتخاب,صفت,5668,entries/0544-0650.md,entry-0605
ترجیح‌دهنده,ترجیح‌دهنده,923,تحسین,صفت,8770,entries/0851-0969.md,entry-0923
ترجیع,ترجیع,141,دوره‌ای بودن: نظم دروقوع و تکرار آن,اسم,1299,entries/0091-0193.md,entry-0141
ترجیع,ترجیع,412,موسیقی,اسم,3836,entries/0302-0437.md,entry-0412
ترجیع,ترجیع,593,شعر و نثر,اسم,5515,entries/0544-0650.md,entry-0593
ترجیعات روح‌نواز ساز,ترجیعات روح‌نواز ساز,410,آهنگ . ملودی: صدای هنجار 410#,اسم,3811,entries/0302-0437.md,entry-0410
ترجیع‌بند,ترجیع‌بند,593,شعر و نثر,اسم,5515,entries/0544-0650.md,entry-0593
ترحم,ترحم,736,آسان‌گیری,اسم,7002,entries/0651-0741.md,entry-0736
ترحم,ترحم,905,دلسوزی . ترحم,اسم,8600,entries/0851-0969.md,entry-0905
ترحم,ترحم,909,عفو . بخشش,اسم,8634,entries/0851-0969.md,entry-0909
ترحم کردن,ترحم کردن,660,ایمنی 660#,فعل,6260,entries/0651-0741.md,entry-0660
ترحم کردن,ترحم کردن,819,حساسیت روحی . زودرنجی,فعل,7737,entries/0742-0850.md,entry-0819
ترحم کردن,ترحم کردن,836,سوگواری,فعل,7913,entries/0742-0850.md,entry-0836
ترحم کردن,ترحم کردن,905,دلسوزی . ترحم,فعل,8605,entries/0851-0969.md,entry-0905
ترحم کردن,ترحم کردن,909,عفو . بخشش,فعل,8637,entries/0851-0969.md,entry-0909
ترحم کردن,ترحم کردن,919,معافیت,فعل,8731,entries/0851-0969.md,entry-0919
ترحم کردن (آوردن),ترحم کردن (آوردن),905,دلسوزی . ترحم,فعل,8605,entries/0851-0969.md,entry-0905
ترحیم,ترحیم,364,دفن,اسم,3443,entries/0302-0437.md,entry-0364
ترحیم,ترحیم,836,سوگواری,اسم,7910,entries/0742-0850.md,entry-0836
ترحیم,ترحیم,941,دلجویی . پوزش,اسم,8928,entries/0851-0969.md,entry-0941
ترحیم کردن,ترحیم کردن,836,سوگواری,فعل,7913,entries/0742-0850.md,entry-0836
ترخون,ترخون,301,غذا: خوردن و نوشیدن,اسم,2896,entries/0194-0301.md,entry-0301
ترخیص,ترخیص,300,دفع . طرد 300#,اسم,2860,entries/0194-0301.md,entry-0300
ترخیص,ترخیص,746,آزادسازی,اسم,7103,entries/0742-0850.md,entry-0746
ترخیص,ترخیص,756,اجازه,اسم,7179,entries/0742-0850.md,entry-0756
ترخیص,ترخیص,779,عدم نگهداری,اسم,7386,entries/0742-0850.md,entry-0779
تردد,تردد,272,حمل . ترابری,اسم,2618,entries/0194-0301.md,entry-0272
تردد,تردد,305,گذر 305#,اسم,2944,entries/0302-0437.md,entry-0305
تردست,تردست,20,تقلید (نسخه‌برداری) 20#,صفت,205,entries/0001-0090.md,entry-0020
تردست,تردست,174,فعال بودن,صفت,1646,entries/0091-0193.md,entry-0174
تردست,تردست,511,پیش‌بینی . فال,اسم,4778,entries/0438-0543.md,entry-0511
تردست,تردست,545,فریبکار,اسم,5132,entries/0544-0650.md,entry-0545
تردست,تردست,694,مهارت,صفت,6562,entries/0651-0741.md,entry-0694
تردست,تردست,851,تمسخر,صفت,8080,entries/0851-0969.md,entry-0851
تردست,تردست,983,جادوگری,اسم,9299,entries/0970-0991.md,entry-0983
تردستی,تردستی,446,ناپدیدی,اسم,4104,entries/0438-0543.md,entry-0446
تردستی,تردستی,513,تخیل,اسم,4803,entries/0438-0543.md,entry-0513
تردستی,تردستی,527,اختفا . نقاب,اسم,4963,entries/0438-0543.md,entry-0527
تردستی,تردستی,542,فریب,اسم,5099,entries/0438-0543.md,entry-0542
تردستی,تردستی,698,زیرکی,اسم,6594,entries/0651-0741.md,entry-0698
تردستی,تردستی,788,دزدی,اسم,7475,entries/0742-0850.md,entry-0788
تردستی,تردستی,983,جادوگری,اسم,9295,entries/0970-0991.md,entry-0983
تردماغ,تردماغ,824,خوشی,صفت,7790,entries/0742-0850.md,entry-0824
تردید,تردید,136,تأخیر,اسم,1249,entries/0091-0193.md,entry-0136
تردید,تردید,472,عدم احتمال,اسم,4382,entries/0438-0543.md,entry-0472
تردید,تردید,474,عدم‌قطعیت . تردید,اسم,4403,entries/0438-0543.md,entry-0474
تردید,تردید,486,ناباوری . شک,اسم,4539,entries/0438-0543.md,entry-0486
تردید,تردید,503,دیوانگی,اسم,4690,entries/0438-0543.md,entry-0503
تردید,تردید,507,انتظار,اسم,4743,entries/0438-0543.md,entry-0507
تردید,تردید,601,بی‌عزمی,اسم,5628,entries/0544-0650.md,entry-0601
تردید,تردید,605,انتخاب,اسم,5664,entries/0544-0650.md,entry-0605
تردید,تردید,606,فقدان انتخاب . بیچارگی,اسم,5676,entries/0544-0650.md,entry-0606
تردید,تردید,858,احتیاط,اسم,8147,entries/0851-0969.md,entry-0858
تردید داشتن,تردید داشتن,143,تغییر و تحول 143#,فعل,1327,entries/0091-0193.md,entry-0143
تردید داشتن,تردید داشتن,152,تغییرپذیری,فعل,1406,entries/0091-0193.md,entry-0152
تردید داشتن,تردید داشتن,486,ناباوری . شک,فعل,4544,entries/0438-0543.md,entry-0486
تردید داشتن,تردید داشتن,601,بی‌عزمی,فعل,5630,entries/0544-0650.md,entry-0601
تردید داشتن,تردید داشتن,606,فقدان انتخاب . بیچارگی,فعل,5681,entries/0544-0650.md,entry-0606
تردید داشتن ◄ شک کردن,تردید داشتن ◄ شک کردن,474,عدم‌قطعیت . تردید,فعل,4411,entries/0438-0543.md,entry-0474
تردید رأی,تردید رأی,601,بی‌عزمی,اسم,5628,entries/0544-0650.md,entry-0601
تردید کردن,تردید کردن,486,ناباوری . شک,فعل,4544,entries/0438-0543.md,entry-0486
تردید کردن,تردید کردن,601,بی‌عزمی,فعل,5630,entries/0544-0650.md,entry-0601
ترس,ترس,318,تلاطم: حرکت نامنظم,اسم,3046,entries/0302-0437.md,entry-0318
ترس,ترس,503,دیوانگی,اسم,4690,entries/0438-0543.md,entry-0503
ترس,ترس,507,انتظار,اسم,4743,entries/0438-0543.md,entry-0507
ترس,ترس,854,ترس,اسم,8106,entries/0851-0969.md,entry-0854
ترس,ترس,856,بزدلی,اسم,8134,entries/0851-0969.md,entry-0856
ترس,ترس,858,احتیاط,اسم,8147,entries/0851-0969.md,entry-0858
ترس,ترس,864,شگفت,اسم,8199,entries/0851-0969.md,entry-0864
ترس,ترس,979,تقوا,اسم,9250,entries/0970-0991.md,entry-0979
ترس آمیخته با احترام,ترس آمیخته با احترام,864,شگفت,اسم,8199,entries/0851-0969.md,entry-0864
ترس آور,ترس آور,854,ترس,صفت,8112,entries/0851-0969.md,entry-0854
ترس از بیگانگان,ترس از بیگانگان,854,ترس,اسم,8108,entries/0851-0969.md,entry-0854
ترس از جای بسته,ترس از جای بسته,854,ترس,اسم,8108,entries/0851-0969.md,entry-0854
ترس ازصحنه,ترس ازصحنه,594,تئاتر,اسم,5531,entries/0544-0650.md,entry-0594
ترس بیجا,ترس بیجا,854,ترس,اسم,8108,entries/0851-0969.md,entry-0854
ترس روانی,ترس روانی,854,ترس,اسم,8108,entries/0851-0969.md,entry-0854
ترس روانی ◄ فوبیا,ترس روانی ◄ فوبیا,854,ترس,اسم,8106,entries/0851-0969.md,entry-0854
ترسان,ترسان,854,ترس,صفت,8110,entries/0851-0969.md,entry-0854
ترساندن,ترساندن,161,ناتوانی,فعل,1515,entries/0091-0193.md,entry-0161
ترساندن,ترساندن,613,بازداشتن,فعل,5758,entries/0544-0650.md,entry-0613
ترساندن,ترساندن,665,علامت خطر,فعل,6302,entries/0651-0741.md,entry-0665
ترساندن,ترساندن,834,افسردگی . وقار,فعل,7895,entries/0742-0850.md,entry-0834
ترساندن,ترساندن,854,ترس,اسم,8109,entries/0851-0969.md,entry-0854
ترساندن,ترساندن,861,بی‌میلی,فعل,8181,entries/0851-0969.md,entry-0861
ترساندن,ترساندن,900,تهدید 900#,فعل,8567,entries/0851-0969.md,entry-0900
ترساندن ◄ ارعاب,ترساندن ◄ ارعاب,854,ترس,اسم,8106,entries/0851-0969.md,entry-0854
ترساننده,ترساننده,854,ترس,صفت,8112,entries/0851-0969.md,entry-0854
ترسناک,ترسناک,32,بزرگی,صفت,326,entries/0001-0090.md,entry-0032
ترسناک,ترسناک,613,بازداشتن,صفت,5756,entries/0544-0650.md,entry-0613
ترسناک,ترسناک,616,شرّ,صفت,5786,entries/0544-0650.md,entry-0616
ترسناک,ترسناک,645,بدی: صفات بد انسان,صفت,6066,entries/0544-0650.md,entry-0645
ترسناک,ترسناک,661,خطر,صفت,6269,entries/0651-0741.md,entry-0661
ترسناک,ترسناک,854,ترس,صفت,8112,entries/0851-0969.md,entry-0854
ترسناک,ترسناک,864,شگفت,صفت,8203,entries/0851-0969.md,entry-0864
ترسناک,ترسناک,900,تهدید 900#,صفت,8566,entries/0851-0969.md,entry-0900
ترسناک,ترسناک,970,جن و پری 970#,صفت,9175,entries/0970-0991.md,entry-0970
ترسناکی,ترسناکی,827,دردناکی,اسم,7816,entries/0742-0850.md,entry-0827
ترسو,ترسو,601,بی‌عزمی,صفت,5629,entries/0544-0650.md,entry-0601
ترسو,ترسو,854,ترس,صفت,8110,entries/0851-0969.md,entry-0854
ترسو,ترسو,856,بزدلی,صفت,8135,entries/0851-0969.md,entry-0856
ترسو,ترسو,879,نوکری,صفت,8347,entries/0851-0969.md,entry-0879
ترسو بودن,ترسو بودن,854,ترس,فعل,8116,entries/0851-0969.md,entry-0854
ترسو بودن,ترسو بودن,856,بزدلی,فعل,8136,entries/0851-0969.md,entry-0856
ترسو ◄ بزدلی◄ ترسو,ترسو ◄ بزدلی◄ ترسو,854,ترس,صفت,8113,entries/0851-0969.md,entry-0854
ترسویی,ترسویی,856,بزدلی,اسم,8134,entries/0851-0969.md,entry-0856
ترسیدن,ترسیدن,486,ناباوری . شک,فعل,4544,entries/0438-0543.md,entry-0486
ترسیدن,ترسیدن,854,ترس,فعل,8114,entries/0851-0969.md,entry-0854
ترسیدن,ترسیدن,856,بزدلی,فعل,8136,entries/0851-0969.md,entry-0856
ترسیده,ترسیده,854,ترس,صفت,8110,entries/0851-0969.md,entry-0854
ترسیده ◄ هول‌کرده,ترسیده ◄ هول‌کرده,613,بازداشتن,صفت,5757,entries/0544-0650.md,entry-0613
ترسیم,ترسیم,553,نقاشی,اسم,5214,entries/0544-0650.md,entry-0553
ترسیم کردن,ترسیم کردن,233,طرح کلی,فعل,2262,entries/0194-0301.md,entry-0233
ترسیم کردن,ترسیم کردن,243,شکل 243#,فعل,2341,entries/0194-0301.md,entry-0243
ترسیم کردن,ترسیم کردن,551,تجسم,فعل,5203,entries/0544-0650.md,entry-0551
ترسیم کردن,ترسیم کردن,553,نقاشی,فعل,5217,entries/0544-0650.md,entry-0553
ترش,ترش,386,مزه . چشایی,اسم,3659,entries/0302-0437.md,entry-0386
ترش,ترش,388,تیزی مزه,صفت,3673,entries/0302-0437.md,entry-0388
ترش,ترش,391,بدطعمی,صفت,3692,entries/0302-0437.md,entry-0391
ترش,ترش,393,تُرش,صفت,3708,entries/0302-0437.md,entry-0393
ترش,ترش,891,رنجش . خشم,صفت,8479,entries/0851-0969.md,entry-0891
ترش,ترش,893,ترشرویی,صفت,8497,entries/0851-0969.md,entry-0893
ترش بودن,ترش بودن,391,بدطعمی,اسم,3691,entries/0302-0437.md,entry-0391
ترش بودن,ترش بودن,393,تُرش,اسم,3705,entries/0302-0437.md,entry-0393
ترش رویی,ترش رویی,827,دردناکی,اسم,7817,entries/0742-0850.md,entry-0827
ترش شدن,ترش شدن,393,تُرش,فعل,3709,entries/0302-0437.md,entry-0393
ترشا,ترشا,651,بیماری . ضعف جسمانی,اسم,6131,entries/0651-0741.md,entry-0651
ترشح,ترشح,298,صدور: حرکت به‌بیرون 298#,اسم,2837,entries/0194-0301.md,entry-0298
ترشح,ترشح,302,مدفوع,اسم,2916,entries/0302-0437.md,entry-0302
ترشح,ترشح,338,تبخیر,اسم,3233,entries/0302-0437.md,entry-0338
ترشح,ترشح,341,رطوبت . نَمّ,اسم,3257,entries/0302-0437.md,entry-0341
ترشح کردن,ترشح کردن,43,آمیختگی 43#,فعل,425,entries/0001-0090.md,entry-0043
ترشح کردن,ترشح کردن,298,صدور: حرکت به‌بیرون 298#,فعل,2844,entries/0194-0301.md,entry-0298
ترشح کردن,ترشح کردن,302,مدفوع,فعل,2921,entries/0302-0437.md,entry-0302
ترشح کردن,ترشح کردن,779,عدم نگهداری,فعل,7391,entries/0742-0850.md,entry-0779
ترشحات,ترشحات,298,صدور: حرکت به‌بیرون 298#,اسم,2837,entries/0194-0301.md,entry-0298
ترشحات,ترشحات,300,دفع . طرد 300#,اسم,2862,entries/0194-0301.md,entry-0300
ترشحات,ترشحات,302,مدفوع,اسم,2919,entries/0302-0437.md,entry-0302
ترشحات,ترشحات,335,مایع,اسم,3212,entries/0302-0437.md,entry-0335
ترشحات,ترشحات,338,تبخیر,اسم,3233,entries/0302-0437.md,entry-0338
ترشحی,ترشحی,298,صدور: حرکت به‌بیرون 298#,صفت,2841,entries/0194-0301.md,entry-0298
ترشحی,ترشحی,300,دفع . طرد 300#,صفت,2863,entries/0194-0301.md,entry-0300
ترشحی,ترشحی,302,مدفوع,صفت,2920,entries/0302-0437.md,entry-0302
ترشحی,ترشحی,335,مایع,صفت,3214,entries/0302-0437.md,entry-0335
ترشرو,ترشرو,84,عدم تطبیق,صفت,849,entries/0001-0090.md,entry-0084
ترشرو,ترشرو,602,سرسختی . یکدندگی,صفت,5636,entries/0544-0650.md,entry-0602
ترشرو,ترشرو,735,سخت‌گیری,صفت,6992,entries/0651-0741.md,entry-0735
ترشرو,ترشرو,825,رنج . غم,صفت,7799,entries/0742-0850.md,entry-0825
ترشرو,ترشرو,827,دردناکی,صفت,7818,entries/0742-0850.md,entry-0827
ترشرو,ترشرو,834,افسردگی . وقار,صفت,7889,entries/0742-0850.md,entry-0834
ترشرو,ترشرو,842,زشتی,صفت,7994,entries/0742-0850.md,entry-0842
ترشرو,ترشرو,885,بی‌ادبی,صفت,8419,entries/0851-0969.md,entry-0885
ترشرو,ترشرو,891,رنجش . خشم,صفت,8478,entries/0851-0969.md,entry-0891
ترشرو,ترشرو,892,تندطبعی,صفت,8492,entries/0851-0969.md,entry-0892
ترشرو,ترشرو,893,ترشرویی,صفت,8497,entries/0851-0969.md,entry-0893
ترشرو,ترشرو,898,بدخواهی . اذیت,صفت,8545,entries/0851-0969.md,entry-0898
ترشرو بودن,ترشرو بودن,602,سرسختی . یکدندگی,فعل,5638,entries/0544-0650.md,entry-0602
ترشرو بودن,ترشرو بودن,885,بی‌ادبی,فعل,8420,entries/0851-0969.md,entry-0885
ترشرو بودن,ترشرو بودن,891,رنجش . خشم,فعل,8484,entries/0851-0969.md,entry-0891
ترشرو بودن,ترشرو بودن,893,ترشرویی,فعل,8498,entries/0851-0969.md,entry-0893
ترشرویی,ترشرویی,547,دلالت,اسم,5151,entries/0544-0650.md,entry-0547
ترشرویی,ترشرویی,602,سرسختی . یکدندگی,اسم,5634,entries/0544-0650.md,entry-0602
ترشرویی,ترشرویی,834,افسردگی . وقار,اسم,7886,entries/0742-0850.md,entry-0834
ترشرویی,ترشرویی,840,بی‌روحی 840#,اسم,7973,entries/0742-0850.md,entry-0840
ترشرویی,ترشرویی,891,رنجش . خشم,اسم,8476,entries/0851-0969.md,entry-0891
ترشرویی,ترشرویی,893,ترشرویی,اسم,8496,entries/0851-0969.md,entry-0893
ترشرویی,ترشرویی,902,مردم‌گریزی,اسم,8582,entries/0851-0969.md,entry-0902
ترشی,ترشی,301,غذا: خوردن و نوشیدن,اسم,2890,entries/0194-0301.md,entry-0301
ترشی,ترشی,389,ادویه و چاشنیها,اسم,3681,entries/0302-0437.md,entry-0389
ترشی,ترشی,393,تُرش,اسم,3707,entries/0302-0437.md,entry-0393
ترشی,ترشی,666,حفظ: جلوگیری ازفساد,اسم,6307,entries/0651-0741.md,entry-0666
ترشی گذاشتن,ترشی گذاشتن,666,حفظ: جلوگیری ازفساد,فعل,6310,entries/0651-0741.md,entry-0666
ترش‌مزه,ترش‌مزه,655,زوال . فرسایش,صفت,6185,entries/0651-0741.md,entry-0655
ترصیع,ترصیع,844,تزیین,اسم,8012,entries/0742-0850.md,entry-0844
ترضیه,ترضیه,828,رضایت . خرسندی,اسم,7832,entries/0742-0850.md,entry-0828
ترضیۀ نفس,ترضیۀ نفس,932,خودخواهی,اسم,8863,entries/0851-0969.md,entry-0932
ترغیب,ترغیب,291,جاذبه,اسم,2780,entries/0194-0301.md,entry-0291
ترغیب,ترغیب,612,انگیختن . تحریک,اسم,5736,entries/0544-0650.md,entry-0612
ترغیب کردن,ترغیب کردن,612,انگیختن . تحریک,فعل,5746,entries/0544-0650.md,entry-0612
ترفند,ترفند,542,فریب,اسم,5099,entries/0438-0543.md,entry-0542
ترفندباز,ترفندباز,620,اجتناب620#,اسم,5830,entries/0544-0650.md,entry-0620
ترفیع,ترفیع,209,بلندی (ارتفاع) . بالا . رو,اسم,2012,entries/0194-0301.md,entry-0209
ترفیع,ترفیع,308,صعود: بالا رفتن,اسم,2969,entries/0302-0437.md,entry-0308
ترفیع,ترفیع,310,ترفیع: بالابردن 310#,اسم,2984,entries/0302-0437.md,entry-0310
ترفیع,ترفیع,654,بهبود,اسم,6168,entries/0651-0741.md,entry-0654
ترفیع دادن,ترفیع دادن,866,خوش‌نامی,فعل,8230,entries/0851-0969.md,entry-0866
ترفیع گرفتن,ترفیع گرفتن,308,صعود: بالا رفتن,فعل,2972,entries/0302-0437.md,entry-0308
ترقه,ترقه,420,روشنایی 420#,اسم,3914,entries/0302-0437.md,entry-0420
ترقه,ترقه,723,سلاح,اسم,6864,entries/0651-0741.md,entry-0723
ترقی,ترقی,36,افزایش,اسم,366,entries/0001-0090.md,entry-0036
ترقی,ترقی,285,پیشروی,اسم,2735,entries/0194-0301.md,entry-0285
ترقی,ترقی,310,ترفیع: بالابردن 310#,اسم,2984,entries/0302-0437.md,entry-0310
ترقی,ترقی,654,بهبود,اسم,6168,entries/0651-0741.md,entry-0654
ترقی دادن,ترقی دادن,310,ترفیع: بالابردن 310#,فعل,2987,entries/0302-0437.md,entry-0310
ترقی دادن,ترقی دادن,654,بهبود,فعل,6176,entries/0651-0741.md,entry-0654
ترقی کردن,ترقی کردن,36,افزایش,فعل,369,entries/0001-0090.md,entry-0036
ترقیم,ترقیم,586,نگارش,اسم,5442,entries/0544-0650.md,entry-0586
ترم,ترم,92,یک‌دوم,اسم,923,entries/0091-0193.md,entry-0092
ترم,ترم,95,یک‌سوم,اسم,938,entries/0091-0193.md,entry-0095
ترم,ترم,108,زمان 108#,اسم,1014,entries/0091-0193.md,entry-0108
ترم,ترم,110,دوره: زمان معین 110#,اسم,1033,entries/0091-0193.md,entry-0110
ترم,ترم,534,آموزش,اسم,5035,entries/0438-0543.md,entry-0534
ترم,ترم,538,دانش‌آموز,اسم,5067,entries/0438-0543.md,entry-0538
ترم,ترم,559,کلمه,اسم,5258,entries/0544-0650.md,entry-0559
ترم,ترم,561,نام‌گذاری,اسم,5275,entries/0544-0650.md,entry-0561
ترمز,ترمز,145,توقف: تغییر ازحرکت / عمل به‌سکون,اسم,1340,entries/0091-0193.md,entry-0145
ترمز,ترمز,274,وسیلۀ نقلیه,اسم,2647,entries/0194-0301.md,entry-0274
ترمز کردن,ترمز کردن,145,توقف: تغییر ازحرکت / عمل به‌سکون,فعل,1346,entries/0091-0193.md,entry-0145
ترمز کردن,ترمز کردن,266,عدم تحرک,فعل,2560,entries/0194-0301.md,entry-0266
ترمز کردن,ترمز کردن,278,آهستگی,فعل,2676,entries/0194-0301.md,entry-0278
ترمز ‌کردن,ترمز ‌کردن,266,عدم تحرک,فعل,2561,entries/0194-0301.md,entry-0266
ترمزشده,ترمزشده,145,توقف: تغییر ازحرکت / عمل به‌سکون,صفت,1344,entries/0091-0193.md,entry-0145
ترمه,ترمه,222,تاروپود: بافت متقاطع,اسم,2134,entries/0194-0301.md,entry-0222
ترموتراپی,ترموتراپی,658,درمان,اسم,6228,entries/0651-0741.md,entry-0658
ترمودینامیک,ترمودینامیک,162,قدرت,اسم,1525,entries/0091-0193.md,entry-0162
ترمیم,ترمیم,143,تغییر و تحول 143#,اسم,1320,entries/0091-0193.md,entry-0143
ترمیم,ترمیم,654,بهبود,اسم,6169,entries/0651-0741.md,entry-0654
ترمیم,ترمیم,656,بازسازی,اسم,6198,entries/0651-0741.md,entry-0656
ترمیم [کابینه],ترمیم [کابینه],150,جایگزینی: گذاشتن چیزی درجای دیگری,اسم,1383,entries/0091-0193.md,entry-0150
ترمیم طبی,ترمیم طبی,654,بهبود,اسم,6169,entries/0651-0741.md,entry-0654
ترمیم کردن,ترمیم کردن,656,بازسازی,فعل,6207,entries/0651-0741.md,entry-0656
ترمیم کننده,ترمیم کننده,654,بهبود,اسم,6172,entries/0651-0741.md,entry-0654
ترمیمی,ترمیمی,656,بازسازی,صفت,6202,entries/0651-0741.md,entry-0656
ترمیم‌کننده,ترمیم‌کننده,656,بازسازی,اسم,6200,entries/0651-0741.md,entry-0656
ترمیم‌کننده ◄ رفرمیست,ترمیم‌کننده ◄ رفرمیست,654,بهبود,اسم,6169,entries/0651-0741.md,entry-0654
ترمینال,ترمینال,145,توقف: تغییر ازحرکت / عمل به‌سکون,اسم,1343,entries/0091-0193.md,entry-0145
ترمینال,ترمینال,192,منزل: محل سکنا یا زندگی,اسم,1826,entries/0091-0193.md,entry-0192
ترمینال,ترمینال,267,مسافرت زمینی,اسم,2572,entries/0194-0301.md,entry-0267
ترمینال,ترمینال,272,حمل . ترابری,اسم,2621,entries/0194-0301.md,entry-0272
ترمینال,ترمینال,295,ورود,اسم,2806,entries/0194-0301.md,entry-0295
ترمینولوژی,ترمینولوژی,559,کلمه,اسم,5258,entries/0544-0650.md,entry-0559
ترمینولوژی,ترمینولوژی,561,نام‌گذاری,اسم,5275,entries/0544-0650.md,entry-0561
ترن,ترن,274,وسیلۀ نقلیه,اسم,2643,entries/0194-0301.md,entry-0274
ترنج,ترنج,301,غذا: خوردن و نوشیدن,اسم,2893,entries/0194-0301.md,entry-0301
ترنج,ترنج,844,تزیین,اسم,8013,entries/0742-0850.md,entry-0844
ترنجی,ترنجی,433,زرد,صفت,3999,entries/0302-0437.md,entry-0433
تره,تره,301,غذا: خوردن و نوشیدن,اسم,2896,entries/0194-0301.md,entry-0301
ترهات,ترهات,477,سفسطه . تناقض,اسم,4443,entries/0438-0543.md,entry-0477
تره‌بار,تره‌بار,796,بازار,اسم,7534,entries/0742-0850.md,entry-0796
تروتازه,تروتازه,126,تازگی,صفت,1165,entries/0091-0193.md,entry-0126
تروتازه,تروتازه,174,فعال بودن,صفت,1647,entries/0091-0193.md,entry-0174
تروتازه,تروتازه,376,لذت,صفت,3572,entries/0302-0437.md,entry-0376
تروتازه,تروتازه,685,رفع خستگی,صفت,6497,entries/0651-0741.md,entry-0685
تروتازگی,تروتازگی,126,تازگی,اسم,1161,entries/0091-0193.md,entry-0126
تروتازگی,تروتازگی,130,جوانی 130#,اسم,1207,entries/0091-0193.md,entry-0130
تروخشک,تروخشک,79,عمومیت,اسم,795,entries/0001-0090.md,entry-0079
تروخشک کردن,تروخشک کردن,648,پاکیزگی,فعل,6100,entries/0544-0650.md,entry-0648
تروخشک کردن,تروخشک کردن,656,بازسازی,فعل,6206,entries/0651-0741.md,entry-0656
تروخشک کردن,تروخشک کردن,882,اجتماعی بودن . معاشرت,فعل,8387,entries/0851-0969.md,entry-0882
تروریست,تروریست,149,انقلاب: تغییر ناگهانی یا خشونت‌آمیز,اسم,1377,entries/0091-0193.md,entry-0149
تروریست,تروریست,176,شدت . خشونت,اسم,1666,entries/0091-0193.md,entry-0176
تروریست,تروریست,663,ورطه . مهلکه: مایۀ خطر,اسم,6287,entries/0651-0741.md,entry-0663
تروریست,تروریست,712,تک . حمله,اسم,6729,entries/0651-0741.md,entry-0712
تروریسم,تروریسم,63,اغتشاش: ایجاد اغتشاش و به‌هم ریختن,اسم,643,entries/0001-0090.md,entry-0063
تروریسم,تروریسم,176,شدت . خشونت,اسم,1663,entries/0091-0193.md,entry-0176
تروریسم دولتی,تروریسم دولتی,176,شدت . خشونت,اسم,1663,entries/0091-0193.md,entry-0176
ترومبون,ترومبون,414,ساز,اسم,3849,entries/0302-0437.md,entry-0414
ترومپت,ترومپت,414,ساز,اسم,3849,entries/0302-0437.md,entry-0414
تروپ,تروپ,594,تئاتر,اسم,5532,entries/0544-0650.md,entry-0594
تروپ,تروپ,708,گروه اجتماعی,اسم,6688,entries/0651-0741.md,entry-0708
تروپ ◄ نمایش,تروپ ◄ نمایش,74,تجمع . گردآوری,اسم,747,entries/0001-0090.md,entry-0074
تروکاژ,تروکاژ,445,پدیداری . ظاهر,اسم,4096,entries/0438-0543.md,entry-0445
ترویج,ترویج,79,عمومیت,اسم,794,entries/0001-0090.md,entry-0079
ترویج,ترویج,528,نشر,اسم,4971,entries/0438-0543.md,entry-0528
ترویج,ترویج,610,عادت 610#,اسم,5711,entries/0544-0650.md,entry-0610
ترویج,ترویج,612,انگیختن . تحریک,اسم,5736,entries/0544-0650.md,entry-0612
ترویج کردن,ترویج کردن,156,علیت . علت 156#,فعل,1459,entries/0091-0193.md,entry-0156
ترویج کردن,ترویج کردن,485,باور,فعل,4532,entries/0438-0543.md,entry-0485
ترویج ◄ عادت دادن,ترویج ◄ عادت دادن,610,عادت 610#,اسم,5709,entries/0544-0650.md,entry-0610
ترک,ترک,163,ضعف,اسم,1537,entries/0091-0193.md,entry-0163
ترک,ترک,228,پوشاک . پوشیدن,اسم,2202,entries/0194-0301.md,entry-0228
ترک,ترک,296,خروج,اسم,2814,entries/0194-0301.md,entry-0296
ترک,ترک,603,بی ثباتی . بوالهوسی,اسم,5644,entries/0544-0650.md,entry-0603
ترک,ترک,611,ترک [عادت],اسم,5724,entries/0544-0650.md,entry-0611
ترک,ترک,621,چشم‌پوشی,اسم,5838,entries/0544-0650.md,entry-0621
ترک,ترک,674,عدم استفاده,اسم,6388,entries/0651-0741.md,entry-0674
ترک,ترک,779,عدم نگهداری,اسم,7386,entries/0742-0850.md,entry-0779
ترک,ترک,845,لکه . فقدان زینت,اسم,8029,entries/0742-0850.md,entry-0845
ترک (عادت) کردن,ترک (عادت) کردن,779,عدم نگهداری,فعل,7391,entries/0742-0850.md,entry-0779
ترک [عادت],ترک [عادت],779,عدم نگهداری,اسم,7386,entries/0742-0850.md,entry-0779
ترک اختلاف با دخالت قاضی,ترک اختلاف با دخالت قاضی,959,دادخواهی,اسم,9079,entries/0851-0969.md,entry-0959
ترک استعمال,ترک استعمال,779,عدم نگهداری,اسم,7386,entries/0742-0850.md,entry-0779
ترک استفاده,ترک استفاده,611,ترک [عادت],اسم,5724,entries/0544-0650.md,entry-0611
ترک استفاده,ترک استفاده,674,عدم استفاده,اسم,6388,entries/0651-0741.md,entry-0674
ترک استفاده کردن,ترک استفاده کردن,127,کهنگی,فعل,1181,entries/0091-0193.md,entry-0127
ترک استفاده کردن,ترک استفاده کردن,187,استقرار . قرارگاه,فعل,1771,entries/0091-0193.md,entry-0187
ترک استفاده کردن,ترک استفاده کردن,264,بسته . انسداد,فعل,2534,entries/0194-0301.md,entry-0264
ترک استفاده کردن,ترک استفاده کردن,607,ردّ . عدم انتخاب,فعل,5690,entries/0544-0650.md,entry-0607
ترک استفاده کردن,ترک استفاده کردن,674,عدم استفاده,فعل,6392,entries/0651-0741.md,entry-0674
ترک استفاده کردن,ترک استفاده کردن,747,تحدید . خودداری,فعل,7121,entries/0742-0850.md,entry-0747
ترک استفاده کردن,ترک استفاده کردن,752,لغو . الغا . عزل,فعل,7151,entries/0742-0850.md,entry-0752
ترک استفاده کردن,ترک استفاده کردن,779,عدم نگهداری,فعل,7391,entries/0742-0850.md,entry-0779
ترک اعتیاد,ترک اعتیاد,611,ترک [عادت],اسم,5724,entries/0544-0650.md,entry-0611
ترک برداشتن,ترک برداشتن,330,شکنندگی 330#,فعل,3179,entries/0302-0437.md,entry-0330
ترک برداشته,ترک برداشته,201,فاصله,صفت,1943,entries/0194-0301.md,entry-0201
ترک تعلقات کردن,ترک تعلقات کردن,611,ترک [عادت],فعل,5730,entries/0544-0650.md,entry-0611
ترک خوردن (برداشتن),ترک خوردن (برداشتن),201,فاصله,فعل,1945,entries/0194-0301.md,entry-0201
ترک دادن,ترک دادن,674,عدم استفاده,فعل,6392,entries/0651-0741.md,entry-0674
ترک دنیا,ترک دنیا,190,غیاب 190#,اسم,1798,entries/0091-0193.md,entry-0190
ترک عادت,ترک عادت,611,ترک [عادت],اسم,5724,entries/0544-0650.md,entry-0611
ترک عادت,ترک عادت,674,عدم استفاده,اسم,6388,entries/0651-0741.md,entry-0674
ترک عادت دادن,ترک عادت دادن,611,ترک [عادت],فعل,5728,entries/0544-0650.md,entry-0611
ترک عادت دادن,ترک عادت دادن,613,بازداشتن,فعل,5758,entries/0544-0650.md,entry-0613
ترک عادت دادن,ترک عادت دادن,674,عدم استفاده,فعل,6392,entries/0651-0741.md,entry-0674
ترک عادت کردن,ترک عادت کردن,611,ترک [عادت],فعل,5730,entries/0544-0650.md,entry-0611
ترک مخاصمه,ترک مخاصمه,719,آشتی . برقراری صلح,اسم,6810,entries/0651-0741.md,entry-0719
ترک مخاصمه کردن,ترک مخاصمه کردن,719,آشتی . برقراری صلح,فعل,6814,entries/0651-0741.md,entry-0719
ترک منزل کردن,ترک منزل کردن,296,خروج,فعل,2818,entries/0194-0301.md,entry-0296
ترک وظیفه,ترک وظیفه,918,فقدان وظیفه,اسم,8723,entries/0851-0969.md,entry-0918
ترک کردن,ترک کردن,190,غیاب 190#,فعل,1803,entries/0091-0193.md,entry-0190
ترک کردن,ترک کردن,296,خروج,فعل,2818,entries/0194-0301.md,entry-0296
ترک کردن,ترک کردن,603,بی ثباتی . بوالهوسی,فعل,5649,entries/0544-0650.md,entry-0603
ترک کردن,ترک کردن,611,ترک [عادت],فعل,5730,entries/0544-0650.md,entry-0611
ترک کردن,ترک کردن,620,اجتناب620#,فعل,5834,entries/0544-0650.md,entry-0620
ترک کردن,ترک کردن,621,چشم‌پوشی,فعل,5841,entries/0544-0650.md,entry-0621
ترک کردن,ترک کردن,674,عدم استفاده,فعل,6392,entries/0651-0741.md,entry-0674
ترک کردن,ترک کردن,772,خسران . باخت,فعل,7323,entries/0742-0850.md,entry-0772
ترک کردن (گفتن),ترک کردن (گفتن),779,عدم نگهداری,فعل,7391,entries/0742-0850.md,entry-0779
ترکاندن,ترکاندن,46,عدم اتحاد . گسیختگی,فعل,476,entries/0001-0090.md,entry-0046
ترکتازی کردن,ترکتازی کردن,165,تخریب,فعل,1568,entries/0091-0193.md,entry-0165
ترکتازی کردن,ترکتازی کردن,176,شدت . خشونت,فعل,1671,entries/0091-0193.md,entry-0176
ترکدار,ترکدار,845,لکه . فقدان زینت,صفت,8030,entries/0742-0850.md,entry-0845
ترکش,ترکش,280,پس‌نشینی 280#,اسم,2697,entries/0194-0301.md,entry-0280
ترکش,ترکش,723,سلاح,اسم,6863,entries/0651-0741.md,entry-0723
ترکمن,ترکمن,191,مقیم,اسم,1810,entries/0091-0193.md,entry-0191
ترکمن,ترکمن,273,حمل‌کننده,اسم,2632,entries/0194-0301.md,entry-0273
ترکمن,ترکمن,557,زبان,اسم,5243,entries/0544-0650.md,entry-0557
ترکه,ترکه,47,پیوند: وسیلۀ اتصال,اسم,484,entries/0001-0090.md,entry-0047
ترکه,ترکه,612,انگیختن . تحریک,اسم,5735,entries/0544-0650.md,entry-0612
ترکه,ترکه,777,دارایی . مِلک 777#,اسم,7369,entries/0742-0850.md,entry-0777
ترکه,ترکه,780,انتقال ملک 780#,اسم,7398,entries/0742-0850.md,entry-0780
ترکۀ گیلاس,ترکۀ گیلاس,964,وسیلۀ مجازات,اسم,9124,entries/0851-0969.md,entry-0964
ترکی,ترکی,557,زبان,اسم,5243,entries/0544-0650.md,entry-0557
ترکیب,ترکیب,43,آمیختگی 43#,اسم,416,entries/0001-0090.md,entry-0043
ترکیب,ترکیب,45,اتحاد . پیوستگی,اسم,444,entries/0001-0090.md,entry-0045
ترکیب,ترکیب,50,ترکیب 50#,اسم,508,entries/0001-0090.md,entry-0050
ترکیب,ترکیب,56,دربر گرفتن,اسم,569,entries/0001-0090.md,entry-0056
ترکیب,ترکیب,74,تجمع . گردآوری,اسم,744,entries/0001-0090.md,entry-0074
ترکیب,ترکیب,86,شمارش,اسم,870,entries/0001-0090.md,entry-0086
ترکیب,ترکیب,164,تولید . آفرینش,اسم,1549,entries/0091-0193.md,entry-0164
ترکیب,ترکیب,233,طرح کلی,اسم,2260,entries/0194-0301.md,entry-0233
ترکیب,ترکیب,243,شکل 243#,اسم,2337,entries/0194-0301.md,entry-0243
ترکیب,ترکیب,319,مادیت 319#,اسم,3071,entries/0302-0437.md,entry-0319
ترکیب,ترکیب,331,ساختاریافتگی,اسم,3183,entries/0302-0437.md,entry-0331
ترکیب,ترکیب,445,پدیداری . ظاهر,اسم,4095,entries/0438-0543.md,entry-0445
ترکیب,ترکیب,559,کلمه,اسم,5258,entries/0544-0650.md,entry-0559
ترکیب دهنده,ترکیب دهنده,58,داخلی بودن . قطعه,صفت,591,entries/0001-0090.md,entry-0058
ترکیب شدن,ترکیب شدن,50,ترکیب 50#,فعل,512,entries/0001-0090.md,entry-0050
ترکیب فلزات,ترکیب فلزات,50,ترکیب 50#,اسم,509,entries/0001-0090.md,entry-0050
ترکیب کردن,ترکیب کردن,43,آمیختگی 43#,فعل,424,entries/0001-0090.md,entry-0043
ترکیب کردن,ترکیب کردن,45,اتحاد . پیوستگی,فعل,451,entries/0001-0090.md,entry-0045
ترکیب کردن,ترکیب کردن,50,ترکیب 50#,فعل,511,entries/0001-0090.md,entry-0050
ترکیب کردن,ترکیب کردن,56,دربر گرفتن,فعل,572,entries/0001-0090.md,entry-0056
ترکیب کردن,ترکیب کردن,164,تولید . آفرینش,فعل,1555,entries/0091-0193.md,entry-0164
ترکیب کننده,ترکیب کننده,58,داخلی بودن . قطعه,صفت,591,entries/0001-0090.md,entry-0058
ترکیب یونی,ترکیب یونی,319,مادیت 319#,اسم,3071,entries/0302-0437.md,entry-0319
ترکیبات,ترکیبات,43,آمیختگی 43#,اسم,418,entries/0001-0090.md,entry-0043
ترکیبهای آروماتیک,ترکیبهای آروماتیک,358,ارگانیسم: موجودات زنده 358#,اسم,3390,entries/0302-0437.md,entry-0358
ترکیبهای آلی,ترکیبهای آلی,358,ارگانیسم: موجودات زنده 358#,اسم,3390,entries/0302-0437.md,entry-0358
ترکیبی,ترکیبی,43,آمیختگی 43#,صفت,420,entries/0001-0090.md,entry-0043
ترکیبی,ترکیبی,50,ترکیب 50#,صفت,510,entries/0001-0090.md,entry-0050
ترکیب‌بند,ترکیب‌بند,593,شعر و نثر,اسم,5514,entries/0544-0650.md,entry-0593
ترکیب‌شده,ترکیب‌شده,50,ترکیب 50#,صفت,510,entries/0001-0090.md,entry-0050
ترکیب‌شونده,ترکیب‌شونده,5,عرضیت,صفت,69,entries/0001-0090.md,entry-0005
ترکیب‌کننده,ترکیب‌کننده,243,شکل 243#,صفت,2339,entries/0194-0301.md,entry-0243
ترکیدن,ترکیدن,46,عدم اتحاد . گسیختگی,فعل,476,entries/0001-0090.md,entry-0046
ترکیدن,ترکیدن,330,شکنندگی 330#,فعل,3179,entries/0302-0437.md,entry-0330
ترک‌شده بودن,ترک‌شده بودن,611,ترک [عادت],فعل,5729,entries/0544-0650.md,entry-0611
ترگال,ترگال,222,تاروپود: بافت متقاطع,اسم,2134,entries/0194-0301.md,entry-0222
تریا,تریا,192,منزل: محل سکنا یا زندگی,اسم,1828,entries/0091-0193.md,entry-0192
تریاک,تریاک,658,درمان,اسم,6223,entries/0651-0741.md,entry-0658
تریاکی,تریاکی,949,مستی . اعتیاد,صفت,8986,entries/0851-0969.md,entry-0949
تریبون,تریبون,539,مدرسه,اسم,5076,entries/0438-0543.md,entry-0539
تریبون,تریبون,956,دادگاه,اسم,9057,entries/0851-0969.md,entry-0956
تریل,تریل,274,وسیلۀ نقلیه,اسم,2639,entries/0194-0301.md,entry-0274
تریلر,تریلر,267,مسافرت زمینی,اسم,2572,entries/0194-0301.md,entry-0267
تریلر,تریلر,274,وسیلۀ نقلیه,اسم,2641,entries/0194-0301.md,entry-0274
تریلر,تریلر,288,کشش,اسم,2761,entries/0194-0301.md,entry-0288
تریلیارد,تریلیارد,99,بیش ازپنج,اسم,951,entries/0091-0193.md,entry-0099
تریلیون,تریلیون,85,عدد 85#,اسم,860,entries/0001-0090.md,entry-0085
تریو,تریو,412,موسیقی,اسم,3837,entries/0302-0437.md,entry-0412
تریپ,تریپ,445,پدیداری . ظاهر,اسم,4094,entries/0438-0543.md,entry-0445
تریکو,تریکو,222,تاروپود: بافت متقاطع,اسم,2133,entries/0194-0301.md,entry-0222
تریکو,تریکو,228,پوشاک . پوشیدن,اسم,2211,entries/0194-0301.md,entry-0228
تری‌نیتروگلیسرین,تری‌نیتروگلیسرین,723,سلاح,اسم,6864,entries/0651-0741.md,entry-0723
تز,تز,316,تکامل,اسم,3032,entries/0302-0437.md,entry-0316
تز,تز,475,استدلال . تعقل,اسم,4423,entries/0438-0543.md,entry-0475
تز,تز,512,تصور . خاطر,اسم,4792,entries/0438-0543.md,entry-0512
تز,تز,532,اظهار . تأکید . سوگند,اسم,5014,entries/0438-0543.md,entry-0532
تز,تز,590,روایت . شرح . وصف 590#,اسم,5487,entries/0544-0650.md,entry-0590
تز,تز,591,رساله,اسم,5496,entries/0544-0650.md,entry-0591
تزار,تزار,741,رئیس,اسم,7051,entries/0651-0741.md,entry-0741
تزاروس,تزاروس,559,کلمه,اسم,5259,entries/0544-0650.md,entry-0559
تزاروس,تزاروس,589,کتاب,اسم,5475,entries/0544-0650.md,entry-0589
تزاید,تزاید,36,افزایش,اسم,366,entries/0001-0090.md,entry-0036
تزاید,تزاید,285,پیشروی,اسم,2735,entries/0194-0301.md,entry-0285
تزاید,تزاید,654,بهبود,اسم,6168,entries/0651-0741.md,entry-0654
تزریق,تزریق,303,فروکنش,اسم,2924,entries/0302-0437.md,entry-0303
تزریق,تزریق,658,درمان,اسم,6228,entries/0651-0741.md,entry-0658
تزریق کردن,تزریق کردن,303,فروکنش,فعل,2926,entries/0302-0437.md,entry-0303
تزریق کردن,تزریق کردن,673,استفاده,فعل,6382,entries/0651-0741.md,entry-0673
تزریق کردن فکر و عقیده,تزریق کردن فکر و عقیده,303,فروکنش,فعل,2926,entries/0302-0437.md,entry-0303
تزریقاتچی,تزریقاتچی,658,درمان,اسم,6232,entries/0651-0741.md,entry-0658
تزریقاتی,تزریقاتی,658,درمان,اسم,6232,entries/0651-0741.md,entry-0658
تزلزل,تزلزل,61,بی‌نظمی,اسم,618,entries/0001-0090.md,entry-0061
تزلزل,تزلزل,63,اغتشاش: ایجاد اغتشاش و به‌هم ریختن,اسم,643,entries/0001-0090.md,entry-0063
تزلزل,تزلزل,152,تغییرپذیری,اسم,1401,entries/0091-0193.md,entry-0152
تزلزل,تزلزل,163,ضعف,اسم,1537,entries/0091-0193.md,entry-0163
تزلزل,تزلزل,474,عدم‌قطعیت . تردید,اسم,4403,entries/0438-0543.md,entry-0474
تزلزل,تزلزل,486,ناباوری . شک,اسم,4539,entries/0438-0543.md,entry-0486
تزلزل ایجاد کردن,تزلزل ایجاد کردن,613,بازداشتن,فعل,5758,entries/0544-0650.md,entry-0613
تزویر,تزویر,541,دروغگویی,اسم,5088,entries/0438-0543.md,entry-0541
تزویر,تزویر,542,فریب,اسم,5099,entries/0438-0543.md,entry-0542
تزویر,تزویر,698,زیرکی,اسم,6594,entries/0651-0741.md,entry-0698
تزکیه,تزکیه,818,احساس,اسم,7721,entries/0742-0850.md,entry-0818
تزکیه,تزکیه,991,عرفان,اسم,9366,entries/0970-0991.md,entry-0991
تزیین,تزیین,40,متمّم 40#,اسم,399,entries/0001-0090.md,entry-0040
تزیین,تزیین,226,پوشش,اسم,2168,entries/0194-0301.md,entry-0226
تزیین,تزیین,445,پدیداری . ظاهر,اسم,4093,entries/0438-0543.md,entry-0445
تزیین,تزیین,519,استعاره,اسم,4862,entries/0438-0543.md,entry-0519
تزیین,تزیین,551,تجسم,اسم,5198,entries/0544-0650.md,entry-0551
تزیین,تزیین,574,آراستن به‌صنایع بدیعی,اسم,5358,entries/0544-0650.md,entry-0574
تزیین,تزیین,589,کتاب,اسم,5471,entries/0544-0650.md,entry-0589
تزیین,تزیین,843,زیباسازی . آرایش,اسم,8000,entries/0742-0850.md,entry-0843
تزیین,تزیین,844,تزیین,اسم,8011,entries/0742-0850.md,entry-0844
تزیین کتاب,تزیین کتاب,589,کتاب,اسم,5471,entries/0544-0650.md,entry-0589
تزیین کردن,تزیین کردن,60,نظم 60#,فعل,612,entries/0001-0090.md,entry-0060
تزیین کردن,تزیین کردن,437,رنگارنگی,فعل,4025,entries/0302-0437.md,entry-0437
تزیین کردن,تزیین کردن,546,اغراق,فعل,5140,entries/0544-0650.md,entry-0546
تزیین کردن,تزیین کردن,841,زیبایی,فعل,7986,entries/0742-0850.md,entry-0841
تزیین کردن,تزیین کردن,844,تزیین,فعل,8025,entries/0742-0850.md,entry-0844
تزیینات ساختمان,تزیینات ساختمان,844,تزیین,اسم,8020,entries/0742-0850.md,entry-0844
تزیینات لباس,تزیینات لباس,217,آویزانی,اسم,2079,entries/0194-0301.md,entry-0217
تزیینات لباس,تزیینات لباس,228,پوشاک . پوشیدن,اسم,2210,entries/0194-0301.md,entry-0228
تزیینات لباس,تزیینات لباس,844,تزیین,اسم,8015,entries/0742-0850.md,entry-0844
تزیینات لباس,تزیینات لباس,989,لباس روحانی,اسم,9349,entries/0970-0991.md,entry-0989
تزیینی,تزیینی,844,تزیین,صفت,8022,entries/0742-0850.md,entry-0844
تسامح,تسامح,734,نرمش,اسم,6978,entries/0651-0741.md,entry-0734
تسامح,تسامح,736,آسان‌گیری,اسم,7002,entries/0651-0741.md,entry-0736
تساهل,تساهل,458,غفلت . بی‌دقتی,اسم,4232,entries/0438-0543.md,entry-0458
تساهل,تساهل,701,آسانی,اسم,6624,entries/0651-0741.md,entry-0701
تساهل,تساهل,734,نرمش,اسم,6978,entries/0651-0741.md,entry-0734
تساهل,تساهل,736,آسان‌گیری,اسم,7002,entries/0651-0741.md,entry-0736
تساوی,تساوی,13,یکسانی . همانی,اسم,143,entries/0001-0090.md,entry-0013
تساوی,تساوی,28,برابری: یکسانی مقدار یا درجه,اسم,279,entries/0001-0090.md,entry-0028
تساوی,تساوی,31,جبران . تعدیل,اسم,310,entries/0001-0090.md,entry-0031
تساوی,تساوی,85,عدد 85#,اسم,860,entries/0001-0090.md,entry-0085
تساوی,تساوی,177,ملایمت . میانه‌روی,اسم,1678,entries/0091-0193.md,entry-0177
تساوی,تساوی,245,تقارن,اسم,2351,entries/0194-0301.md,entry-0245
تساوی,تساوی,606,فقدان انتخاب . بیچارگی,اسم,5675,entries/0544-0650.md,entry-0606
تساوی,تساوی,942,امساک . اعتدال,اسم,8937,entries/0851-0969.md,entry-0942
تسبیح,تسبیح,981,پرستش,اسم,9273,entries/0970-0991.md,entry-0981
تسبیح,تسبیح,989,لباس روحانی,اسم,9349,entries/0970-0991.md,entry-0989
تسبیح انداختن,تسبیح انداختن,981,پرستش,فعل,9283,entries/0970-0991.md,entry-0981
تست,تست,459,پرسش,اسم,4247,entries/0438-0543.md,entry-0459
تست,تست,461,آزمایش,اسم,4272,entries/0438-0543.md,entry-0461
تست کای مربع,تست کای مربع,86,شمارش,اسم,872,entries/0001-0090.md,entry-0086
تسخیر,تسخیر,297,دخول: حرکت به درون,اسم,2825,entries/0194-0301.md,entry-0297
تسخیر,تسخیر,712,تک . حمله,اسم,6726,entries/0651-0741.md,entry-0712
تسخیر,تسخیر,745,انقیاد,اسم,7094,entries/0742-0850.md,entry-0745
تسخیر,تسخیر,773,مالکیت,اسم,7330,entries/0742-0850.md,entry-0773
تسخیر,تسخیر,786,اخذ . گرفتن,اسم,7454,entries/0742-0850.md,entry-0786
تسخیر,تسخیر,983,جادوگری,اسم,9295,entries/0970-0991.md,entry-0983
تسخیر کردن,تسخیر کردن,139,اغلب (کثرت وقوع),فعل,1284,entries/0091-0193.md,entry-0139
تسخیر کردن,تسخیر کردن,297,دخول: حرکت به درون,فعل,2828,entries/0194-0301.md,entry-0297
تسخیر کردن,تسخیر کردن,745,انقیاد,فعل,7099,entries/0742-0850.md,entry-0745
تسخیر کردن,تسخیر کردن,786,اخذ . گرفتن,فعل,7461,entries/0742-0850.md,entry-0786
تسخیر کردن توسط ارواح,تسخیر کردن توسط ارواح,970,جن و پری 970#,فعل,9176,entries/0970-0991.md,entry-0970
تسخیرشده,تسخیرشده,786,اخذ . گرفتن,صفت,7459,entries/0742-0850.md,entry-0786
تسخیرناپذیر,تسخیرناپذیر,162,قدرت,صفت,1527,entries/0091-0193.md,entry-0162
تسخیرناپذیر,تسخیرناپذیر,660,ایمنی 660#,صفت,6257,entries/0651-0741.md,entry-0660
تسخیرکننده,تسخیرکننده,786,اخذ . گرفتن,صفت,7456,entries/0742-0850.md,entry-0786
تسرّی,تسرّی,78,شمول . دربر داشتن,اسم,782,entries/0001-0090.md,entry-0078
تسری دادن,تسری دادن,79,عمومیت,فعل,799,entries/0001-0090.md,entry-0079
تسریع,تسریع,135,تعجیل,اسم,1240,entries/0091-0193.md,entry-0135
تسریع کردن,تسریع کردن,135,تعجیل,فعل,1244,entries/0091-0193.md,entry-0135
تسطیح,تسطیح,28,برابری: یکسانی مقدار یا درجه,اسم,282,entries/0001-0090.md,entry-0028
تسطیح [◄ صاف بودن 258],تسطیح [◄ صاف بودن 258],216,افقی,اسم,2068,entries/0194-0301.md,entry-0216
تسعیر,تسعیر,147,تبدیل: تغییر یافتن به‌چیزی دیگر,اسم,1359,entries/0091-0193.md,entry-0147
تسعیر,تسعیر,150,جایگزینی: گذاشتن چیزی درجای دیگری,اسم,1383,entries/0091-0193.md,entry-0150
تسعیر,تسعیر,151,تغییر متقابل: تغییر باهم یا دوگانه,اسم,1393,entries/0091-0193.md,entry-0151
تسعیر,تسعیر,480,تشخیص . استنتاج 480#,اسم,4475,entries/0438-0543.md,entry-0480
تسعیر ارز,تسعیر ارز,797,پول,اسم,7540,entries/0742-0850.md,entry-0797
تسعیر کردن,تسعیر کردن,150,جایگزینی: گذاشتن چیزی درجای دیگری,فعل,1388,entries/0091-0193.md,entry-0150
تسعیر کردن,تسعیر کردن,151,تغییر متقابل: تغییر باهم یا دوگانه,فعل,1395,entries/0091-0193.md,entry-0151
تسعیر کردن,تسعیر کردن,797,پول,فعل,7551,entries/0742-0850.md,entry-0797
تسلا,تسلا,905,دلسوزی . ترحم,اسم,8601,entries/0851-0969.md,entry-0905
تسلسل,تسلسل,60,نظم 60#,اسم,610,entries/0001-0090.md,entry-0060
تسلسل,تسلسل,65,تعاقب [در ترتیب] . توالی,اسم,660,entries/0001-0090.md,entry-0065
تسلسل,تسلسل,71,تداوم [در ترتیب] . تسلسل,اسم,716,entries/0001-0090.md,entry-0071
تسلسل,تسلسل,89,همراهی,اسم,902,entries/0001-0090.md,entry-0089
تسلسل داشتن,تسلسل داشتن,71,تداوم [در ترتیب] . تسلسل,فعل,720,entries/0001-0090.md,entry-0071
تسلط,تسلط,34,برتری,اسم,344,entries/0001-0090.md,entry-0034
تسلط,تسلط,64,تقدم [در ترتیب],اسم,651,entries/0001-0090.md,entry-0064
تسلط,تسلط,160,توان 160#,اسم,1495,entries/0091-0193.md,entry-0160
تسلط,تسلط,178,تأثیر,اسم,1689,entries/0091-0193.md,entry-0178
تسلط,تسلط,694,مهارت,اسم,6559,entries/0651-0741.md,entry-0694
تسلط,تسلط,733,اقتدار 733#,اسم,6961,entries/0651-0741.md,entry-0733
تسلط,تسلط,745,انقیاد,اسم,7094,entries/0742-0850.md,entry-0745
تسلط,تسلط,773,مالکیت,اسم,7330,entries/0742-0850.md,entry-0773
تسلط داشتن,تسلط داشتن,34,برتری,فعل,350,entries/0001-0090.md,entry-0034
تسلط داشتن,تسلط داشتن,733,اقتدار 733#,فعل,6970,entries/0651-0741.md,entry-0733
تسلط‌گرا,تسلط‌گرا,735,سخت‌گیری,صفت,6993,entries/0651-0741.md,entry-0735
تسلی,تسلی,831,تسکین,اسم,7858,entries/0742-0850.md,entry-0831
تسلی,تسلی,905,دلسوزی . ترحم,اسم,8601,entries/0851-0969.md,entry-0905
تسلیت,تسلیت,836,سوگواری,اسم,7910,entries/0742-0850.md,entry-0836
تسلیت,تسلیت,905,دلسوزی . ترحم,اسم,8601,entries/0851-0969.md,entry-0905
تسلیت گفتن,تسلیت گفتن,836,سوگواری,فعل,7913,entries/0742-0850.md,entry-0836
تسلیت گفتن,تسلیت گفتن,905,دلسوزی . ترحم,فعل,8605,entries/0851-0969.md,entry-0905
تسلیحات,تسلیحات,74,تجمع . گردآوری,اسم,750,entries/0001-0090.md,entry-0074
تسلیحات,تسلیحات,723,سلاح,اسم,6852,entries/0651-0741.md,entry-0723
تسلیم,تسلیم,83,تطبیق,اسم,833,entries/0001-0090.md,entry-0083
تسلیم,تسلیم,161,ناتوانی,صفت,1512,entries/0091-0193.md,entry-0161
تسلیم,تسلیم,175,انفعال 175#,اسم,1656,entries/0091-0193.md,entry-0175
تسلیم,تسلیم,327,نرمی . انعطاف,صفت,3158,entries/0302-0437.md,entry-0327
تسلیم,تسلیم,508,عدم انتظار,اسم,4751,entries/0438-0543.md,entry-0508
تسلیم,تسلیم,547,دلالت,اسم,5159,entries/0544-0650.md,entry-0547
تسلیم,تسلیم,668,نجات,اسم,6324,entries/0651-0741.md,entry-0668
تسلیم,تسلیم,721,تسلیم,اسم,6825,entries/0651-0741.md,entry-0721
تسلیم,تسلیم,728,شکست: عجز درانجام,صفت,6916,entries/0651-0741.md,entry-0728
تسلیم,تسلیم,739,اطاعت . وفاداری,صفت,7035,entries/0651-0741.md,entry-0739
تسلیم,تسلیم,753,استعفا,صفت,7158,entries/0742-0850.md,entry-0753
تسلیم,تسلیم,770,سازش 770#,اسم,7286,entries/0742-0850.md,entry-0770
تسلیم,تسلیم,779,عدم نگهداری,اسم,7386,entries/0742-0850.md,entry-0779
تسلیم,تسلیم,780,انتقال ملک 780#,اسم,7397,entries/0742-0850.md,entry-0780
تسلیم,تسلیم,781,دهش,اسم,7406,entries/0742-0850.md,entry-0781
تسلیم,تسلیم,872,حقارت . خفت,اسم,8284,entries/0851-0969.md,entry-0872
تسلیم,تسلیم,879,نوکری,اسم,8346,entries/0851-0969.md,entry-0879
تسلیم,تسلیم,935,بی‌گناهی,صفت,8890,entries/0851-0969.md,entry-0935
تسلیم,تسلیم,979,تقوا,اسم,9250,entries/0970-0991.md,entry-0979
تسلیم به دادگاه کردن,تسلیم به دادگاه کردن,959,دادخواهی,فعل,9083,entries/0851-0969.md,entry-0959
تسلیم تقدیر شدن,تسلیم تقدیر شدن,721,تسلیم,فعل,6827,entries/0651-0741.md,entry-0721
تسلیم خواهشهای نفسانی,تسلیم خواهشهای نفسانی,932,خودخواهی,اسم,8863,entries/0851-0969.md,entry-0932
تسلیم شدن,تسلیم شدن,35,کهتری,فعل,360,entries/0001-0090.md,entry-0035
تسلیم شدن,تسلیم شدن,83,تطبیق,فعل,839,entries/0001-0090.md,entry-0083
تسلیم شدن,تسلیم شدن,311,تنزل: پایین آوردن,فعل,2997,entries/0302-0437.md,entry-0311
تسلیم شدن,تسلیم شدن,327,نرمی . انعطاف,فعل,3161,entries/0302-0437.md,entry-0327
تسلیم شدن,تسلیم شدن,488,نظر موافق,فعل,4562,entries/0438-0543.md,entry-0488
تسلیم شدن,تسلیم شدن,601,بی‌عزمی,فعل,5630,entries/0544-0650.md,entry-0601
تسلیم شدن,تسلیم شدن,606,فقدان انتخاب . بیچارگی,فعل,5680,entries/0544-0650.md,entry-0606
تسلیم شدن,تسلیم شدن,612,انگیختن . تحریک,فعل,5750,entries/0544-0650.md,entry-0612
تسلیم شدن,تسلیم شدن,721,تسلیم,فعل,6827,entries/0651-0741.md,entry-0721
تسلیم شدن,تسلیم شدن,726,عدم تکمیل,فعل,6893,entries/0651-0741.md,entry-0726
تسلیم شدن,تسلیم شدن,728,شکست: عجز درانجام,فعل,6921,entries/0651-0741.md,entry-0728
تسلیم شدن,تسلیم شدن,753,استعفا,فعل,7159,entries/0742-0850.md,entry-0753
تسلیم شدن,تسلیم شدن,758,تأیید . رضایت,فعل,7198,entries/0742-0850.md,entry-0758
تسلیم شدن,تسلیم شدن,770,سازش 770#,فعل,7288,entries/0742-0850.md,entry-0770
تسلیم شدن,تسلیم شدن,834,افسردگی . وقار,فعل,7892,entries/0742-0850.md,entry-0834
تسلیم شدن,تسلیم شدن,879,نوکری,فعل,8349,entries/0851-0969.md,entry-0879
تسلیم مواضع,تسلیم مواضع,779,عدم نگهداری,اسم,7386,entries/0742-0850.md,entry-0779
تسلیم نشدن,تسلیم نشدن,602,سرسختی . یکدندگی,فعل,5638,entries/0544-0650.md,entry-0602
تسلیم کردن,تسلیم کردن,779,عدم نگهداری,فعل,7391,entries/0742-0850.md,entry-0779
تسلیم کردن,تسلیم کردن,781,دهش,فعل,7412,entries/0742-0850.md,entry-0781
تسلیم‌شده,تسلیم‌شده,161,ناتوانی,صفت,1512,entries/0091-0193.md,entry-0161
تسلیم‌شده,تسلیم‌شده,612,انگیختن . تحریک,صفت,5743,entries/0544-0650.md,entry-0612
تسلیم‌شده,تسلیم‌شده,701,آسانی,صفت,6627,entries/0651-0741.md,entry-0701
تسلیم‌شده,تسلیم‌شده,721,تسلیم,صفت,6826,entries/0651-0741.md,entry-0721
تسلیم‌شده,تسلیم‌شده,872,حقارت . خفت,صفت,8286,entries/0851-0969.md,entry-0872
تسلیم‌ناپذیر,تسلیم‌ناپذیر,602,سرسختی . یکدندگی,صفت,5636,entries/0544-0650.md,entry-0602
تسلی‌دهنده,تسلی‌دهنده,905,دلسوزی . ترحم,صفت,8603,entries/0851-0969.md,entry-0905
تسمه,تسمه,47,پیوند: وسیلۀ اتصال,اسم,484,entries/0001-0090.md,entry-0047
تسمه,تسمه,208,رشته . لیف,اسم,2005,entries/0194-0301.md,entry-0208
تسمه پروانه,تسمه پروانه,208,رشته . لیف,اسم,2005,entries/0194-0301.md,entry-0208
تسمیه,تسمیه,547,دلالت,اسم,5149,entries/0544-0650.md,entry-0547
تسمیه,تسمیه,561,نام‌گذاری,اسم,5274,entries/0544-0650.md,entry-0561
تسهیل,تسهیل,44,سادگی,اسم,430,entries/0001-0090.md,entry-0044
تسهیل,تسهیل,300,دفع . طرد 300#,اسم,2860,entries/0194-0301.md,entry-0300
تسهیل,تسهیل,701,آسانی,اسم,6624,entries/0651-0741.md,entry-0701
تسهیل کردن,تسهیل کردن,701,آسانی,فعل,6631,entries/0651-0741.md,entry-0701
تسهیلات,تسهیلات,784,اعطای وام . قرض دادن,اسم,7433,entries/0742-0850.md,entry-0784
تسهیلات بانکی,تسهیلات بانکی,784,اعطای وام . قرض دادن,اسم,7433,entries/0742-0850.md,entry-0784
تسهیلات دراختیار گذاشتن,تسهیلات دراختیار گذاشتن,784,اعطای وام . قرض دادن,فعل,7438,entries/0742-0850.md,entry-0784
تسهیلاتی,تسهیلاتی,785,استقراض,صفت,7445,entries/0742-0850.md,entry-0785
تسهیم,تسهیم,75,تفرق . پراکندگی,اسم,760,entries/0001-0090.md,entry-0075
تسهیم,تسهیم,236,حَدّ,اسم,2282,entries/0194-0301.md,entry-0236
تسهیم,تسهیم,783,تسهیم,اسم,7425,entries/0742-0850.md,entry-0783
تسهیم کردن,تسهیم کردن,26,کمیت,فعل,265,entries/0001-0090.md,entry-0026
تسهیم کردن,تسهیم کردن,80,ویژگی . خاص بودن 80#,فعل,811,entries/0001-0090.md,entry-0080
تسهیم کردن,تسهیم کردن,236,حَدّ,فعل,2284,entries/0194-0301.md,entry-0236
تسهیم کردن,تسهیم کردن,465,اندازه‌گیری . سنجش,فعل,4319,entries/0438-0543.md,entry-0465
تسهیم کردن,تسهیم کردن,608,ازپیش تعیین‌شدگی,فعل,5698,entries/0544-0650.md,entry-0608
تسهیم کردن,تسهیم کردن,673,استفاده,فعل,6384,entries/0651-0741.md,entry-0673
تسهیم کردن,تسهیم کردن,783,تسهیم,فعل,7428,entries/0742-0850.md,entry-0783
تسهیم‌کننده,تسهیم‌کننده,783,تسهیم,صفت,7427,entries/0742-0850.md,entry-0783
تسونامی,تسونامی,350,نهر . باران: آب درجریان 350#,اسم,3314,entries/0302-0437.md,entry-0350
تسونامی,تسونامی,659,مایۀ هلاک . زهر,اسم,6243,entries/0651-0741.md,entry-0659
تسویه,تسویه,28,برابری: یکسانی مقدار یا درجه,اسم,282,entries/0001-0090.md,entry-0028
تسویه,تسویه,31,جبران . تعدیل,اسم,310,entries/0001-0090.md,entry-0031
تسویه,تسویه,656,بازسازی,اسم,6197,entries/0651-0741.md,entry-0656
تسویه,تسویه,960,تبرئه 960#,اسم,9087,entries/0851-0969.md,entry-0960
تسویه حساب,تسویه حساب,804,پرداخت,اسم,7599,entries/0742-0850.md,entry-0804
تسویه کردن,تسویه کردن,28,برابری: یکسانی مقدار یا درجه,فعل,289,entries/0001-0090.md,entry-0028
تسویه کردن,تسویه کردن,151,تغییر متقابل: تغییر باهم یا دوگانه,فعل,1395,entries/0091-0193.md,entry-0151
تسویه کردن,تسویه کردن,787,استرداد . اعاده,فعل,7471,entries/0742-0850.md,entry-0787
تسویه‌شده,تسویه‌شده,28,برابری: یکسانی مقدار یا درجه,صفت,285,entries/0001-0090.md,entry-0028
تسویه‌شده,تسویه‌شده,781,دهش,صفت,7411,entries/0742-0850.md,entry-0781
تسویه‌شده,تسویه‌شده,804,پرداخت,صفت,7602,entries/0742-0850.md,entry-0804
تسویه‌شده,تسویه‌شده,806,خرج,صفت,7619,entries/0742-0850.md,entry-0806
تسکین,تسکین,177,ملایمت . میانه‌روی,اسم,1678,entries/0091-0193.md,entry-0177
تسکین,تسکین,654,بهبود,اسم,6168,entries/0651-0741.md,entry-0654
تسکین,تسکین,667,فرار,اسم,6314,entries/0651-0741.md,entry-0667
تسکین,تسکین,668,نجات,اسم,6324,entries/0651-0741.md,entry-0668
تسکین,تسکین,746,آزادسازی,اسم,7103,entries/0742-0850.md,entry-0746
تسکین,تسکین,823,تهییج ناپذیری,اسم,7770,entries/0742-0850.md,entry-0823
تسکین,تسکین,831,تسکین,اسم,7858,entries/0742-0850.md,entry-0831
تسکین,تسکین,905,دلسوزی . ترحم,اسم,8601,entries/0851-0969.md,entry-0905
تسکین خاطر,تسکین خاطر,941,دلجویی . پوزش,اسم,8928,entries/0851-0969.md,entry-0941
تسکین دادن,تسکین دادن,37,کاهش,فعل,379,entries/0001-0090.md,entry-0037
تسکین دادن,تسکین دادن,177,ملایمت . میانه‌روی,فعل,1684,entries/0091-0193.md,entry-0177
تسکین دادن,تسکین دادن,327,نرمی . انعطاف,فعل,3160,entries/0302-0437.md,entry-0327
تسکین دادن,تسکین دادن,613,بازداشتن,فعل,5758,entries/0544-0650.md,entry-0613
تسکین دادن,تسکین دادن,679,عدم فعالیت . خواب,فعل,6451,entries/0651-0741.md,entry-0679
تسکین دادن,تسکین دادن,719,آشتی . برقراری صلح,فعل,6813,entries/0651-0741.md,entry-0719
تسکین دادن,تسکین دادن,823,تهییج ناپذیری,فعل,7776,entries/0742-0850.md,entry-0823
تسکین دادن,تسکین دادن,826,لذت‌بخشی . لطف,فعل,7811,entries/0742-0850.md,entry-0826
تسکین دادن,تسکین دادن,831,تسکین,فعل,7861,entries/0742-0850.md,entry-0831
تسکین یافتن,تسکین یافتن,831,تسکین,فعل,7862,entries/0742-0850.md,entry-0831
تسکین‌دهنده,تسکین‌دهنده,177,ملایمت . میانه‌روی,اسم,1679,entries/0091-0193.md,entry-0177
تسکین‌دهنده,تسکین‌دهنده,679,عدم فعالیت . خواب,صفت,6448,entries/0651-0741.md,entry-0679
تسکین‌دهنده,تسکین‌دهنده,685,رفع خستگی,صفت,6496,entries/0651-0741.md,entry-0685
تسکین‌دهنده,تسکین‌دهنده,831,تسکین,صفت,7859,entries/0742-0850.md,entry-0831
تسکین‌یافته,تسکین‌یافته,831,تسکین,صفت,7860,entries/0742-0850.md,entry-0831
تشابه,تشابه,9,رابطه . ربط,اسم,107,entries/0001-0090.md,entry-0009
تشابه,تشابه,11,خویشاوندی: بستگی خونی,اسم,127,entries/0001-0090.md,entry-0011
تشابه,تشابه,18,تشابه,اسم,181,entries/0001-0090.md,entry-0018
تشابه,تشابه,20,تقلید (نسخه‌برداری) 20#,اسم,202,entries/0001-0090.md,entry-0020
تشابه,تشابه,22,نسخه . کپی,اسم,221,entries/0001-0090.md,entry-0022
تشابه,تشابه,24,سازگاری,اسم,234,entries/0001-0090.md,entry-0024
تشابه,تشابه,179,گرایش,اسم,1697,entries/0091-0193.md,entry-0179
تشابه,تشابه,219,توازی,اسم,2107,entries/0194-0301.md,entry-0219
تشابه,تشابه,440,کم‌سویی 440#,اسم,4055,entries/0438-0543.md,entry-0440
تشابه,تشابه,462,مقایسه,اسم,4284,entries/0438-0543.md,entry-0462
تشابه,تشابه,514,معنی,اسم,4818,entries/0438-0543.md,entry-0514
تشابه,تشابه,851,تمسخر,اسم,8077,entries/0851-0969.md,entry-0851
تشاله,تشاله,275,ناو (کِشتی),اسم,2652,entries/0194-0301.md,entry-0275
تشبیه,تشبیه,9,رابطه . ربط,اسم,107,entries/0001-0090.md,entry-0009
تشبیه,تشبیه,18,تشابه,اسم,182,entries/0001-0090.md,entry-0018
تشبیه,تشبیه,24,سازگاری,اسم,236,entries/0001-0090.md,entry-0024
تشبیه,تشبیه,150,جایگزینی: گذاشتن چیزی درجای دیگری,اسم,1383,entries/0091-0193.md,entry-0150
تشبیه کردن,تشبیه کردن,9,رابطه . ربط,فعل,113,entries/0001-0090.md,entry-0009
تشبیه کردن,تشبیه کردن,13,یکسانی . همانی,فعل,146,entries/0001-0090.md,entry-0013
تشبیه کردن,تشبیه کردن,18,تشابه,فعل,189,entries/0001-0090.md,entry-0018
تشت,تشت,194,ظرف,اسم,1857,entries/0194-0301.md,entry-0194
تشت,تشت,648,پاکیزگی,اسم,6095,entries/0544-0650.md,entry-0648
تشتت,تشتت,72,عدم تداوم,اسم,726,entries/0001-0090.md,entry-0072
تشتت,تشتت,75,تفرق . پراکندگی,اسم,760,entries/0001-0090.md,entry-0075
تشتت,تشتت,82,تنوع (چندگونگی),اسم,827,entries/0001-0090.md,entry-0082
تشتت,تشتت,978,فرقه‌گرایی,اسم,9239,entries/0970-0991.md,entry-0978
تشتت آرا,تشتت آرا,82,تنوع (چندگونگی),اسم,827,entries/0001-0090.md,entry-0082
تشتت آرا,تشتت آرا,978,فرقه‌گرایی,اسم,9239,entries/0970-0991.md,entry-0978
تشجیع,تشجیع,821,تهییج,اسم,7751,entries/0742-0850.md,entry-0821
تشخیص,تشخیص,38,جمع,اسم,384,entries/0001-0090.md,entry-0038
تشخیص,تشخیص,77,طبقه‌بندی . تعیین,اسم,773,entries/0001-0090.md,entry-0077
تشخیص,تشخیص,438,دید . بینایی,اسم,4029,entries/0438-0543.md,entry-0438
تشخیص,تشخیص,463,قوۀ تمیز,اسم,4292,entries/0438-0543.md,entry-0463
تشخیص,تشخیص,480,تشخیص . استنتاج 480#,اسم,4474,entries/0438-0543.md,entry-0480
تشخیص,تشخیص,532,اظهار . تأکید . سوگند,اسم,5014,entries/0438-0543.md,entry-0532
تشخیص,تشخیص,605,انتخاب,اسم,5664,entries/0544-0650.md,entry-0605
تشخیص,تشخیص,651,بیماری . ضعف جسمانی,اسم,6143,entries/0651-0741.md,entry-0651
تشخیص,تشخیص,658,درمان,اسم,6226,entries/0651-0741.md,entry-0658
تشخیص,تشخیص,846,خوش‌سلیقگی,اسم,8035,entries/0742-0850.md,entry-0846
تشخیص,تشخیص,955,دادگستری . قضا . قضاوت,اسم,9047,entries/0851-0969.md,entry-0955
تشخیص,تشخیص,959,دادخواهی,اسم,9076,entries/0851-0969.md,entry-0959
تشخیص اشتباه دادن,تشخیص اشتباه دادن,450,فقدان اندیشه 450#,فعل,4161,entries/0438-0543.md,entry-0450
تشخیص اشتباه دادن,تشخیص اشتباه دادن,481,عدم تشخیص . تعصب,فعل,4493,entries/0438-0543.md,entry-0481
تشخیص دادن,تشخیص دادن,15,تفاوت . تمیز,فعل,165,entries/0001-0090.md,entry-0015
تشخیص دادن,تشخیص دادن,80,ویژگی . خاص بودن 80#,فعل,811,entries/0001-0090.md,entry-0080
تشخیص دادن,تشخیص دادن,449,اندیشه,فعل,4151,entries/0438-0543.md,entry-0449
تشخیص دادن,تشخیص دادن,463,قوۀ تمیز,فعل,4294,entries/0438-0543.md,entry-0463
تشخیص دادن,تشخیص دادن,473,قطعیت,فعل,4395,entries/0438-0543.md,entry-0473
تشخیص دادن,تشخیص دادن,480,تشخیص . استنتاج 480#,فعل,4479,entries/0438-0543.md,entry-0480
تشخیص دادن,تشخیص دادن,484,کشف,فعل,4519,entries/0438-0543.md,entry-0484
تشخیص دادن,تشخیص دادن,505,حافظه,فعل,4723,entries/0438-0543.md,entry-0505
تشخیص دادن,تشخیص دادن,516,قابل درک,فعل,4840,entries/0438-0543.md,entry-0516
تشخیص دادن,تشخیص دادن,595,اختیار,فعل,5584,entries/0544-0650.md,entry-0595
تشخیص دادن,تشخیص دادن,605,انتخاب,فعل,5669,entries/0544-0650.md,entry-0605
تشخیص دادن,تشخیص دادن,658,درمان,فعل,6238,entries/0651-0741.md,entry-0658
تشخیص دادن,تشخیص دادن,809,قیمت,فعل,7650,entries/0742-0850.md,entry-0809
تشخیص دادن,تشخیص دادن,913,حق . راستی,فعل,8672,entries/0851-0969.md,entry-0913
تشخیص دادن,تشخیص دادن,959,دادخواهی,فعل,9083,entries/0851-0969.md,entry-0959
تشخیص دادن ◄,تشخیص دادن ◄,438,دید . بینایی,فعل,4038,entries/0438-0543.md,entry-0438
تشخیص طبی,تشخیص طبی,651,بیماری . ضعف جسمانی,اسم,6143,entries/0651-0741.md,entry-0651
تشخیص علائم,تشخیص علائم,520,تعبیر . تفسیر 520#,اسم,4871,entries/0438-0543.md,entry-0520
تشخیص غلط,تشخیص غلط,480,تشخیص . استنتاج 480#,اسم,4474,entries/0438-0543.md,entry-0480
تشخیص قاضی,تشخیص قاضی,959,دادخواهی,اسم,9079,entries/0851-0969.md,entry-0959
تشخیص مغایرت,تشخیص مغایرت,14,مغایرت . دیگر بودن,اسم,151,entries/0001-0090.md,entry-0014
تشخیص نادرست,تشخیص نادرست,481,عدم تشخیص . تعصب,اسم,4485,entries/0438-0543.md,entry-0481
تشخیص ندادن,تشخیص ندادن,440,کم‌سویی 440#,فعل,4058,entries/0438-0543.md,entry-0440
تشخیص ندادن,تشخیص ندادن,464,عدم تمیز,فعل,4301,entries/0438-0543.md,entry-0464
تشخیص هویت,تشخیص هویت,547,دلالت,اسم,5149,entries/0544-0650.md,entry-0547
تشخیص‌داده‌شده,تشخیص‌داده‌شده,480,تشخیص . استنتاج 480#,صفت,4477,entries/0438-0543.md,entry-0480
تشخیص‌دهنده,تشخیص‌دهنده,15,تفاوت . تمیز,اسم,160,entries/0001-0090.md,entry-0015
تشخیص‌دهنده,تشخیص‌دهنده,463,قوۀ تمیز,صفت,4293,entries/0438-0543.md,entry-0463
تشدد,تشدد,176,شدت . خشونت,اسم,1663,entries/0091-0193.md,entry-0176
تشدید,تشدید,36,افزایش,اسم,366,entries/0001-0090.md,entry-0036
تشدید,تشدید,176,شدت . خشونت,اسم,1663,entries/0091-0193.md,entry-0176
تشدید,تشدید,197,انبساط,اسم,1904,entries/0194-0301.md,entry-0197
تشدید,تشدید,298,صدور: حرکت به‌بیرون 298#,اسم,2837,entries/0194-0301.md,entry-0298
تشدید ارتعاش,تشدید ارتعاش,398,صدا,اسم,3739,entries/0302-0437.md,entry-0398
تشدید ارتعاش,تشدید ارتعاش,403,غرش: صدای مستمر و ممتد,اسم,3774,entries/0302-0437.md,entry-0403
تشدید ارتعاش,تشدید ارتعاش,404,تشدید ارتعاش,اسم,3779,entries/0302-0437.md,entry-0404
تشدید ارتعاش [صوت],تشدید ارتعاش [صوت],317,نوسان,اسم,3039,entries/0302-0437.md,entry-0317
تشدید درد,تشدید درد,36,افزایش,اسم,366,entries/0001-0090.md,entry-0036
تشدید درد,تشدید درد,546,اغراق,اسم,5137,entries/0544-0650.md,entry-0546
تشدید درد,تشدید درد,827,دردناکی,اسم,7816,entries/0742-0850.md,entry-0827
تشدید درد,تشدید درد,832,تشدید درد,اسم,7866,entries/0742-0850.md,entry-0832
تشدید کردن,تشدید کردن,156,علیت . علت 156#,فعل,1459,entries/0091-0193.md,entry-0156
تشدید کردن,تشدید کردن,176,شدت . خشونت,فعل,1673,entries/0091-0193.md,entry-0176
تشدیدکردن,تشدیدکردن,832,تشدید درد,فعل,7868,entries/0742-0850.md,entry-0832
تشر,تشر,854,ترس,اسم,8109,entries/0851-0969.md,entry-0854
تشر زدن,تشر زدن,827,دردناکی,فعل,7824,entries/0742-0850.md,entry-0827
تشر زدن,تشر زدن,854,ترس,فعل,8117,entries/0851-0969.md,entry-0854
تشر زدن,تشر زدن,878,گستاخی,فعل,8342,entries/0851-0969.md,entry-0878
تشر زدن,تشر زدن,885,بی‌ادبی,فعل,8420,entries/0851-0969.md,entry-0885
تشر زدن,تشر زدن,900,تهدید 900#,فعل,8567,entries/0851-0969.md,entry-0900
تشرزدن,تشرزدن,891,رنجش . خشم,فعل,8485,entries/0851-0969.md,entry-0891
تشریح,تشریح,364,دفن,اسم,3448,entries/0302-0437.md,entry-0364
تشریح,تشریح,478,اثبات,اسم,4453,entries/0438-0543.md,entry-0478
تشریح,تشریح,579,سخن,اسم,5391,entries/0544-0650.md,entry-0579
تشریح,تشریح,590,روایت . شرح . وصف 590#,اسم,5484,entries/0544-0650.md,entry-0590
تشریح کردن,تشریح کردن,590,روایت . شرح . وصف 590#,فعل,5490,entries/0544-0650.md,entry-0590
تشریحی,تشریحی,563,جمله,صفت,5291,entries/0544-0650.md,entry-0563
تشریحی,تشریحی,590,روایت . شرح . وصف 590#,صفت,5489,entries/0544-0650.md,entry-0590
تشریف,تشریف,295,ورود,اسم,2805,entries/0194-0301.md,entry-0295
تشریف,تشریف,866,خوش‌نامی,اسم,8223,entries/0851-0969.md,entry-0866
تشریف آوردن,تشریف آوردن,295,ورود,فعل,2807,entries/0194-0301.md,entry-0295
تشریفات,تشریفات,4,بی‌جوهری,اسم,59,entries/0001-0090.md,entry-0004
تشریفات,تشریفات,445,پدیداری . ظاهر,اسم,4093,entries/0438-0543.md,entry-0445
تشریفات,تشریفات,541,دروغگویی,اسم,5088,entries/0438-0543.md,entry-0541
تشریفات,تشریفات,848,مُد,اسم,8051,entries/0742-0850.md,entry-0848
تشریفات,تشریفات,875,فخرفروشی,اسم,8314,entries/0851-0969.md,entry-0875
تشریفات,تشریفات,884,ادب,اسم,8406,entries/0851-0969.md,entry-0884
تشریفات,تشریفات,988,مراسم مذهبی,اسم,9336,entries/0970-0991.md,entry-0988
تشریفات را رعایت کردن,تشریفات را رعایت کردن,875,فخرفروشی,فعل,8319,entries/0851-0969.md,entry-0875
تشریفات کامل,تشریفات کامل,875,فخرفروشی,اسم,8315,entries/0851-0969.md,entry-0875
تشریفات کامل,تشریفات کامل,876,نگهداشت,اسم,8323,entries/0851-0969.md,entry-0876
تشریفاتی,تشریفاتی,875,فخرفروشی,صفت,8318,entries/0851-0969.md,entry-0875
تشریفاتی (رسمی),تشریفاتی (رسمی),844,تزیین,صفت,8022,entries/0742-0850.md,entry-0844
تشریفاتی (رسمی),تشریفاتی (رسمی),848,مُد,صفت,8054,entries/0742-0850.md,entry-0848
تشریفاتی (رسمی),تشریفاتی (رسمی),988,مراسم مذهبی,صفت,9343,entries/0970-0991.md,entry-0988
تشریفاتی بودن,تشریفاتی بودن,988,مراسم مذهبی,اسم,9336,entries/0970-0991.md,entry-0988
تشریف‌فرمایی,تشریف‌فرمایی,295,ورود,اسم,2805,entries/0194-0301.md,entry-0295
تشریک مساعی,تشریک مساعی,181,قِران: جمع علل,اسم,1710,entries/0091-0193.md,entry-0181
تشریک مساعی,تشریک مساعی,706,همکاری . تعاون,اسم,6673,entries/0651-0741.md,entry-0706
تشعشع,تشعشع,75,تفرق . پراکندگی,اسم,760,entries/0001-0090.md,entry-0075
تشعشع,تشعشع,160,توان 160#,اسم,1502,entries/0091-0193.md,entry-0160
تشعشع,تشعشع,294,واگرایی,اسم,2799,entries/0194-0301.md,entry-0294
تشعشع,تشعشع,300,دفع . طرد 300#,اسم,2856,entries/0194-0301.md,entry-0300
تشعشع,تشعشع,317,نوسان,اسم,3039,entries/0302-0437.md,entry-0317
تشعشع,تشعشع,321,کیهان,اسم,3092,entries/0302-0437.md,entry-0321
تشعشع,تشعشع,379,گرما,اسم,3600,entries/0302-0437.md,entry-0379
تشعشع,تشعشع,417,روشنی,اسم,3877,entries/0302-0437.md,entry-0417
تشعشع,تشعشع,420,روشنایی 420#,اسم,3909,entries/0302-0437.md,entry-0420
تشعشع,تشعشع,531,مخابرات,اسم,5007,entries/0438-0543.md,entry-0531
تشعشع الکترومغناطیسی,تشعشع الکترومغناطیسی,417,روشنی,اسم,3880,entries/0302-0437.md,entry-0417
تشعشع کردن,تشعشع کردن,75,تفرق . پراکندگی,فعل,762,entries/0001-0090.md,entry-0075
تشعشع کردن,تشعشع کردن,152,تغییرپذیری,فعل,1406,entries/0091-0193.md,entry-0152
تشعشع کردن,تشعشع کردن,294,واگرایی,فعل,2801,entries/0194-0301.md,entry-0294
تشعشع کردن,تشعشع کردن,300,دفع . طرد 300#,فعل,2865,entries/0194-0301.md,entry-0300
تشعشع کردن,تشعشع کردن,317,نوسان,فعل,3042,entries/0302-0437.md,entry-0317
تشعشع کردن,تشعشع کردن,417,روشنی,فعل,3885,entries/0302-0437.md,entry-0417
تشعشع کردن,تشعشع کردن,420,روشنایی 420#,فعل,3916,entries/0302-0437.md,entry-0420
تشعشع‌کننده,تشعشع‌کننده,417,روشنی,اسم,3880,entries/0302-0437.md,entry-0417
تشنج,تشنج,61,بی‌نظمی,اسم,620,entries/0001-0090.md,entry-0061
تشنج,تشنج,142,هرازگاه: بی‌نظمی در وقوع,اسم,1311,entries/0091-0193.md,entry-0142
تشنج,تشنج,149,انقلاب: تغییر ناگهانی یا خشونت‌آمیز,اسم,1376,entries/0091-0193.md,entry-0149
تشنج,تشنج,152,تغییرپذیری,اسم,1401,entries/0091-0193.md,entry-0152
تشنج,تشنج,318,تلاطم: حرکت نامنظم,اسم,3046,entries/0302-0437.md,entry-0318
تشنج,تشنج,651,بیماری . ضعف جسمانی,اسم,6125,entries/0651-0741.md,entry-0651
تشنج,تشنج,716,ستیز . مبارزه,اسم,6771,entries/0651-0741.md,entry-0716
تشنج‌آفرینی,تشنج‌آفرینی,63,اغتشاش: ایجاد اغتشاش و به‌هم ریختن,اسم,643,entries/0001-0090.md,entry-0063
تشنج‌زدایی,تشنج‌زدایی,62,تنظیم,اسم,631,entries/0001-0090.md,entry-0062
تشنه,تشنه,818,احساس,صفت,7725,entries/0742-0850.md,entry-0818
تشنه,تشنه,852,امید . آرزو,صفت,8090,entries/0851-0969.md,entry-0852
تشنه,تشنه,859,میل,صفت,8162,entries/0851-0969.md,entry-0859
تشنه به‌خون,تشنه به‌خون,718,جنگ,صفت,6803,entries/0651-0741.md,entry-0718
تشنه بودن,تشنه بودن,859,میل,فعل,8165,entries/0851-0969.md,entry-0859
تشنه‌دل,تشنه‌دل,852,امید . آرزو,صفت,8090,entries/0851-0969.md,entry-0852
تشنگی,تشنگی,818,احساس,اسم,7722,entries/0742-0850.md,entry-0818
تشنگی,تشنگی,859,میل,اسم,8155,entries/0851-0969.md,entry-0859
تشنۀ چیزی بودن,تشنۀ چیزی بودن,859,میل,فعل,8164,entries/0851-0969.md,entry-0859
تشویش,تشویش,503,دیوانگی,اسم,4690,entries/0438-0543.md,entry-0503
تشویش اذهان عموم,تشویش اذهان عموم,535,بدآموزی,اسم,5044,entries/0438-0543.md,entry-0535
تشویش ناپذیری,تشویش ناپذیری,823,تهییج ناپذیری,اسم,7770,entries/0742-0850.md,entry-0823
تشویق,تشویق,156,علیت . علت 156#,اسم,1452,entries/0091-0193.md,entry-0156
تشویق,تشویق,612,انگیختن . تحریک,اسم,5736,entries/0544-0650.md,entry-0612
تشویق,تشویق,821,تهییج,اسم,7751,entries/0742-0850.md,entry-0821
تشویق,تشویق,884,ادب,اسم,8407,entries/0851-0969.md,entry-0884
تشویق کردن,تشویق کردن,156,علیت . علت 156#,فعل,1459,entries/0091-0193.md,entry-0156
تشویق کردن,تشویق کردن,485,باور,فعل,4532,entries/0438-0543.md,entry-0485
تشویق کردن,تشویق کردن,612,انگیختن . تحریک,فعل,5746,entries/0544-0650.md,entry-0612
تشویق کردن,تشویق کردن,828,رضایت . خرسندی,فعل,7835,entries/0742-0850.md,entry-0828
تشویق کردن,تشویق کردن,835,شادمانی,فعل,7903,entries/0742-0850.md,entry-0835
تشویق کردن,تشویق کردن,855,شجاعت,فعل,8129,entries/0851-0969.md,entry-0855
تشویق کردن,تشویق کردن,927,حمایت,فعل,8818,entries/0851-0969.md,entry-0927
تشویقی,تشویقی,612,انگیختن . تحریک,صفت,5743,entries/0544-0650.md,entry-0612
تشویق‌پذیر,تشویق‌پذیر,612,انگیختن . تحریک,صفت,5744,entries/0544-0650.md,entry-0612
تشویق‌پذیر بودن,تشویق‌پذیر بودن,487,زودباوری,اسم,4549,entries/0438-0543.md,entry-0487
تشویق‌پذیر بودن,تشویق‌پذیر بودن,612,انگیختن . تحریک,اسم,5737,entries/0544-0650.md,entry-0612
تشک,تشک,218,پایه . تکیه‌گاه,اسم,2093,entries/0194-0301.md,entry-0218
تشک,تشک,679,عدم فعالیت . خواب,اسم,6442,entries/0651-0741.md,entry-0679
تشک,تشک,724,میدان,اسم,6871,entries/0651-0741.md,entry-0724
تشک فنری,تشک فنری,310,ترفیع: بالابردن 310#,اسم,2985,entries/0302-0437.md,entry-0310
تشکر,تشکر,907,حق‌شناسی . شُکر,اسم,8620,entries/0851-0969.md,entry-0907
تشکر,تشکر,923,تحسین,اسم,8767,entries/0851-0969.md,entry-0923
تشکر,تشکر,981,پرستش,اسم,9274,entries/0970-0991.md,entry-0981
تشکر کردن,تشکر کردن,828,رضایت . خرسندی,فعل,7835,entries/0742-0850.md,entry-0828
تشکرنکردن,تشکرنکردن,908,نمک‌نشناسی,فعل,8630,entries/0851-0969.md,entry-0908
تشکرکردن,تشکرکردن,907,حق‌شناسی . شُکر,فعل,8622,entries/0851-0969.md,entry-0907
تشکیل,تشکیل,50,ترکیب 50#,اسم,508,entries/0001-0090.md,entry-0050
تشکیل,تشکیل,56,دربر گرفتن,اسم,569,entries/0001-0090.md,entry-0056
تشکیل,تشکیل,62,تنظیم,اسم,631,entries/0001-0090.md,entry-0062
تشکیل,تشکیل,74,تجمع . گردآوری,اسم,744,entries/0001-0090.md,entry-0074
تشکیل,تشکیل,164,تولید . آفرینش,اسم,1549,entries/0091-0193.md,entry-0164
تشکیل,تشکیل,187,استقرار . قرارگاه,اسم,1766,entries/0091-0193.md,entry-0187
تشکیل,تشکیل,243,شکل 243#,اسم,2337,entries/0194-0301.md,entry-0243
تشکیل,تشکیل,671,مبادرت . اقدام,اسم,6360,entries/0651-0741.md,entry-0671
تشکیل,تشکیل,706,همکاری . تعاون,اسم,6674,entries/0651-0741.md,entry-0706
تشکیل,تشکیل,775,مالکیت مشاع,اسم,7350,entries/0742-0850.md,entry-0775
تشکیل ایده‌ها,تشکیل ایده‌ها,449,اندیشه,اسم,4142,entries/0438-0543.md,entry-0449
تشکیل تیم,تشکیل تیم,56,دربر گرفتن,اسم,569,entries/0001-0090.md,entry-0056
تشکیل تیم,تشکیل تیم,62,تنظیم,اسم,631,entries/0001-0090.md,entry-0062
تشکیل تیم,تشکیل تیم,837,سرگرمی,اسم,7937,entries/0742-0850.md,entry-0837
تشکیل دادن,تشکیل دادن,43,آمیختگی 43#,فعل,424,entries/0001-0090.md,entry-0043
تشکیل دادن,تشکیل دادن,50,ترکیب 50#,فعل,511,entries/0001-0090.md,entry-0050
تشکیل دادن,تشکیل دادن,54,کامل 54#,فعل,555,entries/0001-0090.md,entry-0054
تشکیل دادن,تشکیل دادن,56,دربر گرفتن,فعل,572,entries/0001-0090.md,entry-0056
تشکیل دادن,تشکیل دادن,62,تنظیم,فعل,636,entries/0001-0090.md,entry-0062
تشکیل دادن,تشکیل دادن,153,پایداری (تغییرناپذیری),فعل,1419,entries/0091-0193.md,entry-0153
تشکیل دادن,تشکیل دادن,164,تولید . آفرینش,فعل,1555,entries/0091-0193.md,entry-0164
تشکیل دادن,تشکیل دادن,243,شکل 243#,فعل,2341,entries/0194-0301.md,entry-0243
تشکیل دادن,تشکیل دادن,671,مبادرت . اقدام,فعل,6366,entries/0651-0741.md,entry-0671
تشکیل دادن,تشکیل دادن,775,مالکیت مشاع,فعل,7355,entries/0742-0850.md,entry-0775
تشکیل دادن,تشکیل دادن,777,دارایی . مِلک 777#,فعل,7372,entries/0742-0850.md,entry-0777
تشکیل دهنده,تشکیل دهنده,78,شمول . دربر داشتن,صفت,784,entries/0001-0090.md,entry-0078
تشکیل مفاهیم,تشکیل مفاهیم,513,تخیل,اسم,4804,entries/0438-0543.md,entry-0513
تشکیل پرونده,تشکیل پرونده,548,پیشینه,اسم,5171,entries/0544-0650.md,entry-0548
تشکیلات,تشکیلات,52,کل - بخش اصلی,اسم,525,entries/0001-0090.md,entry-0052
تشکیلات,تشکیلات,62,تنظیم,اسم,633,entries/0001-0090.md,entry-0062
تشکیلات,تشکیلات,687,کارگاه: محل کار,اسم,6510,entries/0651-0741.md,entry-0687
تشکیلات سازمانی,تشکیلات سازمانی,62,تنظیم,اسم,633,entries/0001-0090.md,entry-0062
تشکیلات قضایی,تشکیلات قضایی,955,دادگستری . قضا . قضاوت,اسم,9046,entries/0851-0969.md,entry-0955
تشکیلات مذهبی,تشکیلات مذهبی,985,تشکیلات مذهبی,اسم,9319,entries/0970-0991.md,entry-0985
تشکیلات ◄ سازمان,تشکیلات ◄ سازمان,687,کارگاه: محل کار,اسم,6510,entries/0651-0741.md,entry-0687
تشکیل‌دهنده,تشکیل‌دهنده,5,عرضیت,صفت,69,entries/0001-0090.md,entry-0005
تشکیل‌دهنده,تشکیل‌دهنده,58,داخلی بودن . قطعه,صفت,591,entries/0001-0090.md,entry-0058
تشکیک,تشکیک,486,ناباوری . شک,اسم,4538,entries/0438-0543.md,entry-0486
تشییع,تشییع,89,همراهی,اسم,902,entries/0001-0090.md,entry-0089
تشییع جنازه,تشییع جنازه,89,همراهی,اسم,902,entries/0001-0090.md,entry-0089
تشییع جنازه,تشییع جنازه,364,دفن,اسم,3444,entries/0302-0437.md,entry-0364
تصاحب,تصاحب,773,مالکیت,اسم,7330,entries/0742-0850.md,entry-0773
تصاحب کردن,تصاحب کردن,542,فریب,فعل,5109,entries/0438-0543.md,entry-0542
تصاحب کردن,تصاحب کردن,773,مالکیت,فعل,7337,entries/0742-0850.md,entry-0773
تصاحب کردن,تصاحب کردن,786,اخذ . گرفتن,فعل,7461,entries/0742-0850.md,entry-0786
تصادف,تصادف,6,عارض,اسم,77,entries/0001-0090.md,entry-0006
تصادف,تصادف,14,مغایرت . دیگر بودن,اسم,151,entries/0001-0090.md,entry-0014
تصادف,تصادف,72,عدم تداوم,اسم,726,entries/0001-0090.md,entry-0072
تصادف,تصادف,89,همراهی,اسم,902,entries/0001-0090.md,entry-0089
تصادف,تصادف,159,شانس: فقدان علت 159#,اسم,1485,entries/0091-0193.md,entry-0159
تصادف,تصادف,279,کوبش,اسم,2685,entries/0194-0301.md,entry-0279
تصادف,تصادف,293,همگرایی,اسم,2793,entries/0194-0301.md,entry-0293
تصادف,تصادف,618,اتفاق . قمار,اسم,5807,entries/0544-0650.md,entry-0618
تصادف,تصادف,661,خطر,اسم,6266,entries/0651-0741.md,entry-0661
تصادف کردن,تصادف کردن,279,کوبش,فعل,2690,entries/0194-0301.md,entry-0279
تصادفاً وقوع یافتن,تصادفاً وقوع یافتن,154,رویداد 154#,فعل,1429,entries/0091-0193.md,entry-0154
تصادفاً وقوع یافتن,تصادفاً وقوع یافتن,159,شانس: فقدان علت 159#,فعل,1490,entries/0091-0193.md,entry-0159
تصادفی,تصادفی,6,عارض,صفت,78,entries/0001-0090.md,entry-0006
تصادفی,تصادفی,61,بی‌نظمی,صفت,621,entries/0001-0090.md,entry-0061
تصادفی,تصادفی,154,رویداد 154#,صفت,1427,entries/0091-0193.md,entry-0154
تصادفی,تصادفی,159,شانس: فقدان علت 159#,صفت,1488,entries/0091-0193.md,entry-0159
تصادفی,تصادفی,618,اتفاق . قمار,صفت,5812,entries/0544-0650.md,entry-0618
تصادفی,تصادفی,661,خطر,صفت,6269,entries/0651-0741.md,entry-0661
تصاریف,تصاریف,154,رویداد 154#,اسم,1424,entries/0091-0193.md,entry-0154
تصاعد,تصاعد,71,تداوم [در ترتیب] . تسلسل,اسم,717,entries/0001-0090.md,entry-0071
تصاعد,تصاعد,73,ردیف 73#,اسم,735,entries/0001-0090.md,entry-0073
تصاعد,تصاعد,85,عدد 85#,اسم,862,entries/0001-0090.md,entry-0085
تصاعد,تصاعد,336,گاز,اسم,3219,entries/0302-0437.md,entry-0336
تصاعد حسابی,تصاعد حسابی,73,ردیف 73#,اسم,735,entries/0001-0090.md,entry-0073
تصاعد عددی (هندسی,تصاعد عددی (هندسی,85,عدد 85#,اسم,862,entries/0001-0090.md,entry-0085
تصاعد هندسی,تصاعد هندسی,73,ردیف 73#,اسم,735,entries/0001-0090.md,entry-0073
تصاعدی,تصاعدی,85,عدد 85#,صفت,865,entries/0001-0090.md,entry-0085
تصحیح,تصحیح,54,کامل 54#,اسم,550,entries/0001-0090.md,entry-0054
تصحیح,تصحیح,494,حقیقت,اسم,4619,entries/0438-0543.md,entry-0494
تصحیح,تصحیح,586,نگارش,اسم,5448,entries/0544-0650.md,entry-0586
تصحیح,تصحیح,654,بهبود,اسم,6168,entries/0651-0741.md,entry-0654
تصحیح کردن,تصحیح کردن,143,تغییر و تحول 143#,فعل,1326,entries/0091-0193.md,entry-0143
تصحیح کردن,تصحیح کردن,494,حقیقت,فعل,4623,entries/0438-0543.md,entry-0494
تصحیح کردن,تصحیح کردن,654,بهبود,فعل,6177,entries/0651-0741.md,entry-0654
تصحیح‌شده,تصحیح‌شده,654,بهبود,صفت,6173,entries/0651-0741.md,entry-0654
تصدی,تصدی,672,مأموریت,اسم,6372,entries/0651-0741.md,entry-0672
تصدی,تصدی,751,انتصاب,اسم,7138,entries/0742-0850.md,entry-0751
تصدی کاری را به‌عهده گرفتن,تصدی کاری را به‌عهده گرفتن,733,اقتدار 733#,فعل,6971,entries/0651-0741.md,entry-0733
تصدیع,تصدیع,827,دردناکی,اسم,7817,entries/0742-0850.md,entry-0827
تصدیع,تصدیع,898,بدخواهی . اذیت,اسم,8542,entries/0851-0969.md,entry-0898
تصدیق,تصدیق,488,نظر موافق,اسم,4556,entries/0438-0543.md,entry-0488
تصدیق,تصدیق,756,اجازه,اسم,7180,entries/0742-0850.md,entry-0756
تصدیق,تصدیق,923,تحسین,اسم,8766,entries/0851-0969.md,entry-0923
تصدیق بلاتصور,تصدیق بلاتصور,481,عدم تشخیص . تعصب,اسم,4486,entries/0438-0543.md,entry-0481
تصدیق کردن,تصدیق کردن,488,نظر موافق,فعل,4563,entries/0438-0543.md,entry-0488
تصدیق کردن,تصدیق کردن,526,افشا,فعل,4955,entries/0438-0543.md,entry-0526
تصدیق کردن,تصدیق کردن,532,اظهار . تأکید . سوگند,فعل,5019,entries/0438-0543.md,entry-0532
تصدیق کردن,تصدیق کردن,547,دلالت,فعل,5165,entries/0544-0650.md,entry-0547
تصدیق کردن,تصدیق کردن,907,حق‌شناسی . شُکر,فعل,8622,entries/0851-0969.md,entry-0907
تصدیق کردن,تصدیق کردن,927,حمایت,فعل,8819,entries/0851-0969.md,entry-0927
تصدی‌گری,تصدی‌گری,672,مأموریت,اسم,6372,entries/0651-0741.md,entry-0672
تصدی‌گری,تصدی‌گری,689,مدیریت,اسم,6523,entries/0651-0741.md,entry-0689
تصدی‌گری دولت,تصدی‌گری دولت,57,بیرون گذاشتن,اسم,580,entries/0001-0090.md,entry-0057
تصرف,تصرف,189,حضور,اسم,1787,entries/0091-0193.md,entry-0189
تصرف,تصرف,673,استفاده,اسم,6379,entries/0651-0741.md,entry-0673
تصرف,تصرف,773,مالکیت,اسم,7330,entries/0742-0850.md,entry-0773
تصرف,تصرف,786,اخذ . گرفتن,اسم,7453,entries/0742-0850.md,entry-0786
تصرف,تصرف,788,دزدی,اسم,7477,entries/0742-0850.md,entry-0788
تصرف,تصرف,916,فقدان حق,اسم,8698,entries/0851-0969.md,entry-0916
تصرف عدوانی,تصرف عدوانی,786,اخذ . گرفتن,اسم,7454,entries/0742-0850.md,entry-0786
تصرف عدوانی,تصرف عدوانی,916,فقدان حق,اسم,8698,entries/0851-0969.md,entry-0916
تصرف مشترک,تصرف مشترک,775,مالکیت مشاع,اسم,7349,entries/0742-0850.md,entry-0775
تصرف کردن,تصرف کردن,192,منزل: محل سکنا یا زندگی,فعل,1837,entries/0091-0193.md,entry-0192
تصرف کردن,تصرف کردن,771,اکتساب,فعل,7312,entries/0742-0850.md,entry-0771
تصرف کردن,تصرف کردن,773,مالکیت,فعل,7337,entries/0742-0850.md,entry-0773
تصرف کردن,تصرف کردن,786,اخذ . گرفتن,فعل,7461,entries/0742-0850.md,entry-0786
تصرف کردن,تصرف کردن,788,دزدی,فعل,7483,entries/0742-0850.md,entry-0788
تصرف کردن,تصرف کردن,914,ناحق . ناراستی,فعل,8682,entries/0851-0969.md,entry-0914
تصرف ◄ مالکیت,تصرف ◄ مالکیت,778,نگهداری,اسم,7378,entries/0742-0850.md,entry-0778
تصرف‌شده,تصرف‌شده,773,مالکیت,صفت,7334,entries/0742-0850.md,entry-0773
تصرف‌شده,تصرف‌شده,786,اخذ . گرفتن,صفت,7459,entries/0742-0850.md,entry-0786
تصرف‌شده,تصرف‌شده,916,فقدان حق,صفت,8702,entries/0851-0969.md,entry-0916
تصرف‌کننده,تصرف‌کننده,786,اخذ . گرفتن,صفت,7456,entries/0742-0850.md,entry-0786
تصرف‌کننده ◄ متصرف,تصرف‌کننده ◄ متصرف,786,اخذ . گرفتن,صفت,7457,entries/0742-0850.md,entry-0786
تصریح,تصریح,522,تجلی,اسم,4894,entries/0438-0543.md,entry-0522
تصعید,تصعید,335,مایع,اسم,3211,entries/0302-0437.md,entry-0335
تصعید,تصعید,336,گاز,اسم,3219,entries/0302-0437.md,entry-0336
تصعید,تصعید,338,تبخیر,اسم,3233,entries/0302-0437.md,entry-0338
تصعید شده,تصعید شده,447,شعور 447#,صفت,4131,entries/0438-0543.md,entry-0447
تصعید کردن,تصعید کردن,338,تبخیر,فعل,3236,entries/0302-0437.md,entry-0338
تصفیه,تصفیه,44,سادگی,اسم,432,entries/0001-0090.md,entry-0044
تصفیه,تصفیه,46,عدم اتحاد . گسیختگی,اسم,462,entries/0001-0090.md,entry-0046
تصفیه,تصفیه,300,دفع . طرد 300#,اسم,2857,entries/0194-0301.md,entry-0300
تصفیه,تصفیه,648,پاکیزگی,اسم,6091,entries/0544-0650.md,entry-0648
تصفیه,تصفیه,977,بدعت,اسم,9231,entries/0970-0991.md,entry-0977
تصفیه کردن,تصفیه کردن,44,سادگی,فعل,439,entries/0001-0090.md,entry-0044
تصفیه کردن,تصفیه کردن,648,پاکیزگی,فعل,6100,entries/0544-0650.md,entry-0648
تصفیه ◄ تقطیر,تصفیه ◄ تقطیر,44,سادگی,اسم,433,entries/0001-0090.md,entry-0044
تصفیه‌شده,تصفیه‌شده,648,پاکیزگی,صفت,6098,entries/0544-0650.md,entry-0648
تصلب,تصلب,326,سختی . صلابت,اسم,3147,entries/0302-0437.md,entry-0326
تصمیم,تصمیم,480,تشخیص . استنتاج 480#,اسم,4474,entries/0438-0543.md,entry-0480
تصمیم,تصمیم,595,اختیار,اسم,5581,entries/0544-0650.md,entry-0595
تصمیم,تصمیم,599,عزم,اسم,5615,entries/0544-0650.md,entry-0599
تصمیم,تصمیم,737,دستور,اسم,7009,entries/0651-0741.md,entry-0737
تصمیم,تصمیم,955,دادگستری . قضا . قضاوت,اسم,9047,entries/0851-0969.md,entry-0955
تصمیم,تصمیم,959,دادخواهی,اسم,9079,entries/0851-0969.md,entry-0959
تصمیم آنی,تصمیم آنی,612,انگیختن . تحریک,اسم,5734,entries/0544-0650.md,entry-0612
تصمیم آنی (ناگهانی),تصمیم آنی (ناگهانی),604,تلون مزاج . هوس,اسم,5654,entries/0544-0650.md,entry-0604
تصمیم داشتن,تصمیم داشتن,617,قصد,فعل,5801,entries/0544-0650.md,entry-0617
تصمیم عجولانه,تصمیم عجولانه,481,عدم تشخیص . تعصب,اسم,4486,entries/0438-0543.md,entry-0481
تصمیم نگرفته,تصمیم نگرفته,606,فقدان انتخاب . بیچارگی,صفت,5678,entries/0544-0650.md,entry-0606
تصمیم نگرفته,تصمیم نگرفته,625,راهِ میانه,صفت,5889,entries/0544-0650.md,entry-0625
تصمیم گرفتن,تصمیم گرفتن,595,اختیار,فعل,5584,entries/0544-0650.md,entry-0595
تصمیم گرفتن,تصمیم گرفتن,599,عزم,فعل,5617,entries/0544-0650.md,entry-0599
تصمیم گرفتن,تصمیم گرفتن,605,انتخاب,فعل,5671,entries/0544-0650.md,entry-0605
تصمیم‌سازی,تصمیم‌سازی,605,انتخاب,اسم,5664,entries/0544-0650.md,entry-0605
تصمیم‌سازی,تصمیم‌سازی,759,عَرضه,اسم,7203,entries/0742-0850.md,entry-0759
تصمیم‌سازی ◄ عَرضه,تصمیم‌سازی ◄ عَرضه,691,مشورت,اسم,6539,entries/0651-0741.md,entry-0691
تصمیم‌سازی ◄ مشورت,تصمیم‌سازی ◄ مشورت,595,اختیار,اسم,5581,entries/0544-0650.md,entry-0595
تصمیم‌گرفته,تصمیم‌گرفته,599,عزم,صفت,5616,entries/0544-0650.md,entry-0599
تصمیم‌گیرنده,تصمیم‌گیرنده,605,انتخاب,صفت,5667,entries/0544-0650.md,entry-0605
تصمیم‌گیری,تصمیم‌گیری,599,عزم,اسم,5615,entries/0544-0650.md,entry-0599
تصمیم‌گیری ناگهانی,تصمیم‌گیری ناگهانی,604,تلون مزاج . هوس,اسم,5653,entries/0544-0650.md,entry-0604
تصنع,تصنع,445,پدیداری . ظاهر,اسم,4092,entries/0438-0543.md,entry-0445
تصنعی,تصنعی,445,پدیداری . ظاهر,صفت,4097,entries/0438-0543.md,entry-0445
تصنعی,تصنعی,688,رفتار,صفت,6517,entries/0651-0741.md,entry-0688
تصنیف,تصنیف,156,علیت . علت 156#,اسم,1452,entries/0091-0193.md,entry-0156
تصنیف,تصنیف,164,تولید . آفرینش,اسم,1549,entries/0091-0193.md,entry-0164
تصنیف,تصنیف,412,موسیقی,اسم,3836,entries/0302-0437.md,entry-0412
تصنیف,تصنیف,586,نگارش,اسم,5442,entries/0544-0650.md,entry-0586
تصنیف,تصنیف,593,شعر و نثر,اسم,5514,entries/0544-0650.md,entry-0593
تصنیف ساز,تصنیف ساز,593,شعر و نثر,اسم,5517,entries/0544-0650.md,entry-0593
تصور,تصور,66,سرآغاز,اسم,671,entries/0001-0090.md,entry-0066
تصور,تصور,451,ایده,اسم,4167,entries/0438-0543.md,entry-0451
تصور,تصور,475,استدلال . تعقل,اسم,4423,entries/0438-0543.md,entry-0475
تصور,تصور,490,دانش . دانایی 490#,اسم,4584,entries/0438-0543.md,entry-0490
تصور,تصور,512,تصور . خاطر,اسم,4792,entries/0438-0543.md,entry-0512
تصور,تصور,513,تخیل,اسم,4804,entries/0438-0543.md,entry-0513
تصور,تصور,532,اظهار . تأکید . سوگند,اسم,5014,entries/0438-0543.md,entry-0532
تصور غلط,تصور غلط,481,عدم تشخیص . تعصب,اسم,4485,entries/0438-0543.md,entry-0481
تصورات,تصورات,513,تخیل,اسم,4806,entries/0438-0543.md,entry-0513
تصورناپذیر,تصورناپذیر,486,ناباوری . شک,صفت,4542,entries/0438-0543.md,entry-0486
تصورکردن,تصورکردن,447,شعور 447#,فعل,4132,entries/0438-0543.md,entry-0447
تصورکردن,تصورکردن,513,تخیل,فعل,4810,entries/0438-0543.md,entry-0513
تصورکننده,تصورکننده,513,تخیل,صفت,4808,entries/0438-0543.md,entry-0513
تصوف,تصوف,973,دین . دینداری,اسم,9190,entries/0970-0991.md,entry-0973
تصوف,تصوف,984,حس ششم . عالم غیب,اسم,9309,entries/0970-0991.md,entry-0984
تصوف,تصوف,991,عرفان,اسم,9365,entries/0970-0991.md,entry-0991
تصویب,تصویب,488,نظر موافق,اسم,4556,entries/0438-0543.md,entry-0488
تصویب,تصویب,923,تحسین,اسم,8766,entries/0851-0969.md,entry-0923
تصویب,تصویب,953,قانونیت,اسم,9025,entries/0851-0969.md,entry-0953
تصویب نشده,تصویب نشده,726,عدم تکمیل,صفت,6892,entries/0651-0741.md,entry-0726
تصویب نشده,تصویب نشده,924,سرزنش . تقبیح,صفت,8786,entries/0851-0969.md,entry-0924
تصویب نکردن,تصویب نکردن,607,ردّ . عدم انتخاب,فعل,5690,entries/0544-0650.md,entry-0607
تصویب نکردن,تصویب نکردن,643,عدم مصلحت,فعل,6047,entries/0544-0650.md,entry-0643
تصویب نکردن,تصویب نکردن,924,سرزنش . تقبیح,فعل,8788,entries/0851-0969.md,entry-0924
تصویب کردن,تصویب کردن,153,پایداری (تغییرناپذیری),فعل,1419,entries/0091-0193.md,entry-0153
تصویب کردن,تصویب کردن,488,نظر موافق,فعل,4561,entries/0438-0543.md,entry-0488
تصویب کردن,تصویب کردن,605,انتخاب,فعل,5671,entries/0544-0650.md,entry-0605
تصویب کردن,تصویب کردن,725,تکمیل . اجرا,فعل,6885,entries/0651-0741.md,entry-0725
تصویب کردن,تصویب کردن,756,اجازه,فعل,7183,entries/0742-0850.md,entry-0756
تصویب کردن,تصویب کردن,953,قانونیت,فعل,9030,entries/0851-0969.md,entry-0953
تصویب‌کنندگان,تصویب‌کنندگان,488,نظر موافق,اسم,4558,entries/0438-0543.md,entry-0488
تصویر,تصویر,22,نسخه . کپی,اسم,222,entries/0001-0090.md,entry-0022
تصویر,تصویر,90,دوگانگی 90#,اسم,910,entries/0001-0090.md,entry-0090
تصویر,تصویر,237,جلو,اسم,2291,entries/0194-0301.md,entry-0237
تصویر,تصویر,243,شکل 243#,اسم,2337,entries/0194-0301.md,entry-0243
تصویر,تصویر,417,روشنی,اسم,3881,entries/0302-0437.md,entry-0417
تصویر,تصویر,442,دستگاه نوری,اسم,4071,entries/0438-0543.md,entry-0442
تصویر,تصویر,522,تجلی,اسم,4895,entries/0438-0543.md,entry-0522
تصویر,تصویر,547,دلالت,اسم,5148,entries/0544-0650.md,entry-0547
تصویر,تصویر,551,تجسم,اسم,5197,entries/0544-0650.md,entry-0551
تصویر,تصویر,553,نقاشی,اسم,5215,entries/0544-0650.md,entry-0553
تصویر,تصویر,554,مجسمه‌سازی,اسم,5221,entries/0544-0650.md,entry-0554
تصویر,تصویر,982,بت‌پرستی,اسم,9289,entries/0970-0991.md,entry-0982
تصویر بسیار کوچک,تصویر بسیار کوچک,196,خُردی,اسم,1893,entries/0194-0301.md,entry-0196
تصویر خلاف واقع,تصویر خلاف واقع,552,تجسم غیرواقعی,اسم,5208,entries/0544-0650.md,entry-0552
تصویر در آینه,تصویر در آینه,245,تقارن,اسم,2351,entries/0194-0301.md,entry-0245
تصویر درآینه,تصویر درآینه,417,روشنی,اسم,3881,entries/0302-0437.md,entry-0417
تصویر دیجیتال,تصویر دیجیتال,551,تجسم,اسم,5199,entries/0544-0650.md,entry-0551
تصویر ذهنی,تصویر ذهنی,513,تخیل,اسم,4804,entries/0438-0543.md,entry-0513
تصویر ریز و ظریف,تصویر ریز و ظریف,196,خُردی,اسم,1893,entries/0194-0301.md,entry-0196
تصویر غلط,تصویر غلط,552,تجسم غیرواقعی,اسم,5208,entries/0544-0650.md,entry-0552
تصویر غلط دادن,تصویر غلط دادن,19,عدم تشابه,فعل,198,entries/0001-0090.md,entry-0019
تصویر غلط دادن,تصویر غلط دادن,535,بدآموزی,فعل,5046,entries/0438-0543.md,entry-0535
تصویر غلط دادن,تصویر غلط دادن,552,تجسم غیرواقعی,فعل,5210,entries/0544-0650.md,entry-0552
تصویر غلط دادن,تصویر غلط دادن,851,تمسخر,فعل,8083,entries/0851-0969.md,entry-0851
تصویر کردن,تصویر کردن,553,نقاشی,فعل,5217,entries/0544-0650.md,entry-0553
تصویری,تصویری,438,دید . بینایی,صفت,4035,entries/0438-0543.md,entry-0438
تصویری,تصویری,465,اندازه‌گیری . سنجش,اسم,4306,entries/0438-0543.md,entry-0465
تضاد,تضاد,14,مغایرت . دیگر بودن,اسم,151,entries/0001-0090.md,entry-0014
تضاد,تضاد,182,اثر متقابل,اسم,1716,entries/0091-0193.md,entry-0182
تضاد,تضاد,316,تکامل,اسم,3032,entries/0302-0437.md,entry-0316
تضاد,تضاد,704,ضدیت . تقابل,اسم,6661,entries/0651-0741.md,entry-0704
تضاد داشتن,تضاد داشتن,14,مغایرت . دیگر بودن,فعل,154,entries/0001-0090.md,entry-0014
تضامناً,تضامناً,706,همکاری . تعاون,قید,6678,entries/0651-0741.md,entry-0706
تضامناً,تضامناً,775,مالکیت مشاع,قید,7356,entries/0742-0850.md,entry-0775
تضامنی,تضامنی,45,اتحاد . پیوستگی,صفت,447,entries/0001-0090.md,entry-0045
تضامنی,تضامنی,708,گروه اجتماعی,صفت,6695,entries/0651-0741.md,entry-0708
تضرع,تضرع,761,خواهش,اسم,7216,entries/0742-0850.md,entry-0761
تضرع,تضرع,836,سوگواری,اسم,7911,entries/0742-0850.md,entry-0836
تضرع,تضرع,981,پرستش,اسم,9275,entries/0970-0991.md,entry-0981
تضرع کردن,تضرع کردن,761,خواهش,فعل,7222,entries/0742-0850.md,entry-0761
تضعیف,تضعیف,163,ضعف,اسم,1537,entries/0091-0193.md,entry-0163
تضعیف,تضعیف,752,لغو . الغا . عزل,اسم,7146,entries/0742-0850.md,entry-0752
تضعیف روحیه,تضعیف روحیه,613,بازداشتن,اسم,5755,entries/0544-0650.md,entry-0613
تضعیف شده,تضعیف شده,163,ضعف,صفت,1541,entries/0091-0193.md,entry-0163
تضعیف کردن,تضعیف کردن,311,تنزل: پایین آوردن,فعل,2995,entries/0302-0437.md,entry-0311
تضعیف کردن [موضع طرف مقابل],تضعیف کردن [موضع طرف مقابل],467,مدرک متقابل,فعل,4344,entries/0438-0543.md,entry-0467
تضعیف‌ کردن,تضعیف‌ کردن,163,ضعف,فعل,1545,entries/0091-0193.md,entry-0163
تضمن,تضمن,78,شمول . دربر داشتن,اسم,782,entries/0001-0090.md,entry-0078
تضمن,تضمن,83,تطبیق,اسم,834,entries/0001-0090.md,entry-0083
تضمن,تضمن,514,معنی,اسم,4819,entries/0438-0543.md,entry-0514
تضمن,تضمن,524,اطلاع . آگاهی,اسم,4919,entries/0438-0543.md,entry-0524
تضمن,تضمن,547,دلالت,اسم,5148,entries/0544-0650.md,entry-0547
تضمن,تضمن,551,تجسم,اسم,5196,entries/0544-0650.md,entry-0551
تضمین,تضمین,485,باور,اسم,4524,entries/0438-0543.md,entry-0485
تضمین,تضمین,764,قول,اسم,7243,entries/0742-0850.md,entry-0764
تضمین,تضمین,765,قرارداد,اسم,7249,entries/0742-0850.md,entry-0765
تضمین,تضمین,767,تضمین,اسم,7264,entries/0742-0850.md,entry-0767
تضمین,تضمین,785,استقراض,اسم,7444,entries/0742-0850.md,entry-0785
تضمین کافی گرفتن,تضمین کافی گرفتن,31,جبران . تعدیل,فعل,314,entries/0001-0090.md,entry-0031
تضمین کافی گرفتن,تضمین کافی گرفتن,858,احتیاط,فعل,8149,entries/0851-0969.md,entry-0858
تضمین کردن,تضمین کردن,31,جبران . تعدیل,فعل,313,entries/0001-0090.md,entry-0031
تضمین کردن,تضمین کردن,767,تضمین,فعل,7268,entries/0742-0850.md,entry-0767
تضییع,تضییع,2,عدم (نیستی),اسم,38,entries/0001-0090.md,entry-0002
تضییع,تضییع,165,تخریب,اسم,1560,entries/0091-0193.md,entry-0165
تضییع,تضییع,634,اتلاف,اسم,5962,entries/0544-0650.md,entry-0634
تضییع,تضییع,641,بی‌فایده بودن,اسم,6028,entries/0544-0650.md,entry-0641
تضییع,تضییع,655,زوال . فرسایش,اسم,6183,entries/0651-0741.md,entry-0655
تضییع,تضییع,772,خسران . باخت,اسم,7319,entries/0742-0850.md,entry-0772
تضییق,تضییق,747,تحدید . خودداری,اسم,7111,entries/0742-0850.md,entry-0747
تطابق,تطابق,24,سازگاری,اسم,236,entries/0001-0090.md,entry-0024
تطابق,تطابق,160,توان 160#,اسم,1496,entries/0091-0193.md,entry-0160
تطابق,تطابق,180,استعداد 180#,اسم,1704,entries/0091-0193.md,entry-0180
تطابق,تطابق,438,دید . بینایی,اسم,4030,entries/0438-0543.md,entry-0438
تطاول,تطاول,735,سخت‌گیری,اسم,6990,entries/0651-0741.md,entry-0735
تطاول,تطاول,898,بدخواهی . اذیت,اسم,8541,entries/0851-0969.md,entry-0898
تطاول,تطاول,906,بیرحمی,اسم,8612,entries/0851-0969.md,entry-0906
تطاول,تطاول,914,ناحق . ناراستی,اسم,8678,entries/0851-0969.md,entry-0914
تطاول,تطاول,916,فقدان حق,اسم,8698,entries/0851-0969.md,entry-0916
تطبیق,تطبیق,9,رابطه . ربط,اسم,107,entries/0001-0090.md,entry-0009
تطبیق,تطبیق,16,همگنی,اسم,169,entries/0001-0090.md,entry-0016
تطبیق,تطبیق,20,تقلید (نسخه‌برداری) 20#,اسم,202,entries/0001-0090.md,entry-0020
تطبیق,تطبیق,23,سرمشق,اسم,226,entries/0001-0090.md,entry-0023
تطبیق,تطبیق,24,سازگاری,اسم,233,entries/0001-0090.md,entry-0024
تطبیق,تطبیق,83,تطبیق,اسم,833,entries/0001-0090.md,entry-0083
تطبیق,تطبیق,462,مقایسه,اسم,4284,entries/0438-0543.md,entry-0462
تطبیق,تطبیق,882,اجتماعی بودن . معاشرت,اسم,8380,entries/0851-0969.md,entry-0882
تطبیق,تطبیق,976,راست‌دینی,اسم,9222,entries/0970-0991.md,entry-0976
تطبیق داده‌شده,تطبیق داده‌شده,24,سازگاری,صفت,240,entries/0001-0090.md,entry-0024
تطبیق کردن,تطبیق کردن,13,یکسانی . همانی,فعل,146,entries/0001-0090.md,entry-0013
تطبیق کردن,تطبیق کردن,18,تشابه,فعل,189,entries/0001-0090.md,entry-0018
تطبیق کردن,تطبیق کردن,462,مقایسه,فعل,4286,entries/0438-0543.md,entry-0462
تطبیق‌داده,تطبیق‌داده,24,سازگاری,صفت,240,entries/0001-0090.md,entry-0024
تطبیق‌ناپذیر,تطبیق‌ناپذیر,15,تفاوت . تمیز,صفت,162,entries/0001-0090.md,entry-0015
تطبیق‌ناپذیر,تطبیق‌ناپذیر,17,ناهمگنی,صفت,177,entries/0001-0090.md,entry-0017
تطبیق‌ناپذیر,تطبیق‌ناپذیر,21,نوآوری,صفت,215,entries/0001-0090.md,entry-0021
تطبیق‌ناپذیر,تطبیق‌ناپذیر,25,ناسازگاری,صفت,249,entries/0001-0090.md,entry-0025
تطبیق‌ناپذیر,تطبیق‌ناپذیر,84,عدم تطبیق,صفت,849,entries/0001-0090.md,entry-0084
تطبیق‌ناپذیر,تطبیق‌ناپذیر,769,عدم رعایت,صفت,7281,entries/0742-0850.md,entry-0769
تطمیع,تطمیع,542,فریب,اسم,5100,entries/0438-0543.md,entry-0542
تطمیع,تطمیع,612,انگیختن . تحریک,اسم,5736,entries/0544-0650.md,entry-0612
تطمیع کردن,تطمیع کردن,612,انگیختن . تحریک,فعل,5747,entries/0544-0650.md,entry-0612
تطهیر,تطهیر,648,پاکیزگی,اسم,6090,entries/0544-0650.md,entry-0648
تطهیر,تطهیر,979,تقوا,اسم,9251,entries/0970-0991.md,entry-0979
تطهیر,تطهیر,981,پرستش,اسم,9274,entries/0970-0991.md,entry-0981
تطهیر کردن,تطهیر کردن,648,پاکیزگی,فعل,6101,entries/0544-0650.md,entry-0648
تطهیر کردن,تطهیر کردن,654,بهبود,فعل,6177,entries/0651-0741.md,entry-0654
تطهیر کردن,تطهیر کردن,979,تقوا,فعل,9259,entries/0970-0991.md,entry-0979
تطهیرشده,تطهیرشده,979,تقوا,صفت,9256,entries/0970-0991.md,entry-0979
تطور,تطور,143,تغییر و تحول 143#,اسم,1320,entries/0091-0193.md,entry-0143
تطور,تطور,316,تکامل,اسم,3032,entries/0302-0437.md,entry-0316
تطویل,تطویل,113,دیرگذری,اسم,1054,entries/0091-0193.md,entry-0113
تطویل,تطویل,136,تأخیر,اسم,1249,entries/0091-0193.md,entry-0136
تطویل,تطویل,203,درازی (طول),اسم,1958,entries/0194-0301.md,entry-0203
تظاهر,تظاهر,4,بی‌جوهری,اسم,59,entries/0001-0090.md,entry-0004
تظاهر,تظاهر,20,تقلید (نسخه‌برداری) 20#,اسم,203,entries/0001-0090.md,entry-0020
تظاهر,تظاهر,154,رویداد 154#,اسم,1425,entries/0091-0193.md,entry-0154
تظاهر,تظاهر,156,علیت . علت 156#,اسم,1452,entries/0091-0193.md,entry-0156
تظاهر,تظاهر,223,بیرون [فضا],اسم,2144,entries/0194-0301.md,entry-0223
تظاهر,تظاهر,298,صدور: حرکت به‌بیرون 298#,اسم,2836,entries/0194-0301.md,entry-0298
تظاهر,تظاهر,300,دفع . طرد 300#,اسم,2861,entries/0194-0301.md,entry-0300
تظاهر,تظاهر,443,پیدایی,اسم,4076,entries/0438-0543.md,entry-0443
تظاهر,تظاهر,445,پدیداری . ظاهر,اسم,4092,entries/0438-0543.md,entry-0445
تظاهر,تظاهر,484,کشف,اسم,4514,entries/0438-0543.md,entry-0484
تظاهر,تظاهر,491,جهل . نادانی,اسم,4597,entries/0438-0543.md,entry-0491
تظاهر,تظاهر,512,تصور . خاطر,اسم,4792,entries/0438-0543.md,entry-0512
تظاهر,تظاهر,522,تجلی,اسم,4894,entries/0438-0543.md,entry-0522
تظاهر,تظاهر,541,دروغگویی,اسم,5088,entries/0438-0543.md,entry-0541
تظاهر,تظاهر,614,بهانه: انگیزۀ ظاهری,اسم,5764,entries/0544-0650.md,entry-0614
تظاهر,تظاهر,850,ادا 850#,اسم,8067,entries/0742-0850.md,entry-0850
تظاهر,تظاهر,851,تمسخر,اسم,8077,entries/0851-0969.md,entry-0851
تظاهر,تظاهر,873,تکبر,اسم,8294,entries/0851-0969.md,entry-0873
تظاهر,تظاهر,875,فخرفروشی,اسم,8313,entries/0851-0969.md,entry-0875
تظاهر,تظاهر,950,عفت . پاکدامنی 950#,اسم,8998,entries/0851-0969.md,entry-0950
تظاهر,تظاهر,980,بی‌تقوایی 980#,اسم,9265,entries/0970-0991.md,entry-0980
تظاهر (ادعا),تظاهر (ادعا),525,کتمان,اسم,4935,entries/0438-0543.md,entry-0525
تظاهر به‌خرج,تظاهر به‌خرج,815,ولخرجی,اسم,7691,entries/0742-0850.md,entry-0815
تظاهر به‌کار کردن,تظاهر به‌کار کردن,726,عدم تکمیل,فعل,6893,entries/0651-0741.md,entry-0726
تظاهر کردن,تظاهر کردن,445,پدیداری . ظاهر,فعل,4098,entries/0438-0543.md,entry-0445
تظاهر کردن,تظاهر کردن,542,فریب,فعل,5107,entries/0438-0543.md,entry-0542
تظاهر کردن,تظاهر کردن,614,بهانه: انگیزۀ ظاهری,فعل,5766,entries/0544-0650.md,entry-0614
تظاهر کردن,تظاهر کردن,850,ادا 850#,فعل,8070,entries/0742-0850.md,entry-0850
تظاهر کردن,تظاهر کردن,875,فخرفروشی,فعل,8319,entries/0851-0969.md,entry-0875
تظاهرات,تظاهرات,74,تجمع . گردآوری,اسم,745,entries/0001-0090.md,entry-0074
تظاهرات,تظاهرات,145,توقف: تغییر ازحرکت / عمل به‌سکون,اسم,1341,entries/0091-0193.md,entry-0145
تظاهرات,تظاهرات,149,انقلاب: تغییر ناگهانی یا خشونت‌آمیز,اسم,1376,entries/0091-0193.md,entry-0149
تظاهرات,تظاهرات,267,مسافرت زمینی,اسم,2570,entries/0194-0301.md,entry-0267
تظاهرات,تظاهرات,923,تحسین,اسم,8768,entries/0851-0969.md,entry-0923
تظلم,تظلم,662,پناهگاه,اسم,6279,entries/0651-0741.md,entry-0662
تظلم,تظلم,959,دادخواهی,اسم,9074,entries/0851-0969.md,entry-0959
تعادل,تعادل,28,برابری: یکسانی مقدار یا درجه,اسم,279,entries/0001-0090.md,entry-0028
تعادل,تعادل,31,جبران . تعدیل,اسم,311,entries/0001-0090.md,entry-0031
تعادل,تعادل,144,ثبات: عدم تغییر 144#,اسم,1331,entries/0091-0193.md,entry-0144
تعادل,تعادل,153,پایداری (تغییرناپذیری),اسم,1411,entries/0091-0193.md,entry-0153
تعادل,تعادل,177,ملایمت . میانه‌روی,اسم,1678,entries/0091-0193.md,entry-0177
تعادل,تعادل,245,تقارن,اسم,2351,entries/0194-0301.md,entry-0245
تعادل,تعادل,266,عدم تحرک,اسم,2553,entries/0194-0301.md,entry-0266
تعادل,تعادل,322,سنگینی . گرانش,اسم,3105,entries/0302-0437.md,entry-0322
تعادل,تعادل,677,سکون,اسم,6415,entries/0651-0741.md,entry-0677
تعادل ایجاد کردن,تعادل ایجاد کردن,28,برابری: یکسانی مقدار یا درجه,فعل,289,entries/0001-0090.md,entry-0028
تعادل ایجاد کردن,تعادل ایجاد کردن,31,جبران . تعدیل,فعل,313,entries/0001-0090.md,entry-0031
تعادل بازار,تعادل بازار,796,بازار,اسم,7534,entries/0742-0850.md,entry-0796
تعادل داشتن,تعادل داشتن,153,پایداری (تغییرناپذیری),فعل,1418,entries/0091-0193.md,entry-0153
تعادل در دریا,تعادل در دریا,28,برابری: یکسانی مقدار یا درجه,اسم,281,entries/0001-0090.md,entry-0028
تعادل طبیعی,تعادل طبیعی,28,برابری: یکسانی مقدار یا درجه,اسم,281,entries/0001-0090.md,entry-0028
تعادل قوا,تعادل قوا,28,برابری: یکسانی مقدار یا درجه,اسم,281,entries/0001-0090.md,entry-0028
تعادل چیزی را حفظ کردن,تعادل چیزی را حفظ کردن,153,پایداری (تغییرناپذیری),فعل,1419,entries/0091-0193.md,entry-0153
تعادل کِشتی,تعادل کِشتی,28,برابری: یکسانی مقدار یا درجه,اسم,281,entries/0001-0090.md,entry-0028
تعادلی,تعادلی,182,اثر متقابل,صفت,1717,entries/0091-0193.md,entry-0182
تعادلی,تعادلی,796,بازار,صفت,7536,entries/0742-0850.md,entry-0796
تعارض,تعارض,25,ناسازگاری,اسم,246,entries/0001-0090.md,entry-0025
تعارف,تعارف,83,تطبیق,اسم,833,entries/0001-0090.md,entry-0083
تعارف,تعارف,759,عَرضه,اسم,7203,entries/0742-0850.md,entry-0759
تعارف,تعارف,848,مُد,اسم,8051,entries/0742-0850.md,entry-0848
تعارف,تعارف,884,ادب,اسم,8406,entries/0851-0969.md,entry-0884
تعارف 848 (+ فرادهش),تعارف 848 (+ فرادهش),127,کهنگی,اسم,1175,entries/0091-0193.md,entry-0127
تعارف کردن,تعارف کردن,759,عَرضه,فعل,7205,entries/0742-0850.md,entry-0759
تعارف کردن,تعارف کردن,781,دهش,فعل,7412,entries/0742-0850.md,entry-0781
تعارفی,تعارفی,781,دهش,اسم,7407,entries/0742-0850.md,entry-0781
تعارفی,تعارفی,848,مُد,صفت,8055,entries/0742-0850.md,entry-0848
تعاقب,تعاقب,60,نظم 60#,اسم,610,entries/0001-0090.md,entry-0060
تعاقب,تعاقب,65,تعاقب [در ترتیب] . توالی,اسم,659,entries/0001-0090.md,entry-0065
تعاقب,تعاقب,120,تأخر [درزمان] 120#,اسم,1109,entries/0091-0193.md,entry-0120
تعاقب,تعاقب,124,آینده,اسم,1138,entries/0091-0193.md,entry-0124
تعاقب,تعاقب,238,عقب,اسم,2298,entries/0194-0301.md,entry-0238
تعاقب,تعاقب,619,پیگیری,اسم,5820,entries/0544-0650.md,entry-0619
تعاقب [در ترتیب],تعاقب [در ترتیب],67,پیامد,اسم,677,entries/0001-0090.md,entry-0067
تعاقب [در ترتیب],تعاقب [در ترتیب],120,تأخر [درزمان] 120#,اسم,1109,entries/0091-0193.md,entry-0120
تعاقب [در ترتیب],تعاقب [در ترتیب],284,پیروی,اسم,2727,entries/0194-0301.md,entry-0284
تعاقب زمانی ◄ تأخر [در زمان],تعاقب زمانی ◄ تأخر [در زمان],65,تعاقب [در ترتیب] . توالی,اسم,659,entries/0001-0090.md,entry-0065
تعالی,تعالی,310,ترفیع: بالابردن 310#,اسم,2984,entries/0302-0437.md,entry-0310
تعالی,تعالی,316,تکامل,اسم,3032,entries/0302-0437.md,entry-0316
تعالی,تعالی,644,خوبی: صفات خوب انسان,اسم,6051,entries/0544-0650.md,entry-0644
تعالی,تعالی,965,ذات خداوندی,صفت,9144,entries/0851-0969.md,entry-0965
تعالی,تعالی,991,عرفان,اسم,9366,entries/0970-0991.md,entry-0991
تعالیق,تعالیق,466,مدرک,اسم,4329,entries/0438-0543.md,entry-0466
تعامل,تعامل,173,عاملیت,اسم,1632,entries/0091-0193.md,entry-0173
تعامل,تعامل,182,اثر متقابل,اسم,1716,entries/0091-0193.md,entry-0182
تعامل,تعامل,327,نرمی . انعطاف,اسم,3157,entries/0302-0437.md,entry-0327
تعاون,تعاون,45,اتحاد . پیوستگی,اسم,443,entries/0001-0090.md,entry-0045
تعاون,تعاون,706,همکاری . تعاون,اسم,6673,entries/0651-0741.md,entry-0706
تعاون,تعاون,905,دلسوزی . ترحم,اسم,8601,entries/0851-0969.md,entry-0905
تعاونی,تعاونی,45,اتحاد . پیوستگی,صفت,447,entries/0001-0090.md,entry-0045
تعاونی,تعاونی,267,مسافرت زمینی,اسم,2572,entries/0194-0301.md,entry-0267
تعاونی,تعاونی,706,همکاری . تعاون,صفت,6675,entries/0651-0741.md,entry-0706
تعاونی,تعاونی,775,مالکیت مشاع,صفت,7352,entries/0742-0850.md,entry-0775
تعب,تعب,377,دَرد,اسم,3578,entries/0302-0437.md,entry-0377
تعب,تعب,700,دشواری 700#,اسم,6614,entries/0651-0741.md,entry-0700
تعب,تعب,825,رنج . غم,اسم,7795,entries/0742-0850.md,entry-0825
تعبیر,تعبیر,480,تشخیص . استنتاج 480#,اسم,4475,entries/0438-0543.md,entry-0480
تعبیر,تعبیر,520,تعبیر . تفسیر 520#,اسم,4868,entries/0438-0543.md,entry-0520
تعبیر خواب,تعبیر خواب,520,تعبیر . تفسیر 520#,اسم,4868,entries/0438-0543.md,entry-0520
تعبیر هجو آمیز,تعبیر هجو آمیز,552,تجسم غیرواقعی,اسم,5208,entries/0544-0650.md,entry-0552
تعبیر کردن,تعبیر کردن,62,تنظیم,فعل,639,entries/0001-0090.md,entry-0062
تعبیر کردن,تعبیر کردن,520,تعبیر . تفسیر 520#,فعل,4876,entries/0438-0543.md,entry-0520
تعبیرشده,تعبیرشده,520,تعبیر . تفسیر 520#,صفت,4875,entries/0438-0543.md,entry-0520
تعبیرشده,تعبیرشده,526,افشا,صفت,4951,entries/0438-0543.md,entry-0526
تعبیرکننده,تعبیرکننده,520,تعبیر . تفسیر 520#,صفت,4874,entries/0438-0543.md,entry-0520
تعبیرکننده,تعبیرکننده,526,افشا,صفت,4952,entries/0438-0543.md,entry-0526
تعبیرکننده,تعبیرکننده,547,دلالت,صفت,5162,entries/0544-0650.md,entry-0547
تعبیرکننده,تعبیرکننده,924,سرزنش . تقبیح,صفت,8784,entries/0851-0969.md,entry-0924
تعبیه,تعبیه,231,میان,اسم,2239,entries/0194-0301.md,entry-0231
تعبیه,تعبیه,669,آمادگی,اسم,6335,entries/0651-0741.md,entry-0669
تعبیه کردن,تعبیه کردن,231,میان,فعل,2246,entries/0194-0301.md,entry-0231
تعجب,تعجب,517,غیرقابل‌درک بودن,اسم,4845,entries/0438-0543.md,entry-0517
تعجب,تعجب,864,شگفت,اسم,8199,entries/0851-0969.md,entry-0864
تعجب برانگیختن,تعجب برانگیختن,821,تهییج,فعل,7758,entries/0742-0850.md,entry-0821
تعجب برنیانگیز,تعجب برنیانگیز,865,فقدان تحیر,صفت,8213,entries/0851-0969.md,entry-0865
تعجب خود را ظاهر نکردن,تعجب خود را ظاهر نکردن,865,فقدان تحیر,فعل,8214,entries/0851-0969.md,entry-0865
تعجب نکردن,تعجب نکردن,507,انتظار,فعل,4746,entries/0438-0543.md,entry-0507
تعجب نکردن,تعجب نکردن,865,فقدان تحیر,فعل,8214,entries/0851-0969.md,entry-0865
تعجب کردن,تعجب کردن,864,شگفت,فعل,8204,entries/0851-0969.md,entry-0864
تعجب‌آور,تعجب‌آور,517,غیرقابل‌درک بودن,صفت,4847,entries/0438-0543.md,entry-0517
تعجب‌نزده,تعجب‌نزده,860,بی‌تفاوتی 860#,صفت,8171,entries/0851-0969.md,entry-0860
تعجب‌نزده,تعجب‌نزده,865,فقدان تحیر,صفت,8212,entries/0851-0969.md,entry-0865
تعجیل,تعجیل,118,خارج از زمان خود,اسم,1097,entries/0091-0193.md,entry-0118
تعجیل,تعجیل,135,تعجیل,اسم,1240,entries/0091-0193.md,entry-0135
تعجیل,تعجیل,138,بی‌موقع,اسم,1273,entries/0091-0193.md,entry-0138
تعجیل,تعجیل,277,سرعت,اسم,2664,entries/0194-0301.md,entry-0277
تعجیل,تعجیل,670,فقدان آمادگی 670#,اسم,6350,entries/0651-0741.md,entry-0670
تعجیل,تعجیل,680,عجله 680#,اسم,6455,entries/0651-0741.md,entry-0680
تعجیل بسیار,تعجیل بسیار,670,فقدان آمادگی 670#,اسم,6350,entries/0651-0741.md,entry-0670
تعجیل کردن,تعجیل کردن,671,مبادرت . اقدام,فعل,6367,entries/0651-0741.md,entry-0671
تعداد,تعداد,26,کمیت,اسم,262,entries/0001-0090.md,entry-0026
تعداد,تعداد,85,عدد 85#,اسم,860,entries/0001-0090.md,entry-0085
تعداد,تعداد,86,شمارش,اسم,872,entries/0001-0090.md,entry-0086
تعداد (مقدار) معین,تعداد (مقدار) معین,104,تعدد,اسم,976,entries/0091-0193.md,entry-0104
تعداد بیشتر,تعداد بیشتر,26,کمیت,اسم,263,entries/0001-0090.md,entry-0026
تعداد را پایین آوردن,تعداد را پایین آوردن,105,قلت,فعل,989,entries/0091-0193.md,entry-0105
تعداد مشخص,تعداد مشخص,74,تجمع . گردآوری,اسم,746,entries/0001-0090.md,entry-0074
تعداد مشخص,تعداد مشخص,104,تعدد,اسم,976,entries/0091-0193.md,entry-0104
تعداد وقوع یک رویداد,تعداد وقوع یک رویداد,141,دوره‌ای بودن: نظم دروقوع و تکرار آن,اسم,1302,entries/0091-0193.md,entry-0141
تعدادشان کم بودن,تعدادشان کم بودن,105,قلت,فعل,988,entries/0091-0193.md,entry-0105
تعدادکم,تعدادکم,26,کمیت,اسم,263,entries/0001-0090.md,entry-0026
تعدادی,تعدادی,101,چندبرابری,قید,961,entries/0091-0193.md,entry-0101
تعدد,تعدد,26,کمیت,اسم,262,entries/0001-0090.md,entry-0026
تعدد,تعدد,32,بزرگی,اسم,320,entries/0001-0090.md,entry-0032
تعدد,تعدد,74,تجمع . گردآوری,اسم,748,entries/0001-0090.md,entry-0074
تعدد,تعدد,82,تنوع (چندگونگی),اسم,827,entries/0001-0090.md,entry-0082
تعدد,تعدد,86,شمارش,اسم,869,entries/0001-0090.md,entry-0086
تعدد,تعدد,101,چندبرابری,اسم,959,entries/0091-0193.md,entry-0101
تعدد,تعدد,104,تعدد,اسم,975,entries/0091-0193.md,entry-0104
تعدد,تعدد,139,اغلب (کثرت وقوع),اسم,1282,entries/0091-0193.md,entry-0139
تعدد,تعدد,306,زیاده‌روی . فزونی (حرکت فراتر),اسم,2951,entries/0302-0437.md,entry-0306
تعدد,تعدد,637,وفور,اسم,5988,entries/0544-0650.md,entry-0637
تعدد زوجات,تعدد زوجات,104,تعدد,اسم,975,entries/0091-0193.md,entry-0104
تعدی,تعدی,231,میان,اسم,2241,entries/0194-0301.md,entry-0231
تعدی,تعدی,297,دخول: حرکت به درون,اسم,2825,entries/0194-0301.md,entry-0297
تعدی,تعدی,306,زیاده‌روی . فزونی (حرکت فراتر),اسم,2951,entries/0302-0437.md,entry-0306
تعدی,تعدی,712,تک . حمله,اسم,6726,entries/0651-0741.md,entry-0712
تعدی,تعدی,735,سخت‌گیری,اسم,6990,entries/0651-0741.md,entry-0735
تعدی,تعدی,898,بدخواهی . اذیت,اسم,8541,entries/0851-0969.md,entry-0898
تعدی,تعدی,914,ناحق . ناراستی,اسم,8678,entries/0851-0969.md,entry-0914
تعدی,تعدی,916,فقدان حق,اسم,8698,entries/0851-0969.md,entry-0916
تعدی کردن,تعدی کردن,203,درازی (طول),فعل,1963,entries/0194-0301.md,entry-0203
تعدی کردن,تعدی کردن,231,میان,فعل,2248,entries/0194-0301.md,entry-0231
تعدی کردن,تعدی کردن,285,پیشروی,فعل,2737,entries/0194-0301.md,entry-0285
تعدی کردن,تعدی کردن,297,دخول: حرکت به درون,فعل,2831,entries/0194-0301.md,entry-0297
تعدی کردن,تعدی کردن,306,زیاده‌روی . فزونی (حرکت فراتر),فعل,2954,entries/0302-0437.md,entry-0306
تعدی کردن,تعدی کردن,678,فعالیت . بیداری,فعل,6433,entries/0651-0741.md,entry-0678
تعدی کردن,تعدی کردن,702,منع . ممانعت,فعل,6645,entries/0651-0741.md,entry-0702
تعدی کردن,تعدی کردن,712,تک . حمله,فعل,6731,entries/0651-0741.md,entry-0712
تعدی کردن,تعدی کردن,916,فقدان حق,فعل,8705,entries/0851-0969.md,entry-0916
تعدیل,تعدیل,28,برابری: یکسانی مقدار یا درجه,اسم,282,entries/0001-0090.md,entry-0028
تعدیل,تعدیل,31,جبران . تعدیل,اسم,311,entries/0001-0090.md,entry-0031
تعدیل,تعدیل,62,تنظیم,اسم,631,entries/0001-0090.md,entry-0062
تعدیل,تعدیل,143,تغییر و تحول 143#,اسم,1320,entries/0091-0193.md,entry-0143
تعدیل,تعدیل,153,پایداری (تغییرناپذیری),اسم,1412,entries/0091-0193.md,entry-0153
تعدیل,تعدیل,177,ملایمت . میانه‌روی,اسم,1678,entries/0091-0193.md,entry-0177
تعدیل,تعدیل,656,بازسازی,اسم,6197,entries/0651-0741.md,entry-0656
تعدیل نیرو,تعدیل نیرو,752,لغو . الغا . عزل,اسم,7147,entries/0742-0850.md,entry-0752
تعدیل کردن,تعدیل کردن,24,سازگاری,فعل,242,entries/0001-0090.md,entry-0024
تعدیل کردن,تعدیل کردن,31,جبران . تعدیل,فعل,314,entries/0001-0090.md,entry-0031
تعدیل کردن,تعدیل کردن,143,تغییر و تحول 143#,فعل,1326,entries/0091-0193.md,entry-0143
تعدیل کردن,تعدیل کردن,613,بازداشتن,فعل,5758,entries/0544-0650.md,entry-0613
تعدیل کننده,تعدیل کننده,720,میانجی‌گری 720#,اسم,6819,entries/0651-0741.md,entry-0720
تعدیلی,تعدیلی,31,جبران . تعدیل,صفت,312,entries/0001-0090.md,entry-0031
تعدیل‌کننده,تعدیل‌کننده,177,ملایمت . میانه‌روی,اسم,1679,entries/0091-0193.md,entry-0177
تعدیل‌کننده,تعدیل‌کننده,375,بی‌حسی فیزیکی,اسم,3561,entries/0302-0437.md,entry-0375
تعدیل‌کننده,تعدیل‌کننده,468,ملاحظات,صفت,4349,entries/0438-0543.md,entry-0468
تعذیب,تعذیب,963,مجازات . تنبیه,اسم,9107,entries/0851-0969.md,entry-0963
تعرض,تعرض,136,تأخیر,اسم,1249,entries/0091-0193.md,entry-0136
تعرض,تعرض,924,سرزنش . تقبیح,اسم,8783,entries/0851-0969.md,entry-0924
تعرفه,تعرفه,87,فهرست,اسم,885,entries/0001-0090.md,entry-0087
تعرق,تعرق,302,مدفوع,اسم,2916,entries/0302-0437.md,entry-0302
تعریف,تعریف,62,تنظیم,اسم,632,entries/0001-0090.md,entry-0062
تعریف,تعریف,77,طبقه‌بندی . تعیین,اسم,773,entries/0001-0090.md,entry-0077
تعریف,تعریف,236,حَدّ,اسم,2281,entries/0194-0301.md,entry-0236
تعریف,تعریف,520,تعبیر . تفسیر 520#,اسم,4868,entries/0438-0543.md,entry-0520
تعریف,تعریف,561,نام‌گذاری,اسم,5274,entries/0544-0650.md,entry-0561
تعریف,تعریف,889,نوازش,اسم,8460,entries/0851-0969.md,entry-0889
تعریف,تعریف,923,تحسین,اسم,8767,entries/0851-0969.md,entry-0923
تعریف کردن,تعریف کردن,62,تنظیم,فعل,638,entries/0001-0090.md,entry-0062
تعریف کردن,تعریف کردن,80,ویژگی . خاص بودن 80#,فعل,811,entries/0001-0090.md,entry-0080
تعریف کردن,تعریف کردن,923,تحسین,فعل,8773,entries/0851-0969.md,entry-0923
تعریف‌شده,تعریف‌شده,236,حَدّ,صفت,2283,entries/0194-0301.md,entry-0236
تعریف‌شده,تعریف‌شده,520,تعبیر . تفسیر 520#,صفت,4875,entries/0438-0543.md,entry-0520
تعریق,تعریق,298,صدور: حرکت به‌بیرون 298#,اسم,2837,entries/0194-0301.md,entry-0298
تعزیت,تعزیت,364,دفن,اسم,3443,entries/0302-0437.md,entry-0364
تعزیر,تعزیر,963,مجازات . تنبیه,اسم,9107,entries/0851-0969.md,entry-0963
تعزیرات,تعزیرات,809,قیمت,اسم,7644,entries/0742-0850.md,entry-0809
تعزیم,تعزیم,983,جادوگری,اسم,9295,entries/0970-0991.md,entry-0983
تعزیه,تعزیه,594,تئاتر,اسم,5525,entries/0544-0650.md,entry-0594
تعزیه,تعزیه,981,پرستش,اسم,9276,entries/0970-0991.md,entry-0981
تعصب,تعصب,15,تفاوت . تمیز,اسم,160,entries/0001-0090.md,entry-0015
تعصب,تعصب,57,بیرون گذاشتن,اسم,578,entries/0001-0090.md,entry-0057
تعصب,تعصب,473,قطعیت,اسم,4389,entries/0438-0543.md,entry-0473
تعصب,تعصب,481,عدم تشخیص . تعصب,اسم,4487,entries/0438-0543.md,entry-0481
تعصب,تعصب,482,مبالغه,اسم,4500,entries/0438-0543.md,entry-0482
تعصب,تعصب,485,باور,اسم,4524,entries/0438-0543.md,entry-0485
تعصب,تعصب,602,سرسختی . یکدندگی,اسم,5635,entries/0544-0650.md,entry-0602
تعصب,تعصب,735,سخت‌گیری,اسم,6990,entries/0651-0741.md,entry-0735
تعصب,تعصب,818,احساس,اسم,7722,entries/0742-0850.md,entry-0818
تعصب,تعصب,914,ناحق . ناراستی,اسم,8678,entries/0851-0969.md,entry-0914
تعصب,تعصب,927,حمایت,اسم,8813,entries/0851-0969.md,entry-0927
تعصب,تعصب,976,راست‌دینی,اسم,9222,entries/0970-0991.md,entry-0976
تعصب,تعصب,978,فرقه‌گرایی,اسم,9239,entries/0970-0991.md,entry-0978
تعصب,تعصب,980,بی‌تقوایی 980#,اسم,9265,entries/0970-0991.md,entry-0980
تعصب ملی,تعصب ملی,481,عدم تشخیص . تعصب,اسم,4487,entries/0438-0543.md,entry-0481
تعصب نشان دادن,تعصب نشان دادن,914,ناحق . ناراستی,فعل,8682,entries/0851-0969.md,entry-0914
تعطیل,تعطیل,501,نادان,اسم,4678,entries/0438-0543.md,entry-0501
تعطیل,تعطیل,674,عدم استفاده,اسم,6388,entries/0651-0741.md,entry-0674
تعطیل آخر هفته,تعطیل آخر هفته,681,مجال . فراغت,اسم,6462,entries/0651-0741.md,entry-0681
تعطیل رسمی,تعطیل رسمی,876,نگهداشت,اسم,8324,entries/0851-0969.md,entry-0876
تعطیل کردن,تعطیل کردن,264,بسته . انسداد,اسم,2529,entries/0194-0301.md,entry-0264
تعطیل کردن,تعطیل کردن,674,عدم استفاده,فعل,6392,entries/0651-0741.md,entry-0674
تعطیل کردن,تعطیل کردن,752,لغو . الغا . عزل,فعل,7151,entries/0742-0850.md,entry-0752
تعطیلات تابستانی,تعطیلات تابستانی,681,مجال . فراغت,اسم,6462,entries/0651-0741.md,entry-0681
تعطیلی,تعطیلی,681,مجال . فراغت,اسم,6462,entries/0651-0741.md,entry-0681
تعطیلی,تعطیلی,837,سرگرمی,اسم,7921,entries/0742-0850.md,entry-0837
تعطیلی,تعطیلی,988,مراسم مذهبی,اسم,9341,entries/0970-0991.md,entry-0988
تعطیلی ◄ مجال,تعطیلی ◄ مجال,837,سرگرمی,اسم,7921,entries/0742-0850.md,entry-0837
تعطیل‌شده,تعطیل‌شده,264,بسته . انسداد,صفت,2532,entries/0194-0301.md,entry-0264
تعظیم,تعظیم,547,دلالت,اسم,5151,entries/0544-0650.md,entry-0547
تعظیم,تعظیم,884,ادب,اسم,8407,entries/0851-0969.md,entry-0884
تعظیم,تعظیم,920,احترام 920#,اسم,8737,entries/0851-0969.md,entry-0920
تعظیم و تکریم کردن,تعظیم و تکریم کردن,879,نوکری,فعل,8349,entries/0851-0969.md,entry-0879
تعظیم کردن,تعظیم کردن,248,منحنی . ناهموار,فعل,2380,entries/0194-0301.md,entry-0248
تعظیم کردن,تعظیم کردن,311,تنزل: پایین آوردن,فعل,2997,entries/0302-0437.md,entry-0311
تعظیم کردن,تعظیم کردن,879,نوکری,فعل,8349,entries/0851-0969.md,entry-0879
تعظیم کردن,تعظیم کردن,920,احترام 920#,فعل,8741,entries/0851-0969.md,entry-0920
تعفن,تعفن,397,بوی بد,اسم,3731,entries/0302-0437.md,entry-0397
تعفن,تعفن,651,بیماری . ضعف جسمانی,اسم,6128,entries/0651-0741.md,entry-0651
تعفن,تعفن,653,ناگوارایی,اسم,6161,entries/0651-0741.md,entry-0653
تعقل,تعقل,447,شعور 447#,اسم,4126,entries/0438-0543.md,entry-0447
تعقل,تعقل,449,اندیشه,اسم,4142,entries/0438-0543.md,entry-0449
تعقل,تعقل,475,استدلال . تعقل,اسم,4421,entries/0438-0543.md,entry-0475
تعقل,تعقل,502,عقل . سلامت عقل,اسم,4682,entries/0438-0543.md,entry-0502
تعقیب,تعقیب,65,تعاقب [در ترتیب] . توالی,اسم,659,entries/0001-0090.md,entry-0065
تعقیب,تعقیب,146,عدم توقف: تداوم در حرکت / عمل,اسم,1352,entries/0091-0193.md,entry-0146
تعقیب,تعقیب,284,پیروی,اسم,2727,entries/0194-0301.md,entry-0284
تعقیب,تعقیب,619,پیگیری,اسم,5820,entries/0544-0650.md,entry-0619
تعقیب قانونی کردن,تعقیب قانونی کردن,928,اتهام,فعل,8832,entries/0851-0969.md,entry-0928
تعقیب قانونی کردن,تعقیب قانونی کردن,959,دادخواهی,فعل,9082,entries/0851-0969.md,entry-0959
تعقیب کردن,تعقیب کردن,89,همراهی,فعل,905,entries/0001-0090.md,entry-0089
تعقیب کردن,تعقیب کردن,120,تأخر [درزمان] 120#,فعل,1111,entries/0091-0193.md,entry-0120
تعقیب کردن,تعقیب کردن,238,عقب,فعل,2301,entries/0194-0301.md,entry-0238
تعقیب کردن,تعقیب کردن,284,پیروی,فعل,2729,entries/0194-0301.md,entry-0284
تعقیب کردن,تعقیب کردن,459,پرسش,فعل,4256,entries/0438-0543.md,entry-0459
تعقیب کردن,تعقیب کردن,617,قصد,فعل,5802,entries/0544-0650.md,entry-0617
تعقیب ‌کردن,تعقیب ‌کردن,619,پیگیری,فعل,5824,entries/0544-0650.md,entry-0619
تعقید,تعقید,568,عدم صراحت کلام,اسم,5321,entries/0544-0650.md,entry-0568
تعقیر,تعقیر,61,بی‌نظمی,اسم,619,entries/0001-0090.md,entry-0061
تعلق,تعلق,5,عرضیت,اسم,66,entries/0001-0090.md,entry-0005
تعلق,تعلق,85,عدد 85#,اسم,864,entries/0001-0090.md,entry-0085
تعلق,تعلق,773,مالکیت,اسم,7330,entries/0742-0850.md,entry-0773
تعلق,تعلق,777,دارایی . مِلک 777#,اسم,7366,entries/0742-0850.md,entry-0777
تعلق,تعلق,887,عشق,اسم,8430,entries/0851-0969.md,entry-0887
تعلق داشتن,تعلق داشتن,773,مالکیت,فعل,7338,entries/0742-0850.md,entry-0773
تعلق گرفتن,تعلق گرفتن,6,عارض,فعل,79,entries/0001-0090.md,entry-0006
تعلق گرفتن,تعلق گرفتن,38,جمع,فعل,387,entries/0001-0090.md,entry-0038
تعلل,تعلل,136,تأخیر,اسم,1249,entries/0091-0193.md,entry-0136
تعلل,تعلل,145,توقف: تغییر ازحرکت / عمل به‌سکون,اسم,1342,entries/0091-0193.md,entry-0145
تعلل,تعلل,266,عدم تحرک,اسم,2553,entries/0194-0301.md,entry-0266
تعلل,تعلل,278,آهستگی,اسم,2673,entries/0194-0301.md,entry-0278
تعلل,تعلل,458,غفلت . بی‌دقتی,اسم,4232,entries/0438-0543.md,entry-0458
تعلل,تعلل,614,بهانه: انگیزۀ ظاهری,اسم,5764,entries/0544-0650.md,entry-0614
تعلل,تعلل,726,عدم تکمیل,اسم,6891,entries/0651-0741.md,entry-0726
تعلل کردن,تعلل کردن,136,تأخیر,فعل,1254,entries/0091-0193.md,entry-0136
تعلل کردن,تعلل کردن,145,توقف: تغییر ازحرکت / عمل به‌سکون,فعل,1347,entries/0091-0193.md,entry-0145
تعلل کردن,تعلل کردن,614,بهانه: انگیزۀ ظاهری,فعل,5766,entries/0544-0650.md,entry-0614
تعلل‌کن,تعلل‌کن,458,غفلت . بی‌دقتی,صفت,4235,entries/0438-0543.md,entry-0458
تعلم,تعلم,534,آموزش,اسم,5034,entries/0438-0543.md,entry-0534
تعلیق,تعلیق,136,تأخیر,اسم,1249,entries/0091-0193.md,entry-0136
تعلیق,تعلیق,217,آویزانی,اسم,2078,entries/0194-0301.md,entry-0217
تعلیق,تعلیق,328,کشش‌پذیری . فنر,اسم,3165,entries/0302-0437.md,entry-0328
تعلیق,تعلیق,337,میعان . گدازش,اسم,3225,entries/0302-0437.md,entry-0337
تعلیق,تعلیق,474,عدم‌قطعیت . تردید,اسم,4403,entries/0438-0543.md,entry-0474
تعلیق,تعلیق,507,انتظار,اسم,4743,entries/0438-0543.md,entry-0507
تعلیق,تعلیق,586,نگارش,اسم,5444,entries/0544-0650.md,entry-0586
تعلیق,تعلیق,674,عدم استفاده,اسم,6388,entries/0651-0741.md,entry-0674
تعلیق حالت جنگی,تعلیق حالت جنگی,719,آشتی . برقراری صلح,اسم,6810,entries/0651-0741.md,entry-0719
تعلیم,تعلیم,534,آموزش,اسم,5034,entries/0438-0543.md,entry-0534
تعلیم,تعلیم,536,یادگیری,اسم,5050,entries/0438-0543.md,entry-0536
تعلیم دادن,تعلیم دادن,534,آموزش,فعل,5038,entries/0438-0543.md,entry-0534
تعلیمی,تعلیمی,47,پیوند: وسیلۀ اتصال,اسم,487,entries/0001-0090.md,entry-0047
تعلیمی,تعلیمی,273,حمل‌کننده,اسم,2632,entries/0194-0301.md,entry-0273
تعلیم‌دهنده,تعلیم‌دهنده,537,آموزگار,اسم,5059,entries/0438-0543.md,entry-0537
تعلیم‌یافته,تعلیم‌یافته,369,دامداری,صفت,3506,entries/0302-0437.md,entry-0369
تعمدی,تعمدی,617,قصد,صفت,5800,entries/0544-0650.md,entry-0617
تعمق,تعمق,449,اندیشه,اسم,4143,entries/0438-0543.md,entry-0449
تعمق,تعمق,455,توجه,اسم,4196,entries/0438-0543.md,entry-0455
تعمق,تعمق,498,هوش . فراست,اسم,4655,entries/0438-0543.md,entry-0498
تعمق,تعمق,536,یادگیری,اسم,5051,entries/0438-0543.md,entry-0536
تعمق کردن,تعمق کردن,449,اندیشه,فعل,4151,entries/0438-0543.md,entry-0449
تعمق ◄ توجه,تعمق ◄ توجه,498,هوش . فراست,اسم,4654,entries/0438-0543.md,entry-0498
تعمید,تعمید,303,فروکنش,اسم,2925,entries/0302-0437.md,entry-0303
تعمید,تعمید,313,شیرجه . غواصی,اسم,3008,entries/0302-0437.md,entry-0313
تعمیر,تعمیر,143,تغییر و تحول 143#,اسم,1320,entries/0091-0193.md,entry-0143
تعمیر,تعمیر,654,بهبود,اسم,6169,entries/0651-0741.md,entry-0654
تعمیر,تعمیر,656,بازسازی,اسم,6197,entries/0651-0741.md,entry-0656
تعمیر موتور,تعمیر موتور,630,ابزار 630#,اسم,5932,entries/0544-0650.md,entry-0630
تعمیر و نگهداری خودرو: آچارکشی,تعمیر و نگهداری خودرو: آچارکشی,274,وسیلۀ نقلیه,اسم,2646,entries/0194-0301.md,entry-0274
تعمیر کردن,تعمیر کردن,437,رنگارنگی,فعل,4025,entries/0302-0437.md,entry-0437
تعمیر کردن,تعمیر کردن,654,بهبود,فعل,6176,entries/0651-0741.md,entry-0654
تعمیر کردن,تعمیر کردن,656,بازسازی,فعل,6207,entries/0651-0741.md,entry-0656
تعمیرات و نگهداری,تعمیرات و نگهداری,687,کارگاه: محل کار,اسم,6510,entries/0651-0741.md,entry-0687
تعمیرشده,تعمیرشده,654,بهبود,صفت,6173,entries/0651-0741.md,entry-0654
تعمیرنشده,تعمیرنشده,55,ناقص . نقصان (کامل نبودن),صفت,562,entries/0001-0090.md,entry-0055
تعمیرونگهداری,تعمیرونگهداری,666,حفظ: جلوگیری ازفساد,اسم,6306,entries/0651-0741.md,entry-0666
تعمیرونگهداری,تعمیرونگهداری,778,نگهداری,اسم,7378,entries/0742-0850.md,entry-0778
تعمیرکار,تعمیرکار,654,بهبود,اسم,6172,entries/0651-0741.md,entry-0654
تعمیرکار,تعمیرکار,656,بازسازی,اسم,6200,entries/0651-0741.md,entry-0656
تعمیرکننده: پینه‌دوز,تعمیرکننده: پینه‌دوز,654,بهبود,اسم,6172,entries/0651-0741.md,entry-0654
تعمیرگاه,تعمیرگاه,687,کارگاه: محل کار,اسم,6510,entries/0651-0741.md,entry-0687
تعمیری,تعمیری,654,بهبود,صفت,6173,entries/0651-0741.md,entry-0654
تعمیری,تعمیری,656,بازسازی,صفت,6201,entries/0651-0741.md,entry-0656
تعمیم,تعمیم,78,شمول . دربر داشتن,اسم,782,entries/0001-0090.md,entry-0078
تعمیم,تعمیم,79,عمومیت,اسم,794,entries/0001-0090.md,entry-0079
تعمیم,تعمیم,475,استدلال . تعقل,اسم,4421,entries/0438-0543.md,entry-0475
تعمیم دادن,تعمیم دادن,79,عمومیت,فعل,799,entries/0001-0090.md,entry-0079
تعمیم دادن (کردن),تعمیم دادن (کردن),78,شمول . دربر داشتن,فعل,786,entries/0001-0090.md,entry-0078
تعمیم یافتن,تعمیم یافتن,78,شمول . دربر داشتن,فعل,786,entries/0001-0090.md,entry-0078
تعهد,تعهد,179,گرایش,اسم,1697,entries/0091-0193.md,entry-0179
تعهد,تعهد,180,استعداد 180#,اسم,1704,entries/0091-0193.md,entry-0180
تعهد,تعهد,597,رغبت . داوطلبی,اسم,5599,entries/0544-0650.md,entry-0597
تعهد,تعهد,622,اشتغال,اسم,5846,entries/0544-0650.md,entry-0622
تعهد,تعهد,672,مأموریت,اسم,6372,entries/0651-0741.md,entry-0672
تعهد,تعهد,764,قول,اسم,7243,entries/0742-0850.md,entry-0764
تعهد,تعهد,765,قرارداد,اسم,7249,entries/0742-0850.md,entry-0765
تعهد,تعهد,767,تضمین,اسم,7264,entries/0742-0850.md,entry-0767
تعهد,تعهد,806,خرج,اسم,7617,entries/0742-0850.md,entry-0806
تعهد,تعهد,808,حسابداری,اسم,7634,entries/0742-0850.md,entry-0808
تعهد,تعهد,917,وظیفه,اسم,8710,entries/0851-0969.md,entry-0917
تعهد تضامنی,تعهد تضامنی,775,مالکیت مشاع,اسم,7349,entries/0742-0850.md,entry-0775
تعهد داشتن,تعهد داشتن,917,وظیفه,فعل,8716,entries/0851-0969.md,entry-0917
تعهد سپردن,تعهد سپردن,767,تضمین,فعل,7268,entries/0742-0850.md,entry-0767
تعهد سپردن,تعهد سپردن,917,وظیفه,فعل,8716,entries/0851-0969.md,entry-0917
تعهد و مسئولیت,تعهد و مسئولیت,917,وظیفه,اسم,8710,entries/0851-0969.md,entry-0917
تعهد پرداخت,تعهد پرداخت,806,خرج,اسم,7617,entries/0742-0850.md,entry-0806
تعهد کردن,تعهد کردن,917,وظیفه,فعل,8717,entries/0851-0969.md,entry-0917
تعهدات,تعهدات,784,اعطای وام . قرض دادن,اسم,7434,entries/0742-0850.md,entry-0784
تعهدات خانوادگی,تعهدات خانوادگی,702,منع . ممانعت,اسم,6640,entries/0651-0741.md,entry-0702
تعهدات طرفین,تعهدات طرفین,766,مفاد,اسم,7257,entries/0742-0850.md,entry-0766
تعهدزا,تعهدزا,766,مفاد,صفت,7258,entries/0742-0850.md,entry-0766
تعهدشده,تعهدشده,532,اظهار . تأکید . سوگند,صفت,5016,entries/0438-0543.md,entry-0532
تعویذ,تعویذ,542,فریب,اسم,5101,entries/0438-0543.md,entry-0542
تعویذ,تعویذ,983,جادوگری,اسم,9297,entries/0970-0991.md,entry-0983
تعویض,تعویض,143,تغییر و تحول 143#,اسم,1320,entries/0091-0193.md,entry-0143
تعویض,تعویض,150,جایگزینی: گذاشتن چیزی درجای دیگری,اسم,1383,entries/0091-0193.md,entry-0150
تعویض,تعویض,151,تغییر متقابل: تغییر باهم یا دوگانه,اسم,1393,entries/0091-0193.md,entry-0151
تعویض,تعویض,780,انتقال ملک 780#,اسم,7397,entries/0742-0850.md,entry-0780
تعویض,تعویض,791,تجارت . تهاتر,اسم,7498,entries/0742-0850.md,entry-0791
تعویض روغن,تعویض روغن,630,ابزار 630#,اسم,5932,entries/0544-0650.md,entry-0630
تعویض روغنی,تعویض روغنی,796,بازار,اسم,7535,entries/0742-0850.md,entry-0796
تعویض شده,تعویض شده,150,جایگزینی: گذاشتن چیزی درجای دیگری,صفت,1386,entries/0091-0193.md,entry-0150
تعویض شده,تعویض شده,151,تغییر متقابل: تغییر باهم یا دوگانه,صفت,1394,entries/0091-0193.md,entry-0151
تعویض شده,تعویض شده,182,اثر متقابل,صفت,1717,entries/0091-0193.md,entry-0182
تعویض قطعات,تعویض قطعات,656,بازسازی,اسم,6198,entries/0651-0741.md,entry-0656
تعویض کردن,تعویض کردن,150,جایگزینی: گذاشتن چیزی درجای دیگری,فعل,1388,entries/0091-0193.md,entry-0150
تعویضی,تعویضی,151,تغییر متقابل: تغییر باهم یا دوگانه,صفت,1394,entries/0091-0193.md,entry-0151
تعویق,تعویق,136,تأخیر,اسم,1249,entries/0091-0193.md,entry-0136
تعویق,تعویق,145,توقف: تغییر ازحرکت / عمل به‌سکون,اسم,1339,entries/0091-0193.md,entry-0145
تعویق,تعویق,726,عدم تکمیل,اسم,6891,entries/0651-0741.md,entry-0726
تعین,تعین,15,تفاوت . تمیز,اسم,160,entries/0001-0090.md,entry-0015
تعین‌پذیری,تعین‌پذیری,15,تفاوت . تمیز,اسم,160,entries/0001-0090.md,entry-0015
تعیّن,تعیّن,3,جوهر,اسم,52,entries/0001-0090.md,entry-0003
تعیّن,تعیّن,32,بزرگی,اسم,320,entries/0001-0090.md,entry-0032
تعیین,تعیین,62,تنظیم,اسم,631,entries/0001-0090.md,entry-0062
تعیین,تعیین,77,طبقه‌بندی . تعیین,اسم,773,entries/0001-0090.md,entry-0077
تعیین,تعیین,480,تشخیص . استنتاج 480#,اسم,4475,entries/0438-0543.md,entry-0480
تعیین,تعیین,751,انتصاب,اسم,7138,entries/0742-0850.md,entry-0751
تعیین ارزش,تعیین ارزش,465,اندازه‌گیری . سنجش,اسم,4305,entries/0438-0543.md,entry-0465
تعیین تاریخ کردن,تعیین تاریخ کردن,108,زمان 108#,فعل,1023,entries/0091-0193.md,entry-0108
تعیین حدود,تعیین حدود,232,احاطه,اسم,2253,entries/0194-0301.md,entry-0232
تعیین حدود,تعیین حدود,236,حَدّ,اسم,2281,entries/0194-0301.md,entry-0236
تعیین حصه,تعیین حصه,783,تسهیم,اسم,7425,entries/0742-0850.md,entry-0783
تعیین سهم,تعیین سهم,236,حَدّ,اسم,2282,entries/0194-0301.md,entry-0236
تعیین سهم,تعیین سهم,783,تسهیم,اسم,7425,entries/0742-0850.md,entry-0783
تعیین سیاست کردن,تعیین سیاست کردن,623,برنامه,فعل,5866,entries/0544-0650.md,entry-0623
تعیین عمر,تعیین عمر,117,زمان‌سنجی,اسم,1088,entries/0091-0193.md,entry-0117
تعیین قیمتها,تعیین قیمتها,622,اشتغال,اسم,5849,entries/0544-0650.md,entry-0622
تعیین محل زندگی,تعیین محل زندگی,187,استقرار . قرارگاه,اسم,1766,entries/0091-0193.md,entry-0187
تعیین مرز,تعیین مرز,236,حَدّ,اسم,2281,entries/0194-0301.md,entry-0236
تعیین مقدار کردن,تعیین مقدار کردن,26,کمیت,فعل,265,entries/0001-0090.md,entry-0026
تعیین نرخ,تعیین نرخ,759,عَرضه,اسم,7203,entries/0742-0850.md,entry-0759
تعیین هویت,تعیین هویت,237,جلو,اسم,2291,entries/0194-0301.md,entry-0237
تعیین هویت,تعیین هویت,466,مدرک,اسم,4331,entries/0438-0543.md,entry-0466
تعیین هویت,تعیین هویت,547,دلالت,اسم,5149,entries/0544-0650.md,entry-0547
تعیین هویت,تعیین هویت,561,نام‌گذاری,اسم,5275,entries/0544-0650.md,entry-0561
تعیین کردن,تعیین کردن,13,یکسانی . همانی,فعل,146,entries/0001-0090.md,entry-0013
تعیین کردن,تعیین کردن,77,طبقه‌بندی . تعیین,فعل,777,entries/0001-0090.md,entry-0077
تعیین کردن,تعیین کردن,80,ویژگی . خاص بودن 80#,فعل,811,entries/0001-0090.md,entry-0080
تعیین کردن,تعیین کردن,737,دستور,فعل,7015,entries/0651-0741.md,entry-0737
تعیین کردن,تعیین کردن,953,قانونیت,فعل,9030,entries/0851-0969.md,entry-0953
تعیین کننده,تعیین کننده,15,تفاوت . تمیز,صفت,163,entries/0001-0090.md,entry-0015
تعیین‌شده,تعیین‌شده,153,پایداری (تغییرناپذیری),صفت,1416,entries/0091-0193.md,entry-0153
تعیین‌شده,تعیین‌شده,605,انتخاب,صفت,5668,entries/0544-0650.md,entry-0605
تعیین‌کننده,تعیین‌کننده,15,تفاوت . تمیز,اسم,160,entries/0001-0090.md,entry-0015
تعیین‌کننده,تعیین‌کننده,156,علیت . علت 156#,صفت,1457,entries/0091-0193.md,entry-0156
تعیین‌کننده,تعیین‌کننده,243,شکل 243#,صفت,2339,entries/0194-0301.md,entry-0243
تعیین‌کننده,تعیین‌کننده,466,مدرک,صفت,4333,entries/0438-0543.md,entry-0466
تعیین‌کننده,تعیین‌کننده,638,اهمیت,صفت,6002,entries/0544-0650.md,entry-0638
تعییین‌نشدگی,تعییین‌نشدگی,159,شانس: فقدان علت 159#,اسم,1485,entries/0091-0193.md,entry-0159
تعییین‌نشدگی,تعییین‌نشدگی,618,اتفاق . قمار,اسم,5807,entries/0544-0650.md,entry-0618
تغار,تغار,194,ظرف,اسم,1857,entries/0194-0301.md,entry-0194
تغافل,تغافل,458,غفلت . بی‌دقتی,اسم,4232,entries/0438-0543.md,entry-0458
تغذیه,تغذیه,299,پذیرش,اسم,2848,entries/0194-0301.md,entry-0299
تغذیه,تغذیه,301,غذا: خوردن و نوشیدن,اسم,2873,entries/0194-0301.md,entry-0301
تغسیل,تغسیل,648,پاکیزگی,اسم,6091,entries/0544-0650.md,entry-0648
تغلیظ,تغلیظ,198,انقباض,اسم,1911,entries/0194-0301.md,entry-0198
تغیر,تغیر,176,شدت . خشونت,اسم,1663,entries/0091-0193.md,entry-0176
تغیر,تغیر,827,دردناکی,اسم,7817,entries/0742-0850.md,entry-0827
تغیر,تغیر,891,رنجش . خشم,اسم,8477,entries/0851-0969.md,entry-0891
تغیر کردن,تغیر کردن,709,مناقشه,فعل,6710,entries/0651-0741.md,entry-0709
تغیّر,تغیّر,891,رنجش . خشم,اسم,8476,entries/0851-0969.md,entry-0891
تغییر,تغییر,15,تفاوت . تمیز,اسم,159,entries/0001-0090.md,entry-0015
تغییر,تغییر,143,تغییر و تحول 143#,اسم,1320,entries/0091-0193.md,entry-0143
تغییر,تغییر,147,تبدیل: تغییر یافتن به‌چیزی دیگر,اسم,1359,entries/0091-0193.md,entry-0147
تغییر,تغییر,150,جایگزینی: گذاشتن چیزی درجای دیگری,اسم,1383,entries/0091-0193.md,entry-0150
تغییر,تغییر,151,تغییر متقابل: تغییر باهم یا دوگانه,اسم,1393,entries/0091-0193.md,entry-0151
تغییر,تغییر,152,تغییرپذیری,اسم,1401,entries/0091-0193.md,entry-0152
تغییر,تغییر,654,بهبود,اسم,6168,entries/0651-0741.md,entry-0654
تغییر,تغییر,843,زیباسازی . آرایش,اسم,8000,entries/0742-0850.md,entry-0843
تغییر اساسی,تغییر اساسی,149,انقلاب: تغییر ناگهانی یا خشونت‌آمیز,اسم,1376,entries/0091-0193.md,entry-0149
تغییر به‌چیزی دیگر,تغییر به‌چیزی دیگر,147,تبدیل: تغییر یافتن به‌چیزی دیگر,اسم,1359,entries/0091-0193.md,entry-0147
تغییر تدریجی,تغییر تدریجی,27,درجه: مقدار نسبی,اسم,270,entries/0001-0090.md,entry-0027
تغییر جهت,تغییر جهت,152,تغییرپذیری,اسم,1401,entries/0091-0193.md,entry-0152
تغییر جهت دادن,تغییر جهت دادن,143,تغییر و تحول 143#,فعل,1325,entries/0091-0193.md,entry-0143
تغییر دادن,تغییر دادن,19,عدم تشابه,فعل,198,entries/0001-0090.md,entry-0019
تغییر دادن,تغییر دادن,143,تغییر و تحول 143#,فعل,1326,entries/0091-0193.md,entry-0143
تغییر دادن,تغییر دادن,147,تبدیل: تغییر یافتن به‌چیزی دیگر,فعل,1365,entries/0091-0193.md,entry-0147
تغییر دادن,تغییر دادن,152,تغییرپذیری,فعل,1405,entries/0091-0193.md,entry-0152
تغییر دادن,تغییر دادن,654,بهبود,فعل,6176,entries/0651-0741.md,entry-0654
تغییر دکوراسیون دادن,تغییر دکوراسیون دادن,143,تغییر و تحول 143#,فعل,1325,entries/0091-0193.md,entry-0143
تغییر رنگ دادن,تغییر رنگ دادن,143,تغییر و تحول 143#,فعل,1325,entries/0091-0193.md,entry-0143
تغییر رویه,تغییر رویه,601,بی‌عزمی,اسم,5628,entries/0544-0650.md,entry-0601
تغییر رویه ندادن,تغییر رویه ندادن,146,عدم توقف: تداوم در حرکت / عمل,فعل,1354,entries/0091-0193.md,entry-0146
تغییر شکل,تغییر شکل,143,تغییر و تحول 143#,اسم,1321,entries/0091-0193.md,entry-0143
تغییر شکل,تغییر شکل,147,تبدیل: تغییر یافتن به‌چیزی دیگر,اسم,1359,entries/0091-0193.md,entry-0147
تغییر شکل,تغییر شکل,246,به‌هم ریختگی . بدشکلی,اسم,2357,entries/0194-0301.md,entry-0246
تغییر شکل دادن,تغییر شکل دادن,143,تغییر و تحول 143#,فعل,1325,entries/0091-0193.md,entry-0143
تغییر شکل دادن,تغییر شکل دادن,147,تبدیل: تغییر یافتن به‌چیزی دیگر,فعل,1366,entries/0091-0193.md,entry-0147
تغییر عقیده,تغییر عقیده,286,پسروی . پسرفت,اسم,2744,entries/0194-0301.md,entry-0286
تغییر عقیده,تغییر عقیده,438,دید . بینایی,اسم,4032,entries/0438-0543.md,entry-0438
تغییر عقیده,تغییر عقیده,449,اندیشه,اسم,4142,entries/0438-0543.md,entry-0449
تغییر عقیده,تغییر عقیده,518,ایهام,اسم,4855,entries/0438-0543.md,entry-0518
تغییر عقیده,تغییر عقیده,533,انکار . سلب,اسم,5026,entries/0438-0543.md,entry-0533
تغییر عقیده,تغییر عقیده,601,بی‌عزمی,اسم,5628,entries/0544-0650.md,entry-0601
تغییر عقیده,تغییر عقیده,603,بی ثباتی . بوالهوسی,اسم,5643,entries/0544-0650.md,entry-0603
تغییر عقیده,تغییر عقیده,607,ردّ . عدم انتخاب,اسم,5687,entries/0544-0650.md,entry-0607
تغییر عقیده,تغییر عقیده,621,چشم‌پوشی,اسم,5838,entries/0544-0650.md,entry-0621
تغییر عقیده,تغییر عقیده,752,لغو . الغا . عزل,اسم,7146,entries/0742-0850.md,entry-0752
تغییر عقیده دادن,تغییر عقیده دادن,143,تغییر و تحول 143#,فعل,1325,entries/0091-0193.md,entry-0143
تغییر عقیده دادن,تغییر عقیده دادن,152,تغییرپذیری,فعل,1406,entries/0091-0193.md,entry-0152
تغییر عقیده دادن,تغییر عقیده دادن,286,پسروی . پسرفت,فعل,2747,entries/0194-0301.md,entry-0286
تغییر عقیده دادن,تغییر عقیده دادن,518,ایهام,فعل,4857,entries/0438-0543.md,entry-0518
تغییر عقیده دادن,تغییر عقیده دادن,601,بی‌عزمی,فعل,5630,entries/0544-0650.md,entry-0601
تغییر عقیده دادن,تغییر عقیده دادن,604,تلون مزاج . هوس,فعل,5660,entries/0544-0650.md,entry-0604
تغییر عقیده دادن,تغییر عقیده دادن,607,ردّ . عدم انتخاب,فعل,5690,entries/0544-0650.md,entry-0607
تغییر عقیده دادن,تغییر عقیده دادن,621,چشم‌پوشی,فعل,5841,entries/0544-0650.md,entry-0621
تغییر عقیده دادن,تغییر عقیده دادن,726,عدم تکمیل,فعل,6893,entries/0651-0741.md,entry-0726
تغییر عقیده دادن,تغییر عقیده دادن,753,استعفا,فعل,7159,entries/0742-0850.md,entry-0753
تغییر عقیده دادن,تغییر عقیده دادن,779,عدم نگهداری,فعل,7391,entries/0742-0850.md,entry-0779
تغییر عقیده دادن,تغییر عقیده دادن,934,شرارت,فعل,8882,entries/0851-0969.md,entry-0934
تغییر عقیده دادن,تغییر عقیده دادن,939,توبه,فعل,8918,entries/0851-0969.md,entry-0939
تغییر عقیده دادن,تغییر عقیده دادن,978,فرقه‌گرایی,فعل,9246,entries/0970-0991.md,entry-0978
تغییر متقابل,تغییر متقابل,12,همبستگی,اسم,137,entries/0001-0090.md,entry-0012
تغییر متقابل,تغییر متقابل,28,برابری: یکسانی مقدار یا درجه,اسم,280,entries/0001-0090.md,entry-0028
تغییر متقابل,تغییر متقابل,62,تنظیم,اسم,633,entries/0001-0090.md,entry-0062
تغییر متقابل,تغییر متقابل,143,تغییر و تحول 143#,اسم,1320,entries/0091-0193.md,entry-0143
تغییر متقابل,تغییر متقابل,150,جایگزینی: گذاشتن چیزی درجای دیگری,اسم,1383,entries/0091-0193.md,entry-0150
تغییر متقابل,تغییر متقابل,151,تغییر متقابل: تغییر باهم یا دوگانه,اسم,1393,entries/0091-0193.md,entry-0151
تغییر متقابل,تغییر متقابل,160,توان 160#,اسم,1501,entries/0091-0193.md,entry-0160
تغییر متقابل,تغییر متقابل,182,اثر متقابل,اسم,1716,entries/0091-0193.md,entry-0182
تغییر متقابل,تغییر متقابل,780,انتقال ملک 780#,اسم,7397,entries/0742-0850.md,entry-0780
تغییر محل,تغییر محل,143,تغییر و تحول 143#,اسم,1320,entries/0091-0193.md,entry-0143
تغییر محل,تغییر محل,188,نقل مکان . انتقال,اسم,1777,entries/0091-0193.md,entry-0188
تغییر مسیر,تغییر مسیر,152,تغییرپذیری,اسم,1401,entries/0091-0193.md,entry-0152
تغییر مسیر یا جهت ◄ انحراف,تغییر مسیر یا جهت ◄ انحراف,143,تغییر و تحول 143#,اسم,1320,entries/0091-0193.md,entry-0143
تغییر مسیر یا جهت ◄ انحراف,تغییر مسیر یا جهت ◄ انحراف,281,جهت,اسم,2704,entries/0194-0301.md,entry-0281
تغییر معنی,تغییر معنی,246,به‌هم ریختگی . بدشکلی,اسم,2357,entries/0194-0301.md,entry-0246
تغییر منفی,تغییر منفی,143,تغییر و تحول 143#,اسم,1320,entries/0091-0193.md,entry-0143
تغییر ناپذیر,تغییر ناپذیر,5,عرضیت,صفت,71,entries/0001-0090.md,entry-0005
تغییر ناپذیر,تغییر ناپذیر,13,یکسانی . همانی,صفت,144,entries/0001-0090.md,entry-0013
تغییر نسبت به‌قبل,تغییر نسبت به‌قبل,143,تغییر و تحول 143#,اسم,1320,entries/0091-0193.md,entry-0143
تغییر نکردن,تغییر نکردن,13,یکسانی . همانی,فعل,145,entries/0001-0090.md,entry-0013
تغییر پذیری,تغییر پذیری,82,تنوع (چندگونگی),اسم,827,entries/0001-0090.md,entry-0082
تغییر چهره,تغییر چهره,143,تغییر و تحول 143#,اسم,1321,entries/0091-0193.md,entry-0143
تغییر چهره,تغییر چهره,147,تبدیل: تغییر یافتن به‌چیزی دیگر,اسم,1359,entries/0091-0193.md,entry-0147
تغییر چهره ◄ نقاب,تغییر چهره ◄ نقاب,19,عدم تشابه,اسم,195,entries/0001-0090.md,entry-0019
تغییر کردن,تغییر کردن,15,تفاوت . تمیز,فعل,164,entries/0001-0090.md,entry-0015
تغییر کردن,تغییر کردن,143,تغییر و تحول 143#,فعل,1325,entries/0091-0193.md,entry-0143
تغییر کردن,تغییر کردن,147,تبدیل: تغییر یافتن به‌چیزی دیگر,فعل,1366,entries/0091-0193.md,entry-0147
تغییر کردن محیط,تغییر کردن محیط,143,تغییر و تحول 143#,فعل,1325,entries/0091-0193.md,entry-0143
تغییر کردن ◄ تغییر کردن,تغییر کردن ◄ تغییر کردن,152,تغییرپذیری,فعل,1405,entries/0091-0193.md,entry-0152
تغییر یافتن,تغییر یافتن,1,وجود (هستی),فعل,32,entries/0001-0090.md,entry-0001
تغییرات آب‌وهوا: آفتاب شدن,تغییرات آب‌وهوا: آفتاب شدن,340,هوا 340#,اسم,3248,entries/0302-0437.md,entry-0340
تغییرات ریشه‌ای,تغییرات ریشه‌ای,63,اغتشاش: ایجاد اغتشاش و به‌هم ریختن,اسم,643,entries/0001-0090.md,entry-0063
تغییرات ریشه‌ای,تغییرات ریشه‌ای,149,انقلاب: تغییر ناگهانی یا خشونت‌آمیز,اسم,1376,entries/0091-0193.md,entry-0149
تغییردهنده: آنزیم,تغییردهنده: آنزیم,143,تغییر و تحول 143#,اسم,1322,entries/0091-0193.md,entry-0143
تغییرعقیده دادن,تغییرعقیده دادن,603,بی ثباتی . بوالهوسی,فعل,5647,entries/0544-0650.md,entry-0603
تغییرناپذیر,تغییرناپذیر,16,همگنی,صفت,170,entries/0001-0090.md,entry-0016
تغییرناپذیر,تغییرناپذیر,28,برابری: یکسانی مقدار یا درجه,صفت,285,entries/0001-0090.md,entry-0028
تغییرناپذیر,تغییرناپذیر,144,ثبات: عدم تغییر 144#,صفت,1333,entries/0091-0193.md,entry-0144
تغییرناپذیر,تغییرناپذیر,153,پایداری (تغییرناپذیری),صفت,1415,entries/0091-0193.md,entry-0153
تغییرناپذیر,تغییرناپذیر,162,قدرت,صفت,1526,entries/0091-0193.md,entry-0162
تغییرناپذیر,تغییرناپذیر,211,عمق,صفت,2035,entries/0194-0301.md,entry-0211
تغییرناپذیر,تغییرناپذیر,602,سرسختی . یکدندگی,صفت,5636,entries/0544-0650.md,entry-0602
تغییرناپذیری,تغییرناپذیری,153,پایداری (تغییرناپذیری),اسم,1411,entries/0091-0193.md,entry-0153
تغییرناپذیری,تغییرناپذیری,470,عدم امکان . امتناع 470#,اسم,4363,entries/0438-0543.md,entry-0470
تغییرپذیر بودن,تغییرپذیر بودن,143,تغییر و تحول 143#,فعل,1325,entries/0091-0193.md,entry-0143
تغییرپذیری,تغییرپذیری,17,ناهمگنی,اسم,176,entries/0001-0090.md,entry-0017
تغییرپذیری,تغییرپذیری,142,هرازگاه: بی‌نظمی در وقوع,اسم,1311,entries/0091-0193.md,entry-0142
تغییرپذیری,تغییرپذیری,143,تغییر و تحول 143#,اسم,1320,entries/0091-0193.md,entry-0143
تغییرپذیری,تغییرپذیری,163,ضعف,اسم,1537,entries/0091-0193.md,entry-0163
تغییرکننده,تغییرکننده,152,تغییرپذیری,صفت,1403,entries/0091-0193.md,entry-0152
تغییریافته,تغییریافته,143,تغییر و تحول 143#,صفت,1324,entries/0091-0193.md,entry-0143
تغییریافته,تغییریافته,147,تبدیل: تغییر یافتن به‌چیزی دیگر,صفت,1363,entries/0091-0193.md,entry-0147
تغییر‌پذیری,تغییر‌پذیری,114,زودگذری,اسم,1064,entries/0091-0193.md,entry-0114
تغییر‌پذیری,تغییر‌پذیری,152,تغییرپذیری,اسم,1401,entries/0091-0193.md,entry-0152
تغییر‌پذیری,تغییر‌پذیری,318,تلاطم: حرکت نامنظم,اسم,3046,entries/0302-0437.md,entry-0318
تغییر‌پذیری,تغییر‌پذیری,604,تلون مزاج . هوس,اسم,5653,entries/0544-0650.md,entry-0604
تف,تف,300,دفع . طرد 300#,اسم,2862,entries/0194-0301.md,entry-0300
تف,تف,334,لیزی . روانی,اسم,3204,entries/0302-0437.md,entry-0334
تف,تف,341,رطوبت . نَمّ,اسم,3258,entries/0302-0437.md,entry-0341
تف کردن,تف کردن,300,دفع . طرد 300#,فعل,2869,entries/0194-0301.md,entry-0300
تفأل,تفأل,511,پیش‌بینی . فال,اسم,4775,entries/0438-0543.md,entry-0511
تفاخر,تفاخر,871,غرور . افتخار,اسم,8278,entries/0851-0969.md,entry-0871
تفاخر,تفاخر,877,لاف‌زنی,اسم,8331,entries/0851-0969.md,entry-0877
تفاخر کردن,تفاخر کردن,877,لاف‌زنی,فعل,8334,entries/0851-0969.md,entry-0877
تفاله,تفاله,641,بی‌فایده بودن,اسم,6030,entries/0544-0650.md,entry-0641
تفالۀ جامعه,تفالۀ جامعه,869,رعایا,اسم,8265,entries/0851-0969.md,entry-0869
تفاهم,تفاهم,710,هماهنگی 710#,اسم,6714,entries/0651-0741.md,entry-0710
تفاهم,تفاهم,719,آشتی . برقراری صلح,اسم,6810,entries/0651-0741.md,entry-0719
تفاهم,تفاهم,880,دوستی 880#,اسم,8358,entries/0851-0969.md,entry-0880
تفاهم‌,تفاهم‌,765,قرارداد,اسم,7249,entries/0742-0850.md,entry-0765
تفاهم‌نامه,تفاهم‌نامه,765,قرارداد,اسم,7249,entries/0742-0850.md,entry-0765
تفاوت,تفاوت,10,فقدان ارتباط . بی ربطی 10#,اسم,119,entries/0001-0090.md,entry-0010
تفاوت,تفاوت,14,مغایرت . دیگر بودن,اسم,151,entries/0001-0090.md,entry-0014
تفاوت,تفاوت,15,تفاوت . تمیز,اسم,159,entries/0001-0090.md,entry-0015
تفاوت,تفاوت,17,ناهمگنی,اسم,176,entries/0001-0090.md,entry-0017
تفاوت,تفاوت,19,عدم تشابه,اسم,195,entries/0001-0090.md,entry-0019
تفاوت,تفاوت,25,ناسازگاری,اسم,246,entries/0001-0090.md,entry-0025
تفاوت,تفاوت,27,درجه: مقدار نسبی,اسم,270,entries/0001-0090.md,entry-0027
تفاوت,تفاوت,29,نابرابری,اسم,295,entries/0001-0090.md,entry-0029
تفاوت,تفاوت,82,تنوع (چندگونگی),اسم,827,entries/0001-0090.md,entry-0082
تفاوت,تفاوت,437,رنگارنگی,اسم,4017,entries/0302-0437.md,entry-0437
تفاوت نکردن,تفاوت نکردن,860,بی‌تفاوتی 860#,فعل,8173,entries/0851-0969.md,entry-0860
تفاوت گذاشتن,تفاوت گذاشتن,15,تفاوت . تمیز,فعل,165,entries/0001-0090.md,entry-0015
تفاوت گذاشتن,تفاوت گذاشتن,463,قوۀ تمیز,فعل,4294,entries/0438-0543.md,entry-0463
تفاوت گذاشتن,تفاوت گذاشتن,914,ناحق . ناراستی,فعل,8682,entries/0851-0969.md,entry-0914
تفت,تفت,194,ظرف,اسم,1852,entries/0194-0301.md,entry-0194
تفت,تفت,379,گرما,اسم,3600,entries/0302-0437.md,entry-0379
تفت دادن,تفت دادن,301,غذا: خوردن و نوشیدن,فعل,2912,entries/0194-0301.md,entry-0301
تفت دادن,تفت دادن,381,گرمایش,فعل,3628,entries/0302-0437.md,entry-0381
تفته,تفته,379,گرما,صفت,3603,entries/0302-0437.md,entry-0379
تفته,تفته,381,گرمایش,صفت,3625,entries/0302-0437.md,entry-0381
تفته کردن,تفته کردن,381,گرمایش,فعل,3628,entries/0302-0437.md,entry-0381
تفتیده,تفتیده,379,گرما,صفت,3603,entries/0302-0437.md,entry-0379
تفتیده,تفتیده,381,گرمایش,صفت,3625,entries/0302-0437.md,entry-0381
تفتیش,تفتیش,459,پرسش,اسم,4246,entries/0438-0543.md,entry-0459
تفتین کردن,تفتین کردن,542,فریب,فعل,5111,entries/0438-0543.md,entry-0542
تفحص,تفحص,453,کنجکاوی: میل به‌دانش,اسم,4183,entries/0438-0543.md,entry-0453
تفحص,تفحص,459,پرسش,اسم,4245,entries/0438-0543.md,entry-0459
تفحص,تفحص,484,کشف,اسم,4514,entries/0438-0543.md,entry-0484
تفحص کردن,تفحص کردن,438,دید . بینایی,فعل,4041,entries/0438-0543.md,entry-0438
تفخیم,تفخیم,866,خوش‌نامی,اسم,8223,entries/0851-0969.md,entry-0866
تفرج,تفرج,267,مسافرت زمینی,اسم,2567,entries/0194-0301.md,entry-0267
تفرج,تفرج,837,سرگرمی,اسم,7919,entries/0742-0850.md,entry-0837
تفرجگاه,تفرجگاه,837,سرگرمی,اسم,7923,entries/0742-0850.md,entry-0837
تفرعن,تفرعن,873,تکبر,اسم,8294,entries/0851-0969.md,entry-0873
تفرعن,تفرعن,932,خودخواهی,اسم,8863,entries/0851-0969.md,entry-0932
تفرق,تفرق,37,کاهش,اسم,376,entries/0001-0090.md,entry-0037
تفرق,تفرق,46,عدم اتحاد . گسیختگی,اسم,461,entries/0001-0090.md,entry-0046
تفرق,تفرق,49,عدم انسجام,اسم,501,entries/0001-0090.md,entry-0049
تفرق,تفرق,72,عدم تداوم,اسم,726,entries/0001-0090.md,entry-0072
تفرق,تفرق,75,تفرق . پراکندگی,اسم,760,entries/0001-0090.md,entry-0075
تفرق,تفرق,82,تنوع (چندگونگی),اسم,827,entries/0001-0090.md,entry-0082
تفرق,تفرق,294,واگرایی,اسم,2799,entries/0194-0301.md,entry-0294
تفرق,تفرق,978,فرقه‌گرایی,اسم,9239,entries/0970-0991.md,entry-0978
تفرقه,تفرقه,75,تفرق . پراکندگی,اسم,760,entries/0001-0090.md,entry-0075
تفرقه,تفرقه,82,تنوع (چندگونگی),اسم,827,entries/0001-0090.md,entry-0082
تفرقه,تفرقه,503,دیوانگی,اسم,4690,entries/0438-0543.md,entry-0503
تفرقه,تفرقه,978,فرقه‌گرایی,اسم,9239,entries/0970-0991.md,entry-0978
تفرقه انداختن,تفرقه انداختن,75,تفرق . پراکندگی,فعل,763,entries/0001-0090.md,entry-0075
تفرقه‌انداز,تفرقه‌انداز,978,فرقه‌گرایی,صفت,9244,entries/0970-0991.md,entry-0978
تفرقۀ حواس,تفرقۀ حواس,456,بی‌توجهی,اسم,4208,entries/0438-0543.md,entry-0456
تفریح,تفریح,376,لذت,اسم,3569,entries/0302-0437.md,entry-0376
تفریح,تفریح,456,بی‌توجهی,اسم,4207,entries/0438-0543.md,entry-0456
تفریح,تفریح,681,مجال . فراغت,اسم,6462,entries/0651-0741.md,entry-0681
تفریح,تفریح,685,رفع خستگی,اسم,6495,entries/0651-0741.md,entry-0685
تفریح,تفریح,833,سرحالی . شادی,اسم,7873,entries/0742-0850.md,entry-0833
تفریح,تفریح,837,سرگرمی,اسم,7919,entries/0742-0850.md,entry-0837
تفریح کردن,تفریح کردن,619,پیگیری,فعل,5825,entries/0544-0650.md,entry-0619
تفریح کردن,تفریح کردن,681,مجال . فراغت,فعل,6465,entries/0651-0741.md,entry-0681
تفریح کردن,تفریح کردن,683,استراحت,فعل,6482,entries/0651-0741.md,entry-0683
تفریح کردن,تفریح کردن,837,سرگرمی,فعل,7950,entries/0742-0850.md,entry-0837
تفریحات سالم,تفریحات سالم,837,سرگرمی,اسم,7919,entries/0742-0850.md,entry-0837
تفریحگاه,تفریحگاه,192,منزل: محل سکنا یا زندگی,اسم,1816,entries/0091-0193.md,entry-0192
تفریحگاه,تفریحگاه,683,استراحت,اسم,6480,entries/0651-0741.md,entry-0683
تفریحی,تفریحی,681,مجال . فراغت,صفت,6463,entries/0651-0741.md,entry-0681
تفریحی,تفریحی,837,سرگرمی,صفت,7947,entries/0742-0850.md,entry-0837
تفریط,تفریط,634,اتلاف,اسم,5962,entries/0544-0650.md,entry-0634
تفریط,تفریط,942,امساک . اعتدال,اسم,8937,entries/0851-0969.md,entry-0942
تفریط کردن,تفریط کردن,634,اتلاف,فعل,5964,entries/0544-0650.md,entry-0634
تفریق,تفریق,26,کمیت,اسم,263,entries/0001-0090.md,entry-0026
تفریق,تفریق,37,کاهش,اسم,376,entries/0001-0090.md,entry-0037
تفریق,تفریق,39,تفریق,اسم,392,entries/0001-0090.md,entry-0039
تفریق,تفریق,46,عدم اتحاد . گسیختگی,اسم,462,entries/0001-0090.md,entry-0046
تفریق,تفریق,86,شمارش,اسم,870,entries/0001-0090.md,entry-0086
تفریق‌شده,تفریق‌شده,39,تفریق,صفت,393,entries/0001-0090.md,entry-0039
تفسیر,تفسیر,20,تقلید (نسخه‌برداری) 20#,اسم,202,entries/0001-0090.md,entry-0020
تفسیر,تفسیر,415,شنوایی,اسم,3860,entries/0302-0437.md,entry-0415
تفسیر,تفسیر,480,تشخیص . استنتاج 480#,اسم,4475,entries/0438-0543.md,entry-0480
تفسیر,تفسیر,520,تعبیر . تفسیر 520#,اسم,4868,entries/0438-0543.md,entry-0520
تفسیر,تفسیر,586,نگارش,اسم,5442,entries/0544-0650.md,entry-0586
تفسیر رمزی,تفسیر رمزی,984,حس ششم . عالم غیب,اسم,9309,entries/0970-0991.md,entry-0984
تفسیر غلط,تفسیر غلط,481,عدم تشخیص . تعصب,اسم,4485,entries/0438-0543.md,entry-0481
تفسیر غلط,تفسیر غلط,495,خطا,اسم,4628,entries/0438-0543.md,entry-0495
تفسیر کردن,تفسیر کردن,62,تنظیم,فعل,639,entries/0001-0090.md,entry-0062
تفسیر کردن,تفسیر کردن,460,پاسخ 460#,فعل,4268,entries/0438-0543.md,entry-0460
تفسیر کردن,تفسیر کردن,516,قابل درک,فعل,4841,entries/0438-0543.md,entry-0516
تفسیر کردن,تفسیر کردن,520,تعبیر . تفسیر 520#,فعل,4876,entries/0438-0543.md,entry-0520
تفسیر کردن,تفسیر کردن,563,جمله,فعل,5292,entries/0544-0650.md,entry-0563
تفسیر کردن,تفسیر کردن,590,روایت . شرح . وصف 590#,فعل,5490,entries/0544-0650.md,entry-0590
تفسیر کردن,تفسیر کردن,701,آسانی,فعل,6631,entries/0651-0741.md,entry-0701
تفسیر کننده,تفسیر کننده,520,تعبیر . تفسیر 520#,اسم,4872,entries/0438-0543.md,entry-0520
تفسیر520],تفسیر520],679,عدم فعالیت . خواب,اسم,6442,entries/0651-0741.md,entry-0679
تفسیرغلط,تفسیرغلط,521,سوءتعبیر,اسم,4882,entries/0438-0543.md,entry-0521
تفصیل,تفصیل,197,انبساط,اسم,1904,entries/0194-0301.md,entry-0197
تفصیل,تفصیل,590,روایت . شرح . وصف 590#,اسم,5484,entries/0544-0650.md,entry-0590
تفصیلی,تفصیلی,808,حسابداری,اسم,7634,entries/0742-0850.md,entry-0808
تفضل,تفضل,897,نیکخواهی,اسم,8530,entries/0851-0969.md,entry-0897
تفقد,تفقد,455,توجه,اسم,4196,entries/0438-0543.md,entry-0455
تفقد,تفقد,457,مراقبت . دقت,اسم,4220,entries/0438-0543.md,entry-0457
تفقد,تفقد,703,کمک,اسم,6650,entries/0651-0741.md,entry-0703
تفقد,تفقد,880,دوستی 880#,اسم,8357,entries/0851-0969.md,entry-0880
تفقد,تفقد,882,اجتماعی بودن . معاشرت,اسم,8379,entries/0851-0969.md,entry-0882
تفقد,تفقد,941,دلجویی . پوزش,اسم,8928,entries/0851-0969.md,entry-0941
تفلون,تفلون,194,ظرف,اسم,1859,entries/0194-0301.md,entry-0194
تفنن,تفنن,456,بی‌توجهی,اسم,4207,entries/0438-0543.md,entry-0456
تفنن,تفنن,603,بی ثباتی . بوالهوسی,اسم,5643,entries/0544-0650.md,entry-0603
تفنن,تفنن,604,تلون مزاج . هوس,اسم,5653,entries/0544-0650.md,entry-0604
تفنن,تفنن,943,اسراف . عدم اعتدال,اسم,8944,entries/0851-0969.md,entry-0943
تفننی,تفننی,604,تلون مزاج . هوس,صفت,5656,entries/0544-0650.md,entry-0604
تفننی,تفننی,844,تزیین,صفت,8022,entries/0742-0850.md,entry-0844
تفنگ,تفنگ,287,رانش,اسم,2752,entries/0194-0301.md,entry-0287
تفنگ,تفنگ,723,سلاح,اسم,6861,entries/0651-0741.md,entry-0723
تفنگ خان‌دار,تفنگ خان‌دار,723,سلاح,اسم,6862,entries/0651-0741.md,entry-0723
تفنگ ساچمه‌زنی,تفنگ ساچمه‌زنی,619,پیگیری,اسم,5821,entries/0544-0650.md,entry-0619
تفنگ گلوله,تفنگ گلوله,619,پیگیری,اسم,5821,entries/0544-0650.md,entry-0619
تفنگدار,تفنگدار,287,رانش,اسم,2754,entries/0194-0301.md,entry-0287
تفهم,تفهم,516,قابل درک,اسم,4836,entries/0438-0543.md,entry-0516
تفوق,تفوق,34,برتری,اسم,344,entries/0001-0090.md,entry-0034
تفوق,تفوق,64,تقدم [در ترتیب],اسم,651,entries/0001-0090.md,entry-0064
تفوق,تفوق,615,خِیر . سعادت,اسم,5772,entries/0544-0650.md,entry-0615
تفوق,تفوق,733,اقتدار 733#,اسم,6961,entries/0651-0741.md,entry-0733
تفوق داشتن,تفوق داشتن,34,برتری,فعل,350,entries/0001-0090.md,entry-0034
تفوق داشتن,تفوق داشتن,306,زیاده‌روی . فزونی (حرکت فراتر),فعل,2954,entries/0302-0437.md,entry-0306
تفوق داشتن,تفوق داشتن,727,موفقیت,فعل,6906,entries/0651-0741.md,entry-0727
تفوق گرفتن (جستن,تفوق گرفتن (جستن,34,برتری,فعل,350,entries/0001-0090.md,entry-0034
تفویض,تفویض,606,فقدان انتخاب . بیچارگی,اسم,5675,entries/0544-0650.md,entry-0606
تفویض,تفویض,779,عدم نگهداری,اسم,7386,entries/0742-0850.md,entry-0779
تفویض اختیار,تفویض اختیار,9,رابطه . ربط,اسم,109,entries/0001-0090.md,entry-0009
تفویض اختیار,تفویض اختیار,160,توان 160#,اسم,1496,entries/0091-0193.md,entry-0160
تفویض اختیار,تفویض اختیار,672,مأموریت,اسم,6372,entries/0651-0741.md,entry-0672
تفویض اختیار,تفویض اختیار,751,انتصاب,اسم,7138,entries/0742-0850.md,entry-0751
تفویض اختیار کردن,تفویض اختیار کردن,751,انتصاب,فعل,7142,entries/0742-0850.md,entry-0751
تفویض کردن,تفویض کردن,160,توان 160#,فعل,1506,entries/0091-0193.md,entry-0160
تفویض کردن,تفویض کردن,721,تسلیم,فعل,6827,entries/0651-0741.md,entry-0721
تفویض‌شده,تفویض‌شده,751,انتصاب,صفت,7141,entries/0742-0850.md,entry-0751
تفکر,تفکر,449,اندیشه,اسم,4142,entries/0438-0543.md,entry-0449
تفکر,تفکر,455,توجه,اسم,4196,entries/0438-0543.md,entry-0455
تفکر,تفکر,475,استدلال . تعقل,اسم,4421,entries/0438-0543.md,entry-0475
تفکر آزاد,تفکر آزاد,449,اندیشه,اسم,4142,entries/0438-0543.md,entry-0449
تفکر کردن,تفکر کردن,225,مرکز,فعل,2164,entries/0194-0301.md,entry-0225
تفکر کردن,تفکر کردن,475,استدلال . تعقل,فعل,4429,entries/0438-0543.md,entry-0475
تفکرآمیز,تفکرآمیز,449,اندیشه,صفت,4148,entries/0438-0543.md,entry-0449
تفکرکردن,تفکرکردن,449,اندیشه,فعل,4151,entries/0438-0543.md,entry-0449
تفکرکننده,تفکرکننده,449,اندیشه,صفت,4148,entries/0438-0543.md,entry-0449
تفکیک,تفکیک,27,درجه: مقدار نسبی,اسم,270,entries/0001-0090.md,entry-0027
تفکیک,تفکیک,46,عدم اتحاد . گسیختگی,اسم,462,entries/0001-0090.md,entry-0046
تفکیک,تفکیک,49,عدم انسجام,اسم,501,entries/0001-0090.md,entry-0049
تفکیک,تفکیک,51,تجزیه,اسم,516,entries/0001-0090.md,entry-0051
تفکیک,تفکیک,62,تنظیم,اسم,632,entries/0001-0090.md,entry-0062
تفکیک,تفکیک,77,طبقه‌بندی . تعیین,اسم,773,entries/0001-0090.md,entry-0077
تفکیک,تفکیک,480,تشخیص . استنتاج 480#,اسم,4475,entries/0438-0543.md,entry-0480
تفکیک رقم,تفکیک رقم,808,حسابداری,اسم,7635,entries/0742-0850.md,entry-0808
تفکیک کردن,تفکیک کردن,62,تنظیم,فعل,638,entries/0001-0090.md,entry-0062
تفکیک کردن,تفکیک کردن,75,تفرق . پراکندگی,فعل,763,entries/0001-0090.md,entry-0075
تفکیک‌پذیر,تفکیک‌پذیر,330,شکنندگی 330#,صفت,3178,entries/0302-0437.md,entry-0330
تفکیک‌پذیری,تفکیک‌پذیری,100,چندگانگی 100#,اسم,955,entries/0091-0193.md,entry-0100
تق,تق,402,صدای انفجاری,اسم,3770,entries/0302-0437.md,entry-0402
تقابل,تقابل,28,برابری: یکسانی مقدار یا درجه,اسم,280,entries/0001-0090.md,entry-0028
تقابل,تقابل,151,تغییر متقابل: تغییر باهم یا دوگانه,اسم,1393,entries/0091-0193.md,entry-0151
تقابل,تقابل,182,اثر متقابل,اسم,1716,entries/0091-0193.md,entry-0182
تقابل,تقابل,221,وارونگی,اسم,2123,entries/0194-0301.md,entry-0221
تقابل,تقابل,240,روبرو 240#,اسم,2313,entries/0194-0301.md,entry-0240
تقابل,تقابل,704,ضدیت . تقابل,اسم,6661,entries/0651-0741.md,entry-0704
تقابل داشتن,تقابل داشتن,31,جبران . تعدیل,فعل,314,entries/0001-0090.md,entry-0031
تقابل داشتن,تقابل داشتن,151,تغییر متقابل: تغییر باهم یا دوگانه,فعل,1395,entries/0091-0193.md,entry-0151
تقابل داشتن,تقابل داشتن,163,ضعف,فعل,1545,entries/0091-0193.md,entry-0163
تقابل داشتن,تقابل داشتن,182,اثر متقابل,فعل,1718,entries/0091-0193.md,entry-0182
تقابل داشتن,تقابل داشتن,240,روبرو 240#,فعل,2316,entries/0194-0301.md,entry-0240
تقابل داشتن,تقابل داشتن,280,پس‌نشینی 280#,فعل,2699,entries/0194-0301.md,entry-0280
تقابل داشتن,تقابل داشتن,702,منع . ممانعت,فعل,6646,entries/0651-0741.md,entry-0702
تقارب,تقارب,11,خویشاوندی: بستگی خونی,اسم,127,entries/0001-0090.md,entry-0011
تقارب,تقارب,45,اتحاد . پیوستگی,اسم,443,entries/0001-0090.md,entry-0045
تقارب,تقارب,74,تجمع . گردآوری,اسم,745,entries/0001-0090.md,entry-0074
تقارب,تقارب,200,نزدیکی 200#,اسم,1931,entries/0194-0301.md,entry-0200
تقارب,تقارب,293,همگرایی,اسم,2793,entries/0194-0301.md,entry-0293
تقارن,تقارن,12,همبستگی,اسم,137,entries/0001-0090.md,entry-0012
تقارن,تقارن,18,تشابه,اسم,181,entries/0001-0090.md,entry-0018
تقارن,تقارن,28,برابری: یکسانی مقدار یا درجه,اسم,281,entries/0001-0090.md,entry-0028
تقارن,تقارن,89,همراهی,اسم,902,entries/0001-0090.md,entry-0089
تقارن,تقارن,90,دوگانگی 90#,اسم,910,entries/0001-0090.md,entry-0090
تقارن,تقارن,219,توازی,اسم,2107,entries/0194-0301.md,entry-0219
تقارن,تقارن,245,تقارن,اسم,2351,entries/0194-0301.md,entry-0245
تقارن,تقارن,841,زیبایی,اسم,7979,entries/0742-0850.md,entry-0841
تقارن داشتن,تقارن داشتن,245,تقارن,فعل,2353,entries/0194-0301.md,entry-0245
تقاص,تقاص,31,جبران . تعدیل,اسم,310,entries/0001-0090.md,entry-0031
تقاص,تقاص,280,پس‌نشینی 280#,اسم,2697,entries/0194-0301.md,entry-0280
تقاص پس دادن,تقاص پس دادن,31,جبران . تعدیل,فعل,313,entries/0001-0090.md,entry-0031
تقاضا,تقاضا,307,کاستی . نارسایی . کسری (حرکت نیمه‌تمام) 307,اسم,2959,entries/0302-0437.md,entry-0307
تقاضا,تقاضا,622,اشتغال,اسم,5849,entries/0544-0650.md,entry-0622
تقاضا,تقاضا,627,نیاز,اسم,5899,entries/0544-0650.md,entry-0627
تقاضا,تقاضا,761,خواهش,اسم,7216,entries/0742-0850.md,entry-0761
تقاضا,تقاضا,852,امید . آرزو,اسم,8089,entries/0851-0969.md,entry-0852
تقاضا برایش فراوان بودن,تقاضا برایش فراوان بودن,793,فروش,فعل,7519,entries/0742-0850.md,entry-0793
تقاضا داشتن,تقاضا داشتن,627,نیاز,فعل,5903,entries/0544-0650.md,entry-0627
تقاضا کردن,تقاضا کردن,627,نیاز,فعل,5903,entries/0544-0650.md,entry-0627
تقاضا کردن,تقاضا کردن,761,خواهش,فعل,7220,entries/0742-0850.md,entry-0761
تقاضای رحم,تقاضای رحم,762,اعتراض . نهی,اسم,7226,entries/0742-0850.md,entry-0762
تقاضای عدم انجام کاری,تقاضای عدم انجام کاری,762,اعتراض . نهی,اسم,7226,entries/0742-0850.md,entry-0762
تقاضای مصرف,تقاضای مصرف,761,خواهش,اسم,7216,entries/0742-0850.md,entry-0761
تقاضای منفی,تقاضای منفی,762,اعتراض . نهی,اسم,7226,entries/0742-0850.md,entry-0762
تقاطع,تقاطع,45,اتحاد . پیوستگی,اسم,446,entries/0001-0090.md,entry-0045
تقاطع,تقاطع,76,کانون: محل تلاقی یا تجمع,اسم,767,entries/0001-0090.md,entry-0076
تقبل,تقبل,672,مأموریت,اسم,6372,entries/0651-0741.md,entry-0672
تقبل مخارج,تقبل مخارج,804,پرداخت,اسم,7599,entries/0742-0850.md,entry-0804
تقبل پرداخت کردن,تقبل پرداخت کردن,804,پرداخت,فعل,7604,entries/0742-0850.md,entry-0804
تقبل کردن,تقبل کردن,672,مأموریت,فعل,6375,entries/0651-0741.md,entry-0672
تقبل کردن,تقبل کردن,804,پرداخت,فعل,7604,entries/0742-0850.md,entry-0804
تقبل‌کننده,تقبل‌کننده,804,پرداخت,صفت,7601,entries/0742-0850.md,entry-0804
تقبّل,تقبّل,299,پذیرش,اسم,2848,entries/0194-0301.md,entry-0299
تقبّل,تقبّل,597,رغبت . داوطلبی,اسم,5599,entries/0544-0650.md,entry-0597
تقبّل,تقبّل,758,تأیید . رضایت,اسم,7195,entries/0742-0850.md,entry-0758
تقبّل کردن,تقبّل کردن,597,رغبت . داوطلبی,فعل,5603,entries/0544-0650.md,entry-0597
تقبیح,تقبیح,459,پرسش,اسم,4245,entries/0438-0543.md,entry-0459
تقبیح,تقبیح,480,تشخیص . استنتاج 480#,اسم,4475,entries/0438-0543.md,entry-0480
تقبیح,تقبیح,607,ردّ . عدم انتخاب,اسم,5687,entries/0544-0650.md,entry-0607
تقبیح,تقبیح,613,بازداشتن,اسم,5755,entries/0544-0650.md,entry-0613
تقبیح,تقبیح,704,ضدیت . تقابل,اسم,6661,entries/0651-0741.md,entry-0704
تقبیح,تقبیح,762,اعتراض . نهی,اسم,7226,entries/0742-0850.md,entry-0762
تقبیح,تقبیح,872,حقارت . خفت,اسم,8285,entries/0851-0969.md,entry-0872
تقبیح,تقبیح,888,نفرت,اسم,8448,entries/0851-0969.md,entry-0888
تقبیح,تقبیح,899,نفرین,اسم,8554,entries/0851-0969.md,entry-0899
تقبیح,تقبیح,921,بی‌احترامی,اسم,8748,entries/0851-0969.md,entry-0921
تقبیح,تقبیح,924,سرزنش . تقبیح,اسم,8780,entries/0851-0969.md,entry-0924
تقبیح,تقبیح,926,بدگویی . افترا,اسم,8804,entries/0851-0969.md,entry-0926
تقبیح شده,تقبیح شده,924,سرزنش . تقبیح,صفت,8786,entries/0851-0969.md,entry-0924
تقبیح کردن,تقبیح کردن,607,ردّ . عدم انتخاب,فعل,5690,entries/0544-0650.md,entry-0607
تقبیح کردن,تقبیح کردن,613,بازداشتن,فعل,5758,entries/0544-0650.md,entry-0613
تقبیح کردن,تقبیح کردن,704,ضدیت . تقابل,فعل,6664,entries/0651-0741.md,entry-0704
تقبیح کردن,تقبیح کردن,762,اعتراض . نهی,فعل,7229,entries/0742-0850.md,entry-0762
تقبیح کردن,تقبیح کردن,829,عدم رضایت,فعل,7845,entries/0742-0850.md,entry-0829
تقبیح کردن,تقبیح کردن,830,تأسف 830#,فعل,7853,entries/0742-0850.md,entry-0830
تقبیح کردن,تقبیح کردن,862,مشکل‌پسندی,فعل,8187,entries/0851-0969.md,entry-0862
تقبیح کردن,تقبیح کردن,921,بی‌احترامی,فعل,8752,entries/0851-0969.md,entry-0921
تقبیح کردن,تقبیح کردن,924,سرزنش . تقبیح,فعل,8788,entries/0851-0969.md,entry-0924
تقبیح کردن,تقبیح کردن,926,بدگویی . افترا,فعل,8808,entries/0851-0969.md,entry-0926
تقبیح کردن,تقبیح کردن,928,اتهام,فعل,8831,entries/0851-0969.md,entry-0928
تقبیح کردن,تقبیح کردن,961,محکومیت,فعل,9094,entries/0851-0969.md,entry-0961
تقبیح کننده,تقبیح کننده,899,نفرین,صفت,8556,entries/0851-0969.md,entry-0899
تقبیح کننده,تقبیح کننده,924,سرزنش . تقبیح,صفت,8784,entries/0851-0969.md,entry-0924
تقبیح‌کننده,تقبیح‌کننده,762,اعتراض . نهی,صفت,7228,entries/0742-0850.md,entry-0762
تقدس,تقدس,818,احساس,اسم,7721,entries/0742-0850.md,entry-0818
تقدس,تقدس,979,تقوا,اسم,9251,entries/0970-0991.md,entry-0979
تقدم,تقدم,1,وجود (هستی),اسم,26,entries/0001-0090.md,entry-0001
تقدم,تقدم,34,برتری,اسم,345,entries/0001-0090.md,entry-0034
تقدم,تقدم,64,تقدم [در ترتیب],اسم,651,entries/0001-0090.md,entry-0064
تقدم,تقدم,66,سرآغاز,اسم,670,entries/0001-0090.md,entry-0066
تقدم,تقدم,119,تقدم [در زمان],اسم,1101,entries/0091-0193.md,entry-0119
تقدم,تقدم,135,تعجیل,اسم,1242,entries/0091-0193.md,entry-0135
تقدم,تقدم,237,جلو,اسم,2290,entries/0194-0301.md,entry-0237
تقدم,تقدم,285,پیشروی,اسم,2735,entries/0194-0301.md,entry-0285
تقدم,تقدم,638,اهمیت,اسم,5998,entries/0544-0650.md,entry-0638
تقدم,تقدم,654,بهبود,اسم,6168,entries/0651-0741.md,entry-0654
تقدم,تقدم,756,اجازه,اسم,7180,entries/0742-0850.md,entry-0756
تقدم,تقدم,802,بستانکاری,اسم,7584,entries/0742-0850.md,entry-0802
تقدم [در ترتیب],تقدم [در ترتیب],23,سرمشق,اسم,226,entries/0001-0090.md,entry-0023
تقدم [در ترتیب],تقدم [در ترتیب],119,تقدم [در زمان],اسم,1101,entries/0091-0193.md,entry-0119
تقدم [در ترتیب],تقدم [در ترتیب],283,پیشتازی,اسم,2721,entries/0194-0301.md,entry-0283
تقدم [در زمان],تقدم [در زمان],23,سرمشق,اسم,226,entries/0001-0090.md,entry-0023
تقدم [در زمان],تقدم [در زمان],34,برتری,اسم,344,entries/0001-0090.md,entry-0034
تقدم [در زمان],تقدم [در زمان],283,پیشتازی,اسم,2721,entries/0194-0301.md,entry-0283
تقدم جستن,تقدم جستن,64,تقدم [در ترتیب],فعل,653,entries/0001-0090.md,entry-0064
تقدم داشتن,تقدم داشتن,34,برتری,فعل,350,entries/0001-0090.md,entry-0034
تقدم درترتیب,تقدم درترتیب,64,تقدم [در ترتیب],اسم,651,entries/0001-0090.md,entry-0064
تقدم زمانی,تقدم زمانی,119,تقدم [در زمان],اسم,1101,entries/0091-0193.md,entry-0119
تقدم و تأخر,تقدم و تأخر,151,تغییر متقابل: تغییر باهم یا دوگانه,اسم,1393,entries/0091-0193.md,entry-0151
تقدیر,تقدیر,69,پایان,اسم,700,entries/0001-0090.md,entry-0069
تقدیر,تقدیر,124,آینده,اسم,1138,entries/0091-0193.md,entry-0124
تقدیر,تقدیر,155,وقایع آتی,اسم,1435,entries/0091-0193.md,entry-0155
تقدیر,تقدیر,156,علیت . علت 156#,اسم,1453,entries/0091-0193.md,entry-0156
تقدیر,تقدیر,159,شانس: فقدان علت 159#,اسم,1485,entries/0091-0193.md,entry-0159
تقدیر,تقدیر,596,جبر . وجوب,اسم,5588,entries/0544-0650.md,entry-0596
تقدیر,تقدیر,606,فقدان انتخاب . بیچارگی,اسم,5675,entries/0544-0650.md,entry-0606
تقدیر,تقدیر,608,ازپیش تعیین‌شدگی,اسم,5696,entries/0544-0650.md,entry-0608
تقدیر,تقدیر,618,اتفاق . قمار,اسم,5807,entries/0544-0650.md,entry-0618
تقدیر,تقدیر,866,خوش‌نامی,اسم,8223,entries/0851-0969.md,entry-0866
تقدیر,تقدیر,923,تحسین,اسم,8766,entries/0851-0969.md,entry-0923
تقدیر,تقدیر,971,بهشت,اسم,9180,entries/0970-0991.md,entry-0971
تقدیر,تقدیر,973,دین . دینداری,اسم,9198,entries/0970-0991.md,entry-0973
تقدیس,تقدیس,979,تقوا,اسم,9251,entries/0970-0991.md,entry-0979
تقدیس,تقدیس,981,پرستش,اسم,9274,entries/0970-0991.md,entry-0981
تقدیس کردن,تقدیس کردن,876,نگهداشت,فعل,8326,entries/0851-0969.md,entry-0876
تقدیس کردن,تقدیس کردن,979,تقوا,فعل,9259,entries/0970-0991.md,entry-0979
تقدیس کردن,تقدیس کردن,981,پرستش,فعل,9282,entries/0970-0991.md,entry-0981
تقدیس‌شده,تقدیس‌شده,979,تقوا,صفت,9256,entries/0970-0991.md,entry-0979
تقدیم,تقدیم,759,عَرضه,اسم,7203,entries/0742-0850.md,entry-0759
تقدیم,تقدیم,781,دهش,اسم,7406,entries/0742-0850.md,entry-0781
تقدیم کردن,تقدیم کردن,759,عَرضه,فعل,7205,entries/0742-0850.md,entry-0759
تقدیم کردن,تقدیم کردن,781,دهش,فعل,7412,entries/0742-0850.md,entry-0781
تقدیم کردن,تقدیم کردن,931,بی‌غرضی . ایثار,فعل,8859,entries/0851-0969.md,entry-0931
تقدیمی,تقدیمی,759,عَرضه,صفت,7204,entries/0742-0850.md,entry-0759
تقدیمی,تقدیمی,781,دهش,اسم,7407,entries/0742-0850.md,entry-0781
تقرب,تقرب,154,رویداد 154#,اسم,1423,entries/0091-0193.md,entry-0154
تقرب,تقرب,155,وقایع آتی,اسم,1435,entries/0091-0193.md,entry-0155
تقرب,تقرب,200,نزدیکی 200#,اسم,1931,entries/0194-0301.md,entry-0200
تقرب,تقرب,202,مجاورت,اسم,1949,entries/0194-0301.md,entry-0202
تقرب,تقرب,289,نزدیک شدن (تقرب),اسم,2767,entries/0194-0301.md,entry-0289
تقرب,تقرب,293,همگرایی,اسم,2793,entries/0194-0301.md,entry-0293
تقرب,تقرب,295,ورود,اسم,2805,entries/0194-0301.md,entry-0295
تقریب,تقریب,200,نزدیکی 200#,اسم,1931,entries/0194-0301.md,entry-0200
تقریب,تقریب,289,نزدیک شدن (تقرب),اسم,2767,entries/0194-0301.md,entry-0289
تقریب,تقریب,480,تشخیص . استنتاج 480#,اسم,4475,entries/0438-0543.md,entry-0480
تقریباً,تقریباً,33,کوچکی,قید,340,entries/0001-0090.md,entry-0033
تقریباً,تقریباً,200,نزدیکی 200#,قید,1937,entries/0194-0301.md,entry-0200
تقریبی,تقریبی,18,تشابه,صفت,184,entries/0001-0090.md,entry-0018
تقریبی,تقریبی,200,نزدیکی 200#,صفت,1934,entries/0194-0301.md,entry-0200
تقریبی,تقریبی,289,نزدیک شدن (تقرب),صفت,2768,entries/0194-0301.md,entry-0289
تقریبی,تقریبی,465,اندازه‌گیری . سنجش,صفت,4315,entries/0438-0543.md,entry-0465
تقریبی,تقریبی,480,تشخیص . استنتاج 480#,صفت,4478,entries/0438-0543.md,entry-0480
تقریبی,تقریبی,512,تصور . خاطر,صفت,4795,entries/0438-0543.md,entry-0512
تقریر,تقریر,579,سخن,اسم,5391,entries/0544-0650.md,entry-0579
تقریر,تقریر,590,روایت . شرح . وصف 590#,اسم,5484,entries/0544-0650.md,entry-0590
