term,normalized_term,entry_id,entry_heading,pos_context,docx_paragraph,file,anchor
ب.ث.ژ,ب.ث.ژ,658,درمان,اسم,6220,entries/0651-0741.md,entry-0658
بأس,بأس,854,ترس,اسم,8106,entries/0851-0969.md,entry-0854
با,با,1,وجود (هستی),قید,33,entries/0001-0090.md,entry-0001
با,با,9,رابطه . ربط,قید,115,entries/0001-0090.md,entry-0009
با,با,89,همراهی,قید,906,entries/0001-0090.md,entry-0089
با,با,123,همزمانی,قید,1134,entries/0091-0193.md,entry-0123
با,با,151,تغییر متقابل: تغییر باهم یا دوگانه,قید,1397,entries/0091-0193.md,entry-0151
با,با,301,غذا: خوردن و نوشیدن,اسم,2887,entries/0194-0301.md,entry-0301
با,با,629,وسیله,قید,5918,entries/0544-0650.md,entry-0629
با آزمون وخطا جلورفتن,با آزمون وخطا جلورفتن,700,دشواری 700#,فعل,6620,entries/0651-0741.md,entry-0700
با ادراک,با ادراک,819,حساسیت روحی . زودرنجی,صفت,7735,entries/0742-0850.md,entry-0819
با اصل و نسب,با اصل و نسب,848,مُد,صفت,8055,entries/0742-0850.md,entry-0848
با بودنِ,با بودنِ,1,وجود (هستی),قید,33,entries/0001-0090.md,entry-0001
با تربیت,با تربیت,868,نجبا,صفت,8252,entries/0851-0969.md,entry-0868
با تعارف زیاد خسته کردن,با تعارف زیاد خسته کردن,863,بی‌نیازی,فعل,8193,entries/0851-0969.md,entry-0863
با تهدید وادار کردن,با تهدید وادار کردن,900,تهدید 900#,فعل,8567,entries/0851-0969.md,entry-0900
با رضایت,با رضایت,828,رضایت . خرسندی,قید,7837,entries/0742-0850.md,entry-0828
با سرنیزه حمله کردن,با سرنیزه حمله کردن,712,تک . حمله,فعل,6733,entries/0651-0741.md,entry-0712
با فرهنگ,با فرهنگ,846,خوش‌سلیقگی,صفت,8036,entries/0742-0850.md,entry-0846
با قطع‌ویقین,با قطع‌ویقین,532,اظهار . تأکید . سوگند,قید,5021,entries/0438-0543.md,entry-0532
با هم خواندن,با هم خواندن,60,نظم 60#,فعل,613,entries/0001-0090.md,entry-0060
باآتش بازی کردن,باآتش بازی کردن,661,خطر,فعل,6274,entries/0651-0741.md,entry-0661
باآرامش,باآرامش,717,صلح,قید,6791,entries/0651-0741.md,entry-0717
باآزمون وخطا جلو رفتن,باآزمون وخطا جلو رفتن,457,مراقبت . دقت,فعل,4225,entries/0438-0543.md,entry-0457
باآزمون وخطا جلو رفتن,باآزمون وخطا جلو رفتن,858,احتیاط,فعل,8149,entries/0851-0969.md,entry-0858
باآغوش باز ازکسی استقبال کردن,باآغوش باز ازکسی استقبال کردن,299,پذیرش,فعل,2851,entries/0194-0301.md,entry-0299
باابتکار,باابتکار,671,مبادرت . اقدام,قید,6368,entries/0651-0741.md,entry-0671
بااحترام ◄ احتراماً,بااحترام ◄ احتراماً,920,احترام 920#,صفت,8738,entries/0851-0969.md,entry-0920
بااحترامات فائقه,بااحترامات فائقه,920,احترام 920#,قید,8743,entries/0851-0969.md,entry-0920
بااحتیاط جلورفتن,بااحتیاط جلورفتن,510,آینده‌نگری 510#,فعل,4770,entries/0438-0543.md,entry-0510
بااحتیاط حرکت کردن,بااحتیاط حرکت کردن,700,دشواری 700#,فعل,6620,entries/0651-0741.md,entry-0700
باادب,باادب,884,ادب,صفت,8408,entries/0851-0969.md,entry-0884
باادراک,باادراک,490,دانش . دانایی 490#,صفت,4586,entries/0438-0543.md,entry-0490
بااراده,بااراده,599,عزم,صفت,5616,entries/0544-0650.md,entry-0599
باارتباط,باارتباط,156,علیت . علت 156#,صفت,1456,entries/0091-0193.md,entry-0156
باارتباط,باارتباط,627,نیاز,صفت,5901,entries/0544-0650.md,entry-0627
باارتباط,باارتباط,638,اهمیت,صفت,6002,entries/0544-0650.md,entry-0638
باارزش,باارزش,615,خِیر . سعادت,صفت,5775,entries/0544-0650.md,entry-0615
بااستعاره گفتن,بااستعاره گفتن,150,جایگزینی: گذاشتن چیزی درجای دیگری,فعل,1388,entries/0091-0193.md,entry-0150
بااستعاره گفتن,بااستعاره گفتن,521,سوءتعبیر,فعل,4884,entries/0438-0543.md,entry-0521
بااستعاره‌گفتن,بااستعاره‌گفتن,519,استعاره,فعل,4864,entries/0438-0543.md,entry-0519
بااستفاده از,بااستفاده از,628,وسیله بودن,قید,5911,entries/0544-0650.md,entry-0628
بااستفاده از,بااستفاده از,629,وسیله,قید,5918,entries/0544-0650.md,entry-0629
بااشاره فهماندن,بااشاره فهماندن,547,دلالت,فعل,5166,entries/0544-0650.md,entry-0547
بااصل‌ونسب,بااصل‌ونسب,868,نجبا,صفت,8252,entries/0851-0969.md,entry-0868
بااصل‌ونسب,بااصل‌ونسب,929,درستی . درستکاری,صفت,8838,entries/0851-0969.md,entry-0929
بااطلاع,بااطلاع,524,اطلاع . آگاهی,صفت,4926,entries/0438-0543.md,entry-0524
باامتیاز بردن,باامتیاز بردن,727,موفقیت,فعل,6908,entries/0651-0741.md,entry-0727
باانصاف,باانصاف,913,حق . راستی,صفت,8671,entries/0851-0969.md,entry-0913
باانصاف بودن,باانصاف بودن,913,حق . راستی,فعل,8672,entries/0851-0969.md,entry-0913
بااهمیت,بااهمیت,638,اهمیت,صفت,6002,entries/0544-0650.md,entry-0638
بااکراه,بااکراه,613,بازداشتن,قید,5759,entries/0544-0650.md,entry-0613
باایمان,باایمان,485,باور,صفت,4527,entries/0438-0543.md,entry-0485
باایمان,باایمان,973,دین . دینداری,صفت,9199,entries/0970-0991.md,entry-0973
باایمان,باایمان,979,تقوا,صفت,9254,entries/0970-0991.md,entry-0979
بااین دیدگاه,بااین دیدگاه,9,رابطه . ربط,قید,114,entries/0001-0090.md,entry-0009
بااین‌همه,بااین‌همه,9,رابطه . ربط,قید,114,entries/0001-0090.md,entry-0009
بااین‌همه,بااین‌همه,25,ناسازگاری,قید,253,entries/0001-0090.md,entry-0025
باب,باب,24,سازگاری,صفت,239,entries/0001-0090.md,entry-0024
باب,باب,53,جزء,اسم,540,entries/0001-0090.md,entry-0053
باب,باب,88,وحدت,اسم,892,entries/0001-0090.md,entry-0088
باب,باب,169,ولایت . ولی,اسم,1601,entries/0091-0193.md,entry-0169
باب,باب,263,باز . گشودگی,اسم,2511,entries/0194-0301.md,entry-0263
باب,باب,345,خلیج,اسم,3292,entries/0302-0437.md,entry-0345
باب,باب,452,موضوع,اسم,4172,entries/0438-0543.md,entry-0452
باب,باب,589,کتاب,اسم,5472,entries/0544-0650.md,entry-0589
باب,باب,610,عادت 610#,صفت,5712,entries/0544-0650.md,entry-0610
باب,باب,884,ادب,صفت,8408,entries/0851-0969.md,entry-0884
باب,باب,915,وجود حق,صفت,8687,entries/0851-0969.md,entry-0915
باب,باب,986,روحانیت,اسم,9326,entries/0970-0991.md,entry-0986
باب خرید,باب خرید,792,خرید,صفت,7509,entries/0742-0850.md,entry-0792
باب دندان,باب دندان,24,سازگاری,صفت,237,entries/0001-0090.md,entry-0024
باب دندان,باب دندان,859,میل,صفت,8163,entries/0851-0969.md,entry-0859
باب دندان,باب دندان,887,عشق,صفت,8439,entries/0851-0969.md,entry-0887
باب شدن,باب شدن,139,اغلب (کثرت وقوع),فعل,1284,entries/0091-0193.md,entry-0139
باب طبع,باب طبع,828,رضایت . خرسندی,صفت,7834,entries/0742-0850.md,entry-0828
باب چیزی باز شدن,باب چیزی باز شدن,139,اغلب (کثرت وقوع),فعل,1284,entries/0091-0193.md,entry-0139
باب چیزی را گشودن,باب چیزی را گشودن,68,آغاز,فعل,690,entries/0001-0090.md,entry-0068
باب کردن,باب کردن,610,عادت 610#,فعل,5718,entries/0544-0650.md,entry-0610
بابا,بابا,133,پیر,اسم,1228,entries/0091-0193.md,entry-0133
بابا,بابا,169,ولایت . ولی,اسم,1601,entries/0091-0193.md,entry-0169
بابا,بابا,562,اسم بی‌مسما . بی‌نامی,اسم,5283,entries/0544-0650.md,entry-0562
بابا,بابا,742,خادم,اسم,7064,entries/0742-0850.md,entry-0742
بابا,بابا,870,عنوان 870#,اسم,8274,entries/0851-0969.md,entry-0870
بابا,بابا,890,عزیز 890# عزی,اسم,8472,entries/0851-0969.md,entry-0890
باباآدم,باباآدم,975,وحی . پیامبر,اسم,9213,entries/0970-0991.md,entry-0975
بابابزرگ,بابابزرگ,133,پیر,اسم,1228,entries/0091-0193.md,entry-0133
باباجی,باباجی,169,ولایت . ولی,اسم,1601,entries/0091-0193.md,entry-0169
باباغوری,باباغوری,439,کوری,صفت,4048,entries/0438-0543.md,entry-0439
باباغوری,باباغوری,440,کم‌سویی 440#,اسم,4054,entries/0438-0543.md,entry-0440
باباغوری,باباغوری,844,تزیین,اسم,8019,entries/0742-0850.md,entry-0844
باباغوری,باباغوری,983,جادوگری,اسم,9297,entries/0970-0991.md,entry-0983
باباکرم,باباکرم,837,سرگرمی,اسم,7934,entries/0742-0850.md,entry-0837
بابایی,بابایی,169,ولایت . ولی,اسم,1598,entries/0091-0193.md,entry-0169
بابایی,بابایی,890,عزیز 890# عزی,اسم,8472,entries/0851-0969.md,entry-0890
بابت,بابت,156,علیت . علت 156#,اسم,1453,entries/0091-0193.md,entry-0156
بابت,بابت,452,موضوع,اسم,4172,entries/0438-0543.md,entry-0452
بابت,بابت,529,خبر,اسم,4987,entries/0438-0543.md,entry-0529
بابتِ,بابتِ,9,رابطه . ربط,قید,115,entries/0001-0090.md,entry-0009
بابتِ,بابتِ,80,ویژگی . خاص بودن 80#,قید,813,entries/0001-0090.md,entry-0080
بابتِ,بابتِ,156,علیت . علت 156#,قید,1460,entries/0091-0193.md,entry-0156
بابتِ,بابتِ,157,معلول 157#,قید,1471,entries/0091-0193.md,entry-0157
بابتِ,بابتِ,617,قصد,قید,5803,entries/0544-0650.md,entry-0617
بابخار پختن,بابخار پختن,338,تبخیر,اسم,3233,entries/0302-0437.md,entry-0338
بابرنامه,بابرنامه,623,برنامه,صفت,5863,entries/0544-0650.md,entry-0623
بابرکت,بابرکت,637,وفور,صفت,5992,entries/0544-0650.md,entry-0637
بابون,بابون,365,حیوانات,اسم,3456,entries/0302-0437.md,entry-0365
بابونه,بابونه,301,غذا: خوردن و نوشیدن,اسم,2896,entries/0194-0301.md,entry-0301
بابونه,بابونه,366,گیاهان,اسم,3482,entries/0302-0437.md,entry-0366
بابی‌صبری,بابی‌صبری,822,تحریک پذیری,قید,7766,entries/0742-0850.md,entry-0822
بابی‌قراری,بابی‌قراری,503,دیوانگی,قید,4701,entries/0438-0543.md,entry-0503
بابی‌میلی,بابی‌میلی,596,جبر . وجوب,قید,5595,entries/0544-0650.md,entry-0596
بابی‌میلی,بابی‌میلی,598,اکراه,قید,5611,entries/0544-0650.md,entry-0598
باب‌المعده,باب‌المعده,194,ظرف,اسم,1849,entries/0194-0301.md,entry-0194
باب‌المعده,باب‌المعده,224,درون,اسم,2153,entries/0194-0301.md,entry-0224
باتأخیر,باتأخیر,136,تأخیر,قید,1255,entries/0091-0193.md,entry-0136
باتأخیر,باتأخیر,138,بی‌موقع,صفت,1274,entries/0091-0193.md,entry-0138
باتأخیر,باتأخیر,458,غفلت . بی‌دقتی,قید,4241,entries/0438-0543.md,entry-0458
باتأخیر,باتأخیر,670,فقدان آمادگی 670#,قید,6356,entries/0651-0741.md,entry-0670
باتأخیر,باتأخیر,726,عدم تکمیل,قید,6895,entries/0651-0741.md,entry-0726
باتأسف و افسوس,باتأسف و افسوس,830,تأسف 830#,فعل,7854,entries/0742-0850.md,entry-0830
باتجربه,باتجربه,131,پیری . عمر,صفت,1216,entries/0091-0193.md,entry-0131
باتجربه,باتجربه,461,آزمایش,صفت,4278,entries/0438-0543.md,entry-0461
باتجربه,باتجربه,524,اطلاع . آگاهی,صفت,4926,entries/0438-0543.md,entry-0524
باتجربه,باتجربه,610,عادت 610#,صفت,5715,entries/0544-0650.md,entry-0610
باتجربه,باتجربه,694,مهارت,صفت,6564,entries/0651-0741.md,entry-0694
باتجربه,باتجربه,696,شخص کارشناس,اسم,6584,entries/0651-0741.md,entry-0696
باتخفیف,باتخفیف,39,تفریق,قید,395,entries/0001-0090.md,entry-0039
باتخفیف,باتخفیف,810,تخفیف 810#,اسم,7654,entries/0742-0850.md,entry-0810
باتخفیف,باتخفیف,812,ارزانی,قید,7674,entries/0742-0850.md,entry-0812
باتدبیر,باتدبیر,623,برنامه,صفت,5864,entries/0544-0650.md,entry-0623
باتربیت,باتربیت,848,مُد,صفت,8055,entries/0742-0850.md,entry-0848
باتربیت,باتربیت,884,ادب,صفت,8408,entries/0851-0969.md,entry-0884
باتری (باطری),باتری (باطری),160,توان 160#,اسم,1499,entries/0091-0193.md,entry-0160
باتشریفات,باتشریفات,875,فخرفروشی,صفت,8318,entries/0851-0969.md,entry-0875
باتعلل,باتعلل,458,غفلت . بی‌دقتی,قید,4241,entries/0438-0543.md,entry-0458
باتقدیم احترام,باتقدیم احترام,920,احترام 920#,قید,8743,entries/0851-0969.md,entry-0920
باتقوا,باتقوا,929,درستی . درستکاری,صفت,8838,entries/0851-0969.md,entry-0929
باتقوا,باتقوا,933,پرهیزگاری,صفت,8871,entries/0851-0969.md,entry-0933
باتقوا,باتقوا,945,ریاضت,صفت,8958,entries/0851-0969.md,entry-0945
باتقوا,باتقوا,973,دین . دینداری,صفت,9199,entries/0970-0991.md,entry-0973
باتقوا,باتقوا,979,تقوا,صفت,9254,entries/0970-0991.md,entry-0979
باتقوا,باتقوا,981,پرستش,صفت,9280,entries/0970-0991.md,entry-0981
باتقوا کردن,باتقوا کردن,979,تقوا,فعل,9258,entries/0970-0991.md,entry-0979
باتلاق,باتلاق,327,نرمی . انعطاف,اسم,3157,entries/0302-0437.md,entry-0327
باتلاق,باتلاق,339,آب,اسم,3240,entries/0302-0437.md,entry-0339
باتلاق,باتلاق,345,خلیج,اسم,3292,entries/0302-0437.md,entry-0345
باتلاق,باتلاق,346,دریاچه,اسم,3296,entries/0302-0437.md,entry-0346
باتلاق,باتلاق,653,ناگوارایی,اسم,6161,entries/0651-0741.md,entry-0653
باتلاق,باتلاق,663,ورطه . مهلکه: مایۀ خطر,اسم,6286,entries/0651-0741.md,entry-0663
باتلاق (باطلاق),باتلاق (باطلاق),347,باتلاق,اسم,3299,entries/0302-0437.md,entry-0347
باتلاقی,باتلاقی,291,جاذبه,صفت,2782,entries/0194-0301.md,entry-0291
باتلاقی,باتلاقی,327,نرمی . انعطاف,صفت,3158,entries/0302-0437.md,entry-0327
باتلاقی,باتلاقی,347,باتلاق,صفت,3300,entries/0302-0437.md,entry-0347
باتلاقی,باتلاقی,356,خمیر,صفت,3364,entries/0302-0437.md,entry-0356
باتلاقی,باتلاقی,649,ناپاکی . آلودگی,صفت,6112,entries/0544-0650.md,entry-0649
باتندی و خشونت رفتار کردن,باتندی و خشونت رفتار کردن,176,شدت . خشونت,فعل,1671,entries/0091-0193.md,entry-0176
باتوجه به,باتوجه به,9,رابطه . ربط,قید,115,entries/0001-0090.md,entry-0009
باتوجه‌به,باتوجه‌به,449,اندیشه,قید,4153,entries/0438-0543.md,entry-0449
باتوم,باتوم,723,سلاح,اسم,6857,entries/0651-0741.md,entry-0723
باتوم),باتوم),837,سرگرمی,اسم,7935,entries/0742-0850.md,entry-0837
باتون,باتون,723,سلاح,اسم,6857,entries/0651-0741.md,entry-0723
باتون (باطون,باتون (باطون,837,سرگرمی,اسم,7935,entries/0742-0850.md,entry-0837
باتونِ برقی,باتونِ برقی,723,سلاح,اسم,6857,entries/0651-0741.md,entry-0723
باثبات,باثبات,146,عدم توقف: تداوم در حرکت / عمل,صفت,1353,entries/0091-0193.md,entry-0146
باثبات,باثبات,153,پایداری (تغییرناپذیری),صفت,1417,entries/0091-0193.md,entry-0153
باثبات,باثبات,599,عزم,صفت,5616,entries/0544-0650.md,entry-0599
باج,باج,790,غنایم 790#,اسم,7494,entries/0742-0850.md,entry-0790
باج,باج,809,قیمت,اسم,7646,entries/0742-0850.md,entry-0809
باج سبیل,باج سبیل,790,غنایم 790#,اسم,7494,entries/0742-0850.md,entry-0790
باج سبیل,باج سبیل,809,قیمت,اسم,7646,entries/0742-0850.md,entry-0809
باج گرفتن ◄ غارت کردن,باج گرفتن ◄ غارت کردن,809,قیمت,فعل,7650,entries/0742-0850.md,entry-0809
باجناغ,باجناغ,11,خویشاوندی: بستگی خونی,اسم,128,entries/0001-0090.md,entry-0011
باجناق,باجناق,11,خویشاوندی: بستگی خونی,اسم,128,entries/0001-0090.md,entry-0011
باجناق,باجناق,372,مذکر,اسم,3535,entries/0302-0437.md,entry-0372
باجه,باجه,192,منزل: محل سکنا یا زندگی,اسم,1821,entries/0091-0193.md,entry-0192
باجه,باجه,263,باز . گشودگی,اسم,2511,entries/0194-0301.md,entry-0263
باجه بلیط,باجه بلیط,267,مسافرت زمینی,اسم,2572,entries/0194-0301.md,entry-0267
باجی,باجی,373,مؤنث,اسم,3542,entries/0302-0437.md,entry-0373
باجی,باجی,562,اسم بی‌مسما . بی‌نامی,اسم,5283,entries/0544-0650.md,entry-0562
باج‌خور,باج‌خور,904,بدکار,اسم,8593,entries/0851-0969.md,entry-0904
باج‌وخراج,باج‌وخراج,809,قیمت,اسم,7646,entries/0742-0850.md,entry-0809
باج‌وخراج گرفتن,باج‌وخراج گرفتن,786,اخذ . گرفتن,فعل,7462,entries/0742-0850.md,entry-0786
باحال,باحال,174,فعال بودن,صفت,1647,entries/0091-0193.md,entry-0174
باحال,باحال,615,خِیر . سعادت,صفت,5773,entries/0544-0650.md,entry-0615
باحال,باحال,819,حساسیت روحی . زودرنجی,صفت,7736,entries/0742-0850.md,entry-0819
باحال,باحال,826,لذت‌بخشی . لطف,صفت,7810,entries/0742-0850.md,entry-0826
باحال,باحال,839,ظرافت طبع,صفت,7966,entries/0742-0850.md,entry-0839
باحالت,باحالت,178,تأثیر,صفت,1691,entries/0091-0193.md,entry-0178
باحالت,باحالت,291,جاذبه,صفت,2782,entries/0194-0301.md,entry-0291
باحالت,باحالت,821,تهییج,صفت,7755,entries/0742-0850.md,entry-0821
باحالت دفاعی,باحالت دفاعی,713,پاتک . دفاع,قید,6751,entries/0651-0741.md,entry-0713
باحرارت,باحرارت,160,توان 160#,صفت,1504,entries/0091-0193.md,entry-0160
باحرارت,باحرارت,671,مبادرت . اقدام,صفت,6364,entries/0651-0741.md,entry-0671
باحرارت,باحرارت,678,فعالیت . بیداری,صفت,6429,entries/0651-0741.md,entry-0678
باحرارت,باحرارت,818,احساس,صفت,7725,entries/0742-0850.md,entry-0818
باحسن نیت,باحسن نیت,897,نیکخواهی,صفت,8533,entries/0851-0969.md,entry-0897
باحسن نیت,باحسن نیت,923,تحسین,صفت,8771,entries/0851-0969.md,entry-0923
باحقوق خوب,باحقوق خوب,771,اکتساب,صفت,7310,entries/0742-0850.md,entry-0771
باحوصله,باحوصله,823,تهییج ناپذیری,صفت,7773,entries/0742-0850.md,entry-0823
باحیا,باحیا,874,فروتنی . شرم,صفت,8306,entries/0851-0969.md,entry-0874
باخ,باخ,413,موسیقی‌دان,اسم,3842,entries/0302-0437.md,entry-0413
باخاک یکسان کردن,باخاک یکسان کردن,2,عدم (نیستی),فعل,45,entries/0001-0090.md,entry-0002
باخاک یکسان کردن,باخاک یکسان کردن,165,تخریب,فعل,1566,entries/0091-0193.md,entry-0165
باخاک یکسان کردن,باخاک یکسان کردن,216,افقی,فعل,2074,entries/0194-0301.md,entry-0216
باخاک یکسان کردن,باخاک یکسان کردن,311,تنزل: پایین آوردن,فعل,2995,entries/0302-0437.md,entry-0311
باخبر,باخبر,524,اطلاع . آگاهی,صفت,4926,entries/0438-0543.md,entry-0524
باخبر بودن,باخبر بودن,524,اطلاع . آگاهی,فعل,4930,entries/0438-0543.md,entry-0524
باخبر شدن,باخبر شدن,484,کشف,فعل,4519,entries/0438-0543.md,entry-0484
باخبر شدن,باخبر شدن,524,اطلاع . آگاهی,فعل,4931,entries/0438-0543.md,entry-0524
باخبر کردن,باخبر کردن,524,اطلاع . آگاهی,فعل,4927,entries/0438-0543.md,entry-0524
باخت,باخت,37,کاهش,اسم,375,entries/0001-0090.md,entry-0037
باخت,باخت,728,شکست: عجز درانجام,اسم,6912,entries/0651-0741.md,entry-0728
باخت,باخت,772,خسران . باخت,اسم,7319,entries/0742-0850.md,entry-0772
باختر,باختر,281,جهت,اسم,2705,entries/0194-0301.md,entry-0281
باخترزمین,باخترزمین,184,منطقه: فضای معین,اسم,1747,entries/0091-0193.md,entry-0184
باختن,باختن,728,شکست: عجز درانجام,فعل,6921,entries/0651-0741.md,entry-0728
باختن,باختن,772,خسران . باخت,فعل,7323,entries/0742-0850.md,entry-0772
باخته,باخته,728,شکست: عجز درانجام,صفت,6916,entries/0651-0741.md,entry-0728
باخته,باخته,772,خسران . باخت,صفت,7321,entries/0742-0850.md,entry-0772
باخدا,باخدا,485,باور,صفت,4527,entries/0438-0543.md,entry-0485
باخدا,باخدا,973,دین . دینداری,صفت,9199,entries/0970-0991.md,entry-0973
باخشونت,باخشونت,176,شدت . خشونت,قید,1674,entries/0091-0193.md,entry-0176
باخط زرنوشتن,باخط زرنوشتن,638,اهمیت,فعل,6005,entries/0544-0650.md,entry-0638
باخطر مقابله کردن,باخطر مقابله کردن,599,عزم,فعل,5617,entries/0544-0650.md,entry-0599
باخطر مقابله کردن,باخطر مقابله کردن,704,ضدیت . تقابل,فعل,6665,entries/0651-0741.md,entry-0704
باخطر مقابله کردن,باخطر مقابله کردن,855,شجاعت,فعل,8127,entries/0851-0969.md,entry-0855
باخطرمقابله کردن,باخطرمقابله کردن,661,خطر,فعل,6274,entries/0651-0741.md,entry-0661
باخود حرف زدن,باخود حرف زدن,585,صحبت باخود,فعل,5439,entries/0544-0650.md,entry-0585
باخود صحبت کردن,باخود صحبت کردن,585,صحبت باخود,فعل,5439,entries/0544-0650.md,entry-0585
باد,باد,61,بی‌نظمی,اسم,620,entries/0001-0090.md,entry-0061
باد,باد,114,زودگذری,اسم,1065,entries/0091-0193.md,entry-0114
باد,باد,197,انبساط,اسم,1904,entries/0194-0301.md,entry-0197
باد,باد,287,رانش,اسم,2752,entries/0194-0301.md,entry-0287
باد,باد,319,مادیت 319#,اسم,3069,entries/0302-0437.md,entry-0319
باد,باد,323,سَبُکی,اسم,3116,entries/0302-0437.md,entry-0323
باد,باد,336,گاز,اسم,3219,entries/0302-0437.md,entry-0336
باد,باد,340,هوا 340#,اسم,3246,entries/0302-0437.md,entry-0340
باد,باد,352,باد: جریان هوا,اسم,3329,entries/0302-0437.md,entry-0352
باد,باد,382,سرمایش,اسم,3634,entries/0302-0437.md,entry-0382
باد,باد,401,صدای کوتاه,اسم,3762,entries/0302-0437.md,entry-0401
باد,باد,663,ورطه . مهلکه: مایۀ خطر,اسم,6286,entries/0651-0741.md,entry-0663
باد,باد,873,تکبر,اسم,8294,entries/0851-0969.md,entry-0873
باد آوردن,باد آوردن,197,انبساط,اسم,1904,entries/0194-0301.md,entry-0197
باد بروت داشتن,باد بروت داشتن,871,غرور . افتخار,فعل,8280,entries/0851-0969.md,entry-0871
باد به (تویِ,باد به (تویِ,873,تکبر,فعل,8298,entries/0851-0969.md,entry-0873
باد به(تو[یِ]) آستین کردن,باد به(تو[یِ]) آستین کردن,542,فریب,فعل,5108,entries/0438-0543.md,entry-0542
باد به‌پای (به‌گردِ پایِ) کسی(چیزی) نرسیدن,باد به‌پای (به‌گردِ پایِ) کسی(چیزی) نرسیدن,277,سرعت,فعل,2666,entries/0194-0301.md,entry-0277
باد خزان,باد خزان,352,باد: جریان هوا,اسم,3329,entries/0302-0437.md,entry-0352
باد خوردن,باد خوردن,267,مسافرت زمینی,فعل,2579,entries/0194-0301.md,entry-0267
باد خوردن,باد خوردن,352,باد: جریان هوا,فعل,3335,entries/0302-0437.md,entry-0352
باد خوردن,باد خوردن,506,فراموشی,فعل,4739,entries/0438-0543.md,entry-0506
باد دادن,باد دادن,340,هوا 340#,فعل,3253,entries/0302-0437.md,entry-0340
باد دادنِ خرمن(گندم,باد دادنِ خرمن(گندم,370,کشاورزی 370#,فعل,3520,entries/0302-0437.md,entry-0370
باد داشتن,باد داشتن,197,انبساط,اسم,1904,entries/0194-0301.md,entry-0197
باد داشتن,باد داشتن,873,تکبر,فعل,8298,entries/0851-0969.md,entry-0873
باد داغ,باد داغ,352,باد: جریان هوا,اسم,3329,entries/0302-0437.md,entry-0352
باد درسر داشتن,باد درسر داشتن,873,تکبر,فعل,8298,entries/0851-0969.md,entry-0873
باد درکردن,باد درکردن,300,دفع . طرد 300#,فعل,2869,entries/0194-0301.md,entry-0300
باد زدن,باد زدن,297,دخول: حرکت به درون,فعل,2829,entries/0194-0301.md,entry-0297
باد زدن,باد زدن,352,باد: جریان هوا,فعل,3334,entries/0302-0437.md,entry-0352
باد زدن,باد زدن,382,سرمایش,فعل,3639,entries/0302-0437.md,entry-0382
باد زدن,باد زدن,457,مراقبت . دقت,فعل,4226,entries/0438-0543.md,entry-0457
باد سام,باد سام,352,باد: جریان هوا,اسم,3329,entries/0302-0437.md,entry-0352
باد سموم,باد سموم,352,باد: جریان هوا,اسم,3329,entries/0302-0437.md,entry-0352
باد شمال (جنوب,باد شمال (جنوب,352,باد: جریان هوا,اسم,3329,entries/0302-0437.md,entry-0352
باد شکم,باد شکم,352,باد: جریان هوا,اسم,3331,entries/0302-0437.md,entry-0352
باد صرصر,باد صرصر,352,باد: جریان هوا,اسم,3329,entries/0302-0437.md,entry-0352
باد فتق,باد فتق,651,بیماری . ضعف جسمانی,اسم,6139,entries/0651-0741.md,entry-0651
باد مخالف,باد مخالف,240,روبرو 240#,اسم,2314,entries/0194-0301.md,entry-0240
باد مخالف,باد مخالف,352,باد: جریان هوا,اسم,3329,entries/0302-0437.md,entry-0352
باد مخالف,باد مخالف,704,ضدیت . تقابل,اسم,6661,entries/0651-0741.md,entry-0704
باد ملایم,باد ملایم,352,باد: جریان هوا,اسم,3331,entries/0302-0437.md,entry-0352
باد موافق,باد موافق,352,باد: جریان هوا,اسم,3329,entries/0302-0437.md,entry-0352
باد موسمی,باد موسمی,352,باد: جریان هوا,اسم,3329,entries/0302-0437.md,entry-0352
باد نوروز,باد نوروز,352,باد: جریان هوا,اسم,3329,entries/0302-0437.md,entry-0352
باد هوا,باد هوا,4,بی‌جوهری,اسم,59,entries/0001-0090.md,entry-0004
باد هوا,باد هوا,639,عدم اهمیت,اسم,6011,entries/0544-0650.md,entry-0639
باد هوا خوردن,باد هوا خوردن,801,فقر,فعل,7579,entries/0742-0850.md,entry-0801
باد چاق کردن,باد چاق کردن,619,پیگیری,اسم,5821,entries/0544-0650.md,entry-0619
باد چیزی‌را خالی کردن,باد چیزی‌را خالی کردن,198,انقباض,فعل,1918,entries/0194-0301.md,entry-0198
باد کردن,باد کردن,197,انبساط,فعل,1906,entries/0194-0301.md,entry-0197
باد کردن,باد کردن,253,تحدب,فعل,2431,entries/0194-0301.md,entry-0253
باد کردن,باد کردن,482,مبالغه,فعل,4503,entries/0438-0543.md,entry-0482
باد کردن,باد کردن,772,خسران . باخت,فعل,7326,entries/0742-0850.md,entry-0772
باد کردن,باد کردن,873,تکبر,فعل,8298,entries/0851-0969.md,entry-0873
باد کردن (داشتن),باد کردن (داشتن),254,برجستگی,فعل,2440,entries/0194-0301.md,entry-0254
باد گرفتن,باد گرفتن,648,پاکیزگی,اسم,6091,entries/0544-0650.md,entry-0648
بادآورده,بادآورده,771,اکتساب,صفت,7311,entries/0742-0850.md,entry-0771
بادآورده,بادآورده,800,ثروت 800#,صفت,7567,entries/0742-0850.md,entry-0800
بادام,بادام,301,غذا: خوردن و نوشیدن,اسم,2893,entries/0194-0301.md,entry-0301
بادام,بادام,357,روغن . چربی,اسم,3369,entries/0302-0437.md,entry-0357
بادام,بادام,366,گیاهان,اسم,3478,entries/0302-0437.md,entry-0366
بادام,بادام,438,دید . بینایی,اسم,4030,entries/0438-0543.md,entry-0438
بادام زمینی,بادام زمینی,301,غذا: خوردن و نوشیدن,اسم,2894,entries/0194-0301.md,entry-0301
بادام زمینی,بادام زمینی,357,روغن . چربی,اسم,3369,entries/0302-0437.md,entry-0357
بادام سوخته,بادام سوخته,430,قهوه‌ای 430#,صفت,3983,entries/0302-0437.md,entry-0430
بادام هندی,بادام هندی,301,غذا: خوردن و نوشیدن,اسم,2894,entries/0194-0301.md,entry-0301
بادامچه,بادامچه,630,ابزار 630#,اسم,5928,entries/0544-0650.md,entry-0630
بادامک,بادامک,630,ابزار 630#,اسم,5928,entries/0544-0650.md,entry-0630
بادامی,بادامی,301,غذا: خوردن و نوشیدن,صفت,2903,entries/0194-0301.md,entry-0301
بادامی,بادامی,434,سبز,اسم,4003,entries/0302-0437.md,entry-0434
بادانایی و درایت,بادانایی و درایت,447,شعور 447#,قید,4133,entries/0438-0543.md,entry-0447
بادانایی و درایت,بادانایی و درایت,490,دانش . دانایی 490#,صفت,4589,entries/0438-0543.md,entry-0490
بادبادک,بادبادک,352,باد: جریان هوا,اسم,3329,entries/0302-0437.md,entry-0352
بادبادک,بادبادک,837,سرگرمی,اسم,7935,entries/0742-0850.md,entry-0837
بادبادی,بادبادی,651,بیماری . ضعف جسمانی,صفت,6144,entries/0651-0741.md,entry-0651
بادبان,بادبان,269,مسافرت دریایی,اسم,2596,entries/0194-0301.md,entry-0269
بادبان,بادبان,275,ناو (کِشتی),اسم,2652,entries/0194-0301.md,entry-0275
بادبان,بادبان,287,رانش,اسم,2752,entries/0194-0301.md,entry-0287
بادبان برافراشتن,بادبان برافراشتن,269,مسافرت دریایی,فعل,2599,entries/0194-0301.md,entry-0269
بادبانی,بادبانی,275,ناو (کِشتی),صفت,2653,entries/0194-0301.md,entry-0275
بادبر,بادبر,837,سرگرمی,اسم,7935,entries/0742-0850.md,entry-0837
بادبزن,بادبزن,301,غذا: خوردن و نوشیدن,اسم,2877,entries/0194-0301.md,entry-0301
بادبزن,بادبزن,352,باد: جریان هوا,اسم,3329,entries/0302-0437.md,entry-0352
بادبزن,بادبزن,384,سردکننده: یخچال,اسم,3649,entries/0302-0437.md,entry-0384
بادبزن,بادبزن,630,ابزار 630#,اسم,5928,entries/0544-0650.md,entry-0630
بادبند,بادبند,218,پایه . تکیه‌گاه,اسم,2096,entries/0194-0301.md,entry-0218
بادخور,بادخور,201,فاصله,اسم,1941,entries/0194-0301.md,entry-0201
بادخور,بادخور,683,استراحت,اسم,6479,entries/0651-0741.md,entry-0683
بادخیز,بادخیز,352,باد: جریان هوا,صفت,3332,entries/0302-0437.md,entry-0352
باددرسر,باددرسر,873,تکبر,صفت,8297,entries/0851-0969.md,entry-0873
بادرنجبویه,بادرنجبویه,301,غذا: خوردن و نوشیدن,اسم,2897,entries/0194-0301.md,entry-0301
بادرنظرگرفتنِ,بادرنظرگرفتنِ,449,اندیشه,قید,4153,entries/0438-0543.md,entry-0449
بادزن,بادزن,383,گرم‌کننده: کوره، بخاری,اسم,3645,entries/0302-0437.md,entry-0383
بادزن,بادزن,384,سردکننده: یخچال,اسم,3649,entries/0302-0437.md,entry-0384
بادستمال ابریشم,بادستمال ابریشم,879,نوکری,صفت,8347,entries/0851-0969.md,entry-0879
بادستپاچگی,بادستپاچگی,670,فقدان آمادگی 670#,قید,6356,entries/0651-0741.md,entry-0670
بادستپاچگی ◄ به‌نحو ناآماده,بادستپاچگی ◄ به‌نحو ناآماده,670,فقدان آمادگی 670#,صفت,6352,entries/0651-0741.md,entry-0670
بادست‌وپا,بادست‌وپا,160,توان 160#,صفت,1503,entries/0091-0193.md,entry-0160
بادست‌وپا,بادست‌وپا,698,زیرکی,صفت,6596,entries/0651-0741.md,entry-0698
بادسنج,بادسنج,465,اندازه‌گیری . سنجش,اسم,4310,entries/0438-0543.md,entry-0465
بادشدن,بادشدن,197,انبساط,اسم,1904,entries/0194-0301.md,entry-0197
بادقت,بادقت,455,توجه,صفت,4197,entries/0438-0543.md,entry-0455
بادل,بادل,855,شجاعت,صفت,8125,entries/0851-0969.md,entry-0855
بادله,بادله,208,رشته . لیف,اسم,2003,entries/0194-0301.md,entry-0208
بادل‌وجان,بادل‌وجان,818,احساس,قید,7729,entries/0742-0850.md,entry-0818
بادل‌وجرئت,بادل‌وجرئت,855,شجاعت,صفت,8125,entries/0851-0969.md,entry-0855
بادمجان,بادمجان,301,غذا: خوردن و نوشیدن,اسم,2886,entries/0194-0301.md,entry-0301
بادمجان دور قاب چیدن,بادمجان دور قاب چیدن,925,چاپلوسی,فعل,8800,entries/0851-0969.md,entry-0925
بادمجان دورقاب‌چین,بادمجان دورقاب‌چین,879,نوکری,صفت,8347,entries/0851-0969.md,entry-0879
بادمجانی,بادمجانی,436,بنفش,صفت,4014,entries/0302-0437.md,entry-0436
بادموافق,بادموافق,703,کمک,اسم,6650,entries/0651-0741.md,entry-0703
بادنجان,بادنجان,301,غذا: خوردن و نوشیدن,اسم,2887,entries/0194-0301.md,entry-0301
بادنجانی,بادنجانی,436,بنفش,صفت,4014,entries/0302-0437.md,entry-0436
بادنجان‌دورقاب‌چین,بادنجان‌دورقاب‌چین,925,چاپلوسی,صفت,8798,entries/0851-0969.md,entry-0925
بادنما,بادنما,547,دلالت,اسم,5153,entries/0544-0650.md,entry-0547
بادنوردی,بادنوردی,837,سرگرمی,اسم,7945,entries/0742-0850.md,entry-0837
باده,باده,194,ظرف,اسم,1860,entries/0194-0301.md,entry-0194
باده خوردن,باده خوردن,949,مستی . اعتیاد,فعل,8989,entries/0851-0969.md,entry-0949
بادهوا,بادهوا,103,صفر,اسم,969,entries/0091-0193.md,entry-0103
بادهوا,بادهوا,541,دروغگویی,اسم,5087,entries/0438-0543.md,entry-0541
بادوام,بادوام,113,دیرگذری,صفت,1055,entries/0091-0193.md,entry-0113
بادوام,بادوام,115,ابدیت,صفت,1075,entries/0091-0193.md,entry-0115
بادوام,بادوام,144,ثبات: عدم تغییر 144#,صفت,1332,entries/0091-0193.md,entry-0144
بادوام,بادوام,153,پایداری (تغییرناپذیری),صفت,1415,entries/0091-0193.md,entry-0153
بادوام,بادوام,326,سختی . صلابت,صفت,3150,entries/0302-0437.md,entry-0326
بادوام,بادوام,329,استحکام,صفت,3172,entries/0302-0437.md,entry-0329
بادوام,بادوام,778,نگهداری,صفت,7381,entries/0742-0850.md,entry-0778
بادوام بودن,بادوام بودن,329,استحکام,فعل,3173,entries/0302-0437.md,entry-0329
بادوامی,بادوامی,113,دیرگذری,اسم,1053,entries/0091-0193.md,entry-0113
بادُم خود گردو شکستن,بادُم خود گردو شکستن,833,سرحالی . شادی,فعل,7878,entries/0742-0850.md,entry-0833
بادُم شیر بازی کردن,بادُم شیر بازی کردن,857,بی‌پروایی,فعل,8143,entries/0851-0969.md,entry-0857
بادِ بغل(دماغ),بادِ بغل(دماغ),873,تکبر,اسم,8294,entries/0851-0969.md,entry-0873
بادِ دبور,بادِ دبور,352,باد: جریان هوا,اسم,3329,entries/0302-0437.md,entry-0352
بادِ سرخ,بادِ سرخ,651,بیماری . ضعف جسمانی,اسم,6139,entries/0651-0741.md,entry-0651
بادِ هواشدن,بادِ هواشدن,165,تخریب,فعل,1569,entries/0091-0193.md,entry-0165
بادپا,بادپا,277,سرعت,صفت,2665,entries/0194-0301.md,entry-0277
بادکرده,بادکرده,197,انبساط,صفت,1905,entries/0194-0301.md,entry-0197
بادکرده,بادکرده,253,تحدب,صفت,2429,entries/0194-0301.md,entry-0253
بادکرده,بادکرده,772,خسران . باخت,اسم,7319,entries/0742-0850.md,entry-0772
بادکرده,بادکرده,793,فروش,صفت,7517,entries/0742-0850.md,entry-0793
بادکرده,بادکرده,873,تکبر,صفت,8297,entries/0851-0969.md,entry-0873
بادکردگی,بادکردگی,253,تحدب,اسم,2425,entries/0194-0301.md,entry-0253
بادکردگی,بادکردگی,254,برجستگی,اسم,2437,entries/0194-0301.md,entry-0254
بادکش,بادکش,255,تقعر,اسم,2446,entries/0194-0301.md,entry-0255
بادکش,بادکش,304,استخراج,اسم,2932,entries/0302-0437.md,entry-0304
بادکش,بادکش,365,حیوانات,اسم,3469,entries/0302-0437.md,entry-0365
بادکش,بادکش,378,تماس . لمس . لامسه,اسم,3591,entries/0302-0437.md,entry-0378
بادکش,بادکش,658,درمان,اسم,6233,entries/0651-0741.md,entry-0658
بادکنک,بادکنک,194,ظرف,اسم,1848,entries/0194-0301.md,entry-0194
بادکنک,بادکنک,252,کره . کروی بودن,اسم,2416,entries/0194-0301.md,entry-0252
بادکنک,بادکنک,340,هوا 340#,اسم,3246,entries/0302-0437.md,entry-0340
بادکنک,بادکنک,837,سرگرمی,اسم,7935,entries/0742-0850.md,entry-0837
بادگلو,بادگلو,300,دفع . طرد 300#,اسم,2862,entries/0194-0301.md,entry-0300
بادگیر,بادگیر,194,ظرف,اسم,1867,entries/0194-0301.md,entry-0194
بادگیر,بادگیر,228,پوشاک . پوشیدن,اسم,2207,entries/0194-0301.md,entry-0228
بادگیر,بادگیر,263,باز . گشودگی,اسم,2516,entries/0194-0301.md,entry-0263
بادگیر,بادگیر,352,باد: جریان هوا,صفت,3332,entries/0302-0437.md,entry-0352
بادگیر,بادگیر,353,لولۀ بادی,اسم,3339,entries/0302-0437.md,entry-0353
بادگیری,بادگیری,258,صافی (صاف بودن) 258#,اسم,2471,entries/0194-0301.md,entry-0258
بادگیری,بادگیری,274,وسیلۀ نقلیه,اسم,2646,entries/0194-0301.md,entry-0274
بادی,بادی,228,پوشاک . پوشیدن,اسم,2204,entries/0194-0301.md,entry-0228
بادی,بادی,352,باد: جریان هوا,صفت,3332,entries/0302-0437.md,entry-0352
بادی,بادی,414,ساز,اسم,3846,entries/0302-0437.md,entry-0414
بادی,بادی,420,روشنایی 420#,اسم,3911,entries/0302-0437.md,entry-0420
بادی,بادی,630,ابزار 630#,صفت,5935,entries/0544-0650.md,entry-0630
بادی,بادی,723,سلاح,اسم,6862,entries/0651-0741.md,entry-0723
بادی گارد,بادی گارد,742,خادم,اسم,7066,entries/0742-0850.md,entry-0742
بادیان,بادیان,301,غذا: خوردن و نوشیدن,اسم,2896,entries/0194-0301.md,entry-0301
بادیان رومی,بادیان رومی,301,غذا: خوردن و نوشیدن,اسم,2897,entries/0194-0301.md,entry-0301
بادیان رومی,بادیان رومی,389,ادویه و چاشنیها,اسم,3679,entries/0302-0437.md,entry-0389
بادیانه,بادیانه,301,غذا: خوردن و نوشیدن,اسم,2897,entries/0194-0301.md,entry-0301
بادیه,بادیه,172,سترونی,اسم,1625,entries/0091-0193.md,entry-0172
بادیه,بادیه,194,ظرف,اسم,1858,entries/0194-0301.md,entry-0194
بادیه,بادیه,342,خشکی,اسم,3269,entries/0302-0437.md,entry-0342
بادیه,بادیه,348,دشت,اسم,3304,entries/0302-0437.md,entry-0348
بادی‌بیلدینگ,بادی‌بیلدینگ,837,سرگرمی,اسم,7945,entries/0742-0850.md,entry-0837
بادی‌شیپر,بادی‌شیپر,837,سرگرمی,اسم,7945,entries/0742-0850.md,entry-0837
بادی‌گارد,بادی‌گارد,660,ایمنی 660#,اسم,6255,entries/0651-0741.md,entry-0660
بادی‌گارد,بادی‌گارد,927,حمایت,اسم,8814,entries/0851-0969.md,entry-0927
باذوق,باذوق,492,دانشمند,اسم,4609,entries/0438-0543.md,entry-0492
باذوق,باذوق,694,مهارت,صفت,6563,entries/0651-0741.md,entry-0694
باذوق,باذوق,846,خوش‌سلیقگی,صفت,8036,entries/0742-0850.md,entry-0846
باذکاوت,باذکاوت,498,هوش . فراست,صفت,4656,entries/0438-0543.md,entry-0498
باذکر جزئیات,باذکر جزئیات,54,کامل 54#,صفت,552,entries/0001-0090.md,entry-0054
باذکر مأخذ و منبع,باذکر مأخذ و منبع,186,موقعیت,اسم,1759,entries/0091-0193.md,entry-0186
بار,بار,74,تجمع . گردآوری,اسم,750,entries/0001-0090.md,entry-0074
بار,بار,110,دوره: زمان معین 110#,اسم,1033,entries/0091-0193.md,entry-0110
بار,بار,132,جوان,اسم,1221,entries/0091-0193.md,entry-0132
بار,بار,141,دوره‌ای بودن: نظم دروقوع و تکرار آن,اسم,1302,entries/0091-0193.md,entry-0141
بار,بار,157,معلول 157#,اسم,1465,entries/0091-0193.md,entry-0157
بار,بار,164,تولید . آفرینش,اسم,1550,entries/0091-0193.md,entry-0164
بار,بار,167,زادوولد,اسم,1581,entries/0091-0193.md,entry-0167
بار,بار,171,بارآوری,اسم,1615,entries/0091-0193.md,entry-0171
بار,بار,193,مظروف,اسم,1842,entries/0091-0193.md,entry-0193
بار,بار,194,ظرف,اسم,1851,entries/0194-0301.md,entry-0194
بار,بار,267,مسافرت زمینی,اسم,2574,entries/0194-0301.md,entry-0267
بار,بار,272,حمل . ترابری,اسم,2619,entries/0194-0301.md,entry-0272
بار,بار,301,غذا: خوردن و نوشیدن,اسم,2880,entries/0194-0301.md,entry-0301
بار,بار,322,سنگینی . گرانش,اسم,3105,entries/0302-0437.md,entry-0322
بار,بار,383,گرم‌کننده: کوره، بخاری,اسم,3645,entries/0302-0437.md,entry-0383
بار,بار,465,اندازه‌گیری . سنجش,اسم,4307,entries/0438-0543.md,entry-0465
بار,بار,632,انبار,اسم,5946,entries/0544-0650.md,entry-0632
بار,بار,651,بیماری . ضعف جسمانی,اسم,6125,entries/0651-0741.md,entry-0651
بار,بار,672,مأموریت,اسم,6372,entries/0651-0741.md,entry-0672
بار,بار,700,دشواری 700#,اسم,6614,entries/0651-0741.md,entry-0700
بار,بار,756,اجازه,اسم,7179,entries/0742-0850.md,entry-0756
بار,بار,777,دارایی . مِلک 777#,اسم,7366,entries/0742-0850.md,entry-0777
بار,بار,795,مال‌التجاره,اسم,7529,entries/0742-0850.md,entry-0795
بار,بار,917,وظیفه,اسم,8710,entries/0851-0969.md,entry-0917
بار آمدن,بار آمدن,164,تولید . آفرینش,فعل,1556,entries/0091-0193.md,entry-0164
بار آوردن,بار آوردن,36,افزایش,فعل,370,entries/0001-0090.md,entry-0036
بار آوردن,بار آوردن,156,علیت . علت 156#,فعل,1458,entries/0091-0193.md,entry-0156
بار آوردن,بار آوردن,164,تولید . آفرینش,فعل,1555,entries/0091-0193.md,entry-0164
بار آوردن,بار آوردن,167,زادوولد,فعل,1587,entries/0091-0193.md,entry-0167
بار آوردن,بار آوردن,171,بارآوری,فعل,1619,entries/0091-0193.md,entry-0171
بار آوردن,بار آوردن,370,کشاورزی 370#,فعل,3520,entries/0302-0437.md,entry-0370
بار آوردن,بار آوردن,534,آموزش,فعل,5040,entries/0438-0543.md,entry-0534
بار آوردن,بار آوردن,727,موفقیت,فعل,6904,entries/0651-0741.md,entry-0727
بار آوردن,بار آوردن,730,خوشبختی 730#,فعل,6934,entries/0651-0741.md,entry-0730
بار اثبات,بار اثبات,478,اثبات,اسم,4453,entries/0438-0543.md,entry-0478
بار ازدوش کسی برداشتن,بار ازدوش کسی برداشتن,703,کمک,فعل,6654,entries/0651-0741.md,entry-0703
بار ازدوش کسی برداشتن,بار ازدوش کسی برداشتن,831,تسکین,فعل,7861,entries/0742-0850.md,entry-0831
بار ازدوش کسی برداشتن,بار ازدوش کسی برداشتن,905,دلسوزی . ترحم,فعل,8605,entries/0851-0969.md,entry-0905
بار ازروی چیزی برداشتن,بار ازروی چیزی برداشتن,323,سَبُکی,فعل,3120,entries/0302-0437.md,entry-0323
بار الکتریکی,بار الکتریکی,160,توان 160#,اسم,1499,entries/0091-0193.md,entry-0160
بار انداختن,بار انداختن,187,استقرار . قرارگاه,فعل,1773,entries/0091-0193.md,entry-0187
بار بستن,بار بستن,267,مسافرت زمینی,فعل,2577,entries/0194-0301.md,entry-0267
بار به‌زمین گذاشتن,بار به‌زمین گذاشتن,167,زادوولد,فعل,1588,entries/0091-0193.md,entry-0167
بار خود را بستن,بار خود را بستن,800,ثروت 800#,فعل,7570,entries/0742-0850.md,entry-0800
بار دادن,بار دادن,171,بارآوری,فعل,1619,entries/0091-0193.md,entry-0171
بار دادن,بار دادن,640,فایده 640#,فعل,6024,entries/0544-0650.md,entry-0640
بار داشتن,بار داشتن,167,زادوولد,فعل,1587,entries/0091-0193.md,entry-0167
بار داشتن,بار داشتن,171,بارآوری,فعل,1620,entries/0091-0193.md,entry-0171
بار داشتن,بار داشتن,322,سنگینی . گرانش,فعل,3110,entries/0302-0437.md,entry-0322
بار داشتن,بار داشتن,637,وفور,فعل,5993,entries/0544-0650.md,entry-0637
بار زدن,بار زدن,54,کامل 54#,فعل,556,entries/0001-0090.md,entry-0054
بار زدن,بار زدن,188,نقل مکان . انتقال,فعل,1782,entries/0091-0193.md,entry-0188
بار زدن,بار زدن,193,مظروف,فعل,1843,entries/0091-0193.md,entry-0193
بار زدن,بار زدن,272,حمل . ترابری,فعل,2624,entries/0194-0301.md,entry-0272
بار سفر بستن,بار سفر بستن,267,مسافرت زمینی,فعل,2577,entries/0194-0301.md,entry-0267
بار سنگین,بار سنگین,702,منع . ممانعت,اسم,6640,entries/0651-0741.md,entry-0702
بار عام,بار عام,415,شنوایی,اسم,3860,entries/0302-0437.md,entry-0415
بار عام,بار عام,782,دریافت,اسم,7416,entries/0742-0850.md,entry-0782
بار عام,بار عام,886,تبریک,اسم,8424,entries/0851-0969.md,entry-0886
بار مسئولیت,بار مسئولیت,915,وجود حق,اسم,8686,entries/0851-0969.md,entry-0915
بار کردن,بار کردن,54,کامل 54#,فعل,556,entries/0001-0090.md,entry-0054
بار کردن,بار کردن,188,نقل مکان . انتقال,فعل,1782,entries/0091-0193.md,entry-0188
بار کردن,بار کردن,193,مظروف,فعل,1843,entries/0091-0193.md,entry-0193
بار کردن,بار کردن,198,انقباض,فعل,1918,entries/0194-0301.md,entry-0198
بار کردن,بار کردن,272,حمل . ترابری,فعل,2624,entries/0194-0301.md,entry-0272
بار کردن,بار کردن,301,غذا: خوردن و نوشیدن,فعل,2912,entries/0194-0301.md,entry-0301
بار کردن,بار کردن,322,سنگینی . گرانش,فعل,3111,entries/0302-0437.md,entry-0322
بار کردن,بار کردن,740,اجبار 740#,فعل,7044,entries/0651-0741.md,entry-0740
بار کردن,بار کردن,943,اسراف . عدم اعتدال,فعل,8946,entries/0851-0969.md,entry-0943
بار کردن,بار کردن,947,پُرخوری,فعل,8971,entries/0851-0969.md,entry-0947
بار کشتی کردن,بار کشتی کردن,193,مظروف,فعل,1843,entries/0091-0193.md,entry-0193
بار کشیدن,بار کشیدن,188,نقل مکان . انتقال,فعل,1782,entries/0091-0193.md,entry-0188
بار کشیدن,بار کشیدن,272,حمل . ترابری,فعل,2624,entries/0194-0301.md,entry-0272
بار گذاشتن (گذاردن),بار گذاشتن (گذاردن),301,غذا: خوردن و نوشیدن,فعل,2912,entries/0194-0301.md,entry-0301
بار گرفتن,بار گرفتن,171,بارآوری,فعل,1620,entries/0091-0193.md,entry-0171
بار گرفتن,بار گرفتن,188,نقل مکان . انتقال,فعل,1782,entries/0091-0193.md,entry-0188
بار گرفتن,بار گرفتن,272,حمل . ترابری,فعل,2624,entries/0194-0301.md,entry-0272
بار گناه,بار گناه,936,گناهکاری . مجرمیت,اسم,8896,entries/0851-0969.md,entry-0936
بار ◄ زایمان,بار ◄ زایمان,371,انسان,اسم,3527,entries/0302-0437.md,entry-0371
بار ◄ محل تغذیه,بار ◄ محل تغذیه,949,مستی . اعتیاد,اسم,8982,entries/0851-0969.md,entry-0949
بارآمدن,بارآمدن,536,یادگیری,فعل,5053,entries/0438-0543.md,entry-0536
بارآوری,بارآوری,68,آغاز,اسم,684,entries/0001-0090.md,entry-0068
بارآوری,بارآوری,164,تولید . آفرینش,اسم,1549,entries/0091-0193.md,entry-0164
بارآوری,بارآوری,171,بارآوری,اسم,1615,entries/0091-0193.md,entry-0171
بارآوری,بارآوری,370,کشاورزی 370#,اسم,3513,entries/0302-0437.md,entry-0370
باراله,باراله,965,ذات خداوندی,اسم,9136,entries/0851-0969.md,entry-0965
باران,باران,309,سقوط: پایین آمدن,اسم,2977,entries/0302-0437.md,entry-0309
باران,باران,339,آب,اسم,3240,entries/0302-0437.md,entry-0339
باران,باران,350,نهر . باران: آب درجریان 350#,اسم,3312,entries/0302-0437.md,entry-0350
باران آمدن,باران آمدن,350,نهر . باران: آب درجریان 350#,فعل,3318,entries/0302-0437.md,entry-0350
باران اسیدی,باران اسیدی,344,زمین,اسم,3284,entries/0302-0437.md,entry-0344
باران بهاری,باران بهاری,114,زودگذری,اسم,1065,entries/0091-0193.md,entry-0114
باران بهاری,باران بهاری,152,تغییرپذیری,اسم,1402,entries/0091-0193.md,entry-0152
باران بهاری,باران بهاری,350,نهر . باران: آب درجریان 350#,اسم,3315,entries/0302-0437.md,entry-0350
باران خوردن,باران خوردن,341,رطوبت . نَمّ,فعل,3262,entries/0302-0437.md,entry-0341
باران زدن,باران زدن,350,نهر . باران: آب درجریان 350#,فعل,3318,entries/0302-0437.md,entry-0350
باران سرخ,باران سرخ,350,نهر . باران: آب درجریان 350#,اسم,3315,entries/0302-0437.md,entry-0350
باران مصنوعی,باران مصنوعی,350,نهر . باران: آب درجریان 350#,اسم,3315,entries/0302-0437.md,entry-0350
باران گرفتن,باران گرفتن,350,نهر . باران: آب درجریان 350#,فعل,3318,entries/0302-0437.md,entry-0350
بارانداز,بارانداز,145,توقف: تغییر ازحرکت / عمل به‌سکون,اسم,1343,entries/0091-0193.md,entry-0145
بارانداز,بارانداز,192,منزل: محل سکنا یا زندگی,اسم,1826,entries/0091-0193.md,entry-0192
بارانداز,بارانداز,269,مسافرت دریایی,اسم,2596,entries/0194-0301.md,entry-0269
بارانداز,بارانداز,272,حمل . ترابری,اسم,2618,entries/0194-0301.md,entry-0272
بارانداز,بارانداز,632,انبار,اسم,5946,entries/0544-0650.md,entry-0632
بارانداز,بارانداز,633,تهیه,اسم,5954,entries/0544-0650.md,entry-0633
بارانداز,بارانداز,716,ستیز . مبارزه,اسم,6778,entries/0651-0741.md,entry-0716
باراندن,باراندن,311,تنزل: پایین آوردن,فعل,2995,entries/0302-0437.md,entry-0311
باراندن,باراندن,350,نهر . باران: آب درجریان 350#,اسم,3315,entries/0302-0437.md,entry-0350
بارانِ اسیدی,بارانِ اسیدی,350,نهر . باران: آب درجریان 350#,اسم,3315,entries/0302-0437.md,entry-0350
بارانی,بارانی,228,پوشاک . پوشیدن,اسم,2207,entries/0194-0301.md,entry-0228
بارانی,بارانی,340,هوا 340#,اسم,3248,entries/0302-0437.md,entry-0340
بارانی,بارانی,342,خشکی,اسم,3271,entries/0302-0437.md,entry-0342
بارانی,بارانی,350,نهر . باران: آب درجریان 350#,صفت,3316,entries/0302-0437.md,entry-0350
بارانی,بارانی,355,حباب . ابر: مخلوط هوا و آب 355#,صفت,3357,entries/0302-0437.md,entry-0355
بارانی,بارانی,438,دید . بینایی,صفت,4036,entries/0438-0543.md,entry-0438
بارانی [◄ جاری 350],بارانی [◄ جاری 350],341,رطوبت . نَمّ,صفت,3260,entries/0302-0437.md,entry-0341
باران‌خیز,باران‌خیز,340,هوا 340#,صفت,3252,entries/0302-0437.md,entry-0340
باران‌دیده,باران‌دیده,341,رطوبت . نَمّ,صفت,3261,entries/0302-0437.md,entry-0341
باران‌دیده [گرگ],باران‌دیده [گرگ],669,آمادگی,صفت,6340,entries/0651-0741.md,entry-0669
باران‌سنج,باران‌سنج,350,نهر . باران: آب درجریان 350#,اسم,3315,entries/0302-0437.md,entry-0350
باران‌سنج,باران‌سنج,465,اندازه‌گیری . سنجش,اسم,4310,entries/0438-0543.md,entry-0465
باران‌گیر,باران‌گیر,226,پوشش,اسم,2171,entries/0194-0301.md,entry-0226
باران‌گیر,باران‌گیر,662,پناهگاه,اسم,6280,entries/0651-0741.md,entry-0662
باربد,باربد,413,موسیقی‌دان,اسم,3842,entries/0302-0437.md,entry-0413
باربر,باربر,267,مسافرت زمینی,اسم,2575,entries/0194-0301.md,entry-0267
باربر,باربر,273,حمل‌کننده,اسم,2630,entries/0194-0301.md,entry-0273
باربر,باربر,794,تاجر,اسم,7525,entries/0742-0850.md,entry-0794
باربردار,باربردار,273,حمل‌کننده,اسم,2631,entries/0194-0301.md,entry-0273
باربری,باربری,188,نقل مکان . انتقال,اسم,1778,entries/0091-0193.md,entry-0188
باربری,باربری,272,حمل . ترابری,اسم,2618,entries/0194-0301.md,entry-0272
باربری,باربری,622,اشتغال,اسم,5847,entries/0544-0650.md,entry-0622
باربند,باربند,47,پیوند: وسیلۀ اتصال,اسم,482,entries/0001-0090.md,entry-0047
باربند,باربند,194,ظرف,اسم,1853,entries/0194-0301.md,entry-0194
باربند,باربند,274,وسیلۀ نقلیه,اسم,2647,entries/0194-0301.md,entry-0274
باربند,باربند,369,دامداری,اسم,3503,entries/0302-0437.md,entry-0369
باربند ◄ جعبه,باربند ◄ جعبه,267,مسافرت زمینی,اسم,2574,entries/0194-0301.md,entry-0267
باربکیو,باربکیو,383,گرم‌کننده: کوره، بخاری,اسم,3645,entries/0302-0437.md,entry-0383
باربی,باربی,837,سرگرمی,اسم,7935,entries/0742-0850.md,entry-0837
بارخالی کردن,بارخالی کردن,188,نقل مکان . انتقال,اسم,1778,entries/0091-0193.md,entry-0188
بارخدایا,بارخدایا,965,ذات خداوندی,شبه جمله,9146,entries/0851-0969.md,entry-0965
بارد,بارد,380,سرما 380#,صفت,3614,entries/0302-0437.md,entry-0380
بارد,بارد,838,ملال . کسلی,صفت,7958,entries/0742-0850.md,entry-0838
باردار,باردار,167,زادوولد,صفت,1585,entries/0091-0193.md,entry-0167
باردار,باردار,273,حمل‌کننده,صفت,2633,entries/0194-0301.md,entry-0273
باردار,باردار,322,سنگینی . گرانش,صفت,3109,entries/0302-0437.md,entry-0322
باردار,باردار,366,گیاهان,صفت,3484,entries/0302-0437.md,entry-0366
باردار,باردار,373,مؤنث,صفت,3544,entries/0302-0437.md,entry-0373
باردار شدن,باردار شدن,167,زادوولد,فعل,1587,entries/0091-0193.md,entry-0167
بارداری,بارداری,167,زادوولد,اسم,1581,entries/0091-0193.md,entry-0167
باردل,باردل,825,رنج . غم,اسم,7796,entries/0742-0850.md,entry-0825
بارز,بارز,32,بزرگی,صفت,327,entries/0001-0090.md,entry-0032
بارز,بارز,254,برجستگی,صفت,2439,entries/0194-0301.md,entry-0254
بارز,بارز,417,روشنی,صفت,3884,entries/0302-0437.md,entry-0417
بارز,بارز,443,پیدایی,صفت,4077,entries/0438-0543.md,entry-0443
بارز,بارز,522,تجلی,صفت,4897,entries/0438-0543.md,entry-0522
بارز,بارز,528,نشر,صفت,4979,entries/0438-0543.md,entry-0528
بارز,بارز,866,خوش‌نامی,صفت,8226,entries/0851-0969.md,entry-0866
بارزد,بارزد,357,روغن . چربی,اسم,3372,entries/0302-0437.md,entry-0357
بارش,بارش,350,نهر . باران: آب درجریان 350#,اسم,3315,entries/0302-0437.md,entry-0350
بارش شدید برف,بارش شدید برف,380,سرما 380#,اسم,3612,entries/0302-0437.md,entry-0380
بارش کم,بارش کم,342,خشکی,اسم,3269,entries/0302-0437.md,entry-0342
بارشده,بارشده,702,منع . ممانعت,صفت,6643,entries/0651-0741.md,entry-0702
بارفروش,بارفروش,794,تاجر,اسم,7524,entries/0742-0850.md,entry-0794
بارفیکس,بارفیکس,837,سرگرمی,اسم,7940,entries/0742-0850.md,entry-0837
بارقه,بارقه,417,روشنی,اسم,3878,entries/0302-0437.md,entry-0417
بارم,بارم,465,اندازه‌گیری . سنجش,اسم,4313,entries/0438-0543.md,entry-0465
بارم‌بندی,بارم‌بندی,465,اندازه‌گیری . سنجش,اسم,4305,entries/0438-0543.md,entry-0465
بارنامه,بارنامه,87,فهرست,اسم,885,entries/0001-0090.md,entry-0087
بارندگی,بارندگی,350,نهر . باران: آب درجریان 350#,اسم,3315,entries/0302-0437.md,entry-0350
باره,باره,452,موضوع,اسم,4172,entries/0438-0543.md,entry-0452
بارها,بارها,139,اغلب (کثرت وقوع),قید,1285,entries/0091-0193.md,entry-0139
بارو,بارو,164,تولید . آفرینش,اسم,1551,entries/0091-0193.md,entry-0164
بارو,بارو,209,بلندی (ارتفاع) . بالا . رو,اسم,2016,entries/0194-0301.md,entry-0209
بارو,بارو,213,قلّه . رأس,اسم,2047,entries/0194-0301.md,entry-0213
بارو,بارو,713,پاتک . دفاع,اسم,6743,entries/0651-0741.md,entry-0713
باروبندیل,باروبندیل,267,مسافرت زمینی,اسم,2574,entries/0194-0301.md,entry-0267
باروبنشن,باروبنشن,301,غذا: خوردن و نوشیدن,اسم,2898,entries/0194-0301.md,entry-0301
باروبنه,باروبنه,194,ظرف,اسم,1855,entries/0194-0301.md,entry-0194
باروبنه,باروبنه,267,مسافرت زمینی,اسم,2574,entries/0194-0301.md,entry-0267
باروبنه,باروبنه,777,دارایی . مِلک 777#,اسم,7366,entries/0742-0850.md,entry-0777
باروت,باروت,287,رانش,اسم,2752,entries/0194-0301.md,entry-0287
باروت,باروت,385,سوخت,اسم,3655,entries/0302-0437.md,entry-0385
باروت,باروت,420,روشنایی 420#,اسم,3914,entries/0302-0437.md,entry-0420
باروت,باروت,723,سلاح,اسم,6863,entries/0651-0741.md,entry-0723
باروتی,باروتی,388,تیزی مزه,اسم,3672,entries/0302-0437.md,entry-0388
باروتی,باروتی,430,قهوه‌ای 430#,صفت,3983,entries/0302-0437.md,entry-0430
باروح,باروح,360,زندگی 360#,صفت,3405,entries/0302-0437.md,entry-0360
باروح,باروح,819,حساسیت روحی . زودرنجی,صفت,7736,entries/0742-0850.md,entry-0819
باروحیۀ همکاری,باروحیۀ همکاری,706,همکاری . تعاون,قید,6678,entries/0651-0741.md,entry-0706
بارور,بارور,36,افزایش,صفت,368,entries/0001-0090.md,entry-0036
بارور,بارور,167,زادوولد,صفت,1585,entries/0091-0193.md,entry-0167
بارور,بارور,171,بارآوری,صفت,1618,entries/0091-0193.md,entry-0171
بارور,بارور,373,مؤنث,صفت,3544,entries/0302-0437.md,entry-0373
بارور,بارور,669,آمادگی,صفت,6339,entries/0651-0741.md,entry-0669
بارور شدن,بارور شدن,167,زادوولد,فعل,1587,entries/0091-0193.md,entry-0167
بارور کردن,بارور کردن,167,زادوولد,فعل,1587,entries/0091-0193.md,entry-0167
بارور کردن,بارور کردن,171,بارآوری,فعل,1619,entries/0091-0193.md,entry-0171
بارور کردن,بارور کردن,370,کشاورزی 370#,فعل,3520,entries/0302-0437.md,entry-0370
باروری,باروری,166,تولید مثل,اسم,1573,entries/0091-0193.md,entry-0166
باروری,باروری,167,زادوولد,اسم,1581,entries/0091-0193.md,entry-0167
باروری,باروری,171,بارآوری,اسم,1615,entries/0091-0193.md,entry-0171
باروری گیاهی و جانوری ◄ بارآوری,باروری گیاهی و جانوری ◄ بارآوری,167,زادوولد,اسم,1581,entries/0091-0193.md,entry-0167
بارومتر,بارومتر,465,اندازه‌گیری . سنجش,اسم,4310,entries/0438-0543.md,entry-0465
باروکش محافظت کردن,باروکش محافظت کردن,421,حفاظ . پرده,فعل,3924,entries/0302-0437.md,entry-0421
بارِ دوش کسی بودن,بارِ دوش کسی بودن,827,دردناکی,فعل,7826,entries/0742-0850.md,entry-0827
بارپیچ,بارپیچ,47,پیوند: وسیلۀ اتصال,اسم,482,entries/0001-0090.md,entry-0047
بارچارت,بارچارت,86,شمارش,اسم,872,entries/0001-0090.md,entry-0086
بارکش,بارکش,267,مسافرت زمینی,اسم,2576,entries/0194-0301.md,entry-0267
بارکش,بارکش,273,حمل‌کننده,اسم,2631,entries/0194-0301.md,entry-0273
بارکش,بارکش,274,وسیلۀ نقلیه,اسم,2640,entries/0194-0301.md,entry-0274
بارکشی,بارکشی,272,حمل . ترابری,اسم,2618,entries/0194-0301.md,entry-0272
بارکُد,بارکُد,530,راز 530#,اسم,5000,entries/0438-0543.md,entry-0530
بارکُد,بارکُد,547,دلالت,اسم,5150,entries/0544-0650.md,entry-0547
بارک‌الله,بارک‌الله,923,تحسین,شبه جمله,8776,entries/0851-0969.md,entry-0923
بارگاه,بارگاه,237,جلو,اسم,2290,entries/0194-0301.md,entry-0237
بارگاه,بارگاه,263,باز . گشودگی,اسم,2513,entries/0194-0301.md,entry-0263
بارگاه,بارگاه,364,دفن,اسم,3447,entries/0302-0437.md,entry-0364
بارگاه,بارگاه,990,معبد,اسم,9355,entries/0970-0991.md,entry-0990
بارگی,بارگی,273,حمل‌کننده,اسم,2632,entries/0194-0301.md,entry-0273
بارگیر,بارگیر,273,حمل‌کننده,صفت,2633,entries/0194-0301.md,entry-0273
بارگیری,بارگیری,188,نقل مکان . انتقال,اسم,1778,entries/0091-0193.md,entry-0188
بارگیری,بارگیری,193,مظروف,اسم,1842,entries/0091-0193.md,entry-0193
بارگیری,بارگیری,272,حمل . ترابری,اسم,2619,entries/0194-0301.md,entry-0272
بارگیری,بارگیری,633,تهیه,اسم,5954,entries/0544-0650.md,entry-0633
بارگیری کردن,بارگیری کردن,193,مظروف,فعل,1843,entries/0091-0193.md,entry-0193
باری,باری,71,تداوم [در ترتیب] . تسلسل,قید,722,entries/0001-0090.md,entry-0071
باری,باری,273,حمل‌کننده,صفت,2633,entries/0194-0301.md,entry-0273
باری,باری,274,وسیلۀ نقلیه,اسم,2641,entries/0194-0301.md,entry-0274
باری,باری,569,ایجاز,قید,5329,entries/0544-0650.md,entry-0569
باری به‌هرجهت,باری به‌هرجهت,458,غفلت . بی‌دقتی,صفت,4235,entries/0438-0543.md,entry-0458
باری به‌هرجهت,باری به‌هرجهت,569,ایجاز,قید,5329,entries/0544-0650.md,entry-0569
باریتعالی,باریتعالی,965,ذات خداوندی,اسم,9136,entries/0851-0969.md,entry-0965
باریدن,باریدن,309,سقوط: پایین آمدن,فعل,2979,entries/0302-0437.md,entry-0309
باریدن,باریدن,311,تنزل: پایین آوردن,فعل,2995,entries/0302-0437.md,entry-0311
باریدن,باریدن,350,نهر . باران: آب درجریان 350#,فعل,3318,entries/0302-0437.md,entry-0350
باریدن,باریدن,443,پیدایی,فعل,4079,entries/0438-0543.md,entry-0443
باریم,باریم,319,مادیت 319#,اسم,3069,entries/0302-0437.md,entry-0319
باریک,باریک,163,ضعف,صفت,1540,entries/0091-0193.md,entry-0163
باریک,باریک,196,خُردی,صفت,1898,entries/0194-0301.md,entry-0196
باریک,باریک,198,انقباض,صفت,1915,entries/0194-0301.md,entry-0198
باریک,باریک,203,درازی (طول),صفت,1961,entries/0194-0301.md,entry-0203
باریک,باریک,206,باریکی,صفت,1986,entries/0194-0301.md,entry-0206
باریک,باریک,209,بلندی (ارتفاع) . بالا . رو,صفت,2019,entries/0194-0301.md,entry-0209
باریک,باریک,212,کم‌عمقی,صفت,2042,entries/0194-0301.md,entry-0212
باریک,باریک,325,رقت . کمیابی,صفت,3142,entries/0302-0437.md,entry-0325
باریک,باریک,575,ظرافت کلام,صفت,5368,entries/0544-0650.md,entry-0575
باریک,باریک,636,عدم کفایت,صفت,5981,entries/0544-0650.md,entry-0636
باریک,باریک,661,خطر,صفت,6269,entries/0651-0741.md,entry-0661
باریک,باریک,747,تحدید . خودداری,صفت,7114,entries/0742-0850.md,entry-0747
باریک,باریک,839,ظرافت طبع,صفت,7967,entries/0742-0850.md,entry-0839
باریک بودن,باریک بودن,206,باریکی,فعل,1987,entries/0194-0301.md,entry-0206
باریک بودن,باریک بودن,293,همگرایی,فعل,2795,entries/0194-0301.md,entry-0293
باریک بین,باریک بین,846,خوش‌سلیقگی,صفت,8036,entries/0742-0850.md,entry-0846
باریک بین,باریک بین,862,مشکل‌پسندی,صفت,8186,entries/0851-0969.md,entry-0862
باریک شدن,باریک شدن,206,باریکی,فعل,1987,entries/0194-0301.md,entry-0206
باریک شدن,باریک شدن,256,تیزی 256#,فعل,2459,entries/0194-0301.md,entry-0256
باریک شدن,باریک شدن,293,همگرایی,فعل,2795,entries/0194-0301.md,entry-0293
باریک شدن,باریک شدن,456,بی‌توجهی,فعل,4216,entries/0438-0543.md,entry-0456
باریک شدن,باریک شدن,525,کتمان,فعل,4944,entries/0438-0543.md,entry-0525
باریک شدن,باریک شدن,700,دشواری 700#,فعل,6619,entries/0651-0741.md,entry-0700
باریک شدن در چیزی,باریک شدن در چیزی,455,توجه,فعل,4200,entries/0438-0543.md,entry-0455
باریک شدن کار,باریک شدن کار,661,خطر,فعل,6273,entries/0651-0741.md,entry-0661
باریک کردن,باریک کردن,206,باریکی,فعل,1988,entries/0194-0301.md,entry-0206
باریکه,باریکه,53,جزء,اسم,540,entries/0001-0090.md,entry-0053
باریکه,باریکه,203,درازی (طول),اسم,1959,entries/0194-0301.md,entry-0203
باریکه,باریکه,206,باریکی,اسم,1985,entries/0194-0301.md,entry-0206
باریکه,باریکه,417,روشنی,اسم,3878,entries/0302-0437.md,entry-0417
باریکه,باریکه,624,راه,اسم,5874,entries/0544-0650.md,entry-0624
باریکی,باریکی,4,بی‌جوهری,اسم,58,entries/0001-0090.md,entry-0004
باریکی,باریکی,33,کوچکی,اسم,334,entries/0001-0090.md,entry-0033
باریکی,باریکی,196,خُردی,اسم,1891,entries/0194-0301.md,entry-0196
باریکی,باریکی,198,انقباض,اسم,1911,entries/0194-0301.md,entry-0198
باریکی,باریکی,206,باریکی,اسم,1984,entries/0194-0301.md,entry-0206
باریکی,باریکی,325,رقت . کمیابی,اسم,3141,entries/0302-0437.md,entry-0325
باریکی206,باریکی206,196,خُردی,اسم,1893,entries/0194-0301.md,entry-0196
باریک‌اندام,باریک‌اندام,196,خُردی,صفت,1898,entries/0194-0301.md,entry-0196
باریک‌اندام,باریک‌اندام,206,باریکی,صفت,1986,entries/0194-0301.md,entry-0206
باریک‌اندام,باریک‌اندام,841,زیبایی,صفت,7983,entries/0742-0850.md,entry-0841
باریک‌بینی,باریک‌بینی,455,توجه,اسم,4196,entries/0438-0543.md,entry-0455
باریک‌بینی,باریک‌بینی,457,مراقبت . دقت,اسم,4221,entries/0438-0543.md,entry-0457
باریک‌بینی,باریک‌بینی,862,مشکل‌پسندی,اسم,8185,entries/0851-0969.md,entry-0862
باریک‌تر ازمو,باریک‌تر ازمو,494,حقیقت,صفت,4622,entries/0438-0543.md,entry-0494
باریک‌ترازمو,باریک‌ترازمو,206,باریکی,صفت,1986,entries/0194-0301.md,entry-0206
باریک‌دان,باریک‌دان,839,ظرافت طبع,صفت,7966,entries/0742-0850.md,entry-0839
باریک‌شونده,باریک‌شونده,260,دندانه 260#,صفت,2491,entries/0194-0301.md,entry-0260
باری‌به‌هرجهت,باری‌به‌هرجهت,860,بی‌تفاوتی 860#,صفت,8171,entries/0851-0969.md,entry-0860
باری‌به‌هرجهت,باری‌به‌هرجهت,865,فقدان تحیر,صفت,8212,entries/0851-0969.md,entry-0865
باز,باز,35,کهتری,قید,362,entries/0001-0090.md,entry-0035
باز,باز,46,عدم اتحاد . گسیختگی,صفت,466,entries/0001-0090.md,entry-0046
باز,باز,91,دوبرابری,قید,919,entries/0091-0193.md,entry-0091
باز,باز,106,تکرار,قید,1000,entries/0091-0193.md,entry-0106
باز,باز,153,پایداری (تغییرناپذیری),صفت,1416,entries/0091-0193.md,entry-0153
باز,باز,174,فعال بودن,صفت,1648,entries/0091-0193.md,entry-0174
باز,باز,182,اثر متقابل,قید,1719,entries/0091-0193.md,entry-0182
باز,باز,183,فضا 183#,صفت,1741,entries/0091-0193.md,entry-0183
باز,باز,197,انبساط,صفت,1905,entries/0194-0301.md,entry-0197
باز,باز,201,فاصله,صفت,1943,entries/0194-0301.md,entry-0201
باز,باز,229,برهنگی . کندن لباس,صفت,2225,entries/0194-0301.md,entry-0229
باز,باز,247,زاویه,صفت,2369,entries/0194-0301.md,entry-0247
باز,باز,263,باز . گشودگی,صفت,2519,entries/0194-0301.md,entry-0263
باز,باز,298,صدور: حرکت به‌بیرون 298#,صفت,2841,entries/0194-0301.md,entry-0298
باز,باز,319,مادیت 319#,اسم,3071,entries/0302-0437.md,entry-0319
باز,باز,350,نهر . باران: آب درجریان 350#,صفت,3316,entries/0302-0437.md,entry-0350
باز,باز,365,حیوانات,اسم,3457,entries/0302-0437.md,entry-0365
باز,باز,391,بدطعمی,اسم,3691,entries/0302-0437.md,entry-0391
باز,باز,425,رنگ,صفت,3950,entries/0302-0437.md,entry-0425
باز,باز,443,پیدایی,صفت,4077,entries/0438-0543.md,entry-0443
باز,باز,490,دانش . دانایی 490#,صفت,4587,entries/0438-0543.md,entry-0490
باز,باز,526,افشا,صفت,4951,entries/0438-0543.md,entry-0526
باز,باز,602,سرسختی . یکدندگی,صفت,5636,entries/0544-0650.md,entry-0602
باز,باز,619,پیگیری,اسم,5822,entries/0544-0650.md,entry-0619
باز,باز,622,اشتغال,صفت,5850,entries/0544-0650.md,entry-0622
باز,باز,661,خطر,صفت,6271,entries/0651-0741.md,entry-0661
باز,باز,670,فقدان آمادگی 670#,صفت,6353,entries/0651-0741.md,entry-0670
باز,باز,676,عمل,صفت,6409,entries/0651-0741.md,entry-0676
باز,باز,736,آسان‌گیری,صفت,7003,entries/0651-0741.md,entry-0736
باز,باز,744,آزادی,صفت,7085,entries/0742-0850.md,entry-0744
باز,باز,779,عدم نگهداری,صفت,7390,entries/0742-0850.md,entry-0779
باز (پیشوند فعلی) (باز--) ∊ بازیافتن,باز (پیشوند فعلی) (باز--) ∊ بازیافتن,106,تکرار,فعل,997,entries/0091-0193.md,entry-0106
باز آمدن,باز آمدن,139,اغلب (کثرت وقوع),فعل,1284,entries/0091-0193.md,entry-0139
باز ایستادن,باز ایستادن,69,پایان,فعل,703,entries/0001-0090.md,entry-0069
باز بودن,باز بودن,263,باز . گشودگی,اسم,2508,entries/0194-0301.md,entry-0263
باز بودن,باز بودن,779,عدم نگهداری,فعل,7391,entries/0742-0850.md,entry-0779
باز شدن,باز شدن,263,باز . گشودگی,اسم,2508,entries/0194-0301.md,entry-0263
باز شناختن,باز شناختن,15,تفاوت . تمیز,فعل,165,entries/0001-0090.md,entry-0015
باز شکاری,باز شکاری,365,حیوانات,اسم,3457,entries/0302-0437.md,entry-0365
باز ماندن,باز ماندن,41,باقیمانده,فعل,408,entries/0001-0090.md,entry-0041
باز نایستادن,باز نایستادن,671,مبادرت . اقدام,فعل,6367,entries/0651-0741.md,entry-0671
باز پس گرفتن,باز پس گرفتن,656,بازسازی,فعل,6208,entries/0651-0741.md,entry-0656
باز کردن,باز کردن,46,عدم اتحاد . گسیختگی,فعل,472,entries/0001-0090.md,entry-0046
باز کردن,باز کردن,53,جزء,فعل,545,entries/0001-0090.md,entry-0053
باز کردن,باز کردن,263,باز . گشودگی,فعل,2522,entries/0194-0301.md,entry-0263
باز کردن,باز کردن,265,حرکت 265#,فعل,2549,entries/0194-0301.md,entry-0265
باز کردن,باز کردن,297,دخول: حرکت به درون,فعل,2828,entries/0194-0301.md,entry-0297
باز کردن,باز کردن,350,نهر . باران: آب درجریان 350#,فعل,3319,entries/0302-0437.md,entry-0350
باز کردن,باز کردن,590,روایت . شرح . وصف 590#,فعل,5490,entries/0544-0650.md,entry-0590
باز کردن,باز کردن,779,عدم نگهداری,فعل,7391,entries/0742-0850.md,entry-0779
بازآفرینی,بازآفرینی,166,تولید مثل,اسم,1573,entries/0091-0193.md,entry-0166
بازآمدن,بازآمدن,657,عود,اسم,6212,entries/0651-0741.md,entry-0657
بازآیی,بازآیی,657,عود,اسم,6212,entries/0651-0741.md,entry-0657
بازار,بازار,76,کانون: محل تلاقی یا تجمع,اسم,767,entries/0001-0090.md,entry-0076
بازار,بازار,618,اتفاق . قمار,اسم,5810,entries/0544-0650.md,entry-0618
بازار,بازار,791,تجارت . تهاتر,اسم,7499,entries/0742-0850.md,entry-0791
بازار,بازار,796,بازار,اسم,7534,entries/0742-0850.md,entry-0796
بازار داشتن,بازار داشتن,793,فروش,فعل,7519,entries/0742-0850.md,entry-0793
بازار سرمایه,بازار سرمایه,618,اتفاق . قمار,اسم,5810,entries/0544-0650.md,entry-0618
بازار سیاه,بازار سیاه,796,بازار,اسم,7534,entries/0742-0850.md,entry-0796
بازار سیاه,بازار سیاه,954,غیرقانونی,اسم,9034,entries/0851-0969.md,entry-0954
بازار شلی داشتن,بازار شلی داشتن,793,فروش,فعل,7519,entries/0742-0850.md,entry-0793
بازار مسگرها,بازار مسگرها,61,بی‌نظمی,اسم,618,entries/0001-0090.md,entry-0061
بازار مسگرها,بازار مسگرها,74,تجمع . گردآوری,اسم,748,entries/0001-0090.md,entry-0074
بازار مشترک,بازار مشترک,796,بازار,اسم,7534,entries/0742-0850.md,entry-0796
بازار مکاره,بازار مکاره,796,بازار,اسم,7534,entries/0742-0850.md,entry-0796
بازار مکّاره,بازار مکّاره,61,بی‌نظمی,اسم,618,entries/0001-0090.md,entry-0061
بازار هدف,بازار هدف,796,بازار,اسم,7534,entries/0742-0850.md,entry-0796
بازار پول,بازار پول,797,پول,اسم,7542,entries/0742-0850.md,entry-0797
بازار پیدا کردن,بازار پیدا کردن,793,فروش,فعل,7519,entries/0742-0850.md,entry-0793
بازار گرم (داغ),بازار گرم (داغ),793,فروش,اسم,7515,entries/0742-0850.md,entry-0793
بازارروز,بازارروز,796,بازار,اسم,7534,entries/0742-0850.md,entry-0796
بازارِ شام,بازارِ شام,61,بی‌نظمی,اسم,618,entries/0001-0090.md,entry-0061
بازارِ شام ◄ آشفتگی,بازارِ شام ◄ آشفتگی,74,تجمع . گردآوری,اسم,748,entries/0001-0090.md,entry-0074
بازارِچیزی کساد بودن,بازارِچیزی کساد بودن,793,فروش,فعل,7519,entries/0742-0850.md,entry-0793
بازارچه,بازارچه,796,بازار,اسم,7534,entries/0742-0850.md,entry-0796
بازارگرم,بازارگرم,730,خوشبختی 730#,اسم,6930,entries/0651-0741.md,entry-0730
بازارگرمی,بازارگرمی,793,فروش,اسم,7515,entries/0742-0850.md,entry-0793
بازارگرمی کردن,بازارگرمی کردن,791,تجارت . تهاتر,فعل,7503,entries/0742-0850.md,entry-0791
بازاری,بازاری,35,کهتری,صفت,359,entries/0001-0090.md,entry-0035
بازاری,بازاری,263,باز . گشودگی,صفت,2519,entries/0194-0301.md,entry-0263
بازاری,بازاری,412,موسیقی,اسم,3832,entries/0302-0437.md,entry-0412
بازاری,بازاری,616,شرّ,صفت,5786,entries/0544-0650.md,entry-0616
بازاری,بازاری,622,اشتغال,صفت,5850,entries/0544-0650.md,entry-0622
بازاری,بازاری,639,عدم اهمیت,صفت,6014,entries/0544-0650.md,entry-0639
بازاری,بازاری,791,تجارت . تهاتر,صفت,7500,entries/0742-0850.md,entry-0791
بازاری,بازاری,794,تاجر,اسم,7523,entries/0742-0850.md,entry-0794
بازاری,بازاری,796,بازار,صفت,7536,entries/0742-0850.md,entry-0796
بازاری,بازاری,800,ثروت 800#,اسم,7564,entries/0742-0850.md,entry-0800
بازاری,بازاری,847,بدسلیقگی,صفت,8044,entries/0742-0850.md,entry-0847
بازاریابی,بازاریابی,687,کارگاه: محل کار,اسم,6510,entries/0651-0741.md,entry-0687
بازاریابی,بازاریابی,793,فروش,اسم,7515,entries/0742-0850.md,entry-0793
بازاریابی,بازاریابی,796,بازار,اسم,7534,entries/0742-0850.md,entry-0796
بازاری‌دوز,بازاری‌دوز,228,پوشاک . پوشیدن,اسم,2211,entries/0194-0301.md,entry-0228
بازافتادن,بازافتادن,657,عود,فعل,6213,entries/0651-0741.md,entry-0657
بازالت,بازالت,359,کانیها . معدن,اسم,3396,entries/0302-0437.md,entry-0359
بازایستادن,بازایستادن,72,عدم تداوم,فعل,728,entries/0001-0090.md,entry-0072
بازایستادن,بازایستادن,145,توقف: تغییر ازحرکت / عمل به‌سکون,فعل,1345,entries/0091-0193.md,entry-0145
بازبودن,بازبودن,661,خطر,اسم,6267,entries/0651-0741.md,entry-0661
بازبین,بازبین,453,کنجکاوی: میل به‌دانش,اسم,4184,entries/0438-0543.md,entry-0453
بازبینی,بازبینی,438,دید . بینایی,اسم,4032,entries/0438-0543.md,entry-0438
بازتاب,بازتاب,67,پیامد,اسم,677,entries/0001-0090.md,entry-0067
بازتاب,بازتاب,157,معلول 157#,اسم,1464,entries/0091-0193.md,entry-0157
بازتاب,بازتاب,178,تأثیر,اسم,1689,entries/0091-0193.md,entry-0178
بازتاب,بازتاب,182,اثر متقابل,اسم,1716,entries/0091-0193.md,entry-0182
بازتاب,بازتاب,280,پس‌نشینی 280#,اسم,2697,entries/0194-0301.md,entry-0280
بازتاب,بازتاب,374,حواس . حساسیت,اسم,3549,entries/0302-0437.md,entry-0374
بازتاب,بازتاب,398,صدا,اسم,3740,entries/0302-0437.md,entry-0398
بازتاب,بازتاب,417,روشنی,اسم,3881,entries/0302-0437.md,entry-0417
بازتاب شرطی,بازتاب شرطی,374,حواس . حساسیت,اسم,3549,entries/0302-0437.md,entry-0374
بازتاب نور,بازتاب نور,417,روشنی,اسم,3881,entries/0302-0437.md,entry-0417
بازتابش,بازتابش,417,روشنی,اسم,3881,entries/0302-0437.md,entry-0417
بازتابش,بازتابش,442,دستگاه نوری,اسم,4070,entries/0438-0543.md,entry-0442
بازتاب‌های رفتاری,بازتاب‌های رفتاری,447,شعور 447#,اسم,4127,entries/0438-0543.md,entry-0447
بازجو,بازجو,453,کنجکاوی: میل به‌دانش,اسم,4184,entries/0438-0543.md,entry-0453
بازجو,بازجو,459,پرسش,اسم,4253,entries/0438-0543.md,entry-0459
بازجویی,بازجویی,453,کنجکاوی: میل به‌دانش,اسم,4183,entries/0438-0543.md,entry-0453
بازجویی,بازجویی,459,پرسش,اسم,4245,entries/0438-0543.md,entry-0459
بازجویی,بازجویی,484,کشف,اسم,4514,entries/0438-0543.md,entry-0484
بازجویی,بازجویی,526,افشا,اسم,4950,entries/0438-0543.md,entry-0526
بازجویی,بازجویی,959,دادخواهی,اسم,9076,entries/0851-0969.md,entry-0959
بازجویی کردن,بازجویی کردن,453,کنجکاوی: میل به‌دانش,فعل,4186,entries/0438-0543.md,entry-0453
بازجویی کردن,بازجویی کردن,459,پرسش,فعل,4257,entries/0438-0543.md,entry-0459
بازخرید,بازخرید,787,استرداد . اعاده,اسم,7469,entries/0742-0850.md,entry-0787
بازخرید خدمت,بازخرید خدمت,804,پرداخت,اسم,7600,entries/0742-0850.md,entry-0804
بازخریدخدمت,بازخریدخدمت,771,اکتساب,اسم,7307,entries/0742-0850.md,entry-0771
بازخواست,بازخواست,459,پرسش,اسم,4245,entries/0438-0543.md,entry-0459
بازخواست,بازخواست,808,حسابداری,اسم,7631,entries/0742-0850.md,entry-0808
بازخواست,بازخواست,924,سرزنش . تقبیح,اسم,8783,entries/0851-0969.md,entry-0924
بازخوانی,بازخوانی,106,تکرار,اسم,994,entries/0091-0193.md,entry-0106
بازخوانی,بازخوانی,520,تعبیر . تفسیر 520#,اسم,4869,entries/0438-0543.md,entry-0520
بازخور,بازخور,460,پاسخ 460#,اسم,4264,entries/0438-0543.md,entry-0460
بازخورد,بازخورد,62,تنظیم,اسم,633,entries/0001-0090.md,entry-0062
بازخورد,بازخورد,151,تغییر متقابل: تغییر باهم یا دوگانه,اسم,1393,entries/0091-0193.md,entry-0151
بازخورد,بازخورد,160,توان 160#,اسم,1501,entries/0091-0193.md,entry-0160
بازدارنده,بازدارنده,182,اثر متقابل,صفت,1717,entries/0091-0193.md,entry-0182
بازدارنده,بازدارنده,292,دافعه,صفت,2788,entries/0194-0301.md,entry-0292
بازدارنده,بازدارنده,613,بازداشتن,صفت,5756,entries/0544-0650.md,entry-0613
بازدارنده,بازدارنده,702,منع . ممانعت,صفت,6642,entries/0651-0741.md,entry-0702
بازدارنده,بازدارنده,762,اعتراض . نهی,صفت,7227,entries/0742-0850.md,entry-0762
بازدارنده,بازدارنده,829,عدم رضایت,صفت,7844,entries/0742-0850.md,entry-0829
بازدارندگی,بازدارندگی,136,تأخیر,اسم,1249,entries/0091-0193.md,entry-0136
بازدارندگی,بازدارندگی,182,اثر متقابل,اسم,1716,entries/0091-0193.md,entry-0182
بازداری,بازداری,702,منع . ممانعت,اسم,6637,entries/0651-0741.md,entry-0702
بازداشت,بازداشت,232,احاطه,اسم,2253,entries/0194-0301.md,entry-0232
بازداشت,بازداشت,236,حَدّ,اسم,2282,entries/0194-0301.md,entry-0236
بازداشت,بازداشت,484,کشف,اسم,4514,entries/0438-0543.md,entry-0484
بازداشت,بازداشت,702,منع . ممانعت,اسم,6637,entries/0651-0741.md,entry-0702
بازداشت,بازداشت,740,اجبار 740#,اسم,7041,entries/0651-0741.md,entry-0740
بازداشت,بازداشت,745,انقیاد,اسم,7094,entries/0742-0850.md,entry-0745
بازداشت,بازداشت,747,تحدید . خودداری,اسم,7111,entries/0742-0850.md,entry-0747
بازداشت,بازداشت,778,نگهداری,صفت,7381,entries/0742-0850.md,entry-0778
بازداشت,بازداشت,959,دادخواهی,اسم,9075,entries/0851-0969.md,entry-0959
بازداشت اموال,بازداشت اموال,916,فقدان حق,اسم,8699,entries/0851-0969.md,entry-0916
بازداشت شدن,بازداشت شدن,747,تحدید . خودداری,فعل,7118,entries/0742-0850.md,entry-0747
بازداشت ملک,بازداشت ملک,786,اخذ . گرفتن,اسم,7454,entries/0742-0850.md,entry-0786
بازداشت کردن,بازداشت کردن,57,بیرون گذاشتن,فعل,584,entries/0001-0090.md,entry-0057
بازداشت کردن,بازداشت کردن,232,احاطه,فعل,2256,entries/0194-0301.md,entry-0232
بازداشت کردن,بازداشت کردن,235,دیوار,فعل,2277,entries/0194-0301.md,entry-0235
بازداشت کردن,بازداشت کردن,613,بازداشتن,فعل,5758,entries/0544-0650.md,entry-0613
بازداشت کردن,بازداشت کردن,747,تحدید . خودداری,فعل,7118,entries/0742-0850.md,entry-0747
بازداشت کردن,بازداشت کردن,786,اخذ . گرفتن,فعل,7460,entries/0742-0850.md,entry-0786
بازداشت),بازداشت),613,بازداشتن,اسم,5755,entries/0544-0650.md,entry-0613
بازداشت[شده],بازداشت[شده],747,تحدید . خودداری,صفت,7115,entries/0742-0850.md,entry-0747
بازداشتن,بازداشتن,136,تأخیر,اسم,1249,entries/0091-0193.md,entry-0136
بازداشتن,بازداشتن,145,توقف: تغییر ازحرکت / عمل به‌سکون,فعل,1348,entries/0091-0193.md,entry-0145
بازداشتن,بازداشتن,153,پایداری (تغییرناپذیری),فعل,1419,entries/0091-0193.md,entry-0153
بازداشتن,بازداشتن,612,انگیختن . تحریک,اسم,5736,entries/0544-0650.md,entry-0612
بازداشتن,بازداشتن,613,بازداشتن,اسم,5755,entries/0544-0650.md,entry-0613
بازداشتن,بازداشتن,664,اخطار,اسم,6291,entries/0651-0741.md,entry-0664
بازداشتن,بازداشتن,693,فریضه,اسم,6554,entries/0651-0741.md,entry-0693
بازداشتن,بازداشتن,702,منع . ممانعت,اسم,6637,entries/0651-0741.md,entry-0702
بازداشتن,بازداشتن,737,دستور,اسم,7008,entries/0651-0741.md,entry-0737
بازداشتن,بازداشتن,747,تحدید . خودداری,فعل,7117,entries/0742-0850.md,entry-0747
بازداشتن,بازداشتن,762,اعتراض . نهی,اسم,7226,entries/0742-0850.md,entry-0762
بازداشتن,بازداشتن,834,افسردگی . وقار,فعل,7895,entries/0742-0850.md,entry-0834
بازداشتن,بازداشتن,854,ترس,اسم,8109,entries/0851-0969.md,entry-0854
بازداشتگاه,بازداشتگاه,748,زندان,اسم,7125,entries/0742-0850.md,entry-0748
بازداشتی,بازداشتی,747,تحدید . خودداری,صفت,7115,entries/0742-0850.md,entry-0747
بازداشتی,بازداشتی,750,زندانی 750#,اسم,7133,entries/0742-0850.md,entry-0750
بازدانگان,بازدانگان,366,گیاهان,اسم,3474,entries/0302-0437.md,entry-0366
بازدم,بازدم,352,باد: جریان هوا,اسم,3330,entries/0302-0437.md,entry-0352
بازده,بازده,157,معلول 157#,اسم,1464,entries/0091-0193.md,entry-0157
بازده,بازده,160,توان 160#,اسم,1495,entries/0091-0193.md,entry-0160
بازده,بازده,173,عاملیت,اسم,1632,entries/0091-0193.md,entry-0173
بازده,بازده,618,اتفاق . قمار,اسم,5810,entries/0544-0650.md,entry-0618
بازده,بازده,676,عمل,اسم,6407,entries/0651-0741.md,entry-0676
بازدهی,بازدهی,156,علیت . علت 156#,اسم,1452,entries/0091-0193.md,entry-0156
بازدهی,بازدهی,160,توان 160#,اسم,1495,entries/0091-0193.md,entry-0160
بازدهی,بازدهی,173,عاملیت,اسم,1632,entries/0091-0193.md,entry-0173
بازدهی,بازدهی,178,تأثیر,اسم,1689,entries/0091-0193.md,entry-0178
بازدهی,بازدهی,676,عمل,اسم,6407,entries/0651-0741.md,entry-0676
بازدید,بازدید,267,مسافرت زمینی,اسم,2567,entries/0194-0301.md,entry-0267
بازدید,بازدید,438,دید . بینایی,اسم,4032,entries/0438-0543.md,entry-0438
بازدید,بازدید,480,تشخیص . استنتاج 480#,اسم,4475,entries/0438-0543.md,entry-0480
بازدید,بازدید,484,کشف,اسم,4514,entries/0438-0543.md,entry-0484
بازدید,بازدید,837,سرگرمی,اسم,7919,entries/0742-0850.md,entry-0837
بازدید کردن,بازدید کردن,297,دخول: حرکت به درون,فعل,2828,entries/0194-0301.md,entry-0297
بازدیدکننده,بازدیدکننده,297,دخول: حرکت به درون,اسم,2826,entries/0194-0301.md,entry-0297
بازدیدکننده,بازدیدکننده,882,اجتماعی بودن . معاشرت,اسم,8381,entries/0851-0969.md,entry-0882
بازرس,بازرس,453,کنجکاوی: میل به‌دانش,اسم,4184,entries/0438-0543.md,entry-0453
بازرس,بازرس,459,پرسش,اسم,4253,entries/0438-0543.md,entry-0459
بازرس,بازرس,480,تشخیص . استنتاج 480#,اسم,4476,entries/0438-0543.md,entry-0480
بازرس بهداری,بازرس بهداری,652,گوارایی,اسم,6155,entries/0651-0741.md,entry-0652
بازرسی,بازرسی,438,دید . بینایی,اسم,4032,entries/0438-0543.md,entry-0438
بازرسی,بازرسی,459,پرسش,اسم,4250,entries/0438-0543.md,entry-0459
بازرسی,بازرسی,722,رزمنده,اسم,6838,entries/0651-0741.md,entry-0722
بازرسی کردن,بازرسی کردن,438,دید . بینایی,فعل,4041,entries/0438-0543.md,entry-0438
بازرفتن,بازرفتن,106,تکرار,فعل,997,entries/0091-0193.md,entry-0106
بازرنگی,بازرنگی,698,زیرکی,قید,6598,entries/0651-0741.md,entry-0698
بازرگان,بازرگان,791,تجارت . تهاتر,صفت,7500,entries/0742-0850.md,entry-0791
بازرگان,بازرگان,794,تاجر,اسم,7523,entries/0742-0850.md,entry-0794
بازرگانان,بازرگانان,869,رعایا,اسم,8259,entries/0851-0969.md,entry-0869
بازرگانی,بازرگانی,687,کارگاه: محل کار,اسم,6510,entries/0651-0741.md,entry-0687
بازرگانی,بازرگانی,791,تجارت . تهاتر,اسم,7499,entries/0742-0850.md,entry-0791
بازسازی,بازسازی,126,تازگی,اسم,1161,entries/0091-0193.md,entry-0126
بازسازی,بازسازی,654,بهبود,اسم,6168,entries/0651-0741.md,entry-0654
بازسازی,بازسازی,656,بازسازی,اسم,6197,entries/0651-0741.md,entry-0656
بازسازی,بازسازی,668,نجات,اسم,6324,entries/0651-0741.md,entry-0668
بازسازی 656 [◄ تازگی 126],بازسازی 656 [◄ تازگی 126],143,تغییر و تحول 143#,اسم,1320,entries/0091-0193.md,entry-0143
بازسازی شدن,بازسازی شدن,162,قدرت,فعل,1531,entries/0091-0193.md,entry-0162
بازسازی شدن,بازسازی شدن,654,بهبود,فعل,6175,entries/0651-0741.md,entry-0654
بازسازی شدن,بازسازی شدن,656,بازسازی,فعل,6203,entries/0651-0741.md,entry-0656
بازسازی شدن,بازسازی شدن,685,رفع خستگی,فعل,6499,entries/0651-0741.md,entry-0685
بازسازی شدن,بازسازی شدن,831,تسکین,فعل,7862,entries/0742-0850.md,entry-0831
بازسازی شده,بازسازی شده,654,بهبود,صفت,6174,entries/0651-0741.md,entry-0654
بازسازی شده,بازسازی شده,685,رفع خستگی,صفت,6497,entries/0651-0741.md,entry-0685
بازسازی کردن,بازسازی کردن,31,جبران . تعدیل,فعل,315,entries/0001-0090.md,entry-0031
بازسازی کردن,بازسازی کردن,36,افزایش,فعل,370,entries/0001-0090.md,entry-0036
بازسازی کردن,بازسازی کردن,162,قدرت,فعل,1532,entries/0091-0193.md,entry-0162
بازسازی کردن,بازسازی کردن,656,بازسازی,فعل,6204,entries/0651-0741.md,entry-0656
بازسازی کردن,بازسازی کردن,685,رفع خستگی,فعل,6498,entries/0651-0741.md,entry-0685
بازسازی کننده,بازسازی کننده,656,بازسازی,اسم,6200,entries/0651-0741.md,entry-0656
بازسازی‌شده,بازسازی‌شده,654,بهبود,صفت,6173,entries/0651-0741.md,entry-0654
بازسازی‌شده,بازسازی‌شده,656,بازسازی,صفت,6201,entries/0651-0741.md,entry-0656
بازسازی‌کننده,بازسازی‌کننده,656,بازسازی,صفت,6202,entries/0651-0741.md,entry-0656
بازسازی‌کننده,بازسازی‌کننده,685,رفع خستگی,صفت,6496,entries/0651-0741.md,entry-0685
بازشدن فنر,بازشدن فنر,315,چرخش,فعل,3028,entries/0302-0437.md,entry-0315
بازشدن کوک,بازشدن کوک,315,چرخش,فعل,3028,entries/0302-0437.md,entry-0315
بازشده,بازشده,62,تنظیم,صفت,634,entries/0001-0090.md,entry-0062
بازشده,بازشده,197,انبساط,صفت,1905,entries/0194-0301.md,entry-0197
بازماند,بازماند,145,توقف: تغییر ازحرکت / عمل به‌سکون,اسم,1339,entries/0091-0193.md,entry-0145
بازماندن,بازماندن,145,توقف: تغییر ازحرکت / عمل به‌سکون,فعل,1345,entries/0091-0193.md,entry-0145
بازماندن ازامری,بازماندن ازامری,161,ناتوانی,فعل,1514,entries/0091-0193.md,entry-0161
بازماندن ازامری,بازماندن ازامری,677,سکون,فعل,6418,entries/0651-0741.md,entry-0677
بازمانده,بازمانده,41,باقیمانده,صفت,406,entries/0001-0090.md,entry-0041
بازمانده,بازمانده,67,پیامد,اسم,679,entries/0001-0090.md,entry-0067
بازمانده,بازمانده,170,اعقاب . فرزند 170#,اسم,1607,entries/0091-0193.md,entry-0170
بازمانده,بازمانده,306,زیاده‌روی . فزونی (حرکت فراتر),صفت,2953,entries/0302-0437.md,entry-0306
بازمانده,بازمانده,505,حافظه,اسم,4718,entries/0438-0543.md,entry-0505
بازمانده,بازمانده,548,پیشینه,اسم,5174,entries/0544-0650.md,entry-0548
بازمانده,بازمانده,779,عدم نگهداری,صفت,7389,entries/0742-0850.md,entry-0779
بازماندگان,بازماندگان,41,باقیمانده,صفت,406,entries/0001-0090.md,entry-0041
بازماندگان,بازماندگان,170,اعقاب . فرزند 170#,اسم,1607,entries/0091-0193.md,entry-0170
بازماندگان,بازماندگان,238,عقب,اسم,2298,entries/0194-0301.md,entry-0238
بازنده,بازنده,607,ردّ . عدم انتخاب,صفت,5688,entries/0544-0650.md,entry-0607
بازنده,بازنده,697,سرهم‌بند,اسم,6589,entries/0651-0741.md,entry-0697
بازنده,بازنده,728,شکست: عجز درانجام,اسم,6914,entries/0651-0741.md,entry-0728
بازنده,بازنده,731,فلاکت,اسم,6942,entries/0651-0741.md,entry-0731
بازنده,بازنده,772,خسران . باخت,صفت,7321,entries/0742-0850.md,entry-0772
بازنده,بازنده,851,تمسخر,اسم,8076,entries/0851-0969.md,entry-0851
بازنده,بازنده,867,بدنامی,اسم,8236,entries/0851-0969.md,entry-0867
بازنده (درمانده),بازنده (درمانده),458,غفلت . بی‌دقتی,صفت,4235,entries/0438-0543.md,entry-0458
بازنده شدن,بازنده شدن,728,شکست: عجز درانجام,فعل,6921,entries/0651-0741.md,entry-0728
بازنشست,بازنشست,753,استعفا,صفت,7158,entries/0742-0850.md,entry-0753
بازنشسته,بازنشسته,133,پیر,اسم,1228,entries/0091-0193.md,entry-0133
بازنشسته,بازنشسته,677,سکون,صفت,6416,entries/0651-0741.md,entry-0677
بازنشسته,بازنشسته,681,مجال . فراغت,صفت,6464,entries/0651-0741.md,entry-0681
بازنشسته,بازنشسته,683,استراحت,صفت,6481,entries/0651-0741.md,entry-0683
بازنشسته,بازنشسته,753,استعفا,صفت,7158,entries/0742-0850.md,entry-0753
بازنشسته,بازنشسته,883,اجتماعی نبودن,صفت,8398,entries/0851-0969.md,entry-0883
بازنشسته شدن,بازنشسته شدن,681,مجال . فراغت,فعل,6465,entries/0651-0741.md,entry-0681
بازنشسته شدن,بازنشسته شدن,753,استعفا,فعل,7159,entries/0742-0850.md,entry-0753
بازنشسته کردن,بازنشسته کردن,779,عدم نگهداری,فعل,7391,entries/0742-0850.md,entry-0779
بازنشستگی,بازنشستگی,681,مجال . فراغت,اسم,6462,entries/0651-0741.md,entry-0681
بازنشستگی,بازنشستگی,753,استعفا,اسم,7157,entries/0742-0850.md,entry-0753
بازنگری,بازنگری,125,گذشته,اسم,1147,entries/0091-0193.md,entry-0125
بازنگری,بازنگری,286,پسروی . پسرفت,اسم,2744,entries/0194-0301.md,entry-0286
بازنگری,بازنگری,603,بی ثباتی . بوالهوسی,اسم,5644,entries/0544-0650.md,entry-0603
بازنگری کردن,بازنگری کردن,125,گذشته,فعل,1156,entries/0091-0193.md,entry-0125
بازهم,بازهم,106,تکرار,قید,1000,entries/0091-0193.md,entry-0106
بازهم کاری را کردن,بازهم کاری را کردن,91,دوبرابری,فعل,918,entries/0091-0193.md,entry-0091
بازهم کردن,بازهم کردن,940,تداوم گناه 940#,فعل,8924,entries/0851-0969.md,entry-0940
بازو,بازو,218,پایه . تکیه‌گاه,اسم,2089,entries/0194-0301.md,entry-0218
بازو,بازو,310,ترفیع: بالابردن 310#,اسم,2985,entries/0302-0437.md,entry-0310
بازو,بازو,371,انسان,اسم,3527,entries/0302-0437.md,entry-0371
بازو,بازو,378,تماس . لمس . لامسه,اسم,3592,entries/0302-0437.md,entry-0378
بازو,بازو,630,ابزار 630#,اسم,5928,entries/0544-0650.md,entry-0630
بازو,بازو,672,مأموریت,اسم,6373,entries/0651-0741.md,entry-0672
بازو,بازو,703,کمک,صفت,6653,entries/0651-0741.md,entry-0703
بازوبند,بازوبند,47,پیوند: وسیلۀ اتصال,اسم,487,entries/0001-0090.md,entry-0047
بازوبند,بازوبند,844,تزیین,اسم,8017,entries/0742-0850.md,entry-0844
بازوبند,بازوبند,983,جادوگری,اسم,9297,entries/0970-0991.md,entry-0983
بازوپایان,بازوپایان,365,حیوانات,اسم,3455,entries/0302-0437.md,entry-0365
بازوی محرک (کارگر),بازوی محرک (کارگر),630,ابزار 630#,اسم,5928,entries/0544-0650.md,entry-0630
بازوی مقاوم (ایستادگی),بازوی مقاوم (ایستادگی),630,ابزار 630#,اسم,5928,entries/0544-0650.md,entry-0630
بازویی,بازویی,378,تماس . لمس . لامسه,صفت,3594,entries/0302-0437.md,entry-0378
بازویی,بازویی,630,ابزار 630#,اسم,5928,entries/0544-0650.md,entry-0630
بازپرداخت,بازپرداخت,804,پرداخت,اسم,7599,entries/0742-0850.md,entry-0804
بازپرداخت بدهی,بازپرداخت بدهی,656,بازسازی,اسم,6197,entries/0651-0741.md,entry-0656
بازپرداخت وام,بازپرداخت وام,785,استقراض,اسم,7444,entries/0742-0850.md,entry-0785
بازپرداخت کردن,بازپرداخت کردن,656,بازسازی,فعل,6204,entries/0651-0741.md,entry-0656
بازپرس,بازپرس,453,کنجکاوی: میل به‌دانش,اسم,4184,entries/0438-0543.md,entry-0453
بازپرس,بازپرس,459,پرسش,اسم,4253,entries/0438-0543.md,entry-0459
بازپرس,بازپرس,480,تشخیص . استنتاج 480#,اسم,4476,entries/0438-0543.md,entry-0480
بازپرس,بازپرس,484,کشف,اسم,4515,entries/0438-0543.md,entry-0484
بازپرس,بازپرس,584,محاوره,اسم,5431,entries/0544-0650.md,entry-0584
بازپرس,بازپرس,619,پیگیری,اسم,5822,entries/0544-0650.md,entry-0619
بازپرسی,بازپرسی,453,کنجکاوی: میل به‌دانش,اسم,4183,entries/0438-0543.md,entry-0453
بازپرسی,بازپرسی,459,پرسش,اسم,4246,entries/0438-0543.md,entry-0459
بازپرسی کردن,بازپرسی کردن,459,پرسش,فعل,4257,entries/0438-0543.md,entry-0459
بازپروری,بازپروری,162,قدرت,اسم,1524,entries/0091-0193.md,entry-0162
بازپروری,بازپروری,611,ترک [عادت],اسم,5724,entries/0544-0650.md,entry-0611
بازپروری,بازپروری,656,بازسازی,اسم,6197,entries/0651-0741.md,entry-0656
بازپروری,بازپروری,658,درمان,اسم,6226,entries/0651-0741.md,entry-0658
بازپروری,بازپروری,685,رفع خستگی,اسم,6495,entries/0651-0741.md,entry-0685
بازپس گرفتن,بازپس گرفتن,31,جبران . تعدیل,فعل,315,entries/0001-0090.md,entry-0031
بازپس گرفتن,بازپس گرفتن,773,مالکیت,فعل,7337,entries/0742-0850.md,entry-0773
بازپسین,بازپسین,69,پایان,صفت,702,entries/0001-0090.md,entry-0069
بازپسین,بازپسین,120,تأخر [درزمان] 120#,صفت,1110,entries/0091-0193.md,entry-0120
بازپیدایی در وراثت,بازپیدایی در وراثت,777,دارایی . مِلک 777#,اسم,7369,entries/0742-0850.md,entry-0777
بازپیدایی در وراثت,بازپیدایی در وراثت,780,انتقال ملک 780#,اسم,7398,entries/0742-0850.md,entry-0780
بازکردن,بازکردن,44,سادگی,فعل,438,entries/0001-0090.md,entry-0044
بازکردن,بازکردن,263,باز . گشودگی,اسم,2508,entries/0194-0301.md,entry-0263
بازکردنِ کسی,بازکردنِ کسی,983,جادوگری,فعل,9304,entries/0970-0991.md,entry-0983
بازکننده,بازکننده,68,آغاز,اسم,685,entries/0001-0090.md,entry-0068
بازکننده,بازکننده,263,باز . گشودگی,اسم,2517,entries/0194-0301.md,entry-0263
بازگرداندن,بازگرداندن,280,پس‌نشینی 280#,اسم,2697,entries/0194-0301.md,entry-0280
بازگرداندن,بازگرداندن,286,پسروی . پسرفت,فعل,2747,entries/0194-0301.md,entry-0286
بازگرداندن,بازگرداندن,656,بازسازی,فعل,6204,entries/0651-0741.md,entry-0656
بازگردنده,بازگردنده,286,پسروی . پسرفت,صفت,2745,entries/0194-0301.md,entry-0286
بازگردیدن,بازگردیدن,286,پسروی . پسرفت,فعل,2747,entries/0194-0301.md,entry-0286
بازگسیختگی,بازگسیختگی,72,عدم تداوم,اسم,726,entries/0001-0090.md,entry-0072
بازگشایی,بازگشایی,263,باز . گشودگی,اسم,2508,entries/0194-0301.md,entry-0263
بازگشایی,بازگشایی,656,بازسازی,اسم,6197,entries/0651-0741.md,entry-0656
بازگشایی نماد,بازگشایی نماد,618,اتفاق . قمار,اسم,5810,entries/0544-0650.md,entry-0618
بازگشت,بازگشت,148,رجعت: رجوع به‌حالت اولیه 148#,اسم,1370,entries/0091-0193.md,entry-0148
بازگشت,بازگشت,286,پسروی . پسرفت,اسم,2744,entries/0194-0301.md,entry-0286
بازگشت,بازگشت,410,آهنگ . ملودی: صدای هنجار 410#,اسم,3816,entries/0302-0437.md,entry-0410
بازگشت,بازگشت,566,سَبْک,اسم,5308,entries/0544-0650.md,entry-0566
بازگشت,بازگشت,603,بی ثباتی . بوالهوسی,اسم,5643,entries/0544-0650.md,entry-0603
بازگشت,بازگشت,621,چشم‌پوشی,اسم,5838,entries/0544-0650.md,entry-0621
بازگشت,بازگشت,656,بازسازی,اسم,6197,entries/0651-0741.md,entry-0656
بازگشت,بازگشت,657,عود,اسم,6212,entries/0651-0741.md,entry-0657
بازگشت,بازگشت,787,استرداد . اعاده,اسم,7469,entries/0742-0850.md,entry-0787
بازگشت به,بازگشت به,9,رابطه . ربط,قید,115,entries/0001-0090.md,entry-0009
بازگشت به‌منزل,بازگشت به‌منزل,286,پسروی . پسرفت,اسم,2744,entries/0194-0301.md,entry-0286
بازگشت کردن,بازگشت کردن,106,تکرار,فعل,999,entries/0091-0193.md,entry-0106
بازگشت کردن,بازگشت کردن,286,پسروی . پسرفت,فعل,2747,entries/0194-0301.md,entry-0286
بازگشت کردن,بازگشت کردن,455,توجه,فعل,4200,entries/0438-0543.md,entry-0455
بازگشتن,بازگشتن,9,رابطه . ربط,فعل,112,entries/0001-0090.md,entry-0009
بازگشتن,بازگشتن,139,اغلب (کثرت وقوع),فعل,1284,entries/0091-0193.md,entry-0139
بازگشتن,بازگشتن,286,پسروی . پسرفت,فعل,2747,entries/0194-0301.md,entry-0286
بازگشتن,بازگشتن,621,چشم‌پوشی,فعل,5841,entries/0544-0650.md,entry-0621
بازگو کردن,بازگو کردن,524,اطلاع . آگاهی,فعل,4928,entries/0438-0543.md,entry-0524
بازگو کردن,بازگو کردن,579,سخن,فعل,5398,entries/0544-0650.md,entry-0579
بازگوکننده,بازگوکننده,478,اثبات,صفت,4454,entries/0438-0543.md,entry-0478
بازگویی,بازگویی,106,تکرار,اسم,994,entries/0091-0193.md,entry-0106
بازگویی کردن,بازگویی کردن,106,تکرار,فعل,998,entries/0091-0193.md,entry-0106
بازی,بازی,542,فریب,اسم,5099,entries/0438-0543.md,entry-0542
بازی,بازی,594,تئاتر,اسم,5531,entries/0544-0650.md,entry-0594
بازی,بازی,676,عمل,اسم,6406,entries/0651-0741.md,entry-0676
بازی,بازی,837,سرگرمی,اسم,7919,entries/0742-0850.md,entry-0837
بازی (تکان خوردن قطعه‌ای دریک دستگاه),بازی (تکان خوردن قطعه‌ای دریک دستگاه),744,آزادی,اسم,7083,entries/0742-0850.md,entry-0744
بازی باتوپ,بازی باتوپ,837,سرگرمی,اسم,7927,entries/0742-0850.md,entry-0837
بازی باکلمات,بازی باکلمات,560,واژه‌سازی 560#,اسم,5265,entries/0544-0650.md,entry-0560
بازی برگشت,بازی برگشت,106,تکرار,اسم,994,entries/0091-0193.md,entry-0106
بازی برگشت,بازی برگشت,716,ستیز . مبارزه,اسم,6773,entries/0651-0741.md,entry-0716
بازی تأخیری,بازی تأخیری,837,سرگرمی,اسم,7937,entries/0742-0850.md,entry-0837
بازی تخته‌ای,بازی تخته‌ای,618,اتفاق . قمار,اسم,5808,entries/0544-0650.md,entry-0618
بازی تخته‌ای,بازی تخته‌ای,837,سرگرمی,اسم,7929,entries/0742-0850.md,entry-0837
بازی خانگی,بازی خانگی,837,سرگرمی,اسم,7928,entries/0742-0850.md,entry-0837
بازی خروس‌جنگی,بازی خروس‌جنگی,312,پرش . جهش,اسم,3001,entries/0302-0437.md,entry-0312
بازی خوردن,بازی خوردن,542,فریب,فعل,5110,entries/0438-0543.md,entry-0542
بازی دادن,بازی دادن,265,حرکت 265#,فعل,2549,entries/0194-0301.md,entry-0265
بازی دادن,بازی دادن,542,فریب,فعل,5107,entries/0438-0543.md,entry-0542
بازی دادن,بازی دادن,837,سرگرمی,فعل,7949,entries/0742-0850.md,entry-0837
بازی درآوردن,بازی درآوردن,136,تأخیر,فعل,1254,entries/0091-0193.md,entry-0136
بازی درآوردن,بازی درآوردن,541,دروغگویی,فعل,5093,entries/0438-0543.md,entry-0541
بازی درآوردن,بازی درآوردن,542,فریب,فعل,5107,entries/0438-0543.md,entry-0542
بازی درآوردن,بازی درآوردن,594,تئاتر,فعل,5540,entries/0544-0650.md,entry-0594
بازی درآوردن,بازی درآوردن,604,تلون مزاج . هوس,فعل,5660,entries/0544-0650.md,entry-0604
بازی دوستانه,بازی دوستانه,716,ستیز . مبارزه,اسم,6773,entries/0651-0741.md,entry-0716
بازی رفت,بازی رفت,716,ستیز . مبارزه,اسم,6773,entries/0651-0741.md,entry-0716
بازی شناور,بازی شناور,837,سرگرمی,اسم,7937,entries/0742-0850.md,entry-0837
بازی قمار,بازی قمار,618,اتفاق . قمار,اسم,5808,entries/0544-0650.md,entry-0618
بازی قمار,بازی قمار,837,سرگرمی,اسم,7932,entries/0742-0850.md,entry-0837
بازی مساوی,بازی مساوی,28,برابری: یکسانی مقدار یا درجه,اسم,283,entries/0001-0090.md,entry-0028
بازی مساوی,بازی مساوی,726,عدم تکمیل,اسم,6891,entries/0651-0741.md,entry-0726
بازی ورق,بازی ورق,618,اتفاق . قمار,اسم,5808,entries/0544-0650.md,entry-0618
بازی ورق,بازی ورق,837,سرگرمی,اسم,7931,entries/0742-0850.md,entry-0837
بازی کردن,بازی کردن,458,غفلت . بی‌دقتی,فعل,4237,entries/0438-0543.md,entry-0458
بازی کردن,بازی کردن,541,دروغگویی,فعل,5093,entries/0438-0543.md,entry-0541
بازی کردن,بازی کردن,542,فریب,فعل,5111,entries/0438-0543.md,entry-0542
بازی کردن,بازی کردن,618,اتفاق . قمار,فعل,5815,entries/0544-0650.md,entry-0618
بازی کردن,بازی کردن,837,سرگرمی,فعل,7950,entries/0742-0850.md,entry-0837
بازی کردن [زنجیر یا تسمه],بازی کردن [زنجیر یا تسمه],779,عدم نگهداری,فعل,7392,entries/0742-0850.md,entry-0779
بازی کودکانه,بازی کودکانه,837,سرگرمی,اسم,7930,entries/0742-0850.md,entry-0837
بازی گرفتن,بازی گرفتن,706,همکاری . تعاون,فعل,6677,entries/0651-0741.md,entry-0706
بازیابی,بازیابی,106,تکرار,اسم,994,entries/0091-0193.md,entry-0106
بازیابی,بازیابی,773,مالکیت,اسم,7330,entries/0742-0850.md,entry-0773
بازیافت,بازیافت,31,جبران . تعدیل,اسم,310,entries/0001-0090.md,entry-0031
بازیافت,بازیافت,106,تکرار,اسم,994,entries/0091-0193.md,entry-0106
بازیافت,بازیافت,369,دامداری,اسم,3501,entries/0302-0437.md,entry-0369
بازیافت,بازیافت,589,کتاب,اسم,5472,entries/0544-0650.md,entry-0589
بازیافت,بازیافت,656,بازسازی,اسم,6197,entries/0651-0741.md,entry-0656
بازیافت,بازیافت,668,نجات,اسم,6324,entries/0651-0741.md,entry-0668
بازیافت,بازیافت,787,استرداد . اعاده,اسم,7469,entries/0742-0850.md,entry-0787
بازیافت کردن,بازیافت کردن,656,بازسازی,فعل,6208,entries/0651-0741.md,entry-0656
بازیافت کردن,بازیافت کردن,773,مالکیت,فعل,7337,entries/0742-0850.md,entry-0773
بازیافتن,بازیافتن,31,جبران . تعدیل,فعل,315,entries/0001-0090.md,entry-0031
بازیافتن,بازیافتن,656,بازسازی,فعل,6208,entries/0651-0741.md,entry-0656
بازیافتن,بازیافتن,773,مالکیت,فعل,7337,entries/0742-0850.md,entry-0773
بازیافتنی,بازیافتنی,51,تجزیه,صفت,519,entries/0001-0090.md,entry-0051
بازیرکی,بازیرکی,698,زیرکی,قید,6598,entries/0651-0741.md,entry-0698
بازیهای آبی,بازیهای آبی,269,مسافرت دریایی,اسم,2597,entries/0194-0301.md,entry-0269
بازیچه,بازیچه,175,انفعال 175#,اسم,1656,entries/0091-0193.md,entry-0175
بازیچه,بازیچه,628,وسیله بودن,اسم,5908,entries/0544-0650.md,entry-0628
بازیچه,بازیچه,639,عدم اهمیت,اسم,6012,entries/0544-0650.md,entry-0639
بازیچه,بازیچه,837,سرگرمی,اسم,7935,entries/0742-0850.md,entry-0837
بازیچه بودن,بازیچه بودن,628,وسیله بودن,فعل,5910,entries/0544-0650.md,entry-0628
بازیچه عوض کردن,بازیچه عوض کردن,604,تلون مزاج . هوس,فعل,5660,entries/0544-0650.md,entry-0604
بازیچۀ دست,بازیچۀ دست,163,ضعف,اسم,1538,entries/0091-0193.md,entry-0163
بازیچۀ دست,بازیچۀ دست,544,آدم ساده,اسم,5124,entries/0544-0650.md,entry-0544
بازیچۀ سرنوشت,بازیچۀ سرنوشت,731,فلاکت,اسم,6942,entries/0651-0741.md,entry-0731
بازیکن,بازیکن,162,قدرت,اسم,1523,entries/0091-0193.md,entry-0162
بازیکن,بازیکن,594,تئاتر,اسم,5532,entries/0544-0650.md,entry-0594
بازیکن,بازیکن,619,پیگیری,اسم,5822,entries/0544-0650.md,entry-0619
بازیکن,بازیکن,716,ستیز . مبارزه,اسم,6773,entries/0651-0741.md,entry-0716
بازیکن,بازیکن,837,سرگرمی,اسم,7936,entries/0742-0850.md,entry-0837
بازیکن ذخیره,بازیکن ذخیره,150,جایگزینی: گذاشتن چیزی درجای دیگری,اسم,1384,entries/0091-0193.md,entry-0150
بازیگر,بازیگر,20,تقلید (نسخه‌برداری) 20#,صفت,205,entries/0001-0090.md,entry-0020
بازیگر,بازیگر,445,پدیداری . ظاهر,اسم,4096,entries/0438-0543.md,entry-0445
بازیگر,بازیگر,542,فریب,صفت,5104,entries/0438-0543.md,entry-0542
بازیگر,بازیگر,556,هنرمند,اسم,5234,entries/0544-0650.md,entry-0556
بازیگر,بازیگر,594,تئاتر,اسم,5532,entries/0544-0650.md,entry-0594
بازیگر,بازیگر,686,عامل,اسم,6503,entries/0651-0741.md,entry-0686
بازیگر,بازیگر,837,سرگرمی,اسم,7936,entries/0742-0850.md,entry-0837
بازیگر,بازیگر,850,ادا 850#,صفت,8068,entries/0742-0850.md,entry-0850
بازیگر,بازیگر,851,تمسخر,صفت,8080,entries/0851-0969.md,entry-0851
بازیگوش,بازیگوش,130,جوانی 130#,صفت,1208,entries/0091-0193.md,entry-0130
بازیگوش,بازیگوش,604,تلون مزاج . هوس,صفت,5656,entries/0544-0650.md,entry-0604
بازیگوشی,بازیگوشی,603,بی ثباتی . بوالهوسی,اسم,5643,entries/0544-0650.md,entry-0603
بازیگوشی,بازیگوشی,604,تلون مزاج . هوس,اسم,5653,entries/0544-0650.md,entry-0604
بازی‌درمانی,بازی‌درمانی,447,شعور 447#,اسم,4127,entries/0438-0543.md,entry-0447
بازی‌کردن,بازی‌کردن,594,تئاتر,فعل,5540,entries/0544-0650.md,entry-0594
بازی‌کن,بازی‌کن,837,سرگرمی,صفت,7948,entries/0742-0850.md,entry-0837
بازی‌گردان,بازی‌گردان,594,تئاتر,اسم,5535,entries/0544-0650.md,entry-0594
بازی‌گردان,بازی‌گردان,837,سرگرمی,اسم,7937,entries/0742-0850.md,entry-0837
باسابقه,باسابقه,694,مهارت,صفت,6562,entries/0651-0741.md,entry-0694
باسابقه,باسابقه,954,غیرقانونی,صفت,9038,entries/0851-0969.md,entry-0954
باستان,باستان,127,کهنگی,صفت,1176,entries/0091-0193.md,entry-0127
باستان شناس,باستان شناس,492,دانشمند,اسم,4609,entries/0438-0543.md,entry-0492
باستانی,باستانی,125,گذشته,صفت,1152,entries/0091-0193.md,entry-0125
باستانی,باستانی,127,کهنگی,صفت,1176,entries/0091-0193.md,entry-0127
باستانی,باستانی,131,پیری . عمر,صفت,1216,entries/0091-0193.md,entry-0131
باستانی,باستانی,144,ثبات: عدم تغییر 144#,صفت,1332,entries/0091-0193.md,entry-0144
باستانی‌کار,باستانی‌کار,837,سرگرمی,اسم,7936,entries/0742-0850.md,entry-0837
باستان‌شناس,باستان‌شناس,125,گذشته,اسم,1151,entries/0091-0193.md,entry-0125
باستان‌شناس,باستان‌شناس,484,کشف,اسم,4515,entries/0438-0543.md,entry-0484
باستان‌شناسی,باستان‌شناسی,125,گذشته,اسم,1150,entries/0091-0193.md,entry-0125
باستان‌شناسی,باستان‌شناسی,127,کهنگی,اسم,1174,entries/0091-0193.md,entry-0127
باستیل,باستیل,748,زندان,اسم,7125,entries/0742-0850.md,entry-0748
باسخاوت,باسخاوت,813,سخاوت,صفت,7680,entries/0742-0850.md,entry-0813
باسر زدن,باسر زدن,712,تک . حمله,فعل,6736,entries/0651-0741.md,entry-0712
باسعادت,باسعادت,824,خوشی,صفت,7789,entries/0742-0850.md,entry-0824
باسلق,باسلق,301,غذا: خوردن و نوشیدن,اسم,2892,entries/0194-0301.md,entry-0301
باسمه,باسمه,551,تجسم,اسم,5197,entries/0544-0650.md,entry-0551
باسمه,باسمه,587,چاپ,اسم,5455,entries/0544-0650.md,entry-0587
باسمه‌ای,باسمه‌ای,18,تشابه,صفت,186,entries/0001-0090.md,entry-0018
باسمه‌ای,باسمه‌ای,543,غیرحقیقت,صفت,5118,entries/0438-0543.md,entry-0543
باسمه‌ای,باسمه‌ای,587,چاپ,صفت,5459,entries/0544-0650.md,entry-0587
باسن,باسن,371,انسان,اسم,3527,entries/0302-0437.md,entry-0371
باسواد,باسواد,490,دانش . دانایی 490#,صفت,4587,entries/0438-0543.md,entry-0490
باسواد,باسواد,500,دانا 500#,اسم,4671,entries/0438-0543.md,entry-0500
باسوره و آیه,باسوره و آیه,186,موقعیت,اسم,1759,entries/0091-0193.md,entry-0186
باسون,باسون,414,ساز,اسم,3848,entries/0302-0437.md,entry-0414
باسَن,باسَن,214,تَه . بُن,اسم,2054,entries/0194-0301.md,entry-0214
باسَن,باسَن,238,عقب,اسم,2299,entries/0194-0301.md,entry-0238
باسَن,باسَن,298,صدور: حرکت به‌بیرون 298#,اسم,2839,entries/0194-0301.md,entry-0298
باسکول,باسکول,322,سنگینی . گرانش,اسم,3108,entries/0302-0437.md,entry-0322
باسکول,باسکول,465,اندازه‌گیری . سنجش,اسم,4309,entries/0438-0543.md,entry-0465
باسیاست,باسیاست,137,سرموقع,صفت,1264,entries/0091-0193.md,entry-0137
باسیاست,باسیاست,642,مصلحت,صفت,6039,entries/0544-0650.md,entry-0642
باسیاست رفتار کردن,باسیاست رفتار کردن,642,مصلحت,فعل,6040,entries/0544-0650.md,entry-0642
باسیل,باسیل,196,خُردی,اسم,1895,entries/0194-0301.md,entry-0196
باسیل,باسیل,651,بیماری . ضعف جسمانی,اسم,6128,entries/0651-0741.md,entry-0651
باسیل,باسیل,659,مایۀ هلاک . زهر,اسم,6247,entries/0651-0741.md,entry-0659
باسیل کُخ,باسیل کُخ,196,خُردی,اسم,1895,entries/0194-0301.md,entry-0196
باش! بمان!,باش! بمان!,189,حضور,شبه جمله,1794,entries/0091-0193.md,entry-0189
باشتاب,باشتاب,277,سرعت,صفت,2665,entries/0194-0301.md,entry-0277
باشتاب,باشتاب,680,عجله 680#,صفت,6456,entries/0651-0741.md,entry-0680
باشخصیت,باشخصیت,920,احترام 920#,صفت,8739,entries/0851-0969.md,entry-0920
باشد,باشد,488,نظر موافق,شبه جمله,4565,entries/0438-0543.md,entry-0488
باشد,باشد,852,امید . آرزو,شبه جمله,8094,entries/0851-0969.md,entry-0852
باشد!,باشد!,739,اطاعت . وفاداری,شبه جمله,7037,entries/0651-0741.md,entry-0739
باشدت,باشدت,162,قدرت,قید,1533,entries/0091-0193.md,entry-0162
باشراکتِ هم,باشراکتِ هم,706,همکاری . تعاون,قید,6678,entries/0651-0741.md,entry-0706
باشرایط گفته شده,باشرایط گفته شده,8,شرایط: وضعیت نسبی,قید,97,entries/0001-0090.md,entry-0008
باشرکتِ,باشرکتِ,594,تئاتر,قید,5541,entries/0544-0650.md,entry-0594
باشلق,باشلق,228,پوشاک . پوشیدن,اسم,2208,entries/0194-0301.md,entry-0228
باشنده,باشنده,189,حضور,اسم,1788,entries/0091-0193.md,entry-0189
باشکوه,باشکوه,615,خِیر . سعادت,صفت,5774,entries/0544-0650.md,entry-0615
باشکوه,باشکوه,841,زیبایی,صفت,7982,entries/0742-0850.md,entry-0841
باشگاه,باشگاه,76,کانون: محل تلاقی یا تجمع,اسم,767,entries/0001-0090.md,entry-0076
باشگاه,باشگاه,192,منزل: محل سکنا یا زندگی,اسم,1829,entries/0091-0193.md,entry-0192
باشگاه,باشگاه,837,سرگرمی,اسم,7924,entries/0742-0850.md,entry-0837
باشگاه,باشگاه,882,اجتماعی بودن . معاشرت,اسم,8382,entries/0851-0969.md,entry-0882
باشگاه (ورزشی,باشگاه (ورزشی,708,گروه اجتماعی,اسم,6690,entries/0651-0741.md,entry-0708
باشگاه ورزشی,باشگاه ورزشی,837,سرگرمی,اسم,7924,entries/0742-0850.md,entry-0837
باشیدن,باشیدن,1,وجود (هستی),فعل,31,entries/0001-0090.md,entry-0001
باشیدن,باشیدن,189,حضور,فعل,1790,entries/0091-0193.md,entry-0189
باصدا,باصدا,398,صدا,صفت,3742,entries/0302-0437.md,entry-0398
باصراحت,باصراحت,567,صراحت کلام,قید,5317,entries/0544-0650.md,entry-0567
باصره,باصره,438,دید . بینایی,اسم,4029,entries/0438-0543.md,entry-0438
باصفا,باصفا,183,فضا 183#,صفت,1741,entries/0091-0193.md,entry-0183
باصفا,باصفا,340,هوا 340#,اسم,3248,entries/0302-0437.md,entry-0340
باصفا,باصفا,615,خِیر . سعادت,صفت,5773,entries/0544-0650.md,entry-0615
باصفا,باصفا,656,بازسازی,صفت,6202,entries/0651-0741.md,entry-0656
باصفا,باصفا,826,لذت‌بخشی . لطف,صفت,7810,entries/0742-0850.md,entry-0826
باصفت,باصفت,490,دانش . دانایی 490#,صفت,4587,entries/0438-0543.md,entry-0490
باصفت,باصفت,866,خوش‌نامی,صفت,8225,entries/0851-0969.md,entry-0866
باصلاحیت,باصلاحیت,694,مهارت,صفت,6564,entries/0651-0741.md,entry-0694
باضربه به‌حرکت در آوردن,باضربه به‌حرکت در آوردن,279,کوبش,اسم,2682,entries/0194-0301.md,entry-0279
باضربه راندن,باضربه راندن,279,کوبش,اسم,2682,entries/0194-0301.md,entry-0279
باضرس قاطع اعلام کردن,باضرس قاطع اعلام کردن,473,قطعیت,فعل,4397,entries/0438-0543.md,entry-0473
باطراوت,باطراوت,126,تازگی,صفت,1165,entries/0091-0193.md,entry-0126
باطراوت,باطراوت,174,فعال بودن,صفت,1647,entries/0091-0193.md,entry-0174
باطراوت,باطراوت,360,زندگی 360#,صفت,3405,entries/0302-0437.md,entry-0360
باطعنه,باطعنه,851,تمسخر,صفت,8078,entries/0851-0969.md,entry-0851
باطل,باطل,2,عدم (نیستی),صفت,40,entries/0001-0090.md,entry-0002
باطل,باطل,4,بی‌جوهری,صفت,60,entries/0001-0090.md,entry-0004
باطل,باطل,458,غفلت . بی‌دقتی,صفت,4236,entries/0438-0543.md,entry-0458
باطل,باطل,477,سفسطه . تناقض,صفت,4446,entries/0438-0543.md,entry-0477
باطل,باطل,479,ابطال . بطلان,صفت,4463,entries/0438-0543.md,entry-0479
باطل,باطل,495,خطا,اسم,4628,entries/0438-0543.md,entry-0495
باطل,باطل,497,امر محال,صفت,4648,entries/0438-0543.md,entry-0497
باطل,باطل,515,بی‌معنایی,صفت,4830,entries/0438-0543.md,entry-0515
باطل,باطل,613,بازداشتن,صفت,5756,entries/0544-0650.md,entry-0613
باطل,باطل,728,شکست: عجز درانجام,صفت,6917,entries/0651-0741.md,entry-0728
باطل,باطل,752,لغو . الغا . عزل,صفت,7149,entries/0742-0850.md,entry-0752
باطل بودن,باطل بودن,497,امر محال,فعل,4649,entries/0438-0543.md,entry-0497
باطل شدن,باطل شدن,2,عدم (نیستی),فعل,44,entries/0001-0090.md,entry-0002
باطل کردن,باطل کردن,165,تخریب,فعل,1565,entries/0091-0193.md,entry-0165
باطل کردن,باطل کردن,460,پاسخ 460#,فعل,4268,entries/0438-0543.md,entry-0460
باطل کردن,باطل کردن,479,ابطال . بطلان,فعل,4465,entries/0438-0543.md,entry-0479
باطل کردن,باطل کردن,489,نظر مخالف,فعل,4574,entries/0438-0543.md,entry-0489
باطل کردن,باطل کردن,607,ردّ . عدم انتخاب,فعل,5690,entries/0544-0650.md,entry-0607
باطل کردن,باطل کردن,613,بازداشتن,فعل,5758,entries/0544-0650.md,entry-0613
باطل کردن,باطل کردن,704,ضدیت . تقابل,فعل,6664,entries/0651-0741.md,entry-0704
باطل کردن,باطل کردن,752,لغو . الغا . عزل,فعل,7151,entries/0742-0850.md,entry-0752
باطل‌سازی,باطل‌سازی,479,ابطال . بطلان,اسم,4462,entries/0438-0543.md,entry-0479
باطل‌سازی,باطل‌سازی,607,ردّ . عدم انتخاب,اسم,5687,entries/0544-0650.md,entry-0607
باطل‌سازی,باطل‌سازی,752,لغو . الغا . عزل,اسم,7146,entries/0742-0850.md,entry-0752
باطل‌کننده,باطل‌کننده,479,ابطال . بطلان,صفت,4464,entries/0438-0543.md,entry-0479
باطل‌کننده,باطل‌کننده,752,لغو . الغا . عزل,صفت,7148,entries/0742-0850.md,entry-0752
باطمأنینه,باطمأنینه,136,تأخیر,صفت,1250,entries/0091-0193.md,entry-0136
باطن,باطن,5,عرضیت,اسم,65,entries/0001-0090.md,entry-0005
باطن,باطن,444,ناپیدایی,صفت,4084,entries/0438-0543.md,entry-0444
باطن,باطن,446,ناپدیدی,صفت,4105,entries/0438-0543.md,entry-0446
باطن,باطن,447,شعور 447#,اسم,4129,entries/0438-0543.md,entry-0447
باطن,باطن,523,نهفتگی,اسم,4908,entries/0438-0543.md,entry-0523
باطن,باطن,965,ذات خداوندی,اسم,9138,entries/0851-0969.md,entry-0965
باطنا ً,باطنا ً,444,ناپیدایی,قید,4087,entries/0438-0543.md,entry-0444
باطنطنه,باطنطنه,574,آراستن به‌صنایع بدیعی,صفت,5362,entries/0544-0650.md,entry-0574
باطنی,باطنی,3,جوهر,صفت,54,entries/0001-0090.md,entry-0003
باطنی,باطنی,5,عرضیت,صفت,69,entries/0001-0090.md,entry-0005
باطنی,باطنی,444,ناپیدایی,صفت,4084,entries/0438-0543.md,entry-0444
باطنی,باطنی,446,ناپدیدی,صفت,4105,entries/0438-0543.md,entry-0446
باطنی,باطنی,984,حس ششم . عالم غیب,صفت,9313,entries/0970-0991.md,entry-0984
باطنی بودن,باطنی بودن,5,عرضیت,اسم,64,entries/0001-0090.md,entry-0005
باطوم,باطوم,837,سرگرمی,اسم,7935,entries/0742-0850.md,entry-0837
باطیب خاطر,باطیب خاطر,609,خودجوشی,صفت,5704,entries/0544-0650.md,entry-0609
باعث,باعث,156,علیت . علت 156#,اسم,1453,entries/0091-0193.md,entry-0156
باعث,باعث,612,انگیختن . تحریک,اسم,5734,entries/0544-0650.md,entry-0612
باعث اُفت شدن,باعث اُفت شدن,311,تنزل: پایین آوردن,فعل,2994,entries/0302-0437.md,entry-0311
باعث بی‌تفاوتی,باعث بی‌تفاوتی,860,بی‌تفاوتی 860#,اسم,8170,entries/0851-0969.md,entry-0860
باعث رنجش,باعث رنجش,711,اعلان جنگ . چالش,صفت,6721,entries/0651-0741.md,entry-0711
باعث سوءتفاهم,باعث سوءتفاهم,521,سوءتعبیر,صفت,4883,entries/0438-0543.md,entry-0521
باعث سوءتفاهم شدن,باعث سوءتفاهم شدن,521,سوءتعبیر,فعل,4884,entries/0438-0543.md,entry-0521
باعث شدن,باعث شدن,68,آغاز,فعل,692,entries/0001-0090.md,entry-0068
باعث شدن,باعث شدن,143,تغییر و تحول 143#,فعل,1326,entries/0091-0193.md,entry-0143
باعث شدن,باعث شدن,154,رویداد 154#,فعل,1430,entries/0091-0193.md,entry-0154
باعث شدن,باعث شدن,156,علیت . علت 156#,فعل,1458,entries/0091-0193.md,entry-0156
باعث غفلت شدن,باعث غفلت شدن,458,غفلت . بی‌دقتی,فعل,4240,entries/0438-0543.md,entry-0458
باعث فروپاشی چیزی شدن,باعث فروپاشی چیزی شدن,727,موفقیت,فعل,6906,entries/0651-0741.md,entry-0727
باعث‌وبانی,باعث‌وبانی,156,علیت . علت 156#,اسم,1453,entries/0091-0193.md,entry-0156
باعث‌وبانی,باعث‌وبانی,660,ایمنی 660#,اسم,6255,entries/0651-0741.md,entry-0660
باعجله,باعجله,277,سرعت,صفت,2665,entries/0194-0301.md,entry-0277
باعجله,باعجله,670,فقدان آمادگی 670#,صفت,6352,entries/0651-0741.md,entry-0670
باعجله,باعجله,726,عدم تکمیل,صفت,6892,entries/0651-0741.md,entry-0726
باعجله بردن,باعجله بردن,680,عجله 680#,فعل,6457,entries/0651-0741.md,entry-0680
باعددورقم نشان دادن,باعددورقم نشان دادن,26,کمیت,فعل,265,entries/0001-0090.md,entry-0026
باعصبانیت,باعصبانیت,891,رنجش . خشم,صفت,8481,entries/0851-0969.md,entry-0891
باعظمت,باعظمت,875,فخرفروشی,صفت,8318,entries/0851-0969.md,entry-0875
باعفاف,باعفاف,44,سادگی,صفت,436,entries/0001-0090.md,entry-0044
باعفاف,باعفاف,950,عفت . پاکدامنی 950#,صفت,9000,entries/0851-0969.md,entry-0950
باعلامت ابلاغ کردن,باعلامت ابلاغ کردن,547,دلالت,فعل,5167,entries/0544-0650.md,entry-0547
باعلم‌به,باعلم‌به,490,دانش . دانایی 490#,صفت,4589,entries/0438-0543.md,entry-0490
باعُرضه,باعُرضه,160,توان 160#,صفت,1503,entries/0091-0193.md,entry-0160
باغ,باغ,192,منزل: محل سکنا یا زندگی,اسم,1830,entries/0091-0193.md,entry-0192
باغ,باغ,194,ظرف,اسم,1866,entries/0194-0301.md,entry-0194
باغ,باغ,344,زمین,اسم,3286,entries/0302-0437.md,entry-0344
باغ,باغ,366,گیاهان,اسم,3475,entries/0302-0437.md,entry-0366
باغ,باغ,370,کشاورزی 370#,اسم,3515,entries/0302-0437.md,entry-0370
باغ,باغ,777,دارایی . مِلک 777#,اسم,7368,entries/0742-0850.md,entry-0777
باغ,باغ,841,زیبایی,اسم,7980,entries/0742-0850.md,entry-0841
باغ خلد,باغ خلد,971,بهشت,اسم,9180,entries/0970-0991.md,entry-0971
باغ عدن,باغ عدن,971,بهشت,اسم,9180,entries/0970-0991.md,entry-0971
باغ فین,باغ فین,370,کشاورزی 370#,اسم,3515,entries/0302-0437.md,entry-0370
باغ معلق,باغ معلق,370,کشاورزی 370#,اسم,3515,entries/0302-0437.md,entry-0370
باغ میوه,باغ میوه,370,کشاورزی 370#,اسم,3514,entries/0302-0437.md,entry-0370
باغ وحش,باغ وحش,74,تجمع . گردآوری,اسم,750,entries/0001-0090.md,entry-0074
باغ وحش,باغ وحش,365,حیوانات,اسم,3455,entries/0302-0437.md,entry-0365
باغ وحش,باغ وحش,369,دامداری,اسم,3504,entries/0302-0437.md,entry-0369
باغات,باغات,370,کشاورزی 370#,اسم,3515,entries/0302-0437.md,entry-0370
باغبان,باغبان,368,گیاه‌شناسی,اسم,3497,entries/0302-0437.md,entry-0368
باغبان,باغبان,370,کشاورزی 370#,اسم,3516,entries/0302-0437.md,entry-0370
باغبانی,باغبانی,370,کشاورزی 370#,اسم,3513,entries/0302-0437.md,entry-0370
باغبانی کردن,باغبانی کردن,370,کشاورزی 370#,فعل,3520,entries/0302-0437.md,entry-0370
باغت آباد,باغت آباد,923,تحسین,شبه جمله,8776,entries/0851-0969.md,entry-0923
باغدار,باغدار,370,کشاورزی 370#,اسم,3517,entries/0302-0437.md,entry-0370
باغداری,باغداری,370,کشاورزی 370#,اسم,3513,entries/0302-0437.md,entry-0370
باغسازی,باغسازی,844,تزیین,اسم,8012,entries/0742-0850.md,entry-0844
باغستان,باغستان,370,کشاورزی 370#,اسم,3514,entries/0302-0437.md,entry-0370
باغچه,باغچه,370,کشاورزی 370#,اسم,3514,entries/0302-0437.md,entry-0370
باغچه‌بندی,باغچه‌بندی,370,کشاورزی 370#,اسم,3513,entries/0302-0437.md,entry-0370
باغیرت,باغیرت,855,شجاعت,صفت,8125,entries/0851-0969.md,entry-0855
بافت,بافت,45,اتحاد . پیوستگی,اسم,444,entries/0001-0090.md,entry-0045
بافت,بافت,53,جزء,اسم,539,entries/0001-0090.md,entry-0053
بافت,بافت,56,دربر گرفتن,اسم,569,entries/0001-0090.md,entry-0056
بافت,بافت,62,تنظیم,اسم,633,entries/0001-0090.md,entry-0062
بافت,بافت,222,تاروپود: بافت متقاطع,اسم,2131,entries/0194-0301.md,entry-0222
بافت,بافت,228,پوشاک . پوشیدن,اسم,2212,entries/0194-0301.md,entry-0228
بافت,بافت,243,شکل 243#,اسم,2337,entries/0194-0301.md,entry-0243
بافت,بافت,331,ساختاریافتگی,اسم,3183,entries/0302-0437.md,entry-0331
بافت,بافت,358,ارگانیسم: موجودات زنده 358#,اسم,3388,entries/0302-0437.md,entry-0358
بافت,بافت,566,سَبْک,اسم,5308,entries/0544-0650.md,entry-0566
بافت شهری,بافت شهری,164,تولید . آفرینش,اسم,1551,entries/0091-0193.md,entry-0164
بافت شهری,بافت شهری,184,منطقه: فضای معین,اسم,1749,entries/0091-0193.md,entry-0184
بافت شهری,بافت شهری,192,منزل: محل سکنا یا زندگی,اسم,1822,entries/0091-0193.md,entry-0192
بافت متقاطع,بافت متقاطع,12,همبستگی,اسم,137,entries/0001-0090.md,entry-0012
بافت متقاطع,بافت متقاطع,43,آمیختگی 43#,اسم,416,entries/0001-0090.md,entry-0043
بافت متقاطع,بافت متقاطع,45,اتحاد . پیوستگی,اسم,446,entries/0001-0090.md,entry-0045
بافت متقاطع,بافت متقاطع,61,بی‌نظمی,اسم,619,entries/0001-0090.md,entry-0061
بافت متقاطع,بافت متقاطع,208,رشته . لیف,اسم,2002,entries/0194-0301.md,entry-0208
بافت متقاطع,بافت متقاطع,222,تاروپود: بافت متقاطع,اسم,2131,entries/0194-0301.md,entry-0222
بافت متقاطع,بافت متقاطع,331,ساختاریافتگی,اسم,3183,entries/0302-0437.md,entry-0331
بافتن,بافتن,43,آمیختگی 43#,فعل,424,entries/0001-0090.md,entry-0043
بافتن,بافتن,45,اتحاد . پیوستگی,فعل,454,entries/0001-0090.md,entry-0045
بافتن,بافتن,222,تاروپود: بافت متقاطع,فعل,2140,entries/0194-0301.md,entry-0222
بافتن,بافتن,251,پیچ‌وتاب : دایره‌ای بودن پیچیده,فعل,2408,entries/0194-0301.md,entry-0251
بافتن,بافتن,477,سفسطه . تناقض,فعل,4448,entries/0438-0543.md,entry-0477
بافتن,بافتن,541,دروغگویی,فعل,5092,entries/0438-0543.md,entry-0541
بافتن,بافتن,570,طول‌وتفصیل 570#,فعل,5337,entries/0544-0650.md,entry-0570
بافتنی,بافتنی,222,تاروپود: بافت متقاطع,اسم,2133,entries/0194-0301.md,entry-0222
بافتنی,بافتنی,228,پوشاک . پوشیدن,اسم,2200,entries/0194-0301.md,entry-0228
بافته,بافته,208,رشته . لیف,اسم,2004,entries/0194-0301.md,entry-0208
بافته,بافته,222,تاروپود: بافت متقاطع,اسم,2132,entries/0194-0301.md,entry-0222
بافته,بافته,331,ساختاریافتگی,صفت,3185,entries/0302-0437.md,entry-0331
بافته,بافته,477,سفسطه . تناقض,اسم,4443,entries/0438-0543.md,entry-0477
بافته,بافته,543,غیرحقیقت,اسم,5117,entries/0438-0543.md,entry-0543
بافتوت,بافتوت,813,سخاوت,صفت,7680,entries/0742-0850.md,entry-0813
بافتِ پارچه,بافتِ پارچه,331,ساختاریافتگی,اسم,3183,entries/0302-0437.md,entry-0331
بافتی,بافتی,358,ارگانیسم: موجودات زنده 358#,صفت,3391,entries/0302-0437.md,entry-0358
بافت‌شناسی,بافت‌شناسی,358,ارگانیسم: موجودات زنده 358#,اسم,3389,entries/0302-0437.md,entry-0358
بافراست دریافتن,بافراست دریافتن,476,شَمّ . غریزه,فعل,4439,entries/0438-0543.md,entry-0476
بافرهنگ,بافرهنگ,490,دانش . دانایی 490#,صفت,4587,entries/0438-0543.md,entry-0490
بافرهنگ,بافرهنگ,654,بهبود,صفت,6174,entries/0651-0741.md,entry-0654
بافنده,بافنده,222,تاروپود: بافت متقاطع,اسم,2136,entries/0194-0301.md,entry-0222
بافنده,بافنده,477,سفسطه . تناقض,صفت,4445,entries/0438-0543.md,entry-0477
بافندگی,بافندگی,208,رشته . لیف,اسم,2006,entries/0194-0301.md,entry-0208
بافندگی,بافندگی,222,تاروپود: بافت متقاطع,اسم,2131,entries/0194-0301.md,entry-0222
بافندگی کردن,بافندگی کردن,222,تاروپود: بافت متقاطع,فعل,2140,entries/0194-0301.md,entry-0222
بافه,بافه,222,تاروپود: بافت متقاطع,اسم,2133,entries/0194-0301.md,entry-0222
بافه,بافه,370,کشاورزی 370#,اسم,3513,entries/0302-0437.md,entry-0370
باقاعده,باقاعده,60,نظم 60#,صفت,611,entries/0001-0090.md,entry-0060
باقالا),باقالا),301,غذا: خوردن و نوشیدن,اسم,2898,entries/0194-0301.md,entry-0301
باقالی‌پلو,باقالی‌پلو,301,غذا: خوردن و نوشیدن,اسم,2886,entries/0194-0301.md,entry-0301
باقدرت,باقدرت,162,قدرت,صفت,1526,entries/0091-0193.md,entry-0162
باقرقره,باقرقره,365,حیوانات,اسم,3457,entries/0302-0437.md,entry-0365
باقرقره,باقرقره,619,پیگیری,اسم,5821,entries/0544-0650.md,entry-0619
باقطعیت اعلام کردن,باقطعیت اعلام کردن,473,قطعیت,فعل,4397,entries/0438-0543.md,entry-0473
باقلا (باقالی,باقلا (باقالی,301,غذا: خوردن و نوشیدن,اسم,2898,entries/0194-0301.md,entry-0301
باقلوا,باقلوا,301,غذا: خوردن و نوشیدن,اسم,2892,entries/0194-0301.md,entry-0301
باقی,باقی,1,وجود (هستی),صفت,29,entries/0001-0090.md,entry-0001
باقی,باقی,41,باقیمانده,صفت,407,entries/0001-0090.md,entry-0041
باقی,باقی,113,دیرگذری,صفت,1056,entries/0091-0193.md,entry-0113
باقی,باقی,115,ابدیت,صفت,1075,entries/0091-0193.md,entry-0115
باقی ماندن,باقی ماندن,41,باقیمانده,فعل,408,entries/0001-0090.md,entry-0041
باقی ماندن,باقی ماندن,113,دیرگذری,فعل,1058,entries/0091-0193.md,entry-0113
باقی ماندن,باقی ماندن,306,زیاده‌روی . فزونی (حرکت فراتر),فعل,2954,entries/0302-0437.md,entry-0306
باقی ماندن آثار چیزی,باقی ماندن آثار چیزی,548,پیشینه,فعل,5179,entries/0544-0650.md,entry-0548
باقی نگذاشتن,باقی نگذاشتن,300,دفع . طرد 300#,فعل,2867,entries/0194-0301.md,entry-0300
باقی گذاشتن,باقی گذاشتن,41,باقیمانده,فعل,408,entries/0001-0090.md,entry-0041
باقی گذاشتن,باقی گذاشتن,505,حافظه,فعل,4727,entries/0438-0543.md,entry-0505
باقی گذاشتن,باقی گذاشتن,548,پیشینه,فعل,5177,entries/0544-0650.md,entry-0548
باقی گذاشتن,باقی گذاشتن,621,چشم‌پوشی,فعل,5841,entries/0544-0650.md,entry-0621
باقیات,باقیات,41,باقیمانده,اسم,404,entries/0001-0090.md,entry-0041
باقیات صالحات,باقیات صالحات,897,نیکخواهی,اسم,8531,entries/0851-0969.md,entry-0897
باقیمانده,باقیمانده,15,تفاوت . تمیز,اسم,159,entries/0001-0090.md,entry-0015
باقیمانده,باقیمانده,41,باقیمانده,اسم,404,entries/0001-0090.md,entry-0041
باقیمانده,باقیمانده,53,جزء,اسم,542,entries/0001-0090.md,entry-0053
باقیمانده,باقیمانده,85,عدد 85#,اسم,863,entries/0001-0090.md,entry-0085
باقیمانده,باقیمانده,157,معلول 157#,اسم,1464,entries/0091-0193.md,entry-0157
باقیمانده,باقیمانده,306,زیاده‌روی . فزونی (حرکت فراتر),صفت,2953,entries/0302-0437.md,entry-0306
باقیمانده,باقیمانده,641,بی‌فایده بودن,اسم,6030,entries/0544-0650.md,entry-0641
باقیمانده,باقیمانده,779,عدم نگهداری,صفت,7389,entries/0742-0850.md,entry-0779
باقی‌مانده,باقی‌مانده,85,عدد 85#,اسم,861,entries/0001-0090.md,entry-0085
باقی‌مانده,باقی‌مانده,780,انتقال ملک 780#,اسم,7398,entries/0742-0850.md,entry-0780
بال,بال,228,پوشاک . پوشیدن,اسم,2210,entries/0194-0301.md,entry-0228
بال,بال,239,کنار,اسم,2306,entries/0194-0301.md,entry-0239
بال,بال,259,زبری,اسم,2481,entries/0194-0301.md,entry-0259
بال,بال,271,هوانوردی,اسم,2611,entries/0194-0301.md,entry-0271
بال,بال,276,هواپیما,اسم,2657,entries/0194-0301.md,entry-0276
بال,بال,301,غذا: خوردن و نوشیدن,اسم,2889,entries/0194-0301.md,entry-0301
بال,بال,513,تخیل,اسم,4806,entries/0438-0543.md,entry-0513
بال,بال,837,سرگرمی,اسم,7924,entries/0742-0850.md,entry-0837
بال (وال),بال (وال),365,حیوانات,اسم,3456,entries/0302-0437.md,entry-0365
بال بال زدن,بال بال زدن,891,رنجش . خشم,فعل,8484,entries/0851-0969.md,entry-0891
بال به‌بالِ کسی دادن,بال به‌بالِ کسی دادن,703,کمک,فعل,6654,entries/0651-0741.md,entry-0703
بال در آوردن,بال در آوردن,824,خوشی,فعل,7791,entries/0742-0850.md,entry-0824
بال درآوردن,بال درآوردن,312,پرش . جهش,صفت,3004,entries/0302-0437.md,entry-0312
بال زدن,بال زدن,142,هرازگاه: بی‌نظمی در وقوع,اسم,1311,entries/0091-0193.md,entry-0142
بال زدن,بال زدن,143,تغییر و تحول 143#,فعل,1325,entries/0091-0193.md,entry-0143
بال زدن,بال زدن,152,تغییرپذیری,فعل,1406,entries/0091-0193.md,entry-0152
بال زدن,بال زدن,271,هوانوردی,فعل,2613,entries/0194-0301.md,entry-0271
بال زدن,بال زدن,312,پرش . جهش,صفت,3004,entries/0302-0437.md,entry-0312
بال ماسکه,بال ماسکه,837,سرگرمی,اسم,7933,entries/0742-0850.md,entry-0837
بالا,بالا,34,برتری,صفت,347,entries/0001-0090.md,entry-0034
بالا,بالا,209,بلندی (ارتفاع) . بالا . رو,اسم,2012,entries/0194-0301.md,entry-0209
بالا,بالا,213,قلّه . رأس,اسم,2047,entries/0194-0301.md,entry-0213
بالا,بالا,223,بیرون [فضا],اسم,2144,entries/0194-0301.md,entry-0223
بالا,بالا,243,شکل 243#,اسم,2337,entries/0194-0301.md,entry-0243
بالا,بالا,308,صعود: بالا رفتن,قید,2973,entries/0302-0437.md,entry-0308
بالا,بالا,371,انسان,اسم,3527,entries/0302-0437.md,entry-0371
بالا,بالا,398,صدا,صفت,3742,entries/0302-0437.md,entry-0398
بالا,بالا,400,صدای بلند 400#,صفت,3757,entries/0302-0437.md,entry-0400
بالا,بالا,615,خِیر . سعادت,صفت,5774,entries/0544-0650.md,entry-0615
بالا,بالا,644,خوبی: صفات خوب انسان,صفت,6055,entries/0544-0650.md,entry-0644
بالا,بالا,733,اقتدار 733#,صفت,6967,entries/0651-0741.md,entry-0733
بالا آمدن,بالا آمدن,1,وجود (هستی),فعل,32,entries/0001-0090.md,entry-0001
بالا آمدن,بالا آمدن,36,افزایش,فعل,369,entries/0001-0090.md,entry-0036
بالا آمدن,بالا آمدن,38,جمع,فعل,387,entries/0001-0090.md,entry-0038
بالا آمدن,بالا آمدن,197,انبساط,فعل,1906,entries/0194-0301.md,entry-0197
بالا آمدن,بالا آمدن,215,عمودی,فعل,2063,entries/0194-0301.md,entry-0215
بالا آمدن,بالا آمدن,308,صعود: بالا رفتن,فعل,2972,entries/0302-0437.md,entry-0308
بالا آمدن,بالا آمدن,654,بهبود,فعل,6175,entries/0651-0741.md,entry-0654
بالا آمدن آب دریا,بالا آمدن آب دریا,209,بلندی (ارتفاع) . بالا . رو,اسم,2018,entries/0194-0301.md,entry-0209
بالا آوردن,بالا آوردن,156,علیت . علت 156#,فعل,1458,entries/0091-0193.md,entry-0156
بالا آوردن,بالا آوردن,164,تولید . آفرینش,فعل,1555,entries/0091-0193.md,entry-0164
بالا آوردن,بالا آوردن,192,منزل: محل سکنا یا زندگی,فعل,1838,entries/0091-0193.md,entry-0192
بالا آوردن,بالا آوردن,300,دفع . طرد 300#,فعل,2869,entries/0194-0301.md,entry-0300
بالا آوردن [دفع بدنی],بالا آوردن [دفع بدنی],292,دافعه,فعل,2789,entries/0194-0301.md,entry-0292
بالا انداختن,بالا انداختن,301,غذا: خوردن و نوشیدن,فعل,2907,entries/0194-0301.md,entry-0301
بالا بردن,بالا بردن,36,افزایش,فعل,370,entries/0001-0090.md,entry-0036
بالا بردن,بالا بردن,197,انبساط,فعل,1907,entries/0194-0301.md,entry-0197
بالا بردن,بالا بردن,209,بلندی (ارتفاع) . بالا . رو,اسم,2012,entries/0194-0301.md,entry-0209
بالا بردن,بالا بردن,215,عمودی,فعل,2064,entries/0194-0301.md,entry-0215
بالا بردن,بالا بردن,265,حرکت 265#,فعل,2549,entries/0194-0301.md,entry-0265
بالا بردن,بالا بردن,285,پیشروی,فعل,2738,entries/0194-0301.md,entry-0285
بالا بردن,بالا بردن,308,صعود: بالا رفتن,اسم,2969,entries/0302-0437.md,entry-0308
بالا بردن,بالا بردن,310,ترفیع: بالابردن 310#,اسم,2984,entries/0302-0437.md,entry-0310
بالا بردن,بالا بردن,654,بهبود,فعل,6176,entries/0651-0741.md,entry-0654
بالا بلندی,بالا بلندی,837,سرگرمی,اسم,7930,entries/0742-0850.md,entry-0837
بالا بودن,بالا بودن,213,قلّه . رأس,فعل,2050,entries/0194-0301.md,entry-0213
بالا جستن,بالا جستن,328,کشش‌پذیری . فنر,فعل,3167,entries/0302-0437.md,entry-0328
بالا رفتن,بالا رفتن,36,افزایش,فعل,369,entries/0001-0090.md,entry-0036
بالا رفتن,بالا رفتن,192,منزل: محل سکنا یا زندگی,فعل,1838,entries/0091-0193.md,entry-0192
بالا رفتن,بالا رفتن,209,بلندی (ارتفاع) . بالا . رو,اسم,2012,entries/0194-0301.md,entry-0209
بالا رفتن,بالا رفتن,265,حرکت 265#,فعل,2548,entries/0194-0301.md,entry-0265
بالا رفتن,بالا رفتن,271,هوانوردی,فعل,2613,entries/0194-0301.md,entry-0271
بالا رفتن,بالا رفتن,301,غذا: خوردن و نوشیدن,فعل,2910,entries/0194-0301.md,entry-0301
بالا رفتن,بالا رفتن,308,صعود: بالا رفتن,اسم,2969,entries/0302-0437.md,entry-0308
بالا رفتن و پایین آمدن,بالا رفتن و پایین آمدن,671,مبادرت . اقدام,فعل,6367,entries/0651-0741.md,entry-0671
بالا زدن,بالا زدن,197,انبساط,فعل,1906,entries/0194-0301.md,entry-0197
بالا زدن,بالا زدن,298,صدور: حرکت به‌بیرون 298#,فعل,2843,entries/0194-0301.md,entry-0298
بالا زدن,بالا زدن,301,غذا: خوردن و نوشیدن,فعل,2910,entries/0194-0301.md,entry-0301
بالا نشین,بالا نشین,882,اجتماعی بودن . معاشرت,اسم,8383,entries/0851-0969.md,entry-0882
بالا کشیدن,بالا کشیدن,113,دیرگذری,فعل,1057,entries/0091-0193.md,entry-0113
بالا کشیدن,بالا کشیدن,310,ترفیع: بالابردن 310#,فعل,2987,entries/0302-0437.md,entry-0310
بالا کشیدن,بالا کشیدن,634,اتلاف,فعل,5964,entries/0544-0650.md,entry-0634
بالا کشیدن,بالا کشیدن,654,بهبود,فعل,6175,entries/0651-0741.md,entry-0654
بالا کشیدن,بالا کشیدن,786,اخذ . گرفتن,فعل,7461,entries/0742-0850.md,entry-0786
بالا کشیدن,بالا کشیدن,805,عدم پرداخت,فعل,7612,entries/0742-0850.md,entry-0805
بالا کشیدن,بالا کشیدن,914,ناحق . ناراستی,فعل,8682,entries/0851-0969.md,entry-0914
بالا گذاشتن,بالا گذاشتن,274,وسیلۀ نقلیه,اسم,2646,entries/0194-0301.md,entry-0274
بالا گرفتن,بالا گرفتن,36,افزایش,فعل,369,entries/0001-0090.md,entry-0036
بالا گرفتن,بالا گرفتن,176,شدت . خشونت,فعل,1670,entries/0091-0193.md,entry-0176
بالا گرفتن مخاصمات,بالا گرفتن مخاصمات,718,جنگ,فعل,6804,entries/0651-0741.md,entry-0718
بالا ‌پایین شدن,بالا ‌پایین شدن,651,بیماری . ضعف جسمانی,فعل,6149,entries/0651-0741.md,entry-0651
بالابالاها,بالابالاها,800,ثروت 800#,اسم,7564,entries/0742-0850.md,entry-0800
بالابالاها,بالابالاها,868,نجبا,اسم,8248,entries/0851-0969.md,entry-0868
بالابالاها (بالابالا),بالابالاها (بالابالا),213,قلّه . رأس,اسم,2047,entries/0194-0301.md,entry-0213
بالابان,بالابان,414,ساز,اسم,3848,entries/0302-0437.md,entry-0414
بالابر,بالابر,273,حمل‌کننده,اسم,2629,entries/0194-0301.md,entry-0273
بالابر,بالابر,274,وسیلۀ نقلیه,اسم,2647,entries/0194-0301.md,entry-0274
بالابر,بالابر,310,ترفیع: بالابردن 310#,اسم,2985,entries/0302-0437.md,entry-0310
بالابرنده,بالابرنده,310,ترفیع: بالابردن 310#,اسم,2985,entries/0302-0437.md,entry-0310
بالابلند,بالابلند,54,کامل 54#,صفت,552,entries/0001-0090.md,entry-0054
بالابلند,بالابلند,203,درازی (طول),صفت,1961,entries/0194-0301.md,entry-0203
بالابلند,بالابلند,209,بلندی (ارتفاع) . بالا . رو,صفت,2019,entries/0194-0301.md,entry-0209
بالابلندی,بالابلندی,209,بلندی (ارتفاع) . بالا . رو,اسم,2013,entries/0194-0301.md,entry-0209
بالابلندی,بالابلندی,837,سرگرمی,اسم,7930,entries/0742-0850.md,entry-0837
بالاتر,بالاتر,209,بلندی (ارتفاع) . بالا . رو,صفت,2019,entries/0194-0301.md,entry-0209
بالاتراز,بالاتراز,306,زیاده‌روی . فزونی (حرکت فراتر),قید,2955,entries/0302-0437.md,entry-0306
بالاترین,بالاترین,32,بزرگی,صفت,323,entries/0001-0090.md,entry-0032
بالاترین,بالاترین,34,برتری,صفت,348,entries/0001-0090.md,entry-0034
بالاترین,بالاترین,209,بلندی (ارتفاع) . بالا . رو,صفت,2019,entries/0194-0301.md,entry-0209
بالاترین,بالاترین,213,قلّه . رأس,صفت,2049,entries/0194-0301.md,entry-0213
بالاترین,بالاترین,638,اهمیت,صفت,6002,entries/0544-0650.md,entry-0638
بالاتری‌ها,بالاتری‌ها,741,رئیس,اسم,7055,entries/0651-0741.md,entry-0741
بالاتفاق,بالاتفاق,74,تجمع . گردآوری,قید,756,entries/0001-0090.md,entry-0074
بالاتنه,بالاتنه,253,تحدب,اسم,2426,entries/0194-0301.md,entry-0253
بالاتنه,بالاتنه,366,گیاهان,اسم,3479,entries/0302-0437.md,entry-0366
بالاجبار,بالاجبار,159,شانس: فقدان علت 159#,قید,1491,entries/0091-0193.md,entry-0159
بالاجبار,بالاجبار,596,جبر . وجوب,قید,5595,entries/0544-0650.md,entry-0596
بالاجبار,بالاجبار,606,فقدان انتخاب . بیچارگی,قید,5683,entries/0544-0650.md,entry-0606
بالاجبار,بالاجبار,627,نیاز,قید,5904,entries/0544-0650.md,entry-0627
بالاجماع,بالاجماع,74,تجمع . گردآوری,قید,756,entries/0001-0090.md,entry-0074
بالاخانه,بالاخانه,192,منزل: محل سکنا یا زندگی,اسم,1824,entries/0091-0193.md,entry-0192
بالاخانه,بالاخانه,194,ظرف,اسم,1863,entries/0194-0301.md,entry-0194
بالاخانه,بالاخانه,213,قلّه . رأس,اسم,2048,entries/0194-0301.md,entry-0213
بالاخانه,بالاخانه,502,عقل . سلامت عقل,اسم,4682,entries/0438-0543.md,entry-0502
بالاخانه‌را اجاره دادن,بالاخانه‌را اجاره دادن,503,دیوانگی,فعل,4698,entries/0438-0543.md,entry-0503
بالاختصار,بالاختصار,569,ایجاز,قید,5329,entries/0544-0650.md,entry-0569
بالاختصاص,بالاختصاص,80,ویژگی . خاص بودن 80#,قید,813,entries/0001-0090.md,entry-0080
بالاخره,بالاخره,69,پایان,قید,706,entries/0001-0090.md,entry-0069
بالاخره,بالاخره,124,آینده,قید,1142,entries/0091-0193.md,entry-0124
بالاخره,بالاخره,154,رویداد 154#,قید,1431,entries/0091-0193.md,entry-0154
بالاخص,بالاخص,80,ویژگی . خاص بودن 80#,قید,813,entries/0001-0090.md,entry-0080
بالادست,بالادست,34,برتری,صفت,347,entries/0001-0090.md,entry-0034
بالادست,بالادست,213,قلّه . رأس,اسم,2047,entries/0194-0301.md,entry-0213
بالادست,بالادست,733,اقتدار 733#,صفت,6967,entries/0651-0741.md,entry-0733
بالادست(ی),بالادست(ی),209,بلندی (ارتفاع) . بالا . رو,صفت,2019,entries/0194-0301.md,entry-0209
بالادستِ کسی (چیزی) زدن,بالادستِ کسی (چیزی) زدن,119,تقدم [در زمان],فعل,1104,entries/0091-0193.md,entry-0119
بالادستی,بالادستی,34,برتری,اسم,344,entries/0001-0090.md,entry-0034
بالادستی,بالادستی,213,قلّه . رأس,صفت,2049,entries/0194-0301.md,entry-0213
بالارفته,بالارفته,215,عمودی,صفت,2062,entries/0194-0301.md,entry-0215
بالارفته,بالارفته,310,ترفیع: بالابردن 310#,صفت,2986,entries/0302-0437.md,entry-0310
بالارونده,بالارونده,32,بزرگی,صفت,323,entries/0001-0090.md,entry-0032
بالارونده,بالارونده,265,حرکت 265#,صفت,2547,entries/0194-0301.md,entry-0265
بالارونده,بالارونده,308,صعود: بالا رفتن,صفت,2971,entries/0302-0437.md,entry-0308
بالارونده,بالارونده,323,سَبُکی,صفت,3118,entries/0302-0437.md,entry-0323
بالاست,بالاست,28,برابری: یکسانی مقدار یا درجه,اسم,281,entries/0001-0090.md,entry-0028
بالاست,بالاست,153,پایداری (تغییرناپذیری),اسم,1414,entries/0091-0193.md,entry-0153
بالاستحقاق,بالاستحقاق,915,وجود حق,صفت,8687,entries/0851-0969.md,entry-0915
بالاسر,بالاسر,660,ایمنی 660#,اسم,6255,entries/0651-0741.md,entry-0660
بالاسرِ ِکسی بودن,بالاسرِ ِکسی بودن,457,مراقبت . دقت,فعل,4226,entries/0438-0543.md,entry-0457
بالام‌جان,بالام‌جان,890,عزیز 890# عزی,اسم,8472,entries/0851-0969.md,entry-0890
بالانس,بالانس,808,حسابداری,اسم,7634,entries/0742-0850.md,entry-0808
بالانس,بالانس,837,سرگرمی,اسم,7940,entries/0742-0850.md,entry-0837
بالانس چرخ,بالانس چرخ,274,وسیلۀ نقلیه,اسم,2646,entries/0194-0301.md,entry-0274
بالانشینی,بالانشینی,873,تکبر,اسم,8294,entries/0851-0969.md,entry-0873
بالاپوش,بالاپوش,228,پوشاک . پوشیدن,اسم,2195,entries/0194-0301.md,entry-0228
بالاگرفتن,بالاگرفتن,308,صعود: بالا رفتن,فعل,2972,entries/0302-0437.md,entry-0308
بالای شهر,بالای شهر,192,منزل: محل سکنا یا زندگی,اسم,1822,entries/0091-0193.md,entry-0192
بالای شهر,بالای شهر,848,مُد,اسم,8052,entries/0742-0850.md,entry-0848
بالای نردبان,بالای نردبان,213,قلّه . رأس,اسم,2047,entries/0194-0301.md,entry-0213
بالایِ,بالایِ,34,برتری,قید,351,entries/0001-0090.md,entry-0034
بالایِ,بالایِ,65,تعاقب [در ترتیب] . توالی,قید,665,entries/0001-0090.md,entry-0065
بالایِ,بالایِ,157,معلول 157#,قید,1471,entries/0091-0193.md,entry-0157
بالایِ,بالایِ,209,بلندی (ارتفاع) . بالا . رو,قید,2023,entries/0194-0301.md,entry-0209
بالایِ,بالایِ,306,زیاده‌روی . فزونی (حرکت فراتر),قید,2955,entries/0302-0437.md,entry-0306
بالایِ,بالایِ,308,صعود: بالا رفتن,قید,2973,entries/0302-0437.md,entry-0308
بالایِ دستِ,بالایِ دستِ,34,برتری,قید,351,entries/0001-0090.md,entry-0034
بالایِ شهر,بالایِ شهر,184,منطقه: فضای معین,اسم,1749,entries/0091-0193.md,entry-0184
بالایی,بالایی,34,برتری,اسم,344,entries/0001-0090.md,entry-0034
بالایی,بالایی,209,بلندی (ارتفاع) . بالا . رو,صفت,2019,entries/0194-0301.md,entry-0209
بالایی,بالایی,213,قلّه . رأس,صفت,2049,entries/0194-0301.md,entry-0213
بالا‌بود,بالا‌بود,637,وفور,اسم,5988,entries/0544-0650.md,entry-0637
بالا‌تنه,بالا‌تنه,228,پوشاک . پوشیدن,اسم,2210,entries/0194-0301.md,entry-0228
بالا‌تنه,بالا‌تنه,371,انسان,اسم,3527,entries/0302-0437.md,entry-0371
بالا‌پوش,بالا‌پوش,226,پوشش,اسم,2175,entries/0194-0301.md,entry-0226
بالبداهه (بالبدیهه),بالبداهه (بالبدیهه),609,خودجوشی,صفت,5704,entries/0544-0650.md,entry-0609
بالتبع,بالتبع,284,پیروی,قید,2731,entries/0194-0301.md,entry-0284
بالتمام,بالتمام,52,کل - بخش اصلی,قید,533,entries/0001-0090.md,entry-0052
بالجمله,بالجمله,80,ویژگی . خاص بودن 80#,قید,815,entries/0001-0090.md,entry-0080
بالجمله,بالجمله,569,ایجاز,قید,5329,entries/0544-0650.md,entry-0569
بالجمله,بالجمله,592,تلخیص,قید,5509,entries/0544-0650.md,entry-0592
بالخصوص,بالخصوص,80,ویژگی . خاص بودن 80#,قید,813,entries/0001-0090.md,entry-0080
بالذات,بالذات,5,عرضیت,قید,73,entries/0001-0090.md,entry-0005
بالرین,بالرین,413,موسیقی‌دان,اسم,3842,entries/0302-0437.md,entry-0413
بالستیک,بالستیک,276,هواپیما,اسم,2658,entries/0194-0301.md,entry-0276
بالسویه,بالسویه,28,برابری: یکسانی مقدار یا درجه,صفت,285,entries/0001-0090.md,entry-0028
بالش,بالش,218,پایه . تکیه‌گاه,اسم,2094,entries/0194-0301.md,entry-0218
بالش,بالش,226,پوشش,اسم,2175,entries/0194-0301.md,entry-0226
بالش,بالش,327,نرمی . انعطاف,اسم,3157,entries/0302-0437.md,entry-0327
بالش,بالش,679,عدم فعالیت . خواب,اسم,6442,entries/0651-0741.md,entry-0679
بالش نرم زیر سر کسی گذاشتن,بالش نرم زیر سر کسی گذاشتن,764,قول,فعل,7245,entries/0742-0850.md,entry-0764
بالش نرم زیر سر کسی گذاشتن,بالش نرم زیر سر کسی گذاشتن,833,سرحالی . شادی,فعل,7879,entries/0742-0850.md,entry-0833
بالش نرم زیر سر کسی گذاشتن,بالش نرم زیر سر کسی گذاشتن,852,امید . آرزو,فعل,8093,entries/0851-0969.md,entry-0852
بالشتک,بالشتک,228,پوشاک . پوشیدن,اسم,2213,entries/0194-0301.md,entry-0228
بالطبع,بالطبع,5,عرضیت,قید,73,entries/0001-0090.md,entry-0005
بالعکس,بالعکس,151,تغییر متقابل: تغییر باهم یا دوگانه,قید,1397,entries/0091-0193.md,entry-0151
بالعکس,بالعکس,489,نظر مخالف,شبه جمله,4576,entries/0438-0543.md,entry-0489
بالغ,بالغ,32,بزرگی,صفت,323,entries/0001-0090.md,entry-0032
بالغ,بالغ,130,جوانی 130#,صفت,1208,entries/0091-0193.md,entry-0130
بالغ,بالغ,134,بلوغ,صفت,1235,entries/0091-0193.md,entry-0134
بالغ,بالغ,197,انبساط,صفت,1905,entries/0194-0301.md,entry-0197
بالغ,بالغ,236,حَدّ,صفت,2283,entries/0194-0301.md,entry-0236
بالغ,بالغ,646,کمال,صفت,6075,entries/0544-0650.md,entry-0646
بالغ,بالغ,669,آمادگی,صفت,6340,entries/0651-0741.md,entry-0669
بالغ,بالغ,894,ازدواج,صفت,8509,entries/0851-0969.md,entry-0894
بالغ بر (بالغ به),بالغ بر (بالغ به),28,برابری: یکسانی مقدار یا درجه,قید,291,entries/0001-0090.md,entry-0028
بالغ شدن,بالغ شدن,134,بلوغ,فعل,1236,entries/0091-0193.md,entry-0134
بالغ شدن,بالغ شدن,147,تبدیل: تغییر یافتن به‌چیزی دیگر,فعل,1364,entries/0091-0193.md,entry-0147
بالغ شدن,بالغ شدن,236,حَدّ,فعل,2285,entries/0194-0301.md,entry-0236
بالغ شدن,بالغ شدن,502,عقل . سلامت عقل,فعل,4685,entries/0438-0543.md,entry-0502
بالغه,بالغه,134,بلوغ,صفت,1235,entries/0091-0193.md,entry-0134
بالغه,بالغه,646,کمال,صفت,6075,entries/0544-0650.md,entry-0646
بالغه,بالغه,894,ازدواج,صفت,8509,entries/0851-0969.md,entry-0894
بالغ‌بر,بالغ‌بر,236,حَدّ,قید,2286,entries/0194-0301.md,entry-0236
بالغ‌بر (بالغ‌به),بالغ‌بر (بالغ‌به),34,برتری,قید,351,entries/0001-0090.md,entry-0034
بالفرض,بالفرض,512,تصور . خاطر,قید,4799,entries/0438-0543.md,entry-0512
بالفعل,بالفعل,121,زمان حال,قید,1119,entries/0091-0193.md,entry-0121
بالفور,بالفور,116,لحظه,قید,1084,entries/0091-0193.md,entry-0116
بالقوه,بالقوه,2,عدم (نیستی),صفت,40,entries/0001-0090.md,entry-0002
بالقوه,بالقوه,5,عرضیت,صفت,69,entries/0001-0090.md,entry-0005
بالقوه,بالقوه,124,آینده,صفت,1139,entries/0091-0193.md,entry-0124
بالقوه,بالقوه,469,امکان,صفت,4356,entries/0438-0543.md,entry-0469
بالقوه,بالقوه,523,نهفتگی,صفت,4909,entries/0438-0543.md,entry-0523
بالقوه بودن,بالقوه بودن,1,وجود (هستی),اسم,26,entries/0001-0090.md,entry-0001
بالقوه بودن,بالقوه بودن,180,استعداد 180#,اسم,1704,entries/0091-0193.md,entry-0180
بالقوه بودن,بالقوه بودن,523,نهفتگی,اسم,4908,entries/0438-0543.md,entry-0523
بالقوگی,بالقوگی,5,عرضیت,اسم,64,entries/0001-0090.md,entry-0005
بالله,بالله,532,اظهار . تأکید . سوگند,قید,5022,entries/0438-0543.md,entry-0532
بالمآل,بالمآل,69,پایان,قید,706,entries/0001-0090.md,entry-0069
بالمره,بالمره,44,سادگی,صفت,436,entries/0001-0090.md,entry-0044
بالمناصفه,بالمناصفه,28,برابری: یکسانی مقدار یا درجه,قید,290,entries/0001-0090.md,entry-0028
بالن,بالن,194,ظرف,اسم,1848,entries/0194-0301.md,entry-0194
بالن,بالن,276,هواپیما,اسم,2657,entries/0194-0301.md,entry-0276
بالن,بالن,340,هوا 340#,اسم,3246,entries/0302-0437.md,entry-0340
بالن,بالن,365,حیوانات,اسم,3465,entries/0302-0437.md,entry-0365
بالنتیجه,بالنتیجه,157,معلول 157#,قید,1470,entries/0091-0193.md,entry-0157
بالنده,بالنده,36,افزایش,صفت,368,entries/0001-0090.md,entry-0036
بالنده,بالنده,160,توان 160#,صفت,1503,entries/0091-0193.md,entry-0160
بالنده,بالنده,654,بهبود,صفت,6174,entries/0651-0741.md,entry-0654
بالندگی,بالندگی,654,بهبود,اسم,6168,entries/0651-0741.md,entry-0654
بالنسبه,بالنسبه,9,رابطه . ربط,قید,114,entries/0001-0090.md,entry-0009
بالنگ,بالنگ,301,غذا: خوردن و نوشیدن,اسم,2893,entries/0194-0301.md,entry-0301
بالنگ,بالنگ,366,گیاهان,اسم,3478,entries/0302-0437.md,entry-0366
بالن‌سواری کردن,بالن‌سواری کردن,271,هوانوردی,فعل,2613,entries/0194-0301.md,entry-0271
باله,باله,153,پایداری (تغییرناپذیری),اسم,1414,entries/0091-0193.md,entry-0153
باله,باله,365,حیوانات,اسم,3469,entries/0302-0437.md,entry-0365
باله,باله,412,موسیقی,اسم,3832,entries/0302-0437.md,entry-0412
باله,باله,594,تئاتر,اسم,5525,entries/0544-0650.md,entry-0594
باله,باله,837,سرگرمی,اسم,7933,entries/0742-0850.md,entry-0837
بالون حجمی,بالون حجمی,319,مادیت 319#,اسم,3071,entries/0302-0437.md,entry-0319
بالچه,بالچه,271,هوانوردی,اسم,2611,entries/0194-0301.md,entry-0271
بالچه,بالچه,276,هواپیما,اسم,2657,entries/0194-0301.md,entry-0276
بالک,بالک,274,وسیلۀ نقلیه,اسم,2643,entries/0194-0301.md,entry-0274
بالکل,بالکل,52,کل - بخش اصلی,قید,532,entries/0001-0090.md,entry-0052
بالکن,بالکن,194,ظرف,اسم,1864,entries/0194-0301.md,entry-0194
بالکن,بالکن,594,تئاتر,اسم,5530,entries/0544-0650.md,entry-0594
بالکنت سخت گفتن,بالکنت سخت گفتن,580,مشکلِ سخن 580#,فعل,5405,entries/0544-0650.md,entry-0580
بالیدن,بالیدن,36,افزایش,فعل,369,entries/0001-0090.md,entry-0036
بالیدن,بالیدن,366,گیاهان,فعل,3487,entries/0302-0437.md,entry-0366
بالیدن,بالیدن,615,خِیر . سعادت,فعل,5779,entries/0544-0650.md,entry-0615
بالیدن,بالیدن,654,بهبود,فعل,6175,entries/0651-0741.md,entry-0654
بالیدن,بالیدن,871,غرور . افتخار,فعل,8280,entries/0851-0969.md,entry-0871
بالیدن,بالیدن,877,لاف‌زنی,فعل,8334,entries/0851-0969.md,entry-0877
بالیستیک,بالیستیک,271,هوانوردی,اسم,2608,entries/0194-0301.md,entry-0271
بالین,بالین,218,پایه . تکیه‌گاه,اسم,2093,entries/0194-0301.md,entry-0218
بالینی,بالینی,658,درمان,صفت,6235,entries/0651-0741.md,entry-0658
بال‌بال زدن,بال‌بال زدن,318,تلاطم: حرکت نامنظم,فعل,3052,entries/0302-0437.md,entry-0318
بال‌بال کردن,بال‌بال کردن,312,پرش . جهش,صفت,3004,entries/0302-0437.md,entry-0312
بال‌ماسکه,بال‌ماسکه,837,سرگرمی,اسم,7921,entries/0742-0850.md,entry-0837
بال‌وپر دادن,بال‌وپر دادن,162,قدرت,فعل,1532,entries/0091-0193.md,entry-0162
بال‌وپر کسی را شکستن,بال‌وپر کسی را شکستن,161,ناتوانی,فعل,1515,entries/0091-0193.md,entry-0161
بال‌وپر گرفتن,بال‌وپر گرفتن,162,قدرت,فعل,1531,entries/0091-0193.md,entry-0162
بال‌وپر گرفتن,بال‌وپر گرفتن,824,خوشی,فعل,7791,entries/0742-0850.md,entry-0824
بال‌گرد,بال‌گرد,276,هواپیما,اسم,2657,entries/0194-0301.md,entry-0276
بام,بام,226,پوشش,اسم,2169,entries/0194-0301.md,entry-0226
بام,بام,400,صدای بلند 400#,اسم,3755,entries/0302-0437.md,entry-0400
باماشین رفتن,باماشین رفتن,267,مسافرت زمینی,فعل,2581,entries/0194-0301.md,entry-0267
بامانع,بامانع,837,سرگرمی,اسم,7939,entries/0742-0850.md,entry-0837
بامبو,بامبو,366,گیاهان,اسم,3478,entries/0302-0437.md,entry-0366
بامبول,بامبول,542,فریب,اسم,5099,entries/0438-0543.md,entry-0542
بامبول درآوردن (تراشیدن,بامبول درآوردن (تراشیدن,542,فریب,فعل,5107,entries/0438-0543.md,entry-0542
بامبول‌باز,بامبول‌باز,542,فریب,صفت,5104,entries/0438-0543.md,entry-0542
بامتانت سخن گفتن,بامتانت سخن گفتن,540,راستگویی 540#,فعل,5083,entries/0438-0543.md,entry-0540
بامحبت,بامحبت,880,دوستی 880#,قید,8366,entries/0851-0969.md,entry-0880
بامحتوا,بامحتوا,514,معنی,صفت,4820,entries/0438-0543.md,entry-0514
بامداد,بامداد,128,صبح . بهار . تابستان,اسم,1185,entries/0091-0193.md,entry-0128
بامداد,بامداد,419,گرگ و میش,اسم,3899,entries/0302-0437.md,entry-0419
بامدادان,بامدادان,128,صبح . بهار . تابستان,اسم,1185,entries/0091-0193.md,entry-0128
بامدادی,بامدادی,128,صبح . بهار . تابستان,صفت,1189,entries/0091-0193.md,entry-0128
بامدارا,بامدارا,492,دانشمند,اسم,4608,entries/0438-0543.md,entry-0492
بامدارا,بامدارا,606,فقدان انتخاب . بیچارگی,صفت,5678,entries/0544-0650.md,entry-0606
بامدارا,بامدارا,734,نرمش,صفت,6982,entries/0651-0741.md,entry-0734
بامدارا,بامدارا,736,آسان‌گیری,صفت,7003,entries/0651-0741.md,entry-0736
بامدارا,بامدارا,897,نیکخواهی,صفت,8533,entries/0851-0969.md,entry-0897
بامدارا,بامدارا,905,دلسوزی . ترحم,صفت,8603,entries/0851-0969.md,entry-0905
بامروت,بامروت,813,سخاوت,صفت,7680,entries/0742-0850.md,entry-0813
بامزه,بامزه,291,جاذبه,صفت,2782,entries/0194-0301.md,entry-0291
بامزه,بامزه,390,خوشمزگی 390#,صفت,3686,entries/0302-0437.md,entry-0390
بامزه,بامزه,594,تئاتر,صفت,5538,entries/0544-0650.md,entry-0594
بامزه,بامزه,839,ظرافت طبع,صفت,7966,entries/0742-0850.md,entry-0839
بامزه,بامزه,849,مسخرگی,صفت,8061,entries/0742-0850.md,entry-0849
بامسئولیت محدود,بامسئولیت محدود,708,گروه اجتماعی,صفت,6695,entries/0651-0741.md,entry-0708
بامسافت بسیار,بامسافت بسیار,203,درازی (طول),صفت,1961,entries/0194-0301.md,entry-0203
بامسما,بامسما,561,نام‌گذاری,صفت,5276,entries/0544-0650.md,entry-0561
بامشقت,بامشقت,700,دشواری 700#,قید,6621,entries/0651-0741.md,entry-0700
بامضایقه,بامضایقه,814,صرفه‌جویی,صفت,7686,entries/0742-0850.md,entry-0814
بامضایقه,بامضایقه,912,غبطه,صفت,8658,entries/0851-0969.md,entry-0912
بامعرفت,بامعرفت,866,خوش‌نامی,صفت,8225,entries/0851-0969.md,entry-0866
بامعرفت,بامعرفت,929,درستی . درستکاری,صفت,8838,entries/0851-0969.md,entry-0929
بامعرفت,بامعرفت,933,پرهیزگاری,صفت,8871,entries/0851-0969.md,entry-0933
بامعلومات,بامعلومات,490,دانش . دانایی 490#,صفت,4587,entries/0438-0543.md,entry-0490
باملاحظه,باملاحظه,455,توجه,صفت,4197,entries/0438-0543.md,entry-0455
باملاحظه,باملاحظه,457,مراقبت . دقت,صفت,4223,entries/0438-0543.md,entry-0457
باملاحظۀ,باملاحظۀ,449,اندیشه,قید,4153,entries/0438-0543.md,entry-0449
باملایمت,باملایمت,177,ملایمت . میانه‌روی,قید,1685,entries/0091-0193.md,entry-0177
بامناعت,بامناعت,871,غرور . افتخار,صفت,8279,entries/0851-0969.md,entry-0871
بامهابت,بامهابت,32,بزرگی,صفت,325,entries/0001-0090.md,entry-0032
بامهابت,بامهابت,920,احترام 920#,صفت,8739,entries/0851-0969.md,entry-0920
بامهارت,بامهارت,694,مهارت,صفت,6562,entries/0651-0741.md,entry-0694
بامهربانی,بامهربانی,880,دوستی 880#,صفت,8363,entries/0851-0969.md,entry-0880
باموفقیت,باموفقیت,727,موفقیت,صفت,6901,entries/0651-0741.md,entry-0727
بامیه,بامیه,301,غذا: خوردن و نوشیدن,اسم,2892,entries/0194-0301.md,entry-0301
بام‌غلتان,بام‌غلتان,216,افقی,اسم,2070,entries/0194-0301.md,entry-0216
بام‌پوش,بام‌پوش,226,پوشش,اسم,2177,entries/0194-0301.md,entry-0226
بان,بان,357,روغن . چربی,اسم,3369,entries/0302-0437.md,entry-0357
باند,باند,74,تجمع . گردآوری,اسم,746,entries/0001-0090.md,entry-0074
باند,باند,104,تعدد,اسم,976,entries/0091-0193.md,entry-0104
باند,باند,208,رشته . لیف,اسم,2005,entries/0194-0301.md,entry-0208
باند,باند,398,صدا,اسم,3739,entries/0302-0437.md,entry-0398
باند,باند,400,صدای بلند 400#,اسم,3756,entries/0302-0437.md,entry-0400
باند,باند,412,موسیقی,اسم,3837,entries/0302-0437.md,entry-0412
باند,باند,413,موسیقی‌دان,اسم,3842,entries/0302-0437.md,entry-0413
باند,باند,624,راه,اسم,5876,entries/0544-0650.md,entry-0624
باند,باند,658,درمان,اسم,6225,entries/0651-0741.md,entry-0658
باند,باند,708,گروه اجتماعی,اسم,6688,entries/0651-0741.md,entry-0708
باند تبهکاران,باند تبهکاران,74,تجمع . گردآوری,اسم,747,entries/0001-0090.md,entry-0074
باند فرودگاه,باند فرودگاه,624,راه,اسم,5874,entries/0544-0650.md,entry-0624
بانداژ,بانداژ,208,رشته . لیف,اسم,2005,entries/0194-0301.md,entry-0208
بانداژ,بانداژ,658,درمان,اسم,6228,entries/0651-0741.md,entry-0658
باندبازی,باندبازی,914,ناحق . ناراستی,اسم,8678,entries/0851-0969.md,entry-0914
باندرول,باندرول,756,اجازه,اسم,7180,entries/0742-0850.md,entry-0756
باندِ فرودگاه,باندِ فرودگاه,276,هواپیما,اسم,2657,entries/0194-0301.md,entry-0276
باندپیچی,باندپیچی,658,درمان,اسم,6228,entries/0651-0741.md,entry-0658
بانزاکت,بانزاکت,884,ادب,صفت,8408,entries/0851-0969.md,entry-0884
بانسق,بانسق,60,نظم 60#,صفت,611,entries/0001-0090.md,entry-0060
بانشاط,بانشاط,174,فعال بودن,صفت,1647,entries/0091-0193.md,entry-0174
بانشاط,بانشاط,312,پرش . جهش,صفت,3003,entries/0302-0437.md,entry-0312
بانشاط,بانشاط,819,حساسیت روحی . زودرنجی,صفت,7736,entries/0742-0850.md,entry-0819
بانشاط,بانشاط,824,خوشی,صفت,7790,entries/0742-0850.md,entry-0824
بانظم,بانظم,60,نظم 60#,صفت,611,entries/0001-0090.md,entry-0060
بانفوذ,بانفوذ,32,بزرگی,صفت,323,entries/0001-0090.md,entry-0032
بانفوذ,بانفوذ,160,توان 160#,صفت,1503,entries/0091-0193.md,entry-0160
بانفوذ,بانفوذ,178,تأثیر,صفت,1690,entries/0091-0193.md,entry-0178
بانفوذ,بانفوذ,612,انگیختن . تحریک,اسم,5740,entries/0544-0650.md,entry-0612
بانفوذ,بانفوذ,638,اهمیت,صفت,6003,entries/0544-0650.md,entry-0638
بانفوذ,بانفوذ,703,کمک,صفت,6653,entries/0651-0741.md,entry-0703
بانفوذ,بانفوذ,727,موفقیت,صفت,6901,entries/0651-0741.md,entry-0727
بانفوذ,بانفوذ,733,اقتدار 733#,صفت,6967,entries/0651-0741.md,entry-0733
بانمک,بانمک,841,زیبایی,صفت,7984,entries/0742-0850.md,entry-0841
بانمک,بانمک,849,مسخرگی,صفت,8061,entries/0742-0850.md,entry-0849
بانمک,بانمک,887,عشق,صفت,8439,entries/0851-0969.md,entry-0887
بانو,بانو,373,مؤنث,اسم,3542,entries/0302-0437.md,entry-0373
بانو,بانو,870,عنوان 870#,اسم,8274,entries/0851-0969.md,entry-0870
بانک,بانک,618,اتفاق . قمار,اسم,5807,entries/0544-0650.md,entry-0618
بانک,بانک,632,انبار,اسم,5946,entries/0544-0650.md,entry-0632
بانک,بانک,784,اعطای وام . قرض دادن,اسم,7435,entries/0742-0850.md,entry-0784
بانک,بانک,798,خزانه‌دار,اسم,7555,entries/0742-0850.md,entry-0798
بانک,بانک,799,خزانه‌داری,اسم,7559,entries/0742-0850.md,entry-0799
بانک,بانک,837,سرگرمی,اسم,7931,entries/0742-0850.md,entry-0837
بانک اطلاعاتی,بانک اطلاعاتی,505,حافظه,اسم,4719,entries/0438-0543.md,entry-0505
بانک جهانی,بانک جهانی,784,اعطای وام . قرض دادن,اسم,7435,entries/0742-0850.md,entry-0784
بانک خون,بانک خون,632,انبار,اسم,5946,entries/0544-0650.md,entry-0632
بانک دولتی,بانک دولتی,784,اعطای وام . قرض دادن,اسم,7435,entries/0742-0850.md,entry-0784
بانک رهنی,بانک رهنی,784,اعطای وام . قرض دادن,اسم,7435,entries/0742-0850.md,entry-0784
بانک متون,بانک متون,589,کتاب,اسم,5472,entries/0544-0650.md,entry-0589
بانک مرکزی,بانک مرکزی,797,پول,اسم,7542,entries/0742-0850.md,entry-0797
بانک مرکزی,بانک مرکزی,799,خزانه‌داری,اسم,7559,entries/0742-0850.md,entry-0799
بانک ناشر اسکناس,بانک ناشر اسکناس,797,پول,اسم,7547,entries/0742-0850.md,entry-0797
بانکدار,بانکدار,798,خزانه‌دار,اسم,7555,entries/0742-0850.md,entry-0798
بانکداری,بانکداری,632,انبار,اسم,5947,entries/0544-0650.md,entry-0632
بانکه,بانکه,194,ظرف,اسم,1858,entries/0194-0301.md,entry-0194
بانکی,بانکی,797,پول,صفت,7548,entries/0742-0850.md,entry-0797
بانک‌دار,بانک‌دار,784,اعطای وام . قرض دادن,اسم,7435,entries/0742-0850.md,entry-0784
بانک‌را زدن,بانک‌را زدن,771,اکتساب,فعل,7314,entries/0742-0850.md,entry-0771
بانگ,بانگ,398,صدا,اسم,3739,entries/0302-0437.md,entry-0398
بانگ,بانگ,400,صدای بلند 400#,اسم,3755,entries/0302-0437.md,entry-0400
بانگ,بانگ,408,فریاد انسان,اسم,3798,entries/0302-0437.md,entry-0408
بانگ,بانگ,547,دلالت,اسم,5155,entries/0544-0650.md,entry-0547
بانگ,بانگ,577,ندا: صدای انسان,اسم,5378,entries/0544-0650.md,entry-0577
بانگ زدن,بانگ زدن,398,صدا,فعل,3743,entries/0302-0437.md,entry-0398
بانی,بانی,156,علیت . علت 156#,اسم,1453,entries/0091-0193.md,entry-0156
بانی,بانی,623,برنامه,اسم,5862,entries/0544-0650.md,entry-0623
بانی,بانی,690,مدیر . رهبر 690#,اسم,6533,entries/0651-0741.md,entry-0690
بانی خیر,بانی خیر,897,نیکخواهی,اسم,8532,entries/0851-0969.md,entry-0897
بانیروی انفجاری به‌جلو راندن,بانیروی انفجاری به‌جلو راندن,287,رانش,اسم,2751,entries/0194-0301.md,entry-0287
بانیروی مستمر به‌جلو راندن,بانیروی مستمر به‌جلو راندن,287,رانش,اسم,2751,entries/0194-0301.md,entry-0287
باهدف,باهدف,617,قصد,صفت,5799,entries/0544-0650.md,entry-0617
باهم,باهم,74,تجمع . گردآوری,قید,756,entries/0001-0090.md,entry-0074
باهم,باهم,89,همراهی,صفت,904,entries/0001-0090.md,entry-0089
باهم,باهم,123,همزمانی,قید,1134,entries/0091-0193.md,entry-0123
باهم,باهم,706,همکاری . تعاون,قید,6678,entries/0651-0741.md,entry-0706
باهم بودن,باهم بودن,48,انسجام,فعل,496,entries/0001-0090.md,entry-0048
باهم بودن,باهم بودن,89,همراهی,اسم,902,entries/0001-0090.md,entry-0089
باهم بودن,باهم بودن,324,تراکم . چگالی 324#,فعل,3136,entries/0302-0437.md,entry-0324
باهم تغییر کردن,باهم تغییر کردن,151,تغییر متقابل: تغییر باهم یا دوگانه,فعل,1396,entries/0091-0193.md,entry-0151
باهم تمدید یافتن,باهم تمدید یافتن,219,توازی,فعل,2110,entries/0194-0301.md,entry-0219
باهم جور شدن,باهم جور شدن,24,سازگاری,فعل,241,entries/0001-0090.md,entry-0024
باهم خواندن,باهم خواندن,16,همگنی,فعل,171,entries/0001-0090.md,entry-0016
باهم خواندن,باهم خواندن,24,سازگاری,فعل,241,entries/0001-0090.md,entry-0024
باهم درنظر گرفتن,باهم درنظر گرفتن,45,اتحاد . پیوستگی,فعل,451,entries/0001-0090.md,entry-0045
باهم زندگی کردن,باهم زندگی کردن,89,همراهی,فعل,905,entries/0001-0090.md,entry-0089
باهم زیستن,باهم زیستن,89,همراهی,فعل,905,entries/0001-0090.md,entry-0089
باهم عوض کردن,باهم عوض کردن,143,تغییر و تحول 143#,فعل,1326,entries/0091-0193.md,entry-0143
باهم عوض کردن,باهم عوض کردن,151,تغییر متقابل: تغییر باهم یا دوگانه,فعل,1395,entries/0091-0193.md,entry-0151
باهم موافقت کردن,باهم موافقت کردن,488,نظر موافق,فعل,4564,entries/0438-0543.md,entry-0488
باهم وجودداشتن,باهم وجودداشتن,89,همراهی,فعل,905,entries/0001-0090.md,entry-0089
باهمان ریخت,باهمان ریخت,7,حالت: وضعیت مطلق,قید,89,entries/0001-0090.md,entry-0007
باهمت,باهمت,671,مبادرت . اقدام,صفت,6364,entries/0651-0741.md,entry-0671
باهمت,باهمت,678,فعالیت . بیداری,صفت,6429,entries/0651-0741.md,entry-0678
باهمت,باهمت,682,تلاش . کار,صفت,6472,entries/0651-0741.md,entry-0682
باهمدردی,باهمدردی,818,احساس,قید,7729,entries/0742-0850.md,entry-0818
باهمدیگر,باهمدیگر,74,تجمع . گردآوری,قید,756,entries/0001-0090.md,entry-0074
باهمدیگر,باهمدیگر,89,همراهی,قید,906,entries/0001-0090.md,entry-0089
باهمکاریِ,باهمکاریِ,706,همکاری . تعاون,قید,6678,entries/0651-0741.md,entry-0706
باهنر,باهنر,556,هنرمند,اسم,5234,entries/0544-0650.md,entry-0556
باهوش,باهوش,498,هوش . فراست,صفت,4656,entries/0438-0543.md,entry-0498
باهوش,باهوش,502,عقل . سلامت عقل,صفت,4683,entries/0438-0543.md,entry-0502
باهوش,باهوش,698,زیرکی,صفت,6596,entries/0651-0741.md,entry-0698
باهوش,باهوش,839,ظرافت طبع,صفت,7966,entries/0742-0850.md,entry-0839
باهوش بودن,باهوش بودن,203,درازی (طول),فعل,1966,entries/0194-0301.md,entry-0203
باهوش بودن,باهوش بودن,447,شعور 447#,فعل,4132,entries/0438-0543.md,entry-0447
باهوش بودن,باهوش بودن,498,هوش . فراست,فعل,4658,entries/0438-0543.md,entry-0498
باهوش بودن,باهوش بودن,502,عقل . سلامت عقل,فعل,4684,entries/0438-0543.md,entry-0502
باهوش بودن,باهوش بودن,516,قابل درک,فعل,4840,entries/0438-0543.md,entry-0516
باهیبت,باهیبت,32,بزرگی,صفت,325,entries/0001-0090.md,entry-0032
باهیبت,باهیبت,821,تهییج,صفت,7755,entries/0742-0850.md,entry-0821
باهیبت,باهیبت,920,احترام 920#,صفت,8739,entries/0851-0969.md,entry-0920
باواسطه,باواسطه,720,میانجی‌گری 720#,صفت,6820,entries/0651-0741.md,entry-0720
باوجدان,باوجدان,917,وظیفه,صفت,8713,entries/0851-0969.md,entry-0917
باوجدان,باوجدان,929,درستی . درستکاری,صفت,8838,entries/0851-0969.md,entry-0929
باوجدان,باوجدان,933,پرهیزگاری,صفت,8871,entries/0851-0969.md,entry-0933
باوجدانی,باوجدانی,929,درستی . درستکاری,اسم,8836,entries/0851-0969.md,entry-0929
باوجود,باوجود,1,وجود (هستی),قید,33,entries/0001-0090.md,entry-0001
باوجود,باوجود,160,توان 160#,صفت,1503,entries/0091-0193.md,entry-0160
باوجوداین,باوجوداین,182,اثر متقابل,قید,1719,entries/0091-0193.md,entry-0182
باور,باور,179,گرایش,اسم,1697,entries/0091-0193.md,entry-0179
باور,باور,473,قطعیت,اسم,4389,entries/0438-0543.md,entry-0473
باور,باور,481,عدم تشخیص . تعصب,اسم,4489,entries/0438-0543.md,entry-0481
باور,باور,485,باور,اسم,4524,entries/0438-0543.md,entry-0485
باور,باور,487,زودباوری,اسم,4549,entries/0438-0543.md,entry-0487
باور,باور,490,دانش . دانایی 490#,اسم,4581,entries/0438-0543.md,entry-0490
باور,باور,612,انگیختن . تحریک,اسم,5734,entries/0544-0650.md,entry-0612
باور,باور,852,امید . آرزو,اسم,8088,entries/0851-0969.md,entry-0852
باور,باور,973,دین . دینداری,اسم,9190,entries/0970-0991.md,entry-0973
باور,باور,979,تقوا,اسم,9250,entries/0970-0991.md,entry-0979
باور داشتن,باور داشتن,471,احتمال,فعل,4377,entries/0438-0543.md,entry-0471
باور داشتن,باور داشتن,473,قطعیت,فعل,4395,entries/0438-0543.md,entry-0473
باور داشتن,باور داشتن,478,اثبات,فعل,4456,entries/0438-0543.md,entry-0478
باور داشتن,باور داشتن,485,باور,فعل,4530,entries/0438-0543.md,entry-0485
باور داشتن,باور داشتن,487,زودباوری,فعل,4551,entries/0438-0543.md,entry-0487
باور داشتن,باور داشتن,512,تصور . خاطر,فعل,4797,entries/0438-0543.md,entry-0512
باور داشتن,باور داشتن,612,انگیختن . تحریک,فعل,5750,entries/0544-0650.md,entry-0612
باور داشتن,باور داشتن,852,امید . آرزو,فعل,8092,entries/0851-0969.md,entry-0852
باور داشتن,باور داشتن,979,تقوا,فعل,9257,entries/0970-0991.md,entry-0979
باور مذهبی,باور مذهبی,485,باور,اسم,4524,entries/0438-0543.md,entry-0485
باور نکردن,باور نکردن,450,فقدان اندیشه 450#,فعل,4162,entries/0438-0543.md,entry-0450
باور کردن,باور کردن,485,باور,فعل,4533,entries/0438-0543.md,entry-0485
باوراندن,باوراندن,485,باور,فعل,4532,entries/0438-0543.md,entry-0485
باوراندن,باوراندن,612,انگیختن . تحریک,فعل,5747,entries/0544-0650.md,entry-0612
باورداشت,باورداشت,485,باور,اسم,4524,entries/0438-0543.md,entry-0485
باورنکردن,باورنکردن,486,ناباوری . شک,فعل,4543,entries/0438-0543.md,entry-0486
باورنکردنی,باورنکردنی,32,بزرگی,صفت,326,entries/0001-0090.md,entry-0032
باورنکردنی,باورنکردنی,450,فقدان اندیشه 450#,صفت,4160,entries/0438-0543.md,entry-0450
باورنکردنی,باورنکردنی,486,ناباوری . شک,صفت,4542,entries/0438-0543.md,entry-0486
باورنکردنی,باورنکردنی,864,شگفت,صفت,8203,entries/0851-0969.md,entry-0864
باورنکردنی بودن,باورنکردنی بودن,450,فقدان اندیشه 450#,فعل,4162,entries/0438-0543.md,entry-0450
باورکردنی,باورکردنی,471,احتمال,صفت,4374,entries/0438-0543.md,entry-0471
باورکردنی,باورکردنی,485,باور,صفت,4528,entries/0438-0543.md,entry-0485
باورکردنی,باورکردنی,758,تأیید . رضایت,صفت,7197,entries/0742-0850.md,entry-0758
باورکردنی بودن,باورکردنی بودن,485,باور,فعل,4534,entries/0438-0543.md,entry-0485
باور‌نکردنی,باور‌نکردنی,489,نظر مخالف,صفت,4572,entries/0438-0543.md,entry-0489
باوسعت,باوسعت,203,درازی (طول),صفت,1961,entries/0194-0301.md,entry-0203
باوفا,باوفا,739,اطاعت . وفاداری,صفت,7035,entries/0651-0741.md,entry-0739
باوقار,باوقار,278,آهستگی,صفت,2674,entries/0194-0301.md,entry-0278
باوقار,باوقار,575,ظرافت کلام,اسم,5367,entries/0544-0650.md,entry-0575
باوقار بودن,باوقار بودن,177,ملایمت . میانه‌روی,فعل,1682,entries/0091-0193.md,entry-0177
باوقار بودن,باوقار بودن,540,راستگویی 540#,فعل,5083,entries/0438-0543.md,entry-0540
باوقار بودن,باوقار بودن,834,افسردگی . وقار,فعل,7893,entries/0742-0850.md,entry-0834
باپا,باپا,267,مسافرت زمینی,قید,2582,entries/0194-0301.md,entry-0267
باپتیسم,باپتیسم,978,فرقه‌گرایی,اسم,9241,entries/0970-0991.md,entry-0978
باپشتکار,باپشتکار,600,پافشاری 600#,صفت,5623,entries/0544-0650.md,entry-0600
باچشم‌انتظاری,باچشم‌انتظاری,822,تحریک پذیری,قید,7766,entries/0742-0850.md,entry-0822
باچیزی لاس زدن,باچیزی لاس زدن,604,تلون مزاج . هوس,فعل,5660,entries/0544-0650.md,entry-0604
باک,باک,825,رنج . غم,اسم,7797,entries/0742-0850.md,entry-0825
باک,باک,854,ترس,اسم,8106,entries/0851-0969.md,entry-0854
باک بنزین,باک بنزین,274,وسیلۀ نقلیه,اسم,2647,entries/0194-0301.md,entry-0274
باک داشتن,باک داشتن,825,رنج . غم,فعل,7803,entries/0742-0850.md,entry-0825
باک داشتن,باک داشتن,854,ترس,فعل,8114,entries/0851-0969.md,entry-0854
باک را پرکردن,باک را پرکردن,633,تهیه,فعل,5958,entries/0544-0650.md,entry-0633
باکاره,باکاره,160,توان 160#,صفت,1503,entries/0091-0193.md,entry-0160
باکاره,باکاره,622,اشتغال,صفت,5851,entries/0544-0650.md,entry-0622
باکتری,باکتری,196,خُردی,اسم,1895,entries/0194-0301.md,entry-0196
باکتری,باکتری,651,بیماری . ضعف جسمانی,اسم,6128,entries/0651-0741.md,entry-0651
باکتری,باکتری,659,مایۀ هلاک . زهر,اسم,6247,entries/0651-0741.md,entry-0659
باکتریایی,باکتریایی,651,بیماری . ضعف جسمانی,صفت,6148,entries/0651-0741.md,entry-0651
باکتری‌شناسی,باکتری‌شناسی,358,ارگانیسم: موجودات زنده 358#,اسم,3389,entries/0302-0437.md,entry-0358
باکره,باکره,52,کل - بخش اصلی,صفت,529,entries/0001-0090.md,entry-0052
باکره,باکره,895,تجرد,اسم,8518,entries/0851-0969.md,entry-0895
باکره,باکره,950,عفت . پاکدامنی 950#,اسم,8999,entries/0851-0969.md,entry-0950
باکرگی,باکرگی,895,تجرد,اسم,8516,entries/0851-0969.md,entry-0895
باکفایت,باکفایت,694,مهارت,صفت,6564,entries/0651-0741.md,entry-0694
باکفایت,باکفایت,915,وجود حق,صفت,8687,entries/0851-0969.md,entry-0915
باکلاس,باکلاس,644,خوبی: صفات خوب انسان,صفت,6054,entries/0544-0650.md,entry-0644
باکمال بی‌میلی,باکمال بی‌میلی,598,اکراه,قید,5611,entries/0544-0650.md,entry-0598
باکمال میل,باکمال میل,597,رغبت . داوطلبی,شبه جمله,5604,entries/0544-0650.md,entry-0597
باکمبود مواجه شدن,باکمبود مواجه شدن,636,عدم کفایت,فعل,5983,entries/0544-0650.md,entry-0636
باکَش شدن,باکَش شدن,854,ترس,فعل,8114,entries/0851-0969.md,entry-0854
باکَش نبودن,باکَش نبودن,855,شجاعت,فعل,8127,entries/0851-0969.md,entry-0855
باگاژ,باگاژ,194,ظرف,اسم,1855,entries/0194-0301.md,entry-0194
باگاژ,باگاژ,267,مسافرت زمینی,اسم,2574,entries/0194-0301.md,entry-0267
باگاژ,باگاژ,272,حمل . ترابری,اسم,2619,entries/0194-0301.md,entry-0272
باگاژ,باگاژ,274,وسیلۀ نقلیه,اسم,2643,entries/0194-0301.md,entry-0274
باگت,باگت,301,غذا: خوردن و نوشیدن,اسم,2885,entries/0194-0301.md,entry-0301
باگذشت زمان,باگذشت زمان,111,طی: زمان نامعین,قید,1044,entries/0091-0193.md,entry-0111
بایال‌وکوپال,بایال‌وکوپال,32,بزرگی,صفت,325,entries/0001-0090.md,entry-0032
بایال‌وکوپال,بایال‌وکوپال,162,قدرت,صفت,1528,entries/0091-0193.md,entry-0162
بایال‌وکوپال,بایال‌وکوپال,920,احترام 920#,صفت,8739,entries/0851-0969.md,entry-0920
بایت,بایت,86,شمارش,اسم,875,entries/0001-0090.md,entry-0086
باید,باید,473,قطعیت,صفت,4392,entries/0438-0543.md,entry-0473
باید,باید,596,جبر . وجوب,اسم,5588,entries/0544-0650.md,entry-0596
باید,باید,913,حق . راستی,اسم,8668,entries/0851-0969.md,entry-0913
باید,باید,915,وجود حق,فعل,8689,entries/0851-0969.md,entry-0915
باید دیدکه,باید دیدکه,474,عدم‌قطعیت . تردید,قید,4413,entries/0438-0543.md,entry-0474
باید ساخت,باید ساخت,823,تهییج ناپذیری,شبه جمله,7777,entries/0742-0850.md,entry-0823
بایدوشاید,بایدوشاید,24,سازگاری,صفت,239,entries/0001-0090.md,entry-0024
بایر,بایر,165,تخریب,صفت,1564,entries/0091-0193.md,entry-0165
بایر,بایر,244,بی‌شکلی,صفت,2346,entries/0194-0301.md,entry-0244
بایر,بایر,342,خشکی,صفت,3272,entries/0302-0437.md,entry-0342
بایر,بایر,641,بی‌فایده بودن,صفت,6032,entries/0544-0650.md,entry-0641
بایر,بایر,670,فقدان آمادگی 670#,صفت,6353,entries/0651-0741.md,entry-0670
بایر,بایر,674,عدم استفاده,صفت,6390,entries/0651-0741.md,entry-0674
بایر,بایر,774,عدم مالکیت,صفت,7345,entries/0742-0850.md,entry-0774
بایر,بایر,779,عدم نگهداری,صفت,7388,entries/0742-0850.md,entry-0779
بایست,بایست,473,قطعیت,قید,4398,entries/0438-0543.md,entry-0473
بایست,بایست,596,جبر . وجوب,قید,5595,entries/0544-0650.md,entry-0596
بایستن,بایستن,24,سازگاری,فعل,241,entries/0001-0090.md,entry-0024
بایستن,بایستن,473,قطعیت,فعل,4394,entries/0438-0543.md,entry-0473
بایستن,بایستن,638,اهمیت,فعل,6004,entries/0544-0650.md,entry-0638
بایستن,بایستن,915,وجود حق,فعل,8689,entries/0851-0969.md,entry-0915
بایسته,بایسته,24,سازگاری,صفت,239,entries/0001-0090.md,entry-0024
بایسته,بایسته,473,قطعیت,صفت,4391,entries/0438-0543.md,entry-0473
بایسته,بایسته,638,اهمیت,صفت,6002,entries/0544-0650.md,entry-0638
بایسته,بایسته,642,مصلحت,صفت,6039,entries/0544-0650.md,entry-0642
بایستگی,بایستگی,473,قطعیت,اسم,4388,entries/0438-0543.md,entry-0473
بایستگی,بایستگی,638,اهمیت,اسم,5998,entries/0544-0650.md,entry-0638
بایستی,بایستی,473,قطعیت,قید,4398,entries/0438-0543.md,entry-0473
بایستی,بایستی,596,جبر . وجوب,اسم,5588,entries/0544-0650.md,entry-0596
باین,باین,522,تجلی,صفت,4897,entries/0438-0543.md,entry-0522
باینری,باینری,86,شمارش,صفت,878,entries/0001-0090.md,entry-0086
بایک حرکت,بایک حرکت,88,وحدت,قید,898,entries/0001-0090.md,entry-0088
بایک غوره سردیش شدن,بایک غوره سردیش شدن,604,تلون مزاج . هوس,فعل,5660,entries/0544-0650.md,entry-0604
بایکدیگر,بایکدیگر,74,تجمع . گردآوری,قید,756,entries/0001-0090.md,entry-0074
بایکدیگر,بایکدیگر,89,همراهی,صفت,904,entries/0001-0090.md,entry-0089
بایکوت,بایکوت,46,عدم اتحاد . گسیختگی,اسم,462,entries/0001-0090.md,entry-0046
بایکوت,بایکوت,57,بیرون گذاشتن,اسم,578,entries/0001-0090.md,entry-0057
بایکوت,بایکوت,702,منع . ممانعت,اسم,6637,entries/0651-0741.md,entry-0702
بایکوت,بایکوت,747,تحدید . خودداری,اسم,7111,entries/0742-0850.md,entry-0747
بایکوت,بایکوت,757,ممنوعیت . قدغن,اسم,7188,entries/0742-0850.md,entry-0757
بایکوت کردن,بایکوت کردن,757,ممنوعیت . قدغن,فعل,7191,entries/0742-0850.md,entry-0757
بایکوت‌شده,بایکوت‌شده,57,بیرون گذاشتن,صفت,582,entries/0001-0090.md,entry-0057
بایگان,بایگان,549,متصدی ثبت . ضبط کننده,اسم,5183,entries/0544-0650.md,entry-0549
بایگانی,بایگانی,62,تنظیم,اسم,632,entries/0001-0090.md,entry-0062
بایگانی,بایگانی,73,ردیف 73#,اسم,735,entries/0001-0090.md,entry-0073
بایگانی,بایگانی,77,طبقه‌بندی . تعیین,اسم,773,entries/0001-0090.md,entry-0077
بایگانی,بایگانی,87,فهرست,اسم,885,entries/0001-0090.md,entry-0087
بایگانی,بایگانی,194,ظرف,اسم,1853,entries/0194-0301.md,entry-0194
بایگانی,بایگانی,548,پیشینه,اسم,5171,entries/0544-0650.md,entry-0548
بایگانی,بایگانی,632,انبار,اسم,5948,entries/0544-0650.md,entry-0632
بایگانی,بایگانی,687,کارگاه: محل کار,اسم,6510,entries/0651-0741.md,entry-0687
بایگانی جاری (راکد),بایگانی جاری (راکد),62,تنظیم,اسم,632,entries/0001-0090.md,entry-0062
بایگانی کردن,بایگانی کردن,62,تنظیم,فعل,638,entries/0001-0090.md,entry-0062
بایگانی کردن,بایگانی کردن,548,پیشینه,فعل,5177,entries/0544-0650.md,entry-0548
بایگانی‌شده,بایگانی‌شده,458,غفلت . بی‌دقتی,صفت,4236,entries/0438-0543.md,entry-0458
بایگانی‌شده,بایگانی‌شده,674,عدم استفاده,صفت,6390,entries/0651-0741.md,entry-0674
بای‌پس,بای‌پس,658,درمان,اسم,6227,entries/0651-0741.md,entry-0658
با‌ریسمان کسی درچاه رفتن,با‌ریسمان کسی درچاه رفتن,542,فریب,فعل,5110,entries/0438-0543.md,entry-0542
ببر,ببر,365,حیوانات,اسم,3456,entries/0302-0437.md,entry-0365
ببر,ببر,904,بدکار,اسم,8596,entries/0851-0969.md,entry-0904
ببروبدوز,ببروبدوز,228,پوشاک . پوشیدن,اسم,2212,entries/0194-0301.md,entry-0228
ببروبدوز,ببروبدوز,542,فریب,اسم,5099,entries/0438-0543.md,entry-0542
ببروبدوز,ببروبدوز,669,آمادگی,صفت,6339,entries/0651-0741.md,entry-0669
ببروبدوز,ببروبدوز,744,آزادی,صفت,7088,entries/0742-0850.md,entry-0744
ببم,ببم,890,عزیز 890# عزی,اسم,8472,entries/0851-0969.md,entry-0890
ببه,ببه,170,اعقاب . فرزند 170#,اسم,1608,entries/0091-0193.md,entry-0170
ببه,ببه,885,بی‌ادبی,صفت,8418,entries/0851-0969.md,entry-0885
ببو,ببو,161,ناتوانی,صفت,1512,entries/0091-0193.md,entry-0161
ببو,ببو,493,جاهل,اسم,4613,entries/0438-0543.md,entry-0493
ببو,ببو,499,حماقت,صفت,4665,entries/0438-0543.md,entry-0499
ببو,ببو,501,نادان,اسم,4677,entries/0438-0543.md,entry-0501
ببو,ببو,851,تمسخر,اسم,8076,entries/0851-0969.md,entry-0851
ببینم که,ببینم که,474,عدم‌قطعیت . تردید,قید,4413,entries/0438-0543.md,entry-0474
بت,بت,551,تجسم,اسم,5197,entries/0544-0650.md,entry-0551
بت,بت,890,عزیز 890# عزی,اسم,8471,entries/0851-0969.md,entry-0890
بت ساختن,بت ساختن,887,عشق,فعل,8441,entries/0851-0969.md,entry-0887
بت ساختن,بت ساختن,920,احترام 920#,فعل,8740,entries/0851-0969.md,entry-0920
بت ساختن,بت ساختن,981,پرستش,فعل,9282,entries/0970-0991.md,entry-0981
بت ساختن,بت ساختن,982,بت‌پرستی,فعل,9291,entries/0970-0991.md,entry-0982
بت چینی,بت چینی,982,بت‌پرستی,اسم,9289,entries/0970-0991.md,entry-0982
بت کردن,بت کردن,982,بت‌پرستی,فعل,9291,entries/0970-0991.md,entry-0982
بت982,بت982,966,موضوعات پرستش,اسم,9150,entries/0851-0969.md,entry-0966
بتا,بتا,160,توان 160#,اسم,1502,entries/0091-0193.md,entry-0160
بتا,بتا,319,مادیت 319#,اسم,3069,entries/0302-0437.md,entry-0319
بتادین,بتادین,648,پاکیزگی,اسم,6094,entries/0544-0650.md,entry-0648
بتادین,بتادین,658,درمان,اسم,6220,entries/0651-0741.md,entry-0658
بتخانه,بتخانه,990,معبد,اسم,9354,entries/0970-0991.md,entry-0990
