headword,normalized_headword,entry_id,file,anchor,source_character_issue
i,i,20557,dictionary/I/I-01.md,entry-20557-i,false
i beam,i beam,20558,dictionary/I/I-01.md,entry-20558-i-beam,false
i'd,i'd,20559,dictionary/I/I-01.md,entry-20559-i-d,false
i've,i've,20560,dictionary/I/I-01.md,entry-20560-i-ve,false
iamatology,iamatology,20561,dictionary/I/I-01.md,entry-20561-iamatology,false
iamb,iamb,20562,dictionary/I/I-01.md,entry-20562-iamb,false
iambic,iambic,20563,dictionary/I/I-01.md,entry-20563-iambic,false
iambize,iambize,20564,dictionary/I/I-01.md,entry-20564-iambize,false
iatraliptics,iatraliptics,20565,dictionary/I/I-01.md,entry-20565-iatraliptics,false
iatric,iatric,20566,dictionary/I/I-01.md,entry-20566-iatric,false
iatrochemistry,iatrochemistry,20567,dictionary/I/I-01.md,entry-20567-iatrochemistry,false
iatrology,iatrology,20568,dictionary/I/I-01.md,entry-20568-iatrology,false
iberian,iberian,20569,dictionary/I/I-01.md,entry-20569-iberian,false
ibex,ibex,20570,dictionary/I/I-01.md,entry-20570-ibex,false
ibidem,ibidem,20571,dictionary/I/I-01.md,entry-20571-ibidem,false
ibis,ibis,20572,dictionary/I/I-01.md,entry-20572-ibis,false
icarian,icarian,20573,dictionary/I/I-01.md,entry-20573-icarian,false
icarus,icarus,20574,dictionary/I/I-01.md,entry-20574-icarus,false
ice,ice,20575,dictionary/I/I-01.md,entry-20575-ice,false
ice age,ice age,20576,dictionary/I/I-01.md,entry-20576-ice-age,false
ice cap,ice cap,20577,dictionary/I/I-01.md,entry-20577-ice-cap,false
ice cold,ice cold,20578,dictionary/I/I-01.md,entry-20578-ice-cold,false
ice cream,ice cream,20579,dictionary/I/I-01.md,entry-20579-ice-cream,false
ice field,ice field,20580,dictionary/I/I-01.md,entry-20580-ice-field,false
ice foot,ice foot,20581,dictionary/I/I-01.md,entry-20581-ice-foot,false
ice pick,ice pick,20582,dictionary/I/I-01.md,entry-20582-ice-pick,false
ice plant,ice plant,20583,dictionary/I/I-01.md,entry-20583-ice-plant,false
ice skate,ice skate,20584,dictionary/I/I-01.md,entry-20584-ice-skate,false
ice storm,ice storm,20585,dictionary/I/I-01.md,entry-20585-ice-storm,false
icebag,icebag,20586,dictionary/I/I-01.md,entry-20586-icebag,false
iceberg,iceberg,20587,dictionary/I/I-01.md,entry-20587-iceberg,false
icebink,icebink,20588,dictionary/I/I-01.md,entry-20588-icebink,false
iceboat,iceboat,20589,dictionary/I/I-01.md,entry-20589-iceboat,false
icebound,icebound,20590,dictionary/I/I-01.md,entry-20590-icebound,false
icebox,icebox,20591,dictionary/I/I-01.md,entry-20591-icebox,false
icebreaker,icebreaker,20592,dictionary/I/I-01.md,entry-20592-icebreaker,false
icefall,icefall,20593,dictionary/I/I-01.md,entry-20593-icefall,false
icehouse,icehouse,20594,dictionary/I/I-01.md,entry-20594-icehouse,false
iceland,iceland,20595,dictionary/I/I-01.md,entry-20595-iceland,false
iceland moss,iceland moss,20596,dictionary/I/I-01.md,entry-20596-iceland-moss,false
iceland poppy,iceland poppy,20597,dictionary/I/I-01.md,entry-20597-iceland-poppy,false
iceland spar,iceland spar,20598,dictionary/I/I-01.md,entry-20598-iceland-spar,false
iceman,iceman,20599,dictionary/I/I-01.md,entry-20599-iceman,false
iceneedle,iceneedle,20600,dictionary/I/I-01.md,entry-20600-iceneedle,false
ichnite,ichnite,20601,dictionary/I/I-01.md,entry-20601-ichnite,false
ichnolighology,ichnolighology,20602,dictionary/I/I-01.md,entry-20602-ichnolighology,false
ichnolite,ichnolite,20603,dictionary/I/I-01.md,entry-20603-ichnolite,false
ichnology,ichnology,20604,dictionary/I/I-01.md,entry-20604-ichnology,false
ichnomancy,ichnomancy,20605,dictionary/I/I-01.md,entry-20605-ichnomancy,false
ichor,ichor,20606,dictionary/I/I-01.md,entry-20606-ichor,false
ichorous,ichorous,20607,dictionary/I/I-01.md,entry-20607-ichorous,false
ichthyoid,ichthyoid,20608,dictionary/I/I-01.md,entry-20608-ichthyoid,false
ichthyology,ichthyology,20609,dictionary/I/I-01.md,entry-20609-ichthyology,false
ichthyophagous,ichthyophagous,20610,dictionary/I/I-01.md,entry-20610-ichthyophagous,false
icicle,icicle,20611,dictionary/I/I-01.md,entry-20611-icicle,false
icily,icily,20612,dictionary/I/I-01.md,entry-20612-icily,false
iciness,iciness,20613,dictionary/I/I-01.md,entry-20613-iciness,false
icing,icing,20614,dictionary/I/I-01.md,entry-20614-icing,false
icker,icker,20615,dictionary/I/I-01.md,entry-20615-icker,false
icon,icon,20616,dictionary/I/I-01.md,entry-20616-icon,false
iconoclasm,iconoclasm,20617,dictionary/I/I-01.md,entry-20617-iconoclasm,false
iconoclast,iconoclast,20618,dictionary/I/I-01.md,entry-20618-iconoclast,false
iconography,iconography,20619,dictionary/I/I-01.md,entry-20619-iconography,false
iconolater,iconolater,20620,dictionary/I/I-01.md,entry-20620-iconolater,false
iconology,iconology,20621,dictionary/I/I-01.md,entry-20621-iconology,false
icosahedron,icosahedron,20622,dictionary/I/I-01.md,entry-20622-icosahedron,false
icosi,icosi,20623,dictionary/I/I-01.md,entry-20623-icosi,false
icterus,icterus,20624,dictionary/I/I-01.md,entry-20624-icterus,false
ictus,ictus,20625,dictionary/I/I-01.md,entry-20625-ictus,false
icy,icy,20626,dictionary/I/I-01.md,entry-20626-icy,false
id,id,20627,dictionary/I/I-01.md,entry-20627-id,false
idea,idea,20628,dictionary/I/I-01.md,entry-20628-idea,false
ideal,ideal,20629,dictionary/I/I-01.md,entry-20629-ideal,false
idealism,idealism,20630,dictionary/I/I-01.md,entry-20630-idealism,false
idealist,idealist,20631,dictionary/I/I-01.md,entry-20631-idealist,false
idealistic,idealistic,20632,dictionary/I/I-01.md,entry-20632-idealistic,false
ideality,ideality,20633,dictionary/I/I-01.md,entry-20633-ideality,false
idealize,idealize,20634,dictionary/I/I-01.md,entry-20634-idealize,false
idealogy,idealogy,20635,dictionary/I/I-01.md,entry-20635-idealogy,false
ideate,ideate,20636,dictionary/I/I-01.md,entry-20636-ideate,false
ideation,ideation,20637,dictionary/I/I-01.md,entry-20637-ideation,false
ideational,ideational,20638,dictionary/I/I-01.md,entry-20638-ideational,false
ideative,ideative,20639,dictionary/I/I-01.md,entry-20639-ideative,false
idem,idem,20640,dictionary/I/I-01.md,entry-20640-idem,false
identic,identic,20641,dictionary/I/I-01.md,entry-20641-identic,false
identifiable,identifiable,20642,dictionary/I/I-01.md,entry-20642-identifiable,false
identification,identification,20643,dictionary/I/I-01.md,entry-20643-identification,false
identifier,identifier,20644,dictionary/I/I-01.md,entry-20644-identifier,false
identify,identify,20645,dictionary/I/I-01.md,entry-20645-identify,false
identity,identity,20646,dictionary/I/I-01.md,entry-20646-identity,false
identity operation,identity operation,20647,dictionary/I/I-01.md,entry-20647-identity-operation,false
ideogram,ideogram,20648,dictionary/I/I-01.md,entry-20648-ideogram,false
ideogramic,ideogramic,20649,dictionary/I/I-01.md,entry-20649-ideogramic,false
ideogrammic,ideogrammic,20650,dictionary/I/I-01.md,entry-20650-ideogrammic,false
ideograph,ideograph,20651,dictionary/I/I-01.md,entry-20651-ideograph,false
ideology,ideology,20652,dictionary/I/I-01.md,entry-20652-ideology,false
ides,ides,20653,dictionary/I/I-01.md,entry-20653-ides,false
idiocy,idiocy,20654,dictionary/I/I-01.md,entry-20654-idiocy,false
idiographic,idiographic,20655,dictionary/I/I-01.md,entry-20655-idiographic,false
idiolect,idiolect,20656,dictionary/I/I-01.md,entry-20656-idiolect,false
idiom,idiom,20657,dictionary/I/I-01.md,entry-20657-idiom,false
idiomatic,idiomatic,20658,dictionary/I/I-01.md,entry-20658-idiomatic,false
idiomorphic,idiomorphic,20659,dictionary/I/I-01.md,entry-20659-idiomorphic,false
idiopathy,idiopathy,20660,dictionary/I/I-01.md,entry-20660-idiopathy,false
idiosyncrasy,idiosyncrasy,20661,dictionary/I/I-01.md,entry-20661-idiosyncrasy,false
idiot,idiot,20662,dictionary/I/I-01.md,entry-20662-idiot,false
idiotic,idiotic,20663,dictionary/I/I-01.md,entry-20663-idiotic,false
idiotism,idiotism,20664,dictionary/I/I-01.md,entry-20664-idiotism,false
idle,idle,20665,dictionary/I/I-01.md,entry-20665-idle,false
idle time,idle time,20666,dictionary/I/I-01.md,entry-20666-idle-time,false
idle wheel,idle wheel,20667,dictionary/I/I-01.md,entry-20667-idle-wheel,false
idleness,idleness,20668,dictionary/I/I-01.md,entry-20668-idleness,false
idler,idler,20669,dictionary/I/I-01.md,entry-20669-idler,false
idler pulley,idler pulley,20670,dictionary/I/I-01.md,entry-20670-idler-pulley,false
idler wheel,idler wheel,20671,dictionary/I/I-01.md,entry-20671-idler-wheel,false
idlesse,idlesse,20672,dictionary/I/I-01.md,entry-20672-idlesse,false
idling cycle,idling cycle,20673,dictionary/I/I-01.md,entry-20673-idling-cycle,false
idol,idol,20674,dictionary/I/I-01.md,entry-20674-idol,false
idolatrous,idolatrous,20675,dictionary/I/I-01.md,entry-20675-idolatrous,false
idolatry,idolatry,20676,dictionary/I/I-01.md,entry-20676-idolatry,false
idolization,idolization,20677,dictionary/I/I-01.md,entry-20677-idolization,false
idolize,idolize,20678,dictionary/I/I-01.md,entry-20678-idolize,false
idoneous,idoneous,20679,dictionary/I/I-01.md,entry-20679-idoneous,false
idyl,idyl,20680,dictionary/I/I-01.md,entry-20680-idyl,false
idyll,idyll,20681,dictionary/I/I-01.md,entry-20681-idyll,false
if,if,20682,dictionary/I/I-01.md,entry-20682-if,false
if statement,if statement,20683,dictionary/I/I-01.md,entry-20683-if-statement,false
iff,iff,20684,dictionary/I/I-01.md,entry-20684-iff,false
iffy,iffy,20685,dictionary/I/I-01.md,entry-20685-iffy,false
igloo,igloo,20686,dictionary/I/I-01.md,entry-20686-igloo,false
iglu,iglu,20687,dictionary/I/I-01.md,entry-20687-iglu,false
igneous,igneous,20688,dictionary/I/I-01.md,entry-20688-igneous,false
ignescent,ignescent,20689,dictionary/I/I-01.md,entry-20689-ignescent,false
igni,igni,20690,dictionary/I/I-01.md,entry-20690-igni,false
ignisfatuus,ignisfatuus,20691,dictionary/I/I-01.md,entry-20691-ignisfatuus,false
ignite,ignite,20692,dictionary/I/I-01.md,entry-20692-ignite,false
igniter,igniter,20693,dictionary/I/I-01.md,entry-20693-igniter,false
ignition,ignition,20694,dictionary/I/I-01.md,entry-20694-ignition,false
ignitor,ignitor,20695,dictionary/I/I-01.md,entry-20695-ignitor,false
ignoble,ignoble,20696,dictionary/I/I-01.md,entry-20696-ignoble,false
ignominious,ignominious,20697,dictionary/I/I-01.md,entry-20697-ignominious,false
ignominy,ignominy,20698,dictionary/I/I-01.md,entry-20698-ignominy,false
ignoramus,ignoramus,20699,dictionary/I/I-01.md,entry-20699-ignoramus,false
ignorance,ignorance,20700,dictionary/I/I-01.md,entry-20700-ignorance,false
ignorant,ignorant,20701,dictionary/I/I-01.md,entry-20701-ignorant,false
ignoratio elenchi,ignoratio elenchi,20702,dictionary/I/I-01.md,entry-20702-ignoratio-elenchi,false
ignore,ignore,20703,dictionary/I/I-01.md,entry-20703-ignore,false
ignore character,ignore character,20704,dictionary/I/I-01.md,entry-20704-ignore-character,false
iguana,iguana,20705,dictionary/I/I-01.md,entry-20705-iguana,false
iguanodont,iguanodont,20706,dictionary/I/I-01.md,entry-20706-iguanodont,false
ihs,ihs,20707,dictionary/I/I-01.md,entry-20707-ihs,false
ilch,ilch,20708,dictionary/I/I-01.md,entry-20708-ilch,false
ileac,ileac,20709,dictionary/I/I-01.md,entry-20709-ileac,false
ileal,ileal,20710,dictionary/I/I-01.md,entry-20710-ileal,false
ileitis,ileitis,20711,dictionary/I/I-01.md,entry-20711-ileitis,false
ileum,ileum,20712,dictionary/I/I-01.md,entry-20712-ileum,false
ileus,ileus,20713,dictionary/I/I-01.md,entry-20713-ileus,false
ilex,ilex,20714,dictionary/I/I-01.md,entry-20714-ilex,false
iliac,iliac,20715,dictionary/I/I-01.md,entry-20715-iliac,false
iliad,iliad,20716,dictionary/I/I-01.md,entry-20716-iliad,false
ilial,ilial,20717,dictionary/I/I-01.md,entry-20717-ilial,false
ilium,ilium,20718,dictionary/I/I-01.md,entry-20718-ilium,false
ilk,ilk,20719,dictionary/I/I-01.md,entry-20719-ilk,false
ilka,ilka,20720,dictionary/I/I-01.md,entry-20720-ilka,false
ill,ill,20721,dictionary/I/I-01.md,entry-20721-ill,false
ill advised,ill advised,20722,dictionary/I/I-01.md,entry-20722-ill-advised,false
ill being,ill being,20723,dictionary/I/I-01.md,entry-20723-ill-being,false
ill bred,ill bred,20724,dictionary/I/I-01.md,entry-20724-ill-bred,false
ill fated,ill fated,20725,dictionary/I/I-01.md,entry-20725-ill-fated,false
ill favored,ill favored,20726,dictionary/I/I-01.md,entry-20726-ill-favored,false
ill gotten,ill gotten,20727,dictionary/I/I-01.md,entry-20727-ill-gotten,false
ill humored,ill humored,20728,dictionary/I/I-01.md,entry-20728-ill-humored,false
ill mannered,ill mannered,20729,dictionary/I/I-01.md,entry-20729-ill-mannered,false
ill natured,ill natured,20730,dictionary/I/I-01.md,entry-20730-ill-natured,false
ill sorted,ill sorted,20731,dictionary/I/I-01.md,entry-20731-ill-sorted,false
ill starred,ill starred,20732,dictionary/I/I-01.md,entry-20732-ill-starred,false
ill tempered,ill tempered,20733,dictionary/I/I-01.md,entry-20733-ill-tempered,false
ill timed,ill timed,20734,dictionary/I/I-01.md,entry-20734-ill-timed,false
ill treat,ill treat,20735,dictionary/I/I-01.md,entry-20735-ill-treat,false
ill treatment,ill treatment,20736,dictionary/I/I-01.md,entry-20736-ill-treatment,false
ill usage,ill usage,20737,dictionary/I/I-01.md,entry-20737-ill-usage,false
ill use,ill use,20738,dictionary/I/I-01.md,entry-20738-ill-use,false
ill will,ill will,20739,dictionary/I/I-01.md,entry-20739-ill-will,false
ill wisher,ill wisher,20740,dictionary/I/I-01.md,entry-20740-ill-wisher,false
illation,illation,20741,dictionary/I/I-01.md,entry-20741-illation,false
illative,illative,20742,dictionary/I/I-01.md,entry-20742-illative,false
illaudable,illaudable,20743,dictionary/I/I-01.md,entry-20743-illaudable,false
illegal,illegal,20744,dictionary/I/I-01.md,entry-20744-illegal,false
illegal character,illegal character,20745,dictionary/I/I-01.md,entry-20745-illegal-character,false
illegal code,illegal code,20746,dictionary/I/I-01.md,entry-20746-illegal-code,false
illegibility,illegibility,20747,dictionary/I/I-01.md,entry-20747-illegibility,false
illegible,illegible,20748,dictionary/I/I-01.md,entry-20748-illegible,false
illegitimacy,illegitimacy,20749,dictionary/I/I-01.md,entry-20749-illegitimacy,false
illegitimate,illegitimate,20750,dictionary/I/I-01.md,entry-20750-illegitimate,false
illiberal,illiberal,20751,dictionary/I/I-01.md,entry-20751-illiberal,false
illicit,illicit,20752,dictionary/I/I-01.md,entry-20752-illicit,false
illimitable,illimitable,20753,dictionary/I/I-01.md,entry-20753-illimitable,false
illinois,illinois,20754,dictionary/I/I-01.md,entry-20754-illinois,false
illiquid,illiquid,20755,dictionary/I/I-01.md,entry-20755-illiquid,false
illiteracy,illiteracy,20756,dictionary/I/I-01.md,entry-20756-illiteracy,false
illiterate,illiterate,20757,dictionary/I/I-01.md,entry-20757-illiterate,false
illness,illness,20758,dictionary/I/I-01.md,entry-20758-illness,false
illogic,illogic,20759,dictionary/I/I-01.md,entry-20759-illogic,false
illume,illume,20760,dictionary/I/I-01.md,entry-20760-illume,false
illuminable,illuminable,20761,dictionary/I/I-01.md,entry-20761-illuminable,false
illuminate,illuminate,20762,dictionary/I/I-01.md,entry-20762-illuminate,false
illuminati,illuminati,20763,dictionary/I/I-01.md,entry-20763-illuminati,false
illumination,illumination,20764,dictionary/I/I-01.md,entry-20764-illumination,false
illumine,illumine,20765,dictionary/I/I-01.md,entry-20765-illumine,false
illuminism,illuminism,20766,dictionary/I/I-01.md,entry-20766-illuminism,false
illusion,illusion,20767,dictionary/I/I-01.md,entry-20767-illusion,false
illusionism,illusionism,20768,dictionary/I/I-01.md,entry-20768-illusionism,false
illusive,illusive,20769,dictionary/I/I-01.md,entry-20769-illusive,false
illusory,illusory,20770,dictionary/I/I-01.md,entry-20770-illusory,false
illustrate,illustrate,20771,dictionary/I/I-01.md,entry-20771-illustrate,false
illustration,illustration,20772,dictionary/I/I-01.md,entry-20772-illustration,false
illustrative,illustrative,20773,dictionary/I/I-01.md,entry-20773-illustrative,false
illustrious,illustrious,20774,dictionary/I/I-01.md,entry-20774-illustrious,false
illuviate,illuviate,20775,dictionary/I/I-01.md,entry-20775-illuviate,false
illuviation,illuviation,20776,dictionary/I/I-01.md,entry-20776-illuviation,false
illy,illy,20777,dictionary/I/I-01.md,entry-20777-illy,false
illyrian,illyrian,20778,dictionary/I/I-01.md,entry-20778-illyrian,false
ilolater,ilolater,20779,dictionary/I/I-01.md,entry-20779-ilolater,false
image,image,20780,dictionary/I/I-01.md,entry-20780-image,false
image area,image area,20781,dictionary/I/I-01.md,entry-20781-image-area,false
image processing,image processing,20782,dictionary/I/I-01.md,entry-20782-image-processing,false
imagery,imagery,20783,dictionary/I/I-01.md,entry-20783-imagery,false
imaginable,imaginable,20784,dictionary/I/I-01.md,entry-20784-imaginable,false
imaginal,imaginal,20785,dictionary/I/I-01.md,entry-20785-imaginal,false
imaginapy,imaginapy,20786,dictionary/I/I-01.md,entry-20786-imaginapy,false
imaginary,imaginary,20787,dictionary/I/I-01.md,entry-20787-imaginary,false
imagination,imagination,20788,dictionary/I/I-01.md,entry-20788-imagination,false
imaginative,imaginative,20789,dictionary/I/I-01.md,entry-20789-imaginative,false
imagine,imagine,20790,dictionary/I/I-01.md,entry-20790-imagine,false
imagism,imagism,20791,dictionary/I/I-01.md,entry-20791-imagism,false
imago,imago,20792,dictionary/I/I-01.md,entry-20792-imago,false
imam,imam,20793,dictionary/I/I-01.md,entry-20793-imam,false
imaret,imaret,20794,dictionary/I/I-01.md,entry-20794-imaret,false
imbalance,imbalance,20795,dictionary/I/I-01.md,entry-20795-imbalance,false
imbecile,imbecile,20796,dictionary/I/I-01.md,entry-20796-imbecile,false
imbecility,imbecility,20797,dictionary/I/I-01.md,entry-20797-imbecility,false
imbed,imbed,20798,dictionary/I/I-01.md,entry-20798-imbed,false
imbedded,imbedded,20799,dictionary/I/I-01.md,entry-20799-imbedded,false
imbibe,imbibe,20800,dictionary/I/I-01.md,entry-20800-imbibe,false
imbibition,imbibition,20801,dictionary/I/I-01.md,entry-20801-imbibition,false
imbitter,imbitter,20802,dictionary/I/I-01.md,entry-20802-imbitter,false
imbricate,imbricate,20803,dictionary/I/I-01.md,entry-20803-imbricate,false
imbroglio,imbroglio,20804,dictionary/I/I-01.md,entry-20804-imbroglio,false
imbrue,imbrue,20805,dictionary/I/I-01.md,entry-20805-imbrue,false
imbue,imbue,20806,dictionary/I/I-01.md,entry-20806-imbue,false
imburse,imburse,20807,dictionary/I/I-01.md,entry-20807-imburse,false
imfancy,imfancy,20808,dictionary/I/I-01.md,entry-20808-imfancy,false
imitable,imitable,20809,dictionary/I/I-01.md,entry-20809-imitable,false
imitate,imitate,20810,dictionary/I/I-01.md,entry-20810-imitate,false
imitation,imitation,20811,dictionary/I/I-01.md,entry-20811-imitation,false
imitative,imitative,20812,dictionary/I/I-01.md,entry-20812-imitative,false
imitator,imitator,20813,dictionary/I/I-01.md,entry-20813-imitator,false
immaculacy,immaculacy,20814,dictionary/I/I-01.md,entry-20814-immaculacy,false
immaculate,immaculate,20815,dictionary/I/I-01.md,entry-20815-immaculate,false
immane,immane,20816,dictionary/I/I-01.md,entry-20816-immane,false
immanence,immanence,20817,dictionary/I/I-01.md,entry-20817-immanence,false
immanency,immanency,20818,dictionary/I/I-01.md,entry-20818-immanency,false
immanent,immanent,20819,dictionary/I/I-01.md,entry-20819-immanent,false
immanentism,immanentism,20820,dictionary/I/I-01.md,entry-20820-immanentism,false
immaterial,immaterial,20821,dictionary/I/I-01.md,entry-20821-immaterial,false
immaterialism,immaterialism,20822,dictionary/I/I-01.md,entry-20822-immaterialism,false
immaterialize,immaterialize,20823,dictionary/I/I-01.md,entry-20823-immaterialize,false
immature,immature,20824,dictionary/I/I-01.md,entry-20824-immature,false
immaturity,immaturity,20825,dictionary/I/I-01.md,entry-20825-immaturity,false
immeasurable,immeasurable,20826,dictionary/I/I-01.md,entry-20826-immeasurable,false
immediacy,immediacy,20827,dictionary/I/I-01.md,entry-20827-immediacy,false
immediate,immediate,20828,dictionary/I/I-01.md,entry-20828-immediate,false
immediate access,immediate access,20829,dictionary/I/I-01.md,entry-20829-immediate-access,false
immediate address,immediate address,20830,dictionary/I/I-01.md,entry-20830-immediate-address,false
immediate addressing,immediate addressing,20831,dictionary/I/I-01.md,entry-20831-immediate-addressing,false
immediate operand,immediate operand,20832,dictionary/I/I-01.md,entry-20832-immediate-operand,false
immediately,immediately,20833,dictionary/I/I-01.md,entry-20833-immediately,false
immedicable,immedicable,20834,dictionary/I/I-01.md,entry-20834-immedicable,false
immemorial,immemorial,20835,dictionary/I/I-01.md,entry-20835-immemorial,false
immense,immense,20836,dictionary/I/I-01.md,entry-20836-immense,false
immensity,immensity,20837,dictionary/I/I-01.md,entry-20837-immensity,false
immensurable,immensurable,20838,dictionary/I/I-01.md,entry-20838-immensurable,false
immerge,immerge,20839,dictionary/I/I-01.md,entry-20839-immerge,false
immergence,immergence,20840,dictionary/I/I-01.md,entry-20840-immergence,false
immerse,immerse,20841,dictionary/I/I-01.md,entry-20841-immerse,false
immersion,immersion,20842,dictionary/I/I-01.md,entry-20842-immersion,false
immesh,immesh,20843,dictionary/I/I-01.md,entry-20843-immesh,false
immethodical,immethodical,20844,dictionary/I/I-01.md,entry-20844-immethodical,false
immigrant,immigrant,20845,dictionary/I/I-01.md,entry-20845-immigrant,false
immigrate,immigrate,20846,dictionary/I/I-01.md,entry-20846-immigrate,false
immigration,immigration,20847,dictionary/I/I-01.md,entry-20847-immigration,false
imminence,imminence,20848,dictionary/I/I-01.md,entry-20848-imminence,false
imminency,imminency,20849,dictionary/I/I-01.md,entry-20849-imminency,false
imminent,imminent,20850,dictionary/I/I-01.md,entry-20850-imminent,false
immingle,immingle,20851,dictionary/I/I-01.md,entry-20851-immingle,false
immiscibility,immiscibility,20852,dictionary/I/I-01.md,entry-20852-immiscibility,false
immiscible,immiscible,20853,dictionary/I/I-01.md,entry-20853-immiscible,false
immitigable,immitigable,20854,dictionary/I/I-01.md,entry-20854-immitigable,false
immix,immix,20855,dictionary/I/I-01.md,entry-20855-immix,false
immixture,immixture,20856,dictionary/I/I-01.md,entry-20856-immixture,false
immobile,immobile,20857,dictionary/I/I-01.md,entry-20857-immobile,false
immobility,immobility,20858,dictionary/I/I-01.md,entry-20858-immobility,false
immobilization,immobilization,20859,dictionary/I/I-01.md,entry-20859-immobilization,false
immobilize,immobilize,20860,dictionary/I/I-01.md,entry-20860-immobilize,false
immoderacy,immoderacy,20861,dictionary/I/I-01.md,entry-20861-immoderacy,false
immoderate,immoderate,20862,dictionary/I/I-01.md,entry-20862-immoderate,false
immoderation,immoderation,20863,dictionary/I/I-01.md,entry-20863-immoderation,false
immodest,immodest,20864,dictionary/I/I-01.md,entry-20864-immodest,false
immolate,immolate,20865,dictionary/I/I-01.md,entry-20865-immolate,false
immolation,immolation,20866,dictionary/I/I-01.md,entry-20866-immolation,false
immolator,immolator,20867,dictionary/I/I-01.md,entry-20867-immolator,false
immoral,immoral,20868,dictionary/I/I-01.md,entry-20868-immoral,false
immorality,immorality,20869,dictionary/I/I-01.md,entry-20869-immorality,false
immortal,immortal,20870,dictionary/I/I-01.md,entry-20870-immortal,false
immortality,immortality,20871,dictionary/I/I-01.md,entry-20871-immortality,false
immortalize,immortalize,20872,dictionary/I/I-01.md,entry-20872-immortalize,false
immortelle,immortelle,20873,dictionary/I/I-01.md,entry-20873-immortelle,false
immotile,immotile,20874,dictionary/I/I-01.md,entry-20874-immotile,false
immovability,immovability,20875,dictionary/I/I-01.md,entry-20875-immovability,false
immovable,immovable,20876,dictionary/I/I-01.md,entry-20876-immovable,false
immune,immune,20877,dictionary/I/I-01.md,entry-20877-immune,false
immunity,immunity,20878,dictionary/I/I-01.md,entry-20878-immunity,false
immunization,immunization,20879,dictionary/I/I-01.md,entry-20879-immunization,false
immunize,immunize,20880,dictionary/I/I-01.md,entry-20880-immunize,false
immunochemistry,immunochemistry,20881,dictionary/I/I-01.md,entry-20881-immunochemistry,false
immunogenetics,immunogenetics,20882,dictionary/I/I-01.md,entry-20882-immunogenetics,false
immunologic,immunologic,20883,dictionary/I/I-01.md,entry-20883-immunologic,false
immunology,immunology,20884,dictionary/I/I-01.md,entry-20884-immunology,false
immunotherapy,immunotherapy,20885,dictionary/I/I-01.md,entry-20885-immunotherapy,false
immure,immure,20886,dictionary/I/I-01.md,entry-20886-immure,false
immurement,immurement,20887,dictionary/I/I-01.md,entry-20887-immurement,false
immusical,immusical,20888,dictionary/I/I-01.md,entry-20888-immusical,false
immutability,immutability,20889,dictionary/I/I-01.md,entry-20889-immutability,false
immutable,immutable,20890,dictionary/I/I-01.md,entry-20890-immutable,false
imp,imp,20891,dictionary/I/I-01.md,entry-20891-imp,false
impact,impact,20892,dictionary/I/I-01.md,entry-20892-impact,false
impact printer,impact printer,20893,dictionary/I/I-01.md,entry-20893-impact-printer,false
impacted,impacted,20894,dictionary/I/I-01.md,entry-20894-impacted,false
impaction,impaction,20895,dictionary/I/I-01.md,entry-20895-impaction,false
impaint,impaint,20896,dictionary/I/I-01.md,entry-20896-impaint,false
impair,impair,20897,dictionary/I/I-01.md,entry-20897-impair,false
impale,impale,20898,dictionary/I/I-01.md,entry-20898-impale,false
impalpability,impalpability,20899,dictionary/I/I-01.md,entry-20899-impalpability,false
impalpable,impalpable,20900,dictionary/I/I-01.md,entry-20900-impalpable,false
impanel,impanel,20901,dictionary/I/I-01.md,entry-20901-impanel,false
imparadise,imparadise,20902,dictionary/I/I-01.md,entry-20902-imparadise,false
imparial,imparial,20903,dictionary/I/I-01.md,entry-20903-imparial,false
imparity,imparity,20904,dictionary/I/I-01.md,entry-20904-imparity,false
impark,impark,20905,dictionary/I/I-01.md,entry-20905-impark,false
impart,impart,20906,dictionary/I/I-01.md,entry-20906-impart,false
impartial,impartial,20907,dictionary/I/I-01.md,entry-20907-impartial,false
impartiality,impartiality,20908,dictionary/I/I-01.md,entry-20908-impartiality,false
impartible,impartible,20909,dictionary/I/I-01.md,entry-20909-impartible,false
impassable,impassable,20910,dictionary/I/I-01.md,entry-20910-impassable,false
impassablility,impassablility,20911,dictionary/I/I-01.md,entry-20911-impassablility,false
impasse,impasse,20912,dictionary/I/I-01.md,entry-20912-impasse,false
impassibility,impassibility,20913,dictionary/I/I-01.md,entry-20913-impassibility,false
impassible,impassible,20914,dictionary/I/I-01.md,entry-20914-impassible,false
impassion,impassion,20915,dictionary/I/I-01.md,entry-20915-impassion,false
impassive,impassive,20916,dictionary/I/I-01.md,entry-20916-impassive,false
impaste,impaste,20917,dictionary/I/I-01.md,entry-20917-impaste,false
impasto,impasto,20918,dictionary/I/I-01.md,entry-20918-impasto,false
impatience,impatience,20919,dictionary/I/I-01.md,entry-20919-impatience,false
impatiens,impatiens,20920,dictionary/I/I-01.md,entry-20920-impatiens,false
impatient,impatient,20921,dictionary/I/I-01.md,entry-20921-impatient,false
impavid,impavid,20922,dictionary/I/I-01.md,entry-20922-impavid,false
impawn,impawn,20923,dictionary/I/I-01.md,entry-20923-impawn,false
impeach,impeach,20924,dictionary/I/I-01.md,entry-20924-impeach,false
impeachment,impeachment,20925,dictionary/I/I-01.md,entry-20925-impeachment,false
impearl,impearl,20926,dictionary/I/I-01.md,entry-20926-impearl,false
impeccability,impeccability,20927,dictionary/I/I-01.md,entry-20927-impeccability,false
impeccable,impeccable,20928,dictionary/I/I-01.md,entry-20928-impeccable,false
impecuniosity,impecuniosity,20929,dictionary/I/I-01.md,entry-20929-impecuniosity,false
impecunious,impecunious,20930,dictionary/I/I-01.md,entry-20930-impecunious,false
impedance,impedance,20931,dictionary/I/I-01.md,entry-20931-impedance,false
impede,impede,20932,dictionary/I/I-01.md,entry-20932-impede,false
impediment,impediment,20933,dictionary/I/I-01.md,entry-20933-impediment,false
impedimenta,impedimenta,20934,dictionary/I/I-01.md,entry-20934-impedimenta,false
impel,impel,20935,dictionary/I/I-01.md,entry-20935-impel,false
impellent,impellent,20936,dictionary/I/I-01.md,entry-20936-impellent,false
impeller,impeller,20937,dictionary/I/I-01.md,entry-20937-impeller,false
impellor,impellor,20938,dictionary/I/I-01.md,entry-20938-impellor,false
impend,impend,20939,dictionary/I/I-01.md,entry-20939-impend,false
impendent,impendent,20940,dictionary/I/I-01.md,entry-20940-impendent,false
impenetrability,impenetrability,20941,dictionary/I/I-01.md,entry-20941-impenetrability,false
impenetrable,impenetrable,20942,dictionary/I/I-01.md,entry-20942-impenetrable,false
impenitence,impenitence,20943,dictionary/I/I-01.md,entry-20943-impenitence,false
impenitent,impenitent,20944,dictionary/I/I-01.md,entry-20944-impenitent,false
imperative,imperative,20945,dictionary/I/I-01.md,entry-20945-imperative,false
imperator,imperator,20946,dictionary/I/I-01.md,entry-20946-imperator,false
imperceivable,imperceivable,20947,dictionary/I/I-01.md,entry-20947-imperceivable,false
imperceptible,imperceptible,20948,dictionary/I/I-01.md,entry-20948-imperceptible,false
impercipient,impercipient,20949,dictionary/I/I-01.md,entry-20949-impercipient,false
imperfect,imperfect,20950,dictionary/I/I-01.md,entry-20950-imperfect,false
imperfection,imperfection,20951,dictionary/I/I-01.md,entry-20951-imperfection,false
imperfective,imperfective,20952,dictionary/I/I-01.md,entry-20952-imperfective,false
imperforate,imperforate,20953,dictionary/I/I-01.md,entry-20953-imperforate,false
imperial,imperial,20954,dictionary/I/I-01.md,entry-20954-imperial,false
imperial moth,imperial moth,20955,dictionary/I/I-01.md,entry-20955-imperial-moth,false
imperialism,imperialism,20956,dictionary/I/I-01.md,entry-20956-imperialism,false
imperialist,imperialist,20957,dictionary/I/I-01.md,entry-20957-imperialist,false
imperialistic,imperialistic,20958,dictionary/I/I-01.md,entry-20958-imperialistic,false
imperil,imperil,20959,dictionary/I/I-01.md,entry-20959-imperil,false
imperious,imperious,20960,dictionary/I/I-01.md,entry-20960-imperious,false
imperishable,imperishable,20961,dictionary/I/I-01.md,entry-20961-imperishable,false
imperium,imperium,20962,dictionary/I/I-01.md,entry-20962-imperium,false
impermanence,impermanence,20963,dictionary/I/I-01.md,entry-20963-impermanence,false
impermanency,impermanency,20964,dictionary/I/I-01.md,entry-20964-impermanency,false
impermanent,impermanent,20965,dictionary/I/I-01.md,entry-20965-impermanent,false
impermeability,impermeability,20966,dictionary/I/I-01.md,entry-20966-impermeability,false
impermeable,impermeable,20967,dictionary/I/I-01.md,entry-20967-impermeable,false
impermissibility,impermissibility,20968,dictionary/I/I-01.md,entry-20968-impermissibility,false
impermissible,impermissible,20969,dictionary/I/I-01.md,entry-20969-impermissible,false
impersonal,impersonal,20970,dictionary/I/I-01.md,entry-20970-impersonal,false
impersonate,impersonate,20971,dictionary/I/I-01.md,entry-20971-impersonate,false
impersonation,impersonation,20972,dictionary/I/I-01.md,entry-20972-impersonation,false
impertinence,impertinence,20973,dictionary/I/I-01.md,entry-20973-impertinence,false
impertinency,impertinency,20974,dictionary/I/I-01.md,entry-20974-impertinency,false
impertinent,impertinent,20975,dictionary/I/I-01.md,entry-20975-impertinent,false
imperturbable,imperturbable,20976,dictionary/I/I-01.md,entry-20976-imperturbable,false
impervious,impervious,20977,dictionary/I/I-01.md,entry-20977-impervious,false
impetiginous,impetiginous,20978,dictionary/I/I-01.md,entry-20978-impetiginous,false
impetigo,impetigo,20979,dictionary/I/I-01.md,entry-20979-impetigo,false
impetrate,impetrate,20980,dictionary/I/I-01.md,entry-20980-impetrate,false
impetuosity,impetuosity,20981,dictionary/I/I-01.md,entry-20981-impetuosity,false
impetuous,impetuous,20982,dictionary/I/I-01.md,entry-20982-impetuous,false
impetus,impetus,20983,dictionary/I/I-01.md,entry-20983-impetus,false
impiety,impiety,20984,dictionary/I/I-01.md,entry-20984-impiety,false
impinge,impinge,20985,dictionary/I/I-01.md,entry-20985-impinge,false
impious,impious,20986,dictionary/I/I-01.md,entry-20986-impious,false
impish,impish,20987,dictionary/I/I-01.md,entry-20987-impish,false
implacability,implacability,20988,dictionary/I/I-01.md,entry-20988-implacability,false
implacable,implacable,20989,dictionary/I/I-01.md,entry-20989-implacable,false
implant,implant,20990,dictionary/I/I-01.md,entry-20990-implant,false
implantation,implantation,20991,dictionary/I/I-01.md,entry-20991-implantation,false
implausibility,implausibility,20992,dictionary/I/I-01.md,entry-20992-implausibility,false
implausible,implausible,20993,dictionary/I/I-01.md,entry-20993-implausible,false
implead,implead,20994,dictionary/I/I-01.md,entry-20994-implead,false
implement,implement,20995,dictionary/I/I-01.md,entry-20995-implement,false
implementation,implementation,20996,dictionary/I/I-01.md,entry-20996-implementation,false
implicant,implicant,20997,dictionary/I/I-01.md,entry-20997-implicant,false
implicate,implicate,20998,dictionary/I/I-01.md,entry-20998-implicate,false
implication,implication,20999,dictionary/I/I-01.md,entry-20999-implication,false
implicit,implicit,21000,dictionary/I/I-01.md,entry-21000-implicit,false
implicit function,implicit function,21001,dictionary/I/I-01.md,entry-21001-implicit-function,false
implied,implied,21002,dictionary/I/I-01.md,entry-21002-implied,false
implode,implode,21003,dictionary/I/I-01.md,entry-21003-implode,false
implore,implore,21004,dictionary/I/I-01.md,entry-21004-implore,false
implosion,implosion,21005,dictionary/I/I-01.md,entry-21005-implosion,false
imply,imply,21006,dictionary/I/I-01.md,entry-21006-imply,false
impolite,impolite,21007,dictionary/I/I-01.md,entry-21007-impolite,false
impolitic,impolitic,21008,dictionary/I/I-01.md,entry-21008-impolitic,false
imponderability,imponderability,21009,dictionary/I/I-01.md,entry-21009-imponderability,false
imponderable,imponderable,21010,dictionary/I/I-01.md,entry-21010-imponderable,false
impone,impone,21011,dictionary/I/I-01.md,entry-21011-impone,false
import,import,21012,dictionary/I/I-01.md,entry-21012-import,false
importable,importable,21013,dictionary/I/I-01.md,entry-21013-importable,false
importance,importance,21014,dictionary/I/I-01.md,entry-21014-importance,false
important,important,21015,dictionary/I/I-01.md,entry-21015-important,false
importation,importation,21016,dictionary/I/I-01.md,entry-21016-importation,false
importer,importer,21017,dictionary/I/I-01.md,entry-21017-importer,false
importunate,importunate,21018,dictionary/I/I-01.md,entry-21018-importunate,false
importune,importune,21019,dictionary/I/I-01.md,entry-21019-importune,false
importunity,importunity,21020,dictionary/I/I-01.md,entry-21020-importunity,false
impose,impose,21021,dictionary/I/I-01.md,entry-21021-impose,false
imposing,imposing,21022,dictionary/I/I-01.md,entry-21022-imposing,false
imposition,imposition,21023,dictionary/I/I-01.md,entry-21023-imposition,false
impossibility,impossibility,21024,dictionary/I/I-01.md,entry-21024-impossibility,false
impossible,impossible,21025,dictionary/I/I-01.md,entry-21025-impossible,false
impost,impost,21026,dictionary/I/I-01.md,entry-21026-impost,false
imposter,imposter,21027,dictionary/I/I-01.md,entry-21027-imposter,false
imposthume,imposthume,21028,dictionary/I/I-01.md,entry-21028-imposthume,false
impostor,impostor,21029,dictionary/I/I-01.md,entry-21029-impostor,false
impostume,impostume,21030,dictionary/I/I-01.md,entry-21030-impostume,false
imposture,imposture,21031,dictionary/I/I-01.md,entry-21031-imposture,false
impotence,impotence,21032,dictionary/I/I-01.md,entry-21032-impotence,false
impotency,impotency,21033,dictionary/I/I-01.md,entry-21033-impotency,false
impotent,impotent,21034,dictionary/I/I-01.md,entry-21034-impotent,false
impound,impound,21035,dictionary/I/I-01.md,entry-21035-impound,false
impoverish,impoverish,21036,dictionary/I/I-01.md,entry-21036-impoverish,false
impoverishment,impoverishment,21037,dictionary/I/I-01.md,entry-21037-impoverishment,false
impracticability,impracticability,21038,dictionary/I/I-01.md,entry-21038-impracticability,false
impracticable,impracticable,21039,dictionary/I/I-01.md,entry-21039-impracticable,false
impractical,impractical,21040,dictionary/I/I-01.md,entry-21040-impractical,false
imprecate,imprecate,21041,dictionary/I/I-01.md,entry-21041-imprecate,false
imprecation,imprecation,21042,dictionary/I/I-01.md,entry-21042-imprecation,false
imprecatory,imprecatory,21043,dictionary/I/I-01.md,entry-21043-imprecatory,false
imprecise,imprecise,21044,dictionary/I/I-01.md,entry-21044-imprecise,false
impregnability,impregnability,21045,dictionary/I/I-01.md,entry-21045-impregnability,false
impregnable,impregnable,21046,dictionary/I/I-01.md,entry-21046-impregnable,false
impregnant,impregnant,21047,dictionary/I/I-01.md,entry-21047-impregnant,false
impregnate,impregnate,21048,dictionary/I/I-01.md,entry-21048-impregnate,false
impregnation,impregnation,21049,dictionary/I/I-01.md,entry-21049-impregnation,false
impresa,impresa,21050,dictionary/I/I-01.md,entry-21050-impresa,false
impresario,impresario,21051,dictionary/I/I-01.md,entry-21051-impresario,false
imprescriptible,imprescriptible,21052,dictionary/I/I-01.md,entry-21052-imprescriptible,false
impress,impress,21053,dictionary/I/I-01.md,entry-21053-impress,false
impressible,impressible,21054,dictionary/I/I-01.md,entry-21054-impressible,false
impression,impression,21055,dictionary/I/I-01.md,entry-21055-impression,false
impressionable,impressionable,21056,dictionary/I/I-01.md,entry-21056-impressionable,false
impressionism,impressionism,21057,dictionary/I/I-01.md,entry-21057-impressionism,false
impressive,impressive,21058,dictionary/I/I-01.md,entry-21058-impressive,false
impressment,impressment,21059,dictionary/I/I-01.md,entry-21059-impressment,false
impressure,impressure,21060,dictionary/I/I-01.md,entry-21060-impressure,false
imprest,imprest,21061,dictionary/I/I-01.md,entry-21061-imprest,false
imprimatur,imprimatur,21062,dictionary/I/I-01.md,entry-21062-imprimatur,false
imprimis,imprimis,21063,dictionary/I/I-01.md,entry-21063-imprimis,false
imprint,imprint,21064,dictionary/I/I-01.md,entry-21064-imprint,false
imprinter,imprinter,21065,dictionary/I/I-01.md,entry-21065-imprinter,false
imprinting,imprinting,21066,dictionary/I/I-01.md,entry-21066-imprinting,false
imprison,imprison,21067,dictionary/I/I-01.md,entry-21067-imprison,false
imprisonment,imprisonment,21068,dictionary/I/I-01.md,entry-21068-imprisonment,false
improbability,improbability,21069,dictionary/I/I-01.md,entry-21069-improbability,false
improbable,improbable,21070,dictionary/I/I-01.md,entry-21070-improbable,false
improbity,improbity,21071,dictionary/I/I-01.md,entry-21071-improbity,false
impromptu,impromptu,21072,dictionary/I/I-01.md,entry-21072-impromptu,false
improper,improper,21073,dictionary/I/I-01.md,entry-21073-improper,false
improper fraction,improper fraction,21074,dictionary/I/I-01.md,entry-21074-improper-fraction,false
impropriety,impropriety,21075,dictionary/I/I-01.md,entry-21075-impropriety,false
improvability,improvability,21076,dictionary/I/I-01.md,entry-21076-improvability,false
improvable,improvable,21077,dictionary/I/I-01.md,entry-21077-improvable,false
improve,improve,21078,dictionary/I/I-01.md,entry-21078-improve,false
improvement,improvement,21079,dictionary/I/I-01.md,entry-21079-improvement,false
improvidence,improvidence,21080,dictionary/I/I-01.md,entry-21080-improvidence,false
improvident,improvident,21081,dictionary/I/I-01.md,entry-21081-improvident,false
improvisation,improvisation,21082,dictionary/I/I-01.md,entry-21082-improvisation,false
improvise,improvise,21083,dictionary/I/I-01.md,entry-21083-improvise,false
improviser,improviser,21084,dictionary/I/I-01.md,entry-21084-improviser,false
improvisor,improvisor,21085,dictionary/I/I-01.md,entry-21085-improvisor,false
imprudence,imprudence,21086,dictionary/I/I-01.md,entry-21086-imprudence,false
imprudent,imprudent,21087,dictionary/I/I-01.md,entry-21087-imprudent,false
impudence,impudence,21088,dictionary/I/I-01.md,entry-21088-impudence,false
impudent,impudent,21089,dictionary/I/I-01.md,entry-21089-impudent,false
impugn,impugn,21090,dictionary/I/I-01.md,entry-21090-impugn,false
impuissance,impuissance,21091,dictionary/I/I-01.md,entry-21091-impuissance,false
impulse,impulse,21092,dictionary/I/I-01.md,entry-21092-impulse,false
impulsion,impulsion,21093,dictionary/I/I-01.md,entry-21093-impulsion,false
impulsive,impulsive,21094,dictionary/I/I-01.md,entry-21094-impulsive,false
impunity,impunity,21095,dictionary/I/I-01.md,entry-21095-impunity,false
impure,impure,21096,dictionary/I/I-01.md,entry-21096-impure,false
impurity,impurity,21097,dictionary/I/I-01.md,entry-21097-impurity,false
imputable,imputable,21098,dictionary/I/I-01.md,entry-21098-imputable,false
imputation,imputation,21099,dictionary/I/I-01.md,entry-21099-imputation,false
impute,impute,21100,dictionary/I/I-01.md,entry-21100-impute,false
in,in,21101,dictionary/I/I-01.md,entry-21101-in,false
in absentia,in absentia,21102,dictionary/I/I-01.md,entry-21102-in-absentia,false
in and in,in and in,21103,dictionary/I/I-01.md,entry-21103-in-and-in,false
in house,in house,21104,dictionary/I/I-01.md,entry-21104-in-house,false
in law,in law,21105,dictionary/I/I-01.md,entry-21105-in-law,false
in line subroutine,in line subroutine,21106,dictionary/I/I-01.md,entry-21106-in-line-subroutine,false
in memoriam,in memoriam,21107,dictionary/I/I-01.md,entry-21107-in-memoriam,false
in order that,in order that,21108,dictionary/I/I-01.md,entry-21108-in-order-that,false
in personam,in personam,21109,dictionary/I/I-01.md,entry-21109-in-personam,false
in petto,in petto,21110,dictionary/I/I-01.md,entry-21110-in-petto,false
in place sort,in place sort,21111,dictionary/I/I-01.md,entry-21111-in-place-sort,false
in plant,in plant,21112,dictionary/I/I-01.md,entry-21112-in-plant,false
in plant system,in plant system,21113,dictionary/I/I-01.md,entry-21113-in-plant-system,false
in propria persona,in propria persona,21114,dictionary/I/I-01.md,entry-21114-in-propria-persona,false
in re,in re,21115,dictionary/I/I-01.md,entry-21115-in-re,false
in step,in step,21116,dictionary/I/I-01.md,entry-21116-in-step,false
inability,inability,21117,dictionary/I/I-01.md,entry-21117-inability,false
inaccessibility,inaccessibility,21118,dictionary/I/I-01.md,entry-21118-inaccessibility,false
inaccessible,inaccessible,21119,dictionary/I/I-01.md,entry-21119-inaccessible,false
inaccuracy,inaccuracy,21120,dictionary/I/I-01.md,entry-21120-inaccuracy,false
inaccurate,inaccurate,21121,dictionary/I/I-01.md,entry-21121-inaccurate,false
inaction,inaction,21122,dictionary/I/I-01.md,entry-21122-inaction,false
inactivate,inactivate,21123,dictionary/I/I-01.md,entry-21123-inactivate,false
inactive,inactive,21124,dictionary/I/I-01.md,entry-21124-inactive,false
inactivity,inactivity,21125,dictionary/I/I-01.md,entry-21125-inactivity,false
inadequacy,inadequacy,21126,dictionary/I/I-01.md,entry-21126-inadequacy,false
inadequate,inadequate,21127,dictionary/I/I-01.md,entry-21127-inadequate,false
inadmissibility,inadmissibility,21128,dictionary/I/I-01.md,entry-21128-inadmissibility,false
inadmissible,inadmissible,21129,dictionary/I/I-01.md,entry-21129-inadmissible,false
inadvertence,inadvertence,21130,dictionary/I/I-01.md,entry-21130-inadvertence,false
inadvertent,inadvertent,21131,dictionary/I/I-01.md,entry-21131-inadvertent,false
inadvisable,inadvisable,21132,dictionary/I/I-01.md,entry-21132-inadvisable,false
inalienability,inalienability,21133,dictionary/I/I-01.md,entry-21133-inalienability,false
inalienable,inalienable,21134,dictionary/I/I-01.md,entry-21134-inalienable,false
inalterable,inalterable,21135,dictionary/I/I-01.md,entry-21135-inalterable,false
inamorata,inamorata,21136,dictionary/I/I-01.md,entry-21136-inamorata,false
inane,inane,21137,dictionary/I/I-01.md,entry-21137-inane,false
inanimate,inanimate,21138,dictionary/I/I-01.md,entry-21138-inanimate,false
inanition,inanition,21139,dictionary/I/I-01.md,entry-21139-inanition,false
inanity,inanity,21140,dictionary/I/I-01.md,entry-21140-inanity,false
inapparent,inapparent,21141,dictionary/I/I-01.md,entry-21141-inapparent,false
inappeasable,inappeasable,21142,dictionary/I/I-01.md,entry-21142-inappeasable,false
inappetence,inappetence,21143,dictionary/I/I-01.md,entry-21143-inappetence,false
inapplicable,inapplicable,21144,dictionary/I/I-01.md,entry-21144-inapplicable,false
inapposite,inapposite,21145,dictionary/I/I-01.md,entry-21145-inapposite,false
inappreciable,inappreciable,21146,dictionary/I/I-01.md,entry-21146-inappreciable,false
inappreciative,inappreciative,21147,dictionary/I/I-01.md,entry-21147-inappreciative,false
inapproachable,inapproachable,21148,dictionary/I/I-01.md,entry-21148-inapproachable,false
inappropriate,inappropriate,21149,dictionary/I/I-01.md,entry-21149-inappropriate,false
inapt,inapt,21150,dictionary/I/I-01.md,entry-21150-inapt,false
inaptitude,inaptitude,21151,dictionary/I/I-01.md,entry-21151-inaptitude,false
inarticulate,inarticulate,21152,dictionary/I/I-01.md,entry-21152-inarticulate,false
inartistic,inartistic,21153,dictionary/I/I-01.md,entry-21153-inartistic,false
inasmuch as,inasmuch as,21154,dictionary/I/I-01.md,entry-21154-inasmuch-as,false
inattention,inattention,21155,dictionary/I/I-01.md,entry-21155-inattention,false
inattentive,inattentive,21156,dictionary/I/I-01.md,entry-21156-inattentive,false
inaudible,inaudible,21157,dictionary/I/I-01.md,entry-21157-inaudible,false
inaugural,inaugural,21158,dictionary/I/I-01.md,entry-21158-inaugural,false
inaugurate,inaugurate,21159,dictionary/I/I-01.md,entry-21159-inaugurate,false
inauguration,inauguration,21160,dictionary/I/I-01.md,entry-21160-inauguration,false
inauspicious,inauspicious,21161,dictionary/I/I-01.md,entry-21161-inauspicious,false
inboard,inboard,21162,dictionary/I/I-01.md,entry-21162-inboard,false
inborn,inborn,21163,dictionary/I/I-01.md,entry-21163-inborn,false
inbound,inbound,21164,dictionary/I/I-01.md,entry-21164-inbound,false
inbreathe,inbreathe,21165,dictionary/I/I-01.md,entry-21165-inbreathe,false
inbred,inbred,21166,dictionary/I/I-01.md,entry-21166-inbred,false
inbreed,inbreed,21167,dictionary/I/I-01.md,entry-21167-inbreed,false
inbreeding,inbreeding,21168,dictionary/I/I-01.md,entry-21168-inbreeding,false
incalculability,incalculability,21169,dictionary/I/I-01.md,entry-21169-incalculability,false
incalculable,incalculable,21170,dictionary/I/I-01.md,entry-21170-incalculable,false
incalescence,incalescence,21171,dictionary/I/I-01.md,entry-21171-incalescence,false
incalescent,incalescent,21172,dictionary/I/I-01.md,entry-21172-incalescent,false
incancescent lamp,incancescent lamp,21173,dictionary/I/I-01.md,entry-21173-incancescent-lamp,false
incandesce,incandesce,21174,dictionary/I/I-01.md,entry-21174-incandesce,false
incandescence,incandescence,21175,dictionary/I/I-01.md,entry-21175-incandescence,false
incandescent,incandescent,21176,dictionary/I/I-01.md,entry-21176-incandescent,false
incandescent lamp,incandescent lamp,21177,dictionary/I/I-01.md,entry-21177-incandescent-lamp,false
incantation,incantation,21178,dictionary/I/I-01.md,entry-21178-incantation,false
incapability,incapability,21179,dictionary/I/I-01.md,entry-21179-incapability,false
incapable,incapable,21180,dictionary/I/I-01.md,entry-21180-incapable,false
incapacitate,incapacitate,21181,dictionary/I/I-01.md,entry-21181-incapacitate,false
incapacitation,incapacitation,21182,dictionary/I/I-01.md,entry-21182-incapacitation,false
incapacity,incapacity,21183,dictionary/I/I-01.md,entry-21183-incapacity,false
incarcerate,incarcerate,21184,dictionary/I/I-01.md,entry-21184-incarcerate,false
incarceration,incarceration,21185,dictionary/I/I-01.md,entry-21185-incarceration,false
incarnadine,incarnadine,21186,dictionary/I/I-01.md,entry-21186-incarnadine,false
incarnate,incarnate,21187,dictionary/I/I-01.md,entry-21187-incarnate,false
incarnation,incarnation,21188,dictionary/I/I-01.md,entry-21188-incarnation,false
incase,incase,21189,dictionary/I/I-01.md,entry-21189-incase,false
incaution,incaution,21190,dictionary/I/I-01.md,entry-21190-incaution,false
incautious,incautious,21191,dictionary/I/I-01.md,entry-21191-incautious,false
incendiary,incendiary,21192,dictionary/I/I-01.md,entry-21192-incendiary,false
incense,incense,21193,dictionary/I/I-01.md,entry-21193-incense,false
incentive,incentive,21194,dictionary/I/I-01.md,entry-21194-incentive,false
incept,incept,21195,dictionary/I/I-01.md,entry-21195-incept,false
inception,inception,21196,dictionary/I/I-01.md,entry-21196-inception,false
incertitude,incertitude,21197,dictionary/I/I-01.md,entry-21197-incertitude,false
incessant,incessant,21198,dictionary/I/I-01.md,entry-21198-incessant,false
incest,incest,21199,dictionary/I/I-01.md,entry-21199-incest,false
incestuous,incestuous,21200,dictionary/I/I-01.md,entry-21200-incestuous,false
inch,inch,21201,dictionary/I/I-01.md,entry-21201-inch,false
inchmeal,inchmeal,21202,dictionary/I/I-01.md,entry-21202-inchmeal,false
inchoate,inchoate,21203,dictionary/I/I-01.md,entry-21203-inchoate,false
inchworm,inchworm,21204,dictionary/I/I-01.md,entry-21204-inchworm,false
incidence,incidence,21205,dictionary/I/I-01.md,entry-21205-incidence,false
incident,incident,21206,dictionary/I/I-01.md,entry-21206-incident,false
incinerate,incinerate,21207,dictionary/I/I-01.md,entry-21207-incinerate,false
incineration,incineration,21208,dictionary/I/I-01.md,entry-21208-incineration,false
incinerator,incinerator,21209,dictionary/I/I-01.md,entry-21209-incinerator,false
incipience,incipience,21210,dictionary/I/I-01.md,entry-21210-incipience,false
incipient,incipient,21211,dictionary/I/I-01.md,entry-21211-incipient,false
incipincy,incipincy,21212,dictionary/I/I-01.md,entry-21212-incipincy,false
incipit,incipit,21213,dictionary/I/I-01.md,entry-21213-incipit,false
incircumspect,incircumspect,21214,dictionary/I/I-01.md,entry-21214-incircumspect,false
incircumspection,incircumspection,21215,dictionary/I/I-01.md,entry-21215-incircumspection,false
incise,incise,21216,dictionary/I/I-01.md,entry-21216-incise,false
incision,incision,21217,dictionary/I/I-01.md,entry-21217-incision,false
incisive,incisive,21218,dictionary/I/I-01.md,entry-21218-incisive,false
incisor,incisor,21219,dictionary/I/I-01.md,entry-21219-incisor,false
incitation,incitation,21220,dictionary/I/I-01.md,entry-21220-incitation,false
incite,incite,21221,dictionary/I/I-01.md,entry-21221-incite,false
incitement,incitement,21222,dictionary/I/I-01.md,entry-21222-incitement,false
incivility,incivility,21223,dictionary/I/I-01.md,entry-21223-incivility,false
inclemency,inclemency,21224,dictionary/I/I-01.md,entry-21224-inclemency,false
inclement,inclement,21225,dictionary/I/I-01.md,entry-21225-inclement,false
inclination,inclination,21226,dictionary/I/I-01.md,entry-21226-inclination,false
incline,incline,21227,dictionary/I/I-01.md,entry-21227-incline,false
inclined plane,inclined plane,21228,dictionary/I/I-01.md,entry-21228-inclined-plane,false
inclining,inclining,21229,dictionary/I/I-01.md,entry-21229-inclining,false
inclip,inclip,21230,dictionary/I/I-01.md,entry-21230-inclip,false
inclose,inclose,21231,dictionary/I/I-01.md,entry-21231-inclose,false
inclosure,inclosure,21232,dictionary/I/I-01.md,entry-21232-inclosure,false
includable,includable,21233,dictionary/I/I-01.md,entry-21233-includable,false
include,include,21234,dictionary/I/I-01.md,entry-21234-include,false
includible,includible,21235,dictionary/I/I-01.md,entry-21235-includible,false
inclusion,inclusion,21236,dictionary/I/I-01.md,entry-21236-inclusion,false
inclusive,inclusive,21237,dictionary/I/I-01.md,entry-21237-inclusive,false
inclusive or,inclusive or,21238,dictionary/I/I-01.md,entry-21238-inclusive-or,false
inclustve or poeration,inclustve or poeration,21239,dictionary/I/I-01.md,entry-21239-inclustve-or-poeration,false
incoercible,incoercible,21240,dictionary/I/I-01.md,entry-21240-incoercible,false
incogitant,incogitant,21241,dictionary/I/I-01.md,entry-21241-incogitant,false
incognita,incognita,21242,dictionary/I/I-01.md,entry-21242-incognita,false
incognito,incognito,21243,dictionary/I/I-01.md,entry-21243-incognito,false
incognizant,incognizant,21244,dictionary/I/I-01.md,entry-21244-incognizant,false
incoherence,incoherence,21245,dictionary/I/I-01.md,entry-21245-incoherence,false
incoherent,incoherent,21246,dictionary/I/I-01.md,entry-21246-incoherent,false
incombustible,incombustible,21247,dictionary/I/I-01.md,entry-21247-incombustible,false
income,income,21248,dictionary/I/I-01.md,entry-21248-income,false
income tax,income tax,21249,dictionary/I/I-01.md,entry-21249-income-tax,false
incoming,incoming,21250,dictionary/I/I-01.md,entry-21250-incoming,false
incommensurability,incommensurability,21251,dictionary/I/I-01.md,entry-21251-incommensurability,false
incommensurable,incommensurable,21252,dictionary/I/I-01.md,entry-21252-incommensurable,false
incommensurate,incommensurate,21253,dictionary/I/I-01.md,entry-21253-incommensurate,false
incommode,incommode,21254,dictionary/I/I-01.md,entry-21254-incommode,false
incommodious,incommodious,21255,dictionary/I/I-01.md,entry-21255-incommodious,false
incommodity,incommodity,21256,dictionary/I/I-01.md,entry-21256-incommodity,false
incommunicable,incommunicable,21257,dictionary/I/I-01.md,entry-21257-incommunicable,false
incommunicado,incommunicado,21258,dictionary/I/I-01.md,entry-21258-incommunicado,false
incommunicative,incommunicative,21259,dictionary/I/I-01.md,entry-21259-incommunicative,false
incommutable,incommutable,21260,dictionary/I/I-01.md,entry-21260-incommutable,false
incomparable,incomparable,21261,dictionary/I/I-01.md,entry-21261-incomparable,false
incompatibility,incompatibility,21262,dictionary/I/I-01.md,entry-21262-incompatibility,false
incompatible,incompatible,21263,dictionary/I/I-01.md,entry-21263-incompatible,false
incompetence,incompetence,21264,dictionary/I/I-01.md,entry-21264-incompetence,false
incompetency,incompetency,21265,dictionary/I/I-01.md,entry-21265-incompetency,false
incompetent,incompetent,21266,dictionary/I/I-01.md,entry-21266-incompetent,false
incomplete,incomplete,21267,dictionary/I/I-01.md,entry-21267-incomplete,false
incompletly specified,incompletly specified,21268,dictionary/I/I-01.md,entry-21268-incompletly-specified,false
incompliant,incompliant,21269,dictionary/I/I-01.md,entry-21269-incompliant,false
incomprehensibility,incomprehensibility,21270,dictionary/I/I-01.md,entry-21270-incomprehensibility,false
incomprehensible,incomprehensible,21271,dictionary/I/I-01.md,entry-21271-incomprehensible,false
incomprehension,incomprehension,21272,dictionary/I/I-01.md,entry-21272-incomprehension,false
incompressibility,incompressibility,21273,dictionary/I/I-01.md,entry-21273-incompressibility,false
incompressible,incompressible,21274,dictionary/I/I-01.md,entry-21274-incompressible,false
incomputable,incomputable,21275,dictionary/I/I-01.md,entry-21275-incomputable,false
inconceivable,inconceivable,21276,dictionary/I/I-01.md,entry-21276-inconceivable,false
inconcinnity,inconcinnity,21277,dictionary/I/I-01.md,entry-21277-inconcinnity,false
inconclusive,inconclusive,21278,dictionary/I/I-01.md,entry-21278-inconclusive,false
incondensable,incondensable,21279,dictionary/I/I-01.md,entry-21279-incondensable,false
incondite,incondite,21280,dictionary/I/I-01.md,entry-21280-incondite,false
inconformity,inconformity,21281,dictionary/I/I-01.md,entry-21281-inconformity,false
incongruence,incongruence,21282,dictionary/I/I-01.md,entry-21282-incongruence,false
incongruent,incongruent,21283,dictionary/I/I-01.md,entry-21283-incongruent,false
incongruity,incongruity,21284,dictionary/I/I-01.md,entry-21284-incongruity,false
incongruous,incongruous,21285,dictionary/I/I-01.md,entry-21285-incongruous,false
inconscient,inconscient,21286,dictionary/I/I-01.md,entry-21286-inconscient,false
inconsecutive,inconsecutive,21287,dictionary/I/I-01.md,entry-21287-inconsecutive,false
inconsequent,inconsequent,21288,dictionary/I/I-01.md,entry-21288-inconsequent,false
inconsequential,inconsequential,21289,dictionary/I/I-01.md,entry-21289-inconsequential,false
inconsiderable,inconsiderable,21290,dictionary/I/I-01.md,entry-21290-inconsiderable,false
inconsiderate,inconsiderate,21291,dictionary/I/I-01.md,entry-21291-inconsiderate,false
inconsideration,inconsideration,21292,dictionary/I/I-01.md,entry-21292-inconsideration,false
inconsistence,inconsistence,21293,dictionary/I/I-01.md,entry-21293-inconsistence,false
inconsistency,inconsistency,21294,dictionary/I/I-01.md,entry-21294-inconsistency,false
inconsistenoy,inconsistenoy,21295,dictionary/I/I-01.md,entry-21295-inconsistenoy,false
inconsistent,inconsistent,21296,dictionary/I/I-01.md,entry-21296-inconsistent,false
inconsolable,inconsolable,21297,dictionary/I/I-01.md,entry-21297-inconsolable,false
inconsonance,inconsonance,21298,dictionary/I/I-01.md,entry-21298-inconsonance,false
inconsonant,inconsonant,21299,dictionary/I/I-01.md,entry-21299-inconsonant,false
inconspicuous,inconspicuous,21300,dictionary/I/I-01.md,entry-21300-inconspicuous,false
inconstancy,inconstancy,21301,dictionary/I/I-01.md,entry-21301-inconstancy,false
inconstant,inconstant,21302,dictionary/I/I-01.md,entry-21302-inconstant,false
inconsumable,inconsumable,21303,dictionary/I/I-01.md,entry-21303-inconsumable,false
incontestable,incontestable,21304,dictionary/I/I-01.md,entry-21304-incontestable,false
incontinence,incontinence,21305,dictionary/I/I-01.md,entry-21305-incontinence,false
incontinency,incontinency,21306,dictionary/I/I-01.md,entry-21306-incontinency,false
incontinent,incontinent,21307,dictionary/I/I-01.md,entry-21307-incontinent,false
incontrollable,incontrollable,21308,dictionary/I/I-01.md,entry-21308-incontrollable,false
incontrovertible,incontrovertible,21309,dictionary/I/I-01.md,entry-21309-incontrovertible,false
inconvenience,inconvenience,21310,dictionary/I/I-01.md,entry-21310-inconvenience,false
inconvenient,inconvenient,21311,dictionary/I/I-01.md,entry-21311-inconvenient,false
inconvertible,inconvertible,21312,dictionary/I/I-01.md,entry-21312-inconvertible,false
inconvincible,inconvincible,21313,dictionary/I/I-01.md,entry-21313-inconvincible,false
incoordinate,incoordinate,21314,dictionary/I/I-01.md,entry-21314-incoordinate,false
incoordination,incoordination,21315,dictionary/I/I-01.md,entry-21315-incoordination,false
incorporate,incorporate,21316,dictionary/I/I-01.md,entry-21316-incorporate,false
incorporation,incorporation,21317,dictionary/I/I-01.md,entry-21317-incorporation,false
incorporative,incorporative,21318,dictionary/I/I-01.md,entry-21318-incorporative,false
incorporator,incorporator,21319,dictionary/I/I-01.md,entry-21319-incorporator,false
incorporeal,incorporeal,21320,dictionary/I/I-01.md,entry-21320-incorporeal,false
incorporeity,incorporeity,21321,dictionary/I/I-01.md,entry-21321-incorporeity,false
incorrect,incorrect,21322,dictionary/I/I-01.md,entry-21322-incorrect,false
incorrigible,incorrigible,21323,dictionary/I/I-01.md,entry-21323-incorrigible,false
incorrupt,incorrupt,21324,dictionary/I/I-01.md,entry-21324-incorrupt,false
incorruptible,incorruptible,21325,dictionary/I/I-01.md,entry-21325-incorruptible,false
incorruption,incorruption,21326,dictionary/I/I-01.md,entry-21326-incorruption,false
incqnsistent,incqnsistent,21327,dictionary/I/I-01.md,entry-21327-incqnsistent,false
increasable,increasable,21328,dictionary/I/I-01.md,entry-21328-increasable,false
increase,increase,21329,dictionary/I/I-01.md,entry-21329-increase,false
increaser,increaser,21330,dictionary/I/I-01.md,entry-21330-increaser,false
increasing,increasing,21331,dictionary/I/I-01.md,entry-21331-increasing,false
increasing order,increasing order,21332,dictionary/I/I-01.md,entry-21332-increasing-order,false
increate,increate,21333,dictionary/I/I-01.md,entry-21333-increate,false
incredible,incredible,21334,dictionary/I/I-01.md,entry-21334-incredible,false
incredulity,incredulity,21335,dictionary/I/I-01.md,entry-21335-incredulity,false
incredulous,incredulous,21336,dictionary/I/I-01.md,entry-21336-incredulous,false
increment,increment,21337,dictionary/I/I-01.md,entry-21337-increment,false
increment size,increment size,21338,dictionary/I/I-01.md,entry-21338-increment-size,false
incremental,incremental,21339,dictionary/I/I-01.md,entry-21339-incremental,false
incremental compiler,incremental compiler,21340,dictionary/I/I-01.md,entry-21340-incremental-compiler,false
incremental data,incremental data,21341,dictionary/I/I-01.md,entry-21341-incremental-data,false
incrementation,incrementation,21342,dictionary/I/I-01.md,entry-21342-incrementation,false
increscent,increscent,21343,dictionary/I/I-01.md,entry-21343-increscent,false
incretion,incretion,21344,dictionary/I/I-01.md,entry-21344-incretion,false
incriminate,incriminate,21345,dictionary/I/I-01.md,entry-21345-incriminate,false
incross,incross,21346,dictionary/I/I-01.md,entry-21346-incross,false
incrossbreed,incrossbreed,21347,dictionary/I/I-01.md,entry-21347-incrossbreed,false
incrust,incrust,21348,dictionary/I/I-01.md,entry-21348-incrust,false
incrustation,incrustation,21349,dictionary/I/I-01.md,entry-21349-incrustation,false
incrustment,incrustment,21350,dictionary/I/I-01.md,entry-21350-incrustment,false
incubate,incubate,21351,dictionary/I/I-01.md,entry-21351-incubate,false
incubation,incubation,21352,dictionary/I/I-01.md,entry-21352-incubation,false
incubator,incubator,21353,dictionary/I/I-01.md,entry-21353-incubator,false
incubus,incubus,21354,dictionary/I/I-01.md,entry-21354-incubus,false
inculcate,inculcate,21355,dictionary/I/I-01.md,entry-21355-inculcate,false
inculpable,inculpable,21356,dictionary/I/I-01.md,entry-21356-inculpable,false
inculpate,inculpate,21357,dictionary/I/I-01.md,entry-21357-inculpate,false
incult,incult,21358,dictionary/I/I-01.md,entry-21358-incult,false
incumbency,incumbency,21359,dictionary/I/I-01.md,entry-21359-incumbency,false
incumbent,incumbent,21360,dictionary/I/I-01.md,entry-21360-incumbent,false
incunabulum,incunabulum,21361,dictionary/I/I-01.md,entry-21361-incunabulum,false
incur,incur,21362,dictionary/I/I-01.md,entry-21362-incur,false
incurable,incurable,21363,dictionary/I/I-01.md,entry-21363-incurable,false
incuriosity,incuriosity,21364,dictionary/I/I-01.md,entry-21364-incuriosity,false
incurious,incurious,21365,dictionary/I/I-01.md,entry-21365-incurious,false
incurrence,incurrence,21366,dictionary/I/I-01.md,entry-21366-incurrence,false
incursion,incursion,21367,dictionary/I/I-01.md,entry-21367-incursion,false
incurvate,incurvate,21368,dictionary/I/I-01.md,entry-21368-incurvate,false
incurve,incurve,21369,dictionary/I/I-01.md,entry-21369-incurve,false
incus,incus,21370,dictionary/I/I-01.md,entry-21370-incus,false
incuse,incuse,21371,dictionary/I/I-01.md,entry-21371-incuse,false
ind,ind,21372,dictionary/I/I-01.md,entry-21372-ind,false
indagate,indagate,21373,dictionary/I/I-01.md,entry-21373-indagate,false
indagation,indagation,21374,dictionary/I/I-01.md,entry-21374-indagation,false
indebted,indebted,21375,dictionary/I/I-01.md,entry-21375-indebted,false
indecency,indecency,21376,dictionary/I/I-01.md,entry-21376-indecency,false
indecent,indecent,21377,dictionary/I/I-01.md,entry-21377-indecent,false
indecipherable,indecipherable,21378,dictionary/I/I-01.md,entry-21378-indecipherable,false
indecision,indecision,21379,dictionary/I/I-01.md,entry-21379-indecision,false
indecisive,indecisive,21380,dictionary/I/I-01.md,entry-21380-indecisive,false
indeclinable,indeclinable,21381,dictionary/I/I-01.md,entry-21381-indeclinable,false
indecomposable,indecomposable,21382,dictionary/I/I-01.md,entry-21382-indecomposable,false
indecorous,indecorous,21383,dictionary/I/I-01.md,entry-21383-indecorous,false
indecorum,indecorum,21384,dictionary/I/I-01.md,entry-21384-indecorum,false
indeed,indeed,21385,dictionary/I/I-01.md,entry-21385-indeed,false
indefatigable,indefatigable,21386,dictionary/I/I-01.md,entry-21386-indefatigable,false
indefeasibility,indefeasibility,21387,dictionary/I/I-01.md,entry-21387-indefeasibility,false
indefeasible,indefeasible,21388,dictionary/I/I-01.md,entry-21388-indefeasible,false
indefectible,indefectible,21389,dictionary/I/I-01.md,entry-21389-indefectible,false
indefensible,indefensible,21390,dictionary/I/I-01.md,entry-21390-indefensible,false
indefinable,indefinable,21391,dictionary/I/I-01.md,entry-21391-indefinable,false
indefinite,indefinite,21392,dictionary/I/I-01.md,entry-21392-indefinite,false
indehiscence,indehiscence,21393,dictionary/I/I-01.md,entry-21393-indehiscence,false
indehiscent,indehiscent,21394,dictionary/I/I-01.md,entry-21394-indehiscent,false
indelibility,indelibility,21395,dictionary/I/I-01.md,entry-21395-indelibility,false
indelible,indelible,21396,dictionary/I/I-01.md,entry-21396-indelible,false
indelicacy,indelicacy,21397,dictionary/I/I-01.md,entry-21397-indelicacy,false
indelicate,indelicate,21398,dictionary/I/I-01.md,entry-21398-indelicate,false
indemnification,indemnification,21399,dictionary/I/I-01.md,entry-21399-indemnification,false
indemnifier,indemnifier,21400,dictionary/I/I-01.md,entry-21400-indemnifier,false
indemnify,indemnify,21401,dictionary/I/I-01.md,entry-21401-indemnify,false
indemnity,indemnity,21402,dictionary/I/I-01.md,entry-21402-indemnity,false
indemonstrable,indemonstrable,21403,dictionary/I/I-01.md,entry-21403-indemonstrable,false
indent,indent,21404,dictionary/I/I-01.md,entry-21404-indent,false
indentation,indentation,21405,dictionary/I/I-01.md,entry-21405-indentation,false
indented,indented,21406,dictionary/I/I-01.md,entry-21406-indented,false
indention,indention,21407,dictionary/I/I-01.md,entry-21407-indention,false
indenture,indenture,21408,dictionary/I/I-01.md,entry-21408-indenture,false
independence,independence,21409,dictionary/I/I-01.md,entry-21409-independence,false
independent,independent,21410,dictionary/I/I-01.md,entry-21410-independent,false
independent operation,independent operation,21411,dictionary/I/I-01.md,entry-21411-independent-operation,false
indertow,indertow,21412,dictionary/I/I-01.md,entry-21412-indertow,false
indescribable,indescribable,21413,dictionary/I/I-01.md,entry-21413-indescribable,false
indestructible,indestructible,21414,dictionary/I/I-01.md,entry-21414-indestructible,false
indeterminable,indeterminable,21415,dictionary/I/I-01.md,entry-21415-indeterminable,false
indeterminacy,indeterminacy,21416,dictionary/I/I-01.md,entry-21416-indeterminacy,false
indeterminate,indeterminate,21417,dictionary/I/I-01.md,entry-21417-indeterminate,false
indevout,indevout,21418,dictionary/I/I-01.md,entry-21418-indevout,false
index,index,21419,dictionary/I/I-01.md,entry-21419-index,false
index entry,index entry,21420,dictionary/I/I-01.md,entry-21420-index-entry,false
index finger,index finger,21421,dictionary/I/I-01.md,entry-21421-index-finger,false
index fossil,index fossil,21422,dictionary/I/I-01.md,entry-21422-index-fossil,false
index number,index number,21423,dictionary/I/I-01.md,entry-21423-index-number,false
index register,index register,21424,dictionary/I/I-01.md,entry-21424-index-register,false
indexed access,indexed access,21425,dictionary/I/I-01.md,entry-21425-indexed-access,false
indexed address,indexed address,21426,dictionary/I/I-01.md,entry-21426-indexed-address,false
indexed sequential,indexed sequential,21427,dictionary/I/I-01.md,entry-21427-indexed-sequential,false
indexing,indexing,21428,dictionary/I/I-01.md,entry-21428-indexing,false
indfferent,indfferent,21429,dictionary/I/I-01.md,entry-21429-indfferent,false
india,india,21430,dictionary/I/I-01.md,entry-21430-india,false
india ink,india ink,21431,dictionary/I/I-01.md,entry-21431-india-ink,false
india paper,india paper,21432,dictionary/I/I-01.md,entry-21432-india-paper,false
india rubber,india rubber,21433,dictionary/I/I-01.md,entry-21433-india-rubber,false
indian,indian,21434,dictionary/I/I-01.md,entry-21434-indian,false
indian club,indian club,21435,dictionary/I/I-01.md,entry-21435-indian-club,false
indian corn,indian corn,21436,dictionary/I/I-01.md,entry-21436-indian-corn,false
indian file,indian file,21437,dictionary/I/I-01.md,entry-21437-indian-file,false
indian giver,indian giver,21438,dictionary/I/I-01.md,entry-21438-indian-giver,false
indian hemp,indian hemp,21439,dictionary/I/I-01.md,entry-21439-indian-hemp,false
indian licorice,indian licorice,21440,dictionary/I/I-01.md,entry-21440-indian-licorice,false
indian red,indian red,21441,dictionary/I/I-01.md,entry-21441-indian-red,false
indian summer,indian summer,21442,dictionary/I/I-01.md,entry-21442-indian-summer,false
indian tobacco,indian tobacco,21443,dictionary/I/I-01.md,entry-21443-indian-tobacco,false
indic,indic,21444,dictionary/I/I-01.md,entry-21444-indic,false
indican,indican,21445,dictionary/I/I-01.md,entry-21445-indican,false
indicant,indicant,21446,dictionary/I/I-01.md,entry-21446-indicant,false
indicate,indicate,21447,dictionary/I/I-01.md,entry-21447-indicate,false
indication,indication,21448,dictionary/I/I-01.md,entry-21448-indication,false
indicative,indicative,21449,dictionary/I/I-01.md,entry-21449-indicative,false
indicator,indicator,21450,dictionary/I/I-01.md,entry-21450-indicator,false
indicator bit,indicator bit,21451,dictionary/I/I-01.md,entry-21451-indicator-bit,false
indicator lamp,indicator lamp,21452,dictionary/I/I-01.md,entry-21452-indicator-lamp,false
indices,indices,21453,dictionary/I/I-01.md,entry-21453-indices,false
indict,indict,21454,dictionary/I/I-01.md,entry-21454-indict,false
indictable,indictable,21455,dictionary/I/I-01.md,entry-21455-indictable,false
indicter,indicter,21456,dictionary/I/I-01.md,entry-21456-indicter,false
indiction,indiction,21457,dictionary/I/I-01.md,entry-21457-indiction,false
indictment,indictment,21458,dictionary/I/I-01.md,entry-21458-indictment,false
indictor,indictor,21459,dictionary/I/I-01.md,entry-21459-indictor,false
indifference,indifference,21460,dictionary/I/I-01.md,entry-21460-indifference,false
indifferentism,indifferentism,21461,dictionary/I/I-01.md,entry-21461-indifferentism,false
indigence,indigence,21462,dictionary/I/I-01.md,entry-21462-indigence,false
indigenous,indigenous,21463,dictionary/I/I-01.md,entry-21463-indigenous,false
indigent,indigent,21464,dictionary/I/I-01.md,entry-21464-indigent,false
indigested,indigested,21465,dictionary/I/I-01.md,entry-21465-indigested,false
indigestibility,indigestibility,21466,dictionary/I/I-01.md,entry-21466-indigestibility,false
indigestible,indigestible,21467,dictionary/I/I-01.md,entry-21467-indigestible,false
indigestion,indigestion,21468,dictionary/I/I-01.md,entry-21468-indigestion,false
indigestive,indigestive,21469,dictionary/I/I-01.md,entry-21469-indigestive,false
indigitation,indigitation,21470,dictionary/I/I-01.md,entry-21470-indigitation,false
indign,indign,21471,dictionary/I/I-01.md,entry-21471-indign,false
indignant,indignant,21472,dictionary/I/I-01.md,entry-21472-indignant,false
indignation,indignation,21473,dictionary/I/I-01.md,entry-21473-indignation,false
indignity,indignity,21474,dictionary/I/I-01.md,entry-21474-indignity,false
indigo,indigo,21475,dictionary/I/I-01.md,entry-21475-indigo,false
indigo plant,indigo plant,21476,dictionary/I/I-01.md,entry-21476-indigo-plant,false
indigo snake,indigo snake,21477,dictionary/I/I-01.md,entry-21477-indigo-snake,false
indirect,indirect,21478,dictionary/I/I-01.md,entry-21478-indirect,false
indirect address,indirect address,21479,dictionary/I/I-01.md,entry-21479-indirect-address,false
indirect addressing,indirect addressing,21480,dictionary/I/I-01.md,entry-21480-indirect-addressing,false
indirect control,indirect control,21481,dictionary/I/I-01.md,entry-21481-indirect-control,false
indirect instruction,indirect instruction,21482,dictionary/I/I-01.md,entry-21482-indirect-instruction,false
indirect interpreter,indirect interpreter,21483,dictionary/I/I-01.md,entry-21483-indirect-interpreter,false
indirect jump,indirect jump,21484,dictionary/I/I-01.md,entry-21484-indirect-jump,false
indirect lighting,indirect lighting,21485,dictionary/I/I-01.md,entry-21485-indirect-lighting,false
indirect object,indirect object,21486,dictionary/I/I-01.md,entry-21486-indirect-object,false
indirect output,indirect output,21487,dictionary/I/I-01.md,entry-21487-indirect-output,false
indirect tax,indirect tax,21488,dictionary/I/I-01.md,entry-21488-indirect-tax,false
indirection,indirection,21489,dictionary/I/I-01.md,entry-21489-indirection,false
indiscernible able,indiscernible able,21490,dictionary/I/I-01.md,entry-21490-indiscernible-able,false
indiscipline,indiscipline,21491,dictionary/I/I-01.md,entry-21491-indiscipline,false
indiscoverable,indiscoverable,21492,dictionary/I/I-01.md,entry-21492-indiscoverable,false
indiscreet,indiscreet,21493,dictionary/I/I-01.md,entry-21493-indiscreet,false
indiscrete,indiscrete,21494,dictionary/I/I-01.md,entry-21494-indiscrete,false
indiscretion,indiscretion,21495,dictionary/I/I-01.md,entry-21495-indiscretion,false
indiscriminate,indiscriminate,21496,dictionary/I/I-01.md,entry-21496-indiscriminate,false
indiscrimination,indiscrimination,21497,dictionary/I/I-01.md,entry-21497-indiscrimination,false
indispensable,indispensable,21498,dictionary/I/I-01.md,entry-21498-indispensable,false
indispose,indispose,21499,dictionary/I/I-01.md,entry-21499-indispose,false
indisputable,indisputable,21500,dictionary/I/I-01.md,entry-21500-indisputable,false
indissoluble,indissoluble,21501,dictionary/I/I-01.md,entry-21501-indissoluble,false
indistinct,indistinct,21502,dictionary/I/I-01.md,entry-21502-indistinct,false
indistinctive,indistinctive,21503,dictionary/I/I-01.md,entry-21503-indistinctive,false
indistinguishable,indistinguishable,21504,dictionary/I/I-01.md,entry-21504-indistinguishable,false
indite,indite,21505,dictionary/I/I-01.md,entry-21505-indite,false
indivertible,indivertible,21506,dictionary/I/I-01.md,entry-21506-indivertible,false
individual,individual,21507,dictionary/I/I-01.md,entry-21507-individual,false
individualism,individualism,21508,dictionary/I/I-01.md,entry-21508-individualism,false
individualist,individualist,21509,dictionary/I/I-01.md,entry-21509-individualist,false
individuality,individuality,21510,dictionary/I/I-01.md,entry-21510-individuality,false
individualization,individualization,21511,dictionary/I/I-01.md,entry-21511-individualization,false
individualize,individualize,21512,dictionary/I/I-01.md,entry-21512-individualize,false
individuate,individuate,21513,dictionary/I/I-01.md,entry-21513-individuate,false
individuation,individuation,21514,dictionary/I/I-01.md,entry-21514-individuation,false
indivisibility,indivisibility,21515,dictionary/I/I-01.md,entry-21515-indivisibility,false
indivisible,indivisible,21516,dictionary/I/I-01.md,entry-21516-indivisible,false
indo chinese,indo chinese,21517,dictionary/I/I-01.md,entry-21517-indo-chinese,false
indo European,indo european,21518,dictionary/I/I-01.md,entry-21518-indo-european,false
indocile,indocile,21519,dictionary/I/I-01.md,entry-21519-indocile,false
indocility,indocility,21520,dictionary/I/I-01.md,entry-21520-indocility,false
indoctrinate,indoctrinate,21521,dictionary/I/I-01.md,entry-21521-indoctrinate,false
indolence,indolence,21522,dictionary/I/I-01.md,entry-21522-indolence,false
indolent,indolent,21523,dictionary/I/I-01.md,entry-21523-indolent,false
indomitability,indomitability,21524,dictionary/I/I-01.md,entry-21524-indomitability,false
indomitable,indomitable,21525,dictionary/I/I-01.md,entry-21525-indomitable,false
indonesian,indonesian,21526,dictionary/I/I-01.md,entry-21526-indonesian,false
indoor,indoor,21527,dictionary/I/I-01.md,entry-21527-indoor,false
indorse,indorse,21528,dictionary/I/I-01.md,entry-21528-indorse,false
indraft,indraft,21529,dictionary/I/I-01.md,entry-21529-indraft,false
indraght,indraght,21530,dictionary/I/I-01.md,entry-21530-indraght,false
indrawn,indrawn,21531,dictionary/I/I-01.md,entry-21531-indrawn,false
indubitable,indubitable,21532,dictionary/I/I-01.md,entry-21532-indubitable,false
induce,induce,21533,dictionary/I/I-01.md,entry-21533-induce,false
inducement,inducement,21534,dictionary/I/I-01.md,entry-21534-inducement,false
inducible,inducible,21535,dictionary/I/I-01.md,entry-21535-inducible,false
induct,induct,21536,dictionary/I/I-01.md,entry-21536-induct,false
inductance,inductance,21537,dictionary/I/I-01.md,entry-21537-inductance,false
inductee,inductee,21538,dictionary/I/I-01.md,entry-21538-inductee,false
inductile,inductile,21539,dictionary/I/I-01.md,entry-21539-inductile,false
induction,induction,21540,dictionary/I/I-01.md,entry-21540-induction,false
induction field,induction field,21541,dictionary/I/I-01.md,entry-21541-induction-field,false
inductive,inductive,21542,dictionary/I/I-01.md,entry-21542-inductive,false
inductor,inductor,21543,dictionary/I/I-01.md,entry-21543-inductor,false
indue,indue,21544,dictionary/I/I-01.md,entry-21544-indue,false
indulge,indulge,21545,dictionary/I/I-01.md,entry-21545-indulge,false
indulgence,indulgence,21546,dictionary/I/I-01.md,entry-21546-indulgence,false
indulgent,indulgent,21547,dictionary/I/I-01.md,entry-21547-indulgent,false
indult,indult,21548,dictionary/I/I-01.md,entry-21548-indult,false
indurate,indurate,21549,dictionary/I/I-01.md,entry-21549-indurate,false
indusium,indusium,21550,dictionary/I/I-01.md,entry-21550-indusium,false
industrial,industrial,21551,dictionary/I/I-01.md,entry-21551-industrial,false
industrial school,industrial school,21552,dictionary/I/I-01.md,entry-21552-industrial-school,false
industrial union,industrial union,21553,dictionary/I/I-01.md,entry-21553-industrial-union,false
industrialism,industrialism,21554,dictionary/I/I-01.md,entry-21554-industrialism,false
industrialist,industrialist,21555,dictionary/I/I-01.md,entry-21555-industrialist,false
industrialization,industrialization,21556,dictionary/I/I-01.md,entry-21556-industrialization,false
industrialize,industrialize,21557,dictionary/I/I-01.md,entry-21557-industrialize,false
industrious,industrious,21558,dictionary/I/I-01.md,entry-21558-industrious,false
industry,industry,21559,dictionary/I/I-01.md,entry-21559-industry,false
indwell,indwell,21560,dictionary/I/I-01.md,entry-21560-indwell,false
inebriant,inebriant,21561,dictionary/I/I-01.md,entry-21561-inebriant,false
inebriate,inebriate,21562,dictionary/I/I-01.md,entry-21562-inebriate,false
inebriety,inebriety,21563,dictionary/I/I-01.md,entry-21563-inebriety,false
inedible,inedible,21564,dictionary/I/I-01.md,entry-21564-inedible,false
inedited,inedited,21565,dictionary/I/I-01.md,entry-21565-inedited,false
ineducable,ineducable,21566,dictionary/I/I-01.md,entry-21566-ineducable,false
ineffability,ineffability,21567,dictionary/I/I-01.md,entry-21567-ineffability,false
ineffable,ineffable,21568,dictionary/I/I-01.md,entry-21568-ineffable,false
ineffaceable,ineffaceable,21569,dictionary/I/I-01.md,entry-21569-ineffaceable,false
ineffective,ineffective,21570,dictionary/I/I-01.md,entry-21570-ineffective,false
ineffectual,ineffectual,21571,dictionary/I/I-01.md,entry-21571-ineffectual,false
inefficacious,inefficacious,21572,dictionary/I/I-01.md,entry-21572-inefficacious,false
inefficacity,inefficacity,21573,dictionary/I/I-01.md,entry-21573-inefficacity,false
inefficacy,inefficacy,21574,dictionary/I/I-01.md,entry-21574-inefficacy,false
inefficiency,inefficiency,21575,dictionary/I/I-01.md,entry-21575-inefficiency,false
inefficient,inefficient,21576,dictionary/I/I-01.md,entry-21576-inefficient,false
inelastic,inelastic,21577,dictionary/I/I-01.md,entry-21577-inelastic,false
inelegance,inelegance,21578,dictionary/I/I-01.md,entry-21578-inelegance,false
inelegant,inelegant,21579,dictionary/I/I-01.md,entry-21579-inelegant,false
ineligible,ineligible,21580,dictionary/I/I-01.md,entry-21580-ineligible,false
ineloquent,ineloquent,21581,dictionary/I/I-01.md,entry-21581-ineloquent,false
ineluctability,ineluctability,21582,dictionary/I/I-01.md,entry-21582-ineluctability,false
ineluctable,ineluctable,21583,dictionary/I/I-01.md,entry-21583-ineluctable,false
ineludible,ineludible,21584,dictionary/I/I-01.md,entry-21584-ineludible,false
inenarrable,inenarrable,21585,dictionary/I/I-01.md,entry-21585-inenarrable,false
inept,inept,21586,dictionary/I/I-01.md,entry-21586-inept,false
ineptitude,ineptitude,21587,dictionary/I/I-01.md,entry-21587-ineptitude,false
inequality,inequality,21588,dictionary/I/I-01.md,entry-21588-inequality,false
inequitable,inequitable,21589,dictionary/I/I-01.md,entry-21589-inequitable,false
inequity,inequity,21590,dictionary/I/I-01.md,entry-21590-inequity,false
inequivalence,inequivalence,21591,dictionary/I/I-01.md,entry-21591-inequivalence,false
ineradicable,ineradicable,21592,dictionary/I/I-01.md,entry-21592-ineradicable,false
inerrancy,inerrancy,21593,dictionary/I/I-01.md,entry-21593-inerrancy,false
inerrant,inerrant,21594,dictionary/I/I-01.md,entry-21594-inerrant,false
inert,inert,21595,dictionary/I/I-01.md,entry-21595-inert,false
inertia,inertia,21596,dictionary/I/I-01.md,entry-21596-inertia,false
inescapable,inescapable,21597,dictionary/I/I-01.md,entry-21597-inescapable,false
inessential,inessential,21598,dictionary/I/I-01.md,entry-21598-inessential,false
inestimable,inestimable,21599,dictionary/I/I-01.md,entry-21599-inestimable,false
inevitable,inevitable,21600,dictionary/I/I-01.md,entry-21600-inevitable,false
inexact,inexact,21601,dictionary/I/I-01.md,entry-21601-inexact,false
inexactitude,inexactitude,21602,dictionary/I/I-01.md,entry-21602-inexactitude,false
inexcusable,inexcusable,21603,dictionary/I/I-01.md,entry-21603-inexcusable,false
inexhaustibility,inexhaustibility,21604,dictionary/I/I-01.md,entry-21604-inexhaustibility,false
inexhaustible,inexhaustible,21605,dictionary/I/I-01.md,entry-21605-inexhaustible,false
inexistence,inexistence,21606,dictionary/I/I-01.md,entry-21606-inexistence,false
inexistency,inexistency,21607,dictionary/I/I-01.md,entry-21607-inexistency,false
inexistent,inexistent,21608,dictionary/I/I-01.md,entry-21608-inexistent,false
inexorability,inexorability,21609,dictionary/I/I-01.md,entry-21609-inexorability,false
inexorable,inexorable,21610,dictionary/I/I-01.md,entry-21610-inexorable,false
inexpedience,inexpedience,21611,dictionary/I/I-01.md,entry-21611-inexpedience,false
inexpediency,inexpediency,21612,dictionary/I/I-01.md,entry-21612-inexpediency,false
inexpedient,inexpedient,21613,dictionary/I/I-01.md,entry-21613-inexpedient,false
inexpensive,inexpensive,21614,dictionary/I/I-01.md,entry-21614-inexpensive,false
inexperience,inexperience,21615,dictionary/I/I-01.md,entry-21615-inexperience,false
inexpert,inexpert,21616,dictionary/I/I-01.md,entry-21616-inexpert,false
inexpiable,inexpiable,21617,dictionary/I/I-01.md,entry-21617-inexpiable,false
inexplicable,inexplicable,21618,dictionary/I/I-01.md,entry-21618-inexplicable,false
inexplicit,inexplicit,21619,dictionary/I/I-01.md,entry-21619-inexplicit,false
inexpressible,inexpressible,21620,dictionary/I/I-01.md,entry-21620-inexpressible,false
inexpressive,inexpressive,21621,dictionary/I/I-01.md,entry-21621-inexpressive,false
inexpugnable,inexpugnable,21622,dictionary/I/I-01.md,entry-21622-inexpugnable,false
inextensible,inextensible,21623,dictionary/I/I-01.md,entry-21623-inextensible,false
inextenso,inextenso,21624,dictionary/I/I-01.md,entry-21624-inextenso,false
inextinguishable,inextinguishable,21625,dictionary/I/I-01.md,entry-21625-inextinguishable,false
inextremis,inextremis,21626,dictionary/I/I-01.md,entry-21626-inextremis,false
inextricable,inextricable,21627,dictionary/I/I-01.md,entry-21627-inextricable,false
infallible,infallible,21628,dictionary/I/I-01.md,entry-21628-infallible,false
infallibly,infallibly,21629,dictionary/I/I-01.md,entry-21629-infallibly,false
infamous,infamous,21630,dictionary/I/I-01.md,entry-21630-infamous,false
infamy,infamy,21631,dictionary/I/I-01.md,entry-21631-infamy,false
infant,infant,21632,dictionary/I/I-01.md,entry-21632-infant,false
infanta,infanta,21633,dictionary/I/I-01.md,entry-21633-infanta,false
infante,infante,21634,dictionary/I/I-01.md,entry-21634-infante,false
infanticide,infanticide,21635,dictionary/I/I-01.md,entry-21635-infanticide,false
infantile,infantile,21636,dictionary/I/I-01.md,entry-21636-infantile,false
infantile paralysis,infantile paralysis,21637,dictionary/I/I-01.md,entry-21637-infantile-paralysis,false
infantilism,infantilism,21638,dictionary/I/I-01.md,entry-21638-infantilism,false
infantine,infantine,21639,dictionary/I/I-01.md,entry-21639-infantine,false
infantry,infantry,21640,dictionary/I/I-01.md,entry-21640-infantry,false
infarct,infarct,21641,dictionary/I/I-01.md,entry-21641-infarct,false
infarction,infarction,21642,dictionary/I/I-01.md,entry-21642-infarction,false
infare,infare,21643,dictionary/I/I-01.md,entry-21643-infare,false
infatuate,infatuate,21644,dictionary/I/I-01.md,entry-21644-infatuate,false
infatuation,infatuation,21645,dictionary/I/I-01.md,entry-21645-infatuation,false
infeasible,infeasible,21646,dictionary/I/I-01.md,entry-21646-infeasible,false
infect,infect,21647,dictionary/I/I-01.md,entry-21647-infect,false
infection,infection,21648,dictionary/I/I-01.md,entry-21648-infection,false
infectious,infectious,21649,dictionary/I/I-01.md,entry-21649-infectious,false
infective,infective,21650,dictionary/I/I-01.md,entry-21650-infective,false
infelicitous,infelicitous,21651,dictionary/I/I-01.md,entry-21651-infelicitous,false
infelicity,infelicity,21652,dictionary/I/I-01.md,entry-21652-infelicity,false
infer,infer,21653,dictionary/I/I-01.md,entry-21653-infer,false
inferable,inferable,21654,dictionary/I/I-01.md,entry-21654-inferable,false
inference,inference,21655,dictionary/I/I-01.md,entry-21655-inference,false
inferential,inferential,21656,dictionary/I/I-01.md,entry-21656-inferential,false
inferential analysis,inferential analysis,21657,dictionary/I/I-01.md,entry-21657-inferential-analysis,false
inferior,inferior,21658,dictionary/I/I-01.md,entry-21658-inferior,false
inferiority,inferiority,21659,dictionary/I/I-01.md,entry-21659-inferiority,false
inferiority complex,inferiority complex,21660,dictionary/I/I-01.md,entry-21660-inferiority-complex,false
infernal,infernal,21661,dictionary/I/I-01.md,entry-21661-infernal,false
inferno,inferno,21662,dictionary/I/I-01.md,entry-21662-inferno,false
inferred,inferred,21663,dictionary/I/I-01.md,entry-21663-inferred,false
inferrible,inferrible,21664,dictionary/I/I-01.md,entry-21664-inferrible,false
infertile,infertile,21665,dictionary/I/I-01.md,entry-21665-infertile,false
infertility,infertility,21666,dictionary/I/I-01.md,entry-21666-infertility,false
infest,infest,21667,dictionary/I/I-01.md,entry-21667-infest,false
infestant,infestant,21668,dictionary/I/I-01.md,entry-21668-infestant,false
infestation,infestation,21669,dictionary/I/I-01.md,entry-21669-infestation,false
infidel,infidel,21670,dictionary/I/I-01.md,entry-21670-infidel,false
infidelity,infidelity,21671,dictionary/I/I-01.md,entry-21671-infidelity,false
infield,infield,21672,dictionary/I/I-01.md,entry-21672-infield,false
infielder,infielder,21673,dictionary/I/I-01.md,entry-21673-infielder,false
infighting,infighting,21674,dictionary/I/I-01.md,entry-21674-infighting,false
infiltrate,infiltrate,21675,dictionary/I/I-01.md,entry-21675-infiltrate,false
infiltration,infiltration,21676,dictionary/I/I-01.md,entry-21676-infiltration,false
infinite,infinite,21677,dictionary/I/I-01.md,entry-21677-infinite,false
infinitesimal,infinitesimal,21678,dictionary/I/I-01.md,entry-21678-infinitesimal,false
infinitival,infinitival,21679,dictionary/I/I-01.md,entry-21679-infinitival,false
infinitive,infinitive,21680,dictionary/I/I-01.md,entry-21680-infinitive,false
infinitude,infinitude,21681,dictionary/I/I-01.md,entry-21681-infinitude,false
infinity,infinity,21682,dictionary/I/I-01.md,entry-21682-infinity,false
infirm,infirm,21683,dictionary/I/I-01.md,entry-21683-infirm,false
infirmary,infirmary,21684,dictionary/I/I-01.md,entry-21684-infirmary,false
infirmity,infirmity,21685,dictionary/I/I-01.md,entry-21685-infirmity,false
infix,infix,21686,dictionary/I/I-01.md,entry-21686-infix,false
infix notation,infix notation,21687,dictionary/I/I-01.md,entry-21687-infix-notation,false
inflame,inflame,21688,dictionary/I/I-01.md,entry-21688-inflame,false
inflammability,inflammability,21689,dictionary/I/I-01.md,entry-21689-inflammability,false
inflammable,inflammable,21690,dictionary/I/I-01.md,entry-21690-inflammable,false
inflammation,inflammation,21691,dictionary/I/I-01.md,entry-21691-inflammation,false
inflammatory,inflammatory,21692,dictionary/I/I-01.md,entry-21692-inflammatory,false
inflatable,inflatable,21693,dictionary/I/I-01.md,entry-21693-inflatable,false
inflate,inflate,21694,dictionary/I/I-01.md,entry-21694-inflate,false
inflater,inflater,21695,dictionary/I/I-01.md,entry-21695-inflater,false
inflation,inflation,21696,dictionary/I/I-01.md,entry-21696-inflation,false
inflationism,inflationism,21697,dictionary/I/I-01.md,entry-21697-inflationism,false
inflator,inflator,21698,dictionary/I/I-01.md,entry-21698-inflator,false
inflect,inflect,21699,dictionary/I/I-01.md,entry-21699-inflect,false
inflection,inflection,21700,dictionary/I/I-01.md,entry-21700-inflection,false
inflexed,inflexed,21701,dictionary/I/I-01.md,entry-21701-inflexed,false
inflexibility,inflexibility,21702,dictionary/I/I-01.md,entry-21702-inflexibility,false
inflexible,inflexible,21703,dictionary/I/I-01.md,entry-21703-inflexible,false
inflexion,inflexion,21704,dictionary/I/I-01.md,entry-21704-inflexion,false
inflict,inflict,21705,dictionary/I/I-01.md,entry-21705-inflict,false
inflicter,inflicter,21706,dictionary/I/I-01.md,entry-21706-inflicter,false
infliction,infliction,21707,dictionary/I/I-01.md,entry-21707-infliction,false
inflictor,inflictor,21708,dictionary/I/I-01.md,entry-21708-inflictor,false
inflorescence,inflorescence,21709,dictionary/I/I-01.md,entry-21709-inflorescence,false
inflorescent,inflorescent,21710,dictionary/I/I-01.md,entry-21710-inflorescent,false
inflow,inflow,21711,dictionary/I/I-01.md,entry-21711-inflow,false
influence,influence,21712,dictionary/I/I-01.md,entry-21712-influence,false
influent,influent,21713,dictionary/I/I-01.md,entry-21713-influent,false
influential,influential,21714,dictionary/I/I-01.md,entry-21714-influential,false
influenza,influenza,21715,dictionary/I/I-01.md,entry-21715-influenza,false
influx,influx,21716,dictionary/I/I-01.md,entry-21716-influx,false
infold,infold,21717,dictionary/I/I-01.md,entry-21717-infold,false
inform,inform,21718,dictionary/I/I-01.md,entry-21718-inform,false
informal,informal,21719,dictionary/I/I-01.md,entry-21719-informal,false
informality,informality,21720,dictionary/I/I-01.md,entry-21720-informality,false
informant,informant,21721,dictionary/I/I-01.md,entry-21721-informant,false
informatics,informatics,21722,dictionary/I/I-01.md,entry-21722-informatics,false
information,information,21723,dictionary/I/I-01.md,entry-21723-information,false
information bits,information bits,21724,dictionary/I/I-01.md,entry-21724-information-bits,false
information content,information content,21725,dictionary/I/I-01.md,entry-21725-information-content,false
information feedback,information feedback,21726,dictionary/I/I-01.md,entry-21726-information-feedback,false
information flow,information flow,21727,dictionary/I/I-01.md,entry-21727-information-flow,false
information interchange,information interchange,21728,dictionary/I/I-01.md,entry-21728-information-interchange,false
information link,information link,21729,dictionary/I/I-01.md,entry-21729-information-link,false
information processing,information processing,21730,dictionary/I/I-01.md,entry-21730-information-processing,false
information retrieval,information retrieval,21731,dictionary/I/I-01.md,entry-21731-information-retrieval,false
information science,information science,21732,dictionary/I/I-01.md,entry-21732-information-science,false
information source,information source,21733,dictionary/I/I-01.md,entry-21733-information-source,false
information system,information system,21734,dictionary/I/I-01.md,entry-21734-information-system,false
information theory,information theory,21735,dictionary/I/I-01.md,entry-21735-information-theory,false
informatique,informatique,21736,dictionary/I/I-01.md,entry-21736-informatique,false
informative,informative,21737,dictionary/I/I-01.md,entry-21737-informative,false
informative abstract,informative abstract,21738,dictionary/I/I-01.md,entry-21738-informative-abstract,false
informed,informed,21739,dictionary/I/I-01.md,entry-21739-informed,false
informer,informer,21740,dictionary/I/I-01.md,entry-21740-informer,false
infra,infra,21741,dictionary/I/I-01.md,entry-21741-infra,false
infra dig,infra dig,21742,dictionary/I/I-01.md,entry-21742-infra-dig,false
infract,infract,21743,dictionary/I/I-01.md,entry-21743-infract,false
infraction,infraction,21744,dictionary/I/I-01.md,entry-21744-infraction,false
infrahuman,infrahuman,21745,dictionary/I/I-01.md,entry-21745-infrahuman,false
infrangibility,infrangibility,21746,dictionary/I/I-01.md,entry-21746-infrangibility,false
infrangible,infrangible,21747,dictionary/I/I-01.md,entry-21747-infrangible,false
infrared,infrared,21748,dictionary/I/I-01.md,entry-21748-infrared,false
infrasonic,infrasonic,21749,dictionary/I/I-01.md,entry-21749-infrasonic,false
infrastructure,infrastructure,21750,dictionary/I/I-01.md,entry-21750-infrastructure,false
infrequency,infrequency,21751,dictionary/I/I-01.md,entry-21751-infrequency,false
infrequent,infrequent,21752,dictionary/I/I-01.md,entry-21752-infrequent,false
infringe,infringe,21753,dictionary/I/I-01.md,entry-21753-infringe,false
infringement,infringement,21754,dictionary/I/I-01.md,entry-21754-infringement,false
infundibular,infundibular,21755,dictionary/I/I-01.md,entry-21755-infundibular,false
infundibulate,infundibulate,21756,dictionary/I/I-01.md,entry-21756-infundibulate,false
infuriate,infuriate,21757,dictionary/I/I-01.md,entry-21757-infuriate,false
infuriation,infuriation,21758,dictionary/I/I-01.md,entry-21758-infuriation,false
infuse,infuse,21759,dictionary/I/I-01.md,entry-21759-infuse,false
infusibility,infusibility,21760,dictionary/I/I-01.md,entry-21760-infusibility,false
infusible,infusible,21761,dictionary/I/I-01.md,entry-21761-infusible,false
infusion,infusion,21762,dictionary/I/I-01.md,entry-21762-infusion,false
ingather,ingather,21763,dictionary/I/I-01.md,entry-21763-ingather,false
ingeminate,ingeminate,21764,dictionary/I/I-01.md,entry-21764-ingeminate,false
ingemination,ingemination,21765,dictionary/I/I-01.md,entry-21765-ingemination,false
ingenious,ingenious,21766,dictionary/I/I-01.md,entry-21766-ingenious,false
ingenue,ingenue,21767,dictionary/I/I-01.md,entry-21767-ingenue,false
ingenuity,ingenuity,21768,dictionary/I/I-01.md,entry-21768-ingenuity,false
ingenuous,ingenuous,21769,dictionary/I/I-01.md,entry-21769-ingenuous,false
ingest,ingest,21770,dictionary/I/I-01.md,entry-21770-ingest,false
ingesta,ingesta,21771,dictionary/I/I-01.md,entry-21771-ingesta,false
ingestion,ingestion,21772,dictionary/I/I-01.md,entry-21772-ingestion,false
ingle,ingle,21773,dictionary/I/I-01.md,entry-21773-ingle,false
inglenook,inglenook,21774,dictionary/I/I-01.md,entry-21774-inglenook,false
inglorious,inglorious,21775,dictionary/I/I-01.md,entry-21775-inglorious,false
ingot,ingot,21776,dictionary/I/I-01.md,entry-21776-ingot,false
ingraft,ingraft,21777,dictionary/I/I-01.md,entry-21777-ingraft,false
ingrain,ingrain,21778,dictionary/I/I-01.md,entry-21778-ingrain,false
ingrate,ingrate,21779,dictionary/I/I-01.md,entry-21779-ingrate,false
ingratiate,ingratiate,21780,dictionary/I/I-01.md,entry-21780-ingratiate,false
ingratiation,ingratiation,21781,dictionary/I/I-01.md,entry-21781-ingratiation,false
ingratitude,ingratitude,21782,dictionary/I/I-01.md,entry-21782-ingratitude,false
ingredient,ingredient,21783,dictionary/I/I-01.md,entry-21783-ingredient,false
ingress,ingress,21784,dictionary/I/I-01.md,entry-21784-ingress,false
ingression,ingression,21785,dictionary/I/I-01.md,entry-21785-ingression,false
ingrow,ingrow,21786,dictionary/I/I-01.md,entry-21786-ingrow,false
ingrowing,ingrowing,21787,dictionary/I/I-01.md,entry-21787-ingrowing,false
ingrown,ingrown,21788,dictionary/I/I-01.md,entry-21788-ingrown,false
ingrowth,ingrowth,21789,dictionary/I/I-01.md,entry-21789-ingrowth,false
inguinal,inguinal,21790,dictionary/I/I-01.md,entry-21790-inguinal,false
ingurgitate,ingurgitate,21791,dictionary/I/I-01.md,entry-21791-ingurgitate,false
inhabit,inhabit,21792,dictionary/I/I-01.md,entry-21792-inhabit,false
inhabitable,inhabitable,21793,dictionary/I/I-01.md,entry-21793-inhabitable,false
inhabitancy,inhabitancy,21794,dictionary/I/I-01.md,entry-21794-inhabitancy,false
inhabitant,inhabitant,21795,dictionary/I/I-01.md,entry-21795-inhabitant,false
inhalant,inhalant,21796,dictionary/I/I-01.md,entry-21796-inhalant,false
inhalation,inhalation,21797,dictionary/I/I-01.md,entry-21797-inhalation,false
inhale,inhale,21798,dictionary/I/I-01.md,entry-21798-inhale,false
inharmonic,inharmonic,21799,dictionary/I/I-01.md,entry-21799-inharmonic,false
inharmonious,inharmonious,21800,dictionary/I/I-01.md,entry-21800-inharmonious,false
inharmony,inharmony,21801,dictionary/I/I-01.md,entry-21801-inharmony,false
inhaul,inhaul,21802,dictionary/I/I-01.md,entry-21802-inhaul,false
inhere,inhere,21803,dictionary/I/I-01.md,entry-21803-inhere,false
inherence,inherence,21804,dictionary/I/I-01.md,entry-21804-inherence,false
inherency,inherency,21805,dictionary/I/I-01.md,entry-21805-inherency,false
inherent,inherent,21806,dictionary/I/I-01.md,entry-21806-inherent,false
inherent error,inherent error,21807,dictionary/I/I-01.md,entry-21807-inherent-error,false
inherently ambiguous,inherently ambiguous,21808,dictionary/I/I-01.md,entry-21808-inherently-ambiguous,false
inherit,inherit,21809,dictionary/I/I-01.md,entry-21809-inherit,false
inheritable,inheritable,21810,dictionary/I/I-01.md,entry-21810-inheritable,false
inheritance,inheritance,21811,dictionary/I/I-01.md,entry-21811-inheritance,false
inherited error,inherited error,21812,dictionary/I/I-01.md,entry-21812-inherited-error,false
inhibit,inhibit,21813,dictionary/I/I-01.md,entry-21813-inhibit,false
inhibit condition,inhibit condition,21814,dictionary/I/I-01.md,entry-21814-inhibit-condition,false
inhibit function,inhibit function,21815,dictionary/I/I-01.md,entry-21815-inhibit-function,false
inhibit pulse,inhibit pulse,21816,dictionary/I/I-01.md,entry-21816-inhibit-pulse,false
inhibit signal,inhibit signal,21817,dictionary/I/I-01.md,entry-21817-inhibit-signal,false
inhibiter,inhibiter,21818,dictionary/I/I-01.md,entry-21818-inhibiter,false
inhibiting input,inhibiting input,21819,dictionary/I/I-01.md,entry-21819-inhibiting-input,false
inhibition,inhibition,21820,dictionary/I/I-01.md,entry-21820-inhibition,false
inhibitive,inhibitive,21821,dictionary/I/I-01.md,entry-21821-inhibitive,false
inhibitor,inhibitor,21822,dictionary/I/I-01.md,entry-21822-inhibitor,false
inhospitable,inhospitable,21823,dictionary/I/I-01.md,entry-21823-inhospitable,false
inhospitality,inhospitality,21824,dictionary/I/I-01.md,entry-21824-inhospitality,false
inhuman,inhuman,21825,dictionary/I/I-01.md,entry-21825-inhuman,false
inhumane,inhumane,21826,dictionary/I/I-01.md,entry-21826-inhumane,false
inhumanity,inhumanity,21827,dictionary/I/I-01.md,entry-21827-inhumanity,false
inhumation,inhumation,21828,dictionary/I/I-01.md,entry-21828-inhumation,false
inhume,inhume,21829,dictionary/I/I-01.md,entry-21829-inhume,false
inimical,inimical,21830,dictionary/I/I-01.md,entry-21830-inimical,false
inimitable,inimitable,21831,dictionary/I/I-01.md,entry-21831-inimitable,false
iniquitous,iniquitous,21832,dictionary/I/I-01.md,entry-21832-iniquitous,false
iniquity,iniquity,21833,dictionary/I/I-01.md,entry-21833-iniquity,false
initation,initation,21834,dictionary/I/I-01.md,entry-21834-initation,false
initial,initial,21835,dictionary/I/I-01.md,entry-21835-initial,false
initial address,initial address,21836,dictionary/I/I-01.md,entry-21836-initial-address,false
initial condition,initial condition,21837,dictionary/I/I-01.md,entry-21837-initial-condition,false
initial error,initial error,21838,dictionary/I/I-01.md,entry-21838-initial-error,false
initial program load,initial program load,21839,dictionary/I/I-01.md,entry-21839-initial-program-load,false
initial state,initial state,21840,dictionary/I/I-01.md,entry-21840-initial-state,false
initial value,initial value,21841,dictionary/I/I-01.md,entry-21841-initial-value,false
initialization,initialization,21842,dictionary/I/I-01.md,entry-21842-initialization,false
initialize,initialize,21843,dictionary/I/I-01.md,entry-21843-initialize,false
initiate,initiate,21844,dictionary/I/I-01.md,entry-21844-initiate,false
initiate key,initiate key,21845,dictionary/I/I-01.md,entry-21845-initiate-key,false
initiation,initiation,21846,dictionary/I/I-01.md,entry-21846-initiation,false
initiative,initiative,21847,dictionary/I/I-01.md,entry-21847-initiative,false
initiatory,initiatory,21848,dictionary/I/I-01.md,entry-21848-initiatory,false
inject,inject,21849,dictionary/I/I-01.md,entry-21849-inject,false
injection,injection,21850,dictionary/I/I-01.md,entry-21850-injection,false
injudicious,injudicious,21851,dictionary/I/I-01.md,entry-21851-injudicious,false
injunction,injunction,21852,dictionary/I/I-01.md,entry-21852-injunction,false
injunctive,injunctive,21853,dictionary/I/I-01.md,entry-21853-injunctive,false
injure,injure,21854,dictionary/I/I-01.md,entry-21854-injure,false
injurious,injurious,21855,dictionary/I/I-01.md,entry-21855-injurious,false
injury,injury,21856,dictionary/I/I-01.md,entry-21856-injury,false
injustice,injustice,21857,dictionary/I/I-01.md,entry-21857-injustice,false
ink,ink,21858,dictionary/I/I-01.md,entry-21858-ink,false
ink bleed,ink bleed,21859,dictionary/I/I-01.md,entry-21859-ink-bleed,false
ink pad,ink pad,21860,dictionary/I/I-01.md,entry-21860-ink-pad,false
ink smudge,ink smudge,21861,dictionary/I/I-01.md,entry-21861-ink-smudge,false
inkberry,inkberry,21862,dictionary/I/I-01.md,entry-21862-inkberry,false
inkblot,inkblot,21863,dictionary/I/I-01.md,entry-21863-inkblot,false
inkhorn,inkhorn,21864,dictionary/I/I-01.md,entry-21864-inkhorn,false
inkivisible,inkivisible,21865,dictionary/I/I-01.md,entry-21865-inkivisible,false
inkle,inkle,21866,dictionary/I/I-01.md,entry-21866-inkle,false
inkling,inkling,21867,dictionary/I/I-01.md,entry-21867-inkling,false
inkstand,inkstand,21868,dictionary/I/I-01.md,entry-21868-inkstand,false
inkwell,inkwell,21869,dictionary/I/I-01.md,entry-21869-inkwell,false
inky,inky,21870,dictionary/I/I-01.md,entry-21870-inky,false
inlaid,inlaid,21871,dictionary/I/I-01.md,entry-21871-inlaid,false
inland,inland,21872,dictionary/I/I-01.md,entry-21872-inland,false
inlay,inlay,21873,dictionary/I/I-01.md,entry-21873-inlay,false
inlet,inlet,21874,dictionary/I/I-01.md,entry-21874-inlet,false
inline,inline,21875,dictionary/I/I-01.md,entry-21875-inline,false
inline procedure,inline procedure,21876,dictionary/I/I-01.md,entry-21876-inline-procedure,false
inline subroutine,inline subroutine,21877,dictionary/I/I-01.md,entry-21877-inline-subroutine,false
inly,inly,21878,dictionary/I/I-01.md,entry-21878-inly,false
inmate,inmate,21879,dictionary/I/I-01.md,entry-21879-inmate,false
inmost,inmost,21880,dictionary/I/I-01.md,entry-21880-inmost,false
inn,inn,21881,dictionary/I/I-01.md,entry-21881-inn,false
innards,innards,21882,dictionary/I/I-01.md,entry-21882-innards,false
innate,innate,21883,dictionary/I/I-01.md,entry-21883-innate,false
inner,inner,21884,dictionary/I/I-01.md,entry-21884-inner,false
inner tube,inner tube,21885,dictionary/I/I-01.md,entry-21885-inner-tube,false
innermost,innermost,21886,dictionary/I/I-01.md,entry-21886-innermost,false
innervate,innervate,21887,dictionary/I/I-01.md,entry-21887-innervate,false
innerve,innerve,21888,dictionary/I/I-01.md,entry-21888-innerve,false
innholder,innholder,21889,dictionary/I/I-01.md,entry-21889-innholder,false
inning,inning,21890,dictionary/I/I-01.md,entry-21890-inning,false
innkeeper,innkeeper,21891,dictionary/I/I-01.md,entry-21891-innkeeper,false
innocence,innocence,21892,dictionary/I/I-01.md,entry-21892-innocence,false
innocent,innocent,21893,dictionary/I/I-01.md,entry-21893-innocent,false
innocuous,innocuous,21894,dictionary/I/I-01.md,entry-21894-innocuous,false
innovate,innovate,21895,dictionary/I/I-01.md,entry-21895-innovate,false
innovation,innovation,21896,dictionary/I/I-01.md,entry-21896-innovation,false
innovator,innovator,21897,dictionary/I/I-01.md,entry-21897-innovator,false
innuendo,innuendo,21898,dictionary/I/I-01.md,entry-21898-innuendo,false
innumerable,innumerable,21899,dictionary/I/I-01.md,entry-21899-innumerable,false
innumerous,innumerous,21900,dictionary/I/I-01.md,entry-21900-innumerous,false
innutrition,innutrition,21901,dictionary/I/I-01.md,entry-21901-innutrition,false
innutritious,innutritious,21902,dictionary/I/I-01.md,entry-21902-innutritious,false
inobservance,inobservance,21903,dictionary/I/I-01.md,entry-21903-inobservance,false
inobservant,inobservant,21904,dictionary/I/I-01.md,entry-21904-inobservant,false
inoculant,inoculant,21905,dictionary/I/I-01.md,entry-21905-inoculant,false
inoculate,inoculate,21906,dictionary/I/I-01.md,entry-21906-inoculate,false
inoculation,inoculation,21907,dictionary/I/I-01.md,entry-21907-inoculation,false
inoculum,inoculum,21908,dictionary/I/I-01.md,entry-21908-inoculum,false
inoffensive,inoffensive,21909,dictionary/I/I-01.md,entry-21909-inoffensive,false
inoperable,inoperable,21910,dictionary/I/I-01.md,entry-21910-inoperable,false
inoperative,inoperative,21911,dictionary/I/I-01.md,entry-21911-inoperative,false
inoperculate,inoperculate,21912,dictionary/I/I-01.md,entry-21912-inoperculate,false
inopportune,inopportune,21913,dictionary/I/I-01.md,entry-21913-inopportune,false
inordinate,inordinate,21914,dictionary/I/I-01.md,entry-21914-inordinate,false
inorganic,inorganic,21915,dictionary/I/I-01.md,entry-21915-inorganic,false
inosculate,inosculate,21916,dictionary/I/I-01.md,entry-21916-inosculate,false
inpatient,inpatient,21917,dictionary/I/I-01.md,entry-21917-inpatient,false
inperative,inperative,21918,dictionary/I/I-01.md,entry-21918-inperative,false
inphase,inphase,21919,dictionary/I/I-01.md,entry-21919-inphase,false
inpour,inpour,21920,dictionary/I/I-01.md,entry-21920-inpour,false
input,input,21921,dictionary/I/I-01.md,entry-21921-input,false
input area,input area,21922,dictionary/I/I-01.md,entry-21922-input-area,false
input buffer,input buffer,21923,dictionary/I/I-01.md,entry-21923-input-buffer,false
input channel,input channel,21924,dictionary/I/I-01.md,entry-21924-input-channel,false
input data,input data,21925,dictionary/I/I-01.md,entry-21925-input-data,false
input device,input device,21926,dictionary/I/I-01.md,entry-21926-input-device,false
input equipment,input equipment,21927,dictionary/I/I-01.md,entry-21927-input-equipment,false
input impedance,input impedance,21928,dictionary/I/I-01.md,entry-21928-input-impedance,false
input loading,input loading,21929,dictionary/I/I-01.md,entry-21929-input-loading,false
input/output,input/output,21930,dictionary/I/I-01.md,entry-21930-input-output,false
input output area,input output area,21931,dictionary/I/I-01.md,entry-21931-input-output-area,false
input output channel,input output channel,21932,dictionary/I/I-01.md,entry-21932-input-output-channel,false
input output medium,input output medium,21933,dictionary/I/I-01.md,entry-21933-input-output-medium,false
input process,input process,21934,dictionary/I/I-01.md,entry-21934-input-process,false
input pulse,input pulse,21935,dictionary/I/I-01.md,entry-21935-input-pulse,false
input reader,input reader,21936,dictionary/I/I-01.md,entry-21936-input-reader,false
input register,input register,21937,dictionary/I/I-01.md,entry-21937-input-register,false
input routine,input routine,21938,dictionary/I/I-01.md,entry-21938-input-routine,false
input state,input state,21939,dictionary/I/I-01.md,entry-21939-input-state,false
input stream,input stream,21940,dictionary/I/I-01.md,entry-21940-input-stream,false
input unit,input unit,21941,dictionary/I/I-01.md,entry-21941-input-unit,false
inquest,inquest,21942,dictionary/I/I-01.md,entry-21942-inquest,false
inquietude,inquietude,21943,dictionary/I/I-01.md,entry-21943-inquietude,false
inquire,inquire,21944,dictionary/I/I-01.md,entry-21944-inquire,false
inquiry,inquiry,21945,dictionary/I/I-01.md,entry-21945-inquiry,false
inquiry language,inquiry language,21946,dictionary/I/I-01.md,entry-21946-inquiry-language,false
inquiry station,inquiry station,21947,dictionary/I/I-01.md,entry-21947-inquiry-station,false
inquiry unit,inquiry unit,21948,dictionary/I/I-01.md,entry-21948-inquiry-unit,false
inquisition,inquisition,21949,dictionary/I/I-01.md,entry-21949-inquisition,false
inquisitive,inquisitive,21950,dictionary/I/I-01.md,entry-21950-inquisitive,false
inquisitor,inquisitor,21951,dictionary/I/I-01.md,entry-21951-inquisitor,false
inroad,inroad,21952,dictionary/I/I-01.md,entry-21952-inroad,false
inrush,inrush,21953,dictionary/I/I-01.md,entry-21953-inrush,false
insalivate,insalivate,21954,dictionary/I/I-01.md,entry-21954-insalivate,false
insalubrious,insalubrious,21955,dictionary/I/I-01.md,entry-21955-insalubrious,false
insalubrity,insalubrity,21956,dictionary/I/I-01.md,entry-21956-insalubrity,false
insane,insane,21957,dictionary/I/I-01.md,entry-21957-insane,false
insanitary,insanitary,21958,dictionary/I/I-01.md,entry-21958-insanitary,false
insanity,insanity,21959,dictionary/I/I-01.md,entry-21959-insanity,false
insatiability,insatiability,21960,dictionary/I/I-01.md,entry-21960-insatiability,false
insatiable,insatiable,21961,dictionary/I/I-01.md,entry-21961-insatiable,false
insatiate,insatiate,21962,dictionary/I/I-01.md,entry-21962-insatiate,false
inscribe,inscribe,21963,dictionary/I/I-01.md,entry-21963-inscribe,false
inscribed,inscribed,21964,dictionary/I/I-01.md,entry-21964-inscribed,false
inscription,inscription,21965,dictionary/I/I-01.md,entry-21965-inscription,false
inscroll,inscroll,21966,dictionary/I/I-01.md,entry-21966-inscroll,false
inscrutability,inscrutability,21967,dictionary/I/I-01.md,entry-21967-inscrutability,false
inscrutable,inscrutable,21968,dictionary/I/I-01.md,entry-21968-inscrutable,false
insculp,insculp,21969,dictionary/I/I-01.md,entry-21969-insculp,false
inseam,inseam,21970,dictionary/I/I-01.md,entry-21970-inseam,false
insect,insect,21971,dictionary/I/I-01.md,entry-21971-insect,false
insectarium,insectarium,21972,dictionary/I/I-01.md,entry-21972-insectarium,false
insectary,insectary,21973,dictionary/I/I-01.md,entry-21973-insectary,false
insecticidal,insecticidal,21974,dictionary/I/I-01.md,entry-21974-insecticidal,false
insecticide,insecticide,21975,dictionary/I/I-01.md,entry-21975-insecticide,false
insectifuge,insectifuge,21976,dictionary/I/I-01.md,entry-21976-insectifuge,false
insectile,insectile,21977,dictionary/I/I-01.md,entry-21977-insectile,false
insectivore,insectivore,21978,dictionary/I/I-01.md,entry-21978-insectivore,false
insectivorous,insectivorous,21979,dictionary/I/I-01.md,entry-21979-insectivorous,false
insecure,insecure,21980,dictionary/I/I-01.md,entry-21980-insecure,false
insecurity,insecurity,21981,dictionary/I/I-01.md,entry-21981-insecurity,false
inseminate,inseminate,21982,dictionary/I/I-01.md,entry-21982-inseminate,false
insemination,insemination,21983,dictionary/I/I-01.md,entry-21983-insemination,false
inseminator,inseminator,21984,dictionary/I/I-01.md,entry-21984-inseminator,false
insensate,insensate,21985,dictionary/I/I-01.md,entry-21985-insensate,false
insensibility,insensibility,21986,dictionary/I/I-01.md,entry-21986-insensibility,false
insensible,insensible,21987,dictionary/I/I-01.md,entry-21987-insensible,false
insensitive,insensitive,21988,dictionary/I/I-01.md,entry-21988-insensitive,false
insentience,insentience,21989,dictionary/I/I-01.md,entry-21989-insentience,false
insentient,insentient,21990,dictionary/I/I-01.md,entry-21990-insentient,false
inseparability,inseparability,21991,dictionary/I/I-01.md,entry-21991-inseparability,false
inseparable,inseparable,21992,dictionary/I/I-01.md,entry-21992-inseparable,false
insert,insert,21993,dictionary/I/I-01.md,entry-21993-insert,false
insertion,insertion,21994,dictionary/I/I-01.md,entry-21994-insertion,false
insertion gain,insertion gain,21995,dictionary/I/I-01.md,entry-21995-insertion-gain,false
insertion loss,insertion loss,21996,dictionary/I/I-01.md,entry-21996-insertion-loss,false
insertion sort,insertion sort,21997,dictionary/I/I-01.md,entry-21997-insertion-sort,false
insertion switch,insertion switch,21998,dictionary/I/I-01.md,entry-21998-insertion-switch,false
insessorial,insessorial,21999,dictionary/I/I-01.md,entry-21999-insessorial,false
inset,inset,22000,dictionary/I/I-01.md,entry-22000-inset,false
inshore,inshore,22001,dictionary/I/I-01.md,entry-22001-inshore,false
inside,inside,22002,dictionary/I/I-01.md,entry-22002-inside,false
inside of,inside of,22003,dictionary/I/I-01.md,entry-22003-inside-of,false
insider,insider,22004,dictionary/I/I-01.md,entry-22004-insider,false
insidious,insidious,22005,dictionary/I/I-01.md,entry-22005-insidious,false
insight,insight,22006,dictionary/I/I-01.md,entry-22006-insight,false
insigne,insigne,22007,dictionary/I/I-01.md,entry-22007-insigne,false
insignia,insignia,22008,dictionary/I/I-01.md,entry-22008-insignia,false
insignificance,insignificance,22009,dictionary/I/I-01.md,entry-22009-insignificance,false
insignificancy,insignificancy,22010,dictionary/I/I-01.md,entry-22010-insignificancy,false
insignificant,insignificant,22011,dictionary/I/I-01.md,entry-22011-insignificant,false
insincere,insincere,22012,dictionary/I/I-01.md,entry-22012-insincere,false
insincerity,insincerity,22013,dictionary/I/I-01.md,entry-22013-insincerity,false
insinuate,insinuate,22014,dictionary/I/I-01.md,entry-22014-insinuate,false
insinuating,insinuating,22015,dictionary/I/I-01.md,entry-22015-insinuating,false
insinuation,insinuation,22016,dictionary/I/I-01.md,entry-22016-insinuation,false
insipid,insipid,22017,dictionary/I/I-01.md,entry-22017-insipid,false
insipidity,insipidity,22018,dictionary/I/I-01.md,entry-22018-insipidity,false
insipience,insipience,22019,dictionary/I/I-01.md,entry-22019-insipience,false
insipient,insipient,22020,dictionary/I/I-01.md,entry-22020-insipient,false
insist,insist,22021,dictionary/I/I-01.md,entry-22021-insist,false
insistence,insistence,22022,dictionary/I/I-01.md,entry-22022-insistence,false
insistency,insistency,22023,dictionary/I/I-01.md,entry-22023-insistency,false
insistent,insistent,22024,dictionary/I/I-01.md,entry-22024-insistent,false
insitu,insitu,22025,dictionary/I/I-01.md,entry-22025-insitu,false
insociability,insociability,22026,dictionary/I/I-01.md,entry-22026-insociability,false
insociable,insociable,22027,dictionary/I/I-01.md,entry-22027-insociable,false
insofar as,insofar as,22028,dictionary/I/I-01.md,entry-22028-insofar-as,false
insolate,insolate,22029,dictionary/I/I-01.md,entry-22029-insolate,false
insole,insole,22030,dictionary/I/I-01.md,entry-22030-insole,false
insolence,insolence,22031,dictionary/I/I-01.md,entry-22031-insolence,false
insolent,insolent,22032,dictionary/I/I-01.md,entry-22032-insolent,false
insolubility,insolubility,22033,dictionary/I/I-01.md,entry-22033-insolubility,false
insoluble,insoluble,22034,dictionary/I/I-01.md,entry-22034-insoluble,false
insolvable,insolvable,22035,dictionary/I/I-01.md,entry-22035-insolvable,false
insolvence,insolvence,22036,dictionary/I/I-01.md,entry-22036-insolvence,false
insolvency,insolvency,22037,dictionary/I/I-01.md,entry-22037-insolvency,false
insolvent,insolvent,22038,dictionary/I/I-01.md,entry-22038-insolvent,false
insomnia,insomnia,22039,dictionary/I/I-01.md,entry-22039-insomnia,false
insomniac,insomniac,22040,dictionary/I/I-01.md,entry-22040-insomniac,false
insomuch,insomuch,22041,dictionary/I/I-01.md,entry-22041-insomuch,false
insouciance,insouciance,22042,dictionary/I/I-01.md,entry-22042-insouciance,false
insouciant,insouciant,22043,dictionary/I/I-01.md,entry-22043-insouciant,false
insoul,insoul,22044,dictionary/I/I-01.md,entry-22044-insoul,false
inspan,inspan,22045,dictionary/I/I-01.md,entry-22045-inspan,false
inspect,inspect,22046,dictionary/I/I-01.md,entry-22046-inspect,false
inspection,inspection,22047,dictionary/I/I-01.md,entry-22047-inspection,false
inspective,inspective,22048,dictionary/I/I-01.md,entry-22048-inspective,false
inspector,inspector,22049,dictionary/I/I-01.md,entry-22049-inspector,false
inspector general,inspector general,22050,dictionary/I/I-01.md,entry-22050-inspector-general,false
insphere,insphere,22051,dictionary/I/I-01.md,entry-22051-insphere,false
inspiration,inspiration,22052,dictionary/I/I-01.md,entry-22052-inspiration,false
inspirator,inspirator,22053,dictionary/I/I-01.md,entry-22053-inspirator,false
inspire,inspire,22054,dictionary/I/I-01.md,entry-22054-inspire,false
inspirit,inspirit,22055,dictionary/I/I-01.md,entry-22055-inspirit,false
inspissate,inspissate,22056,dictionary/I/I-01.md,entry-22056-inspissate,false
instability,instability,22057,dictionary/I/I-01.md,entry-22057-instability,false
instable,instable,22058,dictionary/I/I-01.md,entry-22058-instable,false
instal,instal,22059,dictionary/I/I-01.md,entry-22059-instal,false
install,install,22060,dictionary/I/I-01.md,entry-22060-install,false
installation,installation,22061,dictionary/I/I-01.md,entry-22061-installation,false
installation date,installation date,22062,dictionary/I/I-01.md,entry-22062-installation-date,false
installation time,installation time,22063,dictionary/I/I-01.md,entry-22063-installation-time,false
installment,installment,22064,dictionary/I/I-01.md,entry-22064-installment,false
installment plan,installment plan,22065,dictionary/I/I-01.md,entry-22065-installment-plan,false
instalment,instalment,22066,dictionary/I/I-01.md,entry-22066-instalment,false
instance,instance,22067,dictionary/I/I-01.md,entry-22067-instance,false
instant,instant,22068,dictionary/I/I-01.md,entry-22068-instant,false
instantaneous,instantaneous,22069,dictionary/I/I-01.md,entry-22069-instantaneous,false
instantaneous access,instantaneous access,22070,dictionary/I/I-01.md,entry-22070-instantaneous-access,false
instanter,instanter,22071,dictionary/I/I-01.md,entry-22071-instanter,false
instantiate,instantiate,22072,dictionary/I/I-01.md,entry-22072-instantiate,false
instar,instar,22073,dictionary/I/I-01.md,entry-22073-instar,false
instate,instate,22074,dictionary/I/I-01.md,entry-22074-instate,false
instauration,instauration,22075,dictionary/I/I-01.md,entry-22075-instauration,false
instead,instead,22076,dictionary/I/I-01.md,entry-22076-instead,false
instead of,instead of,22077,dictionary/I/I-01.md,entry-22077-instead-of,false
instep,instep,22078,dictionary/I/I-01.md,entry-22078-instep,false
instigate,instigate,22079,dictionary/I/I-01.md,entry-22079-instigate,false
instigation,instigation,22080,dictionary/I/I-01.md,entry-22080-instigation,false
instil,instil,22081,dictionary/I/I-01.md,entry-22081-instil,false
instill,instill,22082,dictionary/I/I-01.md,entry-22082-instill,false
instinct,instinct,22083,dictionary/I/I-01.md,entry-22083-instinct,false
institute,institute,22084,dictionary/I/I-01.md,entry-22084-institute,false
institution,institution,22085,dictionary/I/I-01.md,entry-22085-institution,false
institutionalism,institutionalism,22086,dictionary/I/I-01.md,entry-22086-institutionalism,false
institutionalize,institutionalize,22087,dictionary/I/I-01.md,entry-22087-institutionalize,false
instruct,instruct,22088,dictionary/I/I-01.md,entry-22088-instruct,false
instruction,instruction,22089,dictionary/I/I-01.md,entry-22089-instruction,false
instruction  address,instruction address,22090,dictionary/I/I-01.md,entry-22090-instruction-address,false
instruction code,instruction code,22091,dictionary/I/I-01.md,entry-22091-instruction-code,false
instruction counter,instruction counter,22092,dictionary/I/I-01.md,entry-22092-instruction-counter,false
instruction cycle,instruction cycle,22093,dictionary/I/I-01.md,entry-22093-instruction-cycle,false
instruction format,instruction format,22094,dictionary/I/I-01.md,entry-22094-instruction-format,false
instruction modifier,instruction modifier,22095,dictionary/I/I-01.md,entry-22095-instruction-modifier,false
instruction register,instruction register,22096,dictionary/I/I-01.md,entry-22096-instruction-register,false
instruction repertoire,instruction repertoire,22097,dictionary/I/I-01.md,entry-22097-instruction-repertoire,false
instruction repertory,instruction repertory,22098,dictionary/I/I-01.md,entry-22098-instruction-repertory,false
instruction set,instruction set,22099,dictionary/I/I-01.md,entry-22099-instruction-set,false
instructive,instructive,22100,dictionary/I/I-01.md,entry-22100-instructive,false
instructor,instructor,22101,dictionary/I/I-01.md,entry-22101-instructor,false
instructress,instructress,22102,dictionary/I/I-01.md,entry-22102-instructress,false
instrument,instrument,22103,dictionary/I/I-01.md,entry-22103-instrument,false
instrumental,instrumental,22104,dictionary/I/I-01.md,entry-22104-instrumental,false
instrumentalist,instrumentalist,22105,dictionary/I/I-01.md,entry-22105-instrumentalist,false
instrumentation,instrumentation,22106,dictionary/I/I-01.md,entry-22106-instrumentation,false
insubordinate,insubordinate,22107,dictionary/I/I-01.md,entry-22107-insubordinate,false
insubordination,insubordination,22108,dictionary/I/I-01.md,entry-22108-insubordination,false
insubstantial,insubstantial,22109,dictionary/I/I-01.md,entry-22109-insubstantial,false
insufferable,insufferable,22110,dictionary/I/I-01.md,entry-22110-insufferable,false
insufficience,insufficience,22111,dictionary/I/I-01.md,entry-22111-insufficience,false
insufficiency,insufficiency,22112,dictionary/I/I-01.md,entry-22112-insufficiency,false
insufficient,insufficient,22113,dictionary/I/I-01.md,entry-22113-insufficient,false
insufflate,insufflate,22114,dictionary/I/I-01.md,entry-22114-insufflate,false
insulant,insulant,22115,dictionary/I/I-01.md,entry-22115-insulant,false
insular,insular,22116,dictionary/I/I-01.md,entry-22116-insular,false
insularity,insularity,22117,dictionary/I/I-01.md,entry-22117-insularity,false
insulate,insulate,22118,dictionary/I/I-01.md,entry-22118-insulate,false
insulation,insulation,22119,dictionary/I/I-01.md,entry-22119-insulation,false
insulator,insulator,22120,dictionary/I/I-01.md,entry-22120-insulator,false
insulin,insulin,22121,dictionary/I/I-01.md,entry-22121-insulin,false
insult,insult,22122,dictionary/I/I-01.md,entry-22122-insult,false
insultation,insultation,22123,dictionary/I/I-01.md,entry-22123-insultation,false
insuperable,insuperable,22124,dictionary/I/I-01.md,entry-22124-insuperable,false
insupportable,insupportable,22125,dictionary/I/I-01.md,entry-22125-insupportable,false
insuppressible,insuppressible,22126,dictionary/I/I-01.md,entry-22126-insuppressible,false
insurable,insurable,22127,dictionary/I/I-01.md,entry-22127-insurable,false
insurance,insurance,22128,dictionary/I/I-01.md,entry-22128-insurance,false
insure,insure,22129,dictionary/I/I-01.md,entry-22129-insure,false
insured,insured,22130,dictionary/I/I-01.md,entry-22130-insured,false
insurer,insurer,22131,dictionary/I/I-01.md,entry-22131-insurer,false
insurgence,insurgence,22132,dictionary/I/I-01.md,entry-22132-insurgence,false
insurgency,insurgency,22133,dictionary/I/I-01.md,entry-22133-insurgency,false
insurgent,insurgent,22134,dictionary/I/I-01.md,entry-22134-insurgent,false
insurmountable,insurmountable,22135,dictionary/I/I-01.md,entry-22135-insurmountable,false
insurrection,insurrection,22136,dictionary/I/I-01.md,entry-22136-insurrection,false
insusceptible,insusceptible,22137,dictionary/I/I-01.md,entry-22137-insusceptible,false
intact,intact,22138,dictionary/I/I-01.md,entry-22138-intact,false
intaglio,intaglio,22139,dictionary/I/I-01.md,entry-22139-intaglio,false
intake,intake,22140,dictionary/I/I-01.md,entry-22140-intake,false
intangibility,intangibility,22141,dictionary/I/I-01.md,entry-22141-intangibility,false
intangible,intangible,22142,dictionary/I/I-01.md,entry-22142-intangible,false
intarsia,intarsia,22143,dictionary/I/I-01.md,entry-22143-intarsia,false
integer,integer,22144,dictionary/I/I-01.md,entry-22144-integer,false
integrable,integrable,22145,dictionary/I/I-01.md,entry-22145-integrable,false
integral,integral,22146,dictionary/I/I-01.md,entry-22146-integral,false
integral multiple,integral multiple,22147,dictionary/I/I-01.md,entry-22147-integral-multiple,false
integral part,integral part,22148,dictionary/I/I-01.md,entry-22148-integral-part,false
integral value,integral value,22149,dictionary/I/I-01.md,entry-22149-integral-value,false
integrand,integrand,22150,dictionary/I/I-01.md,entry-22150-integrand,false
integrate,integrate,22151,dictionary/I/I-01.md,entry-22151-integrate,false
integrated,integrated,22152,dictionary/I/I-01.md,entry-22152-integrated,false
integrated amplifier,integrated amplifier,22153,dictionary/I/I-01.md,entry-22153-integrated-amplifier,false
integrated circuit,integrated circuit,22154,dictionary/I/I-01.md,entry-22154-integrated-circuit,false
integrating,integrating,22155,dictionary/I/I-01.md,entry-22155-integrating,false
integrating circuit,integrating circuit,22156,dictionary/I/I-01.md,entry-22156-integrating-circuit,false
integration,integration,22157,dictionary/I/I-01.md,entry-22157-integration,false
integrator,integrator,22158,dictionary/I/I-01.md,entry-22158-integrator,false
integrity,integrity,22159,dictionary/I/I-01.md,entry-22159-integrity,false
integument,integument,22160,dictionary/I/I-01.md,entry-22160-integument,false
intellect,intellect,22161,dictionary/I/I-01.md,entry-22161-intellect,false
intellection,intellection,22162,dictionary/I/I-01.md,entry-22162-intellection,false
intellectronics,intellectronics,22163,dictionary/I/I-01.md,entry-22163-intellectronics,false
intellectual,intellectual,22164,dictionary/I/I-01.md,entry-22164-intellectual,false
intellectualize,intellectualize,22165,dictionary/I/I-01.md,entry-22165-intellectualize,false
intelligence,intelligence,22166,dictionary/I/I-01.md,entry-22166-intelligence,false
intelligence quotient,intelligence quotient,22167,dictionary/I/I-01.md,entry-22167-intelligence-quotient,false
intelligence test,intelligence test,22168,dictionary/I/I-01.md,entry-22168-intelligence-test,false
intelligencer,intelligencer,22169,dictionary/I/I-01.md,entry-22169-intelligencer,false
intelligent,intelligent,22170,dictionary/I/I-01.md,entry-22170-intelligent,false
intelligentsia,intelligentsia,22171,dictionary/I/I-01.md,entry-22171-intelligentsia,false
intelligibility,intelligibility,22172,dictionary/I/I-01.md,entry-22172-intelligibility,false
intelligible,intelligible,22173,dictionary/I/I-01.md,entry-22173-intelligible,false
intellingent,intellingent,22174,dictionary/I/I-01.md,entry-22174-intellingent,false
intellingent terminal,intellingent terminal,22175,dictionary/I/I-01.md,entry-22175-intellingent-terminal,false
intemperance,intemperance,22176,dictionary/I/I-01.md,entry-22176-intemperance,false
intemperate,intemperate,22177,dictionary/I/I-01.md,entry-22177-intemperate,false
intend,intend,22178,dictionary/I/I-01.md,entry-22178-intend,false
intendant,intendant,22179,dictionary/I/I-01.md,entry-22179-intendant,false
intenerate,intenerate,22180,dictionary/I/I-01.md,entry-22180-intenerate,false
inteneration,inteneration,22181,dictionary/I/I-01.md,entry-22181-inteneration,false
intense,intense,22182,dictionary/I/I-01.md,entry-22182-intense,false
intensification,intensification,22183,dictionary/I/I-01.md,entry-22183-intensification,false
intensify,intensify,22184,dictionary/I/I-01.md,entry-22184-intensify,false
intension,intension,22185,dictionary/I/I-01.md,entry-22185-intension,false
intensity,intensity,22186,dictionary/I/I-01.md,entry-22186-intensity,false
intensive,intensive,22187,dictionary/I/I-01.md,entry-22187-intensive,false
intent,intent,22188,dictionary/I/I-01.md,entry-22188-intent,false
intention,intention,22189,dictionary/I/I-01.md,entry-22189-intention,false
intentional,intentional,22190,dictionary/I/I-01.md,entry-22190-intentional,false
inter,inter,22191,dictionary/I/I-01.md,entry-22191-inter,false
inter alia,inter alia,22192,dictionary/I/I-01.md,entry-22192-inter-alia,false
inter record gap,inter record gap,22193,dictionary/I/I-01.md,entry-22193-inter-record-gap,false
inter se,inter se,22194,dictionary/I/I-01.md,entry-22194-inter-se,false
interact,interact,22195,dictionary/I/I-01.md,entry-22195-interact,false
interaction,interaction,22196,dictionary/I/I-01.md,entry-22196-interaction,false
interaction point,interaction point,22197,dictionary/I/I-01.md,entry-22197-interaction-point,false
interactive,interactive,22198,dictionary/I/I-01.md,entry-22198-interactive,false
interactive mode,interactive mode,22199,dictionary/I/I-01.md,entry-22199-interactive-mode,false
interactive query,interactive query,22200,dictionary/I/I-01.md,entry-22200-interactive-query,false
interblock gap,interblock gap,22201,dictionary/I/I-01.md,entry-22201-interblock-gap,false
interbreed,interbreed,22202,dictionary/I/I-01.md,entry-22202-interbreed,false
intercalary,intercalary,22203,dictionary/I/I-01.md,entry-22203-intercalary,false
intercalate,intercalate,22204,dictionary/I/I-01.md,entry-22204-intercalate,false
intercede,intercede,22205,dictionary/I/I-01.md,entry-22205-intercede,false
intercellular,intercellular,22206,dictionary/I/I-01.md,entry-22206-intercellular,false
intercept,intercept,22207,dictionary/I/I-02.md,entry-22207-intercept,false
intercepter,intercepter,22208,dictionary/I/I-02.md,entry-22208-intercepter,false
interception,interception,22209,dictionary/I/I-02.md,entry-22209-interception,false
intercession,intercession,22210,dictionary/I/I-02.md,entry-22210-intercession,false
intercessor,intercessor,22211,dictionary/I/I-02.md,entry-22211-intercessor,false
interchance,interchance,22212,dictionary/I/I-02.md,entry-22212-interchance,false
interchange,interchange,22213,dictionary/I/I-02.md,entry-22213-interchange,false
interchange point,interchange point,22214,dictionary/I/I-02.md,entry-22214-interchange-point,false
interchangeable,interchangeable,22215,dictionary/I/I-02.md,entry-22215-interchangeable,false
intercollegiate,intercollegiate,22216,dictionary/I/I-02.md,entry-22216-intercollegiate,false
intercolumniation,intercolumniation,22217,dictionary/I/I-02.md,entry-22217-intercolumniation,false
intercom,intercom,22218,dictionary/I/I-02.md,entry-22218-intercom,false
intercommunicate,intercommunicate,22219,dictionary/I/I-02.md,entry-22219-intercommunicate,false
intercommunication,intercommunication,22220,dictionary/I/I-02.md,entry-22220-intercommunication,false
intercommunication system,intercommunication system,22221,dictionary/I/I-02.md,entry-22221-intercommunication-system,false
intercommunion,intercommunion,22222,dictionary/I/I-02.md,entry-22222-intercommunion,false
interconnect,interconnect,22223,dictionary/I/I-02.md,entry-22223-interconnect,false
interconnection,interconnection,22224,dictionary/I/I-02.md,entry-22224-interconnection,false
intercontinental,intercontinental,22225,dictionary/I/I-02.md,entry-22225-intercontinental,false
intercostal,intercostal,22226,dictionary/I/I-02.md,entry-22226-intercostal,false
intercourse,intercourse,22227,dictionary/I/I-02.md,entry-22227-intercourse,false
intercross,intercross,22228,dictionary/I/I-02.md,entry-22228-intercross,false
intercultural,intercultural,22229,dictionary/I/I-02.md,entry-22229-intercultural,false
intercurrent,intercurrent,22230,dictionary/I/I-02.md,entry-22230-intercurrent,false
intercycle,intercycle,22231,dictionary/I/I-02.md,entry-22231-intercycle,false
interdenominational,interdenominational,22232,dictionary/I/I-02.md,entry-22232-interdenominational,false
interdental,interdental,22233,dictionary/I/I-02.md,entry-22233-interdental,false
interdepartmental,interdepartmental,22234,dictionary/I/I-02.md,entry-22234-interdepartmental,false
interdepend,interdepend,22235,dictionary/I/I-02.md,entry-22235-interdepend,false
interdependence,interdependence,22236,dictionary/I/I-02.md,entry-22236-interdependence,false
interdependency,interdependency,22237,dictionary/I/I-02.md,entry-22237-interdependency,false
interdependent,interdependent,22238,dictionary/I/I-02.md,entry-22238-interdependent,false
interdict,interdict,22239,dictionary/I/I-02.md,entry-22239-interdict,false
interdiction,interdiction,22240,dictionary/I/I-02.md,entry-22240-interdiction,false
interdigitate,interdigitate,22241,dictionary/I/I-02.md,entry-22241-interdigitate,false
interdisciplinary,interdisciplinary,22242,dictionary/I/I-02.md,entry-22242-interdisciplinary,false
interest,interest,22243,dictionary/I/I-02.md,entry-22243-interest,false
interest profile,interest profile,22244,dictionary/I/I-02.md,entry-22244-interest-profile,false
interface,interface,22245,dictionary/I/I-02.md,entry-22245-interface,false
interface channel,interface channel,22246,dictionary/I/I-02.md,entry-22246-interface-channel,false
interface routine,interface routine,22247,dictionary/I/I-02.md,entry-22247-interface-routine,false
interfaith,interfaith,22248,dictionary/I/I-02.md,entry-22248-interfaith,false
interfere,interfere,22249,dictionary/I/I-02.md,entry-22249-interfere,false
interference,interference,22250,dictionary/I/I-02.md,entry-22250-interference,false
interferential,interferential,22251,dictionary/I/I-02.md,entry-22251-interferential,false
interfertile,interfertile,22252,dictionary/I/I-02.md,entry-22252-interfertile,false
interfile search,interfile search,22253,dictionary/I/I-02.md,entry-22253-interfile-search,false
interfruitful,interfruitful,22254,dictionary/I/I-02.md,entry-22254-interfruitful,false
interfuse,interfuse,22255,dictionary/I/I-02.md,entry-22255-interfuse,false
interfusion,interfusion,22256,dictionary/I/I-02.md,entry-22256-interfusion,false
intergalactic,intergalactic,22257,dictionary/I/I-02.md,entry-22257-intergalactic,false
intergeneric,intergeneric,22258,dictionary/I/I-02.md,entry-22258-intergeneric,false
interglacial,interglacial,22259,dictionary/I/I-02.md,entry-22259-interglacial,false
intergradation,intergradation,22260,dictionary/I/I-02.md,entry-22260-intergradation,false
intergrade,intergrade,22261,dictionary/I/I-02.md,entry-22261-intergrade,false
intergraft,intergraft,22262,dictionary/I/I-02.md,entry-22262-intergraft,false
intergrowth,intergrowth,22263,dictionary/I/I-02.md,entry-22263-intergrowth,false
interim,interim,22264,dictionary/I/I-02.md,entry-22264-interim,false
interior,interior,22265,dictionary/I/I-02.md,entry-22265-interior,false
interior label,interior label,22266,dictionary/I/I-02.md,entry-22266-interior-label,false
interject,interject,22267,dictionary/I/I-02.md,entry-22267-interject,false
interjection,interjection,22268,dictionary/I/I-02.md,entry-22268-interjection,false
interjectional,interjectional,22269,dictionary/I/I-02.md,entry-22269-interjectional,false
interlace,interlace,22270,dictionary/I/I-02.md,entry-22270-interlace,false
interlaced,interlaced,22271,dictionary/I/I-02.md,entry-22271-interlaced,false
interlaminate,interlaminate,22272,dictionary/I/I-02.md,entry-22272-interlaminate,false
interlard,interlard,22273,dictionary/I/I-02.md,entry-22273-interlard,false
interlayer,interlayer,22274,dictionary/I/I-02.md,entry-22274-interlayer,false
interleave,interleave,22275,dictionary/I/I-02.md,entry-22275-interleave,false
interleaved,interleaved,22276,dictionary/I/I-02.md,entry-22276-interleaved,false
interleaved memory,interleaved memory,22277,dictionary/I/I-02.md,entry-22277-interleaved-memory,false
interleaving,interleaving,22278,dictionary/I/I-02.md,entry-22278-interleaving,false
interline,interline,22279,dictionary/I/I-02.md,entry-22279-interline,false
interlinear,interlinear,22280,dictionary/I/I-02.md,entry-22280-interlinear,false
interlineation,interlineation,22281,dictionary/I/I-02.md,entry-22281-interlineation,false
interlink,interlink,22282,dictionary/I/I-02.md,entry-22282-interlink,false
interlock,interlock,22283,dictionary/I/I-02.md,entry-22283-interlock,false
interlock circuit,interlock circuit,22284,dictionary/I/I-02.md,entry-22284-interlock-circuit,false
interlocution,interlocution,22285,dictionary/I/I-02.md,entry-22285-interlocution,false
interlocutor,interlocutor,22286,dictionary/I/I-02.md,entry-22286-interlocutor,false
interlope,interlope,22287,dictionary/I/I-02.md,entry-22287-interlope,false
interlude,interlude,22288,dictionary/I/I-02.md,entry-22288-interlude,false
interlunar,interlunar,22289,dictionary/I/I-02.md,entry-22289-interlunar,false
interlunary,interlunary,22290,dictionary/I/I-02.md,entry-22290-interlunary,false
intermaediate host,intermaediate host,22291,dictionary/I/I-02.md,entry-22291-intermaediate-host,false
intermarriage,intermarriage,22292,dictionary/I/I-02.md,entry-22292-intermarriage,false
intermarry,intermarry,22293,dictionary/I/I-02.md,entry-22293-intermarry,false
intermeddle,intermeddle,22294,dictionary/I/I-02.md,entry-22294-intermeddle,false
intermediacy,intermediacy,22295,dictionary/I/I-02.md,entry-22295-intermediacy,false
intermediary,intermediary,22296,dictionary/I/I-02.md,entry-22296-intermediary,false
intermediate,intermediate,22297,dictionary/I/I-02.md,entry-22297-intermediate,false
intermediate control,intermediate control,22298,dictionary/I/I-02.md,entry-22298-intermediate-control,false
intermediate language,intermediate language,22299,dictionary/I/I-02.md,entry-22299-intermediate-language,false
intermediation,intermediation,22300,dictionary/I/I-02.md,entry-22300-intermediation,false
interment,interment,22301,dictionary/I/I-02.md,entry-22301-interment,false
intermezzo,intermezzo,22302,dictionary/I/I-02.md,entry-22302-intermezzo,false
interminable,interminable,22303,dictionary/I/I-02.md,entry-22303-interminable,false
intermingle,intermingle,22304,dictionary/I/I-02.md,entry-22304-intermingle,false
intermission,intermission,22305,dictionary/I/I-02.md,entry-22305-intermission,false
intermit,intermit,22306,dictionary/I/I-02.md,entry-22306-intermit,false
intermittence,intermittence,22307,dictionary/I/I-02.md,entry-22307-intermittence,false
intermittent,intermittent,22308,dictionary/I/I-02.md,entry-22308-intermittent,false
intermittent current,intermittent current,22309,dictionary/I/I-02.md,entry-22309-intermittent-current,false
intermittent fault,intermittent fault,22310,dictionary/I/I-02.md,entry-22310-intermittent-fault,false
intermitter,intermitter,22311,dictionary/I/I-02.md,entry-22311-intermitter,false
intermix,intermix,22312,dictionary/I/I-02.md,entry-22312-intermix,false
intermixture,intermixture,22313,dictionary/I/I-02.md,entry-22313-intermixture,false
intermolecular,intermolecular,22314,dictionary/I/I-02.md,entry-22314-intermolecular,false
intermoleculary,intermoleculary,22315,dictionary/I/I-02.md,entry-22315-intermoleculary,false
intern,intern,22316,dictionary/I/I-02.md,entry-22316-intern,false
internal,internal,22317,dictionary/I/I-02.md,entry-22317-internal,false
internal arithmetic,internal arithmetic,22318,dictionary/I/I-02.md,entry-22318-internal-arithmetic,false
internal documentation,internal documentation,22319,dictionary/I/I-02.md,entry-22319-internal-documentation,false
internal form,internal form,22320,dictionary/I/I-02.md,entry-22320-internal-form,false
internal medicine,internal medicine,22321,dictionary/I/I-02.md,entry-22321-internal-medicine,false
internal rhyme,internal rhyme,22322,dictionary/I/I-02.md,entry-22322-internal-rhyme,false
internal secretion,internal secretion,22323,dictionary/I/I-02.md,entry-22323-internal-secretion,false
internal sort,internal sort,22324,dictionary/I/I-02.md,entry-22324-internal-sort,false
internal storage,internal storage,22325,dictionary/I/I-02.md,entry-22325-internal-storage,false
internalization,internalization,22326,dictionary/I/I-02.md,entry-22326-internalization,false
internalize,internalize,22327,dictionary/I/I-02.md,entry-22327-internalize,false
international,international,22328,dictionary/I/I-02.md,entry-22328-international,false
international law,international law,22329,dictionary/I/I-02.md,entry-22329-international-law,false
internationalism,internationalism,22330,dictionary/I/I-02.md,entry-22330-internationalism,false
internationality,internationality,22331,dictionary/I/I-02.md,entry-22331-internationality,false
internationalization,internationalization,22332,dictionary/I/I-02.md,entry-22332-internationalization,false
internationalize,internationalize,22333,dictionary/I/I-02.md,entry-22333-internationalize,false
internecine,internecine,22334,dictionary/I/I-02.md,entry-22334-internecine,false
interneural,interneural,22335,dictionary/I/I-02.md,entry-22335-interneural,false
interneuron,interneuron,22336,dictionary/I/I-02.md,entry-22336-interneuron,false
internist,internist,22337,dictionary/I/I-02.md,entry-22337-internist,false
internment,internment,22338,dictionary/I/I-02.md,entry-22338-internment,false
internode,internode,22339,dictionary/I/I-02.md,entry-22339-internode,false
internship,internship,22340,dictionary/I/I-02.md,entry-22340-internship,false
internuptial,internuptial,22341,dictionary/I/I-02.md,entry-22341-internuptial,false
interoceptive,interoceptive,22342,dictionary/I/I-02.md,entry-22342-interoceptive,false
interoffice,interoffice,22343,dictionary/I/I-02.md,entry-22343-interoffice,false
interoffice trunk,interoffice trunk,22344,dictionary/I/I-02.md,entry-22344-interoffice-trunk,false
interpellate,interpellate,22345,dictionary/I/I-02.md,entry-22345-interpellate,false
interpellation,interpellation,22346,dictionary/I/I-02.md,entry-22346-interpellation,false
interpenetrate,interpenetrate,22347,dictionary/I/I-02.md,entry-22347-interpenetrate,false
interpenetration,interpenetration,22348,dictionary/I/I-02.md,entry-22348-interpenetration,false
interplanetary,interplanetary,22349,dictionary/I/I-02.md,entry-22349-interplanetary,false
interplant,interplant,22350,dictionary/I/I-02.md,entry-22350-interplant,false
interplay,interplay,22351,dictionary/I/I-02.md,entry-22351-interplay,false
interpolate,interpolate,22352,dictionary/I/I-02.md,entry-22352-interpolate,false
interpolation,interpolation,22353,dictionary/I/I-02.md,entry-22353-interpolation,false
interpose,interpose,22354,dictionary/I/I-02.md,entry-22354-interpose,false
interposition,interposition,22355,dictionary/I/I-02.md,entry-22355-interposition,false
interpret,interpret,22356,dictionary/I/I-02.md,entry-22356-interpret,false
interpretation,interpretation,22357,dictionary/I/I-02.md,entry-22357-interpretation,false
interpretative,interpretative,22358,dictionary/I/I-02.md,entry-22358-interpretative,false
interpreter,interpreter,22359,dictionary/I/I-02.md,entry-22359-interpreter,false
interpretive,interpretive,22360,dictionary/I/I-02.md,entry-22360-interpretive,false
interpretive language,interpretive language,22361,dictionary/I/I-02.md,entry-22361-interpretive-language,false
interpretive program,interpretive program,22362,dictionary/I/I-02.md,entry-22362-interpretive-program,false
interpupillary,interpupillary,22363,dictionary/I/I-02.md,entry-22363-interpupillary,false
interrace,interrace,22364,dictionary/I/I-02.md,entry-22364-interrace,false
interracial,interracial,22365,dictionary/I/I-02.md,entry-22365-interracial,false
interrecord gap,interrecord gap,22366,dictionary/I/I-02.md,entry-22366-interrecord-gap,false
interregnum,interregnum,22367,dictionary/I/I-02.md,entry-22367-interregnum,false
interrelate,interrelate,22368,dictionary/I/I-02.md,entry-22368-interrelate,false
interrogate,interrogate,22369,dictionary/I/I-02.md,entry-22369-interrogate,false
interrogation,interrogation,22370,dictionary/I/I-02.md,entry-22370-interrogation,false
interrogation point,interrogation point,22371,dictionary/I/I-02.md,entry-22371-interrogation-point,false
interrogative,interrogative,22372,dictionary/I/I-02.md,entry-22372-interrogative,false
interrogator,interrogator,22373,dictionary/I/I-02.md,entry-22373-interrogator,false
interrogatory,interrogatory,22374,dictionary/I/I-02.md,entry-22374-interrogatory,false
interrupt,interrupt,22375,dictionary/I/I-02.md,entry-22375-interrupt,false
interrupt condition,interrupt condition,22376,dictionary/I/I-02.md,entry-22376-interrupt-condition,false
interrupt handling,interrupt handling,22377,dictionary/I/I-02.md,entry-22377-interrupt-handling,false
interrupt request,interrupt request,22378,dictionary/I/I-02.md,entry-22378-interrupt-request,false
interrupter,interrupter,22379,dictionary/I/I-02.md,entry-22379-interrupter,false
interruption,interruption,22380,dictionary/I/I-02.md,entry-22380-interruption,false
interruptive,interruptive,22381,dictionary/I/I-02.md,entry-22381-interruptive,false
intersect,intersect,22382,dictionary/I/I-02.md,entry-22382-intersect,false
intersection,intersection,22383,dictionary/I/I-02.md,entry-22383-intersection,false
intersex,intersex,22384,dictionary/I/I-02.md,entry-22384-intersex,false
intersexual,intersexual,22385,dictionary/I/I-02.md,entry-22385-intersexual,false
interspace,interspace,22386,dictionary/I/I-02.md,entry-22386-interspace,false
interspecies,interspecies,22387,dictionary/I/I-02.md,entry-22387-interspecies,false
interspecific,interspecific,22388,dictionary/I/I-02.md,entry-22388-interspecific,false
intersperse,intersperse,22389,dictionary/I/I-02.md,entry-22389-intersperse,false
interspersion,interspersion,22390,dictionary/I/I-02.md,entry-22390-interspersion,false
interstate,interstate,22391,dictionary/I/I-02.md,entry-22391-interstate,false
interstellar,interstellar,22392,dictionary/I/I-02.md,entry-22392-interstellar,false
interstice,interstice,22393,dictionary/I/I-02.md,entry-22393-interstice,false
intersubjective,intersubjective,22394,dictionary/I/I-02.md,entry-22394-intersubjective,false
intertidal,intertidal,22395,dictionary/I/I-02.md,entry-22395-intertidal,false
intertill,intertill,22396,dictionary/I/I-02.md,entry-22396-intertill,false
intertoll trunk,intertoll trunk,22397,dictionary/I/I-02.md,entry-22397-intertoll-trunk,false
intertropical,intertropical,22398,dictionary/I/I-02.md,entry-22398-intertropical,false
intertwine,intertwine,22399,dictionary/I/I-02.md,entry-22399-intertwine,false
intertwinement,intertwinement,22400,dictionary/I/I-02.md,entry-22400-intertwinement,false
intertwist,intertwist,22401,dictionary/I/I-02.md,entry-22401-intertwist,false
interurban,interurban,22402,dictionary/I/I-02.md,entry-22402-interurban,false
interval,interval,22403,dictionary/I/I-02.md,entry-22403-interval,false
intervene,intervene,22404,dictionary/I/I-02.md,entry-22404-intervene,false
intervention,intervention,22405,dictionary/I/I-02.md,entry-22405-intervention,false
interventionism,interventionism,22406,dictionary/I/I-02.md,entry-22406-interventionism,false
intervertebral,intervertebral,22407,dictionary/I/I-02.md,entry-22407-intervertebral,false
interview,interview,22408,dictionary/I/I-02.md,entry-22408-interview,false
intervocalic,intervocalic,22409,dictionary/I/I-02.md,entry-22409-intervocalic,false
interweave,interweave,22410,dictionary/I/I-02.md,entry-22410-interweave,false
interword gap,interword gap,22411,dictionary/I/I-02.md,entry-22411-interword-gap,false
interword space,interword space,22412,dictionary/I/I-02.md,entry-22412-interword-space,false
intestacy,intestacy,22413,dictionary/I/I-02.md,entry-22413-intestacy,false
intestate,intestate,22414,dictionary/I/I-02.md,entry-22414-intestate,false
intestinal,intestinal,22415,dictionary/I/I-02.md,entry-22415-intestinal,false
intestine,intestine,22416,dictionary/I/I-02.md,entry-22416-intestine,false
intima,intima,22417,dictionary/I/I-02.md,entry-22417-intima,false
intimacy,intimacy,22418,dictionary/I/I-02.md,entry-22418-intimacy,false
intimate,intimate,22419,dictionary/I/I-02.md,entry-22419-intimate,false
intimidate,intimidate,22420,dictionary/I/I-02.md,entry-22420-intimidate,false
intimidation,intimidation,22421,dictionary/I/I-02.md,entry-22421-intimidation,false
intinction,intinction,22422,dictionary/I/I-02.md,entry-22422-intinction,false
intitule,intitule,22423,dictionary/I/I-02.md,entry-22423-intitule,false
into,into,22424,dictionary/I/I-02.md,entry-22424-into,false
intolerability,intolerability,22425,dictionary/I/I-02.md,entry-22425-intolerability,false
intolerable,intolerable,22426,dictionary/I/I-02.md,entry-22426-intolerable,false
intolerance,intolerance,22427,dictionary/I/I-02.md,entry-22427-intolerance,false
intolerancy,intolerancy,22428,dictionary/I/I-02.md,entry-22428-intolerancy,false
intolerant,intolerant,22429,dictionary/I/I-02.md,entry-22429-intolerant,false
intonate,intonate,22430,dictionary/I/I-02.md,entry-22430-intonate,false
intonation,intonation,22431,dictionary/I/I-02.md,entry-22431-intonation,false
intone,intone,22432,dictionary/I/I-02.md,entry-22432-intone,false
intorsion,intorsion,22433,dictionary/I/I-02.md,entry-22433-intorsion,false
intortion,intortion,22434,dictionary/I/I-02.md,entry-22434-intortion,false
intoto,intoto,22435,dictionary/I/I-02.md,entry-22435-intoto,false
intoxicant,intoxicant,22436,dictionary/I/I-02.md,entry-22436-intoxicant,false
intoxicate,intoxicate,22437,dictionary/I/I-02.md,entry-22437-intoxicate,false
intoxication,intoxication,22438,dictionary/I/I-02.md,entry-22438-intoxication,false
intra,intra,22439,dictionary/I/I-02.md,entry-22439-intra,false
intracellular,intracellular,22440,dictionary/I/I-02.md,entry-22440-intracellular,false
intractable,intractable,22441,dictionary/I/I-02.md,entry-22441-intractable,false
intradermal,intradermal,22442,dictionary/I/I-02.md,entry-22442-intradermal,false
intradermic,intradermic,22443,dictionary/I/I-02.md,entry-22443-intradermic,false
intrados,intrados,22444,dictionary/I/I-02.md,entry-22444-intrados,false
intramolecular,intramolecular,22445,dictionary/I/I-02.md,entry-22445-intramolecular,false
intramuscular,intramuscular,22446,dictionary/I/I-02.md,entry-22446-intramuscular,false
intransigeance,intransigeance,22447,dictionary/I/I-02.md,entry-22447-intransigeance,false
intransigence,intransigence,22448,dictionary/I/I-02.md,entry-22448-intransigence,false
intransigency,intransigency,22449,dictionary/I/I-02.md,entry-22449-intransigency,false
intransigent,intransigent,22450,dictionary/I/I-02.md,entry-22450-intransigent,false
intransitive,intransitive,22451,dictionary/I/I-02.md,entry-22451-intransitive,false
intrant,intrant,22452,dictionary/I/I-02.md,entry-22452-intrant,false
intrapsychic,intrapsychic,22453,dictionary/I/I-02.md,entry-22453-intrapsychic,false
intraspecies,intraspecies,22454,dictionary/I/I-02.md,entry-22454-intraspecies,false
intraspecific,intraspecific,22455,dictionary/I/I-02.md,entry-22455-intraspecific,false
intrastate,intrastate,22456,dictionary/I/I-02.md,entry-22456-intrastate,false
intrauterine,intrauterine,22457,dictionary/I/I-02.md,entry-22457-intrauterine,false
intravenous,intravenous,22458,dictionary/I/I-02.md,entry-22458-intravenous,false
intravital,intravital,22459,dictionary/I/I-02.md,entry-22459-intravital,false
intravitam,intravitam,22460,dictionary/I/I-02.md,entry-22460-intravitam,false
intrench,intrench,22461,dictionary/I/I-02.md,entry-22461-intrench,false
intrepid,intrepid,22462,dictionary/I/I-02.md,entry-22462-intrepid,false
intricacy,intricacy,22463,dictionary/I/I-02.md,entry-22463-intricacy,false
intricate,intricate,22464,dictionary/I/I-02.md,entry-22464-intricate,false
intrigant,intrigant,22465,dictionary/I/I-02.md,entry-22465-intrigant,false
intriguant,intriguant,22466,dictionary/I/I-02.md,entry-22466-intriguant,false
intrigue,intrigue,22467,dictionary/I/I-02.md,entry-22467-intrigue,false
intrinsic,intrinsic,22468,dictionary/I/I-02.md,entry-22468-intrinsic,false
introduce,introduce,22469,dictionary/I/I-02.md,entry-22469-introduce,false
introduction,introduction,22470,dictionary/I/I-02.md,entry-22470-introduction,false
introductory,introductory,22471,dictionary/I/I-02.md,entry-22471-introductory,false
introgresseive,introgresseive,22472,dictionary/I/I-02.md,entry-22472-introgresseive,false
introgression,introgression,22473,dictionary/I/I-02.md,entry-22473-introgression,false
introit,introit,22474,dictionary/I/I-02.md,entry-22474-introit,false
intromission,intromission,22475,dictionary/I/I-02.md,entry-22475-intromission,false
intromit,intromit,22476,dictionary/I/I-02.md,entry-22476-intromit,false
introrsal,introrsal,22477,dictionary/I/I-02.md,entry-22477-introrsal,false
introrse,introrse,22478,dictionary/I/I-02.md,entry-22478-introrse,false
introspect,introspect,22479,dictionary/I/I-02.md,entry-22479-introspect,false
introspection,introspection,22480,dictionary/I/I-02.md,entry-22480-introspection,false
introversion,introversion,22481,dictionary/I/I-02.md,entry-22481-introversion,false
introvert,introvert,22482,dictionary/I/I-02.md,entry-22482-introvert,false
intrude,intrude,22483,dictionary/I/I-02.md,entry-22483-intrude,false
intruder,intruder,22484,dictionary/I/I-02.md,entry-22484-intruder,false
intrusion,intrusion,22485,dictionary/I/I-02.md,entry-22485-intrusion,false
intrusive,intrusive,22486,dictionary/I/I-02.md,entry-22486-intrusive,false
intrust,intrust,22487,dictionary/I/I-02.md,entry-22487-intrust,false
intubate,intubate,22488,dictionary/I/I-02.md,entry-22488-intubate,false
intuit,intuit,22489,dictionary/I/I-02.md,entry-22489-intuit,false
intuition,intuition,22490,dictionary/I/I-02.md,entry-22490-intuition,false
intuitionalism,intuitionalism,22491,dictionary/I/I-02.md,entry-22491-intuitionalism,false
intuitionism,intuitionism,22492,dictionary/I/I-02.md,entry-22492-intuitionism,false
intuitive,intuitive,22493,dictionary/I/I-02.md,entry-22493-intuitive,false
intumesce,intumesce,22494,dictionary/I/I-02.md,entry-22494-intumesce,false
intussuscept,intussuscept,22495,dictionary/I/I-02.md,entry-22495-intussuscept,false
inunction,inunction,22496,dictionary/I/I-02.md,entry-22496-inunction,false
inundate,inundate,22497,dictionary/I/I-02.md,entry-22497-inundate,false
inundation,inundation,22498,dictionary/I/I-02.md,entry-22498-inundation,false
inure,inure,22499,dictionary/I/I-02.md,entry-22499-inure,false
inurn,inurn,22500,dictionary/I/I-02.md,entry-22500-inurn,false
inutile,inutile,22501,dictionary/I/I-02.md,entry-22501-inutile,false
inutilty,inutilty,22502,dictionary/I/I-02.md,entry-22502-inutilty,false
invacuo,invacuo,22503,dictionary/I/I-02.md,entry-22503-invacuo,false
invade,invade,22504,dictionary/I/I-02.md,entry-22504-invade,false
invader,invader,22505,dictionary/I/I-02.md,entry-22505-invader,false
invaginate,invaginate,22506,dictionary/I/I-02.md,entry-22506-invaginate,false
invagination,invagination,22507,dictionary/I/I-02.md,entry-22507-invagination,false
invalid,invalid,22508,dictionary/I/I-02.md,entry-22508-invalid,false
invalidate,invalidate,22509,dictionary/I/I-02.md,entry-22509-invalidate,false
invalidation,invalidation,22510,dictionary/I/I-02.md,entry-22510-invalidation,false
invalidism,invalidism,22511,dictionary/I/I-02.md,entry-22511-invalidism,false
invalidity,invalidity,22512,dictionary/I/I-02.md,entry-22512-invalidity,false
invaluable,invaluable,22513,dictionary/I/I-02.md,entry-22513-invaluable,false
invariability,invariability,22514,dictionary/I/I-02.md,entry-22514-invariability,false
invariable,invariable,22515,dictionary/I/I-02.md,entry-22515-invariable,false
invariance,invariance,22516,dictionary/I/I-02.md,entry-22516-invariance,false
invariant,invariant,22517,dictionary/I/I-02.md,entry-22517-invariant,false
invasion,invasion,22518,dictionary/I/I-02.md,entry-22518-invasion,false
invective,invective,22519,dictionary/I/I-02.md,entry-22519-invective,false
inveigh,inveigh,22520,dictionary/I/I-02.md,entry-22520-inveigh,false
inveigle,inveigle,22521,dictionary/I/I-02.md,entry-22521-inveigle,false
inveiglement,inveiglement,22522,dictionary/I/I-02.md,entry-22522-inveiglement,false
invent,invent,22523,dictionary/I/I-02.md,entry-22523-invent,false
invention,invention,22524,dictionary/I/I-02.md,entry-22524-invention,false
inventive,inventive,22525,dictionary/I/I-02.md,entry-22525-inventive,false
inventor,inventor,22526,dictionary/I/I-02.md,entry-22526-inventor,false
inventorial,inventorial,22527,dictionary/I/I-02.md,entry-22527-inventorial,false
inventory,inventory,22528,dictionary/I/I-02.md,entry-22528-inventory,false
inventory control,inventory control,22529,dictionary/I/I-02.md,entry-22529-inventory-control,false
inverse,inverse,22530,dictionary/I/I-02.md,entry-22530-inverse,false
inversion,inversion,22531,dictionary/I/I-02.md,entry-22531-inversion,false
invert,invert,22532,dictionary/I/I-02.md,entry-22532-invert,false
invertebrate,invertebrate,22533,dictionary/I/I-02.md,entry-22533-invertebrate,false
inverted,inverted,22534,dictionary/I/I-02.md,entry-22534-inverted,false
inverted file,inverted file,22535,dictionary/I/I-02.md,entry-22535-inverted-file,false
inverted index,inverted index,22536,dictionary/I/I-02.md,entry-22536-inverted-index,false
inverter,inverter,22537,dictionary/I/I-02.md,entry-22537-inverter,false
inverter circuit,inverter circuit,22538,dictionary/I/I-02.md,entry-22538-inverter-circuit,false
invertible,invertible,22539,dictionary/I/I-02.md,entry-22539-invertible,false
inverting anplifier,inverting anplifier,22540,dictionary/I/I-02.md,entry-22540-inverting-anplifier,false
inverting input,inverting input,22541,dictionary/I/I-02.md,entry-22541-inverting-input,false
invest,invest,22542,dictionary/I/I-02.md,entry-22542-invest,false
investigate,investigate,22543,dictionary/I/I-02.md,entry-22543-investigate,false
investigation,investigation,22544,dictionary/I/I-02.md,entry-22544-investigation,false
investiture,investiture,22545,dictionary/I/I-02.md,entry-22545-investiture,false
investment,investment,22546,dictionary/I/I-02.md,entry-22546-investment,false
investor,investor,22547,dictionary/I/I-02.md,entry-22547-investor,false
inveterate,inveterate,22548,dictionary/I/I-02.md,entry-22548-inveterate,false
inviable,inviable,22549,dictionary/I/I-02.md,entry-22549-inviable,false
invidious,invidious,22550,dictionary/I/I-02.md,entry-22550-invidious,false
invigorate,invigorate,22551,dictionary/I/I-02.md,entry-22551-invigorate,false
invigoration,invigoration,22552,dictionary/I/I-02.md,entry-22552-invigoration,false
invincibility,invincibility,22553,dictionary/I/I-02.md,entry-22553-invincibility,false
invincible,invincible,22554,dictionary/I/I-02.md,entry-22554-invincible,false
inviolable,inviolable,22555,dictionary/I/I-02.md,entry-22555-inviolable,false
inviolate,inviolate,22556,dictionary/I/I-02.md,entry-22556-inviolate,false
inviscid,inviscid,22557,dictionary/I/I-02.md,entry-22557-inviscid,false
invisibility,invisibility,22558,dictionary/I/I-02.md,entry-22558-invisibility,false
invisible,invisible,22559,dictionary/I/I-02.md,entry-22559-invisible,false
invitation,invitation,22560,dictionary/I/I-02.md,entry-22560-invitation,false
invite,invite,22561,dictionary/I/I-02.md,entry-22561-invite,false
invocate,invocate,22562,dictionary/I/I-02.md,entry-22562-invocate,false
invocation,invocation,22563,dictionary/I/I-02.md,entry-22563-invocation,false
invoice,invoice,22564,dictionary/I/I-02.md,entry-22564-invoice,false
invoicing,invoicing,22565,dictionary/I/I-02.md,entry-22565-invoicing,false
invoke,invoke,22566,dictionary/I/I-02.md,entry-22566-invoke,false
involucrate,involucrate,22567,dictionary/I/I-02.md,entry-22567-involucrate,false
involucre,involucre,22568,dictionary/I/I-02.md,entry-22568-involucre,false
involucrum,involucrum,22569,dictionary/I/I-02.md,entry-22569-involucrum,false
involuntary,involuntary,22570,dictionary/I/I-02.md,entry-22570-involuntary,false
involute,involute,22571,dictionary/I/I-02.md,entry-22571-involute,false
involution,involution,22572,dictionary/I/I-02.md,entry-22572-involution,false
involve,involve,22573,dictionary/I/I-02.md,entry-22573-involve,false
involved,involved,22574,dictionary/I/I-02.md,entry-22574-involved,false
involvement,involvement,22575,dictionary/I/I-02.md,entry-22575-involvement,false
invulnerability,invulnerability,22576,dictionary/I/I-02.md,entry-22576-invulnerability,false
invulnerable,invulnerable,22577,dictionary/I/I-02.md,entry-22577-invulnerable,false
inward,inward,22578,dictionary/I/I-02.md,entry-22578-inward,false
inward light,inward light,22579,dictionary/I/I-02.md,entry-22579-inward-light,false
inweave,inweave,22580,dictionary/I/I-02.md,entry-22580-inweave,false
inwrought,inwrought,22581,dictionary/I/I-02.md,entry-22581-inwrought,false
io bound,io bound,22582,dictionary/I/I-02.md,entry-22582-io-bound,false
io clirk,io clirk,22583,dictionary/I/I-02.md,entry-22583-io-clirk,false
io inputoutput,io inputoutput,22584,dictionary/I/I-02.md,entry-22584-io-inputoutput,false
io interrupt,io interrupt,22585,dictionary/I/I-02.md,entry-22585-io-interrupt,false
iodin,iodin,22586,dictionary/I/I-02.md,entry-22586-iodin,false
iodine,iodine,22587,dictionary/I/I-02.md,entry-22587-iodine,false
iodize,iodize,22588,dictionary/I/I-02.md,entry-22588-iodize,false
iodous,iodous,22589,dictionary/I/I-02.md,entry-22589-iodous,false
ioentical,ioentical,22590,dictionary/I/I-02.md,entry-22590-ioentical,false
ion,ion,22591,dictionary/I/I-02.md,entry-22591-ion,false
ionic,ionic,22592,dictionary/I/I-02.md,entry-22592-ionic,false
ionize,ionize,22593,dictionary/I/I-02.md,entry-22593-ionize,false
ionosphere,ionosphere,22594,dictionary/I/I-02.md,entry-22594-ionosphere,false
iota,iota,22595,dictionary/I/I-02.md,entry-22595-iota,false
iou,iou,22596,dictionary/I/I-02.md,entry-22596-iou,false
ipecac,ipecac,22597,dictionary/I/I-02.md,entry-22597-ipecac,false
ipecacuanha,ipecacuanha,22598,dictionary/I/I-02.md,entry-22598-ipecacuanha,false
ipsedixit,ipsedixit,22599,dictionary/I/I-02.md,entry-22599-ipsedixit,false
ipsilateral,ipsilateral,22600,dictionary/I/I-02.md,entry-22600-ipsilateral,false
ipsissima verba,ipsissima verba,22601,dictionary/I/I-02.md,entry-22601-ipsissima-verba,false
ipso facto,ipso facto,22602,dictionary/I/I-02.md,entry-22602-ipso-facto,false
iranian,iranian,22603,dictionary/I/I-02.md,entry-22603-iranian,false
iraqi,iraqi,22604,dictionary/I/I-02.md,entry-22604-iraqi,false
irascibility,irascibility,22605,dictionary/I/I-02.md,entry-22605-irascibility,false
irascible,irascible,22606,dictionary/I/I-02.md,entry-22606-irascible,false
irate,irate,22607,dictionary/I/I-02.md,entry-22607-irate,false
ire,ire,22608,dictionary/I/I-02.md,entry-22608-ire,false
ireful,ireful,22609,dictionary/I/I-02.md,entry-22609-ireful,false
irenic,irenic,22610,dictionary/I/I-02.md,entry-22610-irenic,false
ireversible,ireversible,22611,dictionary/I/I-02.md,entry-22611-ireversible,false
irid,irid,22612,dictionary/I/I-02.md,entry-22612-irid,false
iridaceous,iridaceous,22613,dictionary/I/I-02.md,entry-22613-iridaceous,false
iridescence,iridescence,22614,dictionary/I/I-02.md,entry-22614-iridescence,false
iridescency,iridescency,22615,dictionary/I/I-02.md,entry-22615-iridescency,false
iridescent,iridescent,22616,dictionary/I/I-02.md,entry-22616-iridescent,false
iris,iris,22617,dictionary/I/I-02.md,entry-22617-iris,false
irish,irish,22618,dictionary/I/I-02.md,entry-22618-irish,false
irish bull,irish bull,22619,dictionary/I/I-02.md,entry-22619-irish-bull,false
irish coffee,irish coffee,22620,dictionary/I/I-02.md,entry-22620-irish-coffee,false
irish gaelic,irish gaelic,22621,dictionary/I/I-02.md,entry-22621-irish-gaelic,false
irish man,irish man,22622,dictionary/I/I-02.md,entry-22622-irish-man,false
irish terrier,irish terrier,22623,dictionary/I/I-02.md,entry-22623-irish-terrier,false
irish wolfhound,irish wolfhound,22624,dictionary/I/I-02.md,entry-22624-irish-wolfhound,false
irish woman,irish woman,22625,dictionary/I/I-02.md,entry-22625-irish-woman,false
irishism,irishism,22626,dictionary/I/I-02.md,entry-22626-irishism,false
irk,irk,22627,dictionary/I/I-02.md,entry-22627-irk,false
irksome,irksome,22628,dictionary/I/I-02.md,entry-22628-irksome,false
iron,iron,22629,dictionary/I/I-02.md,entry-22629-iron,false
iron age,iron age,22630,dictionary/I/I-02.md,entry-22630-iron-age,false
iron curtain,iron curtain,22631,dictionary/I/I-02.md,entry-22631-iron-curtain,false
iron foundry,iron foundry,22632,dictionary/I/I-02.md,entry-22632-iron-foundry,false
iron gray,iron gray,22633,dictionary/I/I-02.md,entry-22633-iron-gray,false
iron grey,iron grey,22634,dictionary/I/I-02.md,entry-22634-iron-grey,false
iron horse,iron horse,22635,dictionary/I/I-02.md,entry-22635-iron-horse,false
iron lung,iron lung,22636,dictionary/I/I-02.md,entry-22636-iron-lung,false
iron mold,iron mold,22637,dictionary/I/I-02.md,entry-22637-iron-mold,false
iron pyrites,iron pyrites,22638,dictionary/I/I-02.md,entry-22638-iron-pyrites,false
ironbound,ironbound,22639,dictionary/I/I-02.md,entry-22639-ironbound,false
ironclad,ironclad,22640,dictionary/I/I-02.md,entry-22640-ironclad,false
ironer,ironer,22641,dictionary/I/I-02.md,entry-22641-ironer,false
ironic,ironic,22642,dictionary/I/I-02.md,entry-22642-ironic,false
ironist,ironist,22643,dictionary/I/I-02.md,entry-22643-ironist,false
ironmaster,ironmaster,22644,dictionary/I/I-02.md,entry-22644-ironmaster,false
ironmonger,ironmonger,22645,dictionary/I/I-02.md,entry-22645-ironmonger,false
ironmongery,ironmongery,22646,dictionary/I/I-02.md,entry-22646-ironmongery,false
ironsmith,ironsmith,22647,dictionary/I/I-02.md,entry-22647-ironsmith,false
ironstone,ironstone,22648,dictionary/I/I-02.md,entry-22648-ironstone,false
ironware,ironware,22649,dictionary/I/I-02.md,entry-22649-ironware,false
ironwood,ironwood,22650,dictionary/I/I-02.md,entry-22650-ironwood,false
ironwork,ironwork,22651,dictionary/I/I-02.md,entry-22651-ironwork,false
irony,irony,22652,dictionary/I/I-02.md,entry-22652-irony,false
irradiance,irradiance,22653,dictionary/I/I-02.md,entry-22653-irradiance,false
irradiancy,irradiancy,22654,dictionary/I/I-02.md,entry-22654-irradiancy,false
irradiant,irradiant,22655,dictionary/I/I-02.md,entry-22655-irradiant,false
irradiate,irradiate,22656,dictionary/I/I-02.md,entry-22656-irradiate,false
irradiation,irradiation,22657,dictionary/I/I-02.md,entry-22657-irradiation,false
irradicable,irradicable,22658,dictionary/I/I-02.md,entry-22658-irradicable,false
irrational,irrational,22659,dictionary/I/I-02.md,entry-22659-irrational,false
irrational number,irrational number,22660,dictionary/I/I-02.md,entry-22660-irrational-number,false
irreclaimable,irreclaimable,22661,dictionary/I/I-02.md,entry-22661-irreclaimable,false
irreconcilable,irreconcilable,22662,dictionary/I/I-02.md,entry-22662-irreconcilable,false
irrecoverable,irrecoverable,22663,dictionary/I/I-02.md,entry-22663-irrecoverable,false
irrecusable,irrecusable,22664,dictionary/I/I-02.md,entry-22664-irrecusable,false
irredeemable,irredeemable,22665,dictionary/I/I-02.md,entry-22665-irredeemable,false
irredenta,irredenta,22666,dictionary/I/I-02.md,entry-22666-irredenta,false
irredentism,irredentism,22667,dictionary/I/I-02.md,entry-22667-irredentism,false
irreducible,irreducible,22668,dictionary/I/I-02.md,entry-22668-irreducible,false
irredundant,irredundant,22669,dictionary/I/I-02.md,entry-22669-irredundant,false
irreflexive,irreflexive,22670,dictionary/I/I-02.md,entry-22670-irreflexive,false
irrefragable,irrefragable,22671,dictionary/I/I-02.md,entry-22671-irrefragable,false
irrefrangible,irrefrangible,22672,dictionary/I/I-02.md,entry-22672-irrefrangible,false
irrefutable,irrefutable,22673,dictionary/I/I-02.md,entry-22673-irrefutable,false
irregardless,irregardless,22674,dictionary/I/I-02.md,entry-22674-irregardless,false
irregular,irregular,22675,dictionary/I/I-02.md,entry-22675-irregular,false
irregularity,irregularity,22676,dictionary/I/I-02.md,entry-22676-irregularity,false
irrelative,irrelative,22677,dictionary/I/I-02.md,entry-22677-irrelative,false
irrelevance,irrelevance,22678,dictionary/I/I-02.md,entry-22678-irrelevance,false
irrelevancy,irrelevancy,22679,dictionary/I/I-02.md,entry-22679-irrelevancy,false
irrelevant,irrelevant,22680,dictionary/I/I-02.md,entry-22680-irrelevant,false
irreligion,irreligion,22681,dictionary/I/I-02.md,entry-22681-irreligion,false
irreligious,irreligious,22682,dictionary/I/I-02.md,entry-22682-irreligious,false
irremeable,irremeable,22683,dictionary/I/I-02.md,entry-22683-irremeable,false
irremediable,irremediable,22684,dictionary/I/I-02.md,entry-22684-irremediable,false
irremovable,irremovable,22685,dictionary/I/I-02.md,entry-22685-irremovable,false
irreparable,irreparable,22686,dictionary/I/I-02.md,entry-22686-irreparable,false
irrepealable,irrepealable,22687,dictionary/I/I-02.md,entry-22687-irrepealable,false
irreplaceable,irreplaceable,22688,dictionary/I/I-02.md,entry-22688-irreplaceable,false
irrepressible,irrepressible,22689,dictionary/I/I-02.md,entry-22689-irrepressible,false
irreproachable,irreproachable,22690,dictionary/I/I-02.md,entry-22690-irreproachable,false
irresistibility,irresistibility,22691,dictionary/I/I-02.md,entry-22691-irresistibility,false
irresistible,irresistible,22692,dictionary/I/I-02.md,entry-22692-irresistible,false
irresoluble,irresoluble,22693,dictionary/I/I-02.md,entry-22693-irresoluble,false
irresolute,irresolute,22694,dictionary/I/I-02.md,entry-22694-irresolute,false
irresolution,irresolution,22695,dictionary/I/I-02.md,entry-22695-irresolution,false
irresolvable,irresolvable,22696,dictionary/I/I-02.md,entry-22696-irresolvable,false
irrespective,irrespective,22697,dictionary/I/I-02.md,entry-22697-irrespective,false
irrespirable,irrespirable,22698,dictionary/I/I-02.md,entry-22698-irrespirable,false
irresponsibility,irresponsibility,22699,dictionary/I/I-02.md,entry-22699-irresponsibility,false
irresponsible,irresponsible,22700,dictionary/I/I-02.md,entry-22700-irresponsible,false
irretrievable,irretrievable,22701,dictionary/I/I-02.md,entry-22701-irretrievable,false
irreverence,irreverence,22702,dictionary/I/I-02.md,entry-22702-irreverence,false
irreverent,irreverent,22703,dictionary/I/I-02.md,entry-22703-irreverent,false
irrevocability,irrevocability,22704,dictionary/I/I-02.md,entry-22704-irrevocability,false
irrevocable,irrevocable,22705,dictionary/I/I-02.md,entry-22705-irrevocable,false
irrigate,irrigate,22706,dictionary/I/I-02.md,entry-22706-irrigate,false
irrigation,irrigation,22707,dictionary/I/I-02.md,entry-22707-irrigation,false
irritability,irritability,22708,dictionary/I/I-02.md,entry-22708-irritability,false
irritable,irritable,22709,dictionary/I/I-02.md,entry-22709-irritable,false
irritant,irritant,22710,dictionary/I/I-02.md,entry-22710-irritant,false
irritate,irritate,22711,dictionary/I/I-02.md,entry-22711-irritate,false
irritation,irritation,22712,dictionary/I/I-02.md,entry-22712-irritation,false
irrupt,irrupt,22713,dictionary/I/I-02.md,entry-22713-irrupt,false
irruption,irruption,22714,dictionary/I/I-02.md,entry-22714-irruption,false
is,is,22715,dictionary/I/I-02.md,entry-22715-is,false
isaac,isaac,22716,dictionary/I/I-02.md,entry-22716-isaac,false
isaiah,isaiah,22717,dictionary/I/I-02.md,entry-22717-isaiah,false
isaias,isaias,22718,dictionary/I/I-02.md,entry-22718-isaias,false
isallobar,isallobar,22719,dictionary/I/I-02.md,entry-22719-isallobar,false
isallobaric,isallobaric,22720,dictionary/I/I-02.md,entry-22720-isallobaric,false
ischaemia,ischaemia,22721,dictionary/I/I-02.md,entry-22721-ischaemia,false
ischium,ischium,22722,dictionary/I/I-02.md,entry-22722-ischium,false
ischmia,ischmia,22723,dictionary/I/I-02.md,entry-22723-ischmia,false
ishmael,ishmael,22724,dictionary/I/I-02.md,entry-22724-ishmael,false
isinglass,isinglass,22725,dictionary/I/I-02.md,entry-22725-isinglass,false
isis,isis,22726,dictionary/I/I-02.md,entry-22726-isis,false
islam,islam,22727,dictionary/I/I-02.md,entry-22727-islam,false
islamism,islamism,22728,dictionary/I/I-02.md,entry-22728-islamism,false
islamize,islamize,22729,dictionary/I/I-02.md,entry-22729-islamize,false
island,island,22730,dictionary/I/I-02.md,entry-22730-island,false
island universe,island universe,22731,dictionary/I/I-02.md,entry-22731-island-universe,false
islander,islander,22732,dictionary/I/I-02.md,entry-22732-islander,false
isle,isle,22733,dictionary/I/I-02.md,entry-22733-isle,false
islet,islet,22734,dictionary/I/I-02.md,entry-22734-islet,false
islets of langerhans,islets of langerhans,22735,dictionary/I/I-02.md,entry-22735-islets-of-langerhans,false
ism,ism,22736,dictionary/I/I-02.md,entry-22736-ism,false
isn't,isn't,22737,dictionary/I/I-02.md,entry-22737-isn-t,false
isobar,isobar,22738,dictionary/I/I-02.md,entry-22738-isobar,false
isobare,isobare,22739,dictionary/I/I-02.md,entry-22739-isobare,false
isochromatioc,isochromatioc,22740,dictionary/I/I-02.md,entry-22740-isochromatioc,false
isochronal,isochronal,22741,dictionary/I/I-02.md,entry-22741-isochronal,false
isochronism,isochronism,22742,dictionary/I/I-02.md,entry-22742-isochronism,false
isochronous,isochronous,22743,dictionary/I/I-02.md,entry-22743-isochronous,false
isocline,isocline,22744,dictionary/I/I-02.md,entry-22744-isocline,false
isoclinic line,isoclinic line,22745,dictionary/I/I-02.md,entry-22745-isoclinic-line,false
isodiametric,isodiametric,22746,dictionary/I/I-02.md,entry-22746-isodiametric,false
isodimorphism,isodimorphism,22747,dictionary/I/I-02.md,entry-22747-isodimorphism,false
isodimorphous,isodimorphous,22748,dictionary/I/I-02.md,entry-22748-isodimorphous,false
isodose,isodose,22749,dictionary/I/I-02.md,entry-22749-isodose,false
isodynamic,isodynamic,22750,dictionary/I/I-02.md,entry-22750-isodynamic,false
isoelectric,isoelectric,22751,dictionary/I/I-02.md,entry-22751-isoelectric,false
isoelectronic,isoelectronic,22752,dictionary/I/I-02.md,entry-22752-isoelectronic,false
isogamete,isogamete,22753,dictionary/I/I-02.md,entry-22753-isogamete,false
isogametic,isogametic,22754,dictionary/I/I-02.md,entry-22754-isogametic,false
isogamous,isogamous,22755,dictionary/I/I-02.md,entry-22755-isogamous,false
isogony,isogony,22756,dictionary/I/I-02.md,entry-22756-isogony,false
isohel,isohel,22757,dictionary/I/I-02.md,entry-22757-isohel,false
isoheyt,isoheyt,22758,dictionary/I/I-02.md,entry-22758-isoheyt,false
isolate,isolate,22759,dictionary/I/I-02.md,entry-22759-isolate,false
isolation,isolation,22760,dictionary/I/I-02.md,entry-22760-isolation,false
isolationism,isolationism,22761,dictionary/I/I-02.md,entry-22761-isolationism,false
isomagnetic,isomagnetic,22762,dictionary/I/I-02.md,entry-22762-isomagnetic,false
isomer,isomer,22763,dictionary/I/I-02.md,entry-22763-isomer,false
isomerous,isomerous,22764,dictionary/I/I-02.md,entry-22764-isomerous,false
isometric,isometric,22765,dictionary/I/I-02.md,entry-22765-isometric,false
isometropia,isometropia,22766,dictionary/I/I-02.md,entry-22766-isometropia,false
isomorph,isomorph,22767,dictionary/I/I-02.md,entry-22767-isomorph,false
isonomy,isonomy,22768,dictionary/I/I-02.md,entry-22768-isonomy,false
isopiestic,isopiestic,22769,dictionary/I/I-02.md,entry-22769-isopiestic,false
isopleth,isopleth,22770,dictionary/I/I-02.md,entry-22770-isopleth,false
isopod,isopod,22771,dictionary/I/I-02.md,entry-22771-isopod,false
isopodan,isopodan,22772,dictionary/I/I-02.md,entry-22772-isopodan,false
isosceles triangle,isosceles triangle,22773,dictionary/I/I-02.md,entry-22773-isosceles-triangle,false
isotherm,isotherm,22774,dictionary/I/I-02.md,entry-22774-isotherm,false
isotonic,isotonic,22775,dictionary/I/I-02.md,entry-22775-isotonic,false
isotope,isotope,22776,dictionary/I/I-02.md,entry-22776-isotope,false
isotopy,isotopy,22777,dictionary/I/I-02.md,entry-22777-isotopy,false
isotropic,isotropic,22778,dictionary/I/I-02.md,entry-22778-isotropic,false
isotropy,isotropy,22779,dictionary/I/I-02.md,entry-22779-isotropy,false
israel,israel,22780,dictionary/I/I-02.md,entry-22780-israel,false
israelite,israelite,22781,dictionary/I/I-02.md,entry-22781-israelite,false
issuable,issuable,22782,dictionary/I/I-02.md,entry-22782-issuable,false
issuance,issuance,22783,dictionary/I/I-02.md,entry-22783-issuance,false
issuant,issuant,22784,dictionary/I/I-02.md,entry-22784-issuant,false
issue,issue,22785,dictionary/I/I-02.md,entry-22785-issue,false
isthmian,isthmian,22786,dictionary/I/I-02.md,entry-22786-isthmian,false
isthmic,isthmic,22787,dictionary/I/I-02.md,entry-22787-isthmic,false
isthmus,isthmus,22788,dictionary/I/I-02.md,entry-22788-isthmus,false
it,it,22789,dictionary/I/I-02.md,entry-22789-it,false
it'd,it'd,22790,dictionary/I/I-02.md,entry-22790-it-d,false
it'll,it'll,22791,dictionary/I/I-02.md,entry-22791-it-ll,false
it's,it's,22792,dictionary/I/I-02.md,entry-22792-it-s,false
italiacize,italiacize,22793,dictionary/I/I-02.md,entry-22793-italiacize,false
italian,italian,22794,dictionary/I/I-02.md,entry-22794-italian,false
italianism,italianism,22795,dictionary/I/I-02.md,entry-22795-italianism,false
italianize,italianize,22796,dictionary/I/I-02.md,entry-22796-italianize,false
italic,italic,22797,dictionary/I/I-02.md,entry-22797-italic,false
italicism,italicism,22798,dictionary/I/I-02.md,entry-22798-italicism,false
italics,italics,22799,dictionary/I/I-02.md,entry-22799-italics,false
itch,itch,22800,dictionary/I/I-02.md,entry-22800-itch,false
itchy,itchy,22801,dictionary/I/I-02.md,entry-22801-itchy,false
item,item,22802,dictionary/I/I-02.md,entry-22802-item,false
itemization,itemization,22803,dictionary/I/I-02.md,entry-22803-itemization,false
itemize,itemize,22804,dictionary/I/I-02.md,entry-22804-itemize,false
iterance,iterance,22805,dictionary/I/I-02.md,entry-22805-iterance,false
iterant,iterant,22806,dictionary/I/I-02.md,entry-22806-iterant,false
iterate,iterate,22807,dictionary/I/I-02.md,entry-22807-iterate,false
iteration,iteration,22808,dictionary/I/I-02.md,entry-22808-iteration,false
iterative,iterative,22809,dictionary/I/I-02.md,entry-22809-iterative,false
iterative process,iterative process,22810,dictionary/I/I-02.md,entry-22810-iterative-process,false
itineracy,itineracy,22811,dictionary/I/I-02.md,entry-22811-itineracy,false
itinerancy,itinerancy,22812,dictionary/I/I-02.md,entry-22812-itinerancy,false
itinerant,itinerant,22813,dictionary/I/I-02.md,entry-22813-itinerant,false
itinerary,itinerary,22814,dictionary/I/I-02.md,entry-22814-itinerary,false
itinerate,itinerate,22815,dictionary/I/I-02.md,entry-22815-itinerate,false
its,its,22816,dictionary/I/I-02.md,entry-22816-its,false
itself,itself,22817,dictionary/I/I-02.md,entry-22817-itself,false
ivied,ivied,22818,dictionary/I/I-02.md,entry-22818-ivied,false
ivory,ivory,22819,dictionary/I/I-02.md,entry-22819-ivory,false
ivory tower,ivory tower,22820,dictionary/I/I-02.md,entry-22820-ivory-tower,false
ivy,ivy,22821,dictionary/I/I-02.md,entry-22821-ivy,false
